id,related_IS,title
1.,IS 12330,सल्फेट रोधी पोर्टलैंड सीमेंट,"1. सीमेंट (गुणवत्ता नियंत्रण) आदेश, 2003
एस.ओ. संख्या 191(E) दिनांक 17 फरवरी 2003"
2.,IS 12600,कम ताप पोर्टलैंड सीमेंट
3.,IS 1489 (भाग 1),पोर्टलैंड पोज़ोलाना सीमेंट – भाग 1 (फ्लाई ऐश आधारित)
4.,IS 1489 (भाग 2),पोर्टलैंड पोज़ोलाना सीमेंट – भाग 2 (कैल्साइंड क्ले आधारित)
5.,IS 269,साधारण पोर्टलैंड सीमेंट
6.,IS 3466,मेसनरी सीमेंट
7.,IS 455,पोर्टलैंड स्लैग सीमेंट
8.,IS 6452,संरचनात्मक उपयोग हेतु उच्च एल्युमिना सीमेंट
9.,IS 6909,सुपर सल्फेटेड सीमेंट
10.,IS 8041,त्वरित सख्त होने वाली पोर्टलैंड सीमेंट
11.,IS 8042,सफेद पोर्टलैंड सीमेंट
12.,IS 8043,हाइड्रोफोबिक पोर्टलैंड सीमेंट
13.,IS 8229,तेल कुआँ सीमेंट
14.,IS 16415 : 2015,संयुक्त सीमेंट – विनिर्देश
15.,IS 16993 : 2018,माइक्रोफाइन साधारण पोर्टलैंड सीमेंट – विनिर्देश
16.,IS 15895 : 2018,उच्च एल्युमिना अपवर्तक सीमेंट
घरेलू विद्युत उपकरण
17.,IS 12640 (भाग 1),"अवशिष्ट धारा संचालित सर्किट ब्रेकर (घरेलू एवं समान उपयोग हेतु) –
भाग 1 : बिना अंतर्निहित ओवरकरंट सुरक्षा वाले सर्किट ब्रेकर (RCCB)","2. विद्युत तार, केबल, उपकरण एवं सुरक्षा यंत्र और सहायक उपकरण
(गुणवत्ता नियंत्रण) आदेश, 2003
एस.ओ. 189(E) दिनांक 17 फरवरी 2003
अनुवर्ती संशोधन :
एस.ओ. 165(E) दिनांक 5 फरवरी 2004,
एस.ओ. 1172(E) दिनांक 22 अगस्त 2005,
एस.ओ. 512(E) दिनांक 19 फरवरी 2009,
एस.ओ. 2058(E) दिनांक 7 अगस्त 2009 एवं
एस.ओ. 2604(E) दिनांक 19 अक्टूबर 2010"
18.,IS 12640 (भाग 2),"अवशिष्ट धारा संचालित सर्किट ब्रेकर –
भाग 2 : अंतर्निहित ओवरकरंट सुरक्षा सहित सर्किट ब्रेकर (RCVO)"
19.,IS 13010,"एसी वाट-आवर मीटर, वर्ग 0.5, 1 एवं 2"
20.,IS 13779,"एसी स्थैतिक वाट-आवर मीटर, वर्ग 1 एवं 2"
21.,IS 14697,"एसी स्थैतिक ट्रांसफॉर्मर संचालित वाट-आवर एवं
VAR-आवर मीटर, वर्ग 0.2S एवं 0.5S"
22.,IS 15111 (भाग 1 एवं 2),"सामान्य प्रकाश सेवा हेतु स्व-बैलास्टेड लैम्प –
भाग 1 : सुरक्षा आवश्यकताएँ
भाग 2 : कार्य निष्पादन आवश्यकताएँ"
23.,IS 302 (भाग 2/अनुभाग 3),घरेलू एवं समान विद्युत उपकरणों की सुरक्षा – विद्युत इस्त्री
24.,IS 302 (भाग 2/अनुभाग 201),घरेलू एवं समान विद्युत उपकरणों की सुरक्षा – विद्युत इमर्शन जल हीटर
25.,IS 302 (भाग 2/अनुभाग 202),घरेलू एवं समान विद्युत उपकरणों की सुरक्षा – विद्युत स्टोव
26.,IS 302 (भाग 2/अनुभाग 30),घरेलू एवं समान विद्युत उपकरणों की सुरक्षा – कमरे के हीटर
27.,IS 3854,घरेलू एवं समान प्रयोजनों हेतु स्विच
28.,IS 418,टंग्स्टन फिलामेंट सामान्य सेवा विद्युत लैम्प (100 वाट तक)
29.,IS 694,1100 वोल्ट तक एवं सम्मिलित कार्य वोल्टेज हेतु पीवीसी इन्सुलेटेड केबल
30.,IS 8828 *,विद्युत सहायक उपकरण – घरेलू एवं समान प्रतिष्ठानों में ओवरकरंट सुरक्षा हेतु सर्किट ब्रेकर
31.,IS 9968 (भाग 1),इलास्टोमर इन्सुलेटेड केबल (भाग 1): 1100 वोल्ट तक एवं सम्मिलित कार्य वोल्टेज हेतु
* संशोधित होकर IS/IEC 60898 के रूप में लागू
बैटरियाँ
32,IS 8144,बहुउद्देशीय शुष्क बैटरियाँ,"3.
एस.ओ. 516(E), दिनांक 25 मई 1987"
"खाद्य एवं संबंधित उत्पाद
   अनिवार्य BIS प्रमाणन से विमुक्त"
,IS 15757,"फॉलो-अप फॉर्मूला – अनुपूरक आहार
   अनिवार्य BIS प्रमाणन से विमुक्त","खाद्य सुरक्षा एवं मानक
बिक्री पर निषेध एवं प्रतिबंध विनियमन, 2011

GSR 759(E) तथा

GSR 760(E)

खाद्य सुरक्षा एवं मानक (बिक्री पर निषेध एवं प्रतिबंध) प्रथम संशोधन विनियम, 2024"
,IS 11536,"प्रसंस्कृत अनाज आधारित अनुपूरक खाद्य
   अनिवार्य BIS प्रमाणन से विमुक्त"
,IS 1165,"दूध पाउडर
   अनिवार्य BIS प्रमाणन से विमुक्त"
,IS 1166,"संघनित दूध, आंशिक स्किम्ड एवं स्किम्ड संघनित दूध
   अनिवार्य BIS प्रमाणन से विमुक्त"
,IS 12176,"मीठा अल्ट्रा हाई टेम्परेचर उपचारित संघनित दूध
   अनिवार्य BIS प्रमाणन से विमुक्त"
फीडिंग बोतलें,
33.,IS 14625,प्लास्टिक फीडिंग बोतलें,"4.
शिशु दूध विकल्प, फीडिंग बोतलें एवं शिशु खाद्य (उत्पादन, आपूर्ति एवं वितरण का विनियमन) अधिनियम, 1992"
34.,IS 5168,काँच की फीडिंग बोतलें
तेल दाब स्टोव,
35.,IS 10109,"तेल दाब स्टोव, ऑफसेट बर्नर प्रकार","5. तेल दाब स्टोव (गुणवत्ता नियंत्रण) आदेश, 1997

एस.ओ. 451(E), दिनांक 16 जून 1997"
36.,IS 2787,बहु-बर्नर तेल दाब स्टोव
37.,IS 1342,तेल दाब स्टोव
ऑटोमोबाइल सहायक उपकरण,
38.,IS 13098,मोटर वाहन – न्यूमैटिक टायरों के लिए ट्यूब,"6. मोटर वाहनों के लिए न्यूमैटिक टायर एवं ट्यूब (गुणवत्ता नियंत्रण) आदेश, 2009

एस.ओ. 2953(E), दिनांक 19-11-2009
अनुवर्ती संशोधन

एस.ओ. 1057(E), दिनांक 11-05-2010

एस.ओ. 2758(E), दिनांक 09-11-2010"
39.,IS 15627,मोटर वाहन – दो एवं तीन पहिया मोटर वाहनों के लिए न्यूमैटिक टायर
40.,IS 15633,मोटर वाहन – यात्री कारों के लिए न्यूमैटिक टायर – डायगोनल एवं रेडियल प्लाई
41.,IS 15636,मोटर वाहन – वाणिज्यिक वाहनों के लिए न्यूमैटिक टायर – डायगोनल एवं रेडियल प्लाई
"सिलेंडर, वाल्व एवं रेगुलेटर",
42.,IS 14899,ऑटोमोबाइल उपयोग हेतु द्रवीकृत पेट्रोलियम गैस (एलपीजी) कंटेनर,"7. विस्फोटक अधिनियम, 1884
गैस सिलेंडर नियम, 2016

जी.एस.आर. 1081(E), दिनांक 22-11-2016"
43.,IS 15100,ऑटोमोबाइल उपयोग हेतु स्थायी रूप से स्थापित एलपीजी कंटेनरों के लिए बहु-कार्यात्मक वाल्व असेंबली
44.,IS 3196 (भाग 4),5 लीटर से अधिक जल क्षमता वाले निम्न दाब द्रवीकरणीय गैसों हेतु वेल्डेड लो कार्बन स्टील सिलेंडर – भाग 4 : विषैली एवं संक्षारक गैसों के लिए सिलेंडर
45.,IS 3196 (भाग 1),5 लीटर से अधिक जल क्षमता वाले निम्न दाब द्रवीकरणीय गैसों हेतु वेल्डेड लो कार्बन स्टील सिलेंडर – भाग 1 : एलपीजी के लिए सिलेंडर
46.,IS 3196 (भाग 2),5 लीटर से अधिक जल क्षमता वाले निम्न दाब द्रवीकरणीय गैसों हेतु वेल्डेड लो कार्बन स्टील सिलेंडर – भाग 2 : एलपीजी के अतिरिक्त अन्य द्रवीकरणीय गैसों हेतु
47.,IS 3224,एलपीजी सिलेंडरों को छोड़कर संपीड़ित गैस सिलेंडरों हेतु वाल्व फिटिंग्स
48.,IS 3745,छोटे चिकित्सा गैस सिलेंडरों हेतु योक प्रकार वाल्व कनेक्शन
49.,IS 7142,5 लीटर से अधिक जल क्षमता न रखने वाले निम्न दाब द्रवीकरणीय गैसों हेतु वेल्डेड लो कार्बन स्टील सिलेंडर
50.,IS 7285 (भाग 1),पुनः भरने योग्य सीमलेस स्टील गैस सिलेंडर – भाग 1 : नॉर्मलाइज्ड स्टील सिलेंडर
51.,IS 7285 (भाग 2),पुनः भरने योग्य सीमलेस स्टील गैस सिलेंडर – भाग 2 : क्वेन्च्ड एवं टेम्पर्ड स्टील सिलेंडर (तन्य शक्ति 1100 MPa से कम)
52.,IS 7302,श्वसन उपकरणों के उपयोग हेतु गैस सिलेंडर वाल्व फिटिंग्स
53.,IS 7312,वेल्डेड एवं सीमलेस स्टील घुलित एसीटिलीन गैस सिलेंडर
54.,IS 8737,5 लीटर से अधिक जल क्षमता वाले एलपीजी सिलेंडरों हेतु वाल्व फिटिंग्स – भाग 2 : नवीन निर्मित एलपीजी सिलेंडरों हेतु
55.,IS 8776,5 लीटर तक एवं सम्मिलित जल क्षमता वाले एलपीजी सिलेंडरों हेतु वाल्व फिटिंग्स
56.,IS 9798,एलपीजी मिश्रणों के उपयोग हेतु निम्न दाब रेगुलेटर
चिकित्सा उपकरण,
57.,IS 3055 (भाग 1),चिकित्सीय थर्मामीटर – भाग 1 : ठोस डंडी प्रकार,"8. चिकित्सीय थर्मामीटर (गुणवत्ता नियंत्रण) आदेश, 2001

जी.एस.आर. 843(E), दिनांक 09 नवम्बर 2001"
58.,IS 3055 (भाग 2),चिकित्सीय थर्मामीटर – भाग 2 : संलग्न स्केल प्रकार
59.,IS 7620 (भाग 1),नैदानिक चिकित्सा एक्स-रे उपकरण,"9. नैदानिक चिकित्सा एक्स-रे उपकरण

AERB/443/39 MDX/3509/94, अक्टूबर 1994"
स्टील एवं लौह उत्पाद,
60.,IS 1785 (भाग 1) : 1983,"पूर्व-तनावित कंक्रीट हेतु सादा हार्ड-ड्रॉन स्टील तार – भाग 1 : कोल्ड ड्रॉन, तनाव-मुक्त तार","10. इस्पात और इस्पात उत्पाद (गुणवत्ता नियंत्रण) आदेश, 2020
S.O. 756(E), दिनांक 14-02-2020
इससे प्रतिस्थापित: इस्पात और इस्पात उत्पाद (गुणवत्ता नियंत्रण) आदेश, 2020
S.O. 1673(E), दिनांक 27-05-2020
इससे प्रतिस्थापित: इस्पात और इस्पात उत्पाद (गुणवत्ता नियंत्रण) आदेश, 2020
(S.O. 2379(E), दिनांक 17-07-2020)
इस्पात उत्पाद आदेश के प्रवर्तन की तिथि में विस्तार, फ़ाइल संख्या S-20011/1/2020-TECH दिनांक 22.07.2020
विस्तार आदेश
इससे प्रतिस्थापित: इस्पात और इस्पात उत्पाद (गुणवत्ता नियंत्रण) आदेश, 2020
(S.O. 4082(E), दिनांक 12.11.2020)
इससे प्रतिस्थापित: इस्पात और इस्पात उत्पाद (गुणवत्ता नियंत्रण) आदेश, 2020
(S.O. संख्या 4637(E) 22/12/2020)
भारतीय मानकों के लिए गुणवत्ता नियंत्रण आदेश के प्रवर्तन की तिथि में विस्तार आदेश
(विशेष रूप से IS 3748, IS 7291, और IS 12146)
कुछ भारतीय मानकों के लिए गुणवत्ता नियंत्रण आदेश के प्रवर्तन की तिथि में विस्तार आदेश
(विशेष रूप से IS 4398 और IS 3195)
कुछ भारतीय मानकों के लिए गुणवत्ता नियंत्रण आदेश के प्रवर्तन की तिथि में विस्तार आदेश
(विशेष रूप से IS 6526, IS 4454 (भाग 4), IS 11946, IS 11947 और IS 12045)
प्रवर्तन तिथि में विस्तार आदेश
(विशेष रूप से IS 1110, IS 4409)
प्रवर्तन तिथि में विस्तार आदेश
(विशेष रूप से IS 4432, IS 5518, IS 12145, IS 13387, IS 4072 और IS 13352)
प्रवर्तन तिथि में विस्तार आदेश
(विशेष रूप से IS 7226, IS 14331)
प्रवर्तन तिथि में विस्तार आदेश
(विशेष रूप से IS 6529)
प्रवर्तन तिथि में विस्तार आदेश
(विशेष रूप से IS 1993, IS 12591)
प्रवर्तन तिथि में विस्तार आदेश
IS 3748, IS 7291 और IS 12146 के लिए गुणवत्ता नियंत्रण आदेश पर विस्तार
IS 4454 (भाग 4): 2001, IS 11946: 1987 और IS 11947: 1987 के लिए गुणवत्ता नियंत्रण आदेश के प्रवर्तन तिथि में विस्तार आदेश
प्रवर्तन तिथि में विस्तार आदेश
(विशेष रूप से IS 1110: 1990 & IS 4409: 1973)
प्रवर्तन तिथि में विस्तार आदेश
(विशेष रूप से IS 14331: 1995)
प्रवर्तन तिथि में विस्तार आदेश
(विशेष रूप से IS 13387: 1992)
प्रवर्तन तिथि में विस्तार आदेश
(विशेष रूप से IS 1110: 1990 & IS 4409: 1973)
प्रवर्तन तिथि में विस्तार आदेश
(विशेष रूप से IS 1110: 1990 & IS 4409: 1973), दिनांक 01 नवंबर 2022
प्रवर्तन तिथि में विस्तार आदेश
(विशेष रूप से IS 4409: 1973), दिनांक 06 फरवरी 2023
प्रवर्तन तिथि में विस्तार आदेश
(विशेष रूप से IS 4409: 1973, दिनांक 25 जुलाई 2023)
इस्पात और इस्पात उत्पाद (गुणवत्ता नियंत्रण) आदेश, 2024
S.O. 574(E) दिनांक 5 फरवरी, 2024
प्रवर्तन तिथि में विस्तार आदेश
(विशेष रूप से IS 4409: 2023, दिनांक 01 मई 2024)
प्रवर्तन तिथि में विस्तार आदेश
(विशेष रूप से IS 4409: 2023, दिनांक 01 अगस्त 2024)
इस्पात और इस्पात उत्पाद (गुणवत्ता नियंत्रण) आदेश, 2024
S.O. 3716(E), दिनांक 29 अगस्त 2024
इस्पात और इस्पात उत्पाद (गुणवत्ता नियंत्रण) संशोधन आदेश, 2025
S.O. 5134(E) दिनांक 20 नवंबर, 2025"
61.,IS 1785 (भाग 2) : 1983,पूर्व-तनावित कंक्रीट हेतु सादा हार्ड-ड्रॉन स्टील तार – भाग 2 : यथाकर्षित तार
62.,IS 6003:2010,पूर्व-तनावित कंक्रीट हेतु इंडेंटेड तार
63.,IS 6006:2014,पूर्व-तनावित कंक्रीट हेतु बिना कोटिंग का तनाव-मुक्त स्ट्रैंड
64.,IS 13620:1993,फ्यूजन बॉन्डेड एपॉक्सी लेपित सुदृढ़ीकरण छड़ें
65.,IS 14268:1995,पूर्व-तनावित कंक्रीट हेतु बिना कोटिंग का कम रिलैक्सेशन सात-सूत्रीय स्ट्रैंड
66.,IS 277:2003,जस्ती इस्पात शीट (सादी एवं तरंगित)
67.,IS 2002:2009,बॉयलरों सहित मध्यम एवं उच्च तापमान सेवाओं हेतु दाब पात्रों के लिए इस्पात प्लेटें
68.,IS 2041:2009,मध्यम एवं निम्न तापमान पर प्रयुक्त दाब पात्रों हेतु इस्पात प्लेटें
69.,IS 2830:2012,"सामान्य संरचनात्मक प्रयोजनों हेतु पुनः रोलिंग के लिए कार्बन स्टील कास्ट बिलेट, ब्लूम एवं स्लैब"
70.,IS 1786:2008,कंक्रीट सुदृढ़ीकरण हेतु उच्च शक्ति विकृत इस्पात छड़ें एवं तार
71.,IS 648:2006,कोल्ड रोल्ड नॉन-ओरिएंटेड विद्युत इस्पात शीट एवं स्ट्रिप – पूर्णतः प्रसंस्कृत प्रकार (CRNO)
72.,IS 3024:2015,ग्रेन ओरिएंटेड विद्युत इस्पात शीट एवं स्ट्रिप (CRGO)
73.,IS 15391:2003,ओरिएंटेड विद्युत इस्पात शीट एवं स्ट्रिप – अर्ध-प्रसंस्कृत प्रकार
74.,IS 2062:2011,हॉट रोल्ड मध्यम एवं उच्च तन्य संरचनात्मक इस्पात
75.,IS 432 : भाग 1 : 1982,कंक्रीट सुदृढ़ीकरण हेतु माइल्ड स्टील एवं मध्यम तन्य इस्पात छड़ें – भाग 1 : माइल्ड स्टील एवं मध्यम तन्य इस्पात छड़ें
76.,IS 432 : भाग 2 : 1982,कंक्रीट सुदृढ़ीकरण हेतु माइल्ड स्टील एवं मध्यम तन्य इस्पात छड़ें – भाग 2 : हार्ड-ड्रॉन स्टील तार
77.,IS 513 (भाग 1): 2016,कोल्ड रिड्यूस्ड कार्बन स्टील शीट एवं स्ट्रिप – भाग 1 : कोल्ड फॉर्मिंग एवं ड्राइंग प्रयोजन हेतु
78.,IS 513 (भाग 2): 2016,कोल्ड रिड्यूस्ड कार्बन स्टील शीट एवं स्ट्रिप – भाग 2 : उच्च तन्य एवं बहु-चरणीय इस्पात
79.,IS 1079:2017,"हॉट रोल्ड कार्बन स्टील शीट, प्लेट एवं स्ट्रिप – विनिर्देश"
80.,IS 1875:1992,"फोर्जिंग हेतु कार्बन स्टील बिलेट, ब्लूम, स्लैब एवं छड़ें"
81.,IS 2879:1998,मेटल आर्क वेल्डिंग इलेक्ट्रोड हेतु माइल्ड स्टील
82.,IS 3502:2009,इस्पात चेकरड प्लेटें
83.,IS 5872:1990,कोल्ड रोल्ड इस्पात स्ट्रिप (बॉक्स स्ट्रैपिंग)
84.,IS 5986:2017,"फॉर्मिंग एवं फ्लैन्जिंग प्रयोजनों हेतु हॉट रोल्ड इस्पात शीट, प्लेट एवं स्ट्रिप – विनिर्देश"
85.,IS 6240:2008,"निम्न दाब द्रवीकरणीय गैस सिलेंडरों के निर्माण हेतु 6 मिमी तक की हॉट रोल्ड इस्पात प्लेट, शीट एवं स्ट्रिप"
86.,IS 7283:1992,इंजीनियरिंग अनुप्रयोगों हेतु ब्राइट बार एवं मशीनी भागों के निर्माण के लिए हॉट रोल्ड छड़ें
87.,IS 7887:1992,सामान्य इंजीनियरिंग प्रयोजनों हेतु माइल्ड स्टील वायर रॉड
88.,IS 10748:2004,वेल्डेड ट्यूब एवं पाइपों हेतु हॉट रोल्ड इस्पात स्ट्रिप
89.,IS 11513:2017,कोल्ड रोलिंग प्रयोजनों हेतु हॉट रोल्ड कार्बन स्टील स्ट्रिप — विनिर्देश
90.,IS 15647:2006,वेल्डेड ट्यूब एवं पाइपों के लिए हॉट रोल्ड संकीर्ण चौड़ाई स्टील स्ट्रिप
91.,IS 7904:2017,उच्च कार्बन स्टील वायर रॉड — विनिर्देश
92.,IS 14246:2013,निरंतर पूर्व-पेंटेड गैल्वेनाइज्ड स्टील शीट एवं कॉइल
93.,IS 15965:2012,पूर्व-पेंटेड एल्युमिनियम-जिंक मिश्र धातु लेपित स्टील स्ट्रिप एवं शीट (सादा)
94.,IS 280: 2006,सामान्य इंजीनियरिंग प्रयोजनों हेतु माइल्ड स्टील वायर
95.,IS 1835:1976,रस्सियों के लिए गोल स्टील वायर
96.,IS 3975:1999,"केबल आर्मरिंग हेतु निम्न कार्बन गैल्वेनाइज्ड स्टील वायर, फॉर्म्ड वायर एवं टेप"
97.,IS 4368:1967,"सामान्य इंजीनियरिंग प्रयोजनों हेतु फोर्जिंग के लिए मिश्र धातु स्टील बिलेट, ब्लूम एवं स्लैब"
98.,IS 4454 (Part 1) : 2001,यांत्रिक स्प्रिंग्स हेतु स्टील वायर भाग-1: कोल्ड ड्रॉन अनएलॉयड स्टील वायर
99.,IS 4454 (Part 2): 2001,यांत्रिक स्प्रिंग्स हेतु स्टील वायर भाग-2: ऑयल हार्डन्ड एवं टेम्पर्ड स्टील वायर
100.,IS 4824:2006,टायरों के लिए बीड वायर
101.,IS 11169 (Part 1): 1984,कोल्ड हेडिंग/कोल्ड एक्सट्रूज़न हेतु स्टील भाग-1: व्रॉट कार्बन एवं निम्न मिश्र धातु स्टील
102.,IS 11587:1986,संरचनात्मक मौसम प्रतिरोधी स्टील
103.,IS 15103: 2002,अग्नि प्रतिरोधी स्टील — विनिर्देश
104.,IS 15914:2011,"वेल्डेड गैस सिलेंडर निर्माण हेतु उच्च तन्यता शक्ति फ्लैट रोल्ड स्टील प्लेट (6 मिमी तक), शीट एवं स्ट्रिप"
105.,IS 15961:2012,हॉट डिप एल्युमिनियम-जिंक मिश्र धातु लेपित स्टील स्ट्रिप एवं शीट (सादा)
106.,IS 15962:2012,उन्नत भूकंपीय प्रतिरोध वाले भवनों हेतु संरचनात्मक स्टील
107.,IS 6527:1995,स्टेनलेस स्टील वायर रॉड
108.,IS 6528:1995,स्टेनलेस स्टील वायर
109.,IS 6603:2001,स्टेनलेस स्टील बार एवं फ्लैट
110.,IS 5522:2014,बर्तनों हेतु स्टेनलेस स्टील शीट एवं स्ट्रिप — विनिर्देश
111.,IS 6911:2017,"स्टेनलेस स्टील प्लेट, शीट एवं स्ट्रिप — विनिर्देश"
112.,IS 15997:2012,बर्तनों एवं रसोई उपयोग हेतु निम्न निकल ऑस्टेनिटिक स्टेनलेस स्टील शीट एवं स्ट्रिप — विनिर्देश
113.,IS 1110 : 1990,फेरोसिलिकॉन — विनिर्देश
114.,IS 4409 : 1973,फेरोनिकल हेतु विनिर्देश
115.,IS 1029 : 1970,हॉट रोल्ड स्टील स्ट्रिप (बेलिंग) हेतु विनिर्देश
116.,IS 2385 : 1977,कोल्ड-रिड्यूस्ड टिनप्लेट एवं कोल्ड-रिड्यूस्ड ब्लैक प्लेट हेतु कॉइल रूप में हॉट रोल्ड माइल्ड स्टील शीट एवं स्ट्रिप का विनिर्देश
117.,IS 3039 : 1988,जहाजों के हुल निर्माण हेतु संरचनात्मक स्टील का विनिर्देश
118.,IS 9550 : 2001,ब्राइट स्टील बार — विनिर्देश
119.,IS 3748 : 1990,टूल एवं डाई स्टील — विनिर्देश
120.,IS 5517 : 1993,हार्डनिंग एवं टेम्परिंग हेतु स्टील — विनिर्देश
121.,IS 16732 : 2019,गैल्वेनाइज्ड संरचनात्मक स्टील — विनिर्देश
122.,IS 7494 : 1981,आंतरिक दहन इंजनों के वाल्वों हेतु स्टील — विनिर्देश
123.,IS 12146 : 1987,दाब पात्रों हेतु कार्बन मैंगनीज स्टील फोर्जिंग्स — विनिर्देश
124.,IS 16585 : 2016,चुंबकीय पदार्थ — व्यक्तिगत सामग्री हेतु विनिर्देश — अर्ध-प्रसंस्कृत अवस्था में प्रदत्त लौह आधारित अमॉर्फस स्ट्रिप
125.,IS 2831 : 2012,"संरचनात्मक स्टील (सामान्य गुणवत्ता) में पुनः रोलिंग हेतु कार्बन स्टील कास्ट बिलेट इनगट, बिलेट, ब्लूम एवं स्लैब — विनिर्देश"
126.,IS 1148 : 2009,संरचनात्मक प्रयोजनों हेतु स्टील रिवेट बार (मध्यम एवं उच्च तन्यता)
127.,IS 1673 : 1984,कोल्ड हेडिंग गुणवत्ता हेतु माइल्ड स्टील वायर — विनिर्देश
128.,IS 1812 : 1982,लकड़ी के स्क्रू निर्माण हेतु कार्बन स्टील वायर — विनिर्देश
129.,IS 2507 : 1975,स्प्रिंग्स हेतु कोल्ड रोल्ड स्टील स्ट्रिप — विनिर्देश
130.,IS 2255 : 1977,कोल्ड हेडिंग प्रक्रिया द्वारा मशीन स्क्रू निर्माण हेतु माइल्ड स्टील वायर रॉड — विनिर्देश
131.,IS 3195 : 1992,रेलवे रोलिंग स्टॉक हेतु वोल्यूट एवं हेलिकल स्प्रिंग्स के निर्माण हेतु स्टील — विनिर्देश
132.,IS 3431 : 1982,"ऑटोमोटिव सस्पेंशन हेतु वोल्यूट, हेलिकल एवं लैमिनेटेड स्प्रिंग्स के निर्माण हेतु स्टील — विनिर्देश"
133.,IS 3885-Part-1: 1992,लेमिनेटेड स्प्रिंग्स (रेलवे रोलिंग स्टॉक) के निर्माण हेतु स्टील — भाग 1 : फ्लैट सेक्शन — विनिर्देश
134.,IS 3885-Part- 2: 1992,लेमिनेटेड स्प्रिंग्स (रेलवे रोलिंग स्टॉक) के निर्माण हेतु स्टील — भाग 2 : रिब एवं ग्रूव सेक्शन — विनिर्देश
135.,IS 4223: 1975,छाते की तीलियों हेतु स्टील वायर — विनिर्देश
136.,IS 4224: 1972,"स्टेपल, पिन एवं क्लिप हेतु स्टील वायर — विनिर्देश"
137.,IS 4397: 1999,बॉल एवं रोलर बेयरिंग केज/रिटेनर हेतु कोल्ड रोल्ड कार्बन स्टील स्ट्रिप — विनिर्देश
138.,IS 4398: 1994,"बॉल, रोलर एवं बेयरिंग रेस के निर्माण हेतु कार्बन-क्रोमियम स्टील — विनिर्देश"
139.,IS 6902: 1973,स्पोक्स (तार) हेतु स्टील वायर — विनिर्देश
140.,IS 6967: 1973,विद्युत वेल्डेड गोल लिंक चेन के लिए स्टील — विनिर्देश
141.,IS 7226: 1974,"सामान्य अभियांत्रिकी प्रयोजनों हेतु कोल्ड रोल्ड मध्यम, उच्च कार्बन एवं निम्न मिश्रधातु स्टील स्ट्रिप — विनिर्देश"
142.,IS 7557: 1982,कोल्ड-फोर्ज्ड रिवेट्स के निर्माण हेतु (20 मिमी तक) स्टील वायर — विनिर्देश
143.,IS 8052: 2006,"सामान्य अभियांत्रिकी उपयोग हेतु स्प्रिंग, रिवेट एवं स्क्रू के उत्पादन के लिए स्टील इनगट, बिलेट एवं ब्लूम — विनिर्देश"
144.,IS 8951: 2001,"उच्च कार्बन स्टील वायर रॉड्स के उत्पादन हेतु स्टील कास्ट बिलेट इनगट, बिलेट एवं ब्लूम — विनिर्देश"
145.,IS 8952: 1995,"सामान्य अभियांत्रिकी प्रयोजनों हेतु माइल्ड स्टील वायर रॉड्स के उत्पादन के लिए स्टील इनगट, ब्लूम एवं बिलेट — विनिर्देश"
146.,IS 9476: 1980,कार्बन स्टील रेज़र ब्लेड्स हेतु कोल्ड रोल्ड स्टील स्ट्रिप — विनिर्देश
147.,IS 9962: 1981,सुइयों हेतु स्टील वायर — विनिर्देश
148.,IS 17111: 2019 (ISO 683-17: 2014),ऊष्मा-उपचारित मिश्रधातु एवं फ्री-कटिंग स्टील — बॉल एवं रोलर बेयरिंग स्टील
149.,IS 14331:1995,उच्च तापमान बोल्टिंग अनुप्रयोगों हेतु स्टील — विनिर्देश
150.,IS 12594: 1988,कंक्रीट सुदृढीकरण हेतु संरचनात्मक स्टील बार पर हॉट-डिप जिंक कोटिंग — विनिर्देश
151.,IS 14650:1999,"री-रोलिंग प्रयोजनों हेतु कार्बन स्टील कास्ट बिलेट इनगट, बिलेट, ब्लूम एवं स्लैब — विनिर्देश"
152.,IS 4882: 1979,बेयरिंग उद्योग में उपयोग हेतु रिवेट्स के लिए निम्न कार्बन स्टील वायर — विनिर्देश
153.,IS 2090:1983,पूर्व-तनावित कंक्रीट में प्रयुक्त उच्च तन्यता स्टील बार — विनिर्देश
154.,IS 6529:1996,"फोर्जिंग हेतु स्टेनलेस स्टील ब्लूम, बिलेट एवं स्लैब"
155.,IS 9294:1979,रेज़र ब्लेड्स हेतु कोल्ड रोल्ड स्टेनलेस स्टील स्ट्रिप
156.,IS 10631:1983,वेल्डिंग इलेक्ट्रोड कोर वायर हेतु स्टेनलेस स्टील
157.,IS 10632 (Part 2):1983,विद्युत अनुप्रयोगों हेतु अचुंबकीय स्टेनलेस स्टील — भाग 2 : बाइंडिंग वायर हेतु विशिष्ट आवश्यकताएँ
158,IS 10632 (Part 3):1983,"विद्युत अनुप्रयोगों हेतु अचुंबकीय स्टेनलेस स्टील — भाग 3 : शीट, स्ट्रिप एवं प्लेट हेतु विशिष्ट आवश्यकताएँ"
159,IS 11169 (Part 2): 1989,कोल्ड हेडिंग/कोल्ड एक्सट्रूज़न अनुप्रयोगों हेतु स्टील — विनिर्देश — भाग 2 : स्टेनलेस स्टील
160,IS 5651:1987,वायवीय औज़ारों हेतु स्टील
161,IS 9516:1980,ऊष्मा प्रतिरोधी स्टील
162,IS 11952:1986,पिस्टन पिन (गुड्जन पिन) हेतु स्टील
163,IS 12045:1987,विद्युत प्रतिरोध धात्विक हीटिंग एलिमेंट्स में प्रयुक्त मिश्रधातुएँ
164,IS 14652:1999,18 प्रतिशत निकल मैरेजिंग स्टील बार एवं रॉड
165,IS 1566:1982,कंक्रीट सुदृढीकरण हेतु हार्ड-ड्रॉन स्टील वायर फैब्रिक — विनिर्देश
166,IS 1170: 1992,फेरोक्रोमियम – विनिर्देश
167,IS 11946:1987,सॉफ्ट मैग्नेटिक आयरन स्ट्रिप्स
168,IS 11947:1987,"सॉफ्ट मैग्नेटिक आयरन रॉड, बार, फ्लैट एवं सेक्शन"
169,IS 963: 1958,विमान उपयोग हेतु क्रोम मोलिब्डेनम स्टील बार एवं रॉड
170,IS 4454 (भाग 4): 2001,यांत्रिक स्प्रिंग हेतु स्टील वायर – भाग 4: स्टेनलेस स्टील वायर
171.,IS 1993 : 2018,कोल्ड-रिड्यूस्ड इलेक्ट्रोलाइटिक टिन प्लेट
172.,IS 12591:2018,कोल्ड-रिड्यूस्ड इलेक्ट्रोलाइटिक क्रोमियम / क्रोमियम ऑक्साइड कोटेड स्टील
173.,IS 412:1975,सामान्य प्रयोजन हेतु विस्तारित स्टील शीट
174.,IS 2100: 1970,"बॉयलर हेतु स्टील बिलेट, बार एवं सेक्शन"
175.,IS 2589: 1975,अपहोल्स्ट्री स्प्रिंग हेतु हार्ड ड्रॉन स्टील वायर
176.,IS 3298: 1981,जहाज निर्माण हेतु माइल्ड स्टील रिवेट बार
177.,IS 4072: 1975,स्प्रिंग वॉशर हेतु स्टील
178.,IS 8510 (भाग II): 1977,आर्मेचर एवं रोटर बैंडिंग हेतु स्टील वायर – भाग II (मैग्नेटिक बैंडिंग वायर)
179.,IS 8510 (भाग III): 1977,आर्मेचर एवं रोटर बैंडिंग हेतु टिनयुक्त स्टील वायर – भाग III (नॉन-मैग्नेटिक)
180.,IS 8563: 1977,स्प्लिट पिन बनाने के लिए हाफ राउंड माइल्ड स्टील वायर
181.,IS 8564: 1977,सुईयों के लिए स्टील वायर
182.,IS 8565: 1977,हील्ड वायर
183.,IS 8566: 1977,रीड्स के लिए स्टील वायर
184.,IS 8917: 1978,गैल्वनाइजिंग पॉट्स के लिए प्लेट्स
185.,IS 9442: 1980,"कृषि डिस्क बनाने के लिए हॉट रोल्ड स्टील प्लेट्स, शीट्स और स्ट्रिप्स"
186.,IS 9485: 1980,पोरसलेन एनामलिंग के लिए कोल्ड-रिड्यूस्ड और हॉट-रोल्ड कार्बन स्टील शीट
187.,IS 10794: 1984,कोटर पिन के लिए माइल्ड स्टील वायर
188.,IS 12262:1988,स्प्रिंग वॉशर्स के लिए ट्रैपेज़ॉइडल स्टील वायर
189,IS 1470: 2013,सिलिकोमैंगनीज – विनिर्देश
190,IS 15911:2010,संरचनात्मक स्टील (सामान्य गुणवत्ता)
191,IS 1171: 2011,फेरोमैंगनीज – विनिर्देश
192,IS 4431: 1978,कार्बन और कार्बन-मैंगनीज फ्री-कटिंग स्टील
193,IS 4432: 1988,केस हार्डनिंग स्टील
194,IS 5518: 1996,ड्रॉप फोर्जिंग के लिए डाई ब्लॉक्स के लिए स्टील
195,IS 8748: 1978,फोर्ज्ड/रोल्ड CTC सेगमेंट्स
196,IS 12145: 1987,प्रेशर वेसल के लिए क्वेंच्ड और टेम्पर्ड एलॉय स्टील फोर्जिंग
197,IS 13387: 1992,मेटल फॉर्मिंग के लिए टूल स्टील फोर्जिंग
198,IS 14698:1999,"डिफेंस सेवाओं में उपयोग होने वाले शेल बॉडीज़ और प्रूफ़ शॉट बनाने के लिए कार्बन और लो एलॉय बिल्लेट्स, ब्लूम्स, स्लैब और बार्स"
199,IS/ISO 11951 : 2016,कोल्ड-रिड्यूस्ड टिनमिल प्रोडक्ट्स – ब्लैकप्लेट
200.,IS 3930: 1994,फ्लेम और इंडक्शन हार्डनिंग स्टील
201.,IS 5478: 1969,थर्मोस्टैट मेटल शीट और स्ट्रिप
202,IS 13352: 1992,"कंटीन्यसली कास्ट ब्लूम्स, बिल्लेट्स और स्लैब्स से उत्पादित फोर्जिंग के लिए स्टॉक"
203,IS 16644: 2018,"प्रेशर-स्टील कंक्रीट के लिए स्ट्रेस-रिलीव्ड, लो रिलेक्षन स्टील वायर"
204,IS 17404 : 2020,इलेक्ट्रोगैल्वनाइज्ड हॉट रोल्ड और कोल्ड रिड्यूस्ड कार्बन स्टील शीट्स और स्ट्रिप्स
205,IS 18316: 2023,सेमी/फुली प्रोसेस्ड नॉन-ग्रेन ओरिएंटेड या फुली प्रोसेस्ड ग्रेन ओरिएंटेड इलेक्ट्रिकल स्टील के लिए हॉट रोल्ड और कोल्ड रोल्ड स्टील स्ट्रिप्स
206,IS 18384: 2023,"पाइपलाइन ट्रांसपोर्टेशन सिस्टम के लिए वेल्डेड स्टील पाइप हेतु हॉट-रोल्ड स्टील स्ट्रिप, शीट और प्लेट्स"
207,IS 18385: 2023,ऑटोमोटिव अनुप्रयोगों के लिए हॉट-डिप गैल्वनाइज्ड/गैल्वानेल्ड स्टील शीट्स और स्ट्रिप्स
208,IS 18513: 2023,"हॉट-डिप जिंक-एल्यूमिनियम-मैग्नीशियम मिश्र धातु कोटेड स्टील शीट्स, प्लेट्स और स्ट्रिप्स"
209,IS 1469: 1993,फेरोमॉलीब्डेनम – विनिर्देश
210,IS 1466: 1985,फेरो वेनेडियम के लिए विनिर्देश
211.,IS 8329 : 2000,"पानी, गैस और सीवेज के लिए सेंट्रीफ्यूगली कास्ट (स्पन) डक्टाइल आयरन प्रेशर पाइप्स","11. डक्टाइल आयरन प्रेशर पाइप्स और फिटिंग्स (गुणवत्ता नियंत्रण) आदेश, 2009
S.O. No. 1544(E) दिनांक 25-06-2009
उपरोक्त आदेश को DIPP द्वारा गजट नोटिफिकेशन संख्या 2681(E) दिनांक 23 अक्टूबर 2009 के माध्यम से रद्द कर दिया गया और नई नोटिफिकेशन संख्या 2749(E) दिनांक 30-10-2009 जारी की गई।"
212.,IS 9523:2000,"पानी, गैस और सीवेज के लिए प्रेशर पाइप्स के डक्टाइल आयरन फिटिंग्स"
213.,IS 1161:2014,संरचनात्मक प्रयोजनों के लिए स्टील ट्यूब्स,"माइल्ड स्टील ट्यूब्स (सीमलेस ट्यूब और API विनिर्देश के अनुसार ट्यूब्स को छोड़कर) (गुणवत्ता नियंत्रण) आदेश, 1978 और संशोधन आदेश, 1983
G.S.R. No. 374(E) दिनांक 18-07-1978
 के द्वारा प्रतिस्थापित
12. स्टील ट्यूब्स (गुणवत्ता नियंत्रण) आदेश 2020
S.O. 281 दिनांक 21/01/2020."
214.,IS 1239 (भाग 1):2014,"स्टील ट्यूब्स, ट्यूबुलर्स और अन्य व्रॉट स्टील फिटिंग्स – भाग 1 : स्टील ट्यूब्स"
215.,IS 4270:2001,पानी की कुओं के लिए उपयोग होने वाली स्टील ट्यूब्स (200 मिमी व्यास तक)
216.,IS 9139:1979,फाउंड्री में उपयोग के लिए मेलएबल आयरन शॉट्स और ग्रिट्स के लिए विनिर्देश,"13. मेलएबल आयरन शॉट्स और ग्रिट्स (गुणवत्ता नियंत्रण) आदेश, 2020"
विद्युत ट्रांसफार्मर,
217.,IS 1180 (भाग 1),"आउटडोर प्रकार के ऑयल में डुबोए गए वितरण ट्रांसफार्मर, 2500 kVA तक और शामिल, 33 KV – विनिर्देश भाग 1, मिनरल ऑयल में डुबोए गए","14. विद्युत ट्रांसफार्मर (गुणवत्ता नियंत्रण) आदेश, 2015
S.O. 1221 (E) दिनांक 07-05-2015"
विद्युत मोटर,
218.,IS 12615,ऊर्जा-कुशल इंडक्शन मोटर – तीन फेज़ स्क्विरल केज,"15. SO 178(E), दिनांक 18 जनवरी 2017
SO 3207(E), दिनांक 29 सितंबर 2017"
कॅपेसिटर,
219.,IS 2993,ए.सी. मोटर कॅपेसिटर,"16. SO 2434(E), दिनांक 01 अगस्त 2017
कार्यान्वयन की तारीख 01/02/2018"
220.,IS 13340,"ए.सी. पावर सिस्टम के लिए सेल्फ-हीलिंग प्रकार के पावर कॅपेसिटर, रेटेड वोल्टेज 650V तक"
221.,IS 13585 भाग 1,"ए.सी. सिस्टम के लिए नॉन-सेल्फ-हीलिंग प्रकार के शंट पावर कॅपेसिटर, रेटेड वोल्टेज 1000V तक और शामिल, भाग-1 सामान्य प्रदर्शन, परीक्षण और रेटिंग, सुरक्षा आवश्यकताएँ, स्थापना और संचालन के लिए मार्गदर्शिका"
विद्युत ट्रांसफॉर्मर,
विद्युत मोटर,
कैपेसिटर,
"रसायन, उर्वरक, पॉलिमर एवं वस्त्र",
222.,IS 252:2013,कास्टिक सोडा – विनिर्देश,"17. भारतीय मानक ब्यूरो (कास्टिक सोडा) आदेश, 2018
(एस.ओ. संख्या 1468 (ई), दिनांक 3 अप्रैल 2018)"
223.,IS 10116 : 2015,बोरिक एसिड – विनिर्देश,"18. भारतीय मानक ब्यूरो (बोरिक एसिड के लिए मानक) आदेश, 2019
(एस.ओ. 1766 (ई), दिनांक 16 मई 2019)"
224.,IS 15573,पॉली एल्युमिनियम क्लोराइड,"19. पॉली एल्युमिनियम क्लोराइड (गुणवत्ता नियंत्रण) आदेश, 2019
(एस.ओ. 2790 (ई), दिनांक 05/08/2019)"
,IS 695:2020,एसीटिक एसिड,"एसीटिक एसिड (गुणवत्ता नियंत्रण) आदेश, 2019
(एस.ओ. 2791 (ई), दिनांक 05/08/2019)
एसीटिक एसिड (गुणवत्ता नियंत्रण) आदेश, 2019 में संशोधन
(एस.ओ. 344 (ई), दिनांक 24 जनवरी 2020)
एसीटिक एसिड (गुणवत्ता नियंत्रण) आदेश, 2019 में संशोधन
(एस.ओ. 2179 (ई), दिनांक 01/07/2020)
एसीटिक एसिड क्यूसीओ विस्तार आदेश
एसीटिक एसिड संशोधन आदेश
एसीटिक एसिड (गुणवत्ता नियंत्रण) आदेश, 2019
विभिन्न रसायनों हेतु संशोधन आदेश, दिनांक 31/01/2022
एसीटिक एसिड (गुणवत्ता नियंत्रण) आदेश, 2019
विभिन्न रसायनों हेतु संशोधन आदेश, दिनांक 27 जुलाई 2022
एसीटिक एसिड (गुणवत्ता नियंत्रण) आदेश, 2019
(एस.ओ. 530 (ई), दिनांक 02/02/2023)
एसीटिक एसिड (गुणवत्ता नियंत्रण) आदेश, 2019
एस.ओ. 3136 (ई), दिनांक 05 अगस्त 2024
एसीटिक एसिड (गुणवत्ता नियंत्रण) आदेश, 2019 की वापसी आदेश
एस.ओ. 3378 (ई), दिनांक 23 जुलाई 2025"
,IS 2833:2019,एनिलीन,"एनिलीन (गुणवत्ता नियंत्रण) आदेश, 2019
(एस.ओ. 2792 (ई), दिनांक 05/08/2019)
एनिलीन (गुणवत्ता नियंत्रण) आदेश, 2019 की वापसी आदेश
एस.ओ. 3380 (ई), दिनांक 23 जुलाई 2025"
,IS 517:2020,मेथनॉल,"मेथनॉल (गुणवत्ता नियंत्रण) आदेश, 2019
(एस.ओ. 2793 (ई), दिनांक 05/08/2019)
मेथनॉल (गुणवत्ता नियंत्रण) आदेश, 2019 की वापसी आदेश
एस.ओ. 3379 (ई), दिनांक 23 जुलाई 2025"
225.,IS 5158: 1987,"फ्थैलिक एनहाइड्राइड, तकनीकी हेतु विनिर्देश","20. फ्थैलिक एनहाइड्राइड (गुणवत्ता नियंत्रण) आदेश, 2020
(एस.ओ. 1402(ई), दिनांक 23/04/2020)
फ्थैलिक एनहाइड्राइड (गुणवत्ता नियंत्रण) संशोधन आदेश, 2020
फ्थैलिक एनहाइड्राइड (गुणवत्ता नियंत्रण) संशोधन आदेश, 2021
फ्थैलिक एनहाइड्राइड (गुणवत्ता नियंत्रण) आदेश, 2021
विभिन्न रसायनों हेतु संशोधन आदेश, दिनांक 24/12/2021
फ्थैलिक एनहाइड्राइड (गुणवत्ता नियंत्रण) संशोधन आदेश, 2022
विभिन्न रसायनों हेतु संशोधन आदेश, दिनांक 13 जून 2022
फ्थैलिक एनहाइड्राइड (गुणवत्ता नियंत्रण) द्वितीय संशोधन आदेश, 2022

(एस.ओ. 5989(ई), दिनांक 21/12/2022)"
,IS 8058:2018,पाइरीडीन,"पाइरीडीन (गुणवत्ता नियंत्रण) आदेश, 2020
(एस.ओ. 1890(ई), दिनांक 16/06/2020)
पाइरीडीन (गुणवत्ता नियंत्रण) आदेश, 2020 में संशोधन
(एस.ओ. 4416(ई), दिनांक 04/12/2020)
पाइरीडीन (गुणवत्ता नियंत्रण) आदेश, 2020 में संशोधन
एस.ओ. 1070(ई), दिनांक 05 मार्च 2024
एस.ओ. 1125(ई), दिनांक 11 मार्च 2025
पाइरीडीन (गुणवत्ता नियंत्रण) आदेश, 2020 निरस्त
एस.ओ. 5307(ई), दिनांक 20 नवंबर 2025"
226.,IS 16113:2013,गामा पिकोलिन,"गामा पिकोलिन (गुणवत्ता नियंत्रण) आदेश, 2020
(एस.ओ. 1891(ई), दिनांक 16/06/2020)"
227.,IS 12084:2018,मॉर्फोलिन,"मॉर्फोलिन (गुणवत्ता नियंत्रण) आदेश, 2020
एस.ओ. 4772(ई), दिनांक 30 अक्टूबर 2024"
228.,IS 297:2001,"सोडियम सल्फाइड, तकनीकी","सोडियम सल्फाइड (गुणवत्ता नियंत्रण) आदेश, 2020
(एस.ओ. 1894(ई), दिनांक 16/06/2020)"
229.,IS 7129:1992,"पोटैशियम कार्बोनेट, निर्जल","24. पोटैशियम कार्बोनेट (गुणवत्ता नियंत्रण) आदेश, 2020
(एस.ओ. 1895(ई), दिनांक 16/06/2020)
पोटैशियम कार्बोनेट (गुणवत्ता नियंत्रण) आदेश, 2020 में संशोधन
(एस.ओ. 4415(ई), दिनांक 04/12/2020)
पोटैशियम कार्बोनेट (गुणवत्ता नियंत्रण) आदेश, 2020 में संशोधन
पोटैशियम कार्बोनेट (गुणवत्ता नियंत्रण) आदेश, 2020
(विभिन्न रसायनों हेतु संशोधन आदेश, दिनांक 11/03/2022)
पोटैशियम कार्बोनेट (गुणवत्ता नियंत्रण) आदेश, 2020
(विभिन्न रसायनों हेतु संशोधन आदेश, दिनांक 11 अगस्त 2022)
पोटैशियम कार्बोनेट (गुणवत्ता नियंत्रण) आदेश, 2020
(एस.ओ. 536(ई), दिनांक 02/02/2023)
पोटैशियम कार्बोनेट (गुणवत्ता नियंत्रण) आदेश, 2020
(एस.ओ. 3298(ई), दिनांक 21 जुलाई 2023)
(विभिन्न रसायनों हेतु संशोधन आदेश, दिनांक 21 जुलाई 2023)"
230.,IS 170:2004,एसीटोन,"25. एसीटोन (गुणवत्ता नियंत्रण) आदेश, 2020
(एस.ओ. 1896(ई), दिनांक 16/06/2020)
एसीटोन (गुणवत्ता नियंत्रण) आदेश में संशोधन
एसीटोन (गुणवत्ता नियंत्रण) आदेश में संशोधन
एसीटोन (गुणवत्ता नियंत्रण) आदेश, 2020 में संशोधन
एसीटोन (गुणवत्ता नियंत्रण) आदेश, 2020 में संशोधन
एसीटोन (गुणवत्ता नियंत्रण) आदेश, 2020
(विभिन्न रसायनों हेतु संशोधन आदेश, दिनांक 11/03/2022)
एसीटोन (गुणवत्ता नियंत्रण) आदेश, 2020
(विभिन्न रसायनों हेतु संशोधन आदेश, दिनांक 11 अगस्त 2022)
एसीटोन (गुणवत्ता नियंत्रण) आदेश, 2020
(एस.ओ. 537(ई), दिनांक 02/02/2023)
एसीटोन (गुणवत्ता नियंत्रण) आदेश, 2020
(एस.ओ. 3299(ई), दिनांक 21 जुलाई 2023)
(विभिन्न रसायनों हेतु संशोधन आदेश, दिनांक 21 जुलाई 2023)"
231.,IS 4581:1978,"फॉस्फोरस ट्राइक्लोराइड, शुद्ध एवं विश्लेषणात्मक अभिकर्मक","26. फॉस्फोरस ट्राइक्लोराइड (गुणवत्ता नियंत्रण) आदेश, 2020
(एस.ओ. 1897(ई), दिनांक 16/06/2020)"
232.,IS 11744:1986,"फॉस्फोरस पेंटाक्लोराइड, तकनीकी","27. फॉस्फोरस पेंटाक्लोराइड (गुणवत्ता नियंत्रण) आदेश, 2020
(एस.ओ. 1898(ई), दिनांक 16/06/2020)"
233.,IS 11657:1986,"फॉस्फोरस ऑक्सीक्लोराइड, तकनीकी","28. फॉस्फोरस ऑक्सीक्लोराइड (गुणवत्ता नियंत्रण) आदेश, 2020
(एस.ओ. 1899(ई), दिनांक 16/06/2020)"
234.,IS 2080:2021,स्थिरीकृत हाइड्रोजन पेरॉक्साइड,"29. हाइड्रोजन पेरॉक्साइड (गुणवत्ता नियंत्रण) आदेश, 2020

(एस.ओ. 1900(ई), दिनांक 16/06/2020)
हाइड्रोजन पेरॉक्साइड (गुणवत्ता नियंत्रण) आदेश, 2020 में संशोधन

(एस.ओ. 4414(ई), दिनांक 04/12/2020)

हाइड्रोजन पेरॉक्साइड (गुणवत्ता नियंत्रण) आदेश, 2020 में संशोधन
हाइड्रोजन पेरॉक्साइड (गुणवत्ता नियंत्रण) आदेश, 2022

एस.ओ. 4000(ई), दिनांक 24 अगस्त, 2022"
235.,IS 3205:1984,"अवक्षिप्त बेरियम कार्बोनेट, तकनीकी","30. अवक्षिप्त बेरियम कार्बोनेट (गुणवत्ता नियंत्रण) आदेश, 2020

(एस.ओ. 1901(ई), दिनांक 16/06/2020)"
236.,IS 12928:1990,सिरेमिक एवं कांच उद्योग हेतु अवक्षिप्त बेरियम,"अवक्षिप्त बेरियम कार्बोनेट (गुणवत्ता नियंत्रण) आदेश, 2020

(एस.ओ. 1901(ई), दिनांक 16/06/2020)"
237.,IS 4505:2015,सोडियम फॉर्मल्डिहाइड सल्फॉक्सिलेट,"31. सोडियम फॉर्मल्डिहाइड सल्फॉक्सिलेट (गुणवत्ता नियंत्रण) आदेश, 2020

(एस.ओ. 1902(ई), दिनांक 16/06/2020)"
,IS 6100:1984,"सोडियम ट्राइपॉलीफॉस्फेट, निर्जल, तकनीकी","सोडियम ट्राइपॉलीफॉस्फेट (गुणवत्ता नियंत्रण) आदेश, 2020

(एस.ओ. 1903(ई), दिनांक 16/06/2020)
सोडियम ट्राइपॉलीफॉस्फेट (गुणवत्ता नियंत्रण) आदेश, 2020 में संशोधन

(एस.ओ. 4417(ई), दिनांक 04/12/2020)

सोडियम ट्राइपॉलीफॉस्फेट (गुणवत्ता नियंत्रण) आदेश, 2020 में संशोधन
सोडियम ट्राइपॉलीफॉस्फेट (गुणवत्ता नियंत्रण) आदेश, 2020

(विभिन्न रसायनों के लिए संशोधन आदेश, दिनांक 11/03/2022)
सोडियम ट्राइपॉलीफॉस्फेट (गुणवत्ता नियंत्रण) आदेश, 2020

(विभिन्न रसायनों के लिए संशोधन आदेश, दिनांक 11 अगस्त 2022)
सोडियम ट्राइपॉलीफॉस्फेट (गुणवत्ता नियंत्रण) आदेश, 2020

(एस.ओ. 534(ई), दिनांक 02/02/2023)
सोडियम ट्राइपॉलीफॉस्फेट (गुणवत्ता नियंत्रण) आदेश, 2020

(एस.ओ. 3300(ई), दिनांक 21 जुलाई 2023)
(विभिन्न रसायनों के लिए संशोधन आदेश, दिनांक 21 जुलाई 2023)
सोडियम ट्राइपॉलीफॉस्फेट (गुणवत्ता नियंत्रण) आदेश, 2020 में संशोधन

एस.ओ. 1069(ई), दिनांक 05 मार्च 2024
सोडियम ट्राइपॉलीफॉस्फेट (गुणवत्ता नियंत्रण) आदेश, 2020 में संशोधन

एस.ओ. 1124(ई), दिनांक 11 मार्च 2025
सोडियम ट्राइपॉलीफॉस्फेट (गुणवत्ता नियंत्रण) आदेश, 2020 निरस्त

एस.ओ. 5309(ई), दिनांक 20 नवम्बर 2025"
238.,IS 14709:1999,एन-ब्यूटाइल एक्रिलेट,"32. एन-ब्यूटाइल एक्रिलेट (गुणवत्ता नियंत्रण) आदेश, 2020

(एस.ओ. 2182(ई), दिनांक 29/06/2020)

विभिन्न रासायनिक उत्पादों के लिए संशोधन आदेश

एन-ब्यूटाइल एक्रिलेट (गुणवत्ता नियंत्रण) संशोधन आदेश, 2021
एन-ब्यूटाइल एक्रिलेट (गुणवत्ता नियंत्रण) आदेश, 2021

विभिन्न रसायनों के लिए संशोधन आदेश, दिनांक 24/12/2021
एन-ब्यूटाइल एक्रिलेट (गुणवत्ता नियंत्रण) संशोधन आदेश, 2022

विभिन्न रसायनों के लिए संशोधन आदेश, दिनांक 13 जून 2022
एन-ब्यूटाइल एक्रिलेट (गुणवत्ता नियंत्रण) द्वितीय संशोधन आदेश, 2022


(एस.ओ. 5992(ई), दिनांक 21/12/2022)
एन-ब्यूटाइल एक्रिलेट (गुणवत्ता नियंत्रण) संशोधन आदेश, 2023


(एस.ओ. 2729(ई), दिनांक 20/06/2023)
दो पेट्रोकेमिकल्स के लिए संशोधन आदेश, दिनांक 20 जून 2023"
239.,IS 336:1973,ईथर,"33. ईथर (गुणवत्ता नियंत्रण) आदेश, 2020
(एस.ओ. 2183(ई) दिनांक 29/06/2020)
ईथर (गुणवत्ता नियंत्रण) संशोधन आदेश, 2021"
,IS 5295:1985,एथिलीन ग्लाइकोल,"एथिलीन ग्लाइकोल (गुणवत्ता नियंत्रण) आदेश, 2020
(एस.ओ. 2184(ई) दिनांक 29/06/2020)
शुद्धिपत्र दिनांक 21.07.2020
एथिलीन ग्लाइकोल (गुणवत्ता नियंत्रण) संशोधन आदेश, 2020
एथिलीन ग्लाइकोल (गुणवत्ता नियंत्रण) संशोधन आदेश, 2021
एथिलीन ग्लाइकोल (गुणवत्ता नियंत्रण) आदेश, 2021
विभिन्न रसायनों हेतु संशोधन आदेश, दिनांक 24/12/2021
एथिलीन ग्लाइकोल (गुणवत्ता नियंत्रण) संशोधन आदेश, 2022
विभिन्न रसायनों हेतु संशोधन आदेश, दिनांक 13 जून 2022
एथिलीन ग्लाइकोल (गुणवत्ता नियंत्रण) आदेश, 2022

(एस.ओ. 6109(ई), दिनांक 28/12/2022)
एथिलीन ग्लाइकोल (गुणवत्ता नियंत्रण) संशोधन आदेश, 2023

(एस.ओ. 1407(ई), दिनांक 23 मार्च 2023)
एथिलीन ग्लाइकोल (गुणवत्ता नियंत्रण) आदेश, 2021 को निरस्त करने का आदेश

एस.ओ. 5130(ई), दिनांक 12 नवम्बर 2025"
,IS 537:2011,टोल्यून,"टोल्यून (गुणवत्ता नियंत्रण) आदेश, 2020
(एस.ओ. 2186(ई), दिनांक 29/06/2020)
टोल्यून (गुणवत्ता नियंत्रण) संशोधन आदेश, 2021
टोल्यून (गुणवत्ता नियंत्रण) आदेश, 2021
विभिन्न रसायनों हेतु संशोधन आदेश, दिनांक 24/12/2021
टोल्यून (गुणवत्ता नियंत्रण) संशोधन आदेश, 2022
विभिन्न रसायनों हेतु संशोधन आदेश, दिनांक 13 जून 2022
टोल्यून (गुणवत्ता नियंत्रण) द्वितीय संशोधन आदेश, 2022

(एस.ओ. 5990(ई), दिनांक 21/12/2022)
टोल्यून (गुणवत्ता नियंत्रण) संशोधन आदेश, 2023

(एस.ओ. 2730(ई), दिनांक 20/06/2023)
टोल्यून (गुणवत्ता नियंत्रण) द्वितीय संशोधन आदेश, 2023

(एस.ओ. 5373(ई), दिनांक 19 दिसम्बर 2023)
टोल्यून (गुणवत्ता नियंत्रण) प्रथम संशोधन आदेश, 2024

(एस.ओ. 5537(ई), दिनांक 24 दिसम्बर 2024)
टोल्यून (गुणवत्ता नियंत्रण) आदेश, 2021 को निरस्त करने का आदेश

एस.ओ. 5528(ई), दिनांक 01 दिसम्बर 2025"
,IS 15030:2001,टेरेफ्थैलिक अम्ल,"टेरेफ्थैलिक अम्ल (गुणवत्ता नियंत्रण) आदेश, 2020
(एस.ओ. 2185(ई), दिनांक 29/06/2020)
टेरेफ्थैलिक अम्ल (गुणवत्ता नियंत्रण) संशोधन आदेश, 2021
टेरेफ्थैलिक अम्ल (गुणवत्ता नियंत्रण) आदेश, 2021
विभिन्न रसायनों हेतु संशोधन आदेश, दिनांक 24/12/2021
टेरेफ्थैलिक अम्ल (गुणवत्ता नियंत्रण) संशोधन आदेश, 2022
विभिन्न रसायनों हेतु संशोधन आदेश, दिनांक 13 जून 2022
टेरेफ्थैलिक अम्ल (गुणवत्ता नियंत्रण) द्वितीय संशोधन आदेश, 2022

(एस.ओ. 5991(ई), दिनांक 21/12/2022)
टेरेफ्थैलिक अम्ल (गुणवत्ता नियंत्रण) आदेश, 2021 को निरस्त करने का आदेश

एस.ओ. 5129(ई), दिनांक 12 नवम्बर 2025"
,IS 14707: 1999,मेथाइल एक्रिलेट,"मेथाइल एक्रिलेट, एथाइल एक्रिलेट, एन-ब्यूटाइल एक्रिलेट (गुणवत्ता नियंत्रण) आदेश, 2020

(एस.ओ. सं. 4001(ई), दिनांक 04/11/2020)

विभिन्न रासायनिक उत्पादों हेतु संशोधन आदेश
मेथाइल एक्रिलेट, एथाइल एक्रिलेट (गुणवत्ता नियंत्रण) आदेश, 2021

विभिन्न रसायनों हेतु संशोधन आदेश, दिनांक 22/12/2021
मेथाइल एक्रिलेट, एथाइल एक्रिलेट (गुणवत्ता नियंत्रण) संशोधन आदेश, 2022

(विभिन्न रसायनों हेतु संशोधन आदेश, दिनांक 30 मई 2022)
मेथाइल एक्रिलेट, एथाइल एक्रिलेट (गुणवत्ता नियंत्रण) द्वितीय संशोधन आदेश, 2022

(विभिन्न रसायनों हेतु संशोधन आदेश, दिनांक 25 नवम्बर 2022)
मेथाइल एक्रिलेट, एथाइल एक्रिलेट (गुणवत्ता नियंत्रण) संशोधन आदेश, 2023

(एस.ओ. 2335(ई), दिनांक 23 मई 2023)
मेथाइल एक्रिलेट, एथाइल एक्रिलेट (गुणवत्ता नियंत्रण) संशोधन आदेश, 2024

एस.ओ. 928(ई), दिनांक 27 फरवरी 2024
मेथाइल एक्रिलेट, एथाइल एक्रिलेट (गुणवत्ता नियंत्रण) संशोधन आदेश, 2025

एस.ओ. 1556(ई), दिनांक 01 अप्रैल 2025
मेथाइल एक्रिलेट, एथाइल एक्रिलेट (गुणवत्ता नियंत्रण) आदेश, 2021 को निरस्त करने का आदेश

एस.ओ. 5529(ई), दिनांक 01 दिसम्बर 2025"
,IS 14708:1999,एथाइल एक्रिलेट
,IS 12345:1988,विनाइल एसीटेट मोनोमर,"विनाइल एसीटेट मोनोमर (गुणवत्ता नियंत्रण) आदेश, 2020

(एस.ओ. सं. 4003(ई), दिनांक 04/11/2020)

विभिन्न रासायनिक उत्पादों हेतु संशोधन आदेश
विनाइल एसीटेट मोनोमर (गुणवत्ता नियंत्रण) आदेश, 2021

विभिन्न रसायनों हेतु संशोधन आदेश, दिनांक 22/12/2021
विनाइल एसीटेट मोनोमर (गुणवत्ता नियंत्रण) संशोधन आदेश, 2022

(विभिन्न रसायनों हेतु संशोधन आदेश, दिनांक 30 मई 2022)
विनाइल एसीटेट मोनोमर (गुणवत्ता नियंत्रण) द्वितीय संशोधन आदेश, 2022

(विभिन्न रसायनों हेतु संशोधन आदेश, दिनांक 25 नवम्बर 2022)
विनाइल एसीटेट मोनोमर (गुणवत्ता नियंत्रण) संशोधन आदेश, 2023

(एस.ओ. 2334(ई), दिनांक 23 मई 2023)
मेथाइल एक्रिलेट, एथाइल एक्रिलेट (गुणवत्ता नियंत्रण) संशोधन आदेश, 2023

(एस.ओ. 2335(ई), दिनांक 23 मई 2023)
विनाइल एसीटेट मोनोमर (गुणवत्ता नियंत्रण) संशोधन आदेश, 2024

एस.ओ. 927(ई), दिनांक 27 फरवरी 2024
विनाइल एसीटेट मोनोमर (गुणवत्ता नियंत्रण) संशोधन आदेश, 2025

एस.ओ. 1555(ई), दिनांक 01 अप्रैल 2025
विनाइल एसीटेट मोनोमर (गुणवत्ता नियंत्रण) आदेश, 2021 को निरस्त करने का आदेश

एस.ओ. 5530(ई), दिनांक 01 दिसम्बर 2025"
,IS 4105:2020,स्टाइरीन (विनाइल बेंजीन),"स्टाइरीन (विनाइल बेंजीन) (गुणवत्ता नियंत्रण) आदेश, 2020

(एस.ओ. सं. 4002(ई), दिनांक 04/11/2020)

विभिन्न रासायनिक उत्पादों हेतु संशोधन आदेश
स्टाइरीन (विनाइल बेंजीन) (गुणवत्ता नियंत्रण) आदेश, 2020

विभिन्न पेट्रोकेमिकल्स हेतु संशोधन आदेश, दिनांक 08/10/2021
स्टाइरीन (विनाइल बेंजीन) (गुणवत्ता नियंत्रण) आदेश, 2022

विभिन्न रसायनों हेतु संशोधन आदेश, दिनांक 05/04/2022
स्टाइरीन (विनाइल बेंजीन) (गुणवत्ता नियंत्रण) संशोधन आदेश, 2022

विभिन्न पेट्रोकेमिकल्स हेतु संशोधन आदेश, दिनांक 29 सितम्बर 2022
स्टाइरीन (विनाइल बेंजीन) (गुणवत्ता नियंत्रण) संशोधन आदेश, 2023

(एस.ओ. 1786(ई), दिनांक 18/04/2023)
स्टाइरीन (विनाइल बेंजीन) (गुणवत्ता नियंत्रण) संशोधन आदेश, 2024

(एस.ओ. 1465(ई), दिनांक 18 मार्च 2024)
स्टाइरीन (विनाइल बेंजीन) (गुणवत्ता नियंत्रण) द्वितीय संशोधन आदेश, 2024

एस.ओ. 4653(ई), दिनांक 24 अक्टूबर 2024
स्टाइरीन (विनाइल बेंजीन) (गुणवत्ता नियंत्रण) आदेश, 2022 को निरस्त करने का आदेश

एस.ओ. 4864(ई), दिनांक 24 अक्टूबर 2025"
,IS 5149:2020,"मेलिक एनहाइड्राइड, तकनीकी","मेलिक एनहाइड्राइड (गुणवत्ता नियंत्रण) आदेश, 2020

(एस.ओ. सं. 4000(ई), दिनांक 04/11/2020)

विभिन्न रासायनिक उत्पादों हेतु संशोधन आदेश
मेलिक एनहाइड्राइड (गुणवत्ता नियंत्रण) आदेश, 2021

विभिन्न पेट्रोकेमिकल्स हेतु संशोधन आदेश, दिनांक 08/10/2021
मेलिक एनहाइड्राइड (गुणवत्ता नियंत्रण) आदेश, 2022

विभिन्न रसायनों हेतु संशोधन आदेश, दिनांक 05/04/2022
मेलिक एनहाइड्राइड (गुणवत्ता नियंत्रण) संशोधन आदेश, 2022

विभिन्न पेट्रोकेमिकल्स हेतु संशोधन आदेश, दिनांक 29 सितम्बर 2022
मेलिक एनहाइड्राइड (गुणवत्ता नियंत्रण) संशोधन आदेश, 2023

(एस.ओ. 1788(ई), दिनांक 18/04/2023)
मेलिक एनहाइड्राइड (गुणवत्ता नियंत्रण) संशोधन आदेश, 2023 में संशोधन

(एस.ओ. 1986(ई), दिनांक 01/05/2023)
मेलिक एनहाइड्राइड (गुणवत्ता नियंत्रण) संशोधन आदेश, 2023

(एस.ओ. 4233(ई), दिनांक 26 सितम्बर 2023)
मेलिक एनहाइड्राइड (गुणवत्ता नियंत्रण) संशोधन आदेश, 2024

(एस.ओ. 1466(ई), दिनांक 18 मार्च 2024)
मेलिक एनहाइड्राइड (गुणवत्ता नियंत्रण) द्वितीय संशोधन आदेश, 2024

एस.ओ. 4652(ई), दिनांक 24 अक्टूबर 2024
मेलिक एनहाइड्राइड (गुणवत्ता नियंत्रण) आदेश, 2022 को निरस्त करने का आदेश

एस.ओ. 4863(ई), दिनांक 24 अक्टूबर 2025"
,IS 12540:1988,एक्रिलोनाइट्राइल,"एक्रिलोनाइट्राइल (गुणवत्ता नियंत्रण) आदेश, 2020

(एस.ओ. सं. 3999(ई), दिनांक 04/11/2020)

एक्रिलोनाइट्राइल (गुणवत्ता नियंत्रण) संशोधन आदेश, 2020

विभिन्न रासायनिक उत्पादों हेतु संशोधन आदेश
एक्रिलोनाइट्राइल (गुणवत्ता नियंत्रण) आदेश, 2021

विभिन्न पेट्रोकेमिकल्स हेतु संशोधन आदेश, दिनांक 08/10/2021
एक्रिलोनाइट्राइल (गुणवत्ता नियंत्रण) आदेश, 2022

विभिन्न रसायनों हेतु संशोधन आदेश, दिनांक 05/04/2022
एक्रिलोनाइट्राइल (गुणवत्ता नियंत्रण) संशोधन आदेश, 2022

विभिन्न पेट्रोकेमिकल्स हेतु संशोधन आदेश, दिनांक 29 सितम्बर 2022
एक्रिलोनाइट्राइल (गुणवत्ता नियंत्रण) संशोधन आदेश, 2023

(एस.ओ. 1787(ई), दिनांक 18/04/2023)
एक्रिलोनाइट्राइल (गुणवत्ता नियंत्रण) संशोधन आदेश, 2024

(एस.ओ. 1464(ई), दिनांक 18 मार्च 2024)
एक्रिलोनाइट्राइल (गुणवत्ता नियंत्रण) द्वितीय संशोधन आदेश, 2024

एस.ओ. 4651(ई), दिनांक 24 अक्टूबर 2024
एक्रिलोनाइट्राइल (गुणवत्ता नियंत्रण) आदेश, 2022 को निरस्त करने का आदेश

एस.ओ. 4862(ई), दिनांक 24 अक्टूबर 2025"
,IS 17265:2019,100 प्रतिशत पॉलिएस्टर स्पन ग्रे एवं व्हाइट यार्न (PSY),"100 प्रतिशत पॉलिएस्टर स्पन ग्रे एवं व्हाइट यार्न (गुणवत्ता नियंत्रण) आदेश, 2021
(एस.ओ. 1618 (ई), दिनांक 15.04.2021)
100 प्रतिशत पॉलिएस्टर स्पन ग्रे एवं व्हाइट यार्न (PSY) (गुणवत्ता नियंत्रण) संशोधन आदेश, 2021
(एस.ओ. 4180 (ई), दिनांक 08.10.2021)
100 प्रतिशत पॉलिएस्टर स्पन ग्रे एवं व्हाइट यार्न (गुणवत्ता नियंत्रण) आदेश, 2022
विभिन्न रसायनों हेतु संशोधन आदेश, दिनांक 05.04.2022
100 प्रतिशत पॉलिएस्टर स्पन ग्रे एवं व्हाइट यार्न (गुणवत्ता नियंत्रण) संशोधन आदेश, 2022
विभिन्न पेट्रोकेमिकल्स हेतु संशोधन आदेश, दिनांक 29 सितम्बर 2022
100 प्रतिशत पॉलिएस्टर स्पन ग्रे एवं व्हाइट यार्न (गुणवत्ता नियंत्रण) संशोधन आदेश, 2023
(एस.ओ. 1561 (ई), दिनांक 31.03.2023)
100 प्रतिशत पॉलिएस्टर स्पन ग्रे एवं व्हाइट यार्न (गुणवत्ता नियंत्रण) आदेश, 2023
(एस.ओ. 3195 (ई), दिनांक 17 जुलाई 2023)
100 प्रतिशत पॉलिएस्टर स्पन ग्रे एवं व्हाइट यार्न (गुणवत्ता नियंत्रण) आदेश, 2023 का निरसन
एस.ओ. 5131 (ई), दिनांक 12 नवम्बर 2025"
,IS 17261:2019,पॉलिएस्टर कंटीन्यूअस फिलामेंट फुली ड्रॉन यार्न (FDY),"पॉलिएस्टर कंटीन्यूअस फिलामेंट फुली ड्रॉन यार्न (गुणवत्ता नियंत्रण) आदेश, 2021
(एस.ओ. 1621 (ई), दिनांक 15.04.2021)
पॉलिएस्टर कंटीन्यूअस फिलामेंट फुली ड्रॉन यार्न (गुणवत्ता नियंत्रण) संशोधन आदेश, 2021
(एस.ओ. 4183 (ई), दिनांक 08.10.2021)
पॉलिएस्टर कंटीन्यूअस फिलामेंट फुली ड्रॉन यार्न (गुणवत्ता नियंत्रण) आदेश, 2022
विभिन्न रसायनों हेतु संशोधन आदेश, दिनांक 05.04.2022
पॉलिएस्टर कंटीन्यूअस फिलामेंट फुली ड्रॉन यार्न (गुणवत्ता नियंत्रण) संशोधन आदेश, 2022
विभिन्न पेट्रोकेमिकल्स हेतु संशोधन आदेश, दिनांक 29 सितम्बर 2022
पॉलिएस्टर कंटीन्यूअस फिलामेंट फुली ड्रॉन यार्न (गुणवत्ता नियंत्रण) संशोधन आदेश, 2023
(एस.ओ. 1558 (ई), दिनांक 31.03.2023)
पॉलिएस्टर कंटीन्यूअस फिलामेंट फुली ड्रॉन यार्न (गुणवत्ता नियंत्रण) आदेश, 2023
(एस.ओ. 3193 (ई), दिनांक 17 जुलाई 2023)
पॉलिएस्टर कंटीन्यूअस फिलामेंट फुली ड्रॉन यार्न (गुणवत्ता नियंत्रण) संशोधन आदेश, 2024
एस.ओ. 2878 (ई), दिनांक 18 जुलाई 2024
पॉलिएस्टर कंटीन्यूअस फिलामेंट फुली ड्रॉन यार्न (गुणवत्ता नियंत्रण) आदेश, 2023 का निरसन
एस.ओ. 5134 (ई), दिनांक 12 नवम्बर 2025"
,IS 17264:2019,पॉलिएस्टर इंडस्ट्रियल यार्न (IDY),"पॉलिएस्टर इंडस्ट्रियल यार्न (गुणवत्ता नियंत्रण) आदेश, 2021
(एस.ओ. 1622 (ई), दिनांक 15.04.2021)
पॉलिएस्टर इंडस्ट्रियल यार्न (गुणवत्ता नियंत्रण) संशोधन आदेश, 2021
(एस.ओ. 4184 (ई), दिनांक 08.10.2021)
पॉलिएस्टर इंडस्ट्रियल यार्न (गुणवत्ता नियंत्रण) आदेश, 2022
विभिन्न रसायनों हेतु संशोधन आदेश, दिनांक 05.04.2022
पॉलिएस्टर इंडस्ट्रियल यार्न (गुणवत्ता नियंत्रण) संशोधन आदेश, 2022
विभिन्न पेट्रोकेमिकल्स हेतु संशोधन आदेश, दिनांक 29 सितम्बर 2022
पॉलिएस्टर इंडस्ट्रियल यार्न (गुणवत्ता नियंत्रण) संशोधन आदेश, 2023
(एस.ओ. 1560 (ई), दिनांक 31.03.2023)
पॉलिएस्टर इंडस्ट्रियल यार्न (गुणवत्ता नियंत्रण) द्वितीय संशोधन आदेश, 2023
(एस.ओ. 3196 (ई), दिनांक 17 जुलाई 2023)
पॉलिएस्टर इंडस्ट्रियल यार्न (IDY) (गुणवत्ता नियंत्रण) आदेश, 2022 का निरसन
एस.ओ. 5132 (ई), दिनांक 12 नवम्बर 2025"
,IS 17262:2019,पॉलिएस्टर पार्टियली ओरिएंटेड यार्न (POY),"पॉलिएस्टर पार्टियली ओरिएंटेड यार्न (गुणवत्ता नियंत्रण) आदेश, 2021
(एस.ओ. 1623 (ई), दिनांक 15.04.2021)
पॉलिएस्टर पार्टियली ओरिएंटेड यार्न (गुणवत्ता नियंत्रण) संशोधन आदेश, 2021
(एस.ओ. 4185 (ई), दिनांक 08.10.2021)
पॉलिएस्टर पार्टियली ओरिएंटेड यार्न (गुणवत्ता नियंत्रण) आदेश, 2022
विभिन्न रसायनों हेतु संशोधन आदेश, दिनांक 05.04.2022
पॉलिएस्टर पार्टियली ओरिएंटेड यार्न (गुणवत्ता नियंत्रण) संशोधन आदेश, 2022
विभिन्न पेट्रोकेमिकल्स हेतु संशोधन आदेश, दिनांक 29 सितम्बर 2022
पॉलिएस्टर पार्टियली ओरिएंटेड यार्न (गुणवत्ता नियंत्रण) संशोधन आदेश, 2023
(एस.ओ. 1559 (ई), दिनांक 31.03.2023)
पॉलिएस्टर पार्टियली ओरिएंटेड यार्न (गुणवत्ता नियंत्रण) आदेश, 2023
(एस.ओ. 3194 (ई), दिनांक 17 जुलाई 2023)
पॉलिएस्टर पार्टियली ओरिएंटेड यार्न (गुणवत्ता नियंत्रण) आदेश, 2023 का निरसन
एस.ओ. 5135 (ई), दिनांक 12 नवम्बर 2025"
,IS 17263:2019,पॉलिएस्टर स्टेपल फाइबर्स (PSF),"पॉलिएस्टर स्टेपल फाइबर्स (गुणवत्ता नियंत्रण) आदेश, 2021
(एस.ओ. 1624 (ई), दिनांक 15.04.2021)
पॉलिएस्टर स्टेपल फाइबर्स (गुणवत्ता नियंत्रण) संशोधन आदेश, 2021
(एस.ओ. 4186 (ई), दिनांक 08.10.2021)
पॉलिएस्टर स्टेपल फाइबर्स (गुणवत्ता नियंत्रण) आदेश, 2022
विभिन्न रसायनों हेतु संशोधन आदेश, दिनांक 05.04.2022
पॉलिएस्टर स्टेपल फाइबर्स (PSF) (गुणवत्ता नियंत्रण) संशोधन आदेश, 2022
विभिन्न पेट्रोकेमिकल्स हेतु संशोधन आदेश, दिनांक 29 सितम्बर 2022
पॉलिएस्टर स्टेपल फाइबर्स (गुणवत्ता नियंत्रण) संशोधन आदेश, 2023
एस.ओ. 2333 (ई), दिनांक 26 मई 2023
पॉलिएस्टर स्टेपल फाइबर्स (PSF) (गुणवत्ता नियंत्रण) आदेश, 2022 का निरसन
एस.ओ. 5133 (ई), दिनांक 12 नवम्बर 2025"
,IS 7328:2020,"मोल्डिंग एवं एक्सट्रूज़न हेतु पॉलीएथिलीन सामग्री
(i) लो डेंसिटी पॉलीएथिलीन (LDPE)
(ii) लिनियर लो-डेंसिटी पॉलीएथिलीन (LLDPE)
(iii) हाई डेंसिटी पॉलीएथिलीन (HDPE)","मोल्डिंग एवं एक्सट्रूज़न हेतु पॉलीएथिलीन सामग्री (गुणवत्ता नियंत्रण) आदेश, 2021
(एस.ओ. 1625 (ई), दिनांक 15.04.2021)
मोल्डिंग एवं एक्सट्रूज़न हेतु पॉलीएथिलीन सामग्री (गुणवत्ता नियंत्रण) संशोधन आदेश, 2021
(एस.ओ. 4187 (ई), दिनांक 08.10.2021)
मोल्डिंग एवं एक्सट्रूज़न हेतु पॉलीएथिलीन सामग्री (गुणवत्ता नियंत्रण) आदेश, 2022
विभिन्न रसायनों हेतु संशोधन आदेश, दिनांक 05.04.2022
मोल्डिंग एवं एक्सट्रूज़न हेतु पॉलीएथिलीन सामग्री (गुणवत्ता नियंत्रण) संशोधन आदेश, 2022
विभिन्न पेट्रोकेमिकल्स हेतु संशोधन आदेश, दिनांक 29 सितम्बर 2022
मोल्डिंग एवं एक्सट्रूज़न हेतु पॉलीएथिलीन सामग्री (गुणवत्ता नियंत्रण) संशोधन आदेश, 2023
(एस.ओ. 1557 (ई), दिनांक 31.03.2023)
मोल्डिंग एवं एक्सट्रूज़न हेतु पॉलीएथिलीन सामग्री (गुणवत्ता नियंत्रण) संशोधन आदेश, 2023
(एस.ओ. 4235 (ई), दिनांक 26 सितम्बर 2023)
मोल्डिंग एवं एक्सट्रूज़न हेतु पॉलीएथिलीन सामग्री (गुणवत्ता नियंत्रण) संशोधन आदेश, 2024
(एस.ओ. 68 (ई), दिनांक 04 जनवरी 2024)
मोल्डिंग एवं एक्सट्रूज़न हेतु पॉलीएथिलीन सामग्री (गुणवत्ता नियंत्रण) संशोधन आदेश, 2025
एस.ओ. 2560 (ई), दिनांक 12 जून 2025
मोल्डिंग एवं एक्सट्रूज़न हेतु पॉलीएथिलीन सामग्री (गुणवत्ता नियंत्रण) आदेश, 2022 का निरसन
एस.ओ. 5136 (ई), दिनांक 12 नवम्बर 2025"
240.,IS 11356:2020,स्टाइरीन-ब्यूटाडीन रबर लेटेक्स,"34. स्टाइरीन-ब्यूटाडीन रबर लेटेक्स (गुणवत्ता नियंत्रण) आदेश, 2021
(एस.ओ. 1626 (ई), दिनांक 15.04.2021)
स्टाइरीन-ब्यूटाडीन रबर लेटेक्स (गुणवत्ता नियंत्रण) संशोधन आदेश, 2024
एस.ओ. 3957 (ई), दिनांक 18 सितंबर 2024"
241.,IS 16481:2016,सीमेंट आधारित मैट्रिक्स में उपयोग हेतु सिंथेटिक माइक्रो-फाइबर्स,"35. सीमेंट आधारित मैट्रिक्स में उपयोग हेतु सिंथेटिक माइक्रो-फाइबर्स (गुणवत्ता नियंत्रण) आदेश, 2021
(एस.ओ. 1627 (ई), दिनांक 15.04.2021)
सीमेंट आधारित मैट्रिक्स में उपयोग हेतु सिंथेटिक माइक्रो-फाइबर्स (गुणवत्ता नियंत्रण) संशोधन आदेश, 2021
(एस.ओ. 4188 (ई), दिनांक 08.10.2021)
सीमेंट आधारित मैट्रिक्स में उपयोग हेतु सिंथेटिक माइक्रो-फाइबर्स (गुणवत्ता नियंत्रण) आदेश, 2022
विभिन्न रसायनों हेतु संशोधन आदेश, दिनांक 05/04/2022
सीमेंट आधारित मैट्रिक्स में उपयोग हेतु सिंथेटिक माइक्रो-फाइबर्स (गुणवत्ता नियंत्रण) संशोधन आदेश, 2022
विभिन्न पेट्रोकेमिकल्स हेतु संशोधन आदेश, दिनांक 29 सितंबर 2022"
242.,IS 12795:2020,लिनियर एल्काइल बेंज़ीन,"36. लिनियर एल्काइल बेंज़ीन (गुणवत्ता नियंत्रण) आदेश, 2021
(एस.ओ. 1664 (ई), दिनांक 15.04.2021)
लिनियर एल्काइल बेंज़ीन (गुणवत्ता नियंत्रण) संशोधन आदेश, 2021
(एस.ओ. 4182 (ई), दिनांक 08.10.2021)
लिनियर एल्काइल बेंज़ीन (गुणवत्ता नियंत्रण) आदेश, 2022
विभिन्न रसायनों हेतु संशोधन आदेश, दिनांक 05/04/2022
लिनियर एल्काइल बेंज़ीन (गुणवत्ता नियंत्रण) संशोधन आदेश, 2022
विभिन्न पेट्रोकेमिकल्स हेतु संशोधन आदेश, दिनांक 29 सितंबर 2022
लिनियर एल्काइल बेंज़ीन (गुणवत्ता नियंत्रण) संशोधन आदेश, 2022
एस.ओ..1655 (ई) दिनांक 30 मार्च , 2026"
,IS 13601:1993,एथिलीन विनाइल एसीटेट (EVA) कोपॉलिमर,"एथिलीन विनाइल एसीटेट कोपॉलिमर (गुणवत्ता नियंत्रण) आदेश, 2021
(एस.ओ. 1620 (ई), दिनांक 15.04.2021)
एथिलीन विनाइल एसीटेट कोपॉलिमर (गुणवत्ता नियंत्रण) संशोधन आदेश, 2021
(एस.ओ. 4181 (ई), दिनांक 08.10.2021)
एथिलीन विनाइल एसीटेट कोपॉलिमर (गुणवत्ता नियंत्रण) आदेश, 2022
विभिन्न रसायनों हेतु संशोधन आदेश, दिनांक 05/04/2022
एथिलीन विनाइल एसीटेट कोपॉलिमर (गुणवत्ता नियंत्रण) संशोधन आदेश, 2022
विभिन्न पेट्रोकेमिकल्स हेतु संशोधन आदेश, दिनांक 29 सितंबर 2022
एथिलीन विनाइल एसीटेट कोपॉलिमर (गुणवत्ता नियंत्रण) संशोधन आदेश, 2023
(एस.ओ. 1556 (ई), दिनांक 31/03/2023)
एथिलीन विनाइल एसीटेट कोपॉलिमर (गुणवत्ता नियंत्रण) संशोधन आदेश, 2023
(एस.ओ. 4234 (ई), दिनांक 26 सितंबर 2023)
एथिलीन विनाइल एसीटेट कोपॉलिमर (गुणवत्ता नियंत्रण) संशोधन आदेश, 2024
(एस.ओ. 1463 (ई), दिनांक 18 मार्च 2024)
एथिलीन विनाइल एसीटेट कोपॉलिमर (गुणवत्ता नियंत्रण) द्वितीय संशोधन आदेश, 2024
एस.ओ. 4286 (ई), दिनांक 01 अक्टूबर 2024
एथिलीन विनाइल एसीटेट कोपॉलिमर (गुणवत्ता नियंत्रण) संशोधन आदेश, 2025
एस.ओ. 4495 (ई), दिनांक 01 अक्टूबर 2025
एथिलीन विनाइल एसीटेट (EVA) कोपॉलिमर (गुणवत्ता नियंत्रण) आदेश, 2022 का निरस्तीकरण आदेश
एस.ओ. 5140 (ई), दिनांक 12 नवंबर 2025"
243.,IS 7686:2020,"3 (एन, एन-डाइएथाइल) अमीनोफिनॉल","37. 3 (एन, एन-डाइएथाइल) अमीनोफिनॉल (गुणवत्ता नियंत्रण) आदेश, 2021
(एस.ओ. सं. 2031 (ई), दिनांक 25/05/2021)"
244.,IS 4566:2020,मेथिलीन क्लोराइड (डाइक्लोरोमीथेन),"38. मेथिलीन क्लोराइड (डाइक्लोरोमीथेन) (गुणवत्ता नियंत्रण) आदेश, 2021
(एस.ओ. सं. 2032 (ई), दिनांक 25/05/2021)
मेथिलीन क्लोराइड (डाइक्लोरोमीथेन) (गुणवत्ता नियंत्रण) संशोधन आदेश, 2021
(एस.ओ. 4913 (ई), दिनांक 29.11.2021)
मेथिलीन क्लोराइड (डाइक्लोरोमीथेन) (गुणवत्ता नियंत्रण) आदेश, 2021
(विभिन्न रसायनों हेतु संशोधन आदेश, दिनांक 13/05/2022)
मेथिलीन क्लोराइड (डाइक्लोरोमीथेन) (गुणवत्ता नियंत्रण) आदेश, 2021 में संशोधन
एस.ओ. 5396 (ई), दिनांक 18 नवंबर 2022
मेथिलीन क्लोराइड (डाइक्लोरोमीथेन) (गुणवत्ता नियंत्रण) संशोधन आदेश, 2023
(एस.ओ. 1870 (ई), दिनांक 24/04/2023)"
245.,IS 2012:2006,लाल फॉस्फोरस,"39. लाल फॉस्फोरस (गुणवत्ता नियंत्रण) आदेश, 2021
(एस.ओ. सं. 2033 (ई), दिनांक 25/05/2021)"
,IS 17077:2019/ISO 19062-1:2015,एक्रिलोनाइट्राइल ब्यूटाडीन स्टाइरीन (ABS),"एक्रिलोनाइट्राइल-ब्यूटाडीन स्टाइरीन (ABS) (गुणवत्ता नियंत्रण) आदेश, 2021
(एस.ओ. 3927 (ई), दिनांक 13.09.2021)
  एक्रिलोनाइट्राइल-ब्यूटाडीन स्टाइरीन (ABS) (गुणवत्ता नियंत्रण) संशोधन आदेश, 2022
विभिन्न पेट्रोकेमिकल्स हेतु संशोधन आदेश, दिनांक 07/01/2022
एक्रिलोनाइट्राइल-ब्यूटाडीन स्टाइरीन (ABS) (गुणवत्ता नियंत्रण) आदेश, 2022
(विभिन्न रसायनों हेतु संशोधन आदेश, दिनांक 10/03/2022)
एक्रिलोनाइट्राइल-ब्यूटाडीन स्टाइरीन (ABS) (गुणवत्ता नियंत्रण) तृतीय संशोधन आदेश, 2022
(विभिन्न पेट्रोकेमिकल्स हेतु संशोधन आदेश, दिनांक 02 सितंबर 2022)
एक्रिलोनाइट्राइल-ब्यूटाडीन स्टाइरीन (ABS) (गुणवत्ता नियंत्रण) संशोधन आदेश, 2023
(एस.ओ. 1121 (ई), दिनांक 09/03/2023)
एक्रिलोनाइट्राइल-ब्यूटाडीन स्टाइरीन (ABS) (गुणवत्ता नियंत्रण) संशोधन आदेश, 2024
एस.ओ. 4988 (ई), दिनांक 20 नवंबर 2024
एक्रिलोनाइट्राइल ब्यूटाडीन स्टाइरीन (ABS) (गुणवत्ता नियंत्रण) आदेश, 2021 का निरस्तीकरण आदेश
एस.ओ. 5137 (ई), दिनांक 12 नवंबर 2025"
,IS 869:2020,एथिलीन डाइक्लोराइड,"एथिलीन डाइक्लोराइड (गुणवत्ता नियंत्रण) आदेश, 2021
(एस.ओ. 3928 (ई), दिनांक 13.09.2021)
एथिलीन डाइक्लोराइड (गुणवत्ता नियंत्रण) आदेश, 2022
(विभिन्न रसायनों हेतु संशोधन आदेश, दिनांक 10/03/2022)
एथिलीन डाइक्लोराइड (गुणवत्ता नियंत्रण) द्वितीय संशोधन आदेश, 2022
(विभिन्न पेट्रोकेमिकल्स हेतु संशोधन आदेश, दिनांक 02 सितंबर 2022)
एथिलीन डाइक्लोराइड (गुणवत्ता नियंत्रण) संशोधन आदेश, 2023
(एस.ओ. 1124 (ई), दिनांक 09/03/2023)
एथिलीन डाइक्लोराइड (गुणवत्ता नियंत्रण) संशोधन आदेश, 2024
एस.ओ. 1108 (ई), दिनांक 06 मार्च 2024
एथिलीन डाइक्लोराइड (गुणवत्ता नियंत्रण) द्वितीय संशोधन आदेश, 2024
एस.ओ. 3936 (ई), दिनांक 13 सितंबर 2024
एथिलीन डाइक्लोराइड (गुणवत्ता नियंत्रण) संशोधन आदेश, 2025
एस.ओ. 1126 (ई), दिनांक 11 मार्च 2025
एथिलीन डाइक्लोराइड (गुणवत्ता नियंत्रण) संशोधन आदेश, 2025
एस.ओ. 4177 (ई), दिनांक 16 सितंबर 2025
एथिलीन डाइक्लोराइड (गुणवत्ता नियंत्रण) आदेश, 2021 का निरस्तीकरण आदेश
एस.ओ. 5531 (ई), दिनांक 01 दिसंबर 2025"
,IS 17370:2020,p-ज़ाइलीन,"p-ज़ाइलीन (गुणवत्ता नियंत्रण) आदेश, 2021
(एस.ओ. 3929 (ई), दिनांक 13.09.2021)
p-ज़ाइलीन (गुणवत्ता नियंत्रण) आदेश, 2022
(विभिन्न पेट्रोकेमिकल्स हेतु संशोधन आदेश, दिनांक 23/03/2022)
p-ज़ाइलीन (गुणवत्ता नियंत्रण) द्वितीय संशोधन आदेश, 2022
(विभिन्न पेट्रोकेमिकल्स हेतु संशोधन आदेश, दिनांक 02 सितम्बर 2022)
p-ज़ाइलीन (गुणवत्ता नियंत्रण) संशोधन आदेश, 2023
(एस.ओ. 1239(ई), दिनांक 15/03/2023)
p-ज़ाइलीन (गुणवत्ता नियंत्रण) संशोधन आदेश, 2024
एस.ओ. 1111(ई), दिनांक 06 मार्च 2024
p-ज़ाइलीन (गुणवत्ता नियंत्रण) द्वितीय संशोधन आदेश, 2024
एस.ओ. 4173(ई), दिनांक 23 सितम्बर 2024
p-ज़ाइलीन (गुणवत्ता नियंत्रण) संशोधन आदेश, 2025
एस.ओ. 1252(ई), दिनांक 19 मार्च 2025
p-ज़ाइलीन (गुणवत्ता नियंत्रण) आदेश, 2021 को निरस्त किया गया
एस.ओ. 5527(ई), दिनांक 01 दिसम्बर 2025"
,IS 14434:1998,पॉलीकार्बोनेट,"पॉलीकार्बोनेट (गुणवत्ता नियंत्रण) आदेश, 2021
(एस.ओ. 3930(ई), दिनांक 13.09.2021)
पॉलीकार्बोनेट (गुणवत्ता नियंत्रण) आदेश, 2022
(विभिन्न रसायनों हेतु संशोधन आदेश, दिनांक 10/03/2022)
पॉलीकार्बोनेट (गुणवत्ता नियंत्रण) द्वितीय संशोधन आदेश, 2022
(विभिन्न पेट्रोकेमिकल्स हेतु संशोधन आदेश, दिनांक 02 सितम्बर 2022)
पॉलीकार्बोनेट (गुणवत्ता नियंत्रण) संशोधन आदेश, 2023
(एस.ओ. 1122(ई), दिनांक 09/03/2023)
पॉलीकार्बोनेट (गुणवत्ता नियंत्रण) संशोधन आदेश, 2024
एस.ओ. 1109(ई), दिनांक 06 मार्च 2024
पॉलीकार्बोनेट (गुणवत्ता नियंत्रण) द्वितीय संशोधन आदेश, 2024
एस.ओ. 3953(ई), दिनांक 17 सितम्बर 2024
पॉलीकार्बोनेट (गुणवत्ता नियंत्रण) संशोधन आदेश, 2025
एस.ओ. 1128(ई), दिनांक 11 मार्च 2025
पॉलीकार्बोनेट (गुणवत्ता नियंत्रण) संशोधन आदेश, 2025
एस.ओ. 4176(ई), दिनांक 16 सितम्बर 2025
पॉलीकार्बोनेट (गुणवत्ता नियंत्रण) आदेश, 2021 को निरस्त किया गया
एस.ओ. 5142(ई), दिनांक 12 नवम्बर 2025"
,IS 17397 (भाग 1) : 2020 / ISO 16365-1 : 2014,पॉलीयूरीथेन,"पॉलीयूरीथेन (गुणवत्ता नियंत्रण) आदेश, 2021
(एस.ओ. 3931(ई), दिनांक 13.09.2021)
पॉलीयूरीथेन (गुणवत्ता नियंत्रण) संशोधन आदेश, 2022
(विभिन्न पेट्रोकेमिकल्स हेतु संशोधन आदेश, दिनांक 07/01/2022)
पॉलीयूरीथेन (गुणवत्ता नियंत्रण) आदेश, 2022
(विभिन्न पेट्रोकेमिकल्स हेतु संशोधन आदेश, दिनांक 23/03/2022)
पॉलीयूरीथेन (गुणवत्ता नियंत्रण) तृतीय संशोधन आदेश, 2022
(विभिन्न पेट्रोकेमिकल्स हेतु संशोधन आदेश, दिनांक 02 सितम्बर 2022)
पॉलीयूरीथेन (गुणवत्ता नियंत्रण) संशोधन आदेश, 2023
(एस.ओ. 1238(ई), दिनांक 15/03/2023)
पॉलीयूरीथेन (गुणवत्ता नियंत्रण) संशोधन आदेश, 2024
एस.ओ. 1112(ई), दिनांक 06 मार्च 2024
पॉलीयूरीथेन (गुणवत्ता नियंत्रण) द्वितीय संशोधन आदेश, 2024
एस.ओ. 4172(ई), दिनांक 23 सितम्बर 2024
पॉलीयूरीथेन (गुणवत्ता नियंत्रण) संशोधन आदेश, 2025
एस.ओ. 1253(ई), दिनांक 19 मार्च 2025
पॉलीयूरीथेन (गुणवत्ता नियंत्रण) आदेश, 2021 को निरस्त किया गया
एस.ओ. 5141(ई), दिनांक 12 नवम्बर 2025"
,IS 17442:2020,विनाइल क्लोराइड मोनोमर,"विनाइल क्लोराइड मोनोमर (गुणवत्ता नियंत्रण) आदेश, 2020
(एस.ओ. 3932(ई), दिनांक 13.09.2021)
विनाइल क्लोराइड मोनोमर (गुणवत्ता नियंत्रण) आदेश, 2021
(संशोधन आदेश, दिनांक 25/02/2022)
विनाइल क्लोराइड मोनोमर (गुणवत्ता नियंत्रण) आदेश, 2022
(विभिन्न रसायनों हेतु संशोधन आदेश, दिनांक 10/03/2022)
विनाइल क्लोराइड मोनोमर (गुणवत्ता नियंत्रण) तृतीय संशोधन आदेश, 2022
(विभिन्न पेट्रोकेमिकल्स हेतु संशोधन आदेश, दिनांक 02 सितम्बर 2022)
विनाइल क्लोराइड मोनोमर (गुणवत्ता नियंत्रण) संशोधन आदेश, 2023
(एस.ओ. 1123(ई), दिनांक 09/03/2023)
विनाइल क्लोराइड मोनोमर (गुणवत्ता नियंत्रण) संशोधन आदेश, 2024
एस.ओ. 1110(ई), दिनांक 06 मार्च 2024
विनाइल क्लोराइड मोनोमर (गुणवत्ता नियंत्रण) द्वितीय संशोधन आदेश, 2024
एस.ओ. 3937(ई), दिनांक 13 सितम्बर 2024
विनाइल क्लोराइड मोनोमर (गुणवत्ता नियंत्रण) संशोधन आदेश, 2025
एस.ओ. 1127(ई), दिनांक 11 मार्च 2025
विनाइल क्लोराइड मोनोमर (गुणवत्ता नियंत्रण) संशोधन आदेश, 2025
एस.ओ. 4175(ई), दिनांक 16 सितम्बर 2025
विनाइल क्लोराइड मोनोमर (गुणवत्ता नियंत्रण) आदेश, 2020 को निरस्त किया गया
एस.ओ. 5532(ई), दिनांक 01 दिसम्बर 2025"
246.,IS 17450 : 2020,"1,3 फिनाइलीनडायमीन","40. 1,3 फिनाइलीनडायमीन (गुणवत्ता नियंत्रण) आदेश, 2022
(एस.ओ. 1960(ई), दिनांक 27/04/2022)"
,IS 10931 : 1984,लॉरिक अम्ल,"लॉरिक अम्ल (गुणवत्ता नियंत्रण) आदेश, 2022
(एस.ओ. 1961(ई), दिनांक 27/04/2022)
लॉरिक अम्ल (गुणवत्ता नियंत्रण) संशोधन आदेश, 2022
(विभिन्न रसायनों हेतु संशोधन आदेश, दिनांक 21 अक्टूबर 2022)
लॉरिक अम्ल (गुणवत्ता नियंत्रण) संशोधन आदेश, 2023
(एस.ओ. 1864(ई), दिनांक 24/04/2023)
लॉरिक अम्ल (गुणवत्ता नियंत्रण) संशोधन आदेश, 2023
(एस.ओ. 4608(ई), दिनांक 19 अक्टूबर 2023)
लॉरिक अम्ल (गुणवत्ता नियंत्रण) संशोधन आदेश, 2024
एस.ओ. 1136(ई), दिनांक 07 मार्च 2024
लॉरिक अम्ल (गुणवत्ता नियंत्रण) द्वितीय संशोधन आदेश, 2024
एस.ओ. 4611(ई), दिनांक 22 अक्टूबर 2024
लॉरिक अम्ल (गुणवत्ता नियंत्रण) संशोधन आदेश, 2025
एस.ओ. 1870(ई), दिनांक 25 अप्रैल 2025
लॉरिक अम्ल (गुणवत्ता नियंत्रण) आदेश, 2022 को निरस्त किया गया
एस.ओ. 4780(ई), दिनांक 22 अक्टूबर 2025"
,IS 12029 : 1986,अम्ल तेल,"अम्ल तेल (गुणवत्ता नियंत्रण) आदेश, 2022
(एस.ओ. 1961(ई), दिनांक 27/04/2022)
अम्ल तेल (गुणवत्ता नियंत्रण) संशोधन आदेश, 2022
(विभिन्न रसायनों हेतु संशोधन आदेश, दिनांक 21 अक्टूबर 2022)
अम्ल तेल (गुणवत्ता नियंत्रण) संशोधन आदेश, 2023
(एस.ओ. 1865(ई), दिनांक 24/04/2023)
अम्ल तेल (गुणवत्ता नियंत्रण) संशोधन आदेश, 2023
(एस.ओ. 4609(ई), दिनांक 19 अक्टूबर 2023)
अम्ल तेल (गुणवत्ता नियंत्रण) संशोधन आदेश, 2024
एस.ओ. 1137(ई), दिनांक 07 मार्च 2024
अम्ल तेल (गुणवत्ता नियंत्रण) द्वितीय संशोधन आदेश, 2024
एस.ओ. 4612(ई), दिनांक 22 अक्टूबर 2024
अम्ल तेल (गुणवत्ता नियंत्रण) संशोधन आदेश, 2025
एस.ओ. 1871(ई), दिनांक 25 अप्रैल 2025
अम्ल तेल (गुणवत्ता नियंत्रण) आदेश, 2022 को निरस्त किया गया
एस.ओ. 4781(ई), दिनांक 22 अक्टूबर 2025"
,IS 12067 : 1987,पाम फैटी अम्ल,"पाम फैटी अम्ल (गुणवत्ता नियंत्रण) आदेश, 2022
(एस.ओ. 1961(ई), दिनांक 27/04/2022)
पाम फैटी अम्ल (गुणवत्ता नियंत्रण) संशोधन आदेश, 2022
(विभिन्न रसायनों हेतु संशोधन आदेश, दिनांक 21 अक्टूबर 2022)
पाम फैटी अम्ल (गुणवत्ता नियंत्रण) संशोधन आदेश, 2023
(एस.ओ. 1866(ई), दिनांक 24/04/2023)
पाम फैटी अम्ल (गुणवत्ता नियंत्रण) संशोधन आदेश, 2023
(एस.ओ. 4610(ई), दिनांक 19 अक्टूबर 2023)
पाम फैटी अम्ल (गुणवत्ता नियंत्रण) संशोधन आदेश, 2024
एस.ओ. 1138(ई), दिनांक 07 मार्च 2024
पाम फैटी अम्ल (गुणवत्ता नियंत्रण) द्वितीय संशोधन आदेश, 2024
एस.ओ. 4613(ई), दिनांक 22 अक्टूबर 2024
पाम फैटी अम्ल (गुणवत्ता नियंत्रण) संशोधन आदेश, 2025
एस.ओ. 1872(ई), दिनांक 25 अप्रैल 2025
पाम फैटी अम्ल (गुणवत्ता नियंत्रण) आदेश, 2022 को निरस्त किया गया
एस.ओ. 4782(ई), दिनांक 22 अक्टूबर 2025"
,IS 12068 :1987,राइस ब्रान फैटी एसिड,"राइस ब्रान फैटी एसिड (गुणवत्ता नियंत्रण) आदेश, 2022
(एस.ओ. 1961(ई), दिनांक 27/04/2022)
राइस ब्रान फैटी एसिड (गुणवत्ता नियंत्रण) संशोधन आदेश, 2022
(विभिन्न रसायनों हेतु संशोधन आदेश, दिनांक 21 अक्टूबर 2022)
राइस ब्रान फैटी एसिड (गुणवत्ता नियंत्रण) संशोधन आदेश, 2023
(एस.ओ. 1867(ई), दिनांक 24/04/2023)
राइस ब्रान फैटी एसिड (गुणवत्ता नियंत्रण) संशोधन आदेश, 2023
(एस.ओ. 4611(ई), 19 अक्टूबर 2023)
राइस ब्रान फैटी एसिड (गुणवत्ता नियंत्रण) संशोधन आदेश, 2024
एस.ओ. 1139(ई), दिनांक 07 मार्च 2024
राइस ब्रान फैटी एसिड (गुणवत्ता नियंत्रण) द्वितीय संशोधन आदेश, 2024
एस.ओ. 4614(ई), दिनांक 22 अक्टूबर 2024
राइस ब्रान फैटी एसिड (गुणवत्ता नियंत्रण) संशोधन आदेश, 2025
एस.ओ. 1873(ई), दिनांक 25 अप्रैल 2025
राइस ब्रान फैटी एसिड (गुणवत्ता नियंत्रण) आदेश, 2022 को निरस्त किया गया
एस.ओ. 4783(ई), दिनांक 22 अक्टूबर 2025"
,IS 12069 : 1987,नारियल फैटी एसिड,"नारियल फैटी एसिड (गुणवत्ता नियंत्रण) आदेश, 2022
(एस.ओ. 1961(ई), दिनांक 27/04/2022)
नारियल फैटी एसिड (गुणवत्ता नियंत्रण) संशोधन आदेश, 2022
(विभिन्न रसायनों हेतु संशोधन आदेश, दिनांक 21 अक्टूबर 2022)
नारियल फैटी एसिड (गुणवत्ता नियंत्रण) संशोधन आदेश, 2023
(एस.ओ. 1868(ई), दिनांक 24/04/2023)
नारियल फैटी एसिड (गुणवत्ता नियंत्रण) संशोधन आदेश, 2023
(एस.ओ. 4612(ई), 19 अक्टूबर 2023)
नारियल फैटी एसिड (गुणवत्ता नियंत्रण) संशोधन आदेश, 2024
एस.ओ. 1140(ई), दिनांक 07 मार्च 2024
नारियल फैटी एसिड (गुणवत्ता नियंत्रण) द्वितीय संशोधन आदेश, 2024
एस.ओ. 4615(ई), दिनांक 22 अक्टूबर 2024
नारियल फैटी एसिड (गुणवत्ता नियंत्रण) संशोधन आदेश, 2025
एस.ओ. 1874(ई), दिनांक 25 अप्रैल 2025
नारियल फैटी एसिड (गुणवत्ता नियंत्रण) आदेश, 2022 को निरस्त किया गया
एस.ओ. 4784(ई), दिनांक 22 अक्टूबर 2025"
247.,IS 12124 : 1987,रबरसीड फैटी एसिड,"41. रबरसीड फैटी एसिड (गुणवत्ता नियंत्रण) आदेश, 2022
(एस.ओ. 1961(ई), दिनांक 27/04/2022)"
रसोई उपकरण,
248.,IS 302 (भाग 2 / अनुभाग 14),हाथ से चलने वाला ब्लेंडर,"42. भारतीय मानक ब्यूरो रसोई उपकरण (गुणवत्ता नियंत्रण) आदेश, 2018
एस.ओ. 5243(ई), दिनांक 10 अक्टूबर 2018"
249.,IS 4250,घरेलू विद्युत फूड मिक्सर (लिक्विडाइज़र एवं ग्राइंडर) तथा सेंट्रीफ्यूगल जूसर
एलपीजी के साथ उपयोग हेतु घरेलू जल हीटर,
250.,IS 15558,द्रवीकृत पेट्रोलियम गैस के साथ उपयोग हेतु तात्कालिक घरेलू जल हीटर,"43. भारतीय मानक ब्यूरो द्वारा द्रवीकृत पेट्रोलियम गैस के साथ उपयोग हेतु घरेलू जल हीटर (गुणवत्ता नियंत्रण) आदेश, 2018
एस.ओ. 5244(ई), दिनांक 10 अक्टूबर 2018"
"एयर कंडीशनर एवं उससे संबंधित भाग, हर्मेटिक कंप्रेसर तथा तापमान संवेदन नियंत्रण"
251.,IS 1391 (भाग-1): 2017,रूम एयर कंडीशनर — विनिर्देशन भाग 1: यूनिटरी एयर कंडीशनर,"44. एयर कंडीशनर एवं उससे संबंधित भाग, हर्मेटिक कंप्रेसर तथा तापमान संवेदन नियंत्रण (गुणवत्ता नियंत्रण) आदेश, 2019
एस.ओ. 4354(ई), दिनांक 05 दिसंबर 2019
एयर कंडीशनर एवं उससे संबंधित भाग, हर्मेटिक कंप्रेसर तथा तापमान संवेदन नियंत्रण (गुणवत्ता नियंत्रण) संशोधन आदेश, 2020
(एस.ओ. 1518(ई), दिनांक 18 मई 2020)
एयर कंडीशनर एवं उससे संबंधित भाग, हर्मेटिक कंप्रेसर तथा तापमान संवेदन नियंत्रण (गुणवत्ता नियंत्रण) द्वितीय संशोधन आदेश, 2020
एयर कंडीशनर एवं उससे संबंधित भाग, हर्मेटिक कंप्रेसर तथा तापमान संवेदन नियंत्रण (गुणवत्ता नियंत्रण) संशोधन आदेश, 2021
एस.ओ. 5095(ई), दिनांक 08 दिसंबर 2021
एयर कंडीशनर एवं उससे संबंधित भाग, हर्मेटिक कंप्रेसर तथा तापमान संवेदन नियंत्रण (गुणवत्ता नियंत्रण) संशोधन आदेश, 2022
(एस.ओ. 5972(ई), दिनांक 21/12/2022)
एयर कंडीशनर एवं उससे संबंधित भाग, हर्मेटिक कंप्रेसर तथा तापमान संवेदन नियंत्रण (गुणवत्ता नियंत्रण) संशोधन आदेश, 2023
(एस.ओ. 32(ई), दिनांक 29 दिसंबर 2023)
एयर कंडीशनर एवं उससे संबंधित भाग, हर्मेटिक कंप्रेसर तथा तापमान संवेदन नियंत्रण (गुणवत्ता नियंत्रण) संशोधन आदेश, 2025
एस.ओ. 695(ई), दिनांक 11 फरवरी 2025
एयर कंडीशनर एवं उससे संबंधित भाग, हर्मेटिक कंप्रेसर तथा तापमान संवेदन नियंत्रण (गुणवत्ता नियंत्रण) संशोधन आदेश, 2025"
252.,IS 1391 (भाग-2): 2018,रूम एयर कंडीशनर — विनिर्देशन भाग 2: स्प्लिट एयर कंडीशनर
253.,IS 8148:2018,डक्टेड एवं पैकेज एयर कंडीशनर
254.,IS 11329:2018,रूम एयर कंडीशनर हेतु फिन्ड प्रकार का हीट एक्सचेंजर
255.,IS 10617:2018,"हर्मेटिक कंप्रेसर
हर्मेटिक कंप्रेसर — विनिर्देशन"
प्लग एवं सॉकेट-आउटलेट तथा सक्रिय ऊर्जा हेतु प्रत्यावर्ती धारा प्रत्यक्ष-संयोजित स्थिर प्रीपेमेंट मीटर
256.,IS 1293 : 2005,रेटेड वोल्टेज 250 वोल्ट तक तथा रेटेड धारा 16 एम्पीयर तक के प्लग एवं सॉकेट-आउटलेट,"प्लग एवं सॉकेट-आउटलेट तथा सक्रिय ऊर्जा हेतु प्रत्यावर्ती धारा प्रत्यक्ष-संयोजित स्थिर प्रीपेमेंट मीटर (गुणवत्ता नियंत्रण) आदेश, 2019
एस.ओ. 4353(ई), दिनांक 04 दिसंबर 2019
प्लग एवं सॉकेट-आउटलेट तथा सक्रिय ऊर्जा हेतु प्रत्यावर्ती धारा प्रत्यक्ष-संयोजित स्थिर प्रीपेमेंट मीटर (गुणवत्ता नियंत्रण) संशोधन आदेश, 2020
(एस.ओ. 1517(ई), दिनांक 18 मई 2020)
45. प्लग एवं सॉकेट-आउटलेट तथा ए.सी. प्रत्यक्ष-संयोजित स्थिर प्रीपेमेंट मीटर (सक्रिय ऊर्जा) (गुणवत्ता नियंत्रण) आदेश, 2021 द्वारा प्रतिस्थापित"
257.,IS 15884:2010,सक्रिय ऊर्जा के लिए प्रत्यावर्ती धारा प्रत्यक्ष रूप से जुड़े स्थैतिक प्रीपेमेंट मीटर (क्लास 1 और 2)
तरलीकृत पेट्रोलियम गैस के उपयोग हेतु घरेलू गैस चूल्हे
258.,IS 4246: 2002,तरलीकृत पेट्रोलियम गैस के उपयोग हेतु घरेलू गैस चूल्हे,"46. तरलीकृत पेट्रोलियम गैस के उपयोग हेतु घरेलू गैस चूल्हे (गुणवत्ता नियंत्रण) आदेश, 2019

अधिसूचना सं. S.O. 4345(E) दिनांक 03 दिसंबर, 2019"
पारदर्शी फ्लोट ग्लास
259.,IS 14900: 2018,पारदर्शी फ्लोट ग्लास,"पारदर्शी फ्लोट ग्लास (गुणवत्ता नियंत्रण) आदेश, 2019

(अधिसूचना सं. S.O. 03 (E) दिनांक 31/12/2019)
पारदर्शी फ्लोट ग्लास (गुणवत्ता नियंत्रण) (संशोधन) आदेश, 2020

(अधिसूचना सं. S.O. 2016(E) दिनांक 23/06/2020)
47. पारदर्शी फ्लोट ग्लास (गुणवत्ता नियंत्रण) आदेश, 2021 द्वारा प्रतिस्थापित

(अधिसूचना सं. S.O. 1928 (E) दिनांक 17.05.2021)"
घरेलू प्रेशर कुकर
260.,IS 2347:2017,घरेलू प्रेशर कुकर,"48. घरेलू प्रेशर कुकर (गुणवत्ता नियंत्रण) आदेश, 2020

(अधिसूचना सं. S.O. 294 (E) दिनांक 21/01/2020)
घरेलू प्रेशर कुकर (गुणवत्ता नियंत्रण) (संशोधन) आदेश, 2020

(अधिसूचना सं. S.O. 2019(E) दिनांक 23/06/2020)"
केबल्स
261.,IS 1554 (भाग 1) : 1988,1100 वोल्ट तक एवं सहित कार्यरत वोल्टेज हेतु पीवीसी इंसुलेटेड (हेवी ड्यूटी) विद्युत केबलों का विनिर्देशन – भाग 1,"49. केबल्स (गुणवत्ता नियंत्रण) आदेश, 2020

(अधिसूचना सं. S.O. 294 (E) दिनांक 21/01/2020)"
262.,IS 1554 (भाग 2) : 1988,"पीवीसी इंसुलेटेड (हेवी ड्यूटी) विद्युत केबलों का विनिर्देशन – भाग 2, 3.3 केवी से 11 केवी तक एवं सहित कार्य वोल्टेज हेतु"
263.,IS 7098 (भाग 1) : 1988,"क्रॉस-लिंक्ड पॉलीइथिलीन इंसुलेटेड पीवीसी शीथ्ड केबलों का विनिर्देशन – भाग 1, 1100 वोल्ट तक एवं सहित कार्य वोल्टेज हेतु"
264.,IS 7098 (भाग 2) : 2011,"क्रॉस-लिंक्ड पॉलीइथिलीन इंसुलेटेड थर्मोप्लास्टिक शीथ्ड केबल – विनिर्देशन भाग 2, 3.3 केवी से 33 केवी तक एवं सहित कार्य वोल्टेज हेतु"
265.,IS 7098 (भाग 3) : 1993,"क्रॉस-लिंक्ड पॉलीइथिलीन इंसुलेटेड थर्मोप्लास्टिक शीथ्ड केबल – भाग 3, 66 केवी से 220 केवी तक एवं सहित कार्य वोल्टेज हेतु"
266.,IS 14255 : 1995,एरियल बंच्ड केबल – 1100 वोल्ट तक एवं सहित कार्य वोल्टेज हेतु – विनिर्देशन
267.,IS 9968 (भाग 2) : 2002,"इलास्टोमर इंसुलेटेड केबलों का विनिर्देशन – भाग 2, 3.3 केवी से 33 केवी तक एवं सहित कार्य वोल्टेज हेतु"
268.,IS 8784 : 1987,थर्मोकपल प्रतिपूरक केबलों का विनिर्देशन
269.,IS 9857 : 1990,वेल्डिंग केबल – विनिर्देशन
270.,IS 14494 : 2019,खानों में उपयोग हेतु इलास्टोमर इंसुलेटेड लचीले केबल – विनिर्देशन
271.,IS 2593 : 1984,खनिकों की कैप-लैंप हेतु लचीले केबलों का विनिर्देशन
272.,IS 5950 : 1984,शॉट फायरिंग केबलों का विनिर्देशन (शाफ्ट्स के अतिरिक्त उपयोग हेतु)
273.,IS 17048 : 2018,हैलोजन मुक्त अग्नि प्रतिरोधी (HFFR) केबल – 1100 वोल्ट तक एवं सहित कार्य वोल्टेज हेतु – विनिर्देशन
तरलीकृत पेट्रोलियम गैस (एलपीजी) हेतु रबर होज़
274.,IS 9573 (भाग 1) : 2017,तरलीकृत पेट्रोलियम गैस (एलपीजी) हेतु रबर होज़ – विनिर्देशन भाग 1 (औद्योगिक उपयोग),"50. तरलीकृत पेट्रोलियम गैस (एलपीजी) हेतु रबर होज़ (गुणवत्ता नियंत्रण) आदेश, 2020

(अधिसूचना सं. S.O. 478(E) दिनांक 28 जनवरी 2020)"
275.,IS 9573 (भाग 2) : 2017,तरलीकृत पेट्रोलियम गैस (एलपीजी) हेतु रबर होज़ – विनिर्देशन भाग 2 (घरेलू एवं वाणिज्यिक उपयोग)
एल्युमिनियम फॉयल
276.,IS 15392,खाद्य पैकेजिंग हेतु एल्युमिनियम एवं एल्युमिनियम मिश्र धातु की नंगी फॉयल,"51. एल्युमिनियम फॉयल (गुणवत्ता नियंत्रण) आदेश, 2020

(अधिसूचना सं. S.O. 687(E) दिनांक 13/02/2020)"
गैर-विद्युत खिलौने
277.,IS 9873 (भाग 1) : 2018,खिलौनों की सुरक्षा – भाग 1: यांत्रिक एवं भौतिक गुणों से संबंधित सुरक्षा पहलू,"52. खिलौने (गुणवत्ता नियंत्रण) आदेश, 2020

(अधिसूचना सं. S.O. 853(E) दिनांक 25 फरवरी 2020)

खिलौने (गुणवत्ता नियंत्रण) संशोधन आदेश, 2020

खिलौने (गुणवत्ता नियंत्रण) संशोधन आदेश, 2020
खिलौने (गुणवत्ता नियंत्रण) द्वितीय संशोधन आदेश, 2020

खिलौने (गुणवत्ता नियंत्रण) द्वितीय संशोधन आदेश, 2020
खिलौने (गुणवत्ता नियंत्रण) संशोधन आदेश, 2024

अधिसूचना सं. S.O. 4277(E), दिनांक 01 अक्टूबर 2024"
,आईएस 9873 (भाग 2) : 2017,खिलौनों की सुरक्षा भाग 2 ज्वलनशीलता।
,आईएस 9873 (भाग 3) : 2017,खिलौनों के लिए सुरक्षा आवश्यकताएँ भाग 3 कुछ तत्वों का प्रवासन।
,आईएस 9873 (भाग 4) : 2017,"खिलौनों की सुरक्षा भाग 4 झूले, स्लाइड तथा समान गतिविधि वाले खिलौने, जो घरेलू उपयोग हेतु इनडोर एवं आउटडोर उपयोग के लिए हैं।"
,आईएस 9873 (भाग 7) : 2017,खिलौनों की सुरक्षा भाग 7 फिंगर पेंट्स के लिए आवश्यकताएँ एवं परीक्षण विधियाँ।
,आईएस 9873 (भाग 9) : 2017,खिलौनों की सुरक्षा भाग 9 खिलौनों एवं बच्चों के उत्पादों में कुछ फ्थेलेट एस्टर।
विद्युत खिलौने
278.,आईएस 15644 : 2006,विद्युत खिलौनों की सुरक्षा।,"खिलौने (गुणवत्ता नियंत्रण) आदेश, 2020

(एस.ओ. 853(ई), दिनांक 25 फरवरी 2020)
खिलौने (गुणवत्ता नियंत्रण) संशोधन आदेश, 2020

खिलौने (गुणवत्ता नियंत्रण) संशोधन आदेश, 2020
खिलौने (गुणवत्ता नियंत्रण) द्वितीय संशोधन आदेश, 2020

खिलौने (गुणवत्ता नियंत्रण) द्वितीय संशोधन आदेश, 2020
खिलौने (गुणवत्ता नियंत्रण) संशोधन आदेश, 2024

एस.ओ. 4277(ई), दिनांक 01 अक्टूबर 2024"
समतल पारदर्शी शीट ग्लास
279.,आईएस 2835 : 1987,समतल पारदर्शी शीट ग्लास।,"समतल पारदर्शी शीट ग्लास (गुणवत्ता नियंत्रण) आदेश, 2020

(एस.ओ. 738(ई), दिनांक 14 फरवरी 2020)
समतल पारदर्शी शीट ग्लास (गुणवत्ता नियंत्रण) (संशोधन) आदेश, 2020

(एस.ओ. 2017(ई), दिनांक 23/06/2020)
53. समतल पारदर्शी शीट ग्लास (गुणवत्ता नियंत्रण) आदेश, 2021 द्वारा प्रतिस्थापित

(एस.ओ. 4144(ई), दिनांक 7 अक्टूबर 2021)"
सुरक्षा काँच
280.,आईएस 2553 (भाग 1) : 2018,"सुरक्षा काँच – विनिर्देशन भाग 1 वास्तुकला, भवन एवं सामान्य उपयोग।","54. सुरक्षा काँच (गुणवत्ता नियंत्रण) आदेश, 2020

(एस.ओ. 1045(ई), दिनांक 12 मार्च 2020)
सुरक्षा काँच (गुणवत्ता नियंत्रण) संशोधन आदेश, 2020

(एस.ओ. 2018(ई), दिनांक 23/06/2020)
सुरक्षा काँच (गुणवत्ता नियंत्रण) द्वितीय संशोधन आदेश, 2020

(एस.ओ. सं. 3190(ई), दिनांक 18/09/2020)

सुरक्षा काँच (गुणवत्ता नियंत्रण) संशोधन आदेश, 2021
सुरक्षा काँच (गुणवत्ता नियंत्रण) संशोधन आदेश, 2022

(एस.ओ. सं. 620(ई), दिनांक 10/02/2022)
सुरक्षा काँच (गुणवत्ता नियंत्रण) संशोधन आदेश, 2023

(एस.ओ. 1431(ई), दिनांक 24 मार्च 2023)"
281.,आईएस 2553 (भाग 2) : 2019,सुरक्षा काँच – विनिर्देशन भाग 2 सड़क परिवहन हेतु।
बुने हुए बोरे,
282.,आईएस 14887 : 2014,वस्त्र – 50 किलोग्राम खाद्यान्न की पैकेजिंग हेतु उच्च घनत्व पॉलीइथिलीन (एचडीपीई) / पॉलीप्रोपाइलीन (पीपी) बुने हुए बोरे,"55. वस्त्र – उच्च घनत्व पॉलीइथिलीन एवं पॉलीप्रोपाइलीन बुने हुए बोरे (पैकेजिंग या भरने हेतु) (गुणवत्ता नियंत्रण) आदेश, 2020
   
एस.ओ. 1403(ई), दिनांक 23 अप्रैल 2020"
283.,आईएस 16208 : 2015,"वस्त्र – 10 किलोग्राम, 15 किलोग्राम, 20 किलोग्राम, 25 किलोग्राम एवं 30 किलोग्राम खाद्यान्न की पैकेजिंग हेतु उच्च घनत्व पॉलीइथिलीन (एचडीपीई) / पॉलीप्रोपाइलीन (पीपी) बुने हुए बोरे"
284.,आईएस 14968 : 2015,वस्त्र – 50 किलोग्राम / 25 किलोग्राम चीनी की पैकेजिंग हेतु उच्च घनत्व पॉलीइथिलीन (एचडीपीई) / पॉलीप्रोपाइलीन (पीपी) बुने हुए बोरे
285.,आईएस 14252 : 2015,वस्त्र – रेत भरने हेतु उच्च घनत्व पॉलीइथिलीन (एचडीपीई) / पॉलीप्रोपाइलीन (पीपी) बुने हुए बोरे
बटरफ्लाई वाल्व
286.,आईएस 13095 : 1991,सामान्य प्रयोजन हेतु बटरफ्लाई वाल्व,"56. बटरफ्लाई वाल्व (गुणवत्ता नियंत्रण) आदेश, 2020।

(एस.ओ. 1920(ई), दिनांक 17 जून 2020)"
साइकिल के लिए परावर्तक
287.,आईएस/आईएसओ 6742-2 : 2015,रेट्रो-परावर्तक उपकरण,"साइकिल – रेट्रो-परावर्तक उपकरण (गुणवत्ता नियंत्रण) आदेश, 2020।

(एस.ओ. 2290(ई), दिनांक 07/07/2020)
57. साइकिल – रेट्रो-परावर्तक उपकरण (गुणवत्ता नियंत्रण) आदेश, 2021 द्वारा प्रतिस्थापित।

(एस.ओ. 2028(ई), दिनांक 25/05/2021)
साइकिल – रेट्रो-परावर्तक उपकरण (गुणवत्ता नियंत्रण) संशोधन आदेश, 2021।

(एस.ओ. 5400(ई), दिनांक 24 दिसंबर 2021)
साइकिल – रेट्रो-परावर्तक उपकरण (गुणवत्ता नियंत्रण) आदेश, 2023।

(एस.ओ. 882(ई), दिनांक 23 फरवरी 2023)
साइकिल रेट्रो-परावर्तक उपकरण (गुणवत्ता नियंत्रण) संशोधन आदेश, 2023 हेतु शुद्धिपत्र।

(एस.ओ. 1441(ई), दिनांक 27 मार्च 2023)
साइकिल – रेट्रो-परावर्तक उपकरण (गुणवत्ता नियंत्रण) संशोधन आदेश, 2024।

एस.ओ. 4569(ई), दिनांक 18 अक्टूबर 2024"
कागज
288.,आईएस 14490 : 2018,सादा कॉपियर कागज,"58. सादा कॉपियर कागज (गुणवत्ता नियंत्रण) आदेश, 2020।

(एस.ओ. 2149(ई), दिनांक 05/06/2020)"
पशु आहार
289.,आईएस 2052 : 2009,पशुओं के लिए मिश्रित आहार,"59.

एफएसएसएआई निर्देश (फाइल सं. 1-95/Std/Misc/SP(LC&A)/FSSAI-2015-Pt-1c, दिनांक 27.01.2020)


शुद्धिपत्र, दिनांक 30.01.2020


27 जनवरी 2020 के निर्देश के अनुपालन हेतु समय-सीमा में विस्तार

01 जनवरी 2021 के निर्देश के अनुपालन हेतु समय-सीमा में विस्तार

खाद्य सुरक्षा एवं मानक अधिनियम, 2006 की धारा 16(5) के अंतर्गत जारी 27 जनवरी 2020 के निर्देश के अनुपालन हेतु समय-सीमा में विस्तार"
ऑटोमोबाइल व्हील रिम घटक,
290.,आईएस 16192 (भाग 1),"दो एवं तीन पहिया वाहनों के लिए ऑटोमोबाइल व्हील रिम – भाग 1
लाइट एलॉय व्हील रिम – परीक्षण विधियाँ एवं आवश्यकताएँ","ऑटोमोबाइल व्हील रिम घटक (गुणवत्ता नियंत्रण) आदेश, 2020

(एस.ओ. 3227(ई), दिनांक 21/09/2020)
60.

ऑटोमोबाइल व्हील रिम घटक (गुणवत्ता नियंत्रण) संशोधन आदेश, 2021 द्वारा प्रतिस्थापित
ऑटोमोबाइल व्हील रिम घटक (गुणवत्ता नियंत्रण) द्वितीय संशोधन आदेश, 2021

(एस.ओ. 4493(ई), दिनांक 22 अक्टूबर 2021)
ऑटोमोबाइल व्हील रिम घटक (गुणवत्ता नियंत्रण) संशोधन आदेश, 2022

(संशोधन आदेश एस.ओ. 2634(ई), दिनांक 8 जून 2022)
ऑटोमोबाइल व्हील रिम घटक (गुणवत्ता नियंत्रण) संशोधन आदेश, 2023

(एस.ओ. 2657(ई), दिनांक 15 जून 2023)
ऑटोमोबाइल व्हील रिम घटक (गुणवत्ता नियंत्रण) संशोधन आदेश–II, 2023

(एस.ओ. 5379(ई), दिनांक 19 दिसंबर 2023)"
291.,आईएस 16192 (भाग 2),"दो एवं तीन पहिया वाहनों के लिए ऑटोमोबाइल व्हील रिम – भाग 2
शीट मेटल व्हील रिम – परीक्षण विधियाँ एवं आवश्यकताएँ"
292.,आईएस 16192 (भाग 3),"दो एवं तीन पहिया वाहनों के लिए ऑटोमोबाइल व्हील रिम – भाग 3
स्पोक व्हील रिम – परीक्षण विधियाँ एवं आवश्यकताएँ"
293.,आईएस 9436,यात्री कारों के पहियों हेतु प्रदर्शन आवश्यकताएँ एवं परीक्षण विधियाँ
294.,आईएस 9438,ट्रक एवं बसों के पहियों अथवा रिम हेतु प्रदर्शन आवश्यकताएँ एवं परीक्षण विधियाँ
पादत्राण (फुटवियर),
295.,आईएस 5557 : 2004,औद्योगिक एवं सुरक्षात्मक रबर घुटना एवं टखना बूट,"संपूर्ण रबर एवं संपूर्ण पॉलिमेरिक सामग्री से बने पादत्राण तथा उनके घटक (गुणवत्ता नियंत्रण) आदेश, 2020

(एस.ओ. 3858(ई), दिनांक 27/10/2020)
संपूर्ण रबर एवं संपूर्ण पॉलिमेरिक सामग्री से बने पादत्राण तथा उनके घटक (गुणवत्ता नियंत्रण) संशोधन आदेश, 2020

(एस.ओ. 4378(ई), दिनांक 04/12/2020)
संपूर्ण रबर एवं संपूर्ण पॉलिमेरिक सामग्री से बने पादत्राण तथा उनके घटक (गुणवत्ता नियंत्रण) संशोधन आदेश, 2021
संपूर्ण रबर एवं संपूर्ण पॉलिमेरिक सामग्री से बने पादत्राण तथा उनके घटक (गुणवत्ता नियंत्रण) आदेश, 2020 को निरस्त करने संबंधी आदेश

(एस.ओ. 2597(ई), दिनांक 3 जून 2022)
61. संपूर्ण रबर एवं संपूर्ण पॉलिमेरिक सामग्री से बने पादत्राण तथा उनके घटक (गुणवत्ता नियंत्रण) आदेश, 2022

(एस.ओ. 2600(ई), दिनांक 3 जून 2022)
संपूर्ण रबर एवं संपूर्ण पॉलिमेरिक सामग्री से बने पादत्राण तथा उनके घटक (गुणवत्ता नियंत्रण) संशोधन आदेश, 2022

एस.ओ. 3880(ई), दिनांक 11 अगस्त 2022
संपूर्ण रबर एवं संपूर्ण पॉलिमेरिक सामग्री से बने पादत्राण तथा उनके घटक (गुणवत्ता नियंत्रण) संशोधन आदेश, 2023

एस.ओ. 3893(ई), दिनांक 1 सितंबर 2023
संपूर्ण रबर एवं संपूर्ण पॉलिमेरिक सामग्री से बने पादत्राण तथा उनके घटक (गुणवत्ता नियंत्रण) आदेश, 2024

एस.ओ. 1422(ई), दिनांक 15 मार्च 2024
संपूर्ण रबर एवं संपूर्ण पॉलिमेरिक सामग्री से बने पादत्राण तथा उनके घटक (गुणवत्ता नियंत्रण) संशोधन आदेश, 2024

एस.ओ. 3701(ई), दिनांक 30 अगस्त 2024"
296.,IS 5557 (भाग 2): 2018,सभी रबर से बने गम बूट एवं टखने तक के बूट
297.,IS 5676: 1995,ढाले हुए ठोस रबर के तले एवं एड़ियाँ
298.,IS 6664: 1992,तलवों एवं एड़ियों के लिए रबर माइक्रोसेल्युलर शीट
299.,IS 6719: 1972,ठोस पीवीसी (PVC) के तले एवं एड़ियाँ
300.,IS 6721: 1972,पीवीसी (PVC) सैंडल
301.,IS 10702: 1992,रबर हवाई चप्पल
,,
302.,IS 12254: 1993,पॉलीविनाइल क्लोराइड (PVC) औद्योगिक बूट
303.,IS 13893: 1994,पॉलीयूरीथेन का अर्द्ध-कठोर तला
304.,IS 13995: 1995,बिना लाइनिंग के ढाले हुए रबर बूट
305.,IS 16645: 2018,ढाले हुए प्लास्टिक फुटवियर – सामान्य औद्योगिक उपयोग हेतु लाइनिंग युक्त या बिना लाइनिंग वाले पॉलीयूरीथेन बूट
306.,IS 16994: 2018,नगरपालिका सफाई कार्य हेतु पुरुषों एवं महिलाओं के लिए फुटवियर
307.,IS 1989 (भाग 1): 1986,खनिकों के लिए चमड़े के सुरक्षा बूट एवं जूते,"चमड़ा एवं अन्य सामग्री से बने फुटवियर (गुणवत्ता नियंत्रण) आदेश, 2020
(एस.ओ. सं. 3860(ई), दिनांक 27/10/2020)
चमड़ा एवं अन्य सामग्री से बने फुटवियर (गुणवत्ता नियंत्रण) संशोधन आदेश, 2020
(एस.ओ. 4379(ई), दिनांक 04/12/2020)
चमड़ा एवं अन्य सामग्री से बने फुटवियर (गुणवत्ता नियंत्रण) संशोधन आदेश, 2021
चमड़ा एवं अन्य सामग्री से बने फुटवियर (गुणवत्ता नियंत्रण) आदेश, 2020 को निरस्त करने का आदेश
(एस.ओ. 2598(ई), दिनांक 3 जून 2022)
62. चमड़ा एवं अन्य सामग्री से बने फुटवियर (गुणवत्ता नियंत्रण) आदेश, 2022
(एस.ओ. 2599(ई), दिनांक 3 जून 2022)
चमड़ा एवं अन्य सामग्री से बने फुटवियर (गुणवत्ता नियंत्रण) संशोधन आदेश, 2022
(एस.ओ. 3775(ई), दिनांक 11 अगस्त 2022)
चमड़ा एवं अन्य सामग्री से बने फुटवियर (गुणवत्ता नियंत्रण) आदेश, 2024
(एस.ओ. 1421(ई), दिनांक 15 मार्च 2024)
चमड़ा एवं अन्य सामग्री से बने फुटवियर (गुणवत्ता नियंत्रण) संशोधन आदेश, 2024
(एस.ओ. 3700(ई), दिनांक 30 अगस्त 2024)"
308.,IS 1989 (भाग 2): 1986,भारी धातु उद्योगों के लिए चमड़े के सुरक्षा बूट एवं जूते
309.,IS 3735: 1996,रबर तले वाले कैनवास जूते
310.,IS 3736: 1995,रबर तले वाले कैनवास बूट
311.,IS 3976: 2018,खनिकों के लिए सुरक्षा रबर कैनवास बूट
312.,IS 11226: 1993,प्रत्यक्ष रूप से ढाले गए रबर तले वाले चमड़े के सुरक्षा फुटवियर
313.,IS 14544: 1998,प्रत्यक्ष रूप से ढाले गए पीवीसी (PVC) तले वाले चमड़े के सुरक्षा फुटवियर
314.,IS 15844 (भाग 1): 2023,सामान्य उपयोग हेतु खेल फुटवियर
315.,IS 15844 (भाग 2): 2023,प्रदर्शन आधारित खेल फुटवियर
316.,IS 15844 (भाग 3): 2024,पेशेवर खेल फुटवियर
317.,IS 17012: 2018,पीयू–रबर सोल वाले हाई एंकल टैक्टिकल बूट्स
318.,IS 17037: 2018,एंटी-रायट जूते
319.,IS 17043 (भाग-1): 2024,सेवाओं के लिए जूते
320.,IS 17043 (भाग-2): 2024,सामान्य प्रयोजन के लिए जूते
321.,IS 15298 (भाग 2): 2016,व्यक्तिगत सुरक्षा उपकरण – भाग 2: सुरक्षा फुटवियर,"63. व्यक्तिगत सुरक्षा उपकरण – फुटवियर (गुणवत्ता नियंत्रण) आदेश, 2020
(एस.ओ. संख्या 3857(ई), दिनांक 27/10/2020)
व्यक्तिगत सुरक्षा उपकरण – फुटवियर (गुणवत्ता नियंत्रण) संशोधन आदेश, 2020
(एस.ओ. 4377(ई), दिनांक 04/12/2020)
व्यक्तिगत सुरक्षा उपकरण – फुटवियर
(गुणवत्ता नियंत्रण) संशोधन आदेश, 2021"
322.,IS 15298 (भाग 3): 2019,व्यक्तिगत सुरक्षा उपकरण – भाग 3: सुरक्षात्मक फुटवियर
323.,IS 15298 (भाग 4): 2017,व्यक्तिगत सुरक्षा उपकरण – भाग 4: व्यावसायिक फुटवियर
प्रेस टूल – पंच
324.,IS 4296 (भाग 1): 2016,प्रेसिंग के लिए उपकरण – भाग 1: 60 डिग्री शंक्वाकार हेड और सीधा शैंक वाले गोल पंच,"64. प्रेस टूल – पंच (गुणवत्ता नियंत्रण) आदेश, 2020
(एस.ओ. संख्या 3994(ई), दिनांक 04/11/2020)"
325.,IS 4296 (भाग 2): 2016,प्रेसिंग के लिए उपकरण – भाग 2: बेलनाकार हेड तथा सीधे या घटे हुए शैंक वाले पंच
326.,IS 4296 (भाग 3): 2016,प्रेसिंग के लिए उपकरण – भाग 3: 60 डिग्री शंक्वाकार हेड और घटे हुए शैंक वाले गोल पंच
दो पहिया मोटर वाहनों के चालकों के लिए हेलमेट
327.,IS 4151: 2015,दो पहिया मोटर वाहनों के चालकों के लिए हेलमेट,"65. दो पहिया मोटर वाहनों के चालकों के लिए हेलमेट (गुणवत्ता नियंत्रण) आदेश, 2020
(एस.ओ. संख्या 4252(ई), दिनांक 26/11/2020)"
रेफ्रिजरेटिंग उपकरण
328.,IS 17550 (भाग 1): 2021,"घरेलू रेफ्रिजरेटिंग उपकरण – विशेषताएँ एवं परीक्षण विधियाँ, भाग 1: सामान्य आवश्यकताएँ","रेफ्रिजरेटिंग उपकरण (गुणवत्ता नियंत्रण) आदेश, 2020
(एस.ओ. संख्या 4489(ई), दिनांक 10/12/2020)
66. रेफ्रिजरेटिंग उपकरण (गुणवत्ता नियंत्रण) संशोधन आदेश, 2021
(एस.ओ. 5339(ई), दिनांक 22 दिसंबर 2021)
रेफ्रिजरेटिंग उपकरण (गुणवत्ता नियंत्रण) संशोधन आदेश, 2022
एस.ओ. 5850(ई), दिनांक 14 दिसंबर 2022
रेफ्रिजरेटिंग उपकरण (गुणवत्ता नियंत्रण) संशोधन आदेश, 2025
एस.ओ. 358(ई), दिनांक 21 जनवरी 2025"
329.,IS 7872: 2018,फ्रीज़र
केन्द्रापसारित ढलाई (स्पन) कास्ट आयरन पाइप
330.,IS 1536: 2001,"पानी, गैस एवं सीवेज के लिए केन्द्रापसारित ढलाई (स्पन) कास्ट आयरन प्रेशर पाइप","67. केन्द्रापसारित ढलाई (स्पन) कास्ट आयरन पाइप (गुणवत्ता नियंत्रण) आदेश, 2021
(एस.ओ. संख्या 116(ई), दिनांक 12/01/2021)"
331.,IS 3989: 2009,"केन्द्रापसारित ढलाई (स्पन) कास्ट आयरन स्पिगट एवं सॉकेट मृदा, अपशिष्ट, वेंटिलेटिंग तथा वर्षा जल पाइप, फिटिंग्स एवं सहायक उपकरण"
332.,IS 15905: 2011,"हबलेस केन्द्रापसारित ढलाई (स्पन) कास्ट आयरन पाइप, फिटिंग्स एवं सहायक उपकरण – स्पिगट श्रृंखला"
फ्लक्स कोर्ड (ट्यूबलर) इलेक्ट्रोड
333.,IS 15769:2008,कार्बन या कार्बन-मैंगनीज स्टील की गैस शील्डेड एवं सेल्फ-शील्डेड धातु वेल्डिंग के लिए फ्लक्स कोर्ड (ट्यूबलर) इलेक्ट्रोड,"68. फ्लक्स कोर्ड (ट्यूबलर) इलेक्ट्रोड (गुणवत्ता नियंत्रण) आदेश, 2021
(एस.ओ. संख्या 1203(ई), दिनांक 12/03/2021)"
सिलाई मशीन
334.,IS 15449 : भाग 1 : 2004,घरेलू ज़िग-ज़ैग सिलाई मशीन हेड,"69. सिलाई मशीन (गुणवत्ता नियंत्रण) आदेश, 2021
(एस.ओ. संख्या 1239(ई), दिनांक 15/03/2021)"
जल उपचार प्रणाली
335.,IS 16240 : 2023,पीने के प्रयोजन हेतु रिवर्स ऑस्मोसिस आधारित प्वाइंट ऑफ यूज़ जल उपचार प्रणाली,"70. पर्यावरण (संरक्षण) 115 संशोधन नियम, 2021
(जल शोधन प्रणाली अधिसूचना G.S.R. 724(ई), दिनांक 04/10/2021)
जल शोधन प्रणाली (उपयोग का विनियमन) नियम, 2023
G.S.R. 833(ई), दिनांक 10 नवम्बर 2023"
जूट बैग
336.,IS 1943:1995,ए-ट्विल जूट बैग,"71. जूट बैग (गुणवत्ता नियंत्रण) आदेश, 2022
(एस.ओ. 2601(ई), दिनांक 6 जून 2022)"
337.,IS 2566:1993,खाद्यान्न पैकिंग के लिए बी-ट्विल जूट बैग
338.,IS 12650:2018,50 किलोग्राम खाद्यान्न पैकिंग हेतु जूट बैग
339.,IS 15138:2010,50 किलोग्राम चीनी पैकिंग हेतु जूट बैग
340.,IS 16186:2014,50 किलोग्राम खाद्यान्न पैकिंग हेतु हल्के वजन के जूट सैकिंग बैग
341.,IS 16372:2015,30 किलोग्राम तक खाद्यान्न पैकिंग हेतु जूट बैग
विस्कोस स्टेपल फाइबर
,IS 17266:2019,विस्कोस स्टेपल फाइबर,"विस्कोस स्टेपल फाइबर (गुणवत्ता नियंत्रण) आदेश, 2022
(एस.ओ. 6143(ई), दिनांक 29/12/2022)
विस्कोस स्टेपल फाइबर (गुणवत्ता नियंत्रण) संशोधन आदेश, 2023
(एस.ओ. 443(ई), दिनांक 27/01/2023)
विस्कोस स्टेपल फाइबर (गुणवत्ता नियंत्रण) आदेश, 2022 का निरसन
एस.ओ. 5267(ई), दिनांक 18 नवम्बर 2025"
जियो टेक्सटाइल्स
342.,IS 15351 : 2015,जलरोधी लाइनिंग हेतु लेमिनेटेड हाई डेंसिटी पॉलीइथिलीन (HDPE) बुना हुआ जियोमेम्ब्रेन,"72. जियो टेक्सटाइल्स (गुणवत्ता नियंत्रण) आदेश, 2022
(एस.ओ. 1706(ई), दिनांक 10 अप्रैल 2023)
जियो टेक्सटाइल्स (गुणवत्ता नियंत्रण) संशोधन आदेश, 2022
(एस.ओ. 2331(ई), दिनांक 24 मई 2023)
वस्त्र मंत्रालय आदेश, 2023
संख्या 6/1/2021 – आर एंड डी (भाग), दिनांक 06 अक्टूबर 2023"
343.,IS 15909 : 2020,पॉली विनाइल क्लोराइड (PVC) जियोमेम्ब्रेन
344.,IS 16653 : 2017,नीडल पंच्ड नॉन-वोवन जियोबैग्स
345.,IS 16654: 2017,पॉलीप्रोपाइलीन मल्टीफिलामेंट बुने हुए जियोबैग्स
346.,IS 14715 (भाग 1): 2016,जूट जियोटेक्सटाइल्स
347.,IS 14715 (भाग 2): 2016,जूट जियोटेक्सटाइल्स
348.,IS 15869 : 2020,ओपन वीव कॉयर भूवस्त्र
349.,IS 16391 : 2015,पेवमेंट संरचनाओं में सब-ग्रेड पृथक्करण में प्रयुक्त जियोटेक्सटाइल्स
350.,IS 16393 : 2015,भूमिगत जल निकासी अनुप्रयोगों में प्रयुक्त जियोटेक्सटाइल्स
351.,IS 16362 : 2020,पेवमेंट संरचनाओं में सब-ग्रेड स्थिरीकरण में प्रयुक्त जियोटेक्सटाइल्स
352.,IS 16352 : 2020,लाइनिंग हेतु उच्च घनत्व पॉलीइथिलीन (HDPE) जियोमेम्ब्रेन
353.,IS 16090:2013,संरक्षण (या कुशनिंग) सामग्री के रूप में प्रयुक्त जियोटेक्सटाइल्स
354.,IS 16392:2015,हार्ड आर्मर प्रणालियों में स्थायी कटाव नियंत्रण हेतु जियोटेक्सटाइल्स
355.,IS 17371:2020,लचीले पेवमेंट के लिए जियोग्रिड्स
356.,IS 17372:2020,रिटेनिंग संरचनाओं में मृदा सुदृढ़ीकरण हेतु प्रयुक्त पॉलिमरिक स्ट्रिप या जियोस्ट्रिप
357.,IS 17373:2020,सुदृढ़ीकृत मृदा रिटेनिंग संरचनाओं में प्रयुक्त जियोग्रिड्स
358.,IS 17374:2020,अपशिष्ट जल एवं रासायनिक प्रतिरोधी लाइनिंग हेतु सुदृढ़ीकृत HDPE मेम्ब्रेन
359.,IS 17483 (भाग 1): 2020,जियोसेल्स
360.,IS 17483 (भाग 2): 2020,जियोसेल्स
361.,IS 17880 : 2022,जियोसिंथेटिक्स — तटीय एवं जलमार्ग संरक्षण हेतु सिंथेटिक पॉलिमर रोप गैबियन्स — विनिर्देश,"73. जियोटेक्सटाइल्स (गुणवत्ता नियंत्रण) आदेश, 2024
एस.ओ. 4332(ई), दिनांक 03 अक्टूबर 2024"
सुरक्षात्मक वस्त्र
362.,IS 15741 : 2007,पर्दे एवं ड्रेप्स,"74. सुरक्षात्मक वस्त्र (गुणवत्ता नियंत्रण) आदेश, 2022
(एस.ओ. 1707(ई), दिनांक 10 अप्रैल 2023)
सुरक्षात्मक वस्त्र (गुणवत्ता नियंत्रण) संशोधन आदेश, 2022
(एस.ओ. 2332(ई), दिनांक 24 मई 2023)
सुरक्षात्मक वस्त्र (गुणवत्ता नियंत्रण) संशोधन आदेश, 2024
एस.ओ. 3896(ई), दिनांक 12 सितम्बर 2024"
363.,IS 16890 : 2018,अग्निशमन कर्मियों हेतु सुरक्षात्मक परिधान
364.,IS 16874 : 2018,अग्निशमन कर्मियों हेतु सुरक्षात्मक दस्ताने
365.,IS 15748 : 2022,ऊष्मा के संपर्क में आने वाले औद्योगिक श्रमिकों हेतु सुरक्षात्मक परिधान
366.,IS 15742 : 2007,सीमित ज्वाला प्रसार सामग्री से बने वस्त्र एवं सामग्री संयोजन जो ऊष्मा एवं अग्नि से सुरक्षा प्रदान करते हैं
367.,IS 15809 : 2017,उच्च दृश्यता चेतावनी वस्त्र
368.,IS 16655 : 2017,वेल्डिंग एवं संबद्ध प्रक्रियाओं में उपयोग हेतु सुरक्षात्मक परिधान
369.,IS 16725 : 2018,टैक्टिकल 3-पॉइंट स्लिंग
370.,IS 16726 : 2018,डिसरप्टिव पैटर्न नायलॉन-66 से बने गोला-बारूद और ग्रेनेड के लिए पाउच
371.,IS 17051 : 2018,बुलेट प्रतिरोधी जैकेट
372.,IS 17286 : 2019,जलरोधक बहुउद्देशीय रेन पोंचो
गैर-घरेलू फर्नीचर के लिए उपयोग किए जाने वाले अपहोल्स्टर्ड कंपोज़िट
373.,IS 15768 : 2008,गैर-घरेलू फर्नीचर के लिए उपयोग किए जाने वाले अपहोल्स्टर्ड कंपोज़िट,"75. सुरक्षात्मक वस्त्र गुणवत्ता नियंत्रण (गैर-घरेलू फर्नीचर के लिए उपयोग किए जाने वाले अपहोल्स्टर्ड कंपोज़िट) आदेश, 2024

एस.ओ. 3916(ई), दिनांक 12 सितंबर 2024"
ज्वाला उत्पन्न करने वाले लाइटर
374.,IS/ISO 9994:2018,लाइटर – सुरक्षा विनिर्देश,"76. ज्वाला उत्पन्न करने वाले लाइटर (गुणवत्ता नियंत्रण) आदेश, 2023

एस.ओ. 2986(ई), दिनांक 5 जुलाई 2023
ज्वाला उत्पन्न करने वाले लाइटर (गुणवत्ता नियंत्रण) संशोधन आदेश, 2024

एस.ओ. 4230(ई), दिनांक 24 सितंबर 2024"
375.,IS/ISO 22702:2018,यूटिलिटी लाइटर – सुरक्षा विनिर्देश
पीने योग्य पानी की बोतलें
376.,IS 17803: 2022,"पीने योग्य पानी की बोतलें (तांबा, स्टेनलेस स्टील, एल्युमिनियम)","77. पीने योग्य पानी की बोतलें (गुणवत्ता नियंत्रण) आदेश, 2023

एस.ओ. 2988(ई), दिनांक 5 जुलाई 2023
पीने योग्य पानी की बोतलें (गुणवत्ता नियंत्रण) आदेश, 2024

एस.ओ. 1071(ई), दिनांक 05 मार्च 2024
पीने योग्य पानी की बोतलें (गुणवत्ता नियंत्रण) संशोधन आदेश, 2024

एस.ओ. 3702(ई), दिनांक 29 अगस्त 2024"
वेल्डिंग रॉड और इलेक्ट्रोड
377.,IS 814 : 2004,कार्बन एवं कार्बन मैंगनीज स्टील के मैनुअल मेटल आर्क वेल्डिंग के लिए कवर किए गए इलेक्ट्रोड,"78. वेल्डिंग रॉड और इलेक्ट्रोड (गुणवत्ता नियंत्रण) आदेश, 2023

एस.ओ. 3153(ई), दिनांक 14 जुलाई 2023"
378.,IS 6419 : 1996,संरचनात्मक स्टील के गैस शील्डेड आर्क वेल्डिंग के लिए वेल्डिंग रॉड और नंगे इलेक्ट्रोड
स्मार्ट मीटर
379.,IS 16444 भाग 1,"ए.सी. स्थैतिक प्रत्यक्ष संयोजित वाट-घंटा स्मार्ट मीटर, श्रेणी 1 और 2","79. स्मार्ट मीटर (गुणवत्ता नियंत्रण) आदेश, 2023
एस.ओ. 3154(ई), दिनांक 14 जुलाई 2023"
380.,IS 16444 भाग 2,"ए.सी. स्थैतिक ट्रांसफॉर्मर संचालित वाट-घंटा एवं वार-घंटा स्मार्ट मीटर, श्रेणी 0.2S, 0.5S और 1.0S"
"घरेलू उपयोग हेतु इंसुलेटेड फ्लास्क, बोतलें एवं कंटेनर"
381.,IS 17790 : 2022,घरेलू उपयोग हेतु इंसुलेटेड फ्लास्क,"80. घरेलू उपयोग हेतु इंसुलेटेड फ्लास्क, बोतलें एवं कंटेनर (गुणवत्ता नियंत्रण) आदेश, 2023
एस.ओ. 3140(ई), दिनांक 14 जुलाई 2023
घरेलू उपयोग हेतु इंसुलेटेड फ्लास्क, बोतलें एवं कंटेनर (गुणवत्ता नियंत्रण) आदेश, 2024
एस.ओ. 1072(ई), दिनांक 05 मार्च 2024
घरेलू उपयोग हेतु इंसुलेटेड फ्लास्क, बोतलें एवं कंटेनर (गुणवत्ता नियंत्रण) संशोधन आदेश, 2024
एस.ओ. 3705(ई), दिनांक 29 अगस्त 2024"
382.,IS 17526 : 2021,घरेलू स्टेनलेस स्टील वैक्यूम फ्लास्क/बोतल
383.,IS 17569 : 2021,खाद्य भंडारण हेतु इंसुलेटेड कंटेनर
384.,IS 3513 (भाग 1) : 1989,"रेजिन उपचारित संपीड़ित लकड़ी लैमिनेट
विद्युत प्रयोजनों हेतु रेजिन उपचारित संपीड़ित लकड़ी लैमिनेट (कम्प्रेग्स)","81. रेजिन उपचारित संपीड़ित लकड़ी लैमिनेट (गुणवत्ता नियंत्रण) आदेश, 2023
एस.ओ. 3139(ई), दिनांक 14 जुलाई 2023
रेजिन उपचारित संपीड़ित लकड़ी लैमिनेट (गुणवत्ता नियंत्रण) आदेश, 2024
एस.ओ. 1018(ई), दिनांक 29 फरवरी 2024"
385.,IS 3513 (भाग 2) : 1989,रासायनिक प्रयोजनों हेतु रेजिन उपचारित संपीड़ित लकड़ी लैमिनेट (कम्प्रेग्स)
386.,IS 3513 (भाग 3) : 1989,सामान्य प्रयोजनों हेतु रेजिन उपचारित संपीड़ित लकड़ी लैमिनेट (कम्प्रेग्स)
"बोल्ट, नट और फास्टनर"
387.,IS 1363 (भाग 1) : 2019,"उत्पाद श्रेणी C के षट्भुज सिर वाले बोल्ट, स्क्रू एवं नट – षट्भुज सिर वाले बोल्ट (आकार सीमा M5 से M64)","82. बोल्ट, नट और फास्टनर (गुणवत्ता नियंत्रण) आदेश, 2023
एस.ओ. 3267(ई), दिनांक 21 जुलाई 2023
बोल्ट, नट और फास्टनर (गुणवत्ता नियंत्रण) आदेश, 2024
एस.ओ. 2771(ई), दिनांक 12 जुलाई 2024"
388.,IS 1363 (भाग 2) : 2018,षट्भुज सिर वाले स्क्रू (आकार सीमा M5 से M64)
389.,IS 1363 (भाग 3) : 2018,"उत्पाद श्रेणी C के षट्भुज सिर वाले बोल्ट, स्क्रू एवं नट – षट्भुज नट (आकार सीमा M5 से M64)"
390.,IS 1364 (भाग 1) : 2018,"उत्पाद श्रेणी A एवं B के षट्भुज सिर वाले बोल्ट, स्क्रू एवं नट – षट्भुज सिर वाले बोल्ट (आकार सीमा M 1.6 से M 64)"
391.,IS 1364 (भाग 2) : 2018,"उत्पाद श्रेणी A एवं B के षट्भुज सिर वाले बोल्ट, स्क्रू एवं नट – षट्भुज सिर वाले स्क्रू (आकार सीमा M 1.6 से M 64)"
392.,IS 4621 : 1975,सार्वजनिक स्नानगृहों एवं शौचालयों में उपयोग हेतु संकेतक बोल्ट
393.,IS 5187 : 1972,फ्लश बोल्ट
394.,IS 10238 : 2001,फास्टनर – थ्रेडेड स्टील फास्टनर – स्टील संरचनाओं हेतु स्टेप बोल्ट
395.,IS 12427 : 2001,फास्टनर – थ्रेडेड स्टील फास्टनर – षट्भुज सिर वाले ट्रांसमिशन टावर बोल्ट
396.,IS 3757 : 1985,उच्च शक्ति संरचनात्मक बोल्ट
397.,IS 204 (भाग 2) : 1992,टावर बोल्ट – अलौह धातु
398.,IS 204 (भाग 1) : 1991,टावर बोल्ट – लौह धातु
399.,IS 15834 : 2022,ताले (पैडलॉक) के साथ उपयोग हेतु स्टेनलेस स्टील स्लाइडिंग दरवाजा बोल्ट (एलड्रॉप्स)
400.,IS 2681 : 1993,ताले (पैडलॉक) के साथ उपयोग हेतु अलौह धातु स्लाइडिंग दरवाजा बोल्ट (एलड्रॉप्स)
401.,IS 281 : 2009,ताले (पैडलॉक) के साथ उपयोग हेतु माइल्ड स्टील स्लाइडिंग दरवाजा बोल्ट
402.,IS 7534 : 1985,ताले (पैडलॉक) के साथ उपयोग हेतु स्लाइडिंग लॉकिंग बोल्ट
403.,IS 1284 : 1975,सामान्य इंजीनियरिंग प्रयोजनों हेतु व्रॉट एल्युमिनियम मिश्रधातु बोल्ट एवं स्क्रू स्टॉक
404.,IS 15833 : 2009,स्टेनलेस स्टील टावर बोल्ट
405.,IS 6623 : 2004,उच्च शक्ति संरचनात्मक नट
"खाद्य एवं पेय पदार्थों हेतु कुकवेयर, बर्तन और कैन"
406.,IS 14756 : 2022,स्टेनलेस स्टील कुकवेयर,"83. कुकवेयर एवं बर्तन (गुणवत्ता नियंत्रण) आदेश, 2023
एस.ओ. 3583(ई), दिनांक 9 अगस्त 2023
खाद्य एवं पेय पदार्थों हेतु कुकवेयर, बर्तन और कैन (गुणवत्ता नियंत्रण) आदेश, 2024
एस.ओ. 1365(ई), दिनांक 14 मार्च 2024
खाद्य एवं पेय पदार्थों हेतु कुकवेयर, बर्तन और कैन (गुणवत्ता नियंत्रण) आदेश, 2024
एस.ओ. 4494(ई), दिनांक 14 अक्टूबर 2024
खाद्य एवं पेय पदार्थों हेतु कुकवेयर, बर्तन और कैन (गुणवत्ता नियंत्रण) आदेश, 2024
एस.ओ. 4494(ई), दिनांक 14 अक्टूबर 2024
खाद्य एवं पेय पदार्थों हेतु कुकवेयर, बर्तन और कैन (गुणवत्ता नियंत्रण) आदेश, 2025
एस.ओ. 3850(ई), दिनांक 22 अगस्त 2025
खाद्य एवं पेय पदार्थों हेतु कुकवेयर, बर्तन और कैन (गुणवत्ता नियंत्रण) आदेश, 2026
एस.ओ. 219(ई), दिनांक 15 जनवरी 2026
खाद्य एवं पेय पदार्थों हेतु कुकवेयर, बर्तन और कैन (गुणवत्ता नियंत्रण) आदेश, 2026
एस.ओ. 1661(ई), दिनांक 30 मार्च 2026"
407.,IS 1660 : 2024,व्रॉट एल्युमिनियम बर्तन
408.,IS 13983 : 1994,घरेलू प्रयोजनों हेतु स्टेनलेस स्टील सिंक
409.,IS 18427 : 2024,खाद्य एवं पेय पदार्थों हेतु तीन-टुकड़ों वाले गोल खुले मुँह के धातु कैन
410.,IS 14407 : 2023,पेय पदार्थों हेतु एल्युमिनियम कैन
पीएनजी के उपयोग हेतु घरेलू गैस चूल्हे
411.,IS 17153 : 2019,पाइप्ड प्राकृतिक गैस (पीएनजी) के उपयोग हेतु घरेलू गैस चूल्हे,"84. पाइप्ड प्राकृतिक गैस के उपयोग हेतु घरेलू गैस चूल्हे (गुणवत्ता नियंत्रण) आदेश, 2023
एस.ओ. 3584(ई), दिनांक 9 अगस्त 2023"
अग्निशामक यंत्र
412.,IS 15683 : 2018,पोर्टेबल अग्निशामक यंत्र,"85. अग्निशामक यंत्र (गुणवत्ता नियंत्रण) आदेश, 2023
एस.ओ. 3585(ई), दिनांक 9 अगस्त 2023"
413.,IS 16018 : 2012,पहियों वाले अग्निशामक यंत्र
विद्युत सीलिंग प्रकार के पंखे
414.,IS 374 : 2019,विद्युत सीलिंग प्रकार के पंखे,"86. विद्युत सीलिंग प्रकार के पंखे (गुणवत्ता नियंत्रण) आदेश, 2023
एस.ओ. 3641(ई), दिनांक 9 अगस्त 2023"
लकड़ी आधारित बोर्ड
415.,IS 1659 : 2004,ब्लॉक बोर्ड,"87. लकड़ी आधारित बोर्ड (गुणवत्ता नियंत्रण) आदेश, 2023
एस.ओ. 3604(ई), दिनांक 10 अगस्त 2023
लकड़ी आधारित उत्पाद (गुणवत्ता नियंत्रण) आदेश, 2024
एस.ओ. 1307(ई), दिनांक 12 मार्च 2024"
416.,IS 12823 : 2015,लकड़ी एवं अन्य लिग्नोसेल्यूलोसिक सामग्री से बने प्रीलैमिनेटेड पार्टिकल बोर्ड
417.,IS 3087 : 2005,सामान्य प्रयोजनों हेतु लकड़ी एवं अन्य लिग्नोसेल्यूलोसिक सामग्री के पार्टिकल बोर्ड (मध्यम घनत्व)
418.,IS 12406 : 2021,सामान्य प्रयोजनों हेतु मध्यम घनत्व फाइबर बोर्ड
419.,IS 3097 : 2006,विनीयर युक्त पार्टिकल बोर्ड
कास्ट आयरन उत्पाद
420.,IS 1726 : 1991,कास्ट आयरन मैनहोल कवर एवं फ्रेम,"88. कास्ट आयरन उत्पाद (गुणवत्ता नियंत्रण) आदेश, 2023
एस.ओ. 3806(ई), दिनांक 24 अगस्त 2023
कास्ट आयरन उत्पाद (गुणवत्ता नियंत्रण) आदेश, 2024
एस.ओ. 2287(ई), दिनांक 13 जून 2024"
421.,IS 1729 : 2002,भूमि के ऊपर गैर-दाब पाइपलाइनों हेतु कास्ट आयरन/डक्टाइल आयरन ड्रेनेज पाइप एवं पाइप फिटिंग (सॉकेट एवं स्पिगॉट श्रेणी)
422.,IS 1879 : 2010,मैलियेबल कास्ट आयरन पाइप फिटिंग
423.,IS 13349 : 1992,कास्ट आयरन सिंगल फेस्ड थिम्बल माउंटेड स्लूइस गेट
424.,IS 210 : 2009,ग्रे आयरन कास्टिंग
425.,IS 1537 : 1976,"जल, गैस एवं सीवेज हेतु लंबवत ढलाई किए गए कास्ट आयरन दाब पाइप"
सोलर डीसी केबल एवं अग्नि-जीवन सुरक्षा केबल
426.,IS 17293 : 2020,1500 वोल्ट डीसी रेटेड वोल्टेज हेतु फोटोवोल्टिक प्रणालियों के लिए विद्युत केबल,"89. सोलर डीसी केबल एवं अग्नि-जीवन सुरक्षा केबल (गुणवत्ता नियंत्रण) आदेश, 2023
एस.ओ. 3807(ई), दिनांक 24 अगस्त 2023"
427.,IS 17505 (भाग 1) : 2021,1100 वोल्ट एसी तक तथा 1500 वोल्ट डीसी तक कार्य वोल्टेज हेतु थर्मोसेटिंग इंसुलेटेड अग्नि-जीवन सुरक्षा केबल
धातुएँ एवं मिश्रधातुएँ
,IS 617:1994,ढलाई एल्यूमिनियम एवं इसकी मिश्रधातुएँ – सामान्य अभियांत्रिकी प्रयोजनों हेतु इनगॉट्स एवं कास्टिंग,"एल्यूमिनियम एवं एल्यूमिनियम मिश्रधातु (गुणवत्ता नियंत्रण) आदेश, 2023
एस.ओ. 3846(ई), दिनांक 31 अगस्त 2023
एल्यूमिनियम एवं एल्यूमिनियम मिश्रधातु (गुणवत्ता नियंत्रण) संशोधन आदेश, 2023
(एस.ओ. 5090(ई), दिनांक 30 नवंबर 2023)
एल्यूमिनियम एवं एल्यूमिनियम मिश्रधातु (गुणवत्ता नियंत्रण) संशोधन आदेश, 2024
एस.ओ. 1902(ई), दिनांक 03 मई 2024
एल्यूमिनियम एवं एल्यूमिनियम मिश्रधातु (गुणवत्ता नियंत्रण) आदेश, 2023 की वापसी
एस.ओ. 5173(ई), दिनांक 13 नवंबर 2025"
,IS 11890 : 1987,विशेष उपयोगों हेतु रीमेल्टिंग के लिए उच्च शुद्धता प्राथमिक एल्यूमिनियम इनगॉट
,IS 6754:1972,सामान्य अभियांत्रिकी प्रयोजन हेतु रीमेल्टिंग के लिए एल्यूमिनियम मिश्रधातु इनगॉट
,IS 2590 : 1987,सामान्य अभियांत्रिकी प्रयोजन हेतु रीमेल्टिंग के लिए प्राथमिक एल्यूमिनियम इनगॉट
,IS 4026 : 2023,"एल्यूमिनियम इनगॉट, बिलेट्स एवं वायर बार्स (ईसी ग्रेड)"
,IS 191:2007,ताँबा,"ताँबा (गुणवत्ता नियंत्रण) आदेश, 2023
एस.ओ. 3847(ई), दिनांक 31 अगस्त 2023
ताँबा (गुणवत्ता नियंत्रण) संशोधन आदेश, 2023
(एस.ओ. 4796(ई), दिनांक 3 नवंबर 2023)
ताँबा (गुणवत्ता नियंत्रण) संशोधन आदेश, 2024
एस.ओ. 1901(ई), दिनांक 03 मई 2024
ताँबा (गुणवत्ता नियंत्रण) आदेश, 2023 की वापसी
एस.ओ. 5174(ई), दिनांक 13 नवंबर 2025"
,IS 7506:1987,निकेल पाउडर,"निकेल (गुणवत्ता नियंत्रण) आदेश, 2023
एस.ओ. 3848(ई), दिनांक 31 अगस्त 2023
निकेल (गुणवत्ता नियंत्रण) संशोधन आदेश, 2023
(एस.ओ. 5091(ई), दिनांक 30 नवंबर 2023)
निकेल (गुणवत्ता नियंत्रण) संशोधन आदेश, 2024
एस.ओ. 1900(ई), दिनांक 03 मई 2024
निकेल (गुणवत्ता नियंत्रण) आदेश, 2023 की वापसी
एस.ओ. 5166(ई), दिनांक 13 नवंबर 2025"
प्लाइवुड एवं लकड़ी के फ्लश डोर शटर
428.,IS 303 : 1989,सामान्य प्रयोजनों हेतु प्लाइवुड,"90. प्लाइवुड एवं लकड़ी के फ्लश डोर शटर (गुणवत्ता नियंत्रण) आदेश, 2023
एस.ओ. 3841(ई), दिनांक 29 अगस्त 2023
प्लाइवुड एवं लकड़ी के फ्लश डोर शटर (गुणवत्ता नियंत्रण) आदेश, 2024
एस.ओ. 1377(ई), दिनांक 15 मार्च 2024"
429.,IS 2202 (भाग 1) : 1999,लकड़ी के फ्लश डोर शटर (ठोस कोर प्रकार) – प्लाइवुड फेस पैनल
430.,IS 710 : 2010,मरीन प्लाइवुड
431.,IS 5509 : 2021,अग्निरोधक प्लाइवुड
432.,IS 1328 : 1996,विनियरयुक्त सजावटी प्लाइवुड
433.,IS 2191 (भाग 2): 2022,लकड़ी के फ्लश डोर शटर (सेलुलर एवं खोखले कोर प्रकार) – पार्टिकल बोर्ड एवं हार्डबोर्ड फेस पैनल
434.,IS 2191 (भाग 1): 2022,लकड़ी के फ्लश डोर शटर (सेलुलर एवं खोखले कोर प्रकार) – प्लाइवुड फेस पैनल
435.,IS 2202 (भाग 2): 2022,"लकड़ी के फ्लश डोर शटर (ठोस कोर प्रकार) – पार्टिकल बोर्ड, उच्च घनत्व फाइबर बोर्ड, मध्यम घनत्व फाइबर बोर्ड एवं फाइबर हार्डबोर्ड फेस पैनल"
436.,IS 4990 : 2011,कंक्रीट शटरिंग कार्य हेतु प्लाइवुड – विनिर्देश
437.,IS 10701 : 2012,संरचनात्मक प्लाइवुड – विनिर्देश
फ्लक्स कोर्ड सोल्डर वायर
,IS 1921: 2005,फ्लक्स कोर्ड सोल्डर वायर,"फ्लक्स कोर्ड सोल्डर वायर (गुणवत्ता नियंत्रण) आदेश, 2023
एस.ओ. 4092(ई), दिनांक 18 सितंबर 2023
फ्लक्स कोर्ड सोल्डर वायर (गुणवत्ता नियंत्रण) आदेश, 2023 की निरस्ती
एस.ओ. 165(ई), दिनांक 12 जनवरी 2026"
विविध इस्पात उत्पाद
438.,IS 15155 : 2020,मोर्टार लाइनिंग एवं कोटिंग सहित बार या वायर से लिपटे इस्पात सिलेंडर पाइप (विशेष फिटिंग सहित),"91. विविध इस्पात उत्पाद (गुणवत्ता नियंत्रण) आदेश, 2023
एस.ओ. 4240(ई), दिनांक 25 सितंबर 2023"
439.,IS 16651 : 2017,कंक्रीट सुदृढीकरण हेतु उच्च शक्ति विकृत स्टेनलेस स्टील बार एवं तार
440.,IS 6392 : 2020,इस्पात पाइप फ्लैंज
441.,IS 6913 : 1973,खाद्य एवं पेय उद्योग हेतु स्टेनलेस स्टील ट्यूब
एल्यूमिनियम एवं एल्यूमिनियम मिश्रधातु उत्पाद
442.,IS 7092 (भाग 1):1992,सिंचाई प्रयोजनों हेतु एल्यूमिनियम मिश्रधातु ट्यूब – वेल्डेड ट्यूब,"92. एल्यूमिनियम एवं एल्यूमिनियम मिश्रधातु उत्पाद (गुणवत्ता नियंत्रण) आदेश, 2023
एस.ओ. 4241(ई), दिनांक 25 सितंबर 2023
एल्यूमिनियम एवं एल्यूमिनियम मिश्रधातु उत्पाद (गुणवत्ता नियंत्रण) संशोधन आदेश, 2024
एस.ओ. 1512(ई), दिनांक 22 मार्च 2024
एल्यूमिनियम एवं एल्यूमिनियम मिश्रधातु उत्पाद (गुणवत्ता नियंत्रण) आदेश, 2024
एस.ओ. 4696(ई), दिनांक 28 अक्टूबर 2024
एल्यूमिनियम एवं एल्यूमिनियम मिश्रधातु उत्पाद (गुणवत्ता नियंत्रण) आदेश, 2025
एस.ओ. 2021(ई), दिनांक 06 मई 2025
शुद्धिपत्र
एस.ओ. 2682(ई), दिनांक 16 जून 2025
शुद्धिपत्र
एस.ओ. 2683(ई), दिनांक 16 जून 2025"
443.,IS 7092 (भाग 2):1987,सिंचाई प्रयोजनों हेतु एल्यूमिनियम मिश्रधातु ट्यूब – एक्सट्रूडेड ट्यूब
444.,IS 5484:1997,निरंतर कास्टिंग एवं रोलिंग द्वारा निर्मित ईसी ग्रेड एल्यूमिनियम रॉड
445.,IS 733:1983,"सामान्य अभियांत्रिकी प्रयोजनों हेतु कुटित (व्रॉट) एल्यूमिनियम एवं एल्यूमिनियम मिश्रधातु बार, रॉड एवं सेक्शन"
446.,IS 734:1975,सामान्य अभियांत्रिकी प्रयोजनों हेतु कुटित एल्यूमिनियम एवं एल्यूमिनियम मिश्रधातु – फोर्जिंग स्टॉक एवं फोर्जिंग
447.,IS 736:1986,सामान्य अभियांत्रिकी प्रयोजनों हेतु कुटित एल्यूमिनियम एवं एल्यूमिनियम मिश्रधातु प्लेट
448.,IS 737:2008,सामान्य अभियांत्रिकी प्रयोजनों हेतु कुटित एल्यूमिनियम एवं एल्यूमिनियम मिश्रधातु शीट एवं स्ट्रिप
449.,IS 739:1992,सामान्य अभियांत्रिकी प्रयोजनों हेतु कुटित एल्यूमिनियम एवं एल्यूमिनियम मिश्रधातु तार
450.,IS 740:1977,सामान्य अभियांत्रिकी प्रयोजनों हेतु कुटित एल्यूमिनियम एवं एल्यूमिनियम मिश्रधातु रिवेट स्टॉक
451.,IS 5082:1998,"विद्युत अनुप्रयोगों हेतु कुटित एल्यूमिनियम एवं एल्यूमिनियम मिश्रधातु बार, रॉड, ट्यूब, सेक्शन, प्लेट एवं शीट"
452.,IS 16011:2012,औषधीय पैकेजिंग हेतु एल्यूमिनियम एवं एल्यूमिनियम मिश्रधातु फॉयल
453.,IS 17682:2021,एल्यूमिनियम कंपोजिट पैनल
454.,IS 1285:2002,सामान्य अभियांत्रिकी प्रयोजनों हेतु कुटित एल्यूमिनियम एवं एल्यूमिनियम मिश्रधातु – एक्सट्रूडेड गोल ट्यूब एवं खोखले सेक्शन
455.,IS 2067:1975,विद्युत प्रयोजनों के लिए वर्केड एल्युमिनियम वायर
456.,IS 21:1992,बर्तन बनाने के लिए वर्केड एल्युमिनियम और एल्युमिनियम मिश्र धातु
457.,IS 1254:2007,तरंगित एल्युमिनियम शीट
458.,IS 7902:2001,विमानन अनुप्रयोगों के लिए एल्युमिनियम मिश्र धातु फोर्जिंग स्टॉक और फोर्जिंग (मिश्र धातु 24345)
"सटीक रोलर और बुश चेन, संलग्नक और संबंधित चेन स्प्रोकेट्स"
459.,IS 2403 :2014 / ISO 606 : 2004,"छोटी-पिच ट्रांसमिशन सटीक रोलर और बुश चेन, संलग्नक और संबंधित चेन स्प्रोकेट्स","93. सटीक रोलर और बुश चेन, संलग्नक और संबंधित चेन स्प्रोकेट्स (गुणवत्ता नियंत्रण) आदेश, 2023
S.O. 4242(E), दिनांक 25 सितंबर 2023
सटीक रोलर और बुश चेन, संलग्नक और संबंधित चेन स्प्रोकेट्स (गुणवत्ता नियंत्रण) आदेश, 2024
S.O. 2174(E), दिनांक 03 जून 2024"
स्व-निहित पेय जल कूलर
460.,IS 1475 (भाग 1) : 2001,स्व-निहित पेय जल कूलर – ऊर्जा खपत और प्रदर्शन,"94. स्व-निहित पेय जल कूलर (गुणवत्ता नियंत्रण) आदेश, 2023
S.O. 4243(E), दिनांक 25 सितंबर 2023
स्व-निहित पेय जल कूलर (गुणवत्ता नियंत्रण) आदेश, 2024
S.O. 2112(E), दिनांक 24 मई 2024"
मेडिकल टेक्सटाइल्स
461.,IS 5405 : 2019,सैनिटरी नैपकिन,"95. मेडिकल टेक्सटाइल्स (गुणवत्ता नियंत्रण) आदेश, 2023
S.O. 4247(E), दिनांक 27 सितंबर 2023
मेडिकल टेक्सटाइल्स (गुणवत्ता नियंत्रण) संशोधन आदेश, 2024
(S.O. 830(E), दिनांक 22 फरवरी 2024)
मेडिकल टेक्सटाइल्स (गुणवत्ता नियंत्रण) आदेश, 2024
S.O. 4634(E), दिनांक 23 अक्टूबर 2024
मेडिकल टेक्सटाइल्स (गुणवत्ता नियंत्रण) संशोधन आदेश, 2025
S.O. 04(E), दिनांक 02 जनवरी 2025
मेडिकल टेक्सटाइल्स (गुणवत्ता नियंत्रण) दूसरा संशोधन आदेश, 2025
S.O.3526 (E) दिनांक 30 जुलाई 2025"
462.,IS 17509 : 2021,डिस्पोजेबल बेबी डायपर
463.,IS 17514 : 2021,पुन: प्रयोज्य सैनिटरी पैड / सैनिटरी नैपकिन / पीरियड पैंटीज़
464.,IS 17349 : 2020,जूते कवर
465.,IS 17354 : 2020,डेंटल बिब या नैपकिन
466.,IS 17630 : 2021,बेड शीट और पिलो कवर
एग्रो टेक्सटाइल्स
467.,IS 16718 : 2021,कृषि और बागवानी अनुप्रयोगों के लिए पॉलीप्रोपाइलीन स्पन बॉन्डेड नॉन-वोवन फसल कवर और फल स्कर्टिंग बैग,"96. एग्रो टेक्सटाइल्स (गुणवत्ता नियंत्रण) आदेश, 2023
S.O. 4248(E), दिनांक 27 सितंबर 2023
एग्रो टेक्सटाइल्स (गुणवत्ता नियंत्रण) संशोधन आदेश, 2024
S.O. 1579(E), दिनांक 28 मार्च 2024"
468.,IS 16513 : 2016,कृषि और बागवानी उद्देश्यों के लिए कीट जाल
469.,IS 16202 : 2014,बागवानी अनुप्रयोगों के लिए बुना हुआ ग्राउंड कवर
470.,IS 17070 : 2019,पौधों की वृद्धि और खरपतवार नियंत्रण के लिए जूट एग्रो टेक्सटाइल्स
471.,IS 15907 : 2010,वर्मीकल्चर के लिए हाई डेंसिटी पॉलीइथिलीन (HDPE) बुनी हुई बिस्तरें
472.,IS 16089 : 2013,बीज/रोपण की वृद्धि के लिए पौधा बैग
473.,IS 16190 : 2014,सिंचाई के लिए हाई डेंसिटी पॉलीइथिलीन (HDPE) लेमिनेटेड बुना फ्लैट ट्यूब
474.,IS 16390 : 2015,तंबाकू कटाई करने वालों के लिए नायलॉन बुनाई वाले सीमलेस दस्ताने
475.,IS 16627 : 2017,ड्रिप सिंचाई प्रणाली के मेन और सबमेन में उपयोग के लिए हाई डेंसिटी पॉलीइथिलीन (HDPE) लेमिनेटेड बुना फ्लैट ट्यूब
476.,IS 17355 : 2020,कृषि और बागवानी अनुप्रयोगों के लिए प्रोपलीन स्पन बॉन्डेड नॉन-वोवन मल्च मैट
477.,IS 17356 : 2020,कृषि और बागवानी उद्देश्यों के लिए विंडशील्ड जाल
478.,IS 17357 : 2020,कृषि और बागवानी उद्देश्यों के लिए हार्वेस्ट जाल
479.,IS 17358 (भाग 1) : 2020,कृषि और बागवानी उद्देश्यों के लिए बाड़ जाल – एक्सट्रूडेड पॉलीमर जाल से बना
480.,IS 17358 (भाग 2) : 2020,कृषि और बागवानी उद्देश्यों के लिए बाड़ जाल – मोनोफिलामेंट यार्न और टेप के संयोजन से बना
481.,IS 17513 : 2020,कृषि और बागवानी उद्देश्यों के लिए पौधा समर्थन जाल
482.,IS 17728 : 2021,बारिश सिंचाई प्रणाली में उपयोग के लिए हाई डेंसिटी पॉलीइथिलीन (HDPE) लेमिनेटेड बुना फ्लैट ट्यूब और फिटिंग्स
483.,IS 17729 : 2021,कृषि और बागवानी उद्देश्यों के लिए लचीला जल भंडारण टैंक
484.,IS 17730 (भाग 1) : 2021,कृषि और बागवानी उद्देश्यों के लिए ओले से सुरक्षा जाल – वार्प निटेड ओले सुरक्षा जाल
485.,IS 17730 (भाग 2) : 2021,कृषि और बागवानी उद्देश्यों के लिए ओले से सुरक्षा जाल – बुना हुआ ओले सुरक्षा जाल
486.,IS 17731 : 2021,लेमिनेटेड बुना बाग संरक्षण कवर
कॉपर उत्पाद
487.,IS 12444:2020,विद्युत अनुप्रयोगों के लिए तांबे की वायर रॉड,"97. कॉपर उत्पाद (गुणवत्ता नियंत्रण) आदेश, 2023
S.O. 4595(E), दिनांक 17 अक्टूबर 2023
कॉपर उत्पाद (गुणवत्ता नियंत्रण) आदेश, 2024
S.O. 1801(E), दिनांक 25 अप्रैल 2024
कॉपर उत्पाद (गुणवत्ता नियंत्रण) संशोधन आदेश, 2025
S.O. 884(E) दिनांक 19 फरवरी 2025
आयात के बदले सामान और वस्तुओं पर छूट का आदेश
S.O. 775(E) दिनांक 13th फरवरी , 2026
खरीद के बदले सामान और वस्तुओं पर छूट का आदेश
S.O. 776(E) दिनांक 13th फरवरी , 2026
कॉपर उत्पाद (गुणवत्ता नियंत्रण) संशोधन आदेश, 2026
S.O. 3503 (E) दिनांक 30 जून , 2026"
488.,IS 613:2000,विद्युत प्रयोजनों के लिए तांबे की रॉड और बार
489.,IS 1897:2008,विद्युत प्रयोजनों के लिए तांबे की पट्टी
490.,IS 4171:1983,सामान्य इंजीनियरिंग प्रयोजनों के लिए तांबे की रॉड और बार
491.,IS 1545: 1994,कंडेंसर और हीट एक्सचेंजर्स के लिए ठोस खींची हुई तांबे और तांबे के मिश्र धातु की ट्यूबें
492.,IS 2501: 1995,सामान्य इंजीनियरिंग प्रयोजनों के लिए ठोस खींची हुई तांबे की ट्यूबें
493.,IS 14810: 2000,प्लंबिंग के लिए तांबे की ट्यूब – विनिर्देश
494.,IS 10773:1995,रेफ्रिजरेशन और एयर-कंडीशनिंग प्रयोजनों के लिए तांबे की वॉर्ट ट्यूबें
495.,IS 4412:1981,सामान्य इंजीनियरिंग प्रयोजनों के लिए तांबे के तार
ड्रम और टिन्स
496.,IS 13997:2014,"ड्रम्स, बड़े खुले टॉप","98. ड्रम और टिन्स (गुणवत्ता नियंत्रण) आदेश, 2023
S.O. 4596(E), दिनांक 17 अक्टूबर 2023"
497.,IS 1783 (भाग 1) :2014,"ड्रम्स बड़े, फिक्स्ड एंड्स – ग्रेड A"
498.,IS 1783 (भाग 2) :2014,"ड्रम्स, बड़े, फिक्स्ड एंड्स – ग्रेड"
499.,IS 2552:1989,स्टील ड्रम्स (जिंक कोटेड और बिना जिंक के)
500.,IS 3575:1993,बिटुमेन ड्रम्स
501.,IS 916:2000,ठोस उत्पादों के लिए स्क्वायर टिन्स
502.,IS 10325:2000,"स्क्वायर टिन्स – 15 किलोग्राम या लीटर के लिए घी, वनस्पति घी, खाद्य तेल और बेकरी उत्पाद"
डोर फिटिंग्स
503.,IS 6343:1982,डोर क्लोज़र्स (न्यूमैटिकली नियंत्रित) 40 किग्रा तक के हल्के दरवाजों के लिए,"99. डोर फिटिंग्स (गुणवत्ता नियंत्रण) आदेश, 2023
S.O. 4646(E), दिनांक 23 अक्टूबर 2023"
504.,IS 14912:2001,"डोर क्लोज़र्स, छिपे हुए प्रकार (हाइड्रॉलिकली नियंत्रित)"
505.,IS 3564:1995,हाइड्रॉलिकली नियंत्रित डोर क्लोज़र्स
506.,IS 6315:1992,भारी दरवाजों के लिए फ्लोर स्प्रिंग्स (हाइड्रॉलिकली नियंत्रित)
507.,IS 1019:1974,रिम लैचेस
508.,IS 208:2020,डोर हैंडल्स
509.,IS 4992:1975,मॉर्टिस लॉक (वर्टिकल प्रकार) के लिए डोर हैंडल्स
बॉटल्ड वाटर डिस्पेंसर
510.,IS 17681:2022,बॉटल्ड वाटर डिस्पेंसर,"100. बॉटल्ड वाटर डिस्पेंसर (गुणवत्ता नियंत्रण) आदेश, 2023
S.O. 4647(E), दिनांक 23 अक्टूबर 2023
बॉटल्ड वाटर डिस्पेंसर (गुणवत्ता नियंत्रण) आदेश, 2024
S.O. 2173(E), दिनांक 03 जून 2024"
"पुलिस बल, सिविल डिफेंस और व्यक्तिगत सुरक्षा के लिए हेलमेट"
511.,IS 2745:1983,फायरमैन और सिविल डिफेंस कर्मियों के लिए नॉन-मेटल हेलमेट,"101. पुलिस बल, सिविल डिफेंस और व्यक्तिगत सुरक्षा के लिए हेलमेट (गुणवत्ता नियंत्रण) आदेश, 2023
S.O. 4649(E), दिनांक 23 अक्टूबर 2023"
512.,IS 2925:1984,औद्योगिक सुरक्षा हेलमेट
513.,IS 9562:1980,पुलिस बल के लिए नॉन-मेटल हेलमेट
"स्टील वायर या स्ट्रैंड्स, नायलॉन या वायर रोप्स और वायर मेष"
514.,IS 2266 : 2019,सामान्य इंजीनियरिंग प्रयोजनों के लिए स्टील वायर रोप्स,"102. स्टील वायर या स्ट्रैंड्स, नायलॉन या वायर रोप्स और वायर मेष (गुणवत्ता नियंत्रण) आदेश, 2023
S.O. 5022(E), दिनांक 21 नवम्बर 2023
स्टील वायर या स्ट्रैंड्स, नायलॉन या वायर रोप्स और वायर मेष (गुणवत्ता नियंत्रण) आदेश, 2024
S.O. 2581(E), दिनांक 03 जुलाई 2024"
515.,IS 2365 : 2018,"लिफ्ट, एलिवेटर और होइस्ट के लिए स्टील वायर सस्पेंशन रोप्स"
516.,IS 1855:2022,खनन में वाइंडिंग और मैन-राइडिंग हौलजेस के लिए स्ट्रैंडेड स्टील वायर रोप्स
517.,IS 1856:2005,हौलज के लिए स्टील वायर रोप
518.,IS 2141:20005,हॉट डिप गैल्वनाइज्ड स्टे स्ट्रैंड
519.,IS 4521:2001,ऑयल वेल और ऑयल वेल ड्रिलिंग में प्रयुक्त वायर रोप्स
520.,IS 6590:1972,माउंटेनियरिंग प्रयोजनों के लिए ब्रेडेड नायलॉन रोप्स
521.,IS 278:2009,फेंसिंग के लिए गैल्वनाइज्ड स्टील बार्बेड वायर
522.,IS 16014:2018,"मैकेनिकल रूप से बुनी हुई, डबल-ट्विस्टेड, हेक्सागोनल वायर मेष गैबियन्स, रिवेट मैट्रेस और रॉक फॉल नेटिंग और अन्य सिविल इंजीनियरिंग प्रयोजनों के लिए उत्पाद (गैल्वनाइज्ड स्टील वायर या पॉलिमर कोटेड गैल्वनाइज्ड स्टील वायर)"
सामग्री लंबाई का माप
523.,IS 1269(भाग 1) : 1997,लीगल मेट्रोलॉजी – सामग्री लंबाई का माप – बुने हुए धातु और ग्लास फाइबर टेप माप,"103. लीगल मेट्रोलॉजी – सामग्री लंबाई के माप (गुणवत्ता नियंत्रण) आदेश, 2023
S.O. 5029(E), दिनांक 21 नवम्बर 2023"
524.,IS 1269(भाग 2) : 1997,लीगल मेट्रोलॉजी – सामग्री लंबाई का माप – स्टील टेप माप
पॉलीएथिलीन बुने हुए थैले
525.,IS 9755 : 2021,फर्टिलाइज़र पैकेजिंग के लिए टेक्सटाइल—हाई डेंसिटी पॉलीएथिलीन (HDPE) / पॉलीप्रोपलीन (PP) बुने हुए थैले,"104. फर्टिलाइज़र पैकेजिंग के लिए टेक्सटाइल—HDPE / PP बुने हुए थैले (गुणवत्ता नियंत्रण) आदेश, 2023
S.O. 5177(E), दिनांक 06 दिसम्बर 2023
फर्टिलाइज़र पैकेजिंग के लिए टेक्सटाइल—HDPE / PP बुने हुए थैले (गुणवत्ता नियंत्रण) संशोधन आदेश, 2024
S.O. 2180(E), दिनांक 04 जून 2024"
526.,IS 11652 : 2017,टेक्सटाइल — उच्च घनत्व पॉलीथीन (HDPE)/ पॉलीप्रोपलीन (PP) बुनाई वाले थैले 50 किग्रा सीमेंट की पैकेजिंग के लिए,"105. टेक्सटाइल— उच्च घनत्व पॉलीथीन (HDPE) / पॉलीप्रोपलीन (PP) बुनाई वाले थैले 50 किग्रा सीमेंट की पैकेजिंग के लिए (गुणवत्ता नियंत्रण) आदेश, 2023
S.O. 5178(E), दिनांक 06 दिसंबर 2023
टेक्सटाइल — उच्च घनत्व पॉलीथीन (HDPE)/ पॉलीप्रोपलीन (PP) बुनाई वाले थैले 50 किग्रा सीमेंट की पैकेजिंग के लिए (गुणवत्ता नियंत्रण) संशोधन आदेश, 2024
S.O. 2181(E), दिनांक 04 जून 2024
टेक्सटाइल — उच्च घनत्व पॉलीथीन (HDPE) / पॉलीप्रोपलीन (PP) बुनाई वाले थैले 50 किग्रा सीमेंट की पैकेजिंग के लिए (गुणवत्ता नियंत्रण) दूसरा संशोधन आदेश, 2024
S.O. 3938(E), दिनांक 13 सितंबर 2024
टेक्सटाइल — उच्च घनत्व पॉलीथीन (HDPE)/ पॉलीप्रोपलीन (PP) बुनाई वाले थैले 50 किग्रा सीमेंट की पैकेजिंग के लिए (गुणवत्ता नियंत्रण) तीसरा संशोधन आदेश, 2024
S.O. 5261(E), दिनांक 06 दिसंबर 2024
टेक्सटाइल — उच्च घनत्व पॉलीथीन (HDPE) / पॉलीप्रोपलीन (PP) बुनाई वाले थैले 50 किग्रा सीमेंट की पैकेजिंग के लिए (गुणवत्ता नियंत्रण) संशोधन आदेश, 2025
S.O. 2551(E), दिनांक 11 जून 2025
टेक्सटाइल — उच्च घनत्व पॉलीथीन (HDPE) / पॉलीप्रोपलीन (PP) बुनाई वाले थैले 50 किग्रा सीमेंट की पैकेजिंग के लिए (गुणवत्ता नियंत्रण) संशोधन आदेश, 2025
S.O. 4066(E), दिनांक 04 सितंबर 2025
टेक्सटाइल — उच्च घनत्व पॉलीथीन (HDPE) / पॉलीप्रोपलीन (PP) बुनाई वाले थैले 50 किग्रा सीमेंट की पैकेजिंग के लिए (गुणवत्ता नियंत्रण) संशोधन आदेश, 2026
S.O. 51(E), दिनांक 05 जनवरी 2026"
527.,IS 16709 : 2017,"टेक्सटाइल — पॉलीप्रोपलीन (PP) बुनाई, लेमिनेटेड, ब्लॉक बॉटम वाल्व थैले 50 किग्रा सीमेंट की पैकेजिंग के लिए","106. टेक्सटाइल — पॉलीप्रोपलीन (PP) बुनाई, लेमिनेटेड, ब्लॉक बॉटम वाल्व थैले 50 किग्रा सीमेंट की पैकेजिंग के लिए (गुणवत्ता नियंत्रण) आदेश, 2023
S.O. 5179(E), दिनांक 06 दिसंबर 2023
टेक्सटाइल — पॉलीप्रोपलीन (PP) बुनाई, लेमिनेटेड, ब्लॉक बॉटम वाल्व थैले 50 किग्रा सीमेंट की पैकेजिंग के लिए (गुणवत्ता नियंत्रण) संशोधन आदेश, 2024
S.O. 2182(E), दिनांक 04 जून 2024
टेक्सटाइल — पॉलीप्रोपलीन (PP) बुनाई, लेमिनेटेड, ब्लॉक बॉटम वाल्व थैले 50 किग्रा सीमेंट की पैकेजिंग के लिए (गुणवत्ता नियंत्रण) दूसरा संशोधन आदेश, 2024
S.O. 3939(E), दिनांक 13 सितंबर 2024
टेक्सटाइल — पॉलीप्रोपलीन (PP) बुनाई, लेमिनेटेड, ब्लॉक बॉटम वाल्व थैले 50 किग्रा सीमेंट की पैकेजिंग के लिए (गुणवत्ता नियंत्रण) तीसरा संशोधन आदेश, 2024
S.O. 5262(E), दिनांक 06 दिसंबर 2024
टेक्सटाइल — पॉलीप्रोपलीन (PP) बुनाई, लेमिनेटेड, ब्लॉक बॉटम वाल्व थैले 50 किग्रा सीमेंट की पैकेजिंग के लिए (गुणवत्ता नियंत्रण) संशोधन आदेश, 2025
S.O. 2552(E), दिनांक 11 जून 2025
टेक्सटाइल — पॉलीप्रोपलीन (PP) बुनाई, लेमिनेटेड, ब्लॉक बॉटम वाल्व थैले 50 किग्रा सीमेंट की पैकेजिंग के लिए (गुणवत्ता नियंत्रण) संशोधन आदेश, 2025
S.O. 4067(E), दिनांक 04 सितंबर 2025
टेक्सटाइल — पॉलीप्रोपलीन (PP) बुनाई, लेमिनेटेड, ब्लॉक बॉटम वाल्व थैले 50 किग्रा सीमेंट की पैकेजिंग के लिए (गुणवत्ता नियंत्रण) संशोधन आदेश, 2026
S.O. 52(E), दिनांक 05 जनवरी 2026"
528.,IS 16703 : 2017,टेक्सटाइल — उच्च घनत्व पॉलीथीन (HDPE) / पॉलीप्रोपलीन (PP) बुनाई वाले थैले 25 किग्रा पॉलीमर सामग्री की पैकेजिंग के लिए,"107. टेक्सटाइल — उच्च घनत्व पॉलीथीन (HDPE) / पॉलीप्रोपलीन (PP) बुनाई वाले थैले 25 किग्रा पॉलीमर सामग्री की पैकेजिंग के लिए (गुणवत्ता नियंत्रण) आदेश, 2023
S.O. 5180(E), दिनांक 06 दिसंबर 2023"
529.,IS 17399 : 2020,"टेक्सटाइल — पॉलीप्रोपलीन (PP)/ उच्च घनत्व पॉलीथीन (HDPE) लेमिनेटेड बुनाई वाले थैले मेल सॉर्टिंग, भंडारण, परिवहन और वितरण के लिए","108. टेक्सटाइल — पॉलीप्रोपलीन (PP)/ उच्च घनत्व पॉलीथीन (HDPE) लेमिनेटेड बुनाई वाले थैले मेल सॉर्टिंग, भंडारण, परिवहन और वितरण के लिए (गुणवत्ता नियंत्रण) आदेश, 2023
S.O. 5181(E), दिनांक 06 दिसंबर 2023
टेक्सटाइल — पॉलीप्रोपलीन (PP)/ उच्च घनत्व पॉलीथीन (HDPE) लेमिनेटेड बुनाई वाले थैले मेल सॉर्टिंग, भंडारण, परिवहन और वितरण के लिए (गुणवत्ता नियंत्रण) संशोधन आदेश, 2024
S.O. 2183(E), दिनांक 04 जून 2024
टेक्सटाइल — पॉलीप्रोपलीन (PP)/ उच्च घनत्व पॉलीथीन (HDPE) लेमिनेटेड बुनाई वाले थैले मेल सॉर्टिंग, भंडारण, परिवहन और वितरण के लिए (गुणवत्ता नियंत्रण) दूसरा संशोधन आदेश, 2024
S.O. 3940(E), दिनांक 13 सितंबर 2024
टेक्सटाइल — पॉलीप्रोपलीन (PP) बुनाई, लेमिनेटेड, ब्लॉक बॉटम वाल्व थैले 50 किग्रा सीमेंट की पैकेजिंग के लिए (गुणवत्ता नियंत्रण) तीसरा संशोधन आदेश, 2024
S.O. 5263(E), दिनांक 06 दिसंबर 2024
टेक्सटाइल — पॉलीप्रोपलीन (PP)/ उच्च घनत्व पॉलीथीन (HDPE) लेमिनेटेड बुनाई वाले थैले मेल सॉर्टिंग, भंडारण, परिवहन और वितरण के लिए (गुणवत्ता नियंत्रण) संशोधन आदेश, 2025
S.O. 2553(E), दिनांक 11 जून 2025
टेक्सटाइल — पॉलीप्रोपलीन (PP)/ उच्च घनत्व पॉलीथीन (HDPE) लेमिनेटेड बुनाई वाले थैले मेल सॉर्टिंग, भंडारण, परिवहन और वितरण के लिए (गुणवत्ता नियंत्रण) संशोधन आदेश, 2025
S.O. 4068(E), दिनांक 04 सितंबर 2025
टेक्सटाइल — पॉलीप्रोपलीन (PP)/ उच्च घनत्व पॉलीथीन (HDPE) लेमिनेटेड बुनाई वाले थैले मेल सॉर्टिंग, भंडारण, परिवहन और वितरण के लिए (गुणवत्ता नियंत्रण) संशोधन आदेश, 2026
S.O. 53(E), दिनांक 05 जनवरी 2026"
"तिजोरी, सेफ डिपॉज़िट लॉकर कैबिनेट और कुंजी ताले"
530.,IS 550 (भाग 1) : 2014,तिजोरियाँ,"109. तिजोरी, सेफ डिपॉज़िट लॉकर कैबिनेट और कुंजी ताले (गुणवत्ता नियंत्रण) आदेश, 2023
S.O. 5293(E), दिनांक 08 दिसंबर 2023"
531.,IS 5244 : 2020,सेफ डिपॉज़िट लॉकर कैबिनेट
532.,IS 17566 : 2021,सुरक्षा उपकरणों के लिए कुंजी ताले
हिंजेस (पिवट्स)
533.,IS 12817:2020,स्टेनलेस स्टील बट हिंजेस,"110. हिंजेस (गुणवत्ता नियंत्रण) आदेश, 2023
S.O. 5294(E), दिनांक 08 दिसंबर 2023
हिंजेस (गुणवत्ता नियंत्रण) आदेश, 2024
S.O. 2982(E), दिनांक 26 जुलाई 2024
हिंजेस (गुणवत्ता नियंत्रण) आदेश, 2025
S.O. 1368(E), दिनांक 24 मार्च 2025"
534.,IS 1341:2018,स्टील बट हिंजेस
535.,IS 205:1992,गैर-लौह धातु बट हिंजेस
536.,IS 206:2010,टी और स्ट्रैप हिंजेस
537.,IS 362:1991,संसदीय हिंजेस
538.,IS 3818:1992,कंटिन्युअस (पियानो) हिंजेस
539.,IS 3843:1995,स्टील बैक फ्लैप हिंजेस
540.,IS 453:1993,डबल-एक्टिंग स्प्रिंग हिंजेस
541.,IS 18297:2023,कैबिनेट हिंजेस
साइकिल और रिक्शा टायर और ट्यूब
542.,IS 2414:2005,साइकिल और रिक्शा के न्यूमेटिक टायर,"111. साइकिल और रिक्शा टायर और ट्यूब (गुणवत्ता नियंत्रण) आदेश, 2023
S.O. 5323(E), दिनांक 11 दिसंबर 2023"
543.,IS 2415 :2015,साइकिल – रबर ट्यूब्स (मोल्डेड या जोड़ वाले)
प्रेशर कुकर के लिए रबर गैस्केट्स
544.,IS 7466 :1994,प्रेशर कुकर के लिए रबर गैस्केट्स,"112. प्रेशर कुकर के लिए रबर गैस्केट्स (गुणवत्ता नियंत्रण) आदेश, 2023
S.O. 5371(E), दिनांक 14 दिसंबर 2023"
प्रयोगशाला के कांच के बर्तन
545.,IS 878 :2008,प्रयोगशाला ग्लासवेयर – ग्रैजुएटेड माप सिलेंडर,"113. प्रयोगशाला ग्लासवेयर (गुणवत्ता नियंत्रण) आदेश, 2023
S.O. 44(E), दिनांक 1 जनवरी 2024
प्रयोगशाला ग्लासवेयर (गुणवत्ता नियंत्रण) संशोधन आदेश, 2024
S.O. 5358(E), दिनांक 11 दिसंबर 2024"
546.,IS 915:2012,प्रयोगशाला ग्लासवेयर – वन मार्क वॉल्यूमेट्रिक फ्लास्क
547.,IS 1381 (भाग 1):2003,प्रयोगशाला ग्लासवेयर – संकरे गले वाले बॉयलिंग फ्लास्क
548.,IS 1117:2018,प्रयोगशाला ग्लासवेयर – सिंगल वॉल्यूम पाइपेट्स
549.,IS 2619:2018,कांच के बीकर
विद्युत उपकरण और सहायक उपकरण
550.,IS 14772: 2020,घरेलू और इसी तरह की फिक्स्ड विद्युत इंस्टॉलेशन्स के लिए इलेक्ट्रिकल एक्सेसरीज के बॉक्स और एनक्लोजर,"विद्युत उपकरण (गुणवत्ता नियंत्रण) आदेश, 2023
S.O. 43(E), दिनांक 1 जनवरी 2024
विद्युत उपकरण (गुणवत्ता नियंत्रण) संशोधन, 2026
S.O. 187(E), दिनांक 13 जनवरी 2026"
551.,IS 14927 (भाग 2): 2001,विद्युत इंस्टॉलेशन्स के लिए केबल ट्रंकिंग और डक्टिंग सिस्टम – दीवार या छत पर माउंटिंग के लिए
552.,IS 1258: 2005,बेयोनट लैंप होल्डर्स
553.,IS 15787: 2008,स्विच-सॉकेट-आउटलेट्स (नॉन-इंटरलॉक प्रकार)
554.,IS 13774:2021,इन्सुलेटिंग मटेरियल के लाइव वर्किंग ग्लव्स
555.,IS 15652:2006,विद्युत उद्देश्यों के लिए इंसुलेटिंग मैट्स
,IS 7809 (भाग 3/ खंड 1): 1986,विद्युत उद्देश्यों के लिए प्रेशर सेंसिटिव एडीसिव इंसुलेटिंग टेप – भाग 3 आवश्यकताएं या व्यक्तिगत सामग्री – सेक्शन 1 प्लास्टिसाइज्ड पॉलीविनाइल क्लोराइड टेप्स गैर-थर्मोसेटिंग चिपकने वाले के साथ
556.,IS 16012: 2012,पॉली-लेमिनेटेड एल्युमिनियम केबल रैप
पॉली विनाइल क्लोराइड (PVC) होमोपॉलिमर
,IS 17658:2021,पॉली विनाइल क्लोराइड (PVC) होमोपॉलिमर,"पॉली विनाइल क्लोराइड (PVC) होमोपॉलिमर (गुणवत्ता नियंत्रण) आदेश, 2024
S.O. 920(E), दिनांक 26 फरवरी 2024
पॉली विनाइल क्लोराइड (PVC) होमोपॉलिमर (गुणवत्ता नियंत्रण) संशोधन आदेश, 2024
S.O. 3595(E), दिनांक 23 अगस्त 2024
पॉली विनाइल क्लोराइड (PVC) होमोपॉलिमर (गुणवत्ता नियंत्रण) तीसरा संशोधन आदेश, 2024
S.O. 5552(E), दिनांक 24 दिसंबर 2024
पॉली विनाइल क्लोराइड (PVC) होमोपॉलिमर (गुणवत्ता नियंत्रण) संशोधन आदेश, 2025
S.O. 2746(E), दिनांक 20 जून 2025
पॉली विनाइल क्लोराइड (PVC) होमोपॉलिमर (गुणवत्ता नियंत्रण) आदेश, 2024 रद्द आदेश
S.O. 5139(E), दिनांक 12 नवंबर 2025"
पॉलीप्रोपलीन (PP) मटेरियल्स फॉर मोल्डिंग एंड एक्सट्रूज़न
,IS 10951: 2020,पॉलीप्रोपलीन (PP) मटेरियल्स फॉर मोल्डिंग एंड एक्सट्रूज़न,"पॉलीप्रोपलीन (PP) मटेरियल्स फॉर मोल्डिंग एंड एक्सट्रूज़न (गुणवत्ता नियंत्रण) आदेश, 2024
S.O. 921(E), दिनांक 26 फरवरी 2024
पॉलीप्रोपलीन (PP) मटेरियल्स फॉर मोल्डिंग एंड एक्सट्रूज़न (गुणवत्ता नियंत्रण) संशोधन आदेश, 2024
S.O. 3594(E), दिनांक 23 अगस्त 2024
पॉलीप्रोपलीन (PP) मटेरियल्स फॉर मोल्डिंग एंड एक्सट्रूज़न (गुणवत्ता नियंत्रण) तीसरा संशोधन आदेश, 2024
S.O. 5553(E), दिनांक 24 दिसंबर 2024
पॉलीप्रोपलीन (PP) मटेरियल्स फॉर मोल्डिंग एंड एक्सट्रूज़न (गुणवत्ता नियंत्रण) संशोधन आदेश, 2025
S.O. 2788(E), दिनांक 23 जून 2025
पॉलीप्रोपलीन (PP) मटेरियल्स फॉर मोल्डिंग एंड एक्सट्रूज़न (गुणवत्ता नियंत्रण) दूसरा संशोधन आदेश, 2025
S.O. 4779(E), दिनांक 22 अक्टूबर 2025
पॉलीप्रोपलीन (PP) मटेरियल्स फॉर मोल्डिंग एंड एक्सट्रूज़न (गुणवत्ता नियंत्रण) आदेश, 2024 रद्द आदेश
S.O. 5138(E), दिनांक 12 नवंबर 2025"
डीज़ल इंजन – NOx रिडक्शन एजेंट AUS 32
557.,IS 17042 (भाग-1): 2018,डीज़ल इंजन – NOx रिडक्शन एजेंट AUS 32,"114. डीज़ल इंजन – NOx रिडक्शन एजेंट AUS 32 (गुणवत्ता नियंत्रण) आदेश, 2024
S.O. 922(E), दिनांक 26 फरवरी 2024"
एयर कूलर और एयर फ़िल्टर
558.,IS 3315:2019,वाष्पीकरण एयर कूलर (डेज़र्ट कूलर),"115. एयर कूलर और एयर फ़िल्टर (गुणवत्ता नियंत्रण) आदेश, 2023
S.O. 1114(E), दिनांक 05 मार्च 2024
एयर कूलर और एयर फ़िल्टर (गुणवत्ता नियंत्रण) आदेश, 2025
S.O. 529(E), दिनांक 30 जनवरी 2025"
559.,IS 17570 (भाग 1): 2021 ISO 16890-2: 2016,सामान्य वेंटिलेशन के लिए एयर फ़िल्टर – तकनीकी विनिर्देश और पार्टिकुलेट मैटर एफिशियेंसी (ePM) के आधार पर वर्गीकरण प्रणाली
विद्युत उपकरण
560.,IS 302 (भाग 2/सेक्शन 9): 2009,"घरेलू और समान विद्युत उपकरणों की सुरक्षा – विशेष आवश्यकताएँ – टोस्टर, ग्रिल, रोस्टर और समान उपकरण","116. रसोई के लिए विद्युत उपकरण (गुणवत्ता नियंत्रण) आदेश, 2023
S.O. 1128(E), दिनांक 05 मार्च 2024"
561.,IS 302 (भाग 2/सेक्शन 31): 2009,घरेलू और समान विद्युत उपकरणों की सुरक्षा – विशेष आवश्यकताएँ – रेंज हुड
562.,IS 302 (भाग 2/सेक्शन 23): 2009,घरेलू और समान विद्युत उपकरणों की सुरक्षा – विशेष आवश्यकताएँ – त्वचा या बालों की देखभाल के उपकरण,"117. त्वचा या बालों की देखभाल के विद्युत उपकरण (गुणवत्ता नियंत्रण) आदेश, 2023
S.O. 1125(E), दिनांक 05 मार्च 2024"
563.,IS 302 (भाग 2/ सेक्शन 80): 2017,घरेलू और समान विद्युत उपकरणों की सुरक्षा – विशेष आवश्यकताएँ – पंखे,"118. विद्युत उपकरण पंखे (गुणवत्ता नियंत्रण) आदेश, 2023
S.O. 1124(E), दिनांक 05 मार्च 2024"
564.,IS 302 (भाग 2/सेक्शन 75): 2018,घरेलू और समान विद्युत उपकरणों की सुरक्षा – विशेष आवश्यकताएँ – वाणिज्यिक डिस्पेंसिंग उपकरण और वेंडिंग मशीनें,"119. वाणिज्यिक डिस्पेंसिंग और वेंडिंग के लिए विद्युत उपकरण (गुणवत्ता नियंत्रण) आदेश, 2023
S.O. 1127(E), दिनांक 05 मार्च 2024
वाणिज्यिक डिस्पेंसिंग और वेंडिंग के लिए विद्युत उपकरण (गुणवत्ता नियंत्रण) आदेश, 2024
S.O. 4568(E), दिनांक 18 अक्टूबर 2024
वाणिज्यिक डिस्पेंसिंग और वेंडिंग के लिए विद्युत उपकरण (गुणवत्ता नियंत्रण) आदेश, 2025
S.O. 2283(E), दिनांक 21 मई 2025"
565.,IS 302 (भाग 2/सेक्शन 7): 2010,घरेलू और समान विद्युत उपकरणों की सुरक्षा – विशेष आवश्यकताएँ – घरेलू कपड़े धोने की मशीनें,"120. घरेलू कपड़े धोने के विद्युत उपकरण (गुणवत्ता नियंत्रण) आदेश, 2023
S.O. 1126(E), दिनांक 05 मार्च 2024
घरेलू कपड़े धोने के विद्युत उपकरण (गुणवत्ता नियंत्रण) आदेश, 2024
S.O. 4815(E), दिनांक 05 नवंबर 2024"
एस्बेस्टस या फाइबर सीमेंट आधारित उत्पाद
566.,IS 459:1992,तिरछे और अर्ध-तिरछे एस्बेस्टस सीमेंट शीट्स,"121. एस्बेस्टस या फाइबर सीमेंट आधारित उत्पाद (गुणवत्ता नियंत्रण) आदेश, 2024
S.O. 1152(E), दिनांक 06 मार्च 2024"
567.,IS 1592:2003,एस्बेस्टस सीमेंट प्रेशर पाइप और जोड़
568.,IS 2096:1992,एस्बेस्टस सीमेंट फ्लैट शीट्स
569.,IS 2098:1997,एस्बेस्टस सीमेंट बिल्डिंग बोर्ड्स
570.,IS 6908:1991,सीवेज और ड्रेनेज के लिए एस्बेस्टस-सीमेंट पाइप और फिटिंग्स
571.,IS 13000:1990,सिलिका-एस्बेस्टस-सीमेंट फ्लैट शीट्स
572.,IS 8870:1978,एस्बेस्टस सीमेंट केबल नालियां और ट्रॉफ़
573.,IS 9627:1980,एस्बेस्टस सीमेंट प्रेशर पाइप (हल्का कार्य)
574.,IS 13008:1990,शैलो तिरछी एस्बेस्टस सीमेंट शीट्स
575.,IS 14862:2000,फाइबर सीमेंट फ्लैट शीट्स
576.,IS 14871:2000,फाइबर रिइन्फोर्स्ड सीमेंट उत्पाद – लंबी तिरछी या असममित खंड शीट्स और छत/क्लैडिंग फिटिंग्स
जल मीटर और सहायक उपकरण
577.,IS 2373:1981,जल मीटर (थोक प्रकार),"122. जल मीटर और सहायक उपकरण (गुणवत्ता नियंत्रण) आदेश, 2023
S.O. 1142(E), दिनांक 05 मार्च 2024"
578.,IS 779:1994,जल मीटर (घरेलू प्रकार)
579.,IS 2692:1989,जल सेवाओं के लिए फेरुल्स
जिप्सम आधारित निर्माण सामग्री
580.,IS 2095 (भाग 1):2011,"जिप्सम प्लास्टर बोर्ड – विनिर्देश: भाग 1, सामान्य जिप्सम प्लास्टर बोर्ड","123. जिप्सम आधारित निर्माण सामग्री (गुणवत्ता नियंत्रण) आदेश, 2024
S.O. 1153(E), दिनांक 06 मार्च 2024
जिप्सम आधारित निर्माण सामग्री (गुणवत्ता नियंत्रण) आदेश, 2024 का सुधारपत्र
S.O. 2007(E), दिनांक 14 मई 2024
जिप्सम आधारित निर्माण सामग्री (गुणवत्ता नियंत्रण) संशोधन आदेश, 2024
S.O. 5058(E), दिनांक 25 नवंबर 2024"
581.,IS 17400:2021,ग्लास फाइबर रिइन्फोर्स्ड जिप्सम पैनल
582.,IS 2095 (भाग 2): 2022,जिप्सम प्लास्टर बोर्ड – लेपित/लैमिनेटेड जिप्सम प्लास्टर बोर्ड
583.,IS 2095 (भाग 3):2022,जिप्सम प्लास्टर बोर्ड – रिइन्फोर्स्ड जिप्सम प्लास्टर बोर्ड और छत टाइल्स
घरेलू जल हीटिंग के लिए विद्युत उपकरण
584.,IS 302 (भाग 2/सेक्शन 21): 2018,स्थिर भंडारण प्रकार के विद्युत जल हीटर के उपकरण,"124. घरेलू जल हीटिंग के लिए विद्युत उपकरण (गुणवत्ता नियंत्रण) आदेश, 2023
S.O. 1253(E), दिनांक 05 मार्च 2024
घरेलू जल हीटिंग के लिए विद्युत उपकरण (गुणवत्ता नियंत्रण) आदेश, 2025
S.O. 355(E), दिनांक 21 जनवरी 2025"
585.,IS 302 (भाग 2/सेक्शन 35): 2017,तत्काल जल हीटर के लिए उपकरण
586.,IS 368:2014,विद्युत इमर्शन जल हीटर
587.,IS 2082:2018,स्थिर भंडारण प्रकार के विद्युत जल हीटर
588.,IS 17150:2019,पाइप किए गए प्राकृतिक गैस (PNG) के लिए मिनी घरेलू जल हीटर
V-बेल्ट
589.,IS 2494 (भाग 1): 1994,वी-बेल्ट – औद्योगिक प्रयोजनों के लिए अंतहीन V-बेल्ट – सामान्य प्रयोजन,"125. V-बेल्ट (गुणवत्ता नियंत्रण) आदेश, 2024
S.O. 1252(E), दिनांक 06 मार्च 2024
V-बेल्ट (गुणवत्ता नियंत्रण) संशोधन आदेश, 2024
S.O. 4880(E), दिनांक 12 नवंबर 2024"
590.,IS 2494 (भाग 2): 1993,वी-बेल्ट – औद्योगिक प्रयोजनों के लिए अंतहीन V-बेल्ट – अग्निरोधक और एंटिस्टैटिक V-बेल्ट
591.,IS 14261: 1995,संक्रमण उपकरण – V-बेल्ट – औद्योगिक उपयोग के लिए अंतहीन संकीर्ण V-बेल्ट
टेलीस्कोपिक बॉल बेयरिंग ड्रॉअर स्लाइड
592.,IS 17954:2023,टेलीस्कोपिक बॉल बेयरिंग ड्रॉअर स्लाइड,"126. टेलीस्कोपिक बॉल बेयरिंग ड्रॉअर स्लाइड (गुणवत्ता नियंत्रण) आदेश, 2024
S.O. 1962(E), दिनांक 02 मई 2024"
क्रॉस रेस्सेड स्क्रू
593.,IS 18471 (भाग 1) : 2023/ ISO 15481:1999,फास्टनर्स – क्रॉस रेस्सेड ड्रिलिंग स्क्रू विथ टैपिंग स्क्रू थ्रेड भाग 1 पैन हेड,"127. क्रॉस रेस्सेड स्क्रू (गुणवत्ता नियंत्रण) आदेश, 2024
S.O. 4099(E), दिनांक 20 सितंबर 2024
क्रॉस रेस्सेड स्क्रू (गुणवत्ता नियंत्रण) आदेश, 2025
S.O. 3927(E), दिनांक 27 अगस्त 2025"
594.,IS 18471 (भाग 2) :2023/ ISO 15482:1999,फास्टनर्स – क्रॉस रेस्सेड ड्रिलिंग स्क्रू विथ टैपिंग स्क्रू थ्रेड भाग 2 काउंटरसंक हेड
595.,IS 18471 (भाग 3) :2023/ ISO 15483:1999,फास्टनर्स – क्रॉस रेस्सेड ड्रिलिंग स्क्रू विथ टैपिंग स्क्रू थ्रेड भाग 3 राइज्ड काउंटरसंक हेड
596.,IS 18476 : 2023/ ISO 15480:2019,फास्टनर्स – हेक्सागन वॉशर हेड ड्रिलिंग स्क्रू विथ टैपिंग स्क्रू थ्रेड
597.,IS 18480 (भाग 1) :2023/ ISO 7049 : 2011,क्रॉस रेस्सेड टैपिंग स्क्रू: भाग 1 पैन हेड
598.,IS 18480 (भाग 2) :2023/ ISO 7050 : 2011,क्रॉस रेस्सेड टैपिंग स्क्रू भाग 2 काउंटरसंक फ्लैट हेड
599.,IS 18480 (भाग 3) :2023/ ISO 7051 : 2011,क्रॉस रेस्सेड टैपिंग स्क्रू भाग 3 राइज्ड काउंटरसंक ओवल हेड
600.,IS 7483 : 2018/ ISO 7045 : 2011,पैन हेड स्क्रू विथ टाइप H या टाइप Z क्रॉस रेस्स – उत्पाद ग्रेड A
601.,IS 7485 (भाग 1) : 2018/ ISO 7046-1 : 2011,काउंटरसंक फ्लैट हेड स्क्रू (सामान्य हेड स्टाइल) विथ टाइप H या टाइप Z क्रॉस रेस्स – उत्पाद ग्रेड A भाग 1 स्टील स्क्रू प्रॉपर्टी क्लास 4.8
602.,IS 7485 (भाग 2) : 2018/ ISO 7046-2 : 2011,"काउंटरसंक फ्लैट हेड स्क्रू (सामान्य हेड स्टाइल) विथ टाइप H या टाइप Z क्रॉस रेस्स – उत्पाद ग्रेड A भाग 2 स्टील स्क्रू प्रॉपर्टी क्लास 8.8, स्टेनलेस स्टील स्क्रू और नॉन-फेरस मेटल स्क्रू"
603.,IS 7486 : 2018/ ISO 7047 : 2011,राइज्ड काउंटरसंक हेड स्क्रू (सामान्य हेड स्टाइल) विथ टाइप H या टाइप Z क्रॉस रेस्स – उत्पाद ग्रेड A
604.,IS 18507 : 2024,ड्राईवाल स्क्रू – विनिर्देश
605.,IS 18508 : 2024,चिपबोर्ड स्क्रू – विनिर्देश
606.,IS 18509 : 2023,क्रॉस-रेस्सेड काउंटरसंक हेड वुड स्क्रू – विनिर्देश
"घरेलू, व्यावसायिक और समान विद्युत उपकरणों की सुरक्षा"
607.,IS 302 (भाग 1) : 2024 IEC 60335-1:2020,"सभी विद्युत उपकरण
  वैक्यूम क्लीनर और जल-संवेदी सफाई उपकरण","128. घरेलू, व्यावसायिक और समान विद्युत उपकरणों की सुरक्षा (गुणवत्ता नियंत्रण) आदेश, 2024
S.O. 4098(E), दिनांक 20 सितंबर 2024
घरेलू, व्यावसायिक और समान विद्युत उपकरणों की सुरक्षा (गुणवत्ता नियंत्रण) आदेश, 2025
S.O. 2232(E), दिनांक 19 मई 2025"
स्पिन एक्सट्रैक्टर्स
"कुकिंग रेंज, हॉब्स, ओवन और समान उपकरण"
"इलेक्ट्रिक शेवर, हेयर क्लिपर्स और समान उपकरण"
टम्बलर ड्रायर्स
वार्मिंग प्लेट और समान उपकरण
"फ्राइंग पैन, डीप फैट फ्रायर और समान उपकरण"
तरल पदार्थ गर्म करने के उपकरण
मसाज उपकरण
"इलेक्ट्रिक फोर्स्ड कन्वेक्शन ओवन, स्टीम कूकर और स्टीम-कन्वेक्शन ओवन"
इलेक्ट्रिक हीटिंग टूल्स
इलेक्ट्रिक स्टीम कूकर
कीट नाशक उपकरण
इनडोर उपयोग के लिए इलेक्ट्रिक कॉल बेल और बज़र
इलेक्ट्रिक वॉटर बॉयलर
इलेक्ट्रिक कॉफी मेकर
इलेक्ट्रिक बीन्स स्लाइसर
इलेक्ट्रिक बेरी जूस एक्सट्रैक्टर
इलेक्ट्रिक कैन ओपनर
इलेक्ट्रिक सेंट्रीफ्यूगल जूसर
इलेक्ट्रिक चर्न
इलेक्ट्रिक सिट्रस फ्रूट स्क्वीज़र
इलेक्ट्रिक कॉफी मिल्स (500g हॉपपर क्षमता तक)
इलेक्ट्रिक क्रीम व्हिपर
इलेक्ट्रिक एग बीटर
इलेक्ट्रिक फूड प्रोसेसर
इलेक्ट्रिक ग्रेन ग्राइंडर (3l हॉपपर क्षमता तक)
इलेक्ट्रिक ग्रेटर्स
"इलेक्ट्रिक आइसक्रीम मशीन, फ्रिज और फ्रीजर उपयोग सहित"
इलेक्ट्रिक नाइफ शार्पनर
इलेक्ट्रिक चाकू
इलेक्ट्रिक नूडल मेकर
इलेक्ट्रिक आलू छीलने वाला
इलेक्ट्रिक श्रेडर
इलेक्ट्रिक सीविंग मशीन
स्लाइसिंग मशीन
इलेक्ट्रिक हॉट प्लेट
सिंगल वॉल्ड बेकिंग ओवन
लो स्पीड फूड ग्राइंडिंग मशीन
डिशवॉशर
फ्लोर ट्रीटमेंट मशीन और वेट स्क्रबिंग मशीन
फूड वेस्ट डिस्पोज़र
"कंबल, पैड, कपड़े और समान लचीले हीटिंग उपकरण"
त्वचा पर ऑप्टिकल विकिरण एक्सपोज़र के लिए उपकरण
"व्यावसायिक इलेक्ट्रिक कुकिंग रेंज, ओवन, हॉब और हॉब एलिमेंट"
व्यावसायिक इलेक्ट्रिक डोनट फ्रायर और डीप फैट फ्रायर
व्यावसायिक इलेक्ट्रिक ग्रिडल और ग्रिडल ग्रिल
व्यावसायिक इलेक्ट्रिक मल्टी-पर्पज कुकिंग पैन
"व्यावसायिक इलेक्ट्रिक फोर्स्ड कन्वेक्शन ओवन, स्टीम कूकर और स्टीम-कन्वेक्शन ओवन"
कपड़े सुखाने वाले और तौलिया रेल
व्यावसायिक इलेक्ट्रिक बॉइलिंग पैन
व्यावसायिक इलेक्ट्रिक ग्रिल और टोस्टर
खाद्य और बर्तन गर्म रखने के लिए व्यावसायिक इलेक्ट्रिक उपकरण
व्यावसायिक इलेक्ट्रिक बैन मैरी
मौखिक स्वच्छता उपकरण
सॉना हीटिंग उपकरण और इन्फ्रारेड केबिन
तरल या भाप का उपयोग करने वाले घरेलू सतह-सफाई उपकरण
एक्वेरियम और गार्डन पोंड के लिए इलेक्ट्रिक उपकरण
व्यावसायिक इलेक्ट्रिक डिशवॉशिंग मशीन
व्हर्लपूल बाथ और व्हर्लपूल स्पा
थर्मल स्टोरेज रूम हीटर
व्यावसायिक इलेक्ट्रिक रिंसिंग सिंक
व्यावसायिक इलेक्ट्रिक किचन मशीन
एयर क्लीनिंग उपकरण
वॉटर-बेड हीटर
फिक्स्ड इमर्शन हीटर
आउटडोर बारबेक्यू
फुट वार्मर और हीटिंग मैट
मनोरंजन मशीन और व्यक्तिगत सेवा मशीन
टॉयलेट उपकरण
फैब्रिक स्टीमर
आवासीय उपयोग के लिए वर्टिकली मूविंग गैराज दरवाजे के ड्राइव
ह्यूमिडिफ़ायर
व्यावसायिक इलेक्ट्रिक हुड
वापोराइज़र
"गैस, तेल और ठोस ईंधन जलाने वाले उपकरण जिनमें विद्युत कनेक्शन हों"
इलेक्ट्रोलाइज़र
ब्यूटी केयर उपकरण जिनमें लेजर और तीव्र प्रकाश स्रोत शामिल हों
व्यक्तिगत ई-ट्रांसपोर्टर
त्वचा सुंदरता देखभाल उपकरण
विद्युत मोटरयुक्त फर्नीचर
व्यावसायिक वैक्यूम पैकेजिंग उपकरण
हैंड हेल्ड इलेक्ट्रिक एंग्रेविंग टूल्स
DC सप्लाई / बैटरी संचालित वैक्यूम क्लीनर
"DC सप्लाई / बैटरी संचालित शेवर, ट्रिमर, क्लिपर और समान उपकरण"
DC सप्लाई / बैटरी संचालित मसाज उपकरण
"DC सप्लाई / बैटरी संचालित ब्लेंडर, जूसर"
DC सप्लाई / बैटरी संचालित टूथब्रश और अन्य मौखिक स्वच्छता उपकरण
DC सप्लाई / बैटरी संचालित फुट वार्मर और हीटिंग मैट
DC सप्लाई / बैटरी संचालित एयर प्यूरीफायर
हैंड टूल्स
608.,IS 4123:1982,चेन पाइप रिंच,"129. हैंड टूल्स (गुणवत्ता नियंत्रण) आदेश, 2024
S.O. 4183(E), दिनांक 24 सितंबर 2024
हैंड टूल्स (गुणवत्ता नियंत्रण) आदेश, 2025
S.O. 3385(E), दिनांक 24 जुलाई 2025
हैंड टूल्स (गुणवत्ता नियंत्रण) आदेश, 2025
S.O. 5596(E), दिनांक 04 दिसंबर 2025"
609.,IS 4508:1992,ओपन एंडेड स्लगिंग रिंच (स्पैनर्स)
610.,IS 4509:1992,रिंग स्लगिंग रिंच (स्पैनर्स)
611.,IS 6149:1984,सिंगल-एंडेड ओपन-जॉव एडजस्टेबल रिंच
612.,IS 2028:2004,ओपन-जॉव रिंच (स्पैनर्स)
613.,IS 2029:1998,रिंग रिंच (स्पैनर्स)
614.,IS 4003 (Part 1): 1978,पाइप रिंच – सामान्य उपयोग
615.,IS 4003 (Part 2): 1986,पाइप रिंच – भारी कार्य के लिए
616.,IS 3650:1981,कॉम्बिनेशन साइड कटिंग प्लायर्स
इंडुटेक
617.,IS 15041:2001,टेक्सटाइल – सामान्य उपयोग के लिए मानव निर्मित फाइबर से बने फ्लैट वेवन वेबिंग स्लिंग्स,"130. इंडुटेक (गुणवत्ता नियंत्रण) आदेश, 2024
S.O. 4326(E), दिनांक 03 अक्टूबर 2024"
रस्सियाँ और कॉर्डेज
618.,IS 1084:2005,टेक्सटाइल — मनिला रस्सियाँ — विनिर्देशन,"131. रस्सियाँ और कॉर्डेज (गुणवत्ता नियंत्रण) आदेश, 2024
S.O. 4327(E), दिनांक 03 अक्टूबर 2024"
619.,IS 11066:2022,"फाइबर रस्सियाँ — पॉलिएस्टर — 3-, 4-, 8- और 12- स्ट्रैंड रस्सियाँ"
620.,IS 14928:2001,टेक्सटाइल — मिश्रित सिंथेटिक फाइबर रस्सियाँ — विनिर्देशन
621.,IS 14929:2022,मिक्स्ड पॉलीओलेफिन फाइबर रस्सियाँ
622.,IS 1804:2004,स्टील वायर रस्सियाँ – फाइबर मुख्य कोर – विनिर्देशन
623.,IS 4572:2022,"फाइबर रस्सियाँ — पॉलीएमाइड — 3-, 4-, 8- और 12- स्ट्रैंड रस्सियाँ"
624.,IS 5175:2022,"फाइबर रस्सियाँ — पॉलीप्रोपलीन स्प्लिट फिल्म, मोनोफिलामेंट और मल्टीफिलामेंट (PP2) तथा पॉलीप्रोपलीन हाई-टेन्सिटी मल्टीफिलामेंट (PP3) — 3-, 4-, 8- और 12- स्ट्रैंड रस्सियाँ"
625.,IS 8674 : 2013,फाइबर रस्सियाँ — पॉलीइथिलीन — 3- और 4- स्ट्रैंड रस्सियाँ
626.,IS 17609 : 2021,पॉलीएस्टर / पॉलीओलेफिन डुअल फाइबर की फाइबर रस्सियाँ
"सोलर थर्मल सिस्टम, उपकरण और घटक"
627.,"IS 12933 (भाग 1): 2003
IS 12933 (भाग 2): 2003",सोलर फ्लैट प्लेट कलेक्टर सोलर वॉटर हीटिंग सिस्टम के लिए,"132. सोलर थर्मल सिस्टम, उपकरण और घटक (गुणवत्ता नियंत्रण) आदेश, 2024
S.O. 4485(E), दिनांक 14 अक्टूबर 2024"
628.,IS 16544: 2016,ऑल ग्लास एवैक्यूएटेड ट्यूब सोलर वॉटर हीटिंग सिस्टम
629.,IS 16542: 2016,स्टोरेज वॉटर टैंक ऑल ग्लास एवैक्यूएटेड ट्यूब सोलर वॉटर हीटिंग सिस्टम के लिए
"H एसिड, K एसिड और विनाइल सल्फोन"
,IS 8637 : 2020,H एसिड,"H एसिड (गुणवत्ता नियंत्रण) आदेश, 2024
S.O. 4925(E), दिनांक 14 नवंबर 2024
H एसिड (गुणवत्ता नियंत्रण) संशोधन आदेश, 2025
S.O.2144(E), दिनांक 14 मई 2025
H एसिड (गुणवत्ता नियंत्रण) दूसरा संशोधन आदेश, 2025
S.O.3530(E), दिनांक 30 जुलाई 2025
H एसिड (गुणवत्ता नियंत्रण) आदेश, 2024 रद्द आदेश
S.O. 5310(E), दिनांक 20 नवंबर 2025"
,IS 11557: 1986,K एसिड,"K एसिड (गुणवत्ता नियंत्रण) आदेश, 2024
S.O. 4926(E), दिनांक 14 नवंबर 2024
K एसिड (गुणवत्ता नियंत्रण) संशोधन आदेश, 2025
S.O.2145(E), दिनांक 14 मई 2025
K एसिड (गुणवत्ता नियंत्रण) आदेश, 2024 रद्द आदेश
S.O. 5311(E), दिनांक 20 नवंबर 2025"
,IS 18340 : 2023,विनाइल सल्फोन,"विनाइल सल्फोन (गुणवत्ता नियंत्रण) आदेश, 2024
S.O. 4927(E), दिनांक 14 नवंबर 2024
विनाइल सल्फोन (गुणवत्ता नियंत्रण) संशोधन आदेश, 2025
S.O.2146(E), दिनांक 14 मई 2025
विनाइल सल्फोन (गुणवत्ता नियंत्रण) दूसरा संशोधन आदेश, 2025
S.O.3531(E), दिनांक 30 जुलाई 2025
विनाइल सल्फोन (गुणवत्ता नियंत्रण) आदेश, 2024 रद्द आदेश
S.O. 5312(E), दिनांक 20 नवंबर 2025"
इलेक्ट्रिक फेंस एनर्जाइजर्स
630.,IS 302-2-76:1999,"घरेलू और समान इलेक्ट्रिकल उपकरणों की सुरक्षा – भाग 2, विशेष आवश्यकता सेक्शन 76 इलेक्ट्रिक फेंस एनर्जाइजर्स","133. इलेक्ट्रिक फेंस एनर्जाइजर्स (गुणवत्ता नियंत्रण) आदेश, 2024
S.O. 4958(E), दिनांक 19 नवंबर 2024"
फ्लैशलाइट
631.,IS 2083:2024,फ्लैशलाइट – विनिर्देशन,"134. फ्लैशलाइट (गुणवत्ता नियंत्रण) आदेश, 2025
S.O. 501(E), दिनांक 28 जनवरी 2025"
स्टेनलेस स्टील पाइप्स और ट्यूब्स
632.,IS 17875: 2022,सामान्य उपयोग के लिए स्टेनलेस स्टील सीमलेस पाइप्स और ट्यूब्स,"135. स्टेनलेस स्टील पाइप्स और ट्यूब्स (गुणवत्ता नियंत्रण) आदेश, 2025
S.O. 693(E), दिनांक 11 फरवरी 2025"
633.,IS 17876: 2022,सामान्य उपयोग के लिए स्टेनलेस स्टील वेल्डेड पाइप्स और ट्यूब्स
फर्नीचर
634.,IS 17631: 2022,वर्क चेयर्स,"136. फर्नीचर (गुणवत्ता नियंत्रण) आदेश, 2025
S.O. 801(E), दिनांक 14 फरवरी 2025
फर्नीचर (गुणवत्ता नियंत्रण) संशोधन आदेश, 2026
S.O. 774 (E) दिनांक 13 फरवरी, 2026"
635.,IS 17632: 2022,सामान्य उद्देश्य की चेयर्स और स्टूल्स
636.,IS 17633: 2022,टेबल्स और डेस्क
637.,IS 17634: 2022,स्टोरेज यूनिट्स
638.,IS 17635: 2022,बेड्स
639.,IS 17636: 2022,बंक बेड्स
गैर-लौह शुद्ध धातुएँ
,IS 2782: 2023,शुद्ध निकल,"शुद्ध निकल (गुणवत्ता नियंत्रण) आदेश, 2025
S.O. 1766(E), दिनांक 17 अप्रैल 2025
शुद्ध निकल (गुणवत्ता नियंत्रण) संशोधन आदेश, 2025
S.O. 4370(E), दिनांक 25 सितंबर 2025
शुद्ध निकल (गुणवत्ता नियंत्रण) आदेश, 2025 रद्द आदेश
S.O. 5168(E), दिनांक 13 नवंबर 2025"
,IS 27: 2023,प्राथमिक सीसा,"प्राथमिक सीसा (गुणवत्ता नियंत्रण) आदेश, 2025
S.O. 1767(E), दिनांक 17 अप्रैल 2025
प्राथमिक सीसा (गुणवत्ता नियंत्रण) संशोधन आदेश, 2025
S.O. 4367(E), दिनांक 25 सितंबर 2025
प्राथमिक सीसा (गुणवत्ता नियंत्रण) आदेश, 2025 रद्द आदेश
S.O. 5170(E), दिनांक 13 नवंबर 2025"
,IS 209: 2024,शुद्ध जिंक,"शुद्ध जिंक (गुणवत्ता नियंत्रण) आदेश, 2025
S.O. 1768(E), दिनांक 17 अप्रैल 2025
शुद्ध जिंक (गुणवत्ता नियंत्रण) संशोधन आदेश, 2025
S.O. 4368(E), दिनांक 25 सितंबर 2025
शुद्ध जिंक (गुणवत्ता नियंत्रण) आदेश, 2025 रद्द आदेश
S.O. 5169(E), दिनांक 13 नवंबर 2025"
,IS 26: 2024,टिन इनगॉट,"टिन इनगॉट (गुणवत्ता नियंत्रण) आदेश, 2025
S.O. 1769(E), दिनांक 17 अप्रैल 2025
टिन इनगॉट (गुणवत्ता नियंत्रण) संशोधन आदेश, 2025
S.O. 4369(E), दिनांक 25 सितंबर 2025
टिन इनगॉट (गुणवत्ता नियंत्रण) आदेश, 2025 रद्द आदेश
S.O. 5167(E), दिनांक 13 नवंबर 2025"
1.,IS 12330,सल्फेट रोधी पोर्टलैंड सीमेंट,"1. सीमेंट (गुणवत्ता नियंत्रण) आदेश, 2003
एस.ओ. संख्या 191(E) दिनांक 17 फरवरी 2003"
2.,IS 12600,कम ताप पोर्टलैंड सीमेंट
3.,IS 1489 (भाग 1),पोर्टलैंड पोज़ोलाना सीमेंट – भाग 1 (फ्लाई ऐश आधारित)
4.,IS 1489 (भाग 2),पोर्टलैंड पोज़ोलाना सीमेंट – भाग 2 (कैल्साइंड क्ले आधारित)
5.,IS 269,साधारण पोर्टलैंड सीमेंट
6.,IS 3466,मेसनरी सीमेंट
7.,IS 455,पोर्टलैंड स्लैग सीमेंट
8.,IS 6452,संरचनात्मक उपयोग हेतु उच्च एल्युमिना सीमेंट
9.,IS 6909,सुपर सल्फेटेड सीमेंट
10.,IS 8041,त्वरित सख्त होने वाली पोर्टलैंड सीमेंट
11.,IS 8042,सफेद पोर्टलैंड सीमेंट
12.,IS 8043,हाइड्रोफोबिक पोर्टलैंड सीमेंट
13.,IS 8229,तेल कुआँ सीमेंट
14.,IS 16415 : 2015,संयुक्त सीमेंट – विनिर्देश
15.,IS 16993 : 2018,माइक्रोफाइन साधारण पोर्टलैंड सीमेंट – विनिर्देश
16.,IS 15895 : 2018,उच्च एल्युमिना अपवर्तक सीमेंट
घरेलू विद्युत उपकरण
17.,IS 12640 (भाग 1),अवशिष्ट धारा संचालित सर्किट ब्रेकर (घरेलू एवं समान उपयोग हेतु) – भाग 1 : बिना अंतर्निहित ओवरकरंट सुरक्षा वाले सर्किट ब्रेकर (RCCB),"2. विद्युत तार, केबल, उपकरण एवं सुरक्षा यंत्र और सहायक उपकरण (गुणवत्ता नियंत्रण) आदेश, 2003
एस.ओ. 189(E) दिनांक 17 फरवरी 2003
अनुवर्ती संशोधन :
एस.ओ. 165(E) दिनांक 5 फरवरी 2004,
एस.ओ. 1172(E) दिनांक 22 अगस्त 2005,
एस.ओ. 512(E) दिनांक 19 फरवरी 2009,
एस.ओ. 2058(E) दिनांक 7 अगस्त 2009 एवं
एस.ओ. 2604(E) दिनांक 19 अक्टूबर 2010"
18.,IS 12640 (भाग 2),अवशिष्ट धारा संचालित सर्किट ब्रेकर – भाग 2 : अंतर्निहित ओवरकरंट सुरक्षा सहित सर्किट ब्रेकर (RCVO)
19.,IS 13010,"एसी वाट-आवर मीटर, वर्ग 0.5, 1 एवं 2"
20.,IS 13779,"एसी स्थैतिक वाट-आवर मीटर, वर्ग 1 एवं 2"
21.,IS 14697,"एसी स्थैतिक ट्रांसफॉर्मर संचालित वाट-आवर एवं VAR-आवर मीटर, वर्ग 0.2S एवं 0.5S"
22.,IS 15111 (भाग 1 एवं 2),सामान्य प्रकाश सेवा हेतु स्व-बैलास्टेड लैम्प – भाग 1 : सुरक्षा आवश्यकताएँ भाग 2 : कार्य निष्पादन आवश्यकताएँ
23.,IS 302 (भाग 2/अनुभाग 3),घरेलू एवं समान विद्युत उपकरणों की सुरक्षा – विद्युत इस्त्री
24.,IS 302 (भाग 2/अनुभाग 201),घरेलू एवं समान विद्युत उपकरणों की सुरक्षा – विद्युत इमर्शन जल हीटर
25.,IS 302 (भाग 2/अनुभाग 202),घरेलू एवं समान विद्युत उपकरणों की सुरक्षा – विद्युत स्टोव
26.,IS 302 (भाग 2/अनुभाग 30),घरेलू एवं समान विद्युत उपकरणों की सुरक्षा – कमरे के हीटर
27.,IS 3854,घरेलू एवं समान प्रयोजनों हेतु स्विच
28.,IS 418,टंग्स्टन फिलामेंट सामान्य सेवा विद्युत लैम्प (100 वाट तक)
29.,IS 694,1100 वोल्ट तक एवं सम्मिलित कार्य वोल्टेज हेतु पीवीसी इन्सुलेटेड केबल
30.,IS 8828 *,विद्युत सहायक उपकरण – घरेलू एवं समान प्रतिष्ठानों में ओवरकरंट सुरक्षा हेतु सर्किट ब्रेकर
31.,IS 9968 (भाग 1),इलास्टोमर इन्सुलेटेड केबल (भाग 1): 1100 वोल्ट तक एवं सम्मिलित कार्य वोल्टेज हेतु
* संशोधित होकर IS/IEC 60898 के रूप में लागू
बैटरियाँ
32,IS 8144,बहुउद्देशीय शुष्क बैटरियाँ,"3. एस.ओ. 516(E), दिनांक 25 मई 1987"
खाद्य एवं संबंधित उत्पाद    अनिवार्य BIS प्रमाणन से विमुक्त
,IS 15757,फॉलो-अप फॉर्मूला – अनुपूरक आहार    अनिवार्य BIS प्रमाणन से विमुक्त,"खाद्य सुरक्षा एवं मानक
बिक्री पर निषेध एवं प्रतिबंध विनियमन, 2011
GSR 759(E) तथा GSR 760(E)
खाद्य सुरक्षा एवं मानक (बिक्री पर निषेध एवं प्रतिबंध) प्रथम संशोधन विनियम, 2024"
,IS 11536,प्रसंस्कृत अनाज आधारित अनुपूरक खाद्य    अनिवार्य BIS प्रमाणन से विमुक्त
,IS 1165,दूध पाउडर    अनिवार्य BIS प्रमाणन से विमुक्त
,IS 1166,"संघनित दूध, आंशिक स्किम्ड एवं स्किम्ड संघनित दूध    अनिवार्य BIS प्रमाणन से विमुक्त"
,IS 12176,मीठा अल्ट्रा हाई टेम्परेचर उपचारित संघनित दूध    अनिवार्य BIS प्रमाणन से विमुक्त
फीडिंग बोतलें,
33.,IS 14625,प्लास्टिक फीडिंग बोतलें,"4. शिशु दूध विकल्प, फीडिंग बोतलें एवं शिशु खाद्य (उत्पादन, आपूर्ति एवं वितरण का विनियमन) अधिनियम, 1992"
34.,IS 5168,काँच की फीडिंग बोतलें
तेल दाब स्टोव,
35.,IS 10109,"तेल दाब स्टोव, ऑफसेट बर्नर प्रकार","5. तेल दाब स्टोव (गुणवत्ता नियंत्रण) आदेश, 1997
एस.ओ. 451(E), दिनांक 16 जून 1997"
36.,IS 2787,बहु-बर्नर तेल दाब स्टोव
37.,IS 1342,तेल दाब स्टोव
ऑटोमोबाइल सहायक उपकरण,
38.,IS 13098,मोटर वाहन – न्यूमैटिक टायरों के लिए ट्यूब,"6. मोटर वाहनों के लिए न्यूमैटिक टायर एवं ट्यूब (गुणवत्ता नियंत्रण) आदेश, 2009
एस.ओ. 2953(E), दिनांक 19-11-2009
अनुवर्ती संशोधन
एस.ओ. 1057(E), दिनांक 11-05-2010
एस.ओ. 2758(E), दिनांक 09-11-2010"
39.,IS 15627,मोटर वाहन – दो एवं तीन पहिया मोटर वाहनों के लिए न्यूमैटिक टायर
40.,IS 15633,मोटर वाहन – यात्री कारों के लिए न्यूमैटिक टायर – डायगोनल एवं रेडियल प्लाई
41.,IS 15636,मोटर वाहन – वाणिज्यिक वाहनों के लिए न्यूमैटिक टायर – डायगोनल एवं रेडियल प्लाई
"सिलेंडर, वाल्व एवं रेगुलेटर",
42.,IS 14899,ऑटोमोबाइल उपयोग हेतु द्रवीकृत पेट्रोलियम गैस (एलपीजी) कंटेनर,"7. विस्फोटक अधिनियम, 1884
गैस सिलेंडर नियम, 2016
जी.एस.आर. 1081(E), दिनांक 22-11-2016"
43.,IS 15100,ऑटोमोबाइल उपयोग हेतु स्थायी रूप से स्थापित एलपीजी कंटेनरों के लिए बहु-कार्यात्मक वाल्व असेंबली
44.,IS 3196 (भाग 4),5 लीटर से अधिक जल क्षमता वाले निम्न दाब द्रवीकरणीय गैसों हेतु वेल्डेड लो कार्बन स्टील सिलेंडर – भाग 4 : विषैली एवं संक्षारक गैसों के लिए सिलेंडर
45.,IS 3196 (भाग 1),5 लीटर से अधिक जल क्षमता वाले निम्न दाब द्रवीकरणीय गैसों हेतु वेल्डेड लो कार्बन स्टील सिलेंडर – भाग 1 : एलपीजी के लिए सिलेंडर
46.,IS 3196 (भाग 2),5 लीटर से अधिक जल क्षमता वाले निम्न दाब द्रवीकरणीय गैसों हेतु वेल्डेड लो कार्बन स्टील सिलेंडर – भाग 2 : एलपीजी के अतिरिक्त अन्य द्रवीकरणीय गैसों हेतु
47.,IS 3224,एलपीजी सिलेंडरों को छोड़कर संपीड़ित गैस सिलेंडरों हेतु वाल्व फिटिंग्स
48.,IS 3745,छोटे चिकित्सा गैस सिलेंडरों हेतु योक प्रकार वाल्व कनेक्शन
49.,IS 7142,5 लीटर से अधिक जल क्षमता न रखने वाले निम्न दाब द्रवीकरणीय गैसों हेतु वेल्डेड लो कार्बन स्टील सिलेंडर
50.,IS 7285 (भाग 1),पुनः भरने योग्य सीमलेस स्टील गैस सिलेंडर – भाग 1 : नॉर्मलाइज्ड स्टील सिलेंडर
51.,IS 7285 (भाग 2),पुनः भरने योग्य सीमलेस स्टील गैस सिलेंडर – भाग 2 : क्वेन्च्ड एवं टेम्पर्ड स्टील सिलेंडर (तन्य शक्ति 1100 MPa से कम)
52.,IS 7302,श्वसन उपकरणों के उपयोग हेतु गैस सिलेंडर वाल्व फिटिंग्स
53.,IS 7312,वेल्डेड एवं सीमलेस स्टील घुलित एसीटिलीन गैस सिलेंडर
54.,IS 8737,5 लीटर से अधिक जल क्षमता वाले एलपीजी सिलेंडरों हेतु वाल्व फिटिंग्स – भाग 2 : नवीन निर्मित एलपीजी सिलेंडरों हेतु
55.,IS 8776,5 लीटर तक एवं सम्मिलित जल क्षमता वाले एलपीजी सिलेंडरों हेतु वाल्व फिटिंग्स
56.,IS 9798,एलपीजी मिश्रणों के उपयोग हेतु निम्न दाब रेगुलेटर
चिकित्सा उपकरण,
57.,IS 3055 (भाग 1),चिकित्सीय थर्मामीटर – भाग 1 : ठोस डंडी प्रकार,"8. चिकित्सीय थर्मामीटर (गुणवत्ता नियंत्रण) आदेश, 2001
जी.एस.आर. 843(E), दिनांक 09 नवम्बर 2001"
58.,IS 3055 (भाग 2),चिकित्सीय थर्मामीटर – भाग 2 : संलग्न स्केल प्रकार
59.,IS 7620 (भाग 1),नैदानिक चिकित्सा एक्स-रे उपकरण,"9. नैदानिक चिकित्सा एक्स-रे उपकरण
AERB/443/39 MDX/3509/94, अक्टूबर 1994"
स्टील एवं लौह उत्पाद,
60.,IS 1785 (भाग 1) : 1983,"पूर्व-तनावित कंक्रीट हेतु सादा हार्ड-ड्रॉन स्टील तार – भाग 1 : कोल्ड ड्रॉन, तनाव-मुक्त तार","10. इस्पात और इस्पात उत्पाद (गुणवत्ता नियंत्रण) आदेश, 2020
S.O. 756(E), दिनांक 14-02-2020
इससे प्रतिस्थापित: इस्पात और इस्पात उत्पाद (गुणवत्ता नियंत्रण) आदेश, 2020
S.O. 1673(E), दिनांक 27-05-2020
इससे प्रतिस्थापित: इस्पात और इस्पात उत्पाद (गुणवत्ता नियंत्रण) आदेश, 2020
(S.O. 2379(E), दिनांक 17-07-2020)
इस्पात उत्पाद आदेश के प्रवर्तन की तिथि में विस्तार, फ़ाइल संख्या S-20011/1/2020-TECH दिनांक 22.07.2020
विस्तार आदेश
इससे प्रतिस्थापित: इस्पात और इस्पात उत्पाद (गुणवत्ता नियंत्रण) आदेश, 2020
(S.O. 4082(E), दिनांक 12.11.2020)
इससे प्रतिस्थापित: इस्पात और इस्पात उत्पाद (गुणवत्ता नियंत्रण) आदेश, 2020
(S.O. संख्या 4637(E) 22/12/2020)
भारतीय मानकों के लिए गुणवत्ता नियंत्रण आदेश के प्रवर्तन की तिथि में विस्तार आदेश
(विशेष रूप से IS 3748, IS 7291, और IS 12146)
कुछ भारतीय मानकों के लिए गुणवत्ता नियंत्रण आदेश के प्रवर्तन की तिथि में विस्तार आदेश
(विशेष रूप से IS 4398 और IS 3195)
कुछ भारतीय मानकों के लिए गुणवत्ता नियंत्रण आदेश के प्रवर्तन की तिथि में विस्तार आदेश
(विशेष रूप से IS 6526, IS 4454 (भाग 4), IS 11946, IS 11947 और IS 12045)
प्रवर्तन तिथि में विस्तार आदेश
(विशेष रूप से IS 1110, IS 4409)
प्रवर्तन तिथि में विस्तार आदेश
(विशेष रूप से IS 4432, IS 5518, IS 12145, IS 13387, IS 4072 और IS 13352)
प्रवर्तन तिथि में विस्तार आदेश
(विशेष रूप से IS 7226, IS 14331)
प्रवर्तन तिथि में विस्तार आदेश
(विशेष रूप से IS 6529)
प्रवर्तन तिथि में विस्तार आदेश
(विशेष रूप से IS 1993, IS 12591)
प्रवर्तन तिथि में विस्तार आदेश
IS 3748, IS 7291 और IS 12146 के लिए गुणवत्ता नियंत्रण आदेश पर विस्तार
IS 4454 (भाग 4): 2001, IS 11946: 1987 और IS 11947: 1987 के लिए गुणवत्ता नियंत्रण आदेश के प्रवर्तन तिथि में विस्तार आदेश
प्रवर्तन तिथि में विस्तार आदेश
(विशेष रूप से IS 1110: 1990 & IS 4409: 1973)
प्रवर्तन तिथि में विस्तार आदेश
(विशेष रूप से IS 14331: 1995)
प्रवर्तन तिथि में विस्तार आदेश
(विशेष रूप से IS 13387: 1992)
प्रवर्तन तिथि में विस्तार आदेश
(विशेष रूप से IS 1110: 1990 & IS 4409: 1973)
प्रवर्तन तिथि में विस्तार आदेश
(विशेष रूप से IS 1110: 1990 & IS 4409: 1973), दिनांक 01 नवंबर 2022
प्रवर्तन तिथि में विस्तार आदेश
(विशेष रूप से IS 4409: 1973), दिनांक 06 फरवरी 2023
प्रवर्तन तिथि में विस्तार आदेश
(विशेष रूप से IS 4409: 1973, दिनांक 25 जुलाई 2023)
इस्पात और इस्पात उत्पाद (गुणवत्ता नियंत्रण) आदेश, 2024
S.O. 574(E) दिनांक 5 फरवरी, 2024
प्रवर्तन तिथि में विस्तार आदेश
(विशेष रूप से IS 4409: 2023, दिनांक 01 मई 2024)
प्रवर्तन तिथि में विस्तार आदेश
(विशेष रूप से IS 4409: 2023, दिनांक 01 अगस्त 2024)
इस्पात और इस्पात उत्पाद (गुणवत्ता नियंत्रण) आदेश, 2024
S.O. 3716(E), दिनांक 29 अगस्त 2024
इस्पात और इस्पात उत्पाद (गुणवत्ता नियंत्रण) संशोधन आदेश, 2025
S.O. 5134(E) दिनांक 20 नवंबर, 2025"
61.,IS 1785 (भाग 2) : 1983,पूर्व-तनावित कंक्रीट हेतु सादा हार्ड-ड्रॉन स्टील तार – भाग 2 : यथाकर्षित तार
62.,IS 6003:2010,पूर्व-तनावित कंक्रीट हेतु इंडेंटेड तार
63.,IS 6006:2014,पूर्व-तनावित कंक्रीट हेतु बिना कोटिंग का तनाव-मुक्त स्ट्रैंड
64.,IS 13620:1993,फ्यूजन बॉन्डेड एपॉक्सी लेपित सुदृढ़ीकरण छड़ें
65.,IS 14268:1995,पूर्व-तनावित कंक्रीट हेतु बिना कोटिंग का कम रिलैक्सेशन सात-सूत्रीय स्ट्रैंड
66.,IS 277:2003,जस्ती इस्पात शीट (सादी एवं तरंगित)
67.,IS 2002:2009,बॉयलरों सहित मध्यम एवं उच्च तापमान सेवाओं हेतु दाब पात्रों के लिए इस्पात प्लेटें
68.,IS 2041:2009,मध्यम एवं निम्न तापमान पर प्रयुक्त दाब पात्रों हेतु इस्पात प्लेटें
69.,IS 2830:2012,"सामान्य संरचनात्मक प्रयोजनों हेतु पुनः रोलिंग के लिए कार्बन स्टील कास्ट बिलेट, ब्लूम एवं स्लैब"
70.,IS 1786:2008,कंक्रीट सुदृढ़ीकरण हेतु उच्च शक्ति विकृत इस्पात छड़ें एवं तार
71.,IS 648:2006,कोल्ड रोल्ड नॉन-ओरिएंटेड विद्युत इस्पात शीट एवं स्ट्रिप – पूर्णतः प्रसंस्कृत प्रकार (CRNO)
72.,IS 3024:2015,ग्रेन ओरिएंटेड विद्युत इस्पात शीट एवं स्ट्रिप (CRGO)
73.,IS 15391:2003,ओरिएंटेड विद्युत इस्पात शीट एवं स्ट्रिप – अर्ध-प्रसंस्कृत प्रकार
74.,IS 2062:2011,हॉट रोल्ड मध्यम एवं उच्च तन्य संरचनात्मक इस्पात
75.,IS 432 : भाग 1 : 1982,कंक्रीट सुदृढ़ीकरण हेतु माइल्ड स्टील एवं मध्यम तन्य इस्पात छड़ें – भाग 1 : माइल्ड स्टील एवं मध्यम तन्य इस्पात छड़ें
76.,IS 432 : भाग 2 : 1982,कंक्रीट सुदृढ़ीकरण हेतु माइल्ड स्टील एवं मध्यम तन्य इस्पात छड़ें – भाग 2 : हार्ड-ड्रॉन स्टील तार
77.,IS 513 (भाग 1): 2016,कोल्ड रिड्यूस्ड कार्बन स्टील शीट एवं स्ट्रिप – भाग 1 : कोल्ड फॉर्मिंग एवं ड्राइंग प्रयोजन हेतु
78.,IS 513 (भाग 2): 2016,कोल्ड रिड्यूस्ड कार्बन स्टील शीट एवं स्ट्रिप – भाग 2 : उच्च तन्य एवं बहु-चरणीय इस्पात
79.,IS 1079:2017,"हॉट रोल्ड कार्बन स्टील शीट, प्लेट एवं स्ट्रिप – विनिर्देश"
80.,IS 1875:1992,"फोर्जिंग हेतु कार्बन स्टील बिलेट, ब्लूम, स्लैब एवं छड़ें"
81.,IS 2879:1998,मेटल आर्क वेल्डिंग इलेक्ट्रोड हेतु माइल्ड स्टील
82.,IS 3502:2009,इस्पात चेकरड प्लेटें
83.,IS 5872:1990,कोल्ड रोल्ड इस्पात स्ट्रिप (बॉक्स स्ट्रैपिंग)
84.,IS 5986:2017,"फॉर्मिंग एवं फ्लैन्जिंग प्रयोजनों हेतु हॉट रोल्ड इस्पात शीट, प्लेट एवं स्ट्रिप – विनिर्देश"
85.,IS 6240:2008,"निम्न दाब द्रवीकरणीय गैस सिलेंडरों के निर्माण हेतु 6 मिमी तक की हॉट रोल्ड इस्पात प्लेट, शीट एवं स्ट्रिप"
86.,IS 7283:1992,इंजीनियरिंग अनुप्रयोगों हेतु ब्राइट बार एवं मशीनी भागों के निर्माण के लिए हॉट रोल्ड छड़ें
87.,IS 7887:1992,सामान्य इंजीनियरिंग प्रयोजनों हेतु माइल्ड स्टील वायर रॉड
88.,IS 10748:2004,वेल्डेड ट्यूब एवं पाइपों हेतु हॉट रोल्ड इस्पात स्ट्रिप
89.,IS 11513:2017,कोल्ड रोलिंग प्रयोजनों हेतु हॉट रोल्ड कार्बन स्टील स्ट्रिप — विनिर्देश
90.,IS 15647:2006,वेल्डेड ट्यूब एवं पाइपों के लिए हॉट रोल्ड संकीर्ण चौड़ाई स्टील स्ट्रिप
91.,IS 7904:2017,उच्च कार्बन स्टील वायर रॉड — विनिर्देश
92.,IS 14246:2013,निरंतर पूर्व-पेंटेड गैल्वेनाइज्ड स्टील शीट एवं कॉइल
93.,IS 15965:2012,पूर्व-पेंटेड एल्युमिनियम-जिंक मिश्र धातु लेपित स्टील स्ट्रिप एवं शीट (सादा)
94.,IS 280: 2006,सामान्य इंजीनियरिंग प्रयोजनों हेतु माइल्ड स्टील वायर
95.,IS 1835:1976,रस्सियों के लिए गोल स्टील वायर
96.,IS 3975:1999,"केबल आर्मरिंग हेतु निम्न कार्बन गैल्वेनाइज्ड स्टील वायर, फॉर्म्ड वायर एवं टेप"
97.,IS 4368:1967,"सामान्य इंजीनियरिंग प्रयोजनों हेतु फोर्जिंग के लिए मिश्र धातु स्टील बिलेट, ब्लूम एवं स्लैब"
98.,IS 4454 (Part 1) : 2001,यांत्रिक स्प्रिंग्स हेतु स्टील वायर भाग-1: कोल्ड ड्रॉन अनएलॉयड स्टील वायर
99.,IS 4454 (Part 2): 2001,यांत्रिक स्प्रिंग्स हेतु स्टील वायर भाग-2: ऑयल हार्डन्ड एवं टेम्पर्ड स्टील वायर
100.,IS 4824:2006,टायरों के लिए बीड वायर
101.,IS 11169 (Part 1): 1984,कोल्ड हेडिंग/कोल्ड एक्सट्रूज़न हेतु स्टील भाग-1: व्रॉट कार्बन एवं निम्न मिश्र धातु स्टील
102.,IS 11587:1986,संरचनात्मक मौसम प्रतिरोधी स्टील
103.,IS 15103: 2002,अग्नि प्रतिरोधी स्टील — विनिर्देश
104.,IS 15914:2011,"वेल्डेड गैस सिलेंडर निर्माण हेतु उच्च तन्यता शक्ति फ्लैट रोल्ड स्टील प्लेट (6 मिमी तक), शीट एवं स्ट्रिप"
105.,IS 15961:2012,हॉट डिप एल्युमिनियम-जिंक मिश्र धातु लेपित स्टील स्ट्रिप एवं शीट (सादा)
106.,IS 15962:2012,उन्नत भूकंपीय प्रतिरोध वाले भवनों हेतु संरचनात्मक स्टील
107.,IS 6527:1995,स्टेनलेस स्टील वायर रॉड
108.,IS 6528:1995,स्टेनलेस स्टील वायर
109.,IS 6603:2001,स्टेनलेस स्टील बार एवं फ्लैट
110.,IS 5522:2014,बर्तनों हेतु स्टेनलेस स्टील शीट एवं स्ट्रिप — विनिर्देश
111.,IS 6911:2017,"स्टेनलेस स्टील प्लेट, शीट एवं स्ट्रिप — विनिर्देश"
112.,IS 15997:2012,बर्तनों एवं रसोई उपयोग हेतु निम्न निकल ऑस्टेनिटिक स्टेनलेस स्टील शीट एवं स्ट्रिप — विनिर्देश
113.,IS 1110 : 1990,फेरोसिलिकॉन — विनिर्देश
114.,IS 4409 : 1973,फेरोनिकल हेतु विनिर्देश
115.,IS 1029 : 1970,हॉट रोल्ड स्टील स्ट्रिप (बेलिंग) हेतु विनिर्देश
116.,IS 2385 : 1977,कोल्ड-रिड्यूस्ड टिनप्लेट एवं कोल्ड-रिड्यूस्ड ब्लैक प्लेट हेतु कॉइल रूप में हॉट रोल्ड माइल्ड स्टील शीट एवं स्ट्रिप का विनिर्देश
117.,IS 3039 : 1988,जहाजों के हुल निर्माण हेतु संरचनात्मक स्टील का विनिर्देश
118.,IS 9550 : 2001,ब्राइट स्टील बार — विनिर्देश
119.,IS 3748 : 1990,टूल एवं डाई स्टील — विनिर्देश
120.,IS 5517 : 1993,हार्डनिंग एवं टेम्परिंग हेतु स्टील — विनिर्देश
121.,IS 16732 : 2019,गैल्वेनाइज्ड संरचनात्मक स्टील — विनिर्देश
122.,IS 7494 : 1981,आंतरिक दहन इंजनों के वाल्वों हेतु स्टील — विनिर्देश
123.,IS 12146 : 1987,दाब पात्रों हेतु कार्बन मैंगनीज स्टील फोर्जिंग्स — विनिर्देश
124.,IS 16585 : 2016,चुंबकीय पदार्थ — व्यक्तिगत सामग्री हेतु विनिर्देश — अर्ध-प्रसंस्कृत अवस्था में प्रदत्त लौह आधारित अमॉर्फस स्ट्रिप
125.,IS 2831 : 2012,"संरचनात्मक स्टील (सामान्य गुणवत्ता) में पुनः रोलिंग हेतु कार्बन स्टील कास्ट बिलेट इनगट, बिलेट, ब्लूम एवं स्लैब — विनिर्देश"
126.,IS 1148 : 2009,संरचनात्मक प्रयोजनों हेतु स्टील रिवेट बार (मध्यम एवं उच्च तन्यता)
127.,IS 1673 : 1984,कोल्ड हेडिंग गुणवत्ता हेतु माइल्ड स्टील वायर — विनिर्देश
128.,IS 1812 : 1982,लकड़ी के स्क्रू निर्माण हेतु कार्बन स्टील वायर — विनिर्देश
129.,IS 2507 : 1975,स्प्रिंग्स हेतु कोल्ड रोल्ड स्टील स्ट्रिप — विनिर्देश
130.,IS 2255 : 1977,कोल्ड हेडिंग प्रक्रिया द्वारा मशीन स्क्रू निर्माण हेतु माइल्ड स्टील वायर रॉड — विनिर्देश
131.,IS 3195 : 1992,रेलवे रोलिंग स्टॉक हेतु वोल्यूट एवं हेलिकल स्प्रिंग्स के निर्माण हेतु स्टील — विनिर्देश
132.,IS 3431 : 1982,"ऑटोमोटिव सस्पेंशन हेतु वोल्यूट, हेलिकल एवं लैमिनेटेड स्प्रिंग्स के निर्माण हेतु स्टील — विनिर्देश"
133.,IS 3885-Part-1: 1992,लेमिनेटेड स्प्रिंग्स (रेलवे रोलिंग स्टॉक) के निर्माण हेतु स्टील — भाग 1 : फ्लैट सेक्शन — विनिर्देश
134.,IS 3885-Part- 2: 1992,लेमिनेटेड स्प्रिंग्स (रेलवे रोलिंग स्टॉक) के निर्माण हेतु स्टील — भाग 2 : रिब एवं ग्रूव सेक्शन — विनिर्देश
135.,IS 4223: 1975,छाते की तीलियों हेतु स्टील वायर — विनिर्देश
136.,IS 4224: 1972,"स्टेपल, पिन एवं क्लिप हेतु स्टील वायर — विनिर्देश"
137.,IS 4397: 1999,बॉल एवं रोलर बेयरिंग केज/रिटेनर हेतु कोल्ड रोल्ड कार्बन स्टील स्ट्रिप — विनिर्देश
138.,IS 4398: 1994,"बॉल, रोलर एवं बेयरिंग रेस के निर्माण हेतु कार्बन-क्रोमियम स्टील — विनिर्देश"
139.,IS 6902: 1973,स्पोक्स (तार) हेतु स्टील वायर — विनिर्देश
140.,IS 6967: 1973,विद्युत वेल्डेड गोल लिंक चेन के लिए स्टील — विनिर्देश
141.,IS 7226: 1974,"सामान्य अभियांत्रिकी प्रयोजनों हेतु कोल्ड रोल्ड मध्यम, उच्च कार्बन एवं निम्न मिश्रधातु स्टील स्ट्रिप — विनिर्देश"
142.,IS 7557: 1982,कोल्ड-फोर्ज्ड रिवेट्स के निर्माण हेतु (20 मिमी तक) स्टील वायर — विनिर्देश
143.,IS 8052: 2006,"सामान्य अभियांत्रिकी उपयोग हेतु स्प्रिंग, रिवेट एवं स्क्रू के उत्पादन के लिए स्टील इनगट, बिलेट एवं ब्लूम — विनिर्देश"
144.,IS 8951: 2001,"उच्च कार्बन स्टील वायर रॉड्स के उत्पादन हेतु स्टील कास्ट बिलेट इनगट, बिलेट एवं ब्लूम — विनिर्देश"
145.,IS 8952: 1995,"सामान्य अभियांत्रिकी प्रयोजनों हेतु माइल्ड स्टील वायर रॉड्स के उत्पादन के लिए स्टील इनगट, ब्लूम एवं बिलेट — विनिर्देश"
146.,IS 9476: 1980,कार्बन स्टील रेज़र ब्लेड्स हेतु कोल्ड रोल्ड स्टील स्ट्रिप — विनिर्देश
147.,IS 9962: 1981,सुइयों हेतु स्टील वायर — विनिर्देश
148.,IS 17111: 2019 (ISO 683-17: 2014),ऊष्मा-उपचारित मिश्रधातु एवं फ्री-कटिंग स्टील — बॉल एवं रोलर बेयरिंग स्टील
149.,IS 14331:1995,उच्च तापमान बोल्टिंग अनुप्रयोगों हेतु स्टील — विनिर्देश
150.,IS 12594: 1988,कंक्रीट सुदृढीकरण हेतु संरचनात्मक स्टील बार पर हॉट-डिप जिंक कोटिंग — विनिर्देश
151.,IS 14650:1999,"री-रोलिंग प्रयोजनों हेतु कार्बन स्टील कास्ट बिलेट इनगट, बिलेट, ब्लूम एवं स्लैब — विनिर्देश"
152.,IS 4882: 1979,बेयरिंग उद्योग में उपयोग हेतु रिवेट्स के लिए निम्न कार्बन स्टील वायर — विनिर्देश
153.,IS 2090:1983,पूर्व-तनावित कंक्रीट में प्रयुक्त उच्च तन्यता स्टील बार — विनिर्देश
154.,IS 6529:1996,"फोर्जिंग हेतु स्टेनलेस स्टील ब्लूम, बिलेट एवं स्लैब"
155.,IS 9294:1979,रेज़र ब्लेड्स हेतु कोल्ड रोल्ड स्टेनलेस स्टील स्ट्रिप
156.,IS 10631:1983,वेल्डिंग इलेक्ट्रोड कोर वायर हेतु स्टेनलेस स्टील
157.,IS 10632 (Part 2):1983,विद्युत अनुप्रयोगों हेतु अचुंबकीय स्टेनलेस स्टील — भाग 2 : बाइंडिंग वायर हेतु विशिष्ट आवश्यकताएँ
158,IS 10632 (Part 3):1983,"विद्युत अनुप्रयोगों हेतु अचुंबकीय स्टेनलेस स्टील — भाग 3 : शीट, स्ट्रिप एवं प्लेट हेतु विशिष्ट आवश्यकताएँ"
159,IS 11169 (Part 2): 1989,कोल्ड हेडिंग/कोल्ड एक्सट्रूज़न अनुप्रयोगों हेतु स्टील — विनिर्देश — भाग 2 : स्टेनलेस स्टील
160,IS 5651:1987,वायवीय औज़ारों हेतु स्टील
161,IS 9516:1980,ऊष्मा प्रतिरोधी स्टील
162,IS 11952:1986,पिस्टन पिन (गुड्जन पिन) हेतु स्टील
163,IS 12045:1987,विद्युत प्रतिरोध धात्विक हीटिंग एलिमेंट्स में प्रयुक्त मिश्रधातुएँ
164,IS 14652:1999,18 प्रतिशत निकल मैरेजिंग स्टील बार एवं रॉड
165,IS 1566:1982,कंक्रीट सुदृढीकरण हेतु हार्ड-ड्रॉन स्टील वायर फैब्रिक — विनिर्देश
166,IS 1170: 1992,फेरोक्रोमियम – विनिर्देश
167,IS 11946:1987,सॉफ्ट मैग्नेटिक आयरन स्ट्रिप्स
168,IS 11947:1987,"सॉफ्ट मैग्नेटिक आयरन रॉड, बार, फ्लैट एवं सेक्शन"
169,IS 963: 1958,विमान उपयोग हेतु क्रोम मोलिब्डेनम स्टील बार एवं रॉड
170,IS 4454 (भाग 4): 2001,यांत्रिक स्प्रिंग हेतु स्टील वायर – भाग 4: स्टेनलेस स्टील वायर
171.,IS 1993 : 2018,कोल्ड-रिड्यूस्ड इलेक्ट्रोलाइटिक टिन प्लेट
172.,IS 12591:2018,कोल्ड-रिड्यूस्ड इलेक्ट्रोलाइटिक क्रोमियम / क्रोमियम ऑक्साइड कोटेड स्टील
173.,IS 412:1975,सामान्य प्रयोजन हेतु विस्तारित स्टील शीट
174.,IS 2100: 1970,"बॉयलर हेतु स्टील बिलेट, बार एवं सेक्शन"
175.,IS 2589: 1975,अपहोल्स्ट्री स्प्रिंग हेतु हार्ड ड्रॉन स्टील वायर
176.,IS 3298: 1981,जहाज निर्माण हेतु माइल्ड स्टील रिवेट बार
177.,IS 4072: 1975,स्प्रिंग वॉशर हेतु स्टील
178.,IS 8510 (भाग II): 1977,आर्मेचर एवं रोटर बैंडिंग हेतु स्टील वायर – भाग II (मैग्नेटिक बैंडिंग वायर)
179.,IS 8510 (भाग III): 1977,आर्मेचर एवं रोटर बैंडिंग हेतु टिनयुक्त स्टील वायर – भाग III (नॉन-मैग्नेटिक)
180.,IS 8563: 1977,स्प्लिट पिन बनाने के लिए हाफ राउंड माइल्ड स्टील वायर
181.,IS 8564: 1977,सुईयों के लिए स्टील वायर
182.,IS 8565: 1977,हील्ड वायर
183.,IS 8566: 1977,रीड्स के लिए स्टील वायर
184.,IS 8917: 1978,गैल्वनाइजिंग पॉट्स के लिए प्लेट्स
185.,IS 9442: 1980,"कृषि डिस्क बनाने के लिए हॉट रोल्ड स्टील प्लेट्स, शीट्स और स्ट्रिप्स"
186.,IS 9485: 1980,पोरसलेन एनामलिंग के लिए कोल्ड-रिड्यूस्ड और हॉट-रोल्ड कार्बन स्टील शीट
187.,IS 10794: 1984,कोटर पिन के लिए माइल्ड स्टील वायर
188.,IS 12262:1988,स्प्रिंग वॉशर्स के लिए ट्रैपेज़ॉइडल स्टील वायर
189,IS 1470: 2013,सिलिकोमैंगनीज – विनिर्देश
190,IS 15911:2010,संरचनात्मक स्टील (सामान्य गुणवत्ता)
191,IS 1171: 2011,फेरोमैंगनीज – विनिर्देश
192,IS 4431: 1978,कार्बन और कार्बन-मैंगनीज फ्री-कटिंग स्टील
193,IS 4432: 1988,केस हार्डनिंग स्टील
194,IS 5518: 1996,ड्रॉप फोर्जिंग के लिए डाई ब्लॉक्स के लिए स्टील
195,IS 8748: 1978,फोर्ज्ड/रोल्ड CTC सेगमेंट्स
196,IS 12145: 1987,प्रेशर वेसल के लिए क्वेंच्ड और टेम्पर्ड एलॉय स्टील फोर्जिंग
197,IS 13387: 1992,मेटल फॉर्मिंग के लिए टूल स्टील फोर्जिंग
198,IS 14698:1999,"डिफेंस सेवाओं में उपयोग होने वाले शेल बॉडीज़ और प्रूफ़ शॉट बनाने के लिए कार्बन और लो एलॉय बिल्लेट्स, ब्लूम्स, स्लैब और बार्स"
199,IS/ISO 11951 : 2016,कोल्ड-रिड्यूस्ड टिनमिल प्रोडक्ट्स – ब्लैकप्लेट
200.,IS 3930: 1994,फ्लेम और इंडक्शन हार्डनिंग स्टील
201.,IS 5478: 1969,थर्मोस्टैट मेटल शीट और स्ट्रिप
202,IS 13352: 1992,"कंटीन्यसली कास्ट ब्लूम्स, बिल्लेट्स और स्लैब्स से उत्पादित फोर्जिंग के लिए स्टॉक"
203,IS 16644: 2018,"प्रेशर-स्टील कंक्रीट के लिए स्ट्रेस-रिलीव्ड, लो रिलेक्षन स्टील वायर"
204,IS 17404 : 2020,इलेक्ट्रोगैल्वनाइज्ड हॉट रोल्ड और कोल्ड रिड्यूस्ड कार्बन स्टील शीट्स और स्ट्रिप्स
205,IS 18316: 2023,सेमी/फुली प्रोसेस्ड नॉन-ग्रेन ओरिएंटेड या फुली प्रोसेस्ड ग्रेन ओरिएंटेड इलेक्ट्रिकल स्टील के लिए हॉट रोल्ड और कोल्ड रोल्ड स्टील स्ट्रिप्स
206,IS 18384: 2023,"पाइपलाइन ट्रांसपोर्टेशन सिस्टम के लिए वेल्डेड स्टील पाइप हेतु हॉट-रोल्ड स्टील स्ट्रिप, शीट और प्लेट्स"
207,IS 18385: 2023,ऑटोमोटिव अनुप्रयोगों के लिए हॉट-डिप गैल्वनाइज्ड/गैल्वानेल्ड स्टील शीट्स और स्ट्रिप्स
208,IS 18513: 2023,"हॉट-डिप जिंक-एल्यूमिनियम-मैग्नीशियम मिश्र धातु कोटेड स्टील शीट्स, प्लेट्स और स्ट्रिप्स"
209,IS 1469: 1993,फेरोमॉलीब्डेनम – विनिर्देश
210,IS 1466: 1985,फेरो वेनेडियम के लिए विनिर्देश
211.,IS 8329 : 2000,"पानी, गैस और सीवेज के लिए सेंट्रीफ्यूगली कास्ट (स्पन) डक्टाइल आयरन प्रेशर पाइप्स","11. डक्टाइल आयरन प्रेशर पाइप्स और फिटिंग्स (गुणवत्ता नियंत्रण) आदेश, 2009
S.O. No. 1544(E) दिनांक 25-06-2009
उपरोक्त आदेश को DIPP द्वारा गजट नोटिफिकेशन संख्या 2681(E) दिनांक 23 अक्टूबर 2009 के माध्यम से रद्द कर दिया गया और नई नोटिफिकेशन संख्या 2749(E) दिनांक 30-10-2009 जारी की गई।"
212.,IS 9523:2000,"पानी, गैस और सीवेज के लिए प्रेशर पाइप्स के डक्टाइल आयरन फिटिंग्स"
213.,IS 1161:2014,संरचनात्मक प्रयोजनों के लिए स्टील ट्यूब्स,"माइल्ड स्टील ट्यूब्स (सीमलेस ट्यूब और API विनिर्देश के अनुसार ट्यूब्स को छोड़कर) (गुणवत्ता नियंत्रण) आदेश, 1978 और संशोधन आदेश, 1983
G.S.R. No. 374(E) दिनांक 18-07-1978
 के द्वारा प्रतिस्थापित
12. स्टील ट्यूब्स (गुणवत्ता नियंत्रण) आदेश 2020
S.O. 281 दिनांक 21/01/2020."
214.,IS 1239 (भाग 1):2014,"स्टील ट्यूब्स, ट्यूबुलर्स और अन्य व्रॉट स्टील फिटिंग्स – भाग 1 : स्टील ट्यूब्स"
215.,IS 4270:2001,पानी की कुओं के लिए उपयोग होने वाली स्टील ट्यूब्स (200 मिमी व्यास तक)
216.,IS 9139:1979,फाउंड्री में उपयोग के लिए मेलएबल आयरन शॉट्स और ग्रिट्स के लिए विनिर्देश,"13. मेलएबल आयरन शॉट्स और ग्रिट्स (गुणवत्ता नियंत्रण) आदेश, 2020"
विद्युत ट्रांसफार्मर,
217.,IS 1180 (भाग 1),"आउटडोर प्रकार के ऑयल में डुबोए गए वितरण ट्रांसफार्मर, 2500 kVA तक और शामिल, 33 KV – विनिर्देश भाग 1, मिनरल ऑयल में डुबोए गए","14. विद्युत ट्रांसफार्मर (गुणवत्ता नियंत्रण) आदेश, 2015
S.O. 1221 (E) दिनांक 07-05-2015"
विद्युत मोटर,
218.,IS 12615,ऊर्जा-कुशल इंडक्शन मोटर – तीन फेज़ स्क्विरल केज,"15. SO 178(E), दिनांक 18 जनवरी 2017
SO 3207(E), दिनांक 29 सितंबर 2017"
कॅपेसिटर,
219.,IS 2993,ए.सी. मोटर कॅपेसिटर,"16. SO 2434(E), दिनांक 01 अगस्त 2017
कार्यान्वयन की तारीख 01/02/2018"
220.,IS 13340,"ए.सी. पावर सिस्टम के लिए सेल्फ-हीलिंग प्रकार के पावर कॅपेसिटर, रेटेड वोल्टेज 650V तक"
221.,IS 13585 भाग 1,"ए.सी. सिस्टम के लिए नॉन-सेल्फ-हीलिंग प्रकार के शंट पावर कॅपेसिटर, रेटेड वोल्टेज 1000V तक और शामिल, भाग-1 सामान्य प्रदर्शन, परीक्षण और रेटिंग, सुरक्षा आवश्यकताएँ, स्थापना और संचालन के लिए मार्गदर्शिका"
विद्युत ट्रांसफॉर्मर,
विद्युत मोटर,
कैपेसिटर,
"रसायन, उर्वरक, पॉलिमर एवं वस्त्र",
222.,IS 252:2013,कास्टिक सोडा – विनिर्देश,"17. भारतीय मानक ब्यूरो (कास्टिक सोडा) आदेश, 2018
(एस.ओ. संख्या 1468 (ई), दिनांक 3 अप्रैल 2018)"
223.,IS 10116 : 2015,बोरिक एसिड – विनिर्देश,"18. भारतीय मानक ब्यूरो (बोरिक एसिड के लिए मानक) आदेश, 2019
(एस.ओ. 1766 (ई), दिनांक 16 मई 2019)"
224.,IS 15573,पॉली एल्युमिनियम क्लोराइड,"19. पॉली एल्युमिनियम क्लोराइड (गुणवत्ता नियंत्रण) आदेश, 2019
(एस.ओ. 2790 (ई), दिनांक 05/08/2019)"
,IS 695:2020,एसीटिक एसिड,"एसीटिक एसिड (गुणवत्ता नियंत्रण) आदेश, 2019
(एस.ओ. 2791 (ई), दिनांक 05/08/2019)
एसीटिक एसिड (गुणवत्ता नियंत्रण) आदेश, 2019 में संशोधन
(एस.ओ. 344 (ई), दिनांक 24 जनवरी 2020)
एसीटिक एसिड (गुणवत्ता नियंत्रण) आदेश, 2019 में संशोधन
(एस.ओ. 2179 (ई), दिनांक 01/07/2020)
एसीटिक एसिड क्यूसीओ विस्तार आदेश
एसीटिक एसिड संशोधन आदेश
एसीटिक एसिड (गुणवत्ता नियंत्रण) आदेश, 2019
विभिन्न रसायनों हेतु संशोधन आदेश, दिनांक 31/01/2022
एसीटिक एसिड (गुणवत्ता नियंत्रण) आदेश, 2019
विभिन्न रसायनों हेतु संशोधन आदेश, दिनांक 27 जुलाई 2022
एसीटिक एसिड (गुणवत्ता नियंत्रण) आदेश, 2019
(एस.ओ. 530 (ई), दिनांक 02/02/2023)
एसीटिक एसिड (गुणवत्ता नियंत्रण) आदेश, 2019
एस.ओ. 3136 (ई), दिनांक 05 अगस्त 2024
एसीटिक एसिड (गुणवत्ता नियंत्रण) आदेश, 2019 की वापसी आदेश
एस.ओ. 3378 (ई), दिनांक 23 जुलाई 2025"
,IS 2833:2019,एनिलीन,"एनिलीन (गुणवत्ता नियंत्रण) आदेश, 2019
(एस.ओ. 2792 (ई), दिनांक 05/08/2019)
एनिलीन (गुणवत्ता नियंत्रण) आदेश, 2019 की वापसी आदेश
एस.ओ. 3380 (ई), दिनांक 23 जुलाई 2025"
,IS 517:2020,मेथनॉल,"मेथनॉल (गुणवत्ता नियंत्रण) आदेश, 2019
(एस.ओ. 2793 (ई), दिनांक 05/08/2019)
मेथनॉल (गुणवत्ता नियंत्रण) आदेश, 2019 की वापसी आदेश
एस.ओ. 3379 (ई), दिनांक 23 जुलाई 2025"
225.,IS 5158: 1987,"फ्थैलिक एनहाइड्राइड, तकनीकी हेतु विनिर्देश","20. फ्थैलिक एनहाइड्राइड (गुणवत्ता नियंत्रण) आदेश, 2020
(एस.ओ. 1402(ई), दिनांक 23/04/2020)
फ्थैलिक एनहाइड्राइड (गुणवत्ता नियंत्रण) संशोधन आदेश, 2020
फ्थैलिक एनहाइड्राइड (गुणवत्ता नियंत्रण) संशोधन आदेश, 2021
फ्थैलिक एनहाइड्राइड (गुणवत्ता नियंत्रण) आदेश, 2021
विभिन्न रसायनों हेतु संशोधन आदेश, दिनांक 24/12/2021
फ्थैलिक एनहाइड्राइड (गुणवत्ता नियंत्रण) संशोधन आदेश, 2022
विभिन्न रसायनों हेतु संशोधन आदेश, दिनांक 13 जून 2022
फ्थैलिक एनहाइड्राइड (गुणवत्ता नियंत्रण) द्वितीय संशोधन आदेश, 2022
(एस.ओ. 5989(ई), दिनांक 21/12/2022)"
,IS 8058:2018,पाइरीडीन,"पाइरीडीन (गुणवत्ता नियंत्रण) आदेश, 2020
(एस.ओ. 1890(ई), दिनांक 16/06/2020)
पाइरीडीन (गुणवत्ता नियंत्रण) आदेश, 2020 में संशोधन
(एस.ओ. 4416(ई), दिनांक 04/12/2020)
पाइरीडीन (गुणवत्ता नियंत्रण) आदेश, 2020 में संशोधन
एस.ओ. 1070(ई), दिनांक 05 मार्च 2024
एस.ओ. 1125(ई), दिनांक 11 मार्च 2025
पाइरीडीन (गुणवत्ता नियंत्रण) आदेश, 2020 निरस्त
एस.ओ. 5307(ई), दिनांक 20 नवंबर 2025"
226.,IS 16113:2013,गामा पिकोलिन,"गामा पिकोलिन (गुणवत्ता नियंत्रण) आदेश, 2020
(एस.ओ. 1891(ई), दिनांक 16/06/2020)"
227.,IS 12084:2018,मॉर्फोलिन,"मॉर्फोलिन (गुणवत्ता नियंत्रण) आदेश, 2020
एस.ओ. 4772(ई), दिनांक 30 अक्टूबर 2024"
228.,IS 297:2001,"सोडियम सल्फाइड, तकनीकी","सोडियम सल्फाइड (गुणवत्ता नियंत्रण) आदेश, 2020
(एस.ओ. 1894(ई), दिनांक 16/06/2020)"
229.,IS 7129:1992,"पोटैशियम कार्बोनेट, निर्जल","24. पोटैशियम कार्बोनेट (गुणवत्ता नियंत्रण) आदेश, 2020
(एस.ओ. 1895(ई), दिनांक 16/06/2020)
पोटैशियम कार्बोनेट (गुणवत्ता नियंत्रण) आदेश, 2020 में संशोधन
(एस.ओ. 4415(ई), दिनांक 04/12/2020)
पोटैशियम कार्बोनेट (गुणवत्ता नियंत्रण) आदेश, 2020 में संशोधन
पोटैशियम कार्बोनेट (गुणवत्ता नियंत्रण) आदेश, 2020
(विभिन्न रसायनों हेतु संशोधन आदेश, दिनांक 11/03/2022)
पोटैशियम कार्बोनेट (गुणवत्ता नियंत्रण) आदेश, 2020
(विभिन्न रसायनों हेतु संशोधन आदेश, दिनांक 11 अगस्त 2022)
पोटैशियम कार्बोनेट (गुणवत्ता नियंत्रण) आदेश, 2020
(एस.ओ. 536(ई), दिनांक 02/02/2023)
पोटैशियम कार्बोनेट (गुणवत्ता नियंत्रण) आदेश, 2020
(एस.ओ. 3298(ई), दिनांक 21 जुलाई 2023)
(विभिन्न रसायनों हेतु संशोधन आदेश, दिनांक 21 जुलाई 2023)"
230.,IS 170:2004,एसीटोन,"25. एसीटोन (गुणवत्ता नियंत्रण) आदेश, 2020
(एस.ओ. 1896(ई), दिनांक 16/06/2020)
एसीटोन (गुणवत्ता नियंत्रण) आदेश में संशोधन
एसीटोन (गुणवत्ता नियंत्रण) आदेश में संशोधन
एसीटोन (गुणवत्ता नियंत्रण) आदेश, 2020 में संशोधन
एसीटोन (गुणवत्ता नियंत्रण) आदेश, 2020 में संशोधन
एसीटोन (गुणवत्ता नियंत्रण) आदेश, 2020
(विभिन्न रसायनों हेतु संशोधन आदेश, दिनांक 11/03/2022)
एसीटोन (गुणवत्ता नियंत्रण) आदेश, 2020
(विभिन्न रसायनों हेतु संशोधन आदेश, दिनांक 11 अगस्त 2022)
एसीटोन (गुणवत्ता नियंत्रण) आदेश, 2020
(एस.ओ. 537(ई), दिनांक 02/02/2023)
एसीटोन (गुणवत्ता नियंत्रण) आदेश, 2020
(एस.ओ. 3299(ई), दिनांक 21 जुलाई 2023)
(विभिन्न रसायनों हेतु संशोधन आदेश, दिनांक 21 जुलाई 2023)"
231.,IS 4581:1978,"फॉस्फोरस ट्राइक्लोराइड, शुद्ध एवं विश्लेषणात्मक अभिकर्मक","26. फॉस्फोरस ट्राइक्लोराइड (गुणवत्ता नियंत्रण) आदेश, 2020
(एस.ओ. 1897(ई), दिनांक 16/06/2020)"
232.,IS 11744:1986,"फॉस्फोरस पेंटाक्लोराइड, तकनीकी","27. फॉस्फोरस पेंटाक्लोराइड (गुणवत्ता नियंत्रण) आदेश, 2020
(एस.ओ. 1898(ई), दिनांक 16/06/2020)"
233.,IS 11657:1986,"फॉस्फोरस ऑक्सीक्लोराइड, तकनीकी","28. फॉस्फोरस ऑक्सीक्लोराइड (गुणवत्ता नियंत्रण) आदेश, 2020
(एस.ओ. 1899(ई), दिनांक 16/06/2020)"
234.,IS 2080:2021,स्थिरीकृत हाइड्रोजन पेरॉक्साइड,"29. हाइड्रोजन पेरॉक्साइड (गुणवत्ता नियंत्रण) आदेश, 2020
(एस.ओ. 1900(ई), दिनांक 16/06/2020)
हाइड्रोजन पेरॉक्साइड (गुणवत्ता नियंत्रण) आदेश, 2020 में संशोधन
(एस.ओ. 4414(ई), दिनांक 04/12/2020)
हाइड्रोजन पेरॉक्साइड (गुणवत्ता नियंत्रण) आदेश, 2020 में संशोधन
हाइड्रोजन पेरॉक्साइड (गुणवत्ता नियंत्रण) आदेश, 2022
एस.ओ. 4000(ई), दिनांक 24 अगस्त, 2022"
235.,IS 3205:1984,"अवक्षिप्त बेरियम कार्बोनेट, तकनीकी","30. अवक्षिप्त बेरियम कार्बोनेट (गुणवत्ता नियंत्रण) आदेश, 2020
(एस.ओ. 1901(ई), दिनांक 16/06/2020)"
236.,IS 12928:1990,सिरेमिक एवं कांच उद्योग हेतु अवक्षिप्त बेरियम,"अवक्षिप्त बेरियम कार्बोनेट (गुणवत्ता नियंत्रण) आदेश, 2020
(एस.ओ. 1901(ई), दिनांक 16/06/2020)"
237.,IS 4505:2015,सोडियम फॉर्मल्डिहाइड सल्फॉक्सिलेट,"31. सोडियम फॉर्मल्डिहाइड सल्फॉक्सिलेट (गुणवत्ता नियंत्रण) आदेश, 2020
(एस.ओ. 1902(ई), दिनांक 16/06/2020)"
,IS 6100:1984,"सोडियम ट्राइपॉलीफॉस्फेट, निर्जल, तकनीकी","सोडियम ट्राइपॉलीफॉस्फेट (गुणवत्ता नियंत्रण) आदेश, 2020
(एस.ओ. 1903(ई), दिनांक 16/06/2020)
सोडियम ट्राइपॉलीफॉस्फेट (गुणवत्ता नियंत्रण) आदेश, 2020 में संशोधन
(एस.ओ. 4417(ई), दिनांक 04/12/2020)
सोडियम ट्राइपॉलीफॉस्फेट (गुणवत्ता नियंत्रण) आदेश, 2020 में संशोधन
सोडियम ट्राइपॉलीफॉस्फेट (गुणवत्ता नियंत्रण) आदेश, 2020
(विभिन्न रसायनों के लिए संशोधन आदेश, दिनांक 11/03/2022)
सोडियम ट्राइपॉलीफॉस्फेट (गुणवत्ता नियंत्रण) आदेश, 2020
(विभिन्न रसायनों के लिए संशोधन आदेश, दिनांक 11 अगस्त 2022)
सोडियम ट्राइपॉलीफॉस्फेट (गुणवत्ता नियंत्रण) आदेश, 2020
(एस.ओ. 534(ई), दिनांक 02/02/2023)
सोडियम ट्राइपॉलीफॉस्फेट (गुणवत्ता नियंत्रण) आदेश, 2020
(एस.ओ. 3300(ई), दिनांक 21 जुलाई 2023)
(विभिन्न रसायनों के लिए संशोधन आदेश, दिनांक 21 जुलाई 2023)
सोडियम ट्राइपॉलीफॉस्फेट (गुणवत्ता नियंत्रण) आदेश, 2020 में संशोधन
एस.ओ. 1069(ई), दिनांक 05 मार्च 2024
सोडियम ट्राइपॉलीफॉस्फेट (गुणवत्ता नियंत्रण) आदेश, 2020 में संशोधन
एस.ओ. 1124(ई), दिनांक 11 मार्च 2025
सोडियम ट्राइपॉलीफॉस्फेट (गुणवत्ता नियंत्रण) आदेश, 2020 निरस्त
एस.ओ. 5309(ई), दिनांक 20 नवम्बर 2025"
238.,IS 14709:1999,एन-ब्यूटाइल एक्रिलेट,"32. एन-ब्यूटाइल एक्रिलेट (गुणवत्ता नियंत्रण) आदेश, 2020
(एस.ओ. 2182(ई), दिनांक 29/06/2020)
विभिन्न रासायनिक उत्पादों के लिए संशोधन आदेश
एन-ब्यूटाइल एक्रिलेट (गुणवत्ता नियंत्रण) संशोधन आदेश, 2021
एन-ब्यूटाइल एक्रिलेट (गुणवत्ता नियंत्रण) आदेश, 2021
विभिन्न रसायनों के लिए संशोधन आदेश, दिनांक 24/12/2021
एन-ब्यूटाइल एक्रिलेट (गुणवत्ता नियंत्रण) संशोधन आदेश, 2022
विभिन्न रसायनों के लिए संशोधन आदेश, दिनांक 13 जून 2022
एन-ब्यूटाइल एक्रिलेट (गुणवत्ता नियंत्रण) द्वितीय संशोधन आदेश, 2022
(एस.ओ. 5992(ई), दिनांक 21/12/2022)
एन-ब्यूटाइल एक्रिलेट (गुणवत्ता नियंत्रण) संशोधन आदेश, 2023
(एस.ओ. 2729(ई), दिनांक 20/06/2023)
दो पेट्रोकेमिकल्स के लिए संशोधन आदेश, दिनांक 20 जून 2023"
239.,IS 336:1973,ईथर,"33. ईथर (गुणवत्ता नियंत्रण) आदेश, 2020
(एस.ओ. 2183(ई) दिनांक 29/06/2020)
ईथर (गुणवत्ता नियंत्रण) संशोधन आदेश, 2021"
,IS 5295:1985,एथिलीन ग्लाइकोल,"एथिलीन ग्लाइकोल (गुणवत्ता नियंत्रण) आदेश, 2020
(एस.ओ. 2184(ई) दिनांक 29/06/2020)
शुद्धिपत्र दिनांक 21.07.2020
एथिलीन ग्लाइकोल (गुणवत्ता नियंत्रण) संशोधन आदेश, 2020
एथिलीन ग्लाइकोल (गुणवत्ता नियंत्रण) संशोधन आदेश, 2021
एथिलीन ग्लाइकोल (गुणवत्ता नियंत्रण) आदेश, 2021
विभिन्न रसायनों हेतु संशोधन आदेश, दिनांक 24/12/2021
एथिलीन ग्लाइकोल (गुणवत्ता नियंत्रण) संशोधन आदेश, 2022
विभिन्न रसायनों हेतु संशोधन आदेश, दिनांक 13 जून 2022
एथिलीन ग्लाइकोल (गुणवत्ता नियंत्रण) आदेश, 2022
(एस.ओ. 6109(ई), दिनांक 28/12/2022)
एथिलीन ग्लाइकोल (गुणवत्ता नियंत्रण) संशोधन आदेश, 2023
(एस.ओ. 1407(ई), दिनांक 23 मार्च 2023)
एथिलीन ग्लाइकोल (गुणवत्ता नियंत्रण) आदेश, 2021 को निरस्त करने का आदेश
एस.ओ. 5130(ई), दिनांक 12 नवम्बर 2025"
,IS 537:2011,टोल्यून,"टोल्यून (गुणवत्ता नियंत्रण) आदेश, 2020
(एस.ओ. 2186(ई), दिनांक 29/06/2020)
टोल्यून (गुणवत्ता नियंत्रण) संशोधन आदेश, 2021
टोल्यून (गुणवत्ता नियंत्रण) आदेश, 2021
विभिन्न रसायनों हेतु संशोधन आदेश, दिनांक 24/12/2021
टोल्यून (गुणवत्ता नियंत्रण) संशोधन आदेश, 2022
विभिन्न रसायनों हेतु संशोधन आदेश, दिनांक 13 जून 2022
टोल्यून (गुणवत्ता नियंत्रण) द्वितीय संशोधन आदेश, 2022
(एस.ओ. 5990(ई), दिनांक 21/12/2022)
टोल्यून (गुणवत्ता नियंत्रण) संशोधन आदेश, 2023
(एस.ओ. 2730(ई), दिनांक 20/06/2023)
टोल्यून (गुणवत्ता नियंत्रण) द्वितीय संशोधन आदेश, 2023
(एस.ओ. 5373(ई), दिनांक 19 दिसम्बर 2023)
टोल्यून (गुणवत्ता नियंत्रण) प्रथम संशोधन आदेश, 2024
(एस.ओ. 5537(ई), दिनांक 24 दिसम्बर 2024)
टोल्यून (गुणवत्ता नियंत्रण) आदेश, 2021 को निरस्त करने का आदेश
एस.ओ. 5528(ई), दिनांक 01 दिसम्बर 2025"
,IS 15030:2001,टेरेफ्थैलिक अम्ल,"टेरेफ्थैलिक अम्ल (गुणवत्ता नियंत्रण) आदेश, 2020
(एस.ओ. 2185(ई), दिनांक 29/06/2020)
टेरेफ्थैलिक अम्ल (गुणवत्ता नियंत्रण) संशोधन आदेश, 2021
टेरेफ्थैलिक अम्ल (गुणवत्ता नियंत्रण) आदेश, 2021
विभिन्न रसायनों हेतु संशोधन आदेश, दिनांक 24/12/2021
टेरेफ्थैलिक अम्ल (गुणवत्ता नियंत्रण) संशोधन आदेश, 2022
विभिन्न रसायनों हेतु संशोधन आदेश, दिनांक 13 जून 2022
टेरेफ्थैलिक अम्ल (गुणवत्ता नियंत्रण) द्वितीय संशोधन आदेश, 2022
(एस.ओ. 5991(ई), दिनांक 21/12/2022)
टेरेफ्थैलिक अम्ल (गुणवत्ता नियंत्रण) आदेश, 2021 को निरस्त करने का आदेश
एस.ओ. 5129(ई), दिनांक 12 नवम्बर 2025"
,IS 14707: 1999,मेथाइल एक्रिलेट,"मेथाइल एक्रिलेट, एथाइल एक्रिलेट, एन-ब्यूटाइल एक्रिलेट (गुणवत्ता नियंत्रण) आदेश, 2020
(एस.ओ. सं. 4001(ई), दिनांक 04/11/2020)
विभिन्न रासायनिक उत्पादों हेतु संशोधन आदेश
मेथाइल एक्रिलेट, एथाइल एक्रिलेट (गुणवत्ता नियंत्रण) आदेश, 2021
विभिन्न रसायनों हेतु संशोधन आदेश, दिनांक 22/12/2021
मेथाइल एक्रिलेट, एथाइल एक्रिलेट (गुणवत्ता नियंत्रण) संशोधन आदेश, 2022
(विभिन्न रसायनों हेतु संशोधन आदेश, दिनांक 30 मई 2022)
मेथाइल एक्रिलेट, एथाइल एक्रिलेट (गुणवत्ता नियंत्रण) द्वितीय संशोधन आदेश, 2022
(विभिन्न रसायनों हेतु संशोधन आदेश, दिनांक 25 नवम्बर 2022)
मेथाइल एक्रिलेट, एथाइल एक्रिलेट (गुणवत्ता नियंत्रण) संशोधन आदेश, 2023
(एस.ओ. 2335(ई), दिनांक 23 मई 2023)
मेथाइल एक्रिलेट, एथाइल एक्रिलेट (गुणवत्ता नियंत्रण) संशोधन आदेश, 2024
एस.ओ. 928(ई), दिनांक 27 फरवरी 2024
मेथाइल एक्रिलेट, एथाइल एक्रिलेट (गुणवत्ता नियंत्रण) संशोधन आदेश, 2025
एस.ओ. 1556(ई), दिनांक 01 अप्रैल 2025
मेथाइल एक्रिलेट, एथाइल एक्रिलेट (गुणवत्ता नियंत्रण) आदेश, 2021 को निरस्त करने का आदेश
एस.ओ. 5529(ई), दिनांक 01 दिसम्बर 2025"
,IS 14708:1999,एथाइल एक्रिलेट
,IS 12345:1988,विनाइल एसीटेट मोनोमर,"विनाइल एसीटेट मोनोमर (गुणवत्ता नियंत्रण) आदेश, 2020 (एस.ओ. सं. 4003(ई), दिनांक 04/11/2020)
विभिन्न रासायनिक उत्पादों हेतु संशोधन आदेश
विनाइल एसीटेट मोनोमर (गुणवत्ता नियंत्रण) आदेश, 2021
विभिन्न रसायनों हेतु संशोधन आदेश, दिनांक 22/12/2021
विनाइल एसीटेट मोनोमर (गुणवत्ता नियंत्रण) संशोधन आदेश, 2022
(विभिन्न रसायनों हेतु संशोधन आदेश, दिनांक 30 मई 2022)
विनाइल एसीटेट मोनोमर (गुणवत्ता नियंत्रण) द्वितीय संशोधन आदेश, 2022
(विभिन्न रसायनों हेतु संशोधन आदेश, दिनांक 25 नवम्बर 2022)
विनाइल एसीटेट मोनोमर (गुणवत्ता नियंत्रण) संशोधन आदेश, 2023
(एस.ओ. 2334(ई), दिनांक 23 मई 2023)
मेथाइल एक्रिलेट, एथाइल एक्रिलेट (गुणवत्ता नियंत्रण) संशोधन आदेश, 2023
(एस.ओ. 2335(ई), दिनांक 23 मई 2023)
विनाइल एसीटेट मोनोमर (गुणवत्ता नियंत्रण) संशोधन आदेश, 2024
एस.ओ. 927(ई), दिनांक 27 फरवरी 2024
विनाइल एसीटेट मोनोमर (गुणवत्ता नियंत्रण) संशोधन आदेश, 2025
एस.ओ. 1555(ई), दिनांक 01 अप्रैल 2025
विनाइल एसीटेट मोनोमर (गुणवत्ता नियंत्रण) आदेश, 2021 को निरस्त करने का आदेश
एस.ओ. 5530(ई), दिनांक 01 दिसम्बर 2025"
,IS 4105:2020,स्टाइरीन (विनाइल बेंजीन),"स्टाइरीन (विनाइल बेंजीन) (गुणवत्ता नियंत्रण) आदेश, 2020
(एस.ओ. सं. 4002(ई), दिनांक 04/11/2020)
विभिन्न रासायनिक उत्पादों हेतु संशोधन आदेश
स्टाइरीन (विनाइल बेंजीन) (गुणवत्ता नियंत्रण) आदेश, 2020
विभिन्न पेट्रोकेमिकल्स हेतु संशोधन आदेश, दिनांक 08/10/2021
स्टाइरीन (विनाइल बेंजीन) (गुणवत्ता नियंत्रण) आदेश, 2022
विभिन्न रसायनों हेतु संशोधन आदेश, दिनांक 05/04/2022
स्टाइरीन (विनाइल बेंजीन) (गुणवत्ता नियंत्रण) संशोधन आदेश, 2022
विभिन्न पेट्रोकेमिकल्स हेतु संशोधन आदेश, दिनांक 29 सितम्बर 2022
स्टाइरीन (विनाइल बेंजीन) (गुणवत्ता नियंत्रण) संशोधन आदेश, 2023
(एस.ओ. 1786(ई), दिनांक 18/04/2023)
स्टाइरीन (विनाइल बेंजीन) (गुणवत्ता नियंत्रण) संशोधन आदेश, 2024
(एस.ओ. 1465(ई), दिनांक 18 मार्च 2024)
स्टाइरीन (विनाइल बेंजीन) (गुणवत्ता नियंत्रण) द्वितीय संशोधन आदेश, 2024
एस.ओ. 4653(ई), दिनांक 24 अक्टूबर 2024
स्टाइरीन (विनाइल बेंजीन) (गुणवत्ता नियंत्रण) आदेश, 2022 को निरस्त करने का आदेश
एस.ओ. 4864(ई), दिनांक 24 अक्टूबर 2025"
,IS 5149:2020,"मेलिक एनहाइड्राइड, तकनीकी","मेलिक एनहाइड्राइड (गुणवत्ता नियंत्रण) आदेश, 2020
(एस.ओ. सं. 4000(ई), दिनांक 04/11/2020)
विभिन्न रासायनिक उत्पादों हेतु संशोधन आदेश
मेलिक एनहाइड्राइड (गुणवत्ता नियंत्रण) आदेश, 2021
विभिन्न पेट्रोकेमिकल्स हेतु संशोधन आदेश, दिनांक 08/10/2021

मेलिक एनहाइड्राइड (गुणवत्ता नियंत्रण) आदेश, 2022
विभिन्न रसायनों हेतु संशोधन आदेश, दिनांक 05/04/2022
मेलिक एनहाइड्राइड (गुणवत्ता नियंत्रण) संशोधन आदेश, 2022
विभिन्न पेट्रोकेमिकल्स हेतु संशोधन आदेश, दिनांक 29 सितम्बर 2022
मेलिक एनहाइड्राइड (गुणवत्ता नियंत्रण) संशोधन आदेश, 2023
(एस.ओ. 1788(ई), दिनांक 18/04/2023)
मेलिक एनहाइड्राइड (गुणवत्ता नियंत्रण) संशोधन आदेश, 2023 में संशोधन
(एस.ओ. 1986(ई), दिनांक 01/05/2023)
मेलिक एनहाइड्राइड (गुणवत्ता नियंत्रण) संशोधन आदेश, 2023
(एस.ओ. 4233(ई), दिनांक 26 सितम्बर 2023)
मेलिक एनहाइड्राइड (गुणवत्ता नियंत्रण) संशोधन आदेश, 2024
(एस.ओ. 1466(ई), दिनांक 18 मार्च 2024)
मेलिक एनहाइड्राइड (गुणवत्ता नियंत्रण) द्वितीय संशोधन आदेश, 2024
एस.ओ. 4652(ई), दिनांक 24 अक्टूबर 2024
मेलिक एनहाइड्राइड (गुणवत्ता नियंत्रण) आदेश, 2022 को निरस्त करने का आदेश
एस.ओ. 4863(ई), दिनांक 24 अक्टूबर 2025"
,IS 12540:1988,एक्रिलोनाइट्राइल,"एक्रिलोनाइट्राइल (गुणवत्ता नियंत्रण) आदेश, 2020
(एस.ओ. सं. 3999(ई), दिनांक 04/11/2020)
एक्रिलोनाइट्राइल (गुणवत्ता नियंत्रण) संशोधन आदेश, 2020
विभिन्न रासायनिक उत्पादों हेतु संशोधन आदेश
एक्रिलोनाइट्राइल (गुणवत्ता नियंत्रण) आदेश, 2021
विभिन्न पेट्रोकेमिकल्स हेतु संशोधन आदेश, दिनांक 08/10/2021

एक्रिलोनाइट्राइल (गुणवत्ता नियंत्रण) आदेश, 2022
विभिन्न रसायनों हेतु संशोधन आदेश, दिनांक 05/04/2022
एक्रिलोनाइट्राइल (गुणवत्ता नियंत्रण) संशोधन आदेश, 2022
विभिन्न पेट्रोकेमिकल्स हेतु संशोधन आदेश, दिनांक 29 सितम्बर 2022
एक्रिलोनाइट्राइल (गुणवत्ता नियंत्रण) संशोधन आदेश, 2023
(एस.ओ. 1787(ई), दिनांक 18/04/2023)
एक्रिलोनाइट्राइल (गुणवत्ता नियंत्रण) संशोधन आदेश, 2024
(एस.ओ. 1464(ई), दिनांक 18 मार्च 2024)
एक्रिलोनाइट्राइल (गुणवत्ता नियंत्रण) द्वितीय संशोधन आदेश, 2024
एस.ओ. 4651(ई), दिनांक 24 अक्टूबर 2024
एक्रिलोनाइट्राइल (गुणवत्ता नियंत्रण) आदेश, 2022 को निरस्त करने का आदेश
एस.ओ. 4862(ई), दिनांक 24 अक्टूबर 2025"
,IS 17265:2019,100 प्रतिशत पॉलिएस्टर स्पन ग्रे एवं व्हाइट यार्न (PSY),"100 प्रतिशत पॉलिएस्टर स्पन ग्रे एवं व्हाइट यार्न (गुणवत्ता नियंत्रण) आदेश, 2021
(एस.ओ. 1618 (ई), दिनांक 15.04.2021)
100 प्रतिशत पॉलिएस्टर स्पन ग्रे एवं व्हाइट यार्न (PSY) (गुणवत्ता नियंत्रण) संशोधन आदेश, 2021
(एस.ओ. 4180 (ई), दिनांक 08.10.2021)

100 प्रतिशत पॉलिएस्टर स्पन ग्रे एवं व्हाइट यार्न (गुणवत्ता नियंत्रण) आदेश, 2022
विभिन्न रसायनों हेतु संशोधन आदेश, दिनांक 05.04.2022
100 प्रतिशत पॉलिएस्टर स्पन ग्रे एवं व्हाइट यार्न (गुणवत्ता नियंत्रण) संशोधन आदेश, 2022
विभिन्न पेट्रोकेमिकल्स हेतु संशोधन आदेश, दिनांक 29 सितम्बर 2022
100 प्रतिशत पॉलिएस्टर स्पन ग्रे एवं व्हाइट यार्न (गुणवत्ता नियंत्रण) संशोधन आदेश, 2023
(एस.ओ. 1561 (ई), दिनांक 31.03.2023)
100 प्रतिशत पॉलिएस्टर स्पन ग्रे एवं व्हाइट यार्न (गुणवत्ता नियंत्रण) आदेश, 2023
(एस.ओ. 3195 (ई), दिनांक 17 जुलाई 2023)
100 प्रतिशत पॉलिएस्टर स्पन ग्रे एवं व्हाइट यार्न (गुणवत्ता नियंत्रण) आदेश, 2023 का निरसन
एस.ओ. 5131 (ई), दिनांक 12 नवम्बर 2025"
,IS 17261:2019,पॉलिएस्टर कंटीन्यूअस फिलामेंट फुली ड्रॉन यार्न (FDY),"पॉलिएस्टर कंटीन्यूअस फिलामेंट फुली ड्रॉन यार्न (गुणवत्ता नियंत्रण) आदेश, 2021
(एस.ओ. 1621 (ई), दिनांक 15.04.2021)
पॉलिएस्टर कंटीन्यूअस फिलामेंट फुली ड्रॉन यार्न (गुणवत्ता नियंत्रण) संशोधन आदेश, 2021
(एस.ओ. 4183 (ई), दिनांक 08.10.2021)

पॉलिएस्टर कंटीन्यूअस फिलामेंट फुली ड्रॉन यार्न (गुणवत्ता नियंत्रण) आदेश, 2022
विभिन्न रसायनों हेतु संशोधन आदेश, दिनांक 05.04.2022
पॉलिएस्टर कंटीन्यूअस फिलामेंट फुली ड्रॉन यार्न (गुणवत्ता नियंत्रण) संशोधन आदेश, 2022
विभिन्न पेट्रोकेमिकल्स हेतु संशोधन आदेश, दिनांक 29 सितम्बर 2022
पॉलिएस्टर कंटीन्यूअस फिलामेंट फुली ड्रॉन यार्न (गुणवत्ता नियंत्रण) संशोधन आदेश, 2023
(एस.ओ. 1558 (ई), दिनांक 31.03.2023)
पॉलिएस्टर कंटीन्यूअस फिलामेंट फुली ड्रॉन यार्न (गुणवत्ता नियंत्रण) आदेश, 2023
(एस.ओ. 3193 (ई), दिनांक 17 जुलाई 2023)
पॉलिएस्टर कंटीन्यूअस फिलामेंट फुली ड्रॉन यार्न (गुणवत्ता नियंत्रण) संशोधन आदेश, 2024
एस.ओ. 2878 (ई), दिनांक 18 जुलाई 2024
पॉलिएस्टर कंटीन्यूअस फिलामेंट फुली ड्रॉन यार्न (गुणवत्ता नियंत्रण) आदेश, 2023 का निरसन
एस.ओ. 5134 (ई), दिनांक 12 नवम्बर 2025"
,IS 17264:2019,पॉलिएस्टर इंडस्ट्रियल यार्न (IDY),"पॉलिएस्टर इंडस्ट्रियल यार्न (गुणवत्ता नियंत्रण) आदेश, 2021
(एस.ओ. 1622 (ई), दिनांक 15.04.2021)

पॉलिएस्टर इंडस्ट्रियल यार्न (गुणवत्ता नियंत्रण) संशोधन आदेश, 2021
(एस.ओ. 4184 (ई), दिनांक 08.10.2021)

पॉलिएस्टर इंडस्ट्रियल यार्न (गुणवत्ता नियंत्रण) आदेश, 2022
विभिन्न रसायनों हेतु संशोधन आदेश, दिनांक 05.04.2022
पॉलिएस्टर इंडस्ट्रियल यार्न (गुणवत्ता नियंत्रण) संशोधन आदेश, 2022
विभिन्न पेट्रोकेमिकल्स हेतु संशोधन आदेश, दिनांक 29 सितम्बर 2022
पॉलिएस्टर इंडस्ट्रियल यार्न (गुणवत्ता नियंत्रण) संशोधन आदेश, 2023
(एस.ओ. 1560 (ई), दिनांक 31.03.2023)
पॉलिएस्टर इंडस्ट्रियल यार्न (गुणवत्ता नियंत्रण) द्वितीय संशोधन आदेश, 2023
(एस.ओ. 3196 (ई), दिनांक 17 जुलाई 2023)
पॉलिएस्टर इंडस्ट्रियल यार्न (IDY) (गुणवत्ता नियंत्रण) आदेश, 2022 का निरसन
एस.ओ. 5132 (ई), दिनांक 12 नवम्बर 2025"
,IS 17262:2019,पॉलिएस्टर पार्टियली ओरिएंटेड यार्न (POY),"पॉलिएस्टर पार्टियली ओरिएंटेड यार्न (गुणवत्ता नियंत्रण) आदेश, 2021
(एस.ओ. 1623 (ई), दिनांक 15.04.2021)

पॉलिएस्टर पार्टियली ओरिएंटेड यार्न (गुणवत्ता नियंत्रण) संशोधन आदेश, 2021
(एस.ओ. 4185 (ई), दिनांक 08.10.2021)

पॉलिएस्टर पार्टियली ओरिएंटेड यार्न (गुणवत्ता नियंत्रण) आदेश, 2022
विभिन्न रसायनों हेतु संशोधन आदेश, दिनांक 05.04.2022
पॉलिएस्टर पार्टियली ओरिएंटेड यार्न (गुणवत्ता नियंत्रण) संशोधन आदेश, 2022
विभिन्न पेट्रोकेमिकल्स हेतु संशोधन आदेश, दिनांक 29 सितम्बर 2022
पॉलिएस्टर पार्टियली ओरिएंटेड यार्न (गुणवत्ता नियंत्रण) संशोधन आदेश, 2023
(एस.ओ. 1559 (ई), दिनांक 31.03.2023)
पॉलिएस्टर पार्टियली ओरिएंटेड यार्न (गुणवत्ता नियंत्रण) आदेश, 2023
(एस.ओ. 3194 (ई), दिनांक 17 जुलाई 2023)
पॉलिएस्टर पार्टियली ओरिएंटेड यार्न (गुणवत्ता नियंत्रण) आदेश, 2023 का निरसन
एस.ओ. 5135 (ई), दिनांक 12 नवम्बर 2025"
,IS 17263:2019,पॉलिएस्टर स्टेपल फाइबर्स (PSF),"पॉलिएस्टर स्टेपल फाइबर्स (गुणवत्ता नियंत्रण) आदेश, 2021
(एस.ओ. 1624 (ई), दिनांक 15.04.2021)

पॉलिएस्टर स्टेपल फाइबर्स (गुणवत्ता नियंत्रण) संशोधन आदेश, 2021
(एस.ओ. 4186 (ई), दिनांक 08.10.2021)

पॉलिएस्टर स्टेपल फाइबर्स (गुणवत्ता नियंत्रण) आदेश, 2022
विभिन्न रसायनों हेतु संशोधन आदेश, दिनांक 05.04.2022
पॉलिएस्टर स्टेपल फाइबर्स (PSF) (गुणवत्ता नियंत्रण) संशोधन आदेश, 2022
विभिन्न पेट्रोकेमिकल्स हेतु संशोधन आदेश, दिनांक 29 सितम्बर 2022
पॉलिएस्टर स्टेपल फाइबर्स (गुणवत्ता नियंत्रण) संशोधन आदेश, 2023
एस.ओ. 2333 (ई), दिनांक 26 मई 2023
पॉलिएस्टर स्टेपल फाइबर्स (PSF) (गुणवत्ता नियंत्रण) आदेश, 2022 का निरसन
एस.ओ. 5133 (ई), दिनांक 12 नवम्बर 2025"
,IS 7328:2020,"मोल्डिंग एवं एक्सट्रूज़न हेतु पॉलीएथिलीन सामग्री
(i) लो डेंसिटी पॉलीएथिलीन (LDPE)
(ii) लिनियर लो-डेंसिटी पॉलीएथिलीन (LLDPE)
(iii) हाई डेंसिटी पॉलीएथिलीन (HDPE)","मोल्डिंग एवं एक्सट्रूज़न हेतु पॉलीएथिलीन सामग्री (गुणवत्ता नियंत्रण) आदेश, 2021
(एस.ओ. 1625 (ई), दिनांक 15.04.2021)

मोल्डिंग एवं एक्सट्रूज़न हेतु पॉलीएथिलीन सामग्री (गुणवत्ता नियंत्रण) संशोधन आदेश, 2021
(एस.ओ. 4187 (ई), दिनांक 08.10.2021)

मोल्डिंग एवं एक्सट्रूज़न हेतु पॉलीएथिलीन सामग्री (गुणवत्ता नियंत्रण) आदेश, 2022
विभिन्न रसायनों हेतु संशोधन आदेश, दिनांक 05.04.2022
मोल्डिंग एवं एक्सट्रूज़न हेतु पॉलीएथिलीन सामग्री (गुणवत्ता नियंत्रण) संशोधन आदेश, 2022
विभिन्न पेट्रोकेमिकल्स हेतु संशोधन आदेश, दिनांक 29 सितम्बर 2022
मोल्डिंग एवं एक्सट्रूज़न हेतु पॉलीएथिलीन सामग्री (गुणवत्ता नियंत्रण) संशोधन आदेश, 2023
(एस.ओ. 1557 (ई), दिनांक 31.03.2023)
मोल्डिंग एवं एक्सट्रूज़न हेतु पॉलीएथिलीन सामग्री (गुणवत्ता नियंत्रण) संशोधन आदेश, 2023
(एस.ओ. 4235 (ई), दिनांक 26 सितम्बर 2023)
मोल्डिंग एवं एक्सट्रूज़न हेतु पॉलीएथिलीन सामग्री (गुणवत्ता नियंत्रण) संशोधन आदेश, 2024
(एस.ओ. 68 (ई), दिनांक 04 जनवरी 2024)
मोल्डिंग एवं एक्सट्रूज़न हेतु पॉलीएथिलीन सामग्री (गुणवत्ता नियंत्रण) संशोधन आदेश, 2025
एस.ओ. 2560 (ई), दिनांक 12 जून 2025
मोल्डिंग एवं एक्सट्रूज़न हेतु पॉलीएथिलीन सामग्री (गुणवत्ता नियंत्रण) आदेश, 2022 का निरसन
एस.ओ. 5136 (ई), दिनांक 12 नवम्बर 2025"
240.,IS 11356:2020,स्टाइरीन-ब्यूटाडीन रबर लेटेक्स,"34. स्टाइरीन-ब्यूटाडीन रबर लेटेक्स (गुणवत्ता नियंत्रण) आदेश, 2021
(एस.ओ. 1626 (ई), दिनांक 15.04.2021)
स्टाइरीन-ब्यूटाडीन रबर लेटेक्स (गुणवत्ता नियंत्रण) संशोधन आदेश, 2024
एस.ओ. 3957 (ई), दिनांक 18 सितंबर 2024"
241.,IS 16481:2016,सीमेंट आधारित मैट्रिक्स में उपयोग हेतु सिंथेटिक माइक्रो-फाइबर्स,"35. सीमेंट आधारित मैट्रिक्स में उपयोग हेतु सिंथेटिक माइक्रो-फाइबर्स (गुणवत्ता नियंत्रण) आदेश, 2021
(एस.ओ. 1627 (ई), दिनांक 15.04.2021)

सीमेंट आधारित मैट्रिक्स में उपयोग हेतु सिंथेटिक माइक्रो-फाइबर्स (गुणवत्ता नियंत्रण) संशोधन आदेश, 2021
(एस.ओ. 4188 (ई), दिनांक 08.10.2021)

सीमेंट आधारित मैट्रिक्स में उपयोग हेतु सिंथेटिक माइक्रो-फाइबर्स (गुणवत्ता नियंत्रण) आदेश, 2022
विभिन्न रसायनों हेतु संशोधन आदेश, दिनांक 05/04/2022
सीमेंट आधारित मैट्रिक्स में उपयोग हेतु सिंथेटिक माइक्रो-फाइबर्स (गुणवत्ता नियंत्रण) संशोधन आदेश, 2022
विभिन्न पेट्रोकेमिकल्स हेतु संशोधन आदेश, दिनांक 29 सितंबर 2022"
242.,IS 12795:2020,लिनियर एल्काइल बेंज़ीन,"36. लिनियर एल्काइल बेंज़ीन (गुणवत्ता नियंत्रण) आदेश, 2021
(एस.ओ. 1664 (ई), दिनांक 15.04.2021)

लिनियर एल्काइल बेंज़ीन (गुणवत्ता नियंत्रण) संशोधन आदेश, 2021
(एस.ओ. 4182 (ई), दिनांक 08.10.2021)

लिनियर एल्काइल बेंज़ीन (गुणवत्ता नियंत्रण) आदेश, 2022
विभिन्न रसायनों हेतु संशोधन आदेश, दिनांक 05/04/2022
लिनियर एल्काइल बेंज़ीन (गुणवत्ता नियंत्रण) संशोधन आदेश, 2022
विभिन्न पेट्रोकेमिकल्स हेतु संशोधन आदेश, दिनांक 29 सितंबर 2022"
,IS 13601:1993,एथिलीन विनाइल एसीटेट (EVA) कोपॉलिमर,"एथिलीन विनाइल एसीटेट कोपॉलिमर (गुणवत्ता नियंत्रण) आदेश, 2021
(एस.ओ. 1620 (ई), दिनांक 15.04.2021)
एथिलीन विनाइल एसीटेट कोपॉलिमर (गुणवत्ता नियंत्रण) संशोधन आदेश, 2021
(एस.ओ. 4181 (ई), दिनांक 08.10.2021)

एथिलीन विनाइल एसीटेट कोपॉलिमर (गुणवत्ता नियंत्रण) आदेश, 2022
विभिन्न रसायनों हेतु संशोधन आदेश, दिनांक 05/04/2022
एथिलीन विनाइल एसीटेट कोपॉलिमर (गुणवत्ता नियंत्रण) संशोधन आदेश, 2022
विभिन्न पेट्रोकेमिकल्स हेतु संशोधन आदेश, दिनांक 29 सितंबर 2022
एथिलीन विनाइल एसीटेट कोपॉलिमर (गुणवत्ता नियंत्रण) संशोधन आदेश, 2023
(एस.ओ. 1556 (ई), दिनांक 31/03/2023)
एथिलीन विनाइल एसीटेट कोपॉलिमर (गुणवत्ता नियंत्रण) संशोधन आदेश, 2023
(एस.ओ. 4234 (ई), दिनांक 26 सितंबर 2023)
एथिलीन विनाइल एसीटेट कोपॉलिमर (गुणवत्ता नियंत्रण) संशोधन आदेश, 2024
(एस.ओ. 1463 (ई), दिनांक 18 मार्च 2024)
एथिलीन विनाइल एसीटेट कोपॉलिमर (गुणवत्ता नियंत्रण) द्वितीय संशोधन आदेश, 2024
एस.ओ. 4286 (ई), दिनांक 01 अक्टूबर 2024
एथिलीन विनाइल एसीटेट कोपॉलिमर (गुणवत्ता नियंत्रण) संशोधन आदेश, 2025
एस.ओ. 4495 (ई), दिनांक 01 अक्टूबर 2025
एथिलीन विनाइल एसीटेट (EVA) कोपॉलिमर (गुणवत्ता नियंत्रण) आदेश, 2022 का निरस्तीकरण आदेश
एस.ओ. 5140 (ई), दिनांक 12 नवंबर 2025"
243.,IS 7686:2020,"3 (एन, एन-डाइएथाइल) अमीनोफिनॉल","37. 3 (एन, एन-डाइएथाइल) अमीनोफिनॉल (गुणवत्ता नियंत्रण) आदेश, 2021
(एस.ओ. सं. 2031 (ई), दिनांक 25/05/2021)"
244.,IS 4566:2020,मेथिलीन क्लोराइड (डाइक्लोरोमीथेन),"38. मेथिलीन क्लोराइड (डाइक्लोरोमीथेन) (गुणवत्ता नियंत्रण) आदेश, 2021
(एस.ओ. सं. 2032 (ई), दिनांक 25/05/2021)

मेथिलीन क्लोराइड (डाइक्लोरोमीथेन) (गुणवत्ता नियंत्रण) संशोधन आदेश, 2021
(एस.ओ. 4913 (ई), दिनांक 29.11.2021)

मेथिलीन क्लोराइड (डाइक्लोरोमीथेन) (गुणवत्ता नियंत्रण) आदेश, 2021
(विभिन्न रसायनों हेतु संशोधन आदेश, दिनांक 13/05/2022)
मेथिलीन क्लोराइड (डाइक्लोरोमीथेन) (गुणवत्ता नियंत्रण) आदेश, 2021 में संशोधन
एस.ओ. 5396 (ई), दिनांक 18 नवंबर 2022
मेथिलीन क्लोराइड (डाइक्लोरोमीथेन) (गुणवत्ता नियंत्रण) संशोधन आदेश, 2023
(एस.ओ. 1870 (ई), दिनांक 24/04/2023)"
245.,IS 2012:2006,लाल फॉस्फोरस,"39. लाल फॉस्फोरस (गुणवत्ता नियंत्रण) आदेश, 2021
(एस.ओ. सं. 2033 (ई), दिनांक 25/05/2021)"
,IS 17077:2019/ISO 19062-1:2015,एक्रिलोनाइट्राइल ब्यूटाडीन स्टाइरीन (ABS),"एक्रिलोनाइट्राइल-ब्यूटाडीन स्टाइरीन (ABS) (गुणवत्ता नियंत्रण) आदेश, 2021
(एस.ओ. 3927 (ई), दिनांक 13.09.2021)
  एक्रिलोनाइट्राइल-ब्यूटाडीन स्टाइरीन (ABS) (गुणवत्ता नियंत्रण) संशोधन आदेश, 2022
विभिन्न पेट्रोकेमिकल्स हेतु संशोधन आदेश, दिनांक 07/01/2022
एक्रिलोनाइट्राइल-ब्यूटाडीन स्टाइरीन (ABS) (गुणवत्ता नियंत्रण) आदेश, 2022
(विभिन्न रसायनों हेतु संशोधन आदेश, दिनांक 10/03/2022)
एक्रिलोनाइट्राइल-ब्यूटाडीन स्टाइरीन (ABS) (गुणवत्ता नियंत्रण) तृतीय संशोधन आदेश, 2022
(विभिन्न पेट्रोकेमिकल्स हेतु संशोधन आदेश, दिनांक 02 सितंबर 2022)
एक्रिलोनाइट्राइल-ब्यूटाडीन स्टाइरीन (ABS) (गुणवत्ता नियंत्रण) संशोधन आदेश, 2023
(एस.ओ. 1121 (ई), दिनांक 09/03/2023)
एक्रिलोनाइट्राइल-ब्यूटाडीन स्टाइरीन (ABS) (गुणवत्ता नियंत्रण) संशोधन आदेश, 2024
एस.ओ. 4988 (ई), दिनांक 20 नवंबर 2024
एक्रिलोनाइट्राइल ब्यूटाडीन स्टाइरीन (ABS) (गुणवत्ता नियंत्रण) आदेश, 2021 का निरस्तीकरण आदेश
एस.ओ. 5137 (ई), दिनांक 12 नवंबर 2025"
,IS 869:2020,एथिलीन डाइक्लोराइड,"एथिलीन डाइक्लोराइड (गुणवत्ता नियंत्रण) आदेश, 2021
(एस.ओ. 3928 (ई), दिनांक 13.09.2021)
एथिलीन डाइक्लोराइड (गुणवत्ता नियंत्रण) आदेश, 2022
(विभिन्न रसायनों हेतु संशोधन आदेश, दिनांक 10/03/2022)
एथिलीन डाइक्लोराइड (गुणवत्ता नियंत्रण) द्वितीय संशोधन आदेश, 2022
(विभिन्न पेट्रोकेमिकल्स हेतु संशोधन आदेश, दिनांक 02 सितंबर 2022)
एथिलीन डाइक्लोराइड (गुणवत्ता नियंत्रण) संशोधन आदेश, 2023
(एस.ओ. 1124 (ई), दिनांक 09/03/2023)
एथिलीन डाइक्लोराइड (गुणवत्ता नियंत्रण) संशोधन आदेश, 2024
एस.ओ. 1108 (ई), दिनांक 06 मार्च 2024
एथिलीन डाइक्लोराइड (गुणवत्ता नियंत्रण) द्वितीय संशोधन आदेश, 2024
एस.ओ. 3936 (ई), दिनांक 13 सितंबर 2024
एथिलीन डाइक्लोराइड (गुणवत्ता नियंत्रण) संशोधन आदेश, 2025
एस.ओ. 1126 (ई), दिनांक 11 मार्च 2025
एथिलीन डाइक्लोराइड (गुणवत्ता नियंत्रण) संशोधन आदेश, 2025
एस.ओ. 4177 (ई), दिनांक 16 सितंबर 2025
एथिलीन डाइक्लोराइड (गुणवत्ता नियंत्रण) आदेश, 2021 का निरस्तीकरण आदेश
एस.ओ. 5531 (ई), दिनांक 01 दिसंबर 2025"
,IS 17370:2020,p-ज़ाइलीन,"p-ज़ाइलीन (गुणवत्ता नियंत्रण) आदेश, 2021
(एस.ओ. 3929 (ई), दिनांक 13.09.2021)
p-ज़ाइलीन (गुणवत्ता नियंत्रण) आदेश, 2022
(विभिन्न पेट्रोकेमिकल्स हेतु संशोधन आदेश, दिनांक 23/03/2022)
p-ज़ाइलीन (गुणवत्ता नियंत्रण) द्वितीय संशोधन आदेश, 2022
(विभिन्न पेट्रोकेमिकल्स हेतु संशोधन आदेश, दिनांक 02 सितम्बर 2022)
p-ज़ाइलीन (गुणवत्ता नियंत्रण) संशोधन आदेश, 2023
(एस.ओ. 1239(ई), दिनांक 15/03/2023)
p-ज़ाइलीन (गुणवत्ता नियंत्रण) संशोधन आदेश, 2024
एस.ओ. 1111(ई), दिनांक 06 मार्च 2024
p-ज़ाइलीन (गुणवत्ता नियंत्रण) द्वितीय संशोधन आदेश, 2024
एस.ओ. 4173(ई), दिनांक 23 सितम्बर 2024
p-ज़ाइलीन (गुणवत्ता नियंत्रण) संशोधन आदेश, 2025
एस.ओ. 1252(ई), दिनांक 19 मार्च 2025
p-ज़ाइलीन (गुणवत्ता नियंत्रण) आदेश, 2021 को निरस्त किया गया
एस.ओ. 5527(ई), दिनांक 01 दिसम्बर 2025"
,IS 14434:1998,पॉलीकार्बोनेट,"पॉलीकार्बोनेट (गुणवत्ता नियंत्रण) आदेश, 2021
(एस.ओ. 3930(ई), दिनांक 13.09.2021)
पॉलीकार्बोनेट (गुणवत्ता नियंत्रण) आदेश, 2022
(विभिन्न रसायनों हेतु संशोधन आदेश, दिनांक 10/03/2022)
पॉलीकार्बोनेट (गुणवत्ता नियंत्रण) द्वितीय संशोधन आदेश, 2022
(विभिन्न पेट्रोकेमिकल्स हेतु संशोधन आदेश, दिनांक 02 सितम्बर 2022)
पॉलीकार्बोनेट (गुणवत्ता नियंत्रण) संशोधन आदेश, 2023
(एस.ओ. 1122(ई), दिनांक 09/03/2023)
पॉलीकार्बोनेट (गुणवत्ता नियंत्रण) संशोधन आदेश, 2024
एस.ओ. 1109(ई), दिनांक 06 मार्च 2024
पॉलीकार्बोनेट (गुणवत्ता नियंत्रण) द्वितीय संशोधन आदेश, 2024
एस.ओ. 3953(ई), दिनांक 17 सितम्बर 2024
पॉलीकार्बोनेट (गुणवत्ता नियंत्रण) संशोधन आदेश, 2025
एस.ओ. 1128(ई), दिनांक 11 मार्च 2025
पॉलीकार्बोनेट (गुणवत्ता नियंत्रण) संशोधन आदेश, 2025
एस.ओ. 4176(ई), दिनांक 16 सितम्बर 2025
पॉलीकार्बोनेट (गुणवत्ता नियंत्रण) आदेश, 2021 को निरस्त किया गया
एस.ओ. 5142(ई), दिनांक 12 नवम्बर 2025"
,IS 17397 (भाग 1) : 2020 / ISO 16365-1 : 2014,पॉलीयूरीथेन,"पॉलीयूरीथेन (गुणवत्ता नियंत्रण) आदेश, 2021
(एस.ओ. 3931(ई), दिनांक 13.09.2021)
पॉलीयूरीथेन (गुणवत्ता नियंत्रण) संशोधन आदेश, 2022
(विभिन्न पेट्रोकेमिकल्स हेतु संशोधन आदेश, दिनांक 07/01/2022)
पॉलीयूरीथेन (गुणवत्ता नियंत्रण) आदेश, 2022
(विभिन्न पेट्रोकेमिकल्स हेतु संशोधन आदेश, दिनांक 23/03/2022)
पॉलीयूरीथेन (गुणवत्ता नियंत्रण) तृतीय संशोधन आदेश, 2022
(विभिन्न पेट्रोकेमिकल्स हेतु संशोधन आदेश, दिनांक 02 सितम्बर 2022)
पॉलीयूरीथेन (गुणवत्ता नियंत्रण) संशोधन आदेश, 2023
(एस.ओ. 1238(ई), दिनांक 15/03/2023)
पॉलीयूरीथेन (गुणवत्ता नियंत्रण) संशोधन आदेश, 2024
एस.ओ. 1112(ई), दिनांक 06 मार्च 2024
पॉलीयूरीथेन (गुणवत्ता नियंत्रण) द्वितीय संशोधन आदेश, 2024
एस.ओ. 4172(ई), दिनांक 23 सितम्बर 2024
पॉलीयूरीथेन (गुणवत्ता नियंत्रण) संशोधन आदेश, 2025
एस.ओ. 1253(ई), दिनांक 19 मार्च 2025
पॉलीयूरीथेन (गुणवत्ता नियंत्रण) आदेश, 2021 को निरस्त किया गया
एस.ओ. 5141(ई), दिनांक 12 नवम्बर 2025"
,IS 17442:2020,विनाइल क्लोराइड मोनोमर,"विनाइल क्लोराइड मोनोमर (गुणवत्ता नियंत्रण) आदेश, 2020
(एस.ओ. 3932(ई), दिनांक 13.09.2021)
विनाइल क्लोराइड मोनोमर (गुणवत्ता नियंत्रण) आदेश, 2021
(संशोधन आदेश, दिनांक 25/02/2022)
विनाइल क्लोराइड मोनोमर (गुणवत्ता नियंत्रण) आदेश, 2022
(विभिन्न रसायनों हेतु संशोधन आदेश, दिनांक 10/03/2022)
विनाइल क्लोराइड मोनोमर (गुणवत्ता नियंत्रण) तृतीय संशोधन आदेश, 2022
(विभिन्न पेट्रोकेमिकल्स हेतु संशोधन आदेश, दिनांक 02 सितम्बर 2022)
विनाइल क्लोराइड मोनोमर (गुणवत्ता नियंत्रण) संशोधन आदेश, 2023
(एस.ओ. 1123(ई), दिनांक 09/03/2023)
विनाइल क्लोराइड मोनोमर (गुणवत्ता नियंत्रण) संशोधन आदेश, 2024
एस.ओ. 1110(ई), दिनांक 06 मार्च 2024
विनाइल क्लोराइड मोनोमर (गुणवत्ता नियंत्रण) द्वितीय संशोधन आदेश, 2024
एस.ओ. 3937(ई), दिनांक 13 सितम्बर 2024
विनाइल क्लोराइड मोनोमर (गुणवत्ता नियंत्रण) संशोधन आदेश, 2025
एस.ओ. 1127(ई), दिनांक 11 मार्च 2025
विनाइल क्लोराइड मोनोमर (गुणवत्ता नियंत्रण) संशोधन आदेश, 2025
एस.ओ. 4175(ई), दिनांक 16 सितम्बर 2025
विनाइल क्लोराइड मोनोमर (गुणवत्ता नियंत्रण) आदेश, 2020 को निरस्त किया गया
एस.ओ. 5532(ई), दिनांक 01 दिसम्बर 2025"
246.,IS 17450 : 2020,"1,3 फिनाइलीनडायमीन","40. 1,3 फिनाइलीनडायमीन (गुणवत्ता नियंत्रण) आदेश, 2022
(एस.ओ. 1960(ई), दिनांक 27/04/2022)"
,IS 10931 : 1984,लॉरिक अम्ल,"लॉरिक अम्ल (गुणवत्ता नियंत्रण) आदेश, 2022
(एस.ओ. 1961(ई), दिनांक 27/04/2022)
लॉरिक अम्ल (गुणवत्ता नियंत्रण) संशोधन आदेश, 2022
(विभिन्न रसायनों हेतु संशोधन आदेश, दिनांक 21 अक्टूबर 2022)
लॉरिक अम्ल (गुणवत्ता नियंत्रण) संशोधन आदेश, 2023
(एस.ओ. 1864(ई), दिनांक 24/04/2023)
लॉरिक अम्ल (गुणवत्ता नियंत्रण) संशोधन आदेश, 2023
(एस.ओ. 4608(ई), दिनांक 19 अक्टूबर 2023)
लॉरिक अम्ल (गुणवत्ता नियंत्रण) संशोधन आदेश, 2024
एस.ओ. 1136(ई), दिनांक 07 मार्च 2024
लॉरिक अम्ल (गुणवत्ता नियंत्रण) द्वितीय संशोधन आदेश, 2024
एस.ओ. 4611(ई), दिनांक 22 अक्टूबर 2024
लॉरिक अम्ल (गुणवत्ता नियंत्रण) संशोधन आदेश, 2025
एस.ओ. 1870(ई), दिनांक 25 अप्रैल 2025
लॉरिक अम्ल (गुणवत्ता नियंत्रण) आदेश, 2022 को निरस्त किया गया
एस.ओ. 4780(ई), दिनांक 22 अक्टूबर 2025"
,IS 12029 : 1986,अम्ल तेल,"अम्ल तेल (गुणवत्ता नियंत्रण) आदेश, 2022
(एस.ओ. 1961(ई), दिनांक 27/04/2022)
अम्ल तेल (गुणवत्ता नियंत्रण) संशोधन आदेश, 2022
(विभिन्न रसायनों हेतु संशोधन आदेश, दिनांक 21 अक्टूबर 2022)
अम्ल तेल (गुणवत्ता नियंत्रण) संशोधन आदेश, 2023
(एस.ओ. 1865(ई), दिनांक 24/04/2023)
अम्ल तेल (गुणवत्ता नियंत्रण) संशोधन आदेश, 2023
(एस.ओ. 4609(ई), दिनांक 19 अक्टूबर 2023)
अम्ल तेल (गुणवत्ता नियंत्रण) संशोधन आदेश, 2024
एस.ओ. 1137(ई), दिनांक 07 मार्च 2024
अम्ल तेल (गुणवत्ता नियंत्रण) द्वितीय संशोधन आदेश, 2024
एस.ओ. 4612(ई), दिनांक 22 अक्टूबर 2024
अम्ल तेल (गुणवत्ता नियंत्रण) संशोधन आदेश, 2025
एस.ओ. 1871(ई), दिनांक 25 अप्रैल 2025
अम्ल तेल (गुणवत्ता नियंत्रण) आदेश, 2022 को निरस्त किया गया
एस.ओ. 4781(ई), दिनांक 22 अक्टूबर 2025"
,IS 12067 : 1987,पाम फैटी अम्ल,"पाम फैटी अम्ल (गुणवत्ता नियंत्रण) आदेश, 2022
(एस.ओ. 1961(ई), दिनांक 27/04/2022)
पाम फैटी अम्ल (गुणवत्ता नियंत्रण) संशोधन आदेश, 2022
(विभिन्न रसायनों हेतु संशोधन आदेश, दिनांक 21 अक्टूबर 2022)
पाम फैटी अम्ल (गुणवत्ता नियंत्रण) संशोधन आदेश, 2023
(एस.ओ. 1866(ई), दिनांक 24/04/2023)
पाम फैटी अम्ल (गुणवत्ता नियंत्रण) संशोधन आदेश, 2023
(एस.ओ. 4610(ई), दिनांक 19 अक्टूबर 2023)
पाम फैटी अम्ल (गुणवत्ता नियंत्रण) संशोधन आदेश, 2024
एस.ओ. 1138(ई), दिनांक 07 मार्च 2024
पाम फैटी अम्ल (गुणवत्ता नियंत्रण) द्वितीय संशोधन आदेश, 2024
एस.ओ. 4613(ई), दिनांक 22 अक्टूबर 2024
पाम फैटी अम्ल (गुणवत्ता नियंत्रण) संशोधन आदेश, 2025
एस.ओ. 1872(ई), दिनांक 25 अप्रैल 2025
पाम फैटी अम्ल (गुणवत्ता नियंत्रण) आदेश, 2022 को निरस्त किया गया
एस.ओ. 4782(ई), दिनांक 22 अक्टूबर 2025"
,IS 12068 :1987,राइस ब्रान फैटी एसिड,"राइस ब्रान फैटी एसिड (गुणवत्ता नियंत्रण) आदेश, 2022
(एस.ओ. 1961(ई), दिनांक 27/04/2022)
राइस ब्रान फैटी एसिड (गुणवत्ता नियंत्रण) संशोधन आदेश, 2022
(विभिन्न रसायनों हेतु संशोधन आदेश, दिनांक 21 अक्टूबर 2022)
राइस ब्रान फैटी एसिड (गुणवत्ता नियंत्रण) संशोधन आदेश, 2023
(एस.ओ. 1867(ई), दिनांक 24/04/2023)
राइस ब्रान फैटी एसिड (गुणवत्ता नियंत्रण) संशोधन आदेश, 2023
(एस.ओ. 4611(ई), 19 अक्टूबर 2023)
राइस ब्रान फैटी एसिड (गुणवत्ता नियंत्रण) संशोधन आदेश, 2024
एस.ओ. 1139(ई), दिनांक 07 मार्च 2024
राइस ब्रान फैटी एसिड (गुणवत्ता नियंत्रण) द्वितीय संशोधन आदेश, 2024
एस.ओ. 4614(ई), दिनांक 22 अक्टूबर 2024
राइस ब्रान फैटी एसिड (गुणवत्ता नियंत्रण) संशोधन आदेश, 2025
एस.ओ. 1873(ई), दिनांक 25 अप्रैल 2025
राइस ब्रान फैटी एसिड (गुणवत्ता नियंत्रण) आदेश, 2022 को निरस्त किया गया
एस.ओ. 4783(ई), दिनांक 22 अक्टूबर 2025"
,IS 12069 : 1987,नारियल फैटी एसिड,"नारियल फैटी एसिड (गुणवत्ता नियंत्रण) आदेश, 2022
(एस.ओ. 1961(ई), दिनांक 27/04/2022)
नारियल फैटी एसिड (गुणवत्ता नियंत्रण) संशोधन आदेश, 2022
(विभिन्न रसायनों हेतु संशोधन आदेश, दिनांक 21 अक्टूबर 2022)
नारियल फैटी एसिड (गुणवत्ता नियंत्रण) संशोधन आदेश, 2023
(एस.ओ. 1868(ई), दिनांक 24/04/2023)
नारियल फैटी एसिड (गुणवत्ता नियंत्रण) संशोधन आदेश, 2023
(एस.ओ. 4612(ई), 19 अक्टूबर 2023)
नारियल फैटी एसिड (गुणवत्ता नियंत्रण) संशोधन आदेश, 2024
एस.ओ. 1140(ई), दिनांक 07 मार्च 2024
नारियल फैटी एसिड (गुणवत्ता नियंत्रण) द्वितीय संशोधन आदेश, 2024
एस.ओ. 4615(ई), दिनांक 22 अक्टूबर 2024
नारियल फैटी एसिड (गुणवत्ता नियंत्रण) संशोधन आदेश, 2025
एस.ओ. 1874(ई), दिनांक 25 अप्रैल 2025
नारियल फैटी एसिड (गुणवत्ता नियंत्रण) आदेश, 2022 को निरस्त किया गया
एस.ओ. 4784(ई), दिनांक 22 अक्टूबर 2025"
247.,IS 12124 : 1987,रबरसीड फैटी एसिड,"41. रबरसीड फैटी एसिड (गुणवत्ता नियंत्रण) आदेश, 2022
(एस.ओ. 1961(ई), दिनांक 27/04/2022)"
रसोई उपकरण,
248.,IS 302 (भाग 2 / अनुभाग 14),हाथ से चलने वाला ब्लेंडर,"42. भारतीय मानक ब्यूरो रसोई उपकरण (गुणवत्ता नियंत्रण) आदेश, 2018
एस.ओ. 5243(ई), दिनांक 10 अक्टूबर 2018"
249.,IS 4250,घरेलू विद्युत फूड मिक्सर (लिक्विडाइज़र एवं ग्राइंडर) तथा सेंट्रीफ्यूगल जूसर
एलपीजी के साथ उपयोग हेतु घरेलू जल हीटर,
250.,IS 15558,द्रवीकृत पेट्रोलियम गैस के साथ उपयोग हेतु तात्कालिक घरेलू जल हीटर,"43. भारतीय मानक ब्यूरो द्वारा द्रवीकृत पेट्रोलियम गैस के साथ उपयोग हेतु घरेलू जल हीटर (गुणवत्ता नियंत्रण) आदेश, 2018
एस.ओ. 5244(ई), दिनांक 10 अक्टूबर 2018"
"एयर कंडीशनर एवं उससे संबंधित भाग, हर्मेटिक कंप्रेसर तथा तापमान संवेदन नियंत्रण"
251.,IS 1391 (भाग-1): 2017,रूम एयर कंडीशनर — विनिर्देशन भाग 1: यूनिटरी एयर कंडीशनर,"44. एयर कंडीशनर एवं उससे संबंधित भाग, हर्मेटिक कंप्रेसर तथा तापमान संवेदन नियंत्रण (गुणवत्ता नियंत्रण) आदेश, 2019
एस.ओ. 4354(ई), दिनांक 05 दिसंबर 2019
एयर कंडीशनर एवं उससे संबंधित भाग, हर्मेटिक कंप्रेसर तथा तापमान संवेदन नियंत्रण (गुणवत्ता नियंत्रण) संशोधन आदेश, 2020
(एस.ओ. 1518(ई), दिनांक 18 मई 2020)
एयर कंडीशनर एवं उससे संबंधित भाग, हर्मेटिक कंप्रेसर तथा तापमान संवेदन नियंत्रण (गुणवत्ता नियंत्रण) द्वितीय संशोधन आदेश, 2020
एयर कंडीशनर एवं उससे संबंधित भाग, हर्मेटिक कंप्रेसर तथा तापमान संवेदन नियंत्रण (गुणवत्ता नियंत्रण) संशोधन आदेश, 2021 एस.ओ. 5095(ई), दिनांक 08 दिसंबर 2021
एयर कंडीशनर एवं उससे संबंधित भाग, हर्मेटिक कंप्रेसर तथा तापमान संवेदन नियंत्रण (गुणवत्ता नियंत्रण) संशोधन आदेश, 2022 (एस.ओ. 5972(ई), दिनांक 21/12/2022)
एयर कंडीशनर एवं उससे संबंधित भाग, हर्मेटिक कंप्रेसर तथा तापमान संवेदन नियंत्रण (गुणवत्ता नियंत्रण) संशोधन आदेश, 2023 (एस.ओ. 32(ई), दिनांक 29 दिसंबर 2023)
एयर कंडीशनर एवं उससे संबंधित भाग, हर्मेटिक कंप्रेसर तथा तापमान संवेदन नियंत्रण (गुणवत्ता नियंत्रण) संशोधन आदेश, 2025 एस.ओ. 695(ई), दिनांक 11 फरवरी 2025
एयर कंडीशनर एवं उससे संबंधित भाग, हर्मेटिक कंप्रेसर तथा तापमान संवेदन नियंत्रण (गुणवत्ता नियंत्रण) संशोधन आदेश, 2025"
252.,IS 1391 (भाग-2): 2018,रूम एयर कंडीशनर — विनिर्देशन भाग 2: स्प्लिट एयर कंडीशनर
253.,IS 8148:2018,डक्टेड एवं पैकेज एयर कंडीशनर
254.,IS 11329:2018,रूम एयर कंडीशनर हेतु फिन्ड प्रकार का हीट एक्सचेंजर
255.,IS 10617:2018,"हर्मेटिक कंप्रेसर
हर्मेटिक कंप्रेसर — विनिर्देशन"
प्लग एवं सॉकेट-आउटलेट तथा सक्रिय ऊर्जा हेतु प्रत्यावर्ती धारा प्रत्यक्ष-संयोजित स्थिर प्रीपेमेंट मीटर
256.,IS 1293 : 2005,रेटेड वोल्टेज 250 वोल्ट तक तथा रेटेड धारा 16 एम्पीयर तक के प्लग एवं सॉकेट-आउटलेट,"प्लग एवं सॉकेट-आउटलेट तथा सक्रिय ऊर्जा हेतु प्रत्यावर्ती धारा प्रत्यक्ष-संयोजित स्थिर प्रीपेमेंट मीटर (गुणवत्ता नियंत्रण) आदेश, 2019
एस.ओ. 4353(ई), दिनांक 04 दिसंबर 2019
प्लग एवं सॉकेट-आउटलेट तथा सक्रिय ऊर्जा हेतु प्रत्यावर्ती धारा प्रत्यक्ष-संयोजित स्थिर प्रीपेमेंट मीटर (गुणवत्ता नियंत्रण) संशोधन आदेश, 2020
(एस.ओ. 1517(ई), दिनांक 18 मई 2020)
45. प्लग एवं सॉकेट-आउटलेट तथा ए.सी. प्रत्यक्ष-संयोजित स्थिर प्रीपेमेंट मीटर (सक्रिय ऊर्जा) (गुणवत्ता नियंत्रण) आदेश, 2021 द्वारा प्रतिस्थापित"
257.,IS 15884:2010,सक्रिय ऊर्जा के लिए प्रत्यावर्ती धारा प्रत्यक्ष रूप से जुड़े स्थैतिक प्रीपेमेंट मीटर (क्लास 1 और 2)
तरलीकृत पेट्रोलियम गैस के उपयोग हेतु घरेलू गैस चूल्हे
258.,IS 4246: 2002,तरलीकृत पेट्रोलियम गैस के उपयोग हेतु घरेलू गैस चूल्हे,"46. तरलीकृत पेट्रोलियम गैस के उपयोग हेतु घरेलू गैस चूल्हे (गुणवत्ता नियंत्रण) आदेश, 2019
अधिसूचना सं. S.O. 4345(E) दिनांक 03 दिसंबर, 2019"
पारदर्शी फ्लोट ग्लास
259.,IS 14900: 2018,पारदर्शी फ्लोट ग्लास,"पारदर्शी फ्लोट ग्लास (गुणवत्ता नियंत्रण) आदेश, 2019
(अधिसूचना सं. S.O. 03 (E) दिनांक 31/12/2019)
पारदर्शी फ्लोट ग्लास (गुणवत्ता नियंत्रण) (संशोधन) आदेश, 2020
(अधिसूचना सं. S.O. 2016(E) दिनांक 23/06/2020)
47. पारदर्शी फ्लोट ग्लास (गुणवत्ता नियंत्रण) आदेश, 2021 द्वारा प्रतिस्थापित
(अधिसूचना सं. S.O. 1928 (E) दिनांक 17.05.2021)"
घरेलू प्रेशर कुकर
260.,IS 2347:2017,घरेलू प्रेशर कुकर,"48. घरेलू प्रेशर कुकर (गुणवत्ता नियंत्रण) आदेश, 2020
(अधिसूचना सं. S.O. 294 (E) दिनांक 21/01/2020)
घरेलू प्रेशर कुकर (गुणवत्ता नियंत्रण) (संशोधन) आदेश, 2020
(अधिसूचना सं. S.O. 2019(E) दिनांक 23/06/2020)"
केबल्स
261.,IS 1554 (भाग 1) : 1988,1100 वोल्ट तक एवं सहित कार्यरत वोल्टेज हेतु पीवीसी इंसुलेटेड (हेवी ड्यूटी) विद्युत केबलों का विनिर्देशन – भाग 1,"49. केबल्स (गुणवत्ता नियंत्रण) आदेश, 2020
(अधिसूचना सं. S.O. 294 (E) दिनांक 21/01/2020)"
262.,IS 1554 (भाग 2) : 1988,"पीवीसी इंसुलेटेड (हेवी ड्यूटी) विद्युत केबलों का विनिर्देशन – भाग 2, 3.3 केवी से 11 केवी तक एवं सहित कार्य वोल्टेज हेतु"
263.,IS 7098 (भाग 1) : 1988,"क्रॉस-लिंक्ड पॉलीइथिलीन इंसुलेटेड पीवीसी शीथ्ड केबलों का विनिर्देशन – भाग 1, 1100 वोल्ट तक एवं सहित कार्य वोल्टेज हेतु"
264.,IS 7098 (भाग 2) : 2011,"क्रॉस-लिंक्ड पॉलीइथिलीन इंसुलेटेड थर्मोप्लास्टिक शीथ्ड केबल – विनिर्देशन भाग 2, 3.3 केवी से 33 केवी तक एवं सहित कार्य वोल्टेज हेतु"
265.,IS 7098 (भाग 3) : 1993,"क्रॉस-लिंक्ड पॉलीइथिलीन इंसुलेटेड थर्मोप्लास्टिक शीथ्ड केबल – भाग 3, 66 केवी से 220 केवी तक एवं सहित कार्य वोल्टेज हेतु"
266.,IS 14255 : 1995,एरियल बंच्ड केबल – 1100 वोल्ट तक एवं सहित कार्य वोल्टेज हेतु – विनिर्देशन
267.,IS 9968 (भाग 2) : 2002,"इलास्टोमर इंसुलेटेड केबलों का विनिर्देशन – भाग 2, 3.3 केवी से 33 केवी तक एवं सहित कार्य वोल्टेज हेतु"
268.,IS 8784 : 1987,थर्मोकपल प्रतिपूरक केबलों का विनिर्देशन
269.,IS 9857 : 1990,वेल्डिंग केबल – विनिर्देशन
270.,IS 14494 : 2019,खानों में उपयोग हेतु इलास्टोमर इंसुलेटेड लचीले केबल – विनिर्देशन
271.,IS 2593 : 1984,खनिकों की कैप-लैंप हेतु लचीले केबलों का विनिर्देशन
272.,IS 5950 : 1984,शॉट फायरिंग केबलों का विनिर्देशन (शाफ्ट्स के अतिरिक्त उपयोग हेतु)
273.,IS 17048 : 2018,हैलोजन मुक्त अग्नि प्रतिरोधी (HFFR) केबल – 1100 वोल्ट तक एवं सहित कार्य वोल्टेज हेतु – विनिर्देशन
तरलीकृत पेट्रोलियम गैस (एलपीजी) हेतु रबर होज़
274.,IS 9573 (भाग 1) : 2017,तरलीकृत पेट्रोलियम गैस (एलपीजी) हेतु रबर होज़ – विनिर्देशन भाग 1 (औद्योगिक उपयोग),"50. तरलीकृत पेट्रोलियम गैस (एलपीजी) हेतु रबर होज़ (गुणवत्ता नियंत्रण) आदेश, 2020
(अधिसूचना सं. S.O. 478(E) दिनांक 28 जनवरी 2020)"
275.,IS 9573 (भाग 2) : 2017,तरलीकृत पेट्रोलियम गैस (एलपीजी) हेतु रबर होज़ – विनिर्देशन भाग 2 (घरेलू एवं वाणिज्यिक उपयोग)
एल्युमिनियम फॉयल
276.,IS 15392,खाद्य पैकेजिंग हेतु एल्युमिनियम एवं एल्युमिनियम मिश्र धातु की नंगी फॉयल,"51. एल्युमिनियम फॉयल (गुणवत्ता नियंत्रण) आदेश, 2020
(अधिसूचना सं. S.O. 687(E) दिनांक 13/02/2020)"
गैर-विद्युत खिलौने
277.,IS 9873 (भाग 1) : 2018,खिलौनों की सुरक्षा – भाग 1: यांत्रिक एवं भौतिक गुणों से संबंधित सुरक्षा पहलू,"52. खिलौने (गुणवत्ता नियंत्रण) आदेश, 2020
(अधिसूचना सं. S.O. 853(E) दिनांक 25 फरवरी 2020)
खिलौने (गुणवत्ता नियंत्रण) संशोधन आदेश, 2020
खिलौने (गुणवत्ता नियंत्रण) संशोधन आदेश, 2020
खिलौने (गुणवत्ता नियंत्रण) द्वितीय संशोधन आदेश, 2020
खिलौने (गुणवत्ता नियंत्रण) द्वितीय संशोधन आदेश, 2020
खिलौने (गुणवत्ता नियंत्रण) संशोधन आदेश, 2024
अधिसूचना सं. S.O. 4277(E), दिनांक 01 अक्टूबर 2024"
,आईएस 9873 (भाग 2) : 2017,खिलौनों की सुरक्षा भाग 2 ज्वलनशीलता।
,आईएस 9873 (भाग 3) : 2017,खिलौनों के लिए सुरक्षा आवश्यकताएँ भाग 3 कुछ तत्वों का प्रवासन।
,आईएस 9873 (भाग 4) : 2017,"खिलौनों की सुरक्षा भाग 4 झूले, स्लाइड तथा समान गतिविधि वाले खिलौने, जो घरेलू उपयोग हेतु इनडोर एवं आउटडोर उपयोग के लिए हैं।"
,आईएस 9873 (भाग 7) : 2017,खिलौनों की सुरक्षा भाग 7 फिंगर पेंट्स के लिए आवश्यकताएँ एवं परीक्षण विधियाँ।
,आईएस 9873 (भाग 9) : 2017,खिलौनों की सुरक्षा भाग 9 खिलौनों एवं बच्चों के उत्पादों में कुछ फ्थेलेट एस्टर।
विद्युत खिलौने
278.,आईएस 15644 : 2006,विद्युत खिलौनों की सुरक्षा।,"खिलौने (गुणवत्ता नियंत्रण) आदेश, 2020
(एस.ओ. 853(ई), दिनांक 25 फरवरी 2020)
खिलौने (गुणवत्ता नियंत्रण) संशोधन आदेश, 2020
खिलौने (गुणवत्ता नियंत्रण) संशोधन आदेश, 2020

खिलौने (गुणवत्ता नियंत्रण) द्वितीय संशोधन आदेश, 2020
खिलौने (गुणवत्ता नियंत्रण) द्वितीय संशोधन आदेश, 2020

खिलौने (गुणवत्ता नियंत्रण) संशोधन आदेश, 2024
एस.ओ. 4277(ई), दिनांक 01 अक्टूबर 2024"
समतल पारदर्शी शीट ग्लास
279.,आईएस 2835 : 1987,समतल पारदर्शी शीट ग्लास।,"समतल पारदर्शी शीट ग्लास (गुणवत्ता नियंत्रण) आदेश, 2020
(एस.ओ. 738(ई), दिनांक 14 फरवरी 2020)
समतल पारदर्शी शीट ग्लास (गुणवत्ता नियंत्रण) (संशोधन) आदेश, 2020
(एस.ओ. 2017(ई), दिनांक 23/06/2020)
53. समतल पारदर्शी शीट ग्लास (गुणवत्ता नियंत्रण) आदेश, 2021 द्वारा प्रतिस्थापित
(एस.ओ. 4144(ई), दिनांक 7 अक्टूबर 2021)"
सुरक्षा काँच
280.,आईएस 2553 (भाग 1) : 2018,"सुरक्षा काँच – विनिर्देशन भाग 1 वास्तुकला, भवन एवं सामान्य उपयोग।","54. सुरक्षा काँच (गुणवत्ता नियंत्रण) आदेश, 2020
(एस.ओ. 1045(ई), दिनांक 12 मार्च 2020)
सुरक्षा काँच (गुणवत्ता नियंत्रण) संशोधन आदेश, 2020
(एस.ओ. 2018(ई), दिनांक 23/06/2020)
सुरक्षा काँच (गुणवत्ता नियंत्रण) द्वितीय संशोधन आदेश, 2020
(एस.ओ. सं. 3190(ई), दिनांक 18/09/2020)

सुरक्षा काँच (गुणवत्ता नियंत्रण) संशोधन आदेश, 2021

सुरक्षा काँच (गुणवत्ता नियंत्रण) संशोधन आदेश, 2022
(एस.ओ. सं. 620(ई), दिनांक 10/02/2022)

सुरक्षा काँच (गुणवत्ता नियंत्रण) संशोधन आदेश, 2023
(एस.ओ. 1431(ई), दिनांक 24 मार्च 2023)"
281.,आईएस 2553 (भाग 2) : 2019,सुरक्षा काँच – विनिर्देशन भाग 2 सड़क परिवहन हेतु।
बुने हुए बोरे,
282.,आईएस 14887 : 2014,वस्त्र – 50 किलोग्राम खाद्यान्न की पैकेजिंग हेतु उच्च घनत्व पॉलीइथिलीन (एचडीपीई) / पॉलीप्रोपाइलीन (पीपी) बुने हुए बोरे,"55. वस्त्र – उच्च घनत्व पॉलीइथिलीन एवं पॉलीप्रोपाइलीन बुने हुए बोरे (पैकेजिंग या भरने हेतु) (गुणवत्ता नियंत्रण) आदेश, 2020
    एस.ओ. 1403(ई), दिनांक 23 अप्रैल 2020"
283.,आईएस 16208 : 2015,"वस्त्र – 10 किलोग्राम, 15 किलोग्राम, 20 किलोग्राम, 25 किलोग्राम एवं 30 किलोग्राम खाद्यान्न की पैकेजिंग हेतु उच्च घनत्व पॉलीइथिलीन (एचडीपीई) / पॉलीप्रोपाइलीन (पीपी) बुने हुए बोरे"
284.,आईएस 14968 : 2015,वस्त्र – 50 किलोग्राम / 25 किलोग्राम चीनी की पैकेजिंग हेतु उच्च घनत्व पॉलीइथिलीन (एचडीपीई) / पॉलीप्रोपाइलीन (पीपी) बुने हुए बोरे
285.,आईएस 14252 : 2015,वस्त्र – रेत भरने हेतु उच्च घनत्व पॉलीइथिलीन (एचडीपीई) / पॉलीप्रोपाइलीन (पीपी) बुने हुए बोरे
बटरफ्लाई वाल्व
286.,आईएस 13095 : 1991,सामान्य प्रयोजन हेतु बटरफ्लाई वाल्व,"56. बटरफ्लाई वाल्व (गुणवत्ता नियंत्रण) आदेश, 2020।
(एस.ओ. 1920(ई), दिनांक 17 जून 2020)"
साइकिल के लिए परावर्तक
287.,आईएस/आईएसओ 6742-2 : 2015,रेट्रो-परावर्तक उपकरण,"साइकिल – रेट्रो-परावर्तक उपकरण (गुणवत्ता नियंत्रण) आदेश, 2020।
(एस.ओ. 2290(ई), दिनांक 07/07/2020)
57. साइकिल – रेट्रो-परावर्तक उपकरण (गुणवत्ता नियंत्रण) आदेश, 2021 द्वारा प्रतिस्थापित।
(एस.ओ. 2028(ई), दिनांक 25/05/2021)
साइकिल – रेट्रो-परावर्तक उपकरण (गुणवत्ता नियंत्रण) संशोधन आदेश, 2021।
(एस.ओ. 5400(ई), दिनांक 24 दिसंबर 2021)
साइकिल – रेट्रो-परावर्तक उपकरण (गुणवत्ता नियंत्रण) आदेश, 2023।
(एस.ओ. 882(ई), दिनांक 23 फरवरी 2023)
साइकिल रेट्रो-परावर्तक उपकरण (गुणवत्ता नियंत्रण) संशोधन आदेश, 2023 हेतु शुद्धिपत्र।
(एस.ओ. 1441(ई), दिनांक 27 मार्च 2023)
साइकिल – रेट्रो-परावर्तक उपकरण (गुणवत्ता नियंत्रण) संशोधन आदेश, 2024।
एस.ओ. 4569(ई), दिनांक 18 अक्टूबर 2024"
कागज
288.,आईएस 14490 : 2018,सादा कॉपियर कागज,"58. सादा कॉपियर कागज (गुणवत्ता नियंत्रण) आदेश, 2020।
(एस.ओ. 2149(ई), दिनांक 05/06/2020)"
पशु आहार
289.,आईएस 2052 : 2009,पशुओं के लिए मिश्रित आहार,"59. एफएसएसएआई निर्देश (फाइल सं. 1-95/Std/Misc/SP(LC&A)/FSSAI-2015-Pt-1c, दिनांक 27.01.2020)
शुद्धिपत्र, दिनांक 30.01.2020
27 जनवरी 2020 के निर्देश के अनुपालन हेतु समय-सीमा में विस्तार

01 जनवरी 2021 के निर्देश के अनुपालन हेतु समय-सीमा में विस्तार

खाद्य सुरक्षा एवं मानक अधिनियम, 2006 की धारा 16(5) के अंतर्गत जारी 27 जनवरी 2020 के निर्देश के अनुपालन हेतु समय-सीमा में विस्तार"
ऑटोमोबाइल व्हील रिम घटक,
290.,आईएस 16192 (भाग 1),"दो एवं तीन पहिया वाहनों के लिए ऑटोमोबाइल व्हील रिम – भाग 1
लाइट एलॉय व्हील रिम – परीक्षण विधियाँ एवं आवश्यकताएँ","ऑटोमोबाइल व्हील रिम घटक (गुणवत्ता नियंत्रण) आदेश, 2020
(एस.ओ. 3227(ई), दिनांक 21/09/2020)
60. ऑटोमोबाइल व्हील रिम घटक (गुणवत्ता नियंत्रण) संशोधन आदेश, 2021 द्वारा प्रतिस्थापित
ऑटोमोबाइल व्हील रिम घटक (गुणवत्ता नियंत्रण) द्वितीय संशोधन आदेश, 2021
(एस.ओ. 4493(ई), दिनांक 22 अक्टूबर 2021)
ऑटोमोबाइल व्हील रिम घटक (गुणवत्ता नियंत्रण) संशोधन आदेश, 2022
(संशोधन आदेश एस.ओ. 2634(ई), दिनांक 8 जून 2022)
ऑटोमोबाइल व्हील रिम घटक (गुणवत्ता नियंत्रण) संशोधन आदेश, 2023
(एस.ओ. 2657(ई), दिनांक 15 जून 2023)
ऑटोमोबाइल व्हील रिम घटक (गुणवत्ता नियंत्रण) संशोधन आदेश–II, 2023
(एस.ओ. 5379(ई), दिनांक 19 दिसंबर 2023)"
291.,आईएस 16192 (भाग 2),"दो एवं तीन पहिया वाहनों के लिए ऑटोमोबाइल व्हील रिम – भाग 2
शीट मेटल व्हील रिम – परीक्षण विधियाँ एवं आवश्यकताएँ"
292.,आईएस 16192 (भाग 3),"दो एवं तीन पहिया वाहनों के लिए ऑटोमोबाइल व्हील रिम – भाग 3
स्पोक व्हील रिम – परीक्षण विधियाँ एवं आवश्यकताएँ"
293.,आईएस 9436,यात्री कारों के पहियों हेतु प्रदर्शन आवश्यकताएँ एवं परीक्षण विधियाँ
294.,आईएस 9438,ट्रक एवं बसों के पहियों अथवा रिम हेतु प्रदर्शन आवश्यकताएँ एवं परीक्षण विधियाँ
पादत्राण (फुटवियर),
295.,आईएस 5557 : 2004,औद्योगिक एवं सुरक्षात्मक रबर घुटना एवं टखना बूट,"संपूर्ण रबर एवं संपूर्ण पॉलिमेरिक सामग्री से बने पादत्राण तथा उनके घटक (गुणवत्ता नियंत्रण) आदेश, 2020
(एस.ओ. 3858(ई), दिनांक 27/10/2020)
संपूर्ण रबर एवं संपूर्ण पॉलिमेरिक सामग्री से बने पादत्राण तथा उनके घटक (गुणवत्ता नियंत्रण) संशोधन आदेश, 2020
(एस.ओ. 4378(ई), दिनांक 04/12/2020)
संपूर्ण रबर एवं संपूर्ण पॉलिमेरिक सामग्री से बने पादत्राण तथा उनके घटक (गुणवत्ता नियंत्रण) संशोधन आदेश, 2021
संपूर्ण रबर एवं संपूर्ण पॉलिमेरिक सामग्री से बने पादत्राण तथा उनके घटक (गुणवत्ता नियंत्रण) आदेश, 2020 को निरस्त करने संबंधी आदेश
(एस.ओ. 2597(ई), दिनांक 3 जून 2022)
61. संपूर्ण रबर एवं संपूर्ण पॉलिमेरिक सामग्री से बने पादत्राण तथा उनके घटक (गुणवत्ता नियंत्रण) आदेश, 2022
(एस.ओ. 2600(ई), दिनांक 3 जून 2022)
संपूर्ण रबर एवं संपूर्ण पॉलिमेरिक सामग्री से बने पादत्राण तथा उनके घटक (गुणवत्ता नियंत्रण) संशोधन आदेश, 2022
एस.ओ. 3880(ई), दिनांक 11 अगस्त 2022
संपूर्ण रबर एवं संपूर्ण पॉलिमेरिक सामग्री से बने पादत्राण तथा उनके घटक (गुणवत्ता नियंत्रण) संशोधन आदेश, 2023
एस.ओ. 3893(ई), दिनांक 1 सितंबर 2023
संपूर्ण रबर एवं संपूर्ण पॉलिमेरिक सामग्री से बने पादत्राण तथा उनके घटक (गुणवत्ता नियंत्रण) आदेश, 2024
एस.ओ. 1422(ई), दिनांक 15 मार्च 2024
संपूर्ण रबर एवं संपूर्ण पॉलिमेरिक सामग्री से बने पादत्राण तथा उनके घटक (गुणवत्ता नियंत्रण) संशोधन आदेश, 2024
एस.ओ. 3701(ई), दिनांक 30 अगस्त 2024"
296.,IS 5557 (भाग 2): 2018,सभी रबर से बने गम बूट एवं टखने तक के बूट
297.,IS 5676: 1995,ढाले हुए ठोस रबर के तले एवं एड़ियाँ
298.,IS 6664: 1992,तलवों एवं एड़ियों के लिए रबर माइक्रोसेल्युलर शीट
299.,IS 6719: 1972,ठोस पीवीसी (PVC) के तले एवं एड़ियाँ
300.,IS 6721: 1972,पीवीसी (PVC) सैंडल
301.,IS 10702: 1992,रबर हवाई चप्पल
,,
302.,IS 12254: 1993,पॉलीविनाइल क्लोराइड (PVC) औद्योगिक बूट
303.,IS 13893: 1994,पॉलीयूरीथेन का अर्द्ध-कठोर तला
304.,IS 13995: 1995,बिना लाइनिंग के ढाले हुए रबर बूट
305.,IS 16645: 2018,ढाले हुए प्लास्टिक फुटवियर – सामान्य औद्योगिक उपयोग हेतु लाइनिंग युक्त या बिना लाइनिंग वाले पॉलीयूरीथेन बूट
306.,IS 16994: 2018,नगरपालिका सफाई कार्य हेतु पुरुषों एवं महिलाओं के लिए फुटवियर
307.,IS 1989 (भाग 1): 1986,खनिकों के लिए चमड़े के सुरक्षा बूट एवं जूते,"चमड़ा एवं अन्य सामग्री से बने फुटवियर (गुणवत्ता नियंत्रण) आदेश, 2020
(एस.ओ. सं. 3860(ई), दिनांक 27/10/2020)
चमड़ा एवं अन्य सामग्री से बने फुटवियर (गुणवत्ता नियंत्रण) संशोधन आदेश, 2020
(एस.ओ. 4379(ई), दिनांक 04/12/2020)
चमड़ा एवं अन्य सामग्री से बने फुटवियर (गुणवत्ता नियंत्रण) संशोधन आदेश, 2021
चमड़ा एवं अन्य सामग्री से बने फुटवियर (गुणवत्ता नियंत्रण) आदेश, 2020 को निरस्त करने का आदेश
(एस.ओ. 2598(ई), दिनांक 3 जून 2022)
62. चमड़ा एवं अन्य सामग्री से बने फुटवियर (गुणवत्ता नियंत्रण) आदेश, 2022
(एस.ओ. 2599(ई), दिनांक 3 जून 2022)
चमड़ा एवं अन्य सामग्री से बने फुटवियर (गुणवत्ता नियंत्रण) संशोधन आदेश, 2022
(एस.ओ. 3775(ई), दिनांक 11 अगस्त 2022)
चमड़ा एवं अन्य सामग्री से बने फुटवियर (गुणवत्ता नियंत्रण) आदेश, 2024
(एस.ओ. 1421(ई), दिनांक 15 मार्च 2024)
चमड़ा एवं अन्य सामग्री से बने फुटवियर (गुणवत्ता नियंत्रण) संशोधन आदेश, 2024
(एस.ओ. 3700(ई), दिनांक 30 अगस्त 2024)"
308.,IS 1989 (भाग 2): 1986,भारी धातु उद्योगों के लिए चमड़े के सुरक्षा बूट एवं जूते
309.,IS 3735: 1996,रबर तले वाले कैनवास जूते
310.,IS 3736: 1995,रबर तले वाले कैनवास बूट
311.,IS 3976: 2018,खनिकों के लिए सुरक्षा रबर कैनवास बूट
312.,IS 11226: 1993,प्रत्यक्ष रूप से ढाले गए रबर तले वाले चमड़े के सुरक्षा फुटवियर
313.,IS 14544: 1998,प्रत्यक्ष रूप से ढाले गए पीवीसी (PVC) तले वाले चमड़े के सुरक्षा फुटवियर
314.,IS 15844 (भाग 1): 2023,सामान्य उपयोग हेतु खेल फुटवियर
315.,IS 15844 (भाग 2): 2023,प्रदर्शन आधारित खेल फुटवियर
316.,IS 15844 (भाग 3): 2024,पेशेवर खेल फुटवियर
317.,IS 17012: 2018,पीयू–रबर सोल वाले हाई एंकल टैक्टिकल बूट्स
318.,IS 17037: 2018,एंटी-रायट जूते
319.,IS 17043 (भाग-1): 2024,सेवाओं के लिए जूते
320.,IS 17043 (भाग-2): 2024,सामान्य प्रयोजन के लिए जूते
321.,IS 15298 (भाग 2): 2016,व्यक्तिगत सुरक्षा उपकरण – भाग 2: सुरक्षा फुटवियर,"63. व्यक्तिगत सुरक्षा उपकरण – फुटवियर (गुणवत्ता नियंत्रण) आदेश, 2020
(एस.ओ. संख्या 3857(ई), दिनांक 27/10/2020)
व्यक्तिगत सुरक्षा उपकरण – फुटवियर (गुणवत्ता नियंत्रण) संशोधन आदेश, 2020
(एस.ओ. 4377(ई), दिनांक 04/12/2020)
व्यक्तिगत सुरक्षा उपकरण – फुटवियर
(गुणवत्ता नियंत्रण) संशोधन आदेश, 2021"
322.,IS 15298 (भाग 3): 2019,व्यक्तिगत सुरक्षा उपकरण – भाग 3: सुरक्षात्मक फुटवियर
323.,IS 15298 (भाग 4): 2017,व्यक्तिगत सुरक्षा उपकरण – भाग 4: व्यावसायिक फुटवियर
प्रेस टूल – पंच
324.,IS 4296 (भाग 1): 2016,प्रेसिंग के लिए उपकरण – भाग 1: 60 डिग्री शंक्वाकार हेड और सीधा शैंक वाले गोल पंच,"64. प्रेस टूल – पंच (गुणवत्ता नियंत्रण) आदेश, 2020
(एस.ओ. संख्या 3994(ई), दिनांक 04/11/2020)"
325.,IS 4296 (भाग 2): 2016,प्रेसिंग के लिए उपकरण – भाग 2: बेलनाकार हेड तथा सीधे या घटे हुए शैंक वाले पंच
326.,IS 4296 (भाग 3): 2016,प्रेसिंग के लिए उपकरण – भाग 3: 60 डिग्री शंक्वाकार हेड और घटे हुए शैंक वाले गोल पंच
दो पहिया मोटर वाहनों के चालकों के लिए हेलमेट
327.,IS 4151: 2015,दो पहिया मोटर वाहनों के चालकों के लिए हेलमेट,"65. दो पहिया मोटर वाहनों के चालकों के लिए हेलमेट (गुणवत्ता नियंत्रण) आदेश, 2020
(एस.ओ. संख्या 4252(ई), दिनांक 26/11/2020)"
रेफ्रिजरेटिंग उपकरण
328.,IS 17550 (भाग 1): 2021,"घरेलू रेफ्रिजरेटिंग उपकरण – विशेषताएँ एवं परीक्षण विधियाँ, भाग 1: सामान्य आवश्यकताएँ","रेफ्रिजरेटिंग उपकरण (गुणवत्ता नियंत्रण) आदेश, 2020
(एस.ओ. संख्या 4489(ई), दिनांक 10/12/2020)
66. रेफ्रिजरेटिंग उपकरण (गुणवत्ता नियंत्रण) संशोधन आदेश, 2021
(एस.ओ. 5339(ई), दिनांक 22 दिसंबर 2021)
रेफ्रिजरेटिंग उपकरण (गुणवत्ता नियंत्रण) संशोधन आदेश, 2022
एस.ओ. 5850(ई), दिनांक 14 दिसंबर 2022
रेफ्रिजरेटिंग उपकरण (गुणवत्ता नियंत्रण) संशोधन आदेश, 2025
एस.ओ. 358(ई), दिनांक 21 जनवरी 2025"
329.,IS 7872: 2018,फ्रीज़र
केन्द्रापसारित ढलाई (स्पन) कास्ट आयरन पाइप
330.,IS 1536: 2001,"पानी, गैस एवं सीवेज के लिए केन्द्रापसारित ढलाई (स्पन) कास्ट आयरन प्रेशर पाइप","67. केन्द्रापसारित ढलाई (स्पन) कास्ट आयरन पाइप (गुणवत्ता नियंत्रण) आदेश, 2021
(एस.ओ. संख्या 116(ई), दिनांक 12/01/2021)"
331.,IS 3989: 2009,"केन्द्रापसारित ढलाई (स्पन) कास्ट आयरन स्पिगट एवं सॉकेट मृदा, अपशिष्ट, वेंटिलेटिंग तथा वर्षा जल पाइप, फिटिंग्स एवं सहायक उपकरण"
332.,IS 15905: 2011,"हबलेस केन्द्रापसारित ढलाई (स्पन) कास्ट आयरन पाइप, फिटिंग्स एवं सहायक उपकरण – स्पिगट श्रृंखला"
फ्लक्स कोर्ड (ट्यूबलर) इलेक्ट्रोड
333.,IS 15769:2008,कार्बन या कार्बन-मैंगनीज स्टील की गैस शील्डेड एवं सेल्फ-शील्डेड धातु वेल्डिंग के लिए फ्लक्स कोर्ड (ट्यूबलर) इलेक्ट्रोड,"68. फ्लक्स कोर्ड (ट्यूबलर) इलेक्ट्रोड (गुणवत्ता नियंत्रण) आदेश, 2021
(एस.ओ. संख्या 1203(ई), दिनांक 12/03/2021)"
सिलाई मशीन
334.,IS 15449 : भाग 1 : 2004,घरेलू ज़िग-ज़ैग सिलाई मशीन हेड,"69. सिलाई मशीन (गुणवत्ता नियंत्रण) आदेश, 2021
(एस.ओ. संख्या 1239(ई), दिनांक 15/03/2021)"
जल उपचार प्रणाली
335.,IS 16240 : 2023,पीने के प्रयोजन हेतु रिवर्स ऑस्मोसिस आधारित प्वाइंट ऑफ यूज़ जल उपचार प्रणाली,"70. पर्यावरण (संरक्षण) 115 संशोधन नियम, 2021
(जल शोधन प्रणाली अधिसूचना G.S.R. 724(ई), दिनांक 04/10/2021)
जल शोधन प्रणाली (उपयोग का विनियमन) नियम, 2023
G.S.R. 833(ई), दिनांक 10 नवम्बर 2023"
जूट बैग
336.,IS 1943:1995,ए-ट्विल जूट बैग,"71. जूट बैग (गुणवत्ता नियंत्रण) आदेश, 2022
(एस.ओ. 2601(ई), दिनांक 6 जून 2022)"
337.,IS 2566:1993,खाद्यान्न पैकिंग के लिए बी-ट्विल जूट बैग
338.,IS 12650:2018,50 किलोग्राम खाद्यान्न पैकिंग हेतु जूट बैग
339.,IS 15138:2010,50 किलोग्राम चीनी पैकिंग हेतु जूट बैग
340.,IS 16186:2014,50 किलोग्राम खाद्यान्न पैकिंग हेतु हल्के वजन के जूट सैकिंग बैग
341.,IS 16372:2015,30 किलोग्राम तक खाद्यान्न पैकिंग हेतु जूट बैग
विस्कोस स्टेपल फाइबर
,IS 17266:2019,विस्कोस स्टेपल फाइबर,"विस्कोस स्टेपल फाइबर (गुणवत्ता नियंत्रण) आदेश, 2022
(एस.ओ. 6143(ई), दिनांक 29/12/2022)
विस्कोस स्टेपल फाइबर (गुणवत्ता नियंत्रण) संशोधन आदेश, 2023
(एस.ओ. 443(ई), दिनांक 27/01/2023)
विस्कोस स्टेपल फाइबर (गुणवत्ता नियंत्रण) आदेश, 2022 का निरसन
एस.ओ. 5267(ई), दिनांक 18 नवम्बर 2025"
जियो टेक्सटाइल्स
342.,IS 15351 : 2015,जलरोधी लाइनिंग हेतु लेमिनेटेड हाई डेंसिटी पॉलीइथिलीन (HDPE) बुना हुआ जियोमेम्ब्रेन,"72. जियो टेक्सटाइल्स (गुणवत्ता नियंत्रण) आदेश, 2022
(एस.ओ. 1706(ई), दिनांक 10 अप्रैल 2023)
जियो टेक्सटाइल्स (गुणवत्ता नियंत्रण) संशोधन आदेश, 2022
(एस.ओ. 2331(ई), दिनांक 24 मई 2023)
वस्त्र मंत्रालय आदेश, 2023
संख्या 6/1/2021 - आर एंड डी (भाग), दिनांक 06 अक्टूबर 2023"
343.,IS 15909 : 2020,पॉली विनाइल क्लोराइड (PVC) जियोमेम्ब्रेन
344.,IS 16653 : 2017,नीडल पंच्ड नॉन-वोवन जियोबैग्स
345.,IS 16654: 2017,पॉलीप्रोपाइलीन मल्टीफिलामेंट बुने हुए जियोबैग्स
346.,IS 14715 (भाग 1): 2016,जूट जियोटेक्सटाइल्स
347.,IS 14715 (भाग 2): 2016,जूट जियोटेक्सटाइल्स
348.,IS 15869 : 2020,ओपन वीव कॉयर भूवस्त्र
349.,IS 16391 : 2015,पेवमेंट संरचनाओं में सब-ग्रेड पृथक्करण में प्रयुक्त जियोटेक्सटाइल्स
350.,IS 16393 : 2015,भूमिगत जल निकासी अनुप्रयोगों में प्रयुक्त जियोटेक्सटाइल्स
351.,IS 16362 : 2020,पेवमेंट संरचनाओं में सब-ग्रेड स्थिरीकरण में प्रयुक्त जियोटेक्सटाइल्स
352.,IS 16352 : 2020,लाइनिंग हेतु उच्च घनत्व पॉलीइथिलीन (HDPE) जियोमेम्ब्रेन
353.,IS 16090:2013,संरक्षण (या कुशनिंग) सामग्री के रूप में प्रयुक्त जियोटेक्सटाइल्स
354.,IS 16392:2015,हार्ड आर्मर प्रणालियों में स्थायी कटाव नियंत्रण हेतु जियोटेक्सटाइल्स
355.,IS 17371:2020,लचीले पेवमेंट के लिए जियोग्रिड्स
356.,IS 17372:2020,रिटेनिंग संरचनाओं में मृदा सुदृढ़ीकरण हेतु प्रयुक्त पॉलिमरिक स्ट्रिप या जियोस्ट्रिप
357.,IS 17373:2020,सुदृढ़ीकृत मृदा रिटेनिंग संरचनाओं में प्रयुक्त जियोग्रिड्स
358.,IS 17374:2020,अपशिष्ट जल एवं रासायनिक प्रतिरोधी लाइनिंग हेतु सुदृढ़ीकृत HDPE मेम्ब्रेन
359.,IS 17483 (भाग 1): 2020,जियोसेल्स
360.,IS 17483 (भाग 2): 2020,जियोसेल्स
361.,IS 17880 : 2022,जियोसिंथेटिक्स — तटीय एवं जलमार्ग संरक्षण हेतु सिंथेटिक पॉलिमर रोप गैबियन्स — विनिर्देश,"73. जियोटेक्सटाइल्स (गुणवत्ता नियंत्रण) आदेश, 2024
एस.ओ. 4332(ई), दिनांक 03 अक्टूबर 2024"
सुरक्षात्मक वस्त्र
362.,IS 15741 : 2007,पर्दे एवं ड्रेप्स,"74. सुरक्षात्मक वस्त्र (गुणवत्ता नियंत्रण) आदेश, 2022
(एस.ओ. 1707(ई), दिनांक 10 अप्रैल 2023)
सुरक्षात्मक वस्त्र (गुणवत्ता नियंत्रण) संशोधन आदेश, 2022
(एस.ओ. 2332(ई), दिनांक 24 मई 2023)
सुरक्षात्मक वस्त्र (गुणवत्ता नियंत्रण) संशोधन आदेश, 2024
एस.ओ. 3896(ई), दिनांक 12 सितम्बर 2024"
363.,IS 16890 : 2018,अग्निशमन कर्मियों हेतु सुरक्षात्मक परिधान
364.,IS 16874 : 2018,अग्निशमन कर्मियों हेतु सुरक्षात्मक दस्ताने
365.,IS 15748 : 2022,ऊष्मा के संपर्क में आने वाले औद्योगिक श्रमिकों हेतु सुरक्षात्मक परिधान
366.,IS 15742 : 2007,सीमित ज्वाला प्रसार सामग्री से बने वस्त्र एवं सामग्री संयोजन जो ऊष्मा एवं अग्नि से सुरक्षा प्रदान करते हैं
367.,IS 15809 : 2017,उच्च दृश्यता चेतावनी वस्त्र
368.,IS 16655 : 2017,वेल्डिंग एवं संबद्ध प्रक्रियाओं में उपयोग हेतु सुरक्षात्मक परिधान
369.,IS 16725 : 2018,टैक्टिकल 3-पॉइंट स्लिंग
370.,IS 16726 : 2018,डिसरप्टिव पैटर्न नायलॉन-66 से बने गोला-बारूद और ग्रेनेड के लिए पाउच
371.,IS 17051 : 2018,बुलेट प्रतिरोधी जैकेट
372.,IS 17286 : 2019,जलरोधक बहुउद्देशीय रेन पोंचो
गैर-घरेलू फर्नीचर के लिए उपयोग किए जाने वाले अपहोल्स्टर्ड कंपोज़िट
373.,IS 15768 : 2008,गैर-घरेलू फर्नीचर के लिए उपयोग किए जाने वाले अपहोल्स्टर्ड कंपोज़िट,"75. सुरक्षात्मक वस्त्र गुणवत्ता नियंत्रण (गैर-घरेलू फर्नीचर के लिए उपयोग किए जाने वाले अपहोल्स्टर्ड कंपोज़िट) आदेश, 2024
एस.ओ. 3916(ई), दिनांक 12 सितंबर 2024"
ज्वाला उत्पन्न करने वाले लाइटर
374.,IS/ISO 9994:2018,लाइटर – सुरक्षा विनिर्देश,"76. ज्वाला उत्पन्न करने वाले लाइटर (गुणवत्ता नियंत्रण) आदेश, 2023
एस.ओ. 2986(ई), दिनांक 5 जुलाई 2023
ज्वाला उत्पन्न करने वाले लाइटर (गुणवत्ता नियंत्रण) संशोधन आदेश, 2024
एस.ओ. 4230(ई), दिनांक 24 सितंबर 2024"
375.,IS/ISO 22702:2018,यूटिलिटी लाइटर – सुरक्षा विनिर्देश
पीने योग्य पानी की बोतलें
376.,IS 17803: 2022,"पीने योग्य पानी की बोतलें (तांबा, स्टेनलेस स्टील, एल्युमिनियम)","77. पीने योग्य पानी की बोतलें (गुणवत्ता नियंत्रण) आदेश, 2023
एस.ओ. 2988(ई), दिनांक 5 जुलाई 2023
पीने योग्य पानी की बोतलें (गुणवत्ता नियंत्रण) आदेश, 2024
एस.ओ. 1071(ई), दिनांक 05 मार्च 2024
पीने योग्य पानी की बोतलें (गुणवत्ता नियंत्रण) संशोधन आदेश, 2024
एस.ओ. 3702(ई), दिनांक 29 अगस्त 2024"
वेल्डिंग रॉड और इलेक्ट्रोड
377.,IS 814 : 2004,कार्बन एवं कार्बन मैंगनीज स्टील के मैनुअल मेटल आर्क वेल्डिंग के लिए कवर किए गए इलेक्ट्रोड,"78. वेल्डिंग रॉड और इलेक्ट्रोड (गुणवत्ता नियंत्रण) आदेश, 2023
एस.ओ. 3153(ई), दिनांक 14 जुलाई 2023"
378.,IS 6419 : 1996,संरचनात्मक स्टील के गैस शील्डेड आर्क वेल्डिंग के लिए वेल्डिंग रॉड और नंगे इलेक्ट्रोड
स्मार्ट मीटर
379.,IS 16444 भाग 1,"ए.सी. स्थैतिक प्रत्यक्ष संयोजित वाट-घंटा स्मार्ट मीटर, श्रेणी 1 और 2","79. स्मार्ट मीटर (गुणवत्ता नियंत्रण) आदेश, 2023
एस.ओ. 3154(ई), दिनांक 14 जुलाई 2023"
380.,IS 16444 भाग 2,"ए.सी. स्थैतिक ट्रांसफॉर्मर संचालित वाट-घंटा एवं वार-घंटा स्मार्ट मीटर, श्रेणी 0.2S, 0.5S और 1.0S"
"घरेलू उपयोग हेतु इंसुलेटेड फ्लास्क, बोतलें एवं कंटेनर"
381.,IS 17790 : 2022,घरेलू उपयोग हेतु इंसुलेटेड फ्लास्क,"80. घरेलू उपयोग हेतु इंसुलेटेड फ्लास्क, बोतलें एवं कंटेनर (गुणवत्ता नियंत्रण) आदेश, 2023
एस.ओ. 3140(ई), दिनांक 14 जुलाई 2023
घरेलू उपयोग हेतु इंसुलेटेड फ्लास्क, बोतलें एवं कंटेनर (गुणवत्ता नियंत्रण) आदेश, 2024
एस.ओ. 1072(ई), दिनांक 05 मार्च 2024
घरेलू उपयोग हेतु इंसुलेटेड फ्लास्क, बोतलें एवं कंटेनर (गुणवत्ता नियंत्रण) संशोधन आदेश, 2024
एस.ओ. 3705(ई), दिनांक 29 अगस्त 2024"
382.,IS 17526 : 2021,घरेलू स्टेनलेस स्टील वैक्यूम फ्लास्क/बोतल
383.,IS 17569 : 2021,खाद्य भंडारण हेतु इंसुलेटेड कंटेनर
384.,IS 3513 (भाग 1) : 1989,"रेजिन उपचारित संपीड़ित लकड़ी लैमिनेट
विद्युत प्रयोजनों हेतु रेजिन उपचारित संपीड़ित लकड़ी लैमिनेट (कम्प्रेग्स)","81. रेजिन उपचारित संपीड़ित लकड़ी लैमिनेट (गुणवत्ता नियंत्रण) आदेश, 2023
एस.ओ. 3139(ई), दिनांक 14 जुलाई 2023
रेजिन उपचारित संपीड़ित लकड़ी लैमिनेट (गुणवत्ता नियंत्रण) आदेश, 2024
एस.ओ. 1018(ई), दिनांक 29 फरवरी 2024"
385.,IS 3513 (भाग 2) : 1989,रासायनिक प्रयोजनों हेतु रेजिन उपचारित संपीड़ित लकड़ी लैमिनेट (कम्प्रेग्स)
386.,IS 3513 (भाग 3) : 1989,सामान्य प्रयोजनों हेतु रेजिन उपचारित संपीड़ित लकड़ी लैमिनेट (कम्प्रेग्स)
"बोल्ट, नट और फास्टनर"
387.,IS 1363 (भाग 1) : 2019,"उत्पाद श्रेणी C के षट्भुज सिर वाले बोल्ट, स्क्रू एवं नट – षट्भुज सिर वाले बोल्ट (आकार सीमा M5 से M64)","82. बोल्ट, नट और फास्टनर (गुणवत्ता नियंत्रण) आदेश, 2023
एस.ओ. 3267(ई), दिनांक 21 जुलाई 2023
बोल्ट, नट और फास्टनर (गुणवत्ता नियंत्रण) आदेश, 2024
एस.ओ. 2771(ई), दिनांक 12 जुलाई 2024"
388.,IS 1363 (भाग 2) : 2018,षट्भुज सिर वाले स्क्रू (आकार सीमा M5 से M64)
389.,IS 1363 (भाग 3) : 2018,"उत्पाद श्रेणी C के षट्भुज सिर वाले बोल्ट, स्क्रू एवं नट – षट्भुज नट (आकार सीमा M5 से M64)"
390.,IS 1364 (भाग 1) : 2018,"उत्पाद श्रेणी A एवं B के षट्भुज सिर वाले बोल्ट, स्क्रू एवं नट – षट्भुज सिर वाले बोल्ट (आकार सीमा M 1.6 से M 64)"
391.,IS 1364 (भाग 2) : 2018,"उत्पाद श्रेणी A एवं B के षट्भुज सिर वाले बोल्ट, स्क्रू एवं नट – षट्भुज सिर वाले स्क्रू (आकार सीमा M 1.6 से M 64)"
392.,IS 4621 : 1975,सार्वजनिक स्नानगृहों एवं शौचालयों में उपयोग हेतु संकेतक बोल्ट
393.,IS 5187 : 1972,फ्लश बोल्ट
394.,IS 10238 : 2001,फास्टनर – थ्रेडेड स्टील फास्टनर – स्टील संरचनाओं हेतु स्टेप बोल्ट
395.,IS 12427 : 2001,फास्टनर – थ्रेडेड स्टील फास्टनर – षट्भुज सिर वाले ट्रांसमिशन टावर बोल्ट
396.,IS 3757 : 1985,उच्च शक्ति संरचनात्मक बोल्ट
397.,IS 204 (भाग 2) : 1992,टावर बोल्ट – अलौह धातु
398.,IS 204 (भाग 1) : 1991,टावर बोल्ट – लौह धातु
399.,IS 15834 : 2022,ताले (पैडलॉक) के साथ उपयोग हेतु स्टेनलेस स्टील स्लाइडिंग दरवाजा बोल्ट (एलड्रॉप्स)
400.,IS 2681 : 1993,ताले (पैडलॉक) के साथ उपयोग हेतु अलौह धातु स्लाइडिंग दरवाजा बोल्ट (एलड्रॉप्स)
401.,IS 281 : 2009,ताले (पैडलॉक) के साथ उपयोग हेतु माइल्ड स्टील स्लाइडिंग दरवाजा बोल्ट
402.,IS 7534 : 1985,ताले (पैडलॉक) के साथ उपयोग हेतु स्लाइडिंग लॉकिंग बोल्ट
403.,IS 1284 : 1975,सामान्य इंजीनियरिंग प्रयोजनों हेतु व्रॉट एल्युमिनियम मिश्रधातु बोल्ट एवं स्क्रू स्टॉक
404.,IS 15833 : 2009,स्टेनलेस स्टील टावर बोल्ट
405.,IS 6623 : 2004,उच्च शक्ति संरचनात्मक नट
"खाद्य एवं पेय पदार्थों हेतु कुकवेयर, बर्तन और कैन"
406.,IS 14756 : 2022,स्टेनलेस स्टील कुकवेयर,"83. कुकवेयर एवं बर्तन (गुणवत्ता नियंत्रण) आदेश, 2023
एस.ओ. 3583(ई), दिनांक 9 अगस्त 2023
खाद्य एवं पेय पदार्थों हेतु कुकवेयर, बर्तन और कैन (गुणवत्ता नियंत्रण) आदेश, 2024
एस.ओ. 1365(ई), दिनांक 14 मार्च 2024
खाद्य एवं पेय पदार्थों हेतु कुकवेयर, बर्तन और कैन (गुणवत्ता नियंत्रण) आदेश, 2024
एस.ओ. 4494(ई), दिनांक 14 अक्टूबर 2024
खाद्य एवं पेय पदार्थों हेतु कुकवेयर, बर्तन और कैन (गुणवत्ता नियंत्रण) आदेश, 2024
एस.ओ. 4494(ई), दिनांक 14 अक्टूबर 2024
खाद्य एवं पेय पदार्थों हेतु कुकवेयर, बर्तन और कैन (गुणवत्ता नियंत्रण) आदेश, 2025
एस.ओ. 3850(ई), दिनांक 22 अगस्त 2025
खाद्य एवं पेय पदार्थों हेतु कुकवेयर, बर्तन और कैन (गुणवत्ता नियंत्रण) आदेश, 2026
एस.ओ. 219(ई), दिनांक 15 जनवरी 2026"
407.,IS 1660 : 2024,व्रॉट एल्युमिनियम बर्तन
408.,IS 13983 : 1994,घरेलू प्रयोजनों हेतु स्टेनलेस स्टील सिंक
409.,IS 18427 : 2024,खाद्य एवं पेय पदार्थों हेतु तीन-टुकड़ों वाले गोल खुले मुँह के धातु कैन
410.,IS 14407 : 2023,पेय पदार्थों हेतु एल्युमिनियम कैन
पीएनजी के उपयोग हेतु घरेलू गैस चूल्हे
411.,IS 17153 : 2019,पाइप्ड प्राकृतिक गैस (पीएनजी) के उपयोग हेतु घरेलू गैस चूल्हे,"84. पाइप्ड प्राकृतिक गैस के उपयोग हेतु घरेलू गैस चूल्हे (गुणवत्ता नियंत्रण) आदेश, 2023
एस.ओ. 3584(ई), दिनांक 9 अगस्त 2023"
अग्निशामक यंत्र
412.,IS 15683 : 2018,पोर्टेबल अग्निशामक यंत्र,"85. अग्निशामक यंत्र (गुणवत्ता नियंत्रण) आदेश, 2023
एस.ओ. 3585(ई), दिनांक 9 अगस्त 2023"
413.,IS 16018 : 2012,पहियों वाले अग्निशामक यंत्र
विद्युत सीलिंग प्रकार के पंखे
414.,IS 374 : 2019,विद्युत सीलिंग प्रकार के पंखे,"86. विद्युत सीलिंग प्रकार के पंखे (गुणवत्ता नियंत्रण) आदेश, 2023
एस.ओ. 3641(ई), दिनांक 9 अगस्त 2023"
लकड़ी आधारित बोर्ड
415.,IS 1659 : 2004,ब्लॉक बोर्ड,"87. लकड़ी आधारित बोर्ड (गुणवत्ता नियंत्रण) आदेश, 2023
एस.ओ. 3604(ई), दिनांक 10 अगस्त 2023
लकड़ी आधारित उत्पाद (गुणवत्ता नियंत्रण) आदेश, 2024
एस.ओ. 1307(ई), दिनांक 12 मार्च 2024"
416.,IS 12823 : 2015,लकड़ी एवं अन्य लिग्नोसेल्यूलोसिक सामग्री से बने प्रीलैमिनेटेड पार्टिकल बोर्ड
417.,IS 3087 : 2005,सामान्य प्रयोजनों हेतु लकड़ी एवं अन्य लिग्नोसेल्यूलोसिक सामग्री के पार्टिकल बोर्ड (मध्यम घनत्व)
418.,IS 12406 : 2021,सामान्य प्रयोजनों हेतु मध्यम घनत्व फाइबर बोर्ड
419.,IS 3097 : 2006,विनीयर युक्त पार्टिकल बोर्ड
कास्ट आयरन उत्पाद
420.,IS 1726 : 1991,कास्ट आयरन मैनहोल कवर एवं फ्रेम,"88. कास्ट आयरन उत्पाद (गुणवत्ता नियंत्रण) आदेश, 2023
एस.ओ. 3806(ई), दिनांक 24 अगस्त 2023
कास्ट आयरन उत्पाद (गुणवत्ता नियंत्रण) आदेश, 2024
एस.ओ. 2287(ई), दिनांक 13 जून 2024"
421.,IS 1729 : 2002,भूमि के ऊपर गैर-दाब पाइपलाइनों हेतु कास्ट आयरन/डक्टाइल आयरन ड्रेनेज पाइप एवं पाइप फिटिंग (सॉकेट एवं स्पिगॉट श्रेणी)
422.,IS 1879 : 2010,मैलियेबल कास्ट आयरन पाइप फिटिंग
423.,IS 13349 : 1992,कास्ट आयरन सिंगल फेस्ड थिम्बल माउंटेड स्लूइस गेट
424.,IS 210 : 2009,ग्रे आयरन कास्टिंग
425.,IS 1537 : 1976,"जल, गैस एवं सीवेज हेतु लंबवत ढलाई किए गए कास्ट आयरन दाब पाइप"
सोलर डीसी केबल एवं अग्नि-जीवन सुरक्षा केबल
426.,IS 17293 : 2020,1500 वोल्ट डीसी रेटेड वोल्टेज हेतु फोटोवोल्टिक प्रणालियों के लिए विद्युत केबल,"89. सोलर डीसी केबल एवं अग्नि-जीवन सुरक्षा केबल (गुणवत्ता नियंत्रण) आदेश, 2023
एस.ओ. 3807(ई), दिनांक 24 अगस्त 2023"
427.,IS 17505 (भाग 1) : 2021,1100 वोल्ट एसी तक तथा 1500 वोल्ट डीसी तक कार्य वोल्टेज हेतु थर्मोसेटिंग इंसुलेटेड अग्नि-जीवन सुरक्षा केबल
धातुएँ एवं मिश्रधातुएँ
,IS 617:1994,ढलाई एल्यूमिनियम एवं इसकी मिश्रधातुएँ – सामान्य अभियांत्रिकी प्रयोजनों हेतु इनगॉट्स एवं कास्टिंग,"एल्यूमिनियम एवं एल्यूमिनियम मिश्रधातु (गुणवत्ता नियंत्रण) आदेश, 2023
एस.ओ. 3846(ई), दिनांक 31 अगस्त 2023
एल्यूमिनियम एवं एल्यूमिनियम मिश्रधातु (गुणवत्ता नियंत्रण) संशोधन आदेश, 2023
(एस.ओ. 5090(ई), दिनांक 30 नवंबर 2023)
एल्यूमिनियम एवं एल्यूमिनियम मिश्रधातु (गुणवत्ता नियंत्रण) संशोधन आदेश, 2024
एस.ओ. 1902(ई), दिनांक 03 मई 2024
एल्यूमिनियम एवं एल्यूमिनियम मिश्रधातु (गुणवत्ता नियंत्रण) आदेश, 2023 की वापसी
एस.ओ. 5173(ई), दिनांक 13 नवंबर 2025"
,IS 11890 : 1987,विशेष उपयोगों हेतु रीमेल्टिंग के लिए उच्च शुद्धता प्राथमिक एल्यूमिनियम इनगॉट
,IS 6754:1972,सामान्य अभियांत्रिकी प्रयोजन हेतु रीमेल्टिंग के लिए एल्यूमिनियम मिश्रधातु इनगॉट
,IS 2590 : 1987,सामान्य अभियांत्रिकी प्रयोजन हेतु रीमेल्टिंग के लिए प्राथमिक एल्यूमिनियम इनगॉट
,IS 4026 : 2023,"एल्यूमिनियम इनगॉट, बिलेट्स एवं वायर बार्स (ईसी ग्रेड)"
,IS 191:2007,ताँबा,"ताँबा (गुणवत्ता नियंत्रण) आदेश, 2023
एस.ओ. 3847(ई), दिनांक 31 अगस्त 2023
ताँबा (गुणवत्ता नियंत्रण) संशोधन आदेश, 2023
(एस.ओ. 4796(ई), दिनांक 3 नवंबर 2023)
ताँबा (गुणवत्ता नियंत्रण) संशोधन आदेश, 2024
एस.ओ. 1901(ई), दिनांक 03 मई 2024
ताँबा (गुणवत्ता नियंत्रण) आदेश, 2023 की वापसी
एस.ओ. 5174(ई), दिनांक 13 नवंबर 2025"
,IS 7506:1987,निकेल पाउडर,"निकेल (गुणवत्ता नियंत्रण) आदेश, 2023
एस.ओ. 3848(ई), दिनांक 31 अगस्त 2023
निकेल (गुणवत्ता नियंत्रण) संशोधन आदेश, 2023
(एस.ओ. 5091(ई), दिनांक 30 नवंबर 2023)
निकेल (गुणवत्ता नियंत्रण) संशोधन आदेश, 2024
एस.ओ. 1900(ई), दिनांक 03 मई 2024
निकेल (गुणवत्ता नियंत्रण) आदेश, 2023 की वापसी
एस.ओ. 5166(ई), दिनांक 13 नवंबर 2025"
प्लाइवुड एवं लकड़ी के फ्लश डोर शटर
428.,IS 303 : 1989,सामान्य प्रयोजनों हेतु प्लाइवुड,"90. प्लाइवुड एवं लकड़ी के फ्लश डोर शटर (गुणवत्ता नियंत्रण) आदेश, 2023
एस.ओ. 3841(ई), दिनांक 29 अगस्त 2023
प्लाइवुड एवं लकड़ी के फ्लश डोर शटर (गुणवत्ता नियंत्रण) आदेश, 2024
एस.ओ. 1377(ई), दिनांक 15 मार्च 2024"
429.,IS 2202 (भाग 1) : 1999,लकड़ी के फ्लश डोर शटर (ठोस कोर प्रकार) – प्लाइवुड फेस पैनल
430.,IS 710 : 2010,मरीन प्लाइवुड
431.,IS 5509 : 2021,अग्निरोधक प्लाइवुड
432.,IS 1328 : 1996,विनियरयुक्त सजावटी प्लाइवुड
433.,IS 2191 (भाग 2): 2022,लकड़ी के फ्लश डोर शटर (सेलुलर एवं खोखले कोर प्रकार) – पार्टिकल बोर्ड एवं हार्डबोर्ड फेस पैनल
434.,IS 2191 (भाग 1): 2022,लकड़ी के फ्लश डोर शटर (सेलुलर एवं खोखले कोर प्रकार) – प्लाइवुड फेस पैनल
435.,IS 2202 (भाग 2): 2022,"लकड़ी के फ्लश डोर शटर (ठोस कोर प्रकार) – पार्टिकल बोर्ड, उच्च घनत्व फाइबर बोर्ड, मध्यम घनत्व फाइबर बोर्ड एवं फाइबर हार्डबोर्ड फेस पैनल"
436.,IS 4990 : 2011,कंक्रीट शटरिंग कार्य हेतु प्लाइवुड – विनिर्देश
437.,IS 10701 : 2012,संरचनात्मक प्लाइवुड – विनिर्देश
फ्लक्स कोर्ड सोल्डर वायर
,IS 1921: 2005,फ्लक्स कोर्ड सोल्डर वायर,"फ्लक्स कोर्ड सोल्डर वायर (गुणवत्ता नियंत्रण) आदेश, 2023
एस.ओ. 4092(ई), दिनांक 18 सितंबर 2023
फ्लक्स कोर्ड सोल्डर वायर (गुणवत्ता नियंत्रण) आदेश, 2023 की निरस्ती
एस.ओ. 165(ई), दिनांक 12 जनवरी 2026"
विविध इस्पात उत्पाद
438.,IS 15155 : 2020,मोर्टार लाइनिंग एवं कोटिंग सहित बार या वायर से लिपटे इस्पात सिलेंडर पाइप (विशेष फिटिंग सहित),"91. विविध इस्पात उत्पाद (गुणवत्ता नियंत्रण) आदेश, 2023
एस.ओ. 4240(ई), दिनांक 25 सितंबर 2023"
439.,IS 16651 : 2017,कंक्रीट सुदृढीकरण हेतु उच्च शक्ति विकृत स्टेनलेस स्टील बार एवं तार
440.,IS 6392 : 2020,इस्पात पाइप फ्लैंज
441.,IS 6913 : 1973,खाद्य एवं पेय उद्योग हेतु स्टेनलेस स्टील ट्यूब
एल्यूमिनियम एवं एल्यूमिनियम मिश्रधातु उत्पाद
442.,IS 7092 (भाग 1):1992,सिंचाई प्रयोजनों हेतु एल्यूमिनियम मिश्रधातु ट्यूब – वेल्डेड ट्यूब,"92. एल्यूमिनियम एवं एल्यूमिनियम मिश्रधातु उत्पाद (गुणवत्ता नियंत्रण) आदेश, 2023
एस.ओ. 4241(ई), दिनांक 25 सितंबर 2023
एल्यूमिनियम एवं एल्यूमिनियम मिश्रधातु उत्पाद (गुणवत्ता नियंत्रण) संशोधन आदेश, 2024
एस.ओ. 1512(ई), दिनांक 22 मार्च 2024
एल्यूमिनियम एवं एल्यूमिनियम मिश्रधातु उत्पाद (गुणवत्ता नियंत्रण) आदेश, 2024
एस.ओ. 4696(ई), दिनांक 28 अक्टूबर 2024
एल्यूमिनियम एवं एल्यूमिनियम मिश्रधातु उत्पाद (गुणवत्ता नियंत्रण) आदेश, 2025
एस.ओ. 2021(ई), दिनांक 06 मई 2025
शुद्धिपत्र
एस.ओ. 2682(ई), दिनांक 16 जून 2025
शुद्धिपत्र
एस.ओ. 2683(ई), दिनांक 16 जून 2025"
443.,IS 7092 (भाग 2):1987,सिंचाई प्रयोजनों हेतु एल्यूमिनियम मिश्रधातु ट्यूब – एक्सट्रूडेड ट्यूब
444.,IS 5484:1997,निरंतर कास्टिंग एवं रोलिंग द्वारा निर्मित ईसी ग्रेड एल्यूमिनियम रॉड
445.,IS 733:1983,"सामान्य अभियांत्रिकी प्रयोजनों हेतु कुटित (व्रॉट) एल्यूमिनियम एवं एल्यूमिनियम मिश्रधातु बार, रॉड एवं सेक्शन"
446.,IS 734:1975,सामान्य अभियांत्रिकी प्रयोजनों हेतु कुटित एल्यूमिनियम एवं एल्यूमिनियम मिश्रधातु – फोर्जिंग स्टॉक एवं फोर्जिंग
447.,IS 736:1986,सामान्य अभियांत्रिकी प्रयोजनों हेतु कुटित एल्यूमिनियम एवं एल्यूमिनियम मिश्रधातु प्लेट
448.,IS 737:2008,सामान्य अभियांत्रिकी प्रयोजनों हेतु कुटित एल्यूमिनियम एवं एल्यूमिनियम मिश्रधातु शीट एवं स्ट्रिप
449.,IS 739:1992,सामान्य अभियांत्रिकी प्रयोजनों हेतु कुटित एल्यूमिनियम एवं एल्यूमिनियम मिश्रधातु तार
450.,IS 740:1977,सामान्य अभियांत्रिकी प्रयोजनों हेतु कुटित एल्यूमिनियम एवं एल्यूमिनियम मिश्रधातु रिवेट स्टॉक
451.,IS 5082:1998,"विद्युत अनुप्रयोगों हेतु कुटित एल्यूमिनियम एवं एल्यूमिनियम मिश्रधातु बार, रॉड, ट्यूब, सेक्शन, प्लेट एवं शीट"
452.,IS 16011:2012,औषधीय पैकेजिंग हेतु एल्यूमिनियम एवं एल्यूमिनियम मिश्रधातु फॉयल
453.,IS 17682:2021,एल्यूमिनियम कंपोजिट पैनल
454.,IS 1285:2002,सामान्य अभियांत्रिकी प्रयोजनों हेतु कुटित एल्यूमिनियम एवं एल्यूमिनियम मिश्रधातु – एक्सट्रूडेड गोल ट्यूब एवं खोखले सेक्शन
455.,IS 2067:1975,विद्युत प्रयोजनों के लिए वर्केड एल्युमिनियम वायर
456.,IS 21:1992,बर्तन बनाने के लिए वर्केड एल्युमिनियम और एल्युमिनियम मिश्र धातु
457.,IS 1254:2007,तरंगित एल्युमिनियम शीट
458.,IS 7902:2001,विमानन अनुप्रयोगों के लिए एल्युमिनियम मिश्र धातु फोर्जिंग स्टॉक और फोर्जिंग (मिश्र धातु 24345)
"सटीक रोलर और बुश चेन, संलग्नक और संबंधित चेन स्प्रोकेट्स"
459.,IS 2403 :2014 / ISO 606 : 2004,"छोटी-पिच ट्रांसमिशन सटीक रोलर और बुश चेन, संलग्नक और संबंधित चेन स्प्रोकेट्स","93. सटीक रोलर और बुश चेन, संलग्नक और संबंधित चेन स्प्रोकेट्स (गुणवत्ता नियंत्रण) आदेश, 2023
S.O. 4242(E), दिनांक 25 सितंबर 2023
सटीक रोलर और बुश चेन, संलग्नक और संबंधित चेन स्प्रोकेट्स (गुणवत्ता नियंत्रण) आदेश, 2024
S.O. 2174(E), दिनांक 03 जून 2024"
स्व-निहित पेय जल कूलर
460.,IS 1475 (भाग 1) : 2001,स्व-निहित पेय जल कूलर – ऊर्जा खपत और प्रदर्शन,"94. स्व-निहित पेय जल कूलर (गुणवत्ता नियंत्रण) आदेश, 2023
S.O. 4243(E), दिनांक 25 सितंबर 2023
स्व-निहित पेय जल कूलर (गुणवत्ता नियंत्रण) आदेश, 2024
S.O. 2112(E), दिनांक 24 मई 2024"
मेडिकल टेक्सटाइल्स
461.,IS 5405 : 2019,सैनिटरी नैपकिन,"95. मेडिकल टेक्सटाइल्स (गुणवत्ता नियंत्रण) आदेश, 2023
S.O. 4247(E), दिनांक 27 सितंबर 2023
मेडिकल टेक्सटाइल्स (गुणवत्ता नियंत्रण) संशोधन आदेश, 2024
(S.O. 830(E), दिनांक 22 फरवरी 2024)
मेडिकल टेक्सटाइल्स (गुणवत्ता नियंत्रण) आदेश, 2024
S.O. 4634(E), दिनांक 23 अक्टूबर 2024
मेडिकल टेक्सटाइल्स (गुणवत्ता नियंत्रण) संशोधन आदेश, 2025
S.O. 04(E), दिनांक 02 जनवरी 2025
मेडिकल टेक्सटाइल्स (गुणवत्ता नियंत्रण) दूसरा संशोधन आदेश, 2025
S.O.3526 (E) दिनांक 30 जुलाई 2025"
462.,IS 17509 : 2021,डिस्पोजेबल बेबी डायपर
463.,IS 17514 : 2021,पुन: प्रयोज्य सैनिटरी पैड / सैनिटरी नैपकिन / पीरियड पैंटीज़
464.,IS 17349 : 2020,जूते कवर
465.,IS 17354 : 2020,डेंटल बिब या नैपकिन
466.,IS 17630 : 2021,बेड शीट और पिलो कवर
एग्रो टेक्सटाइल्स
467.,IS 16718 : 2021,कृषि और बागवानी अनुप्रयोगों के लिए पॉलीप्रोपाइलीन स्पन बॉन्डेड नॉन-वोवन फसल कवर और फल स्कर्टिंग बैग,"96. एग्रो टेक्सटाइल्स (गुणवत्ता नियंत्रण) आदेश, 2023
S.O. 4248(E), दिनांक 27 सितंबर 2023
एग्रो टेक्सटाइल्स (गुणवत्ता नियंत्रण) संशोधन आदेश, 2024
S.O. 1579(E), दिनांक 28 मार्च 2024"
468.,IS 16513 : 2016,कृषि और बागवानी उद्देश्यों के लिए कीट जाल
469.,IS 16202 : 2014,बागवानी अनुप्रयोगों के लिए बुना हुआ ग्राउंड कवर
470.,IS 17070 : 2019,पौधों की वृद्धि और खरपतवार नियंत्रण के लिए जूट एग्रो टेक्सटाइल्स
471.,IS 15907 : 2010,वर्मीकल्चर के लिए हाई डेंसिटी पॉलीइथिलीन (HDPE) बुनी हुई बिस्तरें
472.,IS 16089 : 2013,बीज/रोपण की वृद्धि के लिए पौधा बैग
473.,IS 16190 : 2014,सिंचाई के लिए हाई डेंसिटी पॉलीइथिलीन (HDPE) लेमिनेटेड बुना फ्लैट ट्यूब
474.,IS 16390 : 2015,तंबाकू कटाई करने वालों के लिए नायलॉन बुनाई वाले सीमलेस दस्ताने
475.,IS 16627 : 2017,ड्रिप सिंचाई प्रणाली के मेन और सबमेन में उपयोग के लिए हाई डेंसिटी पॉलीइथिलीन (HDPE) लेमिनेटेड बुना फ्लैट ट्यूब
476.,IS 17355 : 2020,कृषि और बागवानी अनुप्रयोगों के लिए प्रोपलीन स्पन बॉन्डेड नॉन-वोवन मल्च मैट
477.,IS 17356 : 2020,कृषि और बागवानी उद्देश्यों के लिए विंडशील्ड जाल
478.,IS 17357 : 2020,कृषि और बागवानी उद्देश्यों के लिए हार्वेस्ट जाल
479.,IS 17358 (भाग 1) : 2020,कृषि और बागवानी उद्देश्यों के लिए बाड़ जाल - एक्सट्रूडेड पॉलीमर जाल से बना
480.,IS 17358 (भाग 2) : 2020,कृषि और बागवानी उद्देश्यों के लिए बाड़ जाल - मोनोफिलामेंट यार्न और टेप के संयोजन से बना
481.,IS 17513 : 2020,कृषि और बागवानी उद्देश्यों के लिए पौधा समर्थन जाल
482.,IS 17728 : 2021,बारिश सिंचाई प्रणाली में उपयोग के लिए हाई डेंसिटी पॉलीइथिलीन (HDPE) लेमिनेटेड बुना फ्लैट ट्यूब और फिटिंग्स
483.,IS 17729 : 2021,कृषि और बागवानी उद्देश्यों के लिए लचीला जल भंडारण टैंक
484.,IS 17730 (भाग 1) : 2021,कृषि और बागवानी उद्देश्यों के लिए ओले से सुरक्षा जाल - वार्प निटेड ओले सुरक्षा जाल
485.,IS 17730 (भाग 2) : 2021,कृषि और बागवानी उद्देश्यों के लिए ओले से सुरक्षा जाल - बुना हुआ ओले सुरक्षा जाल
486.,IS 17731 : 2021,लेमिनेटेड बुना बाग संरक्षण कवर
कॉपर उत्पाद
487.,IS 12444:2020,विद्युत अनुप्रयोगों के लिए तांबे की वायर रॉड,"97. कॉपर उत्पाद (गुणवत्ता नियंत्रण) आदेश, 2023
S.O. 4595(E), दिनांक 17 अक्टूबर 2023
कॉपर उत्पाद (गुणवत्ता नियंत्रण) आदेश, 2024
S.O. 1801(E), दिनांक 25 अप्रैल 2024
कॉपर उत्पाद (गुणवत्ता नियंत्रण) संशोधन आदेश, 2025
S.O. 884(E) दिनांक 19 फरवरी 2025"
488.,IS 613:2000,विद्युत प्रयोजनों के लिए तांबे की रॉड और बार
489.,IS 1897:2008,विद्युत प्रयोजनों के लिए तांबे की पट्टी
490.,IS 4171:1983,सामान्य इंजीनियरिंग प्रयोजनों के लिए तांबे की रॉड और बार
491.,IS 1545: 1994,कंडेंसर और हीट एक्सचेंजर्स के लिए ठोस खींची हुई तांबे और तांबे के मिश्र धातु की ट्यूबें
492.,IS 2501: 1995,सामान्य इंजीनियरिंग प्रयोजनों के लिए ठोस खींची हुई तांबे की ट्यूबें
493.,IS 14810: 2000,प्लंबिंग के लिए तांबे की ट्यूब - विनिर्देश
494.,IS 10773:1995,रेफ्रिजरेशन और एयर-कंडीशनिंग प्रयोजनों के लिए तांबे की वॉर्ट ट्यूबें
495.,IS 4412:1981,सामान्य इंजीनियरिंग प्रयोजनों के लिए तांबे के तार
ड्रम और टिन्स
496.,IS 13997:2014,"ड्रम्स, बड़े खुले टॉप","98. ड्रम और टिन्स (गुणवत्ता नियंत्रण) आदेश, 2023
S.O. 4596(E), दिनांक 17 अक्टूबर 2023"
497.,IS 1783 (भाग 1) :2014,"ड्रम्स बड़े, फिक्स्ड एंड्स - ग्रेड A"
498.,IS 1783 (भाग 2) :2014,"ड्रम्स, बड़े, फिक्स्ड एंड्स - ग्रेड"
499.,IS 2552:1989,स्टील ड्रम्स (जिंक कोटेड और बिना जिंक के)
500.,IS 3575:1993,बिटुमेन ड्रम्स
501.,IS 916:2000,ठोस उत्पादों के लिए स्क्वायर टिन्स
502.,IS 10325:2000,"स्क्वायर टिन्स - 15 किलोग्राम या लीटर के लिए घी, वनस्पति घी, खाद्य तेल और बेकरी उत्पाद"
डोर फिटिंग्स
503.,IS 6343:1982,डोर क्लोज़र्स (न्यूमैटिकली नियंत्रित) 40 किग्रा तक के हल्के दरवाजों के लिए,"99. डोर फिटिंग्स (गुणवत्ता नियंत्रण) आदेश, 2023
S.O. 4646(E), दिनांक 23 अक्टूबर 2023"
504.,IS 14912:2001,"डोर क्लोज़र्स, छिपे हुए प्रकार (हाइड्रॉलिकली नियंत्रित)"
505.,IS 3564:1995,हाइड्रॉलिकली नियंत्रित डोर क्लोज़र्स
506.,IS 6315:1992,भारी दरवाजों के लिए फ्लोर स्प्रिंग्स (हाइड्रॉलिकली नियंत्रित)
507.,IS 1019:1974,रिम लैचेस
508.,IS 208:2020,डोर हैंडल्स
509.,IS 4992:1975,मॉर्टिस लॉक (वर्टिकल प्रकार) के लिए डोर हैंडल्स
बॉटल्ड वाटर डिस्पेंसर
510.,IS 17681:2022,बॉटल्ड वाटर डिस्पेंसर,"100. बॉटल्ड वाटर डिस्पेंसर (गुणवत्ता नियंत्रण) आदेश, 2023
S.O. 4647(E), दिनांक 23 अक्टूबर 2023
बॉटल्ड वाटर डिस्पेंसर (गुणवत्ता नियंत्रण) आदेश, 2024
S.O. 2173(E), दिनांक 03 जून 2024"
"पुलिस बल, सिविल डिफेंस और व्यक्तिगत सुरक्षा के लिए हेलमेट"
511.,IS 2745:1983,फायरमैन और सिविल डिफेंस कर्मियों के लिए नॉन-मेटल हेलमेट,"101. पुलिस बल, सिविल डिफेंस और व्यक्तिगत सुरक्षा के लिए हेलमेट (गुणवत्ता नियंत्रण) आदेश, 2023
S.O. 4649(E), दिनांक 23 अक्टूबर 2023"
512.,IS 2925:1984,औद्योगिक सुरक्षा हेलमेट
513.,IS 9562:1980,पुलिस बल के लिए नॉन-मेटल हेलमेट
"स्टील वायर या स्ट्रैंड्स, नायलॉन या वायर रोप्स और वायर मेष"
514.,IS 2266 : 2019,सामान्य इंजीनियरिंग प्रयोजनों के लिए स्टील वायर रोप्स,"102. स्टील वायर या स्ट्रैंड्स, नायलॉन या वायर रोप्स और वायर मेष (गुणवत्ता नियंत्रण) आदेश, 2023
S.O. 5022(E), दिनांक 21 नवम्बर 2023
स्टील वायर या स्ट्रैंड्स, नायलॉन या वायर रोप्स और वायर मेष (गुणवत्ता नियंत्रण) आदेश, 2024
S.O. 2581(E), दिनांक 03 जुलाई 2024"
515.,IS 2365 : 2018,"लिफ्ट, एलिवेटर और होइस्ट के लिए स्टील वायर सस्पेंशन रोप्स"
516.,IS 1855:2022,खनन में वाइंडिंग और मैन-राइडिंग हौलजेस के लिए स्ट्रैंडेड स्टील वायर रोप्स
517.,IS 1856:2005,हौलज के लिए स्टील वायर रोप
518.,IS 2141:20005,हॉट डिप गैल्वनाइज्ड स्टे स्ट्रैंड
519.,IS 4521:2001,ऑयल वेल और ऑयल वेल ड्रिलिंग में प्रयुक्त वायर रोप्स
520.,IS 6590:1972,माउंटेनियरिंग प्रयोजनों के लिए ब्रेडेड नायलॉन रोप्स
521.,IS 278:2009,फेंसिंग के लिए गैल्वनाइज्ड स्टील बार्बेड वायर
522.,IS 16014:2018,"मैकेनिकल रूप से बुनी हुई, डबल-ट्विस्टेड, हेक्सागोनल वायर मेष गैबियन्स, रिवेट मैट्रेस और रॉक फॉल नेटिंग और अन्य सिविल इंजीनियरिंग प्रयोजनों के लिए उत्पाद (गैल्वनाइज्ड स्टील वायर या पॉलिमर कोटेड गैल्वनाइज्ड स्टील वायर)"
सामग्री लंबाई का माप
523.,IS 1269(भाग 1) : 1997,लीगल मेट्रोलॉजी - सामग्री लंबाई का माप - बुने हुए धातु और ग्लास फाइबर टेप माप,"103. लीगल मेट्रोलॉजी - सामग्री लंबाई के माप (गुणवत्ता नियंत्रण) आदेश, 2023
S.O. 5029(E), दिनांक 21 नवम्बर 2023"
524.,IS 1269(भाग 2) : 1997,लीगल मेट्रोलॉजी - सामग्री लंबाई का माप - स्टील टेप माप
पॉलीएथिलीन बुने हुए थैले
525.,IS 9755 : 2021,फर्टिलाइज़र पैकेजिंग के लिए टेक्सटाइल—हाई डेंसिटी पॉलीएथिलीन (HDPE) / पॉलीप्रोपलीन (PP) बुने हुए थैले,"104. फर्टिलाइज़र पैकेजिंग के लिए टेक्सटाइल—HDPE / PP बुने हुए थैले (गुणवत्ता नियंत्रण) आदेश, 2023
S.O. 5177(E), दिनांक 06 दिसम्बर 2023
फर्टिलाइज़र पैकेजिंग के लिए टेक्सटाइल—HDPE / PP बुने हुए थैले (गुणवत्ता नियंत्रण) संशोधन आदेश, 2024
S.O. 2180(E), दिनांक 04 जून 2024"
526.,IS 11652 : 2017,टेक्सटाइल — उच्च घनत्व पॉलीथीन (HDPE)/ पॉलीप्रोपलीन (PP) बुनाई वाले थैले 50 किग्रा सीमेंट की पैकेजिंग के लिए,"105. टेक्सटाइल— उच्च घनत्व पॉलीथीन (HDPE) / पॉलीप्रोपलीन (PP) बुनाई वाले थैले 50 किग्रा सीमेंट की पैकेजिंग के लिए (गुणवत्ता नियंत्रण) आदेश, 2023
S.O. 5178(E), दिनांक 06 दिसंबर 2023
टेक्सटाइल — उच्च घनत्व पॉलीथीन (HDPE)/ पॉलीप्रोपलीन (PP) बुनाई वाले थैले 50 किग्रा सीमेंट की पैकेजिंग के लिए (गुणवत्ता नियंत्रण) संशोधन आदेश, 2024
S.O. 2181(E), दिनांक 04 जून 2024
टेक्सटाइल — उच्च घनत्व पॉलीथीन (HDPE) / पॉलीप्रोपलीन (PP) बुनाई वाले थैले 50 किग्रा सीमेंट की पैकेजिंग के लिए (गुणवत्ता नियंत्रण) दूसरा संशोधन आदेश, 2024
S.O. 3938(E), दिनांक 13 सितंबर 2024
टेक्सटाइल — उच्च घनत्व पॉलीथीन (HDPE)/ पॉलीप्रोपलीन (PP) बुनाई वाले थैले 50 किग्रा सीमेंट की पैकेजिंग के लिए (गुणवत्ता नियंत्रण) तीसरा संशोधन आदेश, 2024
S.O. 5261(E), दिनांक 06 दिसंबर 2024
टेक्सटाइल — उच्च घनत्व पॉलीथीन (HDPE) / पॉलीप्रोपलीन (PP) बुनाई वाले थैले 50 किग्रा सीमेंट की पैकेजिंग के लिए (गुणवत्ता नियंत्रण) संशोधन आदेश, 2025
S.O. 2551(E), दिनांक 11 जून 2025
टेक्सटाइल — उच्च घनत्व पॉलीथीन (HDPE) / पॉलीप्रोपलीन (PP) बुनाई वाले थैले 50 किग्रा सीमेंट की पैकेजिंग के लिए (गुणवत्ता नियंत्रण) संशोधन आदेश, 2025
S.O. 4066(E), दिनांक 04 सितंबर 2025
टेक्सटाइल — उच्च घनत्व पॉलीथीन (HDPE) / पॉलीप्रोपलीन (PP) बुनाई वाले थैले 50 किग्रा सीमेंट की पैकेजिंग के लिए (गुणवत्ता नियंत्रण) संशोधन आदेश, 2026
S.O. 51(E), दिनांक 05 जनवरी 2026"
527.,IS 16709 : 2017,"टेक्सटाइल — पॉलीप्रोपलीन (PP) बुनाई, लेमिनेटेड, ब्लॉक बॉटम वाल्व थैले 50 किग्रा सीमेंट की पैकेजिंग के लिए","106. टेक्सटाइल — पॉलीप्रोपलीन (PP) बुनाई, लेमिनेटेड, ब्लॉक बॉटम वाल्व थैले 50 किग्रा सीमेंट की पैकेजिंग के लिए (गुणवत्ता नियंत्रण) आदेश, 2023
S.O. 5179(E), दिनांक 06 दिसंबर 2023
टेक्सटाइल — पॉलीप्रोपलीन (PP) बुनाई, लेमिनेटेड, ब्लॉक बॉटम वाल्व थैले 50 किग्रा सीमेंट की पैकेजिंग के लिए (गुणवत्ता नियंत्रण) संशोधन आदेश, 2024
S.O. 2182(E), दिनांक 04 जून 2024
टेक्सटाइल — पॉलीप्रोपलीन (PP) बुनाई, लेमिनेटेड, ब्लॉक बॉटम वाल्व थैले 50 किग्रा सीमेंट की पैकेजिंग के लिए (गुणवत्ता नियंत्रण) दूसरा संशोधन आदेश, 2024
S.O. 3939(E), दिनांक 13 सितंबर 2024
टेक्सटाइल — पॉलीप्रोपलीन (PP) बुनाई, लेमिनेटेड, ब्लॉक बॉटम वाल्व थैले 50 किग्रा सीमेंट की पैकेजिंग के लिए (गुणवत्ता नियंत्रण) तीसरा संशोधन आदेश, 2024
S.O. 5262(E), दिनांक 06 दिसंबर 2024
टेक्सटाइल — पॉलीप्रोपलीन (PP) बुनाई, लेमिनेटेड, ब्लॉक बॉटम वाल्व थैले 50 किग्रा सीमेंट की पैकेजिंग के लिए (गुणवत्ता नियंत्रण) संशोधन आदेश, 2025
S.O. 2552(E), दिनांक 11 जून 2025
टेक्सटाइल — पॉलीप्रोपलीन (PP) बुनाई, लेमिनेटेड, ब्लॉक बॉटम वाल्व थैले 50 किग्रा सीमेंट की पैकेजिंग के लिए (गुणवत्ता नियंत्रण) संशोधन आदेश, 2025
S.O. 4067(E), दिनांक 04 सितंबर 2025
टेक्सटाइल — पॉलीप्रोपलीन (PP) बुनाई, लेमिनेटेड, ब्लॉक बॉटम वाल्व थैले 50 किग्रा सीमेंट की पैकेजिंग के लिए (गुणवत्ता नियंत्रण) संशोधन आदेश, 2026
S.O. 52(E), दिनांक 05 जनवरी 2026"
528.,IS 16703 : 2017,टेक्सटाइल — उच्च घनत्व पॉलीथीन (HDPE) / पॉलीप्रोपलीन (PP) बुनाई वाले थैले 25 किग्रा पॉलीमर सामग्री की पैकेजिंग के लिए,"107. टेक्सटाइल — उच्च घनत्व पॉलीथीन (HDPE) / पॉलीप्रोपलीन (PP) बुनाई वाले थैले 25 किग्रा पॉलीमर सामग्री की पैकेजिंग के लिए (गुणवत्ता नियंत्रण) आदेश, 2023
S.O. 5180(E), दिनांक 06 दिसंबर 2023"
529.,IS 17399 : 2020,"टेक्सटाइल — पॉलीप्रोपलीन (PP)/ उच्च घनत्व पॉलीथीन (HDPE) लेमिनेटेड बुनाई वाले थैले मेल सॉर्टिंग, भंडारण, परिवहन और वितरण के लिए","108. टेक्सटाइल — पॉलीप्रोपलीन (PP)/ उच्च घनत्व पॉलीथीन (HDPE) लेमिनेटेड बुनाई वाले थैले मेल सॉर्टिंग, भंडारण, परिवहन और वितरण के लिए (गुणवत्ता नियंत्रण) आदेश, 2023
S.O. 5181(E), दिनांक 06 दिसंबर 2023
टेक्सटाइल — पॉलीप्रोपलीन (PP)/ उच्च घनत्व पॉलीथीन (HDPE) लेमिनेटेड बुनाई वाले थैले मेल सॉर्टिंग, भंडारण, परिवहन और वितरण के लिए (गुणवत्ता नियंत्रण) संशोधन आदेश, 2024
S.O. 2183(E), दिनांक 04 जून 2024
टेक्सटाइल — पॉलीप्रोपलीन (PP)/ उच्च घनत्व पॉलीथीन (HDPE) लेमिनेटेड बुनाई वाले थैले मेल सॉर्टिंग, भंडारण, परिवहन और वितरण के लिए (गुणवत्ता नियंत्रण) दूसरा संशोधन आदेश, 2024
S.O. 3940(E), दिनांक 13 सितंबर 2024
टेक्सटाइल — पॉलीप्रोपलीन (PP) बुनाई, लेमिनेटेड, ब्लॉक बॉटम वाल्व थैले 50 किग्रा सीमेंट की पैकेजिंग के लिए (गुणवत्ता नियंत्रण) तीसरा संशोधन आदेश, 2024
S.O. 5263(E), दिनांक 06 दिसंबर 2024
टेक्सटाइल — पॉलीप्रोपलीन (PP)/ उच्च घनत्व पॉलीथीन (HDPE) लेमिनेटेड बुनाई वाले थैले मेल सॉर्टिंग, भंडारण, परिवहन और वितरण के लिए (गुणवत्ता नियंत्रण) संशोधन आदेश, 2025
S.O. 2553(E), दिनांक 11 जून 2025
टेक्सटाइल — पॉलीप्रोपलीन (PP)/ उच्च घनत्व पॉलीथीन (HDPE) लेमिनेटेड बुनाई वाले थैले मेल सॉर्टिंग, भंडारण, परिवहन और वितरण के लिए (गुणवत्ता नियंत्रण) संशोधन आदेश, 2025
S.O. 4068(E), दिनांक 04 सितंबर 2025
टेक्सटाइल — पॉलीप्रोपलीन (PP)/ उच्च घनत्व पॉलीथीन (HDPE) लेमिनेटेड बुनाई वाले थैले मेल सॉर्टिंग, भंडारण, परिवहन और वितरण के लिए (गुणवत्ता नियंत्रण) संशोधन आदेश, 2026
S.O. 53(E), दिनांक 05 जनवरी 2026"
"तिजोरी, सेफ डिपॉज़िट लॉकर कैबिनेट और कुंजी ताले"
530.,IS 550 (भाग 1) : 2014,तिजोरियाँ,"109. तिजोरी, सेफ डिपॉज़िट लॉकर कैबिनेट और कुंजी ताले (गुणवत्ता नियंत्रण) आदेश, 2023
S.O. 5293(E), दिनांक 08 दिसंबर 2023"
531.,IS 5244 : 2020,सेफ डिपॉज़िट लॉकर कैबिनेट
532.,IS 17566 : 2021,सुरक्षा उपकरणों के लिए कुंजी ताले
हिंजेस (पिवट्स)
533.,IS 12817:2020,स्टेनलेस स्टील बट हिंजेस,"110. हिंजेस (गुणवत्ता नियंत्रण) आदेश, 2023
S.O. 5294(E), दिनांक 08 दिसंबर 2023
हिंजेस (गुणवत्ता नियंत्रण) आदेश, 2024
S.O. 2982(E), दिनांक 26 जुलाई 2024
हिंजेस (गुणवत्ता नियंत्रण) आदेश, 2025
S.O. 1368(E), दिनांक 24 मार्च 2025"
534.,IS 1341:2018,स्टील बट हिंजेस
535.,IS 205:1992,गैर-लौह धातु बट हिंजेस
536.,IS 206:2010,टी और स्ट्रैप हिंजेस
537.,IS 362:1991,संसदीय हिंजेस
538.,IS 3818:1992,कंटिन्युअस (पियानो) हिंजेस
539.,IS 3843:1995,स्टील बैक फ्लैप हिंजेस
540.,IS 453:1993,डबल-एक्टिंग स्प्रिंग हिंजेस
541.,IS 18297:2023,कैबिनेट हिंजेस
साइकिल और रिक्शा टायर और ट्यूब
542.,IS 2414:2005,साइकिल और रिक्शा के न्यूमेटिक टायर,"111. साइकिल और रिक्शा टायर और ट्यूब (गुणवत्ता नियंत्रण) आदेश, 2023
S.O. 5323(E), दिनांक 11 दिसंबर 2023"
543.,IS 2415 :2015,साइकिल - रबर ट्यूब्स (मोल्डेड या जोड़ वाले)
प्रेशर कुकर के लिए रबर गैस्केट्स
544.,IS 7466 :1994,प्रेशर कुकर के लिए रबर गैस्केट्स,"112. प्रेशर कुकर के लिए रबर गैस्केट्स (गुणवत्ता नियंत्रण) आदेश, 2023
S.O. 5371(E), दिनांक 14 दिसंबर 2023"
प्रयोगशाला के कांच के बर्तन
545.,IS 878 :2008,प्रयोगशाला ग्लासवेयर – ग्रैजुएटेड माप सिलेंडर,"113. प्रयोगशाला ग्लासवेयर (गुणवत्ता नियंत्रण) आदेश, 2023
S.O. 44(E), दिनांक 1 जनवरी 2024
प्रयोगशाला ग्लासवेयर (गुणवत्ता नियंत्रण) संशोधन आदेश, 2024
S.O. 5358(E), दिनांक 11 दिसंबर 2024"
546.,IS 915:2012,प्रयोगशाला ग्लासवेयर – वन मार्क वॉल्यूमेट्रिक फ्लास्क
547.,IS 1381 (भाग 1):2003,प्रयोगशाला ग्लासवेयर – संकरे गले वाले बॉयलिंग फ्लास्क
548.,IS 1117:2018,प्रयोगशाला ग्लासवेयर – सिंगल वॉल्यूम पाइपेट्स
549.,IS 2619:2018,कांच के बीकर
विद्युत उपकरण और सहायक उपकरण
550.,IS 14772: 2020,घरेलू और इसी तरह की फिक्स्ड विद्युत इंस्टॉलेशन्स के लिए इलेक्ट्रिकल एक्सेसरीज के बॉक्स और एनक्लोजर,"विद्युत उपकरण (गुणवत्ता नियंत्रण) आदेश, 2023
S.O. 43(E), दिनांक 1 जनवरी 2024
विद्युत उपकरण (गुणवत्ता नियंत्रण) संशोधन, 2026
S.O. 187(E), दिनांक 13 जनवरी 2026"
551.,IS 14927 (भाग 2): 2001,विद्युत इंस्टॉलेशन्स के लिए केबल ट्रंकिंग और डक्टिंग सिस्टम - दीवार या छत पर माउंटिंग के लिए
552.,IS 1258: 2005,बेयोनट लैंप होल्डर्स
553.,IS 15787: 2008,स्विच-सॉकेट-आउटलेट्स (नॉन-इंटरलॉक प्रकार)
554.,IS 13774:2021,इन्सुलेटिंग मटेरियल के लाइव वर्किंग ग्लव्स
555.,IS 15652:2006,विद्युत उद्देश्यों के लिए इंसुलेटिंग मैट्स
,IS 7809 (भाग 3/ खंड 1): 1986,विद्युत उद्देश्यों के लिए प्रेशर सेंसिटिव एडीसिव इंसुलेटिंग टेप – भाग 3 आवश्यकताएं या व्यक्तिगत सामग्री – सेक्शन 1 प्लास्टिसाइज्ड पॉलीविनाइल क्लोराइड टेप्स गैर-थर्मोसेटिंग चिपकने वाले के साथ
556.,IS 16012: 2012,पॉली-लेमिनेटेड एल्युमिनियम केबल रैप
पॉली विनाइल क्लोराइड (PVC) होमोपॉलिमर
,IS 17658:2021,पॉली विनाइल क्लोराइड (PVC) होमोपॉलिमर,"पॉली विनाइल क्लोराइड (PVC) होमोपॉलिमर (गुणवत्ता नियंत्रण) आदेश, 2024
S.O. 920(E), दिनांक 26 फरवरी 2024
पॉली विनाइल क्लोराइड (PVC) होमोपॉलिमर (गुणवत्ता नियंत्रण) संशोधन आदेश, 2024
S.O. 3595(E), दिनांक 23 अगस्त 2024
पॉली विनाइल क्लोराइड (PVC) होमोपॉलिमर (गुणवत्ता नियंत्रण) तीसरा संशोधन आदेश, 2024
S.O. 5552(E), दिनांक 24 दिसंबर 2024
पॉली विनाइल क्लोराइड (PVC) होमोपॉलिमर (गुणवत्ता नियंत्रण) संशोधन आदेश, 2025
S.O. 2746(E), दिनांक 20 जून 2025
पॉली विनाइल क्लोराइड (PVC) होमोपॉलिमर (गुणवत्ता नियंत्रण) आदेश, 2024 रद्द आदेश
S.O. 5139(E), दिनांक 12 नवंबर 2025"
पॉलीप्रोपलीन (PP) मटेरियल्स फॉर मोल्डिंग एंड एक्सट्रूज़न
,IS 10951: 2020,पॉलीप्रोपलीन (PP) मटेरियल्स फॉर मोल्डिंग एंड एक्सट्रूज़न,"पॉलीप्रोपलीन (PP) मटेरियल्स फॉर मोल्डिंग एंड एक्सट्रूज़न (गुणवत्ता नियंत्रण) आदेश, 2024
S.O. 921(E), दिनांक 26 फरवरी 2024
पॉलीप्रोपलीन (PP) मटेरियल्स फॉर मोल्डिंग एंड एक्सट्रूज़न (गुणवत्ता नियंत्रण) संशोधन आदेश, 2024
S.O. 3594(E), दिनांक 23 अगस्त 2024
पॉलीप्रोपलीन (PP) मटेरियल्स फॉर मोल्डिंग एंड एक्सट्रूज़न (गुणवत्ता नियंत्रण) तीसरा संशोधन आदेश, 2024
S.O. 5553(E), दिनांक 24 दिसंबर 2024
पॉलीप्रोपलीन (PP) मटेरियल्स फॉर मोल्डिंग एंड एक्सट्रूज़न (गुणवत्ता नियंत्रण) संशोधन आदेश, 2025
S.O. 2788(E), दिनांक 23 जून 2025
पॉलीप्रोपलीन (PP) मटेरियल्स फॉर मोल्डिंग एंड एक्सट्रूज़न (गुणवत्ता नियंत्रण) दूसरा संशोधन आदेश, 2025
S.O. 4779(E), दिनांक 22 अक्टूबर 2025
पॉलीप्रोपलीन (PP) मटेरियल्स फॉर मोल्डिंग एंड एक्सट्रूज़न (गुणवत्ता नियंत्रण) आदेश, 2024 रद्द आदेश
S.O. 5138(E), दिनांक 12 नवंबर 2025"
डीज़ल इंजन – NOx रिडक्शन एजेंट AUS 32
557.,IS 17042 (भाग-1): 2018,डीज़ल इंजन – NOx रिडक्शन एजेंट AUS 32,"114. डीज़ल इंजन – NOx रिडक्शन एजेंट AUS 32 (गुणवत्ता नियंत्रण) आदेश, 2024
S.O. 922(E), दिनांक 26 फरवरी 2024"
एयर कूलर और एयर फ़िल्टर
558.,IS 3315:2019,वाष्पीकरण एयर कूलर (डेज़र्ट कूलर),"115. एयर कूलर और एयर फ़िल्टर (गुणवत्ता नियंत्रण) आदेश, 2023
S.O. 1114(E), दिनांक 05 मार्च 2024
एयर कूलर और एयर फ़िल्टर (गुणवत्ता नियंत्रण) आदेश, 2025
S.O. 529(E), दिनांक 30 जनवरी 2025"
559.,IS 17570 (भाग 1): 2021 ISO 16890-2: 2016,सामान्य वेंटिलेशन के लिए एयर फ़िल्टर - तकनीकी विनिर्देश और पार्टिकुलेट मैटर एफिशियेंसी (ePM) के आधार पर वर्गीकरण प्रणाली
विद्युत उपकरण
560.,IS 302 (भाग 2/सेक्शन 9): 2009,"घरेलू और समान विद्युत उपकरणों की सुरक्षा - विशेष आवश्यकताएँ - टोस्टर, ग्रिल, रोस्टर और समान उपकरण","116. रसोई के लिए विद्युत उपकरण (गुणवत्ता नियंत्रण) आदेश, 2023
S.O. 1128(E), दिनांक 05 मार्च 2024"
561.,IS 302 (भाग 2/सेक्शन 31): 2009,घरेलू और समान विद्युत उपकरणों की सुरक्षा - विशेष आवश्यकताएँ - रेंज हुड
562.,IS 302 (भाग 2/सेक्शन 23): 2009,घरेलू और समान विद्युत उपकरणों की सुरक्षा - विशेष आवश्यकताएँ - त्वचा या बालों की देखभाल के उपकरण,"117. त्वचा या बालों की देखभाल के विद्युत उपकरण (गुणवत्ता नियंत्रण) आदेश, 2023
S.O. 1125(E), दिनांक 05 मार्च 2024"
563.,IS 302 (भाग 2/ सेक्शन 80): 2017,घरेलू और समान विद्युत उपकरणों की सुरक्षा - विशेष आवश्यकताएँ - पंखे,"118. विद्युत उपकरण पंखे (गुणवत्ता नियंत्रण) आदेश, 2023
S.O. 1124(E), दिनांक 05 मार्च 2024"
564.,IS 302 (भाग 2/सेक्शन 75): 2018,घरेलू और समान विद्युत उपकरणों की सुरक्षा - विशेष आवश्यकताएँ - वाणिज्यिक डिस्पेंसिंग उपकरण और वेंडिंग मशीनें,"119. वाणिज्यिक डिस्पेंसिंग और वेंडिंग के लिए विद्युत उपकरण (गुणवत्ता नियंत्रण) आदेश, 2023
S.O. 1127(E), दिनांक 05 मार्च 2024
वाणिज्यिक डिस्पेंसिंग और वेंडिंग के लिए विद्युत उपकरण (गुणवत्ता नियंत्रण) आदेश, 2024
S.O. 4568(E), दिनांक 18 अक्टूबर 2024
वाणिज्यिक डिस्पेंसिंग और वेंडिंग के लिए विद्युत उपकरण (गुणवत्ता नियंत्रण) आदेश, 2025
S.O. 2283(E), दिनांक 21 मई 2025"
565.,IS 302 (भाग 2/सेक्शन 7): 2010,घरेलू और समान विद्युत उपकरणों की सुरक्षा - विशेष आवश्यकताएँ - घरेलू कपड़े धोने की मशीनें,"120. घरेलू कपड़े धोने के विद्युत उपकरण (गुणवत्ता नियंत्रण) आदेश, 2023
S.O. 1126(E), दिनांक 05 मार्च 2024
घरेलू कपड़े धोने के विद्युत उपकरण (गुणवत्ता नियंत्रण) आदेश, 2024
S.O. 4815(E), दिनांक 05 नवंबर 2024"
एस्बेस्टस या फाइबर सीमेंट आधारित उत्पाद
566.,IS 459:1992,तिरछे और अर्ध-तिरछे एस्बेस्टस सीमेंट शीट्स,"121. एस्बेस्टस या फाइबर सीमेंट आधारित उत्पाद (गुणवत्ता नियंत्रण) आदेश, 2024
S.O. 1152(E), दिनांक 06 मार्च 2024"
567.,IS 1592:2003,एस्बेस्टस सीमेंट प्रेशर पाइप और जोड़
568.,IS 2096:1992,एस्बेस्टस सीमेंट फ्लैट शीट्स
569.,IS 2098:1997,एस्बेस्टस सीमेंट बिल्डिंग बोर्ड्स
570.,IS 6908:1991,सीवेज और ड्रेनेज के लिए एस्बेस्टस-सीमेंट पाइप और फिटिंग्स
571.,IS 13000:1990,सिलिका-एस्बेस्टस-सीमेंट फ्लैट शीट्स
572.,IS 8870:1978,एस्बेस्टस सीमेंट केबल नालियां और ट्रॉफ़
573.,IS 9627:1980,एस्बेस्टस सीमेंट प्रेशर पाइप (हल्का कार्य)
574.,IS 13008:1990,शैलो तिरछी एस्बेस्टस सीमेंट शीट्स
575.,IS 14862:2000,फाइबर सीमेंट फ्लैट शीट्स
576.,IS 14871:2000,फाइबर रिइन्फोर्स्ड सीमेंट उत्पाद – लंबी तिरछी या असममित खंड शीट्स और छत/क्लैडिंग फिटिंग्स
जल मीटर और सहायक उपकरण
577.,IS 2373:1981,जल मीटर (थोक प्रकार),"122. जल मीटर और सहायक उपकरण (गुणवत्ता नियंत्रण) आदेश, 2023
S.O. 1142(E), दिनांक 05 मार्च 2024"
578.,IS 779:1994,जल मीटर (घरेलू प्रकार)
579.,IS 2692:1989,जल सेवाओं के लिए फेरुल्स
जिप्सम आधारित निर्माण सामग्री
580.,IS 2095 (भाग 1):2011,"जिप्सम प्लास्टर बोर्ड - विनिर्देश: भाग 1, सामान्य जिप्सम प्लास्टर बोर्ड","123. जिप्सम आधारित निर्माण सामग्री (गुणवत्ता नियंत्रण) आदेश, 2024
S.O. 1153(E), दिनांक 06 मार्च 2024
जिप्सम आधारित निर्माण सामग्री (गुणवत्ता नियंत्रण) आदेश, 2024 का सुधारपत्र
S.O. 2007(E), दिनांक 14 मई 2024
जिप्सम आधारित निर्माण सामग्री (गुणवत्ता नियंत्रण) संशोधन आदेश, 2024
S.O. 5058(E), दिनांक 25 नवंबर 2024"
581.,IS 17400:2021,ग्लास फाइबर रिइन्फोर्स्ड जिप्सम पैनल
582.,IS 2095 (भाग 2): 2022,जिप्सम प्लास्टर बोर्ड - लेपित/लैमिनेटेड जिप्सम प्लास्टर बोर्ड
583.,IS 2095 (भाग 3):2022,जिप्सम प्लास्टर बोर्ड - रिइन्फोर्स्ड जिप्सम प्लास्टर बोर्ड और छत टाइल्स
घरेलू जल हीटिंग के लिए विद्युत उपकरण
584.,IS 302 (भाग 2/सेक्शन 21): 2018,स्थिर भंडारण प्रकार के विद्युत जल हीटर के उपकरण,"124. घरेलू जल हीटिंग के लिए विद्युत उपकरण (गुणवत्ता नियंत्रण) आदेश, 2023
S.O. 1253(E), दिनांक 05 मार्च 2024
घरेलू जल हीटिंग के लिए विद्युत उपकरण (गुणवत्ता नियंत्रण) आदेश, 2025
S.O. 355(E), दिनांक 21 जनवरी 2025"
585.,IS 302 (भाग 2/सेक्शन 35): 2017,तत्काल जल हीटर के लिए उपकरण
586.,IS 368:2014,विद्युत इमर्शन जल हीटर
587.,IS 2082:2018,स्थिर भंडारण प्रकार के विद्युत जल हीटर
588.,IS 17150:2019,पाइप किए गए प्राकृतिक गैस (PNG) के लिए मिनी घरेलू जल हीटर
V-बेल्ट
589.,IS 2494 (भाग 1): 1994,वी-बेल्ट - औद्योगिक प्रयोजनों के लिए अंतहीन V-बेल्ट - सामान्य प्रयोजन,"125. V-बेल्ट (गुणवत्ता नियंत्रण) आदेश, 2024
S.O. 1252(E), दिनांक 06 मार्च 2024
V-बेल्ट (गुणवत्ता नियंत्रण) संशोधन आदेश, 2024
S.O. 4880(E), दिनांक 12 नवंबर 2024"
590.,IS 2494 (भाग 2): 1993,वी-बेल्ट - औद्योगिक प्रयोजनों के लिए अंतहीन V-बेल्ट – अग्निरोधक और एंटिस्टैटिक V-बेल्ट
591.,IS 14261: 1995,संक्रमण उपकरण – V-बेल्ट – औद्योगिक उपयोग के लिए अंतहीन संकीर्ण V-बेल्ट
टेलीस्कोपिक बॉल बेयरिंग ड्रॉअर स्लाइड
592.,IS 17954:2023,टेलीस्कोपिक बॉल बेयरिंग ड्रॉअर स्लाइड,"126. टेलीस्कोपिक बॉल बेयरिंग ड्रॉअर स्लाइड (गुणवत्ता नियंत्रण) आदेश, 2024
S.O. 1962(E), दिनांक 02 मई 2024"
क्रॉस रेस्सेड स्क्रू
593.,IS 18471 (भाग 1) : 2023/ ISO 15481:1999,फास्टनर्स - क्रॉस रेस्सेड ड्रिलिंग स्क्रू विथ टैपिंग स्क्रू थ्रेड भाग 1 पैन हेड,"127. क्रॉस रेस्सेड स्क्रू (गुणवत्ता नियंत्रण) आदेश, 2024
S.O. 4099(E), दिनांक 20 सितंबर 2024
क्रॉस रेस्सेड स्क्रू (गुणवत्ता नियंत्रण) आदेश, 2025
S.O. 3927(E), दिनांक 27 अगस्त 2025"
594.,IS 18471 (भाग 2) :2023/ ISO 15482:1999,फास्टनर्स - क्रॉस रेस्सेड ड्रिलिंग स्क्रू विथ टैपिंग स्क्रू थ्रेड भाग 2 काउंटरसंक हेड
595.,IS 18471 (भाग 3) :2023/ ISO 15483:1999,फास्टनर्स - क्रॉस रेस्सेड ड्रिलिंग स्क्रू विथ टैपिंग स्क्रू थ्रेड भाग 3 राइज्ड काउंटरसंक हेड
596.,IS 18476 : 2023/ ISO 15480:2019,फास्टनर्स - हेक्सागन वॉशर हेड ड्रिलिंग स्क्रू विथ टैपिंग स्क्रू थ्रेड
597.,IS 18480 (भाग 1) :2023/ ISO 7049 : 2011,क्रॉस रेस्सेड टैपिंग स्क्रू: भाग 1 पैन हेड
598.,IS 18480 (भाग 2) :2023/ ISO 7050 : 2011,क्रॉस रेस्सेड टैपिंग स्क्रू भाग 2 काउंटरसंक फ्लैट हेड
599.,IS 18480 (भाग 3) :2023/ ISO 7051 : 2011,क्रॉस रेस्सेड टैपिंग स्क्रू भाग 3 राइज्ड काउंटरसंक ओवल हेड
600.,IS 7483 : 2018/ ISO 7045 : 2011,पैन हेड स्क्रू विथ टाइप H या टाइप Z क्रॉस रेस्स – उत्पाद ग्रेड A
601.,IS 7485 (भाग 1) : 2018/ ISO 7046-1 : 2011,काउंटरसंक फ्लैट हेड स्क्रू (सामान्य हेड स्टाइल) विथ टाइप H या टाइप Z क्रॉस रेस्स - उत्पाद ग्रेड A भाग 1 स्टील स्क्रू प्रॉपर्टी क्लास 4.8
602.,IS 7485 (भाग 2) : 2018/ ISO 7046-2 : 2011,"काउंटरसंक फ्लैट हेड स्क्रू (सामान्य हेड स्टाइल) विथ टाइप H या टाइप Z क्रॉस रेस्स - उत्पाद ग्रेड A भाग 2 स्टील स्क्रू प्रॉपर्टी क्लास 8.8, स्टेनलेस स्टील स्क्रू और नॉन-फेरस मेटल स्क्रू"
603.,IS 7486 : 2018/ ISO 7047 : 2011,राइज्ड काउंटरसंक हेड स्क्रू (सामान्य हेड स्टाइल) विथ टाइप H या टाइप Z क्रॉस रेस्स - उत्पाद ग्रेड A
604.,IS 18507 : 2024,ड्राईवाल स्क्रू – विनिर्देश
605.,IS 18508 : 2024,चिपबोर्ड स्क्रू – विनिर्देश
606.,IS 18509 : 2023,क्रॉस-रेस्सेड काउंटरसंक हेड वुड स्क्रू – विनिर्देश
"घरेलू, व्यावसायिक और समान विद्युत उपकरणों की सुरक्षा"
607.,IS 302 (भाग 1) : 2024 IEC 60335-1:2020,"सभी विद्युत उपकरण
  वैक्यूम क्लीनर और जल-संवेदी सफाई उपकरण","128. घरेलू, व्यावसायिक और समान विद्युत उपकरणों की सुरक्षा (गुणवत्ता नियंत्रण) आदेश, 2024
S.O. 4098(E), दिनांक 20 सितंबर 2024
घरेलू, व्यावसायिक और समान विद्युत उपकरणों की सुरक्षा (गुणवत्ता नियंत्रण) आदेश, 2025
S.O. 2232(E), दिनांक 19 मई 2025"
स्पिन एक्सट्रैक्टर्स
"कुकिंग रेंज, हॉब्स, ओवन और समान उपकरण"
"इलेक्ट्रिक शेवर, हेयर क्लिपर्स और समान उपकरण"
टम्बलर ड्रायर्स
वार्मिंग प्लेट और समान उपकरण
"फ्राइंग पैन, डीप फैट फ्रायर और समान उपकरण"
तरल पदार्थ गर्म करने के उपकरण
मसाज उपकरण
"इलेक्ट्रिक फोर्स्ड कन्वेक्शन ओवन, स्टीम कूकर और स्टीम-कन्वेक्शन ओवन"
इलेक्ट्रिक हीटिंग टूल्स
इलेक्ट्रिक स्टीम कूकर
कीट नाशक उपकरण
इनडोर उपयोग के लिए इलेक्ट्रिक कॉल बेल और बज़र
इलेक्ट्रिक वॉटर बॉयलर
इलेक्ट्रिक कॉफी मेकर
इलेक्ट्रिक बीन्स स्लाइसर
इलेक्ट्रिक बेरी जूस एक्सट्रैक्टर
इलेक्ट्रिक कैन ओपनर
इलेक्ट्रिक सेंट्रीफ्यूगल जूसर
इलेक्ट्रिक चर्न
इलेक्ट्रिक सिट्रस फ्रूट स्क्वीज़र
इलेक्ट्रिक कॉफी मिल्स (500g हॉपपर क्षमता तक)
इलेक्ट्रिक क्रीम व्हिपर
इलेक्ट्रिक एग बीटर
इलेक्ट्रिक फूड प्रोसेसर
इलेक्ट्रिक ग्रेन ग्राइंडर (3l हॉपपर क्षमता तक)
इलेक्ट्रिक ग्रेटर्स
"इलेक्ट्रिक आइसक्रीम मशीन, फ्रिज और फ्रीजर उपयोग सहित"
इलेक्ट्रिक नाइफ शार्पनर
इलेक्ट्रिक चाकू
इलेक्ट्रिक नूडल मेकर
इलेक्ट्रिक आलू छीलने वाला
इलेक्ट्रिक श्रेडर
इलेक्ट्रिक सीविंग मशीन
स्लाइसिंग मशीन
इलेक्ट्रिक हॉट प्लेट
सिंगल वॉल्ड बेकिंग ओवन
लो स्पीड फूड ग्राइंडिंग मशीन
डिशवॉशर
फ्लोर ट्रीटमेंट मशीन और वेट स्क्रबिंग मशीन
फूड वेस्ट डिस्पोज़र
"कंबल, पैड, कपड़े और समान लचीले हीटिंग उपकरण"
त्वचा पर ऑप्टिकल विकिरण एक्सपोज़र के लिए उपकरण
"व्यावसायिक इलेक्ट्रिक कुकिंग रेंज, ओवन, हॉब और हॉब एलिमेंट"
व्यावसायिक इलेक्ट्रिक डोनट फ्रायर और डीप फैट फ्रायर
व्यावसायिक इलेक्ट्रिक ग्रिडल और ग्रिडल ग्रिल
व्यावसायिक इलेक्ट्रिक मल्टी-पर्पज कुकिंग पैन
"व्यावसायिक इलेक्ट्रिक फोर्स्ड कन्वेक्शन ओवन, स्टीम कूकर और स्टीम-कन्वेक्शन ओवन"
कपड़े सुखाने वाले और तौलिया रेल
व्यावसायिक इलेक्ट्रिक बॉइलिंग पैन
व्यावसायिक इलेक्ट्रिक ग्रिल और टोस्टर
खाद्य और बर्तन गर्म रखने के लिए व्यावसायिक इलेक्ट्रिक उपकरण
व्यावसायिक इलेक्ट्रिक बैन मैरी
मौखिक स्वच्छता उपकरण
सॉना हीटिंग उपकरण और इन्फ्रारेड केबिन
तरल या भाप का उपयोग करने वाले घरेलू सतह-सफाई उपकरण
एक्वेरियम और गार्डन पोंड के लिए इलेक्ट्रिक उपकरण
व्यावसायिक इलेक्ट्रिक डिशवॉशिंग मशीन
व्हर्लपूल बाथ और व्हर्लपूल स्पा
थर्मल स्टोरेज रूम हीटर
व्यावसायिक इलेक्ट्रिक रिंसिंग सिंक
व्यावसायिक इलेक्ट्रिक किचन मशीन
एयर क्लीनिंग उपकरण
वॉटर-बेड हीटर
फिक्स्ड इमर्शन हीटर
आउटडोर बारबेक्यू
फुट वार्मर और हीटिंग मैट
मनोरंजन मशीन और व्यक्तिगत सेवा मशीन
टॉयलेट उपकरण
फैब्रिक स्टीमर
आवासीय उपयोग के लिए वर्टिकली मूविंग गैराज दरवाजे के ड्राइव
ह्यूमिडिफ़ायर
व्यावसायिक इलेक्ट्रिक हुड
वापोराइज़र
"गैस, तेल और ठोस ईंधन जलाने वाले उपकरण जिनमें विद्युत कनेक्शन हों"
इलेक्ट्रोलाइज़र
ब्यूटी केयर उपकरण जिनमें लेजर और तीव्र प्रकाश स्रोत शामिल हों
व्यक्तिगत ई-ट्रांसपोर्टर
त्वचा सुंदरता देखभाल उपकरण
विद्युत मोटरयुक्त फर्नीचर
व्यावसायिक वैक्यूम पैकेजिंग उपकरण
हैंड हेल्ड इलेक्ट्रिक एंग्रेविंग टूल्स
DC सप्लाई / बैटरी संचालित वैक्यूम क्लीनर
"DC सप्लाई / बैटरी संचालित शेवर, ट्रिमर, क्लिपर और समान उपकरण"
DC सप्लाई / बैटरी संचालित मसाज उपकरण
"DC सप्लाई / बैटरी संचालित ब्लेंडर, जूसर"
DC सप्लाई / बैटरी संचालित टूथब्रश और अन्य मौखिक स्वच्छता उपकरण
DC सप्लाई / बैटरी संचालित फुट वार्मर और हीटिंग मैट
DC सप्लाई / बैटरी संचालित एयर प्यूरीफायर
हैंड टूल्स
608.,IS 4123:1982,चेन पाइप रिंच,"129. हैंड टूल्स (गुणवत्ता नियंत्रण) आदेश, 2024
S.O. 4183(E), दिनांक 24 सितंबर 2024
हैंड टूल्स (गुणवत्ता नियंत्रण) आदेश, 2025
S.O. 3385(E), दिनांक 24 जुलाई 2025
हैंड टूल्स (गुणवत्ता नियंत्रण) आदेश, 2025
S.O. 5596(E), दिनांक 04 दिसंबर 2025"
609.,IS 4508:1992,ओपन एंडेड स्लगिंग रिंच (स्पैनर्स)
610.,IS 4509:1992,रिंग स्लगिंग रिंच (स्पैनर्स)
611.,IS 6149:1984,सिंगल-एंडेड ओपन-जॉव एडजस्टेबल रिंच
612.,IS 2028:2004,ओपन-जॉव रिंच (स्पैनर्स)
613.,IS 2029:1998,रिंग रिंच (स्पैनर्स)
614.,IS 4003 (Part 1): 1978,पाइप रिंच – सामान्य उपयोग
615.,IS 4003 (Part 2): 1986,पाइप रिंच – भारी कार्य के लिए
616.,IS 3650:1981,कॉम्बिनेशन साइड कटिंग प्लायर्स
इंडुटेक
617.,IS 15041:2001,टेक्सटाइल – सामान्य उपयोग के लिए मानव निर्मित फाइबर से बने फ्लैट वेवन वेबिंग स्लिंग्स,"130. इंडुटेक (गुणवत्ता नियंत्रण) आदेश, 2024
S.O. 4326(E), दिनांक 03 अक्टूबर 2024"
रस्सियाँ और कॉर्डेज
618.,IS 1084:2005,टेक्सटाइल — मनिला रस्सियाँ — विनिर्देशन,"131. रस्सियाँ और कॉर्डेज (गुणवत्ता नियंत्रण) आदेश, 2024
S.O. 4327(E), दिनांक 03 अक्टूबर 2024"
619.,IS 11066:2022,"फाइबर रस्सियाँ — पॉलिएस्टर — 3-, 4-, 8- और 12- स्ट्रैंड रस्सियाँ"
620.,IS 14928:2001,टेक्सटाइल — मिश्रित सिंथेटिक फाइबर रस्सियाँ — विनिर्देशन
621.,IS 14929:2022,मिक्स्ड पॉलीओलेफिन फाइबर रस्सियाँ
622.,IS 1804:2004,स्टील वायर रस्सियाँ – फाइबर मुख्य कोर – विनिर्देशन
623.,IS 4572:2022,"फाइबर रस्सियाँ — पॉलीएमाइड — 3-, 4-, 8- और 12- स्ट्रैंड रस्सियाँ"
624.,IS 5175:2022,"फाइबर रस्सियाँ — पॉलीप्रोपलीन स्प्लिट फिल्म, मोनोफिलामेंट और मल्टीफिलामेंट (PP2) तथा पॉलीप्रोपलीन हाई-टेन्सिटी मल्टीफिलामेंट (PP3) — 3-, 4-, 8- और 12- स्ट्रैंड रस्सियाँ"
625.,IS 8674 : 2013,फाइबर रस्सियाँ — पॉलीइथिलीन — 3- और 4- स्ट्रैंड रस्सियाँ
626.,IS 17609 : 2021,पॉलीएस्टर / पॉलीओलेफिन डुअल फाइबर की फाइबर रस्सियाँ
"सोलर थर्मल सिस्टम, उपकरण और घटक"
627.,"IS 12933 (भाग 1): 2003
IS 12933 (भाग 2): 2003",सोलर फ्लैट प्लेट कलेक्टर सोलर वॉटर हीटिंग सिस्टम के लिए,"132. सोलर थर्मल सिस्टम, उपकरण और घटक (गुणवत्ता नियंत्रण) आदेश, 2024
S.O. 4485(E), दिनांक 14 अक्टूबर 2024"
628.,IS 16544: 2016,ऑल ग्लास एवैक्यूएटेड ट्यूब सोलर वॉटर हीटिंग सिस्टम
629.,IS 16542: 2016,स्टोरेज वॉटर टैंक ऑल ग्लास एवैक्यूएटेड ट्यूब सोलर वॉटर हीटिंग सिस्टम के लिए
"H एसिड, K एसिड और विनाइल सल्फोन"
,IS 8637 : 2020,H एसिड,"H एसिड (गुणवत्ता नियंत्रण) आदेश, 2024
S.O. 4925(E), दिनांक 14 नवंबर 2024
H एसिड (गुणवत्ता नियंत्रण) संशोधन आदेश, 2025
S.O.2144(E), दिनांक 14 मई 2025
H एसिड (गुणवत्ता नियंत्रण) दूसरा संशोधन आदेश, 2025
S.O.3530(E), दिनांक 30 जुलाई 2025
H एसिड (गुणवत्ता नियंत्रण) आदेश, 2024 रद्द आदेश
S.O. 5310(E), दिनांक 20 नवंबर 2025"
,IS 11557: 1986,K एसिड,"K एसिड (गुणवत्ता नियंत्रण) आदेश, 2024
S.O. 4926(E), दिनांक 14 नवंबर 2024
K एसिड (गुणवत्ता नियंत्रण) संशोधन आदेश, 2025
S.O.2145(E), दिनांक 14 मई 2025
K एसिड (गुणवत्ता नियंत्रण) आदेश, 2024 रद्द आदेश
S.O. 5311(E), दिनांक 20 नवंबर 2025"
,IS 18340 : 2023,विनाइल सल्फोन,"विनाइल सल्फोन (गुणवत्ता नियंत्रण) आदेश, 2024
S.O. 4927(E), दिनांक 14 नवंबर 2024
विनाइल सल्फोन (गुणवत्ता नियंत्रण) संशोधन आदेश, 2025
S.O.2146(E), दिनांक 14 मई 2025
विनाइल सल्फोन (गुणवत्ता नियंत्रण) दूसरा संशोधन आदेश, 2025
S.O.3531(E), दिनांक 30 जुलाई 2025
विनाइल सल्फोन (गुणवत्ता नियंत्रण) आदेश, 2024 रद्द आदेश
S.O. 5312(E), दिनांक 20 नवंबर 2025"
इलेक्ट्रिक फेंस एनर्जाइजर्स
630.,IS 302-2-76:1999,"घरेलू और समान इलेक्ट्रिकल उपकरणों की सुरक्षा - भाग 2, विशेष आवश्यकता सेक्शन 76 इलेक्ट्रिक फेंस एनर्जाइजर्स","133. इलेक्ट्रिक फेंस एनर्जाइजर्स (गुणवत्ता नियंत्रण) आदेश, 2024
S.O. 4958(E), दिनांक 19 नवंबर 2024"
फ्लैशलाइट
631.,IS 2083:2024,फ्लैशलाइट - विनिर्देशन,"134. फ्लैशलाइट (गुणवत्ता नियंत्रण) आदेश, 2025
S.O. 501(E), दिनांक 28 जनवरी 2025"
स्टेनलेस स्टील पाइप्स और ट्यूब्स
632.,IS 17875: 2022,सामान्य उपयोग के लिए स्टेनलेस स्टील सीमलेस पाइप्स और ट्यूब्स,"135. स्टेनलेस स्टील पाइप्स और ट्यूब्स (गुणवत्ता नियंत्रण) आदेश, 2025
S.O. 693(E), दिनांक 11 फरवरी 2025"
633.,IS 17876: 2022,सामान्य उपयोग के लिए स्टेनलेस स्टील वेल्डेड पाइप्स और ट्यूब्स
फर्नीचर
634.,IS 17631: 2022,वर्क चेयर्स,"136. फर्नीचर (गुणवत्ता नियंत्रण) आदेश, 2025
S.O. 801(E), दिनांक 14 फरवरी 2025"
635.,IS 17632: 2022,सामान्य उद्देश्य की चेयर्स और स्टूल्स
636.,IS 17633: 2022,टेबल्स और डेस्क
637.,IS 17634: 2022,स्टोरेज यूनिट्स
638.,IS 17635: 2022,बेड्स
639.,IS 17636: 2022,बंक बेड्स
गैर-लौह शुद्ध धातुएँ
,IS 2782: 2023,शुद्ध निकल,"शुद्ध निकल (गुणवत्ता नियंत्रण) आदेश, 2025
S.O. 1766(E), दिनांक 17 अप्रैल 2025
शुद्ध निकल (गुणवत्ता नियंत्रण) संशोधन आदेश, 2025
S.O. 4370(E), दिनांक 25 सितंबर 2025
शुद्ध निकल (गुणवत्ता नियंत्रण) आदेश, 2025 रद्द आदेश
S.O. 5168(E), दिनांक 13 नवंबर 2025"
,IS 27: 2023,प्राथमिक सीसा,"प्राथमिक सीसा (गुणवत्ता नियंत्रण) आदेश, 2025
S.O. 1767(E), दिनांक 17 अप्रैल 2025
प्राथमिक सीसा (गुणवत्ता नियंत्रण) संशोधन आदेश, 2025
S.O. 4367(E), दिनांक 25 सितंबर 2025
प्राथमिक सीसा (गुणवत्ता नियंत्रण) आदेश, 2025 रद्द आदेश
S.O. 5170(E), दिनांक 13 नवंबर 2025"
,IS 209: 2024,शुद्ध जिंक,"शुद्ध जिंक (गुणवत्ता नियंत्रण) आदेश, 2025
S.O. 1768(E), दिनांक 17 अप्रैल 2025
शुद्ध जिंक (गुणवत्ता नियंत्रण) संशोधन आदेश, 2025
S.O. 4368(E), दिनांक 25 सितंबर 2025
शुद्ध जिंक (गुणवत्ता नियंत्रण) आदेश, 2025 रद्द आदेश
S.O. 5169(E), दिनांक 13 नवंबर 2025"
,IS 26: 2024,टिन इनगॉट,"टिन इनगॉट (गुणवत्ता नियंत्रण) आदेश, 2025
S.O. 1769(E), दिनांक 17 अप्रैल 2025
टिन इनगॉट (गुणवत्ता नियंत्रण) संशोधन आदेश, 2025
S.O. 4369(E), दिनांक 25 सितंबर 2025
टिन इनगॉट (गुणवत्ता नियंत्रण) आदेश, 2025 रद्द आदेश
S.O. 5167(E), दिनांक 13 नवंबर 2025"
