canonical_entity,canonical_entity_id,source_sheet,source_row,source_centre_ids,centre_name,centre_code,address,city,district,state,pin,recognition_status,recognition_status_raw,validity,hallmarking_scope,services,source_url
HALLMARKING,HM-00001,,2,AHC-CRO-RAHC-R-110002,M/s Jalan Hallmarking Centre,CRO/RAHC/R-110002,"II-C/16 Lajpat Nagar Central Market New Delhi, SOUTH DELHI, LAJPAT NAGAR (SOUTH DELHI), DELHI ,110025",LAJPAT NAGAR (SOUTH DELHI),SOUTH DELHI,DELHI,110025,ACTIVE,Operative,31/07/2028,"Yellow Gold,Silver Hallmarking",Assaying & Hallmarking,https://www.manakonline.in/MANAK/AHCListForWebsite
HALLMARKING,HM-00002,,3,AHC-CRO-RAHC-R-110006,SHRI SALASAR BALAJI HALLMARKING CENTRE,CRO/RAHC/R-110006,"1189 JORAWAR BHAWAN,2nd FLOOR PARTANIO KA RASTAJOHARI BAZAR, JAIPUR, JAIPUR CITY, RAJASTHAN ,302003",JAIPUR CITY,JAIPUR,RAJASTHAN,302003,ACTIVE,Operative,21/01/2028,Gold & Silver Both Hallmarking,Assaying & Hallmarking,https://www.manakonline.in/MANAK/AHCListForWebsite
HALLMARKING,HM-00003,,4,AHC-CRO-RAHC-R-110017,City Hallmarking Centre,CRO/RAHC/R-110017,"2780/20, 1st Floor, Beadon Pura,Karol Bagh, New Delhi, CENTRAL DELHI, KAROL BAGH, DELHI ,110005",KAROL BAGH,CENTRAL DELHI,DELHI,110005,ACTIVE,Operative,10/04/2029,Gold & Silver Both Hallmarking,Assaying & Hallmarking,https://www.manakonline.in/MANAK/AHCListForWebsite
HALLMARKING,HM-00004,,5,AHC-CRO-RAHC-R-110031,SIDDHNATH ASSAYING & HALLMARKING CENTRE,CRO/RAHC/R-110031,"137 S/F, Moti Bazar, Chandni ChowkDelhi, NORTH DELHI, CHANDNI CHOWK, DELHI ,110006",CHANDNI CHOWK,NORTH DELHI,DELHI,110006,ACTIVE,Operative,14/06/2027,Yellow Gold Hallmarking,Assaying & Hallmarking,https://www.manakonline.in/MANAK/AHCListForWebsite
HALLMARKING,HM-00005,,6,AHC-CRO-RAHC-R-110033,SAVITREE HALLMARKING & REFINERY,CRO/RAHC/R-110033,"2165-2166,4th FLOOR, CHAKSU KA CHOWKHALDIYON KA RASTA, JOHARI BAZAR JAIPUR, JAIPUR, JAIPUR CITY, RAJASTHAN ,302003",JAIPUR CITY,JAIPUR,RAJASTHAN,302003,ACTIVE,Operative,11/02/2028,Gold & Silver Both Hallmarking,Assaying & Hallmarking,https://www.manakonline.in/MANAK/AHCListForWebsite
HALLMARKING,HM-00007,,7,AHC-CRO-RAHC-R-110041,LAWAT HALLMARKING CENTER PRIVATE LIMITED,CRO/RAHC/R-110041,"1733, Jat Ke Kue Ka Rasta,Chandpole Bazar,, JAIPUR, JAIPUR, RAJASTHAN ,302001",JAIPUR,JAIPUR,RAJASTHAN,302001,ACTIVE,Operative,26/11/2027,Yellow Gold Hallmarking,Assaying & Hallmarking,https://www.manakonline.in/MANAK/AHCListForWebsite
HALLMARKING,HM-00008,,8,AHC-CRO-RAHC-R-110042,SAMRIDDHI ASSAYING & HALLMARKING CENTRE,CRO/RAHC/R-110042,"1170, 4th Floor, Kucha Mahajani,Chandni Chowk, Delhi, NORTH DELHI, CHANDNI CHOWK, DELHI ,110006",CHANDNI CHOWK,NORTH DELHI,DELHI,110006,ACTIVE,Operative,06/12/2027,Yellow Gold Hallmarking,Assaying & Hallmarking,https://www.manakonline.in/MANAK/AHCListForWebsite
HALLMARKING,HM-00011,,9,AHC-CRO-RAHC-R-110045,Prince Hallmarking and Refinery Private Limited,CRO/RAHC/R-110045,"Shri Balaji Complex, Shop No G -2Ground Floor No 68, BADA SARAFA, INDORE, INDORE CLOTH MARKET, MADHYA PRADESH ,452002",INDORE CLOTH MARKET,INDORE,MADHYA PRADESH,452002,ACTIVE,Operative,27/07/2028,Gold & Silver Both Hallmarking,Assaying & Hallmarking,https://www.manakonline.in/MANAK/AHCListForWebsite
HALLMARKING,HM-00012,,10,AHC-CRO-RAHC-R-110046,M/s Shree Katyayani Enterprises,CRO/RAHC/R-110046,"Prop No. 1072, 3rd Floor, Kucha Natwan,Chandni Chowk Area, New Delhi, Central Delhi – 110 006, NORTH DELHI, CHANDNI CHOWK, DELHI ,110006",CHANDNI CHOWK,NORTH DELHI,DELHI,110006,SUSPENDED,Under Suspension,01/05/2028,"Yellow Gold,Silver Hallmarking",Assaying & Hallmarking,https://www.manakonline.in/MANAK/AHCListForWebsite
HALLMARKING,HM-00014,,11,AHC-CRO-RAHC-R-110049,HRDK HALLMARKING CENTRE,CRO/RAHC/R-110049,"NEAR JULAHO KI MASJID, BAIJI KA TALAB, JODHPUR, JODHPUR CITY, RAJASTHAN ,342001",JODHPUR CITY,JODHPUR,RAJASTHAN,342001,ACTIVE,Operative,08/02/2029,Gold & Silver Both Hallmarking,Assaying & Hallmarking,https://www.manakonline.in/MANAK/AHCListForWebsite
HALLMARKING,HM-00015,,12,AHC-CRO-RAHC-R-110051,SRI GANGANAGAR HALLMARKING CENTRE,CRO/RAHC/R-110051,"SHOP NO.-59 FIRST FLOOR OLD DHAN MANDISRI GANGANAGAR, GANGANAGAR, SRIGANGANAGAR, RAJASTHAN ,335001",SRIGANGANAGAR,GANGANAGAR,RAJASTHAN,335001,ACTIVE,Operative,02/02/2029,Gold Hallmarking,Assaying & Hallmarking,https://www.manakonline.in/MANAK/AHCListForWebsite
HALLMARKING,HM-00016,,13,AHC-CRO-RAHC-R-110053,Ms Swarn Assaying & Hallmarking Centre,CRO/RAHC/R-110053,"B-1/17 krishna nagarDelhi-110051, EAST DELHI, KRISHNA NAGAR, DELHI ,110051",KRISHNA NAGAR,EAST DELHI,DELHI,110051,ACTIVE,Operative,09/01/2029,Yellow Gold Hallmarking,Assaying & Hallmarking,https://www.manakonline.in/MANAK/AHCListForWebsite
HALLMARKING,HM-00017,,14,AHC-CRO-RAHC-R-110056,Shri Salasar Balaji Hallmarking Centre,CRO/RAHC/R-110056,"G 1-5 & 6, EPIPSitapura IndustrialArea, Tonk Road, JAIPUR, SITAPURA INDUSTRIAL AREA, RAJASTHAN ,302022",SITAPURA INDUSTRIAL AREA,JAIPUR,RAJASTHAN,302022,ACTIVE,Operative,15/06/2029,Yellow Gold Hallmarking,Assaying & Hallmarking,https://www.manakonline.in/MANAK/AHCListForWebsite
HALLMARKING,HM-00019,,15,AHC-CRO-RAHC-R-110058,M/s Mahalaxmi Hallmarking Centre,CRO/RAHC/R-110058,"WZ-142C, IInd & IIIrd floor Shriram ComplexArya Samaj Road, Uttam Nagar, Delhi, WEST DELHI, UTTAM NAGAR, DELHI ,110059",UTTAM NAGAR,WEST DELHI,DELHI,110059,SUSPENDED,Under Suspension,29/10/2026,Yellow Gold Hallmarking,Assaying & Hallmarking,https://www.manakonline.in/MANAK/AHCListForWebsite
HALLMARKING,HM-00020,,16,AHC-CRO-RAHC-R-110059,DELHI HALLMARKING CENTRE,CRO/RAHC/R-110059,"2782/20-21, 1st floor Beadon puraKarol Bagh Delhi, CENTRAL DELHI, KAROL BAGH, DELHI ,110005",KAROL BAGH,CENTRAL DELHI,DELHI,110005,ACTIVE,Operative,30/09/2026,"Yellow Gold,Silver Hallmarking",Assaying & Hallmarking,https://www.manakonline.in/MANAK/AHCListForWebsite
HALLMARKING,HM-00022,,17,AHC-CRO-RAHC-R-110062,P S HALLMARKING CENTRE,CRO/RAHC/R-110062,"29/3A 4A 5A 6A 7A 8A,SARRAFA BAZARKUCHA NEEL,MEERUT, MEERUT, MEERUT CITY, UTTAR PRADESH ,250002",MEERUT CITY,MEERUT,UTTAR PRADESH,250002,ACTIVE,Operative,17/11/2026,Yellow Gold Hallmarking,Assaying & Hallmarking,https://www.manakonline.in/MANAK/AHCListForWebsite
HALLMARKING,HM-00025,,18,AHC-CRO-RAHC-R-110068,S R ASSAYING AND HALLMARKING CENTRE,CRO/RAHC/R-110068,"23/20-B, First FloolTilak Nagar, New Delhi, WEST DELHI, TILAK NAGAR (WEST DELHI), DELHI ,110018",TILAK NAGAR (WEST DELHI),WEST DELHI,DELHI,110018,ACTIVE,Operative,16/03/2027,Yellow Gold Hallmarking,Assaying & Hallmarking,https://www.manakonline.in/MANAK/AHCListForWebsite
HALLMARKING,HM-00026,,19,AHC-CRO-RAHC-R-110070,Krishna Hallmarking Centre,CRO/RAHC/R-110070,"A-7/29, Frist Floor, Krishna NagarNew delhi, NEW DELHI, NEW DELHI G.P.O., DELHI ,110051",NEW DELHI G.P.O,NEW DELHI,DELHI,110051,ACTIVE,Operative,06/09/2027,"Yellow Gold,Silver Hallmarking",Assaying & Hallmarking,https://www.manakonline.in/MANAK/AHCListForWebsite
HALLMARKING,HM-00028,,20,AHC-CRO-RAHC-R-110072,SHRI BALAJI HALLMARKING CENTRE,CRO/RAHC/R-110072,"WARD NO 16, NAYA SHAHAR, NEAR DUJOD GATESIKAR , RAJASTHAN, SIKAR, SIKAR, RAJASTHAN ,332001",SIKAR,SIKAR,RAJASTHAN,332001,ACTIVE,Operative,20/05/2027,Yellow Gold Hallmarking,Assaying & Hallmarking,https://www.manakonline.in/MANAK/AHCListForWebsite
HALLMARKING,HM-00029,,21,AHC-CRO-RAHC-R-110075,IDGL Hallmarking Centre,CRO/RAHC/R-110075,"91-A, Block-A, First Floor, Central MarketLajpat Nagar-ll , New Delhi, SOUTH DELHI, LAJPAT NAGAR (SOUTH DELHI), DELHI ,110024",LAJPAT NAGAR (SOUTH DELHI),SOUTH DELHI,DELHI,110024,ACTIVE,Operative,22/09/2027,"Yellow Gold,Silver Hallmarking",Assaying & Hallmarking,https://www.manakonline.in/MANAK/AHCListForWebsite
HALLMARKING,HM-00031,,22,AHC-CRO-RAHC-R-110077,CHETNA ASSAYING AND HALLMARKING CENTRE,CRO/RAHC/R-110077,"1164, 4th Floor, Kuchamahajani,Chadni Chowk, Delhi, NORTH DELHI, CHANDNI CHOWK, DELHI ,110006",CHANDNI CHOWK,NORTH DELHI,DELHI,110006,SUSPENDED,Under Suspension(Gold Only),18/10/2027,"Yellow Gold,Silver Hallmarking",Assaying & Hallmarking,https://www.manakonline.in/MANAK/AHCListForWebsite
HALLMARKING,HM-00032,,23,AHC-CRO-RAHC-R-110078,SHREE KALYAN HALLMARKING CENTRE,CRO/RAHC/R-110078,"13/301 OPPOSITE MAHILA SIKSHA SADANNAYA BAZAR, AJMER, AJMER, AJMER, RAJASTHAN ,305001",AJMER,AJMER,RAJASTHAN,305001,ACTIVE,Operative,13/01/2028,Gold Hallmarking,Assaying & Hallmarking,https://www.manakonline.in/MANAK/AHCListForWebsite
HALLMARKING,HM-00033,,24,AHC-CRO-RAHC-R-110079,M/s Lalji Assaying and Hallmarking Centre,CRO/RAHC/R-110079,"201-202, IInd floor, Kohinoor plazaBldg. no. 2581-82, Gali no. 5-6, Beadonpura Karol Bagh, New Delhi, CENTRAL DELHI, KAROL BAGH, DELHI ,110005",KAROL BAGH,CENTRAL DELHI,DELHI,110005,ACTIVE,Operative,07/01/2028,"Yellow Gold,Silver Hallmarking",Assaying & Hallmarking,https://www.manakonline.in/MANAK/AHCListForWebsite
HALLMARKING,HM-00035,,25,AHC-CRO-RAHC-R-110082,J P Testing and gold hallmarking Centre,CRO/RAHC/R-110082,"Ward no 7, Holi darwaja , Dulhe Singh RastaChomu , Distt Jaipur Rural, JAIPUR, JAIPUR, RAJASTHAN ,303702",JAIPUR,JAIPUR,RAJASTHAN,303702,SUSPENDED,Under Suspension,08/03/2028,Yellow Gold Hallmarking,Assaying & Hallmarking,https://www.manakonline.in/MANAK/AHCListForWebsite
HALLMARKING,HM-00036,,26,AHC-CRO-RAHC-R-110083,M/s Gehna Hallmarking Centre,CRO/RAHC/R-110083,"3533, Ground Floor, Gali No-6-7 RegharpuraKarol Bagh, New Delhi, CENTRAL DELHI, KAROL BAGH, DELHI ,110005",KAROL BAGH,CENTRAL DELHI,DELHI,110005,ACTIVE,Operative,24/04/2028,Yellow Gold Hallmarking,Assaying & Hallmarking,https://www.manakonline.in/MANAK/AHCListForWebsite
HALLMARKING,HM-00038,,27,AHC-CRO-RAHC-R-110085,M/s National Hallmarking Centre,CRO/RAHC/R-110085,"1170/1240, 5th Floor Kucha MahajaniChandni Chowk, Delhi, NORTH DELHI, CHANDNI CHOWK, DELHI ,110006",CHANDNI CHOWK,NORTH DELHI,DELHI,110006,SUSPENDED,Under Suspension,27/04/2022,Yellow Gold Hallmarking,Assaying & Hallmarking,https://www.manakonline.in/MANAK/AHCListForWebsite
HALLMARKING,HM-00040,,28,AHC-CRO-RAHC-R-110087,IDGL GOLD HALLMARKING CENTRE,CRO/RAHC/R-110087,"301-302,3rd floor, 2142-44, Vishnu Kiran Chamber, Gurudwara Road,Karol Bagh, New Delhi, CENTRAL DELHI, KAROL BAGH, DELHI ,110005",KAROL BAGH,CENTRAL DELHI,DELHI,110005,ACTIVE,Operative,01/05/2028,Yellow Gold Hallmarking,Assaying & Hallmarking,https://www.manakonline.in/MANAK/AHCListForWebsite
HALLMARKING,HM-00041,,29,AHC-CRO-RAHC-R-110089,S.P. Assayers and Hallmarking,CRO/RAHC/R-110089,"2654, 3rd Floor, Chawla tower, Bank StreetKarol Bagh, New Delhi, CENTRAL DELHI, KAROL BAGH, DELHI ,110005",KAROL BAGH,CENTRAL DELHI,DELHI,110005,ACTIVE,Operative,28/04/2028,Yellow Gold Hallmarking,Assaying & Hallmarking,https://www.manakonline.in/MANAK/AHCListForWebsite
HALLMARKING,HM-00043,,30,AHC-CRO-RAHC-R-110092,M/s Labin Gem Testing & Hallmarking Center,CRO/RAHC/R-110092,"3090/35, 1st Floor BeadonpuraKarol Bagh, New Delhi, CENTRAL DELHI, KAROL BAGH, DELHI ,110005",KAROL BAGH,CENTRAL DELHI,DELHI,110005,ACTIVE,Operative,27/11/2022,Yellow Gold Hallmarking,Assaying & Hallmarking,https://www.manakonline.in/MANAK/AHCListForWebsite
HALLMARKING,HM-00044,,31,AHC-CRO-RAHC-R-110093,M/s N.C. & Co. Hallmarking Centre,CRO/RAHC/R-110093,"3321/26, 3rd Floor, BeadonpuraBank Street, Karol Bagh, CENTRAL DELHI, KAROL BAGH, DELHI ,110005",KAROL BAGH,CENTRAL DELHI,DELHI,110005,SUSPENDED,Under Suspension,03/07/2022,Yellow Gold Hallmarking,Assaying & Hallmarking,https://www.manakonline.in/MANAK/AHCListForWebsite
HALLMARKING,HM-00045,,32,AHC-CRO-RAHC-R-110093-O1-,M/s N.C. & Co. Hallmarking Centre,CRO/RAHC/R-110093(O1),"3321/26, 3rd Floor, BeadonpuraBank Street, Karol Bagh, CENTRAL DELHI, KAROL BAGH, DELHI ,110005",KAROL BAGH,CENTRAL DELHI,DELHI,110005,ACTIVE,Operative,03/07/2022,Yellow Gold Hallmarking,Assaying & Hallmarking,https://www.manakonline.in/MANAK/AHCListForWebsite
HALLMARKING,HM-00047,,33,AHC-CRO-RAHC-R-110095,M/s Vinayak Assaying & Hallmarking Pvt. Ltd,CRO/RAHC/R-110095,"160, 3rd Floor, Kapil ViharSaraswati Vihar, Delhi, NORTH WEST DELHI, SARASWATI VIHAR, DELHI ,110034",SARASWATI VIHAR,NORTH WEST DELHI,DELHI,110034,ACTIVE,Operative,03/08/2028,Yellow Gold Hallmarking,Assaying & Hallmarking,https://www.manakonline.in/MANAK/AHCListForWebsite
HALLMARKING,HM-00048,,34,AHC-CRO-RAHC-R-110096,Sidhnath Gold Hallmark Centre,CRO/RAHC/R-110096,"437/17, SAIYYAD WALI GALI, RAILWAY ROAD, ROHTAKHARYANA, 124001, ROHTAK, JHAJJAR ROAD ROHTAK, HARYANA ,124001",JHAJJAR ROAD ROHTAK,ROHTAK,HARYANA,124001,ACTIVE,Operative,03/12/2028,Yellow Gold Hallmarking,Assaying & Hallmarking,https://www.manakonline.in/MANAK/AHCListForWebsite
HALLMARKING,HM-00050,,35,AHC-CRO-RAHC-R-110102,Shri Shyam Hallmark Centre,CRO/RAHC/R-110102,"Chiranji Panwari Ki Gali, SikarChiranji Panwari Ki Gali, Sikar, SIKAR, SIKAR, RAJASTHAN ,332001",SIKAR,SIKAR,RAJASTHAN,332001,ACTIVE,Operative,25/10/2028,Yellow Gold Hallmarking,Assaying & Hallmarking,https://www.manakonline.in/MANAK/AHCListForWebsite
HALLMARKING,HM-00051,,36,AHC-CRO-RAHC-R-110103,Rama Krishna Gold Hallmarking,CRO/RAHC/R-110103,"Flat 1E, 1st Floor, Rukhmani EnclaveCity Kotwali, BIKANER, BIKANER, RAJASTHAN ,334001",BIKANER,BIKANER,RAJASTHAN,334001,ACTIVE,Operative,22/09/2028,Gold Hallmarking,Assaying & Hallmarking,https://www.manakonline.in/MANAK/AHCListForWebsite
HALLMARKING,HM-00052,,37,AHC-CRO-RAHC-R-110104,Amola Hallmark,CRO/RAHC/R-110104,"F12 - 15, Kotahri ComplexSarafa Bazar, GWALIOR, LASHKAR, MADHYA PRADESH ,474001",LASHKAR,GWALIOR,MADHYA PRADESH,474001,ACTIVE,Operative,22/12/2028,Gold Hallmarking,Assaying & Hallmarking,https://www.manakonline.in/MANAK/AHCListForWebsite
HALLMARKING,HM-00053,,38,AHC-CRO-RAHC-R-110105,SATNA HALLMARKING CENTRE,CRO/RAHC/R-110105,"Ward No.- 41, Infront of Lalbihari MarketHanuman Chowk, Satna, SATNA, SATNA, MADHYA PRADESH ,485001",SATNA,SATNA,MADHYA PRADESH,485001,ACTIVE,Operative,28/12/2028,"Yellow Gold,Silver Hallmarking",Assaying & Hallmarking,https://www.manakonline.in/MANAK/AHCListForWebsite
HALLMARKING,HM-00054,,39,AHC-CRO-RAHC-R-110105-O1-,SATNA HALLMARKING CENTRE,CRO/RAHC/R-110105(O1),"Ward No.- 41, Infront of Lalbihari MarketHanuman Chowk, Satna, SATNA, SATNA, MADHYA PRADESH ,485001",SATNA,SATNA,MADHYA PRADESH,485001,ACTIVE,Operative,28/12/2028,"Yellow Gold,Silver Hallmarking",Assaying & Hallmarking,https://www.manakonline.in/MANAK/AHCListForWebsite
HALLMARKING,HM-00055,,40,AHC-CRO-RAHC-R-110106,Shree Balaji Hallmark & Testing Center,CRO/RAHC/R-110106,"Plot No. 4, Rana Pratap NagarJhotwara, Jaipur, JAIPUR, JAIPUR CITY, RAJASTHAN ,302012",JAIPUR CITY,JAIPUR,RAJASTHAN,302012,ACTIVE,Operative,28/12/2028,Yellow Gold Hallmarking,Assaying & Hallmarking,https://www.manakonline.in/MANAK/AHCListForWebsite
HALLMARKING,HM-00056,,41,AHC-CRO-RAHC-R-110107,MAA KARNI HALLMARKING CENTRE,CRO/RAHC/R-110107,"MOHALLA DESHWALIKUMHARAN ,BEHIND CITY KOTWALI, BIKANER , RAJASTHAN -334001, BIKANER, BIKANER CITY, RAJASTHAN ,334001",BIKANER CITY,BIKANER,RAJASTHAN,334001,ACTIVE,Operative,25/10/2028,Yellow Gold Hallmarking,Assaying & Hallmarking,https://www.manakonline.in/MANAK/AHCListForWebsite
HALLMARKING,HM-00057,,42,AHC-CRO-RAHC-R-110108,Ayush Hallmarking Center,CRO/RAHC/R-110108,"B 8-10, Panchratna Plaza, Brijrajpura, KOTA, KOTA, RAJASTHAN ,324006",KOTA,KOTA,RAJASTHAN,324006,ACTIVE,Operative,03/12/2028,Gold & Silver Both Hallmarking,Assaying & Hallmarking,https://www.manakonline.in/MANAK/AHCListForWebsite
HALLMARKING,HM-00058,,43,AHC-CRO-RAHC-R-110109,S S Hallmarking Centre,CRO/RAHC/R-110109,"Shop No. F1 to F4, Kanha Plaza Plot No. 1Rana Pratap Nagar, Jhotwara, Jaipur, JAIPUR, JAIPUR CITY, RAJASTHAN ,302012",JAIPUR CITY,JAIPUR,RAJASTHAN,302012,SUSPENDED,Under Suspension,04/12/2028,"Yellow Gold,Silver Hallmarking",Assaying & Hallmarking,https://www.manakonline.in/MANAK/AHCListForWebsite
HALLMARKING,HM-00059,,44,AHC-CRO-RAHC-R-110110,RAMJI HALLMARKING CENTRE,CRO/RAHC/R-110110,"NEAR MAHARAJA AGERSEN PUBLIC SCHOOL, MANDI BANS, MORADABAD, MORADABAD, UTTAR PRADESH ,244001",MORADABAD,MORADABAD,UTTAR PRADESH,244001,ACTIVE,Operative,21/05/2029,Gold & Silver Both Hallmarking,Assaying & Hallmarking,https://www.manakonline.in/MANAK/AHCListForWebsite
HALLMARKING,HM-00060,,45,AHC-CRO-RAHC-R-110111,M/s R C Hallmarking,CRO/RAHC/R-110111,"31/3206, 1st floor Beadonpura,Karol Bagh, Bew Delhi, CENTRAL DELHI, KAROL BAGH, DELHI ,110005",KAROL BAGH,CENTRAL DELHI,DELHI,110005,ACTIVE,Operative,24/10/2022,"Yellow Gold,Silver Hallmarking",Assaying & Hallmarking,https://www.manakonline.in/MANAK/AHCListForWebsite
HALLMARKING,HM-00062,,46,AHC-CRO-RAHC-R-110118,SURAJ HALLMARKING & ASSAYING CENTRE,CRO/RAHC/R-110118,"Front of Jain Mandir, Fort Road,Sarafa Market, Tesil Huzur Dist. Rewa, REWA, REWA, MADHYA PRADESH ,486001",REWA,REWA,MADHYA PRADESH,486001,ACTIVE,Operative,21/09/2026,Yellow Gold Hallmarking,Assaying & Hallmarking,https://www.manakonline.in/MANAK/AHCListForWebsite
HALLMARKING,HM-00063,,47,AHC-CRO-RAHC-R-110119,MEERA HALLMARKING CENTRE,CRO/RAHC/R-110119,"117,SADAR CHOWKSARAFA BAZAR, MEERUT, MEERUT CANTT, UTTAR PRADESH ,250001",MEERUT CANTT,MEERUT,UTTAR PRADESH,250001,ACTIVE,Operative,15/03/2029,Yellow Gold Hallmarking,Assaying & Hallmarking,https://www.manakonline.in/MANAK/AHCListForWebsite
HALLMARKING,HM-00064,,48,AHC-CRO-RAHC-R-110120,Shri Jee Assaying & Hallmarking Centre,CRO/RAHC/R-110120,"1166, 4th Floor Kucha MahajaniChandni Chowk Delhi, NORTH DELHI, CHANDNI CHOWK, DELHI ,110006",CHANDNI CHOWK,NORTH DELHI,DELHI,110006,ACTIVE,Operative,15/08/2029,Yellow Gold Hallmarking,Assaying & Hallmarking,https://www.manakonline.in/MANAK/AHCListForWebsite
HALLMARKING,HM-00065,,49,AHC-CRO-RAHC-R-110121,DWARIKA HALLMARKING CENTRE,CRO/RAHC/R-110121,"2-5, Swarn Plaza, Suraj PolePali, Rajasthan, PALI, PALI CITY, RAJASTHAN ,306401",PALI CITY,PALI,RAJASTHAN,306401,ACTIVE,Operative,16/04/2029,Yellow Gold Hallmarking,Assaying & Hallmarking,https://www.manakonline.in/MANAK/AHCListForWebsite
HALLMARKING,HM-00066,,50,AHC-CRO-RAHC-R-110122,TARUN HALLMARKING CENTRE,CRO/RAHC/R-110122,"2nd floor, 114, Chandni ChowkRatlam, M.P., RATLAM, RATLAM, MADHYA PRADESH ,457001",RATLAM,RATLAM,MADHYA PRADESH,457001,ACTIVE,Operative,23/08/2026,Yellow Gold And Silver Alloys Hallmarking,Assaying & Hallmarking,https://www.manakonline.in/MANAK/AHCListForWebsite
HALLMARKING,HM-00068,,51,AHC-CRO-RAHC-R-110126,M/s J S Assaying & Hallmarking Centre,CRO/RAHC/R-110126,"1162, 4th floor, Kucha MahajaniChandni Chowk, Delhi, NORTH DELHI, CHANDNI CHOWK, DELHI ,110006",CHANDNI CHOWK,NORTH DELHI,DELHI,110006,ACTIVE,Operative,31/08/2026,"Yellow Gold,Silver Hallmarking",Assaying & Hallmarking,https://www.manakonline.in/MANAK/AHCListForWebsite
HALLMARKING,HM-00069,,52,AHC-CRO-RAHC-R-110127,BRIJ HALLMARKING CENTER,CRO/RAHC/R-110127,"1st FLOOR HARI COMPLEX KOTWALI ROAD MATHURAMATHURA, MATHURA, MATHURA, UTTAR PRADESH ,281001",MATHURA,MATHURA,UTTAR PRADESH,281001,ACTIVE,Operative,01/08/2029,Gold & Silver Both Hallmarking,Assaying & Hallmarking,https://www.manakonline.in/MANAK/AHCListForWebsite
HALLMARKING,HM-00071,,53,AHC-CRO-RAHC-R-110129,CHETNA HALLMARKING LAB,CRO/RAHC/R-110129,"3239/30, 1st floor, 29 No Gali, BeadonpuraKarol Bagh, New Delhi, CENTRAL DELHI, KAROL BAGH, DELHI ,110005",KAROL BAGH,CENTRAL DELHI,DELHI,110005,ACTIVE,Operative,30/08/2023,Yellow Gold Hallmarking,Assaying & Hallmarking,https://www.manakonline.in/MANAK/AHCListForWebsite
HALLMARKING,HM-00072,,54,AHC-CRO-RAHC-R-110130,M/s Prince Hallmarking & Refinery Pvt. Ltd,CRO/RAHC/R-110130,"2619, Gali No. 12/13, RehgarpuraKarol Bagh, New Delhi, CENTRAL DELHI, KAROL BAGH, DELHI ,110005",KAROL BAGH,CENTRAL DELHI,DELHI,110005,ACTIVE,Operative,27/09/2026,"Yellow Gold,Silver Hallmarking",Assaying & Hallmarking,https://www.manakonline.in/MANAK/AHCListForWebsite
HALLMARKING,HM-00073,,55,AHC-CRO-RAHC-R-110130-O1-,M/s Prince Hallmarking & Refinery Pvt. Ltd,CRO/RAHC/R-110130(O1),"2619, Gali No. 12/13, RehgarpuraKarol Bagh, New Delhi, CENTRAL DELHI, KAROL BAGH, DELHI ,110005",KAROL BAGH,CENTRAL DELHI,DELHI,110005,ACTIVE,Operative,27/09/2026,Yellow Gold Hallmarking,Assaying & Hallmarking,https://www.manakonline.in/MANAK/AHCListForWebsite
HALLMARKING,HM-00074,,56,AHC-CRO-RAHC-R-110131,Lakshmi Assaying And Hallmarking Centre,CRO/RAHC/R-110131,"1ST FLOOR SHOP NO. 132-134MAIN MARKET NO.1 NIT FARIDABAD, FARIDABAD, FARIDABAD NIT, HARYANA ,121001",FARIDABAD NIT,FARIDABAD,HARYANA,121001,ACTIVE,Operative,04/03/2027,Gold & Silver Both Hallmarking,Assaying & Hallmarking,https://www.manakonline.in/MANAK/AHCListForWebsite
HALLMARKING,HM-00075,,57,AHC-CRO-RAHC-R-110131-O1-,Lakshmi Assaying And Hallmarking Centre,CRO/RAHC/R-110131(O1),"1ST FLOOR SHOP NO. 132-134MAIN MARKET NO.1 NIT FARIDABAD, FARIDABAD, FARIDABAD NIT, HARYANA ,121001",FARIDABAD NIT,FARIDABAD,HARYANA,121001,ACTIVE,Operative,04/03/2027,Gold & Silver Both Hallmarking,Assaying & Hallmarking,https://www.manakonline.in/MANAK/AHCListForWebsite
HALLMARKING,HM-00077,,58,AHC-CRO-RAHC-R-110134,OM HALLMARKING CENTRE,CRO/RAHC/R-110134,"COMERCIAL COMPLEX, UNDER GROUND, HOLI CHOWK, SIROHI, SHEOGANJ (SIROHI), RAJASTHAN ,307027",SHEOGANJ (SIROHI),SIROHI,RAJASTHAN,307027,ACTIVE,Operative,08/11/2026,Gold Hallmarking,Assaying & Hallmarking,https://www.manakonline.in/MANAK/AHCListForWebsite
HALLMARKING,HM-00079,,59,AHC-CRO-RAHC-R-110137,VARSHA HALLMARKING &ASSAYING CENTRE,CRO/RAHC/R-110137,"PLOT NO. 40, 1ST FLOOR NEAR SHREEJI MANDIRREE JI MPLOT NO. 40, 1ST FLOOR NEAR SHREEJI MANDIRREE JI M, BHOPAL, BHOPAL G.P.O., MADHYA PRADESH ,462001",BHOPAL G.P.O,BHOPAL,MADHYA PRADESH,462001,ACTIVE,Operative,14/04/2027,Gold & Silver Both Hallmarking,Assaying & Hallmarking,https://www.manakonline.in/MANAK/AHCListForWebsite
HALLMARKING,HM-00081,,60,AHC-CRO-RAHC-R-110139,SHREE SHYAM HALLMARK,CRO/RAHC/R-110139,"Ground Floor, 104/74 Vijay PathMansarovar, Jaipur, Rajasthan - 302020, JAIPUR, MANSAROVAR, RAJASTHAN ,302020",MANSAROVAR,JAIPUR,RAJASTHAN,302020,ACTIVE,Operative,20/03/2027,"Gold,Yellow Gold Hallmarking",Assaying & Hallmarking,https://www.manakonline.in/MANAK/AHCListForWebsite
HALLMARKING,HM-00084,,61,AHC-CRO-RAHC-R-110143,SUBHASH HALLMARKING CENTRE,CRO/RAHC/R-110143,"LAXMIPURA,BEHIND SR. SEC.SCHOOLWARD NO.20,PHALODI, JODHPUR, PHALODI, RAJASTHAN ,342301",PHALODI,JODHPUR,RAJASTHAN,342301,ACTIVE,Operative,07/05/2027,Yellow Gold Hallmarking,Assaying & Hallmarking,https://www.manakonline.in/MANAK/AHCListForWebsite
HALLMARKING,HM-00087,,62,AHC-CRO-RAHC-R-110146,SHREE HINDUSTAN TESTING CENTER,CRO/RAHC/R-110146,"6/1, MUKTI MARG, DEWAS, DEWAS, DEWAS, MADHYA PRADESH ,455001",DEWAS,DEWAS,MADHYA PRADESH,455001,SUSPENDED,Under Suspension,20/06/2027,Yellow Gold Hallmarking,Assaying & Hallmarking,https://www.manakonline.in/MANAK/AHCListForWebsite
HALLMARKING,HM-00088,,63,AHC-CRO-RAHC-R-110147,Salasar Balaji Hallmarking Centre,CRO/RAHC/R-110147,"1,DOOR NO.1, MOHAN VILAS,RAJPUTO KI BAGECHI KEPASS ,BAI JI KA TALAB, JODHPUR, JODHPUR CITY, RAJASTHAN ,342001",JODHPUR CITY,JODHPUR,RAJASTHAN,342001,SUSPENDED,Under Suspension,22/05/2027,Gold & Silver Both Hallmarking,Assaying & Hallmarking,https://www.manakonline.in/MANAK/AHCListForWebsite
HALLMARKING,HM-00089,,64,AHC-CRO-RAHC-R-110148,PAWAN HALLMARKING CENTRE,CRO/RAHC/R-110148,"NEAR ARORA NAMKEEN,CORPGHORON KA CHOWK, JODHPUR, JODHPUR, RAJASTHAN ,342001",JODHPUR,JODHPUR,RAJASTHAN,342001,ACTIVE,Operative,07/05/2027,Gold Hallmarking,Assaying & Hallmarking,https://www.manakonline.in/MANAK/AHCListForWebsite
HALLMARKING,HM-00090,,65,AHC-CRO-RAHC-R-110149,MAA BHAVANI HALLMARKING CENTRE,CRO/RAHC/R-110149,"Gali No. 52, House No. 4607, basement and Ground FloorRegharpura, Karol Bagh New Delhi, CENTRAL DELHI, KAROL BAGH, DELHI ,110149",KAROL BAGH,CENTRAL DELHI,DELHI,110149,ACTIVE,Operative,05/08/2027,Yellow Gold Hallmarking,Assaying & Hallmarking,https://www.manakonline.in/MANAK/AHCListForWebsite
HALLMARKING,HM-00092,,66,AHC-CRO-RAHC-R-110152,BALAJI HALLMARKING CENTER,CRO/RAHC/R-110152,"MOHALLA-ATAI OPP.LAXMI NARAYAN MANDIRMANDI CHOWK, MORADABAD, MORADABAD, UTTAR PRADESH ,244001",MORADABAD,MORADABAD,UTTAR PRADESH,244001,SUSPENDED,Under Suspension,21/09/2027,Yellow Gold Hallmarking,Assaying & Hallmarking,https://www.manakonline.in/MANAK/AHCListForWebsite
HALLMARKING,HM-00093,,67,AHC-CRO-RAHC-R-110153,Heman hallmarking Centre,CRO/RAHC/R-110153,"Shop No. 15,Shyam Plaza Ward no. 16,between Subhash Chowk & Nani Gate Near Gopinath, SIKAR, SIKAR, RAJASTHAN ,332001",SIKAR,SIKAR,RAJASTHAN,332001,ACTIVE,Operative,13/09/2027,Gold Hallmarking,Assaying & Hallmarking,https://www.manakonline.in/MANAK/AHCListForWebsite
HALLMARKING,HM-00094,,68,AHC-CRO-RAHC-R-110154,CITY HALLMARK CENTRE,CRO/RAHC/R-110154,"156 JAWAHAR MARKET, GANGANAGAR, SRIGANGANAGAR, RAJASTHAN ,335001",SRIGANGANAGAR,GANGANAGAR,RAJASTHAN,335001,ACTIVE,Operative,08/10/2027,Yellow Gold Hallmarking,Assaying & Hallmarking,https://www.manakonline.in/MANAK/AHCListForWebsite
HALLMARKING,HM-00095,,69,AHC-CRO-RAHC-R-110155,JHUNJHUNU HALLMARKING CENTER,CRO/RAHC/R-110155,"Flat No.408, Ratan Sagar Complex, Ward No.32,Opp-Purani Jila Parisad,Near Sabji Mandi Jhunjhunu, JHUNJHUNU, JHUNJHUNU CITY, RAJASTHAN ,333001",JHUNJHUNU CITY,JHUNJHUNU,RAJASTHAN,333001,ACTIVE,Operative,10/10/2027,Yellow Gold Hallmarking,Assaying & Hallmarking,https://www.manakonline.in/MANAK/AHCListForWebsite
HALLMARKING,HM-00096,,70,AHC-CRO-RAHC-R-110155-O1-,JHUNJHUNU HALLMARKING CENTER,CRO/RAHC/R-110155(O1),"Flat No.408, Ratan Sagar Complex, Ward No.32,Opp-Purani Jila Parisad,Near Sabji Mandi Jhunjhunu, JHUNJHUNU, JHUNJHUNU CITY, RAJASTHAN ,333001",JHUNJHUNU CITY,JHUNJHUNU,RAJASTHAN,333001,ACTIVE,Operative,10/10/2027,Yellow Gold Hallmarking,Assaying & Hallmarking,https://www.manakonline.in/MANAK/AHCListForWebsite
HALLMARKING,HM-00097,,71,AHC-CRO-RAHC-R-110157,NAVKAR HALLMARKING CENTER,CRO/RAHC/R-110157,"GULMANDI BHILWARA, BHILWARA, BHILWARA, RAJASTHAN ,311001",BHILWARA,BHILWARA,RAJASTHAN,311001,ACTIVE,Operative,25/11/2027,Gold Hallmarking,Assaying & Hallmarking,https://www.manakonline.in/MANAK/AHCListForWebsite
HALLMARKING,HM-00098,,72,AHC-CRO-RAHC-R-110159,SHRI BANKEY BIHARI HALLMARK CENTER,CRO/RAHC/R-110159,"JILAL STREET, MANDI CHOWK, MORADABADUTTAR PRADESH, 244001, MORADABAD, MORADABAD, UTTAR PRADESH ,244001",MORADABAD,MORADABAD,UTTAR PRADESH,244001,ACTIVE,Operative,23/12/2027,Yellow Gold Hallmarking,Assaying & Hallmarking,https://www.manakonline.in/MANAK/AHCListForWebsite
HALLMARKING,HM-00100,,73,AHC-CRO-RAHC-R-110162,MEERA HALLMARKING CENTRE,CRO/RAHC/R-110162,"SHOP NO 06,FIRST FLOOR ,JANPATH MARGNANHA BAZAR,MERTA CITY, NAGAUR, MERTA CITY, RAJASTHAN ,341510",MERTA CITY,NAGAUR,RAJASTHAN,341510,SUSPENDED,Under Suspension,27/11/2027,Yellow Gold Hallmarking,Assaying & Hallmarking,https://www.manakonline.in/MANAK/AHCListForWebsite
HALLMARKING,HM-00101,,74,AHC-CRO-RAHC-R-110163,S K Hallmarking & Assaying Centre,CRO/RAHC/R-110163,"H.No. 1589, Shop No. G-9, G-10, G-11, Royal EnclavJadion Ka Rasta, Jaipur, Rajasthan, JAIPUR, JAIPUR CITY, RAJASTHAN ,302003",JAIPUR CITY,JAIPUR,RAJASTHAN,302003,ACTIVE,Operative,25/12/2027,Yellow Gold Hallmarking,Assaying & Hallmarking,https://www.manakonline.in/MANAK/AHCListForWebsite
HALLMARKING,HM-00102,,75,AHC-CRO-RAHC-R-110165,GRG HALLMARKING CENTRE,CRO/RAHC/R-110165,"VAIDAN GALI,HALU BAZAR,BHIWANI,HARYANA,127021, BHIWANI, BHIWANI, HARYANA ,127021",BHIWANI,BHIWANI,HARYANA,127021,ACTIVE,Operative,11/12/2027,Yellow Gold Hallmarking,Assaying & Hallmarking,https://www.manakonline.in/MANAK/AHCListForWebsite
HALLMARKING,HM-00104,,76,AHC-CRO-RAHC-R-110168,SHRI SURAJ HALLMARKING AND ASSAYING CENTRE,CRO/RAHC/R-110168,"H. No. 100, 1st and 2nd Floor, Ghantewali Gali,Chintaman Chauraha, Marwari Road, Bhopal, BHOPAL, BHOPAL G.P.O., MADHYA PRADESH ,462001",BHOPAL G.P.O,BHOPAL,MADHYA PRADESH,462001,ACTIVE,Operative,14/09/2028,Yellow Gold Hallmarking,Assaying & Hallmarking,https://www.manakonline.in/MANAK/AHCListForWebsite
HALLMARKING,HM-00105,,77,AHC-CRO-RAHC-R-110169,M s Maya Testing and Hallmarking Centre,CRO/RAHC/R-110169,"1st, 4922 Karol Bagh, 40,Regharpura, Central Delhi New Delhi –, CENTRAL DELHI, KAROL BAGH, DELHI ,110005",KAROL BAGH,CENTRAL DELHI,DELHI,110005,ACTIVE,Operative,28/06/2022,Yellow Gold Hallmarking,Assaying & Hallmarking,https://www.manakonline.in/MANAK/AHCListForWebsite
HALLMARKING,HM-00106,,78,AHC-CRO-RAHC-R-110171,Mega Hallmarking Centre,CRO/RAHC/R-110171,"House No. 1885, 3rd Floor, Jagara Mandir GaliKotla Mubarakpur, New Delhi, SOUTH EAST DELHI, SOUTH EAST DELHI, DELHI ,110003",SOUTH EAST DELHI,SOUTH EAST DELHI,DELHI,110003,ACTIVE,Operative,25/06/2022,"Yellow Gold,Silver Hallmarking",Assaying & Hallmarking,https://www.manakonline.in/MANAK/AHCListForWebsite
HALLMARKING,HM-00108,,79,AHC-CRO-RAHC-R-110173,G S HALLMARKING CENTER,CRO/RAHC/R-110173,"SECOND FLOOR, YGS SHOPING MALLBAJAJA BAZAR, ALWAR, ALWAR BUS STAND, RAJASTHAN ,301001",ALWAR BUS STAND,ALWAR,RAJASTHAN,301001,ACTIVE,Operative,19/09/2028,Yellow Gold Hallmarking,Assaying & Hallmarking,https://www.manakonline.in/MANAK/AHCListForWebsite
HALLMARKING,HM-00109,,80,AHC-CRO-RAHC-R-110174,SSJ MOSUN HALLMARKING CENTRE,CRO/RAHC/R-110174,"H.No. 876, Ganga Mata Ki Gali, Gopal Ji Ka Rasta JAIPUR, JAIPUR, JAIPUR CITY, RAJASTHAN ,302002",JAIPUR CITY,JAIPUR,RAJASTHAN,302002,ACTIVE,Operative,15/10/2028,Yellow Gold Hallmarking,Assaying & Hallmarking,https://www.manakonline.in/MANAK/AHCListForWebsite
HALLMARKING,HM-00110,,81,AHC-CRO-RAHC-R-110175,VIKAS HALLMARKING ASSAY CENTER,CRO/RAHC/R-110175,", NEAR HANUMAN TEMPAL HOLY CHOCK, SHEOGANJSirohi, Rajasthan, 307027, SIROHI, SHEOGANJ (SIROHI), RAJASTHAN ,307027",SHEOGANJ (SIROHI),SIROHI,RAJASTHAN,307027,ACTIVE,Operative,08/01/2029,Yellow Gold Hallmarking,Assaying & Hallmarking,https://www.manakonline.in/MANAK/AHCListForWebsite
HALLMARKING,HM-00111,,82,AHC-CRO-RAHC-R-110176,STAR HALLMARK CENTRE,CRO/RAHC/R-110176,"2762 -B,GALI NO-22,FIRST FLOOR,BEADONPURAKAROL BAGH, CENTRAL DELHI, KAROL BAGH, DELHI ,110005",KAROL BAGH,CENTRAL DELHI,DELHI,110005,ACTIVE,Operative,21/09/2028,Gold & Silver Both Hallmarking,Assaying & Hallmarking,https://www.manakonline.in/MANAK/AHCListForWebsite
HALLMARKING,HM-00112,,83,AHC-CRO-RAHC-R-110176-O1-,STAR HALLMARK CENTRE,CRO/RAHC/R-110176(O1),"2762 -B,GALI NO-22,FIRST FLOOR,BEADONPURAKAROL BAGH, CENTRAL DELHI, KAROL BAGH, DELHI ,110005",KAROL BAGH,CENTRAL DELHI,DELHI,110005,ACTIVE,Operative,21/09/2028,Gold & Silver Both Hallmarking,Assaying & Hallmarking,https://www.manakonline.in/MANAK/AHCListForWebsite
HALLMARKING,HM-00113,,84,AHC-CRO-RAHC-R-110177,ELIXIR GOLD,CRO/RAHC/R-110177,"GROUND FLOOR,29-30, SHREE NATH COMPLEXMOAR BAZAR,LASHKAR,GWALIOR, GWALIOR, GWALIOR, MADHYA PRADESH ,474001",GWALIOR,GWALIOR,MADHYA PRADESH,474001,ACTIVE,Operative,09/12/2028,Yellow Gold Hallmarking,Assaying & Hallmarking,https://www.manakonline.in/MANAK/AHCListForWebsite
HALLMARKING,HM-00114,,85,AHC-CRO-RAHC-R-110178,PARAKH GOLD TESTING AND HALLMARK CENTER,CRO/RAHC/R-110178,"Second floor, Hall no 203, Sarrafa BazarLashkar, GWALIOR, LASHKAR, MADHYA PRADESH ,474001",LASHKAR,GWALIOR,MADHYA PRADESH,474001,SUSPENDED,Under Suspension,02/02/2029,Yellow Gold Hallmarking,Assaying & Hallmarking,https://www.manakonline.in/MANAK/AHCListForWebsite
HALLMARKING,HM-00115,,86,AHC-CRO-RAHC-R-110179,Kanha Hallmarking Center,CRO/RAHC/R-110179,"NEAR SATYANARAYAN TEMPLE, PUSTAK GALI, PULLBAZAR, NARNOUL, Mahendragarh, Haryana, 123001, MAHENDRAGARH, NARNAUL, HARYANA ,123001",NARNAUL,MAHENDRAGARH,HARYANA,123001,ACTIVE,Operative,01/02/2029,Yellow Gold Hallmarking,Assaying & Hallmarking,https://www.manakonline.in/MANAK/AHCListForWebsite
HALLMARKING,HM-00116,,87,AHC-CRO-RAHC-R-110179-O1-,Kanha Hallmarking Center,CRO/RAHC/R-110179(O1),"NEAR SATYANARAYAN TEMPLE, PUSTAK GALI, PULLBAZAR, NARNOUL, Mahendragarh, Haryana, 123001, MAHENDRAGARH, NARNAUL, HARYANA ,123001",NARNAUL,MAHENDRAGARH,HARYANA,123001,ACTIVE,Operative,01/02/2029,Yellow Gold Hallmarking,Assaying & Hallmarking,https://www.manakonline.in/MANAK/AHCListForWebsite
HALLMARKING,HM-00121,,88,AHC-CRO-RAHC-R-110185,CHURU HALLMARKING CENTRE,CRO/RAHC/R-110185,"BALAJI TOWER, RAMGADIYA DARWAJA, DADU BHAWAN KEPAS, CHURU, Churu, Rajasthan, 331001, CHURU, CHURU, RAJASTHAN ,331001",CHURU,CHURU,RAJASTHAN,331001,ACTIVE,Operative,20/10/2026,Yellow Gold Hallmarking,Assaying & Hallmarking,https://www.manakonline.in/MANAK/AHCListForWebsite
HALLMARKING,HM-00122,,89,AHC-CRO-RAHC-R-110185-O1-,CHURU HALLMARKING CENTRE,CRO/RAHC/R-110185(O1),"BALAJI TOWER, RAMGADIYA DARWAJA, DADU BHAWAN KEPAS, CHURU, Churu, Rajasthan, 331001, CHURU, CHURU, RAJASTHAN ,331001",CHURU,CHURU,RAJASTHAN,331001,ACTIVE,Operative,20/10/2026,Yellow Gold Hallmarking,Assaying & Hallmarking,https://www.manakonline.in/MANAK/AHCListForWebsite
HALLMARKING,HM-00123,,90,AHC-CRO-RAHC-R-110185-O2-,CHURU HALLMARKING CENTRE,CRO/RAHC/R-110185(O2),"BALAJI TOWER, RAMGADIYA DARWAJA, DADU BHAWAN KEPAS, CHURU, Churu, Rajasthan, 331001, CHURU, CHURU, RAJASTHAN ,331001",CHURU,CHURU,RAJASTHAN,331001,ACTIVE,Operative,20/10/2026,Yellow Gold Hallmarking,Assaying & Hallmarking,https://www.manakonline.in/MANAK/AHCListForWebsite
HALLMARKING,HM-00124,,91,AHC-CRO-RAHC-R-1111045,S G HALLMARK CENTER,CRO/RAHC/R-1111045,"A-462, 463 Pocket-00, Sector -2, Avantika Rohini North West Delhi, NORTH WEST DELHI, ROHINI COURTS, DELHI ,110085",ROHINI COURTS,NORTH WEST DELHI,DELHI,110085,ACTIVE,Operative,22/03/2028,Yellow Gold Hallmarking,Assaying & Hallmarking,https://www.manakonline.in/MANAK/AHCListForWebsite
HALLMARKING,HM-00125,,92,AHC-CRO-RAHC-R-1111759,BOMBAY ASSAY COMPANY,CRO/RAHC/R-1111759,"#67, Third Floor, Okhla Phase III,Okhla Industrial Area, Delhi, 110020, SOUTH EAST DELHI, SOUTH EAST DELHI, DELHI ,110020",SOUTH EAST DELHI,SOUTH EAST DELHI,DELHI,110020,ACTIVE,Operative,24/09/2026,All Gold Hallmarking,Assaying & Hallmarking,https://www.manakonline.in/MANAK/AHCListForWebsite
HALLMARKING,HM-00128,,93,AHC-CRO-RAHC-R-1112674,Rudra Hallmarking Lab,CRO/RAHC/R-1112674,"Shop no. 72 and 73, 3rd floor Building no. 1184,Kucha Mahajani, Chandni Chowk, Delhi- 06, NORTH DELHI, CHANDNI CHOWK, DELHI ,110006",CHANDNI CHOWK,NORTH DELHI,DELHI,110006,ACTIVE,Operative,06/06/2028,Gold & Silver Both Hallmarking,Assaying & Hallmarking,https://www.manakonline.in/MANAK/AHCListForWebsite
HALLMARKING,HM-00130,,94,AHC-CRO-RAHC-R-1119767,Raj Hallmarking Centre,CRO/RAHC/R-1119767,"3rd Floor, Plot No. 512-A, KH No- 52,Gali Chaudhriyan, SOUTH WEST DELHI, NAJAFGARH, DELHI ,110043",NAJAFGARH,SOUTH WEST DELHI,DELHI,110043,ACTIVE,Operative,24/06/2029,Yellow Gold Hallmarking,Assaying & Hallmarking,https://www.manakonline.in/MANAK/AHCListForWebsite
HALLMARKING,HM-00131,,95,AHC-CRO-RAHC-R-1121373,KALASH HALLMARKING CENTRE,CRO/RAHC/R-1121373,"1163 ,THIRD FLOORKUCHA MAHAJANI CHANDNI CHOWK NORTH DELHI, NORTH DELHI, CHANDNI CHOWK, DELHI ,110006",CHANDNI CHOWK,NORTH DELHI,DELHI,110006,ACTIVE,Operative,22/03/2028,Yellow Gold Hallmarking,Assaying & Hallmarking,https://www.manakonline.in/MANAK/AHCListForWebsite
HALLMARKING,HM-00132,,96,AHC-CRO-RAHC-R-1121759,Kashyap Assaying and Hallmarking Centre,CRO/RAHC/R-1121759,"first floor, B-67, Mayapuri Industrial, SOUTH WEST DELHI, MAYA PURI, DELHI ,110064",MAYA PURI,SOUTH WEST DELHI,DELHI,110064,ACTIVE,Operative,21/06/2029,Yellow Gold Hallmarking,Assaying & Hallmarking,https://www.manakonline.in/MANAK/AHCListForWebsite
HALLMARKING,HM-00133,,97,AHC-CRO-RAHC-R-1123649,SHIVAJI GOLD HALLMARKING CENTRE,CRO/RAHC/R-1123649,"A-3 2ND FLOOR PHASE-1 MAYAPURIINDUSTRIAL AREA, WEST DELHI, DELHI INDUSTRIAL AREA, DELHI ,110064",DELHI INDUSTRIAL AREA,WEST DELHI,DELHI,110064,SUSPENDED,Under Suspension,18/08/2028,Gold & Silver Both Hallmarking,Assaying & Hallmarking,https://www.manakonline.in/MANAK/AHCListForWebsite
HALLMARKING,HM-00134,,98,AHC-CRO-RAHC-R-1124453,SHRI GANESH HALLMARKING AND ASSAYING CENTRE,CRO/RAHC/R-1124453,"H-70, VIJAY CHOWK , LAXMI NAGAR, DELHI-110092, EAST DELHI, LAXMI NAGAR (EAST DELHI), DELHI ,110092",LAXMI NAGAR (EAST DELHI),EAST DELHI,DELHI,110092,ACTIVE,Operative,12/07/2027,Gold & Silver Both Hallmarking,Assaying & Hallmarking,https://www.manakonline.in/MANAK/AHCListForWebsite
HALLMARKING,HM-00135,,99,AHC-CRO-RAHC-R-1124925,Star Hallmarking Lab,CRO/RAHC/R-1124925,"5TH FLOOR, 1094, ENTRY FORM 1167, KUCHA MAHAJANI,KUCHA NATWA, CHANDANI CHOWK, Central Delhi., CENTRAL DELHI, JAMA MASJID, DELHI ,110006",JAMA MASJID,CENTRAL DELHI,DELHI,110006,SUSPENDED,Under Suspension,10/01/2025,"Gold,Gold & Silver Both Hallmarking",Assaying & Hallmarking,https://www.manakonline.in/MANAK/AHCListForWebsite
HALLMARKING,HM-00136,,100,AHC-CRO-RAHC-R-1125801,SHREE GANPATI TESTING & HALLMARKING CENTRE,CRO/RAHC/R-1125801,"C 91, THIRD FLOORWAZIRPUR INDUSTRIAL AREA, NORTH DELHI, , DELHI ,110052",NORTH DELHI,THIRD FLOORWAZIRPUR INDUSTRIAL AREA,DELHI,110052,ACTIVE,Operative,22/09/2028,Yellow Gold Hallmarking,Assaying & Hallmarking,https://www.manakonline.in/MANAK/AHCListForWebsite
HALLMARKING,HM-00137,,101,AHC-CRO-RAHC-R-1126929,Shree Salasar Hallmarking Centre,CRO/RAHC/R-1126929,"1st Floor, Building No. 2771,DSIIDC Industrial Area Narela, NORTH WEST DELHI, NARELA, DELHI ,110040",NARELA,NORTH WEST DELHI,DELHI,110040,ACTIVE,Operative,26/08/2028,Yellow Gold Hallmarking,Assaying & Hallmarking,https://www.manakonline.in/MANAK/AHCListForWebsite
HALLMARKING,HM-00138,,102,AHC-CRO-RAHC-R-1310732,SHREE SHYAM JI HALLMARK CENTER,CRO/RAHC/R-1310732,"KUMAR GATE, BADA BAZAR, NEAR KAILASH HALWAISONIPAT, HARYANA, SONIPAT, SONIPAT, HARYANA ,131001",SONIPAT,SONIPAT,HARYANA,131001,ACTIVE,Operative,13/05/2029,Yellow Gold Hallmarking,Assaying & Hallmarking,https://www.manakonline.in/MANAK/AHCListForWebsite
HALLMARKING,HM-00139,,103,AHC-CRO-RAHC-R-1314448,MAHALUXMI HALLMARKING CENTRE,CRO/RAHC/R-1314448,"983/4 Indra Market ,Near Arya Samaj Mandir,Jamalpura, SONIPAT, SONIPAT, HARYANA ,131001",SONIPAT,SONIPAT,HARYANA,131001,ACTIVE,Operative,02/07/2029,Yellow Gold Hallmarking,Assaying & Hallmarking,https://www.manakonline.in/MANAK/AHCListForWebsite
HALLMARKING,HM-00142,,104,AHC-CRO-RAHC-R-2011508,R R HALLMARKING CENTER,CRO/RAHC/R-2011508,"5/68 A,SETH GALI,HUKUMCHAND,NEHARU ROADFARRUKHABAD, FARRUKHABAD, FARRUKHABAD, UTTAR PRADESH ,209625",FARRUKHABAD,FARRUKHABAD,UTTAR PRADESH,209625,SUSPENDED,Under Suspension,30/06/2027,Yellow Gold Hallmarking,Assaying & Hallmarking,https://www.manakonline.in/MANAK/AHCListForWebsite
HALLMARKING,HM-00143,,105,AHC-CRO-RAHC-R-2011671,SHRI HARI ASSAYING AND HALLMARKING CENTER,CRO/RAHC/R-2011671,"144 SHOP NO.4,5,RICHPALPURI CHANDARPURI GHAZIABADCHANDERPURI GHAZIABAD, GHAZIABAD, GHAZIABAD, UTTAR PRADESH ,201001",GHAZIABAD,GHAZIABAD,UTTAR PRADESH,201001,ACTIVE,Operative,21/02/2027,Gold & Silver Both Hallmarking,Assaying & Hallmarking,https://www.manakonline.in/MANAK/AHCListForWebsite
HALLMARKING,HM-00144,,106,AHC-CRO-RAHC-R-2012109,QUALITY ASSAY & HALLMARKING CENTRE PRIVATE LIMITED,CRO/RAHC/R-2012109,"1ST FLOOR, D-91, Sector 2, Vyapar Marg, NoidaGautambuddha Nagar, Uttar Pradesh- 201301, GAUTAM BUDDH NAGAR, NOIDA, UTTAR PRADESH ,201301",NOIDA,GAUTAM BUDDH NAGAR,UTTAR PRADESH,201301,ACTIVE,Operative,26/08/2028,Gold Hallmarking,Assaying & Hallmarking,https://www.manakonline.in/MANAK/AHCListForWebsite
HALLMARKING,HM-00145,,107,AHC-CRO-RAHC-R-2014523,BOMBAY ASSAYING AND HALLMARKING CENTER,CRO/RAHC/R-2014523,"bombayassayinghallmarkcenter@gmail.com161, patuwa wali gali, moholla kanhiya lal,delhi, GHAZIABAD, GHAZIABAD CITY, UTTAR PRADESH ,201001",GHAZIABAD CITY,GHAZIABAD,UTTAR PRADESH,201001,ACTIVE,Operative,29/08/2027,Gold & Silver Both Hallmarking,Assaying & Hallmarking,https://www.manakonline.in/MANAK/AHCListForWebsite
HALLMARKING,HM-00147,,108,AHC-CRO-RAHC-R-2015388,OM GOVIND HALLMARKING CENTER,CRO/RAHC/R-2015388,"FIRST FLOOR, 54/14,CHATURBHUJ GALINAYAGANJ,KANPUR, KANPUR NAGAR, NAYAGANJ, UTTAR PRADESH ,208001",NAYAGANJ,KANPUR NAGAR,UTTAR PRADESH,208001,ACTIVE,Operative,05/06/2027,Yellow Gold Hallmarking,Assaying & Hallmarking,https://www.manakonline.in/MANAK/AHCListForWebsite
HALLMARKING,HM-00148,,109,AHC-CRO-RAHC-R-2015567,AARADHY HALLMARKING CENTER,CRO/RAHC/R-2015567,"34/62-63,SWAI SINGH KA HATA, CHOWK SARRAFAKANPUR,KANPUR NAGAR, KANPUR NAGAR, KANPUR, UTTAR PRADESH ,208001",KANPUR,KANPUR NAGAR,UTTAR PRADESH,208001,ACTIVE,Operative,01/11/2026,Yellow Gold Hallmarking,Assaying & Hallmarking,https://www.manakonline.in/MANAK/AHCListForWebsite
HALLMARKING,HM-00149,,110,AHC-CRO-RAHC-R-2015567-O1-,AARADHY HALLMARKING CENTER,CRO/RAHC/R-2015567(O1),"34/62-63,SWAI SINGH KA HATA, CHOWK SARRAFAKANPUR,KANPUR NAGAR, KANPUR NAGAR, KANPUR, UTTAR PRADESH ,208001",KANPUR,KANPUR NAGAR,UTTAR PRADESH,208001,ACTIVE,Operative,01/11/2026,Yellow Gold Hallmarking,Assaying & Hallmarking,https://www.manakonline.in/MANAK/AHCListForWebsite
HALLMARKING,HM-00150,,111,AHC-CRO-RAHC-R-2016057,SHREEJI ASSAYING & HALLMARKING CENTER,CRO/RAHC/R-2016057,"I FLOOR,SHOPNO 13 AT PLOT NO182T0188,NEAR CHAUPALANavyug Market, Ghaziabad, Uttar Pradesh 201001, GHAZIABAD, GHAZIABAD, UTTAR PRADESH ,201001",GHAZIABAD,GHAZIABAD,UTTAR PRADESH,201001,ACTIVE,Operative,20/06/2027,Yellow Gold Hallmarking,Assaying & Hallmarking,https://www.manakonline.in/MANAK/AHCListForWebsite
HALLMARKING,HM-00151,,112,AHC-CRO-RAHC-R-2016334,Vinayak Hallmarking Centre,CRO/RAHC/R-2016334,"Surya Market, Sunaron Wali Gali,Munshi Para, Near Amber Hall,, BULANDSHAHR, BULANDSHAHR, UTTAR PRADESH ,203001",BULANDSHAHR,BULANDSHAHR,UTTAR PRADESH,203001,ACTIVE,Operative,31/05/2029,Yellow Gold Hallmarking,Assaying & Hallmarking,https://www.manakonline.in/MANAK/AHCListForWebsite
HALLMARKING,HM-00152,,113,AHC-CRO-RAHC-R-2016737,VRINDAVAN HALLMARKING CENTRE,CRO/RAHC/R-2016737,"38/156, YUG SQUARE, GILISH BAZAR,KANPURKANPUR, KANPUR NAGAR, KANPUR, UTTAR PRADESH ,208001",KANPUR,KANPUR NAGAR,UTTAR PRADESH,208001,ACTIVE,Operative,12/12/2027,Yellow Gold Hallmarking,Assaying & Hallmarking,https://www.manakonline.in/MANAK/AHCListForWebsite
HALLMARKING,HM-00153,,114,AHC-CRO-RAHC-R-2017180,Guptaji Assaying and Hallmarking Centre,CRO/RAHC/R-2017180,"49/61 (Basement SR Jewels)Nayaganj, KANPUR NAGAR, NAYAGANJ, UTTAR PRADESH ,208001",NAYAGANJ,KANPUR NAGAR,UTTAR PRADESH,208001,ACTIVE,Operative,14/05/2028,Yellow Gold Hallmarking,Assaying & Hallmarking,https://www.manakonline.in/MANAK/AHCListForWebsite
HALLMARKING,HM-00154,,115,AHC-CRO-RAHC-R-2018273,ANIKA HALLMARK,CRO/RAHC/R-2018273,"43/53CHOWK SARAFA, KANPUR NAGAR, KANPUR, UTTAR PRADESH ,208001",KANPUR,KANPUR NAGAR,UTTAR PRADESH,208001,ACTIVE,Operative,29/12/2028,Yellow Gold Hallmarking,Assaying & Hallmarking,https://www.manakonline.in/MANAK/AHCListForWebsite
HALLMARKING,HM-00155,,116,AHC-CRO-RAHC-R-2018809,ELIXIR GOLD,CRO/RAHC/R-2018809,"REMESWAR MARKETHOME GANG, ETAWAH, ETAWAH CITY, UTTAR PRADESH ,206001",ETAWAH CITY,ETAWAH,UTTAR PRADESH,206001,ACTIVE,Operative,09/03/2028,Gold Hallmarking,Assaying & Hallmarking,https://www.manakonline.in/MANAK/AHCListForWebsite
HALLMARKING,HM-00156,,117,AHC-CRO-RAHC-R-2019106,ALANKAR ASSAYING AND HALLMARKING CENTRE,CRO/RAHC/R-2019106,"GROUND FLOOR,167,MIRZA JAAN BAZAR DASANA GATE,GHAZIABAD,GHAZIABAD,Ghaziabad,UTTAR PRADESH,201001, GHAZIABAD, , UTTAR PRADESH ,201001",GHAZIABAD,201001,UTTAR PRADESH,201001,ACTIVE,Operative,20/11/2026,Yellow Gold Hallmarking,Assaying & Hallmarking,https://www.manakonline.in/MANAK/AHCListForWebsite
HALLMARKING,HM-00157,,118,AHC-CRO-RAHC-R-2020539,CHETNA ASSAYING AND HALLMARKING CENTRE,CRO/RAHC/R-2020539,"168,1st Floor Dasna Gate Near Chopla MandirUTTAR PRADESH, GHAZIABAD, GHAZIABAD, UTTAR PRADESH ,201001",GHAZIABAD,GHAZIABAD,UTTAR PRADESH,201001,ACTIVE,Operative,09/05/2029,Gold & Silver Both Hallmarking,Assaying & Hallmarking,https://www.manakonline.in/MANAK/AHCListForWebsite
HALLMARKING,HM-00158,,119,AHC-CRO-RAHC-R-2020539-O1-,CHETNA ASSAYING AND HALLMARKING CENTRE,CRO/RAHC/R-2020539(O1),"168,1st Floor Dasna Gate Near Chopla MandirUTTAR PRADESH, GHAZIABAD, GHAZIABAD, UTTAR PRADESH ,201001",GHAZIABAD,GHAZIABAD,UTTAR PRADESH,201001,ACTIVE,Operative,09/05/2029,Gold & Silver Both Hallmarking,Assaying & Hallmarking,https://www.manakonline.in/MANAK/AHCListForWebsite
HALLMARKING,HM-00159,,120,AHC-CRO-RAHC-R-2022873,JMD Hallmarking Center,CRO/RAHC/R-2022873,"0, Sarafa Bazar Mainpuri, 0, Agra Road,Sarafa Bazar, Mainpuri, Uttar Pradesh, MAINPURI, MAINPURI, UTTAR PRADESH ,205001",MAINPURI,MAINPURI,UTTAR PRADESH,205001,SUSPENDED,Under Suspension,17/06/2027,Yellow Gold Hallmarking,Assaying & Hallmarking,https://www.manakonline.in/MANAK/AHCListForWebsite
HALLMARKING,HM-00161,,121,AHC-CRO-RAHC-R-2024663,Shri Radhey Hallmarking Centre,CRO/RAHC/R-2024663,"43/8, Dhobi Mohal, Narial BazarKanpur, Kanpur Nagar, Uttar Pradesh, KANPUR NAGAR, KANPUR, UTTAR PRADESH ,208001",KANPUR,KANPUR NAGAR,UTTAR PRADESH,208001,ACTIVE,Operative,10/01/2028,Yellow Gold Hallmarking,Assaying & Hallmarking,https://www.manakonline.in/MANAK/AHCListForWebsite
HALLMARKING,HM-00162,,122,AHC-CRO-RAHC-R-2026180,JAISHREE HALLMARKING CENTRE,CRO/RAHC/R-2026180,"165 FIRST FLOOR PAKKI MORI DASNA GATENEAR CHOPLA HANUMAN MANDIR, GHAZIABAD, GHAZIABAD CITY, UTTAR PRADESH ,201001",GHAZIABAD CITY,GHAZIABAD,UTTAR PRADESH,201001,ACTIVE,Operative,30/01/2029,Gold & Silver Both Hallmarking,Assaying & Hallmarking,https://www.manakonline.in/MANAK/AHCListForWebsite
HALLMARKING,HM-00163,,123,AHC-CRO-RAHC-R-2027822,United Assaying Hallmark Centre LLP,CRO/RAHC/R-2027822,"Near GIP Footover Bridge,2nd floor,J-5A,Sector-18, GAUTAM BUDDH NAGAR, NOIDA, UTTAR PRADESH ,201301",NOIDA,GAUTAM BUDDH NAGAR,UTTAR PRADESH,201301,ACTIVE,Operative,21/01/2029,"Gold,Silver Hallmarking",Assaying & Hallmarking,https://www.manakonline.in/MANAK/AHCListForWebsite
HALLMARKING,HM-00164,,124,AHC-CRO-RAHC-R-2029573,Shri Savariya Seth Gold Testing And Hallmark Center,CRO/RAHC/R-2029573,"Flat No. KH 231486/10, First Floor,Loni Sub Post Office, Prashnat Vihar, GHAZIABAD, LONI, UTTAR PRADESH ,201102",LONI,GHAZIABAD,UTTAR PRADESH,201102,ACTIVE,Operative,17/07/2029,Yellow Gold Hallmarking,Assaying & Hallmarking,https://www.manakonline.in/MANAK/AHCListForWebsite
HALLMARKING,HM-00165,,125,AHC-CRO-RAHC-R-2123577,CP HALLMARKING CENTER,CRO/RAHC/R-2123577,"01,UNCHA MANDIPRAYAGRAJ, ALLAHABAD, ALLAHABAD CITY, UTTAR PRADESH ,211003",ALLAHABAD CITY,ALLAHABAD,UTTAR PRADESH,211003,ACTIVE,Operative,04/08/2028,Yellow Gold Hallmarking,Assaying & Hallmarking,https://www.manakonline.in/MANAK/AHCListForWebsite
HALLMARKING,HM-00166,,126,AHC-CRO-RAHC-R-2125083,MAA SUDAMA HALLMARK,CRO/RAHC/R-2125083,"CHOWK BAZAR, CHOWK BAZAR ROAD, U.P, BANDA, BANDA, UTTAR PRADESH ,210001",BANDA,BANDA,UTTAR PRADESH,210001,ACTIVE,Operative,06/05/2028,Yellow Gold Hallmarking,Assaying & Hallmarking,https://www.manakonline.in/MANAK/AHCListForWebsite
HALLMARKING,HM-00167,,127,AHC-CRO-RAHC-R-2210058,SINGHAL HALLMARKING CENTRE,CRO/RAHC/R-2210058,"H. No. CK58/30, AASBHAIRAVCHAUK, VARANASI, VARANASI, UTTAR PRADESH ,221001",VARANASI,VARANASI,UTTAR PRADESH,221001,ACTIVE,Operative,18/07/2028,Gold Hallmarking,Assaying & Hallmarking,https://www.manakonline.in/MANAK/AHCListForWebsite
HALLMARKING,HM-00169,,128,AHC-CRO-RAHC-R-2213850,B K HALLMARKING,CRO/RAHC/R-2213850,"4TH FLOOR,BHAWAN NO.332/029,CHOWK,LUCKNOW, LUCKNOW, LUCKNOW CHOWK, UTTAR PRADESH ,226003",LUCKNOW CHOWK,LUCKNOW,UTTAR PRADESH,226003,ACTIVE,Operative,27/11/2028,Yellow Gold Hallmarking,Assaying & Hallmarking,https://www.manakonline.in/MANAK/AHCListForWebsite
HALLMARKING,HM-00171,,129,AHC-CRO-RAHC-R-2214647,DASBHUJA MARKETING LIMITED,CRO/RAHC/R-2214647,"CK 21/35-A, GAWAL DAS SAHU LANECHOWK,VARANASI, VARANASI, VARANASI CITY, UTTAR PRADESH ,221001",VARANASI CITY,VARANASI,UTTAR PRADESH,221001,ACTIVE,Operative,22/05/2028,Yellow Gold Hallmarking,Assaying & Hallmarking,https://www.manakonline.in/MANAK/AHCListForWebsite
HALLMARKING,HM-00172,,130,AHC-CRO-RAHC-R-2215326,SHIV SHAKTI TOUNCH AND HALLMARKING CENTRE,CRO/RAHC/R-2215326,"NEW NO. 143/263A, OLD NO. 081/KA/2 JUTE WALI GALIPOST & PS: AMINABAD, LUCKNOW, AMINABAD PARK, UTTAR PRADESH ,226018",AMINABAD PARK,LUCKNOW,UTTAR PRADESH,226018,ACTIVE,Operative,12/09/2028,Gold Hallmarking,Assaying & Hallmarking,https://www.manakonline.in/MANAK/AHCListForWebsite
HALLMARKING,HM-00173,,131,AHC-CRO-RAHC-R-2216455,G K HALLMARKING CENTER,CRO/RAHC/R-2216455,"C.K.60/29-KH, KARNAGHANTA, VARANASIUTTAR PRADESH-221001, VARANASI, VARANASI, UTTAR PRADESH ,221001",VARANASI,VARANASI,UTTAR PRADESH,221001,ACTIVE,Operative,10/05/2028,Gold Hallmarking,Assaying & Hallmarking,https://www.manakonline.in/MANAK/AHCListForWebsite
HALLMARKING,HM-00175,,132,AHC-CRO-RAHC-R-2219027,VARANASI HALLMARK CENTER,CRO/RAHC/R-2219027,"CK-20/20LAKHI CHAUTRA, VARANASI, VARANASI, UTTAR PRADESH ,221001",VARANASI,VARANASI,UTTAR PRADESH,221001,ACTIVE,Operative,27/06/2029,Yellow Gold Hallmarking,Assaying & Hallmarking,https://www.manakonline.in/MANAK/AHCListForWebsite
HALLMARKING,HM-00176,,133,AHC-CRO-RAHC-R-2219089,B R GOLD TANCH AND HALLMARK CENTER,CRO/RAHC/R-2219089,"218, MALKHANA, KAIPERGANJRAEBAREILI, RAEBARELI, , UTTAR PRADESH ,229001",RAEBARELI,KAIPERGANJRAEBAREILI,UTTAR PRADESH,229001,SUSPENDED,Under Suspension,29/08/2028,Yellow Gold Hallmarking,Assaying & Hallmarking,https://www.manakonline.in/MANAK/AHCListForWebsite
HALLMARKING,HM-00177,,134,AHC-CRO-RAHC-R-2219109,KANAHAIYA HALLMARKING CENTER,CRO/RAHC/R-2219109,"309/14 KA GHADIYALICHOWK, LUCKNOW, LUCKNOW CHOWK, UTTAR PRADESH ,226003",LUCKNOW CHOWK,LUCKNOW,UTTAR PRADESH,226003,ACTIVE,Operative,04/03/2029,Yellow Gold Hallmarking,Assaying & Hallmarking,https://www.manakonline.in/MANAK/AHCListForWebsite
HALLMARKING,HM-00178,,135,AHC-CRO-RAHC-R-2219196,AVADH HALLMARK CENTRE,CRO/RAHC/R-2219196,"Shop No-2, Yadav Market, Taksal,Ayodhya, Uttar Pradesh - 224 001, FAIZABAD, AYODHYA RS, UTTAR PRADESH ,224001",AYODHYA RS,FAIZABAD,UTTAR PRADESH,224001,ACTIVE,Operative,11/02/2027,Gold Hallmarking,Assaying & Hallmarking,https://www.manakonline.in/MANAK/AHCListForWebsite
HALLMARKING,HM-00179,,136,AHC-CRO-RAHC-R-2219647,SWASTIK HALLMARKING CENTRE,CRO/RAHC/R-2219647,"CK 16/7-A, BINDESHWARI PALACESUDIYA, VARANASI, VARANASI, VARANASI CITY, UTTAR PRADESH ,221001",VARANASI CITY,VARANASI,UTTAR PRADESH,221001,ACTIVE,Operative,30/04/2027,Yellow Gold Hallmarking,Assaying & Hallmarking,https://www.manakonline.in/MANAK/AHCListForWebsite
HALLMARKING,HM-00180,,137,AHC-CRO-RAHC-R-2220276,R R C HALLMARKING & TEST CENTRE,CRO/RAHC/R-2220276,"PLOT NO 89, MAHANAGAR CHAURAHABEHIND RITZ CONTINENTAL, GOLE MARKET, LUCKNOW, LUCKNOW, MAHANAGAR, UTTAR PRADESH ,226006",MAHANAGAR,LUCKNOW,UTTAR PRADESH,226006,ACTIVE,Operative,24/06/2028,Yellow Gold Hallmarking,Assaying & Hallmarking,https://www.manakonline.in/MANAK/AHCListForWebsite
HALLMARKING,HM-00181,,138,AHC-CRO-RAHC-R-2220718,A S GOLD HALLMARKING AND ASSAYERS,CRO/RAHC/R-2220718,"HOUSE NO-309/23, FLAT NO-201, CHOWK, LUCKNOW, LUCKNOW CHOWK, UTTAR PRADESH ,226003",LUCKNOW CHOWK,LUCKNOW,UTTAR PRADESH,226003,ACTIVE,Operative,21/11/2026,Yellow Gold Hallmarking,Assaying & Hallmarking,https://www.manakonline.in/MANAK/AHCListForWebsite
HALLMARKING,HM-00182,,139,AHC-CRO-RAHC-R-2221610,S A N HALLMARKING CENTRE,CRO/RAHC/R-2221610,"332/41,Shree Plaza Complex,2nd FloorChowk Sarrafa,Lucknow-226003, LUCKNOW, LUCKNOW CHOWK, UTTAR PRADESH ,226003",LUCKNOW CHOWK,LUCKNOW,UTTAR PRADESH,226003,ACTIVE,Operative,25/02/2027,Yellow Gold Hallmarking,Assaying & Hallmarking,https://www.manakonline.in/MANAK/AHCListForWebsite
HALLMARKING,HM-00183,,140,AHC-CRO-RAHC-R-2222414,SHRI LAXMI HALLMARKING AND TUNCH CENTRE,CRO/RAHC/R-2222414,"CK57/49, CHOWK, SHIV MANDIR, RESHMA KATRACHOWK, VARANASI, UTTAR PRADESH-221001, VARANASI, VARANASI, UTTAR PRADESH ,221001",VARANASI,VARANASI,UTTAR PRADESH,221001,SUSPENDED,Under Suspension,24/09/2027,Yellow Gold Hallmarking,Assaying & Hallmarking,https://www.manakonline.in/MANAK/AHCListForWebsite
HALLMARKING,HM-00184,,141,AHC-CRO-RAHC-R-2226674,SHREE SHYAM JI HALLMARKING CENTRE,CRO/RAHC/R-2226674,"189,AMINABAD,Bazar Jhaulal,LucknowUttar Pradesh,226018, LUCKNOW, AMINABAD PARK, UTTAR PRADESH ,226018",AMINABAD PARK,LUCKNOW,UTTAR PRADESH,226018,ACTIVE,Operative,06/05/2027,Yellow Gold Hallmarking,Assaying & Hallmarking,https://www.manakonline.in/MANAK/AHCListForWebsite
HALLMARKING,HM-00185,,142,AHC-CRO-RAHC-R-2226696,R A HALLMARKING CENTRE,CRO/RAHC/R-2226696,"5/14/20,LYED GATE NEAR INFONT OF CHOWK ELECT.SUBSTATION CHOWK FAIZABAD, UTTAR PRADESH,224001, FAIZABAD, AYODHYA RS, UTTAR PRADESH ,224001",AYODHYA RS,FAIZABAD,UTTAR PRADESH,224001,ACTIVE,Operative,01/06/2028,Yellow Gold Hallmarking,Assaying & Hallmarking,https://www.manakonline.in/MANAK/AHCListForWebsite
HALLMARKING,HM-00186,,143,AHC-CRO-RAHC-R-2226818,UVA GOLD TESTING,CRO/RAHC/R-2226818,"JAYRAMPUR,GHOSIA,BHADOHISANT RAVIDAS NAGAR, BHADOI, BHADOHI, UTTAR PRADESH ,221301",BHADOHI,BHADOI,UTTAR PRADESH,221301,ACTIVE,Operative,05/07/2027,Yellow Gold Hallmarking,Assaying & Hallmarking,https://www.manakonline.in/MANAK/AHCListForWebsite
HALLMARKING,HM-00187,,144,AHC-CRO-RAHC-R-2227249,PATIL I HALLMARK,CRO/RAHC/R-2227249,"FLOOR 2,309/24 GARYALI GALICHOWK, LUCKNOW, LUCKNOW CHOWK, UTTAR PRADESH ,226003",LUCKNOW CHOWK,LUCKNOW,UTTAR PRADESH,226003,ACTIVE,Operative,13/07/2029,Yellow Gold Hallmarking,Assaying & Hallmarking,https://www.manakonline.in/MANAK/AHCListForWebsite
HALLMARKING,HM-00188,,145,AHC-CRO-RAHC-R-2227611,RBR HALLMARKING AND ASSAYING CENTER,CRO/RAHC/R-2227611,"CK 15/52 SUDIYACHOWK, VARANASI, VARANASI, UTTAR PRADESH ,221001",VARANASI,VARANASI,UTTAR PRADESH,221001,SUSPENDED,Under Suspension,04/09/2027,Gold & Silver Both Hallmarking,Assaying & Hallmarking,https://www.manakonline.in/MANAK/AHCListForWebsite
HALLMARKING,HM-00189,,146,AHC-CRO-RAHC-R-2318208,G K HALLMARKING CENTRE,CRO/RAHC/R-2318208,"VAISHNAVI MARKET,BEGAM WARD,PT. SHYAM BIHARI GALI,SADAR,PRATAPGARH,UTTAR PRADESH, PRATAPGARH, SADAR BAZAR, UTTAR PRADESH ,230001",SADAR BAZAR,PRATAPGARH,UTTAR PRADESH,230001,ACTIVE,Operative,27/10/2027,Yellow Gold Hallmarking,Assaying & Hallmarking,https://www.manakonline.in/MANAK/AHCListForWebsite
HALLMARKING,HM-00190,,147,AHC-CRO-RAHC-R-2325177,JAI VINDHYAWASINI HALLMARKING CENTER,CRO/RAHC/R-2325177,"673,PRADEEP KUMAR SONI,GANESHGANJ,MIRZAPUR, MIRZAPUR, MIRZAPUR CITY, UTTAR PRADESH ,231001",MIRZAPUR CITY,MIRZAPUR,UTTAR PRADESH,231001,ACTIVE,Operative,07/11/2027,Yellow Gold Hallmarking,Assaying & Hallmarking,https://www.manakonline.in/MANAK/AHCListForWebsite
HALLMARKING,HM-00191,,148,AHC-CRO-RAHC-R-2326759,JAISWAL HALLMARK CENTER,CRO/RAHC/R-2326759,"H.N. 8, SHOP NO. 8/3,NEAR RADHA KRISHNA MANDIR,SARAI POKHTA, STEAMER GHAT, MARKEENGANJ,GHAZIPUR, GHAZIPUR, MARKEENGANJ, UTTAR PRADESH ,233001",MARKEENGANJ,GHAZIPUR,UTTAR PRADESH,233001,ACTIVE,Operative,14/05/2027,Yellow Gold Hallmarking,Assaying & Hallmarking,https://www.manakonline.in/MANAK/AHCListForWebsite
HALLMARKING,HM-00192,,149,AHC-CRO-RAHC-R-2411681,SHREE JI HALLMARKING AND TESTING CENTER,CRO/RAHC/R-2411681,"SECOND FLOOR, KANHAIYA LAL SARAFA MARKETSARAFA BAZAR, SAHARANPUR, SAHARANPUR, UTTAR PRADESH ,247001",SAHARANPUR,SAHARANPUR,UTTAR PRADESH,247001,ACTIVE,Operative,15/01/2029,Yellow Gold Hallmarking,Assaying & Hallmarking,https://www.manakonline.in/MANAK/AHCListForWebsite
HALLMARKING,HM-00193,,150,AHC-CRO-RAHC-R-2412367,SHREE RAM GOLD AND SILVER TEST LAB AND HALLMARK CENTRE,CRO/RAHC/R-2412367,"NEAR AXIS BANK,148,CIVIL LINE,BAREILLY,BAREILLY,UTTAR PRADESH,243001, BAREILLY, BAREILLY CITY, UTTAR PRADESH ,243001",BAREILLY CITY,BAREILLY,UTTAR PRADESH,243001,ACTIVE,Operative,06/05/2027,"Gold,Yellow Gold Hallmarking",Assaying & Hallmarking,https://www.manakonline.in/MANAK/AHCListForWebsite
HALLMARKING,HM-00194,,151,AHC-CRO-RAHC-R-2412888,SHREE HALLMARKING CENTRE,CRO/RAHC/R-2412888,"H NO-55 MISTANGANJLANGARKHANA GALI, RAMPUR, RAMPUR, UTTAR PRADESH ,244901",RAMPUR,RAMPUR,UTTAR PRADESH,244901,ACTIVE,Operative,01/02/2027,Yellow Gold Hallmarking,Assaying & Hallmarking,https://www.manakonline.in/MANAK/AHCListForWebsite
HALLMARKING,HM-00195,,152,AHC-CRO-RAHC-R-2413279,A ONE COMPUTERIZED X RAY TUNCH BULLION AND REFINERY,CRO/RAHC/R-2413279,"1ST FFOOR, SHOP NO. 8, MISTONGANJ,KUCHA PARMESHWARI DAS, RAMPUR, RAMPUR, RAMPUR, UTTAR PRADESH ,244901",RAMPUR,RAMPUR,UTTAR PRADESH,244901,ACTIVE,Operative,24/03/2029,Yellow Gold Hallmarking,Assaying & Hallmarking,https://www.manakonline.in/MANAK/AHCListForWebsite
HALLMARKING,HM-00196,,153,AHC-CRO-RAHC-R-2413988,SHRI BANKEY BIHARI ASSAYING AND HALLMARK CENTRE PRIVATE LIMITED,CRO/RAHC/R-2413988,"SHOP NO 70,GARAIYA QILA,BAREILLY, BAREILLY, BAREILLY, UTTAR PRADESH ,243001",BAREILLY,BAREILLY,UTTAR PRADESH,243001,ACTIVE,Operative,27/03/2029,Yellow Gold Hallmarking,Assaying & Hallmarking,https://www.manakonline.in/MANAK/AHCListForWebsite
HALLMARKING,HM-00197,,154,AHC-CRO-RAHC-R-2416051,A ONE HALLMARKING CENTRE,CRO/RAHC/R-2416051,"324/285, GARAIYA, NEEM KI CHARAI KE SAMNEBADA BAZAR, BAREILLY, BAREILLY, BAREILLY CITY, UTTAR PRADESH ,243003",BAREILLY CITY,BAREILLY,UTTAR PRADESH,243003,ACTIVE,Operative,28/09/2028,Yellow Gold Hallmarking,Assaying & Hallmarking,https://www.manakonline.in/MANAK/AHCListForWebsite
HALLMARKING,HM-00198,,155,AHC-CRO-RAHC-R-2417449,Bhavya Hallmarking Centre,CRO/RAHC/R-2417449,"SARAF,13/1434/2,GHER HARSHARAN DASSSARAFFA BAZAR, SAHARANPUR, SAHARANPUR CITY, UTTAR PRADESH ,247001",SAHARANPUR CITY,SAHARANPUR,UTTAR PRADESH,247001,ACTIVE,Operative,21/12/2025,Yellow Gold Hallmarking,Assaying & Hallmarking,https://www.manakonline.in/MANAK/AHCListForWebsite
HALLMARKING,HM-00199,,156,AHC-CRO-RAHC-R-2418837,VISHAL HALLMARKING CENTRE,CRO/RAHC/R-2418837,"MOHALLA -CHOWKSI,CHOWK,SHAHJAHANPUR,UTTAR PRADESH242001, SHAHJAHANPUR, SHAHJAHANPUR, UTTAR PRADESH ,242001",SHAHJAHANPUR,SHAHJAHANPUR,UTTAR PRADESH,242001,SUSPENDED,Under Suspension,27/03/2027,"Gold,Yellow Gold Hallmarking",Assaying & Hallmarking,https://www.manakonline.in/MANAK/AHCListForWebsite
HALLMARKING,HM-00200,,157,AHC-CRO-RAHC-R-2426025,A ONE TESTING & HALLMARKING CENTRE,CRO/RAHC/R-2426025,"SHIVAJI MARG, 1 AND 2 FLOOR SHIVAJI MARG465, ALAMGIRIGANJ, BAREILLY, BAREILLY, UTTAR PRADESH ,243005",BAREILLY,BAREILLY,UTTAR PRADESH,243005,ACTIVE,Operative,21/08/2029,Yellow Gold Hallmarking,Assaying & Hallmarking,https://www.manakonline.in/MANAK/AHCListForWebsite
HALLMARKING,HM-00201,,158,AHC-CRO-RAHC-R-2426704,TIRUPATI ASSAYING & HALLMARKING CENTER,CRO/RAHC/R-2426704,"FIRST FLOOR,SHOP NO-1,2,3, 214, ALAMGIRIGANJBAREILLY, BAREILLY, BAREILLY CITY, UTTAR PRADESH ,243001",BAREILLY CITY,BAREILLY,UTTAR PRADESH,243001,ACTIVE,Operative,02/02/2026,Yellow Gold Hallmarking,Assaying & Hallmarking,https://www.manakonline.in/MANAK/AHCListForWebsite
HALLMARKING,HM-00202,,159,AHC-CRO-RAHC-R-2428527,MA HALLMARKING CENTRE LLP,CRO/RAHC/R-2428527,"SHOP NO F-9, F-10,ALAMGIRIGANJ,MAROOF BANSMANDI,BAREILLY, BAREILLY, BAREILLY, UTTAR PRADESH ,243001",BAREILLY,BAREILLY,UTTAR PRADESH,243001,ACTIVE,Operative,25/12/2026,Yellow Gold Hallmarking,Assaying & Hallmarking,https://www.manakonline.in/MANAK/AHCListForWebsite
HALLMARKING,HM-00203,,160,AHC-CRO-RAHC-R-2512591,Saatvik Assaying and Hallmarking Center,CRO/RAHC/R-2512591,"Shop No. 2, Building No. 6, Neel GaliSaraffa Bazaar, MEERUT, MEERUT CITY, UTTAR PRADESH ,250002",MEERUT CITY,MEERUT,UTTAR PRADESH,250002,ACTIVE,Operative,22/07/2027,Yellow Gold Hallmarking,Assaying & Hallmarking,https://www.manakonline.in/MANAK/AHCListForWebsite
HALLMARKING,HM-00206,,161,AHC-CRO-RAHC-R-2517421,sonu assaying and hallmarking center,CRO/RAHC/R-2517421,"Building no. 51, Rabadi wali gali, velly bazarroad, kagji bazar, meerut, MEERUT, MEERUT CITY, UTTAR PRADESH ,250002",MEERUT CITY,MEERUT,UTTAR PRADESH,250002,ACTIVE,Operative,14/01/2028,Yellow Gold Hallmarking,Assaying & Hallmarking,https://www.manakonline.in/MANAK/AHCListForWebsite
HALLMARKING,HM-00207,,162,AHC-CRO-RAHC-R-2523516,Aadinath Hallmarking Centre,CRO/RAHC/R-2523516,"Shop No. 180A, Sadar Saraffa Bazar, Meerut, U.P, MEERUT, MEERUT CITY, UTTAR PRADESH ,250001",MEERUT CITY,MEERUT,UTTAR PRADESH,250001,ACTIVE,Operative,14/05/2028,Yellow Gold Hallmarking,Assaying & Hallmarking,https://www.manakonline.in/MANAK/AHCListForWebsite
HALLMARKING,HM-00208,,163,AHC-CRO-RAHC-R-2523858,MS GOLD LAB,CRO/RAHC/R-2523858,"216/246 Neel Gali Sarffa Bazar216/246 Neel Gali Sarffa Bazar, MEERUT, MEERUT CITY, UTTAR PRADESH ,250002",MEERUT CITY,MEERUT,UTTAR PRADESH,250002,ACTIVE,Operative,18/04/2028,Gold Hallmarking,Assaying & Hallmarking,https://www.manakonline.in/MANAK/AHCListForWebsite
HALLMARKING,HM-00209,,164,AHC-CRO-RAHC-R-2524601,Hira Hallmarking Centre,CRO/RAHC/R-2524601,"65, Kagji Bazar, Sarafa, Meerut, MEERUT, MEERUT CITY, UTTAR PRADESH ,250002",MEERUT CITY,MEERUT,UTTAR PRADESH,250002,ACTIVE,Operative,28/01/2029,Yellow Gold Hallmarking,Assaying & Hallmarking,https://www.manakonline.in/MANAK/AHCListForWebsite
HALLMARKING,HM-00210,,165,AHC-CRO-RAHC-R-2527637,SHREE BALAJI HALLMARKING CENTRE,CRO/RAHC/R-2527637,"97, SARAI LAL DASSARAFA BAZAR, MEERUT, MEERUT CITY, UTTAR PRADESH ,250002",MEERUT CITY,MEERUT,UTTAR PRADESH,250002,ACTIVE,Operative,11/10/2026,Yellow Gold Hallmarking,Assaying & Hallmarking,https://www.manakonline.in/MANAK/AHCListForWebsite
HALLMARKING,HM-00211,,166,AHC-CRO-RAHC-R-2622049,R D HALLMARKING CENTRE,CRO/RAHC/R-2622049,"NA,MOH-SARRAFA BAZAR LAKHIMPUR,SANKTA DEVI ROAD,LAKHIMPUR KHERI,LAKHIMPUR,UTTAR PRADESH,262701, LAKHIMPUR KHERI, LAKHIMPUR, UTTAR PRADESH ,262701",LAKHIMPUR,LAKHIMPUR KHERI,UTTAR PRADESH,262701,ACTIVE,Operative,09/01/2027,"Yellow Gold,Silver,Gold & Silver Both Hallmarking",Assaying & Hallmarking,https://www.manakonline.in/MANAK/AHCListForWebsite
HALLMARKING,HM-00212,,167,AHC-CRO-RAHC-R-2710569,Shree Banke Bihari Ji Hallmark Center,CRO/RAHC/R-2710569,"Gangotri Katra,Purani Kotwali, AZAMGARH, AZAMGARH, UTTAR PRADESH ,276001",AZAMGARH,AZAMGARH,UTTAR PRADESH,276001,ACTIVE,Operative,18/06/2029,Yellow Gold Hallmarking,Assaying & Hallmarking,https://www.manakonline.in/MANAK/AHCListForWebsite
HALLMARKING,HM-00213,,168,AHC-CRO-RAHC-R-2711794,SIDDHI VINAYAK HALLMARKING CENTRE,CRO/RAHC/R-2711794,"MALI TOLA,MANGAL BAZAR,PURANI BASTI, BASTI, BASTI, UTTAR PRADESH ,272002",BASTI,BASTI,UTTAR PRADESH,272002,ACTIVE,Operative,13/02/2029,Yellow Gold Hallmarking,Assaying & Hallmarking,https://www.manakonline.in/MANAK/AHCListForWebsite
HALLMARKING,HM-00215,,169,AHC-CRO-RAHC-R-2714703,JAI MAA HALLMARKING CENTRE,CRO/RAHC/R-2714703,"1st Floor, Purani Kotwali, Asifganj, Sadar azamgarh, Azamgarh City, AZAMGARH, AZAMGARH, UTTAR PRADESH ,276001",AZAMGARH,AZAMGARH,UTTAR PRADESH,276001,ACTIVE,Operative,28/06/2027,Gold Hallmarking,Assaying & Hallmarking,https://www.manakonline.in/MANAK/AHCListForWebsite
HALLMARKING,HM-00216,,170,AHC-CRO-RAHC-R-2714968,SUSHMA ENTERPRISES HALLMARING CENTRE,CRO/RAHC/R-2714968,"QUASIMPURA BAAZ KI MASJID2/A KHALSA UTTARTOLA QAZITOLA MAU, MAU, MAU, UTTAR PRADESH ,275101",MAU,MAU,UTTAR PRADESH,275101,ACTIVE,Operative,27/01/2028,Yellow Gold Hallmarking,Assaying & Hallmarking,https://www.manakonline.in/MANAK/AHCListForWebsite
HALLMARKING,HM-00217,,171,AHC-CRO-RAHC-R-2724734,Suraj Hallmarking Centre,CRO/RAHC/R-2724734,"Near Saraffa Bhawan, First Floor, Shop No. 4,5,6J.K. Complex, Ghantaghar, GORAKHPUR, GORAKHPUR, UTTAR PRADESH ,273005",GORAKHPUR,GORAKHPUR,UTTAR PRADESH,273005,ACTIVE,Operative,27/11/2028,Yellow Gold Hallmarking,Assaying & Hallmarking,https://www.manakonline.in/MANAK/AHCListForWebsite
HALLMARKING,HM-00219,,172,AHC-CRO-RAHC-R-2725865,PRIYANSH HALLMARKING AND GOLD TUNCH CENTRE,CRO/RAHC/R-2725865,"Rama Narayan Complex, Second Floor, Laxmi Market, BALLIA, BALLIA, UTTAR PRADESH ,277001",BALLIA,BALLIA,UTTAR PRADESH,277001,ACTIVE,Operative,10/06/2027,Yellow Gold Hallmarking,Assaying & Hallmarking,https://www.manakonline.in/MANAK/AHCListForWebsite
HALLMARKING,HM-00220,,173,AHC-CRO-RAHC-R-2728929,S R HALLMARKING CENTER,CRO/RAHC/R-2728929,"0,MAKAN NO 113,0,PURANIKOTWALI ,ASIFGANJ AZAMGARH UTTAR PRADESH, AZAMGARH, AZAMGARH, UTTAR PRADESH ,276001",AZAMGARH,AZAMGARH,UTTAR PRADESH,276001,ACTIVE,Operative,17/07/2029,Yellow Gold Hallmarking,Assaying & Hallmarking,https://www.manakonline.in/MANAK/AHCListForWebsite
HALLMARKING,HM-00221,,174,AHC-CRO-RAHC-R-2729318,GOLDEN HALLMARKING CENTRE,CRO/RAHC/R-2729318,"22/392, MALVIYA ROAD, BHARAULI BAZAR,SRI SINGUR GENERAL STORES, DEORIA, DEORIA, , UTTAR PRADESH ,274001",DEORIA,DEORIA,UTTAR PRADESH,274001,ACTIVE,Operative,31/03/2029,Yellow Gold Hallmarking,Assaying & Hallmarking,https://www.manakonline.in/MANAK/AHCListForWebsite
HALLMARKING,HM-00222,,175,AHC-CRO-RAHC-R-2729917,ARADHYA ASSAYING AND HALLMARKING CENTRE,CRO/RAHC/R-2729917,"Infront of Sarrafa Bhawan, Srinath Gahana Bhawan,Sheshpur, Geeta Press Post, GORAKHPUR, GORAKHPUR, UTTAR PRADESH ,273005",GORAKHPUR,GORAKHPUR,UTTAR PRADESH,273005,ACTIVE,Operative,14/11/2028,Yellow Gold Hallmarking,Assaying & Hallmarking,https://www.manakonline.in/MANAK/AHCListForWebsite
HALLMARKING,HM-00223,,176,AHC-CRO-RAHC-R-2810242,RP Assaying and Hallmarking centre,CRO/RAHC/R-2810242,"First Floor, 3, 4 & 5, Sarrafa Bhawan,Koyla Wali Gali, Dalpat Khidki, Mathura, MATHURA, MATHURA, UTTAR PRADESH ,281001",MATHURA,MATHURA,UTTAR PRADESH,281001,ACTIVE,Operative,09/08/2028,Yellow Gold Hallmarking,Assaying & Hallmarking,https://www.manakonline.in/MANAK/AHCListForWebsite
HALLMARKING,HM-00224,,177,AHC-CRO-RAHC-R-2810956,RM HALLMARKING CENTRE LLP,CRO/RAHC/R-2810956,"68A INDUSTRIAL ESTATE NUNHAIAGRA, AGRA, NUNHAI, UTTAR PRADESH ,282006",NUNHAI,AGRA,UTTAR PRADESH,282006,ACTIVE,Operative,26/06/2029,Silver Hallmarking,Assaying & Hallmarking,https://www.manakonline.in/MANAK/AHCListForWebsite
HALLMARKING,HM-00225,,178,AHC-CRO-RAHC-R-2813002,ELIXIR GOLD,CRO/RAHC/R-2813002,"CHANDRA SHEKHAR AZAD SMARAK,FIRST FLOORCIVIL LINES ROAD,JHANSI CANTT TOWNSHIP,JHANSI, JHANSI, JHANSI CITY, UTTAR PRADESH ,284001",JHANSI CITY,JHANSI,UTTAR PRADESH,284001,SUSPENDED,Under Suspension,06/05/2027,Gold & Silver Both Hallmarking,Assaying & Hallmarking,https://www.manakonline.in/MANAK/AHCListForWebsite
HALLMARKING,HM-00226,,179,AHC-CRO-RAHC-R-2814496,DARSH SOLUTIONS,CRO/RAHC/R-2814496,"13/64 13/64/1 13/65 & 14/37 2ND FLOORKINARI BAZAR, AGRA, AGRA, UTTAR PRADESH ,282003",AGRA,AGRA,UTTAR PRADESH,282003,ACTIVE,Operative,27/07/2029,Gold & Silver Both Hallmarking,Assaying & Hallmarking,https://www.manakonline.in/MANAK/AHCListForWebsite
HALLMARKING,HM-00227,,180,AHC-CRO-RAHC-R-2815737,ANKIT HALLMARK CENTER,CRO/RAHC/R-2815737,"176, KOYLA GLI MATHURA, DALPAT KHIDAKIMATHURA, MATHURA, MATHURA CITY, UTTAR PRADESH ,281001",MATHURA CITY,MATHURA,UTTAR PRADESH,281001,SUSPENDED,Under Suspension,04/03/2029,"Gold,Yellow Gold Hallmarking",Assaying & Hallmarking,https://www.manakonline.in/MANAK/AHCListForWebsite
HALLMARKING,HM-00228,,181,AHC-CRO-RAHC-R-2824134,AKARSH HALLMARKING CENTRE,CRO/RAHC/R-2824134,"1204, GALI MEGHA, CHOWK BAZAR, MATHURA,MATHURAUttar Pradesh, MATHURA, MATHURA, UTTAR PRADESH ,281001",MATHURA,MATHURA,UTTAR PRADESH,281001,ACTIVE,Operative,15/08/2028,Yellow Gold Hallmarking,Assaying & Hallmarking,https://www.manakonline.in/MANAK/AHCListForWebsite
HALLMARKING,HM-00230,,182,AHC-CRO-RAHC-R-3010818,KAPISH HALLMARKING CENTRE,CRO/RAHC/R-3010818,"2650, Bank Street, Naiwala Karol Bagh North West Delhi, New Delhi - 110005, NORTH WEST DELHI, ASHOK VIHAR, DELHI ,110005",ASHOK VIHAR,NORTH WEST DELHI,DELHI,110005,ACTIVE,Operative,17/07/2029,Yellow Gold Hallmarking,Assaying & Hallmarking,https://www.manakonline.in/MANAK/AHCListForWebsite
HALLMARKING,HM-00232,,183,AHC-CRO-RAHC-R-3011402,M K HALLMARKING CENTER,CRO/RAHC/R-3011402,"0, Sabji Mandi, Main Market, Sojat CityPali, Rajasthan, 306104, PALI, SOJAT, RAJASTHAN ,306104",SOJAT,PALI,RAJASTHAN,306104,ACTIVE,Operative,01/11/2026,Yellow Gold Hallmarking,Assaying & Hallmarking,https://www.manakonline.in/MANAK/AHCListForWebsite
HALLMARKING,HM-00233,,184,AHC-CRO-RAHC-R-3011711,B R HALLMARKING CENTRE,CRO/RAHC/R-3011711,"SHOP NO.B-3, B-4, BASHMENT PLOT NO.A-1,TRIMURTI PLAZA, SAHKAR NAGAR-B, JHOTWARA, JAIPUR, JAIPUR, JHOTWARA, RAJASTHAN ,302012",JHOTWARA,JAIPUR,RAJASTHAN,302012,ACTIVE,Operative,12/08/2028,"Gold,Yellow Gold,Silver,Gold & Silver Both Hallmarking",Assaying & Hallmarking,https://www.manakonline.in/MANAK/AHCListForWebsite
HALLMARKING,HM-00234,,185,AHC-CRO-RAHC-R-3012365,SHREE SHYAM HALLMARKING CENTER,CRO/RAHC/R-3012365,"Shop No. 201 & 202, Om Kripa,Bajaja Bazar Road,, ALWAR, ALWAR, RAJASTHAN ,301001",ALWAR,ALWAR,RAJASTHAN,301001,SUSPENDED,Under Suspension,14/06/2029,"Gold,Yellow Gold Hallmarking",Assaying & Hallmarking,https://www.manakonline.in/MANAK/AHCListForWebsite
HALLMARKING,HM-00235,,186,AHC-CRO-RAHC-R-3013063,LAKHAN HALLMARKING CENTRE,CRO/RAHC/R-3013063,"01 UF, CHIPA VAS, HOLI CHOWK,SHEOGANJ, DIST. SIROHI, SIROHI, SHEOGANJ (SIROHI), RAJASTHAN ,307027",SHEOGANJ (SIROHI),SIROHI,RAJASTHAN,307027,ACTIVE,Operative,04/03/2029,Yellow Gold Hallmarking,Assaying & Hallmarking,https://www.manakonline.in/MANAK/AHCListForWebsite
HALLMARKING,HM-00236,,187,AHC-CRO-RAHC-R-3013860,SHRIJI HALLMARKING,CRO/RAHC/R-3013860,"SAVO KA BASS, JAITARANJAITARAN, PALI, JAITARAN, RAJASTHAN ,306302",JAITARAN,PALI,RAJASTHAN,306302,ACTIVE,Operative,05/06/2027,"Gold,Yellow Gold Hallmarking",Assaying & Hallmarking,https://www.manakonline.in/MANAK/AHCListForWebsite
HALLMARKING,HM-00237,,188,AHC-CRO-RAHC-R-3015859,VAISHNAVI HALLMARKING CENTER,CRO/RAHC/R-3015859,"1stFLOOR,J405,SITAPURA IND AREA SANGANER,JAIPUR, JAIPUR, INDUSTRIAL ESTATE (JAIPUR), RAJASTHAN ,302022",INDUSTRIAL ESTATE (JAIPUR),JAIPUR,RAJASTHAN,302022,ACTIVE,Operative,04/10/2028,Yellow Gold Hallmarking,Assaying & Hallmarking,https://www.manakonline.in/MANAK/AHCListForWebsite
HALLMARKING,HM-00238,,189,AHC-CRO-RAHC-R-3019537,JAGRITI HALLMARKING & REFINERY CENTER,CRO/RAHC/R-3019537,"Frist Floor, E801, Vaishali Nagar, Jaipur, Rajasth, JAIPUR, JAIPUR CITY, RAJASTHAN ,302021",JAIPUR CITY,JAIPUR,RAJASTHAN,302021,ACTIVE,Operative,16/11/2026,Gold Hallmarking,Assaying & Hallmarking,https://www.manakonline.in/MANAK/AHCListForWebsite
HALLMARKING,HM-00239,,190,AHC-CRO-RAHC-R-3019633,Shree Shyam Hallmarking Center,CRO/RAHC/R-3019633,"o, near by Gopal ji ka mandir , holi darwaja road Chopad , Chomu , Jaipur , Rajasthan , 303702, JAIPUR, CHOMU, RAJASTHAN ,303702",CHOMU,JAIPUR,RAJASTHAN,303702,ACTIVE,Operative,21/06/2029,Yellow Gold Hallmarking,Assaying & Hallmarking,https://www.manakonline.in/MANAK/AHCListForWebsite
HALLMARKING,HM-00240,,191,AHC-CRO-RAHC-R-3019971,MAA AMBEY HALLMARKING CENTRE,CRO/RAHC/R-3019971,"SHAHKAR NAGAR, A-22-W, SHILP COLONY,,JHOTWARA, JAIPUR, Jaipur, Rajasthan, 302012, JAIPUR, JHOTWARA, RAJASTHAN ,302012",JHOTWARA,JAIPUR,RAJASTHAN,302012,ACTIVE,Operative,17/12/2027,Yellow Gold Hallmarking,Assaying & Hallmarking,https://www.manakonline.in/MANAK/AHCListForWebsite
HALLMARKING,HM-00241,,192,AHC-CRO-RAHC-R-3020345,SHRI R K HALLMARKING,CRO/RAHC/R-3020345,"2ND FLOOR1912,LADIWALON KI GALI, CHUORA RASTA, JAIPUR, JAIPUR, JAIPUR CITY, RAJASTHAN ,302002",JAIPUR CITY,JAIPUR,RAJASTHAN,302002,ACTIVE,Operative,06/05/2027,"Gold,Yellow Gold Hallmarking",Assaying & Hallmarking,https://www.manakonline.in/MANAK/AHCListForWebsite
HALLMARKING,HM-00242,,193,AHC-CRO-RAHC-R-3021211,Darshan Hallmarking Center,CRO/RAHC/R-3021211,"Holi Darwaza , R.C. complex , Chopad, Chomu, JAIPUR, CHOMU, RAJASTHAN ,303702",CHOMU,JAIPUR,RAJASTHAN,303702,ACTIVE,Operative,10/12/2026,Gold Hallmarking,Assaying & Hallmarking,https://www.manakonline.in/MANAK/AHCListForWebsite
HALLMARKING,HM-00243,,194,AHC-CRO-RAHC-R-3021744,SHREE SALASAR BALAJI HALLMARKING CENTRE,CRO/RAHC/R-3021744,"Shop No. 5-6, 798/1286,Sekhar Nagar, Jhotwara, Rajasthan, JAIPUR, JHOTWARA, RAJASTHAN ,302012",JHOTWARA,JAIPUR,RAJASTHAN,302012,ACTIVE,Operative,10/05/2025,"Gold,Yellow Gold Hallmarking",Assaying & Hallmarking,https://www.manakonline.in/MANAK/AHCListForWebsite
HALLMARKING,HM-00244,,195,AHC-CRO-RAHC-R-3021744-O1-,SHREE SALASAR BALAJI HALLMARKING CENTRE,CRO/RAHC/R-3021744(O1),"Shop No. 5-6, 798/1286,Sekhar Nagar, Jhotwara, Rajasthan, JAIPUR, JHOTWARA, RAJASTHAN ,302012",JHOTWARA,JAIPUR,RAJASTHAN,302012,ACTIVE,Operative,10/05/2025,Gold Hallmarking,Assaying & Hallmarking,https://www.manakonline.in/MANAK/AHCListForWebsite
HALLMARKING,HM-00245,,196,AHC-CRO-RAHC-R-3021744-O2-,SHREE SALASAR BALAJI HALLMARKING CENTRE,CRO/RAHC/R-3021744(O2),"Shop No. 5-6, 798/1286,Sekhar Nagar, Jhotwara, Rajasthan, JAIPUR, JHOTWARA, RAJASTHAN ,302012",JHOTWARA,JAIPUR,RAJASTHAN,302012,ACTIVE,Operative,10/05/2025,Gold Hallmarking,Assaying & Hallmarking,https://www.manakonline.in/MANAK/AHCListForWebsite
HALLMARKING,HM-00246,,197,AHC-CRO-RAHC-R-3021744-O3-,SHREE SALASAR BALAJI HALLMARKING CENTRE,CRO/RAHC/R-3021744(O3),"Shop No. 5-6, 798/1286,Sekhar Nagar, Jhotwara, Rajasthan, JAIPUR, JHOTWARA, RAJASTHAN ,302012",JHOTWARA,JAIPUR,RAJASTHAN,302012,ACTIVE,Operative,10/05/2025,Gold Hallmarking,Assaying & Hallmarking,https://www.manakonline.in/MANAK/AHCListForWebsite
HALLMARKING,HM-00247,,198,AHC-CRO-RAHC-R-3022631,SREE SATYAM HALLMARKING,CRO/RAHC/R-3022631,"1535,FIRSTH FLOOR PATVO KA RASTA,NAMKEEN WALI GALICHAURA RASTA JAIPUR (RAJASTHAN), JAIPUR, JAIPUR CITY, RAJASTHAN ,302003",JAIPUR CITY,JAIPUR,RAJASTHAN,302003,ACTIVE,Operative,27/07/2029,Yellow Gold Hallmarking,Assaying & Hallmarking,https://www.manakonline.in/MANAK/AHCListForWebsite
HALLMARKING,HM-00248,,199,AHC-CRO-RAHC-R-3023491,L S HALLMARK CENTRE,CRO/RAHC/R-3023491,"0, GHEE MANDI, NAYA BAAZARAJMER, AJMER, AJMER, RAJASTHAN ,305001",AJMER,AJMER,RAJASTHAN,305001,SUSPENDED,Under Suspension,28/03/2029,"Gold,Yellow Gold Hallmarking",Assaying & Hallmarking,https://www.manakonline.in/MANAK/AHCListForWebsite
HALLMARKING,HM-00249,,200,AHC-CRO-RAHC-R-3023491-O1-,L S HALLMARK CENTRE,CRO/RAHC/R-3023491(O1),"0, GHEE MANDI, NAYA BAAZARAJMER, AJMER, AJMER, RAJASTHAN ,305001",AJMER,AJMER,RAJASTHAN,305001,ACTIVE,Operative,28/03/2029,Gold Hallmarking,Assaying & Hallmarking,https://www.manakonline.in/MANAK/AHCListForWebsite
HALLMARKING,HM-00250,,201,AHC-CRO-RAHC-R-3023491-O2-,L S HALLMARK CENTRE,CRO/RAHC/R-3023491(O2),"0, GHEE MANDI, NAYA BAAZARAJMER, AJMER, AJMER, RAJASTHAN ,305001",AJMER,AJMER,RAJASTHAN,305001,ACTIVE,Operative,28/03/2029,Gold Hallmarking,Assaying & Hallmarking,https://www.manakonline.in/MANAK/AHCListForWebsite
HALLMARKING,HM-00251,,202,AHC-CRO-RAHC-R-3023491-O3-,L S HALLMARK CENTRE,CRO/RAHC/R-3023491(O3),"0, GHEE MANDI, NAYA BAAZARAJMER, AJMER, AJMER, RAJASTHAN ,305001",AJMER,AJMER,RAJASTHAN,305001,ACTIVE,Operative,28/03/2029,Gold Hallmarking,Assaying & Hallmarking,https://www.manakonline.in/MANAK/AHCListForWebsite
HALLMARKING,HM-00252,,203,AHC-CRO-RAHC-R-3024259,KHARA SONA CHANDI,CRO/RAHC/R-3024259,"G1-31, RIICO INDUSTRIAL AREASITAPURA JAIPUR, JAIPUR, SITAPURA INDUSTRIAL AREA, RAJASTHAN ,302022",SITAPURA INDUSTRIAL AREA,JAIPUR,RAJASTHAN,302022,ACTIVE,Operative,14/11/2028,Gold & Silver Both Hallmarking,Assaying & Hallmarking,https://www.manakonline.in/MANAK/AHCListForWebsite
HALLMARKING,HM-00253,,204,AHC-CRO-RAHC-R-3024637,Maa Kripa Hallmarking Center,CRO/RAHC/R-3024637,"52, KHATRIYO KA BAS, PALI, PALI CITY, RAJASTHAN ,306401",PALI CITY,PALI,RAJASTHAN,306401,SUSPENDED,Under Suspension,28/08/2027,Gold Hallmarking,Assaying & Hallmarking,https://www.manakonline.in/MANAK/AHCListForWebsite
HALLMARKING,HM-00254,,205,AHC-CRO-RAHC-R-3025907,RR HALLMARKING CENTRE,CRO/RAHC/R-3025907,"1079,1084/5,BHAGIRATH KAGDI BHAWANGANGA MATA KI GALI, GOPAL JI KA RASTA, JAIPUR, JAIPUR, JAIPUR CITY, RAJASTHAN ,302003",JAIPUR CITY,JAIPUR,RAJASTHAN,302003,ACTIVE,Operative,21/08/2029,Yellow Gold Hallmarking,Assaying & Hallmarking,https://www.manakonline.in/MANAK/AHCListForWebsite
HALLMARKING,HM-00255,,206,AHC-CRO-RAHC-R-3027955,TIRUPATI HALLMARKING CENTER,CRO/RAHC/R-3027955,"Kotputli,Old Anaj Mandi,Soni Market,FASTag Center,Kotputli,Barabas Rural,Jaipur,Rajasthan,303108., JAIPUR, KOTPUTLI, RAJASTHAN ,303108",KOTPUTLI,JAIPUR,RAJASTHAN,303108,ACTIVE,Operative,04/08/2027,Yellow Gold Hallmarking,Assaying & Hallmarking,https://www.manakonline.in/MANAK/AHCListForWebsite
HALLMARKING,HM-00256,,207,AHC-CRO-RAHC-R-3111213,MB Hallmark Centre,CRO/RAHC/R-3111213,"Plot No. S 4 - 39, 40,MADRI, MEWAR INDUSTRIAL AREA, UDAIPUR, UDAIPUR, RAJASTHAN ,313001",UDAIPUR,UDAIPUR,RAJASTHAN,313001,SUSPENDED,Under Suspension,22/05/2026,Yellow Gold Hallmarking,Assaying & Hallmarking,https://www.manakonline.in/MANAK/AHCListForWebsite
HALLMARKING,HM-00257,,208,AHC-CRO-RAHC-R-3115150,MAHALAXMI HALLMARK CENTRE,CRO/RAHC/R-3115150,"145, WARD NO-45, MOTI CHOHATTA,UDAIPUR, UDAIPUR, , RAJASTHAN ,313001",UDAIPUR,UDAIPUR,RAJASTHAN,313001,ACTIVE,Operative,06/05/2027,"Gold,Yellow Gold Hallmarking",Assaying & Hallmarking,https://www.manakonline.in/MANAK/AHCListForWebsite
HALLMARKING,HM-00258,,209,AHC-CRO-RAHC-R-3118328,PRINCY HALLMARKING CENTRE,CRO/RAHC/R-3118328,"1ST FLOOR, SARAFA BAZAR, SARAFA BAZAR,GULMANDI CHOWK,Bhilwara, Bhilwara,Rajasthan,311001, BHILWARA, BHILWARA CITY, RAJASTHAN ,311001",BHILWARA CITY,BHILWARA,RAJASTHAN,311001,ACTIVE,Operative,06/05/2027,Yellow Gold Hallmarking,Assaying & Hallmarking,https://www.manakonline.in/MANAK/AHCListForWebsite
HALLMARKING,HM-00259,,210,AHC-CRO-RAHC-R-3123474,KAUSHALYA GOLD TESTING LAB AND HALLMARKEING CENTER,CRO/RAHC/R-3123474,"39, MOTI CHOHATTA, GHANTAGHAR, UDAIPUR, UDAIPUR, UDAIPUR CITY, RAJASTHAN ,313001",UDAIPUR CITY,UDAIPUR,RAJASTHAN,313001,ACTIVE,Operative,19/08/2028,"Gold,Yellow Gold Hallmarking",Assaying & Hallmarking,https://www.manakonline.in/MANAK/AHCListForWebsite
HALLMARKING,HM-00260,,211,AHC-CRO-RAHC-R-3124683,RISHABH ASSAYING & HALLMARKING CENTER,CRO/RAHC/R-3124683,"Plot No -F, Road No-3, Mewar Industrial AreaMadri, Udaipur, UDAIPUR, UDAIPUR CITY, RAJASTHAN ,313001",UDAIPUR CITY,UDAIPUR,RAJASTHAN,313001,ACTIVE,Operative,14/11/2028,"Gold,Yellow Gold Hallmarking",Assaying & Hallmarking,https://www.manakonline.in/MANAK/AHCListForWebsite
HALLMARKING,HM-00261,,212,AHC-CRO-RAHC-R-3212488,VAIBHAV & GARGI HALLMARKING CENTRE,CRO/RAHC/R-3212488,"GROUND FLOOR, 18/108, SHOP NO. 2, KHANDUJA BHAWAN,BHERU JI KA CHOWK, BRIJRAJPURA, KOTA,, KOTA, KOTA, RAJASTHAN ,324006",KOTA,KOTA,RAJASTHAN,324006,ACTIVE,Operative,20/03/2029,Gold Hallmarking,Assaying & Hallmarking,https://www.manakonline.in/MANAK/AHCListForWebsite
HALLMARKING,HM-00262,,213,AHC-CRO-RAHC-R-3215264,Ravi Nuwal Gold Testing And Hallmarking Center,CRO/RAHC/R-3215264,"Nanhi Ji Ki GaliChogan Gate, BUNDI, BUNDI, RAJASTHAN ,323001",BUNDI,BUNDI,RAJASTHAN,323001,ACTIVE,Operative,22/07/2027,Yellow Gold Hallmarking,Assaying & Hallmarking,https://www.manakonline.in/MANAK/AHCListForWebsite
HALLMARKING,HM-00263,,214,AHC-CRO-RAHC-R-3216288,Shri Govindam Assaying and Hallmarking Centre,CRO/RAHC/R-3216288,"2ND FLOOR WARAD NO 7 NEAR JIYAJI SUITINGPURANI MANDI SARAFA BAZAR, KARAULI, HINDAUN CITY, RAJASTHAN ,322230",HINDAUN CITY,KARAULI,RAJASTHAN,322230,ACTIVE,Operative,29/01/2028,Gold & Silver Both Hallmarking,Assaying & Hallmarking,https://www.manakonline.in/MANAK/AHCListForWebsite
HALLMARKING,HM-00264,,215,AHC-CRO-RAHC-R-3217019,SHRI SHYAM HALLMARKING CENTER AND GOLD TESTING,CRO/RAHC/R-3217019,"NEAR CHAMUNDA DEVI TEMPLE, MISRA MOHALLASAWAI MADHOPUR, GANGAPUR CITY, SAWAI MADHOPUR, GANGAPUR, RAJASTHAN ,322201",GANGAPUR,SAWAI MADHOPUR,RAJASTHAN,322201,ACTIVE,Operative,14/03/2027,Gold Hallmarking,Assaying & Hallmarking,https://www.manakonline.in/MANAK/AHCListForWebsite
HALLMARKING,HM-00265,,216,AHC-CRO-RAHC-R-3217019-O1-,SHRI SHYAM HALLMARKING CENTER AND GOLD TESTING,CRO/RAHC/R-3217019(O1),"NEAR CHAMUNDA DEVI TEMPLE, MISRA MOHALLASAWAI MADHOPUR, GANGAPUR CITY, SAWAI MADHOPUR, GANGAPUR, RAJASTHAN ,322201",GANGAPUR,SAWAI MADHOPUR,RAJASTHAN,322201,ACTIVE,Operative,14/03/2027,Gold Hallmarking,Assaying & Hallmarking,https://www.manakonline.in/MANAK/AHCListForWebsite
HALLMARKING,HM-00266,,217,AHC-CRO-RAHC-R-3220751,G S Hallmarking Centre,CRO/RAHC/R-3220751,"1st floor, Main market, KB Plaza, Laxman mandir,Bharatpur, Rajasthan, BHARATPUR, BHARATPUR, RAJASTHAN ,321001",BHARATPUR,BHARATPUR,RAJASTHAN,321001,ACTIVE,Operative,21/12/2026,Yellow Gold Hallmarking,Assaying & Hallmarking,https://www.manakonline.in/MANAK/AHCListForWebsite
HALLMARKING,HM-00267,,218,AHC-CRO-RAHC-R-3224939,SUJAL HALLMARKING CENTRE,CRO/RAHC/R-3224939,"lakharapada, brijrajpura, kota, Kota, Rajasthan, 3Rajasthan, KOTA, KOTA, RAJASTHAN ,324006",KOTA,KOTA,RAJASTHAN,324006,ACTIVE,Operative,26/02/2027,Yellow Gold Hallmarking,Assaying & Hallmarking,https://www.manakonline.in/MANAK/AHCListForWebsite
HALLMARKING,HM-00268,,219,AHC-CRO-RAHC-R-3226769,DIVYANSH HALLMARKING CENTRE,CRO/RAHC/R-3226769,"GANESH COMPAX,FIRST FLOOR,7,DIVYANSH HALLMARKINGNEAR NEW SARAFA MARKET,KOTA, KOTA, KOTA, RAJASTHAN ,324006",KOTA,KOTA,RAJASTHAN,324006,ACTIVE,Operative,24/04/2029,Yellow Gold Hallmarking,Assaying & Hallmarking,https://www.manakonline.in/MANAK/AHCListForWebsite
HALLMARKING,HM-00269,,220,AHC-CRO-RAHC-R-3229390,SARVESHWAR HALLMARKING CENTER,CRO/RAHC/R-3229390,"Ist FLOOR, BLOCK B, CHAUTH MATA GALI,Gangapur City, Sawai Madhopur, Rajasthan, 322201, SAWAI MADHOPUR, GANGAPUR BAZAR, RAJASTHAN ,322201",GANGAPUR BAZAR,SAWAI MADHOPUR,RAJASTHAN,322201,ACTIVE,Operative,05/06/2027,Yellow Gold Hallmarking,Assaying & Hallmarking,https://www.manakonline.in/MANAK/AHCListForWebsite
HALLMARKING,HM-00270,,221,AHC-CRO-RAHC-R-3311160,SHREE RAM GOVIND ASSAYING CENTRE,CRO/RAHC/R-3311160,"Balaji Complex, Sadar Bazar, NokhaBikaner, Rajasthan - 334803, BIKANER, BIKANER CITY, RAJASTHAN ,334803",BIKANER CITY,BIKANER,RAJASTHAN,334803,ACTIVE,Operative,07/04/2027,Gold Hallmarking,Assaying & Hallmarking,https://www.manakonline.in/MANAK/AHCListForWebsite
HALLMARKING,HM-00271,,222,AHC-CRO-RAHC-R-3311548,SHRI P S HALLMARKING CENTRE,CRO/RAHC/R-3311548,"Shop No 101, 107, Noor Beswa ComplexKedia Hospital Ke Pass, Ward No 16, Fatehpur, SIKAR, FATEHPUR SHEKHAWATI, RAJASTHAN ,332301",FATEHPUR SHEKHAWATI,SIKAR,RAJASTHAN,332301,ACTIVE,Operative,17/04/2027,Yellow Gold Hallmarking,Assaying & Hallmarking,https://www.manakonline.in/MANAK/AHCListForWebsite
HALLMARKING,HM-00272,,223,AHC-CRO-RAHC-R-3311548-O1-,SHRI P S HALLMARKING CENTRE,CRO/RAHC/R-3311548(O1),"Shop No 101, 107, Noor Beswa ComplexKedia Hospital Ke Pass, Ward No 16, Fatehpur, SIKAR, FATEHPUR SHEKHAWATI, RAJASTHAN ,332301",FATEHPUR SHEKHAWATI,SIKAR,RAJASTHAN,332301,ACTIVE,Operative,17/04/2027,Yellow Gold Hallmarking,Assaying & Hallmarking,https://www.manakonline.in/MANAK/AHCListForWebsite
HALLMARKING,HM-00273,,224,AHC-CRO-RAHC-R-3311579,SIDHI VINAYAK HALLMARKING,CRO/RAHC/R-3311579,"WARD NO. 13, KHASRA NO.131,NEAR UNION BANK KE PASSKHANDELA ROAD, SHRIMADHOPUR, SIKAR, SRIMADHOPUR BAZAR, RAJASTHAN ,332715",SRIMADHOPUR BAZAR,SIKAR,RAJASTHAN,332715,ACTIVE,Operative,27/03/2027,"Gold,Yellow Gold Hallmarking",Assaying & Hallmarking,https://www.manakonline.in/MANAK/AHCListForWebsite
HALLMARKING,HM-00274,,225,AHC-CRO-RAHC-R-3311582,K B HALLMARK CENTRE,CRO/RAHC/R-3311582,"PLOT NO H-22, RICCO INDUSTRIAL AREASURATGARH, GANGANAGAR, SURATGARH, RAJASTHAN ,335804",SURATGARH,GANGANAGAR,RAJASTHAN,335804,ACTIVE,Operative,11/03/2027,"Gold,Yellow Gold Hallmarking",Assaying & Hallmarking,https://www.manakonline.in/MANAK/AHCListForWebsite
HALLMARKING,HM-00275,,226,AHC-CRO-RAHC-R-3312273,DJN HALLMARKING CENTRE,CRO/RAHC/R-3312273,"GHANTA GHAR ROAD,WEST MAIN MARKET,SARDARSHAHARCHURU, RAJASTHAN, 331403, CHURU, SARDARSHAHAR, RAJASTHAN ,331403",SARDARSHAHAR,CHURU,RAJASTHAN,331403,ACTIVE,Operative,19/07/2029,Gold Hallmarking,Assaying & Hallmarking,https://www.manakonline.in/MANAK/AHCListForWebsite
HALLMARKING,HM-00276,,227,AHC-CRO-RAHC-R-3314771,MANGLAM HALLMARKING CENTRE,CRO/RAHC/R-3314771,"FLAT NO. 01, 3rd FLOOR, GURU KRIPA COMPLEX,ROAD NO. 01, OPP. NAGAR PARISHAD, JHUNJHUNU,, JHUNJHUNU, JHUNJHUNU, RAJASTHAN ,333001",JHUNJHUNU,JHUNJHUNU,RAJASTHAN,333001,ACTIVE,Operative,26/08/2028,"Gold,Yellow Gold Hallmarking",Assaying & Hallmarking,https://www.manakonline.in/MANAK/AHCListForWebsite
HALLMARKING,HM-00277,,228,AHC-CRO-RAHC-R-3315707,GAURAV HALLMARKING CENTRE,CRO/RAHC/R-3315707,"C-2, RIICO INDUSTRIAL AREARAJGARH, CHURU, CHURU, SADULPUR, RAJASTHAN ,331023",SADULPUR,CHURU,RAJASTHAN,331023,ACTIVE,Operative,06/05/2027,"Gold,Yellow Gold Hallmarking",Assaying & Hallmarking,https://www.manakonline.in/MANAK/AHCListForWebsite
HALLMARKING,HM-00278,,229,AHC-CRO-RAHC-R-3316279,Dawar Hallmarking Center,CRO/RAHC/R-3316279,"Near Safedi mata temple, Nisant complex, near NepaFirst floor, Jhunjhunu, JHUNJHUNU, JHUNJHUNU, RAJASTHAN ,333001",JHUNJHUNU,JHUNJHUNU,RAJASTHAN,333001,ACTIVE,Operative,01/05/2029,Yellow Gold Hallmarking,Assaying & Hallmarking,https://www.manakonline.in/MANAK/AHCListForWebsite
HALLMARKING,HM-00279,,230,AHC-CRO-RAHC-R-3319475,SHREE MAHALAXMI HALLMARKING CENTRE,CRO/RAHC/R-3319475,"PLOT NO. H1-24,RIICO Industrial Area, Neem Ka Thana, SIKAR, NIMKATHANA, RAJASTHAN ,332713",NIMKATHANA,SIKAR,RAJASTHAN,332713,SUSPENDED,Under Suspension,18/10/2026,Yellow Gold Hallmarking,Assaying & Hallmarking,https://www.manakonline.in/MANAK/AHCListForWebsite
HALLMARKING,HM-00280,,231,AHC-CRO-RAHC-R-3319475-O1-,SHREE MAHALAXMI HALLMARKING CENTRE,CRO/RAHC/R-3319475(O1),"PLOT NO. H1-24,RIICO Industrial Area, Neem Ka Thana, SIKAR, NIMKATHANA, RAJASTHAN ,332713",NIMKATHANA,SIKAR,RAJASTHAN,332713,ACTIVE,Operative,18/10/2026,Yellow Gold Hallmarking,Assaying & Hallmarking,https://www.manakonline.in/MANAK/AHCListForWebsite
HALLMARKING,HM-00281,,232,AHC-CRO-RAHC-R-3319546,GANPATI HALLMARKING CENTRE,CRO/RAHC/R-3319546,"Soni Market,Janta Sweets k Samne, Hanumangarh TownHanumangarh, Hanumangarh, Rajasthan, 335513, HANUMANGARH, HANUMANGARH TOWN, RAJASTHAN ,335513",HANUMANGARH TOWN,HANUMANGARH,RAJASTHAN,335513,ACTIVE,Operative,27/03/2027,Yellow Gold Hallmarking,Assaying & Hallmarking,https://www.manakonline.in/MANAK/AHCListForWebsite
HALLMARKING,HM-00282,,233,AHC-CRO-RAHC-R-3319713,MARUDHAR HALLMARKING CENTRE,CRO/RAHC/R-3319713,"SHOP No. 1, FIRST FLOORSUJANGARH, CHURU, CHURU, SUJANGARH, RAJASTHAN ,331507",SUJANGARH,CHURU,RAJASTHAN,331507,SUSPENDED,Under Suspension,07/06/2029,"Gold,Yellow Gold Hallmarking",Assaying & Hallmarking,https://www.manakonline.in/MANAK/AHCListForWebsite
HALLMARKING,HM-00283,,234,AHC-CRO-RAHC-R-3320327,SHREE KISHAN HALLMARKING CENTER,CRO/RAHC/R-3320327,"0, BEHIND CITY KOTWALI, KUMAHARO KA MOHALLAOLD BIKANER, BIKANER, BIKANER CITY, RAJASTHAN ,334001",BIKANER CITY,BIKANER,RAJASTHAN,334001,SUSPENDED,Under Suspension,22/12/2027,"Gold,Yellow Gold Hallmarking",Assaying & Hallmarking,https://www.manakonline.in/MANAK/AHCListForWebsite
HALLMARKING,HM-00284,,235,AHC-CRO-RAHC-R-3321123,JYOTIRLING HALLMARKING CENTRE,CRO/RAHC/R-3321123,"1ST FLOOR C/O SUNIL KUMAR, NEAR AMBAY TOWER,COURT ROAD, CHIRAWA, JHUNJHUNU, JHUNJHUNU, CHIRAWA, RAJASTHAN ,333026",CHIRAWA,JHUNJHUNU,RAJASTHAN,333026,ACTIVE,Operative,24/09/2026,Gold Hallmarking,Assaying & Hallmarking,https://www.manakonline.in/MANAK/AHCListForWebsite
HALLMARKING,HM-00285,,236,AHC-CRO-RAHC-R-3322014,SHRI KARNI HALLMARKING CENTER,CRO/RAHC/R-3322014,"Bigga Bass,TSS Hospital Ke Pass,Word No-05Shri Dungargarh,Bikaner, BIKANER, SHRI DUNGARGARH, RAJASTHAN ,331803",SHRI DUNGARGARH,BIKANER,RAJASTHAN,331803,ACTIVE,Operative,17/01/2027,Yellow Gold Hallmarking,Assaying & Hallmarking,https://www.manakonline.in/MANAK/AHCListForWebsite
HALLMARKING,HM-00286,,237,AHC-CRO-RAHC-R-3322170,SHREE KUNDANWALA HALLMARKING CENTRE,CRO/RAHC/R-3322170,"FIRST FLOOR,KUNDANWALA KA MOHALLA SATAYNARAYAN TEMPLE,Bikaner Jewels,old Bikaner,Rajasthan,334001, BIKANER, BIKANER, RAJASTHAN ,334001",BIKANER,BIKANER,RAJASTHAN,334001,ACTIVE,Operative,20/08/2027,Yellow Gold Hallmarking,Assaying & Hallmarking,https://www.manakonline.in/MANAK/AHCListForWebsite
HALLMARKING,HM-00287,,238,AHC-CRO-RAHC-R-3322214,JAISHREE BALAJI HALLMARKING CENTRE,CRO/RAHC/R-3322214,"No. 205, Amby Tower, Court Road, ChirawaJhunjhunu, Rajasthan-333026, JHUNJHUNU, CHIRAWA, RAJASTHAN ,333026",CHIRAWA,JHUNJHUNU,RAJASTHAN,333026,ACTIVE,Operative,21/03/2027,Yellow Gold Hallmarking,Assaying & Hallmarking,https://www.manakonline.in/MANAK/AHCListForWebsite
HALLMARKING,HM-00288,,239,AHC-CRO-RAHC-R-3323282,SHREE SHYAM HALLMARKING CENTER,CRO/RAHC/R-3323282,"WARD NO. 75, BEHIND CITY KOTWALI, RAMPURIYAROAD, bikaner, Bikaner, Bikaner, Rajasthan, 334001, BIKANER, BIKANER, RAJASTHAN ,334001",BIKANER,BIKANER,RAJASTHAN,334001,ACTIVE,Operative,26/02/2027,Yellow Gold Hallmarking,Assaying & Hallmarking,https://www.manakonline.in/MANAK/AHCListForWebsite
HALLMARKING,HM-00289,,240,AHC-CRO-RAHC-R-3323307,ANURAG HALLMARKING CENTER,CRO/RAHC/R-3323307,"Anurag hallmarking center, ward no.9Behind of shekhsaria kanya ser. sec. school, JHUNJHUNU, NAWALGARH, RAJASTHAN ,333042",NAWALGARH,JHUNJHUNU,RAJASTHAN,333042,ACTIVE,Operative,24/06/2027,Yellow Gold Hallmarking,Assaying & Hallmarking,https://www.manakonline.in/MANAK/AHCListForWebsite
HALLMARKING,HM-00290,,241,AHC-CRO-RAHC-R-3324889,SHRI SHYAM HALL MARKING CENTER,CRO/RAHC/R-3324889,"NK NAGA COMPLEX, KATLA CHOWK,DAGA MAHESHWARI, NOKHA, BIKANER, NOKHA, RAJASTHAN ,334803",NOKHA,BIKANER,RAJASTHAN,334803,ACTIVE,Operative,04/03/2029,"Gold,Yellow Gold Hallmarking",Assaying & Hallmarking,https://www.manakonline.in/MANAK/AHCListForWebsite
HALLMARKING,HM-00291,,242,AHC-CRO-RAHC-R-3325678,R K HALLMARKS ASSAYING AND REFINERS,CRO/RAHC/R-3325678,"WARD NO- 6, NEAR GOVT. HOSPITALMOMASAR BASS, DUNGARGARH,, BIKANER, SHRI DUNGARGARH, RAJASTHAN ,331803",SHRI DUNGARGARH,BIKANER,RAJASTHAN,331803,ACTIVE,Operative,27/07/2029,Yellow Gold Hallmarking,Assaying & Hallmarking,https://www.manakonline.in/MANAK/AHCListForWebsite
HALLMARKING,HM-00292,,243,AHC-CRO-RAHC-R-3326535,J J HALLMARKING,CRO/RAHC/R-3326535,"NEAR PANCHMUKHI BALAJI MANDIR MOCHIWARA, CHURU, CHURU, RAJASTHAN ,331001",CHURU,CHURU,RAJASTHAN,331001,ACTIVE,Operative,01/02/2029,Yellow Gold Hallmarking,Assaying & Hallmarking,https://www.manakonline.in/MANAK/AHCListForWebsite
HALLMARKING,HM-00294,,244,AHC-CRO-RAHC-R-3412459,SIDDHIVINAYAK ASSAYING AND HALLMARKING CENTRE,CRO/RAHC/R-3412459,"SHOP NO. 1, NEAR MANAK HOSPITALKALYANPURA MARG NUMBER 2, KALYANPURA, BARMER, BARMER, RAJASTHAN ,344001",BARMER,BARMER,RAJASTHAN,344001,ACTIVE,Operative,12/05/2027,"Gold,Yellow Gold Hallmarking",Assaying & Hallmarking,https://www.manakonline.in/MANAK/AHCListForWebsite
HALLMARKING,HM-00295,,245,AHC-CRO-RAHC-R-3412584,Kalyan Hallmarking Centre,CRO/RAHC/R-3412584,"ground floor shop no 204, Gopal plaza, near hadechbus stand sanchore rajasthan 343041, JALORE, SANCHORE, RAJASTHAN ,343041",SANCHORE,JALORE,RAJASTHAN,343041,ACTIVE,Operative,03/07/2026,Yellow Gold Hallmarking,Assaying & Hallmarking,https://www.manakonline.in/MANAK/AHCListForWebsite
HALLMARKING,HM-00296,,246,AHC-CRO-RAHC-R-3413025,Shree Rajrajeshwari Hallmarking Centre,CRO/RAHC/R-3413025,"kumbheshwar mandir ke samne, Ghoron ka chowkJodhpur, JODHPUR, JODHPUR, RAJASTHAN ,342001",JODHPUR,JODHPUR,RAJASTHAN,342001,ACTIVE,Operative,15/08/2029,Gold Hallmarking,Assaying & Hallmarking,https://www.manakonline.in/MANAK/AHCListForWebsite
HALLMARKING,HM-00298,,247,AHC-CRO-RAHC-R-3415837,LAXMI HALLMARKING CENTRE,CRO/RAHC/R-3415837,"WEST GATEKUCHAMAN CITY, NAGAUR, KUCHAMANCITY, RAJASTHAN ,341508",KUCHAMANCITY,NAGAUR,RAJASTHAN,341508,ACTIVE,Operative,01/05/2029,"Gold,Yellow Gold Hallmarking",Assaying & Hallmarking,https://www.manakonline.in/MANAK/AHCListForWebsite
HALLMARKING,HM-00299,,248,AHC-CRO-RAHC-R-3417891,SHREE SIDDHI VINAYAK ASSAYING AND HALLMARKING CENTRE,CRO/RAHC/R-3417891,"DHORIMANA SUB POST OFFICE, SONI BAZARUNNAMED ROAD, DHORIMANA, BARMER, DHORIMANA, RAJASTHAN ,344704",DHORIMANA,BARMER,RAJASTHAN,344704,ACTIVE,Operative,06/03/2028,"Gold,Yellow Gold Hallmarking",Assaying & Hallmarking,https://www.manakonline.in/MANAK/AHCListForWebsite
HALLMARKING,HM-00300,,249,AHC-CRO-RAHC-R-3420675,RSM HALLMARKING CENTER,CRO/RAHC/R-3420675,"First Floor, Kayam Plazza, Purani Dhaan Mandi,kuchaman, Kuchaman City, Nagaur, Rajasthan-341508, NAGAUR, KUCHAMANCITY, RAJASTHAN ,341508",KUCHAMANCITY,NAGAUR,RAJASTHAN,341508,ACTIVE,Operative,09/04/2029,Gold Hallmarking,Assaying & Hallmarking,https://www.manakonline.in/MANAK/AHCListForWebsite
HALLMARKING,HM-00302,,250,AHC-CRO-RAHC-R-3421246,RADHIKA HALLMARK CENTRE AND TESTING,CRO/RAHC/R-3421246,"Basement floor Krishna complex Janpath RoadMeera Marg, Merta City, NAGAUR, MERTA CITY, RAJASTHAN ,341510",MERTA CITY,NAGAUR,RAJASTHAN,341510,ACTIVE,Operative,11/03/2027,Yellow Gold Hallmarking,Assaying & Hallmarking,https://www.manakonline.in/MANAK/AHCListForWebsite
HALLMARKING,HM-00303,,251,AHC-CRO-RAHC-R-3423339,SHRI BALAJI HALLMARKING CENTRE,CRO/RAHC/R-3423339,"SHOP NO 01, LILGHAR MOHALLA, ATHUNA DARWAJA, WARD NO 24, KUCHAMAN CITYDEEDWANA KUCHAMAN, RAJASTHAN, NAGAUR, KUCHAMANCITY, RAJASTHAN ,341508",KUCHAMANCITY,NAGAUR,RAJASTHAN,341508,ACTIVE,Operative,16/08/2029,Yellow Gold Hallmarking,Assaying & Hallmarking,https://www.manakonline.in/MANAK/AHCListForWebsite
HALLMARKING,HM-00304,,252,AHC-CRO-RAHC-R-3423720,Shree Salasar Hallmark,CRO/RAHC/R-3423720,"Basement Shop No. 2, Machiyon ka Chowk,Talawato ki pol ke pass, Nagaur, NAGAUR, NAGAUR, RAJASTHAN ,341001",NAGAUR,NAGAUR,RAJASTHAN,341001,ACTIVE,Operative,21/08/2029,Yellow Gold Hallmarking,Assaying & Hallmarking,https://www.manakonline.in/MANAK/AHCListForWebsite
HALLMARKING,HM-00305,,253,AHC-CRO-RAHC-R-3423847,SPMJ ASSAYING AND HALLMARKING CENTRE,CRO/RAHC/R-3423847,"MANGILAL 185 MANJI KA HATHANEAR DR DHARIWAL CLINIC PAOTA, JODHPUR, JODHPUR CITY, RAJASTHAN ,342001",JODHPUR CITY,JODHPUR,RAJASTHAN,342001,ACTIVE,Operative,03/07/2029,Gold & Silver Both Hallmarking,Assaying & Hallmarking,https://www.manakonline.in/MANAK/AHCListForWebsite
HALLMARKING,HM-00306,,254,AHC-CRO-RAHC-R-3424067,PARSHMANI HALLMARK CENTER,CRO/RAHC/R-3424067,"Jawahar Pyau,Station Road, Phalodi, Rajasthan, JODHPUR, PHALODI, RAJASTHAN ,342301",PHALODI,JODHPUR,RAJASTHAN,342301,ACTIVE,Operative,15/02/2027,"Gold,Yellow Gold Hallmarking",Assaying & Hallmarking,https://www.manakonline.in/MANAK/AHCListForWebsite
HALLMARKING,HM-00307,,255,AHC-CRO-RAHC-R-3424665,BARMER HALLMARKING CENTRE,CRO/RAHC/R-3424665,"Khasra no. 3150/1585 Sunaro ka Vas Behind mainroad HP petrol pump Subhash Chowk, BARMER, BARMER, RAJASTHAN ,344001",BARMER,BARMER,RAJASTHAN,344001,ACTIVE,Operative,09/09/2028,Yellow Gold Hallmarking,Assaying & Hallmarking,https://www.manakonline.in/MANAK/AHCListForWebsite
HALLMARKING,HM-00308,,256,AHC-CRO-RAHC-R-3425767,DINESH HALLMARKING CENTRE,CRO/RAHC/R-3425767,"Basement,Ambey Kripa Market,Sunaron Ki Gali,Behind Dupty Police Office, Degana, NAGAUR, DEGANA, RAJASTHAN ,341503",DEGANA,NAGAUR,RAJASTHAN,341503,ACTIVE,Operative,22/12/2028,"Gold,Yellow Gold Hallmarking",Assaying & Hallmarking,https://www.manakonline.in/MANAK/AHCListForWebsite
HALLMARKING,HM-00309,,257,AHC-CRO-RAHC-R-3425794,KARNI KRIPA HALLMARKING CENTRE,CRO/RAHC/R-3425794,"Osiyan Railway Station, Shop No. 1 to 4 NearSubham Hospital, Kumharo KA BAS, JODHPUR, OSIAN, RAJASTHAN ,342303",OSIAN,JODHPUR,RAJASTHAN,342303,ACTIVE,Operative,26/03/2027,Yellow Gold Hallmarking,Assaying & Hallmarking,https://www.manakonline.in/MANAK/AHCListForWebsite
HALLMARKING,HM-00312,,258,AHC-CRO-RAHC-R-3427700,SHRI SALASAR HALLMARKING CENTRE,CRO/RAHC/R-3427700,"NEAR DUDHESWAR MAHADEV MANDIR, UPPER CHANDANI COMPLEX, BAIJI KA TALAB ROAD, JODHPUR, JODHPUR, RAJASTHAN ,342001",JODHPUR,JODHPUR,RAJASTHAN,342001,ACTIVE,Operative,01/11/2026,Gold & Silver Both Hallmarking,Assaying & Hallmarking,https://www.manakonline.in/MANAK/AHCListForWebsite
HALLMARKING,HM-00313,,259,AHC-CRO-RAHC-R-3429446,KRISHNAM HALLMARK CENTER,CRO/RAHC/R-3429446,"Behind Police Deputy Office Degana, KHASRA NO 59,WARD No 13,Goredi Chancha, Nagaur, 341503, NAGAUR, NAGAUR, RAJASTHAN ,341503",NAGAUR,NAGAUR,RAJASTHAN,341503,ACTIVE,Operative,16/09/2027,Yellow Gold Hallmarking,Assaying & Hallmarking,https://www.manakonline.in/MANAK/AHCListForWebsite
HALLMARKING,HM-00314,,260,AHC-CRO-RAHC-R-4511759,GOLD MASTER HALLMARKING AND ASSAYING CENTRE,CRO/RAHC/R-4511759,"FIRST, 22, DHAN GALI, BADA SARAFAINDORE, INDORE, INDORE NAGAR, MADHYA PRADESH ,452001",INDORE NAGAR,INDORE,MADHYA PRADESH,452001,ACTIVE,Operative,22/05/2029,Yellow Gold Hallmarking,Assaying & Hallmarking,https://www.manakonline.in/MANAK/AHCListForWebsite
HALLMARKING,HM-00315,,261,AHC-CRO-RAHC-R-4512359,RS HALLMARKING CENTRE,CRO/RAHC/R-4512359,"113, TIRUPATI MARKET, 67 BADA SARAFACLOTH MARKET, INDORE, INDORE, INDORE CLOTH MARKET, MADHYA PRADESH ,452002",INDORE CLOTH MARKET,INDORE,MADHYA PRADESH,452002,SUSPENDED,Under Suspension,08/06/2029,"Gold,Yellow Gold Hallmarking",Assaying & Hallmarking,https://www.manakonline.in/MANAK/AHCListForWebsite
HALLMARKING,HM-00316,,262,AHC-CRO-RAHC-R-4512616,NEEMUCH HALLMARK CENTER,CRO/RAHC/R-4512616,"16, SECOND FLOOR, WARD NO. 20OLD POST OFFICE, POONAMCHAND DEEPCHAND GALI, NEEMUCH, NEEMUCH, MADHYA PRADESH ,458441",NEEMUCH,NEEMUCH,MADHYA PRADESH,458441,SUSPENDED,Under Suspension,26/08/2028,Gold & Silver Both Hallmarking,Assaying & Hallmarking,https://www.manakonline.in/MANAK/AHCListForWebsite
HALLMARKING,HM-00317,,263,AHC-CRO-RAHC-R-4513108,BRAJRAJ HALLMARKING CENTRE PRIVATE LIMITED,CRO/RAHC/R-4513108,"10, CHHOTA SARAFA, INDOREMADHYA PRADESH, INDORE, INDORE CITY-2, MADHYA PRADESH ,452002",INDORE CITY-2,INDORE,MADHYA PRADESH,452002,ACTIVE,Operative,04/05/2028,Yellow Gold Hallmarking,Assaying & Hallmarking,https://www.manakonline.in/MANAK/AHCListForWebsite
HALLMARKING,HM-00318,,264,AHC-CRO-RAHC-R-4513143,JMJ HALLMARK CENTER,CRO/RAHC/R-4513143,"2/3, TAL WALO KI GALI, CHANDANI CHOWK, RATLAM, RATLAM CITY, MADHYA PRADESH ,457001",RATLAM CITY,RATLAM,MADHYA PRADESH,457001,ACTIVE,Operative,18/07/2028,Gold & Silver Both Hallmarking,Assaying & Hallmarking,https://www.manakonline.in/MANAK/AHCListForWebsite
HALLMARKING,HM-00319,,265,AHC-CRO-RAHC-R-4514226,ARIHANT HALLMARKING CENTER,CRO/RAHC/R-4514226,"Municiple no.17,Chandani Chowk, RATLAM, RATLAM CITY, MADHYA PRADESH ,457001",RATLAM CITY,RATLAM,MADHYA PRADESH,457001,ACTIVE,Operative,12/07/2027,Yellow Gold Hallmarking,Assaying & Hallmarking,https://www.manakonline.in/MANAK/AHCListForWebsite
HALLMARKING,HM-00322,,266,AHC-CRO-RAHC-R-4515641,SAKSHI HALLMARKING CENTRE,CRO/RAHC/R-4515641,"SHOP NO. 103, RAMKRISHNA MANDLOI MARGOPP. JAIN DOODH BHANDAR, KHADAKPURA, KHANDWA, KHANDWA (EAST NIMAR), KHANDWA, MADHYA PRADESH ,450001",KHANDWA,KHANDWA (EAST NIMAR),MADHYA PRADESH,450001,ACTIVE,Operative,30/12/2028,Yellow Gold Hallmarking,Assaying & Hallmarking,https://www.manakonline.in/MANAK/AHCListForWebsite
HALLMARKING,HM-00323,,267,AHC-CRO-RAHC-R-4516945,OM HALLMARKING,CRO/RAHC/R-4516945,"12,MORSALI GALI,INDORE, INDORE, INDORE NAGAR, MADHYA PRADESH ,452001",INDORE NAGAR,INDORE,MADHYA PRADESH,452001,ACTIVE,Operative,07/04/2028,Yellow Gold Hallmarking,Assaying & Hallmarking,https://www.manakonline.in/MANAK/AHCListForWebsite
HALLMARKING,HM-00324,,268,AHC-CRO-RAHC-R-4517256,BOMBAY HALLMARK CENTER,CRO/RAHC/R-4517256,"FIRST FLOOR,30,PANCHRATNA MARKET,NAGARCHI BAKHAL,102 BLOCK A,SARAFA,INDORE, INDORE, INDORE NAGAR, MADHYA PRADESH ,452002",INDORE NAGAR,INDORE,MADHYA PRADESH,452002,ACTIVE,Operative,19/11/2028,Yellow Gold Hallmarking,Assaying & Hallmarking,https://www.manakonline.in/MANAK/AHCListForWebsite
HALLMARKING,HM-00325,,269,AHC-CRO-RAHC-R-4517279,HONEST HALLMARKING CENTRE,CRO/RAHC/R-4517279,"62/2-B, SHANKRACHARYA MARGBADA DARWAJA, LAKHERWADI, UJJAIN., UJJAIN, UJJAIN, MADHYA PRADESH ,456010",UJJAIN,UJJAIN,MADHYA PRADESH,456010,ACTIVE,Operative,26/02/2027,Yellow Gold Hallmarking,Assaying & Hallmarking,https://www.manakonline.in/MANAK/AHCListForWebsite
HALLMARKING,HM-00327,,270,AHC-CRO-RAHC-R-4521743,SHREE YAMUNAJI HALLMARKING CENTRE,CRO/RAHC/R-4521743,"SHOP NO 53-54, BADA SARRAFA, 101A & 101B, DIAMONDINDORE, MADHYA PRADESH, INDORE, INDORE CLOTH MARKET, MADHYA PRADESH ,452001",INDORE CLOTH MARKET,INDORE,MADHYA PRADESH,452001,ACTIVE,Operative,13/02/2028,Yellow Gold Hallmarking,Assaying & Hallmarking,https://www.manakonline.in/MANAK/AHCListForWebsite
HALLMARKING,HM-00328,,271,AHC-CRO-RAHC-R-4521762,MOONAT HALLMARK CENTER,CRO/RAHC/R-4521762,"THIRD FLOOR,39/2,CHANDANI CHOWK,RATNALMADHYA PRADESH, RATLAM, RATLAM, MADHYA PRADESH ,457001",RATLAM,RATLAM,MADHYA PRADESH,457001,ACTIVE,Operative,30/06/2028,Yellow Gold Hallmarking,Assaying & Hallmarking,https://www.manakonline.in/MANAK/AHCListForWebsite
HALLMARKING,HM-00329,,272,AHC-CRO-RAHC-R-4522734,KRISHNA HALLMARKING CENTRE,CRO/RAHC/R-4522734,"108,SHREE BALAJI COMPLEX,OLD 62 NEW 68BADA SARAFA,INDORE, INDORE, INDORE NAGAR, MADHYA PRADESH ,452002",INDORE NAGAR,INDORE,MADHYA PRADESH,452002,ACTIVE,Operative,04/05/2028,Yellow Gold Hallmarking,Assaying & Hallmarking,https://www.manakonline.in/MANAK/AHCListForWebsite
HALLMARKING,HM-00332,,273,AHC-CRO-RAHC-R-4526420,Shree Ganesh assaying and Hallmarking Center,CRO/RAHC/R-4526420,"1st Floor,Moonat complex,27/3 Dhanjibhaika NohraChandni Chowk, RATLAM, RATLAM, MADHYA PRADESH ,457001",RATLAM,RATLAM,MADHYA PRADESH,457001,ACTIVE,Operative,08/06/0001,Gold & Silver Both Hallmarking,Assaying & Hallmarking,https://www.manakonline.in/MANAK/AHCListForWebsite
HALLMARKING,HM-00333,,274,AHC-CRO-RAHC-R-4614363,VARSHA HALLMARKING,CRO/RAHC/R-4614363,"Mezzanine Floor, 966 SQFT,Jawahar Bhawan, Roshanpura, New Market, Bhopal, BHOPAL, BHOPAL G.P.O., MADHYA PRADESH ,462003",BHOPAL G.P.O,BHOPAL,MADHYA PRADESH,462003,ACTIVE,Operative,21/10/2027,Yellow Gold Hallmarking,Assaying & Hallmarking,https://www.manakonline.in/MANAK/AHCListForWebsite
HALLMARKING,HM-00334,,275,AHC-CRO-RAHC-R-4617011,NARAYAN HALLMARKING CENTRE,CRO/RAHC/R-4617011,"FIRST AND SECOND FLOOR, H NO. 6, CHOWK BAZAR, LALWANI GALI, BHOPAL, BHOPAL, BHOPAL G.P.O., MADHYA PRADESH ,462001",BHOPAL G.P.O,BHOPAL,MADHYA PRADESH,462001,ACTIVE,Operative,21/02/2027,Yellow Gold Hallmarking,Assaying & Hallmarking,https://www.manakonline.in/MANAK/AHCListForWebsite
HALLMARKING,HM-00335,,276,AHC-CRO-RAHC-R-4618310,DEVSHREE ASSAYING AND HALLMARKING CENTRE,CRO/RAHC/R-4618310,"WARD NO. 24, BACK SIDEARYA SAMAJ MANDIR, BANSKULI, VIDISHA, VIDISHA, VIDISHA, MADHYA PRADESH ,464001",VIDISHA,VIDISHA,MADHYA PRADESH,464001,ACTIVE,Operative,06/04/2029,Yellow Gold Hallmarking,Assaying & Hallmarking,https://www.manakonline.in/MANAK/AHCListForWebsite
HALLMARKING,HM-00336,,277,AHC-CRO-RAHC-R-4619131,GURU KRIPA HALLMARK CENTER,CRO/RAHC/R-4619131,"SHOP NO 1 AND 2,KRISHNA VILLA MARKETNEAR JAMA MASJID, LAKHERAPURA,BHOPAL, BHOPAL, BHOPAL G.P.O., MADHYA PRADESH ,462001",BHOPAL G.P.O,BHOPAL,MADHYA PRADESH,462001,ACTIVE,Operative,20/02/2029,Yellow Gold Hallmarking,Assaying & Hallmarking,https://www.manakonline.in/MANAK/AHCListForWebsite
HALLMARKING,HM-00337,,278,AHC-CRO-RAHC-R-4622585,SHREENATH JI TUNCH & HALLMARK,CRO/RAHC/R-4622585,"First Floor, 33, Chintaman Chouraha,Marwari Road, Bhopal, BHOPAL, BERASIA BHOPAL, MADHYA PRADESH ,462001",BERASIA BHOPAL,BHOPAL,MADHYA PRADESH,462001,ACTIVE,Operative,20/03/2029,Yellow Gold Hallmarking,Assaying & Hallmarking,https://www.manakonline.in/MANAK/AHCListForWebsite
HALLMARKING,HM-00338,,279,AHC-CRO-RAHC-R-4624306,SHUBH ASSAYING & HALLMARKING CENTRE,CRO/RAHC/R-4624306,"46/3, Ram Laxmi Parisar, Malviya Nagar, BhopalMadhya Pradesh-462003, BHOPAL, BHOPAL G.P.O., MADHYA PRADESH ,462003",BHOPAL G.P.O,BHOPAL,MADHYA PRADESH,462003,ACTIVE,Operative,23/04/2029,Gold Hallmarking,Assaying & Hallmarking,https://www.manakonline.in/MANAK/AHCListForWebsite
HALLMARKING,HM-00339,,280,AHC-CRO-RAHC-R-4710434,SIDDHI VINAYAK ASSAY & HALLMARKING CENTER,CRO/RAHC/R-4710434,"SIDDHI VINAYAK MARKET 3RD FLOOR MORE GALISARAFA BAZAR, GWALIOR, GWALIOR, MADHYA PRADESH ,474002",GWALIOR,GWALIOR,MADHYA PRADESH,474002,ACTIVE,Operative,31/03/2029,Yellow Gold Hallmarking,Assaying & Hallmarking,https://www.manakonline.in/MANAK/AHCListForWebsite
HALLMARKING,HM-00341,,281,AHC-CRO-RAHC-R-4718569,SHUBH LABH HALLMARKING CENTRE & GOLD TESTING,CRO/RAHC/R-4718569,"Mahaveer Ganj, Raj Takij Ke Pass, BhindMadhya Pradesh, 477001, BHIND, BHIND, MADHYA PRADESH ,477001",BHIND,BHIND,MADHYA PRADESH,477001,ACTIVE,Operative,12/04/2029,Yellow Gold Hallmarking,Assaying & Hallmarking,https://www.manakonline.in/MANAK/AHCListForWebsite
HALLMARKING,HM-00342,,282,AHC-CRO-RAHC-R-4718630,LAXMINARAYAN ASSAYING AND HALLMARK CENTER,CRO/RAHC/R-4718630,"IN FRONT OF LAXMI NARAYAN MANDIR, CHAKRA GHATKOTWALI ROAD, GOUGHAT PARKOTA, SAGAR, SAGAR, SAGAR CITY, MADHYA PRADESH ,470002",SAGAR CITY,SAGAR,MADHYA PRADESH,470002,SUSPENDED,Under Suspension,12/12/2027,"Gold,Yellow Gold Hallmarking",Assaying & Hallmarking,https://www.manakonline.in/MANAK/AHCListForWebsite
HALLMARKING,HM-00343,,283,AHC-CRO-RAHC-R-4719684,Shree Ganesh Assaying & Hallmarking Centre,CRO/RAHC/R-4719684,"2nd Floor Building no 33, ward no 10, GovardhanTakeej ke pass, Gandhi marg Chowk Bazar, CHHATARPUR, CHHATARPUR, MADHYA PRADESH ,471001",CHHATARPUR,CHHATARPUR,MADHYA PRADESH,471001,ACTIVE,Operative,26/01/2028,Yellow Gold Hallmarking,Assaying & Hallmarking,https://www.manakonline.in/MANAK/AHCListForWebsite
HALLMARKING,HM-00344,,284,AHC-CRO-RAHC-R-4722633,PAWAN HALLMARK CENTER,CRO/RAHC/R-4722633,"Second floor, Above Pawan Jewellers,Main RoadSarrafa Bazar, Gwalior, GWALIOR, GWALIOR CITY, MADHYA PRADESH ,474001",GWALIOR CITY,GWALIOR,MADHYA PRADESH,474001,ACTIVE,Operative,28/06/2029,Yellow Gold Hallmarking,Assaying & Hallmarking,https://www.manakonline.in/MANAK/AHCListForWebsite
HALLMARKING,HM-00345,,285,AHC-CRO-RAHC-R-4728223,SHRII RADHA RANI HALLMARKING CENTER,CRO/RAHC/R-4728223,"SHAKTI JEWELLERS KE SAMNE, RAMGALI BAJARIYACHHATARPUR,MADHYA PRADESH-471001, CHHATARPUR, CHHATARPUR, MADHYA PRADESH ,471001",CHHATARPUR,CHHATARPUR,MADHYA PRADESH,471001,ACTIVE,Operative,15/05/2028,Yellow Gold Hallmarking,Assaying & Hallmarking,https://www.manakonline.in/MANAK/AHCListForWebsite
HALLMARKING,HM-00346,,286,AHC-CRO-RAHC-R-4728976,Krishna Gold Testing and Hallmarking Center,CRO/RAHC/R-4728976,"Tilak road Panchayati Dharamshala, MORENA, MORENA, MADHYA PRADESH ,476001",MORENA,MORENA,MADHYA PRADESH,476001,ACTIVE,Operative,21/07/2027,Yellow Gold Hallmarking,Assaying & Hallmarking,https://www.manakonline.in/MANAK/AHCListForWebsite
HALLMARKING,HM-00347,,287,AHC-CRO-RAHC-R-4729468,B R GOLD TESTING & HALLMARKING CENTRE,CRO/RAHC/R-4729468,"19/26 PANCHAYATI DHARAMSHALAGURUDWARA ROAD NEW SARAFA BAZAR, MORENA, MORENA CITY, MADHYA PRADESH ,476001",MORENA CITY,MORENA,MADHYA PRADESH,476001,ACTIVE,Operative,13/05/2029,Yellow Gold Hallmarking,Assaying & Hallmarking,https://www.manakonline.in/MANAK/AHCListForWebsite
HALLMARKING,HM-00348,,288,AHC-CRO-RAHC-R-4810376,VINDHYA HALLMARKING CENTRE,CRO/RAHC/R-4810376,"LAL BIHARI MARG,HANUMAN CHOWK,HANUMANCHOWK,SATNA,SATNA,MADHYA PRADESH,485001, SATNA, SATNA, MADHYA PRADESH ,485001",SATNA,SATNA,MADHYA PRADESH,485001,SUSPENDED,Under Suspension,30/11/2026,"Gold,Yellow Gold Hallmarking",Assaying & Hallmarking,https://www.manakonline.in/MANAK/AHCListForWebsite
HALLMARKING,HM-00350,,289,AHC-CRO-RAHC-R-4813036,KRISHNKUNJ HALLMARK CENTER,CRO/RAHC/R-4813036,"MAIN NARSINGPUR ROAD SARNA,CHHINDWARA, MADHYA PRADESH - 480 001, CHHINDWARA, CHHINDWARA, MADHYA PRADESH ,480001",CHHINDWARA,CHHINDWARA,MADHYA PRADESH,480001,ACTIVE,Operative,21/03/2025,Yellow Gold Hallmarking,Assaying & Hallmarking,https://www.manakonline.in/MANAK/AHCListForWebsite
HALLMARKING,HM-00351,,290,AHC-CRO-RAHC-R-4813219,MAA JALPA ASSAYING AND HALLMARKING CENTER,CRO/RAHC/R-4813219,"SHOP NO 10,11,12, FIRST FLOOR, SHREE LAXMI NARAYANKATNI, MADHYA PRADESH 483501, KATNI, KATNI, MADHYA PRADESH ,483501",KATNI,KATNI,MADHYA PRADESH,483501,ACTIVE,Operative,08/10/2027,Yellow Gold Hallmarking,Assaying & Hallmarking,https://www.manakonline.in/MANAK/AHCListForWebsite
HALLMARKING,HM-00352,,291,AHC-CRO-RAHC-R-4813974,MAA NUNHAI HALLMARKING CENTRE,CRO/RAHC/R-4813974,"SECOND FLOOR, NAZUL PLOT NO 78/9, 475, NUNHAI, SARAFA BAZAR, JABALPUR, Jabalpur, Madhya Pradesh, , JABALPUR, JABALPUR, MADHYA PRADESH ,482001",JABALPUR,JABALPUR,MADHYA PRADESH,482001,ACTIVE,Operative,20/02/2025,Yellow Gold Hallmarking,Assaying & Hallmarking,https://www.manakonline.in/MANAK/AHCListForWebsite
HALLMARKING,HM-00353,,292,AHC-CRO-RAHC-R-4818907,SHREE RAM HALLMARKING CENTRE,CRO/RAHC/R-4818907,"DURGA MANDIR, NEAR DURGA MANDIR, PURANI ABKARI, SIDDHI VINAYAK PARISAR, SATNA, SATNA, SATNA, MADHYA PRADESH ,485001",SATNA,SATNA,MADHYA PRADESH,485001,ACTIVE,Operative,17/12/2028,Yellow Gold Hallmarking,Assaying & Hallmarking,https://www.manakonline.in/MANAK/AHCListForWebsite
HALLMARKING,HM-00355,,293,AHC-CRO-RAHC-R-4827031,MANOJ HALLMARKING AND ASSAYING CENTER,CRO/RAHC/R-4827031,"COSTOMER IVRS NO .N1001035098,C/O SHRI INERCHANDVAIDHYA WAARD NO.20,GUJARI CHOUK BALAGHAT., BALAGHAT, BALAGHAT, MADHYA PRADESH ,481001",BALAGHAT,BALAGHAT,MADHYA PRADESH,481001,ACTIVE,Operative,28/07/2025,Gold Hallmarking,Assaying & Hallmarking,https://www.manakonline.in/MANAK/AHCListForWebsite
HALLMARKING,HM-00356,,294,AHC-ERO-RAHC-R-110073,SIYARAM HALLMARKING CENTRE,ERO/RAHC/R-110073,"80, Bartalla Street, 5th FloorKolkata- 700007, KOLKATA, BARABAZAR, WEST BENGAL ,700007",BARABAZAR,KOLKATA,WEST BENGAL,700007,SUSPENDED,Under Suspension,19/08/2024,Yellow Gold Hallmarking,Assaying & Hallmarking,https://www.manakonline.in/MANAK/AHCListForWebsite
HALLMARKING,HM-00359,,295,AHC-ERO-RAHC-R-4913183,JINDUTT HALLMARK CENTER,ERO/RAHC/R-4913183,"SADAR BAZAR,1st Floor, AAPAPUR,GANDHI CHOWK, DURGGANDHI CHOWK, DURG, CHHATTISGARH, DURG, DURG, CHHATTISGARH ,419001",DURG,DURG,CHHATTISGARH,419001,ACTIVE,Operative,06/04/2028,Gold Hallmarking,Assaying & Hallmarking,https://www.manakonline.in/MANAK/AHCListForWebsite
HALLMARKING,HM-00360,,296,AHC-ERO-RAHC-R-4913186,RAIPUR HALLMARKING CENTRE,ERO/RAHC/R-4913186,"Baid Market, Mahavir Bhawan, Sadar Bazar RoadShri Bhagwan Adinath Shwetambar Jain Mandir, RAIPUR, RAIPUR, CHHATTISGARH ,492001",RAIPUR,RAIPUR,CHHATTISGARH,492001,ACTIVE,Operative,10/05/2027,Gold Hallmarking,Assaying & Hallmarking,https://www.manakonline.in/MANAK/AHCListForWebsite
HALLMARKING,HM-00362,,297,AHC-ERO-RAHC-R-4914458,SHREE VINAYAKA HALLMARK,ERO/RAHC/R-4914458,"114 HALWAI LINERAIPUR RAIPUR-492001, RAIPUR, RAIPUR, CHHATTISGARH ,492001",RAIPUR,RAIPUR,CHHATTISGARH,492001,ACTIVE,Operative,08/07/2028,Gold & Silver Both Hallmarking,Assaying & Hallmarking,https://www.manakonline.in/MANAK/AHCListForWebsite
HALLMARKING,HM-00364,,298,AHC-ERO-RAHC-R-4915145,JHUMKA HALLMARKING AND ASSAYING CENTRE,ERO/RAHC/R-4915145,"OM PLAZA SADAR BAZAR AYUSH JEWELLERSBUDHAPARA RAIPUR, RAIPUR, RAIPUR, CHHATTISGARH ,492001",RAIPUR,RAIPUR,CHHATTISGARH,492001,ACTIVE,Operative,16/02/2028,Yellow Gold Hallmarking,Assaying & Hallmarking,https://www.manakonline.in/MANAK/AHCListForWebsite
HALLMARKING,HM-00365,,299,AHC-ERO-RAHC-R-4917042,Akshay Hallmarking Centre,ERO/RAHC/R-4917042,"2nd Floor, Laxmi Bhawan,Sadar Bazar,, RAIPUR, RAIPUR, CHHATTISGARH ,492001",RAIPUR,RAIPUR,CHHATTISGARH,492001,ACTIVE,Operative,04/12/2026,Gold & Silver Both Hallmarking,Assaying & Hallmarking,https://www.manakonline.in/MANAK/AHCListForWebsite
HALLMARKING,HM-00366,,300,AHC-ERO-RAHC-R-4917175,TRIPTI ASSAYING AND HALLMARKING CENTRE,ERO/RAHC/R-4917175,"F 7 AND 8 SHRI SHYAM SADAR BAZAR,SARAFA COMPLEX MAIN ROAD,BILASPUR,PIN-495001, BILASPUR, BILASPUR, CHHATTISGARH ,495001",BILASPUR,BILASPUR,CHHATTISGARH,495001,ACTIVE,Operative,24/05/2029,Gold Hallmarking,Assaying & Hallmarking,https://www.manakonline.in/MANAK/AHCListForWebsite
HALLMARKING,HM-00367,,301,AHC-ERO-RAHC-R-4920064,MAHAVEER ASSAYING AND HALLMARKING CENTRE,ERO/RAHC/R-4920064,"01ST FLOOR, LAXMI TOWER, NO. 9/233, F 4 5 6SADAR BAZAR, NEAR SUN AND SUN JEWELLERS, RAIPUR, RAIPUR, CHHATTISGARH ,492001",RAIPUR,RAIPUR,CHHATTISGARH,492001,SUSPENDED,Under Suspension,30/12/2027,Gold Hallmarking,Assaying & Hallmarking,https://www.manakonline.in/MANAK/AHCListForWebsite
HALLMARKING,HM-00368,,302,AHC-ERO-RAHC-R-4921521,SHRI MANIDHARI ASSAYING AND HALLMARKING CENTRE,ERO/RAHC/R-4921521,"WARD NO. 38 , SHOP No.702 Chirag Plaza,WARD NO. 38 , SHOP No.702 Chirag Plaza,, RAJNANDGAON, RAJNANDGAON, CHHATTISGARH ,491441",RAJNANDGAON,RAJNANDGAON,CHHATTISGARH,491441,ACTIVE,Operative,23/04/2029,Gold Hallmarking,Assaying & Hallmarking,https://www.manakonline.in/MANAK/AHCListForWebsite
HALLMARKING,HM-00369,,303,AHC-ERO-RAHC-R-4924065,JH Hallmarking Centre Unit of Join Hands Enterprise Pvt Ltd,ERO/RAHC/R-4924065,"RAJ TOWER , 2nd FloorPetha Line, Nayapara, RAIPUR, RAIPUR, CHHATTISGARH ,492001",RAIPUR,RAIPUR,CHHATTISGARH,492001,ACTIVE,Operative,26/05/2028,Gold Hallmarking,Assaying & Hallmarking,https://www.manakonline.in/MANAK/AHCListForWebsite
HALLMARKING,HM-00370,,304,AHC-ERO-RAHC-R-4924414,AP ASSAYING AND HALLMARKING CENTRE,ERO/RAHC/R-4924414,"C/O SMT REM SHEELA GUPTAINFRONT OF DR MAYA DUBEY GONDPARA, BILASPUR, BILASPUR, CHHATTISGARH ,495001",BILASPUR,BILASPUR,CHHATTISGARH,495001,ACTIVE,Operative,13/06/2027,Gold Hallmarking,Assaying & Hallmarking,https://www.manakonline.in/MANAK/AHCListForWebsite
HALLMARKING,HM-00371,,305,AHC-ERO-RAHC-R-4925375,SP HALLMARKING CENTER,ERO/RAHC/R-4925375,"INFRONT OF NAGAR NIGAM COMPLEX, PLOT NO.993/2,IMALIPARA, Ambikapur, SURGUJA, AMBIKAPUR, CHHATTISGARH ,497001",AMBIKAPUR,SURGUJA,CHHATTISGARH,497001,ACTIVE,Operative,27/10/2027,Yellow Gold Hallmarking,Assaying & Hallmarking,https://www.manakonline.in/MANAK/AHCListForWebsite
HALLMARKING,HM-00372,,306,AHC-ERO-RAHC-R-4928048,SHREE SHANKAR HALLMARKING,ERO/RAHC/R-4928048,"House No. 36,Ward No.32,Jain Gali,Bharamhan Para, DURG, DURG, CHHATTISGARH ,491001",DURG,DURG,CHHATTISGARH,491001,SUSPENDED,Under Suspension(Gold Only),28/10/2027,"Yellow Gold,Silver Hallmarking",Assaying & Hallmarking,https://www.manakonline.in/MANAK/AHCListForWebsite
HALLMARKING,HM-00373,,307,AHC-ERO-RAHC-R-4928771,PRINCE HALLMARKING AND REFINERY PRIVATE LIMITED,ERO/RAHC/R-4928771,"2nd Floor, Barkati Complex, Sadar Bazar, Halwai Li, RAIPUR, RAIPUR, CHHATTISGARH ,492001",RAIPUR,RAIPUR,CHHATTISGARH,492001,ACTIVE,Operative,01/11/2026,Gold & Silver Both Hallmarking,Assaying & Hallmarking,https://www.manakonline.in/MANAK/AHCListForWebsite
HALLMARKING,HM-00375,,308,AHC-ERO-RAHC-R-700015,ACE HALLMARKING SERVICES PVT LTD,ERO/RAHC/R-700015,"P-24A , NANIGOPAL ROYCHOWDHURY AVENUE, KOLKATA, KOLKATA, WEST BENGAL ,700014",KOLKATA,KOLKATA,WEST BENGAL,700014,ACTIVE,Operative,21/04/2027,Gold & Silver Both Hallmarking,Assaying & Hallmarking,https://www.manakonline.in/MANAK/AHCListForWebsite
HALLMARKING,HM-00377,,309,AHC-ERO-RAHC-R-700060,M/S.JAI MAA AMBAY HALLMARKING CENTRE,ERO/RAHC/R-700060,"HOLDING NO. 67/N,NACHAN ROAD,BENACHITY,DURGAPURDURGAPUR-713213, BARDHAMAN, , WEST BENGAL ,713213",BARDHAMAN,DURGAPURDURGAPUR-713213,WEST BENGAL,713213,OTHER,Deferment Letter Generated,14/02/2021,Yellow Gold Hallmarking,Assaying & Hallmarking,https://www.manakonline.in/MANAK/AHCListForWebsite
HALLMARKING,HM-00378,,310,AHC-ERO-RAHC-R-700507,G N HALLMARKINGS BHUBANESWAR,ERO/RAHC/R-700507,"172, KHARVEL NAGARBHUBANESWAR - 751001, KHORDHA, BHUBANESWAR G.P.O., ODISHA ,751001",BHUBANESWAR G.P.O,KHORDHA,ODISHA,751001,ACTIVE,Operative,02/10/2026,Yellow Gold Hallmarking,Assaying & Hallmarking,https://www.manakonline.in/MANAK/AHCListForWebsite
HALLMARKING,HM-00379,,311,AHC-ERO-RAHC-R-700511,Rahul Hallmarking Centre,ERO/RAHC/R-700511,"11,Fern Road, KOLKATA, BALLYGUNGE, WEST BENGAL ,700019",BALLYGUNGE,KOLKATA,WEST BENGAL,700019,ACTIVE,Operative,29/06/2027,Yellow Gold Hallmarking,Assaying & Hallmarking,https://www.manakonline.in/MANAK/AHCListForWebsite
HALLMARKING,HM-00380,,312,AHC-ERO-RAHC-R-700518,GANPATI HALLMARKING PVT LTD,ERO/RAHC/R-700518,"38, BURTOLLA STREET, 1ST FLOOR,KOLKATA - 700007, KOLKATA, BOWBAZAR (KOLKATA), WEST BENGAL ,700007",BOWBAZAR (KOLKATA),KOLKATA,WEST BENGAL,700007,ACTIVE,Operative,18/10/2027,Yellow Gold Hallmarking,Assaying & Hallmarking,https://www.manakonline.in/MANAK/AHCListForWebsite
HALLMARKING,HM-00381,,313,AHC-ERO-RAHC-R-700520,MAA LAXMI BULLION PRIVATE LIMITED,ERO/RAHC/R-700520,"RAGHUNATH COMMERCIAL COMPLEX ,1st FLOOR20 DR. R.C BANERJEE LANE, ASANSOL, BARDHAMAN, ASANSOL, WEST BENGAL ,713301",ASANSOL,BARDHAMAN,WEST BENGAL,713301,ACTIVE,Operative,10/02/2028,Gold Hallmarking,Assaying & Hallmarking,https://www.manakonline.in/MANAK/AHCListForWebsite
HALLMARKING,HM-00382,,314,AHC-ERO-RAHC-R-700522,PRADYUT HALLMARKING CENTRE,ERO/RAHC/R-700522,"VILL: PATNABAZAR, HOLDING NO: 426/0339,MIRZABAZAR MOHALLA, P.O: MIDNAPUR, PASCHIM MEDINIPUR, MIDNAPORE, WEST BENGAL ,721101",MIDNAPORE,PASCHIM MEDINIPUR,WEST BENGAL,721101,ACTIVE,Operative,12/05/2028,Yellow Gold Hallmarking,Assaying & Hallmarking,https://www.manakonline.in/MANAK/AHCListForWebsite
HALLMARKING,HM-00383,,315,AHC-ERO-RAHC-R-700525,KOLKATA HALLMARKING CENTRE,ERO/RAHC/R-700525,"3 A, MADHO KISTO SETH LANE, 4TH & 5TH FLOORNEAR KALAKAR STREET, KOLKATA- 700007, KOLKATA, BARABAZAR, WEST BENGAL ,700007",BARABAZAR,KOLKATA,WEST BENGAL,700007,ACTIVE,Operative,30/10/2028,Gold & Silver Both Hallmarking,Assaying & Hallmarking,https://www.manakonline.in/MANAK/AHCListForWebsite
HALLMARKING,HM-00384,,316,AHC-ERO-RAHC-R-700527,QUALITY ASSAY & HALLMARKING CENTRE PRIVATE LIMITED,ERO/RAHC/R-700527,"1st Floor, Office No.6, CFB BUILDINGGems And Jewellery park,Howrah, West Bengal-711409, HOWRAH, HOWRAH, WEST BENGAL ,711409",HOWRAH,HOWRAH,WEST BENGAL,711409,ACTIVE,Operative,20/11/2028,Yellow Gold Hallmarking,Assaying & Hallmarking,https://www.manakonline.in/MANAK/AHCListForWebsite
HALLMARKING,HM-00385,,317,AHC-ERO-RAHC-R-700528,Nakoda Hallmarking Centre,ERO/RAHC/R-700528,"Mehta House, Gulab Bag MarketThakur Wari road , Kadam Kuan, PATNA, KADAMKUAN, BIHAR ,800004",KADAMKUAN,PATNA,BIHAR,800004,ACTIVE,Operative,26/01/2029,Gold & Silver Both Hallmarking,Assaying & Hallmarking,https://www.manakonline.in/MANAK/AHCListForWebsite
HALLMARKING,HM-00386,,318,AHC-ERO-RAHC-R-700529,PRINCE HALLMARKING CENTRE,ERO/RAHC/R-700529,"17/2 SHAMBHU NATH DAS LANE, GROUND FLOORBARANAGAR, KOLKATA- 700050, NORTH 24 PARGANAS, NOAPARA (NORTH 24 PARGANAS), WEST BENGAL ,700050",NOAPARA (NORTH 24 PARGANAS),NORTH 24 PARGANAS,WEST BENGAL,700050,ACTIVE,Operative,26/01/2029,Gold & Silver Both Hallmarking,Assaying & Hallmarking,https://www.manakonline.in/MANAK/AHCListForWebsite
HALLMARKING,HM-00388,,319,AHC-ERO-RAHC-R-700537,M S HALLMARK CENTRE,ERO/RAHC/R-700537,"40/42/42 B S ROAD,OPP.DURGA MANDIR,P.S & P.O.-ENGLISH BAZAR, MALDAH, MALDA, WEST BENGAL ,732101",MALDA,MALDAH,WEST BENGAL,732101,ACTIVE,Operative,14/12/2026,Yellow Gold Hallmarking,Assaying & Hallmarking,https://www.manakonline.in/MANAK/AHCListForWebsite
HALLMARKING,HM-00389,,320,AHC-ERO-RAHC-R-700538,NADIA ASSAYING & HALLMARKING CENTRE,ERO/RAHC/R-700538,"42,Subhash Avenue Bye Lane ,1st Floor New Market,Ranaghat, Nadia,Pin-741201, West Bengal, NADIA, RANAGHAT, WEST BENGAL ,741201",RANAGHAT,NADIA,WEST BENGAL,741201,ACTIVE,Operative,09/02/2027,Gold & Silver Both Hallmarking,Assaying & Hallmarking,https://www.manakonline.in/MANAK/AHCListForWebsite
HALLMARKING,HM-00390,,321,AHC-ERO-RAHC-R-700538-O1-,NADIA ASSAYING & HALLMARKING CENTRE,ERO/RAHC/R-700538(O1),"42,Subhash Avenue Bye Lane ,1st Floor New Market,Ranaghat, Nadia,Pin-741201, West Bengal, NADIA, RANAGHAT, WEST BENGAL ,741201",RANAGHAT,NADIA,WEST BENGAL,741201,ACTIVE,Operative,09/02/2027,Gold & Silver Both Hallmarking,Assaying & Hallmarking,https://www.manakonline.in/MANAK/AHCListForWebsite
HALLMARKING,HM-00392,,322,AHC-ERO-RAHC-R-700541,SRI CHAKRA HALLMARKING,ERO/RAHC/R-700541,"KAMALABALA STREETNEAR VENKETSWARA TEMPLE, GANJAM, BERHAMPUR CITY, ODISHA ,760001",BERHAMPUR CITY,GANJAM,ODISHA,760001,ACTIVE,Operative,19/03/2027,Gold Hallmarking,Assaying & Hallmarking,https://www.manakonline.in/MANAK/AHCListForWebsite
HALLMARKING,HM-00393,,323,AHC-ERO-RAHC-R-700542,SANATANI HALLMARK CENTRE,ERO/RAHC/R-700542,"WARD NO-13, PARBATIIPUR, TAMLUK, PURBA MEDINIPURPURBA MEDINIPUR- 721636, PURBA MEDINIPUR, TAMLUK, WEST BENGAL ,721636",TAMLUK,PURBA MEDINIPUR,WEST BENGAL,721636,SUSPENDED,Under Suspension,18/05/2027,Yellow Gold Hallmarking,Assaying & Hallmarking,https://www.manakonline.in/MANAK/AHCListForWebsite
HALLMARKING,HM-00394,,324,AHC-ERO-RAHC-R-700545,G N HALLMARKING CENTRE,ERO/RAHC/R-700545,"2ND FLOOR, 171, BB GANGULY STREETKOLKATA- 700012, KOLKATA, BOWBAZAR (KOLKATA), WEST BENGAL ,700012",BOWBAZAR (KOLKATA),KOLKATA,WEST BENGAL,700012,SUSPENDED,Under Suspension,15/10/2024,Yellow Gold Hallmarking,Assaying & Hallmarking,https://www.manakonline.in/MANAK/AHCListForWebsite
HALLMARKING,HM-00395,,325,AHC-ERO-RAHC-R-700547,PRINCE HALLMARKING CENTRE BARASAT,ERO/RAHC/R-700547,"25/1, K.B. BASU ROAD, 1ST FLOOR, BARASAT, NORTH 24 PARGANAS, BARASAT, WEST BENGAL ,700124",BARASAT,NORTH 24 PARGANAS,WEST BENGAL,700124,ACTIVE,Operative,15/11/2027,Yellow Gold Hallmarking,Assaying & Hallmarking,https://www.manakonline.in/MANAK/AHCListForWebsite
HALLMARKING,HM-00396,,326,AHC-ERO-RAHC-R-700548,PRINCE HALLMARKING CENTRE GARIAHAT,ERO/RAHC/R-700548,"1A, EKDALIAPLACE, 1ST FLOORGARIAHAT, KOLKATA - 700019, KOLKATA, KOLKATA, WEST BENGAL ,700019",KOLKATA,KOLKATA,WEST BENGAL,700019,ACTIVE,Operative,18/11/2027,Gold Hallmarking,Assaying & Hallmarking,https://www.manakonline.in/MANAK/AHCListForWebsite
HALLMARKING,HM-00398,,327,AHC-ERO-RAHC-R-700550,S K ASSAY AND HALLMARKING CENTRE,ERO/RAHC/R-700550,"2nd Floor, Shanti Kunj, Shanti Bhawan , Bank More, DHANBAD, DHANBAD, JHARKHAND ,826001",DHANBAD,DHANBAD,JHARKHAND,826001,ACTIVE,Operative,28/01/2028,Gold Hallmarking,Assaying & Hallmarking,https://www.manakonline.in/MANAK/AHCListForWebsite
HALLMARKING,HM-00400,,328,AHC-ERO-RAHC-R-700554,Kamakhya Hallmarking Private Limited,ERO/RAHC/R-700554,"West Side of PondSantipara, WEST TRIPURA, AGARTALA, TRIPURA ,799001",AGARTALA,WEST TRIPURA,TRIPURA,799001,ACTIVE,Operative,25/08/2028,Yellow Gold Hallmarking,Assaying & Hallmarking,https://www.manakonline.in/MANAK/AHCListForWebsite
HALLMARKING,HM-00401,,329,AHC-ERO-RAHC-R-700556,LAXMI HALLMARKING CENTRE,ERO/RAHC/R-700556,"Station Square,Balasore, BALASORE, BALASORE, ODISHA ,756001",BALASORE,BALASORE,ODISHA,756001,ACTIVE,Operative,06/09/2028,Gold Hallmarking,Assaying & Hallmarking,https://www.manakonline.in/MANAK/AHCListForWebsite
HALLMARKING,HM-00402,,330,AHC-ERO-RAHC-R-700557,J J HALLMARKING CENTRE,ERO/RAHC/R-700557,"Savitri Tower, 4th floor,Flat 4A, 3A, Dr Martin Luther King Sarani, Kolkata, KOLKATA, SHAKESPEARE SARANI, WEST BENGAL ,700017",SHAKESPEARE SARANI,KOLKATA,WEST BENGAL,700017,ACTIVE,Operative,14/09/2028,Yellow Gold Hallmarking,Assaying & Hallmarking,https://www.manakonline.in/MANAK/AHCListForWebsite
HALLMARKING,HM-00404,,331,AHC-ERO-RAHC-R-700560,NAKODA HALLMARKING CENTRE,ERO/RAHC/R-700560,"CHODHURY COMPLEX 1ST FLOOR, CHO JAUNLIAPATTYCUTTACK (ODISHA) - 753009, CUTTACK, CHOUDHURY BAZAR, ODISHA ,753009",CHOUDHURY BAZAR,CUTTACK,ODISHA,753009,ACTIVE,Operative,29/09/2028,"Gold,Silver Hallmarking",Assaying & Hallmarking,https://www.manakonline.in/MANAK/AHCListForWebsite
HALLMARKING,HM-00406,,332,AHC-ERO-RAHC-R-700563,Prince Hallmarking and Refinery Private Limited,ERO/RAHC/R-700563,"79 , MONOHAR DAS STREET , 2ND FLOOR , SONAPATTY ,BURRABAZAR, KOLKATA, BARABAZAR, WEST BENGAL ,700007",BARABAZAR,KOLKATA,WEST BENGAL,700007,ACTIVE,Operative,04/10/2028,Gold & Silver Both Hallmarking,Assaying & Hallmarking,https://www.manakonline.in/MANAK/AHCListForWebsite
HALLMARKING,HM-00407,,333,AHC-ERO-RAHC-R-700564,Siddhi Vinayak Hallmarking Centre,ERO/RAHC/R-700564,"1st Floor, 26/A/31,Mondalpara Lane, P.O.-Noapara, P.S.-Baranagar,Kolkata,North 24 Parganas,West Bengal - 700090, KOLKATA, BARANAGAR, WEST BENGAL ,700090",BARANAGAR,KOLKATA,WEST BENGAL,700090,ACTIVE,Operative,24/10/2028,Yellow Gold Hallmarking,Assaying & Hallmarking,https://www.manakonline.in/MANAK/AHCListForWebsite
HALLMARKING,HM-00408,,334,AHC-ERO-RAHC-R-700566,Prince Hallmarking and Refinery Private Limited,ERO/RAHC/R-700566,"BICHALIHATA SCHOOL ROAD, GROUND FLOOR, BONGAONNORTH 24 PARGANS-743235, NORTH 24 PARGANAS, BANGAON (NORTH 24 PARGANAS), WEST BENGAL ,743235",BANGAON (NORTH 24 PARGANAS),NORTH 24 PARGANAS,WEST BENGAL,743235,ACTIVE,Operative,26/10/2028,Yellow Gold Hallmarking,Assaying & Hallmarking,https://www.manakonline.in/MANAK/AHCListForWebsite
HALLMARKING,HM-00409,,335,AHC-ERO-RAHC-R-700567,SHRI AMMA BHAGAVAN HALLMARKING CENTRE,ERO/RAHC/R-700567,"EGRA, WARD NO. 1, P.O. + P.S.- KASBA EGRA,PURBA MEDINIPUR- 721429, PURBA MEDINIPUR, EGRA KASBA, WEST BENGAL ,721429",EGRA KASBA,PURBA MEDINIPUR,WEST BENGAL,721429,ACTIVE,Operative,03/12/2028,Yellow Gold Hallmarking,Assaying & Hallmarking,https://www.manakonline.in/MANAK/AHCListForWebsite
HALLMARKING,HM-00412,,336,AHC-ERO-RAHC-R-700570,Prince Hallmarking and Refinery Private Limited,ERO/RAHC/R-700570,"NO 43 THAKURPARA ROAD 1st floor naihati, NORTH 24 PARGANAS, NAIHATI, WEST BENGAL ,743165",NAIHATI,NORTH 24 PARGANAS,WEST BENGAL,743165,ACTIVE,Operative,06/12/2028,"Yellow Gold,Silver Hallmarking",Assaying & Hallmarking,https://www.manakonline.in/MANAK/AHCListForWebsite
HALLMARKING,HM-00413,,337,AHC-ERO-RAHC-R-700570-O1-,Prince Hallmarking and Refinery Private Limited,ERO/RAHC/R-700570(O1),"NO 43 THAKURPARA ROAD 1st floor naihati, NORTH 24 PARGANAS, NAIHATI, WEST BENGAL ,743165",NAIHATI,NORTH 24 PARGANAS,WEST BENGAL,743165,ACTIVE,Operative,06/12/2028,Yellow Gold Hallmarking,Assaying & Hallmarking,https://www.manakonline.in/MANAK/AHCListForWebsite
HALLMARKING,HM-00415,,338,AHC-ERO-RAHC-R-700572,SRI GANESH HALLMARKING CENTRE CENTRE,ERO/RAHC/R-700572,"116,DAIHATTA ROAD, P.O. -KHAGRA, P.S. -BERHAMPOREMURSHIDABAD, MURSHIDABAD, BERHAMPORE (WB), WEST BENGAL ,742103",BERHAMPORE (WB),MURSHIDABAD,WEST BENGAL,742103,ACTIVE,Operative,14/02/2029,Yellow Gold Hallmarking,Assaying & Hallmarking,https://www.manakonline.in/MANAK/AHCListForWebsite
HALLMARKING,HM-00416,,339,AHC-ERO-RAHC-R-700572-O1-,SRI GANESH HALLMARKING CENTRE CENTRE,ERO/RAHC/R-700572(O1),"116,DAIHATTA ROAD, P.O. -KHAGRA, P.S. -BERHAMPOREMURSHIDABAD, MURSHIDABAD, BERHAMPORE (WB), WEST BENGAL ,742103",BERHAMPORE (WB),MURSHIDABAD,WEST BENGAL,742103,ACTIVE,Operative,14/02/2029,Yellow Gold Hallmarking,Assaying & Hallmarking,https://www.manakonline.in/MANAK/AHCListForWebsite
HALLMARKING,HM-00417,,340,AHC-ERO-RAHC-R-700573,S R HALLMARKING CENTER,ERO/RAHC/R-700573,"SHOP NO.15,16 & 17 3RD FLOOR DUNDA SHAHI COMPLEX(OLD RUPAK CINEMA HALL) BAKERGANJ PATNA, PATNA, PATNA COLLECTORIATE, BIHAR ,800004",PATNA COLLECTORIATE,PATNA,BIHAR,800004,ACTIVE,Operative,14/03/2029,Gold Hallmarking,Assaying & Hallmarking,https://www.manakonline.in/MANAK/AHCListForWebsite
HALLMARKING,HM-00419,,341,AHC-ERO-RAHC-R-700576,MS PRATIK HALLMARKERS PVT LTD,ERO/RAHC/R-700576,"1ST FLOOR, SHALIGRAM BUILDING, DIAGONAL ROAD,BISTUPUR, EAST SINGHBHUM (JHARKHAND) - 831001, EAST SINGHBHUM, JAMSHEDPUR, JHARKHAND ,831001",JAMSHEDPUR,EAST SINGHBHUM,JHARKHAND,831001,ACTIVE,Operative,26/04/2029,"Yellow Gold,Silver Hallmarking",Assaying & Hallmarking,https://www.manakonline.in/MANAK/AHCListForWebsite
HALLMARKING,HM-00421,,342,AHC-ERO-RAHC-R-700578,JEWEL HALLMARKING SERVICES LLP,ERO/RAHC/R-700578,"1/2 LORD SINHA ROAD, SHARMA HOUSE, 4TH FLOOR,KOLKATA - 700071, KOLKATA, SHAKESPEARE SARANI, WEST BENGAL ,700071",SHAKESPEARE SARANI,KOLKATA,WEST BENGAL,700071,ACTIVE,Operative,21/05/2029,Yellow Gold Hallmarking,Assaying & Hallmarking,https://www.manakonline.in/MANAK/AHCListForWebsite
HALLMARKING,HM-00424,,343,AHC-ERO-RAHC-R-700581,GANGA HALLMARKING ASSAY CENTRE,ERO/RAHC/R-700581,"ALAMGANJ ,ALAMGANJ POST GHATALALAMGANJ WEST MEDNIPUR, PASCHIM MEDINIPUR, GHATAL, WEST BENGAL ,721212",GHATAL,PASCHIM MEDINIPUR,WEST BENGAL,721212,ACTIVE,Operative,31/05/2029,Yellow Gold Hallmarking,Assaying & Hallmarking,https://www.manakonline.in/MANAK/AHCListForWebsite
HALLMARKING,HM-00425,,344,AHC-ERO-RAHC-R-700582,SHREE SIDDHNATH HALLMARKING CENTRE,ERO/RAHC/R-700582,"Kalamanch , BakerganjBari Road , Patna, PATNA, PATNA COLLECTORIATE, BIHAR ,800004",PATNA COLLECTORIATE,PATNA,BIHAR,800004,ACTIVE,Operative,31/05/2029,Yellow Gold Hallmarking,Assaying & Hallmarking,https://www.manakonline.in/MANAK/AHCListForWebsite
HALLMARKING,HM-00426,,345,AHC-ERO-RAHC-R-700583,M S HALLMARKING PVT LTD,ERO/RAHC/R-700583,"52 NALINI SETH ROAD,SONAPATTY,BURRA BAZARDO, KOLKATA, BARABAZAR, WEST BENGAL ,700007",BARABAZAR,KOLKATA,WEST BENGAL,700007,ACTIVE,Operative,15/06/2029,Gold & Silver Both Hallmarking,Assaying & Hallmarking,https://www.manakonline.in/MANAK/AHCListForWebsite
HALLMARKING,HM-00427,,346,AHC-ERO-RAHC-R-700584,SG ASSAYING & HALLMARKING CENTRE,ERO/RAHC/R-700584,"SHOP NO. 13, DUNDA SHAHI COMPLEX, GROUND FLOOR, BPATNA (BIHAR) - 800004, PATNA, PATNA CITY, BIHAR ,800004",PATNA CITY,PATNA,BIHAR,800004,ACTIVE,Operative,05/07/2029,Yellow Gold Hallmarking,Assaying & Hallmarking,https://www.manakonline.in/MANAK/AHCListForWebsite
HALLMARKING,HM-00429,,347,AHC-ERO-RAHC-R-700586,SSJ HALLMARKING CENTRE,ERO/RAHC/R-700586,"Brahman Toli, Purani Bazar,Muzaffarpur , Bihar, MUZAFFARPUR, PURANI BAZAR, BIHAR ,842001",PURANI BAZAR,MUZAFFARPUR,BIHAR,842001,OTHER,Deferred,19/07/2029,Yellow Gold Hallmarking,Assaying & Hallmarking,https://www.manakonline.in/MANAK/AHCListForWebsite
HALLMARKING,HM-00430,,348,AHC-ERO-RAHC-R-700587,DHAR ASSAY CENTRE,ERO/RAHC/R-700587,"1, Dispensary lane, Dada Bhai Market 1st floor,Ranaghat, NADIA, RANAGHAT, WEST BENGAL ,741201",RANAGHAT,NADIA,WEST BENGAL,741201,SUSPENDED,Under Suspension,26/07/2029,Yellow Gold Hallmarking,Assaying & Hallmarking,https://www.manakonline.in/MANAK/AHCListForWebsite
HALLMARKING,HM-00431,,349,AHC-ERO-RAHC-R-700588,SIDDHARTHA ASSAYING AND HALLMARKING CENTRE,ERO/RAHC/R-700588,"OLD UBI LANE, ALLAHABAD BANK HOUSE 2ND FLOOR P.O+POLD UBI LANE, ALLAHABAD BANK HOUSE 2ND FLOOR,HABRA, NORTH 24 PARGANAS, HABRA, WEST BENGAL ,743263",HABRA,NORTH 24 PARGANAS,WEST BENGAL,743263,ACTIVE,Operative,31/08/2026,Gold Hallmarking,Assaying & Hallmarking,https://www.manakonline.in/MANAK/AHCListForWebsite
HALLMARKING,HM-00432,,350,AHC-ERO-RAHC-R-700588-O1-,SIDDHARTHA ASSAYING AND HALLMARKING CENTRE,ERO/RAHC/R-700588(O1),"OLD UBI LANE, ALLAHABAD BANK HOUSE 2ND FLOOR P.O+POLD UBI LANE, ALLAHABAD BANK HOUSE 2ND FLOOR,HABRA, NORTH 24 PARGANAS, HABRA, WEST BENGAL ,743263",HABRA,NORTH 24 PARGANAS,WEST BENGAL,743263,ACTIVE,Operative,31/08/2026,Gold Hallmarking,Assaying & Hallmarking,https://www.manakonline.in/MANAK/AHCListForWebsite
HALLMARKING,HM-00435,,351,AHC-ERO-RAHC-R-700591,STAR HALLMARKING CENTRE,ERO/RAHC/R-700591,"181/2, HILLCART ROAD (OPP. BATA) HOTEL NILADRI, DARJEELING, SILIGURI, WEST BENGAL ,734001",SILIGURI,DARJEELING,WEST BENGAL,734001,ACTIVE,Operative,09/10/2026,Gold & Silver Both Hallmarking,Assaying & Hallmarking,https://www.manakonline.in/MANAK/AHCListForWebsite
HALLMARKING,HM-00436,,352,AHC-ERO-RAHC-R-700591-O1-,STAR HALLMARKING CENTRE,ERO/RAHC/R-700591(O1),"181/2, HILLCART ROAD (OPP. BATA) HOTEL NILADRI, DARJEELING, SILIGURI, WEST BENGAL ,734001",SILIGURI,DARJEELING,WEST BENGAL,734001,ACTIVE,Operative,09/10/2026,Gold & Silver Both Hallmarking,Assaying & Hallmarking,https://www.manakonline.in/MANAK/AHCListForWebsite
HALLMARKING,HM-00437,,353,AHC-ERO-RAHC-R-700592,OM HALLMARKING CENTRE,ERO/RAHC/R-700592,"BARABAZAR,JAHURIPATTY,BHARATMATA MARKET 1ST FLOORPURBA BARDHAMAN,WEST BENGAL, BARDHAMAN, BURDWAN, WEST BENGAL ,713104",BURDWAN,BARDHAMAN,WEST BENGAL,713104,SUSPENDED,Under Suspension,22/10/2026,All Gold Hallmarking,Assaying & Hallmarking,https://www.manakonline.in/MANAK/AHCListForWebsite
HALLMARKING,HM-00438,,354,AHC-ERO-RAHC-R-700593,B S HALLMARK,ERO/RAHC/R-700593,"SANTARANI STREET, NEAR SANA BAZAR, GANJAM, BERHAMPUR CITY, ODISHA ,760002",BERHAMPUR CITY,GANJAM,ODISHA,760002,ACTIVE,Operative,25/10/2026,Gold Hallmarking,Assaying & Hallmarking,https://www.manakonline.in/MANAK/AHCListForWebsite
HALLMARKING,HM-00439,,355,AHC-ERO-RAHC-R-700594,M/S SAI HALLMARKING CENTRE,ERO/RAHC/R-700594,"FIRINGI BAZAR, PO - TELENGA BAZAR, DIST - CUTTACKODISHA - 753009, CUTTACK, CUTTACK G.P.O., ODISHA ,753009",CUTTACK G.P.O,CUTTACK,ODISHA,753009,OTHER,Deferment Letter Generated,25/10/2020,Yellow Gold Hallmarking,Assaying & Hallmarking,https://www.manakonline.in/MANAK/AHCListForWebsite
HALLMARKING,HM-00440,,356,AHC-ERO-RAHC-R-700595,RIDDHI SIDDHI HALMARKING &BULLION PVT LTD,ERO/RAHC/R-700595,"SHOP NO G-10DUNDA SHAHI COMPLEX BAKERGANJ, PATNA, PATNA COLLECTORIATE, BIHAR ,800004",PATNA COLLECTORIATE,PATNA,BIHAR,800004,ACTIVE,Operative,26/11/2026,Yellow Gold Hallmarking,Assaying & Hallmarking,https://www.manakonline.in/MANAK/AHCListForWebsite
HALLMARKING,HM-00441,,357,AHC-ERO-RAHC-R-700596,PATNA HALLMARKING CENTRE,ERO/RAHC/R-700596,"SHOP NO.- 1, LOWER GROUND FLOOR, BARI PATHVISION RUPAK COMMERCIAL COMPLEX, BAKERGANJ,, PATNA, BANKIPORE, BIHAR ,800004",BANKIPORE,PATNA,BIHAR,800004,ACTIVE,Operative,26/11/2026,Yellow Gold Hallmarking,Assaying & Hallmarking,https://www.manakonline.in/MANAK/AHCListForWebsite
HALLMARKING,HM-00442,,358,AHC-ERO-RAHC-R-700597,M K HALLMARKING & ASSAY CENTRE,ERO/RAHC/R-700597,"1 NO. SHYAMBAZAR,AMRATALA LANEBURDWAN, BARDHAMAN, BURDWAN, WEST BENGAL ,713104",BURDWAN,BARDHAMAN,WEST BENGAL,713104,ACTIVE,Operative,27/11/2026,Yellow Gold Hallmarking,Assaying & Hallmarking,https://www.manakonline.in/MANAK/AHCListForWebsite
HALLMARKING,HM-00443,,359,AHC-ERO-RAHC-R-700597-O1-,M K HALLMARKING & ASSAY CENTRE,ERO/RAHC/R-700597(O1),"1 NO. SHYAMBAZAR,AMRATALA LANEBURDWAN, BARDHAMAN, BURDWAN, WEST BENGAL ,713104",BURDWAN,BARDHAMAN,WEST BENGAL,713104,ACTIVE,Operative,27/11/2026,Yellow Gold Hallmarking,Assaying & Hallmarking,https://www.manakonline.in/MANAK/AHCListForWebsite
HALLMARKING,HM-00444,,360,AHC-ERO-RAHC-R-700597-O2-,M K HALLMARKING & ASSAY CENTRE,ERO/RAHC/R-700597(O2),"1 NO. SHYAMBAZAR,AMRATALA LANEBURDWAN, BARDHAMAN, BURDWAN, WEST BENGAL ,713104",BURDWAN,BARDHAMAN,WEST BENGAL,713104,ACTIVE,Operative,27/11/2026,Yellow Gold Hallmarking,Assaying & Hallmarking,https://www.manakonline.in/MANAK/AHCListForWebsite
HALLMARKING,HM-00445,,361,AHC-ERO-RAHC-R-700598,PRINCE HALLMARKING AND REFINERY PVT LTD,ERO/RAHC/R-700598,"345 & 325 1st FLOOR, P.L MEDICAL GALI,345 & 325 1st FLOOR, P.L MEDICAL GALI,, NORTH 24 PARGANAS, HABRA, WEST BENGAL ,743263",HABRA,NORTH 24 PARGANAS,WEST BENGAL,743263,ACTIVE,Operative,14/12/2026,Gold Hallmarking,Assaying & Hallmarking,https://www.manakonline.in/MANAK/AHCListForWebsite
HALLMARKING,HM-00446,,362,AHC-ERO-RAHC-R-700598-O1-,PRINCE HALLMARKING AND REFINERY PVT LTD,ERO/RAHC/R-700598(O1),"345 & 325 1st FLOOR, P.L MEDICAL GALI,345 & 325 1st FLOOR, P.L MEDICAL GALI,, NORTH 24 PARGANAS, HABRA, WEST BENGAL ,743263",HABRA,NORTH 24 PARGANAS,WEST BENGAL,743263,ACTIVE,Operative,14/12/2026,Gold Hallmarking,Assaying & Hallmarking,https://www.manakonline.in/MANAK/AHCListForWebsite
HALLMARKING,HM-00448,,363,AHC-ERO-RAHC-R-700600,SUPREME HALLMARKING LLP,ERO/RAHC/R-700600,"13B, DIGAMBAR JAIN TEMPLE ROAD, 6TH FLOORKOLKATA- 700007, KOLKATA, KOLKATA, WEST BENGAL ,700007",KOLKATA,KOLKATA,WEST BENGAL,700007,ACTIVE,Operative,02/01/2027,Yellow Gold Hallmarking,Assaying & Hallmarking,https://www.manakonline.in/MANAK/AHCListForWebsite
HALLMARKING,HM-00449,,364,AHC-ERO-RAHC-R-700601,ROSE HALMARKING CENTER,ERO/RAHC/R-700601,"37/A MANNAPARA ROAD, NOAPARA, BARANAGAR,KOL-700090, KOLKATA, BARANAGAR, WEST BENGAL ,700090",BARANAGAR,KOLKATA,WEST BENGAL,700090,ACTIVE,Operative,29/01/2027,Gold Hallmarking,Assaying & Hallmarking,https://www.manakonline.in/MANAK/AHCListForWebsite
HALLMARKING,HM-00451,,365,AHC-ERO-RAHC-R-700603,LAXMI HALLMARING CENTRE,ERO/RAHC/R-700603,"HARSHITA COMPLEX, MAHANGILAL GALI, DEHRI ON SONEROHTAS, BIHAR-821307, ROHTAS, DEHRI-ON-SONE, BIHAR ,821307",DEHRI-ON-SONE,ROHTAS,BIHAR,821307,ACTIVE,Operative,31/01/2027,Yellow Gold Hallmarking,Assaying & Hallmarking,https://www.manakonline.in/MANAK/AHCListForWebsite
HALLMARKING,HM-00452,,366,AHC-ERO-RAHC-R-700604,ABHUSHAN HALLMARK CENTRE,ERO/RAHC/R-700604,"Lakhe Bada, Behind Jain Mandir,Budha Para,, RAIPUR, RAIPUR, CHHATTISGARH ,492001",RAIPUR,RAIPUR,CHHATTISGARH,492001,SUSPENDED,Under Suspension,08/02/2027,"Yellow Gold,Silver Hallmarking",Assaying & Hallmarking,https://www.manakonline.in/MANAK/AHCListForWebsite
HALLMARKING,HM-00453,,367,AHC-ERO-RAHC-R-700605,PRINCE HALLMARKING AND REFINERY PVT LTD,ERO/RAHC/R-700605,"69/3/3,MONDALPARA LANE,BARANAGAR,KOLKATA-700090, NORTH 24 PARGANAS, NOAPARA (NORTH 24 PARGANAS), WEST BENGAL ,700090",NOAPARA (NORTH 24 PARGANAS),NORTH 24 PARGANAS,WEST BENGAL,700090,ACTIVE,Operative,14/02/2027,Yellow Gold Hallmarking,Assaying & Hallmarking,https://www.manakonline.in/MANAK/AHCListForWebsite
HALLMARKING,HM-00454,,368,AHC-ERO-RAHC-R-700605-O1-,PRINCE HALLMARKING AND REFINERY PVT LTD,ERO/RAHC/R-700605(O1),"69/3/3,MONDALPARA LANE,BARANAGAR,KOLKATA-700090, NORTH 24 PARGANAS, NOAPARA (NORTH 24 PARGANAS), WEST BENGAL ,700090",NOAPARA (NORTH 24 PARGANAS),NORTH 24 PARGANAS,WEST BENGAL,700090,ACTIVE,Operative,14/02/2027,Yellow Gold Hallmarking,Assaying & Hallmarking,https://www.manakonline.in/MANAK/AHCListForWebsite
HALLMARKING,HM-00455,,369,AHC-ERO-RAHC-R-700606,JAI MAA AMBAY HALLMARKING CENTRE,ERO/RAHC/R-700606,"NACHAN ROADBENACHITY, BARDHAMAN, DURGAPUR, WEST BENGAL ,713213",DURGAPUR,BARDHAMAN,WEST BENGAL,713213,ACTIVE,Operative,14/02/2025,Gold Hallmarking,Assaying & Hallmarking,https://www.manakonline.in/MANAK/AHCListForWebsite
HALLMARKING,HM-00456,,370,AHC-ERO-RAHC-R-700607,SILIGURI HALLMARKING CENTRE,ERO/RAHC/R-700607,"H/13/2/65/1, GROUND FLOOR,PRIYADARSHANI MARKET, KHUDIRAMPALLY, DARJEELING, SILIGURI, WEST BENGAL ,734001",SILIGURI,DARJEELING,WEST BENGAL,734001,ACTIVE,Operative,14/02/2027,"Gold,Yellow Gold Hallmarking",Assaying & Hallmarking,https://www.manakonline.in/MANAK/AHCListForWebsite
HALLMARKING,HM-00457,,371,AHC-ERO-RAHC-R-700608,BABA TARAKNATH HALLMARKING CENTRE,ERO/RAHC/R-700608,"31,RMAKRISHNA PALLY,P.O.& P.S.- TARAKESWAR, HOOGHLY, TARAKESWAR, WEST BENGAL ,712410",TARAKESWAR,HOOGHLY,WEST BENGAL,712410,ACTIVE,Operative,18/02/2027,Yellow Gold Hallmarking,Assaying & Hallmarking,https://www.manakonline.in/MANAK/AHCListForWebsite
HALLMARKING,HM-00458,,372,AHC-ERO-RAHC-R-700609,SRI CHAKRA HALLMARKING CENTRE,ERO/RAHC/R-700609,"NAYA SARAK,NEAR DAY & NIGHT MEDICINE STORECUTTACK, CUTTACK, CUTTACK G.P.O., ODISHA ,753002",CUTTACK G.P.O,CUTTACK,ODISHA,753002,ACTIVE,Operative,27/02/2027,Yellow Gold Hallmarking,Assaying & Hallmarking,https://www.manakonline.in/MANAK/AHCListForWebsite
HALLMARKING,HM-00459,,373,AHC-ERO-RAHC-R-700610,RANIGANJ HALLMARKING CENTRE,ERO/RAHC/R-700610,"20, R.R. ROAD (NEAR POLICE STATION), BARDHAMAN, RANIGANJ, WEST BENGAL ,713347",RANIGANJ,BARDHAMAN,WEST BENGAL,713347,ACTIVE,Operative,27/02/2027,Gold Hallmarking,Assaying & Hallmarking,https://www.manakonline.in/MANAK/AHCListForWebsite
HALLMARKING,HM-00461,,374,AHC-ERO-RAHC-R-700612,NEW RURAL HALLMARKING CENTRE,ERO/RAHC/R-700612,"PREMISES NO.-293,WARD NO.-13,PARBATIPUR,TAMLUK,DIST.-PURBA MEDINIPUR,(W.B)- 721636, PURBA MEDINIPUR, TAMLUK, WEST BENGAL ,721636",TAMLUK,PURBA MEDINIPUR,WEST BENGAL,721636,ACTIVE,Operative,11/03/2027,"Gold,Yellow Gold Hallmarking",Assaying & Hallmarking,https://www.manakonline.in/MANAK/AHCListForWebsite
HALLMARKING,HM-00462,,375,AHC-ERO-RAHC-R-700613,RIDDHI SIDDHI HALLMARKING CENTRE,ERO/RAHC/R-700613,"Holding No.- 143, Ward No.- 25,Chowk Brahmam Toli, Bhojpur,Arrah, BHOJPUR, ARRAH, BIHAR ,802301",ARRAH,BHOJPUR,BIHAR,802301,ACTIVE,Operative,15/03/2027,Yellow Gold Hallmarking,Assaying & Hallmarking,https://www.manakonline.in/MANAK/AHCListForWebsite
HALLMARKING,HM-00463,,376,AHC-ERO-RAHC-R-700614,RAVI HALLMARKING AND ASSAY CENTER,ERO/RAHC/R-700614,"19 BYYSACK STREET 2ND FLOOR SUITE 2, KOLKATA, KALAKAR STREET, WEST BENGAL ,700007",KALAKAR STREET,KOLKATA,WEST BENGAL,700007,ACTIVE,Operative,21/03/2027,Yellow Gold Hallmarking,Assaying & Hallmarking,https://www.manakonline.in/MANAK/AHCListForWebsite
HALLMARKING,HM-00464,,377,AHC-ERO-RAHC-R-700615,KADAM ASSAYING & HALLMARKING CENTRE,ERO/RAHC/R-700615,"Kacheri Bazar,1st Floor Shanti ComplexBhadrak-756100, BHADRAK, BHADRAK, ODISHA ,756100",BHADRAK,BHADRAK,ODISHA,756100,SUSPENDED,Under Suspension,22/03/2027,Gold Hallmarking,Assaying & Hallmarking,https://www.manakonline.in/MANAK/AHCListForWebsite
HALLMARKING,HM-00466,,378,AHC-ERO-RAHC-R-700617,R K ASSAYING & HALLMARKING CENTRE,ERO/RAHC/R-700617,"13,TELIPARA ROAD, NADIA, NABADWIP, WEST BENGAL ,741302",NABADWIP,NADIA,WEST BENGAL,741302,ACTIVE,Operative,27/03/2027,Gold & Silver Both Hallmarking,Assaying & Hallmarking,https://www.manakonline.in/MANAK/AHCListForWebsite
HALLMARKING,HM-00467,,379,AHC-ERO-RAHC-R-700618,M/s- BALAJEE HALLMARKING CENTRE,ERO/RAHC/R-700618,"309, INDUSTRY HOUSE, 3RD FLOOR, BANK MOREDHANBAD- 826001, DHANBAD, DHANBAD, JHARKHAND ,826001",DHANBAD,DHANBAD,JHARKHAND,826001,OTHER,Deferment Letter Generated,05/04/2021,Yellow Gold Hallmarking,Assaying & Hallmarking,https://www.manakonline.in/MANAK/AHCListForWebsite
HALLMARKING,HM-00468,,380,AHC-ERO-RAHC-R-700619,NAKODA HALLMARKING CENTRE,ERO/RAHC/R-700619,"PLOT-L,UNIT 3,JANPATHA,KHARVEL NAGAR,BHUBANESWAR, KHORDHA, KHARAVELA NAGAR, ODISHA ,751001",KHARAVELA NAGAR,KHORDHA,ODISHA,751001,ACTIVE,Operative,05/04/2027,Gold & Silver Both Hallmarking,Assaying & Hallmarking,https://www.manakonline.in/MANAK/AHCListForWebsite
HALLMARKING,HM-00470,,381,AHC-ERO-RAHC-R-700622,SHIVANAND HALLMARKING AND ASSAYING CENTRE,ERO/RAHC/R-700622,"2ND FLOOR H NO 112A/65 CIRCLE NO. 13WARD NO. 38, BAKERGANJ, BARIPATH,, PATNA, PATNA COLLECTORIATE, BIHAR ,800004",PATNA COLLECTORIATE,PATNA,BIHAR,800004,ACTIVE,Operative,08/05/2027,"Yellow Gold,Silver Hallmarking",Assaying & Hallmarking,https://www.manakonline.in/MANAK/AHCListForWebsite
HALLMARKING,HM-00471,,382,AHC-ERO-RAHC-R-700623,NEW SAMPARK HALLMARK,ERO/RAHC/R-700623,"LILY 916, 2ND FLOOR,BANIA SAHIMANGALABAG,CUTTACK, CUTTACK, MANGALABAG, ODISHA ,753001",MANGALABAG,CUTTACK,ODISHA,753001,ACTIVE,Operative,15/05/2027,Yellow Gold Hallmarking,Assaying & Hallmarking,https://www.manakonline.in/MANAK/AHCListForWebsite
HALLMARKING,HM-00473,,383,AHC-ERO-RAHC-R-700626,J P HALLMARKING CENTRE PVT LTD,ERO/RAHC/R-700626,"PURANI BAZARNEAR GARIBASTHAN MANDIR, MUZAFFARPUR, MUZAFFARPUR, BIHAR ,842001",MUZAFFARPUR,MUZAFFARPUR,BIHAR,842001,ACTIVE,Operative,11/06/2027,Yellow Gold Hallmarking,Assaying & Hallmarking,https://www.manakonline.in/MANAK/AHCListForWebsite
HALLMARKING,HM-00474,,384,AHC-ERO-RAHC-R-700627,CHHATTISGARH HALLMARKING CENTRE,ERO/RAHC/R-700627,"3rd-Floor, Manak Tower, Sader BazarEdward Road, Raipur, Chhattisgarh-492001, RAIPUR, RAIPUR, CHHATTISGARH ,492001",RAIPUR,RAIPUR,CHHATTISGARH,492001,ACTIVE,Operative,12/06/2027,Yellow Gold Hallmarking,Assaying & Hallmarking,https://www.manakonline.in/MANAK/AHCListForWebsite
HALLMARKING,HM-00475,,385,AHC-ERO-RAHC-R-700628,BASANT ASSAYING AND HALLMARKING CENTRE,ERO/RAHC/R-700628,"AMTALA NIBARAN DUTTA ROAD,1st FLOOR KOHINOOR MARKEOFF-SITE CENTRE AT: 79/C, P.C. SARCAR SARANI, BATA, SOUTH 24 PARGANAS, AMTALA, WEST BENGAL ,743398",AMTALA,SOUTH 24 PARGANAS,WEST BENGAL,743398,ACTIVE,Operative,13/06/2027,Yellow Gold Hallmarking,Assaying & Hallmarking,https://www.manakonline.in/MANAK/AHCListForWebsite
HALLMARKING,HM-00476,,386,AHC-ERO-RAHC-R-700629,Shree Ganesh Assaying & Hallmarking Centre,ERO/RAHC/R-700629,"14, Hanspukur first lane first floorNear marwari balika vidhyalaya, KOLKATA, BARABAZAR, WEST BENGAL ,700007",BARABAZAR,KOLKATA,WEST BENGAL,700007,ACTIVE,Operative,13/06/2027,Yellow Gold Hallmarking,Assaying & Hallmarking,https://www.manakonline.in/MANAK/AHCListForWebsite
HALLMARKING,HM-00478,,387,AHC-ERO-RAHC-R-700631,SRI SAI HALLMARKING,ERO/RAHC/R-700631,"KEDIA SQUARE, 2ND FLOOR, ROOM NO. 204, UPPER BAZARRANCHI - 834001, RANCHI, RANCHI G.P.O., JHARKHAND ,834001",RANCHI G.P.O,RANCHI,JHARKHAND,834001,ACTIVE,Operative,19/06/2027,Yellow Gold Hallmarking,Assaying & Hallmarking,https://www.manakonline.in/MANAK/AHCListForWebsite
HALLMARKING,HM-00479,,388,AHC-ERO-RAHC-R-700632,K L ASSAYING & HALLMARKING CENTRE,ERO/RAHC/R-700632,"H. NO.:447, WARD NO. 13/321st FLOOR, MUNGERIGANJ, BEGUSARAI, BEGUSARAI, BEGUSARAI, BIHAR ,851101",BEGUSARAI,BEGUSARAI,BIHAR,851101,ACTIVE,Operative,26/06/2027,Gold Hallmarking,Assaying & Hallmarking,https://www.manakonline.in/MANAK/AHCListForWebsite
HALLMARKING,HM-00480,,389,AHC-ERO-RAHC-R-700633,SB HALLMARKING CENTRE,ERO/RAHC/R-700633,"Premises no. 133/15138/1, B.S.Road, Ward No. 20,Coochbehar,, COOCH BEHAR, COOCH BEHAR NEW TOWN, WEST BENGAL ,736101",COOCH BEHAR NEW TOWN,COOCH BEHAR,WEST BENGAL,736101,ACTIVE,Operative,08/07/2024,Yellow Gold Hallmarking,Assaying & Hallmarking,https://www.manakonline.in/MANAK/AHCListForWebsite
HALLMARKING,HM-00481,,390,AHC-ERO-RAHC-R-700634,ASANSOL HALLMARKING CENTRE,ERO/RAHC/R-700634,"121/44/C DR R.C. Banerjee LaneGhanty Gali, BARDHAMAN, ASANSOL, WEST BENGAL ,713301",ASANSOL,BARDHAMAN,WEST BENGAL,713301,ACTIVE,Operative,29/07/2027,Gold Hallmarking,Assaying & Hallmarking,https://www.manakonline.in/MANAK/AHCListForWebsite
HALLMARKING,HM-00482,,391,AHC-ERO-RAHC-R-700635,S M G ASSAYING & HALLMARKING CENTRE,ERO/RAHC/R-700635,"WARD NO. 10, HOLDING NO. 909, SHAMSHER GANJ, BARA DARBHANGA (BIHAR) 846004, DARBHANGA, DARBHANGA, BIHAR ,846004",DARBHANGA,DARBHANGA,BIHAR,846004,ACTIVE,Operative,30/07/2027,Yellow Gold Hallmarking,Assaying & Hallmarking,https://www.manakonline.in/MANAK/AHCListForWebsite
HALLMARKING,HM-00483,,392,AHC-ERO-RAHC-R-700635-O1-,S M G ASSAYING & HALLMARKING CENTRE,ERO/RAHC/R-700635(O1),"WARD NO. 10, HOLDING NO. 909, SHAMSHER GANJ, BARA DARBHANGA (BIHAR) 846004, DARBHANGA, DARBHANGA, BIHAR ,846004",DARBHANGA,DARBHANGA,BIHAR,846004,ACTIVE,Operative,30/07/2027,Yellow Gold Hallmarking,Assaying & Hallmarking,https://www.manakonline.in/MANAK/AHCListForWebsite
HALLMARKING,HM-00484,,393,AHC-ERO-RAHC-R-700636,SATYAM HALLMARK AND ASSAYING CENTRE,ERO/RAHC/R-700636,"39, SUBHAS AVENUE, RANAGHATNADIA (W.B.) - 741201, NADIA, RANAGHAT, WEST BENGAL ,741201",RANAGHAT,NADIA,WEST BENGAL,741201,ACTIVE,Operative,29/07/2027,Yellow Gold Hallmarking,Assaying & Hallmarking,https://www.manakonline.in/MANAK/AHCListForWebsite
HALLMARKING,HM-00485,,394,AHC-ERO-RAHC-R-700637,B K HALLMARKING CENTRE,ERO/RAHC/R-700637,"614/556, KUMARPUR, CONTAI, PURBA MEDINIPUR, CONTAI SUPER MARKET, WEST BENGAL ,721401",CONTAI SUPER MARKET,PURBA MEDINIPUR,WEST BENGAL,721401,ACTIVE,Operative,29/07/2027,Gold Hallmarking,Assaying & Hallmarking,https://www.manakonline.in/MANAK/AHCListForWebsite
HALLMARKING,HM-00486,,395,AHC-ERO-RAHC-R-700638,SUNIL HALLMARKING CENTRE,ERO/RAHC/R-700638,"195/1 RASH BEHARI AVENUE, KOLKATA, GARIAHAT MARKET, WEST BENGAL ,700019",GARIAHAT MARKET,KOLKATA,WEST BENGAL,700019,ACTIVE,Operative,07/08/2027,Gold Hallmarking,Assaying & Hallmarking,https://www.manakonline.in/MANAK/AHCListForWebsite
HALLMARKING,HM-00488,,396,AHC-ERO-RAHC-R-700640,CONTAI HALLMARK CENTRE,ERO/RAHC/R-700640,"Kumarpur, Ward No-13, 121/113 (near Kaluroy Mandi), PURBA MEDINIPUR, CONTAI, WEST BENGAL ,721401",CONTAI,PURBA MEDINIPUR,WEST BENGAL,721401,ACTIVE,Operative,19/08/2027,Yellow Gold Hallmarking,Assaying & Hallmarking,https://www.manakonline.in/MANAK/AHCListForWebsite
HALLMARKING,HM-00489,,397,AHC-ERO-RAHC-R-700641,BASANT HALLMARKING CENTRE,ERO/RAHC/R-700641,"36 A , NABIN CHAND LANEKOLKATA, KOLKATA, KOLKATA, WEST BENGAL ,700012",KOLKATA,KOLKATA,WEST BENGAL,700012,ACTIVE,Operative,23/08/2027,Yellow Gold Hallmarking,Assaying & Hallmarking,https://www.manakonline.in/MANAK/AHCListForWebsite
HALLMARKING,HM-00490,,398,AHC-ERO-RAHC-R-700642,SREEM HALLMARKING CENTRE,ERO/RAHC/R-700642,"Ground and First floor, Nazrul sekh Market,Amtala,Kanyanagar,South 24 Parganas,West Bengal-743503, SOUTH 24 PARGANAS, KANYA NAGAR, WEST BENGAL ,743503",KANYA NAGAR,SOUTH 24 PARGANAS,WEST BENGAL,743503,ACTIVE,Operative,23/08/2027,Gold Hallmarking,Assaying & Hallmarking,https://www.manakonline.in/MANAK/AHCListForWebsite
HALLMARKING,HM-00491,,399,AHC-ERO-RAHC-R-700643,MAKALI HALLMARKING CENTRE,ERO/RAHC/R-700643,"30, CHUNAPUKUR LANE, Bow BazarKolkata, Kolkata, West Bengal, 700012, KOLKATA, BOWBAZAR (KOLKATA), WEST BENGAL ,700012",BOWBAZAR (KOLKATA),KOLKATA,WEST BENGAL,700012,ACTIVE,Operative,11/09/2027,"Gold,Yellow Gold Hallmarking",Assaying & Hallmarking,https://www.manakonline.in/MANAK/AHCListForWebsite
HALLMARKING,HM-00492,,400,AHC-ERO-RAHC-R-700644,GURUKRIPA HALLMARKING CENTRE,ERO/RAHC/R-700644,"WARD NO-30,MAIN ROAD, PURANA CHOWKBUXAR, BUXAR, BUXAR, BIHAR ,802101",BUXAR,BUXAR,BIHAR,802101,ACTIVE,Operative,16/09/2027,Yellow Gold Hallmarking,Assaying & Hallmarking,https://www.manakonline.in/MANAK/AHCListForWebsite
HALLMARKING,HM-00494,,401,AHC-ERO-RAHC-R-700646,ANAND HALLMARKING CENTRE,ERO/RAHC/R-700646,"WARD NO. 10, H.NO.- 143,BAMAKHAPA ROAD, RAMPUR HAT, BIRBHUM, RAMPURHAT, WEST BENGAL ,731224",RAMPURHAT,BIRBHUM,WEST BENGAL,731224,ACTIVE,Operative,08/10/2027,Yellow Gold Hallmarking,Assaying & Hallmarking,https://www.manakonline.in/MANAK/AHCListForWebsite
HALLMARKING,HM-00495,,402,AHC-ERO-RAHC-R-700647,M K ASSAYING and HALLMARKING CENTRE,ERO/RAHC/R-700647,"17/1/6,MONDAL PARA LANE,BARANAGARKOLKATA-700090, NORTH 24 PARGANAS, MONDALPARA, WEST BENGAL ,700090",MONDALPARA,NORTH 24 PARGANAS,WEST BENGAL,700090,SUSPENDED,Under Suspension,08/10/2024,Yellow Gold Hallmarking,Assaying & Hallmarking,https://www.manakonline.in/MANAK/AHCListForWebsite
HALLMARKING,HM-00496,,403,AHC-ERO-RAHC-R-700648,SHREE NATH HALLMARKING CENTER,ERO/RAHC/R-700648,"Muktarpara, Dakshin Dinajpur, Balurghat, DAKSHIN DINAJPUR, BALURGHAT, WEST BENGAL ,733101",BALURGHAT,DAKSHIN DINAJPUR,WEST BENGAL,733101,ACTIVE,Operative,11/10/2027,Yellow Gold Hallmarking,Assaying & Hallmarking,https://www.manakonline.in/MANAK/AHCListForWebsite
HALLMARKING,HM-00497,,404,AHC-ERO-RAHC-R-700649,B P HALLMARKING CENTER,ERO/RAHC/R-700649,"A/45, KHARVEL NAGAR, UNIT 3,, KHORDHA, BHUBANESWAR G.P.O., ODISHA ,751001",BHUBANESWAR G.P.O,KHORDHA,ODISHA,751001,ACTIVE,Operative,11/10/2027,Yellow Gold Hallmarking,Assaying & Hallmarking,https://www.manakonline.in/MANAK/AHCListForWebsite
HALLMARKING,HM-00498,,405,AHC-ERO-RAHC-R-700650,JOYGURU HALLMARKING CENTRE,ERO/RAHC/R-700650,"BERABERIA, HOWRAH, BAGNAN, WEST BENGAL ,711303",BAGNAN,HOWRAH,WEST BENGAL,711303,ACTIVE,Operative,11/10/2027,Yellow Gold Hallmarking,Assaying & Hallmarking,https://www.manakonline.in/MANAK/AHCListForWebsite
HALLMARKING,HM-00499,,406,AHC-ERO-RAHC-R-700651,Anima Hallmarking and Assaying Centre,ERO/RAHC/R-700651,"1st floor,33 G.N.P.C RoadJadunath Market, Rail Bazar,Ward no 05, NADIA, RANAGHAT, WEST BENGAL ,741201",RANAGHAT,NADIA,WEST BENGAL,741201,ACTIVE,Operative,14/10/2027,Yellow Gold Hallmarking,Assaying & Hallmarking,https://www.manakonline.in/MANAK/AHCListForWebsite
HALLMARKING,HM-00500,,407,AHC-ERO-RAHC-R-700652,TARAKNATH HALL MARKING CENTRE,ERO/RAHC/R-700652,"25A,CHUNAPUKUR LANE,KOLKATA-700012, KOLKATA, BOWBAZAR (KOLKATA), WEST BENGAL ,700012",BOWBAZAR (KOLKATA),KOLKATA,WEST BENGAL,700012,ACTIVE,Operative,14/10/2027,Yellow Gold Hallmarking,Assaying & Hallmarking,https://www.manakonline.in/MANAK/AHCListForWebsite
HALLMARKING,HM-00501,,408,AHC-ERO-RAHC-R-700654,V R ASSAYING AND HALLMARKIN CENTRE,ERO/RAHC/R-700654,"VITTHAL HOUSE, ISPAT COLONYBEHIND SWEET INDIA, BOKARO, CHAS (BOKARO), JHARKHAND ,827013",CHAS (BOKARO),BOKARO,JHARKHAND,827013,ACTIVE,Operative,29/10/2027,Yellow Gold Hallmarking,Assaying & Hallmarking,https://www.manakonline.in/MANAK/AHCListForWebsite
HALLMARKING,HM-00504,,409,AHC-ERO-RAHC-R-700657,TRIBENI HALLMARKING CENTRE,ERO/RAHC/R-700657,"1 ST FLOOR ABOVE ROY JEWELLERS102 C R ROAD RANIGANJ, BARDHAMAN, RANIGANJ, WEST BENGAL ,713347",RANIGANJ,BARDHAMAN,WEST BENGAL,713347,ACTIVE,Operative,04/11/2027,Gold & Silver Both Hallmarking,Assaying & Hallmarking,https://www.manakonline.in/MANAK/AHCListForWebsite
HALLMARKING,HM-00505,,410,AHC-ERO-RAHC-R-700658,MAA GANGA HALLMARKING CENTRE,ERO/RAHC/R-700658,"HARI HAT,9 KHARER BAZARKATWA PURBA BURDWAN, BARDHAMAN, KATWA, WEST BENGAL ,713130",KATWA,BARDHAMAN,WEST BENGAL,713130,ACTIVE,Operative,12/11/2027,Yellow Gold Hallmarking,Assaying & Hallmarking,https://www.manakonline.in/MANAK/AHCListForWebsite
HALLMARKING,HM-00508,,411,AHC-ERO-RAHC-R-700661,SOM ASSAING CENTRE,ERO/RAHC/R-700661,"57/1, BARANASHI ROY ROAD, SONAPOTTI, KRISHNANAGARNADIA (W.B.) - 741101, NADIA, KRISHNANAGAR, WEST BENGAL ,741101",KRISHNANAGAR,NADIA,WEST BENGAL,741101,ACTIVE,Operative,26/11/2027,Yellow Gold Hallmarking,Assaying & Hallmarking,https://www.manakonline.in/MANAK/AHCListForWebsite
HALLMARKING,HM-00509,,412,AHC-ERO-RAHC-R-700661-O1-,SOM ASSAING CENTRE,ERO/RAHC/R-700661(O1),"57/1, BARANASHI ROY ROAD, SONAPOTTI, KRISHNANAGARNADIA (W.B.) - 741101, NADIA, KRISHNANAGAR, WEST BENGAL ,741101",KRISHNANAGAR,NADIA,WEST BENGAL,741101,ACTIVE,Operative,26/11/2027,Yellow Gold Hallmarking,Assaying & Hallmarking,https://www.manakonline.in/MANAK/AHCListForWebsite
HALLMARKING,HM-00511,,413,AHC-ERO-RAHC-R-700663,NEW SIYARAM HALLMARKING CENTRE,ERO/RAHC/R-700663,"9, Munshi Sadruddin lane, Gr. Floor,NEAR M G ROAD METRO STATION, KOLKATA, KOLKATA, WEST BENGAL ,700007",KOLKATA,KOLKATA,WEST BENGAL,700007,ACTIVE,Operative,05/12/2027,Gold Hallmarking,Assaying & Hallmarking,https://www.manakonline.in/MANAK/AHCListForWebsite
HALLMARKING,HM-00512,,414,AHC-ERO-RAHC-R-700664,BASANT ASSAYING AND HALLMARKING CENTRE,ERO/RAHC/R-700664,"GROUND FLOOR NA 15 KAHARER BAZARKATWA, BARDHAMAN, KATWA, WEST BENGAL ,713130",KATWA,BARDHAMAN,WEST BENGAL,713130,ACTIVE,Operative,05/12/2027,Yellow Gold Hallmarking,Assaying & Hallmarking,https://www.manakonline.in/MANAK/AHCListForWebsite
HALLMARKING,HM-00513,,415,AHC-ERO-RAHC-R-700665,MSP HALLMARKING CENTRE,ERO/RAHC/R-700665,"HOLDING-4451,R.N.ROAD BY LANE OPP. OF MAYUR HOTEL,WORD NO-08,COOCH BEHAR, COOCH BEHAR, COOCH BEHAR, WEST BENGAL ,736101",COOCH BEHAR,COOCH BEHAR,WEST BENGAL,736101,ACTIVE,Operative,10/12/2027,Yellow Gold Hallmarking,Assaying & Hallmarking,https://www.manakonline.in/MANAK/AHCListForWebsite
HALLMARKING,HM-00514,,416,AHC-ERO-RAHC-R-700666,SRI BHRIGU HALLMARKING & ASSAYING CENTRE,ERO/RAHC/R-700666,"VISION RUPAK BAKERGANJ BARIPATH PATNA 800004SHOP NO.2 BASEMENT,VISION RUPAK COMMERCIAL COMPLEX, PATNA, BANKIPORE, BIHAR ,800004",BANKIPORE,PATNA,BIHAR,800004,ACTIVE,Operative,02/01/2028,Gold Hallmarking,Assaying & Hallmarking,https://www.manakonline.in/MANAK/AHCListForWebsite
HALLMARKING,HM-00515,,417,AHC-ERO-RAHC-R-700667,S G HALLMARKING CENTRE,ERO/RAHC/R-700667,"1st Floor, Sri Ram Market. Chowk BazarBIHARSHARIF, NALANDA, BIHARSHARIF, BIHAR ,803101",BIHARSHARIF,NALANDA,BIHAR,803101,ACTIVE,Operative,03/01/2028,Gold Hallmarking,Assaying & Hallmarking,https://www.manakonline.in/MANAK/AHCListForWebsite
HALLMARKING,HM-00516,,418,AHC-ERO-RAHC-R-700669,CUTTACK SAMPARK HALLMARK,ERO/RAHC/R-700669,"BANK OF INDIA BUILDING,2ND FLOORNAYASARAK,CUTTACK, CUTTACK, CHANDINCHOWK, ODISHA ,753002",CHANDINCHOWK,CUTTACK,ODISHA,753002,ACTIVE,Operative,15/01/2028,Gold Hallmarking,Assaying & Hallmarking,https://www.manakonline.in/MANAK/AHCListForWebsite
HALLMARKING,HM-00517,,419,AHC-ERO-RAHC-R-700670,R D ASSAYING AND HALLMARKING CENTRE,ERO/RAHC/R-700670,"SAHEBGANJ, SONARPOTTI, CHHAPRASARAN (BIHAR)- 841301, SARAN, CHAPRA, BIHAR ,841301",CHAPRA,SARAN,BIHAR,841301,ACTIVE,Operative,22/01/2028,Yellow Gold Hallmarking,Assaying & Hallmarking,https://www.manakonline.in/MANAK/AHCListForWebsite
HALLMARKING,HM-00518,,420,AHC-ERO-RAHC-R-700671,K K HALLMARKING CENTRE,ERO/RAHC/R-700671,"22(1st Floor), Ramkrishna Pally, Street No- 4/3/2,P.O & P.S- Tarakeswar, HOOGHLY, TARAKESWAR, WEST BENGAL ,712410",TARAKESWAR,HOOGHLY,WEST BENGAL,712410,ACTIVE,Operative,06/02/2028,Yellow Gold Hallmarking,Assaying & Hallmarking,https://www.manakonline.in/MANAK/AHCListForWebsite
HALLMARKING,HM-00519,,421,AHC-ERO-RAHC-R-700672,Sree Ganapati Hallmarking Centre,ERO/RAHC/R-700672,"Ruma Sweets Building, Nachan Road, Benachity,Durgapur, Paschim Bardhaman, BARDHAMAN, DURGAPUR, WEST BENGAL ,713213",DURGAPUR,BARDHAMAN,WEST BENGAL,713213,ACTIVE,Operative,06/02/2028,"Yellow Gold,Silver Hallmarking",Assaying & Hallmarking,https://www.manakonline.in/MANAK/AHCListForWebsite
HALLMARKING,HM-00520,,422,AHC-ERO-RAHC-R-700672-O1-,Sree Ganapati Hallmarking Centre,ERO/RAHC/R-700672(O1),"Ruma Sweets Building, Nachan Road, Benachity,Durgapur, Paschim Bardhaman, BARDHAMAN, DURGAPUR, WEST BENGAL ,713213",DURGAPUR,BARDHAMAN,WEST BENGAL,713213,ACTIVE,Operative,06/02/2028,"Yellow Gold,Silver Hallmarking",Assaying & Hallmarking,https://www.manakonline.in/MANAK/AHCListForWebsite
HALLMARKING,HM-00521,,423,AHC-ERO-RAHC-R-700674,S A HALLMARKING CENTRE,ERO/RAHC/R-700674,"Holding No. 220, Poddar Para Mahalla, Poddar Para,Bankura, West Bengal 722101, BANKURA, BANKURA, WEST BENGAL ,722101",BANKURA,BANKURA,WEST BENGAL,722101,ACTIVE,Operative,17/02/2028,Yellow Gold Hallmarking,Assaying & Hallmarking,https://www.manakonline.in/MANAK/AHCListForWebsite
HALLMARKING,HM-00522,,424,AHC-ERO-RAHC-R-700676,MAKALI HALLMARKING CENTRE,ERO/RAHC/R-700676,"34, CUNNING HUM ROAD, NAIHATINORTH 24 PARGANAS, PIN-743165, W.B., NORTH 24 PARGANAS, NAIHATI, WEST BENGAL ,743165",NAIHATI,NORTH 24 PARGANAS,WEST BENGAL,743165,ACTIVE,Operative,27/02/2028,Yellow Gold Hallmarking,Assaying & Hallmarking,https://www.manakonline.in/MANAK/AHCListForWebsite
HALLMARKING,HM-00523,,425,AHC-ERO-RAHC-R-700677,SRI GANESH HALLMARKING CENTRE,ERO/RAHC/R-700677,"28/65(B)/25, B S ROADPOST: MALDA, PS: ENGLISH BAZAR, MALDAH, MALDA, WEST BENGAL ,732101",MALDA,MALDAH,WEST BENGAL,732101,ACTIVE,Operative,04/03/2028,Gold Hallmarking,Assaying & Hallmarking,https://www.manakonline.in/MANAK/AHCListForWebsite
HALLMARKING,HM-00524,,426,AHC-ERO-RAHC-R-700678,SRI GANESH HALLMARKING CENTRE RAIGANJ,ERO/RAHC/R-700678,"2ND FLOOR, UKILPARANEAR PUBLIC BUS STAND, UTTAR DINAJPUR, RAIGANJ, WEST BENGAL ,733134",RAIGANJ,UTTAR DINAJPUR,WEST BENGAL,733134,ACTIVE,Operative,24/03/2028,Yellow Gold Hallmarking,Assaying & Hallmarking,https://www.manakonline.in/MANAK/AHCListForWebsite
HALLMARKING,HM-00525,,427,AHC-ERO-RAHC-R-700679,DK ASSAYING & HALLMARKING CENTRE,ERO/RAHC/R-700679,"GOLAPBAG, WARD NO.-10, BRAHMA MANDIR SAHI, MAYURBHANJ, BARIPADA, ODISHA ,757001",BARIPADA,MAYURBHANJ,ODISHA,757001,SUSPENDED,Under Suspension,25/03/2028,"Gold,Yellow Gold Hallmarking",Assaying & Hallmarking,https://www.manakonline.in/MANAK/AHCListForWebsite
HALLMARKING,HM-00526,,428,AHC-ERO-RAHC-R-700680,RADHAKRISHNA ASSAYING AND HALLLMARKING CENTRE,ERO/RAHC/R-700680,"645/293, ITENDA ROAD,NORTH 24 PARGANAS, WEST BENGAL, NORTH 24 PARGANAS, BASIRHAT, WEST BENGAL ,743411",BASIRHAT,NORTH 24 PARGANAS,WEST BENGAL,743411,SUSPENDED,Under Suspension,21/04/2028,Yellow Gold Hallmarking,Assaying & Hallmarking,https://www.manakonline.in/MANAK/AHCListForWebsite
HALLMARKING,HM-00527,,429,AHC-ERO-RAHC-R-700680-O1-,RADHAKRISHNA ASSAYING AND HALLLMARKING CENTRE,ERO/RAHC/R-700680(O1),"645/293, ITENDA ROAD,NORTH 24 PARGANAS, WEST BENGAL, NORTH 24 PARGANAS, BASIRHAT, WEST BENGAL ,743411",BASIRHAT,NORTH 24 PARGANAS,WEST BENGAL,743411,SUSPENDED,Under Suspension,21/04/2028,Yellow Gold Hallmarking,Assaying & Hallmarking,https://www.manakonline.in/MANAK/AHCListForWebsite
HALLMARKING,HM-00529,,430,AHC-ERO-RAHC-R-700683,LOKENATH ASSAY CENTRE,ERO/RAHC/R-700683,"157/4, G.T ROAD,SHEORAPPHULYHOOGHLY-712223, HOOGHLY, SHEORAPHULI, WEST BENGAL ,712223",SHEORAPHULI,HOOGHLY,WEST BENGAL,712223,ACTIVE,Operative,15/01/2028,Yellow Gold Hallmarking,Assaying & Hallmarking,https://www.manakonline.in/MANAK/AHCListForWebsite
HALLMARKING,HM-00530,,431,AHC-ERO-RAHC-R-700684,SHIVGURU HALLMARKING CENTRE,ERO/RAHC/R-700684,"1ST FLOOR, TRIVEDI COMPLEXPURANA CHOWK,BUXAR, BUXAR, BUXAR, BIHAR ,802101",BUXAR,BUXAR,BIHAR,802101,ACTIVE,Operative,13/12/2025,Yellow Gold Hallmarking,Assaying & Hallmarking,https://www.manakonline.in/MANAK/AHCListForWebsite
HALLMARKING,HM-00531,,432,AHC-ERO-RAHC-R-700685,SHYAMA HALLMARKING CENTRE,ERO/RAHC/R-700685,"32 SASHI BHUSAN DEY STREET,KOLKATA-700012, KOLKATA, BOWBAZAR (KOLKATA), WEST BENGAL ,700012",BOWBAZAR (KOLKATA),KOLKATA,WEST BENGAL,700012,ACTIVE,Operative,12/05/2028,Yellow Gold Hallmarking,Assaying & Hallmarking,https://www.manakonline.in/MANAK/AHCListForWebsite
HALLMARKING,HM-00532,,433,AHC-ERO-RAHC-R-700686,R B R HALLMARKING CENTRE,ERO/RAHC/R-700686,"1ST & 2ND FLOOR, NAGESWAR COLONY,BAKARGANJ, PATNA 800004, PATNA, PATNA CITY, BIHAR ,800004",PATNA CITY,PATNA,BIHAR,800004,ACTIVE,Operative,18/06/2025,Gold & Silver Both Hallmarking,Assaying & Hallmarking,https://www.manakonline.in/MANAK/AHCListForWebsite
HALLMARKING,HM-00533,,434,AHC-ERO-RAHC-R-700687,SHREE HALLMARK AND ASSAY CENTRE,ERO/RAHC/R-700687,"VILL GRAKAMALPUR PO. MAHISHADALEAST MEDNIPUR, PURBA MEDINIPUR, MAHISADAL, WEST BENGAL ,721628",MAHISADAL,PURBA MEDINIPUR,WEST BENGAL,721628,ACTIVE,Operative,18/06/2028,Yellow Gold Hallmarking,Assaying & Hallmarking,https://www.manakonline.in/MANAK/AHCListForWebsite
HALLMARKING,HM-00534,,435,AHC-ERO-RAHC-R-700688,Vijay Assay Hallmarking Centre,ERO/RAHC/R-700688,"1st Floor,H.No.1258 ,Jagdamba Sahay Lane,Upper Bazar,Ranchi-834001, RANCHI, RANCHI G.P.O., JHARKHAND ,834001",RANCHI G.P.O,RANCHI,JHARKHAND,834001,ACTIVE,Operative,18/06/2028,Yellow Gold Hallmarking,Assaying & Hallmarking,https://www.manakonline.in/MANAK/AHCListForWebsite
HALLMARKING,HM-00535,,436,AHC-ERO-RAHC-R-700690,MAA TARA HM CENTER PRIVATE LIMITED,ERO/RAHC/R-700690,"WARD NO.38, HOLDING NO-4, KHASRA NO-331MANIHARI PATTI LANE, SUJAGANJ, BHAGALPUR - 812002, BHAGALPUR, BHAGALPUR, BIHAR ,812002",BHAGALPUR,BHAGALPUR,BIHAR,812002,ACTIVE,Operative,10/07/2025,Yellow Gold Hallmarking,Assaying & Hallmarking,https://www.manakonline.in/MANAK/AHCListForWebsite
HALLMARKING,HM-00536,,437,AHC-ERO-RAHC-R-700691,Balajee Hallmarking Centre,ERO/RAHC/R-700691,"136/45/40, 1st floorDr. R.C. Banerjee lane, BARDHAMAN, ASANSOL, WEST BENGAL ,713301",ASANSOL,BARDHAMAN,WEST BENGAL,713301,ACTIVE,Operative,14/07/2025,Gold & Silver Both Hallmarking,Assaying & Hallmarking,https://www.manakonline.in/MANAK/AHCListForWebsite
HALLMARKING,HM-00537,,438,AHC-ERO-RAHC-R-700692,MAA NACHINDA HALLMARKING CENTRE,ERO/RAHC/R-700692,"1ST FLOOR, UDHDHAKHALI BAZAR,HERIA, PURBA MEDINIPUR, KHEJURI, WEST BENGAL ,721430",KHEJURI,PURBA MEDINIPUR,WEST BENGAL,721430,ACTIVE,Operative,04/08/2028,Yellow Gold Hallmarking,Assaying & Hallmarking,https://www.manakonline.in/MANAK/AHCListForWebsite
HALLMARKING,HM-00538,,439,AHC-ERO-RAHC-R-700692-O1-,MAA NACHINDA HALLMARKING CENTRE,ERO/RAHC/R-700692(O1),"1ST FLOOR, UDHDHAKHALI BAZAR,HERIA, PURBA MEDINIPUR, KHEJURI, WEST BENGAL ,721430",KHEJURI,PURBA MEDINIPUR,WEST BENGAL,721430,ACTIVE,Operative,04/08/2028,Yellow Gold Hallmarking,Assaying & Hallmarking,https://www.manakonline.in/MANAK/AHCListForWebsite
HALLMARKING,HM-00540,,440,AHC-ERO-RAHC-R-700694,JHUMKA HALLMARKING & ASSAYING CENTRE,ERO/RAHC/R-700694,"BAGNAN STATION ROAD, BERABERIANORTH BAGNAN, HOWRAH, BAGNAN, WEST BENGAL ,711303",BAGNAN,HOWRAH,WEST BENGAL,711303,ACTIVE,Operative,12/08/2028,Gold Hallmarking,Assaying & Hallmarking,https://www.manakonline.in/MANAK/AHCListForWebsite
HALLMARKING,HM-00543,,441,AHC-ERO-RAHC-R-700697,SRIHARI ASSAYING AND HALLMARKING CENTRE,ERO/RAHC/R-700697,"01ST FLOOR, 47/1 K B BASU ROAD, GOBINDA BARACKBARASAT, NORTH 24 PARGANAS, BARASAT, WEST BENGAL ,700124",BARASAT,NORTH 24 PARGANAS,WEST BENGAL,700124,ACTIVE,Operative,18/09/2028,"Yellow Gold,Silver Hallmarking",Assaying & Hallmarking,https://www.manakonline.in/MANAK/AHCListForWebsite
HALLMARKING,HM-00544,,442,AHC-ERO-RAHC-R-700699,IMPERIAL HALLMARKING LLP,ERO/RAHC/R-700699,"SIDDHA PARK , 99 A PARK STREET1ST FLOOR, KOLKATA, PARK STREET, WEST BENGAL ,700016",PARK STREET,KOLKATA,WEST BENGAL,700016,ACTIVE,Operative,20/10/2028,Gold & Silver Both Hallmarking,Assaying & Hallmarking,https://www.manakonline.in/MANAK/AHCListForWebsite
HALLMARKING,HM-00545,,443,AHC-ERO-RAHC-R-700700,TARINI HALLMARKING CENTRE,ERO/RAHC/R-700700,"3RD FLOOR, BHATIA UNIT -4, VYASANAGAR, JAJPUR ROAD, JAJPUR, JAJPUR, ODISHA ,755019",JAJPUR,JAJPUR,ODISHA,755019,ACTIVE,Operative,03/12/2028,Yellow Gold Hallmarking,Assaying & Hallmarking,https://www.manakonline.in/MANAK/AHCListForWebsite
HALLMARKING,HM-00546,,444,AHC-ERO-RAHC-R-700701,SHUBHAM HALLMARKING CENTRE,ERO/RAHC/R-700701,"59/1, AMBAGAN COLONY, NEAR BANKIM MANCH,KOLKATA-700090, KOLKATA, SENHATI, WEST BENGAL ,700090",SENHATI,KOLKATA,WEST BENGAL,700090,ACTIVE,Operative,04/12/2028,Yellow Gold Hallmarking,Assaying & Hallmarking,https://www.manakonline.in/MANAK/AHCListForWebsite
HALLMARKING,HM-00547,,445,AHC-ERO-RAHC-R-700702,GAURI VISHVANATH ASSAYING AND HALLMARKING CENTRE,ERO/RAHC/R-700702,"WARD NO.-26 MADAR DARWZAANDAR NAGARPALIKA, ROHTAS, SASARAM, BIHAR ,821115",SASARAM,ROHTAS,BIHAR,821115,ACTIVE,Operative,22/01/2029,Yellow Gold Hallmarking,Assaying & Hallmarking,https://www.manakonline.in/MANAK/AHCListForWebsite
HALLMARKING,HM-00548,,446,AHC-ERO-RAHC-R-700703,Karat Hallmarking,ERO/RAHC/R-700703,"5,kannulal lane,1st floorBara bazar, KOLKATA, BARABAZAR, WEST BENGAL ,700007",BARABAZAR,KOLKATA,WEST BENGAL,700007,ACTIVE,Operative,11/01/2029,"Yellow Gold,Silver,Yellow Gold,Silver Hallmarking",Assaying & Hallmarking,https://www.manakonline.in/MANAK/AHCListForWebsite
HALLMARKING,HM-00550,,447,AHC-ERO-RAHC-R-700706,Sri Pandurang Hallmark Center,ERO/RAHC/R-700706,"Ganesh Market, Premises No. 121 Chawk Chandni1st floor Kalna, BARDHAMAN, KALNA, WEST BENGAL ,713409",KALNA,BARDHAMAN,WEST BENGAL,713409,ACTIVE,Operative,27/01/2029,Yellow Gold Hallmarking,Assaying & Hallmarking,https://www.manakonline.in/MANAK/AHCListForWebsite
HALLMARKING,HM-00551,,448,AHC-ERO-RAHC-R-700707,K K HALLMARKING CENTRE,ERO/RAHC/R-700707,"WARD NO-4,484, P.C. SEN SARANI,P.O & P.S- ARAMBAGHHOOGHLY (W.B.)- 712601, HOOGHLY, ARAMBAGH, WEST BENGAL ,712601",ARAMBAGH,HOOGHLY,WEST BENGAL,712601,ACTIVE,Operative,13/02/2029,Yellow Gold Hallmarking,Assaying & Hallmarking,https://www.manakonline.in/MANAK/AHCListForWebsite
HALLMARKING,HM-00552,,449,AHC-ERO-RAHC-R-700708,SRI BALAJI ASSAYING AND HALLMARKING CENTRE,ERO/RAHC/R-700708,"GROUND FLOOR, NO. 5, MECHHUA BAZAR LANEPO: KHAGRA, PS: BERHAMPORE, MURSHIDABAD, BERHAMPORE (WB), WEST BENGAL ,742103",BERHAMPORE (WB),MURSHIDABAD,WEST BENGAL,742103,ACTIVE,Operative,16/02/2029,Yellow Gold Hallmarking,Assaying & Hallmarking,https://www.manakonline.in/MANAK/AHCListForWebsite
HALLMARKING,HM-00553,,450,AHC-ERO-RAHC-R-700709,A N HALLMARKING CENTRE,ERO/RAHC/R-700709,"WARD NO 19, 307, NAMOPARA, A K SARKAR ROAD,RAJASTHAN TRANSPORT GALLI, PURULIA., PURULIA, PURULIA, WEST BENGAL ,723103",PURULIA,PURULIA,WEST BENGAL,723103,ACTIVE,Operative,03/03/2029,Yellow Gold Hallmarking,Assaying & Hallmarking,https://www.manakonline.in/MANAK/AHCListForWebsite
HALLMARKING,HM-00554,,451,AHC-ERO-RAHC-R-700711,DEYS HALLMARKING CENTRE,ERO/RAHC/R-700711,"BENEPARA, DHOBAPARA, PANDUA,Distt: HOOGHLY, WEST BENGAL, PIN- 712149, HOOGHLY, PANDUA, WEST BENGAL ,712149",PANDUA,HOOGHLY,WEST BENGAL,712149,ACTIVE,Operative,02/07/2029,Yellow Gold Hallmarking,Assaying & Hallmarking,https://www.manakonline.in/MANAK/AHCListForWebsite
HALLMARKING,HM-00556,,452,AHC-ERO-RAHC-R-700713,RISHI HALLMARKING CENTRE,ERO/RAHC/R-700713,"VILLAGE-TANTIPARA,P.O-AURANGABAD,P.S-SUTI,, MURSHIDABAD, AURANGABAD (MURSHIDABAD), WEST BENGAL ,742201",AURANGABAD (MURSHIDABAD),MURSHIDABAD,WEST BENGAL,742201,ACTIVE,Operative,06/07/2029,Yellow Gold Hallmarking,Assaying & Hallmarking,https://www.manakonline.in/MANAK/AHCListForWebsite
HALLMARKING,HM-00557,,453,AHC-ERO-RAHC-R-700714,BALAJI HALLMARKING & ASSAYING CENTRE,ERO/RAHC/R-700714,"2C,REFUGEE LANE,BOWBAZAR,KOLKATA,WEST BENGAL700012, KOLKATA, BOWBAZAR (KOLKATA), WEST BENGAL ,700012",BOWBAZAR (KOLKATA),KOLKATA,WEST BENGAL,700012,ACTIVE,Operative,12/08/2029,Yellow Gold Hallmarking,Assaying & Hallmarking,https://www.manakonline.in/MANAK/AHCListForWebsite
HALLMARKING,HM-00559,,454,AHC-ERO-RAHC-R-700716,NALANDA HALLMARKING CENTRE,ERO/RAHC/R-700716,"1ST FLOOR, MAA YASHODHA COMPLEX, SONARPATI, STATIONAWADA, NAWADA, NAWADA KUTCHERY, BIHAR ,805110",NAWADA KUTCHERY,NAWADA,BIHAR,805110,ACTIVE,Operative,27/09/2026,Yellow Gold Hallmarking,Assaying & Hallmarking,https://www.manakonline.in/MANAK/AHCListForWebsite
HALLMARKING,HM-00560,,455,AHC-ERO-RAHC-R-700717,MS TSK HALLMARKING AND ASSAYCENTRE,ERO/RAHC/R-700717,"GRAM UKILPATTI MAUJA, BOLPUR (ANSHA), 9, WARD NO.BOLPUR, BIRBHUM- 731204, BIRBHUM, BOLPUR, WEST BENGAL ,731204",BOLPUR,BIRBHUM,WEST BENGAL,731204,ACTIVE,Operative,06/10/2026,Yellow Gold Hallmarking,Assaying & Hallmarking,https://www.manakonline.in/MANAK/AHCListForWebsite
HALLMARKING,HM-00561,,456,AHC-ERO-RAHC-R-700718,SUMAN HALLMARKING CENTRE,ERO/RAHC/R-700718,"SAIYADPUR, PURBA MEDINIPUR, RAMNAGAR (EAST MIDNAPORE), WEST BENGAL ,721441",RAMNAGAR (EAST MIDNAPORE),PURBA MEDINIPUR,WEST BENGAL,721441,ACTIVE,Operative,20/10/2026,Yellow Gold Hallmarking,Assaying & Hallmarking,https://www.manakonline.in/MANAK/AHCListForWebsite
HALLMARKING,HM-00562,,457,AHC-ERO-RAHC-R-700718-O1-,SUMAN HALLMARKING CENTRE,ERO/RAHC/R-700718(O1),"SAIYADPUR, PURBA MEDINIPUR, RAMNAGAR (EAST MIDNAPORE), WEST BENGAL ,721441",RAMNAGAR (EAST MIDNAPORE),PURBA MEDINIPUR,WEST BENGAL,721441,ACTIVE,Operative,20/10/2026,Yellow Gold Hallmarking,Assaying & Hallmarking,https://www.manakonline.in/MANAK/AHCListForWebsite
HALLMARKING,HM-00563,,458,AHC-ERO-RAHC-R-700719,H L HALLMARKING CENTRE,ERO/RAHC/R-700719,"645/298, WARD NO - 11, BASIRHATDIST - NORTH 24 PARGANS, NORTH 24 PARGANAS, BASIRHAT, WEST BENGAL ,743412",BASIRHAT,NORTH 24 PARGANAS,WEST BENGAL,743412,ACTIVE,Operative,23/10/2026,Yellow Gold Hallmarking,Assaying & Hallmarking,https://www.manakonline.in/MANAK/AHCListForWebsite
HALLMARKING,HM-00564,,459,AHC-ERO-RAHC-R-700720,LOKENATH ASSAY CENTRE,ERO/RAHC/R-700720,"G P COMPLEX, 1ST FLOOR, HOLDING NO. 858TUFANGANJ MAIN ROAD, COOCHBEHAR- 736159, COOCH BEHAR, TUFANGANJ, WEST BENGAL ,736159",TUFANGANJ,COOCH BEHAR,WEST BENGAL,736159,ACTIVE,Operative,22/09/2027,Yellow Gold Hallmarking,Assaying & Hallmarking,https://www.manakonline.in/MANAK/AHCListForWebsite
HALLMARKING,HM-00565,,460,AHC-ERO-RAHC-R-700721,BOMBAY ASSAY COMPANY,ERO/RAHC/R-700721,"No GJB 3C6 3rd Floor of SDF B BlockGems and Jewellery Park, Ankurhati, HOWRAH, HOWRAH, WEST BENGAL ,711409",HOWRAH,HOWRAH,WEST BENGAL,711409,ACTIVE,Operative,15/12/2026,"Gold,Yellow Gold,Silver Hallmarking",Assaying & Hallmarking,https://www.manakonline.in/MANAK/AHCListForWebsite
HALLMARKING,HM-00567,,461,AHC-ERO-RAHC-R-700724,ALANKAR HALLMARK AND TUNCH CENTER,ERO/RAHC/R-700724,"WARD NO. 13, RATAN CHOWKJANKISTHAN, SONAPATTI ROAD, SITAMARHI, SITAMARHI, SITAMARHI, BIHAR ,843302",SITAMARHI,SITAMARHI,BIHAR,843302,ACTIVE,Operative,12/04/2027,Yellow Gold Hallmarking,Assaying & Hallmarking,https://www.manakonline.in/MANAK/AHCListForWebsite
HALLMARKING,HM-00568,,462,AHC-ERO-RAHC-R-7010562,MA TARA ASSAY CENTRE,ERO/RAHC/R-7010562,"39D,1st floorBeninandan street, Kolkata,, KOLKATA, KALIGHAT, WEST BENGAL ,700025",KALIGHAT,KOLKATA,WEST BENGAL,700025,ACTIVE,Operative,22/08/2028,"Yellow Gold,Silver,Gold & Silver Both Hallmarking",Assaying & Hallmarking,https://www.manakonline.in/MANAK/AHCListForWebsite
HALLMARKING,HM-00569,,463,AHC-ERO-RAHC-R-7010562-O1-,Ma Tara Assay Centre,ERO/RAHC/R-7010562(O1),"39D,1st floorBeninandan street, Kolkata,, KOLKATA, KALIGHAT, WEST BENGAL ,700025",KALIGHAT,KOLKATA,WEST BENGAL,700025,ACTIVE,Operative,22/08/2028,"Yellow Gold,Silver,Gold & Silver Both Hallmarking",Assaying & Hallmarking,https://www.manakonline.in/MANAK/AHCListForWebsite
HALLMARKING,HM-00570,,464,AHC-ERO-RAHC-R-7011309,R K ASSAYING & HALLMARKING CENTRE,ERO/RAHC/R-7011309,"1,KANNU LAL LANEBARABAZAR, KOLKATA, BARABAZAR, WEST BENGAL ,700007",BARABAZAR,KOLKATA,WEST BENGAL,700007,ACTIVE,Operative,05/07/2029,"Yellow Gold,Silver Hallmarking",Assaying & Hallmarking,https://www.manakonline.in/MANAK/AHCListForWebsite
HALLMARKING,HM-00571,,465,AHC-ERO-RAHC-R-7011366,A ONE HALLMARKING CENTER,ERO/RAHC/R-7011366,"12 10/1, S.N BANERJEE ROAD. BARRACKPORE.North 24 Parganas, West Bengal, 700120, NORTH 24 PARGANAS, BARRACKPORE, WEST BENGAL ,700120",BARRACKPORE,NORTH 24 PARGANAS,WEST BENGAL,700120,ACTIVE,Operative,13/08/2028,Yellow Gold Hallmarking,Assaying & Hallmarking,https://www.manakonline.in/MANAK/AHCListForWebsite
HALLMARKING,HM-00572,,466,AHC-ERO-RAHC-R-7011864,R N HALLMARKING,ERO/RAHC/R-7011864,"12/1 SAKARA PARA LANE, KOLKATA, BOWBAZAR (KOLKATA), WEST BENGAL ,700012",BOWBAZAR (KOLKATA),KOLKATA,WEST BENGAL,700012,ACTIVE,Operative,20/05/2028,Yellow Gold Hallmarking,Assaying & Hallmarking,https://www.manakonline.in/MANAK/AHCListForWebsite
HALLMARKING,HM-00573,,467,AHC-ERO-RAHC-R-7012087,LAXMI HALLMARKING CENTRE,ERO/RAHC/R-7012087,"14,GARANHATTA STREET,2ND FLOOR,KOLKATA-700006, KOLKATA, BAGHBAZAR, WEST BENGAL ,700006",BAGHBAZAR,KOLKATA,WEST BENGAL,700006,ACTIVE,Operative,13/07/2025,Yellow Gold Hallmarking,Assaying & Hallmarking,https://www.manakonline.in/MANAK/AHCListForWebsite
HALLMARKING,HM-00574,,468,AHC-ERO-RAHC-R-7013267,Vijay Hallmarking,ERO/RAHC/R-7013267,"202/C, Bipin Behari Ganguly Street, KOLKATA, BOWBAZAR (KOLKATA), WEST BENGAL ,700012",BOWBAZAR (KOLKATA),KOLKATA,WEST BENGAL,700012,ACTIVE,Operative,19/05/2028,Gold Hallmarking,Assaying & Hallmarking,https://www.manakonline.in/MANAK/AHCListForWebsite
HALLMARKING,HM-00575,,469,AHC-ERO-RAHC-R-7014199,SACHIN HALLMARKING CENTRE,ERO/RAHC/R-7014199,"GROUND FLOOR,0,1/S/88,B.T ROAD(THAKUR CORNER),PANIHATI NORTH 24 PARGANAS,WEST BENGAL,700114, NORTH 24 PARGANAS, SODEPUR, WEST BENGAL ,700114",SODEPUR,NORTH 24 PARGANAS,WEST BENGAL,700114,ACTIVE,Operative,09/02/2028,Yellow Gold Hallmarking,Assaying & Hallmarking,https://www.manakonline.in/MANAK/AHCListForWebsite
HALLMARKING,HM-00576,,470,AHC-ERO-RAHC-R-7014199-O1-,SACHIN HALLMARKING CENTRE,ERO/RAHC/R-7014199(O1),"GROUND FLOOR,0,1/S/88,B.T ROAD(THAKUR CORNER),PANIHATI NORTH 24 PARGANAS,WEST BENGAL,700114, NORTH 24 PARGANAS, SODEPUR, WEST BENGAL ,700114",SODEPUR,NORTH 24 PARGANAS,WEST BENGAL,700114,ACTIVE,Operative,09/02/2028,Yellow Gold Hallmarking,Assaying & Hallmarking,https://www.manakonline.in/MANAK/AHCListForWebsite
HALLMARKING,HM-00577,,471,AHC-ERO-RAHC-R-7015885,PAWAR HALLMARKING LLP,ERO/RAHC/R-7015885,"1st Floor,172,B.B.Ganguly StreetKolkata, PIN-700012, KOLKATA, BOWBAZAR (KOLKATA), WEST BENGAL ,700012",BOWBAZAR (KOLKATA),KOLKATA,WEST BENGAL,700012,ACTIVE,Operative,08/10/2028,Gold Hallmarking,Assaying & Hallmarking,https://www.manakonline.in/MANAK/AHCListForWebsite
HALLMARKING,HM-00578,,472,AHC-ERO-RAHC-R-7015971,GEETA HALLMARKING CENTRE,ERO/RAHC/R-7015971,"SCHEME-XLII-BLOCK'A', P2,KALAKAR STREET,KOLKATA,, KOLKATA, KALAKAR STREET, WEST BENGAL ,700007",KALAKAR STREET,KOLKATA,WEST BENGAL,700007,ACTIVE,Operative,06/05/2028,Yellow Gold Hallmarking,Assaying & Hallmarking,https://www.manakonline.in/MANAK/AHCListForWebsite
HALLMARKING,HM-00579,,473,AHC-ERO-RAHC-R-7015987,J B HALLMARKING CENTER,ERO/RAHC/R-7015987,"36,GROUND FLOOR,GARANHATTA, KOLKATA, BEADON STREET, WEST BENGAL ,700006",BEADON STREET,KOLKATA,WEST BENGAL,700006,ACTIVE,Operative,11/01/2027,Yellow Gold Hallmarking,Assaying & Hallmarking,https://www.manakonline.in/MANAK/AHCListForWebsite
HALLMARKING,HM-00580,,474,AHC-ERO-RAHC-R-7016553,SITARAM HALLMARKING CENTRE,ERO/RAHC/R-7016553,"4/2, FERN ROAD, KOLKATA, BALLYGUNGE, WEST BENGAL ,700019",BALLYGUNGE,KOLKATA,WEST BENGAL,700019,SUSPENDED,Under Suspension,16/12/2028,Gold Hallmarking,Assaying & Hallmarking,https://www.manakonline.in/MANAK/AHCListForWebsite
HALLMARKING,HM-00581,,475,AHC-ERO-RAHC-R-7017656,GANESH HALLMARKING CENTER,ERO/RAHC/R-7017656,"23 MAILING ADDRESS AT 27/3ROY BAHADUR ROAD BEHALA, KOLKATA, BEHALA, WEST BENGAL ,700034",BEHALA,KOLKATA,WEST BENGAL,700034,SUSPENDED,Under Suspension,11/09/2026,Yellow Gold Hallmarking,Assaying & Hallmarking,https://www.manakonline.in/MANAK/AHCListForWebsite
HALLMARKING,HM-00582,,476,AHC-ERO-RAHC-R-7017958,SPRIHA HALLMARKING CENTER,ERO/RAHC/R-7017958,"1st and 2nd FLOOR,1/1, FAKIR CHAKRABORTY LANE, KOLKATA, KOLKATA, WEST BENGAL ,700006",KOLKATA,KOLKATA,WEST BENGAL,700006,ACTIVE,Operative,09/12/2028,Yellow Gold Hallmarking,Assaying & Hallmarking,https://www.manakonline.in/MANAK/AHCListForWebsite
HALLMARKING,HM-00583,,477,AHC-ERO-RAHC-R-7018453,KALIKA HALLMARKING & ASSAY CENTRE,ERO/RAHC/R-7018453,"2/1 Kannu Lal Lane, Ground Floor, Burrabazar, KOLKATA, BARABAZAR, WEST BENGAL ,700007",BARABAZAR,KOLKATA,WEST BENGAL,700007,ACTIVE,Operative,03/05/2029,Gold Hallmarking,Assaying & Hallmarking,https://www.manakonline.in/MANAK/AHCListForWebsite
HALLMARKING,HM-00584,,478,AHC-ERO-RAHC-R-7019186,MAKALI HALLMARKING CENTRE,ERO/RAHC/R-7019186,"0,8D,0,ROY BAHADUR ROAD BEHALAKOLKATA WEST BENGAL 700034, KOLKATA, BEHALA, WEST BENGAL ,700034",BEHALA,KOLKATA,WEST BENGAL,700034,SUSPENDED,Under Suspension,04/06/2029,Yellow Gold Hallmarking,Assaying & Hallmarking,https://www.manakonline.in/MANAK/AHCListForWebsite
HALLMARKING,HM-00586,,479,AHC-ERO-RAHC-R-7021032,Barasat Hallmarking And Refinery A Unit Of S J gold Services LLP,ERO/RAHC/R-7021032,"K.B.Basu Road,barasat, NORTH 24 PARGANAS, BARASAT, WEST BENGAL ,700124",BARASAT,NORTH 24 PARGANAS,WEST BENGAL,700124,ACTIVE,Operative,21/09/2026,Yellow Gold Hallmarking,Assaying & Hallmarking,https://www.manakonline.in/MANAK/AHCListForWebsite
HALLMARKING,HM-00587,,480,AHC-ERO-RAHC-R-7021032-O1-,Barasat Hallmarking And Refinery A Unit Of S J gold Services LLP,ERO/RAHC/R-7021032(O1),"K.B.Basu Road,barasat, NORTH 24 PARGANAS, BARASAT, WEST BENGAL ,700124",BARASAT,NORTH 24 PARGANAS,WEST BENGAL,700124,ACTIVE,Operative,21/09/2026,Yellow Gold Hallmarking,Assaying & Hallmarking,https://www.manakonline.in/MANAK/AHCListForWebsite
HALLMARKING,HM-00588,,481,AHC-ERO-RAHC-R-7021455,A J Hallmarking Centre,ERO/RAHC/R-7021455,"23/39,Gariahat Road, KOLKATA, BALLYGUNGE, WEST BENGAL ,700029",BALLYGUNGE,KOLKATA,WEST BENGAL,700029,ACTIVE,Operative,04/04/2029,Yellow Gold Hallmarking,Assaying & Hallmarking,https://www.manakonline.in/MANAK/AHCListForWebsite
HALLMARKING,HM-00589,,482,AHC-ERO-RAHC-R-7021966,VIRAT HALLMARKING CENTRE,ERO/RAHC/R-7021966,"1st Floor40, Burtolla Street, Kolkata, KOLKATA, BARABAZAR, WEST BENGAL ,700007",BARABAZAR,KOLKATA,WEST BENGAL,700007,ACTIVE,Operative,22/06/2029,Yellow Gold Hallmarking,Assaying & Hallmarking,https://www.manakonline.in/MANAK/AHCListForWebsite
HALLMARKING,HM-00590,,483,AHC-ERO-RAHC-R-7023794,ROYAL HALLMARKING,ERO/RAHC/R-7023794,"7/1/1, Gour Dey Lane,Bowbazar,, KOLKATA, BOWBAZAR (KOLKATA), WEST BENGAL ,700012",BOWBAZAR (KOLKATA),KOLKATA,WEST BENGAL,700012,ACTIVE,Operative,07/09/2028,Gold Hallmarking,Assaying & Hallmarking,https://www.manakonline.in/MANAK/AHCListForWebsite
HALLMARKING,HM-00591,,484,AHC-ERO-RAHC-R-7024697,G M B HALLMARKING CENTER,ERO/RAHC/R-7024697,"3RD FLOOR7A FAKIR CHAKRABORTY LANE, KOLKATA, KOLKATA, WEST BENGAL ,700006",KOLKATA,KOLKATA,WEST BENGAL,700006,ACTIVE,Operative,19/08/2028,Gold & Silver Both Hallmarking,Assaying & Hallmarking,https://www.manakonline.in/MANAK/AHCListForWebsite
HALLMARKING,HM-00592,,485,AHC-ERO-RAHC-R-7024777,SIDHNATH HALLMARKING CENTRE,ERO/RAHC/R-7024777,"172, B B GANGULY STREETROMM NO 133,, KOLKATA, BOWBAZAR (KOLKATA), WEST BENGAL ,700012",BOWBAZAR (KOLKATA),KOLKATA,WEST BENGAL,700012,OTHER,Deferred,19/06/2026,Gold Hallmarking,Assaying & Hallmarking,https://www.manakonline.in/MANAK/AHCListForWebsite
HALLMARKING,HM-00593,,486,AHC-ERO-RAHC-R-7025200,ACE HALLMARKING SERVICES PVT LTD,ERO/RAHC/R-7025200,"P-20, Kasba Industrial EstatePhase-I, KOLKATA, KASBA (KOLKATA), WEST BENGAL ,700107",KASBA (KOLKATA),KOLKATA,WEST BENGAL,700107,ACTIVE,Operative,23/03/2027,"Yellow Gold,Silver Hallmarking",Assaying & Hallmarking,https://www.manakonline.in/MANAK/AHCListForWebsite
HALLMARKING,HM-00594,,487,AHC-ERO-RAHC-R-7025223,J I S M HALLMARKING & REFINERY CENTRE,ERO/RAHC/R-7025223,"106/A, WARD NO. 17, BARUIPUR, UMA CHARAN ROY ROADSOUTH 24 PARGANAS, WEST BENGAL - 700 144, SOUTH 24 PARGANAS, BARUIPUR BAZAR, WEST BENGAL ,700144",BARUIPUR BAZAR,SOUTH 24 PARGANAS,WEST BENGAL,700144,ACTIVE,Operative,10/01/2028,Yellow Gold Hallmarking,Assaying & Hallmarking,https://www.manakonline.in/MANAK/AHCListForWebsite
HALLMARKING,HM-00596,,488,AHC-ERO-RAHC-R-7026398,PRINCE HALLMARKING & REFINERY PVT LTD,ERO/RAHC/R-7026398,"194 BEPIN BEHARY GANGULY STREETBOWBAZAR ,KOLKATA -700012 ,WEST BENGAL ., KOLKATA, BOWBAZAR (KOLKATA), WEST BENGAL ,700012",BOWBAZAR (KOLKATA),KOLKATA,WEST BENGAL,700012,ACTIVE,Operative,08/01/2029,Gold & Silver Both Hallmarking,Assaying & Hallmarking,https://www.manakonline.in/MANAK/AHCListForWebsite
HALLMARKING,HM-00597,,489,AHC-ERO-RAHC-R-7026489,PATIL HALLMARKING CENTRE,ERO/RAHC/R-7026489,"220A, RASH BEHARI AVENUE, KOLKATA, GARIAHAT MARKET, WEST BENGAL ,700019",GARIAHAT MARKET,KOLKATA,WEST BENGAL,700019,ACTIVE,Operative,07/07/2028,Gold & Silver Both Hallmarking,Assaying & Hallmarking,https://www.manakonline.in/MANAK/AHCListForWebsite
HALLMARKING,HM-00598,,490,AHC-ERO-RAHC-R-7027190,OM ASSAY CENTRE,ERO/RAHC/R-7027190,"WARD NO. 22, INO DEBIGARHMADHYAMGRAM, SODEPUR ROAD EAST, NORTH 24 PARGANAS, MADHYAMGRAM, WEST BENGAL ,700129",MADHYAMGRAM,NORTH 24 PARGANAS,WEST BENGAL,700129,ACTIVE,Operative,25/10/2026,"Gold,Yellow Gold Hallmarking",Assaying & Hallmarking,https://www.manakonline.in/MANAK/AHCListForWebsite
HALLMARKING,HM-00599,,491,AHC-ERO-RAHC-R-7027190-O1-,OM ASSAY CENTRE,ERO/RAHC/R-7027190(O1),"WARD NO. 22, INO DEBIGARHMADHYAMGRAM, SODEPUR ROAD EAST, NORTH 24 PARGANAS, MADHYAMGRAM, WEST BENGAL ,700129",MADHYAMGRAM,NORTH 24 PARGANAS,WEST BENGAL,700129,ACTIVE,Operative,25/10/2026,"Gold,Yellow Gold Hallmarking",Assaying & Hallmarking,https://www.manakonline.in/MANAK/AHCListForWebsite
HALLMARKING,HM-00601,,492,AHC-ERO-RAHC-R-7027335,BASANT ASSAYING AND HALLMARKING CENTRE,ERO/RAHC/R-7027335,"400/B/1M,NSC BOSE ROAD8/20 LAXMI NARAYAN COLONY, KOLKATA, NAKTALA, WEST BENGAL ,700047",NAKTALA,KOLKATA,WEST BENGAL,700047,ACTIVE,Operative,09/06/2028,Yellow Gold Hallmarking,Assaying & Hallmarking,https://www.manakonline.in/MANAK/AHCListForWebsite
HALLMARKING,HM-00602,,493,AHC-ERO-RAHC-R-7027439,Prince Hallmarking and Refinery Pvt Ltd,ERO/RAHC/R-7027439,"2, Narayan Prasad Babu Lane,(Entrance 24 No. Burtolla St.) Ground Floor, KOLKATA, BARABAZAR, WEST BENGAL ,700007",BARABAZAR,KOLKATA,WEST BENGAL,700007,ACTIVE,Operative,02/10/2028,"Yellow Gold,Silver Hallmarking",Assaying & Hallmarking,https://www.manakonline.in/MANAK/AHCListForWebsite
HALLMARKING,HM-00603,,494,AHC-ERO-RAHC-R-7027468,Kanak Hallmarking Centre,ERO/RAHC/R-7027468,"18A, Maharshi Debendra Road,4th floor4th Floor, KOLKATA, BARABAZAR, WEST BENGAL ,700007",BARABAZAR,KOLKATA,WEST BENGAL,700007,ACTIVE,Operative,30/10/2026,Yellow Gold Hallmarking,Assaying & Hallmarking,https://www.manakonline.in/MANAK/AHCListForWebsite
HALLMARKING,HM-00604,,495,AHC-ERO-RAHC-R-7027506,JAI MATADI HALLMARKING AND ASSAYING CENTRE,ERO/RAHC/R-7027506,"49A 125A & BBEPIN BEHARY GANGULY STREET BOW BAZAR, KOLKATA, BOWBAZAR (KOLKATA), WEST BENGAL ,700012",BOWBAZAR (KOLKATA),KOLKATA,WEST BENGAL,700012,ACTIVE,Operative,22/03/2029,Yellow Gold Hallmarking,Assaying & Hallmarking,https://www.manakonline.in/MANAK/AHCListForWebsite
HALLMARKING,HM-00605,,496,AHC-ERO-RAHC-R-7027733,TARAKNATH HALLMARKING CENTRE,ERO/RAHC/R-7027733,"2, JADU PANDIT ROADKOLKATA, WEST BENGAL 700006, KOLKATA, CHITTARANJAN AVENUE (KOLKATA), WEST BENGAL ,700006",CHITTARANJAN AVENUE (KOLKATA),KOLKATA,WEST BENGAL,700006,ACTIVE,Operative,16/05/2027,Yellow Gold Hallmarking,Assaying & Hallmarking,https://www.manakonline.in/MANAK/AHCListForWebsite
HALLMARKING,HM-00606,,497,AHC-ERO-RAHC-R-7027880,GOLD PLAZA HALLMARKING CENTER,ERO/RAHC/R-7027880,"26 ADI BANSTALA LANE3RD FLOOR, KOLKATA, BARABAZAR, WEST BENGAL ,700007",BARABAZAR,KOLKATA,WEST BENGAL,700007,ACTIVE,Operative,31/10/2026,Gold & Silver Both Hallmarking,Assaying & Hallmarking,https://www.manakonline.in/MANAK/AHCListForWebsite
HALLMARKING,HM-00607,,498,AHC-ERO-RAHC-R-7028321,SHREE NARAYAN HALLMARKING CENTER,ERO/RAHC/R-7028321,"71, MANAHAR DAS ROADJORASANKO POLICE STATION, BARA BAZAR, KOLKATA, BARABAZAR, WEST BENGAL ,700007",BARABAZAR,KOLKATA,WEST BENGAL,700007,ACTIVE,Operative,27/06/2027,Yellow Gold Hallmarking,Assaying & Hallmarking,https://www.manakonline.in/MANAK/AHCListForWebsite
HALLMARKING,HM-00608,,499,AHC-ERO-RAHC-R-7029029,NEW JHUMKA ASSAYING AND HALLMARKING CENTRE,ERO/RAHC/R-7029029,"4th Floor 16 B Shakespeare SaraniOLD B K MARKET, KOLKATA, KOLKATA, WEST BENGAL ,700071",KOLKATA,KOLKATA,WEST BENGAL,700071,ACTIVE,Operative,05/08/2028,Yellow Gold Hallmarking,Assaying & Hallmarking,https://www.manakonline.in/MANAK/AHCListForWebsite
HALLMARKING,HM-00609,,500,AHC-ERO-RAHC-R-7029390,P M HALLMARKING & ASSAYING CENTRE,ERO/RAHC/R-7029390,"1st floor, 6 natabar dutta row, kolkata1st floor, 6 natabar dutta row, kolkata, KOLKATA, BOWBAZAR (KOLKATA), WEST BENGAL ,700012",BOWBAZAR (KOLKATA),KOLKATA,WEST BENGAL,700012,ACTIVE,Operative,19/03/2029,"Gold,Yellow Gold Hallmarking",Assaying & Hallmarking,https://www.manakonline.in/MANAK/AHCListForWebsite
HALLMARKING,HM-00610,,501,AHC-ERO-RAHC-R-7029567,STAR HALLMARKING CENTRE,ERO/RAHC/R-7029567,"4TH FLOOR, 5 KANNULAL LANE, BURRABAZARKOLKATA, WEST BENGAL-700007, KOLKATA, BOWBAZAR (KOLKATA), WEST BENGAL ,700007",BOWBAZAR (KOLKATA),KOLKATA,WEST BENGAL,700007,ACTIVE,Operative,10/07/2029,Yellow Gold Hallmarking,Assaying & Hallmarking,https://www.manakonline.in/MANAK/AHCListForWebsite
HALLMARKING,HM-00611,,502,AHC-ERO-RAHC-R-7029567-O1-,STAR HALLMARKING CENTRE,ERO/RAHC/R-7029567(O1),"4TH FLOOR, 5 KANNULAL LANE, BURRABAZARKOLKATA, WEST BENGAL-700007, KOLKATA, BOWBAZAR (KOLKATA), WEST BENGAL ,700007",BOWBAZAR (KOLKATA),KOLKATA,WEST BENGAL,700007,ACTIVE,Operative,10/07/2029,Yellow Gold Hallmarking,Assaying & Hallmarking,https://www.manakonline.in/MANAK/AHCListForWebsite
HALLMARKING,HM-00612,,503,AHC-ERO-RAHC-R-7110233,SRI PANDURANG HALLMARK CENTRE,ERO/RAHC/R-7110233,"PANDUA DAS MARKET BENEPARADAG 7072 MOUZA 108 POST PANDUA, HOOGHLY, PANDUA, WEST BENGAL ,712149",PANDUA,HOOGHLY,WEST BENGAL,712149,ACTIVE,Operative,26/12/2027,Yellow Gold Hallmarking,Assaying & Hallmarking,https://www.manakonline.in/MANAK/AHCListForWebsite
HALLMARKING,HM-00614,,504,AHC-ERO-RAHC-R-7111596,BALAJI REFINERY AND HALLMARKING CENTRE,ERO/RAHC/R-7111596,"Dag no 1073 Khatian no 4193 JL No 60Station Road Bagnan, HOWRAH, BAGNAN, WEST BENGAL ,711303",BAGNAN,HOWRAH,WEST BENGAL,711303,ACTIVE,Operative,30/04/2028,Yellow Gold Hallmarking,Assaying & Hallmarking,https://www.manakonline.in/MANAK/AHCListForWebsite
HALLMARKING,HM-00615,,505,AHC-ERO-RAHC-R-7112060,SSR HALLMARKING CENTER,ERO/RAHC/R-7112060,"1244,MANINDRA GOPAL MITRA SARANI, BAGBAZAR,, P.O.AND P.S.-CHANDERNAGORE,HOOGHLY, WEST BENGAL,712136, HOOGHLY, CHANDANNAGAR (HOOGHLY), WEST BENGAL ,712136",CHANDANNAGAR (HOOGHLY),HOOGHLY,WEST BENGAL,712136,SUSPENDED,Under Suspension,09/10/2028,Gold Hallmarking,Assaying & Hallmarking,https://www.manakonline.in/MANAK/AHCListForWebsite
HALLMARKING,HM-00616,,506,AHC-ERO-RAHC-R-7112060-O1-,SSR HALLMARKING CENTER,ERO/RAHC/R-7112060(O1),"1244,MANINDRA GOPAL MITRA SARANI, BAGBAZAR,, P.O.AND P.S.-CHANDERNAGORE,HOOGHLY, WEST BENGAL,712136, HOOGHLY, CHANDANNAGAR (HOOGHLY), WEST BENGAL ,712136",CHANDANNAGAR (HOOGHLY),HOOGHLY,WEST BENGAL,712136,ACTIVE,Operative,09/10/2028,Gold Hallmarking,Assaying & Hallmarking,https://www.manakonline.in/MANAK/AHCListForWebsite
HALLMARKING,HM-00617,,507,AHC-ERO-RAHC-R-7112201,DHARMARAJ HALL MARKING CENTRE,ERO/RAHC/R-7112201,"KALYANI COMPLEX, 14/1N, G.T.ROAD, BARAKARPO BARAKAR, PS KULTI, BARDHAMAN, BALTORIA, WEST BENGAL ,713324",BALTORIA,BARDHAMAN,WEST BENGAL,713324,SUSPENDED,Under Suspension,25/07/2028,Yellow Gold Hallmarking,Assaying & Hallmarking,https://www.manakonline.in/MANAK/AHCListForWebsite
HALLMARKING,HM-00618,,508,AHC-ERO-RAHC-R-7112526,JADHAV HALLMARMARKING CENTRE,ERO/RAHC/R-7112526,"48/1/2 NONADANGA ROADSEORAPHULI, HOOGHLY, SHEORAPHULI, WEST BENGAL ,712223",SHEORAPHULI,HOOGHLY,WEST BENGAL,712223,SUSPENDED,Under Suspension,25/05/2028,Yellow Gold Hallmarking,Assaying & Hallmarking,https://www.manakonline.in/MANAK/AHCListForWebsite
HALLMARKING,HM-00619,,509,AHC-ERO-RAHC-R-7113331,M S JAGADAMBA ASSAY AND HALLMARKING CENTRE,ERO/RAHC/R-7113331,"148 GRAND TRUNK ROADUTTARPARA KOTRUNG, HOOGHLY, UTTARPARA, WEST BENGAL ,712258",UTTARPARA,HOOGHLY,WEST BENGAL,712258,ACTIVE,Operative,05/05/2027,Yellow Gold Hallmarking,Assaying & Hallmarking,https://www.manakonline.in/MANAK/AHCListForWebsite
HALLMARKING,HM-00620,,510,AHC-ERO-RAHC-R-7114697,SHRISHA GOLD ASSAY & HALLMARKING CENTRE,ERO/RAHC/R-7114697,"4th Floor Domjur Business PlazaHowrah Amta Road, Domjur, HOWRAH, DOMJUR, WEST BENGAL ,711405",DOMJUR,HOWRAH,WEST BENGAL,711405,ACTIVE,Operative,10/12/2028,Gold & Silver Both Hallmarking,Assaying & Hallmarking,https://www.manakonline.in/MANAK/AHCListForWebsite
HALLMARKING,HM-00622,,511,AHC-ERO-RAHC-R-7116988,ATISH HALLMARKING & ASSAYING CENTRE,ERO/RAHC/R-7116988,"BAGNAN STATION ROAD NORTH,BAGNAN,, HOWRAH, BAGNAN, WEST BENGAL ,711303",BAGNAN,HOWRAH,WEST BENGAL,711303,ACTIVE,Operative,16/08/2029,"Yellow Gold,Silver Hallmarking",Assaying & Hallmarking,https://www.manakonline.in/MANAK/AHCListForWebsite
HALLMARKING,HM-00623,,512,AHC-ERO-RAHC-R-7117046,SHREE KRISHNA HALLMARKING CENTRE,ERO/RAHC/R-7117046,"JAGADISHPUR ROADDOMJUR, HOWRAH, DOMJUR, WEST BENGAL ,711405",DOMJUR,HOWRAH,WEST BENGAL,711405,SUSPENDED,Under Suspension,03/02/2028,Gold Hallmarking,Assaying & Hallmarking,https://www.manakonline.in/MANAK/AHCListForWebsite
HALLMARKING,HM-00624,,513,AHC-ERO-RAHC-R-7117917,BOMBAY ASSAY COMPANY,ERO/RAHC/R-7117917,"Unit II, No GJB 3C5, 3rd floor of SDF B Block,Gems and Jewellery Park Ankurhati, HOWRAH, DOMJUR, WEST BENGAL ,711409",DOMJUR,HOWRAH,WEST BENGAL,711409,ACTIVE,Operative,17/02/2029,"Gold,White Gold Nickel based Hallmarking",Assaying & Hallmarking,https://www.manakonline.in/MANAK/AHCListForWebsite
HALLMARKING,HM-00625,,514,AHC-ERO-RAHC-R-7118849,SHIB SHAKTI HALLMARKING AND ASSAY CENTRE,ERO/RAHC/R-7118849,"Dag no. 2515,JL No. 07 Khatian no. 1420Bargachia station Road, HOWRAH, BARGACHIA, WEST BENGAL ,711404",BARGACHIA,HOWRAH,WEST BENGAL,711404,ACTIVE,Operative,10/08/2029,Yellow Gold Hallmarking,Assaying & Hallmarking,https://www.manakonline.in/MANAK/AHCListForWebsite
HALLMARKING,HM-00626,,515,AHC-ERO-RAHC-R-7119204,M M S HALLMARKING CENTRE,ERO/RAHC/R-7119204,"1ST FLOORAHILYABAI HOLKAR ROAD, HOOGHLY, MASAT, WEST BENGAL ,712701",MASAT,HOOGHLY,WEST BENGAL,712701,ACTIVE,Operative,08/01/2029,Yellow Gold Hallmarking,Assaying & Hallmarking,https://www.manakonline.in/MANAK/AHCListForWebsite
HALLMARKING,HM-00627,,516,AHC-ERO-RAHC-R-7122505,P T HALLMARKING CENTRE,ERO/RAHC/R-7122505,"JELEPARA, DAKSHIN JHAPARDAHA, HOWRAH, DOMJUR, WEST BENGAL ,711405",DOMJUR,HOWRAH,WEST BENGAL,711405,ACTIVE,Operative,01/11/2028,Yellow Gold Hallmarking,Assaying & Hallmarking,https://www.manakonline.in/MANAK/AHCListForWebsite
HALLMARKING,HM-00629,,517,AHC-ERO-RAHC-R-7124859,SREERAM ASSAY AND HALLMARKING CETRE,ERO/RAHC/R-7124859,"102,37 KUMIRJALA ROADSERAMPORE, HOOGHLY, SERAMPORE, WEST BENGAL ,712203",SERAMPORE,HOOGHLY,WEST BENGAL,712203,ACTIVE,Operative,08/02/2028,Yellow Gold Hallmarking,Assaying & Hallmarking,https://www.manakonline.in/MANAK/AHCListForWebsite
HALLMARKING,HM-00630,,518,AHC-ERO-RAHC-R-7125522,R J ASSAYING AND HALLMARKING CENTRE,ERO/RAHC/R-7125522,"Holding No- 11/A, Flat No-1Madhya Para Road, Guskara, Purba Bardhaman, BARDHAMAN, GUSHKARA NEW TOWN, WEST BENGAL ,713128",GUSHKARA NEW TOWN,BARDHAMAN,WEST BENGAL,713128,ACTIVE,Operative,12/02/2029,Yellow Gold Hallmarking,Assaying & Hallmarking,https://www.manakonline.in/MANAK/AHCListForWebsite
HALLMARKING,HM-00631,,519,AHC-ERO-RAHC-R-7125939,Prince Hallmarking And Refinery Pvt Ltd,ERO/RAHC/R-7125939,"134 Chandnichak, Ward No. 20,Burdwan,Purba Bardhaman, West Bengal, 713104, BARDHAMAN, BURDWAN, WEST BENGAL ,713104",BURDWAN,BARDHAMAN,WEST BENGAL,713104,ACTIVE,Operative,23/08/2029,Gold & Silver Both Hallmarking,Assaying & Hallmarking,https://www.manakonline.in/MANAK/AHCListForWebsite
HALLMARKING,HM-00632,,520,AHC-ERO-RAHC-R-7126272,NEW BALAJI HALLMARKING AND ASSAY CENTRE,ERO/RAHC/R-7126272,"1st FLOOR ROOM NO. 4 DAG NO. 3758,3759KHATIAN NO 5614,PANTHIAL,SHIBRAMPUR BARGACHIA, HOWRAH, BARGACHIA, WEST BENGAL ,711404",BARGACHIA,HOWRAH,WEST BENGAL,711404,ACTIVE,Operative,24/11/2027,Yellow Gold Hallmarking,Assaying & Hallmarking,https://www.manakonline.in/MANAK/AHCListForWebsite
HALLMARKING,HM-00633,,521,AHC-ERO-RAHC-R-7129448,NEW B T HALLMARKING REFINING CENTRE,ERO/RAHC/R-7129448,"ROY BHAVAN GROUND FLOOR,DOMJUR FOKOR DOKAN,HOWRAHROY BHAVAN GROUND FLOOR,DOMJUR FOKOR DOKAN,HOWRAH, HOWRAH, DOMJUR, WEST BENGAL ,711405",DOMJUR,HOWRAH,WEST BENGAL,711405,ACTIVE,Operative,16/09/2028,Yellow Gold Hallmarking,Assaying & Hallmarking,https://www.manakonline.in/MANAK/AHCListForWebsite
HALLMARKING,HM-00634,,522,AHC-ERO-RAHC-R-7129600,BALAJI TOUNCH AND HALLMARKING CENTRE,ERO/RAHC/R-7129600,"Ground Floor Dag no 27 N A MONDAL MARKETJ P Road Domjur, HOWRAH, DOMJUR, WEST BENGAL ,711405",DOMJUR,HOWRAH,WEST BENGAL,711405,ACTIVE,Operative,03/06/2027,Yellow Gold Hallmarking,Assaying & Hallmarking,https://www.manakonline.in/MANAK/AHCListForWebsite
HALLMARKING,HM-00635,,523,AHC-ERO-RAHC-R-7129829,SAGAR HALLMARKING CENTRE,ERO/RAHC/R-7129829,"164, SADAR GHAT BAZAR, SADAR GHAT, ARAMBAGHHOOGHLY, WARD NO. 4 WEST BENGAL 712601, HOOGHLY, ARAMBAGH, WEST BENGAL ,712601",ARAMBAGH,HOOGHLY,WEST BENGAL,712601,ACTIVE,Operative,13/12/2027,Yellow Gold Hallmarking,Assaying & Hallmarking,https://www.manakonline.in/MANAK/AHCListForWebsite
HALLMARKING,HM-00636,,524,AHC-ERO-RAHC-R-7211233,SWASTIK HALLMARKING AND ASSAY CENTRE,ERO/RAHC/R-7211233,"5473,KOTULPURKOTULPUR MAIN ROAD , KOTULPUR, BANKURA, KOTALPUR, WEST BENGAL ,722141",KOTALPUR,BANKURA,WEST BENGAL,722141,ACTIVE,Operative,28/01/2029,Yellow Gold Hallmarking,Assaying & Hallmarking,https://www.manakonline.in/MANAK/AHCListForWebsite
HALLMARKING,HM-00637,,525,AHC-ERO-RAHC-R-7212813,PDM HALLMARKING CENTRE,ERO/RAHC/R-7212813,"Village Dakshin GopalpurPanskura, PURBA MEDINIPUR, PANSKURA, WEST BENGAL ,721139",PANSKURA,PURBA MEDINIPUR,WEST BENGAL,721139,ACTIVE,Operative,14/08/2028,Yellow Gold Hallmarking,Assaying & Hallmarking,https://www.manakonline.in/MANAK/AHCListForWebsite
HALLMARKING,HM-00638,,526,AHC-ERO-RAHC-R-7214268,S D ASSAYING AND HALLMARKING CENTER,ERO/RAHC/R-7214268,"1st Floor, Nandi BhawanKasba Egra, Egra, PURBA MEDINIPUR, EGRA KASBA, WEST BENGAL ,721429",EGRA KASBA,PURBA MEDINIPUR,WEST BENGAL,721429,ACTIVE,Operative,10/08/2027,Gold Hallmarking,Assaying & Hallmarking,https://www.manakonline.in/MANAK/AHCListForWebsite
HALLMARKING,HM-00639,,527,AHC-ERO-RAHC-R-7216784,H PAWAR HALLMARKING CENTRE,ERO/RAHC/R-7216784,"SAIYADPUR, RAMNAGAR, PURBA MEDINIPUR, , WEST BENGAL ,721441",PURBA MEDINIPUR,RAMNAGAR,WEST BENGAL,721441,ACTIVE,Operative,26/01/2027,Gold Hallmarking,Assaying & Hallmarking,https://www.manakonline.in/MANAK/AHCListForWebsite
HALLMARKING,HM-00640,,528,AHC-ERO-RAHC-R-7216885,GM HALLMARKING CENTRE,ERO/RAHC/R-7216885,"854/A PARBATI PUR SUB POST OFFICE PARBATIPUR TALUK, PURBA MEDINIPUR, TAMLUK, WEST BENGAL ,721636",TAMLUK,PURBA MEDINIPUR,WEST BENGAL,721636,ACTIVE,Operative,15/02/2029,Yellow Gold Hallmarking,Assaying & Hallmarking,https://www.manakonline.in/MANAK/AHCListForWebsite
HALLMARKING,HM-00641,,529,AHC-ERO-RAHC-R-7218480,SANATANI HALLMARKING CENTRE,ERO/RAHC/R-7218480,"VILL- Kalikakhali, P.O- Match Chandipur, Chandipur, PURBA MEDINIPUR, MATHCHANDIPUR, WEST BENGAL ,721159",MATHCHANDIPUR,PURBA MEDINIPUR,WEST BENGAL,721159,ACTIVE,Operative,18/03/2027,Gold Hallmarking,Assaying & Hallmarking,https://www.manakonline.in/MANAK/AHCListForWebsite
HALLMARKING,HM-00642,,530,AHC-ERO-RAHC-R-7218602,SHREE SIDDHANATH HALLMARKING CENTRE,ERO/RAHC/R-7218602,"UDHAKHALI BAZARHERIA, PURBA MEDINIPUR, KHEJURI, WEST BENGAL ,721430",KHEJURI,PURBA MEDINIPUR,WEST BENGAL,721430,ACTIVE,Operative,27/06/2029,Yellow Gold Hallmarking,Assaying & Hallmarking,https://www.manakonline.in/MANAK/AHCListForWebsite
HALLMARKING,HM-00644,,531,AHC-ERO-RAHC-R-7219072,LAXMI HALLMARKING CENTRE,ERO/RAHC/R-7219072,"0,VILL-BARAGARH,PO-DEBRA,DEBRA,PASCHIM MEDINIPUR,WEST BENGAL,721116, PASCHIM MEDINIPUR, DEBRA BAZAR, WEST BENGAL ,721116",DEBRA BAZAR,PASCHIM MEDINIPUR,WEST BENGAL,721116,SUSPENDED,Under Suspension,21/06/2029,Yellow Gold Hallmarking,Assaying & Hallmarking,https://www.manakonline.in/MANAK/AHCListForWebsite
HALLMARKING,HM-00645,,532,AHC-ERO-RAHC-R-7219622,NEW RAJ HALLMARKING CENTRE,ERO/RAHC/R-7219622,"GARKAMALPURMAHISADAL, PURBA MEDINIPUR, MAHISADAL, WEST BENGAL ,721628",MAHISADAL,PURBA MEDINIPUR,WEST BENGAL,721628,ACTIVE,Operative,07/08/2028,Yellow Gold Hallmarking,Assaying & Hallmarking,https://www.manakonline.in/MANAK/AHCListForWebsite
HALLMARKING,HM-00646,,533,AHC-ERO-RAHC-R-7222824,SIDDHANATH PRASANNA HALLMARKING CENTER,ERO/RAHC/R-7222824,"WARD NO-15,SWARNA GALI,P.O-KOTULPUR,DIST-BANKURA, BANKURA, KOTALPUR, WEST BENGAL ,722141",KOTALPUR,BANKURA,WEST BENGAL,722141,ACTIVE,Operative,16/11/2026,Yellow Gold Hallmarking,Assaying & Hallmarking,https://www.manakonline.in/MANAK/AHCListForWebsite
HALLMARKING,HM-00647,,534,AHC-ERO-RAHC-R-7223606,SHREE GANESH HALLMARK CENTRE,ERO/RAHC/R-7223606,"GARHBETA, PASCHIM MEDINIPUR, GARHBETA, WEST BENGAL ,721127",GARHBETA,PASCHIM MEDINIPUR,WEST BENGAL,721127,ACTIVE,Operative,10/07/2029,Yellow Gold Hallmarking,Assaying & Hallmarking,https://www.manakonline.in/MANAK/AHCListForWebsite
HALLMARKING,HM-00648,,535,AHC-ERO-RAHC-R-7224173,MAA DURGA HALLMARKING CENTRE,ERO/RAHC/R-7224173,"NEAR BANDHAN LODGE DAKSHINPARABOXIBAZAR MIDNAPORE, PASCHIM MEDINIPUR, MIDNAPORE, WEST BENGAL ,721101",MIDNAPORE,PASCHIM MEDINIPUR,WEST BENGAL,721101,ACTIVE,Operative,03/02/2027,Yellow Gold Hallmarking,Assaying & Hallmarking,https://www.manakonline.in/MANAK/AHCListForWebsite
HALLMARKING,HM-00649,,536,AHC-ERO-RAHC-R-7224249,MAA KALI HALLMARKING CENTRE,ERO/RAHC/R-7224249,"1ST FLOOR, MAITY BHAWANGOBINDANAGAR, PASCHIM MEDINIPUR, CHECHUA GOBINDA NAGAR, WEST BENGAL ,721146",CHECHUA GOBINDA NAGAR,PASCHIM MEDINIPUR,WEST BENGAL,721146,ACTIVE,Operative,09/04/2029,Yellow Gold Hallmarking,Assaying & Hallmarking,https://www.manakonline.in/MANAK/AHCListForWebsite
HALLMARKING,HM-00650,,537,AHC-ERO-RAHC-R-7226331,ROHIT HALLMARKING CENTRE,ERO/RAHC/R-7226331,"HOLDING NO. 36 AND CIRCLE NO. 03 MAHALLA RAKSHITSUBHAS ROAD, BANKURA, BANKURA, WEST BENGAL ,722101",BANKURA,BANKURA,WEST BENGAL,722101,ACTIVE,Operative,07/02/2028,Yellow Gold Hallmarking,Assaying & Hallmarking,https://www.manakonline.in/MANAK/AHCListForWebsite
HALLMARKING,HM-00651,,538,AHC-ERO-RAHC-R-7229784,PRADYUT HALLMARKING CENTRE,ERO/RAHC/R-7229784,"PLOT NO-96, BACHURDOBA, BUILDING GROUND FLOOR,P.O: JHARGRAM, JHARGRAM, , WEST BENGAL ,721507",JHARGRAM,P.O: JHARGRAM,WEST BENGAL,721507,ACTIVE,Operative,15/02/2029,Yellow Gold Hallmarking,Assaying & Hallmarking,https://www.manakonline.in/MANAK/AHCListForWebsite
HALLMARKING,HM-00652,,539,AHC-ERO-RAHC-R-7313317,BALAJI HALLMARKING & ASSAYING CENTRE,ERO/RAHC/R-7313317,"OLD CHOWPATHI,NETAJI ROAD, FALAKATA, ALIPURDUAR, ALIPURDUAR, WEST BENGAL ,735211",ALIPURDUAR,ALIPURDUAR,WEST BENGAL,735211,ACTIVE,Operative,09/10/2028,Yellow Gold Hallmarking,Assaying & Hallmarking,https://www.manakonline.in/MANAK/AHCListForWebsite
HALLMARKING,HM-00653,,540,AHC-ERO-RAHC-R-7313597,SHREE BALAJI HALLMARKING CENTRE,ERO/RAHC/R-7313597,"1st Floor, Shop No. 16, Biplabi Kshudiram MarketPost & PS: Gangarampur, DAKSHIN DINAJPUR, BALURGHAT, WEST BENGAL ,733124",BALURGHAT,DAKSHIN DINAJPUR,WEST BENGAL,733124,ACTIVE,Operative,01/07/2027,Gold Hallmarking,Assaying & Hallmarking,https://www.manakonline.in/MANAK/AHCListForWebsite
HALLMARKING,HM-00654,,541,AHC-ERO-RAHC-R-7313913,SRB HALLMARKING AND ASSAYING CENTRE,ERO/RAHC/R-7313913,"36/34/38B. S ROAD , EBM, WARD NO-11, MALDAH, , WEST BENGAL ,732101",MALDAH,WARD NO-11,WEST BENGAL,732101,ACTIVE,Operative,19/09/2028,Yellow Gold Hallmarking,Assaying & Hallmarking,https://www.manakonline.in/MANAK/AHCListForWebsite
HALLMARKING,HM-00655,,542,AHC-ERO-RAHC-R-7315089,SIDDHANATH HALLMARKING CENTRE,ERO/RAHC/R-7315089,"6/6/1 SHREE LAXMI BANIJIK BHAVAN, ROOM NO 17,SONAPATTY, BOLPUR, BIRBHUM, BOLPUR, WEST BENGAL ,731204",BOLPUR,BIRBHUM,WEST BENGAL,731204,ACTIVE,Operative,23/06/2027,Yellow Gold Hallmarking,Assaying & Hallmarking,https://www.manakonline.in/MANAK/AHCListForWebsite
HALLMARKING,HM-00656,,543,AHC-ERO-RAHC-R-7315463,GITANJALI HALLMARKING CENTRE,ERO/RAHC/R-7315463,"SAINTHIA STATION ROADSAINTHIA, BIRBHUM, BIRBHUM, SAINTHIA, WEST BENGAL ,731234",SAINTHIA,BIRBHUM,WEST BENGAL,731234,ACTIVE,Operative,26/05/2028,Yellow Gold Hallmarking,Assaying & Hallmarking,https://www.manakonline.in/MANAK/AHCListForWebsite
HALLMARKING,HM-00657,,544,AHC-ERO-RAHC-R-7315791,S P ASSAYING AND HALLMARKING CENTRE,ERO/RAHC/R-7315791,"Holding No. 1122, 01st Floor, Tufanganj Main RoadNr Tufanganj Bus Stand & Opp. Swarna Shilpi Samiti, COOCH BEHAR, TUFANGANJ, WEST BENGAL ,736159",TUFANGANJ,COOCH BEHAR,WEST BENGAL,736159,ACTIVE,Operative,18/07/2027,Gold Hallmarking,Assaying & Hallmarking,https://www.manakonline.in/MANAK/AHCListForWebsite
HALLMARKING,HM-00658,,545,AHC-ERO-RAHC-R-7317169,BALAJI HALLMARKING CENTRE,ERO/RAHC/R-7317169,"WARD NO.16 HOLDING NO. 6/(A) B S ROADPOST: MALDA, PS: ENGLISH BAZAR, MALDAH, MALDA, WEST BENGAL ,732101",MALDA,MALDAH,WEST BENGAL,732101,ACTIVE,Operative,12/04/2028,Gold Hallmarking,Assaying & Hallmarking,https://www.manakonline.in/MANAK/AHCListForWebsite
HALLMARKING,HM-00659,,546,AHC-ERO-RAHC-R-7321236,MAA DURGA HALLMARKING AND TESTING CENTRE,ERO/RAHC/R-7321236,"WARD NO. 19, JL DAG NO. 2085, KHATIAN NO. 10234HOLDING NO. 140/118 LINE BAZAR, RAIGANJ, UTTAR DINAJPUR, RAIGANJ, WEST BENGAL ,733134",RAIGANJ,UTTAR DINAJPUR,WEST BENGAL,733134,ACTIVE,Operative,23/12/2027,Gold Hallmarking,Assaying & Hallmarking,https://www.manakonline.in/MANAK/AHCListForWebsite
HALLMARKING,HM-00660,,547,AHC-ERO-RAHC-R-7321830,TIRUPATI ASSAYING AND HALLMARKING CENTRE,ERO/RAHC/R-7321830,"89/47/C/42/1, PATEL HOUSE, SISHIR BHADURI SARANIWARD NO 11, KHUDIRAM PALLY,, DARJEELING, SILIGURI, WEST BENGAL ,734001",SILIGURI,DARJEELING,WEST BENGAL,734001,ACTIVE,Operative,01/01/2027,Gold Hallmarking,Assaying & Hallmarking,https://www.manakonline.in/MANAK/AHCListForWebsite
HALLMARKING,HM-00661,,548,AHC-ERO-RAHC-R-7322298,LAKSHMI HALLMARK CENTRE,ERO/RAHC/R-7322298,"Murarai, Birbhum, West Bengal-731219, BIRBHUM, MURARAI, WEST BENGAL ,731219",MURARAI,BIRBHUM,WEST BENGAL,731219,ACTIVE,Operative,02/02/2029,Gold Hallmarking,Assaying & Hallmarking,https://www.manakonline.in/MANAK/AHCListForWebsite
HALLMARKING,HM-00662,,549,AHC-ERO-RAHC-R-7324205,R K ASYING AND HALLMARKING CENTER,ERO/RAHC/R-7324205,"01ST FLOOR, HOLDING NO. 15151, B S ROAD, WARD- 20COOCHBEHAR, NEAR LALDIGHI, COOCH BEHAR, COOCH BEHAR, WEST BENGAL ,736101",COOCH BEHAR,COOCH BEHAR,WEST BENGAL,736101,ACTIVE,Operative,05/07/2029,Gold Hallmarking,Assaying & Hallmarking,https://www.manakonline.in/MANAK/AHCListForWebsite
HALLMARKING,HM-00663,,550,AHC-ERO-RAHC-R-7325193,D S HALLMARKING CENTRE,ERO/RAHC/R-7325193,"OLD BUS STAND,ISLAMPURUTTAR DINAJPUR,WEST BENGAL-733202, UTTAR DINAJPUR, ISLAMPUR (NORTH DINAJPUR), WEST BENGAL ,733202",ISLAMPUR (NORTH DINAJPUR),UTTAR DINAJPUR,WEST BENGAL,733202,ACTIVE,Operative,24/10/2027,Gold Hallmarking,Assaying & Hallmarking,https://www.manakonline.in/MANAK/AHCListForWebsite
HALLMARKING,HM-00664,,551,AHC-ERO-RAHC-R-7325466,SRI GANESH HALLMARKING CENTRE DHUPGURI,ERO/RAHC/R-7325466,"FIRST FLOOR, HOLDING NO 500,ALUPATTI, DHUPGURI, JALPAIGURI, DHUPGURI, WEST BENGAL ,735210",DHUPGURI,JALPAIGURI,WEST BENGAL,735210,SUSPENDED,Under Suspension,27/04/2028,Yellow Gold Hallmarking,Assaying & Hallmarking,https://www.manakonline.in/MANAK/AHCListForWebsite
HALLMARKING,HM-00665,,552,AHC-ERO-RAHC-R-7325466-O1-,SRI GANESH HALLMARKING CENTRE DHUPGURI,ERO/RAHC/R-7325466(O1),"FIRST FLOOR, HOLDING NO 500,ALUPATTI, DHUPGURI, JALPAIGURI, DHUPGURI, WEST BENGAL ,735210",DHUPGURI,JALPAIGURI,WEST BENGAL,735210,SUSPENDED,Under Suspension,27/04/2028,Yellow Gold Hallmarking,Assaying & Hallmarking,https://www.manakonline.in/MANAK/AHCListForWebsite
HALLMARKING,HM-00666,,553,AHC-ERO-RAHC-R-7325785,AMBIKA HALLMARKING CENTRE,ERO/RAHC/R-7325785,"N S ROAD BAZAR PARACHANCHAL BAZAR, MALDAH, CHANCHAL, WEST BENGAL ,732123",CHANCHAL,MALDAH,WEST BENGAL,732123,ACTIVE,Operative,10/08/2029,Yellow Gold Hallmarking,Assaying & Hallmarking,https://www.manakonline.in/MANAK/AHCListForWebsite
HALLMARKING,HM-00667,,554,AHC-ERO-RAHC-R-7327413,JYOTIRLING HALLMARKING CENTRE,ERO/RAHC/R-7327413,"1ST FLOOR, RAINBOW GOLD ABASANRAINBOW TOWER, THANA ROAD, MEDICINE STORE, UTTAR DINAJPUR, RAIGANJ, WEST BENGAL ,733134",RAIGANJ,UTTAR DINAJPUR,WEST BENGAL,733134,ACTIVE,Operative,08/07/2028,Yellow Gold Hallmarking,Assaying & Hallmarking,https://www.manakonline.in/MANAK/AHCListForWebsite
HALLMARKING,HM-00668,,555,AHC-ERO-RAHC-R-7328057,SHRIRAM HALLMARKING CENTRE,ERO/RAHC/R-7328057,"KISHORE SANGHA LANE,KRISHNA AUTOMOBILEKALIWARI,NEW TOWN,SOBHAGANJ,ALIPURDUAR, ALIPURDUAR, ALIPURDUAR, WEST BENGAL ,736121",ALIPURDUAR,ALIPURDUAR,WEST BENGAL,736121,ACTIVE,Operative,15/04/2027,"Gold,Yellow Gold Hallmarking",Assaying & Hallmarking,https://www.manakonline.in/MANAK/AHCListForWebsite
HALLMARKING,HM-00669,,556,AHC-ERO-RAHC-R-7328188,SRI GANESH HALLMARKING CENTRE,ERO/RAHC/R-7328188,"MAHAPRABHU ROAD, HATTALA, RAMPURHAT, BIRBHUM, RAMPURHAT, WEST BENGAL ,731224",RAMPURHAT,BIRBHUM,WEST BENGAL,731224,ACTIVE,Operative,27/12/2028,Yellow Gold Hallmarking,Assaying & Hallmarking,https://www.manakonline.in/MANAK/AHCListForWebsite
HALLMARKING,HM-00670,,557,AHC-ERO-RAHC-R-7328328,STAR HALLMARKING CENTRE ISLAMPUR,ERO/RAHC/R-7328328,"VILL- CHOROUNGIMORE,P.O+P.S- ISLAMPUR, UTTAR DINAJPUR, UTTAR DINAJPUR, ISLAMPUR (NORTH DINAJPUR), WEST BENGAL ,733202",ISLAMPUR (NORTH DINAJPUR),UTTAR DINAJPUR,WEST BENGAL,733202,ACTIVE,Operative,21/02/2028,Yellow Gold Hallmarking,Assaying & Hallmarking,https://www.manakonline.in/MANAK/AHCListForWebsite
HALLMARKING,HM-00671,,558,AHC-ERO-RAHC-R-7328560,KP GOLD HALLMARKING CENTRE,ERO/RAHC/R-7328560,"135/111,HATTALA PARA, BIRBHUM, RAMPURHAT, WEST BENGAL ,731224",RAMPURHAT,BIRBHUM,WEST BENGAL,731224,ACTIVE,Operative,13/06/2028,Yellow Gold Hallmarking,Assaying & Hallmarking,https://www.manakonline.in/MANAK/AHCListForWebsite
HALLMARKING,HM-00672,,559,AHC-ERO-RAHC-R-7328560-O1-,KP GOLD HALLMARKING CENTRE,ERO/RAHC/R-7328560(O1),"135/111,HATTALA PARA, BIRBHUM, RAMPURHAT, WEST BENGAL ,731224",RAMPURHAT,BIRBHUM,WEST BENGAL,731224,ACTIVE,Operative,13/06/2028,Yellow Gold Hallmarking,Assaying & Hallmarking,https://www.manakonline.in/MANAK/AHCListForWebsite
HALLMARKING,HM-00673,,560,AHC-ERO-RAHC-R-7329145,NIDHI ASSAYING AND HALLMARKING CENTRE,ERO/RAHC/R-7329145,"NETAJI ROAD,FALAKATA,ALIPURDUAR, ALIPURDUAR, ALIPURDUAR, WEST BENGAL ,735211",ALIPURDUAR,ALIPURDUAR,WEST BENGAL,735211,ACTIVE,Operative,10/05/2027,Yellow Gold Hallmarking,Assaying & Hallmarking,https://www.manakonline.in/MANAK/AHCListForWebsite
HALLMARKING,HM-00674,,561,AHC-ERO-RAHC-R-7329145-O1-,NIDHI ASSAYING AND HALLMARKING CENTRE,ERO/RAHC/R-7329145(O1),"NETAJI ROAD,FALAKATA,ALIPURDUAR, ALIPURDUAR, ALIPURDUAR, WEST BENGAL ,735211",ALIPURDUAR,ALIPURDUAR,WEST BENGAL,735211,ACTIVE,Operative,10/05/2027,Yellow Gold Hallmarking,Assaying & Hallmarking,https://www.manakonline.in/MANAK/AHCListForWebsite
HALLMARKING,HM-00675,,562,AHC-ERO-RAHC-R-7329377,GURU KRUPA HALLMARKING CENTER,ERO/RAHC/R-7329377,"CHANCHAL BAZAR, CHANCHAL, MALDAWEST BENGAL-732123, MALDAH, CHANCHAL, WEST BENGAL ,732123",CHANCHAL,MALDAH,WEST BENGAL,732123,ACTIVE,Operative,30/07/2028,Gold Hallmarking,Assaying & Hallmarking,https://www.manakonline.in/MANAK/AHCListForWebsite
HALLMARKING,HM-00676,,563,AHC-ERO-RAHC-R-7329396,D P ASSAY AND HALLMARK CENTRE,ERO/RAHC/R-7329396,"1ST FLOOR SARKAR BUILDING HOLDING NO. 45/1/41KHUDIRAMPALLY SILIGURI, DARJEELING, SILIGURI, WEST BENGAL ,734001",SILIGURI,DARJEELING,WEST BENGAL,734001,ACTIVE,Operative,17/05/2028,Gold Hallmarking,Assaying & Hallmarking,https://www.manakonline.in/MANAK/AHCListForWebsite
HALLMARKING,HM-00677,,564,AHC-ERO-RAHC-R-7410049,NEW SR HALLMARKING CENTRE,ERO/RAHC/R-7410049,"71/1,1ST FLOOR,BOW BAZAR ROAD,NABADWIP,NADIA, NADIA, NABADWIP, WEST BENGAL ,741302",NABADWIP,NADIA,WEST BENGAL,741302,ACTIVE,Operative,26/05/2029,Yellow Gold Hallmarking,Assaying & Hallmarking,https://www.manakonline.in/MANAK/AHCListForWebsite
HALLMARKING,HM-00678,,565,AHC-ERO-RAHC-R-7412468,JAI JAGATBANDHU HALLMARKING CENTRE,ERO/RAHC/R-7412468,"178/1 GANESHTALA ROADPOST & PS- BELDANGA, MURSHIDABAD, BELDANGA, WEST BENGAL ,742133",BELDANGA,MURSHIDABAD,WEST BENGAL,742133,ACTIVE,Operative,19/06/2027,Gold Hallmarking,Assaying & Hallmarking,https://www.manakonline.in/MANAK/AHCListForWebsite
HALLMARKING,HM-00679,,566,AHC-ERO-RAHC-R-7412654,OM ASSAYING AND HALLMARKING CENTRE,ERO/RAHC/R-7412654,"Ward No. 17, Holding No. 66/62, ChaulpattiPost & PS: Raghunathganj, MURSHIDABAD, RAGHUNATHGANJ, WEST BENGAL ,742225",RAGHUNATHGANJ,MURSHIDABAD,WEST BENGAL,742225,ACTIVE,Operative,08/11/2028,Gold Hallmarking,Assaying & Hallmarking,https://www.manakonline.in/MANAK/AHCListForWebsite
HALLMARKING,HM-00680,,567,AHC-ERO-RAHC-R-7413299,DHAR ASSAY AND HALLMARKING CENTRE,ERO/RAHC/R-7413299,"SONAPATTI,UKIL PARA MOREHOLDING NO. 55/A/1 SWARNAMOYEE LANE, NADIA, KRISHNANAGAR, WEST BENGAL ,741101",KRISHNANAGAR,NADIA,WEST BENGAL,741101,ACTIVE,Operative,11/11/2027,Yellow Gold Hallmarking,Assaying & Hallmarking,https://www.manakonline.in/MANAK/AHCListForWebsite
HALLMARKING,HM-00681,,568,AHC-ERO-RAHC-R-7413958,TAJ ASSAYING AND HALLMARKING CENTRE,ERO/RAHC/R-7413958,"VILL/POST/PS: ISLAMPUR, SONAPATTI, MURSHIDABAD, ISLAMPORE, WEST BENGAL ,742304",ISLAMPORE,MURSHIDABAD,WEST BENGAL,742304,ACTIVE,Operative,17/08/2026,Gold Hallmarking,Assaying & Hallmarking,https://www.manakonline.in/MANAK/AHCListForWebsite
HALLMARKING,HM-00682,,569,AHC-ERO-RAHC-R-7414639,DINDA HALLMARK AND ASSAY CENTRE,ERO/RAHC/R-7414639,"Ground Floor, Purba BazarVidya Nagar, Kakdwip, SOUTH 24 PARGANAS, KAKDWIP, WEST BENGAL ,743347",KAKDWIP,SOUTH 24 PARGANAS,WEST BENGAL,743347,ACTIVE,Operative,11/12/2028,Yellow Gold Hallmarking,Assaying & Hallmarking,https://www.manakonline.in/MANAK/AHCListForWebsite
HALLMARKING,HM-00683,,570,AHC-ERO-RAHC-R-7415013,MAA TARA ASSAYING & HALLMARKING CENTRE,ERO/RAHC/R-7415013,"BADKULLA BAZAR,SHITALA,P.S.-TAHERPURP.O.-BADKULLA, NADIA, BADKULLA, WEST BENGAL ,741121",BADKULLA,NADIA,WEST BENGAL,741121,ACTIVE,Operative,19/08/2027,Yellow Gold Hallmarking,Assaying & Hallmarking,https://www.manakonline.in/MANAK/AHCListForWebsite
HALLMARKING,HM-00684,,571,AHC-ERO-RAHC-R-7415450,NEW GIRI RAJ ASSAYING AND HALLMARKING CENTRE,ERO/RAHC/R-7415450,"1094,UTTAR GHOSH PARA,P.O.-CHAKDAHA,P.S.-CHAKDAHA,PIN-741222,, NADIA, CHAKDAH, WEST BENGAL ,741222",CHAKDAH,NADIA,WEST BENGAL,741222,ACTIVE,Operative,30/12/2027,Gold Hallmarking,Assaying & Hallmarking,https://www.manakonline.in/MANAK/AHCListForWebsite
HALLMARKING,HM-00685,,572,AHC-ERO-RAHC-R-7415768,SRI RAM HALLMARK CENTRE,ERO/RAHC/R-7415768,"WARD NO.18, Dag No. 1752, KhatianNo. 4740Mouza: Raghunathganj Bazarpara, MURSHIDABAD, JANGIPUR, WEST BENGAL ,742225",JANGIPUR,MURSHIDABAD,WEST BENGAL,742225,ACTIVE,Operative,31/07/2028,Yellow Gold Hallmarking,Assaying & Hallmarking,https://www.manakonline.in/MANAK/AHCListForWebsite
HALLMARKING,HM-00686,,573,AHC-ERO-RAHC-R-7415906,A N HALLMARKING CENTRE,ERO/RAHC/R-7415906,"SHIBTALA, SOUTH BISHNUPUR, MANDIR BAZAR., SOUTH 24 PARGANAS, BISHNUPUR (SOUTH 24 PARGANAS), WEST BENGAL ,743395",BISHNUPUR (SOUTH 24 PARGANAS),SOUTH 24 PARGANAS,WEST BENGAL,743395,ACTIVE,Operative,31/08/2028,Yellow Gold Hallmarking,Assaying & Hallmarking,https://www.manakonline.in/MANAK/AHCListForWebsite
HALLMARKING,HM-00687,,574,AHC-ERO-RAHC-R-7417284,R K ASSAYING & HALLMARKING CENTRE,ERO/RAHC/R-7417284,"Dag No. 4236, JL NO. 80,VILL: UTTAR SUDARSHANGANJ, POST & PS: LALGOLA, MURSHIDABAD, LALGOLA, WEST BENGAL ,742148",LALGOLA,MURSHIDABAD,WEST BENGAL,742148,ACTIVE,Operative,19/03/2028,Yellow Gold Hallmarking,Assaying & Hallmarking,https://www.manakonline.in/MANAK/AHCListForWebsite
HALLMARKING,HM-00688,,575,AHC-ERO-RAHC-R-7417895,ANB HALLMARKING CENTRE,ERO/RAHC/R-7417895,"01st Floor, Shop No. 101, Monika Apartment25 Kunja Basu Road, Kanchrapara, NORTH 24 PARGANAS, KANCHRAPARA, WEST BENGAL ,743145",KANCHRAPARA,NORTH 24 PARGANAS,WEST BENGAL,743145,SUSPENDED,Under Suspension,08/04/2027,Gold Hallmarking,Assaying & Hallmarking,https://www.manakonline.in/MANAK/AHCListForWebsite
HALLMARKING,HM-00689,,576,AHC-ERO-RAHC-R-7418192,BABA HALLMARKING CENTRE,ERO/RAHC/R-7418192,"DEBGRAM STATION ROADKALIGANJ, NADIA, DEBAGRAM, WEST BENGAL ,741137",DEBAGRAM,NADIA,WEST BENGAL,741137,ACTIVE,Operative,01/06/2028,Gold Hallmarking,Assaying & Hallmarking,https://www.manakonline.in/MANAK/AHCListForWebsite
HALLMARKING,HM-00690,,577,AHC-ERO-RAHC-R-7419747,MAA TARA HALLMARKING CENTER,ERO/RAHC/R-7419747,"CHACHANDA, SAMSERGANJ, Uttar Mahammadpur,Murshidabad, MURSHIDABAD, MURSHIDABAD, WEST BENGAL ,742224",MURSHIDABAD,MURSHIDABAD,WEST BENGAL,742224,ACTIVE,Operative,24/08/2029,Yellow Gold Hallmarking,Assaying & Hallmarking,https://www.manakonline.in/MANAK/AHCListForWebsite
HALLMARKING,HM-00691,,578,AHC-ERO-RAHC-R-7419747-O1-,MAA TARA HALLMARKING CENTER,ERO/RAHC/R-7419747(O1),"CHACHANDA, SAMSERGANJ, Uttar Mahammadpur,Murshidabad, MURSHIDABAD, MURSHIDABAD, WEST BENGAL ,742224",MURSHIDABAD,MURSHIDABAD,WEST BENGAL,742224,ACTIVE,Operative,24/08/2026,Yellow Gold Hallmarking,Assaying & Hallmarking,https://www.manakonline.in/MANAK/AHCListForWebsite
HALLMARKING,HM-00692,,579,AHC-ERO-RAHC-R-7420208,GANESH HALLMARK CENTRE,ERO/RAHC/R-7420208,"MOHESH NARAYAN GANJMAHESHPUR, BHAGWANGOLA, MURSHIDABAD, BHAGABANGOLA, WEST BENGAL ,742135",BHAGABANGOLA,MURSHIDABAD,WEST BENGAL,742135,ACTIVE,Operative,24/08/2026,Yellow Gold Hallmarking,Assaying & Hallmarking,https://www.manakonline.in/MANAK/AHCListForWebsite
HALLMARKING,HM-00693,,580,AHC-ERO-RAHC-R-7421667,N S ASSAYING AND HALLMARKING CENTRE,ERO/RAHC/R-7421667,"01st Floor, Karimpur Surendra Market (Hatghar)Ward No. 5, Dag No. 870, JL No. 6, Khatian No.2939, NADIA, KARIMPUR, WEST BENGAL ,741152",KARIMPUR,NADIA,WEST BENGAL,741152,ACTIVE,Operative,16/10/2028,Gold Hallmarking,Assaying & Hallmarking,https://www.manakonline.in/MANAK/AHCListForWebsite
HALLMARKING,HM-00694,,581,AHC-ERO-RAHC-R-7421667-O1-,N S ASSAYING AND HALLMARKING CENTRE,ERO/RAHC/R-7421667(O1),"01st Floor, Karimpur Surendra Market (Hatghar)Ward No. 5, Dag No. 870, JL No. 6, Khatian No.2939, NADIA, KARIMPUR, WEST BENGAL ,741152",KARIMPUR,NADIA,WEST BENGAL,741152,ACTIVE,Operative,16/10/2028,Gold Hallmarking,Assaying & Hallmarking,https://www.manakonline.in/MANAK/AHCListForWebsite
HALLMARKING,HM-00695,,582,AHC-ERO-RAHC-R-7422343,KP GOLD HALLMARKING CENTRE,ERO/RAHC/R-7422343,"1, Haripatty, Near Jain Mandir, Lalgola,, MURSHIDABAD, LALGOLA, WEST BENGAL ,742148",LALGOLA,MURSHIDABAD,WEST BENGAL,742148,ACTIVE,Operative,04/06/2028,Yellow Gold Hallmarking,Assaying & Hallmarking,https://www.manakonline.in/MANAK/AHCListForWebsite
HALLMARKING,HM-00696,,583,AHC-ERO-RAHC-R-7422343-O1-,KP GOLD HALLMARKING CENTRE,ERO/RAHC/R-7422343(O1),"1, Haripatty, Near Jain Mandir, Lalgola,, MURSHIDABAD, LALGOLA, WEST BENGAL ,742148",LALGOLA,MURSHIDABAD,WEST BENGAL,742148,ACTIVE,Operative,04/06/2028,Yellow Gold Hallmarking,Assaying & Hallmarking,https://www.manakonline.in/MANAK/AHCListForWebsite
HALLMARKING,HM-00697,,584,AHC-ERO-RAHC-R-7422800,BURIMA HALLMARKING CENTRE,ERO/RAHC/R-7422800,"BISWAMBHAR ROY, BAHADUR ROAD, NADIA, KRISHNANAGAR, WEST BENGAL ,741101",KRISHNANAGAR,NADIA,WEST BENGAL,741101,ACTIVE,Operative,11/06/2028,Yellow Gold Hallmarking,Assaying & Hallmarking,https://www.manakonline.in/MANAK/AHCListForWebsite
HALLMARKING,HM-00698,,585,AHC-ERO-RAHC-R-7422800-O1-,BURIMA HALLMARKING CENTRE,ERO/RAHC/R-7422800(O1),"BISWAMBHAR ROY, BAHADUR ROAD, NADIA, KRISHNANAGAR, WEST BENGAL ,741101",KRISHNANAGAR,NADIA,WEST BENGAL,741101,ACTIVE,Operative,11/06/2028,Yellow Gold Hallmarking,Assaying & Hallmarking,https://www.manakonline.in/MANAK/AHCListForWebsite
HALLMARKING,HM-00699,,586,AHC-ERO-RAHC-R-7425078,ROYAL HALLMARKING CENTER,ERO/RAHC/R-7425078,"VILL.+P.O.: RATANPUR, P.S. : SAMSERGANJ,, MURSHIDABAD, DHULIYAN, WEST BENGAL ,742202",DHULIYAN,MURSHIDABAD,WEST BENGAL,742202,ACTIVE,Operative,06/07/2028,Yellow Gold Hallmarking,Assaying & Hallmarking,https://www.manakonline.in/MANAK/AHCListForWebsite
HALLMARKING,HM-00700,,587,AHC-ERO-RAHC-R-7425778,Bongaon Hallmarking And Refinery,ERO/RAHC/R-7425778,"19/18/A,Hiramahal Lane,Word-04,bichali HataP.O-Bongaon,P.S-Bongaon, NORTH 24 PARGANAS, BANGAON (NORTH 24 PARGANAS), WEST BENGAL ,743235",BANGAON (NORTH 24 PARGANAS),NORTH 24 PARGANAS,WEST BENGAL,743235,ACTIVE,Operative,31/07/2025,Yellow Gold Hallmarking,Assaying & Hallmarking,https://www.manakonline.in/MANAK/AHCListForWebsite
HALLMARKING,HM-00701,,588,AHC-ERO-RAHC-R-7425874,SRI GANESH HALLMARKING CENTRE,ERO/RAHC/R-7425874,"Holding No. 22/113, DangaparaPost & PS: Kandi, MURSHIDABAD, KANDI, WEST BENGAL ,742137",KANDI,MURSHIDABAD,WEST BENGAL,742137,ACTIVE,Operative,19/12/2027,Gold Hallmarking,Assaying & Hallmarking,https://www.manakonline.in/MANAK/AHCListForWebsite
HALLMARKING,HM-00702,,589,AHC-ERO-RAHC-R-7425910,M M ASSAYING AND HALLMARKING CENTRE,ERO/RAHC/R-7425910,"NEW 1/A CHATTINA KANDIKANDI MAIN ROAD, MURSHIDABAD, KANDI, WEST BENGAL ,742137",KANDI,MURSHIDABAD,WEST BENGAL,742137,ACTIVE,Operative,16/05/2027,Gold Hallmarking,Assaying & Hallmarking,https://www.manakonline.in/MANAK/AHCListForWebsite
HALLMARKING,HM-00703,,590,AHC-ERO-RAHC-R-7426189,SHIVAJI HALLMARK CENTRE,ERO/RAHC/R-7426189,"TEHATTA BAZAR, NADIA, TEHATTA, WEST BENGAL ,741160",TEHATTA,NADIA,WEST BENGAL,741160,ACTIVE,Operative,05/10/2028,Yellow Gold Hallmarking,Assaying & Hallmarking,https://www.manakonline.in/MANAK/AHCListForWebsite
HALLMARKING,HM-00704,,591,AHC-ERO-RAHC-R-7426189-O1-,SHIVAJI HALLMARK CENTRE,ERO/RAHC/R-7426189(O1),"TEHATTA BAZAR, NADIA, TEHATTA, WEST BENGAL ,741160",TEHATTA,NADIA,WEST BENGAL,741160,ACTIVE,Operative,05/10/2028,Yellow Gold Hallmarking,Assaying & Hallmarking,https://www.manakonline.in/MANAK/AHCListForWebsite
HALLMARKING,HM-00705,,592,AHC-ERO-RAHC-R-7427110,PANDIT ASSAYING & HALLMARKING CENTRE,ERO/RAHC/R-7427110,"2nd FLOOR,143/1,DHRUBA KARMAKAR BUILDING,JESSORE ROAD,OLD UBI LANE, NORTH 24 PARGANAS, HABRA, WEST BENGAL ,743263",HABRA,NORTH 24 PARGANAS,WEST BENGAL,743263,ACTIVE,Operative,24/03/2029,"Yellow Gold,Silver Hallmarking",Assaying & Hallmarking,https://www.manakonline.in/MANAK/AHCListForWebsite
HALLMARKING,HM-00706,,593,AHC-ERO-RAHC-R-7427592,DHAN LAKSHMI ASSAY CENTRE,ERO/RAHC/R-7427592,"TEHATTA BAZARTEHATTA, NADIA, TEHATTA, WEST BENGAL ,741160",TEHATTA,NADIA,WEST BENGAL,741160,ACTIVE,Operative,19/06/2028,Yellow Gold Hallmarking,Assaying & Hallmarking,https://www.manakonline.in/MANAK/AHCListForWebsite
HALLMARKING,HM-00707,,594,AHC-ERO-RAHC-R-7428131,SOM ASSAING CENTRE,ERO/RAHC/R-7428131,"KARIMPUR BAZAR, KARIMPUR, NADIA, KARIMPUR, WEST BENGAL ,741152",KARIMPUR,NADIA,WEST BENGAL,741152,SUSPENDED,Under Suspension,04/01/2025,Gold Hallmarking,Assaying & Hallmarking,https://www.manakonline.in/MANAK/AHCListForWebsite
HALLMARKING,HM-00708,,595,AHC-ERO-RAHC-R-7428444,KP ASSAYING & HALLMARKING CENTRE,ERO/RAHC/R-7428444,"JAGADAMBA APARTMENT ,SHOP NO-B1,14,PARANSHIL LANE ,KHAGRA, MURSHIDABAD, BERHAMPORE (WB), WEST BENGAL ,742103",BERHAMPORE (WB),MURSHIDABAD,WEST BENGAL,742103,ACTIVE,Operative,05/09/2028,Yellow Gold Hallmarking,Assaying & Hallmarking,https://www.manakonline.in/MANAK/AHCListForWebsite
HALLMARKING,HM-00709,,596,AHC-ERO-RAHC-R-7428444-O1-,KP ASSAYING & HALLMARKING CENTRE,ERO/RAHC/R-7428444(O1),"JAGADAMBA APARTMENT ,SHOP NO-B1,14,PARANSHIL LANE ,KHAGRA, MURSHIDABAD, BERHAMPORE (WB), WEST BENGAL ,742103",BERHAMPORE (WB),MURSHIDABAD,WEST BENGAL,742103,ACTIVE,Operative,05/09/2028,Yellow Gold Hallmarking,Assaying & Hallmarking,https://www.manakonline.in/MANAK/AHCListForWebsite
HALLMARKING,HM-00710,,597,AHC-ERO-RAHC-R-7428532,Iscon Hall Marking Center,ERO/RAHC/R-7428532,"16/A/1Canninghum Road,P.O:- Naihati, P.S:- Naihati, NORTH 24 PARGANAS, NAIHATI, WEST BENGAL ,743165",NAIHATI,NORTH 24 PARGANAS,WEST BENGAL,743165,ACTIVE,Operative,07/09/2028,Yellow Gold Hallmarking,Assaying & Hallmarking,https://www.manakonline.in/MANAK/AHCListForWebsite
HALLMARKING,HM-00711,,598,AHC-ERO-RAHC-R-7428789,S M MAA BURIMA HALLMARKING CENTRE,ERO/RAHC/R-7428789,"WARD NO. 8, HOLDING NO. 226, BAZAR PARA ROADPOST & PS: BELDANGA, MURSHIDABAD, BELDANGA, WEST BENGAL ,742133",BELDANGA,MURSHIDABAD,WEST BENGAL,742133,ACTIVE,Operative,08/11/2027,Gold Hallmarking,Assaying & Hallmarking,https://www.manakonline.in/MANAK/AHCListForWebsite
HALLMARKING,HM-00712,,599,AHC-ERO-RAHC-R-7428789-O1-,S M MAA BURIMA HALLMARKING CENTRE,ERO/RAHC/R-7428789(O1),"WARD NO. 8, HOLDING NO. 226, BAZAR PARA ROADPOST & PS: BELDANGA, MURSHIDABAD, BELDANGA, WEST BENGAL ,742133",BELDANGA,MURSHIDABAD,WEST BENGAL,742133,ACTIVE,Operative,08/11/2027,Gold Hallmarking,Assaying & Hallmarking,https://www.manakonline.in/MANAK/AHCListForWebsite
HALLMARKING,HM-00714,,600,AHC-ERO-RAHC-R-7511471,MAA DURGA HALL MARKING & ASSAY CENTER,ERO/RAHC/R-7511471,"BIBISARAI, JAJATI NAGAR, PO+PS: JAJPUR TOWN, JAJPUR, JAJPUR BAZAR, ODISHA ,755001",JAJPUR BAZAR,JAJPUR,ODISHA,755001,ACTIVE,Operative,05/10/2028,Yellow Gold Hallmarking,Assaying & Hallmarking,https://www.manakonline.in/MANAK/AHCListForWebsite
HALLMARKING,HM-00715,,601,AHC-ERO-RAHC-R-7512072,SWASTIK HALLMARKING,ERO/RAHC/R-7512072,"KHATA NO 190 PLOT NO 1340WORD NO 13 MANIK GHOSH BAZAR, CUTTACK, CUTTACK G.P.O., ODISHA ,753002",CUTTACK G.P.O,CUTTACK,ODISHA,753002,ACTIVE,Operative,20/08/2028,Yellow Gold Hallmarking,Assaying & Hallmarking,https://www.manakonline.in/MANAK/AHCListForWebsite
HALLMARKING,HM-00716,,602,AHC-ERO-RAHC-R-7513469,SHREE KRISHNA HALLMARKING CENTRE,ERO/RAHC/R-7513469,"493, UTTARESWARSORO, BALASORE, SORO, ODISHA ,756045",SORO,BALASORE,ODISHA,756045,ACTIVE,Operative,01/06/2028,Yellow Gold Hallmarking,Assaying & Hallmarking,https://www.manakonline.in/MANAK/AHCListForWebsite
HALLMARKING,HM-00717,,603,AHC-ERO-RAHC-R-7513623,N & N HALLMARK,ERO/RAHC/R-7513623,"D-37 SEC-7CDA, CUTTACK, CUTTACK G.P.O., ODISHA ,753014",CUTTACK G.P.O,CUTTACK,ODISHA,753014,SUSPENDED,Under Suspension,11/09/2026,Yellow Gold Hallmarking,Assaying & Hallmarking,https://www.manakonline.in/MANAK/AHCListForWebsite
HALLMARKING,HM-00718,,604,AHC-ERO-RAHC-R-7514325,SHREE BALAJI ASSEYING AND HALLMARKING CENTER,ERO/RAHC/R-7514325,"GROUND FLOOR,PLOT NO24/1527/3270,KHATA NO 413/753,ANGUL BAZAR NEAR MARWARI DHARMASALA,ANGUL,ODISHA, ANGUL, ANGUL, ODISHA ,759122",ANGUL,ANGUL,ODISHA,759122,ACTIVE,Operative,17/02/2029,Yellow Gold Hallmarking,Assaying & Hallmarking,https://www.manakonline.in/MANAK/AHCListForWebsite
HALLMARKING,HM-00719,,605,AHC-ERO-RAHC-R-7514395,KALYANI ASSAYING & HALLMARKING CENTRE,ERO/RAHC/R-7514395,"SHOP NO-20, 3RD FLOOR, HEMARAJ LANE ,NAYASARAKNAYASARAK,CUTTACK, CUTTACK, CHANDINCHOWK, ODISHA ,753002",CHANDINCHOWK,CUTTACK,ODISHA,753002,ACTIVE,Operative,27/04/2028,Gold & Silver Both Hallmarking,Assaying & Hallmarking,https://www.manakonline.in/MANAK/AHCListForWebsite
HALLMARKING,HM-00720,,606,AHC-ERO-RAHC-R-7514395-O1-,KALYANI ASSAYING & HALLMARKING CENTRE,ERO/RAHC/R-7514395(O1),"SHOP NO-20, 3RD FLOOR, HEMARAJ LANE ,NAYASARAKNAYASARAK,CUTTACK, CUTTACK, CHANDINCHOWK, ODISHA ,753002",CHANDINCHOWK,CUTTACK,ODISHA,753002,ACTIVE,Operative,27/04/2028,Gold & Silver Both Hallmarking,Assaying & Hallmarking,https://www.manakonline.in/MANAK/AHCListForWebsite
HALLMARKING,HM-00721,,607,AHC-ERO-RAHC-R-7518045,DEB HALLMARKING CENTRE,ERO/RAHC/R-7518045,"PLOT NO-949/996,GOPALGOAN, BALASORE, BALASORE, ODISHA ,756001",BALASORE,BALASORE,ODISHA,756001,ACTIVE,Operative,09/08/2029,Yellow Gold Hallmarking,Assaying & Hallmarking,https://www.manakonline.in/MANAK/AHCListForWebsite
HALLMARKING,HM-00722,,608,AHC-ERO-RAHC-R-7518638,KALYANI HALLMARKING CENTRE,ERO/RAHC/R-7518638,"PLOT NO-182/695,1ST FLOOR,RAYBAHADURLANE,BALAGANDIBALAGANDI,KUMBHARAPADA,PURI,, PURI, PURI, ODISHA ,752001",PURI,PURI,ODISHA,752001,ACTIVE,Operative,14/01/2028,Yellow Gold Hallmarking,Assaying & Hallmarking,https://www.manakonline.in/MANAK/AHCListForWebsite
HALLMARKING,HM-00723,,609,AHC-ERO-RAHC-R-7518887,RSLAXMI HALMARKING CENTRE,ERO/RAHC/R-7518887,"1 ST FLOOR,PLOT NO.162/594,LALBAZARGOLAP BAG,BARIPADA,MAYURBHANJ, MAYURBHANJ, BARIPADA, ODISHA ,757001",BARIPADA,MAYURBHANJ,ODISHA,757001,ACTIVE,Operative,04/05/2027,Yellow Gold Hallmarking,Assaying & Hallmarking,https://www.manakonline.in/MANAK/AHCListForWebsite
HALLMARKING,HM-00724,,610,AHC-ERO-RAHC-R-7521152,SENAPATI HALLMARKING CENTRE,ERO/RAHC/R-7521152,"PLOT NO 1617/2785 KHATA NO 1219/1770KHANDAPARA ROAD, NAYAGARH, , ODISHA ,752069",NAYAGARH,PLOT NO 1617/2785 KHATA NO 1219/1770KHANDAPARA ROAD,ODISHA,752069,ACTIVE,Operative,24/09/2026,Yellow Gold Hallmarking,Assaying & Hallmarking,https://www.manakonline.in/MANAK/AHCListForWebsite
HALLMARKING,HM-00725,,611,AHC-ERO-RAHC-R-7521860,MAA TARINI ASSAYING & HALLMARKING CENTRE,ERO/RAHC/R-7521860,"2nd Floor, Plot No.: 30/746/843, Banka,Near UCO Bank Lane, Naripur, BHADRAK, BHADRAK, ODISHA ,756100",BHADRAK,BHADRAK,ODISHA,756100,SUSPENDED,Under Suspension,25/02/2028,Yellow Gold Hallmarking,Assaying & Hallmarking,https://www.manakonline.in/MANAK/AHCListForWebsite
HALLMARKING,HM-00727,,612,AHC-ERO-RAHC-R-7525602,MAHAVIR HALLMARKING CENTRE,ERO/RAHC/R-7525602,"GROUND FLOOR, KHATA NO. 435/518PLOT NO. 2038/2872, NIMCHOURI, NEAR DEBAJANI JEWELLERS, NIMCHOURI, CUTTACK, CUTTACK G.P.O., ODISHA ,753002",CUTTACK G.P.O,CUTTACK,ODISHA,753002,ACTIVE,Operative,17/05/2029,Yellow Gold Hallmarking,Assaying & Hallmarking,https://www.manakonline.in/MANAK/AHCListForWebsite
HALLMARKING,HM-00728,,613,AHC-ERO-RAHC-R-7526427,SAMPARK REFINERY AND HALLMARKING CENTRE,ERO/RAHC/R-7526427,"1st & 2nd FLOOR,MANIK GHOSH BAZARPUJA COMMITEE BUILDING,CHANDINI CHOWK, CUTTACK, CUTTACK G.P.O., ODISHA ,753002",CUTTACK G.P.O,CUTTACK,ODISHA,753002,ACTIVE,Operative,29/04/2029,"Yellow Gold,Silver Hallmarking",Assaying & Hallmarking,https://www.manakonline.in/MANAK/AHCListForWebsite
HALLMARKING,HM-00729,,614,AHC-ERO-RAHC-R-7610002,MANGAL MURTI ASSAYING AND HALLMARKING CENTRE,ERO/RAHC/R-7610002,"Plot No 451/2445,475/2446, Khata No 492/329RTU-35, ANAND BHAVAN LANE, SUNDARGARH, ROURKELA, SUNDARGARH, SUNDARGARH, ODISHA ,769001",SUNDARGARH,SUNDARGARH,ODISHA,769001,ACTIVE,Operative,23/01/2027,Gold Hallmarking,Assaying & Hallmarking,https://www.manakonline.in/MANAK/AHCListForWebsite
HALLMARKING,HM-00730,,615,AHC-ERO-RAHC-R-7626818,S A N HALLMARKING CENTRE,ERO/RAHC/R-7626818,"1ST FLOOR, SANTARARANI STREET, GANJAM, BERHAMPUR CITY, ODISHA ,760002",BERHAMPUR CITY,GANJAM,ODISHA,760002,ACTIVE,Operative,27/02/2027,Gold Hallmarking,Assaying & Hallmarking,https://www.manakonline.in/MANAK/AHCListForWebsite
HALLMARKING,HM-00732,,616,AHC-ERO-RAHC-R-7810914,S K ASSIGNING HALLMARKING CENTRE,ERO/RAHC/R-7810914,"Holding No. 3249, Ward No. 12, Ex- Police LineTezpur Town, Near Mahajati Press, SONITPUR, TEZPUR, ASSAM ,784001",TEZPUR,SONITPUR,ASSAM,784001,ACTIVE,Operative,23/03/2028,Gold Hallmarking,Assaying & Hallmarking,https://www.manakonline.in/MANAK/AHCListForWebsite
HALLMARKING,HM-00734,,617,AHC-ERO-RAHC-R-7811685,SREE GANESH HALLMARKING CENTER,ERO/RAHC/R-7811685,"01ST FLOOR, BUILDING NO. 01, WARD NO. 8740 PODDER PARA, NEW GAURIPUR, NEAR FISH MARKET, DHUBRI, GAURIPUR, ASSAM ,783331",GAURIPUR,DHUBRI,ASSAM,783331,ACTIVE,Operative,27/10/2027,Gold Hallmarking,Assaying & Hallmarking,https://www.manakonline.in/MANAK/AHCListForWebsite
HALLMARKING,HM-00735,,618,AHC-ERO-RAHC-R-7813453,GLOBAL HALLMARKING CENTRE,ERO/RAHC/R-7813453,"1ST FL. MUBARAK MARKET, DAG NO. 2096, WARD NO. 6GIRLS HIGH SCHOOL ROAD, NORTH LAKHIMPUR, LAKHIMPUR, NORTH LAKHIMPUR, ASSAM ,787001",NORTH LAKHIMPUR,LAKHIMPUR,ASSAM,787001,ACTIVE,Operative,22/12/2028,Gold Hallmarking,Assaying & Hallmarking,https://www.manakonline.in/MANAK/AHCListForWebsite
HALLMARKING,HM-00738,,619,AHC-ERO-RAHC-R-7817431,MADHU HALLMARKING CENTRE,ERO/RAHC/R-7817431,"3RD FLOOR, WARD NO. 04NEAR SBI ATM, KOKRAJHAR, KOKRAJHAR, KOKRAJHAR, ASSAM ,783370",KOKRAJHAR,KOKRAJHAR,ASSAM,783370,ACTIVE,Operative,29/12/2028,Yellow Gold Hallmarking,Assaying & Hallmarking,https://www.manakonline.in/MANAK/AHCListForWebsite
HALLMARKING,HM-00739,,620,AHC-ERO-RAHC-R-7818530,THE SB HALLMARKING CENTRE,ERO/RAHC/R-7818530,"KALINDI PLAZA 1st FLOOR, Dr. J.C. DAS ROAD,NEAR SHANKARDEV ACADEMY, PANBAZAR, GUWAHATI-01, KAMRUP METROPOLITAN, KAMRUP METROPOLITAN, ASSAM ,781001",KAMRUP METROPOLITAN,KAMRUP METROPOLITAN,ASSAM,781001,ACTIVE,Operative,16/02/2028,Gold Hallmarking,Assaying & Hallmarking,https://www.manakonline.in/MANAK/AHCListForWebsite
HALLMARKING,HM-00740,,621,AHC-ERO-RAHC-R-7820515,M M HALLMARKING CENTRE,ERO/RAHC/R-7820515,"1st Floor, 145A, Tinsukia Market, AT RoadTinsukia, Assam-786125, TINSUKIA, TINSUKIA, ASSAM ,786125",TINSUKIA,TINSUKIA,ASSAM,786125,ACTIVE,Operative,08/07/2027,Yellow Gold Hallmarking,Assaying & Hallmarking,https://www.manakonline.in/MANAK/AHCListForWebsite
HALLMARKING,HM-00741,,622,AHC-ERO-RAHC-R-7823030,DIPAK ASSAY CENTRE,ERO/RAHC/R-7823030,"WARD NO.8,AGIA PARA,TILAPARA, GOALPARA, GOALPARA, ASSAM ,783101",GOALPARA,GOALPARA,ASSAM,783101,ACTIVE,Operative,10/08/2029,Yellow Gold Hallmarking,Assaying & Hallmarking,https://www.manakonline.in/MANAK/AHCListForWebsite
HALLMARKING,HM-00742,,623,AHC-ERO-RAHC-R-7823388,S R ASSAYING & HALLMARKING CENTRE,ERO/RAHC/R-7823388,"Ward No 23, Holding No 198/4, NN Dutta Road ,Silchar, Cachar, Assam -788001, CACHAR, SILCHAR, ASSAM ,788001",SILCHAR,CACHAR,ASSAM,788001,ACTIVE,Operative,20/02/2025,Yellow Gold Hallmarking,Assaying & Hallmarking,https://www.manakonline.in/MANAK/AHCListForWebsite
HALLMARKING,HM-00743,,624,AHC-ERO-RAHC-R-7824011,MAA DURGA HALLMARK CENTER,ERO/RAHC/R-7824011,"1 ST FLOOR, BASANTI SHOPPING COMPLEX, DURGABARIROAWARD NO 6, BARPETA ROAD, Barpeta, Assam, 781315, BARPETA, BARPETA ROAD, ASSAM ,781315",BARPETA ROAD,BARPETA,ASSAM,781315,ACTIVE,Operative,29/12/2027,Yellow Gold Hallmarking,Assaying & Hallmarking,https://www.manakonline.in/MANAK/AHCListForWebsite
HALLMARKING,HM-00744,,625,AHC-ERO-RAHC-R-7824537,MAULI HALLMARK CENTER,ERO/RAHC/R-7824537,"01st Floor, ""TRINAYAN MARKET"" Sivasagar TankPatriot Girindra Nath Gogoi Path, Sivasagar, SIVASAGAR, SIVASAGAR, ASSAM ,785697",SIVASAGAR,SIVASAGAR,ASSAM,785697,ACTIVE,Operative,16/02/2029,Gold Hallmarking,Assaying & Hallmarking,https://www.manakonline.in/MANAK/AHCListForWebsite
HALLMARKING,HM-00745,,626,AHC-ERO-RAHC-R-7825845,BIKANER HALLMARKING CENTER,ERO/RAHC/R-7825845,"02nd Floor, Saddam MarketThana Road, Nagaon, NAGAON, NAGAON, ASSAM ,782001",NAGAON,NAGAON,ASSAM,782001,ACTIVE,Operative,04/08/2028,Gold Hallmarking,Assaying & Hallmarking,https://www.manakonline.in/MANAK/AHCListForWebsite
HALLMARKING,HM-00746,,627,AHC-ERO-RAHC-R-7827893,MAA HALLMARKING CENTRE,ERO/RAHC/R-7827893,"1ST FLOOR, BHAJA GOBINDA COMPLEXWARD NO. 6, HOLDING NO. 100, DAG NO. 777, BARPETA, BARPETA ROAD, ASSAM ,781315",BARPETA ROAD,BARPETA,ASSAM,781315,SUSPENDED,Under Suspension,05/01/2028,Gold Hallmarking,Assaying & Hallmarking,https://www.manakonline.in/MANAK/AHCListForWebsite
HALLMARKING,HM-00747,,628,AHC-ERO-RAHC-R-7827977,BONGAIGAON HALLMARKING CENTRE,ERO/RAHC/R-7827977,"WARD NO-10,SHASTRI ROADNEAR ICE FACTORY,NORTH BONGAIGAON, BONGAIGAON, BONGAIGAON, ASSAM ,783380",BONGAIGAON,BONGAIGAON,ASSAM,783380,ACTIVE,Operative,03/05/2025,Yellow Gold Hallmarking,Assaying & Hallmarking,https://www.manakonline.in/MANAK/AHCListForWebsite
HALLMARKING,HM-00748,,629,AHC-ERO-RAHC-R-7828987,S K ASSAYING & HALLMARKING CENTRE,ERO/RAHC/R-7828987,"MG ROAD BYE LANE, BONGAIGAON, BONGAIGAON, ASSAM ,783380",BONGAIGAON,BONGAIGAON,ASSAM,783380,ACTIVE,Operative,18/07/2027,Yellow Gold Hallmarking,Assaying & Hallmarking,https://www.manakonline.in/MANAK/AHCListForWebsite
HALLMARKING,HM-00749,,630,AHC-ERO-RAHC-R-7914141,SHEROWALI ROYALS PRIVATE LIMITED,ERO/RAHC/R-7914141,"KANSARI PATTI,OLD MUNICIPALITY ROAD, AGARTALAWest Tripura, WEST TRIPURA, AGARTALA, TRIPURA ,799001",AGARTALA,WEST TRIPURA,TRIPURA,799001,ACTIVE,Operative,29/08/2029,Yellow Gold Hallmarking,Assaying & Hallmarking,https://www.manakonline.in/MANAK/AHCListForWebsite
HALLMARKING,HM-00750,,631,AHC-ERO-RAHC-R-7916362,LAXMI HALMARKING AND GOLD TESTING CENTRE,ERO/RAHC/R-7916362,"AGARTALA HEAD POST OFFICE,44/2,CENTRAL ROADAGARTALA,WEST TRIPURA, WEST TRIPURA, AGARTALA, TRIPURA ,799001",AGARTALA,WEST TRIPURA,TRIPURA,799001,ACTIVE,Operative,13/07/2029,Yellow Gold Hallmarking,Assaying & Hallmarking,https://www.manakonline.in/MANAK/AHCListForWebsite
HALLMARKING,HM-00752,,632,AHC-ERO-RAHC-R-8010933,G N HALLMARKINGS,ERO/RAHC/R-8010933,"DHIRAJ NIWAS, NAGESHWAR COLONY,BAKERGANJ, PATNA, PATNA COLLECTORIATE, BIHAR ,800004",PATNA COLLECTORIATE,PATNA,BIHAR,800004,ACTIVE,Operative,29/07/2029,Gold Hallmarking,Assaying & Hallmarking,https://www.manakonline.in/MANAK/AHCListForWebsite
HALLMARKING,HM-00753,,633,AHC-ERO-RAHC-R-8015240,MADINA HALL MARKING CENTRE,ERO/RAHC/R-8015240,"CHOWK BAZAR, IMAM BARAH, BIHARSHARIF, NALANDA, NALANDA, BIHARSHARIF, BIHAR ,803101",BIHARSHARIF,NALANDA,BIHAR,803101,ACTIVE,Operative,21/03/2029,Yellow Gold Hallmarking,Assaying & Hallmarking,https://www.manakonline.in/MANAK/AHCListForWebsite
HALLMARKING,HM-00754,,634,AHC-ERO-RAHC-R-8024045,SRI RAM HALLMARKING AND ASSAYING CENTRE,ERO/RAHC/R-8024045,"Ground 409 C/O Subhash KumarLeheri Mohalla Road ,Halwatta Chowk Bazar, NALANDA, BIHARSHARIF, BIHAR ,803101",BIHARSHARIF,NALANDA,BIHAR,803101,ACTIVE,Operative,01/01/2029,Yellow Gold Hallmarking,Assaying & Hallmarking,https://www.manakonline.in/MANAK/AHCListForWebsite
HALLMARKING,HM-00755,,635,AHC-ERO-RAHC-R-8024168,DIAMOND STANDARD HALLMARKING CENTRE,ERO/RAHC/R-8024168,"DS COMPLEX - 5th FLOOR, BAKARGANG ROAD, BAKARGANG, PATNA, KADAMKUAN, BIHAR ,800004",KADAMKUAN,PATNA,BIHAR,800004,ACTIVE,Operative,29/03/2029,Gold & Silver Both Hallmarking,Assaying & Hallmarking,https://www.manakonline.in/MANAK/AHCListForWebsite
HALLMARKING,HM-00756,,636,AHC-ERO-RAHC-R-8027526,SHRI BALA JE HALLMARKING & TUNCH CENTRE,ERO/RAHC/R-8027526,"4th FLOOR, DUNDA SAHI COMPLEX, BAKERGANJ, BARIPATHDunda sahi complex, PATNA, BANKIPORE, BIHAR ,800004",BANKIPORE,PATNA,BIHAR,800004,ACTIVE,Operative,20/03/2028,Yellow Gold Hallmarking,Assaying & Hallmarking,https://www.manakonline.in/MANAK/AHCListForWebsite
HALLMARKING,HM-00757,,637,AHC-ERO-RAHC-R-8028515,RAJ NANDANI HALLMARKING CENTRE,ERO/RAHC/R-8028515,"BRAHAMAN TOLI, GOPALI CHOWK, AARAH,, BHOJPUR, ARRAH, BIHAR ,802301",ARRAH,BHOJPUR,BIHAR,802301,ACTIVE,Operative,29/12/2028,Yellow Gold Hallmarking,Assaying & Hallmarking,https://www.manakonline.in/MANAK/AHCListForWebsite
HALLMARKING,HM-00758,,638,AHC-ERO-RAHC-R-8029367,R K HALLMARKING CENTRE,ERO/RAHC/R-8029367,"POONAM COMPLEXBAKERGANJ, BARIPATH, PATNA, PATNA CITY, BIHAR ,800004",PATNA CITY,PATNA,BIHAR,800004,ACTIVE,Operative,29/05/2028,Gold & Silver Both Hallmarking,Assaying & Hallmarking,https://www.manakonline.in/MANAK/AHCListForWebsite
HALLMARKING,HM-00759,,639,AHC-ERO-RAHC-R-8029624,JAY SHREE KRISHNA HALLMARKING CENTER,ERO/RAHC/R-8029624,"4th Floor, Shop No-F/7,Dundasahi ComplexBakarganj Road, PATNA, KADAMKUAN, BIHAR ,800004",KADAMKUAN,PATNA,BIHAR,800004,ACTIVE,Operative,26/02/2029,Yellow Gold Hallmarking,Assaying & Hallmarking,https://www.manakonline.in/MANAK/AHCListForWebsite
HALLMARKING,HM-00760,,640,AHC-ERO-RAHC-R-8115561,H L HALLMARKING CENTER,ERO/RAHC/R-8115561,"SONAPATTI, NARNOLI KATA, ANANT RAM LANE, SUJAGANJ,BHAGALPUR, BIHAR 812002, BHAGALPUR, BHAGALPUR, BIHAR ,812002",BHAGALPUR,BHAGALPUR,BIHAR,812002,ACTIVE,Operative,21/03/2028,Yellow Gold Hallmarking,Assaying & Hallmarking,https://www.manakonline.in/MANAK/AHCListForWebsite
HALLMARKING,HM-00761,,641,AHC-ERO-RAHC-R-8117720,GM HALLMARKING & ASSAYING CENTRE,ERO/RAHC/R-8117720,"NEW BUILDING, GANGAHARI LANE , PANDEY GALIDEOGHAR, JHARKHAND-814112, DEOGHAR, B.DEOGHAR, JHARKHAND ,814112",B.DEOGHAR,DEOGHAR,JHARKHAND,814112,ACTIVE,Operative,04/02/2029,"Gold,Yellow Gold Hallmarking",Assaying & Hallmarking,https://www.manakonline.in/MANAK/AHCListForWebsite
HALLMARKING,HM-00762,,642,AHC-ERO-RAHC-R-8125726,MT HALLMARKING CENTRE,ERO/RAHC/R-8125726,"BEKAPUR, JUBLEE WELL, NEAR DURGA TEMPLEMUNGER, BIHAR, MUNGER, MUNGER, BIHAR ,811201",MUNGER,MUNGER,BIHAR,811201,ACTIVE,Operative,14/12/2026,Yellow Gold Hallmarking,Assaying & Hallmarking,https://www.manakonline.in/MANAK/AHCListForWebsite
HALLMARKING,HM-00763,,643,AHC-ERO-RAHC-R-8210250,BALAJEE HALLMARKING CENTRE,ERO/RAHC/R-8210250,"3RD FLOOR, ROOM NO 309INDUSTRY HOUSE, DHANBAD, DHANBAD, DHANBAD, JHARKHAND ,826001",DHANBAD,DHANBAD,JHARKHAND,826001,SUSPENDED,Under Suspension,03/09/2024,Gold Hallmarking,Assaying & Hallmarking,https://www.manakonline.in/MANAK/AHCListForWebsite
HALLMARKING,HM-00765,,644,AHC-ERO-RAHC-R-8219335,SHREE VITTHAL HALLMARKING CENTRE,ERO/RAHC/R-8219335,"63/206 SARDAR VALLABH BHAI PATEL PATHFIRST FLOOR CHOWK SARAFFA, GAYA, GAYA, BIHAR ,823001",GAYA,GAYA,BIHAR,823001,ACTIVE,Operative,21/09/2028,Yellow Gold Hallmarking,Assaying & Hallmarking,https://www.manakonline.in/MANAK/AHCListForWebsite
HALLMARKING,HM-00766,,645,AHC-ERO-RAHC-R-8220675,S P ASSAYING & HALLMARKING CENTRE,ERO/RAHC/R-8220675,"FIRST FLOOR, SPACE NO.-103, SHANTI BHAWANMAIN BUILDING, BANK MORE, DHANBAD, DHANBAD, JHARKHAND ,826001",DHANBAD,DHANBAD,JHARKHAND,826001,ACTIVE,Operative,25/03/2029,Gold & Silver Both Hallmarking,Assaying & Hallmarking,https://www.manakonline.in/MANAK/AHCListForWebsite
HALLMARKING,HM-00767,,646,AHC-ERO-RAHC-R-8220992,SHREE GANESH HALLMARKING CENTER,ERO/RAHC/R-8220992,"MULL- KILA , NAVRATAN BAZAR SASARAMROHTAS, BIHAR, ROHTAS, SASARAM, BIHAR ,821115",SASARAM,ROHTAS,BIHAR,821115,ACTIVE,Operative,12/04/2029,Yellow Gold Hallmarking,Assaying & Hallmarking,https://www.manakonline.in/MANAK/AHCListForWebsite
HALLMARKING,HM-00768,,647,AHC-ERO-RAHC-R-8221881,NITESH HALLMARKING CENTRE,ERO/RAHC/R-8221881,"FIRST FLOOR, PLOT NO 3139,LOHAR TOLA, RAMGARH, RAMGARH CANTT, JHARKHAND ,829122",RAMGARH CANTT,RAMGARH,JHARKHAND,829122,ACTIVE,Operative,19/12/2027,Yellow Gold Hallmarking,Assaying & Hallmarking,https://www.manakonline.in/MANAK/AHCListForWebsite
HALLMARKING,HM-00769,,648,AHC-ERO-RAHC-R-8222986,SHRI TIRUPATI BALAJI HALLMARK CENTRE,ERO/RAHC/R-8222986,"No-12,80,ward,Agarwal Muhalla,Garhwa,Thana Garhwa,GARHWA,JHARKHAND-822114, GARHWA, GARHWA, JHARKHAND ,822114",GARHWA,GARHWA,JHARKHAND,822114,ACTIVE,Operative,22/09/2028,"Gold,Yellow Gold Hallmarking",Assaying & Hallmarking,https://www.manakonline.in/MANAK/AHCListForWebsite
HALLMARKING,HM-00771,,649,AHC-ERO-RAHC-R-8225670,S S R HALLMARKING CENTRE,ERO/RAHC/R-8225670,"Bank More, 2nd Floor, Jbs Complex 2nd FloorS Complex, Bank More, Bank More, Dhanbad,, DHANBAD, DHANBAD, JHARKHAND ,826001",DHANBAD,DHANBAD,JHARKHAND,826001,ACTIVE,Operative,16/02/2029,Yellow Gold Hallmarking,Assaying & Hallmarking,https://www.manakonline.in/MANAK/AHCListForWebsite
HALLMARKING,HM-00772,,650,AHC-ERO-RAHC-R-8226466,SHREE VAISHNAVI ASSAYING & HALLMARKILNG CENTRE,ERO/RAHC/R-8226466,"PROP NO - 711052536,FIRST FLOOR,C/O MADHURI DEVI SARDAR VALLABH BHAI PATEL PATH ,CHOWK SARAFFA,, GAYA, GAYA, BIHAR ,823001",GAYA,GAYA,BIHAR,823001,ACTIVE,Operative,18/11/2027,Gold Hallmarking,Assaying & Hallmarking,https://www.manakonline.in/MANAK/AHCListForWebsite
HALLMARKING,HM-00773,,651,AHC-ERO-RAHC-R-8226905,GANPAT ASSAYING AND HALLMARKING CENTRE,ERO/RAHC/R-8226905,"Second &Third F, Holding No 49, Gaya, Ward No 22, Gaya, Bihar, Gaya , Pin 823001, GAYA, GAYA, BIHAR ,823001",GAYA,GAYA,BIHAR,823001,ACTIVE,Operative,30/01/2027,Yellow Gold Hallmarking,Assaying & Hallmarking,https://www.manakonline.in/MANAK/AHCListForWebsite
HALLMARKING,HM-00774,,652,AHC-ERO-RAHC-R-8311157,T M HALL MARKING CENTRE,ERO/RAHC/R-8311157,"H NO 138 HANDI LINE SAKCHI BAZAR, EAST SINGHBHUM, JAMSHEDPUR, JHARKHAND ,831001",JAMSHEDPUR,EAST SINGHBHUM,JHARKHAND,831001,ACTIVE,Operative,11/12/2026,"Gold,Yellow Gold Hallmarking",Assaying & Hallmarking,https://www.manakonline.in/MANAK/AHCListForWebsite
HALLMARKING,HM-00775,,653,AHC-ERO-RAHC-R-8317485,SUMAN HALLMARKING CENTER LLP,ERO/RAHC/R-8317485,"Ram Chandra Lane,Upper Bazar, RANCHI, RANCHI G.P.O., JHARKHAND ,834401",RANCHI G.P.O,RANCHI,JHARKHAND,834401,ACTIVE,Operative,05/09/2026,Gold Hallmarking,Assaying & Hallmarking,https://www.manakonline.in/MANAK/AHCListForWebsite
HALLMARKING,HM-00776,,654,AHC-ERO-RAHC-R-8324526,TRIMURTI ASSAYING AND HALLMARKING CENTER,ERO/RAHC/R-8324526,"SHOP NO- 8, GROUND FLOOR, BASANT CENTRAL, SAKCHI, EAST SINGHBHUM, JAMSHEDPUR, JHARKHAND ,831001",JAMSHEDPUR,EAST SINGHBHUM,JHARKHAND,831001,ACTIVE,Operative,22/12/2028,Gold Hallmarking,Assaying & Hallmarking,https://www.manakonline.in/MANAK/AHCListForWebsite
HALLMARKING,HM-00777,,655,AHC-ERO-RAHC-R-8328530,SONA CHANDI HALLMARKING,ERO/RAHC/R-8328530,"5, 2ND FLOOR BASANT CENTRALSAKCHI JAMSHEDPUR, EAST SINGHBHUM, JAMSHEDPUR, JHARKHAND ,831001",JAMSHEDPUR,EAST SINGHBHUM,JHARKHAND,831001,SUSPENDED,Under Suspension,18/06/2027,Yellow Gold Hallmarking,Assaying & Hallmarking,https://www.manakonline.in/MANAK/AHCListForWebsite
HALLMARKING,HM-00778,,656,AHC-ERO-RAHC-R-8413051,MKB GOLD HALLMARK CENTRE,ERO/RAHC/R-8413051,"1st FLOOR, C/o MOHAN PRASAD GUPTAPURANI BAZAZI, CHOWK BAZAR, NEAR BARI MASJID, CHOWK BAZAR, SIWAN, SIWAN, SIWAN CHOWK BAZAR, BIHAR ,841226",SIWAN CHOWK BAZAR,SIWAN,BIHAR,841226,ACTIVE,Operative,28/07/2029,Yellow Gold Hallmarking,Assaying & Hallmarking,https://www.manakonline.in/MANAK/AHCListForWebsite
HALLMARKING,HM-00779,,657,AHC-ERO-RAHC-R-8415545,THE VAIBHAV HALLMARKING,ERO/RAHC/R-8415545,"WARD NO. 5, BARA BAZAR, MADHUBANI, MADHUBANI, MADHUBANI, BIHAR ,847211",MADHUBANI,MADHUBANI,BIHAR,847211,ACTIVE,Operative,01/06/2028,Yellow Gold Hallmarking,Assaying & Hallmarking,https://www.manakonline.in/MANAK/AHCListForWebsite
HALLMARKING,HM-00780,,658,AHC-ERO-RAHC-R-8416053,S P ASSAYING & HALLMARKING CENTRE,ERO/RAHC/R-8416053,"Floor No.: 1ST FLOR, Building No./Flat No.: 28815YADUBIR SINHA HOMEPATHIC COLLEGE, BAKERGANJ, DARBHANGA, LAHERIASARAI, BIHAR ,846001",LAHERIASARAI,DARBHANGA,BIHAR,846001,ACTIVE,Operative,27/04/2029,Gold & Silver Both Hallmarking,Assaying & Hallmarking,https://www.manakonline.in/MANAK/AHCListForWebsite
HALLMARKING,HM-00782,,659,AHC-ERO-RAHC-R-8421125,SAGAR HALLMARKING,ERO/RAHC/R-8421125,"BARI COMPLEX, SONARPATTI, MOTIHARI, EAST CHAMPARAN, EAST CHAMPARAN, MOTIHARI, BIHAR ,845401",MOTIHARI,EAST CHAMPARAN,BIHAR,845401,ACTIVE,Operative,04/08/2028,Yellow Gold Hallmarking,Assaying & Hallmarking,https://www.manakonline.in/MANAK/AHCListForWebsite
HALLMARKING,HM-00783,,660,AHC-ERO-RAHC-R-8421125-O1-,SAGAR HALLMARKING,ERO/RAHC/R-8421125(O1),"BARI COMPLEX, SONARPATTI, MOTIHARI, EAST CHAMPARAN, EAST CHAMPARAN, MOTIHARI, BIHAR ,845401",MOTIHARI,EAST CHAMPARAN,BIHAR,845401,ACTIVE,Operative,04/08/2028,Yellow Gold Hallmarking,Assaying & Hallmarking,https://www.manakonline.in/MANAK/AHCListForWebsite
HALLMARKING,HM-00784,,661,AHC-ERO-RAHC-R-8421629,SANSKAR HALLMARKING,ERO/RAHC/R-8421629,"1 ST FLOOR, Mahua Singh Rae, Mahua, Vaishali,, VAISHALI, MAHUWA, BIHAR ,844122",MAHUWA,VAISHALI,BIHAR,844122,ACTIVE,Operative,20/06/2027,Gold Hallmarking,Assaying & Hallmarking,https://www.manakonline.in/MANAK/AHCListForWebsite
HALLMARKING,HM-00786,,662,AHC-ERO-RAHC-R-8427026,MAA KAMAKHYA HALLMARKING CENTER,ERO/RAHC/R-8427026,"SONAPATTI WARD NO 6 CHANDRASEKHAR AZAD TOWER, SITAMARHI, SITAMARHI, BIHAR ,843302",SITAMARHI,SITAMARHI,BIHAR,843302,ACTIVE,Operative,25/09/2027,Yellow Gold Hallmarking,Assaying & Hallmarking,https://www.manakonline.in/MANAK/AHCListForWebsite
HALLMARKING,HM-00787,,663,AHC-ERO-RAHC-R-8427363,BALAJI TONCH AND HALLMARK CENTER,ERO/RAHC/R-8427363,"MIRCHAIPATTI WARD NO 08SITAMARHI, SITAMARHI, SITAMARHI BAZAR, BIHAR ,843302",SITAMARHI BAZAR,SITAMARHI,BIHAR,843302,ACTIVE,Operative,29/12/2028,Yellow Gold Hallmarking,Assaying & Hallmarking,https://www.manakonline.in/MANAK/AHCListForWebsite
HALLMARKING,HM-00789,,664,AHC-ERO-RAHC-R-8427968,SRI RAM GOLD TESTING & HALLMARKING CENTER,ERO/RAHC/R-8427968,"CHAPRA,FRUIT GOLA SAHEBGANJ,SARANBIHAR, SARAN, CHAPRA, BIHAR ,841201",CHAPRA,SARAN,BIHAR,841201,ACTIVE,Operative,14/02/2029,Yellow Gold Hallmarking,Assaying & Hallmarking,https://www.manakonline.in/MANAK/AHCListForWebsite
HALLMARKING,HM-00790,,665,AHC-ERO-RAHC-R-8429116,SHRI GANESH ASSAYING & HALLMARKING CENTRE,ERO/RAHC/R-8429116,"NEAR MAHARANI GODOWN GUPTA NIWASBARA BAZAR, DARBHANGA, , BIHAR ,846004",DARBHANGA,NEAR MAHARANI GODOWN GUPTA NIWASBARA BAZAR,BIHAR,846004,SUSPENDED,Under Suspension,26/08/2027,Yellow Gold Hallmarking,Assaying & Hallmarking,https://www.manakonline.in/MANAK/AHCListForWebsite
HALLMARKING,HM-00791,,666,AHC-ERO-RAHC-R-8512519,M J HALL MARKING CENTRE,ERO/RAHC/R-8512519,"WARD NO 19THANA CHOWK, KHAGARIA, KHAGARIA BAZAR, BIHAR ,851204",KHAGARIA BAZAR,KHAGARIA,BIHAR,851204,ACTIVE,Operative,17/09/2028,Yellow Gold Hallmarking,Assaying & Hallmarking,https://www.manakonline.in/MANAK/AHCListForWebsite
HALLMARKING,HM-00792,,667,AHC-ERO-RAHC-R-8519335,DN HALLMARKING,ERO/RAHC/R-8519335,"SONARPATTI ROAD,MUNGERIGANJ,BEGUSARAI, BEGUSARAI, BEGUSARAI, BIHAR ,851101",BEGUSARAI,BEGUSARAI,BIHAR,851101,ACTIVE,Operative,03/11/2027,Yellow Gold Hallmarking,Assaying & Hallmarking,https://www.manakonline.in/MANAK/AHCListForWebsite
HALLMARKING,HM-00793,,668,AHC-ERO-RAHC-R-8520737,MAHADEV HALLMARKING CENTRE,ERO/RAHC/R-8520737,"NA, WARD NO-20, MAIN ROAD, Madhepura,Madhepura, Bihar, 852113, MADHEPURA, MADHEPURA, BIHAR ,852113",MADHEPURA,MADHEPURA,BIHAR,852113,ACTIVE,Operative,09/05/2029,Yellow Gold Hallmarking,Assaying & Hallmarking,https://www.manakonline.in/MANAK/AHCListForWebsite
HALLMARKING,HM-00794,,669,AHC-ERO-RAHC-R-8524288,D N HALLMARKING,ERO/RAHC/R-8524288,"NEAR SBI ATM. 1ST AND 2ND FLOORDURGA MANDIR ROAD,MID OF CHANCHANI CHOWK &MAHAVRI, SAHARSA, SAHARSA, BIHAR ,852201",SAHARSA,SAHARSA,BIHAR,852201,ACTIVE,Operative,12/12/2028,Yellow Gold Hallmarking,Assaying & Hallmarking,https://www.manakonline.in/MANAK/AHCListForWebsite
HALLMARKING,HM-00795,,670,AHC-ERO-RAHC-R-8524682,SHIVKRUPA HALLMARKING CENTRE,ERO/RAHC/R-8524682,"01ST FLOOR, WARD NO. 32, BANIYATOLAPOST & PS: KATIHAR, KATIHAR, KATIHAR, BIHAR ,854105",KATIHAR,KATIHAR,BIHAR,854105,ACTIVE,Operative,10/08/2028,Gold Hallmarking,Assaying & Hallmarking,https://www.manakonline.in/MANAK/AHCListForWebsite
HALLMARKING,HM-00796,,671,AHC-ERO-RAHC-R-8525003,STAR HALLMARKING CENTRE PURNIA,ERO/RAHC/R-8525003,"LAKHAN CHOWK, OPPOSITE KALIPADA JEWELLERSBHATTA BAZAR, PURNIA, BHATTA BAZAR, BIHAR ,854301",BHATTA BAZAR,PURNIA,BIHAR,854301,ACTIVE,Operative,17/05/2029,Yellow Gold Hallmarking,Assaying & Hallmarking,https://www.manakonline.in/MANAK/AHCListForWebsite
HALLMARKING,HM-00797,,672,AHC-ERO-RAHC-R-8527983,SUMAN HALLMARKING CENTER LLP,ERO/RAHC/R-8527983,"SONAPATTI ROAD KISHANGANJ, KISHANGANJ, KISHANGANJ, BIHAR ,855107",KISHANGANJ,KISHANGANJ,BIHAR,855107,ACTIVE,Operative,15/11/2028,"Yellow Gold,Silver Hallmarking",Assaying & Hallmarking,https://www.manakonline.in/MANAK/AHCListForWebsite
HALLMARKING,HM-00798,,673,AHC-ERO-RAHC-R-8529840,KANISHKA HALLMARKING CENTRE,ERO/RAHC/R-8529840,"MADHUBANI BAZAR,PURNEA, PURNIA, MADHUBANI, BIHAR ,854301",MADHUBANI,PURNIA,BIHAR,854301,OTHER,Deferred,15/06/2026,Yellow Gold Hallmarking,Assaying & Hallmarking,https://www.manakonline.in/MANAK/AHCListForWebsite
HALLMARKING,HM-00799,,674,AHC-NRO-RAHC-R-1212223,SHREE KHATU JI ENTERPRISES,NRO/RAHC/R-1212223,"GROUND FLOOR PART 1, 538D, Unq Buildingkhazanchian market, Hisar, Haryana, HISSAR, HISAR, HARYANA ,125001",HISAR,HISSAR,HARYANA,125001,ACTIVE,Operative,17/10/2027,Yellow Gold Hallmarking,Assaying & Hallmarking,https://www.manakonline.in/MANAK/AHCListForWebsite
HALLMARKING,HM-00802,,675,AHC-NRO-RAHC-R-1213955,S K GARG TEST LAB AND HALLMARKING CENTRE,NRO/RAHC/R-1213955,"RAILWAYSTATION ROADCHARKHI DADRI,HARYANA, CHARKHI DADRI, CHARKHI DADRI CITY, HARYANA ,127306",CHARKHI DADRI CITY,CHARKHI DADRI,HARYANA,127306,ACTIVE,Operative,16/03/2028,Yellow Gold Hallmarking,Assaying & Hallmarking,https://www.manakonline.in/MANAK/AHCListForWebsite
HALLMARKING,HM-00804,,676,AHC-NRO-RAHC-R-1214363,GAURAV HALLMARK & ASSAYING CENTRE,NRO/RAHC/R-1214363,"VERMA BOOK DEPOT, Hari Pura MOHALLA, 911, Jhajjar,Jhajjar, JHAJJAR, JHAJJAR, HARYANA ,124103",JHAJJAR,JHAJJAR,HARYANA,124103,SUSPENDED,Under Suspension,04/10/2026,Yellow Gold Hallmarking,Assaying & Hallmarking,https://www.manakonline.in/MANAK/AHCListForWebsite
HALLMARKING,HM-00805,,677,AHC-NRO-RAHC-R-1214770,SHREE BALAJI HALLMARKING CENTRE,NRO/RAHC/R-1214770,"1105/15 ASHRI GATE, SATYANARAYAN MANDIR GALIMAIN BAZAR, JIND, JIND, JIND, HARYANA ,126102",JIND,JIND,HARYANA,126102,ACTIVE,Operative,08/05/2028,Yellow Gold Hallmarking,Assaying & Hallmarking,https://www.manakonline.in/MANAK/AHCListForWebsite
HALLMARKING,HM-00806,,678,AHC-NRO-RAHC-R-1214770-O1-,SHREE BALAJI HALLMARKING CENTRE,NRO/RAHC/R-1214770(O1),"1105/15 ASHRI GATE, SATYANARAYAN MANDIR GALIMAIN BAZAR, JIND, JIND, JIND, HARYANA ,126102",JIND,JIND,HARYANA,126102,ACTIVE,Operative,08/05/2028,Yellow Gold Hallmarking,Assaying & Hallmarking,https://www.manakonline.in/MANAK/AHCListForWebsite
HALLMARKING,HM-00807,,679,AHC-NRO-RAHC-R-1216062,BOMBAY ASSAYING AND HALLMARKING CENTRE,NRO/RAHC/R-1216062,"FIRST FLOOR,1E/51,NIT,FARIDABADHARYANA, FARIDABAD, FARIDABAD NIT, HARYANA ,121001",FARIDABAD NIT,FARIDABAD,HARYANA,121001,ACTIVE,Operative,05/04/2025,Yellow Gold Hallmarking,Assaying & Hallmarking,https://www.manakonline.in/MANAK/AHCListForWebsite
HALLMARKING,HM-00810,,680,AHC-NRO-RAHC-R-1220813,FARIDABAD ASSAYING AND HALLMARKING CENTRE,NRO/RAHC/R-1220813,"WARD NO-31, SHOP NO. 392,FIRST FLOOR, MAIN MARKET,OLD FARIDABAD, FARIDABAD, FARIDABAD CITY, HARYANA ,121002",FARIDABAD CITY,FARIDABAD,HARYANA,121002,ACTIVE,Operative,13/05/2029,Yellow Gold Hallmarking,Assaying & Hallmarking,https://www.manakonline.in/MANAK/AHCListForWebsite
HALLMARKING,HM-00811,,681,AHC-NRO-RAHC-R-1224994,SHREE KRISHNA HALLMARKING CENTRE,NRO/RAHC/R-1224994,"SHOP NO.230,JACUMPURA,CHOTA GURUDWARA,GURUGRAM, GURGAON, GURGAON, HARYANA ,122001",GURGAON,GURGAON,HARYANA,122001,ACTIVE,Operative,01/06/2029,Yellow Gold Hallmarking,Assaying & Hallmarking,https://www.manakonline.in/MANAK/AHCListForWebsite
HALLMARKING,HM-00813,,682,AHC-NRO-RAHC-R-1225233,BALAJI HALLMARKING CENTER,NRO/RAHC/R-1225233,"FIRST FLOOR, PROPERTY ID 3PMANAYSHIVPURI MOHALLA MAIN BAZAR,MOOLCHAND MEDICAL STOR, PALWAL, PALWAL, HARYANA ,121102",PALWAL,PALWAL,HARYANA,121102,ACTIVE,Operative,18/03/2028,Yellow Gold Hallmarking,Assaying & Hallmarking,https://www.manakonline.in/MANAK/AHCListForWebsite
HALLMARKING,HM-00814,,683,AHC-NRO-RAHC-R-1226270,Om Laxmi Hallmarking Center,NRO/RAHC/R-1226270,"Second floor, Friends colony, Joon ComplexNazafgarg Road, Bahadurgarh, Jhajjar,, JHAJJAR, BAHADURGARH, HARYANA ,124507",BAHADURGARH,JHAJJAR,HARYANA,124507,SUSPENDED,Under Suspension,09/05/2027,Yellow Gold Hallmarking,Assaying & Hallmarking,https://www.manakonline.in/MANAK/AHCListForWebsite
HALLMARKING,HM-00815,,684,AHC-NRO-RAHC-R-1226270-O1-,Om Laxmi Hallmarking Center,NRO/RAHC/R-1226270(O1),"Second floor, Friends colony, Joon ComplexNazafgarg Road, Bahadurgarh, Jhajjar,, JHAJJAR, BAHADURGARH, HARYANA ,124507",BAHADURGARH,JHAJJAR,HARYANA,124507,SUSPENDED,Under Suspension,09/05/2027,Yellow Gold Hallmarking,Assaying & Hallmarking,https://www.manakonline.in/MANAK/AHCListForWebsite
HALLMARKING,HM-00816,,685,AHC-NRO-RAHC-R-1227085,Om Hallmark Centre,NRO/RAHC/R-1227085,"473/17,Near Pech Beri Wala, Railway Road, Sayad Wa, ROHTAK, ROHTAK, HARYANA ,124001",ROHTAK,ROHTAK,HARYANA,124001,ACTIVE,Operative,06/01/2028,Yellow Gold Hallmarking,Assaying & Hallmarking,https://www.manakonline.in/MANAK/AHCListForWebsite
HALLMARKING,HM-00817,,686,AHC-NRO-RAHC-R-1228224,TUSHAR HALLMARK CENTER,NRO/RAHC/R-1228224,"NEAR DURGA MANDIR,BARA HAZARI,AGRAWAL MARKETREWAR, REWARI, REWARI, HARYANA ,123401",REWARI,REWARI,HARYANA,123401,ACTIVE,Operative,14/01/2029,Yellow Gold Hallmarking,Assaying & Hallmarking,https://www.manakonline.in/MANAK/AHCListForWebsite
HALLMARKING,HM-00818,,687,AHC-NRO-RAHC-R-1228224-O1-,TUSHAR HALLMARK CENTER,NRO/RAHC/R-1228224(O1),"NEAR DURGA MANDIR,BARA HAZARI,AGRAWAL MARKETREWAR, REWARI, REWARI, HARYANA ,123401",REWARI,REWARI,HARYANA,123401,ACTIVE,Operative,14/01/2029,Yellow Gold Hallmarking,Assaying & Hallmarking,https://www.manakonline.in/MANAK/AHCListForWebsite
HALLMARKING,HM-00819,,688,AHC-NRO-RAHC-R-1228811,SUSHIL SONA CHANDI SHUDDHATA JAANCH KENDRA,NRO/RAHC/R-1228811,"FIRST FLOOR ,001, FATEHABAD HARYANA, FATEHABAD, FATEHABAD (FATEHABAD), HARYANA ,125050",FATEHABAD (FATEHABAD),FATEHABAD,HARYANA,125050,ACTIVE,Operative,21/11/2027,Yellow Gold Hallmarking,Assaying & Hallmarking,https://www.manakonline.in/MANAK/AHCListForWebsite
HALLMARKING,HM-00820,,689,AHC-NRO-RAHC-R-1228811-O1-,SUSHIL SONA CHANDI SHUDDHATA JAANCH KENDRA,NRO/RAHC/R-1228811(O1),"FIRST FLOOR ,001, FATEHABAD HARYANA, FATEHABAD, FATEHABAD (FATEHABAD), HARYANA ,125050",FATEHABAD (FATEHABAD),FATEHABAD,HARYANA,125050,ACTIVE,Operative,21/11/2027,Yellow Gold Hallmarking,Assaying & Hallmarking,https://www.manakonline.in/MANAK/AHCListForWebsite
HALLMARKING,HM-00821,,690,AHC-NRO-RAHC-R-1311134,SHIDDHI VINAYAK HALLMARKING AND REFINERY,NRO/RAHC/R-1311134,"SHOP NO-10559-10560/9535-9536 WARD NO-6, KOTWALI BAZARNEWMCKNO-200-201/95 BLOCK NO-5Ambala City Head Post Office, AMBALA, AMBALA CITY, HARYANA ,134003",AMBALA CITY,AMBALA,HARYANA,134003,ACTIVE,Operative,16/07/2029,Yellow Gold Hallmarking,Assaying & Hallmarking,https://www.manakonline.in/MANAK/AHCListForWebsite
HALLMARKING,HM-00822,,691,AHC-NRO-RAHC-R-1316306,KRISHNA GOLD LAB,NRO/RAHC/R-1316306,"703,1st Floor,Bagga Market, Subhash Gali,Yamunanagar-135001, Haryana, YAMUNA NAGAR, YAMUNANAGAR, HARYANA ,135001",YAMUNANAGAR,YAMUNA NAGAR,HARYANA,135001,ACTIVE,Operative,27/10/2025,Gold Hallmarking,Assaying & Hallmarking,https://www.manakonline.in/MANAK/AHCListForWebsite
HALLMARKING,HM-00823,,692,AHC-NRO-RAHC-R-1316306-O1-,KRISHNA GOLD LAB,NRO/RAHC/R-1316306(O1),"703,1st Floor,Bagga Market, Subhash Gali,Yamunanagar-135001, Haryana, YAMUNA NAGAR, YAMUNANAGAR, HARYANA ,135001",YAMUNANAGAR,YAMUNA NAGAR,HARYANA,135001,ACTIVE,Operative,27/10/2025,Gold Hallmarking,Assaying & Hallmarking,https://www.manakonline.in/MANAK/AHCListForWebsite
HALLMARKING,HM-00824,,693,AHC-NRO-RAHC-R-1320061,NEW SS HALLMARKING CENTRE,NRO/RAHC/R-1320061,"SHOP NO 5 SARAFA BAZARSHOP NO 5 SARAFA BAZAR, KAITHAL, KAITHAL, HARYANA ,136027",KAITHAL,KAITHAL,HARYANA,136027,ACTIVE,Operative,09/10/2028,Yellow Gold Hallmarking,Assaying & Hallmarking,https://www.manakonline.in/MANAK/AHCListForWebsite
HALLMARKING,HM-00825,,694,AHC-NRO-RAHC-R-1320061-O1-,NEW SS HALLMARKING CENTRE,NRO/RAHC/R-1320061(O1),"SHOP NO 5 SARAFA BAZARSHOP NO 5 SARAFA BAZAR, KAITHAL, KAITHAL, HARYANA ,136027",KAITHAL,KAITHAL,HARYANA,136027,ACTIVE,Operative,09/10/2028,Yellow Gold Hallmarking,Assaying & Hallmarking,https://www.manakonline.in/MANAK/AHCListForWebsite
HALLMARKING,HM-00826,,695,AHC-NRO-RAHC-R-1322815,J S Hallmarking Center,NRO/RAHC/R-1322815,"WAKA RAKBA PURANI ABADI, MCK NO-736/7SARAFA BAZAR, Kaithal Sub Post Office, KAITHAL, KAITHAL, HARYANA ,136027",KAITHAL,KAITHAL,HARYANA,136027,ACTIVE,Operative,27/07/2029,Yellow Gold Hallmarking,Assaying & Hallmarking,https://www.manakonline.in/MANAK/AHCListForWebsite
HALLMARKING,HM-00827,,696,AHC-NRO-RAHC-R-1324036,PURAN CHAND RAM LALA TESTING LAB,NRO/RAHC/R-1324036,"First Floor Shop No 640/A Opposite Rana HospitalMain Bazar Kalka Panchkula Haryana 133302, PANCHKULA, KALKA, HARYANA ,133302",KALKA,PANCHKULA,HARYANA,133302,SUSPENDED,Under Suspension,02/03/2028,Yellow Gold Hallmarking,Assaying & Hallmarking,https://www.manakonline.in/MANAK/AHCListForWebsite
HALLMARKING,HM-00828,,697,AHC-NRO-RAHC-R-1325889,A S HALLMARKING CENTER,NRO/RAHC/R-1325889,"4598-99, TAMBOLI MOHALLA, SARAFA BAZAARAMBALA CANTT, 133001,, AMBALA, AMBALA CITY, HARYANA ,133001",AMBALA CITY,AMBALA,HARYANA,133001,ACTIVE,Operative,23/03/2025,Yellow Gold Hallmarking,Assaying & Hallmarking,https://www.manakonline.in/MANAK/AHCListForWebsite
HALLMARKING,HM-00830,,698,AHC-NRO-RAHC-R-1328260,Shree Jee Hallmark Center,NRO/RAHC/R-1328260,"Paharganj, Shop no 588, mohalla sarafa bazar,Karnal, haryana, 132001, KARNAL, KARNAL, HARYANA ,132001",KARNAL,KARNAL,HARYANA,132001,SUSPENDED,Under Suspension,09/05/2029,Yellow Gold Hallmarking,Assaying & Hallmarking,https://www.manakonline.in/MANAK/AHCListForWebsite
HALLMARKING,HM-00831,,699,AHC-NRO-RAHC-R-1328952,AMOL ASSAYING AND HALLMARKING CENRE,NRO/RAHC/R-1328952,"FIRST FLOOR, SHOP NO 1014, 6575 WARD NO-3SARAFA BAZAR, Ambala, AMBALA, SADAR BAZAR (AMBALA), HARYANA ,134003",SADAR BAZAR (AMBALA),AMBALA,HARYANA,134003,ACTIVE,Operative,19/12/2028,Gold Hallmarking,Assaying & Hallmarking,https://www.manakonline.in/MANAK/AHCListForWebsite
HALLMARKING,HM-00832,,700,AHC-NRO-RAHC-R-1329018,RAJE HALLMARKING & REFINERY,NRO/RAHC/R-1329018,"SHOP NO-32 PATEL BAZAR NEAR SUPER DRY CLEAN, KAITHAL, KAITHAL, HARYANA ,136027",KAITHAL,KAITHAL,HARYANA,136027,ACTIVE,Operative,18/07/2029,Yellow Gold Hallmarking,Assaying & Hallmarking,https://www.manakonline.in/MANAK/AHCListForWebsite
HALLMARKING,HM-00834,,701,AHC-NRO-RAHC-R-1412282,RAM JI HALLMARK CENTRE,NRO/RAHC/R-1412282,"SHOP NO. EA-771, BAZAR PAPRIANJALANDHAR, PUNJAB- 144004, JALANDHAR, JALANDHAR CITY, PUNJAB ,144004",JALANDHAR CITY,JALANDHAR,PUNJAB,144004,ACTIVE,Operative,04/08/2028,Yellow Gold Hallmarking,Assaying & Hallmarking,https://www.manakonline.in/MANAK/AHCListForWebsite
HALLMARKING,HM-00835,,702,AHC-NRO-RAHC-R-1412506,RAJE HALLMARKING & REFINERY,NRO/RAHC/R-1412506,"HOUSE NO. 1387/2 & 1389/2, JAND GALI NEAR DARSHANI GATE, PATIALA, PATIALA, PUNJAB ,147001",PATIALA,PATIALA,PUNJAB,147001,ACTIVE,Operative,21/06/2029,Yellow Gold Hallmarking,Assaying & Hallmarking,https://www.manakonline.in/MANAK/AHCListForWebsite
HALLMARKING,HM-00839,,703,AHC-NRO-RAHC-R-1416188,K J HALLMARK CENTRE,NRO/RAHC/R-1416188,"Sarafan Bazar Batala, GURDASPUR, BATALA, PUNJAB ,143505",BATALA,GURDASPUR,PUNJAB,143505,SUSPENDED,Under Suspension,21/09/2027,Yellow Gold Hallmarking,Assaying & Hallmarking,https://www.manakonline.in/MANAK/AHCListForWebsite
HALLMARKING,HM-00841,,704,AHC-NRO-RAHC-R-1417616,JAI MAHAVIR HALLMARKING CENTRE,NRO/RAHC/R-1417616,"BUILDING No./FLAT No.: B-VI-192, CHOWK SUDAN, JALANDHAR, JALANDHAR CITY, PUNJAB ,144001",JALANDHAR CITY,JALANDHAR,PUNJAB,144001,SUSPENDED,Under Suspension,24/06/2028,Yellow Gold Hallmarking,Assaying & Hallmarking,https://www.manakonline.in/MANAK/AHCListForWebsite
HALLMARKING,HM-00842,,705,AHC-NRO-RAHC-R-1418152,RAJE HALLMARKING CENTER,NRO/RAHC/R-1418152,"PAHARI KATRA,NEAR SARAFA BAZAR HOSHIARPUR, HOSHIARPUR, HOSHIARPUR, PUNJAB ,146001",HOSHIARPUR,HOSHIARPUR,PUNJAB,146001,ACTIVE,Operative,24/10/2027,Gold Hallmarking,Assaying & Hallmarking,https://www.manakonline.in/MANAK/AHCListForWebsite
HALLMARKING,HM-00845,,706,AHC-NRO-RAHC-R-1419179,BARNALA GOLD TESTING AND HALLMARK CENTER,NRO/RAHC/R-1419179,"NEAR BHAGAT SINGH CHOK, QILA MOHALLA, SADAR BAZAR ROAD, BARNALA, BARNALA, PUNJAB ,148101",BARNALA,BARNALA,PUNJAB,148101,ACTIVE,Operative,18/07/2029,"Yellow Gold,Silver Hallmarking",Assaying & Hallmarking,https://www.manakonline.in/MANAK/AHCListForWebsite
HALLMARKING,HM-00846,,707,AHC-NRO-RAHC-R-1419335,R J HALLMARKING CENTRE,NRO/RAHC/R-1419335,"1988/4, guru bazar, kamboj market, AMRITSAR, GURU BAZAR, PUNJAB ,143001",GURU BAZAR,AMRITSAR,PUNJAB,143001,ACTIVE,Operative,22/01/2027,Gold Hallmarking,Assaying & Hallmarking,https://www.manakonline.in/MANAK/AHCListForWebsite
HALLMARKING,HM-00847,,708,AHC-NRO-RAHC-R-1419379,S G HALLMARKING CENTER,NRO/RAHC/R-1419379,"436/2,DOOMAN WALI GALI,ADALAT BAZAR,PATIALA,PUNJAB, PATIALA, PATIALA, PUNJAB ,147001",PATIALA,PATIALA,PUNJAB,147001,SUSPENDED,Under Suspension,12/11/2028,Yellow Gold Hallmarking,Assaying & Hallmarking,https://www.manakonline.in/MANAK/AHCListForWebsite
HALLMARKING,HM-00848,,709,AHC-NRO-RAHC-R-1420091,DC HALLMARK CENTRE,NRO/RAHC/R-1420091,"Ground Floor, NL - 55, Kalan Bazar, Jua Khana,, JALANDHAR, JALANDHAR CITY, PUNJAB ,144001",JALANDHAR CITY,JALANDHAR,PUNJAB,144001,ACTIVE,Operative,13/03/2028,Gold & Silver Both Hallmarking,Assaying & Hallmarking,https://www.manakonline.in/MANAK/AHCListForWebsite
HALLMARKING,HM-00849,,710,AHC-NRO-RAHC-R-1420602,SHIV SHANKAR TESTING CENTRE,NRO/RAHC/R-1420602,"B-36/155,DARSHANI GATE,KILLA CHOWK, PATIALA, PATIALA CITY, PUNJAB ,147001",PATIALA CITY,PATIALA,PUNJAB,147001,ACTIVE,Operative,07/06/2029,Yellow Gold Hallmarking,Assaying & Hallmarking,https://www.manakonline.in/MANAK/AHCListForWebsite
HALLMARKING,HM-00850,,711,AHC-NRO-RAHC-R-1420895,PK HALLMARK CENTER,NRO/RAHC/R-1420895,"SHOP NO. B67-0188, SARAFAN BAZARBATALA, GURDASPUR, PUNJAB, GURDASPUR, BATALA, PUNJAB ,143505",BATALA,GURDASPUR,PUNJAB,143505,ACTIVE,Operative,23/03/2029,Yellow Gold Hallmarking,Assaying & Hallmarking,https://www.manakonline.in/MANAK/AHCListForWebsite
HALLMARKING,HM-00851,,712,AHC-NRO-RAHC-R-1421189,A D HALLMARKING CENTRE,NRO/RAHC/R-1421189,"GROUND FLOOR, B44/292, NEAR ASHAPURNI MANDIR,ANDROON BAZAR, GURDASPUR, PATHANKOT, PUNJAB ,145001",PATHANKOT,GURDASPUR,PUNJAB,145001,ACTIVE,Operative,26/06/2028,Yellow Gold Hallmarking,Assaying & Hallmarking,https://www.manakonline.in/MANAK/AHCListForWebsite
HALLMARKING,HM-00852,,713,AHC-NRO-RAHC-R-1421624,NN GOLD TESTING AND HALLMARKING CENTRE,NRO/RAHC/R-1421624,"1604 GANDHI,CHOWNK,RUPNAGAR,PUNJAB 1400011604 GANDHI,CHOWNK,RUPNAGAR,PUNJAB 140001, RUPNAGAR, ROPAR, PUNJAB ,140001",ROPAR,RUPNAGAR,PUNJAB,140001,SUSPENDED,Under Suspension,01/04/2028,Yellow Gold Hallmarking,Assaying & Hallmarking,https://www.manakonline.in/MANAK/AHCListForWebsite
HALLMARKING,HM-00856,,714,AHC-NRO-RAHC-R-1424725,BR Assaying & Hallmarking Centre,NRO/RAHC/R-1424725,"Hari Ram market, Building no 194/4, Patel chowkGURU BAZAR, AMRITSAR, AMRITSAR G.P.O., PUNJAB ,143003",AMRITSAR G.P.O,AMRITSAR,PUNJAB,143003,ACTIVE,Operative,04/07/2025,Yellow Gold Hallmarking,Assaying & Hallmarking,https://www.manakonline.in/MANAK/AHCListForWebsite
HALLMARKING,HM-00857,,715,AHC-NRO-RAHC-R-1424737,M D GOLD HALLMARK CENTRE,NRO/RAHC/R-1424737,"SHOP NO 484,OLD GRAIN MARKET,NEAR SARAFAN BAZARMANDI GATE NO 7,MOGA, MOGA, MOGA, PUNJAB ,142001",MOGA,MOGA,PUNJAB,142001,ACTIVE,Operative,12/06/2025,Yellow Gold Hallmarking,Assaying & Hallmarking,https://www.manakonline.in/MANAK/AHCListForWebsite
HALLMARKING,HM-00858,,716,AHC-NRO-RAHC-R-1424749,RAJE HALLMARKING CENTER,NRO/RAHC/R-1424749,"GROUND FLOOR VED MARKET GURU BAZAR AMRITSAR-143001, AMRITSAR, , PUNJAB ,143001",AMRITSAR,GROUND FLOOR VED MARKET GURU BAZAR AMRITSAR-143001,PUNJAB,143001,ACTIVE,Operative,17/10/2026,Gold Hallmarking,Assaying & Hallmarking,https://www.manakonline.in/MANAK/AHCListForWebsite
HALLMARKING,HM-00859,,717,AHC-NRO-RAHC-R-1424815,SK GOLD TESTING AND HALLMARKING CENTRE,NRO/RAHC/R-1424815,"FIRST FLOOR,CLUB CHOWK,UPSTAIRS SRI SAI DENTAL AND IMPLANT CENTRE, SANGRUR, MALERKOTLA, PUNJAB ,148023",MALERKOTLA,SANGRUR,PUNJAB,148023,SUSPENDED,Under Suspension,12/09/2025,Yellow Gold Hallmarking,Assaying & Hallmarking,https://www.manakonline.in/MANAK/AHCListForWebsite
HALLMARKING,HM-00860,,718,AHC-NRO-RAHC-R-1425484,SHRI VISHAVKARMA HALLMARKING CENTRE,NRO/RAHC/R-1425484,"SARAFAN BAZAR, NEAR GAUSHALA BAZAR, HOSHIARPUR, HOSHIARPUR, HOSHIARPUR, PUNJAB ,146001",HOSHIARPUR,HOSHIARPUR,PUNJAB,146001,ACTIVE,Operative,17/01/2029,Yellow Gold Hallmarking,Assaying & Hallmarking,https://www.manakonline.in/MANAK/AHCListForWebsite
HALLMARKING,HM-00861,,719,AHC-NRO-RAHC-R-1425487,NEW MAHI GOLD TESTING & HALLMARKING CENTRE,NRO/RAHC/R-1425487,"27/6, SHOP NO 1 , NEAR CHOWK CHAURASTTI ATTARIBATTI HATTA, NEAR GURU BAZAR,, AMRITSAR, AMRITSAR G.P.O., PUNJAB ,143006",AMRITSAR G.P.O,AMRITSAR,PUNJAB,143006,ACTIVE,Operative,19/08/2028,Gold Hallmarking,Assaying & Hallmarking,https://www.manakonline.in/MANAK/AHCListForWebsite
HALLMARKING,HM-00862,,720,AHC-NRO-RAHC-R-1425719,NEW PALAK HALLMARKING CENTER,NRO/RAHC/R-1425719,"TF-10, THIRD FLOOR, 32,Mall Road, Central Mall, Rose Avenue, AMRITSAR, AMRITSAR KTY, PUNJAB ,143001",AMRITSAR KTY,AMRITSAR,PUNJAB,143001,ACTIVE,Operative,09/08/2027,Gold Hallmarking,Assaying & Hallmarking,https://www.manakonline.in/MANAK/AHCListForWebsite
HALLMARKING,HM-00863,,721,AHC-NRO-RAHC-R-1426493,SHRI R K HALLMARKING CENTRE,NRO/RAHC/R-1426493,"1ST AND 2ND FLOOR, B-44/226ANDROON BAZAR, GURDASPUR, PATHANKOT, PUNJAB ,145001",PATHANKOT,GURDASPUR,PUNJAB,145001,ACTIVE,Operative,05/09/2027,Yellow Gold Hallmarking,Assaying & Hallmarking,https://www.manakonline.in/MANAK/AHCListForWebsite
HALLMARKING,HM-00864,,722,AHC-NRO-RAHC-R-1428141,PAYAL HALLMARKING AND GOLD TESTING CENTER,NRO/RAHC/R-1428141,"4832/37 NEW NO.9714 MAIN CHOWK SULTANWINDTALI WALAROAD ABDHI SARWARPURA NEAR SARDAR VIDEO GRAPHIC, AMRITSAR, AMRITSAR G.P.O., PUNJAB ,143001",AMRITSAR G.P.O,AMRITSAR,PUNJAB,143001,ACTIVE,Operative,19/11/2028,Gold Hallmarking,Assaying & Hallmarking,https://www.manakonline.in/MANAK/AHCListForWebsite
HALLMARKING,HM-00867,,723,AHC-NRO-RAHC-R-1429317,SHRI MS HALLMARKING CENTRE,NRO/RAHC/R-1429317,"SHOP NO.1,HARI RAM MARKET, PATEL CHOWK,, AMRITSARGURU BAZAR,AMRITSAR, AMRITSAR, AMRITSAR G.P.O., PUNJAB ,143001",AMRITSAR G.P.O,AMRITSAR,PUNJAB,143001,ACTIVE,Operative,07/05/2029,Gold Hallmarking,Assaying & Hallmarking,https://www.manakonline.in/MANAK/AHCListForWebsite
HALLMARKING,HM-00868,,724,AHC-NRO-RAHC-R-1511600,ALIZA HALLMARKING CENTRE,NRO/RAHC/R-1511600,"1ST FLOOR ,178 BAZAR NO.2 FEROZEPUR CANTT. PUNJAB, FIROZPUR, FEROZEPUR CITY, PUNJAB ,152001",FEROZEPUR CITY,FIROZPUR,PUNJAB,152001,ACTIVE,Operative,02/02/2025,Yellow Gold Hallmarking,Assaying & Hallmarking,https://www.manakonline.in/MANAK/AHCListForWebsite
HALLMARKING,HM-00869,,725,AHC-NRO-RAHC-R-1511600-O1-,ALIZA HALLMARKING CENTRE,NRO/RAHC/R-1511600(O1),"1ST FLOOR ,178 BAZAR NO.2 FEROZEPUR CANTT. PUNJAB, FIROZPUR, FEROZEPUR CITY, PUNJAB ,152001",FEROZEPUR CITY,FIROZPUR,PUNJAB,152001,ACTIVE,Operative,02/02/2025,Yellow Gold Hallmarking,Assaying & Hallmarking,https://www.manakonline.in/MANAK/AHCListForWebsite
HALLMARKING,HM-00870,,726,AHC-NRO-RAHC-R-1512437,Abohar Hallmark Centre,NRO/RAHC/R-1512437,"SFT, Shop no 159, Khasra no 1521/2,Mandi no 1, Abohar, Fazilka, Punjab, 152116, FAZILKA, ABOHAR, PUNJAB ,152116",ABOHAR,FAZILKA,PUNJAB,152116,ACTIVE,Operative,18/07/2025,Yellow Gold Hallmarking,Assaying & Hallmarking,https://www.manakonline.in/MANAK/AHCListForWebsite
HALLMARKING,HM-00871,,727,AHC-NRO-RAHC-R-1521239,TRIMURTI ASSAYING AND HALLMARKING CENTRE,NRO/RAHC/R-1521239,"STREET NO-9, GANDHI CHOWK,FIRST FLOOR BALDEVJEWELLER, BAZAR NO-9, ABOHAR, FAZILKA, ABOHAR, PUNJAB ,152116",ABOHAR,FAZILKA,PUNJAB,152116,ACTIVE,Operative,05/10/2028,Yellow Gold Hallmarking,Assaying & Hallmarking,https://www.manakonline.in/MANAK/AHCListForWebsite
HALLMARKING,HM-00873,,728,AHC-NRO-RAHC-R-160001,LD GOLD LAB PVT LTD,NRO/RAHC/R-160001,"B-IV 651,MALI GANJ CHOWK,NR SARAFAN BAZAR, LUDHIANA, LUDHIANA, PUNJAB ,141008",LUDHIANA,LUDHIANA,PUNJAB,141008,ACTIVE,Operative,29/05/2025,Gold Hallmarking,Assaying & Hallmarking,https://www.manakonline.in/MANAK/AHCListForWebsite
HALLMARKING,HM-00874,,729,AHC-NRO-RAHC-R-160004,SHREE HALLMARKING CENTRE,NRO/RAHC/R-160004,"58/5 Birhana Road,, KANPUR NAGAR, KANPUR, UTTAR PRADESH ,208001",KANPUR,KANPUR NAGAR,UTTAR PRADESH,208001,ACTIVE,Operative,28/05/2029,"Yellow Gold,Yellow Gold Hallmarking",Assaying & Hallmarking,https://www.manakonline.in/MANAK/AHCListForWebsite
HALLMARKING,HM-00875,,730,AHC-NRO-RAHC-R-160006,MA Testing & Hallmarking Centre,NRO/RAHC/R-160006,"26/39 2nd Floor,Pheel Khana ,Birhana Road Kanpur, KANPUR NAGAR, BIRHANA RAOD, UTTAR PRADESH ,208001",BIRHANA RAOD,KANPUR NAGAR,UTTAR PRADESH,208001,ACTIVE,Operative,20/10/2026,Gold Hallmarking,Assaying & Hallmarking,https://www.manakonline.in/MANAK/AHCListForWebsite
HALLMARKING,HM-00876,,731,AHC-NRO-RAHC-R-160007,S R Hallmarking centre,NRO/RAHC/R-160007,"Chanchal market ,gali bhattan bazar sarafan, JALANDHAR, JALANDHAR CITY, PUNJAB ,144001",JALANDHAR CITY,JALANDHAR,PUNJAB,144001,SUSPENDED,Under Suspension,26/08/2025,Gold Hallmarking,Assaying & Hallmarking,https://www.manakonline.in/MANAK/AHCListForWebsite
HALLMARKING,HM-00877,,732,AHC-NRO-RAHC-R-160008,Jammu Assaying and Hallmarking Centre,NRO/RAHC/R-160008,"51, Lakhdata Bazar,Near Hanuman Temple, JAMMU, JAMMU, JAMMU & KASHMIR ,180001",JAMMU,JAMMU,JAMMU & KASHMIR,180001,ACTIVE,Operative,05/04/2029,"Yellow Gold,Silver Hallmarking",Assaying & Hallmarking,https://www.manakonline.in/MANAK/AHCListForWebsite
HALLMARKING,HM-00879,,733,AHC-NRO-RAHC-R-160011,JS HALLMARK TESTING CENTRE,NRO/RAHC/R-160011,"B-IV 305/1 SARAFAN BAZAR LUDHIANA, LUDHIANA, LUDHIANA, PUNJAB ,141008",LUDHIANA,LUDHIANA,PUNJAB,141008,ACTIVE,Operative,01/12/2026,Yellow Gold Hallmarking,Assaying & Hallmarking,https://www.manakonline.in/MANAK/AHCListForWebsite
HALLMARKING,HM-00880,,734,AHC-NRO-RAHC-R-160012,AV Assaying and Hallmarking Centre,NRO/RAHC/R-160012,"B-4/909 1st FLOOR SARAFAN BAZAR, HOSHIARPUR, HOSHIARPUR CITY, PUNJAB ,146001",HOSHIARPUR CITY,HOSHIARPUR,PUNJAB,146001,ACTIVE,Operative,09/04/2027,Gold & Silver Both Hallmarking,Assaying & Hallmarking,https://www.manakonline.in/MANAK/AHCListForWebsite
HALLMARKING,HM-00882,,735,AHC-NRO-RAHC-R-160019,Govind Hallmarking and Bullion Assayers,NRO/RAHC/R-160019,"332/26 Govind Market, Chowk Sarafa, Chowk, LUCKNOW, ADARSH NAGAR (LUCKNOW), UTTAR PRADESH ,226003",ADARSH NAGAR (LUCKNOW),LUCKNOW,UTTAR PRADESH,226003,ACTIVE,Operative,11/03/2028,Yellow Gold Hallmarking,Assaying & Hallmarking,https://www.manakonline.in/MANAK/AHCListForWebsite
HALLMARKING,HM-00883,,736,AHC-NRO-RAHC-R-160019-O1-,Govind Hallmarking and Bullion Assayers,NRO/RAHC/R-160019(O1),"332/26 Govind Market, Chowk Sarafa, Chowk, LUCKNOW, LUCKNOW CHOWK, UTTAR PRADESH ,226003",LUCKNOW CHOWK,LUCKNOW,UTTAR PRADESH,226003,ACTIVE,Operative,11/03/2028,Yellow Gold Hallmarking,Assaying & Hallmarking,https://www.manakonline.in/MANAK/AHCListForWebsite
HALLMARKING,HM-00884,,737,AHC-NRO-RAHC-R-160020,OAM HALLMARKING CENTRE,NRO/RAHC/R-160020,"1ST FLOOR VIDHYA MARKETHOSPITAL ROAD, AGRA, AGRA, UTTAR PRADESH ,282003",AGRA,AGRA,UTTAR PRADESH,282003,ACTIVE,Operative,18/07/2028,Gold & Silver Both Hallmarking,Assaying & Hallmarking,https://www.manakonline.in/MANAK/AHCListForWebsite
HALLMARKING,HM-00885,,738,AHC-NRO-RAHC-R-160021,LDPC HALLMARKING & GOLD TESTING CENTRE,NRO/RAHC/R-160021,"SHOP NO.225, CHOWK BATTI HATTAN,WAHIYAN WALA BAZARNear guru Bazar,Amritsar-143006, AMRITSAR, AMRITSAR G.P.O., PUNJAB ,143006",AMRITSAR G.P.O,AMRITSAR,PUNJAB,143006,ACTIVE,Operative,22/01/2027,Gold Hallmarking,Assaying & Hallmarking,https://www.manakonline.in/MANAK/AHCListForWebsite
HALLMARKING,HM-00886,,739,AHC-NRO-RAHC-R-160022,Prem Gold Testing & Hallmarking Centre,NRO/RAHC/R-160022,"4966A/3 Pipli Bazar,, AMBALA, AMBALA CITY, HARYANA ,134003",AMBALA CITY,AMBALA,HARYANA,134003,ACTIVE,Operative,27/08/2025,Yellow Gold Hallmarking,Assaying & Hallmarking,https://www.manakonline.in/MANAK/AHCListForWebsite
HALLMARKING,HM-00888,,740,AHC-NRO-RAHC-R-160025,HG TESTING AND HALLMARKING CENTRE,NRO/RAHC/R-160025,"4406, first floor, Vaid Jwala Prashad Market, Sadar Bazar,, BATHINDA, BATHINDA CITY, PUNJAB ,151005",BATHINDA CITY,BATHINDA,PUNJAB,151005,ACTIVE,Operative,30/10/2025,"Yellow Gold,Silver Hallmarking",Assaying & Hallmarking,https://www.manakonline.in/MANAK/AHCListForWebsite
HALLMARKING,HM-00890,,741,AHC-NRO-RAHC-R-160028,paras testing and hallmarking centre,NRO/RAHC/R-160028,"SCO 49SECOND FLOOR, CHANDIGARH, SECTOR 23 ( CHANDIGARH), CHANDIGARH ,160023",SECTOR 23 ( CHANDIGARH),CHANDIGARH,CHANDIGARH,160023,ACTIVE,Operative,01/03/2029,Yellow Gold Hallmarking,Assaying & Hallmarking,https://www.manakonline.in/MANAK/AHCListForWebsite
HALLMARKING,HM-00891,,742,AHC-NRO-RAHC-R-160029,AYUSH HALLMARKING CENTRE,NRO/RAHC/R-160029,"CK 18/32,ANNAPURNA BHAWAN,THATHERI BAZAR,CHOWKVARANASI, VARANASI, VARANASI CITY, UTTAR PRADESH ,221001",VARANASI CITY,VARANASI,UTTAR PRADESH,221001,SUSPENDED,Under Suspension,31/08/2026,Yellow Gold Hallmarking,Assaying & Hallmarking,https://www.manakonline.in/MANAK/AHCListForWebsite
HALLMARKING,HM-00892,,743,AHC-NRO-RAHC-R-160032,Bareilly Assay and Hallmarking Centre,NRO/RAHC/R-160032,"216, Basement, Shri Ram MarketNear Khandsari Mandir, Alamgiri Ganj, BAREILLY, SHIVAJI MARG (BAREILLY), UTTAR PRADESH ,243003",SHIVAJI MARG (BAREILLY),BAREILLY,UTTAR PRADESH,243003,ACTIVE,Operative,18/01/2027,Yellow Gold Hallmarking,Assaying & Hallmarking,https://www.manakonline.in/MANAK/AHCListForWebsite
HALLMARKING,HM-00893,,744,AHC-NRO-RAHC-R-160034,LACHHMANDASSANDSONS,NRO/RAHC/R-160034,"B-IV-291,SARAFA BAZAR, LUDHIANA, LUDHIANA, PUNJAB ,141008",LUDHIANA,LUDHIANA,PUNJAB,141008,ACTIVE,Operative,21/12/2026,Yellow Gold Hallmarking,Assaying & Hallmarking,https://www.manakonline.in/MANAK/AHCListForWebsite
HALLMARKING,HM-00894,,745,AHC-NRO-RAHC-R-160036,R V gold testing & hallmarking center,NRO/RAHC/R-160036,"b-1/281 gurdwara street sadar bazar, BARNALA, BARNALA, PUNJAB ,148101",BARNALA,BARNALA,PUNJAB,148101,ACTIVE,Operative,28/04/2027,Gold Hallmarking,Assaying & Hallmarking,https://www.manakonline.in/MANAK/AHCListForWebsite
HALLMARKING,HM-00895,,746,AHC-NRO-RAHC-R-160039,PRITAM SINGH GOLD TESTING LAB & HALLMARKING CENTRE,NRO/RAHC/R-160039,"595/2, GURU NANAK STREET, DOOMA WALI GALINEAR ADALAT BAZAR, PATIALA, PUNJAB, PATIALA, PATIALA, PUNJAB ,147001",PATIALA,PATIALA,PUNJAB,147001,ACTIVE,Operative,30/07/2027,Yellow Gold Hallmarking,Assaying & Hallmarking,https://www.manakonline.in/MANAK/AHCListForWebsite
HALLMARKING,HM-00896,,747,AHC-NRO-RAHC-R-160041,ALLAHABAD HALLMARKING CENTRE,NRO/RAHC/R-160041,"67A/1/87A/1, MEERGANJ, ALLAHABAD, ALLAHABAD, ALLAHABAD CHOWK, UTTAR PRADESH ,211003",ALLAHABAD CHOWK,ALLAHABAD,UTTAR PRADESH,211003,ACTIVE,Operative,17/01/2028,Gold & Silver Both Hallmarking,Assaying & Hallmarking,https://www.manakonline.in/MANAK/AHCListForWebsite
HALLMARKING,HM-00897,,748,AHC-NRO-RAHC-R-160045,A&G ASSAYING & HALLMARKING CENTRE,NRO/RAHC/R-160045,"26/KUCHA KAKU SHAHJAIN BAZAR JAMMU, JAMMU, JAMMU, JAMMU & KASHMIR ,180001",JAMMU,JAMMU,JAMMU & KASHMIR,180001,ACTIVE,Operative,04/10/2026,Yellow Gold Hallmarking,Assaying & Hallmarking,https://www.manakonline.in/MANAK/AHCListForWebsite
HALLMARKING,HM-00899,,749,AHC-NRO-RAHC-R-160049,LD GOLD,NRO/RAHC/R-160049,"B-IV 917 HANUMAN CHOWKNEAR KALAN BAZAR, JALANDHAR, JALANDHAR CITY, PUNJAB ,144001",JALANDHAR CITY,JALANDHAR,PUNJAB,144001,ACTIVE,Operative,31/08/2026,Gold Hallmarking,Assaying & Hallmarking,https://www.manakonline.in/MANAK/AHCListForWebsite
HALLMARKING,HM-00900,,750,AHC-NRO-RAHC-R-160050,BG Assaying & Hallmarking Centre,NRO/RAHC/R-160050,"26, Dhamawala, 1st Floor, Above Jhabba Lal & Co., DEHRADUN, DEHRADUN CITY, UTTARAKHAND ,160104",DEHRADUN CITY,DEHRADUN,UTTARAKHAND,160104,ACTIVE,Operative,13/07/2029,"Yellow Gold,Silver Hallmarking",Assaying & Hallmarking,https://www.manakonline.in/MANAK/AHCListForWebsite
HALLMARKING,HM-00902,,751,AHC-NRO-RAHC-R-160052,NAKODA HALLMARKING CENTRE,NRO/RAHC/R-160052,"No. 43/189, PREM MARKET, 1st FLOOR, CHOWK SARAFFA,MESTON ROAD, KANPUR, UTTAR PRADESH-208001, KANPUR NAGAR, KANPUR, UTTAR PRADESH ,208001",KANPUR,KANPUR NAGAR,UTTAR PRADESH,208001,ACTIVE,Operative,07/11/2028,Gold & Silver Both Hallmarking,Assaying & Hallmarking,https://www.manakonline.in/MANAK/AHCListForWebsite
HALLMARKING,HM-00903,,752,AHC-NRO-RAHC-R-160052-O1-,NAKODA HALLMARKING CENTRE,NRO/RAHC/R-160052(O1),"No. 43/189, PREM MARKET, 1st FLOOR, CHOWK SARAFFA,MESTON ROAD, KANPUR, UTTAR PRADESH-208001, KANPUR NAGAR, KANPUR, UTTAR PRADESH ,208001",KANPUR,KANPUR NAGAR,UTTAR PRADESH,208001,ACTIVE,Operative,07/11/2028,Gold & Silver Both Hallmarking,Assaying & Hallmarking,https://www.manakonline.in/MANAK/AHCListForWebsite
HALLMARKING,HM-00905,,753,AHC-NRO-RAHC-R-160054,P S HALLMARK,NRO/RAHC/R-160054,"V.P.O. NADAUN DISTT. HAMIRPUR, HAMIRPUR, NADAUN, HIMACHAL PRADESH ,177033",NADAUN,HAMIRPUR,HIMACHAL PRADESH,177033,ACTIVE,Operative,26/11/2026,Yellow Gold Hallmarking,Assaying & Hallmarking,https://www.manakonline.in/MANAK/AHCListForWebsite
HALLMARKING,HM-00906,,754,AHC-NRO-RAHC-R-160058,HR Bullion Assaying & Hallmarking Centre,NRO/RAHC/R-160058,"Ist Floor, Barran Hattan Chowk, Hospital Road, MANSA, MANSA (MANSA), PUNJAB ,151505",MANSA (MANSA),MANSA,PUNJAB,151505,ACTIVE,Operative,08/01/2027,Yellow Gold Hallmarking,Assaying & Hallmarking,https://www.manakonline.in/MANAK/AHCListForWebsite
HALLMARKING,HM-00908,,755,AHC-NRO-RAHC-R-160062,YASH HALLMARKING CENTRE LLP,NRO/RAHC/R-160062,"29/29 1ST & 2ND FLOOR, NAMAK KI MANDI,AGRA (U P) 282002, AGRA, AGRA, UTTAR PRADESH ,282002",AGRA,AGRA,UTTAR PRADESH,282002,ACTIVE,Operative,04/03/2028,Gold & Silver Both Hallmarking,Assaying & Hallmarking,https://www.manakonline.in/MANAK/AHCListForWebsite
HALLMARKING,HM-00909,,756,AHC-NRO-RAHC-R-160063,KANHA HALLMARKING CENTRE,NRO/RAHC/R-160063,"SHOP NO. XII 99, OLD SARAFA BAZARR/O 102 96, OLD SARAFA BAZAR, KARNAL, KARNAL CITY, HARYANA ,132001",KARNAL CITY,KARNAL,HARYANA,132001,ACTIVE,Operative,18/07/2027,Yellow Gold Hallmarking,Assaying & Hallmarking,https://www.manakonline.in/MANAK/AHCListForWebsite
HALLMARKING,HM-00911,,757,AHC-NRO-RAHC-R-160065,OM DIAMOND & GEMS LABORATORY,NRO/RAHC/R-160065,"sco.14, 2nd floor sector 23c, CHANDIGARH, SECTOR 23 ( CHANDIGARH), CHANDIGARH ,160023",SECTOR 23 ( CHANDIGARH),CHANDIGARH,CHANDIGARH,160023,ACTIVE,Operative,30/05/2027,Gold & Silver Both Hallmarking,Assaying & Hallmarking,https://www.manakonline.in/MANAK/AHCListForWebsite
HALLMARKING,HM-00916,,758,AHC-NRO-RAHC-R-160071,SHREE GANPATI TESTING & HALLMARKING CENTRE,NRO/RAHC/R-160071,"GALI PHARIO WALI,BHADRA BAZAR, SIRSA, SIRSA, HARYANA ,125055",SIRSA,SIRSA,HARYANA,125055,ACTIVE,Operative,05/07/2027,Yellow Gold Hallmarking,Assaying & Hallmarking,https://www.manakonline.in/MANAK/AHCListForWebsite
HALLMARKING,HM-00917,,759,AHC-NRO-RAHC-R-160073,TANISHI HALLMARKING CENTRE,NRO/RAHC/R-160073,"CK 60/23 Karnghanta Chowk varanasiCK 60/16 Karnghanta Chowk Varanasi, VARANASI, VARANASI CANTT, UTTAR PRADESH ,221001",VARANASI CANTT,VARANASI,UTTAR PRADESH,221001,ACTIVE,Operative,28/08/2027,Yellow Gold Hallmarking,Assaying & Hallmarking,https://www.manakonline.in/MANAK/AHCListForWebsite
HALLMARKING,HM-00918,,760,AHC-NRO-RAHC-R-160074,MARATHA HALLMARKING CENTER,NRO/RAHC/R-160074,"CK 57/05, RESHAM KATRA, CHOWK,VARANASI, VARANASI, VARANASI CITY, UTTAR PRADESH ,221001",VARANASI CITY,VARANASI,UTTAR PRADESH,221001,ACTIVE,Operative,22/03/2027,Yellow Gold Hallmarking,Assaying & Hallmarking,https://www.manakonline.in/MANAK/AHCListForWebsite
HALLMARKING,HM-00920,,761,AHC-NRO-RAHC-R-160076,T J ASSAYING AND HALLMARKING CENTRE,NRO/RAHC/R-160076,"FIRST FLOOR, 1837/10051KOTWALI BAZAR, AMBALA CITY, AMBALA, AMBALA CITY, HARYANA ,134003",AMBALA CITY,AMBALA,HARYANA,134003,ACTIVE,Operative,19/01/2028,Yellow Gold Hallmarking,Assaying & Hallmarking,https://www.manakonline.in/MANAK/AHCListForWebsite
HALLMARKING,HM-00921,,762,AHC-NRO-RAHC-R-160076-O1-,T J ASSAYING AND HALLMARKING CENTRE,NRO/RAHC/R-160076(O1),"FIRST FLOOR, 1837/10051KOTWALI BAZAR, AMBALA CITY, AMBALA, AMBALA CITY, HARYANA ,134003",AMBALA CITY,AMBALA,HARYANA,134003,ACTIVE,Operative,19/01/2028,Yellow Gold Hallmarking,Assaying & Hallmarking,https://www.manakonline.in/MANAK/AHCListForWebsite
HALLMARKING,HM-00923,,763,AHC-NRO-RAHC-R-160078,ANANDIMA HALLMARKING CENTRE PRIVATE LIMITED,NRO/RAHC/R-160078,"321/5/1-K,3rd FLOOR, BAHORAN TOLA CHOWK321/5/1-K,3rd FLOOR, BAHORAN TOLA CHOWK, LUCKNOW, LUCKNOW CHOWK, UTTAR PRADESH ,226003",LUCKNOW CHOWK,LUCKNOW,UTTAR PRADESH,226003,ACTIVE,Operative,01/05/2027,Yellow Gold Hallmarking,Assaying & Hallmarking,https://www.manakonline.in/MANAK/AHCListForWebsite
HALLMARKING,HM-00924,,764,AHC-NRO-RAHC-R-160079,THE KUNDANS HALLMARK CENTRE,NRO/RAHC/R-160079,"Opposite Sanjay Jewellers, Near Dhobian Wali Gali, Saraffa Bazar,Khanna, LUDHIANA, KHANNA, PUNJAB ,141401",KHANNA,LUDHIANA,PUNJAB,141401,ACTIVE,Operative,05/12/2027,Yellow Gold Hallmarking,Assaying & Hallmarking,https://www.manakonline.in/MANAK/AHCListForWebsite
HALLMARKING,HM-00927,,765,AHC-NRO-RAHC-R-160082,Shree Assaying & Hallmarking Centre,NRO/RAHC/R-160082,"CK 57/53 Machharhatta ,Reshamkatra, VARANASI, VARANASI, UTTAR PRADESH ,221001",VARANASI,VARANASI,UTTAR PRADESH,221001,ACTIVE,Operative,01/08/2027,Yellow Gold Hallmarking,Assaying & Hallmarking,https://www.manakonline.in/MANAK/AHCListForWebsite
HALLMARKING,HM-00928,,766,AHC-NRO-RAHC-R-160083,Aashiwad Hallmarking Center,NRO/RAHC/R-160083,"DD Market Halsiganj Chowk Gorakhpur, GORAKHPUR, GITA PRESS, UTTAR PRADESH ,273005",GITA PRESS,GORAKHPUR,UTTAR PRADESH,273005,ACTIVE,Operative,29/08/2027,Yellow Gold Hallmarking,Assaying & Hallmarking,https://www.manakonline.in/MANAK/AHCListForWebsite
HALLMARKING,HM-00929,,767,AHC-NRO-RAHC-R-160086,G D HALLMARKING CENTRE,NRO/RAHC/R-160086,"CK 16/11-12, SUDIYA, VARANASI, VARANASI, VARANASI CITY, UTTAR PRADESH ,221001",VARANASI CITY,VARANASI,UTTAR PRADESH,221001,ACTIVE,Operative,10/11/2027,Yellow Gold Hallmarking,Assaying & Hallmarking,https://www.manakonline.in/MANAK/AHCListForWebsite
HALLMARKING,HM-00931,,768,AHC-NRO-RAHC-R-160090,Khushal Enterprises,NRO/RAHC/R-160090,"Tartala, Sadar Jaunpur 222001(UP), JAUNPUR DISTRICT, JAUNPUR, UTTAR PRADESH ,222001",JAUNPUR,JAUNPUR DISTRICT,UTTAR PRADESH,222001,ACTIVE,Operative,04/11/2027,Yellow Gold Hallmarking,Assaying & Hallmarking,https://www.manakonline.in/MANAK/AHCListForWebsite
HALLMARKING,HM-00932,,769,AHC-NRO-RAHC-R-160091,City Assaying and Hallmarking Centre,NRO/RAHC/R-160091,"Jaspalan Gali ,Sarafan Bazar KapurthalaHouse No. B-XIII-2, KAPURTHALA, KAPURTHALA, PUNJAB ,144601",KAPURTHALA,KAPURTHALA,PUNJAB,144601,ACTIVE,Operative,11/12/2027,Gold Hallmarking,Assaying & Hallmarking,https://www.manakonline.in/MANAK/AHCListForWebsite
HALLMARKING,HM-00934,,770,AHC-NRO-RAHC-R-160096,BALAJI MANOJ HALLMARK,NRO/RAHC/R-160096,"3RD FLOOR 332/40 INFRONT OF HARI MASJIDGOLE DARWADA CHOWK SARRAFA, LUCKNOW, LUCKNOW CHOWK, UTTAR PRADESH ,226003",LUCKNOW CHOWK,LUCKNOW,UTTAR PRADESH,226003,ACTIVE,Operative,10/12/2027,Yellow Gold Hallmarking,Assaying & Hallmarking,https://www.manakonline.in/MANAK/AHCListForWebsite
HALLMARKING,HM-00935,,771,AHC-NRO-RAHC-R-160098,SHRI BANKEY BIHARI HALLMARK CENTRE,NRO/RAHC/R-160098,"MOH-MASJID GANJMOTI CHOWK, SHAHJAHANPUR, SHAHJAHANPUR CHAWK, UTTAR PRADESH ,242001",SHAHJAHANPUR CHAWK,SHAHJAHANPUR,UTTAR PRADESH,242001,ACTIVE,Operative,04/03/2028,Gold Hallmarking,Assaying & Hallmarking,https://www.manakonline.in/MANAK/AHCListForWebsite
HALLMARKING,HM-00936,,772,AHC-NRO-RAHC-R-160100,PALAK GOLD COMPUTERIZED TEST LAB,NRO/RAHC/R-160100,"105/4, FIRST FLOOR, GURU BAZAR, AMRITSAR, AMRITSAR, AMRITSAR G.P.O., PUNJAB ,143001",AMRITSAR G.P.O,AMRITSAR,PUNJAB,143001,ACTIVE,Operative,09/05/2025,Yellow Gold Hallmarking,Assaying & Hallmarking,https://www.manakonline.in/MANAK/AHCListForWebsite
HALLMARKING,HM-00937,,773,AHC-NRO-RAHC-R-160101,saiyamgoldlab,NRO/RAHC/R-160101,"1ST & 2ND FLOOR, RAMESHWAR CHAINS, PANSARI BAZAR S PANSARI BAZAR, SARAFA BAZAR, LUDHIANA, LUDHIANA, LUDHIANA, PUNJAB ,141008",LUDHIANA,LUDHIANA,PUNJAB,141008,ACTIVE,Operative,11/06/2025,Yellow Gold Hallmarking,Assaying & Hallmarking,https://www.manakonline.in/MANAK/AHCListForWebsite
HALLMARKING,HM-00938,,774,AHC-NRO-RAHC-R-160102,TIRUPATI ASSAYING & HALLMARKING CENTER,NRO/RAHC/R-160102,"FIRST FLOOR,SHOP NO-1,2,3, 214, ALAMGIRIGANJBAREILLY, BAREILLY, BAREILLY CITY, UTTAR PRADESH ,243001",BAREILLY CITY,BAREILLY,UTTAR PRADESH,243001,ACTIVE,Operative,13/05/2028,Yellow Gold Hallmarking,Assaying & Hallmarking,https://www.manakonline.in/MANAK/AHCListForWebsite
HALLMARKING,HM-00939,,775,AHC-NRO-RAHC-R-160103,A ONE GOLD HALLMARKING CENTRE,NRO/RAHC/R-160103,"1ST FLOOR MATAN TOLASADAR, SHAHJAHANPUR, SHAHJAHANPUR CHAWK, UTTAR PRADESH ,242001",SHAHJAHANPUR CHAWK,SHAHJAHANPUR,UTTAR PRADESH,242001,ACTIVE,Operative,09/05/2028,Yellow Gold Hallmarking,Assaying & Hallmarking,https://www.manakonline.in/MANAK/AHCListForWebsite
HALLMARKING,HM-00943,,776,AHC-NRO-RAHC-R-160108,RAJARAM GOLD TESTING CENTER,NRO/RAHC/R-160108,"2285/2,KILA CHOWK DARSHANI GATEPATIALA, PATIALA, PATIALA, PUNJAB ,147001",PATIALA,PATIALA,PUNJAB,147001,ACTIVE,Operative,07/09/2028,Gold Hallmarking,Assaying & Hallmarking,https://www.manakonline.in/MANAK/AHCListForWebsite
HALLMARKING,HM-00944,,777,AHC-NRO-RAHC-R-160109,MS GOLD LAB,NRO/RAHC/R-160109,"KK COMPLEXMAHAJAN BAZAR, MANDI, MANDI, HIMACHAL PRADESH ,175001",MANDI,MANDI,HIMACHAL PRADESH,175001,ACTIVE,Operative,27/08/2028,Yellow Gold Hallmarking,Assaying & Hallmarking,https://www.manakonline.in/MANAK/AHCListForWebsite
HALLMARKING,HM-00947,,778,AHC-NRO-RAHC-R-160112,DRB ASSAYING AND HALLMARKING LAB,NRO/RAHC/R-160112,"55/47 DHAMAWALA BAZARDEHRADUN, DEHRADUN, DEHRADUN CITY, UTTARAKHAND ,248001",DEHRADUN CITY,DEHRADUN,UTTARAKHAND,248001,ACTIVE,Operative,09/10/2028,"Yellow Gold,Silver Hallmarking",Assaying & Hallmarking,https://www.manakonline.in/MANAK/AHCListForWebsite
HALLMARKING,HM-00948,,779,AHC-NRO-RAHC-R-160113,JMK ENTERPRISES,NRO/RAHC/R-160113,"FIRST FLOOR, 25/34, WAKE MOHALLAGANDHIGHAR KA TAPRA, JHANSI, JHANSI CANTT., UTTAR PRADESH ,284001",JHANSI CANTT,JHANSI,UTTAR PRADESH,284001,ACTIVE,Operative,21/10/2028,Yellow Gold Hallmarking,Assaying & Hallmarking,https://www.manakonline.in/MANAK/AHCListForWebsite
HALLMARKING,HM-00949,,780,AHC-NRO-RAHC-R-160116,MAA BAJRESHWARI GOLD COMPUTER TEST LAB,NRO/RAHC/R-160116,"1,1, SEHGAL MARKET,KANGRA,HIMACHAL PRADESH,176001, KANGRA, KANGRA, HIMACHAL PRADESH ,176001",KANGRA,KANGRA,HIMACHAL PRADESH,176001,SUSPENDED,Under Suspension,15/05/2027,"Gold,Yellow Gold Hallmarking",Assaying & Hallmarking,https://www.manakonline.in/MANAK/AHCListForWebsite
HALLMARKING,HM-00950,,781,AHC-NRO-RAHC-R-160117,HS HALLMARKINGCENTRE,NRO/RAHC/R-160117,"E.A 200 PAPRIAN BAZAR JALANDHAR CITY-144002E.A 200 PAPRIAN BAZAR JALANDHAR-144002, JALANDHAR, JALANDHAR CITY, PUNJAB ,144002",JALANDHAR CITY,JALANDHAR,PUNJAB,144002,ACTIVE,Operative,30/11/2028,Gold & Silver Both Hallmarking,Assaying & Hallmarking,https://www.manakonline.in/MANAK/AHCListForWebsite
HALLMARKING,HM-00953,,782,AHC-NRO-RAHC-R-160121,Shree Balaji Hallmark Centre,NRO/RAHC/R-160121,"Basement of Mahadev Sadan, Chan, Khazanchain BazarHisar-125001 (Haryana), HISSAR, HISAR, HARYANA ,125001",HISAR,HISSAR,HARYANA,125001,ACTIVE,Operative,01/02/2029,Yellow Gold Hallmarking,Assaying & Hallmarking,https://www.manakonline.in/MANAK/AHCListForWebsite
HALLMARKING,HM-00955,,783,AHC-NRO-RAHC-R-160124,KASHMIR HALLMARKING CENTRE,NRO/RAHC/R-160124,"2ND FLOOR, OPPOSITE KHANA KHAZANA hotel ,hari singh high street, LALCHOWK, Srinagar,, SRINAGAR, LAL CHOWK, JAMMU & KASHMIR ,190001",LAL CHOWK,SRINAGAR,JAMMU & KASHMIR,190001,ACTIVE,Operative,13/12/2026,Yellow Gold Hallmarking,Assaying & Hallmarking,https://www.manakonline.in/MANAK/AHCListForWebsite
HALLMARKING,HM-00956,,784,AHC-NRO-RAHC-R-160125,POOJA HALLMARKING CENTRE,NRO/RAHC/R-160125,"SHOP NO 1756, MAIN BAZAR, MANIMAJRA, CHANDIGARH, CHANDIGARH, MANIMAJRA, CHANDIGARH ,160101",MANIMAJRA,CHANDIGARH,CHANDIGARH,160101,ACTIVE,Operative,12/07/2029,Yellow Gold Hallmarking,Assaying & Hallmarking,https://www.manakonline.in/MANAK/AHCListForWebsite
HALLMARKING,HM-00957,,785,AHC-NRO-RAHC-R-160126,Luxmi Narayan Hallmark,NRO/RAHC/R-160126,"Bal Bhawan Vali Gali, Near Raj FalaxThakkar Basti, FATEHABAD, FATEHABAD (FATEHABAD), HARYANA ,125050",FATEHABAD (FATEHABAD),FATEHABAD,HARYANA,125050,ACTIVE,Operative,21/10/2026,Yellow Gold Hallmarking,Assaying & Hallmarking,https://www.manakonline.in/MANAK/AHCListForWebsite
HALLMARKING,HM-00959,,786,AHC-NRO-RAHC-R-160128,A B Hallmarking Centre,NRO/RAHC/R-160128,"137 D, Shanti Katra, Near Bangali Kali Bari, SeshpurGorakhpur, Uttar Pradesh, GORAKHPUR, GORAKHPUR, UTTAR PRADESH ,237005",GORAKHPUR,GORAKHPUR,UTTAR PRADESH,237005,ACTIVE,Operative,19/10/2026,Yellow Gold Hallmarking,Assaying & Hallmarking,https://www.manakonline.in/MANAK/AHCListForWebsite
HALLMARKING,HM-00960,,787,AHC-NRO-RAHC-R-1610554,R S HALLMARKING AND ASSAYING CENTER,NRO/RAHC/R-1610554,"SC-828, Second Floor, Main Shivalik Enclave MarketMadhya Marg, Chandigarh, CHANDIGARH, MANIMAJRA, CHANDIGARH ,160101",MANIMAJRA,CHANDIGARH,CHANDIGARH,160101,ACTIVE,Operative,07/09/2026,Yellow Gold Hallmarking,Assaying & Hallmarking,https://www.manakonline.in/MANAK/AHCListForWebsite
HALLMARKING,HM-00961,,788,AHC-NRO-RAHC-R-1618997,SUDESH HALLMARKING CENTRE,NRO/RAHC/R-1618997,"SCEOND FLOOR SCO7SECTOR 23C CHANDIGARH, CHANDIGARH, SECTOR 23 ( CHANDIGARH), CHANDIGARH ,160023",SECTOR 23 ( CHANDIGARH),CHANDIGARH,CHANDIGARH,160023,ACTIVE,Operative,23/08/2025,Gold Hallmarking,Assaying & Hallmarking,https://www.manakonline.in/MANAK/AHCListForWebsite
HALLMARKING,HM-00963,,789,AHC-NRO-RAHC-R-1625633,CHANDIGARH HALLMARKING CENTRE,NRO/RAHC/R-1625633,"SCO-09, SECOND FLOOR, SECTOR 23C, CHANDIGARH, CHANDIGARH, SECTOR 23 ( CHANDIGARH), CHANDIGARH ,160022",SECTOR 23 ( CHANDIGARH),CHANDIGARH,CHANDIGARH,160022,ACTIVE,Operative,14/07/2029,Yellow Gold Hallmarking,Assaying & Hallmarking,https://www.manakonline.in/MANAK/AHCListForWebsite
HALLMARKING,HM-00966,,790,AHC-NRO-RAHC-R-1719792,RENUKA HALLMARKING AND ASSAYING CENTER,NRO/RAHC/R-1719792,"1ST FLOOR, RENUKA HALLMARKING, DOONGA BAZAR KANGRA, KANGRA, KANGRA TOWN, HIMACHAL PRADESH ,176001",KANGRA TOWN,KANGRA,HIMACHAL PRADESH,176001,SUSPENDED,Under Suspension,14/11/2027,Yellow Gold Hallmarking,Assaying & Hallmarking,https://www.manakonline.in/MANAK/AHCListForWebsite
HALLMARKING,HM-00970,,791,AHC-NRO-RAHC-R-1815746,SHREE RADHE HALLMARK CENTRE,NRO/RAHC/R-1815746,"1ST FLOOR SANT PHARMACYMAIN BAZAR, UDHAMPUR, UDHAMPUR, JAMMU & KASHMIR ,182101",UDHAMPUR,UDHAMPUR,JAMMU & KASHMIR,182101,ACTIVE,Operative,16/03/2028,Yellow Gold Hallmarking,Assaying & Hallmarking,https://www.manakonline.in/MANAK/AHCListForWebsite
HALLMARKING,HM-00971,,792,AHC-NRO-RAHC-R-1815746-O1-,SHREE RADHE HALLMARK CENTRE,NRO/RAHC/R-1815746(O1),"1ST FLOOR SANT PHARMACYMAIN BAZAR, UDHAMPUR, UDHAMPUR, JAMMU & KASHMIR ,182101",UDHAMPUR,UDHAMPUR,JAMMU & KASHMIR,182101,ACTIVE,Operative,16/03/2028,Yellow Gold Hallmarking,Assaying & Hallmarking,https://www.manakonline.in/MANAK/AHCListForWebsite
HALLMARKING,HM-00972,,793,AHC-NRO-RAHC-R-1817192,Sahil Hallmarking & Assaying Centre,NRO/RAHC/R-1817192,"Ground floor, H no 224, Lakhdata bazar, Jammu,Jammu Kashmir, JAMMU, JAMMU, JAMMU & KASHMIR ,180001",JAMMU,JAMMU,JAMMU & KASHMIR,180001,ACTIVE,Operative,11/12/2028,Yellow Gold Hallmarking,Assaying & Hallmarking,https://www.manakonline.in/MANAK/AHCListForWebsite
HALLMARKING,HM-00973,,794,AHC-NRO-RAHC-R-1817420,Balaji Kuber LLP,NRO/RAHC/R-1817420,"42-C, INDUSTRIAL ESTATE, DIGIANAJAMMU, JAMMU AND KASHMIR 180010, JAMMU, INDUSTRIAL ESTATE (JAMMU), JAMMU & KASHMIR ,180010",INDUSTRIAL ESTATE (JAMMU),JAMMU,JAMMU & KASHMIR,180010,ACTIVE,Operative,20/09/2025,Yellow Gold Hallmarking,Assaying & Hallmarking,https://www.manakonline.in/MANAK/AHCListForWebsite
HALLMARKING,HM-00976,,795,AHC-NRO-RAHC-R-1822586,MAYRA HALLMARKING CENTER,NRO/RAHC/R-1822586,"1 AND 2, 189, JAIN BAZAR, CHOWK CHABUTRA, JAMMU,, JAMMU, JAMMU, JAMMU & KASHMIR ,180001",JAMMU,JAMMU,JAMMU & KASHMIR,180001,ACTIVE,Operative,10/06/2027,Yellow Gold Hallmarking,Assaying & Hallmarking,https://www.manakonline.in/MANAK/AHCListForWebsite
HALLMARKING,HM-00977,,796,AHC-NRO-RAHC-R-1822646,SHREE HALLMARK CENTER,NRO/RAHC/R-1822646,"HOUSE NO.4, WARD NO.6,RAILWAY ROADVIJAYPUR, SAMBA, SAMBA, JAMMU & KASHMIR ,184120",SAMBA,SAMBA,JAMMU & KASHMIR,184120,ACTIVE,Operative,14/04/2028,Gold Hallmarking,Assaying & Hallmarking,https://www.manakonline.in/MANAK/AHCListForWebsite
HALLMARKING,HM-00979,,797,AHC-NRO-RAHC-R-1827089,Makkar Assaying and Hallmark centre,NRO/RAHC/R-1827089,"Laxmi market, Dayalchak, Hiranagar, KathuaJammu and kashmir, KATHUA, HIRANAGAR, JAMMU & KASHMIR ,184142",HIRANAGAR,KATHUA,JAMMU & KASHMIR,184142,ACTIVE,Operative,07/06/2025,Yellow Gold Hallmarking,Assaying & Hallmarking,https://www.manakonline.in/MANAK/AHCListForWebsite
HALLMARKING,HM-00980,,798,AHC-NRO-RAHC-R-1914015,SRINAGAR HALLMARKING CENTRE,NRO/RAHC/R-1914015,"!st Floor, Near Budsha Flats, HSH Street, SRINAGAR, SRINAGAR G.P.O., JAMMU & KASHMIR ,190001",SRINAGAR G.P.O,SRINAGAR,JAMMU & KASHMIR,190001,SUSPENDED,Under Suspension,18/07/2025,Yellow Gold Hallmarking,Assaying & Hallmarking,https://www.manakonline.in/MANAK/AHCListForWebsite
HALLMARKING,HM-00981,,799,AHC-NRO-RAHC-R-1928457,AHMAD MUHARKAN HALLMARKING CENTRE,NRO/RAHC/R-1928457,"02,NALLAMAR ROAD SRINAGARSRINAGAR, SRINAGAR, SRINAGAR G.P.O., JAMMU & KASHMIR ,190002",SRINAGAR G.P.O,SRINAGAR,JAMMU & KASHMIR,190002,ACTIVE,Operative,07/01/2027,Yellow Gold Hallmarking,Assaying & Hallmarking,https://www.manakonline.in/MANAK/AHCListForWebsite
HALLMARKING,HM-00983,,800,AHC-NRO-RAHC-R-2415957,AS ASSAYING & HALLMARK CENTRE,NRO/RAHC/R-2415957,"H. NO. 40/3, NEW NO. 99/40/3DHAMAWALA MOHALLA, DEHRADUN, DEHRADUN, DEHRADUN CITY, UTTARAKHAND ,248001",DEHRADUN CITY,DEHRADUN,UTTARAKHAND,248001,ACTIVE,Operative,17/05/2029,Gold & Silver Both Hallmarking,Assaying & Hallmarking,https://www.manakonline.in/MANAK/AHCListForWebsite
HALLMARKING,HM-00984,,801,AHC-NRO-RAHC-R-2417823,SHRI MAHALAXMI HALLMARK,NRO/RAHC/R-2417823,"13/1178/5-1/2, Mohalla BisatiyanNear Heeraganj, Laxmi Market, SAHARANPUR, SAHARANPUR CITY, UTTAR PRADESH ,247001",SAHARANPUR CITY,SAHARANPUR,UTTAR PRADESH,247001,ACTIVE,Operative,18/06/2027,Yellow Gold Hallmarking,Assaying & Hallmarking,https://www.manakonline.in/MANAK/AHCListForWebsite
HALLMARKING,HM-00985,,802,AHC-NRO-RAHC-R-2424457,Shiv Shakti Hallmark Centre,NRO/RAHC/R-2424457,"GROUND FLOOR MOHALLA KHATIYAN NEAR OLD SABZI MANDIPURANA DHAMPUR, DHAMPUR, BIJNOR (U.P), BIJNOR, DHAMPUR, UTTAR PRADESH ,246761",DHAMPUR,BIJNOR,UTTAR PRADESH,246761,ACTIVE,Operative,18/03/2028,Yellow Gold Hallmarking,Assaying & Hallmarking,https://www.manakonline.in/MANAK/AHCListForWebsite
HALLMARKING,HM-00986,,803,AHC-NRO-RAHC-R-2425135,MAA DHARI ASSAYING AND HALLMARKING CENTRE,NRO/RAHC/R-2425135,"FLOOR NO.: 1,5/62 ANAND GROCERIES BUILDINGGOLA BAZAR, PAURI GARHWAL, SRINAGAR (PAURI GARHWAL), UTTARAKHAND ,246174",SRINAGAR (PAURI GARHWAL),PAURI GARHWAL,UTTARAKHAND,246174,ACTIVE,Operative,07/02/2028,Yellow Gold Hallmarking,Assaying & Hallmarking,https://www.manakonline.in/MANAK/AHCListForWebsite
HALLMARKING,HM-00987,,804,AHC-NRO-RAHC-R-2426237,RD ASSAYING & HALLMARKING CENTRE,NRO/RAHC/R-2426237,"GROUND FLOOR,35/5,DHAMAWALA,MOHALLA,DEHRADUN,DEHRADUN,UTTARAKHAND-248001, DEHRADUN, DEHRADUN CITY, UTTARAKHAND ,248001",DEHRADUN CITY,DEHRADUN,UTTARAKHAND,248001,ACTIVE,Operative,23/04/2029,"Gold,Yellow Gold,Silver,Gold & Silver Both Hallmarking",Assaying & Hallmarking,https://www.manakonline.in/MANAK/AHCListForWebsite
HALLMARKING,HM-00988,,805,AHC-NRO-RAHC-R-2427697,MAHADEV HALLMARKING CENTER,NRO/RAHC/R-2427697,"VILL HEET NAGARSWAD SADHAN, RUDRAPRAYAG, RUDRAPRAYAG, UTTARAKHAND ,246171",RUDRAPRAYAG,RUDRAPRAYAG,UTTARAKHAND,246171,ACTIVE,Operative,07/07/2029,Yellow Gold Hallmarking,Assaying & Hallmarking,https://www.manakonline.in/MANAK/AHCListForWebsite
HALLMARKING,HM-00989,,806,AHC-NRO-RAHC-R-2428366,P K ASSAYING & HALLMARKING CENTRE,NRO/RAHC/R-2428366,"MOHALLA LAKDHARAN, (NEAR SARAFA BAZAR))JWALAPUR, HARIDWAR-249407, HARIDWAR, JWALAPUR, UTTARAKHAND ,249407",JWALAPUR,HARIDWAR,UTTARAKHAND,249407,ACTIVE,Operative,28/02/2025,Gold Hallmarking,Assaying & Hallmarking,https://www.manakonline.in/MANAK/AHCListForWebsite
HALLMARKING,HM-00990,,807,AHC-NRO-RAHC-R-2428366-O1-,P K ASSAYING & HALLMARKING CENTRE,NRO/RAHC/R-2428366(O1),"MOHALLA LAKDHARAN, (NEAR SARAFA BAZAR))JWALAPUR, HARIDWAR-249407, HARIDWAR, JWALAPUR, UTTARAKHAND ,249407",JWALAPUR,HARIDWAR,UTTARAKHAND,249407,ACTIVE,Operative,28/02/2025,Gold Hallmarking,Assaying & Hallmarking,https://www.manakonline.in/MANAK/AHCListForWebsite
HALLMARKING,HM-00991,,808,AHC-NRO-RAHC-R-2514948,SHRI MAHAKAL ASSAYING AND HALLMARKING,NRO/RAHC/R-2514948,"35/2, PATIYAN SARAFA BAZAR, SARAFA BAZARMUZAFFARNAGAR, MUZAFFARNAGAR, MUZAFFARNAGAR, UTTAR PRADESH ,251002",MUZAFFARNAGAR,MUZAFFARNAGAR,UTTAR PRADESH,251002,SUSPENDED,Under Suspension,14/04/2027,"Gold,Yellow Gold Hallmarking",Assaying & Hallmarking,https://www.manakonline.in/MANAK/AHCListForWebsite
HALLMARKING,HM-00992,,809,AHC-NRO-RAHC-R-2610783,S S HALLMARKING CENTRE,NRO/RAHC/R-2610783,"NEAR PATEL CHOWKSAHUKARA LINE, NAINITAL, HALDWANI, UTTARAKHAND ,263139",HALDWANI,NAINITAL,UTTARAKHAND,263139,ACTIVE,Operative,20/10/2025,Gold Hallmarking,Assaying & Hallmarking,https://www.manakonline.in/MANAK/AHCListForWebsite
HALLMARKING,HM-00993,,810,AHC-NRO-RAHC-R-2611990,MAHADEV HALLMARK CENTRE,NRO/RAHC/R-2611990,"PARIDHAN COLLECTION ,JOHARI BAZAR ALMORAKHAZANCHI BAZAR ROAD ALMORA UTTARAKHAND, ALMORA, ALMORA, UTTARAKHAND ,263601",ALMORA,ALMORA,UTTARAKHAND,263601,ACTIVE,Operative,05/11/2026,Gold & Silver Both Hallmarking,Assaying & Hallmarking,https://www.manakonline.in/MANAK/AHCListForWebsite
HALLMARKING,HM-00994,,811,AHC-NRO-RAHC-R-2613795,ANUGRAH GOLD ASSAY & HALLMARKING CENTER PRIVATE LIMITED,NRO/RAHC/R-2613795,"3, C/O ANJU MEHRA,CHAUDHRY COMPLEXSAHUKARA LINE PATEL CHOWK, NAINITAL, HALDWANI, UTTARAKHAND ,263139",HALDWANI,NAINITAL,UTTARAKHAND,263139,ACTIVE,Operative,14/09/2028,Gold Hallmarking,Assaying & Hallmarking,https://www.manakonline.in/MANAK/AHCListForWebsite
HALLMARKING,HM-00995,,812,AHC-NRO-RAHC-R-2615196,DEV BHOOMI HALLMARKING CENTRE,NRO/RAHC/R-2615196,"FLOOR NO. 1, BUILDING NO. 1, GOVIND LAL CHAUDHARIPITHORAGARH, UTTARAKHAND 262502, PITHORAGARH, PITHORAGARH, UTTARAKHAND ,262502",PITHORAGARH,PITHORAGARH,UTTARAKHAND,262502,ACTIVE,Operative,12/02/2028,Yellow Gold Hallmarking,Assaying & Hallmarking,https://www.manakonline.in/MANAK/AHCListForWebsite
HALLMARKING,HM-00996,,813,AHC-NRO-RAHC-R-2618916,G M HALLMARK CENTER,NRO/RAHC/R-2618916,"Purani Bazar, Ishwari Lal, Pithoragarh,Uttarakhand-262501, PITHORAGARH, PITHORAGARH, UTTARAKHAND ,262501",PITHORAGARH,PITHORAGARH,UTTARAKHAND,262501,ACTIVE,Operative,16/08/2028,Gold Hallmarking,Assaying & Hallmarking,https://www.manakonline.in/MANAK/AHCListForWebsite
HALLMARKING,HM-00997,,814,AHC-NRO-RAHC-R-2619825,UTTARAKHAND HALLMARKING CENTRE,NRO/RAHC/R-2619825,"11/20, First FloorPatel Chowk, Near Pipleshwar Mandir, NAINITAL, HALDWANI, UTTARAKHAND ,263139",HALDWANI,NAINITAL,UTTARAKHAND,263139,ACTIVE,Operative,31/12/2028,Gold Hallmarking,Assaying & Hallmarking,https://www.manakonline.in/MANAK/AHCListForWebsite
HALLMARKING,HM-00999,,815,AHC-NRO-RAHC-R-2626168,SES ANALYTICALS PRIVATE LIMITED,NRO/RAHC/R-2626168,"Plot No-CP-31, 3rd Floor, Sector City Park,SIIDCUL, PNDT IIE,, UDHAM SINGH NAGAR, RUDARPUR, UTTARAKHAND ,263153",RUDARPUR,UDHAM SINGH NAGAR,UTTARAKHAND,263153,ACTIVE,Operative,04/03/2029,"Gold,White Gold Nickel based Hallmarking",Assaying & Hallmarking,https://www.manakonline.in/MANAK/AHCListForWebsite
HALLMARKING,HM-01000,,816,AHC-NRO-RAHC-R-2629661,Krishana Hallmark Center,NRO/RAHC/R-2629661,"Selakhola, Near Huka ClubKhazanchi Mohalla, ALMORA, ALMORA, UTTARAKHAND ,263601",ALMORA,ALMORA,UTTARAKHAND,263601,ACTIVE,Operative,23/07/2029,Yellow Gold Hallmarking,Assaying & Hallmarking,https://www.manakonline.in/MANAK/AHCListForWebsite
HALLMARKING,HM-01001,,817,AHC-NRO-RAHC-R-4421695,GOLD GURU TESTING & HALLMARKING CENTRE,NRO/RAHC/R-4421695,"GALI KHAI WALI, JAIN SCHOOL WALIBHADRA BAZAR, SIRSA, SIRSA, BHADRA, HARYANA ,125055",BHADRA,SIRSA,HARYANA,125055,ACTIVE,Operative,27/02/2025,Yellow Gold Hallmarking,Assaying & Hallmarking,https://www.manakonline.in/MANAK/AHCListForWebsite
HALLMARKING,HM-01002,,818,AHC-SRO-RAHC-R-4010360,SIDDHNATH HALLMARKING CENTRE,SRO/RAHC/R-4010360,"2NdFloor,SNo.204/205,RelianceAtria,IsadoroBastistaRoad,Opp.Gold StarHotel,Pajifond,Margao,South Goa,, SOUTH GOA, MARGAO, GOA ,403601",MARGAO,SOUTH GOA,GOA,403601,ACTIVE,Operative,10/06/2029,Yellow Gold Hallmarking,Assaying & Hallmarking,https://www.manakonline.in/MANAK/AHCListForWebsite
HALLMARKING,HM-01005,,819,AHC-SRO-RAHC-R-4022477,LAXMINARAYAN HALLMARKING CENTRE,SRO/RAHC/R-4022477,"Second Floor, Shop No S-1 H No 14/3703 Shop No S-2H No 14/3704, Sweet Home Symphony Complex, Railway, SOUTH GOA, MARGAO, GOA ,403601",MARGAO,SOUTH GOA,GOA,403601,ACTIVE,Operative,09/01/2027,Gold Hallmarking,Assaying & Hallmarking,https://www.manakonline.in/MANAK/AHCListForWebsite
HALLMARKING,HM-01006,,820,AHC-SRO-RAHC-R-5010075,SANJEEV HALLMARKING CENTRE,SRO/RAHC/R-5010075,"6-4-64, Pedda Bazar Road, Kothagudem,Dist: Bhadradri Kothagudem, Telangana-507101, BHADRADRI KOTHAGUDEM, KOTHAGUDEM, TELANGANA ,507101",KOTHAGUDEM,BHADRADRI KOTHAGUDEM,TELANGANA,507101,ACTIVE,Operative,28/04/2028,Gold Hallmarking,Assaying & Hallmarking,https://www.manakonline.in/MANAK/AHCListForWebsite
HALLMARKING,HM-01007,,821,AHC-SRO-RAHC-R-5011152,SS HALLMARK CENTRE,SRO/RAHC/R-5011152,"23-16 ,MAIN BAZAR,MIRYALAGUDA,NALGONDA, NALGONDA, MIRYALGUDA, TELANGANA ,508207",MIRYALGUDA,NALGONDA,TELANGANA,508207,ACTIVE,Operative,07/11/2028,Gold Hallmarking,Assaying & Hallmarking,https://www.manakonline.in/MANAK/AHCListForWebsite
HALLMARKING,HM-01008,,822,AHC-SRO-RAHC-R-5011517,NEW GBR HALLMARKING CENTER,SRO/RAHC/R-5011517,"Third Floor, 7-2-817/1, 817Dry Fish Market, HYDERABAD, SECUNDERABAD, TELANGANA ,500003",SECUNDERABAD,HYDERABAD,TELANGANA,500003,ACTIVE,Operative,12/11/2028,Yellow Gold Hallmarking,Assaying & Hallmarking,https://www.manakonline.in/MANAK/AHCListForWebsite
HALLMARKING,HM-01009,,823,AHC-SRO-RAHC-R-5012273,QUALITY ASSAY & HALLMARKING CENTRE PRIVATE LIMITED,SRO/RAHC/R-5012273,"Second Floor, Door No:3A,Door No:3B, TGIIC GENERALMaheshwaram Cross Road, Rangareddy, Telangana, 501, RANGA REDDY, MAISARAM, TELANGANA ,501359",MAISARAM,RANGA REDDY,TELANGANA,501359,ACTIVE,Operative,06/07/2028,Gold & Silver Both Hallmarking,Assaying & Hallmarking,https://www.manakonline.in/MANAK/AHCListForWebsite
HALLMARKING,HM-01011,,824,AHC-SRO-RAHC-R-5013258,SRI SURYA HALLMARK CENTRE,SRO/RAHC/R-5013258,"POTTI SRI RAMULU ROAD, 2-3-353, GANDHI GUNJGANDHI CHOWK, KHAMMAM, TELANGANA, KHAMMAM, GANDHICHOWK (KHAMMAM), TELANGANA ,507003",GANDHICHOWK (KHAMMAM),KHAMMAM,TELANGANA,507003,ACTIVE,Operative,20/06/2028,Yellow Gold Hallmarking,Assaying & Hallmarking,https://www.manakonline.in/MANAK/AHCListForWebsite
HALLMARKING,HM-01013,,825,AHC-SRO-RAHC-R-5013673,ARCHANA GOLD TESTING,SRO/RAHC/R-5013673,"1-8-22/2 TO 6, JUGGE VISHWANATH, HUSNABAD, ARMOOR,NIZAMABAD, TELANGANA, 505325, NIZAMABAD, ARMOOR, TELANGANA ,505325",ARMOOR,NIZAMABAD,TELANGANA,505325,SUSPENDED,Under Suspension,15/03/2028,Yellow Gold Hallmarking,Assaying & Hallmarking,https://www.manakonline.in/MANAK/AHCListForWebsite
HALLMARKING,HM-01014,,826,AHC-SRO-RAHC-R-5014520,SURYA HALLMARKING CENTRE,SRO/RAHC/R-5014520,"1-5-259 TO 262 KALASIGUDA MAIN ROADSECUNDERABAD HYDERABAD TELANGANA, HYDERABAD, SECUNDERABAD, TELANGANA ,500003",SECUNDERABAD,HYDERABAD,TELANGANA,500003,ACTIVE,Operative,23/04/2029,Gold Hallmarking,Assaying & Hallmarking,https://www.manakonline.in/MANAK/AHCListForWebsite
HALLMARKING,HM-01015,,827,AHC-SRO-RAHC-R-5014656,NEW CENTURY HALLMARKING CENTRE,SRO/RAHC/R-5014656,"1st floor no 3-2-117 to 3-2-123/B general bazarsecunderabad, HYDERABAD, SECUNDERABAD, TELANGANA ,500003",SECUNDERABAD,HYDERABAD,TELANGANA,500003,ACTIVE,Operative,02/06/2029,Yellow Gold Hallmarking,Assaying & Hallmarking,https://www.manakonline.in/MANAK/AHCListForWebsite
HALLMARKING,HM-01017,,828,AHC-SRO-RAHC-R-5015084,TSS Hallmarking & Refinery,SRO/RAHC/R-5015084,"Ground Floor, 7-2-601 to 603/A & C,Takkar Basti, Pot Market, HYDERABAD, SECUNDERABAD, TELANGANA ,500003",SECUNDERABAD,HYDERABAD,TELANGANA,500003,ACTIVE,Operative,07/12/2026,Gold Hallmarking,Assaying & Hallmarking,https://www.manakonline.in/MANAK/AHCListForWebsite
HALLMARKING,HM-01018,,829,AHC-SRO-RAHC-R-5015268,KHARAA SONA ASSAYING AND HALLMARKING CENTRE,SRO/RAHC/R-5015268,"A Unit of S.A.I. Kharaa Sona Pvt. Ltd., 213,A BLOCK, 2ND FLOOR, MAYUR KUSHAL COMPLEX, ABIDS,, HYDERABAD, HYDERABAD G.P.O., TELANGANA ,500001",HYDERABAD G.P.O,HYDERABAD,TELANGANA,500001,ACTIVE,Operative,13/03/2027,Yellow Gold Hallmarking,Assaying & Hallmarking,https://www.manakonline.in/MANAK/AHCListForWebsite
HALLMARKING,HM-01019,,830,AHC-SRO-RAHC-R-5016425,Sri Krishna Rukmini Hall Mark Centre,SRO/RAHC/R-5016425,"15-3-147/2, GOWLIGUDA, OLD BUS DEPOT, HYDERABAD 5-, HYDERABAD, BEGUMBAZAR, TELANGANA ,500053",BEGUMBAZAR,HYDERABAD,TELANGANA,500053,ACTIVE,Operative,09/08/2029,Yellow Gold Hallmarking,Assaying & Hallmarking,https://www.manakonline.in/MANAK/AHCListForWebsite
HALLMARKING,HM-01020,,831,AHC-SRO-RAHC-R-5018699,MAHESHWARI HALL MARKING CENTRE,SRO/RAHC/R-5018699,"H NO 8-2-128/1 AND 2,OLD BEET BAZAR,BARDAN GALLY,WARANGAL, WARANGAL RURAL, WARANGAL, TELANGANA ,506002",WARANGAL,WARANGAL RURAL,TELANGANA,506002,ACTIVE,Operative,29/08/2027,Yellow Gold Hallmarking,Assaying & Hallmarking,https://www.manakonline.in/MANAK/AHCListForWebsite
HALLMARKING,HM-01021,,832,AHC-SRO-RAHC-R-5018699-O1-,MAHESHWARI HALL MARKING CENTRE,SRO/RAHC/R-5018699(O1),"H NO 8-2-128/1 AND 2,OLD BEET BAZAR,BARDAN GALLY,WARANGAL, WARANGAL RURAL, WARANGAL, TELANGANA ,506002",WARANGAL,WARANGAL RURAL,TELANGANA,506002,ACTIVE,Operative,29/08/2027,Yellow Gold Hallmarking,Assaying & Hallmarking,https://www.manakonline.in/MANAK/AHCListForWebsite
HALLMARKING,HM-01022,,833,AHC-SRO-RAHC-R-5018735,Om Sai Sree Hallmarking and Assaying center,SRO/RAHC/R-5018735,"First floor, H.No. 9-9-119, Pinnavari streetWarangal, WARANGAL RURAL, WARANGAL, TELANGANA ,506002",WARANGAL,WARANGAL RURAL,TELANGANA,506002,ACTIVE,Operative,28/08/2028,Yellow Gold Hallmarking,Assaying & Hallmarking,https://www.manakonline.in/MANAK/AHCListForWebsite
HALLMARKING,HM-01023,,834,AHC-SRO-RAHC-R-5019434,DWARAKAMAI HALLMARK CENTER,SRO/RAHC/R-5019434,"H.No.23-4/1 Part, KalalwadaMain Bazar, Miryalaguda,, NALGONDA, MIRYALGUDA, TELANGANA ,508207",MIRYALGUDA,NALGONDA,TELANGANA,508207,ACTIVE,Operative,15/06/2027,Gold Hallmarking,Assaying & Hallmarking,https://www.manakonline.in/MANAK/AHCListForWebsite
HALLMARKING,HM-01024,,835,AHC-SRO-RAHC-R-5019967,RENUKA ASSAYING AND HALLMARKING CENTRE,SRO/RAHC/R-5019967,"1-5-66, Gold Market, General bazar, Secunderabad, HYDERABAD, SECUNDERABAD, TELANGANA ,500015",SECUNDERABAD,HYDERABAD,TELANGANA,500015,ACTIVE,Operative,29/07/2029,Yellow Gold Hallmarking,Assaying & Hallmarking,https://www.manakonline.in/MANAK/AHCListForWebsite
HALLMARKING,HM-01025,,836,AHC-SRO-RAHC-R-5020714,SECUNDERABAD HALLMARKINGS,SRO/RAHC/R-5020714,"1-5-15,I St Floor, General Bazar, Dhan Bazar,Secunderabad, HYDERABAD, SECUNDERABAD, TELANGANA ,500001",SECUNDERABAD,HYDERABAD,TELANGANA,500001,ACTIVE,Operative,24/06/2028,Yellow Gold Hallmarking,Assaying & Hallmarking,https://www.manakonline.in/MANAK/AHCListForWebsite
HALLMARKING,HM-01026,,837,AHC-SRO-RAHC-R-5021310,HHYDERABAD HALLMARKING AND ASSAYING CENTRE,SRO/RAHC/R-5021310,"6-3-713, Flat No-613,C Block, Ground FloorAmrutha Hills, Punjagutta, Hyderabad, HYDERABAD, BEGUMPET, TELANGANA ,500082",BEGUMPET,HYDERABAD,TELANGANA,500082,ACTIVE,Operative,26/06/2028,Yellow Gold Hallmarking,Assaying & Hallmarking,https://www.manakonline.in/MANAK/AHCListForWebsite
HALLMARKING,HM-01028,,838,AHC-SRO-RAHC-R-5022009,ANAND GOLD & SILVER HALLMARK CENTRE,SRO/RAHC/R-5022009,"3rd Floor, H.No: 5-2-270,Maniram Arcade,Hyderbasti, HYDERABAD, SECUNDERABAD, TELANGANA ,500003",SECUNDERABAD,HYDERABAD,TELANGANA,500003,ACTIVE,Operative,02/10/2026,Gold & Silver Both Hallmarking,Assaying & Hallmarking,https://www.manakonline.in/MANAK/AHCListForWebsite
HALLMARKING,HM-01029,,839,AHC-SRO-RAHC-R-5022333,SS HALLMARK CENTRE,SRO/RAHC/R-5022333,"DOOR NO 19-1-38, SHASTRI ROAD PALVANCHA,BHADRADRI KOTHAGUDEM(DIST) TELANGANA, BHADRADRI KOTHAGUDEM, KOTHAGUDEM, TELANGANA ,507115",KOTHAGUDEM,BHADRADRI KOTHAGUDEM,TELANGANA,507115,SUSPENDED,Under Suspension,11/11/2027,Gold Hallmarking,Assaying & Hallmarking,https://www.manakonline.in/MANAK/AHCListForWebsite
HALLMARKING,HM-01030,,840,AHC-SRO-RAHC-R-5022896,MATOSHREE HALLMARKING CENTRE,SRO/RAHC/R-5022896,"Flat No.: 19-7-7,Laxminagar,GodavarikhaniNear by State Bank of India ATM,Ramagundam, PEDDAPALLI, PEDDAPALLI, TELANGANA ,505209",PEDDAPALLI,PEDDAPALLI,TELANGANA,505209,ACTIVE,Operative,23/07/2027,Yellow Gold Hallmarking,Assaying & Hallmarking,https://www.manakonline.in/MANAK/AHCListForWebsite
HALLMARKING,HM-01031,,841,AHC-SRO-RAHC-R-5022920,SREE CENTURYY HALLMARKING CENTRE,SRO/RAHC/R-5022920,"H. NO 6--668/10/52A,PLOT NO 52 DURGA NAGAR ROAD,PUNJABGUTTA,HYDERABAD, HYDERABAD, SECUNDERABAD, TELANGANA ,500082",SECUNDERABAD,HYDERABAD,TELANGANA,500082,ACTIVE,Operative,07/08/2029,Yellow Gold Hallmarking,Assaying & Hallmarking,https://www.manakonline.in/MANAK/AHCListForWebsite
HALLMARKING,HM-01033,,842,AHC-SRO-RAHC-R-5024848,Ameerpet Assaying & Hallmarking Centre,SRO/RAHC/R-5024848,"7-1-573 & 574 Near Kanak Durga TempleAmeerpet,Hyderabad, HYDERABAD, SANJEEV REDDY NAGAR, TELANGANA ,500016",SANJEEV REDDY NAGAR,HYDERABAD,TELANGANA,500016,ACTIVE,Operative,29/03/2029,Gold & Silver Both Hallmarking,Assaying & Hallmarking,https://www.manakonline.in/MANAK/AHCListForWebsite
HALLMARKING,HM-01034,,843,AHC-SRO-RAHC-R-5026826,NAKODA HALLMARKING CENTER,SRO/RAHC/R-5026826,"7-2-472,ASHOK NAGAR,SECUNDERABAD,, HYDERABAD, SECUNDERABAD, TELANGANA ,500003",SECUNDERABAD,HYDERABAD,TELANGANA,500003,ACTIVE,Operative,20/05/2027,Yellow Gold Hallmarking,Assaying & Hallmarking,https://www.manakonline.in/MANAK/AHCListForWebsite
HALLMARKING,HM-01035,,844,AHC-SRO-RAHC-R-5027628,GAYATHRI ASSAYING & HALLMARKING CENTER,SRO/RAHC/R-5027628,"Ground Floor, Door No 7-2-161, Gold & Silver MerchantComplex,Marwadi Galli, NIZAMABAD, , TELANGANA ,503001",NIZAMABAD,Marwadi Galli,TELANGANA,503001,ACTIVE,Operative,01/06/2029,Yellow Gold Hallmarking,Assaying & Hallmarking,https://www.manakonline.in/MANAK/AHCListForWebsite
HALLMARKING,HM-01037,,845,AHC-SRO-RAHC-R-5028817,NAVNEET HALLMARKING & REFINERY PRIVATE LIMITED,SRO/RAHC/R-5028817,"2ND FLOOR, H NO. 7-2-773, PANNA COMPLEXPOTMARKET, SECUNDERBAD, HYDERABAD, SECUNDERABAD, TELANGANA ,500003",SECUNDERABAD,HYDERABAD,TELANGANA,500003,ACTIVE,Operative,12/01/2028,Gold & Silver Both Hallmarking,Assaying & Hallmarking,https://www.manakonline.in/MANAK/AHCListForWebsite
HALLMARKING,HM-01038,,846,AHC-SRO-RAHC-R-5029088,ADITYA HALLMARKING CENTER,SRO/RAHC/R-5029088,"5-9-311&312,794 F.NO 101PAVANI PLAZA COMPLEXGUNFOUNDRY STREET,ABIDS, HYDERABAD, HYDERSHAHKOTE, TELANGANA ,500001",HYDERSHAHKOTE,HYDERABAD,TELANGANA,500001,ACTIVE,Operative,19/08/2028,Gold & Silver Both Hallmarking,Assaying & Hallmarking,https://www.manakonline.in/MANAK/AHCListForWebsite
HALLMARKING,HM-01042,,847,AHC-SRO-RAHC-R-5116705,V R K Hallmark Center,SRO/RAHC/R-5116705,"11-122Nehru Bazaar, CHITTOOR, MADANAPALLE, ANDHRA PRADESH ,517325",MADANAPALLE,CHITTOOR,ANDHRA PRADESH,517325,ACTIVE,Operative,02/08/2025,Yellow Gold Hallmarking,Assaying & Hallmarking,https://www.manakonline.in/MANAK/AHCListForWebsite
HALLMARKING,HM-01044,,848,AHC-SRO-RAHC-R-5118356,BHAARATH HALLMARK CENTRE,SRO/RAHC/R-5118356,"11/319-1, AMMAVARISHALA STREET,OPP TO B.S.R. DIAMONDS, PRODDATUR,, KADAPA, PRODDATUR, ANDHRA PRADESH ,516360",PRODDATUR,KADAPA,ANDHRA PRADESH,516360,ACTIVE,Operative,22/07/2028,Yellow Gold Hallmarking,Assaying & Hallmarking,https://www.manakonline.in/MANAK/AHCListForWebsite
HALLMARKING,HM-01046,,849,AHC-SRO-RAHC-R-5121783,ANANTHA HALLMARK CENTRE,SRO/RAHC/R-5121783,"21-358, BRAHMANA VEEDHI, REVENUE WARD NO 21, ANANTAPUR, ANANTAPUR, ANDHRA PRADESH ,515001",ANANTAPUR,ANANTAPUR,ANDHRA PRADESH,515001,ACTIVE,Operative,02/03/2028,Gold Hallmarking,Assaying & Hallmarking,https://www.manakonline.in/MANAK/AHCListForWebsite
HALLMARKING,HM-01047,,850,AHC-SRO-RAHC-R-5123881,S N Hallmarking centre,SRO/RAHC/R-5123881,"22-186 C, Revenue Ward no 22 , Mahaldar Veedhi, Ol-, ANANTAPUR, AGALI (ANANTHAPUR), ANDHRA PRADESH ,515005",AGALI (ANANTHAPUR),ANANTAPUR,ANDHRA PRADESH,515005,ACTIVE,Operative,23/10/2026,Yellow Gold Hallmarking,Assaying & Hallmarking,https://www.manakonline.in/MANAK/AHCListForWebsite
HALLMARKING,HM-01048,,851,AHC-SRO-RAHC-R-5124804,Om Hallmarking and Assay Center,SRO/RAHC/R-5124804,"18/84, OPP SHROOF BAZAR,NEHRU ROAD, KURNOOL, KURNOOL, ANDHRA PRADESH ,518001",KURNOOL,KURNOOL,ANDHRA PRADESH,518001,ACTIVE,Operative,19/05/2028,Yellow Gold Hallmarking,Assaying & Hallmarking,https://www.manakonline.in/MANAK/AHCListForWebsite
HALLMARKING,HM-01049,,852,AHC-SRO-RAHC-R-5127157,NANDYAL MUSKAN ASSAYING & HALLMAEKING CENTRE,SRO/RAHC/R-5127157,"4/515A, Chand Bada, NANDYAL, NANDYAL, , ANDHRA PRADESH ,518501",NANDYAL,NANDYAL,ANDHRA PRADESH,518501,ACTIVE,Operative,17/03/2028,Yellow Gold Hallmarking,Assaying & Hallmarking,https://www.manakonline.in/MANAK/AHCListForWebsite
HALLMARKING,HM-01051,,853,AHC-SRO-RAHC-R-5211833,SREE SIMHAPURI HALLMARKING & ASSAYING CENTRE,SRO/RAHC/R-5211833,"GROUND FLOOR, D.NO: 13/59MANDAPALA STREET,NELLORE, SRI POTTI SRIRAMULU NELLORE, NELLORE, ANDHRA PRADESH ,524001",NELLORE,SRI POTTI SRIRAMULU NELLORE,ANDHRA PRADESH,524001,ACTIVE,Operative,03/04/2028,Gold Hallmarking,Assaying & Hallmarking,https://www.manakonline.in/MANAK/AHCListForWebsite
HALLMARKING,HM-01052,,854,AHC-SRO-RAHC-R-5212418,VISWARUPA GOLDSMITH FOUNDATION,SRO/RAHC/R-5212418,"Plot no 35/B Sri Venkateswara IndustriesAPIIC Industrial Estate Jaggaiahpet (M), KRISHNA, JAGGAIAHPET, ANDHRA PRADESH ,521175",JAGGAIAHPET,KRISHNA,ANDHRA PRADESH,521175,ACTIVE,Operative,20/01/2028,Gold Hallmarking,Assaying & Hallmarking,https://www.manakonline.in/MANAK/AHCListForWebsite
HALLMARKING,HM-01053,,855,AHC-SRO-RAHC-R-5213313,CS HALLMARKING CENTER,SRO/RAHC/R-5213313,"2nd F5, WARD NO. 21A, MAHALAKSHMI TOWERS,GOVERNORPET, VIJAYAWADA, KRISHNA, ANDHRA PRADESH., KRISHNA, VIJAYAWADA, ANDHRA PRADESH ,520002",VIJAYAWADA,KRISHNA,ANDHRA PRADESH,520002,ACTIVE,Operative,07/07/2025,Gold Hallmarking,Assaying & Hallmarking,https://www.manakonline.in/MANAK/AHCListForWebsite
HALLMARKING,HM-01054,,856,AHC-SRO-RAHC-R-5213943,SUVARNA ASSAYING & HALLMARKING CENTRE,SRO/RAHC/R-5213943,"13/130 MANDAPALA STREET, NELLORE, SPSR NELLORENELLORE, ANDHRA PRADESH, SRI POTTI SRIRAMULU NELLORE, NELLORE, ANDHRA PRADESH ,524001",NELLORE,SRI POTTI SRIRAMULU NELLORE,ANDHRA PRADESH,524001,ACTIVE,Operative,13/11/2027,"Gold,Yellow Gold Hallmarking",Assaying & Hallmarking,https://www.manakonline.in/MANAK/AHCListForWebsite
HALLMARKING,HM-01056,,857,AHC-SRO-RAHC-R-5217208,ROSHAN HALLMARKING CENTER,SRO/RAHC/R-5217208,"1st floor, Guru Raghavendra Nilayam, 21-8-64,GANTALAMMA CHETTU STREET, Gantalamma Chettu Temple, GUNTUR, GUNTUR, ANDHRA PRADESH ,522003",GUNTUR,GUNTUR,ANDHRA PRADESH,522003,ACTIVE,Operative,03/03/2028,Yellow Gold Hallmarking,Assaying & Hallmarking,https://www.manakonline.in/MANAK/AHCListForWebsite
HALLMARKING,HM-01057,,858,AHC-SRO-RAHC-R-5217428,SUVARNA HALLMARKING CENTRE,SRO/RAHC/R-5217428,"TEMPLE STREET, 2ND FLOOR, 39-9-1,SAILOK COMPLEX, TEMPLE STREET, LABBIPET., KRISHNA, VIJAYAWADA, ANDHRA PRADESH ,520010",VIJAYAWADA,KRISHNA,ANDHRA PRADESH,520010,ACTIVE,Operative,03/08/2025,Gold Hallmarking,Assaying & Hallmarking,https://www.manakonline.in/MANAK/AHCListForWebsite
HALLMARKING,HM-01061,,859,AHC-SRO-RAHC-R-5222344,NATIONAL HALLMARK CENTRE,SRO/RAHC/R-5222344,"2nd Foor, 27-14-16, IV Plaza, S.No 10,11Rajagopalchari St, Jai Hind Complex, Bucinghampeta, KRISHNA, VIJAYAWADA, ANDHRA PRADESH ,520002",VIJAYAWADA,KRISHNA,ANDHRA PRADESH,520002,SUSPENDED,Under Suspension,18/01/2027,Yellow Gold Hallmarking,Assaying & Hallmarking,https://www.manakonline.in/MANAK/AHCListForWebsite
HALLMARKING,HM-01063,,860,AHC-SRO-RAHC-R-5223405,BOMBAY HALL MARK CENTRE,SRO/RAHC/R-5223405,"Ground Floor, 27-23-194/2, Gopala Reddy Road, Governorpet,Vijayawada, NTR, Andhra Pradesh - 520002, KRISHNA, VIJAYAWADA, ANDHRA PRADESH ,520002",VIJAYAWADA,KRISHNA,ANDHRA PRADESH,520002,SUSPENDED,Under Suspension,17/12/2026,Gold & Silver Both Hallmarking,Assaying & Hallmarking,https://www.manakonline.in/MANAK/AHCListForWebsite
HALLMARKING,HM-01065,,861,AHC-SRO-RAHC-R-5224660,SOMESWAR HALLMARKING CENTRE,SRO/RAHC/R-5224660,"1ST Floor,7/278,Municipal Ward No.7,Godugupeta1ST Floor,7/278,Municipal Ward No.7,Gudugupeta,, KRISHNA, MACHILIPATNAM, ANDHRA PRADESH ,521001",MACHILIPATNAM,KRISHNA,ANDHRA PRADESH,521001,ACTIVE,Operative,06/07/2029,Yellow Gold Hallmarking,Assaying & Hallmarking,https://www.manakonline.in/MANAK/AHCListForWebsite
HALLMARKING,HM-01066,,862,AHC-SRO-RAHC-R-5224707,SRI MANASVI ASSAYING AND HALLMARK CENTRE,SRO/RAHC/R-5224707,"6-1-63 MAIN ROADNEAR SIVA STATUE, GUNTUR, NARASARAOPET, ANDHRA PRADESH ,522601",NARASARAOPET,GUNTUR,ANDHRA PRADESH,522601,ACTIVE,Operative,12/03/2027,Yellow Gold Hallmarking,Assaying & Hallmarking,https://www.manakonline.in/MANAK/AHCListForWebsite
HALLMARKING,HM-01067,,863,AHC-SRO-RAHC-R-5225875,Sri Lakshmi Devi Hallmarking,SRO/RAHC/R-5225875,"Door No 3/298, First Floor, Main BazarEast Side, Revenue Ward No 3, Mangalagiri, GUNTUR, MANGALAGIRI BAZAR, ANDHRA PRADESH ,522503",MANGALAGIRI BAZAR,GUNTUR,ANDHRA PRADESH,522503,ACTIVE,Operative,26/05/2028,Yellow Gold Hallmarking,Assaying & Hallmarking,https://www.manakonline.in/MANAK/AHCListForWebsite
HALLMARKING,HM-01068,,864,AHC-SRO-RAHC-R-5226449,Sri Kubera Hallmarking Centre,SRO/RAHC/R-5226449,"Ground floor, 16-20-64/19/A Revenue ward no. 10Salipet Beside metro shoe mart street, Tenali,, GUNTUR, TENALI, ANDHRA PRADESH ,522201",TENALI,GUNTUR,ANDHRA PRADESH,522201,ACTIVE,Operative,31/08/2028,Gold & Silver Both Hallmarking,Assaying & Hallmarking,https://www.manakonline.in/MANAK/AHCListForWebsite
HALLMARKING,HM-01070,,865,AHC-SRO-RAHC-R-5228927,NAYAN TARA GOLD TESTING AND HALLMAKING,SRO/RAHC/R-5228927,"1ST FLOOR,27-23-192,GOPAL REDDY ROADGOVERNOR PET,VIJAYWADA,NTR,ANDRAPRADESH-520002., KRISHNA, VIJAYAWADA, ANDHRA PRADESH ,520002",VIJAYAWADA,KRISHNA,ANDHRA PRADESH,520002,SUSPENDED,Under Suspension,24/09/2026,Yellow Gold Hallmarking,Assaying & Hallmarking,https://www.manakonline.in/MANAK/AHCListForWebsite
HALLMARKING,HM-01071,,866,AHC-SRO-RAHC-R-5229452,SS ASSAYING & HALLMARKING CENTRE,SRO/RAHC/R-5229452,"13/87/1, MANDAPALA STREET,NELLORE, SPSR NELLORE, SRI POTTI SRIRAMULU NELLORE, NELLORE, ANDHRA PRADESH ,524001",NELLORE,SRI POTTI SRIRAMULU NELLORE,ANDHRA PRADESH,524001,ACTIVE,Operative,27/06/2029,Gold Hallmarking,Assaying & Hallmarking,https://www.manakonline.in/MANAK/AHCListForWebsite
HALLMARKING,HM-01072,,867,AHC-SRO-RAHC-R-5310325,JDJ TESTING CENTER,SRO/RAHC/R-5310325,"GOLD MARKET JUCTION, 34-5-10RAJAJI STREET, MAIN ROAD, EAST GODAVARI, TURANGI, ANDHRA PRADESH ,533001",TURANGI,EAST GODAVARI,ANDHRA PRADESH,533001,ACTIVE,Operative,26/02/2027,Gold Hallmarking,Assaying & Hallmarking,https://www.manakonline.in/MANAK/AHCListForWebsite
HALLMARKING,HM-01073,,868,AHC-SRO-RAHC-R-5313704,SRI S N HALLMARKING CENTRE,SRO/RAHC/R-5313704,"2nd FLOOR, KILLANA COMPLEX,BLOCK 6,R S NO 231, DOOR NO 8-5-26,27,28 PETROMOX STREET 7RD JUNCTION, SRIKAKULAM, SRIKAKULAM, ANDHRA PRADESH ,532001",SRIKAKULAM,SRIKAKULAM,ANDHRA PRADESH,532001,SUSPENDED,Under Suspension,05/10/2026,Yellow Gold Hallmarking,Assaying & Hallmarking,https://www.manakonline.in/MANAK/AHCListForWebsite
HALLMARKING,HM-01077,,869,AHC-SRO-RAHC-R-5320653,S V Hallmark Center,SRO/RAHC/R-5320653,"3rd Floor, 8-9-23 AVR Mall, Peedha Veethi, Tuni,Kakinada, Andhra Pradesh-533401, EAST GODAVARI, TUNI, ANDHRA PRADESH ,533401",TUNI,EAST GODAVARI,ANDHRA PRADESH,533401,ACTIVE,Operative,24/09/2026,Gold Hallmarking,Assaying & Hallmarking,https://www.manakonline.in/MANAK/AHCListForWebsite
HALLMARKING,HM-01078,,870,AHC-SRO-RAHC-R-5321303,S S HALLMARKING CENTRE,SRO/RAHC/R-5321303,"47-15-13/27NAVARATNA JEWEL SQUARE,BESIDE JYOTHI BOOK STORE, VISAKHAPATNAM, DWARAKANAGAR, ANDHRA PRADESH ,530016",DWARAKANAGAR,VISAKHAPATNAM,ANDHRA PRADESH,530016,ACTIVE,Operative,22/11/2026,Gold Hallmarking,Assaying & Hallmarking,https://www.manakonline.in/MANAK/AHCListForWebsite
HALLMARKING,HM-01082,,871,AHC-SRO-RAHC-R-5323292,PJ HALLMARKING CENTRE,SRO/RAHC/R-5323292,"Padmini Complex, D.No. 22-5-7Opp. Venkatrama Theater,Marvadi Sandhu, Bhimavaram, WEST GODAVARI, BHIMAVARAM, ANDHRA PRADESH ,534201",BHIMAVARAM,WEST GODAVARI,ANDHRA PRADESH,534201,ACTIVE,Operative,20/02/2028,Yellow Gold Hallmarking,Assaying & Hallmarking,https://www.manakonline.in/MANAK/AHCListForWebsite
HALLMARKING,HM-01083,,872,AHC-SRO-RAHC-R-5323655,SRI SUJATHA HALLMARKING CENTER,SRO/RAHC/R-5323655,"SECOND FLOOR, 34-1-87, MAIN BAZAR, NEAR VAIBHAV JEWELLERY, ELURU, ELURU, ANDHRA PRADESH ,534001",ELURU,ELURU,ANDHRA PRADESH,534001,ACTIVE,Operative,28/07/2029,Yellow Gold Hallmarking,Assaying & Hallmarking,https://www.manakonline.in/MANAK/AHCListForWebsite
HALLMARKING,HM-01087,,873,AHC-SRO-RAHC-R-5328114,SHREE KRISHNA HALLMARKING CENTRE,SRO/RAHC/R-5328114,"47-15-14/6,VRC COMPLEX,DWARAKANAGARRAILWAY STATION ROAD,VISAKHAPATNAM, VISAKHAPATNAM, VISAKHAPATNAM, ANDHRA PRADESH ,530016",VISAKHAPATNAM,VISAKHAPATNAM,ANDHRA PRADESH,530016,ACTIVE,Operative,08/04/2027,Gold Hallmarking,Assaying & Hallmarking,https://www.manakonline.in/MANAK/AHCListForWebsite
HALLMARKING,HM-01092,,874,AHC-SRO-RAHC-R-5611238,OMRA HALLMARKING CENTRE,SRO/RAHC/R-5611238,"4TH FLOOR NO 31 GURU GANESH PLAZAPILLAPPA LANE NAGRATHPET CROSS BENGALURU, BANGALORE URBAN, BANGALORE CITY, KARNATAKA ,560002",BANGALORE CITY,BANGALORE URBAN,KARNATAKA,560002,ACTIVE,Operative,20/11/2026,Gold & Silver Both Hallmarking,Assaying & Hallmarking,https://www.manakonline.in/MANAK/AHCListForWebsite
HALLMARKING,HM-01093,,875,AHC-SRO-RAHC-R-5611323,SRI GANESH ASSAY AND HALLMARKING CENTRE,SRO/RAHC/R-5611323,"4TH FLOOR, NO.28-10-3/6,MM COMPLEX,BETTAPPA LANE,, BANGALORE URBAN, BANGALORE CITY, KARNATAKA ,560002",BANGALORE CITY,BANGALORE URBAN,KARNATAKA,560002,ACTIVE,Operative,18/09/2028,Gold & Silver Both Hallmarking,Assaying & Hallmarking,https://www.manakonline.in/MANAK/AHCListForWebsite
HALLMARKING,HM-01094,,876,AHC-SRO-RAHC-R-5613380,MARVEL LAB,SRO/RAHC/R-5613380,"NO 19, 5TH CROSS, 5TH BLOCK KORAMANGALA BENGALURU, BANGALORE URBAN, KORAMANGALA, KARNATAKA ,560095",KORAMANGALA,BANGALORE URBAN,KARNATAKA,560095,ACTIVE,Operative,04/03/2028,Gold & Silver Both Hallmarking,Assaying & Hallmarking,https://www.manakonline.in/MANAK/AHCListForWebsite
HALLMARKING,HM-01096,,877,AHC-SRO-RAHC-R-5614909,SHRI SHANKARA HALLMARKING,SRO/RAHC/R-5614909,"#33, 5TH FLOOR, B.S COMPLEX, PILLAPPA LANE,NAGARATHPET, BANGALORE, BANGALORE URBAN, CHICKPET, KARNATAKA ,560002",CHICKPET,BANGALORE URBAN,KARNATAKA,560002,ACTIVE,Operative,21/04/2027,Gold & Silver Both Hallmarking,Assaying & Hallmarking,https://www.manakonline.in/MANAK/AHCListForWebsite
HALLMARKING,HM-01097,,878,AHC-SRO-RAHC-R-5615895,M K ASSAYING AND HALLMARKING CENTER LLP,SRO/RAHC/R-5615895,"SIXTH FLOOR, No 33, SHOP Nos 73 74 75 76 77BS COMPLEX, PILLAPPA LANE, NAGARATHPET, BANGALORE URBAN, BANGALORE CITY, KARNATAKA ,560002",BANGALORE CITY,BANGALORE URBAN,KARNATAKA,560002,ACTIVE,Operative,08/09/2025,Gold & Silver Both Hallmarking,Assaying & Hallmarking,https://www.manakonline.in/MANAK/AHCListForWebsite
HALLMARKING,HM-01098,,879,AHC-SRO-RAHC-R-5616120,JKS Hallmarking Centre,SRO/RAHC/R-5616120,"Ground Floor, Shope No.18, RSJ Sree PurandaraAdamsha Road, Nagartapete, Urban Bangalore-560002., BANGALORE URBAN, BAGALUR (BANGALORE), KARNATAKA ,560002",BAGALUR (BANGALORE),BANGALORE URBAN,KARNATAKA,560002,ACTIVE,Operative,04/02/2029,Gold & Silver Both Hallmarking,Assaying & Hallmarking,https://www.manakonline.in/MANAK/AHCListForWebsite
HALLMARKING,HM-01100,,880,AHC-SRO-RAHC-R-5617016,ROYAL ASSAYING AND HALLMARKING CENTER,SRO/RAHC/R-5617016,"5th FLOOR, 503,504,512,513 & 514, GOKUL COMPLEX ,KEMPANNA LANE,, BANGALORE URBAN, BANGALORE CITY, KARNATAKA ,560002",BANGALORE CITY,BANGALORE URBAN,KARNATAKA,560002,ACTIVE,Operative,21/12/2026,Gold & Silver Both Hallmarking,Assaying & Hallmarking,https://www.manakonline.in/MANAK/AHCListForWebsite
HALLMARKING,HM-01101,,881,AHC-SRO-RAHC-R-5617123,ZACO ASSAY AND HALLMARKING CENTRE,SRO/RAHC/R-5617123,"Ground Floor, 7/1, MaldarpetNagarathpet Cross, BANGALORE URBAN, CHICKPET, KARNATAKA ,560002",CHICKPET,BANGALORE URBAN,KARNATAKA,560002,ACTIVE,Operative,19/04/2028,Yellow Gold Hallmarking,Assaying & Hallmarking,https://www.manakonline.in/MANAK/AHCListForWebsite
HALLMARKING,HM-01103,,882,AHC-SRO-RAHC-R-5619067,Mandoth Hallmark Centre,SRO/RAHC/R-5619067,"C-8, Third Floor, No.7 C.T. StreetSakalajee Market, Avenue Road, Bangalore, BANGALORE URBAN, BANGALORE CITY, KARNATAKA ,560002",BANGALORE CITY,BANGALORE URBAN,KARNATAKA,560002,ACTIVE,Operative,14/09/2024,Gold & Silver Both Hallmarking,Assaying & Hallmarking,https://www.manakonline.in/MANAK/AHCListForWebsite
HALLMARKING,HM-01104,,883,AHC-SRO-RAHC-R-5619204,Devi Gold & Silver Lab,SRO/RAHC/R-5619204,"2 Floor, 2 Town Jain Complex. Vijayawada 520010-, KRISHNA, VIJAYAWADA, ANDHRA PRADESH ,560010",VIJAYAWADA,KRISHNA,ANDHRA PRADESH,560010,ACTIVE,Operative,15/05/2029,Gold & Silver Both Hallmarking,Assaying & Hallmarking,https://www.manakonline.in/MANAK/AHCListForWebsite
HALLMARKING,HM-01105,,884,AHC-SRO-RAHC-R-5620285,Mrs Rakhi Hallmark,SRO/RAHC/R-5620285,"2nd & 3rd Floor, No 6, Shop No 4 & 5, Mataji TowerAppaji Rao Lane, CT Street Cross, BANGALORE URBAN, CHICKPET, KARNATAKA ,560002",CHICKPET,BANGALORE URBAN,KARNATAKA,560002,ACTIVE,Operative,08/12/2027,Gold & Silver Both Hallmarking,Assaying & Hallmarking,https://www.manakonline.in/MANAK/AHCListForWebsite
HALLMARKING,HM-01106,,885,AHC-SRO-RAHC-R-5621508,Supriya Hallmarking Center,SRO/RAHC/R-5621508,"4th floor, no.844, suguna murthy muttlaneNagarthpet cross, Banglore, BANGALORE URBAN, BANGALORE CITY, KARNATAKA ,560002",BANGALORE CITY,BANGALORE URBAN,KARNATAKA,560002,ACTIVE,Operative,01/12/2027,Gold & Silver Both Hallmarking,Assaying & Hallmarking,https://www.manakonline.in/MANAK/AHCListForWebsite
HALLMARKING,HM-01107,,886,AHC-SRO-RAHC-R-5622142,VIJAY ASSAYING AND HALLMARKING CENTRE,SRO/RAHC/R-5622142,"2nd, 72, J.B.K. Complex, NAGARTHPET MAIN ROAD,BANGALORE, Bengaluru (Bangalore) Urban,, BANGALORE URBAN, BANGALORE CITY, KARNATAKA ,560002",BANGALORE CITY,BANGALORE URBAN,KARNATAKA,560002,ACTIVE,Operative,03/07/2029,"Yellow Gold,Silver Hallmarking",Assaying & Hallmarking,https://www.manakonline.in/MANAK/AHCListForWebsite
HALLMARKING,HM-01109,,887,AHC-SRO-RAHC-R-5622667,QUALITY ASSAY & HALLMARKING CENTRE PRIVATE,SRO/RAHC/R-5622667,"FIRST FLOOR, 254/A-1 PID No.11-161-254-A-1, 1st STAGE,PEENYA INDUSTRIAL AREA, RING ROAD, BANGALORE URBAN, PEENYA I STAGE, KARNATAKA ,560058",PEENYA I STAGE,BANGALORE URBAN,KARNATAKA,560058,ACTIVE,Operative,12/03/2027,Gold & Silver Both Hallmarking,Assaying & Hallmarking,https://www.manakonline.in/MANAK/AHCListForWebsite
HALLMARKING,HM-01110,,888,AHC-SRO-RAHC-R-5622806,Marvel Lab,SRO/RAHC/R-5622806,"8 Maldarpet, Appurayappagalli ,Nagarathpet CrossBanglore, BANGALORE URBAN, BANGALORE CITY, KARNATAKA ,560002",BANGALORE CITY,BANGALORE URBAN,KARNATAKA,560002,ACTIVE,Operative,01/02/2027,Gold & Silver Both Hallmarking,Assaying & Hallmarking,https://www.manakonline.in/MANAK/AHCListForWebsite
HALLMARKING,HM-01112,,889,AHC-SRO-RAHC-R-5623997,Manibhadra Gold and Silver Lab,SRO/RAHC/R-5623997,"No 11, Gupta Towers Bettappa Lane, C T Street, Urb-, BANGALORE URBAN, BAGALUR (BANGALORE), KARNATAKA ,560002",BAGALUR (BANGALORE),BANGALORE URBAN,KARNATAKA,560002,ACTIVE,Operative,30/06/2027,Gold & Silver Both Hallmarking,Assaying & Hallmarking,https://www.manakonline.in/MANAK/AHCListForWebsite
HALLMARKING,HM-01113,,890,AHC-SRO-RAHC-R-5624685,NEW ROHAN HALLMARKING CENTRE,SRO/RAHC/R-5624685,"226,1ST AND 2ND FLOOR , DODDAPETKOLAR, KOLAR, KOLAR, KARNATAKA ,563101",KOLAR,KOLAR,KARNATAKA,563101,ACTIVE,Operative,24/04/2029,Gold & Silver Both Hallmarking,Assaying & Hallmarking,https://www.manakonline.in/MANAK/AHCListForWebsite
HALLMARKING,HM-01114,,891,AHC-SRO-RAHC-R-5626136,MAHALAKSHMI HALLMARKING CENTRE,SRO/RAHC/R-5626136,"4TH FLOOR & 5TH FLOOR BUILDING NO 10 SHOP NO 403 &501 MIDAZ SQUARE APPAJI RAO LANE, BANGALORE URBAN, BANGALORE CITY, KARNATAKA ,560002",BANGALORE CITY,BANGALORE URBAN,KARNATAKA,560002,ACTIVE,Operative,18/05/2028,Gold & Silver Both Hallmarking,Assaying & Hallmarking,https://www.manakonline.in/MANAK/AHCListForWebsite
HALLMARKING,HM-01116,,892,AHC-SRO-RAHC-R-5628022,SHREE AMBICA ASSAYING & REFINERY CENTRE,SRO/RAHC/R-5628022,"1ST FLOOR, No.24, GANIGARA C LANE,NGRATHPET CROSS,, BANGALORE URBAN, BANGALORE CITY, KARNATAKA ,560002",BANGALORE CITY,BANGALORE URBAN,KARNATAKA,560002,ACTIVE,Operative,07/06/2025,Gold & Silver Both Hallmarking,Assaying & Hallmarking,https://www.manakonline.in/MANAK/AHCListForWebsite
HALLMARKING,HM-01117,,893,AHC-SRO-RAHC-R-5628542,JAI BHAVANI HALLMARKING CENTRE,SRO/RAHC/R-5628542,"3rd and 4th FLOOR, NO 108,CHOWDESHWARI TEMPLE STREET, BANGALORE - 560002, BANGALORE URBAN, CHICKPET, KARNATAKA ,560002",CHICKPET,BANGALORE URBAN,KARNATAKA,560002,ACTIVE,Operative,23/07/2027,Gold & Silver Both Hallmarking,Assaying & Hallmarking,https://www.manakonline.in/MANAK/AHCListForWebsite
HALLMARKING,HM-01118,,894,AHC-SRO-RAHC-R-5628646,SAI KHARAA SONA ASSAYING AND HALLMARKING,SRO/RAHC/R-5628646,"4th Floor, Shop No.1-6, 126, Laxmi Golden Mall,Dharmarayaswami Temple Road,Nagartapete, Bengaluru, BANGALORE URBAN, BANGALORE CITY, KARNATAKA ,560002",BANGALORE CITY,BANGALORE URBAN,KARNATAKA,560002,ACTIVE,Operative,30/11/2028,Yellow Gold Hallmarking,Assaying & Hallmarking,https://www.manakonline.in/MANAK/AHCListForWebsite
HALLMARKING,HM-01119,,895,AHC-SRO-RAHC-R-5628859,SHIVAM ASSAYING AND HALLMARKING CENTER,SRO/RAHC/R-5628859,"No 7 1ST AND 2ND FLOOR NORTH PARK ROADB t STREET ANCHEPET, BANGALORE URBAN, BANGALORE CITY, KARNATAKA ,560053",BANGALORE CITY,BANGALORE URBAN,KARNATAKA,560053,ACTIVE,Operative,28/04/2027,Gold & Silver Both Hallmarking,Assaying & Hallmarking,https://www.manakonline.in/MANAK/AHCListForWebsite
HALLMARKING,HM-01120,,896,AHC-SRO-RAHC-R-5629014,SRI KRISHNA GOLD,SRO/RAHC/R-5629014,"3rd Floor, No3 old No 187 Thimmaraya Shetty Lane N-, BANGALORE URBAN, CHICKPET, KARNATAKA ,560002",CHICKPET,BANGALORE URBAN,KARNATAKA,560002,ACTIVE,Operative,14/09/2026,Gold & Silver Both Hallmarking,Assaying & Hallmarking,https://www.manakonline.in/MANAK/AHCListForWebsite
HALLMARKING,HM-01121,,897,AHC-SRO-RAHC-R-5629937,SAGAR ASSAY AND HALLMARKING CENTRE,SRO/RAHC/R-5629937,"# 40/7 3RD FLOOR PILLAPPA LANENAGARTHPETE CROSS, BANGALORE URBAN, BANGALORE CITY, KARNATAKA ,560002",BANGALORE CITY,BANGALORE URBAN,KARNATAKA,560002,ACTIVE,Operative,01/01/2029,Gold & Silver Both Hallmarking,Assaying & Hallmarking,https://www.manakonline.in/MANAK/AHCListForWebsite
HALLMARKING,HM-01122,,898,AHC-SRO-RAHC-R-5711936,V P Assaying and Hallmarking Centre,SRO/RAHC/R-5711936,"Ward No13/11, Assessment No 23-132-117, Market Ro, SHIMOGA, SAGAR, KARNATAKA ,577401",SAGAR,SHIMOGA,KARNATAKA,577401,ACTIVE,Operative,30/12/2027,Yellow Gold Hallmarking,Assaying & Hallmarking,https://www.manakonline.in/MANAK/AHCListForWebsite
HALLMARKING,HM-01123,,899,AHC-SRO-RAHC-R-5712324,ACCURATE ASSAYING AND HALLMARKING CENTRE,SRO/RAHC/R-5712324,"II Floor, D.NoV-593/3C, Shriram Complex, Opp. CSI, Opp. CSI School, PWD Old Coast Road East Block, UDUPI, KUNDAPURA, KARNATAKA ,576201",KUNDAPURA,UDUPI,KARNATAKA,576201,ACTIVE,Operative,27/10/2027,Gold Hallmarking,Assaying & Hallmarking,https://www.manakonline.in/MANAK/AHCListForWebsite
HALLMARKING,HM-01124,,900,AHC-SRO-RAHC-R-5712589,SHRI KRISHNA ASSAYING AND HALLMARKING,SRO/RAHC/R-5712589,"10-1-41, MAZANINE FLOOR, CHITTARANJAN CIRCLE MARUTHI VEETHIKA, TENKA PETE WARD-208, UDUPI, UDUPI, UDUPI, KARNATAKA ,576101",UDUPI,UDUPI,KARNATAKA,576101,ACTIVE,Operative,21/07/2027,Gold & Silver Both Hallmarking,Assaying & Hallmarking,https://www.manakonline.in/MANAK/AHCListForWebsite
HALLMARKING,HM-01125,,901,AHC-SRO-RAHC-R-5712606,VIJAY SAGAR ASSAYING AND HALLMARK CENTRE,SRO/RAHC/R-5712606,"Ward No 14,Sathyanarayana Temple Road,SagarShivamoga(Shimoga)Karnataka 577401, SHIMOGA, SAGAR, KARNATAKA ,577401",SAGAR,SHIMOGA,KARNATAKA,577401,ACTIVE,Operative,07/04/2028,Yellow Gold Hallmarking,Assaying & Hallmarking,https://www.manakonline.in/MANAK/AHCListForWebsite
HALLMARKING,HM-01126,,902,AHC-SRO-RAHC-R-5712885,H S Hallmarking Centre,SRO/RAHC/R-5712885,"97/98/A, First Floor, Ashoka RoadLashkar Mohalla Mysuru(Mysore), MYSORE, MYSORE, KARNATAKA ,570001",MYSORE,MYSORE,KARNATAKA,570001,ACTIVE,Operative,19/05/2028,Gold & Silver Both Hallmarking,Assaying & Hallmarking,https://www.manakonline.in/MANAK/AHCListForWebsite
HALLMARKING,HM-01127,,903,AHC-SRO-RAHC-R-5714681,Balaji Hallmarking Centre,SRO/RAHC/R-5714681,"Unit no 4,3rd floor,GL One Mall, Main Road PutturDoor no 17-1-4-12B/1/(A-3-1), Unit No 4,3rd floor,, DAKSHINA KANNADA, PUTTUR(D.K.), KARNATAKA ,574201",PUTTUR(D.K.),DAKSHINA KANNADA,KARNATAKA,574201,ACTIVE,Operative,18/03/2027,Yellow Gold Hallmarking,Assaying & Hallmarking,https://www.manakonline.in/MANAK/AHCListForWebsite
HALLMARKING,HM-01128,,904,AHC-SRO-RAHC-R-5716567,BOMBAY ASSAY COMPANY,SRO/RAHC/R-5716567,"1st floor, Abharan Foundation, 2-45DShivalli Village, Perampalli Ward, Udupi Taluk, UDUPI, MANIPAL, KARNATAKA ,576104",MANIPAL,UDUPI,KARNATAKA,576104,ACTIVE,Operative,20/10/2025,"Gold,White Gold Nickel based,Silver,Gold & Silver Both Hallmarking",Assaying & Hallmarking,https://www.manakonline.in/MANAK/AHCListForWebsite
HALLMARKING,HM-01129,,905,AHC-SRO-RAHC-R-5716913,Sree Sai Gold Testing,SRO/RAHC/R-5716913,"228/1, Okkaligara Pete, Near Chawdeshwari TempleDavangere, Karnataka, DAVANAGERE, DAVANGERE, KARNATAKA ,577001",DAVANGERE,DAVANAGERE,KARNATAKA,577001,ACTIVE,Operative,21/04/2027,Yellow Gold Hallmarking,Assaying & Hallmarking,https://www.manakonline.in/MANAK/AHCListForWebsite
HALLMARKING,HM-01131,,906,AHC-SRO-RAHC-R-5721381,SHREE VINAYAKA HALLMARKING CENTRE,SRO/RAHC/R-5721381,"2nd Floor,Flat No.: 01, SLB Complex,Tumakuru,, TUMKUR, TUMKUR CITY, KARNATAKA ,572101",TUMKUR CITY,TUMKUR,KARNATAKA,572101,ACTIVE,Operative,14/04/2028,Yellow Gold Hallmarking,Assaying & Hallmarking,https://www.manakonline.in/MANAK/AHCListForWebsite
HALLMARKING,HM-01132,,907,AHC-SRO-RAHC-R-5721861,Standard Assaying and Hallmarking Centre,SRO/RAHC/R-5721861,"Basement Floor, D No 5-106 1, Market SquareNagarakatte Road, Marpady Village, DAKSHINA KANNADA, MOODBIDRI, KARNATAKA ,574227",MOODBIDRI,DAKSHINA KANNADA,KARNATAKA,574227,ACTIVE,Operative,24/07/2025,Yellow Gold Hallmarking,Assaying & Hallmarking,https://www.manakonline.in/MANAK/AHCListForWebsite
HALLMARKING,HM-01133,,908,AHC-SRO-RAHC-R-5724627,SAARATHYA ASSAY AND HALLMARKING CENTRE,SRO/RAHC/R-5724627,"First Floor, D.No. 13-8-1073/7- 8, Shop No 7-8,, DAKSHINA KANNADA, MANGALORE, KARNATAKA ,575001",MANGALORE,DAKSHINA KANNADA,KARNATAKA,575001,ACTIVE,Operative,27/01/2027,Gold Hallmarking,Assaying & Hallmarking,https://www.manakonline.in/MANAK/AHCListForWebsite
HALLMARKING,HM-01135,,909,AHC-SRO-RAHC-R-5725952,Sri Hari Assaying and Hallmarking Center,SRO/RAHC/R-5725952,"Ground & First Floor, Khatha No 1107/980Eshwara Temple Road, HASSAN, HASSAN, KARNATAKA ,573201",HASSAN,HASSAN,KARNATAKA,573201,ACTIVE,Operative,02/11/2025,Yellow Gold Hallmarking,Assaying & Hallmarking,https://www.manakonline.in/MANAK/AHCListForWebsite
HALLMARKING,HM-01136,,910,AHC-SRO-RAHC-R-5726251,BHARATH HALLMARKING CENTRE,SRO/RAHC/R-5726251,"LAKSHMISHREYA, 2ND CROSS,UPPAR STREET, GANDHI BAZAR, SHIVAMOGGA, SHIMOGA, SHIMOGA, KARNATAKA ,577201",SHIMOGA,SHIMOGA,KARNATAKA,577201,ACTIVE,Operative,22/04/2028,Gold & Silver Both Hallmarking,Assaying & Hallmarking,https://www.manakonline.in/MANAK/AHCListForWebsite
HALLMARKING,HM-01137,,911,AHC-SRO-RAHC-R-5729205,R K Assaying and Hallmarking Center,SRO/RAHC/R-5729205,"No1333/1,L4/l,KR Hospital Road, Anjaneya Temple StMysuru Karnataka: -570001, MYSORE, UDAYAGIRI (MYSORE), KARNATAKA ,570001",UDAYAGIRI (MYSORE),MYSORE,KARNATAKA,570001,ACTIVE,Operative,30/04/2027,Gold & Silver Both Hallmarking,Assaying & Hallmarking,https://www.manakonline.in/MANAK/AHCListForWebsite
HALLMARKING,HM-01138,,912,AHC-SRO-RAHC-R-5810903,SHREE MAHALAXMI ASSAYING & HALLMARK CENTER,SRO/RAHC/R-5810903,"11-13-22/1, 553 3RD MAIN ROAD BRESTWARPET, RAICHUR, RAICHUR, RAICHUR, KARNATAKA ,584101",RAICHUR,RAICHUR,KARNATAKA,584101,ACTIVE,Operative,10/01/2028,Yellow Gold Hallmarking,Assaying & Hallmarking,https://www.manakonline.in/MANAK/AHCListForWebsite
HALLMARKING,HM-01139,,913,AHC-SRO-RAHC-R-5812016,Kranti Hallmarking Centre,SRO/RAHC/R-5812016,"1-2-4/10, mahaveer roadSindhanur, old bazar, sindhnur, Raichur, Karnataka, RAICHUR, SINDHANUR, KARNATAKA ,584128",SINDHANUR,RAICHUR,KARNATAKA,584128,ACTIVE,Operative,08/11/2026,Yellow Gold Hallmarking,Assaying & Hallmarking,https://www.manakonline.in/MANAK/AHCListForWebsite
HALLMARKING,HM-01140,,914,AHC-SRO-RAHC-R-5814151,SHREE MAHALAKSHMI HALLMARKING CENTRE,SRO/RAHC/R-5814151,"NEAR VEERBHADRA TEMPLE,DOOR NO 24, WARD NO XI,FLOWER STREET ,BALLARI,KARNATAKA-583101, BELLARY, BELLARY, KARNATAKA ,583101",BELLARY,BELLARY,KARNATAKA,583101,ACTIVE,Operative,04/03/2029,Gold & Silver Both Hallmarking,Assaying & Hallmarking,https://www.manakonline.in/MANAK/AHCListForWebsite
HALLMARKING,HM-01141,,915,AHC-SRO-RAHC-R-5814972,S S HOLLMARKING CENTRE,SRO/RAHC/R-5814972,"1ST FLOOR, SURVEY NO. 1696, SHOP NO.05, SANGAM BUILDING,AZAD ROAD, CHOTA ASAR, VIJAPURA, KARNATAKA, 586101., VIJAYAPURA, VIJAYAPURA, KARNATAKA ,586101",VIJAYAPURA,VIJAYAPURA,KARNATAKA,586101,ACTIVE,Operative,12/08/2029,Yellow Gold Hallmarking,Assaying & Hallmarking,https://www.manakonline.in/MANAK/AHCListForWebsite
HALLMARKING,HM-01144,,916,AHC-SRO-RAHC-R-5820347,Nidhi Assaying & Hallmarking Centre,SRO/RAHC/R-5820347,"Under Ground floor,No.34,Daneshwari Plaza, Opp 21sCross,Near Engineering College Circle,Vidyagiri, BAGALKOT, BAGALKOT, KARNATAKA ,587102",BAGALKOT,BAGALKOT,KARNATAKA,587102,ACTIVE,Operative,07/07/2025,Gold & Silver Both Hallmarking,Assaying & Hallmarking,https://www.manakonline.in/MANAK/AHCListForWebsite
HALLMARKING,HM-01145,,917,AHC-SRO-RAHC-R-5820867,SHREE DURGA GOLD & ASSAYING HALLMARKING CENTER,SRO/RAHC/R-5820867,"CITY SERVY NO 37572,WARD NO-64SHREE MAHALASA COMPLEX,CBT ROAD,HUBLI, DHARWAD, HUBLI CITY, KARNATAKA ,580020",HUBLI CITY,DHARWAD,KARNATAKA,580020,ACTIVE,Operative,11/09/2025,Yellow Gold Hallmarking,Assaying & Hallmarking,https://www.manakonline.in/MANAK/AHCListForWebsite
HALLMARKING,HM-01147,,918,AHC-SRO-RAHC-R-5825670,MAAULI ASSAYING AND HALLMARKING CENTER,SRO/RAHC/R-5825670,"SECOND FLOOR, CTS NO 3748B AND 3748/A2 SHOP NO 1AND2 LAXMI GOLD TOWER GAVALI GALI NEAR CBT HUBBLI, DHARWAD, HUBLI, KARNATAKA ,580020",HUBLI,DHARWAD,KARNATAKA,580020,ACTIVE,Operative,12/05/2025,Gold & Silver Both Hallmarking,Assaying & Hallmarking,https://www.manakonline.in/MANAK/AHCListForWebsite
HALLMARKING,HM-01148,,919,AHC-SRO-RAHC-R-5827631,NEW SHOBHA HALLMARKING CENTRE & GOLD TESTING,SRO/RAHC/R-5827631,"BEHIND JAIN MANDIR 1ST FLOOR H.NO 4-3 ANNARAOGANAMUKHI MARG SARAF BAZAR GAZIPUR KALABURGI, GULBARGA, GULBARGA, KARNATAKA ,585101",GULBARGA,GULBARGA,KARNATAKA,585101,SUSPENDED,Under Suspension,10/08/2026,Yellow Gold Hallmarking,Assaying & Hallmarking,https://www.manakonline.in/MANAK/AHCListForWebsite
HALLMARKING,HM-01150,,920,AHC-SRO-RAHC-R-5828405,NSG HALLMARKING AND ASSAYING CENTRE,SRO/RAHC/R-5828405,"1st Floor, MPL.No. 13-4 322/AQuba Masjid Complex, Beside Karnataka Function,Chirag Ali Colony, Manvi Raichur, RAICHUR, MANVI, KARNATAKA ,584123",MANVI,RAICHUR,KARNATAKA,584123,ACTIVE,Operative,19/06/2028,Yellow Gold Hallmarking,Assaying & Hallmarking,https://www.manakonline.in/MANAK/AHCListForWebsite
HALLMARKING,HM-01152,,921,AHC-SRO-RAHC-R-5828945,SHREE DHANLAXMI HALL MARKING CENTRE,SRO/RAHC/R-5828945,"Sahil Selection, 2ND FLOOR, CTS NO.3759/1 AND3759/2, ZAVERI BAZAR,CBT, Gavali Gali, Durgad Bail, DHARWAD, HUBLI, KARNATAKA ,580020",HUBLI,DHARWAD,KARNATAKA,580020,ACTIVE,Operative,16/04/2029,Yellow Gold Hallmarking,Assaying & Hallmarking,https://www.manakonline.in/MANAK/AHCListForWebsite
HALLMARKING,HM-01153,,922,AHC-SRO-RAHC-R-5828971,GULBARGA HALLMARKING CENTRE,SRO/RAHC/R-5828971,"4-113,Shop no.1,Nasi Complex,Maktampur,Near Shankarling Temple,Kalaburgi,Karnataka-585101, GULBARGA, GULBARGA, KARNATAKA ,585101",GULBARGA,GULBARGA,KARNATAKA,585101,ACTIVE,Operative,02/01/2027,Gold Hallmarking,Assaying & Hallmarking,https://www.manakonline.in/MANAK/AHCListForWebsite
HALLMARKING,HM-01154,,923,AHC-SRO-RAHC-R-5910709,SHREE DATTA ASSAYING AND HALLMARKING CENTRE,SRO/RAHC/R-5910709,"1st Floor, CTS No137, Khade Bazar, ShahpurBelgavi(Belgaum), Karnataka-590003, BELGAUM, BELGAUM, KARNATAKA ,590003",BELGAUM,BELGAUM,KARNATAKA,590003,ACTIVE,Operative,22/12/2027,Gold Hallmarking,Assaying & Hallmarking,https://www.manakonline.in/MANAK/AHCListForWebsite
HALLMARKING,HM-01156,,924,AHC-SRO-RAHC-R-5913629,OM SAI HALLMARKING AND ASSAY CENTRE,SRO/RAHC/R-5913629,"H NO. 282 KHADE BAZAR, SHAHAPURBELAGAVI, KARNATAKA, BELGAUM, BELGAUM, KARNATAKA ,590003",BELGAUM,BELGAUM,KARNATAKA,590003,ACTIVE,Operative,29/07/2029,Yellow Gold Hallmarking,Assaying & Hallmarking,https://www.manakonline.in/MANAK/AHCListForWebsite
HALLMARKING,HM-01158,,925,AHC-SRO-RAHC-R-5916445,OM SAI HALLMARKING AND ASSAY CENTRE,SRO/RAHC/R-5916445,"SHOP NO. 2681, RAVIVARPETHGOKAK,KARNATAKA, BELGAUM, GOKAK, KARNATAKA ,591307",GOKAK,BELGAUM,KARNATAKA,591307,SUSPENDED,Under Suspension,17/08/2026,Gold Hallmarking,Assaying & Hallmarking,https://www.manakonline.in/MANAK/AHCListForWebsite
HALLMARKING,HM-01160,,926,AHC-SRO-RAHC-R-5924324,GOLDMASTER HALLMARKING AND ASSAYING CENTER,SRO/RAHC/R-5924324,"CTS NO 257, DANE GALI, SHAHAPUR,, BELGAUM, BELGAUM, KARNATAKA ,590003",BELGAUM,BELGAUM,KARNATAKA,590003,ACTIVE,Operative,24/04/2027,Yellow Gold Hallmarking,Assaying & Hallmarking,https://www.manakonline.in/MANAK/AHCListForWebsite
HALLMARKING,HM-01161,,927,AHC-SRO-RAHC-R-5925048,NEW SOUTH INDIAN HALLMARKING AND ASSAYING CENTRE,SRO/RAHC/R-5925048,"2888,1ST FLOOR,POTDAR CHAMBER,KHADE BAZARBELGAUM,KARNATAKA, BELGAUM, BELGAUM, KARNATAKA ,590001",BELGAUM,BELGAUM,KARNATAKA,590001,ACTIVE,Operative,14/12/2028,Gold Hallmarking,Assaying & Hallmarking,https://www.manakonline.in/MANAK/AHCListForWebsite
HALLMARKING,HM-01163,,928,AHC-SRO-RAHC-R-600003,CGR Hallmarkers Pvt Ltd,SRO/RAHC/R-600003,"Room No.2, Plot No.33,CGR Layout, Bodygear Road,Edayar Industrial Development Area,Muppathadam PO, Ernakulam,, ERNAKULAM, ERNAKULAM, KERALA ,683110",ERNAKULAM,ERNAKULAM,KERALA,683110,ACTIVE,Operative,04/06/2027,"Yellow Gold,Silver Hallmarking",Assaying & Hallmarking,https://www.manakonline.in/MANAK/AHCListForWebsite
HALLMARKING,HM-01164,,929,AHC-SRO-RAHC-R-600003-O1-,CGR Hallmarkers Pvt Ltd,SRO/RAHC/R-600003(O1),"4th Floor, 40/1014, Pailypillai Towers,Above Kirthilal's Jewellery, Opp College Ground Bus Stop, MG. Road,, ERNAKULAM, ERNAKULAM, KERALA ,682011",ERNAKULAM,ERNAKULAM,KERALA,682011,ACTIVE,Operative,04/06/2027,"Yellow Gold,Silver Hallmarking",Assaying & Hallmarking,https://www.manakonline.in/MANAK/AHCListForWebsite
HALLMARKING,HM-01165,,930,AHC-SRO-RAHC-R-600007,GREEN GEM TESTINGS INDIA PRIVATE LIMITED,SRO/RAHC/R-600007,"401,Telugu street, COIMBATORE, COIMBATORE, TAMIL NADU ,641001",COIMBATORE,COIMBATORE,TAMIL NADU,641001,ACTIVE,Operative,08/11/2027,"White Gold Nickel based,White Gold Palladium based,All Gold,Silver,Gold & Silver Both Hallmarking",Assaying & Hallmarking,https://www.manakonline.in/MANAK/AHCListForWebsite
HALLMARKING,HM-01166,,931,AHC-SRO-RAHC-R-600010,CALICUT ASSAY AND HALLMARKING CENTRE PRIVATE LIMITED,SRO/RAHC/R-600010,"13/94 E, JAI GURUDEV TRUST,KAMATH LANE, PALAYAM ROAD, KOZHIKODE, CALICUT, KERALA ,673001",CALICUT,KOZHIKODE,KERALA,673001,ACTIVE,Operative,05/08/2025,Yellow Gold Hallmarking,Assaying & Hallmarking,https://www.manakonline.in/MANAK/AHCListForWebsite
HALLMARKING,HM-01168,,932,AHC-SRO-RAHC-R-600401,QUALITY ASSAY & HALLMARKING CENTRE PRIVATE LIMITED,SRO/RAHC/R-600401,"17/1491-D3, D4, D5, D6, 3rd Floor,Malabar Gate, Ram Mohan Road,, KOZHIKODE, CALICUT, KERALA ,673004",CALICUT,KOZHIKODE,KERALA,673004,ACTIVE,Operative,14/10/2025,Yellow Gold Hallmarking,Assaying & Hallmarking,https://www.manakonline.in/MANAK/AHCListForWebsite
HALLMARKING,HM-01169,,933,AHC-SRO-RAHC-R-600403,Shantivijay Testing,SRO/RAHC/R-600403,"26/6, Mangesh Street,T. Nagar, Chennai, CHENNAI, THYGARAYANAGAR, TAMIL NADU ,600017",THYGARAYANAGAR,CHENNAI,TAMIL NADU,600017,ACTIVE,Operative,05/05/2029,Yellow Gold Hallmarking,Assaying & Hallmarking,https://www.manakonline.in/MANAK/AHCListForWebsite
HALLMARKING,HM-01170,,934,AHC-SRO-RAHC-R-600404,Right Assay and Hallmarking Centre,SRO/RAHC/R-600404,"1st Floor, 19/353-H, Mullambalam Shopping Complex,Siraj Bypass Road, Koduvally, KOZHIKODE, KOTUVALLI, KERALA ,673572",KOTUVALLI,KOZHIKODE,KERALA,673572,ACTIVE,Operative,13/03/2029,Yellow Gold Hallmarking,Assaying & Hallmarking,https://www.manakonline.in/MANAK/AHCListForWebsite
HALLMARKING,HM-01172,,935,AHC-SRO-RAHC-R-600411,QUALITY ASSAY & HALLMARKING CENTRE PRIVATE LIMITED,SRO/RAHC/R-600411,"ROOM NO. CW 35/ 3666& 3666A, 1st FLOOR,ZAHARA COMPLEX, BELLARD ROAD, KANNUR, KANNUR, KANNUR, KERALA ,670001",KANNUR,KANNUR,KERALA,670001,ACTIVE,Operative,11/10/2027,Gold Hallmarking,Assaying & Hallmarking,https://www.manakonline.in/MANAK/AHCListForWebsite
HALLMARKING,HM-01173,,936,AHC-SRO-RAHC-R-600419,MERLECHA ASSAYERS,SRO/RAHC/R-600419,"114/B 1ST FLOOR J C ROAD CROSSBEHIND SHIVAJI TALKIES, BANGALORE URBAN, BANGALORE CITY, KARNATAKA ,560002",BANGALORE CITY,BANGALORE URBAN,KARNATAKA,560002,ACTIVE,Operative,14/05/2028,Yellow Gold Hallmarking,Assaying & Hallmarking,https://www.manakonline.in/MANAK/AHCListForWebsite
HALLMARKING,HM-01174,,937,AHC-SRO-RAHC-R-600423,LOTUS ASSAY PRIVATE LIMITED,SRO/RAHC/R-600423,"52/88,FIRST FLOORSWARNAMBIGAI STREET,SALEM, SALEM, SALEM, TAMIL NADU ,636001",SALEM,SALEM,TAMIL NADU,636001,ACTIVE,Operative,29/01/2026,Gold & Silver Both Hallmarking,Assaying & Hallmarking,https://www.manakonline.in/MANAK/AHCListForWebsite
HALLMARKING,HM-01175,,938,AHC-SRO-RAHC-R-600424,BOMBAY TEST HOUSE PRIVATE LIMITED,SRO/RAHC/R-600424,"4-A, NEW NO 36, RAJAJI ROADSALEM, SALEM, SALEM, TAMIL NADU ,636007",SALEM,SALEM,TAMIL NADU,636007,ACTIVE,Operative,07/01/2029,Gold & Silver Both Hallmarking,Assaying & Hallmarking,https://www.manakonline.in/MANAK/AHCListForWebsite
HALLMARKING,HM-01176,,939,AHC-SRO-RAHC-R-600426,PVM Assay Centre,SRO/RAHC/R-600426,"17/1372, Mughal BuildingM M Ali Road, KOZHIKODE, CALICUT, KERALA ,673002",CALICUT,KOZHIKODE,KERALA,673002,ACTIVE,Operative,12/12/2022,Yellow Gold Hallmarking,Assaying & Hallmarking,https://www.manakonline.in/MANAK/AHCListForWebsite
HALLMARKING,HM-01179,,940,AHC-SRO-RAHC-R-600429,Vijay Assaying & Hallmarking Centre,SRO/RAHC/R-600429,"#567, New L-44/2, 1st Floor,6th Cross, Ashoka Road,, MYSORE, MYSORE, KARNATAKA ,570001",MYSORE,MYSORE,KARNATAKA,570001,ACTIVE,Operative,19/12/2022,Yellow Gold Hallmarking,Assaying & Hallmarking,https://www.manakonline.in/MANAK/AHCListForWebsite
HALLMARKING,HM-01181,,941,AHC-SRO-RAHC-R-600432,Malappuram Assay And Hallmarking,SRO/RAHC/R-600432,"2nd Floor, Building No.18/354,Fathima Complex, Kottapadi, MALAPPURAM, MALAPPURAM, KERALA ,676519",MALAPPURAM,MALAPPURAM,KERALA,676519,ACTIVE,Operative,04/11/2028,Yellow Gold Hallmarking,Assaying & Hallmarking,https://www.manakonline.in/MANAK/AHCListForWebsite
HALLMARKING,HM-01182,,942,AHC-SRO-RAHC-R-600435,SUKRAA HALLMARKING CENTRE,SRO/RAHC/R-600435,"29, Flat No:10,11 3rd Floor, GC Tower,Duraisamy Road, T Nagar Chennai-600017, CHENNAI, THYGARAYANAGAR, TAMIL NADU ,600017",THYGARAYANAGAR,CHENNAI,TAMIL NADU,600017,ACTIVE,Operative,16/12/2028,"Gold,Gold Hallmarking",Assaying & Hallmarking,https://www.manakonline.in/MANAK/AHCListForWebsite
HALLMARKING,HM-01183,,943,AHC-SRO-RAHC-R-600437,KESAR HALLMARKING CENTRE,SRO/RAHC/R-600437,"21, Ramasamy St2nd floor, Usman Road T. Nagar2nd Floor, Jewel Centre, CHENNAI, THYGARAYANAGAR, TAMIL NADU ,600017",THYGARAYANAGAR,CHENNAI,TAMIL NADU,600017,ACTIVE,Operative,07/01/2029,"Yellow Gold,White Gold Nickel based Hallmarking",Assaying & Hallmarking,https://www.manakonline.in/MANAK/AHCListForWebsite
HALLMARKING,HM-01185,,944,AHC-SRO-RAHC-R-600443,CGR Hallmarkers Pvt Ltd,SRO/RAHC/R-600443,"Plot B-30, Business Park, Kinfra Hitech Park,, ERNAKULAM, ERNAKULAM, KERALA ,683503",ERNAKULAM,ERNAKULAM,KERALA,683503,SUSPENDED,Under Suspension,31/03/2029,Gold Hallmarking,Assaying & Hallmarking,https://www.manakonline.in/MANAK/AHCListForWebsite
HALLMARKING,HM-01188,,945,AHC-SRO-RAHC-R-600449,RAJESHWAREE HALLMARKING CENTRE,SRO/RAHC/R-600449,"#1048,L85/1 KRHOSPITAL ROAD,MYSORE 570001, MYSORE, MYSORE, KARNATAKA ,570001",MYSORE,MYSORE,KARNATAKA,570001,ACTIVE,Operative,29/06/2029,Yellow Gold Hallmarking,Assaying & Hallmarking,https://www.manakonline.in/MANAK/AHCListForWebsite
HALLMARKING,HM-01189,,946,AHC-SRO-RAHC-R-600453,SPS Assay & Hallmarking Centre,SRO/RAHC/R-600453,"40/8223, Convent Road,Opp. Ernakulam Public Library,, ERNAKULAM, ERNAKULAM, KERALA ,682035",ERNAKULAM,ERNAKULAM,KERALA,682035,ACTIVE,Operative,30/07/2029,Yellow Gold Hallmarking,Assaying & Hallmarking,https://www.manakonline.in/MANAK/AHCListForWebsite
HALLMARKING,HM-01190,,947,AHC-SRO-RAHC-R-600455,Perfect Assayers & Hallmarking Centre,SRO/RAHC/R-600455,"23/17, Natha muni Street, North Usman Road,, CHENNAI, THYGARAYANAGAR NORTH ND, TAMIL NADU ,600017",THYGARAYANAGAR NORTH ND,CHENNAI,TAMIL NADU,600017,ACTIVE,Operative,20/11/2026,Gold & Silver Both Hallmarking,Assaying & Hallmarking,https://www.manakonline.in/MANAK/AHCListForWebsite
HALLMARKING,HM-01191,,948,AHC-SRO-RAHC-R-600455-O1-,Perfect Assayers & Hallmarking Centre,SRO/RAHC/R-600455(O1),"23/17, Natha muni Street, North Usman Road,, CHENNAI, THYGARAYANAGAR NORTH ND, TAMIL NADU ,600017",THYGARAYANAGAR NORTH ND,CHENNAI,TAMIL NADU,600017,ACTIVE,Operative,20/11/2026,Gold & Silver Both Hallmarking,Assaying & Hallmarking,https://www.manakonline.in/MANAK/AHCListForWebsite
HALLMARKING,HM-01193,,949,AHC-SRO-RAHC-R-600471,QUALITY ASSAY & HALLMARKING CENTRE PRIVATE LIMITED,SRO/RAHC/R-600471,"10/1268-4, 1ST FLOOR, DRD BUILDING,NEW CHURCH ROAD, THRISSUR, THRISSUR, THRISSUR CITY, KERALA ,680001",THRISSUR CITY,THRISSUR,KERALA,680001,ACTIVE,Operative,29/08/2025,Yellow Gold Hallmarking,Assaying & Hallmarking,https://www.manakonline.in/MANAK/AHCListForWebsite
HALLMARKING,HM-01194,,950,AHC-SRO-RAHC-R-600476,Super Hallmarking Centre,SRO/RAHC/R-600476,"No.54-H, First Floor, South Avani Moola Street, MADURAI, MADURAI, TAMIL NADU ,625001",MADURAI,MADURAI,TAMIL NADU,625001,ACTIVE,Operative,31/01/2028,"Yellow Gold,Silver Hallmarking",Assaying & Hallmarking,https://www.manakonline.in/MANAK/AHCListForWebsite
HALLMARKING,HM-01198,,951,AHC-SRO-RAHC-R-600494,LAKSHMI NARASIMHA HALLMARKING CENTRE,SRO/RAHC/R-600494,"Door No. 21-3-18 Flower Market Main Road, GUNTUR, ETUKURU ROAD(GUNTUR), ANDHRA PRADESH ,522003",ETUKURU ROAD(GUNTUR),GUNTUR,ANDHRA PRADESH,522003,ACTIVE,Operative,18/03/2027,Gold Hallmarking,Assaying & Hallmarking,https://www.manakonline.in/MANAK/AHCListForWebsite
HALLMARKING,HM-01202,,952,AHC-SRO-RAHC-R-600498,SREE AKSHAYA HALLMARKING CENTRE,SRO/RAHC/R-600498,"dno:12/599chinnabazar, SRI POTTI SRIRAMULU NELLORE, NELLORE, ANDHRA PRADESH ,524001",NELLORE,SRI POTTI SRIRAMULU NELLORE,ANDHRA PRADESH,524001,ACTIVE,Operative,22/04/2027,Gold Hallmarking,Assaying & Hallmarking,https://www.manakonline.in/MANAK/AHCListForWebsite
HALLMARKING,HM-01203,,953,AHC-SRO-RAHC-R-600499,SRIVAARU GOLD TESTING LAB,SRO/RAHC/R-600499,"NEAR BALAJI LODGE,DODDAPET, TUMKUR, TIPTUR, KARNATAKA ,572201",TIPTUR,TUMKUR,KARNATAKA,572201,ACTIVE,Operative,11/04/2027,Yellow Gold Hallmarking,Assaying & Hallmarking,https://www.manakonline.in/MANAK/AHCListForWebsite
HALLMARKING,HM-01204,,954,AHC-SRO-RAHC-R-600500,Adhitya Anish Assaying And Hallmarking Centre,SRO/RAHC/R-600500,"Heera Diamond Building,Kalikamba Street,, HASSAN, HASSAN, KARNATAKA ,573201",HASSAN,HASSAN,KARNATAKA,573201,ACTIVE,Operative,15/04/2027,Yellow Gold Hallmarking,Assaying & Hallmarking,https://www.manakonline.in/MANAK/AHCListForWebsite
HALLMARKING,HM-01205,,955,AHC-SRO-RAHC-R-600501,PAVAN GOLD CHECK & HALLMARKING CENTRE,SRO/RAHC/R-600501,"4-350, SHARAFF BAZAR, MANGALAGIRI., GUNTUR, MANGALAGIRI, ANDHRA PRADESH ,522503",MANGALAGIRI,GUNTUR,ANDHRA PRADESH,522503,ACTIVE,Operative,25/11/2027,Gold Hallmarking,Assaying & Hallmarking,https://www.manakonline.in/MANAK/AHCListForWebsite
HALLMARKING,HM-01206,,956,AHC-SRO-RAHC-R-600504,SBM Assaying & Hallmarking Centre,SRO/RAHC/R-600504,"Door No 47-13-1 2nd Floor, Sai Shopping CentreDwarkanagar, VISAKHAPATNAM, DWARAKANAGAR, ANDHRA PRADESH ,530009",DWARAKANAGAR,VISAKHAPATNAM,ANDHRA PRADESH,530009,ACTIVE,Operative,04/07/2027,Gold & Silver Both Hallmarking,Assaying & Hallmarking,https://www.manakonline.in/MANAK/AHCListForWebsite
HALLMARKING,HM-01207,,957,AHC-SRO-RAHC-R-600505,NELLORE HALLMARKING CENTRE,SRO/RAHC/R-600505,"13/575, DUDIVARI SANDHU, NEW RAJYALAKSHMI HALL,CHINNA BAZAAR, SRI POTTI SRIRAMULU NELLORE, NELLORE, ANDHRA PRADESH ,524001",NELLORE,SRI POTTI SRIRAMULU NELLORE,ANDHRA PRADESH,524001,ACTIVE,Operative,17/06/2027,Gold Hallmarking,Assaying & Hallmarking,https://www.manakonline.in/MANAK/AHCListForWebsite
HALLMARKING,HM-01208,,958,AHC-SRO-RAHC-R-600506,SPS ASSAY AND HALLMARKING CENTRE,SRO/RAHC/R-600506,"4/921-3, Ponokuzhi TowersNH Bypass Road, Near CI Office, THRISSUR, KODUNGALLUR, KERALA ,680664",KODUNGALLUR,THRISSUR,KERALA,680664,ACTIVE,Operative,18/06/2021,Yellow Gold Hallmarking,Assaying & Hallmarking,https://www.manakonline.in/MANAK/AHCListForWebsite
HALLMARKING,HM-01209,,959,AHC-SRO-RAHC-R-600509,TEEKEY ASSAY AND HALLMARKS,SRO/RAHC/R-600509,"CW 3581/A 146,147,148,156,157,158 ,GLOBAL VILLAGE,, KANNUR, KANNUR, KERALA ,670001",KANNUR,KANNUR,KERALA,670001,ACTIVE,Operative,25/11/2024,Gold Hallmarking,Assaying & Hallmarking,https://www.manakonline.in/MANAK/AHCListForWebsite
HALLMARKING,HM-01211,,960,AHC-SRO-RAHC-R-600516,TIRUR ASSAY AND HALLMARKING CENTRE,SRO/RAHC/R-600516,"Tirur Assay & Hallmarking Centre, Door No.TM 20/584-A12,13,14,Anupama Building,, MALAPPURAM, TIRUR(KERALA), KERALA ,676104",TIRUR(KERALA),MALAPPURAM,KERALA,676104,ACTIVE,Operative,02/05/2028,Gold Hallmarking,Assaying & Hallmarking,https://www.manakonline.in/MANAK/AHCListForWebsite
HALLMARKING,HM-01214,,961,AHC-SRO-RAHC-R-600520,MANGALAM HALLMARK CENTRE,SRO/RAHC/R-600520,"#592 3rd Floor Vinayaka Tower, Vijayalkshmi Road,Davanagere, DAVANAGERE, DAVANAGERE CITY, KARNATAKA ,577001",DAVANAGERE CITY,DAVANAGERE,KARNATAKA,577001,SUSPENDED,Under Suspension,24/09/2025,Yellow Gold Hallmarking,Assaying & Hallmarking,https://www.manakonline.in/MANAK/AHCListForWebsite
HALLMARKING,HM-01215,,962,AHC-SRO-RAHC-R-600521,SHREE KRISHNA ASSAYING AND HALLMARKING CENTRE,SRO/RAHC/R-600521,"No.1331, Raghuveer Complex, Garadikeri,Anjaneya Swamy Temple Road,, MYSORE, MYSORE, KARNATAKA ,570001",MYSORE,MYSORE,KARNATAKA,570001,ACTIVE,Operative,02/05/2022,Yellow Gold Hallmarking,Assaying & Hallmarking,https://www.manakonline.in/MANAK/AHCListForWebsite
HALLMARKING,HM-01216,,963,AHC-SRO-RAHC-R-600522,NEW INDIA HALLMARK,SRO/RAHC/R-600522,"Ram Sri Nivas, First Floor,26/41, Kamarajar Street,, SALEM, SALEM, TAMIL NADU ,636001",SALEM,SALEM,TAMIL NADU,636001,ACTIVE,Operative,11/06/2025,Gold & Silver Both Hallmarking,Assaying & Hallmarking,https://www.manakonline.in/MANAK/AHCListForWebsite
HALLMARKING,HM-01218,,964,AHC-SRO-RAHC-R-600524,Maaruthy Gold Purity Laboratory,SRO/RAHC/R-600524,"181,SAGOUNDALA CONDANDARAMANE ILLAMAMBALATHADAIYAR MADAM STREET ,PONDICHERRY, PONDICHERRY, PONDICHERRY, PONDICHERY ,605001",PONDICHERRY,PONDICHERRY,PONDICHERY,605001,ACTIVE,Operative,15/04/2028,Yellow Gold Hallmarking,Assaying & Hallmarking,https://www.manakonline.in/MANAK/AHCListForWebsite
HALLMARKING,HM-01219,,965,AHC-SRO-RAHC-R-600525,QUALITY ASSAY & HALLMARKING CENTRE PRIVATE LIMITED,SRO/RAHC/R-600525,"4th FLOOR, 6-3-1112/A , B, ROOM NO 401, Plot No 6,Bolesaheb Maktha Road, Begumpet, Hyderabad-500082, HYDERABAD, BEGUMPET, TELANGANA ,500082",BEGUMPET,HYDERABAD,TELANGANA,500082,ACTIVE,Operative,09/05/2025,Yellow Gold Hallmarking,Assaying & Hallmarking,https://www.manakonline.in/MANAK/AHCListForWebsite
HALLMARKING,HM-01222,,966,AHC-SRO-RAHC-R-600530,Shree Venkateswara Assaying & Hallmarkings,SRO/RAHC/R-600530,"D.No.29, Azath Street,Near V.O.C Market Backside,, SALEM, SALEM, TAMIL NADU ,636001",SALEM,SALEM,TAMIL NADU,636001,ACTIVE,Operative,12/09/2025,Gold & Silver Both Hallmarking,Assaying & Hallmarking,https://www.manakonline.in/MANAK/AHCListForWebsite
HALLMARKING,HM-01224,,967,AHC-SRO-RAHC-R-600533,Eureka Assay and Hallmarking Center LLP,SRO/RAHC/R-600533,"Door No : KMC-18/419, 4th Floor,Square Nine Mall,Near New Bus Stand, Kasaragod, KASARAGOD, KASARAGOD, KERALA ,671121",KASARAGOD,KASARAGOD,KERALA,671121,ACTIVE,Operative,19/07/2025,Yellow Gold Hallmarking,Assaying & Hallmarking,https://www.manakonline.in/MANAK/AHCListForWebsite
HALLMARKING,HM-01225,,968,AHC-SRO-RAHC-R-600534,Venus Hallmarking Centre,SRO/RAHC/R-600534,"VII-398, B4 & B5, TB Junction Angamaly,, ERNAKULAM, ERNAKULAM, KERALA ,683572",ERNAKULAM,ERNAKULAM,KERALA,683572,ACTIVE,Operative,19/09/2022,Yellow Gold Hallmarking,Assaying & Hallmarking,https://www.manakonline.in/MANAK/AHCListForWebsite
HALLMARKING,HM-01226,,969,AHC-SRO-RAHC-R-600538,OHM Hallmarking Centre,SRO/RAHC/R-600538,"No.17, Kamala Nehru Street,Kallakurichi, VILUPPURAM, VILLUPURAM, TAMIL NADU ,606202",VILLUPURAM,VILUPPURAM,TAMIL NADU,606202,ACTIVE,Operative,03/09/2028,Yellow Gold Hallmarking,Assaying & Hallmarking,https://www.manakonline.in/MANAK/AHCListForWebsite
HALLMARKING,HM-01228,,970,AHC-SRO-RAHC-R-600544,Kuber Assaying & Hallmarking Centre,SRO/RAHC/R-600544,"3rd Floor, 939 1, Ashok Complex,Nagarathpet, BANGALORE URBAN, BANGALORE CITY, KARNATAKA ,560002",BANGALORE CITY,BANGALORE URBAN,KARNATAKA,560002,SUSPENDED,Under Suspension,27/12/2022,Yellow Gold Hallmarking,Assaying & Hallmarking,https://www.manakonline.in/MANAK/AHCListForWebsite
HALLMARKING,HM-01229,,971,AHC-SRO-RAHC-R-600546,Perfect Assayer And Hallmarking Centre,SRO/RAHC/R-600546,"422, Thomas Street, 1st Floor, COIMBATORE, COIMBATORE, TAMIL NADU ,641001",COIMBATORE,COIMBATORE,TAMIL NADU,641001,ACTIVE,Operative,21/01/2029,Gold & Silver Both Hallmarking,Assaying & Hallmarking,https://www.manakonline.in/MANAK/AHCListForWebsite
HALLMARKING,HM-01231,,972,AHC-SRO-RAHC-R-600550,Star Assaying And Hallmarking Centre Pvt Ltd,SRO/RAHC/R-600550,"New No. 15, Old No.7, Sarojini StreetFirst Floor, T. Nagar, Chennai, CHENNAI, THYGARAYANAGAR, TAMIL NADU ,600017",THYGARAYANAGAR,CHENNAI,TAMIL NADU,600017,ACTIVE,Operative,23/07/2029,Gold & Silver Both Hallmarking,Assaying & Hallmarking,https://www.manakonline.in/MANAK/AHCListForWebsite
HALLMARKING,HM-01232,,973,AHC-SRO-RAHC-R-600552,KTC Hallmarkings,SRO/RAHC/R-600552,"227/3-4, First Floor,AVR Building, Telugu Street,, COIMBATORE, COIMBATORE, TAMIL NADU ,641001",COIMBATORE,COIMBATORE,TAMIL NADU,641001,ACTIVE,Operative,21/11/2025,Gold & Silver Both Hallmarking,Assaying & Hallmarking,https://www.manakonline.in/MANAK/AHCListForWebsite
HALLMARKING,HM-01235,,974,AHC-SRO-RAHC-R-600555,Sonaa Hallmarking Center,SRO/RAHC/R-600555,"1st Floor,11-49-367Sivalayam Street,Vijayawada,NTR District, KRISHNA, VIJAYAWADA, ANDHRA PRADESH ,520001",VIJAYAWADA,KRISHNA,ANDHRA PRADESH,520001,ACTIVE,Operative,10/12/2028,Gold Hallmarking,Assaying & Hallmarking,https://www.manakonline.in/MANAK/AHCListForWebsite
HALLMARKING,HM-01236,,975,AHC-SRO-RAHC-R-600556,Classic Assaying & Hallmarking Centre,SRO/RAHC/R-600556,"325, Karuppu Gounder Street,, COIMBATORE, COIMBATORE, TAMIL NADU ,641001",COIMBATORE,COIMBATORE,TAMIL NADU,641001,ACTIVE,Operative,01/02/2029,Gold Hallmarking,Assaying & Hallmarking,https://www.manakonline.in/MANAK/AHCListForWebsite
HALLMARKING,HM-01238,,976,AHC-SRO-RAHC-R-600562,PURE ASSAY & HALLMARKING CENTRE PVT LTD,SRO/RAHC/R-600562,"D No:TVW(279 &280),Billal TowerLabba Street,Fort Road, KANNUR, KANNUR, KERALA ,670001",KANNUR,KANNUR,KERALA,670001,ACTIVE,Operative,14/07/2029,Gold Hallmarking,Assaying & Hallmarking,https://www.manakonline.in/MANAK/AHCListForWebsite
HALLMARKING,HM-01239,,977,AHC-SRO-RAHC-R-600564,Marudhar Hallmarks,SRO/RAHC/R-600564,"129/63, NSC Bose Road, 1st Floor,Sowcarpet, Chennai, CHENNAI, SOWCARPET, TAMIL NADU ,600079",SOWCARPET,CHENNAI,TAMIL NADU,600079,ACTIVE,Operative,08/10/2026,Yellow Gold Hallmarking,Assaying & Hallmarking,https://www.manakonline.in/MANAK/AHCListForWebsite
HALLMARKING,HM-01241,,978,AHC-SRO-RAHC-R-600566,CHIRAG TESTING LAB,SRO/RAHC/R-600566,"C.T.S.No.3989, Ward 52,Gavali Galli, C.B.T. HUBBALLI, DHARWAD, HUBLI, KARNATAKA ,580020",HUBLI,DHARWAD,KARNATAKA,580020,ACTIVE,Operative,05/07/2027,Yellow Gold Hallmarking,Assaying & Hallmarking,https://www.manakonline.in/MANAK/AHCListForWebsite
HALLMARKING,HM-01243,,979,AHC-SRO-RAHC-R-600573,HYDERABAD HALLMARKING CENTRE,SRO/RAHC/R-600573,"LIG-572, First Floor,Road No-3, KPHB Colony,Kukatpally,Hyderabad, MEDCHAL MALKAJGIRI, SHAMIRPET, TELANGANA ,500072",SHAMIRPET,MEDCHAL MALKAJGIRI,TELANGANA,500072,ACTIVE,Operative,15/10/2027,Yellow Gold Hallmarking,Assaying & Hallmarking,https://www.manakonline.in/MANAK/AHCListForWebsite
HALLMARKING,HM-01244,,980,AHC-SRO-RAHC-R-600573-O1-,HYDERABAD HALLMARKING CENTRE,SRO/RAHC/R-600573(O1),"LIG-572, First Floor,Road No-3, KPHB Colony,Kukatpally,Hyderabad, MEDCHAL MALKAJGIRI, SHAMIRPET, TELANGANA ,500072",SHAMIRPET,MEDCHAL MALKAJGIRI,TELANGANA,500072,ACTIVE,Operative,15/10/2027,Yellow Gold Hallmarking,Assaying & Hallmarking,https://www.manakonline.in/MANAK/AHCListForWebsite
HALLMARKING,HM-01245,,981,AHC-SRO-RAHC-R-600577,Perfect Gold Testing Centre,SRO/RAHC/R-600577,"419, Bazaar Street,, MANDYA, MANDYA, KARNATAKA ,571401",MANDYA,MANDYA,KARNATAKA,571401,ACTIVE,Operative,14/04/2022,Yellow Gold Hallmarking,Assaying & Hallmarking,https://www.manakonline.in/MANAK/AHCListForWebsite
HALLMARKING,HM-01246,,982,AHC-SRO-RAHC-R-600578,Z & H Assaying & Hallmarking Centre Kurnool,SRO/RAHC/R-600578,"18/100/31 VASAVI COMPLEX, 4th FLOOR S.V.C. SHROFF, KURNOOL, KURNOOL, ANDHRA PRADESH ,518001",KURNOOL,KURNOOL,ANDHRA PRADESH,518001,SUSPENDED,Under Suspension,05/05/2028,Yellow Gold Hallmarking,Assaying & Hallmarking,https://www.manakonline.in/MANAK/AHCListForWebsite
HALLMARKING,HM-01249,,983,AHC-SRO-RAHC-R-600583,PRINCE HALLMARKING CENTRE HYDERABAD,SRO/RAHC/R-600583,"DOOR NO 22-5-284/285, 1st FLOOR, KALIKAMAN ROAD,GULZAR HOUSE, HYDERABAD-500002., HYDERABAD, HIGH COURT (HYDERABAD), TELANGANA ,500002",HIGH COURT (HYDERABAD),HYDERABAD,TELANGANA,500002,ACTIVE,Operative,31/07/2025,Gold & Silver Both Hallmarking,Assaying & Hallmarking,https://www.manakonline.in/MANAK/AHCListForWebsite
HALLMARKING,HM-01250,,984,AHC-SRO-RAHC-R-600586,I MARK HALLMARKING & APPRAISAL PVT LTD,SRO/RAHC/R-600586,"NO 3, BADRIVEERASAMY STREET,PARK TOWN,CHENNAIPARK TOWN, CHENNAI, PARK TOWN, TAMIL NADU ,600003",PARK TOWN,CHENNAI,TAMIL NADU,600003,ACTIVE,Operative,20/06/2028,Gold & Silver Both Hallmarking,Assaying & Hallmarking,https://www.manakonline.in/MANAK/AHCListForWebsite
HALLMARKING,HM-01251,,985,AHC-SRO-RAHC-R-600587,RAMDAS HALLMARKING CENTRE,SRO/RAHC/R-600587,"3A-10-5 T.S.NO 28/1,3 MAINBAZARBELLAMKOTTU SANDU, WEST GODAVARI, ELURU, ANDHRA PRADESH ,534001",ELURU,WEST GODAVARI,ANDHRA PRADESH,534001,ACTIVE,Operative,06/09/2028,Yellow Gold Hallmarking,Assaying & Hallmarking,https://www.manakonline.in/MANAK/AHCListForWebsite
HALLMARKING,HM-01252,,986,AHC-SRO-RAHC-R-600588,bharat assayers,SRO/RAHC/R-600588,"36/1 sarojini street usman road t nagar, CHENNAI, THYGARAYANAGAR, TAMIL NADU ,600017",THYGARAYANAGAR,CHENNAI,TAMIL NADU,600017,ACTIVE,Operative,07/07/2025,Yellow Gold Hallmarking,Assaying & Hallmarking,https://www.manakonline.in/MANAK/AHCListForWebsite
HALLMARKING,HM-01254,,987,AHC-SRO-RAHC-R-600590,Tamil Nadu Hallmarking Centre,SRO/RAHC/R-600590,"No. 80, N.S.C. Bose Road, 2nd Floor,P.Raj Complex, (Above Bharathi Gas) Sowcarpet, Chennai, CHENNAI, CHENNAI, TAMIL NADU ,600079",CHENNAI,CHENNAI,TAMIL NADU,600079,ACTIVE,Operative,04/08/2022,Yellow Gold Hallmarking,Assaying & Hallmarking,https://www.manakonline.in/MANAK/AHCListForWebsite
HALLMARKING,HM-01256,,988,AHC-SRO-RAHC-R-600592,Sree India Hallmarking Centre,SRO/RAHC/R-600592,"nathella jubilee plaza shop no 1-7 3rd floorOld No.122/123, N.S.C. Bose Road, Sowcarpet, CHENNAI, SOWCARPET, TAMIL NADU ,600079",SOWCARPET,CHENNAI,TAMIL NADU,600079,ACTIVE,Operative,01/08/2025,Yellow Gold Hallmarking,Assaying & Hallmarking,https://www.manakonline.in/MANAK/AHCListForWebsite
HALLMARKING,HM-01258,,989,AHC-SRO-RAHC-R-600594,Athira Assay And Hallmarking Centre,SRO/RAHC/R-600594,"8/381/3A, Mission Quarters Road,East Fort,, THRISSUR, THRISSUR, KERALA ,680005",THRISSUR,THRISSUR,KERALA,680005,ACTIVE,Operative,07/08/2028,Yellow Gold Hallmarking,Assaying & Hallmarking,https://www.manakonline.in/MANAK/AHCListForWebsite
HALLMARKING,HM-01260,,990,AHC-SRO-RAHC-R-600596,KRISHNA HALLMARKING CENTRE PRIVATE LIMITED,SRO/RAHC/R-600596,"First Floor, 20-21, Thottiyan Kinatru Street,South Avani Moola Street,, MADURAI, MADURAI, TAMIL NADU ,625001",MADURAI,MADURAI,TAMIL NADU,625001,ACTIVE,Operative,04/08/2022,Yellow Gold Hallmarking,Assaying & Hallmarking,https://www.manakonline.in/MANAK/AHCListForWebsite
HALLMARKING,HM-01261,,991,AHC-SRO-RAHC-R-600597,ESHWARI HALLMARKING CENTRE,SRO/RAHC/R-600597,"165, Ajantha Towers, Second Floor,Karuppa Gounder Street,, COIMBATORE, COIMBATORE, TAMIL NADU ,641001",COIMBATORE,COIMBATORE,TAMIL NADU,641001,ACTIVE,Operative,08/08/2022,Yellow Gold Hallmarking,Assaying & Hallmarking,https://www.manakonline.in/MANAK/AHCListForWebsite
HALLMARKING,HM-01262,,992,AHC-SRO-RAHC-R-600598,KRISHNA HALLMARKING CENTRE PRIVATE LIMITED,SRO/RAHC/R-600598,"569, Raja Street,Behind Indian Bank,, COIMBATORE, COIMBATORE, TAMIL NADU ,641001",COIMBATORE,COIMBATORE,TAMIL NADU,641001,ACTIVE,Operative,07/08/2025,Yellow Gold Hallmarking,Assaying & Hallmarking,https://www.manakonline.in/MANAK/AHCListForWebsite
HALLMARKING,HM-01263,,993,AHC-SRO-RAHC-R-600600,BEST ASSAYING AND HALLMARKING CENTRE,SRO/RAHC/R-600600,"GROUND FLOOR, OLD NO. 15,SAROJINI STREET,T.NAGAR,CHENNAI-600017, CHENNAI, THYGARAYANAGAR, TAMIL NADU ,600017",THYGARAYANAGAR,CHENNAI,TAMIL NADU,600017,ACTIVE,Operative,18/03/2029,Yellow Gold Hallmarking,Assaying & Hallmarking,https://www.manakonline.in/MANAK/AHCListForWebsite
HALLMARKING,HM-01266,,994,AHC-SRO-RAHC-R-600605,Sri Lakshmi Devi Hallmarking,SRO/RAHC/R-600605,"Door No 5-37-36, Sri Nivasam4/2 Brodipet, GUNTUR, GUNTUR, ANDHRA PRADESH ,522002",GUNTUR,GUNTUR,ANDHRA PRADESH,522002,ACTIVE,Operative,06/09/2028,Yellow Gold Hallmarking,Assaying & Hallmarking,https://www.manakonline.in/MANAK/AHCListForWebsite
HALLMARKING,HM-01267,,995,AHC-SRO-RAHC-R-600608,CGR HALLMARKERS PVT LTD,SRO/RAHC/R-600608,"4th Floor, TC:37/945 (87),Karimpanal Arcade, East Fort, Trivandrum, THIRUVANANTHAPURAM, THIRUVANANTHAPURAM FORT, KERALA ,695023",THIRUVANANTHAPURAM FORT,THIRUVANANTHAPURAM,KERALA,695023,ACTIVE,Operative,19/09/2022,"Yellow Gold,Silver Hallmarking",Assaying & Hallmarking,https://www.manakonline.in/MANAK/AHCListForWebsite
HALLMARKING,HM-01268,,996,AHC-SRO-RAHC-R-600609,CGR Cochin Assay,SRO/RAHC/R-600609,"No.25/1279/1, Pazhenadakkavu,Round West, Trichur, THRISSUR, THRISSUR, KERALA ,680001",THRISSUR,THRISSUR,KERALA,680001,ACTIVE,Operative,17/10/2028,Gold Hallmarking,Assaying & Hallmarking,https://www.manakonline.in/MANAK/AHCListForWebsite
HALLMARKING,HM-01270,,997,AHC-SRO-RAHC-R-600611,AGNEYA HALLMARKING CENTRE,SRO/RAHC/R-600611,"NO.69 1ST FLOOR CHINNAVAANIYAR STREET THIRUPADIRIP, CUDDALORE, CUDDALORE, TAMIL NADU ,607002",CUDDALORE,CUDDALORE,TAMIL NADU,607002,ACTIVE,Operative,01/08/2029,Yellow Gold Hallmarking,Assaying & Hallmarking,https://www.manakonline.in/MANAK/AHCListForWebsite
HALLMARKING,HM-01271,,998,AHC-SRO-RAHC-R-600612,Sri Hallmarking,SRO/RAHC/R-600612,"No 10, Meenakshi Kovil Street, 2nd Floor,Opp to Central Bank of India, MADURAI, MADURAI, TAMIL NADU ,625001",MADURAI,MADURAI,TAMIL NADU,625001,ACTIVE,Operative,08/02/2023,Yellow Gold Hallmarking,Assaying & Hallmarking,https://www.manakonline.in/MANAK/AHCListForWebsite
HALLMARKING,HM-01272,,999,AHC-SRO-RAHC-R-600613,Sri Hyderabad Hallmarking Centre,SRO/RAHC/R-600613,"209-A/ 209-B, B Block, II Floor,Mayur Kushal Complex, Abids, Hyderabad, HYDERABAD, HYDERABAD G.P.O., TELANGANA ,500001",HYDERABAD G.P.O,HYDERABAD,TELANGANA,500001,ACTIVE,Operative,26/12/2028,Yellow Gold Hallmarking,Assaying & Hallmarking,https://www.manakonline.in/MANAK/AHCListForWebsite
HALLMARKING,HM-01273,,1000,AHC-SRO-RAHC-R-600614,Nikhil Hallmarking Centre,SRO/RAHC/R-600614,"21/1, First Floor3rd Cross, R.T Street, Bangalore - 560053, BANGALORE URBAN, , KARNATAKA ,560053",BANGALORE URBAN,Bangalore - 560053,KARNATAKA,560053,ACTIVE,Operative,06/09/2026,"Yellow Gold,Gold & Silver Both Hallmarking",Assaying & Hallmarking,https://www.manakonline.in/MANAK/AHCListForWebsite
HALLMARKING,HM-01275,,1001,AHC-SRO-RAHC-R-600616,GURUDEV HALLMARKING CENTRE VRI,SRO/RAHC/R-600616,"113,BAZAAR STREET2ND FLOOR,CHENDHUR TOWER, CUDDALORE, VRIDDHACHALAM, TAMIL NADU ,606001",VRIDDHACHALAM,CUDDALORE,TAMIL NADU,606001,ACTIVE,Operative,14/12/2028,Yellow Gold Hallmarking,Assaying & Hallmarking,https://www.manakonline.in/MANAK/AHCListForWebsite
HALLMARKING,HM-01277,,1002,AHC-SRO-RAHC-R-600619,ROSE ASSAY AND HALLMARKING CENTRE,SRO/RAHC/R-600619,"1ST FLOOR, 3-89/1, AROKIA PLAZAMAIN ROAD,MARTHANDAM, KANYAKUMARI, MARTHANDAM, TAMIL NADU ,629165",MARTHANDAM,KANYAKUMARI,TAMIL NADU,629165,ACTIVE,Operative,05/03/2029,"Yellow Gold,Yellow Gold Hallmarking",Assaying & Hallmarking,https://www.manakonline.in/MANAK/AHCListForWebsite
HALLMARKING,HM-01278,,1003,AHC-SRO-RAHC-R-600620,Merit Assaying & Hallmarking Centre,SRO/RAHC/R-600620,"1st Floor, Arackal Arcade, Opp. KSRTC Bus Stand, KOTTAYAM, KOTTAYAM, KERALA ,686001",KOTTAYAM,KOTTAYAM,KERALA,686001,ACTIVE,Operative,18/05/2029,Gold & Silver Both Hallmarking,Assaying & Hallmarking,https://www.manakonline.in/MANAK/AHCListForWebsite
HALLMARKING,HM-01284,,1004,AHC-SRO-RAHC-R-600632,GT Assay and Hallmarking Centre,SRO/RAHC/R-600632,"7-1-2, (First Floor),Manchukonduvari Street, Ward 7, VIZIANAGARAM, VIZIANAGARAM, ANDHRA PRADESH ,535001",VIZIANAGARAM,VIZIANAGARAM,ANDHRA PRADESH,535001,ACTIVE,Operative,04/05/2029,Yellow Gold Hallmarking,Assaying & Hallmarking,https://www.manakonline.in/MANAK/AHCListForWebsite
HALLMARKING,HM-01285,,1005,AHC-SRO-RAHC-R-600634,Ganesh Assaying and Hall Marking Center,SRO/RAHC/R-600634,"29-1-4, Velpur Road, Old LIC Building,Opp. Subbam Grand, WEST GODAVARI, TANUKU, ANDHRA PRADESH ,534211",TANUKU,WEST GODAVARI,ANDHRA PRADESH,534211,ACTIVE,Operative,04/05/2029,Yellow Gold Hallmarking,Assaying & Hallmarking,https://www.manakonline.in/MANAK/AHCListForWebsite
HALLMARKING,HM-01286,,1006,AHC-SRO-RAHC-R-600635,NAYAN GOLD HALLMARKING CENTRE,SRO/RAHC/R-600635,"6-3-883/A/1/1, Third Floor, Flat No.302Span Classic Complex, Punjagutta, HYDERABAD, SOMAJIGUDA, TELANGANA ,500082",SOMAJIGUDA,HYDERABAD,TELANGANA,500082,ACTIVE,Operative,15/05/2029,"Yellow Gold,Silver Hallmarking",Assaying & Hallmarking,https://www.manakonline.in/MANAK/AHCListForWebsite
HALLMARKING,HM-01287,,1007,AHC-SRO-RAHC-R-600636,Royal Assay and Hallmarking Centre,SRO/RAHC/R-600636,"Door No. 23/468, 469, & 470, Maliyemmal BuildingFirst Floor, Tirur Road, Down Hill, MALAPPURAM, MALAPPURAM, KERALA ,676519",MALAPPURAM,MALAPPURAM,KERALA,676519,ACTIVE,Operative,03/10/2026,Yellow Gold Hallmarking,Assaying & Hallmarking,https://www.manakonline.in/MANAK/AHCListForWebsite
HALLMARKING,HM-01288,,1008,AHC-SRO-RAHC-R-600637,G P ASSAYING HALLMARKING CENTRE,SRO/RAHC/R-600637,"GROUNG FLOOR, NO4,MATHRU SHREE, JANAKAMMA DAMODARELEREVANNA KERI, 4TH CROSS, GANDHI BAZAAR, SHIMOGA, SHIMOGA, SHIMOGA MARKET, KARNATAKA ,577201",SHIMOGA MARKET,SHIMOGA,KARNATAKA,577201,ACTIVE,Operative,20/06/2029,Gold Hallmarking,Assaying & Hallmarking,https://www.manakonline.in/MANAK/AHCListForWebsite
HALLMARKING,HM-01290,,1009,AHC-SRO-RAHC-R-600639,Sreekrishna Hallmarking Centre,SRO/RAHC/R-600639,"12/521, Vettoor Building, Near KSRTC Bus Stand, KOTTAYAM, KOTTAYAM, KERALA ,686001",KOTTAYAM,KOTTAYAM,KERALA,686001,SUSPENDED,Under Suspension,18/09/2020,Yellow Gold Hallmarking,Assaying & Hallmarking,https://www.manakonline.in/MANAK/AHCListForWebsite
HALLMARKING,HM-01291,,1010,AHC-SRO-RAHC-R-600640,G S Hallmarking & Refinery Centre,SRO/RAHC/R-600640,"H.No.22-6-925/1, 1st Floor & 2nd FloorKalikaman Road, Panjesha, HYDERABAD, FALAKNUMA, TELANGANA ,500002",FALAKNUMA,HYDERABAD,TELANGANA,500002,ACTIVE,Operative,01/08/2029,Gold & Silver Both Hallmarking,Assaying & Hallmarking,https://www.manakonline.in/MANAK/AHCListForWebsite
HALLMARKING,HM-01292,,1011,AHC-SRO-RAHC-R-600641,BEST HALLMARKING CENTRE,SRO/RAHC/R-600641,"Door No.32(first Floor), Kansamettu streetSouth Masi Street, MADURAI, MADURAI, TAMIL NADU ,625001",MADURAI,MADURAI,TAMIL NADU,625001,ACTIVE,Operative,01/08/2020,Yellow Gold Hallmarking,Assaying & Hallmarking,https://www.manakonline.in/MANAK/AHCListForWebsite
HALLMARKING,HM-01294,,1012,AHC-SRO-RAHC-R-600644,Sree Vishnu Assayers Pvt Ltd,SRO/RAHC/R-600644,"No.39/2, Second Floor, Ramaswamy StreetT.Nagar, Chennai, CHENNAI, THYGARAYANAGAR, TAMIL NADU ,600017",THYGARAYANAGAR,CHENNAI,TAMIL NADU,600017,ACTIVE,Operative,01/08/2026,Yellow Gold Hallmarking,Assaying & Hallmarking,https://www.manakonline.in/MANAK/AHCListForWebsite
HALLMARKING,HM-01296,,1013,AHC-SRO-RAHC-R-600646,SUBHLAXMI HALLMARKING CENTER,SRO/RAHC/R-600646,"NO.60,ANNAI PERIYANAYAKI COMPLEX,1 ST FLOOR,POLICE STATION ROAD,MEENAKSHIPURAM,NAGERCOIL., KANYAKUMARI, NAGERCOIL, TAMIL NADU ,629001",NAGERCOIL,KANYAKUMARI,TAMIL NADU,629001,ACTIVE,Operative,23/07/2029,Gold Hallmarking,Assaying & Hallmarking,https://www.manakonline.in/MANAK/AHCListForWebsite
HALLMARKING,HM-01298,,1014,AHC-SRO-RAHC-R-600648,SRI BALAJI TESTING AND HALLMARKING CENTER,SRO/RAHC/R-600648,"DOOR NO 23-1-355/SHOP NO. 3(GROUND FLOOR) AND SHOPONGOLE CITY, ONGOLE, PRAKASAM DISTT. (AP) -523001, PRAKASAM, ONGOLE, ANDHRA PRADESH ,523001",ONGOLE,PRAKASAM,ANDHRA PRADESH,523001,ACTIVE,Operative,26/09/2020,Yellow Gold Hallmarking,Assaying & Hallmarking,https://www.manakonline.in/MANAK/AHCListForWebsite
HALLMARKING,HM-01303,,1015,AHC-SRO-RAHC-R-600654,BALAJI HALLMARKING CENTRE,SRO/RAHC/R-600654,"NO-35 RAJALAKSHMI COMPLEX,1ST FLOOR, PAVILLAM STNO-35 RAJALAKSHMI COMPLEX,1ST F, COIMBATORE, COIMBATORE BAZAAR, TAMIL NADU ,641001",COIMBATORE BAZAAR,COIMBATORE,TAMIL NADU,641001,ACTIVE,Operative,31/10/2023,Gold Hallmarking,Assaying & Hallmarking,https://www.manakonline.in/MANAK/AHCListForWebsite
HALLMARKING,HM-01305,,1016,AHC-SRO-RAHC-R-600656,Sampath Assaying and hallmarking pvt ptd,SRO/RAHC/R-600656,"D no:9-13-7B,3rd floor,Sree Ramakrishna engg co,New resapuvanipalem,Opp Swarna Bharathi Stadium., VISAKHAPATNAM, VISAKHAPATNAM, ANDHRA PRADESH ,530013",VISAKHAPATNAM,VISAKHAPATNAM,ANDHRA PRADESH,530013,ACTIVE,Operative,03/10/2026,Yellow Gold Hallmarking,Assaying & Hallmarking,https://www.manakonline.in/MANAK/AHCListForWebsite
HALLMARKING,HM-01307,,1017,AHC-SRO-RAHC-R-600658,SRI CHENNAI HALL MARKING,SRO/RAHC/R-600658,"35,36,37,38 J S COMPLEX ,4TH FLOOR127/222,N S C BOSE ROAD SOWCARPET,CHENNAI, CHENNAI, SOWCARPET, TAMIL NADU ,600079",SOWCARPET,CHENNAI,TAMIL NADU,600079,ACTIVE,Operative,31/10/2026,"Yellow Gold,Silver Hallmarking",Assaying & Hallmarking,https://www.manakonline.in/MANAK/AHCListForWebsite
HALLMARKING,HM-01308,,1018,AHC-SRO-RAHC-R-600659,SRI SUDARSHAN MUSKAN ASSAYING & HALLMARKING CENTRE,SRO/RAHC/R-600659,"11/184 Up StairsMoksha Gundam Street, KADAPA, PRODDATUR, ANDHRA PRADESH ,516360",PRODDATUR,KADAPA,ANDHRA PRADESH,516360,ACTIVE,Operative,19/10/2026,Gold Hallmarking,Assaying & Hallmarking,https://www.manakonline.in/MANAK/AHCListForWebsite
HALLMARKING,HM-01310,,1019,AHC-SRO-RAHC-R-600661,S ASSAYING AND HALLMARKING CENTRE,SRO/RAHC/R-600661,": 2nd FLOOR, SRI MAHALAXMI COMMERCIAL COMPLEXOPP.ROOPAVANI THEATRE, BHAVANTHI STREET, MANGALORE, DAKSHINA KANNADA, MANGALORE, KARNATAKA ,575001",MANGALORE,DAKSHINA KANNADA,KARNATAKA,575001,ACTIVE,Operative,01/03/2027,Yellow Gold Hallmarking,Assaying & Hallmarking,https://www.manakonline.in/MANAK/AHCListForWebsite
HALLMARKING,HM-01311,,1020,AHC-SRO-RAHC-R-600662,Prince Hallmarking & Refinery Pvtd,SRO/RAHC/R-600662,"Shop No-39, 3rd Floor, Rj's Sree Purandra BhavanDharmaraya Swamy Temple Road, Nagarathpet Main Roa, BANGALORE URBAN, BANGALORE CITY, KARNATAKA ,560002",BANGALORE CITY,BANGALORE URBAN,KARNATAKA,560002,ACTIVE,Operative,03/01/2027,"Gold,Silver Hallmarking",Assaying & Hallmarking,https://www.manakonline.in/MANAK/AHCListForWebsite
HALLMARKING,HM-01312,,1021,AHC-SRO-RAHC-R-600662-O1-,Prince Hallmarking & Refinery Pvtd,SRO/RAHC/R-600662(O1),"Shop No-39, 3rd Floor, Rj's Sree Purandra BhavanDharmaraya Swamy Temple Road, Nagarathpet Main Roa, BANGALORE URBAN, BANGALORE CITY, KARNATAKA ,560002",BANGALORE CITY,BANGALORE URBAN,KARNATAKA,560002,ACTIVE,Operative,03/01/2027,"Gold,Silver Hallmarking",Assaying & Hallmarking,https://www.manakonline.in/MANAK/AHCListForWebsite
HALLMARKING,HM-01313,,1022,AHC-SRO-RAHC-R-600663,Sri Viswakarma Gold Smiths Private Limited,SRO/RAHC/R-600663,"D.No. 27-14-60, 1st Floor, Rajagopalachari StreetGovernorpet, KRISHNA, VIJAYAWADA, ANDHRA PRADESH ,520002",VIJAYAWADA,KRISHNA,ANDHRA PRADESH,520002,ACTIVE,Operative,12/11/2026,"Yellow Gold,Silver,Gold & Silver Both Hallmarking",Assaying & Hallmarking,https://www.manakonline.in/MANAK/AHCListForWebsite
HALLMARKING,HM-01314,,1023,AHC-SRO-RAHC-R-600665,Jayam Hallmarking Centre TNJ,SRO/RAHC/R-600665,"No.18/1530,Thoppil Pillaiyar Kovil Street,Selvi Valaagam,Govindasamy Pillai Lane, THANJAVUR, THANJAVUR, TAMIL NADU ,613001",THANJAVUR,THANJAVUR,TAMIL NADU,613001,ACTIVE,Operative,31/10/2026,Yellow Gold Hallmarking,Assaying & Hallmarking,https://www.manakonline.in/MANAK/AHCListForWebsite
HALLMARKING,HM-01315,,1024,AHC-SRO-RAHC-R-600666,KRANTHI ASSAY AND HALLMARKING CENTRE,SRO/RAHC/R-600666,"Door No11/80(43C 43D) hill tower building2 nd floor, opp old bus stand, kalpetta, WAYANAD, KALPETTA, KERALA ,673121",KALPETTA,WAYANAD,KERALA,673121,ACTIVE,Operative,03/01/2027,Yellow Gold Hallmarking,Assaying & Hallmarking,https://www.manakonline.in/MANAK/AHCListForWebsite
HALLMARKING,HM-01316,,1025,AHC-SRO-RAHC-R-600667,Shivaji Hall Marking & Assaying Centre,SRO/RAHC/R-600667,"Door No 496, Ward No 32, Thyparambil BuildingSCS Junction, Thiruvalla, PATHANAMTHITTA, TIRUVALLA, KERALA ,689101",TIRUVALLA,PATHANAMTHITTA,KERALA,689101,ACTIVE,Operative,28/12/2020,Yellow Gold Hallmarking,Assaying & Hallmarking,https://www.manakonline.in/MANAK/AHCListForWebsite
HALLMARKING,HM-01317,,1026,AHC-SRO-RAHC-R-600668,Sri Sai Hallmark & Assaying Centre,SRO/RAHC/R-600668,"66/1A, Govindraj Plazaa, First Floor,(Federal Bank Upstairs) Rangar Sanathi Street, NAMAKKAL, NAMAKKAL, TAMIL NADU ,637001",NAMAKKAL,NAMAKKAL,TAMIL NADU,637001,ACTIVE,Operative,31/12/2026,Yellow Gold Hallmarking,Assaying & Hallmarking,https://www.manakonline.in/MANAK/AHCListForWebsite
HALLMARKING,HM-01318,,1027,AHC-SRO-RAHC-R-600670,Venus Hallmarking Centre,SRO/RAHC/R-600670,"City Estate, Ward No.21, Room No.3169-3167 Pbvr, ERNAKULAM, PERUMBAVOOR, KERALA ,683542",PERUMBAVOOR,ERNAKULAM,KERALA,683542,ACTIVE,Operative,03/01/2027,Yellow Gold Hallmarking,Assaying & Hallmarking,https://www.manakonline.in/MANAK/AHCListForWebsite
HALLMARKING,HM-01320,,1028,AHC-SRO-RAHC-R-600672,SAI KRISHNA HALLMARK CENTER,SRO/RAHC/R-600672,"D.No. 11-24-38, The Bazwada Jewellers & Vullion MerchantAssociation Building, Sivalayam Street, One Town, KRISHNA, VIJAYAWADA, ANDHRA PRADESH ,520001",VIJAYAWADA,KRISHNA,ANDHRA PRADESH,520001,ACTIVE,Operative,30/07/2022,Yellow Gold Hallmarking,Assaying & Hallmarking,https://www.manakonline.in/MANAK/AHCListForWebsite
HALLMARKING,HM-01321,,1029,AHC-SRO-RAHC-R-600673,Royal Assay and Hallmarking Centre Private Limited,SRO/RAHC/R-600673,"ROOM NO XXI/213 E, V.S TOWER, KACHERITHZHAMMUVATTUPUZHA, ERNAKULAM - 686661, ERNAKULAM, ERNAKULAM, KERALA ,686661",ERNAKULAM,ERNAKULAM,KERALA,686661,ACTIVE,Operative,11/01/2027,Yellow Gold Hallmarking,Assaying & Hallmarking,https://www.manakonline.in/MANAK/AHCListForWebsite
HALLMARKING,HM-01322,,1030,AHC-SRO-RAHC-R-600673-O1-,Royal Assay and Hallmarking Centre Private Limited,SRO/RAHC/R-600673(O1),"ROOM NO XXI/213 E, V.S TOWER, KACHERITHZHAMMUVATTUPUZHA, ERNAKULAM - 686661, ERNAKULAM, ERNAKULAM, KERALA ,686661",ERNAKULAM,ERNAKULAM,KERALA,686661,ACTIVE,Operative,11/01/2027,Yellow Gold Hallmarking,Assaying & Hallmarking,https://www.manakonline.in/MANAK/AHCListForWebsite
HALLMARKING,HM-01323,,1031,AHC-SRO-RAHC-R-600674,AORIC HALLMARKING,SRO/RAHC/R-600674,"#19,3RD FLOOR , 5TH MAIN5TH BLOCK, KORAMANGALA, BANGALORE URBAN, KORAMANGALA, KARNATAKA ,560095",KORAMANGALA,BANGALORE URBAN,KARNATAKA,560095,OTHER,Deferred,02/03/2025,Gold And silver Hallmarking,Assaying & Hallmarking,https://www.manakonline.in/MANAK/AHCListForWebsite
HALLMARKING,HM-01324,,1032,AHC-SRO-RAHC-R-600675,VIJAY HALLMARKING CENTRE,SRO/RAHC/R-600675,"1st & 2nd floor, 38 f katchery street, DINDIGUL, DINDIGUL, TAMIL NADU ,624001",DINDIGUL,DINDIGUL,TAMIL NADU,624001,ACTIVE,Operative,22/02/2024,Gold & Silver Both Hallmarking,Assaying & Hallmarking,https://www.manakonline.in/MANAK/AHCListForWebsite
HALLMARKING,HM-01325,,1033,AHC-SRO-RAHC-R-600676,Shree Gold Assaying and Hallmarking Centre,SRO/RAHC/R-600676,"No.74, N.S.C Bose Road, 3rd FloorSowcarpet, Chennai, CHENNAI, SOWCARPET, TAMIL NADU ,600079",SOWCARPET,CHENNAI,TAMIL NADU,600079,ACTIVE,Operative,24/04/2021,Yellow Gold Hallmarking,Assaying & Hallmarking,https://www.manakonline.in/MANAK/AHCListForWebsite
HALLMARKING,HM-01327,,1034,AHC-SRO-RAHC-R-600679,SUKRAA HALLMARKING CENTRE UNIT I,SRO/RAHC/R-600679,"NO,24 ESWARAN KOVIL STREET,NATARAJ JEWELS BUILDING, TIRUPUR, TIRUPUR, TAMIL NADU ,641604",TIRUPUR,TIRUPUR,TAMIL NADU,641604,ACTIVE,Operative,23/01/2021,"Gold,Yellow Gold,White Gold Nickel based,White Gold Palladium based Hallmarking",Assaying & Hallmarking,https://www.manakonline.in/MANAK/AHCListForWebsite
HALLMARKING,HM-01328,,1035,AHC-SRO-RAHC-R-600680,ACCURATE ASSAY AND HALLMARKING CENTRE,SRO/RAHC/R-600680,"14/1389,Ground Floor,Brothers Building,Vadakara Road,Perambra,Kozhikode, KOZHIKODE, PERAMPRA, KERALA ,673525",PERAMPRA,KOZHIKODE,KERALA,673525,ACTIVE,Operative,11/04/2024,Yellow Gold Hallmarking,Assaying & Hallmarking,https://www.manakonline.in/MANAK/AHCListForWebsite
HALLMARKING,HM-01329,,1036,AHC-SRO-RAHC-R-600681,SUKRAA HALLMARKING CENTRE,SRO/RAHC/R-600681,"70-A, Hanumantharayan Koil Street, COIMBATORE, COIMBATORE, TAMIL NADU ,641001",COIMBATORE,COIMBATORE,TAMIL NADU,641001,ACTIVE,Operative,26/02/2027,"Yellow Gold,Silver Hallmarking",Assaying & Hallmarking,https://www.manakonline.in/MANAK/AHCListForWebsite
HALLMARKING,HM-01331,,1037,AHC-SRO-RAHC-R-600684,PRINCE HALLMARKING AND REFINERY PVT LTD,SRO/RAHC/R-600684,"DOOR NO. 7-2-697, 2ND FLOOR, MONDA MARKET STREET( POT MARKET ), OPP OLD JAIL KHANA, HYDERABAD, SECUNDERABAD, TELANGANA ,500003",SECUNDERABAD,HYDERABAD,TELANGANA,500003,ACTIVE,Operative,20/05/2027,Gold & Silver Both Hallmarking,Assaying & Hallmarking,https://www.manakonline.in/MANAK/AHCListForWebsite
HALLMARKING,HM-01332,,1038,AHC-SRO-RAHC-R-600685,VENKATESWARA HALLAMRK CENTRE,SRO/RAHC/R-600685,"GROUND,11-58-10, BAVAJI MATHAM LANEAM, KRISHNA, VIJAYAWADA, ANDHRA PRADESH ,520001",VIJAYAWADA,KRISHNA,ANDHRA PRADESH,520001,ACTIVE,Operative,20/05/2027,Gold Hallmarking,Assaying & Hallmarking,https://www.manakonline.in/MANAK/AHCListForWebsite
HALLMARKING,HM-01333,,1039,AHC-SRO-RAHC-R-600686,Saiguru Hallmarking Centre,SRO/RAHC/R-600686,"No:7C, 3rd Floor, Ramakkapettai, 1st Street, VELLORE, TIRUPATTUR, TAMIL NADU ,635601",TIRUPATTUR,VELLORE,TAMIL NADU,635601,ACTIVE,Operative,06/01/2026,Yellow Gold Hallmarking,Assaying & Hallmarking,https://www.manakonline.in/MANAK/AHCListForWebsite
HALLMARKING,HM-01336,,1040,AHC-SRO-RAHC-R-600690,SRI SAI HALLMARKING CENTRE,SRO/RAHC/R-600690,"17_29 ,1ST AND 2ND FLOORS ,NEAR JOGIPETA JUNCTIONMARKET STREET NARASANNAPETA, SRIKAKULAM, NARASANNAPETA, ANDHRA PRADESH ,532421",NARASANNAPETA,SRIKAKULAM,ANDHRA PRADESH,532421,ACTIVE,Operative,18/06/2027,Yellow Gold Hallmarking,Assaying & Hallmarking,https://www.manakonline.in/MANAK/AHCListForWebsite
HALLMARKING,HM-01337,,1041,AHC-SRO-RAHC-R-600691,Gurusiddhanath Assaying & Hallmarking Centre,SRO/RAHC/R-600691,"No.195, 1st Floor, Kosakadai Street, PONDICHERRY, PONDICHERRY, PONDICHERY ,605001",PONDICHERRY,PONDICHERRY,PONDICHERY,605001,ACTIVE,Operative,07/05/2027,Gold & Silver Both Hallmarking,Assaying & Hallmarking,https://www.manakonline.in/MANAK/AHCListForWebsite
HALLMARKING,HM-01339,,1042,AHC-SRO-RAHC-R-600694,SMS Hallmarks,SRO/RAHC/R-600694,"Ground Floor, 62/4892 & 62/4892AKachapilly Square, Mullassery Canal Road, ERNAKULAM, ERNAKULAM, KERALA ,682011",ERNAKULAM,ERNAKULAM,KERALA,682011,ACTIVE,Operative,30/05/2027,Yellow Gold Hallmarking,Assaying & Hallmarking,https://www.manakonline.in/MANAK/AHCListForWebsite
HALLMARKING,HM-01340,,1043,AHC-SRO-RAHC-R-600695,SIDDHI ASSAYING & HALLMARKING CENTRE,SRO/RAHC/R-600695,"No.34/1, First & Second Floor, C T Street CrossNear Ganesha Temple, B T Towers, Appaji Rao Lane, Bangalore - 560002, BANGALORE URBAN, BANGALORE CITY, KARNATAKA ,560002",BANGALORE CITY,BANGALORE URBAN,KARNATAKA,560002,ACTIVE,Operative,05/07/2027,Yellow Gold Hallmarking,Assaying & Hallmarking,https://www.manakonline.in/MANAK/AHCListForWebsite
HALLMARKING,HM-01342,,1044,AHC-SRO-RAHC-R-600697,chandana hallmarking centre,SRO/RAHC/R-600697,"D.No. 8-171/A, Karepakuvari street, GUNTUR, MANGALAGIRI, ANDHRA PRADESH ,522503",MANGALAGIRI,GUNTUR,ANDHRA PRADESH,522503,ACTIVE,Operative,18/06/2021,Yellow Gold Hallmarking,Assaying & Hallmarking,https://www.manakonline.in/MANAK/AHCListForWebsite
HALLMARKING,HM-01343,,1045,AHC-SRO-RAHC-R-600699,PVS GOLD AND SILVER HALLMARKING CENTRE,SRO/RAHC/R-600699,"D.No. 16-28-5, P.V.S Complex, M.N.R StreetSharaff Bazar, GUNTUR, TENALI, ANDHRA PRADESH ,522201",TENALI,GUNTUR,ANDHRA PRADESH,522201,ACTIVE,Operative,06/07/2025,Gold & Silver Both Hallmarking,Assaying & Hallmarking,https://www.manakonline.in/MANAK/AHCListForWebsite
HALLMARKING,HM-01345,,1046,AHC-SRO-RAHC-R-600701,AR ASSAYING & HALL MARKING CENTRE,SRO/RAHC/R-600701,"2nd Floor,114c,MSSv Complex,South Bazaar,Kovilpatt, THOOTHUKUDI, KOVILPATTI, TAMIL NADU ,628501",KOVILPATTI,THOOTHUKUDI,TAMIL NADU,628501,ACTIVE,Operative,22/08/2027,Yellow Gold Hallmarking,Assaying & Hallmarking,https://www.manakonline.in/MANAK/AHCListForWebsite
HALLMARKING,HM-01346,,1047,AHC-SRO-RAHC-R-600702,SOUTH KERALA ASSAYING AND HALLMARKING CENTRE,SRO/RAHC/R-600702,"FIRST FLOOR, SHEMI TOWERS, OPP. HANUMAN KOVIL,BEACH ROAD, KOLLAM, KERALA, 691001, KOLLAM, KOLLAM, KERALA ,691001",KOLLAM,KOLLAM,KERALA,691001,SUSPENDED,Under Suspension,31/07/2027,Gold Hallmarking,Assaying & Hallmarking,https://www.manakonline.in/MANAK/AHCListForWebsite
HALLMARKING,HM-01347,,1048,AHC-SRO-RAHC-R-600703,Quilon Assay And Hallmarking,SRO/RAHC/R-600703,"XVI/1833/490/M1,IIIrd FLOOR,RP MALL,KOLLAM,691001,, KOLLAM, KOLLAM, KERALA ,691001",KOLLAM,KOLLAM,KERALA,691001,ACTIVE,Operative,19/07/2027,Yellow Gold Hallmarking,Assaying & Hallmarking,https://www.manakonline.in/MANAK/AHCListForWebsite
HALLMARKING,HM-01348,,1049,AHC-SRO-RAHC-R-600704,Elite Hallmarking,SRO/RAHC/R-600704,"182, E4/21A, SPP Building, S.N High road, TIRUNELVELI, TIRUNELVELI, TAMIL NADU ,627006",TIRUNELVELI,TIRUNELVELI,TAMIL NADU,627006,ACTIVE,Operative,31/07/2027,Yellow Gold Hallmarking,Assaying & Hallmarking,https://www.manakonline.in/MANAK/AHCListForWebsite
HALLMARKING,HM-01349,,1050,AHC-SRO-RAHC-R-600704-O1-,Elite Hallmarking,SRO/RAHC/R-600704(O1),"182, E4/21A, SPP Building, S.N High road, TIRUNELVELI, TIRUNELVELI, TAMIL NADU ,627006",TIRUNELVELI,TIRUNELVELI,TAMIL NADU,627006,ACTIVE,Operative,31/07/2027,Yellow Gold Hallmarking,Assaying & Hallmarking,https://www.manakonline.in/MANAK/AHCListForWebsite
HALLMARKING,HM-01350,,1051,AHC-SRO-RAHC-R-600705,SONA ASSAYING AND HALLMARKING CENTRE,SRO/RAHC/R-600705,"12/499, 2nd Floor, Chaliyar ComplexOpp. Bus Stand, Ramanatukara,Kozhikode, KOZHIKODE, RAMANATTUKARA, KERALA ,673633",RAMANATTUKARA,KOZHIKODE,KERALA,673633,ACTIVE,Operative,31/07/2027,Gold Hallmarking,Assaying & Hallmarking,https://www.manakonline.in/MANAK/AHCListForWebsite
HALLMARKING,HM-01351,,1052,AHC-SRO-RAHC-R-600706,PRIME ASSAY AND HALLMARKS LLP,SRO/RAHC/R-600706,"B-6, Seal Shell Arcade, Rama Mohan Road, KOZHIKODE, CALICUT, KERALA ,673004",CALICUT,KOZHIKODE,KERALA,673004,ACTIVE,Operative,07/07/2025,Yellow Gold Hallmarking,Assaying & Hallmarking,https://www.manakonline.in/MANAK/AHCListForWebsite
HALLMARKING,HM-01353,,1053,AHC-SRO-RAHC-R-600709,VASRAJ ASSAYING AND HALLMARKINGS CENTRE,SRO/RAHC/R-600709,"NO 76 , 1ST FLOOR , SANNATHI STREETOPPOSITE TO IDBI BANK, TIRUVANNAMALAI, TIRUVANNAMALAI, TAMIL NADU ,606601",TIRUVANNAMALAI,TIRUVANNAMALAI,TAMIL NADU,606601,ACTIVE,Operative,07/10/2027,Gold & Silver Both Hallmarking,Assaying & Hallmarking,https://www.manakonline.in/MANAK/AHCListForWebsite
HALLMARKING,HM-01354,,1054,AHC-SRO-RAHC-R-600710,SHRI HYDERABAD HALLMARKING CENTRE,SRO/RAHC/R-600710,"7-2-437/B, 2ND FLOOR, TAKARA BASTHI, POT MARKETMONDA MARKET, SECUNDERABAD, HYDERABAD, SECUNDERABAD, TELANGANA ,500003",SECUNDERABAD,HYDERABAD,TELANGANA,500003,ACTIVE,Operative,22/08/2027,Yellow Gold Hallmarking,Assaying & Hallmarking,https://www.manakonline.in/MANAK/AHCListForWebsite
HALLMARKING,HM-01355,,1055,AHC-SRO-RAHC-R-600712,NAVKAR HALLMARKING,SRO/RAHC/R-600712,"No44,Fourth Floor, Appaji Rao Lane,Appaji Rao Lane, C T Street cross, Bangalore, BANGALORE URBAN, BANGALORE CITY, KARNATAKA ,560002",BANGALORE CITY,BANGALORE URBAN,KARNATAKA,560002,SUSPENDED,Under Suspension,15/10/2027,Silver Hallmarking,Assaying & Hallmarking,https://www.manakonline.in/MANAK/AHCListForWebsite
HALLMARKING,HM-01356,,1056,AHC-SRO-RAHC-R-600713,Veracity Assay and Hallmarking centre,SRO/RAHC/R-600713,"4/1063-1, Chungath Arcade, Opp: Vandana AuditoriumKarunagapally, Kollam, KOLLAM, KARUNAGAPPALY, KERALA ,690518",KARUNAGAPPALY,KOLLAM,KERALA,690518,ACTIVE,Operative,31/10/2027,Yellow Gold Hallmarking,Assaying & Hallmarking,https://www.manakonline.in/MANAK/AHCListForWebsite
HALLMARKING,HM-01358,,1057,AHC-SRO-RAHC-R-600715,SHREE VISHWA HALLMARKING CENTRE,SRO/RAHC/R-600715,"29, Agraharam StreetErode, ERODE, ERODE, TAMIL NADU ,638001",ERODE,ERODE,TAMIL NADU,638001,ACTIVE,Operative,13/11/2027,Gold & Silver Both Hallmarking,Assaying & Hallmarking,https://www.manakonline.in/MANAK/AHCListForWebsite
HALLMARKING,HM-01359,,1058,AHC-SRO-RAHC-R-600716,Sundari Hallmarking Centre,SRO/RAHC/R-600716,"DR NO 32-1-27,KVR SWAMY ROADRAJAMAHENDRAVARAM, EAST GODAVARI, RAJAHMUNDRY, ANDHRA PRADESH ,533103",RAJAHMUNDRY,EAST GODAVARI,ANDHRA PRADESH,533103,SUSPENDED,Under Suspension,02/10/2027,Gold Hallmarking,Assaying & Hallmarking,https://www.manakonline.in/MANAK/AHCListForWebsite
HALLMARKING,HM-01361,,1059,AHC-SRO-RAHC-R-600720,Vigna Assaying And Hallmarking Centre,SRO/RAHC/R-600720,"604,First And Second FloorRaja Street, COIMBATORE, COIMBATORE, TAMIL NADU ,641001",COIMBATORE,COIMBATORE,TAMIL NADU,641001,ACTIVE,Operative,31/10/2027,Gold Hallmarking,Assaying & Hallmarking,https://www.manakonline.in/MANAK/AHCListForWebsite
HALLMARKING,HM-01363,,1060,AHC-SRO-RAHC-R-600724,SRI GOMATHI ASSAYING & HALLMARK CENTRE,SRO/RAHC/R-600724,"No.43/96/E, Keela Avani Moola Veethi, TIRUNELVELI, TENKASI, TAMIL NADU ,627811",TENKASI,TIRUNELVELI,TAMIL NADU,627811,ACTIVE,Operative,28/01/2028,Yellow Gold Hallmarking,Assaying & Hallmarking,https://www.manakonline.in/MANAK/AHCListForWebsite
HALLMARKING,HM-01366,,1061,AHC-SRO-RAHC-R-600727,ROYAL HALLMARKING CENTER,SRO/RAHC/R-600727,"9/571-1A, Jadhav House,Brothers Lane, THRISSUR, THRISSUR, KERALA ,680001",THRISSUR,THRISSUR,KERALA,680001,ACTIVE,Operative,29/01/2028,Yellow Gold Hallmarking,Assaying & Hallmarking,https://www.manakonline.in/MANAK/AHCListForWebsite
HALLMARKING,HM-01369,,1062,AHC-SRO-RAHC-R-600730,SHREE BALAJI ASSAY AND HALLMARK CENTER,SRO/RAHC/R-600730,"SHOP No 4-1085 SARAF BAZAR MAKATAMPUR, GULBARGA, GULBARGA, KARNATAKA ,585101",GULBARGA,GULBARGA,KARNATAKA,585101,ACTIVE,Operative,01/04/2025,Gold Hallmarking,Assaying & Hallmarking,https://www.manakonline.in/MANAK/AHCListForWebsite
HALLMARKING,HM-01370,,1063,AHC-SRO-RAHC-R-600731,Mehta Labs,SRO/RAHC/R-600731,"2nd Floor, No.969, Sherkhan LaneDharmarayaswamy Temple Street, Nagrathpet, BANGALORE URBAN, CHICKPET, KARNATAKA ,560002",CHICKPET,BANGALORE URBAN,KARNATAKA,560002,ACTIVE,Operative,17/06/2028,Gold & Silver Both Hallmarking,Assaying & Hallmarking,https://www.manakonline.in/MANAK/AHCListForWebsite
HALLMARKING,HM-01371,,1064,AHC-SRO-RAHC-R-600732,Tirupati Assaying And Hallmarking Centre,SRO/RAHC/R-600732,"H.No. 1-4-144, Mahankali StreetKalasiguda, HYDERABAD, SECUNDERABAD, TELANGANA ,500003",SECUNDERABAD,HYDERABAD,TELANGANA,500003,ACTIVE,Operative,25/04/2028,Yellow Gold Hallmarking,Assaying & Hallmarking,https://www.manakonline.in/MANAK/AHCListForWebsite
HALLMARKING,HM-01375,,1065,AHC-SRO-RAHC-R-600736,Merit Assay and Hallmark Unit II,SRO/RAHC/R-600736,"TPA20/96 G, Parapuram BuildingEast Fort Gate, Tripunithura, ERNAKULAM, TRIPUNITHURA, KERALA ,682301",TRIPUNITHURA,ERNAKULAM,KERALA,682301,ACTIVE,Operative,11/03/2025,Gold & Silver Both Hallmarking,Assaying & Hallmarking,https://www.manakonline.in/MANAK/AHCListForWebsite
HALLMARKING,HM-01376,,1066,AHC-SRO-RAHC-R-600737,Unnamulai Assaying Hallmarking Center,SRO/RAHC/R-600737,"72, CT.N.Sandhu, Karaikudi, SIVAGANGA, KARAIKUDI, TAMIL NADU ,630001",KARAIKUDI,SIVAGANGA,TAMIL NADU,630001,ACTIVE,Operative,05/02/2028,Yellow Gold Hallmarking,Assaying & Hallmarking,https://www.manakonline.in/MANAK/AHCListForWebsite
HALLMARKING,HM-01377,,1067,AHC-SRO-RAHC-R-600738,SURYA ASSAY AND HALLMARKING CENTRE,SRO/RAHC/R-600738,"45A NLR TOWER, SOUTH MASSI STREET, MADURAI, MADURAI, TAMIL NADU ,625001",MADURAI,MADURAI,TAMIL NADU,625001,ACTIVE,Operative,18/03/2028,Yellow Gold Hallmarking,Assaying & Hallmarking,https://www.manakonline.in/MANAK/AHCListForWebsite
HALLMARKING,HM-01379,,1068,AHC-SRO-RAHC-R-600740,SRI BALAJI HALLMARKING CENTRE,SRO/RAHC/R-600740,"I ST FLOOR, 7-1-525 To 527, SHOP NO 5 AND 6,OPP GURUDWRA,AMEERPET, HYDERABAD, AMBERPET, TELANGANA ,500016",AMBERPET,HYDERABAD,TELANGANA,500016,ACTIVE,Operative,17/06/2028,Yellow Gold Hallmarking,Assaying & Hallmarking,https://www.manakonline.in/MANAK/AHCListForWebsite
HALLMARKING,HM-01381,,1069,AHC-SRO-RAHC-R-600743,QUALITY ASSAY & HALLMARKING CENTRE PRIVATE LIMITED,SRO/RAHC/R-600743,"No.60, 2nd Floor, Kannika Complex, Pavala StreetRaja Street Corner,Coimbatore, COIMBATORE, COIMBATORE, TAMIL NADU ,641001",COIMBATORE,COIMBATORE,TAMIL NADU,641001,ACTIVE,Operative,04/03/2028,"Yellow Gold,Silver Hallmarking",Assaying & Hallmarking,https://www.manakonline.in/MANAK/AHCListForWebsite
HALLMARKING,HM-01382,,1070,AHC-SRO-RAHC-R-600743-O1-,QUALITY ASSAY & HALLMARKING CENTRE PRIVATE LIMITED,SRO/RAHC/R-600743(O1),"No.60, 2nd Floor, Kannika Complex, Pavala StreetRaja Street Corner,Coimbatore, COIMBATORE, COIMBATORE, TAMIL NADU ,641001",COIMBATORE,COIMBATORE,TAMIL NADU,641001,ACTIVE,Operative,04/03/2028,"Yellow Gold,Silver Hallmarking",Assaying & Hallmarking,https://www.manakonline.in/MANAK/AHCListForWebsite
HALLMARKING,HM-01383,,1071,AHC-SRO-RAHC-R-600744,Three Star Assay and Hallmarking Centre,SRO/RAHC/R-600744,"XX/596, Chungath Towers, South Junction, Chalakudy, THRISSUR, THRISSUR, KERALA ,680307",THRISSUR,THRISSUR,KERALA,680307,ACTIVE,Operative,17/06/2028,Gold Hallmarking,Assaying & Hallmarking,https://www.manakonline.in/MANAK/AHCListForWebsite
HALLMARKING,HM-01384,,1072,AHC-SRO-RAHC-R-600745,UNIQUE ASSAYING AND HALLMARKING,SRO/RAHC/R-600745,"2nd Floor, No. 31/1, 2nd FloorKempanna Lane, Nagarathpet Cross, Bengaluru, BANGALORE URBAN, BANGALORE CITY, KARNATAKA ,560002",BANGALORE CITY,BANGALORE URBAN,KARNATAKA,560002,ACTIVE,Operative,25/04/2028,Gold & Silver Both Hallmarking,Assaying & Hallmarking,https://www.manakonline.in/MANAK/AHCListForWebsite
HALLMARKING,HM-01387,,1073,AHC-SRO-RAHC-R-600749,Adheesh Assay and Hallmarking Center,SRO/RAHC/R-600749,"14/1648-A, Korambayil ArcadePandikkad Road, MALAPPURAM, MANJERI BAZAR, KERALA ,676121",MANJERI BAZAR,MALAPPURAM,KERALA,676121,ACTIVE,Operative,17/06/2028,Yellow Gold Hallmarking,Assaying & Hallmarking,https://www.manakonline.in/MANAK/AHCListForWebsite
HALLMARKING,HM-01390,,1074,AHC-SRO-RAHC-R-600755,ADITYA TUNCH AND HALLMARK,SRO/RAHC/R-600755,"1-3-21to25 kalasigudamain road genral bazar7-2-300,301,308 leela complex,pot market secundera, HYDERABAD, SECUNDERABAD, TELANGANA ,500003",SECUNDERABAD,HYDERABAD,TELANGANA,500003,ACTIVE,Operative,07/08/2028,Yellow Gold Hallmarking,Assaying & Hallmarking,https://www.manakonline.in/MANAK/AHCListForWebsite
HALLMARKING,HM-01393,,1075,AHC-SRO-RAHC-R-600758,S V Shree Nimishamba Hallmarking Centre,SRO/RAHC/R-600758,"Ground Floor, No. 2,3rd Cross, Basavana Temple StreetAvenue Road Cross, Anchepete, BANGALORE URBAN, CHICKPET, KARNATAKA ,560053",CHICKPET,BANGALORE URBAN,KARNATAKA,560053,ACTIVE,Operative,08/08/2022,Yellow Gold Hallmarking,Assaying & Hallmarking,https://www.manakonline.in/MANAK/AHCListForWebsite
HALLMARKING,HM-01395,,1076,AHC-SRO-RAHC-R-600760,Prathyushh Viswasri Hallmarking Centre,SRO/RAHC/R-600760,"First Floor, 2-3-82 to 87Gandhi Chowk, KHAMMAM, KHAMMAM, TELANGANA ,507003",KHAMMAM,KHAMMAM,TELANGANA,507003,ACTIVE,Operative,30/07/2022,Yellow Gold Hallmarking,Assaying & Hallmarking,https://www.manakonline.in/MANAK/AHCListForWebsite
HALLMARKING,HM-01396,,1077,AHC-SRO-RAHC-R-600762,SB HALLMARKING CENTRE,SRO/RAHC/R-600762,"271,272, Thalayatham Bazzar, VELLORE, GUDIYATTAM, TAMIL NADU ,632602",GUDIYATTAM,VELLORE,TAMIL NADU,632602,ACTIVE,Operative,30/07/2022,Yellow Gold Hallmarking,Assaying & Hallmarking,https://www.manakonline.in/MANAK/AHCListForWebsite
HALLMARKING,HM-01397,,1078,AHC-SRO-RAHC-R-600763,SRI RENUKA HALLMAKING CENTER,SRO/RAHC/R-600763,"4Th Floor,21-7-297/1/A, Charkaman,Mitti Ka sher,Charminar,Hyderabad, HYDERABAD, HIGH COURT (HYDERABAD), TELANGANA ,500002",HIGH COURT (HYDERABAD),HYDERABAD,TELANGANA,500002,ACTIVE,Operative,30/07/2025,Gold Hallmarking,Assaying & Hallmarking,https://www.manakonline.in/MANAK/AHCListForWebsite
HALLMARKING,HM-01399,,1079,AHC-SRO-RAHC-R-600765,Moonlight Assay and Hallmarking Centre,SRO/RAHC/R-600765,"10/516-2A, ZEON Building, Tharakans LaneErinjeri Angadi, THRISSUR, THRISSUR, KERALA ,680001",THRISSUR,THRISSUR,KERALA,680001,ACTIVE,Operative,30/07/2028,Gold Hallmarking,Assaying & Hallmarking,https://www.manakonline.in/MANAK/AHCListForWebsite
HALLMARKING,HM-01401,,1080,AHC-SRO-RAHC-R-600767,S S R Hallmarking,SRO/RAHC/R-600767,"First Floor, 21-7-227, Zindamal Heeralal LaneMitti Ka Sher, Charkaman, HYDERABAD, , TELANGANA ,500002",HYDERABAD,Charkaman,TELANGANA,500002,ACTIVE,Operative,19/08/2022,Yellow Gold Hallmarking,Assaying & Hallmarking,https://www.manakonline.in/MANAK/AHCListForWebsite
HALLMARKING,HM-01402,,1081,AHC-SRO-RAHC-R-600768,Global Assay And Hallmarking,SRO/RAHC/R-600768,"Second Floor, Room No. X/1274/11, Basilica Platinum Jubilee Building,New Chruch Road, THRISSUR, THRISSUR, KERALA ,680001",THRISSUR,THRISSUR,KERALA,680001,ACTIVE,Operative,02/09/2022,Yellow Gold Hallmarking,Assaying & Hallmarking,https://www.manakonline.in/MANAK/AHCListForWebsite
HALLMARKING,HM-01407,,1082,AHC-SRO-RAHC-R-600774,K Prakash Hallmarks,SRO/RAHC/R-600774,"No.15/9 B, Chinna Vaniyar StreetThirupapuliyur, CUDDALORE, CUDDALORE, TAMIL NADU ,607002",CUDDALORE,CUDDALORE,TAMIL NADU,607002,SUSPENDED,Under Suspension,23/10/2022,Yellow Gold Hallmarking,Assaying & Hallmarking,https://www.manakonline.in/MANAK/AHCListForWebsite
HALLMARKING,HM-01409,,1083,AHC-SRO-RAHC-R-600778,Shree I Hallmarking Centre,SRO/RAHC/R-600778,"New No. 36/2 Old No.12, Swarna Shree Complex, Shop No.302A and 302B, 3rd Floor, Veerapan StreetSowcarpet, Chennai, CHENNAI, SOWCARPET, TAMIL NADU ,600079",SOWCARPET,CHENNAI,TAMIL NADU,600079,ACTIVE,Operative,23/10/2022,Gold & Silver Both Hallmarking,Assaying & Hallmarking,https://www.manakonline.in/MANAK/AHCListForWebsite
HALLMARKING,HM-01412,,1084,AHC-SRO-RAHC-R-600781,VIJAY HALLMARKING CENTRE,SRO/RAHC/R-600781,"NO.97, 5th, FLOOR, SAANKHLA TOWERSCHOWDESHWARI TEMPLE STREET, BANGALORE URBAN, BANGALORE CITY, KARNATAKA ,560002",BANGALORE CITY,BANGALORE URBAN,KARNATAKA,560002,ACTIVE,Operative,12/11/2028,Gold & Silver Both Hallmarking,Assaying & Hallmarking,https://www.manakonline.in/MANAK/AHCListForWebsite
HALLMARKING,HM-01413,,1085,AHC-SRO-RAHC-R-600782,SreeKrishna Hallmarking Centre,SRO/RAHC/R-600782,"Building No XVII/678(II), Muthoot TowerAdoor, PATHANAMTHITTA, , KERALA ,691523",PATHANAMTHITTA,Muthoot TowerAdoor,KERALA,691523,ACTIVE,Operative,30/12/2022,Yellow Gold Hallmarking,Assaying & Hallmarking,https://www.manakonline.in/MANAK/AHCListForWebsite
HALLMARKING,HM-01414,,1086,AHC-SRO-RAHC-R-600783,SWASTIKS HALLMARKING CENTRE,SRO/RAHC/R-600783,"7-2-474, POT MARKET, OLD JAIL STREETSECUNDERABAD, HYDERABAD, SECUNDERABAD, TELANGANA ,500003",SECUNDERABAD,HYDERABAD,TELANGANA,500003,ACTIVE,Operative,05/11/2028,Yellow Gold Hallmarking,Assaying & Hallmarking,https://www.manakonline.in/MANAK/AHCListForWebsite
HALLMARKING,HM-01416,,1087,AHC-SRO-RAHC-R-600785,QUALITY ASSAY & HALLMARKS LLP,SRO/RAHC/R-600785,"No.1,FOURTH FLOOR, SIVA BUILDINGSri KRISHNA NAIR STREET,T NAGAR,CHENNAI-600017, CHENNAI, CHENNAI G.P.O., TAMIL NADU ,600017",CHENNAI G.P.O,CHENNAI,TAMIL NADU,600017,ACTIVE,Operative,04/11/2028,Gold & Silver Hallmarking,Assaying & Hallmarking,https://www.manakonline.in/MANAK/AHCListForWebsite
HALLMARKING,HM-01417,,1088,AHC-SRO-RAHC-R-600785-O1-,QUALITY ASSAY & HALLMARKS LLP,SRO/RAHC/R-600785(O1),"No.1,FOURTH FLOOR, SIVA BUILDINGSri KRISHNA NAIR STREET,T NAGAR,CHENNAI-600017, CHENNAI, CHENNAI G.P.O., TAMIL NADU ,600017",CHENNAI G.P.O,CHENNAI,TAMIL NADU,600017,ACTIVE,Operative,04/11/2028,Gold & Silver Hallmarking,Assaying & Hallmarking,https://www.manakonline.in/MANAK/AHCListForWebsite
HALLMARKING,HM-01421,,1089,AHC-SRO-RAHC-R-600791,TS Hall Marking & Refinery,SRO/RAHC/R-600791,"6-3-1186/10, Lane Next to ITC Grand KakatiyaOpp C M Camp Office, Somajiguda, HYDERABAD, SOMAJIGUDA, TELANGANA ,500082",SOMAJIGUDA,HYDERABAD,TELANGANA,500082,ACTIVE,Operative,22/01/2026,Yellow Gold Hallmarking,Assaying & Hallmarking,https://www.manakonline.in/MANAK/AHCListForWebsite
HALLMARKING,HM-01423,,1090,AHC-SRO-RAHC-R-600795,SIDDHANATH HALLMARK PRIVATE LIMITED,SRO/RAHC/R-600795,"11-49/1-1, JANDA LANE, SIVALAYAM STREET, KRISHNA, VIJAYAWADA, ANDHRA PRADESH ,520001",VIJAYAWADA,KRISHNA,ANDHRA PRADESH,520001,ACTIVE,Operative,21/01/2029,Gold Hallmarking,Assaying & Hallmarking,https://www.manakonline.in/MANAK/AHCListForWebsite
HALLMARKING,HM-01425,,1091,AHC-SRO-RAHC-R-600798,Venkateswara Hallmarking And Assaying Centre,SRO/RAHC/R-600798,"First Floor, H.No. 9-10-152, Someshwara ComplexVishwakarma Street, WARANGAL RURAL, WARANGAL, TELANGANA ,506002",WARANGAL,WARANGAL RURAL,TELANGANA,506002,SUSPENDED,Under Suspension,12/03/2023,Yellow Gold Hallmarking,Assaying & Hallmarking,https://www.manakonline.in/MANAK/AHCListForWebsite
HALLMARKING,HM-01428,,1092,AHC-SRO-RAHC-R-600801,Laxmi Assaying And Hallmarking Centre,SRO/RAHC/R-600801,"No. 107, MJR House, C.T Street, BANGALORE URBAN, BANGALORE CITY, KARNATAKA ,560002",BANGALORE CITY,BANGALORE URBAN,KARNATAKA,560002,ACTIVE,Operative,09/03/2029,Yellow Gold Hallmarking,Assaying & Hallmarking,https://www.manakonline.in/MANAK/AHCListForWebsite
HALLMARKING,HM-01429,,1093,AHC-SRO-RAHC-R-600803,Super Hallmarking Centre,SRO/RAHC/R-600803,"Door No-208, New No-292C, Telugu Street, COIMBATORE, COIMBATORE, TAMIL NADU ,641001",COIMBATORE,COIMBATORE,TAMIL NADU,641001,ACTIVE,Operative,12/03/2029,Yellow Gold Hallmarking,Assaying & Hallmarking,https://www.manakonline.in/MANAK/AHCListForWebsite
HALLMARKING,HM-01430,,1094,AHC-SRO-RAHC-R-600804,SRI KRISHNA MURARI ASSAYING & HALL MARKING CENTRE,SRO/RAHC/R-600804,"5-7-6/1A,TAYLOR PETA NARSAPURAM WEST GODAVARI, WEST GODAVARI, NARSAPUR (WEST GODAVARI), ANDHRA PRADESH ,534275",NARSAPUR (WEST GODAVARI),WEST GODAVARI,ANDHRA PRADESH,534275,SUSPENDED,Under Suspension,03/08/2029,Gold Hallmarking,Assaying & Hallmarking,https://www.manakonline.in/MANAK/AHCListForWebsite
HALLMARKING,HM-01434,,1095,AHC-SRO-RAHC-R-600808,G S Hallmarking and Refinery Centre S G,SRO/RAHC/R-600808,"3rd Floor, 3-3-433 and 434, Rangrez BazarOpp. Mahankali Temple, HYDERABAD, SECUNDERABAD, TELANGANA ,500003",SECUNDERABAD,HYDERABAD,TELANGANA,500003,ACTIVE,Operative,14/10/2026,Gold & Silver Both Hallmarking,Assaying & Hallmarking,https://www.manakonline.in/MANAK/AHCListForWebsite
HALLMARKING,HM-01435,,1096,AHC-SRO-RAHC-R-600809,S S HALLMARKING AND ASSAYING CENTRE,SRO/RAHC/R-600809,"1st Floor,10-1-35E3, & 10-1-35E3B,Shiva Kripa Building, M V Road,, UDUPI, UDUPI, KARNATAKA ,576101",UDUPI,UDUPI,KARNATAKA,576101,ACTIVE,Operative,08/03/2024,Gold Hallmarking,Assaying & Hallmarking,https://www.manakonline.in/MANAK/AHCListForWebsite
HALLMARKING,HM-01436,,1097,AHC-SRO-RAHC-R-600810,Yeswe Assaying and Hallmarking Centre LLP,SRO/RAHC/R-600810,"XIV/566, B4, Sreevinayak Towerspalace Road, Kottayam 686001, KOTTAYAM, KOTTAYAM, KERALA ,686001",KOTTAYAM,KOTTAYAM,KERALA,686001,ACTIVE,Operative,10/09/2026,Yellow Gold Hallmarking,Assaying & Hallmarking,https://www.manakonline.in/MANAK/AHCListForWebsite
HALLMARKING,HM-01437,,1098,AHC-SRO-RAHC-R-6010205,SHREE PARAS HALLMARKING CENTRE,SRO/RAHC/R-6010205,"4TH FLOOR, 177/87NETAHJI SUBASH CHANDRA BOSE ROADSOWCARPET CHENNAI, CHENNAI, CHENNAI, TAMIL NADU ,600079",CHENNAI,CHENNAI,TAMIL NADU,600079,ACTIVE,Operative,06/08/2029,Gold & Silver Both Hallmarking,Assaying & Hallmarking,https://www.manakonline.in/MANAK/AHCListForWebsite
HALLMARKING,HM-01438,,1099,AHC-SRO-RAHC-R-6011137,VASRAJ ASSAYING AND HALLMARKINGS CENTRE,SRO/RAHC/R-6011137,"NO 76 , 1ST FLOOR , SANNATHI STREETOPPOSITE TO IDBI BANK, TIRUVANNAMALAI, TIRUVANNAMALAI, TAMIL NADU ,606601",TIRUVANNAMALAI,TIRUVANNAMALAI,TAMIL NADU,606601,ACTIVE,Operative,07/04/2025,Gold & Silver Both Hallmarking,Assaying & Hallmarking,https://www.manakonline.in/MANAK/AHCListForWebsite
HALLMARKING,HM-01440,,1100,AHC-SRO-RAHC-R-6012814,KRISHNA HALLMARKING CENTRE,SRO/RAHC/R-6012814,"No.14 Sirkali Main Road, Mayiladuthurai TalukMayiladuthurai District, NAGAPATTINAM, MAYILADUTHURAI, TAMIL NADU ,609001",MAYILADUTHURAI,NAGAPATTINAM,TAMIL NADU,609001,ACTIVE,Operative,07/03/2027,Yellow Gold Hallmarking,Assaying & Hallmarking,https://www.manakonline.in/MANAK/AHCListForWebsite
HALLMARKING,HM-01441,,1101,AHC-SRO-RAHC-R-6013099,JAYAM HALLMARKING CENTRE KRK,SRO/RAHC/R-6013099,"1nd and 2nd, No.28, French Teacher Street,Karaikal, KARAIKAL, KARAIKAL, PONDICHERY ,609602",KARAIKAL,KARAIKAL,PONDICHERY,609602,ACTIVE,Operative,11/12/2026,"Gold,Yellow Gold Hallmarking",Assaying & Hallmarking,https://www.manakonline.in/MANAK/AHCListForWebsite
HALLMARKING,HM-01442,,1102,AHC-SRO-RAHC-R-6015252,SREE VASAVI HALLMARK CENTRE,SRO/RAHC/R-6015252,"GIRI COMPLEX, II ND FLOOR NO.147, N.S.C BOSE ROADSOWCARPET,CHENNAI - 600079., CHENNAI, SOWCARPET, TAMIL NADU ,600079",SOWCARPET,CHENNAI,TAMIL NADU,600079,ACTIVE,Operative,01/08/2025,Gold & Silver Both Hallmarking,Assaying & Hallmarking,https://www.manakonline.in/MANAK/AHCListForWebsite
HALLMARKING,HM-01443,,1103,AHC-SRO-RAHC-R-6015381,Sri Mithra Hallmarking Centre,SRO/RAHC/R-6015381,"17, Dr. Nair Road, T.Nagar., CHENNAI, THYGARAYANAGAR, TAMIL NADU ,600017",THYGARAYANAGAR,CHENNAI,TAMIL NADU,600017,ACTIVE,Operative,18/07/2029,Gold Hallmarking,Assaying & Hallmarking,https://www.manakonline.in/MANAK/AHCListForWebsite
HALLMARKING,HM-01444,,1104,AHC-SRO-RAHC-R-6015721,M M HALLMARKING CENTRE,SRO/RAHC/R-6015721,"THIRD FLOOR, NEW NO 341 OLD 167 PREVIOUS 434MINT STREET, SOWCARPET CHENNAI, CHENNAI, HIGH COURT BUILDING (CHENNAI), TAMIL NADU ,600079",HIGH COURT BUILDING (CHENNAI),CHENNAI,TAMIL NADU,600079,ACTIVE,Operative,19/07/2025,Yellow Gold Hallmarking,Assaying & Hallmarking,https://www.manakonline.in/MANAK/AHCListForWebsite
HALLMARKING,HM-01447,,1105,AHC-SRO-RAHC-R-6017127,RATAN HALLMARKING CENTRE,SRO/RAHC/R-6017127,"PLOT NO 193 196 197 198SIDCO INDUSTRIAL ESTATE SF 36-39 TIRUMUDIVAKKAM, KANCHIPURAM, CHENNAI AIRPORT, TAMIL NADU ,600044",CHENNAI AIRPORT,KANCHIPURAM,TAMIL NADU,600044,ACTIVE,Operative,03/12/2028,Gold Hallmarking,Assaying & Hallmarking,https://www.manakonline.in/MANAK/AHCListForWebsite
HALLMARKING,HM-01450,,1106,AHC-SRO-RAHC-R-6017802,KESAR ASSAYING & HALLMARKING CENTRE,SRO/RAHC/R-6017802,"2nd Floor, 22/30, Kesar Villa, Ramsamy streetT.Nagar, Chennai 600017, CHENNAI, MAMBALAM, TAMIL NADU ,600017",MAMBALAM,CHENNAI,TAMIL NADU,600017,ACTIVE,Operative,23/01/2028,"Gold,Yellow Gold,White Gold Nickel based,Silver,Gold & Silver Both Hallmarking",Assaying & Hallmarking,https://www.manakonline.in/MANAK/AHCListForWebsite
HALLMARKING,HM-01451,,1107,AHC-SRO-RAHC-R-6018696,CHENNAI CREATIVE HALLMARKING,SRO/RAHC/R-6018696,"611&612,Kannammai Building7th floor,Thousand Lights Anna salai, CHENNAI, CHENNAI, TAMIL NADU ,600006",CHENNAI,CHENNAI,TAMIL NADU,600006,ACTIVE,Operative,29/10/2027,Gold & Silver Both Hallmarking,Assaying & Hallmarking,https://www.manakonline.in/MANAK/AHCListForWebsite
HALLMARKING,HM-01453,,1108,AHC-SRO-RAHC-R-6019947,SRI SIDDHI VINAYAK HALLMARKS,SRO/RAHC/R-6019947,"NO 69A-69B SKB TOWERSIst & II nd FLOOR,THIRU VI KA STREET,, VILUPPURAM, VILLUPURAM, TAMIL NADU ,605602",VILLUPURAM,VILUPPURAM,TAMIL NADU,605602,ACTIVE,Operative,03/04/2028,Yellow Gold Hallmarking,Assaying & Hallmarking,https://www.manakonline.in/MANAK/AHCListForWebsite
HALLMARKING,HM-01454,,1109,AHC-SRO-RAHC-R-602001,Sri Krishna Assayers & Hallmarking Centre,SRO/RAHC/R-602001,"Shobha Mansion, Gandhi Bazaar RoadHassan-573201, Karnataka, HASSAN, HASSAN, KARNATAKA ,573201",HASSAN,HASSAN,KARNATAKA,573201,ACTIVE,Operative,10/07/2025,Yellow Gold Hallmarking,Assaying & Hallmarking,https://www.manakonline.in/MANAK/AHCListForWebsite
HALLMARKING,HM-01455,,1110,AHC-SRO-RAHC-R-602002,Amritha Assay And Hallmarking Centre,SRO/RAHC/R-602002,"IV/3232A, Shivkripa Archade,Town Hall Road, Kunnamkulam,, THRISSUR, THRISSUR, KERALA ,680503",THRISSUR,THRISSUR,KERALA,680503,ACTIVE,Operative,17/05/2027,Yellow Gold Hallmarking,Assaying & Hallmarking,https://www.manakonline.in/MANAK/AHCListForWebsite
HALLMARKING,HM-01456,,1111,AHC-SRO-RAHC-R-602003,NGM Assay & Hallmarking Centre,SRO/RAHC/R-602003,"EC Tower, Near Government Hospital,Thamarassery,, KOZHIKODE, CALICUT, KERALA ,673573",CALICUT,KOZHIKODE,KERALA,673573,ACTIVE,Operative,31/08/2027,Yellow Gold Hallmarking,Assaying & Hallmarking,https://www.manakonline.in/MANAK/AHCListForWebsite
HALLMARKING,HM-01459,,1112,AHC-SRO-RAHC-R-6020248,SRI RAGHAVENDRA HALLMARK CENTER,SRO/RAHC/R-6020248,"1040A,PERIYAR NAGARLN PURAM, CUDDALORE, LAKSHMINARAYANAPURAM, TAMIL NADU ,607106",LAKSHMINARAYANAPURAM,CUDDALORE,TAMIL NADU,607106,ACTIVE,Operative,16/04/2029,Gold Hallmarking,Assaying & Hallmarking,https://www.manakonline.in/MANAK/AHCListForWebsite
HALLMARKING,HM-01460,,1113,AHC-SRO-RAHC-R-6020287,PRINCE HALLMARKING & REFINERY PRIVATE LIMITED,SRO/RAHC/R-6020287,"Kences Tower, No. 3D, 3rd Floor,Ramakrishna Street, North Usman Road, T Nagar,, CHENNAI, THYGARAYANAGAR, TAMIL NADU ,600017",THYGARAYANAGAR,CHENNAI,TAMIL NADU,600017,ACTIVE,Operative,22/01/2029,Gold & Silver Both Hallmarking,Assaying & Hallmarking,https://www.manakonline.in/MANAK/AHCListForWebsite
HALLMARKING,HM-01462,,1114,AHC-SRO-RAHC-R-6020858,Shree Pavithra Assaying and Hallmarking Centre,SRO/RAHC/R-6020858,"First Floor, old No 9, New No 15Venkatesan Street, T.Nagar, CHENNAI, THYGARAYANAGAR, TAMIL NADU ,600017",THYGARAYANAGAR,CHENNAI,TAMIL NADU,600017,ACTIVE,Operative,03/12/2028,Gold Hallmarking,Assaying & Hallmarking,https://www.manakonline.in/MANAK/AHCListForWebsite
HALLMARKING,HM-01463,,1115,AHC-SRO-RAHC-R-6021097,PRINCE HALLMARKING AND REFINERY PVT LTD,SRO/RAHC/R-6021097,"DOOR NO 121, N.S.C. BOSE ROAD., CHENNAI, ADYAR (CHENNAI), TAMIL NADU ,600079",ADYAR (CHENNAI),CHENNAI,TAMIL NADU,600079,ACTIVE,Operative,17/03/2027,Gold & Silver Both Hallmarking,Assaying & Hallmarking,https://www.manakonline.in/MANAK/AHCListForWebsite
HALLMARKING,HM-01464,,1116,AHC-SRO-RAHC-R-6021097-O1-,PRINCE HALLMARKING AND REFINERY PVT LTD,SRO/RAHC/R-6021097(O1),"DOOR NO 121, N.S.C. BOSE ROAD., CHENNAI, ADYAR (CHENNAI), TAMIL NADU ,600079",ADYAR (CHENNAI),CHENNAI,TAMIL NADU,600079,ACTIVE,Operative,17/03/2027,Gold & Silver Both Hallmarking,Assaying & Hallmarking,https://www.manakonline.in/MANAK/AHCListForWebsite
HALLMARKING,HM-01465,,1117,AHC-SRO-RAHC-R-6021746,JADAV HALLMARKING,SRO/RAHC/R-6021746,"NO:16B, 2ND FLOOR RAJARATHINAM STREETKILPAUK,, CHENNAI, KILPAUK, TAMIL NADU ,600010",KILPAUK,CHENNAI,TAMIL NADU,600010,ACTIVE,Operative,07/12/2027,Yellow Gold Hallmarking,Assaying & Hallmarking,https://www.manakonline.in/MANAK/AHCListForWebsite
HALLMARKING,HM-01466,,1118,AHC-SRO-RAHC-R-6022182,SHREE MAHARANI HALLMARKING CENTRE,SRO/RAHC/R-6022182,"NO 1 / 1 & 3 /2, 1st FLOORKRISHANAPPA STREET SOWCARPET, CHENNAI, SOWCARPET, TAMIL NADU ,600079",SOWCARPET,CHENNAI,TAMIL NADU,600079,ACTIVE,Operative,23/04/2029,"Yellow Gold,Yellow Gold Hallmarking",Assaying & Hallmarking,https://www.manakonline.in/MANAK/AHCListForWebsite
HALLMARKING,HM-01467,,1119,AHC-SRO-RAHC-R-6022461,MOKSH HALLMARKING,SRO/RAHC/R-6022461,"4th Floor, No.83, NSC Bose Road,Sowcarpet, Chennai,, CHENNAI, SOWCARPET, TAMIL NADU ,600079",SOWCARPET,CHENNAI,TAMIL NADU,600079,ACTIVE,Operative,06/02/2028,Yellow Gold Hallmarking,Assaying & Hallmarking,https://www.manakonline.in/MANAK/AHCListForWebsite
HALLMARKING,HM-01469,,1120,AHC-SRO-RAHC-R-6022912,Dhruv Hallmarking and Assaying centre,SRO/RAHC/R-6022912,"A 10, Old No 15, New no 30/32,Duraisamy Road, T. Nagar, CHENNAI, THYGARAYANAGAR, TAMIL NADU ,600017",THYGARAYANAGAR,CHENNAI,TAMIL NADU,600017,ACTIVE,Operative,04/10/2026,Gold Hallmarking,Assaying & Hallmarking,https://www.manakonline.in/MANAK/AHCListForWebsite
HALLMARKING,HM-01470,,1121,AHC-SRO-RAHC-R-6023184,JAIN HALLMARK,SRO/RAHC/R-6023184,"N.S.C.Bose Road, Gold Square Complex3rd Floor, Shop No: 3-8, Sowcarpet, Chennai-600079, CHENNAI, SOWCARPET, TAMIL NADU ,600079",SOWCARPET,CHENNAI,TAMIL NADU,600079,ACTIVE,Operative,01/08/2025,Gold & Silver Both Hallmarking,Assaying & Hallmarking,https://www.manakonline.in/MANAK/AHCListForWebsite
HALLMARKING,HM-01471,,1122,AHC-SRO-RAHC-R-6023203,NEW VINTEK HALLMARK TESTING CENTRE,SRO/RAHC/R-6023203,"NEW NO.25, OLD NO.10,1ST FLOOR,Rameswaram Street, T Nagar, Chennai, CHENNAI, THYGARAYANAGAR, TAMIL NADU ,600017",THYGARAYANAGAR,CHENNAI,TAMIL NADU,600017,ACTIVE,Operative,14/09/2026,Gold & Silver Both Hallmarking,Assaying & Hallmarking,https://www.manakonline.in/MANAK/AHCListForWebsite
HALLMARKING,HM-01472,,1123,AHC-SRO-RAHC-R-6023229,Green Gem Testings India Private Limited UNIT III,SRO/RAHC/R-6023229,"No.8,Pazhamathur,Uthiramerur main Road,Natarajapuram,Madurantakam Taluk,Bukkathurai, CHENGALPATTU, CHENGALPATTU, TAMIL NADU ,603308",CHENGALPATTU,CHENGALPATTU,TAMIL NADU,603308,ACTIVE,Operative,10/03/2028,"Yellow Gold,White Gold Nickel based,Silver,Gold & Silver Both Hallmarking",Assaying & Hallmarking,https://www.manakonline.in/MANAK/AHCListForWebsite
HALLMARKING,HM-01473,,1124,AHC-SRO-RAHC-R-6023357,SURAAJ HALLMARKING CENTRE,SRO/RAHC/R-6023357,"3rd Floor, Shop No.T-1, New No.145, Old No. 71,NSC Bose Road, Sowcarpet, VOC Nagar, Chennai, CHENNAI, SOWCARPET, TAMIL NADU ,600079",SOWCARPET,CHENNAI,TAMIL NADU,600079,ACTIVE,Operative,09/06/2028,Yellow Gold Hallmarking,Assaying & Hallmarking,https://www.manakonline.in/MANAK/AHCListForWebsite
HALLMARKING,HM-01474,,1125,AHC-SRO-RAHC-R-6023385,SURABI ASSAYING AND HALLMARKING CENTRE,SRO/RAHC/R-6023385,"THIRD FLOOR, NEW No:22,OLD No:19, MURUGESAN STREETT.NAGAR, CHENNAI, THYGARAYANAGAR, TAMIL NADU ,600017",THYGARAYANAGAR,CHENNAI,TAMIL NADU,600017,ACTIVE,Operative,04/01/2029,Yellow Gold Hallmarking,Assaying & Hallmarking,https://www.manakonline.in/MANAK/AHCListForWebsite
HALLMARKING,HM-01475,,1126,AHC-SRO-RAHC-R-6024160,AGNEYA HALLMARKING CENTRE,SRO/RAHC/R-6024160,"1st and 2nd Floor, N0: 23/11, Thukkaram 2nd streetT.nagar, Chennai, CHENNAI, CHENNAI, TAMIL NADU ,600017",CHENNAI,CHENNAI,TAMIL NADU,600017,SUSPENDED,Under Suspension,03/04/2028,Gold Hallmarking,Assaying & Hallmarking,https://www.manakonline.in/MANAK/AHCListForWebsite
HALLMARKING,HM-01476,,1127,AHC-SRO-RAHC-R-6024372,JP HALLMARKING CENTRE,SRO/RAHC/R-6024372,"SECOND FLOOR 111/B,THIRUVOODAL STREETTIRUVANNAMALAI, TIRUVANNAMALAI, TIRUVANNAMALAI, TAMIL NADU ,606601",TIRUVANNAMALAI,TIRUVANNAMALAI,TAMIL NADU,606601,ACTIVE,Operative,23/06/2028,Gold & Silver Both Hallmarking,Assaying & Hallmarking,https://www.manakonline.in/MANAK/AHCListForWebsite
HALLMARKING,HM-01477,,1128,AHC-SRO-RAHC-R-6024449,Ram Maaruthy Assaying and Hallmarking Centre,SRO/RAHC/R-6024449,"No:168, 1st Floor Ambalathadaiyar madam street, PONDICHERRY, PONDICHERRY, PONDICHERY ,605001",PONDICHERRY,PONDICHERRY,PONDICHERY,605001,ACTIVE,Operative,13/02/2029,Yellow Gold Hallmarking,Assaying & Hallmarking,https://www.manakonline.in/MANAK/AHCListForWebsite
HALLMARKING,HM-01478,,1129,AHC-SRO-RAHC-R-6024974,Sri Guru Ganesh Hallmarking Center,SRO/RAHC/R-6024974,"Maratha Complex,Shop No-17,3rd Floor New No.20,Old No.40,HANUMANTH RAYAN KOIL STREET, CHENNAI, SOWCARPET, TAMIL NADU ,600003",SOWCARPET,CHENNAI,TAMIL NADU,600003,ACTIVE,Operative,14/08/2029,Yellow Gold Hallmarking,Assaying & Hallmarking,https://www.manakonline.in/MANAK/AHCListForWebsite
HALLMARKING,HM-01479,,1130,AHC-SRO-RAHC-R-6025131,AADINATH HALLMARK CENTRE,SRO/RAHC/R-6025131,"1ST,12,RAMASAMY STREETCHENNAI, CHENNAI, THYGARAYANAGAR, TAMIL NADU ,600017",THYGARAYANAGAR,CHENNAI,TAMIL NADU,600017,ACTIVE,Operative,30/01/2028,Yellow Gold Hallmarking,Assaying & Hallmarking,https://www.manakonline.in/MANAK/AHCListForWebsite
HALLMARKING,HM-01480,,1131,AHC-SRO-RAHC-R-6025325,V T Hallmarking Centre,SRO/RAHC/R-6025325,"3rd Floor, No.4/18, Badri Veerasamy Lane,Sowcarpet, Chennai, Tamil Nadu-600079, CHENNAI, CHENNAI G.P.O., TAMIL NADU ,600079",CHENNAI G.P.O,CHENNAI,TAMIL NADU,600079,ACTIVE,Operative,25/09/2028,Gold Hallmarking,Assaying & Hallmarking,https://www.manakonline.in/MANAK/AHCListForWebsite
HALLMARKING,HM-01481,,1132,AHC-SRO-RAHC-R-6025343,JAYAM HALLMARKING CENTRE MVM,SRO/RAHC/R-6025343,"No.53/2, New No.104, RMS Plaza, 1st Floor, ""B"",Mahadhana Street, Mayiladuthurai, NAGAPATTINAM, MAYILADUTHURAI, TAMIL NADU ,609001",MAYILADUTHURAI,NAGAPATTINAM,TAMIL NADU,609001,ACTIVE,Operative,07/04/2028,"Gold,Yellow Gold Hallmarking",Assaying & Hallmarking,https://www.manakonline.in/MANAK/AHCListForWebsite
HALLMARKING,HM-01485,,1133,AHC-SRO-RAHC-R-6026570,SHREE DIVVYANA HALLMARKING CENTRE,SRO/RAHC/R-6026570,"Ground Floor, New No. 8B Old No. 23B,Dhandapani Street, T Nagar,Chennai, CHENNAI, THYGARAYANAGAR, TAMIL NADU ,600017",THYGARAYANAGAR,CHENNAI,TAMIL NADU,600017,ACTIVE,Operative,20/06/2025,Gold & Silver Both Hallmarking,Assaying & Hallmarking,https://www.manakonline.in/MANAK/AHCListForWebsite
HALLMARKING,HM-01488,,1134,AHC-SRO-RAHC-R-6026633,SRI NAVKAR HALLMARKING CENTRE,SRO/RAHC/R-6026633,"2nd Floor, 203,204,205,206,217VIJETHA COMPLEX,6/5THULASINGAM STREET,Is LANE,SOWC, CHENNAI, SOWCARPET, TAMIL NADU ,600079",SOWCARPET,CHENNAI,TAMIL NADU,600079,ACTIVE,Operative,11/11/2028,Gold & Silver Both Hallmarking,Assaying & Hallmarking,https://www.manakonline.in/MANAK/AHCListForWebsite
HALLMARKING,HM-01490,,1135,AHC-SRO-RAHC-R-6027764,STAR GOLD HALLMARK,SRO/RAHC/R-6027764,"FIRST FLOOR,22.DHANDAPANI STREETT.NAGAR, CHENNAI, THYGARAYANAGAR, TAMIL NADU ,600017",THYGARAYANAGAR,CHENNAI,TAMIL NADU,600017,ACTIVE,Operative,10/01/2029,Yellow Gold Hallmarking,Assaying & Hallmarking,https://www.manakonline.in/MANAK/AHCListForWebsite
HALLMARKING,HM-01492,,1136,AHC-SRO-RAHC-R-6029015,YASHMIT ASSAYING & HALLMARKING CENTER,SRO/RAHC/R-6029015,"G1 SPL, Shubhvihar Flat, 57/27 Bazullah Road,T.Nagar, CHENNAI, THYGARAYANAGAR, TAMIL NADU ,600017",THYGARAYANAGAR,CHENNAI,TAMIL NADU,600017,ACTIVE,Operative,11/07/2025,"Gold,Silver Hallmarking",Assaying & Hallmarking,https://www.manakonline.in/MANAK/AHCListForWebsite
HALLMARKING,HM-01493,,1137,AHC-SRO-RAHC-R-6114001,VETRI HALLMARK,SRO/RAHC/R-6114001,"FIRST FLOOR, NO.25D, ELLAIYAMMAN KOIL SANNATHI STREET, VIJAYAPURAM, TIRUVARUR, TIRUVARUR, TAMIL NADU ,610001",TIRUVARUR,TIRUVARUR,TAMIL NADU,610001,ACTIVE,Operative,01/01/2029,Yellow Gold Hallmarking,Assaying & Hallmarking,https://www.manakonline.in/MANAK/AHCListForWebsite
HALLMARKING,HM-01494,,1138,AHC-SRO-RAHC-R-6114083,SIDDHANATH HALLMARKING CENTRE,SRO/RAHC/R-6114083,"Ground Floor, No 38, 39 A, 39 B / 1546Bogi Lakshmana Nayakan Lane, Near Apollo Pharmacy, THANJAVUR, THANJAVUR BAZAAR, TAMIL NADU ,613001",THANJAVUR BAZAAR,THANJAVUR,TAMIL NADU,613001,ACTIVE,Operative,21/07/2029,Yellow Gold Hallmarking,Assaying & Hallmarking,https://www.manakonline.in/MANAK/AHCListForWebsite
HALLMARKING,HM-01495,,1139,AHC-SRO-RAHC-R-6120218,THANGAM HALLMARKING & ASSAYING CENTRE,SRO/RAHC/R-6120218,"NO.28/1, AVUDAIYAR KOVILROAD, ARANTHANGI, PUDUKKOTTAI, ARANTANGI, TAMIL NADU ,614616",ARANTANGI,PUDUKKOTTAI,TAMIL NADU,614616,ACTIVE,Operative,07/04/2027,"Gold,Yellow Gold Hallmarking",Assaying & Hallmarking,https://www.manakonline.in/MANAK/AHCListForWebsite
HALLMARKING,HM-01497,,1140,AHC-SRO-RAHC-R-6124142,SRI HALLMARK CENTRE,SRO/RAHC/R-6124142,"NO.99 - 1, HOSPITAL STREET,THIRUTHURAIPOONDI,, TIRUVARUR, TIRUTURAIPUNDI, TAMIL NADU ,614713",TIRUTURAIPUNDI,TIRUVARUR,TAMIL NADU,614713,ACTIVE,Operative,18/04/2028,Yellow Gold Hallmarking,Assaying & Hallmarking,https://www.manakonline.in/MANAK/AHCListForWebsite
HALLMARKING,HM-01498,,1141,AHC-SRO-RAHC-R-6125521,ROYAL HALLMARK CENTER,SRO/RAHC/R-6125521,"No.9A, Saragapani Kela Vethi, Kumbakonam,, THANJAVUR, KUMBAKONAM, TAMIL NADU ,612001",KUMBAKONAM,THANJAVUR,TAMIL NADU,612001,ACTIVE,Operative,16/04/2027,"Gold,Yellow Gold Hallmarking",Assaying & Hallmarking,https://www.manakonline.in/MANAK/AHCListForWebsite
HALLMARKING,HM-01499,,1142,AHC-SRO-RAHC-R-6125532,VETRI HALLMARKING CENTRE,SRO/RAHC/R-6125532,"FIRST FLOOR, OLD.NO.102,NEW.NO.24,T.S.NO.948, SARA, THANJAVUR, KUMBAKONAM, TAMIL NADU ,612001",KUMBAKONAM,THANJAVUR,TAMIL NADU,612001,ACTIVE,Operative,22/11/2027,Yellow Gold Hallmarking,Assaying & Hallmarking,https://www.manakonline.in/MANAK/AHCListForWebsite
HALLMARKING,HM-01501,,1143,AHC-SRO-RAHC-R-6210450,THE LOTUS ASSAY AND HALLMARKING CENTRE,SRO/RAHC/R-6210450,"GROUND FLOOR,BLDG/FLAT NO.65/66SURYA RESIDENCY,MEENAKSHIPURAM, KANYAKUMARI, PUTHERI, TAMIL NADU ,629001",PUTHERI,KANYAKUMARI,TAMIL NADU,629001,ACTIVE,Operative,20/05/2027,Yellow Gold Hallmarking,Assaying & Hallmarking,https://www.manakonline.in/MANAK/AHCListForWebsite
HALLMARKING,HM-01502,,1144,AHC-SRO-RAHC-R-6210773,SA HALLMARKING CENTRE,SRO/RAHC/R-6210773,"237/2,SECOND FLOOR,POLICE STATION ROADMEENAKSHIPURAM, KANYAKUMARI, NAGERCOIL BAZAAR, TAMIL NADU ,629001",NAGERCOIL BAZAAR,KANYAKUMARI,TAMIL NADU,629001,ACTIVE,Operative,12/03/2029,Yellow Gold Hallmarking,Assaying & Hallmarking,https://www.manakonline.in/MANAK/AHCListForWebsite
HALLMARKING,HM-01503,,1145,AHC-SRO-RAHC-R-6211325,SANKARAGOMATHI HALL MARK CENTER,SRO/RAHC/R-6211325,"No.12, Sankar Nagar,1st Street, Sankarankoil, Tenkasi, TENKASI, TENKASI, TAMIL NADU ,627756",TENKASI,TENKASI,TAMIL NADU,627756,ACTIVE,Operative,03/03/2027,"Gold,Yellow Gold Hallmarking",Assaying & Hallmarking,https://www.manakonline.in/MANAK/AHCListForWebsite
HALLMARKING,HM-01504,,1146,AHC-SRO-RAHC-R-6211757,SRI MATHURA HALLMARKING,SRO/RAHC/R-6211757,"50-A/2, SOUTH SAMBANTHA MOORTHY STREETTHOOTHUKUDI, THOOTHUKUDI, TUTICORIN, TAMIL NADU ,628002",TUTICORIN,THOOTHUKUDI,TAMIL NADU,628002,ACTIVE,Operative,15/11/2027,Gold Hallmarking,Assaying & Hallmarking,https://www.manakonline.in/MANAK/AHCListForWebsite
HALLMARKING,HM-01505,,1147,AHC-SRO-RAHC-R-6212671,SHYAM HALLMARK CENTRE,SRO/RAHC/R-6212671,"GROUND FLOOR, 248, V.O.C. STREET, TIRUNELVELI TOWN, TIRUNELVELI, TIRUNELVELI TOWN, TAMIL NADU ,627006",TIRUNELVELI TOWN,TIRUNELVELI,TAMIL NADU,627006,ACTIVE,Operative,18/08/2028,Yellow Gold Hallmarking,Assaying & Hallmarking,https://www.manakonline.in/MANAK/AHCListForWebsite
HALLMARKING,HM-01506,,1148,AHC-SRO-RAHC-R-6214238,SHREE SIVASAI HALLMARKING CENTRE,SRO/RAHC/R-6214238,"35A,FIRST FLOORSOUTH AVANI MOOLA STREET, MADURAI, MADURAI, TAMIL NADU ,625001",MADURAI,MADURAI,TAMIL NADU,625001,ACTIVE,Operative,09/03/2029,Yellow Gold Hallmarking,Assaying & Hallmarking,https://www.manakonline.in/MANAK/AHCListForWebsite
HALLMARKING,HM-01509,,1149,AHC-SRO-RAHC-R-6215078,JAYAM HALLMARKING CENTRE,SRO/RAHC/R-6215078,"1ST FLOOR C, OLD NO.3, NEW NO.5,SUNNAMBUKAARA STREET,BIG BAZAAR ROAD,, TIRUCHIRAPPALLI, TIRUCHIRAPPALLI, TAMIL NADU ,620008",TIRUCHIRAPPALLI,TIRUCHIRAPPALLI,TAMIL NADU,620008,ACTIVE,Operative,02/02/2029,"Gold,Yellow Gold Hallmarking",Assaying & Hallmarking,https://www.manakonline.in/MANAK/AHCListForWebsite
HALLMARKING,HM-01510,,1150,AHC-SRO-RAHC-R-6215245,SHRI SAROCHELL HALLMARKING PRIVATE LIMITED,SRO/RAHC/R-6215245,"PALAYAMKOTTAI ROAD,MEENAKSHIPURAM, THOOTHUKUDI, MELUR TUTICORIN, TAMIL NADU ,628002",MELUR TUTICORIN,THOOTHUKUDI,TAMIL NADU,628002,ACTIVE,Operative,05/04/2029,Gold Hallmarking,Assaying & Hallmarking,https://www.manakonline.in/MANAK/AHCListForWebsite
HALLMARKING,HM-01511,,1151,AHC-SRO-RAHC-R-6215393,LAKSHMI HALLMARK & TESTING CENTER,SRO/RAHC/R-6215393,"FIRST FLOOR, NO. 6-39/2, P.P.K. BUILDING,MAIN ROAD, MARTHANDAM, KANYAKUMARI., KANYAKUMARI, MARTHANDAM, TAMIL NADU ,629165",MARTHANDAM,KANYAKUMARI,TAMIL NADU,629165,ACTIVE,Operative,24/01/2028,Yellow Gold Hallmarking,Assaying & Hallmarking,https://www.manakonline.in/MANAK/AHCListForWebsite
HALLMARKING,HM-01513,,1152,AHC-SRO-RAHC-R-6216142,THE EMERALD HALLMARKING CENTRE,SRO/RAHC/R-6216142,"FIRST FLOOR,122 C/1,SOUTH AVANI MOOLA STREETMADURAI, MADURAI, MADURAI, TAMIL NADU ,625001",MADURAI,MADURAI,TAMIL NADU,625001,ACTIVE,Operative,02/06/2027,Gold Hallmarking,Assaying & Hallmarking,https://www.manakonline.in/MANAK/AHCListForWebsite
HALLMARKING,HM-01514,,1153,AHC-SRO-RAHC-R-6216815,Prakidi Assay & Hallmark Centre,SRO/RAHC/R-6216815,"199/25, 1st Floor, MPM ComplexSwami Vivekanandar Salai, RAMANATHAPURAM, RAMANATHAPURAM BAZAAR, TAMIL NADU ,623501",RAMANATHAPURAM BAZAAR,RAMANATHAPURAM,TAMIL NADU,623501,ACTIVE,Operative,07/05/2028,Gold Hallmarking,Assaying & Hallmarking,https://www.manakonline.in/MANAK/AHCListForWebsite
HALLMARKING,HM-01515,,1154,AHC-SRO-RAHC-R-6217141,SRI BHUVANESVARI GOLD TESTING AND HALLMARK CENTRE,SRO/RAHC/R-6217141,"FIRST FLOOR, T.S.No.2630EAST MAIN STREET, PUDUKKOTTAI- 622001, PUDUKKOTTAI, PUDUKKOTTAI, TAMIL NADU ,622001",PUDUKKOTTAI,PUDUKKOTTAI,TAMIL NADU,622001,ACTIVE,Operative,25/02/2027,Yellow Gold Hallmarking,Assaying & Hallmarking,https://www.manakonline.in/MANAK/AHCListForWebsite
HALLMARKING,HM-01516,,1155,AHC-SRO-RAHC-R-6217195,SARAS HALLMARK CENTER OPC PRIVATE LIMITED,SRO/RAHC/R-6217195,"4/35B/4, T.R.SONS, AYNIVILAI, POONALUMOODU, KARUNGAL, KANYAKUMARI, KARINKAL, TAMIL NADU ,629157",KARINKAL,KANYAKUMARI,TAMIL NADU,629157,ACTIVE,Operative,06/08/2029,Yellow Gold Hallmarking,Assaying & Hallmarking,https://www.manakonline.in/MANAK/AHCListForWebsite
HALLMARKING,HM-01517,,1156,AHC-SRO-RAHC-R-6217463,SREE VAARI HALLMARKING,SRO/RAHC/R-6217463,"FIRST AND SECOND FLOOR, NO 6, KANSA MEETU STREET,KANSA MEETU STREET, MADURAI, MADURAI BAZAAR, TAMIL NADU ,625001",MADURAI BAZAAR,MADURAI,TAMIL NADU,625001,ACTIVE,Operative,10/10/2026,Gold Hallmarking,Assaying & Hallmarking,https://www.manakonline.in/MANAK/AHCListForWebsite
HALLMARKING,HM-01518,,1157,AHC-SRO-RAHC-R-6218148,SANGAM HALLMARKING CENTRE,SRO/RAHC/R-6218148,"No.136, First floor, Periya Kadai Veethi, TIRUCHIRAPPALLI, TIRUCHIRAPPALLI TOWNHALL, TAMIL NADU ,620008",TIRUCHIRAPPALLI TOWNHALL,TIRUCHIRAPPALLI,TAMIL NADU,620008,ACTIVE,Operative,14/06/2029,Yellow Gold Hallmarking,Assaying & Hallmarking,https://www.manakonline.in/MANAK/AHCListForWebsite
HALLMARKING,HM-01520,,1158,AHC-SRO-RAHC-R-6218960,KKS HALLMARKING CENTER,SRO/RAHC/R-6218960,"1 ST FLOOR3, 34 BIG CHETTY STREETBIG BAZAAR, TIRUCHIRAPPALLI, TIRUCHIRAPPALLI, TAMIL NADU ,620008",TIRUCHIRAPPALLI,TIRUCHIRAPPALLI,TAMIL NADU,620008,ACTIVE,Operative,26/04/2027,Gold & Silver Both Hallmarking,Assaying & Hallmarking,https://www.manakonline.in/MANAK/AHCListForWebsite
HALLMARKING,HM-01521,,1159,AHC-SRO-RAHC-R-6219727,Chakra Hallmarking Centre,SRO/RAHC/R-6219727,"No.1, Sundara Street, Pettai, Kadayanallur., TENKASI, TENKASI, TAMIL NADU ,627751",TENKASI,TENKASI,TAMIL NADU,627751,ACTIVE,Operative,03/05/2029,Yellow Gold Hallmarking,Assaying & Hallmarking,https://www.manakonline.in/MANAK/AHCListForWebsite
HALLMARKING,HM-01522,,1160,AHC-SRO-RAHC-R-6220278,SRIRAM ASSAY AND HALLMARKING CENTRE,SRO/RAHC/R-6220278,"No.66, First Floor, Manjanakara Street,Madurai625001, Tamil Nadu, MADURAI, MADURAI, TAMIL NADU ,625001",MADURAI,MADURAI,TAMIL NADU,625001,ACTIVE,Operative,24/09/2028,Gold & Silver Both Hallmarking,Assaying & Hallmarking,https://www.manakonline.in/MANAK/AHCListForWebsite
HALLMARKING,HM-01523,,1161,AHC-SRO-RAHC-R-6221181,RAMAJEYAM ASSAY AND HALLMARKING,SRO/RAHC/R-6221181,"1ST AND 2ND FLOOR, 7, Thottiyan Kinatru Street,MSP Navaneethan and Company,SOUTH AVANI MOOLA ST, MADURAI, MADURAI, TAMIL NADU ,625001",MADURAI,MADURAI,TAMIL NADU,625001,ACTIVE,Operative,08/11/2026,"Gold,Yellow Gold Hallmarking",Assaying & Hallmarking,https://www.manakonline.in/MANAK/AHCListForWebsite
HALLMARKING,HM-01527,,1162,AHC-SRO-RAHC-R-6222140,SHREE RAKSHA HALLMARKING CENTRE,SRO/RAHC/R-6222140,"1st & 2nd Floor, Old No.11/5, New No.22 Thiruvalluvar Street, Meenakshipuram,Nagercoil, Kanniyakumari, Tamilnadu - 629001, KANYAKUMARI, NAGERCOIL, TAMIL NADU ,629001",NAGERCOIL,KANYAKUMARI,TAMIL NADU,629001,ACTIVE,Operative,29/06/2029,Yellow Gold Hallmarking,Assaying & Hallmarking,https://www.manakonline.in/MANAK/AHCListForWebsite
HALLMARKING,HM-01528,,1163,AHC-SRO-RAHC-R-6222417,KKS HALLMARKINGS,SRO/RAHC/R-6222417,"FIRST FLOOR, 47, CHINNAKADAI STREET, OPP ROCKFORTTIRUCHIRAPPALLI, TIRUCHIRAPPALLI, TIRUCHIRAPPALLI, TAMIL NADU ,620002",TIRUCHIRAPPALLI,TIRUCHIRAPPALLI,TAMIL NADU,620002,ACTIVE,Operative,28/12/2028,Yellow Gold Hallmarking,Assaying & Hallmarking,https://www.manakonline.in/MANAK/AHCListForWebsite
HALLMARKING,HM-01530,,1164,AHC-SRO-RAHC-R-6224623,SRI ASSAYING & HALLMARK CENTER,SRO/RAHC/R-6224623,"GROUND FLOOR, 97A, WHITE BETAL STREET, BIG BAZAAR,TIRUCHIRAPPALLI, TAMILNADU, 620008, TIRUCHIRAPPALLI, TIRUCHIRAPPALLI, TAMIL NADU ,620008",TIRUCHIRAPPALLI,TIRUCHIRAPPALLI,TAMIL NADU,620008,ACTIVE,Operative,22/12/2027,Yellow Gold Hallmarking,Assaying & Hallmarking,https://www.manakonline.in/MANAK/AHCListForWebsite
HALLMARKING,HM-01531,,1165,AHC-SRO-RAHC-R-6225571,Acharyaa Assying & Hallmarking,SRO/RAHC/R-6225571,"NO.52,R.N.SENTHILKUMAR NAGAI MALIGAL BUILDING, RAMANATHAPURAM, RAMANATHAPURAM BAZAAR, TAMIL NADU ,623501",RAMANATHAPURAM BAZAAR,RAMANATHAPURAM,TAMIL NADU,623501,ACTIVE,Operative,14/01/2028,Gold Hallmarking,Assaying & Hallmarking,https://www.manakonline.in/MANAK/AHCListForWebsite
HALLMARKING,HM-01532,,1166,AHC-SRO-RAHC-R-6225589,ESHA HALLMARK CENTRE,SRO/RAHC/R-6225589,"1 ST FLOOR ,51-AMADURAI MAIN ROAD THENI, THENI, THENI, TAMIL NADU ,625531",THENI,THENI,TAMIL NADU,625531,ACTIVE,Operative,11/07/2027,Yellow Gold Hallmarking,Assaying & Hallmarking,https://www.manakonline.in/MANAK/AHCListForWebsite
HALLMARKING,HM-01533,,1167,AHC-SRO-RAHC-R-6226225,Vijay Hallmarking Centre,SRO/RAHC/R-6226225,"16, Kansamettu Street, Madurai, MADURAI, , TAMIL NADU ,625001",MADURAI,Madurai,TAMIL NADU,625001,ACTIVE,Operative,02/08/2028,Gold & Silver Both Hallmarking,Assaying & Hallmarking,https://www.manakonline.in/MANAK/AHCListForWebsite
HALLMARKING,HM-01534,,1168,AHC-SRO-RAHC-R-6226946,Sridhar Hallmarking Centre,SRO/RAHC/R-6226946,"First Floor47K5,47K6,Katcheri Street, Dindigul, DINDIGUL, DINDIGUL FORT, TAMIL NADU ,624001",DINDIGUL FORT,DINDIGUL,TAMIL NADU,624001,ACTIVE,Operative,17/07/2027,Yellow Gold Hallmarking,Assaying & Hallmarking,https://www.manakonline.in/MANAK/AHCListForWebsite
HALLMARKING,HM-01535,,1169,AHC-SRO-RAHC-R-6227316,Shree Ganapathi Hallmarking,SRO/RAHC/R-6227316,"FIRSTFLOOR,10/FF/4,JASVINPLAZA,CHINNAKADAISTREET,Tiruchirappalli,Tiruchirappalli,Tamil Nad FIRSTFLOOR,10/FF/4,JASVINPLAZA,CHINNAKADAISTREET,Tiruchirappalli,Tiruchirappalli,Tamil Nad, TIRUCHIRAPPALLI, TIRUCHIRAPPALLI, TAMIL NADU ,620002",TIRUCHIRAPPALLI,TIRUCHIRAPPALLI,TAMIL NADU,620002,ACTIVE,Operative,10/05/2029,Yellow Gold Hallmarking,Assaying & Hallmarking,https://www.manakonline.in/MANAK/AHCListForWebsite
HALLMARKING,HM-01538,,1170,AHC-SRO-RAHC-R-6227961,J AND J ASSAYING UNIT,SRO/RAHC/R-6227961,"No.87A,SUNNAMBUKARA STREET,BIG BAZAAR, TIRUCHIRAPPALLI, TIRUCHIRAPPALLI, TAMIL NADU ,620008",TIRUCHIRAPPALLI,TIRUCHIRAPPALLI,TAMIL NADU,620008,ACTIVE,Operative,25/08/2028,"Gold,Yellow Gold Hallmarking",Assaying & Hallmarking,https://www.manakonline.in/MANAK/AHCListForWebsite
HALLMARKING,HM-01539,,1171,AHC-SRO-RAHC-R-6228326,SRI GANESH HALLMARKING CENTREE,SRO/RAHC/R-6228326,"270/2, ANNAL GANDHI ADIGAL SAALAI, RAMANATHAPURAM, RAMANATHAPURAM, TAMIL NADU ,623501",RAMANATHAPURAM,RAMANATHAPURAM,TAMIL NADU,623501,ACTIVE,Operative,06/11/2026,Gold Hallmarking,Assaying & Hallmarking,https://www.manakonline.in/MANAK/AHCListForWebsite
HALLMARKING,HM-01540,,1172,AHC-SRO-RAHC-R-6228544,RAM SRI ASSAYING & HALLMARKING CENTER,SRO/RAHC/R-6228544,"452E/17,452E/18 ,SRIMATHI AAUDAI AMMAL COMPLEXHIGHWAY ROAD, THISAIYANVILAI, TIRUNELVELI, TISAYANVILLAI, TAMIL NADU ,627657",TISAYANVILLAI,TIRUNELVELI,TAMIL NADU,627657,ACTIVE,Operative,10/05/2028,Yellow Gold Hallmarking,Assaying & Hallmarking,https://www.manakonline.in/MANAK/AHCListForWebsite
HALLMARKING,HM-01541,,1173,AHC-SRO-RAHC-R-6228544-O1-,RAM SRI ASSAYING & HALLMARKING CENTER,SRO/RAHC/R-6228544(O1),"452E/17,452E/18 ,SRIMATHI AAUDAI AMMAL COMPLEXHIGHWAY ROAD, THISAIYANVILAI, TIRUNELVELI, TISAYANVILLAI, TAMIL NADU ,627657",TISAYANVILLAI,TIRUNELVELI,TAMIL NADU,627657,ACTIVE,Operative,10/05/2028,Yellow Gold Hallmarking,Assaying & Hallmarking,https://www.manakonline.in/MANAK/AHCListForWebsite
HALLMARKING,HM-01542,,1174,AHC-SRO-RAHC-R-6229249,Nisha Assay & Hallmarking Centre,SRO/RAHC/R-6229249,"99/29, Swami Sannathi Street, TIRUNELVELI, TENKASI, TAMIL NADU ,627811",TENKASI,TIRUNELVELI,TAMIL NADU,627811,ACTIVE,Operative,26/10/2027,Gold Hallmarking,Assaying & Hallmarking,https://www.manakonline.in/MANAK/AHCListForWebsite
HALLMARKING,HM-01543,,1175,AHC-SRO-RAHC-R-6229252,Raksha Assay & Hallmarking Centre,SRO/RAHC/R-6229252,"42, Koolakadai Bazar, TIRUNELVELI, TIRUNELVELI TOWN, TAMIL NADU ,627006",TIRUNELVELI TOWN,TIRUNELVELI,TAMIL NADU,627006,ACTIVE,Operative,22/09/2028,Gold Hallmarking,Assaying & Hallmarking,https://www.manakonline.in/MANAK/AHCListForWebsite
HALLMARKING,HM-01544,,1176,AHC-SRO-RAHC-R-6229522,SRI SUN ASSAYING & HALLMARKING CENTRE,SRO/RAHC/R-6229522,"31G, Ist FLOOR, A V VAIRAM COMPLEXSOUTH AVANI MOLA STREET, MADURAI, MADURAI, TAMIL NADU ,625001",MADURAI,MADURAI,TAMIL NADU,625001,ACTIVE,Operative,22/07/2028,Yellow Gold Hallmarking,Assaying & Hallmarking,https://www.manakonline.in/MANAK/AHCListForWebsite
HALLMARKING,HM-01545,,1177,AHC-SRO-RAHC-R-6310089,SRI BALAJI ASSAYING AND HALLMARK,SRO/RAHC/R-6310089,"285 - N VENKATESHWARA COMPLEX BANGALUR ROAD285 - N VENKATESHWARA COMPLEX BANGALUR ROAD, KRISHNAGIRI, KRISHNAGIRI, TAMIL NADU ,635001",KRISHNAGIRI,KRISHNAGIRI,TAMIL NADU,635001,ACTIVE,Operative,06/08/2029,Yellow Gold Hallmarking,Assaying & Hallmarking,https://www.manakonline.in/MANAK/AHCListForWebsite
HALLMARKING,HM-01546,,1178,AHC-SRO-RAHC-R-6311658,Saai Krishna Hallmarking,SRO/RAHC/R-6311658,"150/9 , PLOT NO 15, 4TH CROSS NTR NAGARESI RING ROAD,MOOKONDAPALLI,HOSUR, KRISHNAGIRI, HOSUR EAST, TAMIL NADU ,635126",HOSUR EAST,KRISHNAGIRI,TAMIL NADU,635126,ACTIVE,Operative,10/10/2027,"Yellow Gold,White Gold Nickel based Hallmarking",Assaying & Hallmarking,https://www.manakonline.in/MANAK/AHCListForWebsite
HALLMARKING,HM-01547,,1179,AHC-SRO-RAHC-R-6311877,KARPAGAM HALLMARK CENTRE,SRO/RAHC/R-6311877,"321-5, OMALUR MAIN ROAD,, SALEM, SALEM, TAMIL NADU ,636009",SALEM,SALEM,TAMIL NADU,636009,ACTIVE,Operative,06/08/2029,Gold & Silver Both Hallmarking,Assaying & Hallmarking,https://www.manakonline.in/MANAK/AHCListForWebsite
HALLMARKING,HM-01548,,1180,AHC-SRO-RAHC-R-6313691,Supreme Silver Hallmarking,SRO/RAHC/R-6313691,"1ST FLOOR,57,2ND AGRAHARAM, SALEM, AMMAPETTAI SALEM, TAMIL NADU ,636001",AMMAPETTAI SALEM,SALEM,TAMIL NADU,636001,ACTIVE,Operative,25/09/2025,Silver Hallmarking,Assaying & Hallmarking,https://www.manakonline.in/MANAK/AHCListForWebsite
HALLMARKING,HM-01551,,1181,AHC-SRO-RAHC-R-6314484,BOMBAY ASSAY COMPANY,SRO/RAHC/R-6314484,"First Floor, Plot No. 42/A4, 5th CrossSipcot Industrial Complex, Phase -1, Mookandapalli, KRISHNAGIRI, HOSUR INDL. COMPLEX, TAMIL NADU ,635126",HOSUR INDL. COMPLEX,KRISHNAGIRI,TAMIL NADU,635126,ACTIVE,Operative,29/06/2027,"Gold,Yellow Gold,White Gold Nickel based,White Gold Palladium based,All Gold Hallmarking",Assaying & Hallmarking,https://www.manakonline.in/MANAK/AHCListForWebsite
HALLMARKING,HM-01552,,1182,AHC-SRO-RAHC-R-6315552,PASUPATHEESWARAR HALLMARK CENTRE,SRO/RAHC/R-6315552,"FIRST FLOOR,207-A , G H ROAD ,JAWAHAR BAZZAR,KARUR, KARUR, KARUR, TAMIL NADU ,639001",KARUR,KARUR,TAMIL NADU,639001,ACTIVE,Operative,09/08/2029,Yellow Gold Hallmarking,Assaying & Hallmarking,https://www.manakonline.in/MANAK/AHCListForWebsite
HALLMARKING,HM-01553,,1183,AHC-SRO-RAHC-R-6316318,KAVI HALLMARKING CENTRE,SRO/RAHC/R-6316318,"35,35-A , 2ND FLOORPERIYAR STREET,SALEM, SALEM, SALEM, TAMIL NADU ,636001",SALEM,SALEM,TAMIL NADU,636001,ACTIVE,Operative,05/12/2027,Gold & Silver Both Hallmarking,Assaying & Hallmarking,https://www.manakonline.in/MANAK/AHCListForWebsite
HALLMARKING,HM-01554,,1184,AHC-SRO-RAHC-R-6316884,NUCLEUS ANALYTICAL LABORATORY,SRO/RAHC/R-6316884,"PLOT NO 27 SIPCOT INDUSTRIAL COMPLEXHOSUR, KRISHNAGIRI, HOSUR INDL. COMPLEX, TAMIL NADU ,635126",HOSUR INDL. COMPLEX,KRISHNAGIRI,TAMIL NADU,635126,ACTIVE,Operative,12/02/2027,Gold & Silver Both Hallmarking,Assaying & Hallmarking,https://www.manakonline.in/MANAK/AHCListForWebsite
HALLMARKING,HM-01555,,1185,AHC-SRO-RAHC-R-6317350,RUBY ASSAY & HALLMARKING CENTRE,SRO/RAHC/R-6317350,"123,PERIYAR STREETERODE, ERODE, ERODE, TAMIL NADU ,638001",ERODE,ERODE,TAMIL NADU,638001,ACTIVE,Operative,11/06/2029,Gold & Silver Both Hallmarking,Assaying & Hallmarking,https://www.manakonline.in/MANAK/AHCListForWebsite
HALLMARKING,HM-01556,,1186,AHC-SRO-RAHC-R-6317889,AURIC ASSAY CENTRE PRIVATE LIMITED,SRO/RAHC/R-6317889,"3RD FLOOR, 18/1/A, VALASA STREET,OFFICERS LINE, OPPOSITE TO MUMMY HOSPITAL,, VELLORE, VELLORE, TAMIL NADU ,632001",VELLORE,VELLORE,TAMIL NADU,632001,ACTIVE,Operative,22/10/2028,Gold & Silver Both Hallmarking,Assaying & Hallmarking,https://www.manakonline.in/MANAK/AHCListForWebsite
HALLMARKING,HM-01558,,1187,AHC-SRO-RAHC-R-6320252,SRI PALANI MURUGAN HALLMARKING CENTRE,SRO/RAHC/R-6320252,"SUN&COW BRAND AGMARK GHEE,OLD NO.878,NEW NO.352JAWAHAR BAZAR, KARUR, KARUR, TAMIL NADU ,639001",KARUR,KARUR,TAMIL NADU,639001,ACTIVE,Operative,16/02/2029,Yellow Gold Hallmarking,Assaying & Hallmarking,https://www.manakonline.in/MANAK/AHCListForWebsite
HALLMARKING,HM-01560,,1188,AHC-SRO-RAHC-R-6321160,KALA Salem Silver Hallmarking Centre,SRO/RAHC/R-6321160,"49/8, ACHI RAMAN STREET, SHEVAPETSALEM, SALEM, SHEVAPET BAZAAR, TAMIL NADU ,636002",SHEVAPET BAZAAR,SALEM,TAMIL NADU,636002,ACTIVE,Operative,18/08/2025,Silver Hallmarking,Assaying & Hallmarking,https://www.manakonline.in/MANAK/AHCListForWebsite
HALLMARKING,HM-01561,,1189,AHC-SRO-RAHC-R-6321520,KAWAD HALLMARKING CENTER,SRO/RAHC/R-6321520,"63/1, JINNA ROAD-II,TIRUPATHUR, TIRUPATHUR, TIRUPATHUR, TAMIL NADU ,635601",TIRUPATHUR,TIRUPATHUR,TAMIL NADU,635601,ACTIVE,Operative,31/01/2027,Gold Hallmarking,Assaying & Hallmarking,https://www.manakonline.in/MANAK/AHCListForWebsite
HALLMARKING,HM-01562,,1190,AHC-SRO-RAHC-R-6321614,SRI GEM GOLD TEST & HALLMARK CENTER,SRO/RAHC/R-6321614,"26/79B2, RANGAR SANNATHI STREET,NAMAKKAL, NAMAKKAL, NAMAKKAL, TAMIL NADU ,637001",NAMAKKAL,NAMAKKAL,TAMIL NADU,637001,ACTIVE,Operative,25/02/2027,Gold Hallmarking,Assaying & Hallmarking,https://www.manakonline.in/MANAK/AHCListForWebsite
HALLMARKING,HM-01563,,1191,AHC-SRO-RAHC-R-6321694,RAJKALA HALLMARKING CENTER AND ASSAY,SRO/RAHC/R-6321694,"No. 24,Subramaniyasamy Kovil StreetDharmaraja Kovil Road,, KRISHNAGIRI, KRISHNAGIRI, TAMIL NADU ,635001",KRISHNAGIRI,KRISHNAGIRI,TAMIL NADU,635001,ACTIVE,Operative,13/12/2027,Yellow Gold Hallmarking,Assaying & Hallmarking,https://www.manakonline.in/MANAK/AHCListForWebsite
HALLMARKING,HM-01564,,1192,AHC-SRO-RAHC-R-6322963,SHREE VIJAY HALLMARK CENTRE,SRO/RAHC/R-6322963,"FIRST FLOOR, 214-B, OPP: DR. SUDHAKAR ENT CLINIC, SRI ARDHANARI NAGAR,NEAR NEW BUS STAND, SALEM, SALEM, SALEM, TAMIL NADU ,636004",SALEM,SALEM,TAMIL NADU,636004,ACTIVE,Operative,18/07/2025,Gold & Silver Both Hallmarking,Assaying & Hallmarking,https://www.manakonline.in/MANAK/AHCListForWebsite
HALLMARKING,HM-01566,,1193,AHC-SRO-RAHC-R-6325708,SRR Hallmarking & Assaying Centre,SRO/RAHC/R-6325708,"NO.27/5, Thanikachalam StreetArnipalayam, Arni, TIRUVANNAMALAI, ARNI, TAMIL NADU ,632301",ARNI,TIRUVANNAMALAI,TAMIL NADU,632301,ACTIVE,Operative,03/03/2028,"Yellow Gold,Silver Hallmarking",Assaying & Hallmarking,https://www.manakonline.in/MANAK/AHCListForWebsite
HALLMARKING,HM-01567,,1194,AHC-SRO-RAHC-R-6325708-O1-,SRR Hallmarking & Assaying Centre,SRO/RAHC/R-6325708(O1),"NO.27/5, Thanikachalam StreetArnipalayam, Arni, TIRUVANNAMALAI, ARNI, TAMIL NADU ,632301",ARNI,TIRUVANNAMALAI,TAMIL NADU,632301,ACTIVE,Operative,03/03/2028,"Yellow Gold,Silver Hallmarking",Assaying & Hallmarking,https://www.manakonline.in/MANAK/AHCListForWebsite
HALLMARKING,HM-01568,,1195,AHC-SRO-RAHC-R-6326946,PARIYUR AMMAN HALLMARK CENTRE,SRO/RAHC/R-6326946,"98/A, FIRST FLOOR , GDS NEST ,CUTCHERRY STREET,GOBICHETTIPALAYAM, ERODE, GOBICHETTIPALAYAM, TAMIL NADU ,638452",GOBICHETTIPALAYAM,ERODE,TAMIL NADU,638452,ACTIVE,Operative,12/05/2028,Gold & Silver Both Hallmarking,Assaying & Hallmarking,https://www.manakonline.in/MANAK/AHCListForWebsite
HALLMARKING,HM-01570,,1196,AHC-SRO-RAHC-R-6329180,SHRI OM HALLMARK CENTRE,SRO/RAHC/R-6329180,"86, P R SRINIVASAN STREET, DHARMAPURI,, DHARMAPURI, DHARMAPURI, TAMIL NADU ,636701",DHARMAPURI,DHARMAPURI,TAMIL NADU,636701,ACTIVE,Operative,18/07/2025,Yellow Gold Hallmarking,Assaying & Hallmarking,https://www.manakonline.in/MANAK/AHCListForWebsite
HALLMARKING,HM-01572,,1197,AHC-SRO-RAHC-R-6410836,Green Gem Testings India Private Limited Unit II,SRO/RAHC/R-6410836,"No.300,Rackipalayam Pirivu,NSN Palayam,CBE-31No.300,Rackipalayam Pirivu,NSN Palayam,CBE-31, COIMBATORE, COIMBATORE, TAMIL NADU ,641031",COIMBATORE,COIMBATORE,TAMIL NADU,641031,ACTIVE,Operative,23/05/2029,Gold Hallmarking,Assaying & Hallmarking,https://www.manakonline.in/MANAK/AHCListForWebsite
HALLMARKING,HM-01573,,1198,AHC-SRO-RAHC-R-6411842,ROYAL ASSAY AND HALLMARKING CENTRE PVT LTD,SRO/RAHC/R-6411842,"1ST FLOOR, 270-271, RAJA STREET, COIMBATORE, COIMBATORE, TAMIL NADU ,641001",COIMBATORE,COIMBATORE,TAMIL NADU,641001,ACTIVE,Operative,28/04/2028,Yellow Gold Hallmarking,Assaying & Hallmarking,https://www.manakonline.in/MANAK/AHCListForWebsite
HALLMARKING,HM-01574,,1199,AHC-SRO-RAHC-R-6413596,AKSHAYA ASSAY & HALLMARK CENTRE,SRO/RAHC/R-6413596,"Old No-364-372, New No- 315, Raja StreetOpposite Sangara Madam, COIMBATORE, COIMBATORE, TAMIL NADU ,641001",COIMBATORE,COIMBATORE,TAMIL NADU,641001,ACTIVE,Operative,01/11/2026,Yellow Gold Hallmarking,Assaying & Hallmarking,https://www.manakonline.in/MANAK/AHCListForWebsite
HALLMARKING,HM-01575,,1200,AHC-SRO-RAHC-R-6413605,UNNAMULAI ASSAYING HALLMARKING CENTER,SRO/RAHC/R-6413605,"NO.470-472/1-3, BIG BAZAAR STREETCOIMBATORE, COIMBATORE, COIMBATORE, TAMIL NADU ,641001",COIMBATORE,COIMBATORE,TAMIL NADU,641001,ACTIVE,Operative,04/09/2027,"Gold,Yellow Gold Hallmarking",Assaying & Hallmarking,https://www.manakonline.in/MANAK/AHCListForWebsite
HALLMARKING,HM-01577,,1201,AHC-SRO-RAHC-R-6414447,G G HALLMARKING CENTRE,SRO/RAHC/R-6414447,"GROUND FLOOR, 120/2,3,4, KARUPPIAH STREET, COIMBATORE, COIMBATORE, TAMIL NADU ,641001",COIMBATORE,COIMBATORE,TAMIL NADU,641001,ACTIVE,Operative,17/07/2029,Gold & Silver Both Hallmarking,Assaying & Hallmarking,https://www.manakonline.in/MANAK/AHCListForWebsite
HALLMARKING,HM-01579,,1202,AHC-SRO-RAHC-R-6414843,VISHWA HALLMARKING PRIVATE LIMITED,SRO/RAHC/R-6414843,"587-591, BIG BAZAAR STREET, COIMBATORE, COIMBATORE CENTRAL, TAMIL NADU ,641001",COIMBATORE CENTRAL,COIMBATORE,TAMIL NADU,641001,ACTIVE,Operative,22/06/2029,Yellow Gold Hallmarking,Assaying & Hallmarking,https://www.manakonline.in/MANAK/AHCListForWebsite
HALLMARKING,HM-01580,,1203,AHC-SRO-RAHC-R-6416030,PURE ATHIRA ASSAY AND HALLMARKING CENTRE,SRO/RAHC/R-6416030,"#165, 9th cross cutt road , gandhipuram, COIMBATORE, GANDHIPURAM (COIMBATORE), TAMIL NADU ,641012",GANDHIPURAM (COIMBATORE),COIMBATORE,TAMIL NADU,641012,ACTIVE,Operative,24/09/2026,"Gold,Silver Hallmarking",Assaying & Hallmarking,https://www.manakonline.in/MANAK/AHCListForWebsite
HALLMARKING,HM-01581,,1204,AHC-SRO-RAHC-R-6416196,SRI SAKTHI HALLMARKING CENTRE,SRO/RAHC/R-6416196,"137, SULLIVAN STREET, COIMBATORE, COIMBATORE, TAMIL NADU ,641001",COIMBATORE,COIMBATORE,TAMIL NADU,641001,ACTIVE,Operative,19/03/2027,Gold Hallmarking,Assaying & Hallmarking,https://www.manakonline.in/MANAK/AHCListForWebsite
HALLMARKING,HM-01582,,1205,AHC-SRO-RAHC-R-6416214,MAHASAKTHI HALLMARKING,SRO/RAHC/R-6416214,"No.213, 1st FLOOR, THOMAS STREET, SUBBAYA STREETCLOIMBATORE, COIMBATORE, COIMBATORE, TAMIL NADU ,641001",COIMBATORE,COIMBATORE,TAMIL NADU,641001,ACTIVE,Operative,18/07/2028,Yellow Gold Hallmarking,Assaying & Hallmarking,https://www.manakonline.in/MANAK/AHCListForWebsite
HALLMARKING,HM-01583,,1206,AHC-SRO-RAHC-R-6416373,VLN ASSAY & HALLMARKING PRIVATE LIMITED,SRO/RAHC/R-6416373,"4th FLOOR, NO. 110, FLAT NO. F2, SADASIVAM TOWERSMECRIKKAR ROAD, COIMBATORE, RATHINASABAPATHY PURAM, TAMIL NADU ,641002",RATHINASABAPATHY PURAM,COIMBATORE,TAMIL NADU,641002,ACTIVE,Operative,17/08/2029,Gold Hallmarking,Assaying & Hallmarking,https://www.manakonline.in/MANAK/AHCListForWebsite
HALLMARKING,HM-01584,,1207,AHC-SRO-RAHC-R-6417790,RIDDHI SIDDHI HALLMARKS,SRO/RAHC/R-6417790,"323/A-6, Kumaran Complex, First FloorRaja Street, COIMBATORE, COIMBATORE, TAMIL NADU ,641001",COIMBATORE,COIMBATORE,TAMIL NADU,641001,ACTIVE,Operative,05/11/2028,Gold & Silver Both Hallmarking,Assaying & Hallmarking,https://www.manakonline.in/MANAK/AHCListForWebsite
HALLMARKING,HM-01585,,1208,AHC-SRO-RAHC-R-6417906,MAHA HALLMARK CENTRE,SRO/RAHC/R-6417906,"585, BIG BAZAAR STREETCOIMBATORE, COIMBATORE, COIMBATORE BAZAAR, TAMIL NADU ,641001",COIMBATORE BAZAAR,COIMBATORE,TAMIL NADU,641001,ACTIVE,Operative,11/02/2027,Yellow Gold Hallmarking,Assaying & Hallmarking,https://www.manakonline.in/MANAK/AHCListForWebsite
HALLMARKING,HM-01586,,1209,AHC-SRO-RAHC-R-6418664,Karthik Hallmarks,SRO/RAHC/R-6418664,"312 C, P K S BUILDING, EDAYAR STREET, COIMBATORE,, COIMBATORE, COIMBATORE CENTRAL, TAMIL NADU ,641001",COIMBATORE CENTRAL,COIMBATORE,TAMIL NADU,641001,ACTIVE,Operative,04/10/2026,Gold & Silver Both Hallmarking,Assaying & Hallmarking,https://www.manakonline.in/MANAK/AHCListForWebsite
HALLMARKING,HM-01587,,1210,AHC-SRO-RAHC-R-6418991,PRINCE HALLMARKING AND REFINERY PRIVATE LIMITED,SRO/RAHC/R-6418991,"DOOR NO: 12-13, PAVALAM STREET 1, 1ST FLOORCOIMBATORE-641001, TAMIL NADU, COIMBATORE, COIMBATORE, TAMIL NADU ,641001",COIMBATORE,COIMBATORE,TAMIL NADU,641001,ACTIVE,Operative,11/06/2029,Gold & Silver Both Hallmarking,Assaying & Hallmarking,https://www.manakonline.in/MANAK/AHCListForWebsite
HALLMARKING,HM-01588,,1211,AHC-SRO-RAHC-R-6419406,MARUTHI HALLMARK,SRO/RAHC/R-6419406,"No.549/1, Thiyagaraja Towers,Thadagam Road, Near Gandhi Park, COIMBATORE, COIMBATORE, TAMIL NADU ,641001",COIMBATORE,COIMBATORE,TAMIL NADU,641001,ACTIVE,Operative,17/05/2029,Gold Hallmarking,Assaying & Hallmarking,https://www.manakonline.in/MANAK/AHCListForWebsite
HALLMARKING,HM-01589,,1212,AHC-SRO-RAHC-R-6421361,Aurum Hallmark Centre,SRO/RAHC/R-6421361,"273, First floor, Karuppa Gounder StreetAbove Vasantha Pharmacy, COIMBATORE, COIMBATORE BAZAAR, TAMIL NADU ,641001",COIMBATORE BAZAAR,COIMBATORE,TAMIL NADU,641001,ACTIVE,Operative,23/06/2028,Gold Hallmarking,Assaying & Hallmarking,https://www.manakonline.in/MANAK/AHCListForWebsite
HALLMARKING,HM-01592,,1213,AHC-SRO-RAHC-R-6422040,MANASVI HALLMARKING CENTER,SRO/RAHC/R-6422040,"NO.140E, KARUPPANNA STREET, COIMBATORE, COIMBATORE, TAMIL NADU ,641001",COIMBATORE,COIMBATORE,TAMIL NADU,641001,ACTIVE,Operative,08/09/2025,Yellow Gold Hallmarking,Assaying & Hallmarking,https://www.manakonline.in/MANAK/AHCListForWebsite
HALLMARKING,HM-01593,,1214,AHC-SRO-RAHC-R-6422372,UNIQUE HALLMARKING,SRO/RAHC/R-6422372,"First Floor No-20Pattakkaran Ayyasamy Koil Street, COIMBATORE, COIMBATORE, TAMIL NADU ,641001",COIMBATORE,COIMBATORE,TAMIL NADU,641001,ACTIVE,Operative,18/02/2027,Yellow Gold Hallmarking,Assaying & Hallmarking,https://www.manakonline.in/MANAK/AHCListForWebsite
HALLMARKING,HM-01596,,1215,AHC-SRO-RAHC-R-6423139,SRI KRIYA HALLMARK AND LAB,SRO/RAHC/R-6423139,"521,VAISHAL STREETCOIMBATORE, COIMBATORE, COIMBATORE, TAMIL NADU ,641001",COIMBATORE,COIMBATORE,TAMIL NADU,641001,ACTIVE,Operative,23/06/2028,Yellow Gold Hallmarking,Assaying & Hallmarking,https://www.manakonline.in/MANAK/AHCListForWebsite
HALLMARKING,HM-01598,,1216,AHC-SRO-RAHC-R-6423746,VIJAY HALLMARKING CENTRE,SRO/RAHC/R-6423746,"369 Big Bazar street, CoimbatoreCoimbatore South, COIMBATORE, COIMBATORE UKKADAM, TAMIL NADU ,641001",COIMBATORE UKKADAM,COIMBATORE,TAMIL NADU,641001,ACTIVE,Operative,25/02/2028,Gold Hallmarking,Assaying & Hallmarking,https://www.manakonline.in/MANAK/AHCListForWebsite
HALLMARKING,HM-01599,,1217,AHC-SRO-RAHC-R-6424877,AYYAN HALLMARK CENTRE,SRO/RAHC/R-6424877,"FIRST FLOOR, 271, M R BROTHERS BUILDINGNEAR RAJA STREET,KARUPPAGOUNDAR STREET, COIMBATORE, COIMBATORE, TAMIL NADU ,641001",COIMBATORE,COIMBATORE,TAMIL NADU,641001,ACTIVE,Operative,07/06/2025,Yellow Gold Hallmarking,Assaying & Hallmarking,https://www.manakonline.in/MANAK/AHCListForWebsite
HALLMARKING,HM-01600,,1218,AHC-SRO-RAHC-R-6425064,S K HALLMARK,SRO/RAHC/R-6425064,"NO.295-D, KOTA TOWERSRAJA STREET, COIMBATORE, COIMBATORE, TAMIL NADU ,641001",COIMBATORE,COIMBATORE,TAMIL NADU,641001,ACTIVE,Operative,16/09/2028,Yellow Gold Hallmarking,Assaying & Hallmarking,https://www.manakonline.in/MANAK/AHCListForWebsite
HALLMARKING,HM-01602,,1219,AHC-SRO-RAHC-R-6425722,MAHI HALLMARK,SRO/RAHC/R-6425722,"2nd Floor, Door No:648, Shop No.10,Harimekala Complex, Raja Street, COIMBATORE, COIMBATORE, TAMIL NADU ,641001",COIMBATORE,COIMBATORE,TAMIL NADU,641001,ACTIVE,Operative,13/11/2028,Gold Hallmarking,Assaying & Hallmarking,https://www.manakonline.in/MANAK/AHCListForWebsite
HALLMARKING,HM-01604,,1220,AHC-SRO-RAHC-R-6426523,AVR ASSAYING AND HALLMARKING CENTRE,SRO/RAHC/R-6426523,"FIRST FLOOR,679, RAJA STREET, COIMBATORE, COIMBATORE, COIMBATORE BAZAAR, TAMIL NADU ,641001",COIMBATORE BAZAAR,COIMBATORE,TAMIL NADU,641001,ACTIVE,Operative,27/03/2029,Gold & Silver Both Hallmarking,Assaying & Hallmarking,https://www.manakonline.in/MANAK/AHCListForWebsite
HALLMARKING,HM-01606,,1221,AHC-SRO-RAHC-R-6427839,LAKSHANA SHRI HALLMARKING CENTRE,SRO/RAHC/R-6427839,"1 FLOOR, 302-A, RAJA STREETCOIMBATORE, COIMBATORE, COIMBATORE, TAMIL NADU ,641001",COIMBATORE,COIMBATORE,TAMIL NADU,641001,ACTIVE,Operative,07/09/2025,Gold & Silver Hallmarking,Assaying & Hallmarking,https://www.manakonline.in/MANAK/AHCListForWebsite
HALLMARKING,HM-01607,,1222,AHC-SRO-RAHC-R-6428137,RITHUL HALLMARKING CENTRE,SRO/RAHC/R-6428137,"FIRST FLOOR, 30/1,SRI SRI PLAZA,PALLADAM ROAD,MARIYAMMAL LAYOUT,POLACHI,COIMBATORE,TAMILNADU, COIMBATORE, POLLACHI, TAMIL NADU ,642002",POLLACHI,COIMBATORE,TAMIL NADU,642002,ACTIVE,Operative,18/06/2027,Yellow Gold Hallmarking,Assaying & Hallmarking,https://www.manakonline.in/MANAK/AHCListForWebsite
HALLMARKING,HM-01608,,1223,AHC-SRO-RAHC-R-6428413,SRI HARI HALLMARKS,SRO/RAHC/R-6428413,"NO 313 FIRST FLOORKARUPPIAH STREET, COIMBATORE, COIMBATORE, TAMIL NADU ,641001",COIMBATORE,COIMBATORE,TAMIL NADU,641001,ACTIVE,Operative,20/02/2029,Gold & Silver Both Hallmarking,Assaying & Hallmarking,https://www.manakonline.in/MANAK/AHCListForWebsite
HALLMARKING,HM-01609,,1224,AHC-SRO-RAHC-R-6712507,Eranad Hallmarking Centre Pvt Ltd,SRO/RAHC/R-6712507,"3/311, Second Floor, Gold TowerKottakkal, MALAPPURAM, KOTTAKKAL, KERALA ,676503",KOTTAKKAL,MALAPPURAM,KERALA,676503,ACTIVE,Operative,03/09/2028,Yellow Gold Hallmarking,Assaying & Hallmarking,https://www.manakonline.in/MANAK/AHCListForWebsite
HALLMARKING,HM-01610,,1225,AHC-SRO-RAHC-R-6714642,VALLUVANAD ASSAY AND HALLMARKING LLP,SRO/RAHC/R-6714642,"Room No.18/352 45Classic Tower, Calicut Road, Perinthalmanna,, MALAPPURAM, PERINTALMANNA, KERALA ,679322",PERINTALMANNA,MALAPPURAM,KERALA,679322,ACTIVE,Operative,15/03/2027,Yellow Gold Hallmarking,Assaying & Hallmarking,https://www.manakonline.in/MANAK/AHCListForWebsite
HALLMARKING,HM-01611,,1226,AHC-SRO-RAHC-R-6715793,Precise Assay and Hallmarking Centre,SRO/RAHC/R-6715793,"2nd Floor, KMC 60/518-A6, A7, A8, A9Puthalath Complex,Ram Mohan Road,East Kottaparambu, KOZHIKODE, CALICUT, KERALA ,673004",CALICUT,KOZHIKODE,KERALA,673004,ACTIVE,Operative,18/07/2025,Yellow Gold Hallmarking,Assaying & Hallmarking,https://www.manakonline.in/MANAK/AHCListForWebsite
HALLMARKING,HM-01613,,1227,AHC-SRO-RAHC-R-6716547,NEW KOTTAKKAL ASSAY AND HALLMARKING,SRO/RAHC/R-6716547,"1/719, Amariyil Complex, Main Road, KottakkalMalappuram, Kerala, 676503, MALAPPURAM, KOTTAKKAL, KERALA ,676503",KOTTAKKAL,MALAPPURAM,KERALA,676503,ACTIVE,Operative,08/11/2026,Gold Hallmarking,Assaying & Hallmarking,https://www.manakonline.in/MANAK/AHCListForWebsite
HALLMARKING,HM-01614,,1228,AHC-SRO-RAHC-R-6720378,PRISM ASSAY AND HALLMARKING CENTRE,SRO/RAHC/R-6720378,"Second Floor, Door No. 41/2039, 41/2040,41/2041,41/2042, Pee Vee Tower, T B Road, Palakkad, PALAKKAD, PALAKKAD CITY, KERALA ,678014",PALAKKAD CITY,PALAKKAD,KERALA,678014,ACTIVE,Operative,22/03/2028,Gold Hallmarking,Assaying & Hallmarking,https://www.manakonline.in/MANAK/AHCListForWebsite
HALLMARKING,HM-01616,,1229,AHC-SRO-RAHC-R-6720932,GLOBAL ASSAY AND HALLMARKING,SRO/RAHC/R-6720932,"Second Floor, Door No 60/4008, A20, A21,Essay Tower, Jail Road, Puthiyara, KOZHIKODE, PUTHIYARA, KERALA ,673004",PUTHIYARA,KOZHIKODE,KERALA,673004,ACTIVE,Operative,18/02/2028,Gold Hallmarking,Assaying & Hallmarking,https://www.manakonline.in/MANAK/AHCListForWebsite
HALLMARKING,HM-01617,,1230,AHC-SRO-RAHC-R-6721231,FOCUS ASSAY AND HALLMARKING CENTRE,SRO/RAHC/R-6721231,"25/170,171,172,173,174, Mangalya Shopping Mall,Koduvally, KOZHIKODE, KOTUVALLI, KERALA ,673572",KOTUVALLI,KOZHIKODE,KERALA,673572,ACTIVE,Operative,12/10/2028,Gold Hallmarking,Assaying & Hallmarking,https://www.manakonline.in/MANAK/AHCListForWebsite
HALLMARKING,HM-01618,,1231,AHC-SRO-RAHC-R-6721591,VISION ASSAYING & HALLMARKING CENTRE,SRO/RAHC/R-6721591,"41/1743-2, 1st FloorNear Malayala Manorama Office, T. B Road, PALAKKAD, PALAKKAD CITY, KERALA ,678014",PALAKKAD CITY,PALAKKAD,KERALA,678014,ACTIVE,Operative,13/03/2025,Yellow Gold Hallmarking,Assaying & Hallmarking,https://www.manakonline.in/MANAK/AHCListForWebsite
HALLMARKING,HM-01619,,1232,AHC-SRO-RAHC-R-6723063,GRAND HALL MARKING CENTRE LLP,SRO/RAHC/R-6723063,"Door No 37/1699 G, AAK Tower, Thazhepalam, Tirur,Malappuram, MALAPPURAM, TIRUR(KERALA), KERALA ,676101",TIRUR(KERALA),MALAPPURAM,KERALA,676101,ACTIVE,Operative,08/10/2028,Gold Hallmarking,Assaying & Hallmarking,https://www.manakonline.in/MANAK/AHCListForWebsite
HALLMARKING,HM-01620,,1233,AHC-SRO-RAHC-R-6723221,EMINENT ASSAY & HALLMARKS LLP,SRO/RAHC/R-6723221,"59/1490, 59/1491, 59/1492, 59/1493, SECOND FLOOR,NOOR ARCADE, KAMMATH LANE, NEAR APSARA THEATRE,, KOZHIKODE, CALICUT, KERALA ,673002",CALICUT,KOZHIKODE,KERALA,673002,ACTIVE,Operative,03/04/2028,Yellow Gold Hallmarking,Assaying & Hallmarking,https://www.manakonline.in/MANAK/AHCListForWebsite
HALLMARKING,HM-01622,,1234,AHC-SRO-RAHC-R-6723621,GREAT ASSAY AND HALLMARKING CENTER,SRO/RAHC/R-6723621,"31/695, 696, K H TOWER STAND ROAD,NILAMBUR, MALAPPURAM, KERALA, MALAPPURAM, NILAMBUR, KERALA ,679329",NILAMBUR,MALAPPURAM,KERALA,679329,ACTIVE,Operative,22/12/2024,Gold Hallmarking,Assaying & Hallmarking,https://www.manakonline.in/MANAK/AHCListForWebsite
HALLMARKING,HM-01623,,1235,AHC-SRO-RAHC-R-6724853,Kohinoor Assying and Hallmarking Centre,SRO/RAHC/R-6724853,"VP-9/736-A,Vengara postMAIN ROAD VENGARA, MALAPPURAM, VENGARA MLP, KERALA ,676304",VENGARA MLP,MALAPPURAM,KERALA,676304,ACTIVE,Operative,22/12/2027,Yellow Gold Hallmarking,Assaying & Hallmarking,https://www.manakonline.in/MANAK/AHCListForWebsite
HALLMARKING,HM-01624,,1236,AHC-SRO-RAHC-R-6725981,Thalassery Assay and Hallmarking Centre,SRO/RAHC/R-6725981,"45/3699, 45/3701, 45/3703, 45/3705, 45/3707First Floor, B Block, Pilakkandy Arcade, KANNUR, THALASSERY, KERALA ,670101",THALASSERY,KANNUR,KERALA,670101,ACTIVE,Operative,26/04/2027,Yellow Gold Hallmarking,Assaying & Hallmarking,https://www.manakonline.in/MANAK/AHCListForWebsite
HALLMARKING,HM-01625,,1237,AHC-SRO-RAHC-R-6727315,KASARGODE ASSAY AND HALLMARKING CENTRE,SRO/RAHC/R-6727315,"Door No. KMC/18/289- E20, 21, 22, 3rd floor,City Mall, MG Road, Kasaragod, Kerala., KASARAGOD, KASARAGOD, KERALA ,671121",KASARAGOD,KASARAGOD,KERALA,671121,ACTIVE,Operative,03/04/2028,Yellow Gold Hallmarking,Assaying & Hallmarking,https://www.manakonline.in/MANAK/AHCListForWebsite
HALLMARKING,HM-01626,,1238,AHC-SRO-RAHC-R-6728004,QUALITY ASSAY & HALLMARKING CENTRE PRIVATE LIMITED,SRO/RAHC/R-6728004,"9/1C,First Floor,KINFRA Industrial Park,Calicut University,Kakkanchery,Malappuram, MALAPPURAM, CHELEMBRA, KERALA ,673635",CHELEMBRA,MALAPPURAM,KERALA,673635,ACTIVE,Operative,20/11/2028,"Gold,Silver Hallmarking",Assaying & Hallmarking,https://www.manakonline.in/MANAK/AHCListForWebsite
HALLMARKING,HM-01627,,1239,AHC-SRO-RAHC-R-6728726,JEWEL ASSAY LLP,SRO/RAHC/R-6728726,"No.L1(51/)2601,Ground Floor,Kalyani com plex, Bellard Road, KANNUR, KANNUR, KERALA ,670001",KANNUR,KANNUR,KERALA,670001,ACTIVE,Operative,26/10/2026,Gold Hallmarking,Assaying & Hallmarking,https://www.manakonline.in/MANAK/AHCListForWebsite
HALLMARKING,HM-01629,,1240,AHC-SRO-RAHC-R-6729630,HONEST ASSAY AND HALLMARKING CENTRE,SRO/RAHC/R-6729630,"Second Floor, 12/408, Hindustan Tower,Town Hall Road, Thalassery, Kannur, 670104, KANNUR, THALASSERY, KERALA ,670104",THALASSERY,KANNUR,KERALA,670104,ACTIVE,Operative,23/01/2028,Gold Hallmarking,Assaying & Hallmarking,https://www.manakonline.in/MANAK/AHCListForWebsite
HALLMARKING,HM-01630,,1241,AHC-SRO-RAHC-R-6729809,BOMBAY ASSAY AND HALLMARKING CENTRE,SRO/RAHC/R-6729809,"SECOND FLOOR,20/59 A13,SREE GOKULAM TOWER,QUEENS ROAD ,VADAKARA, KOZHIKODE, VADAKARA, KERALA ,673101",VADAKARA,KOZHIKODE,KERALA,673101,ACTIVE,Operative,20/02/2025,Gold Hallmarking,Assaying & Hallmarking,https://www.manakonline.in/MANAK/AHCListForWebsite
HALLMARKING,HM-01631,,1242,AHC-SRO-RAHC-R-6810033,L J ASSAYING AND HALL MARKING CENTRE,SRO/RAHC/R-6810033,"IV/1284-1, Kavalam Building, Main Central Road,Kavalam Nagar, Changanacherry, Kottayam,, KOTTAYAM, CHANGANACHERRY, KERALA ,686101",CHANGANACHERRY,KOTTAYAM,KERALA,686101,ACTIVE,Operative,28/02/2027,Gold Hallmarking,Assaying & Hallmarking,https://www.manakonline.in/MANAK/AHCListForWebsite
HALLMARKING,HM-01632,,1243,AHC-SRO-RAHC-R-6810488,Crystal Assay And Hallmarking Centre,SRO/RAHC/R-6810488,"35/5886/15, Sky TowerIkkandawarrier Road,Thrissur, THRISSUR, THRISSUR CITY, KERALA ,680001",THRISSUR CITY,THRISSUR,KERALA,680001,ACTIVE,Operative,24/09/2026,Gold Hallmarking,Assaying & Hallmarking,https://www.manakonline.in/MANAK/AHCListForWebsite
HALLMARKING,HM-01634,,1244,AHC-SRO-RAHC-R-6813030,SBR Assaying and Hallmarking Centre,SRO/RAHC/R-6813030,"Door No 2/91, J M Building, PerumpadannaNorth Paravur, ERNAKULAM, PARAVUR (ERNAKULAM), KERALA ,683513",PARAVUR (ERNAKULAM),ERNAKULAM,KERALA,683513,SUSPENDED,Under Suspension,14/09/2026,Yellow Gold Hallmarking,Assaying & Hallmarking,https://www.manakonline.in/MANAK/AHCListForWebsite
HALLMARKING,HM-01635,,1245,AHC-SRO-RAHC-R-6814532,Shivshakti Assaying and Hallmarking Centre,SRO/RAHC/R-6814532,"20/2072C, Sri Balaji PlazaThirunakkara, KOTTAYAM, THIRUNAKKARA, KERALA ,686001",THIRUNAKKARA,KOTTAYAM,KERALA,686001,ACTIVE,Operative,14/01/2028,Yellow Gold Hallmarking,Assaying & Hallmarking,https://www.manakonline.in/MANAK/AHCListForWebsite
HALLMARKING,HM-01636,,1246,AHC-SRO-RAHC-R-6814966,LAKSHMI ASSAY AND HALLMARKING CENTER,SRO/RAHC/R-6814966,"First Floor, Door No. 35/1805/2-1, Shogun Tower,Rice Bazar, Thrissur, THRISSUR, THRISSUR CITY, KERALA ,680001",THRISSUR CITY,THRISSUR,KERALA,680001,ACTIVE,Operative,08/08/2028,Yellow Gold Hallmarking,Assaying & Hallmarking,https://www.manakonline.in/MANAK/AHCListForWebsite
HALLMARKING,HM-01637,,1247,AHC-SRO-RAHC-R-6815986,New Poovathingal Assay & Hallmarking Centre,SRO/RAHC/R-6815986,"12/2212-8, 2nd Floor,Pandaril Tower,Rice Bazar Road,, THRISSUR, THRISSUR CITY, KERALA ,680001",THRISSUR CITY,THRISSUR,KERALA,680001,ACTIVE,Operative,30/06/2027,Yellow Gold Hallmarking,Assaying & Hallmarking,https://www.manakonline.in/MANAK/AHCListForWebsite
HALLMARKING,HM-01638,,1248,AHC-SRO-RAHC-R-6816069,PRINCE HALLMARKING AND REFINERY PRIVATE LIMITED,SRO/RAHC/R-6816069,"35/1086,GROUND FLOOR,ST. LOUIS COMMERCIAL COMPLEX,NEW CHURCH CIRCLE,ERINJERI ANGADI,THRISSUR-680001, THRISSUR, THRISSUR, KERALA ,680001",THRISSUR,THRISSUR,KERALA,680001,ACTIVE,Operative,13/09/2026,Gold & Silver Both Hallmarking,Assaying & Hallmarking,https://www.manakonline.in/MANAK/AHCListForWebsite
HALLMARKING,HM-01639,,1249,AHC-SRO-RAHC-R-6816093,NEW POPULAR ASSAY & HALLMARKING CENTRE,SRO/RAHC/R-6816093,"SHOGUN TOWER,DOOR NO 35/1805/2,SECOND FLOORRICE BAZAR, THRISSUR, THRISSUR, THRISSUR, KERALA ,680001",THRISSUR,THRISSUR,KERALA,680001,ACTIVE,Operative,11/11/2027,Yellow Gold Hallmarking,Assaying & Hallmarking,https://www.manakonline.in/MANAK/AHCListForWebsite
HALLMARKING,HM-01641,,1250,AHC-SRO-RAHC-R-6816611,Crown Assay & Hallmarking Centre,SRO/RAHC/R-6816611,"39/651/A, Global Crest BuildingOpp. Nexa Showroom, Kokkalai - Thrissur, THRISSUR, THRISSUR, KERALA ,680021",THRISSUR,THRISSUR,KERALA,680021,SUSPENDED,Under Suspension,15/12/2027,Yellow Gold Hallmarking,Assaying & Hallmarking,https://www.manakonline.in/MANAK/AHCListForWebsite
HALLMARKING,HM-01642,,1251,AHC-SRO-RAHC-R-6817011,PERFECT ASSAY AND HALLMARKING CENTRE,SRO/RAHC/R-6817011,"Door No 26/1206/13G First Floor, Pandaril Tower,Rice Bazar Road, Thrissur,Kerala-680001, THRISSUR, THRISSUR, KERALA ,680001",THRISSUR,THRISSUR,KERALA,680001,ACTIVE,Operative,29/08/2027,Gold Hallmarking,Assaying & Hallmarking,https://www.manakonline.in/MANAK/AHCListForWebsite
HALLMARKING,HM-01644,,1252,AHC-SRO-RAHC-R-6817706,Jai Krishna Assay and Hallmarking Centre,SRO/RAHC/R-6817706,"2ND FLOOR, 14/2091 ALLEPPEY ARCADEAVJ JUNCTION, MULLACKAL, ALAPPUZHA, ALAPPUZHA MULLACKAL, KERALA ,688011",ALAPPUZHA MULLACKAL,ALAPPUZHA,KERALA,688011,ACTIVE,Operative,12/01/2028,Yellow Gold Hallmarking,Assaying & Hallmarking,https://www.manakonline.in/MANAK/AHCListForWebsite
HALLMARKING,HM-01645,,1253,AHC-SRO-RAHC-R-6818306,SIGNATURE ASSAY AND HALLMARKS,SRO/RAHC/R-6818306,"Old No. 6-446/6/1,13/606, Second Floor,Kings Way Building, East Fort Junction, Thrissur, THRISSUR, THRISSUR CITY, KERALA ,680005",THRISSUR CITY,THRISSUR,KERALA,680005,ACTIVE,Operative,07/06/2025,Yellow Gold Hallmarking,Assaying & Hallmarking,https://www.manakonline.in/MANAK/AHCListForWebsite
HALLMARKING,HM-01646,,1254,AHC-SRO-RAHC-R-6818826,ANNS ASSAY AND HALLMARKING CENTRE,SRO/RAHC/R-6818826,"First Floor, Door No. 35/35,36,37 & 38,P.L Paul Memorial Building, Pallikulam Road, THRISSUR, THRISSUR CITY, KERALA ,680001",THRISSUR CITY,THRISSUR,KERALA,680001,ACTIVE,Operative,06/02/2028,Gold Hallmarking,Assaying & Hallmarking,https://www.manakonline.in/MANAK/AHCListForWebsite
HALLMARKING,HM-01648,,1255,AHC-SRO-RAHC-R-6819813,LILLYS HALLMARK CENTRE,SRO/RAHC/R-6819813,"35/7,8,9,10 OLD- X/657/10,11,12,13, R.P TOWER,OPPOSITE CHALDEAN CENTRE, PALLIKULAM ROAD, THRISSUR, THRISSUR CITY, KERALA ,680001",THRISSUR CITY,THRISSUR,KERALA,680001,ACTIVE,Operative,28/04/2028,Yellow Gold Hallmarking,Assaying & Hallmarking,https://www.manakonline.in/MANAK/AHCListForWebsite
HALLMARKING,HM-01649,,1256,AHC-SRO-RAHC-R-6820049,New Kerala Assay and Hallmarking Centre,SRO/RAHC/R-6820049,"St Louis Commercial Building35/1093, Church Circle, THRISSUR, THRISSUR CITY, KERALA ,680001",THRISSUR CITY,THRISSUR,KERALA,680001,ACTIVE,Operative,12/08/2029,Yellow Gold Hallmarking,Assaying & Hallmarking,https://www.manakonline.in/MANAK/AHCListForWebsite
HALLMARKING,HM-01650,,1257,AHC-SRO-RAHC-R-6820210,Pure Athira Assay Hallmarking Centre,SRO/RAHC/R-6820210,"NO:38/977,2nd floor Global TowerVANCHIKULAM ROAD, PO POOTHOLE, THRISSUR, THRISSUR, KERALA ,680004",THRISSUR,THRISSUR,KERALA,680004,ACTIVE,Operative,07/07/2028,Yellow Gold Hallmarking,Assaying & Hallmarking,https://www.manakonline.in/MANAK/AHCListForWebsite
HALLMARKING,HM-01651,,1258,AHC-SRO-RAHC-R-6820346,NUCLEUS ASSAY AND HALLMARKING CENTRE,SRO/RAHC/R-6820346,"23/451/3, Second Floor, VTR Tower,St. Thomas College Road, Thrissur, THRISSUR, THRISSUR CITY, KERALA ,680005",THRISSUR CITY,THRISSUR,KERALA,680005,ACTIVE,Operative,26/03/2027,Gold Hallmarking,Assaying & Hallmarking,https://www.manakonline.in/MANAK/AHCListForWebsite
HALLMARKING,HM-01654,,1259,AHC-SRO-RAHC-R-6821445,AL HAKAM HALLMARK AND ASSAY CENTER,SRO/RAHC/R-6821445,"TC 10/1268/9, DRD Tower, Church Road, Puthenpalli,Thrissur, Kerala, THRISSUR, THRISSUR CITY, KERALA ,680001",THRISSUR CITY,THRISSUR,KERALA,680001,ACTIVE,Operative,04/10/2026,Yellow Gold Hallmarking,Assaying & Hallmarking,https://www.manakonline.in/MANAK/AHCListForWebsite
HALLMARKING,HM-01655,,1260,AHC-SRO-RAHC-R-6821627,NEW BOMBAY ASSAY AND HALLMARKING CENTER,SRO/RAHC/R-6821627,"First Floor, Door No VI/393/12, Al Salam Complex,Bhavana Theatre Road, Kunnamkulam, Thrissur, THRISSUR, KUNNAMKULAM, KERALA ,680503",KUNNAMKULAM,THRISSUR,KERALA,680503,ACTIVE,Operative,07/12/2026,Gold Hallmarking,Assaying & Hallmarking,https://www.manakonline.in/MANAK/AHCListForWebsite
HALLMARKING,HM-01657,,1261,AHC-SRO-RAHC-R-6822289,EMIRATES ASSAY AND HALLMARK,SRO/RAHC/R-6822289,"39/1245-1 , THIRD FLOOR , DEEPEE PLAZATB ROAD , KOKKALAI, THRISSUR, THRISSUR CITY, KERALA ,680021",THRISSUR CITY,THRISSUR,KERALA,680021,ACTIVE,Operative,26/01/2025,Gold Hallmarking,Assaying & Hallmarking,https://www.manakonline.in/MANAK/AHCListForWebsite
HALLMARKING,HM-01658,,1262,AHC-SRO-RAHC-R-6822549,Venus Hallmarking Centre,SRO/RAHC/R-6822549,"City Estate, Ward No.21, Room No.3169-3167 Pbvr, ERNAKULAM, PERUMBAVOOR, KERALA ,683542",PERUMBAVOOR,ERNAKULAM,KERALA,683542,ACTIVE,Operative,13/11/2026,Yellow Gold Hallmarking,Assaying & Hallmarking,https://www.manakonline.in/MANAK/AHCListForWebsite
HALLMARKING,HM-01661,,1263,AHC-SRO-RAHC-R-6824906,DEE ASSAY AND HALLMARKING,SRO/RAHC/R-6824906,"35/28-1,2,3 Old - X/657-32, A,B,C, R P Arcade,Pallikulam,Thrissur, Kerala, THRISSUR, THRISSUR CITY, KERALA ,680001",THRISSUR CITY,THRISSUR,KERALA,680001,ACTIVE,Operative,18/08/2025,Yellow Gold Hallmarking,Assaying & Hallmarking,https://www.manakonline.in/MANAK/AHCListForWebsite
HALLMARKING,HM-01662,,1264,AHC-SRO-RAHC-R-6824927,Sri Maruti Hallmarking Centre,SRO/RAHC/R-6824927,"XX / 843, 844, Vadakkel Building1st Floor, New Bazar, Pala, KOTTAYAM, PALA TOWN, KERALA ,686575",PALA TOWN,KOTTAYAM,KERALA,686575,ACTIVE,Operative,25/12/2027,Yellow Gold Hallmarking,Assaying & Hallmarking,https://www.manakonline.in/MANAK/AHCListForWebsite
HALLMARKING,HM-01667,,1265,AHC-SRO-RAHC-R-6827597,Icon Assay and Hallmarking Centre,SRO/RAHC/R-6827597,"No XXX/564 U1, Maliyil BuildingMuvatuppuzha Road, Opp Vimalagiri School, ERNAKULAM, KOTHAMANGALAM (ERNAKULAM), KERALA ,686691",KOTHAMANGALAM (ERNAKULAM),ERNAKULAM,KERALA,686691,ACTIVE,Operative,20/05/2027,Yellow Gold Hallmarking,Assaying & Hallmarking,https://www.manakonline.in/MANAK/AHCListForWebsite
HALLMARKING,HM-01668,,1266,AHC-SRO-RAHC-R-6827597-O1-,Icon Assay and Hallmarking Centre,SRO/RAHC/R-6827597(O1),"No XXX/564 U1, Maliyil BuildingMuvatuppuzha Road, Opp Vimalagiri School, ERNAKULAM, KOTHAMANGALAM (ERNAKULAM), KERALA ,686691",KOTHAMANGALAM (ERNAKULAM),ERNAKULAM,KERALA,686691,ACTIVE,Operative,20/05/2027,Yellow Gold Hallmarking,Assaying & Hallmarking,https://www.manakonline.in/MANAK/AHCListForWebsite
HALLMARKING,HM-01669,,1267,AHC-SRO-RAHC-R-6828714,GOLDMARK ASSAY AND HALLMARKING CENTRE,SRO/RAHC/R-6828714,"1st Floor, 35/3,4,5- Old No. X/657/6/7/8R P Towers,Pallikulam Road,OppositeChaldean Centre, THRISSUR, THRISSUR CITY, KERALA ,680001",THRISSUR CITY,THRISSUR,KERALA,680001,ACTIVE,Operative,24/09/2026,Gold Hallmarking,Assaying & Hallmarking,https://www.manakonline.in/MANAK/AHCListForWebsite
HALLMARKING,HM-01670,,1268,AHC-SRO-RAHC-R-6829123,THE LOTUS ASSAY AND HALLMARKING CENTRE,SRO/RAHC/R-6829123,"1ST FLOOR,12/2237,CHEMBUKKAVU ARCADERICE BAZAAR, EASTERN BAZAAR, THRISSUR, THRISSUR, KERALA ,680001",THRISSUR,THRISSUR,KERALA,680001,ACTIVE,Operative,06/05/2028,Yellow Gold Hallmarking,Assaying & Hallmarking,https://www.manakonline.in/MANAK/AHCListForWebsite
HALLMARKING,HM-01672,,1269,AHC-SRO-RAHC-R-6912494,KARUNAGAPPALLY ASSAY AND HALLMARKING CENTRE,SRO/RAHC/R-6912494,"1ST FLOOR,15/157,PELLIPURAM BUILDINGS,MARKET ROAD, PADANAYARKULANGARA SOUTH, KOLLAM, KARUNAGAPPALY, KERALA ,690518",KARUNAGAPPALY,KOLLAM,KERALA,690518,ACTIVE,Operative,14/11/2028,"Yellow Gold,Yellow Gold Hallmarking",Assaying & Hallmarking,https://www.manakonline.in/MANAK/AHCListForWebsite
HALLMARKING,HM-01673,,1270,AHC-SRO-RAHC-R-6914419,SUN ASSAY AND HALLMARKING CENTRE,SRO/RAHC/R-6914419,"30/157/4CHIRYINKEEZHU, AVENAVENCHERRY,ATTINGAL, EDAKKODE, THIRUVANANTHAPURAM, ATTINGAL, KERALA ,695101",ATTINGAL,THIRUVANANTHAPURAM,KERALA,695101,ACTIVE,Operative,06/09/2025,Yellow Gold Hallmarking,Assaying & Hallmarking,https://www.manakonline.in/MANAK/AHCListForWebsite
HALLMARKING,HM-01674,,1271,AHC-SRO-RAHC-R-6919185,KANAKA ASSAY AND HALLMARKING CENTRE,SRO/RAHC/R-6919185,"First Floor, 19/658/E, Rudra Building,Chettikulangara, Mavelikkara, Alappuzha, ALAPPUZHA, CHETTIKULANGARA, KERALA ,690106",CHETTIKULANGARA,ALAPPUZHA,KERALA,690106,ACTIVE,Operative,14/03/2029,"Gold,Gold Hallmarking",Assaying & Hallmarking,https://www.manakonline.in/MANAK/AHCListForWebsite
HALLMARKING,HM-01676,,1272,AHC-SRO-RAHC-R-6924998,venadassayandhallmarking,SRO/RAHC/R-6924998,"TC 71/601-10, MARAKADA ROAD CHALAI,THIRUVANANTHAPU, THIRUVANANTHAPURAM, THIRUVANANTHAPURAM CHALAI, KERALA ,695036",THIRUVANANTHAPURAM CHALAI,THIRUVANANTHAPURAM,KERALA,695036,ACTIVE,Operative,12/10/2024,Yellow Gold Hallmarking,Assaying & Hallmarking,https://www.manakonline.in/MANAK/AHCListForWebsite
HALLMARKING,HM-01679,,1273,AHC-SRO-RAHC-R-6927831,ROSE ASSAY AND HALLMARKING CENTRE,SRO/RAHC/R-6927831,"TC .80/1123(2), 3RD FLOORKARIMPANAL ARCADE , EASTFORT ,TRIVANDRUM, THIRUVANANTHAPURAM, THIRUVANANTHAPURAM FORT, KERALA ,695023",THIRUVANANTHAPURAM FORT,THIRUVANANTHAPURAM,KERALA,695023,ACTIVE,Operative,27/11/2026,Gold Hallmarking,Assaying & Hallmarking,https://www.manakonline.in/MANAK/AHCListForWebsite
HALLMARKING,HM-01680,,1274,AHC-SRO-RAHC-R-6928624,ANANTHAPURI HALLMARKS,SRO/RAHC/R-6928624,"Second Floor, TC 28/2736/9, Nandanam Towers,Dhanya-Remya Road, Kunnumpuram,Thiruvananthapuram, THIRUVANANTHAPURAM, VANCHIYOOR JUNCTION, KERALA ,695035",VANCHIYOOR JUNCTION,THIRUVANANTHAPURAM,KERALA,695035,ACTIVE,Operative,07/01/2029,Gold Hallmarking,Assaying & Hallmarking,https://www.manakonline.in/MANAK/AHCListForWebsite
HALLMARKING,HM-01681,,1275,AHC-WRO-RAHC-R-3114530,PB ASSAYING AND HALLMARKING CENTRE,WRO/RAHC/R-3114530,"Bhawasarwara Street, DUNGAPUR, DUNGARPUR, RAJASTHAN ,314001",DUNGARPUR,DUNGAPUR,RAJASTHAN,314001,ACTIVE,Operative,22/05/2027,Yellow Gold Hallmarking,Assaying & Hallmarking,https://www.manakonline.in/MANAK/AHCListForWebsite
HALLMARKING,HM-01682,,1276,AHC-WRO-RAHC-R-3118508,M B HALLMARK CENTRE,WRO/RAHC/R-3118508,"FIRST FLOOR,RF 11,12,13,RATAN COMPLEX,OPP.SANCHWATVATIKA,KHASRA NO 4906,SAGWARA,DUNGARPUR,RAJASTHAN, DUNGAPUR, SAGWARA, RAJASTHAN ,314025",SAGWARA,DUNGAPUR,RAJASTHAN,314025,ACTIVE,Operative,29/04/2029,Yellow Gold Hallmarking,Assaying & Hallmarking,https://www.manakonline.in/MANAK/AHCListForWebsite
HALLMARKING,HM-01683,,1277,AHC-WRO-RAHC-R-3422294,C AND B HALLMARK CENTER,WRO/RAHC/R-3422294,"Plot H1-36, RIICO INDUSTRIAL AREA, BHINMALJALORE, RAJASTHAN-343029, JALORE, BHINMAL, RAJASTHAN ,343029",BHINMAL,JALORE,RAJASTHAN,343029,SUSPENDED,Under Suspension,18/02/2027,Gold & Silver Both Hallmarking,Assaying & Hallmarking,https://www.manakonline.in/MANAK/AHCListForWebsite
HALLMARKING,HM-01684,,1278,AHC-WRO-RAHC-R-3429515,KRISHNA HALLMARKING CENTER,WRO/RAHC/R-3429515,"SHOP NO-19,PURANA BHATO KA WAS,MOHALLA-RUGNATHPURA, JALORE, SANCHORE, RAJASTHAN ,343041",SANCHORE,JALORE,RAJASTHAN,343041,ACTIVE,Operative,18/02/2029,Yellow Gold Hallmarking,Assaying & Hallmarking,https://www.manakonline.in/MANAK/AHCListForWebsite
HALLMARKING,HM-01685,,1279,AHC-WRO-RAHC-R-3429976,SEENU HALLMARKING CENTER,WRO/RAHC/R-3429976,"ABOVE MATTU GOLD, JHAHBAJ PALACENEAR VIVEKANAND CIRCLE,SANCHORE,JALORE, JALORE, SANCHORE, RAJASTHAN ,343041",SANCHORE,JALORE,RAJASTHAN,343041,ACTIVE,Operative,25/04/2027,Yellow Gold Hallmarking,Assaying & Hallmarking,https://www.manakonline.in/MANAK/AHCListForWebsite
HALLMARKING,HM-01686,,1280,AHC-WRO-RAHC-R-3610118,Aum Hallmarking Centre,WRO/RAHC/R-3610118,"BLOCK NO 16, CHHAYA BAZAR, RANGMAHEL,OPP. VITHILESH CHAMBER, JUNAGADH, JUNAGADH, JUNAGADH, GUJARAT ,362001",JUNAGADH,JUNAGADH,GUJARAT,362001,ACTIVE,Operative,13/06/2028,Yellow Gold Hallmarking,Assaying & Hallmarking,https://www.manakonline.in/MANAK/AHCListForWebsite
HALLMARKING,HM-01687,,1281,AHC-WRO-RAHC-R-3610702,MARUTI HALLMARKING CENTRE,WRO/RAHC/R-3610702,"VIVIK SWAMI VIVEKANAND TRUST ,AMLANI COMPLEX,SHOP NO 111, OPP KIRTIMANDIR POLICE STATION, PORBANDAR, PORBANDAR, GUJARAT ,360575",PORBANDAR,PORBANDAR,GUJARAT,360575,ACTIVE,Operative,27/07/2029,Gold Hallmarking,Assaying & Hallmarking,https://www.manakonline.in/MANAK/AHCListForWebsite
HALLMARKING,HM-01688,,1282,AHC-WRO-RAHC-R-3610894,TULJA BHAVANI ASSAYING & HALLMARKING CENTER,WRO/RAHC/R-3610894,"2ND FLOOR,SURVEY NO.5199, SHOP NO.9/10/11/12,SAHJANAND CHAMBER,SHERDIPITH NO DELO,GHANTIVALO CH, BHAVNAGAR, BHAVNAGAR, GUJARAT ,364001",BHAVNAGAR,BHAVNAGAR,GUJARAT,364001,ACTIVE,Operative,18/07/2028,Yellow Gold Hallmarking,Assaying & Hallmarking,https://www.manakonline.in/MANAK/AHCListForWebsite
HALLMARKING,HM-01689,,1283,AHC-WRO-RAHC-R-3611346,VRAJ HALLMARK CENTRE,WRO/RAHC/R-3611346,"THIRD FLOOR, 301, SHALIBHADRA SQUARE, 43 PRAHLADPLOT ASHAPURA MAIN ROAD, RAJKOT,Gujarat-360001, RAJKOT, RAJKOT, GUJARAT ,360001",RAJKOT,RAJKOT,GUJARAT,360001,ACTIVE,Operative,07/12/2028,Yellow Gold Hallmarking,Assaying & Hallmarking,https://www.manakonline.in/MANAK/AHCListForWebsite
HALLMARKING,HM-01690,,1284,AHC-WRO-RAHC-R-3613137,V G TOUCH & HALLMARKING CENTRE,WRO/RAHC/R-3613137,"BEHIND MANMANDIR APPARTMENTVARDHDHMANNAGAR STREET NO.8 PALACE ROAD, RAJKOT, RAJKOT, GUJARAT ,360001",RAJKOT,RAJKOT,GUJARAT,360001,ACTIVE,Operative,20/08/2028,Gold & Silver Both Hallmarking,Assaying & Hallmarking,https://www.manakonline.in/MANAK/AHCListForWebsite
HALLMARKING,HM-01691,,1285,AHC-WRO-RAHC-R-3614650,TANVI HALLMARKING LAB,WRO/RAHC/R-3614650,"2ND FLOOR,SHYAM ARCADE,OPP.KOTHARIYA NAKA CIRCLESONI BAZAR, RAJKOT, RAJKOT CITY, GUJARAT ,360001",RAJKOT CITY,RAJKOT,GUJARAT,360001,ACTIVE,Operative,20/01/2028,Yellow Gold Hallmarking,Assaying & Hallmarking,https://www.manakonline.in/MANAK/AHCListForWebsite
HALLMARKING,HM-01692,,1286,AHC-WRO-RAHC-R-3614650-O1-,TANVI HALLMARKING LAB,WRO/RAHC/R-3614650(O1),"2ND FLOOR,SHYAM ARCADE,OPP.KOTHARIYA NAKA CIRCLESONI BAZAR, RAJKOT, RAJKOT CITY, GUJARAT ,360001",RAJKOT CITY,RAJKOT,GUJARAT,360001,ACTIVE,Operative,20/01/2028,Yellow Gold Hallmarking,Assaying & Hallmarking,https://www.manakonline.in/MANAK/AHCListForWebsite
HALLMARKING,HM-01693,,1287,AHC-WRO-RAHC-R-3615013,Shree Yamuna Hallmarking Centre,WRO/RAHC/R-3615013,"Ranjit Villas Palace, 1st Floor, Shop no A101,Palace Road, C S No 2072 P, Sheet No 188, Ward No3, RAJKOT, RAJKOT, GUJARAT ,360001",RAJKOT,RAJKOT,GUJARAT,360001,ACTIVE,Operative,18/04/2027,Gold Hallmarking,Assaying & Hallmarking,https://www.manakonline.in/MANAK/AHCListForWebsite
HALLMARKING,HM-01694,,1288,AHC-WRO-RAHC-R-3615026,SHREE DWARKADHISH ASSAYING AND HALLMARKING,WRO/RAHC/R-3615026,"1ST FLOOR, BLOCK NO 4, LUVAR SHALASHREE DWARKADHISH ASSAYING AND HALLMARKING CENTER,, DEVBHOOMI DWARKA, DEVBHOOMI DWARKA, GUJARAT ,361305",DEVBHOOMI DWARKA,DEVBHOOMI DWARKA,GUJARAT,361305,ACTIVE,Operative,19/02/2027,Gold Hallmarking,Assaying & Hallmarking,https://www.manakonline.in/MANAK/AHCListForWebsite
HALLMARKING,HM-01695,,1289,AHC-WRO-RAHC-R-3615238,OM HALLMARK CENTER,WRO/RAHC/R-3615238,"SF, 203 & 204, Thakkar Arcade-A, Palace Road,Opp Ashapura temple, Prahlad Plot, Rajkot, RAJKOT, RAJKOT, GUJARAT ,360001",RAJKOT,RAJKOT,GUJARAT,360001,ACTIVE,Operative,05/10/2026,Gold & Silver Both Hallmarking,Assaying & Hallmarking,https://www.manakonline.in/MANAK/AHCListForWebsite
HALLMARKING,HM-01696,,1290,AHC-WRO-RAHC-R-3615774,MAA MOMAI KRUPA HALLMARKING CENTER,WRO/RAHC/R-3615774,"SECOND FLOOR, SHOP NO. 6 SHANTI COMPLEX,BHAVNAGAR ROAD, NR. PRAJAPATI VADI, RAJKOT, GUJARAT-360003, RAJKOT, RAJKOT, GUJARAT ,360003",RAJKOT,RAJKOT,GUJARAT,360003,ACTIVE,Operative,03/05/2029,Yellow Gold Hallmarking,Assaying & Hallmarking,https://www.manakonline.in/MANAK/AHCListForWebsite
HALLMARKING,HM-01698,,1291,AHC-WRO-RAHC-R-3617005,RADHE ASSAYING AND HALLMARKING CENTRE,WRO/RAHC/R-3617005,"2-10 Diwanpara opp. Ashapura ChamberRajkot, Gujarat- 360001, RAJKOT, RAJKOT, GUJARAT ,360001",RAJKOT,RAJKOT,GUJARAT,360001,ACTIVE,Operative,02/10/2028,"Yellow Gold,Silver Hallmarking",Assaying & Hallmarking,https://www.manakonline.in/MANAK/AHCListForWebsite
HALLMARKING,HM-01699,,1292,AHC-WRO-RAHC-R-3617657,Vraj Hallmark Centre,WRO/RAHC/R-3617657,"Karanpara Main Road,Beside Post Office, Rajkot, RAJKOT, RAJKOT, GUJARAT ,360001",RAJKOT,RAJKOT,GUJARAT,360001,ACTIVE,Operative,20/05/2029,"Gold,Yellow Gold,Silver Hallmarking",Assaying & Hallmarking,https://www.manakonline.in/MANAK/AHCListForWebsite
HALLMARKING,HM-01700,,1293,AHC-WRO-RAHC-R-3617758,SHREE RADHAKRISHNA HALLMARKING CENTRE,WRO/RAHC/R-3617758,"Block I, Hira Panna Complex, Ranchodnagar Society2/4 Corner Brahmaniya Para, Rajkot ,360003, RAJKOT, RAJKOT CITY, GUJARAT ,360003",RAJKOT CITY,RAJKOT,GUJARAT,360003,ACTIVE,Operative,02/02/2029,Yellow Gold Hallmarking,Assaying & Hallmarking,https://www.manakonline.in/MANAK/AHCListForWebsite
HALLMARKING,HM-01701,,1294,AHC-WRO-RAHC-R-3618293,R K ASSAYING AND HALLMARKING CENTER,WRO/RAHC/R-3618293,"1ST FLOOR, SHOP NO. - 1/B, SOMNATHCOMMERCIAL COMPLEX, NEAR S.T.BUS STAND,, JUNAGADH, UNA, GUJARAT ,362560",UNA,JUNAGADH,GUJARAT,362560,ACTIVE,Operative,12/01/2029,Yellow Gold Hallmarking,Assaying & Hallmarking,https://www.manakonline.in/MANAK/AHCListForWebsite
HALLMARKING,HM-01702,,1295,AHC-WRO-RAHC-R-3618606,SHREE SAIKRUPA HALLMARKING CENTRE,WRO/RAHC/R-3618606,"CITY SURVEY NO.3887 OPP.RAJ RAJESHWARI MANDIRCABIN CHOWK, MAHUVA, BHAVNAGAR, GUJARAT, 364290, BHAVNAGAR, MAHUVA BAZAR, GUJARAT ,364290",MAHUVA BAZAR,BHAVNAGAR,GUJARAT,364290,SUSPENDED,Under Suspension,27/05/2027,"Gold,Yellow Gold Hallmarking",Assaying & Hallmarking,https://www.manakonline.in/MANAK/AHCListForWebsite
HALLMARKING,HM-01703,,1296,AHC-WRO-RAHC-R-3619960,SHREE MADHAV HALLMARKING CENTRE,WRO/RAHC/R-3619960,"KOTAK SHERI 420 421 422 423 JAY DWARKADHISH MARKETOPP BRAHMAOURI WADI DEEWAN PARA RAJKOT 360001, RAJKOT, RAJKOT, GUJARAT ,360001",RAJKOT,RAJKOT,GUJARAT,360001,ACTIVE,Operative,25/09/2026,"Yellow Gold,Silver Hallmarking",Assaying & Hallmarking,https://www.manakonline.in/MANAK/AHCListForWebsite
HALLMARKING,HM-01706,,1297,AHC-WRO-RAHC-R-3620752,OM HALLMARKING CENTRE,WRO/RAHC/R-3620752,"TOWER CHOWK,GROUND FLOOR FIRST FLOORDANA BAZAR, AMRELI, AMRELI DISTRICT, AMRELI, GUJARAT ,365601",AMRELI,AMRELI DISTRICT,GUJARAT,365601,SUSPENDED,Under Suspension,13/01/2028,Yellow Gold Hallmarking,Assaying & Hallmarking,https://www.manakonline.in/MANAK/AHCListForWebsite
HALLMARKING,HM-01707,,1298,AHC-WRO-RAHC-R-3621667,HARISHREE HALLMARKING CENTRE,WRO/RAHC/R-3621667,"FIRST FLOOR,Vitthal Press Road Nearby,Landmark, Surendranagar Head Post Office, STREET 1, SURENDRANAGAR, SURENDRANAGAR, GUJARAT ,363001",SURENDRANAGAR,SURENDRANAGAR,GUJARAT,363001,ACTIVE,Operative,28/08/2028,Yellow Gold Hallmarking,Assaying & Hallmarking,https://www.manakonline.in/MANAK/AHCListForWebsite
HALLMARKING,HM-01708,,1299,AHC-WRO-RAHC-R-3621706,VAB ASSAYING HALLMARKING CENTRE,WRO/RAHC/R-3621706,"CITY SURVEY NO 124 BLOCK NO 16 VAB ASSAYINGHALLMARKING CENTRE OPP HAVEL0 STREET Chhaya Bazar, JUNAGADH, JUNAGADH BHAVNATH, GUJARAT ,362001",JUNAGADH BHAVNATH,JUNAGADH,GUJARAT,362001,ACTIVE,Operative,08/04/2027,Yellow Gold Hallmarking,Assaying & Hallmarking,https://www.manakonline.in/MANAK/AHCListForWebsite
HALLMARKING,HM-01710,,1300,AHC-WRO-RAHC-R-3622518,BHAVANI ASSAYING & HALLMARKING CENTRE,WRO/RAHC/R-3622518,"SHOP-17,1,2,3,4, SALONI SHO.CEN,MATVA STREETJETPUR RAJKOT GUJARAT 360370, RAJKOT, JETPUR, GUJARAT ,360370",JETPUR,RAJKOT,GUJARAT,360370,ACTIVE,Operative,08/06/2027,Yellow Gold Hallmarking,Assaying & Hallmarking,https://www.manakonline.in/MANAK/AHCListForWebsite
HALLMARKING,HM-01711,,1301,AHC-WRO-RAHC-R-3622785,GIRIRAJJI HALLMARKING CENTRE,WRO/RAHC/R-3622785,"OPP. SHRIRAM CHIKKI,, CARPET AREA- 600/Sq.Ft.,,Municipal Corporation City Survey Ward No.5,Rajkot, RAJKOT, RAJKOT, GUJARAT ,360002",RAJKOT,RAJKOT,GUJARAT,360002,ACTIVE,Operative,20/12/2026,"Gold,Yellow Gold Hallmarking",Assaying & Hallmarking,https://www.manakonline.in/MANAK/AHCListForWebsite
HALLMARKING,HM-01712,,1302,AHC-WRO-RAHC-R-3622792,GANESH HALLMARK CENTER,WRO/RAHC/R-3622792,"SHOP NO.101 TO 104, CITY SURVEY BLOCK NO. C,SURVEY NO. 369/A, SHUBHAM CHAMBER, DHANI STREET,, JUNAGADH, VERAVAL, GUJARAT ,362265",VERAVAL,JUNAGADH,GUJARAT,362265,ACTIVE,Operative,01/06/2029,Yellow Gold Hallmarking,Assaying & Hallmarking,https://www.manakonline.in/MANAK/AHCListForWebsite
HALLMARKING,HM-01713,,1303,AHC-WRO-RAHC-R-3623142,RUDRA HALLMARKING AND ASSAYING CENTRE,WRO/RAHC/R-3623142,"3rd Floor 308 Gold Souk Hathikhana Main road,Rajkot Gujarat, RAJKOT, RAJKOT, GUJARAT ,360001",RAJKOT,RAJKOT,GUJARAT,360001,ACTIVE,Operative,25/02/2027,Gold & Silver Both Hallmarking,Assaying & Hallmarking,https://www.manakonline.in/MANAK/AHCListForWebsite
HALLMARKING,HM-01714,,1304,AHC-WRO-RAHC-R-3623208,BALAJI ASSAYING AND HALLMARKING CENTRE,WRO/RAHC/R-3623208,"Swaminarayan Temple, 2nd Floor, 208, Raj Plaza,Palace Road, Palace Road, Rajkot,, RAJKOT, RAJKOT, GUJARAT ,360001",RAJKOT,RAJKOT,GUJARAT,360001,ACTIVE,Operative,01/06/2029,"Yellow Gold,Silver Hallmarking",Assaying & Hallmarking,https://www.manakonline.in/MANAK/AHCListForWebsite
HALLMARKING,HM-01716,,1305,AHC-WRO-RAHC-R-3625122,SHREE MOMAI ASSAYING & HALLMARKING CENTRE,WRO/RAHC/R-3625122,"3RD FLOOR, NEAR HARSHAD MANDIR,GOLDEN PLAZASONI BAZAR, Khambhalia, Devbhumi Dwarka,, DEVBHOOMI DWARKA, , GUJARAT ,361305",DEVBHOOMI DWARKA,Devbhumi Dwarka,GUJARAT,361305,ACTIVE,Operative,23/11/2026,Yellow Gold Hallmarking,Assaying & Hallmarking,https://www.manakonline.in/MANAK/AHCListForWebsite
HALLMARKING,HM-01718,,1306,AHC-WRO-RAHC-R-3625820,G S HALLMARKING & REFINERY CENTRE RM,WRO/RAHC/R-3625820,"1ST AND 2ND FLOOR, SHOP NO 2, DARBAR GADH ROAD,BHATT SHERY, MANDVI CHOWK,, RAJKOT, RAJKOT, GUJARAT ,360001",RAJKOT,RAJKOT,GUJARAT,360001,ACTIVE,Operative,05/05/2028,Yellow Gold Hallmarking,Assaying & Hallmarking,https://www.manakonline.in/MANAK/AHCListForWebsite
HALLMARKING,HM-01719,,1307,AHC-WRO-RAHC-R-3626279,NCH Services Private Limited,WRO/RAHC/R-3626279,"Office- 401, Fourth Floor,Shivamaraj Street No.1, Palace Road, RAJKOT, RAJKOT, GUJARAT ,360001",RAJKOT,RAJKOT,GUJARAT,360001,ACTIVE,Operative,08/04/2027,"Yellow Gold,Silver Hallmarking",Assaying & Hallmarking,https://www.manakonline.in/MANAK/AHCListForWebsite
HALLMARKING,HM-01720,,1308,AHC-WRO-RAHC-R-3626369,SIDDHIVINAYAK HALLMARK & ASSAYING CENTER,WRO/RAHC/R-3626369,"FIRST FLOOR,WARDNO 3,SHEET NO 61, SURVEY NO 2604HERDIPITH NO DELO, BOMBAY WALO KHANCHO, BHAVNAGAR, BHAVNAGAR, GUJARAT ,364001",BHAVNAGAR,BHAVNAGAR,GUJARAT,364001,ACTIVE,Operative,22/05/2028,"Gold,Yellow Gold Hallmarking",Assaying & Hallmarking,https://www.manakonline.in/MANAK/AHCListForWebsite
HALLMARKING,HM-01721,,1309,AHC-WRO-RAHC-R-3626774,SHREE RANG HALLMARKING CENTER,WRO/RAHC/R-3626774,"PRABHA MAHEL 2ND FLOORB/H RIXA STAND CHANDIBAZAR JAMNAGAR, JAMNAGAR, , GUJARAT ,361001",JAMNAGAR,PRABHA MAHEL 2ND FLOORB/H RIXA STAND CHANDIBAZAR JAMNAGAR,GUJARAT,361001,ACTIVE,Operative,08/02/2027,Yellow Gold Hallmarking,Assaying & Hallmarking,https://www.manakonline.in/MANAK/AHCListForWebsite
HALLMARKING,HM-01722,,1310,AHC-WRO-RAHC-R-3626950,Shree Hari Hallmarking Centre,WRO/RAHC/R-3626950,"Hirm,purnanand chamber, basementopp. rajni building, bhupender road, RAJKOT, RAJKOT, GUJARAT ,360001",RAJKOT,RAJKOT,GUJARAT,360001,ACTIVE,Operative,15/05/2029,Gold & Silver Both Hallmarking,Assaying & Hallmarking,https://www.manakonline.in/MANAK/AHCListForWebsite
HALLMARKING,HM-01724,,1311,AHC-WRO-RAHC-R-3627086,SHREEJI HALLMARKING CENTRE,WRO/RAHC/R-3627086,"GROUND AND TWO FLOOR ABOVE, SWAMI SHREEJI, NEARNANA AMBAJI STREET, HIGH COURT ROAD, BHAVNAGAR,, BHAVNAGAR, BHAVNAGAR, GUJARAT ,364001",BHAVNAGAR,BHAVNAGAR,GUJARAT,364001,ACTIVE,Operative,25/09/2028,Yellow Gold Hallmarking,Assaying & Hallmarking,https://www.manakonline.in/MANAK/AHCListForWebsite
HALLMARKING,HM-01725,,1312,AHC-WRO-RAHC-R-3627157,SHREE HALLMARK CENTRE,WRO/RAHC/R-3627157,"CITY SURVERY NO 306, CITY SURVEY BLOCK NO 9,DELI FADIYA, CHHAYA BAZAR, JUNAGADH, JUNAGADH, JUNAGADH, GUJARAT ,362001",JUNAGADH,JUNAGADH,GUJARAT,362001,ACTIVE,Operative,16/08/2027,Yellow Gold Hallmarking,Assaying & Hallmarking,https://www.manakonline.in/MANAK/AHCListForWebsite
HALLMARKING,HM-01727,,1313,AHC-WRO-RAHC-R-3627821,M N R HALLMARKING CENTER,WRO/RAHC/R-3627821,"VORA SHERI,C S NO 2238 , DHOBI GALIFOZDAR VALO KHANCHO , M G ROAD,KHARGATE,BHAVNAGAR,, BHAVNAGAR, BHAVNAGAR, GUJARAT ,364001",BHAVNAGAR,BHAVNAGAR,GUJARAT,364001,ACTIVE,Operative,02/02/2029,"Gold,Yellow Gold Hallmarking",Assaying & Hallmarking,https://www.manakonline.in/MANAK/AHCListForWebsite
HALLMARKING,HM-01729,,1314,AHC-WRO-RAHC-R-3628752,Ambica Hallmarking Center,WRO/RAHC/R-3628752,"Mahalaxmi Cinema Road, Opp VAIDH UTARA,PATADIA BUILDING, C J HOSPITAL ROAD, VADI PARA, SURENDRANAGAR, SURENDRANAGAR, GUJARAT ,363001",SURENDRANAGAR,SURENDRANAGAR,GUJARAT,363001,ACTIVE,Operative,16/06/2029,Yellow Gold Hallmarking,Assaying & Hallmarking,https://www.manakonline.in/MANAK/AHCListForWebsite
HALLMARKING,HM-01731,,1315,AHC-WRO-RAHC-R-3711445,SHREEJI HALLMARK CENTER,WRO/RAHC/R-3711445,"T.P. 1, Plot No 447/B, Ganga BazarGanga Naka, Anjar, Kachchh, KUTCH, ANJAR, GUJARAT ,370110",ANJAR,KUTCH,GUJARAT,370110,ACTIVE,Operative,17/02/2029,Gold & Silver Both Hallmarking,Assaying & Hallmarking,https://www.manakonline.in/MANAK/AHCListForWebsite
HALLMARKING,HM-01732,,1316,AHC-WRO-RAHC-R-3711663,PARGO HALLMARK CENTER,WRO/RAHC/R-3711663,"2ND FLOOR, OFFICE NO. 202, PLOT NO. 249, BHAI P2ND FLOOR,OFFICE NO.202,PLOT NO.249,BHAI PRATAP, KUTCH, GANDHIDHAM, GUJARAT ,370201",GANDHIDHAM,KUTCH,GUJARAT,370201,ACTIVE,Operative,26/11/2027,Gold & Silver Both Hallmarking,Assaying & Hallmarking,https://www.manakonline.in/MANAK/AHCListForWebsite
HALLMARKING,HM-01733,,1317,AHC-WRO-RAHC-R-3715923,Siddhivinayak Hallmarking Center,WRO/RAHC/R-3715923,"Survey No 678, TP Scheme No 5, Pir Chok,Kansara Bazar, Joshi Faliya,, KUTCH, BHUJ, GUJARAT ,370001",BHUJ,KUTCH,GUJARAT,370001,ACTIVE,Operative,31/08/2027,Gold & Silver Both Hallmarking,Assaying & Hallmarking,https://www.manakonline.in/MANAK/AHCListForWebsite
HALLMARKING,HM-01734,,1318,AHC-WRO-RAHC-R-3716457,Mahalaxmi Hallmarking Center,WRO/RAHC/R-3716457,"Machhi Pith, First Floor, Final Plot No 204,T.P. 1, Ganga Bazar Road, Ganga Naka, Anjar, KUTCH, ANJAR, GUJARAT ,370110",ANJAR,KUTCH,GUJARAT,370110,ACTIVE,Operative,01/06/2029,Yellow Gold Hallmarking,Assaying & Hallmarking,https://www.manakonline.in/MANAK/AHCListForWebsite
HALLMARKING,HM-01737,,1319,AHC-WRO-RAHC-R-3811199,AMBIKA HALLMARKING CENTRE,WRO/RAHC/R-3811199,"SUPERMALL COMPLEX,SECOND FLOOR,SHOP NO.217,C.G.ROAD,NEAR LAL BUNGALOW CIRCLE,NAVRANPURA,, AHMEDABAD, NAVRANGPURA, GUJARAT ,380009",NAVRANGPURA,AHMEDABAD,GUJARAT,380009,ACTIVE,Operative,24/02/2029,Gold & Silver Both Hallmarking,Assaying & Hallmarking,https://www.manakonline.in/MANAK/AHCListForWebsite
HALLMARKING,HM-01738,,1320,AHC-WRO-RAHC-R-3811646,CHIRAG HALLMARKING CENTER,WRO/RAHC/R-3811646,"Building No./Flat No.: 3 & 4,Maa Krupa Complex,Near Nagarpalika Hospital,Patel Wada,Ta. Godhra, PANCHMAHAL, GODHRA SHROFF BAZAR, GUJARAT ,389001",GODHRA SHROFF BAZAR,PANCHMAHAL,GUJARAT,389001,ACTIVE,Operative,17/07/2029,Gold & Silver Both Hallmarking,Assaying & Hallmarking,https://www.manakonline.in/MANAK/AHCListForWebsite
HALLMARKING,HM-01739,,1321,AHC-WRO-RAHC-R-3811988,Jay Bhavani Hallmarking Center,WRO/RAHC/R-3811988,"S No 4706, TP Scheme No 2895Vaghan Pole, Zaveriwad, Kalupur, AHMEDABAD, AHMEDABAD G.P.O., GUJARAT ,380001",AHMEDABAD G.P.O,AHMEDABAD,GUJARAT,380001,ACTIVE,Operative,22/05/2027,Yellow Gold Hallmarking,Assaying & Hallmarking,https://www.manakonline.in/MANAK/AHCListForWebsite
HALLMARKING,HM-01741,,1322,AHC-WRO-RAHC-R-3812705,PGC GOLD CENTER,WRO/RAHC/R-3812705,"113,FIRST FLOOR, SUPERMALL COMPLEXNEAR LAL BUNGLOWS, C G ROAD Ahmedabad, AHMEDABAD, NAVRANGPURA, GUJARAT ,380006",NAVRANGPURA,AHMEDABAD,GUJARAT,380006,ACTIVE,Operative,27/05/2027,Yellow Gold Hallmarking,Assaying & Hallmarking,https://www.manakonline.in/MANAK/AHCListForWebsite
HALLMARKING,HM-01742,,1323,AHC-WRO-RAHC-R-3813282,OM ASSAYING AND HALLMARKING CENTRE,WRO/RAHC/R-3813282,"FIRST FLOOR, ABHISHEK COMPLEX, SHREE UMASHANKAR JOSHI MARGCG ROAD, GIRISH GOLD DRINK, AHMEDABAD, NAVRANGPURA, GUJARAT ,380009",NAVRANGPURA,AHMEDABAD,GUJARAT,380009,ACTIVE,Operative,20/07/2028,Yellow Gold Hallmarking,Assaying & Hallmarking,https://www.manakonline.in/MANAK/AHCListForWebsite
HALLMARKING,HM-01743,,1324,AHC-WRO-RAHC-R-3813397,RADHA KRISHNA TOUCH AND HALLMARK CENTER,WRO/RAHC/R-3813397,"4700, VAGHAN POLE, ZAVERWAD,RELIEF ROAD, AHMRDABAD-380001, AHMEDABAD, AHMEDABAD G.P.O., GUJARAT ,380001",AHMEDABAD G.P.O,AHMEDABAD,GUJARAT,380001,ACTIVE,Operative,15/09/2025,Yellow Gold Hallmarking,Assaying & Hallmarking,https://www.manakonline.in/MANAK/AHCListForWebsite
HALLMARKING,HM-01744,,1325,AHC-WRO-RAHC-R-3813507,JIYA ASSAYING AND HALLMARKING CENTER,WRO/RAHC/R-3813507,"Floor No 0/868,869,870,SONI NI KHADAKISainath Complex,Kukarvada Road,Nr. LL Jewellers,, MEHSANA, KUKARWADA, GUJARAT ,384530",KUKARWADA,MEHSANA,GUJARAT,384530,ACTIVE,Operative,01/01/2029,Yellow Gold Hallmarking,Assaying & Hallmarking,https://www.manakonline.in/MANAK/AHCListForWebsite
HALLMARKING,HM-01745,,1326,AHC-WRO-RAHC-R-3814979,Shree Ram Hallmarking Centre,WRO/RAHC/R-3814979,"Plot No 986, Tika No 8,Municipal Ward No 9, Ground Floor & First Floor,, KHEDA, NADIAD, GUJARAT ,387001",NADIAD,KHEDA,GUJARAT,387001,ACTIVE,Operative,22/01/2028,Gold Hallmarking,Assaying & Hallmarking,https://www.manakonline.in/MANAK/AHCListForWebsite
HALLMARKING,HM-01746,,1327,AHC-WRO-RAHC-R-3815026,PRINCE HALLMARKING CENTRE,WRO/RAHC/R-3815026,"2ND FLOOR, 916 COMPLEX,NO.177M.G.HAVELI RD,MANEKCHOWK, AHMEDABAD, MANEK CHOWK, GUJARAT ,380001",MANEK CHOWK,AHMEDABAD,GUJARAT,380001,SUSPENDED,Under Suspension,18/04/2027,"Yellow Gold,Silver Hallmarking",Assaying & Hallmarking,https://www.manakonline.in/MANAK/AHCListForWebsite
HALLMARKING,HM-01748,,1328,AHC-WRO-RAHC-R-3815333,Shree Bhavani Hallmarking Centre,WRO/RAHC/R-3815333,"Ground Floor and First Floor, City Survey No.753,Muni Census No 444,Kandoi Ni Khadki, Manek Chowk, AHMEDABAD, AHMEDABAD G.P.O., GUJARAT ,380001",AHMEDABAD G.P.O,AHMEDABAD,GUJARAT,380001,ACTIVE,Operative,01/07/2027,Gold Hallmarking,Assaying & Hallmarking,https://www.manakonline.in/MANAK/AHCListForWebsite
HALLMARKING,HM-01750,,1329,AHC-WRO-RAHC-R-3815684,VRAJ HALLMARKING CENTRE,WRO/RAHC/R-3815684,"1216,1217 GF Building Vasupujya ComplexStreet M G H ROAD RUPASURCHAND NI POLE Manek Chowk, AHMEDABAD, MANEK CHOWK, GUJARAT ,380001",MANEK CHOWK,AHMEDABAD,GUJARAT,380001,ACTIVE,Operative,25/09/2028,Gold & Silver Both Hallmarking,Assaying & Hallmarking,https://www.manakonline.in/MANAK/AHCListForWebsite
HALLMARKING,HM-01751,,1330,AHC-WRO-RAHC-R-3815782,LAXMI HALLMARKING CENTER,WRO/RAHC/R-3815782,"196,First floor Gusha Parekh pole M G Haveli Road, AHMEDABAD, MANEK CHOWK, GUJARAT ,380001",MANEK CHOWK,AHMEDABAD,GUJARAT,380001,ACTIVE,Operative,07/03/2029,Gold & Silver Both Hallmarking,Assaying & Hallmarking,https://www.manakonline.in/MANAK/AHCListForWebsite
HALLMARKING,HM-01752,,1331,AHC-WRO-RAHC-R-3815825,Shivam Assaying Hallmarking Centre,WRO/RAHC/R-3815825,"312 Third Floor, Ten-11,Near Union BankC.G.Road,Ellis bridge,, AHMEDABAD, NAVAPURA, GUJARAT ,380006",NAVAPURA,AHMEDABAD,GUJARAT,380006,ACTIVE,Operative,09/11/2028,Yellow Gold Hallmarking,Assaying & Hallmarking,https://www.manakonline.in/MANAK/AHCListForWebsite
HALLMARKING,HM-01753,,1332,AHC-WRO-RAHC-R-3816367,JAGDAMBA HALLMARKING CENTRE,WRO/RAHC/R-3816367,"1ST FLOOR & SECOND FLOOR, KUBER BHUVAN,KANDOI NI KHADAKI, SAANKDI SERI NAKA., AHMEDABAD, MANEK CHOWK, GUJARAT ,380001",MANEK CHOWK,AHMEDABAD,GUJARAT,380001,ACTIVE,Operative,16/09/2028,Yellow Gold Hallmarking,Assaying & Hallmarking,https://www.manakonline.in/MANAK/AHCListForWebsite
HALLMARKING,HM-01754,,1333,AHC-WRO-RAHC-R-3816368,VGR HALLMARKING CENTRE,WRO/RAHC/R-3816368,"A1A2 BLOCK-NO.18,19,52,53,Joyos Hubtown,MODHERA CHOKDI, MEHSANA, MAHESANA, GUJARAT ,384002",MAHESANA,MEHSANA,GUJARAT,384002,ACTIVE,Operative,25/09/2028,Gold & Silver Both Hallmarking,Assaying & Hallmarking,https://www.manakonline.in/MANAK/AHCListForWebsite
HALLMARKING,HM-01756,,1334,AHC-WRO-RAHC-R-3816784,PITRU KRUPA ASSAYING LAB,WRO/RAHC/R-3816784,"2ND FLOOR SHOP N0 8 SURVAY NO 417/1 GOKUL COMPLEXNR CHUNINILAL CHAWL SUKHRAM NAGAR AHMEDABAD, AHMEDABAD, RAKHIAL, GUJARAT ,380023",RAKHIAL,AHMEDABAD,GUJARAT,380023,ACTIVE,Operative,20/05/2029,Gold & Silver Both Hallmarking,Assaying & Hallmarking,https://www.manakonline.in/MANAK/AHCListForWebsite
HALLMARKING,HM-01757,,1335,AHC-WRO-RAHC-R-3817192,Manek Hallmarking Center,WRO/RAHC/R-3817192,"54/1, SONI NI KHADKI, M G HAVELI ROAD, MANEKCHOWK,, AHMEDABAD, MANEK CHOWK, GUJARAT ,380001",MANEK CHOWK,AHMEDABAD,GUJARAT,380001,ACTIVE,Operative,11/08/2028,Yellow Gold Hallmarking,Assaying & Hallmarking,https://www.manakonline.in/MANAK/AHCListForWebsite
HALLMARKING,HM-01758,,1336,AHC-WRO-RAHC-R-3817440,JAIN HALLMARK CENTER,WRO/RAHC/R-3817440,"1271, M G HAVELI, OPP GUSA PAREKH NI POLEMANEK CHOWK, AHMEDABAD,, AHMEDABAD, MANEK CHOWK, GUJARAT ,380001",MANEK CHOWK,AHMEDABAD,GUJARAT,380001,ACTIVE,Operative,25/04/2029,Yellow Gold Hallmarking,Assaying & Hallmarking,https://www.manakonline.in/MANAK/AHCListForWebsite
HALLMARKING,HM-01759,,1337,AHC-WRO-RAHC-R-3817583,SHREENATH HALLMARK CENTER,WRO/RAHC/R-3817583,"SECOND FLOOR-2237,SHOP NO,1 & 2, KAKUBHAI BUILDINGMAHURAT POLE,AHMEDABAD-380001, AHMEDABAD, MANEK CHOWK, GUJARAT ,380001",MANEK CHOWK,AHMEDABAD,GUJARAT,380001,ACTIVE,Operative,31/07/2028,Yellow Gold Hallmarking,Assaying & Hallmarking,https://www.manakonline.in/MANAK/AHCListForWebsite
HALLMARKING,HM-01760,,1338,AHC-WRO-RAHC-R-3817899,Narayan Assaying And Hallmarking Centre,WRO/RAHC/R-3817899,"507,3rd EYE THREE ,Behind Girish colddrinkShilp Cross road,Navrangpura,, AHMEDABAD, NAVRANGPURA, GUJARAT ,380009",NAVRANGPURA,AHMEDABAD,GUJARAT,380009,ACTIVE,Operative,25/09/2026,Gold Hallmarking,Assaying & Hallmarking,https://www.manakonline.in/MANAK/AHCListForWebsite
HALLMARKING,HM-01761,,1339,AHC-WRO-RAHC-R-3818013,Iskon Hallmarking Center,WRO/RAHC/R-3818013,"Shop No 107, First Floor, Paragon,Near Hotel Rock Regency, Off C G Road,, AHMEDABAD, AHMEDABAD G.P.O., GUJARAT ,380009",AHMEDABAD G.P.O,AHMEDABAD,GUJARAT,380009,ACTIVE,Operative,08/12/2028,Yellow Gold Hallmarking,Assaying & Hallmarking,https://www.manakonline.in/MANAK/AHCListForWebsite
HALLMARKING,HM-01762,,1340,AHC-WRO-RAHC-R-3819037,SHREE HARI HALLMARKING CENTER,WRO/RAHC/R-3819037,"SER NO 2831 149/2,NAVA BAZARGANDHI ROAD,HIMATNAGAR, SABARKANTHA, HIMATNAGAR, GUJARAT ,383001",HIMATNAGAR,SABARKANTHA,GUJARAT,383001,ACTIVE,Operative,10/11/2028,Yellow Gold Hallmarking,Assaying & Hallmarking,https://www.manakonline.in/MANAK/AHCListForWebsite
HALLMARKING,HM-01764,,1341,AHC-WRO-RAHC-R-3820122,DWARKESH HALLMARKING CENTRE,WRO/RAHC/R-3820122,"5 Floor 502, 323 Corporate Park, Near Girish ColddCross Road near Samudra Annex, CG Road, Navrangpur, AHMEDABAD, NAVRANGPURA, GUJARAT ,380009",NAVRANGPURA,AHMEDABAD,GUJARAT,380009,ACTIVE,Operative,08/04/2027,Gold & Silver Both Hallmarking,Assaying & Hallmarking,https://www.manakonline.in/MANAK/AHCListForWebsite
HALLMARKING,HM-01765,,1342,AHC-WRO-RAHC-R-3820240,SHREE JYOTILING HALLMARKING CENTRE,WRO/RAHC/R-3820240,"422, FIRST FLOOR,SHAHI VADA NI KHADKINEAR KANYA SHALA, CHAVDI BAZAR ROAD,NAGAR KUVA, ANAND, PETLAD, GUJARAT ,388450",PETLAD,ANAND,GUJARAT,388450,ACTIVE,Operative,23/01/2027,Yellow Gold Hallmarking,Assaying & Hallmarking,https://www.manakonline.in/MANAK/AHCListForWebsite
HALLMARKING,HM-01766,,1343,AHC-WRO-RAHC-R-3820383,SHENAL ASSAYING AND HALLMARKING CENTRE,WRO/RAHC/R-3820383,"DUKAN NO-1, SOCIETY BAJAR, PT WARD NO-4THARAD, BANASKANTHA, BANASKANTHA, THARAD, GUJARAT ,385565",THARAD,BANASKANTHA,GUJARAT,385565,SUSPENDED,Under Suspension,20/02/2029,"Gold,Yellow Gold Hallmarking",Assaying & Hallmarking,https://www.manakonline.in/MANAK/AHCListForWebsite
HALLMARKING,HM-01767,,1344,AHC-WRO-RAHC-R-3820890,Vardhman Hallmarking Center,WRO/RAHC/R-3820890,"Shop No.313,Astodiya,Rangati Kapad BazaarHabib Ni Golwad,Opp Bado Pole,Ahmedabad,Gujarat-38, AHMEDABAD, AHMEDABAD G.P.O., GUJARAT ,380001",AHMEDABAD G.P.O,AHMEDABAD,GUJARAT,380001,SUSPENDED,Under Suspension,08/04/2027,Yellow Gold Hallmarking,Assaying & Hallmarking,https://www.manakonline.in/MANAK/AHCListForWebsite
HALLMARKING,HM-01768,,1345,AHC-WRO-RAHC-R-3821222,SOHAM ASSAYING & HALLMARKING CENTER,WRO/RAHC/R-3821222,"SECOND FLOOR,SHOP NO.206,3RD EYE-3Nr.GIRISH COLD DRINKS,CROSS ROAD,NAVRANGPURA,, AHMEDABAD, NAVAPURA, GUJARAT ,380009",NAVAPURA,AHMEDABAD,GUJARAT,380009,ACTIVE,Operative,02/03/2028,Yellow Gold Hallmarking,Assaying & Hallmarking,https://www.manakonline.in/MANAK/AHCListForWebsite
HALLMARKING,HM-01769,,1346,AHC-WRO-RAHC-R-3821708,SHRI RIDDHI SIDDHI HALLMARKING CENTER,WRO/RAHC/R-3821708,"Bhavsarwad,Dabhan Bhagole Road,Kashyap Mafatlal Family Shop,Junaraopura,Nadiad, KHEDA, NADIAD, GUJARAT ,387001",NADIAD,KHEDA,GUJARAT,387001,ACTIVE,Operative,04/07/2028,Yellow Gold Hallmarking,Assaying & Hallmarking,https://www.manakonline.in/MANAK/AHCListForWebsite
HALLMARKING,HM-01771,,1347,AHC-WRO-RAHC-R-3822444,RAMDEV HALLMARKING CENTRE,WRO/RAHC/R-3822444,"MAHESANA NAGAR PALLIKA,FIRST FLOOR,F-101CRYSTAL CITY MALL,SATYANARAYAN MANDIR ROAD,PILA JI, MEHSANA, MAHESANA, GUJARAT ,384001",MAHESANA,MEHSANA,GUJARAT,384001,ACTIVE,Operative,06/12/2028,"Yellow Gold,Yellow Gold Hallmarking",Assaying & Hallmarking,https://www.manakonline.in/MANAK/AHCListForWebsite
HALLMARKING,HM-01772,,1348,AHC-WRO-RAHC-R-3822992,SHREE AMBICA TOUCH,WRO/RAHC/R-3822992,"F-1, GOLD SOUK COMPLEX, BEHIND SAPHIRE COMPLEXC G ROAD ELLIS BRIDGE, AHMEDABAD, ELLISBRIDGE, GUJARAT ,380006",ELLISBRIDGE,AHMEDABAD,GUJARAT,380006,ACTIVE,Operative,20/06/2028,Yellow Gold Hallmarking,Assaying & Hallmarking,https://www.manakonline.in/MANAK/AHCListForWebsite
HALLMARKING,HM-01773,,1349,AHC-WRO-RAHC-R-3823046,Nilkanth Hallmarking Centre,WRO/RAHC/R-3823046,"TF/302, Rain Drops Complex, Opp Cargo Motors,CG Road Ellisebridge, AHMEDABAD, AHMEDABAD G.P.O., GUJARAT ,380006",AHMEDABAD G.P.O,AHMEDABAD,GUJARAT,380006,ACTIVE,Operative,02/03/2028,"Gold,Yellow Gold Hallmarking",Assaying & Hallmarking,https://www.manakonline.in/MANAK/AHCListForWebsite
HALLMARKING,HM-01774,,1350,AHC-WRO-RAHC-R-3823707,Arihant Assaying and Hallmarking Centre,WRO/RAHC/R-3823707,"T.F. 1997, Dahi ni Khadki, M G Haveli Road,Manek Chowk, Ahmedabad, AHMEDABAD, MANEK CHOWK, GUJARAT ,380001",MANEK CHOWK,AHMEDABAD,GUJARAT,380001,ACTIVE,Operative,08/04/2027,"Yellow Gold,Silver Hallmarking",Assaying & Hallmarking,https://www.manakonline.in/MANAK/AHCListForWebsite
HALLMARKING,HM-01775,,1351,AHC-WRO-RAHC-R-3823747,ANSH ASSAYING AND HALLMARKING CENTER,WRO/RAHC/R-3823747,"Building No./Flat No.: 5/9/84 PAREKH POLETower Road,Landmark: Purnima Electrical, VISNAGAR, MEHSANA, VISNAGAR, GUJARAT ,384315",VISNAGAR,MEHSANA,GUJARAT,384315,ACTIVE,Operative,31/07/2028,Yellow Gold Hallmarking,Assaying & Hallmarking,https://www.manakonline.in/MANAK/AHCListForWebsite
HALLMARKING,HM-01776,,1352,AHC-WRO-RAHC-R-3823890,Noble Assaying & Hallmarking Centre,WRO/RAHC/R-3823890,"Unit No 5&6, Panchratna Building, Opp. White HousePanchwati Circle, C. G. Road,, AHMEDABAD, PALDI (AHMEDABAD), GUJARAT ,380006",PALDI (AHMEDABAD),AHMEDABAD,GUJARAT,380006,ACTIVE,Operative,18/07/2028,"Yellow Gold,Silver Hallmarking",Assaying & Hallmarking,https://www.manakonline.in/MANAK/AHCListForWebsite
HALLMARKING,HM-01777,,1353,AHC-WRO-RAHC-R-3824385,SHREE ASSAYING AND HALLMARKING CENTRE,WRO/RAHC/R-3824385,"SECOND FLOOR,SHOP. No.316,SUPPER MALL COMPLEX,Nr.LAL BUNGLOW ,C.G.ROAD,AHMEDABAD, AHMEDABAD, NAVAPURA, GUJARAT ,380009",NAVAPURA,AHMEDABAD,GUJARAT,380009,SUSPENDED,Under Suspension,30/06/2027,Gold Hallmarking,Assaying & Hallmarking,https://www.manakonline.in/MANAK/AHCListForWebsite
HALLMARKING,HM-01778,,1354,AHC-WRO-RAHC-R-3825244,JAY JIRAWALA HALLMARKING CENTER,WRO/RAHC/R-3825244,"GROUND FLOOR,1190,DAHI NI KHADKIM.G.HAVELI ROAD, MANEKCHOWK,AHMEDABAD, AHMEDABAD, AHMEDABAD G.P.O., GUJARAT ,380001",AHMEDABAD G.P.O,AHMEDABAD,GUJARAT,380001,ACTIVE,Operative,06/10/2027,Yellow Gold Hallmarking,Assaying & Hallmarking,https://www.manakonline.in/MANAK/AHCListForWebsite
HALLMARKING,HM-01779,,1355,AHC-WRO-RAHC-R-3825480,AADINATH HALLMARKING CENTRE,WRO/RAHC/R-3825480,"504, HR ELANZA NEAR MAHA LAXMI CROSS ROADPaldi Ahmedabad, AHMEDABAD, PALDI (AHMEDABAD), GUJARAT ,380007",PALDI (AHMEDABAD),AHMEDABAD,GUJARAT,380007,ACTIVE,Operative,18/04/2027,Gold & Silver Both Hallmarking,Assaying & Hallmarking,https://www.manakonline.in/MANAK/AHCListForWebsite
HALLMARKING,HM-01780,,1356,AHC-WRO-RAHC-R-3825803,OM HALLMARKS CENTRE,WRO/RAHC/R-3825803,"FIRST FLOOR, A.NO.1569,WARD NO.6, ABOVE HARIOMORNAMENTS, MAIN BAZAR,LEKHRAJ CHAR RASTA,TA.DEESA, BANASKANTHA, DISA BAZAR, GUJARAT ,385535",DISA BAZAR,BANASKANTHA,GUJARAT,385535,ACTIVE,Operative,08/05/2025,Yellow Gold Hallmarking,Assaying & Hallmarking,https://www.manakonline.in/MANAK/AHCListForWebsite
HALLMARKING,HM-01781,,1357,AHC-WRO-RAHC-R-3826355,Rudrraaxx Assaying and Hallmarking Lab,WRO/RAHC/R-3826355,"302, Iscon Arcade, Swagat Cross Roads,C G Road, Ellisbridge,, AHMEDABAD, AHMEDABAD G.P.O., GUJARAT ,380006",AHMEDABAD G.P.O,AHMEDABAD,GUJARAT,380006,ACTIVE,Operative,05/06/2028,Gold & Silver Both Hallmarking,Assaying & Hallmarking,https://www.manakonline.in/MANAK/AHCListForWebsite
HALLMARKING,HM-01782,,1358,AHC-WRO-RAHC-R-3826707,OM ASSAYING & HALLMARKING CENTRE,WRO/RAHC/R-3826707,"3rd floor,TF-4,916 Building,M G Haveli RoadManekchowk,Ahmedabad-380001, AHMEDABAD, AHMEDABAD G.P.O., GUJARAT ,380001",AHMEDABAD G.P.O,AHMEDABAD,GUJARAT,380001,ACTIVE,Operative,17/07/2029,"Yellow Gold,Gold & Silver Both Hallmarking",Assaying & Hallmarking,https://www.manakonline.in/MANAK/AHCListForWebsite
HALLMARKING,HM-01783,,1359,AHC-WRO-RAHC-R-3827319,RADHE HALLMARKING CENTRE,WRO/RAHC/R-3827319,"196 Gusa Parekh Pole M G Haveli RoadManek Chowk Ahmedabad, AHMEDABAD, MANEK CHOWK, GUJARAT ,380001",MANEK CHOWK,AHMEDABAD,GUJARAT,380001,ACTIVE,Operative,26/07/2027,Gold & Silver Both Hallmarking,Assaying & Hallmarking,https://www.manakonline.in/MANAK/AHCListForWebsite
HALLMARKING,HM-01784,,1360,AHC-WRO-RAHC-R-3828291,NAKODA ASSAYING & HALLMARKING CENTRE,WRO/RAHC/R-3828291,"TENEMANT NO.10066/895,6/795 Nr.SUKHADIYA SWEET MART,MOTI BAZAR,PALANPUR, BANASKANTHA, PALANPUR, GUJARAT ,385001",PALANPUR,BANASKANTHA,GUJARAT,385001,ACTIVE,Operative,04/08/2028,Gold & Silver Both Hallmarking,Assaying & Hallmarking,https://www.manakonline.in/MANAK/AHCListForWebsite
HALLMARKING,HM-01785,,1361,AHC-WRO-RAHC-R-3829580,PARSHWA ASSAYING AND HALLMARKING CENTRE,WRO/RAHC/R-3829580,"2nd FLOOR, 207, SHREE BALAJI PARAGON, C.G.ROAD, AHMEDABAD, AHMEDABAD G.P.O., GUJARAT ,380009",AHMEDABAD G.P.O,AHMEDABAD,GUJARAT,380009,SUSPENDED,Under Suspension,12/06/2028,Yellow Gold Hallmarking,Assaying & Hallmarking,https://www.manakonline.in/MANAK/AHCListForWebsite
HALLMARKING,HM-01786,,1362,AHC-WRO-RAHC-R-3829595,Shreenathji hallmarking centre,WRO/RAHC/R-3829595,"125/1,SHETH NI POLERATANPOLE, AHMEDABAD, AHMEDABAD G.P.O., GUJARAT ,380001",AHMEDABAD G.P.O,AHMEDABAD,GUJARAT,380001,ACTIVE,Operative,16/11/2028,Gold Hallmarking,Assaying & Hallmarking,https://www.manakonline.in/MANAK/AHCListForWebsite
HALLMARKING,HM-01788,,1363,AHC-WRO-RAHC-R-3910967,Sirius Marking Centre,WRO/RAHC/R-3910967,"2nd Floor,Front Wing,Gujarat Hira Bourse,Administrative Building, GHB Gem & Jewellery Park,, SURAT, ICHHAPORE, GUJARAT ,394510",ICHHAPORE,SURAT,GUJARAT,394510,SUSPENDED,Under Suspension,15/06/2029,Gold Hallmarking,Assaying & Hallmarking,https://www.manakonline.in/MANAK/AHCListForWebsite
HALLMARKING,HM-01792,,1364,AHC-WRO-RAHC-R-3915265,PRINCE HALLMARKING AND REFINERY PRIVATE LIMITED,WRO/RAHC/R-3915265,"3rd Floor, Plot No-C ,Hall 2, Silver Plaza,Katargam Road, Katargam,surat-395004, SURAT, SURAT, GUJARAT ,395004",SURAT,SURAT,GUJARAT,395004,ACTIVE,Operative,01/07/2027,Gold & Silver Both Hallmarking,Assaying & Hallmarking,https://www.manakonline.in/MANAK/AHCListForWebsite
HALLMARKING,HM-01793,,1365,AHC-WRO-RAHC-R-3915336,RKGG HALLMARKING CENTER,WRO/RAHC/R-3915336,"LOTWALAS KHACHA VISMANIAS KHACHA,1ST FLOOR JAINDERASARSAAMEKAROLIA POLENEARJAINDERASAR RKBUILDING, VADODARA, VADODARA, GUJARAT ,390001",VADODARA,VADODARA,GUJARAT,390001,ACTIVE,Operative,19/08/2029,Gold Hallmarking,Assaying & Hallmarking,https://www.manakonline.in/MANAK/AHCListForWebsite
HALLMARKING,HM-01794,,1366,AHC-WRO-RAHC-R-3915385,JKB Assay & Hallmarking Centre,WRO/RAHC/R-3915385,"720, Haveli Mohollo, Mota Bazar,Navsari, Gujarat., NAVSARI, NAVSARI, GUJARAT ,396445",NAVSARI,NAVSARI,GUJARAT,396445,ACTIVE,Operative,29/04/2029,Yellow Gold Hallmarking,Assaying & Hallmarking,https://www.manakonline.in/MANAK/AHCListForWebsite
HALLMARKING,HM-01795,,1367,AHC-WRO-RAHC-R-3915924,SAINATH HALLMARKING AND ASSAYING CENTRE,WRO/RAHC/R-3915924,"GROUND FLOOR,219,BHAGUNAGAR CO OP HOUSING SOCIETY1LH ROAD,MATAWADI,SURAT, SURAT, SURAT CITY, GUJARAT ,395006",SURAT CITY,SURAT,GUJARAT,395006,ACTIVE,Operative,28/11/2028,"Yellow Gold,Gold & Silver Both Hallmarking",Assaying & Hallmarking,https://www.manakonline.in/MANAK/AHCListForWebsite
HALLMARKING,HM-01796,,1368,AHC-WRO-RAHC-R-3916173,RAM ART HALLMARKING AND ASSAYING CENTER,WRO/RAHC/R-3916173,"GF-1,PANCHAMRUT APPARTMENT,47 VISHWAS COLONY, ALKAPURI, VADODARA, VADODARA, VADODARA, GUJARAT ,390007",VADODARA,VADODARA,GUJARAT,390007,ACTIVE,Operative,15/05/2029,Gold & Silver Both Hallmarking,Assaying & Hallmarking,https://www.manakonline.in/MANAK/AHCListForWebsite
HALLMARKING,HM-01797,,1369,AHC-WRO-RAHC-R-3916437,SHREE RAM HALLMARKING CENTRE,WRO/RAHC/R-3916437,"SF RAM ART, SHYAMAL BECHAL POLE,M G ROAD, VADODARA, MANDVI (VADODARA), GUJARAT ,390001",MANDVI (VADODARA),VADODARA,GUJARAT,390001,ACTIVE,Operative,14/05/2029,Gold & Silver Both Hallmarking,Assaying & Hallmarking,https://www.manakonline.in/MANAK/AHCListForWebsite
HALLMARKING,HM-01798,,1370,AHC-WRO-RAHC-R-3916873,NCH Services Pvt Ltd,WRO/RAHC/R-3916873,"L-22/23, Gujarat Hira Bourse Gem & Jewellery ParkIchhapore Road, Hazira, SURAT, ICHHAPORE, GUJARAT ,394510",ICHHAPORE,SURAT,GUJARAT,394510,ACTIVE,Operative,08/10/2027,"Yellow Gold,White Gold Nickel based,White Gold Palladium based,Silver,Gold & Silver Both Hallmarking",Assaying & Hallmarking,https://www.manakonline.in/MANAK/AHCListForWebsite
HALLMARKING,HM-01800,,1371,AHC-WRO-RAHC-R-3918972,PRAMUKH HALLMARK CENTER,WRO/RAHC/R-3918972,"1st Floor, Plot No. 6, Nandudoshi Wadi,VASTADEVDI ROAD, NEAR GOTALAWADI, KATARGAM, SURAT, SURAT, SURAT, GUJARAT ,395004",SURAT,SURAT,GUJARAT,395004,ACTIVE,Operative,28/08/2028,"White Gold Nickel based,Gold & Silver Both Hallmarking",Assaying & Hallmarking,https://www.manakonline.in/MANAK/AHCListForWebsite
HALLMARKING,HM-01801,,1372,AHC-WRO-RAHC-R-3919458,NCH SERVICES PRIVATE LIMITED,WRO/RAHC/R-3919458,"5 Floor, Kalamandir Jewellers ltd PuniyaBhoomi, VIP Road, Bhagwan mahavir college, Vesu, SURAT, VESU, GUJARAT ,395007",VESU,SURAT,GUJARAT,395007,ACTIVE,Operative,26/01/2028,"Yellow Gold,White Gold Nickel based,Silver Hallmarking",Assaying & Hallmarking,https://www.manakonline.in/MANAK/AHCListForWebsite
HALLMARKING,HM-01802,,1373,AHC-WRO-RAHC-R-3919536,V D PRECIOUS METALS,WRO/RAHC/R-3919536,"1st Floor, Shop No. 101,102,103, Royal Corner,Halar Cross Road, Beside Shah Virchand Govanji Jew, VALSAD, VALSAD, GUJARAT ,396002",VALSAD,VALSAD,GUJARAT,396002,ACTIVE,Operative,11/06/2029,Gold & Silver Both Hallmarking,Assaying & Hallmarking,https://www.manakonline.in/MANAK/AHCListForWebsite
HALLMARKING,HM-01803,,1374,AHC-WRO-RAHC-R-3919581,NCH Services Private Limited,WRO/RAHC/R-3919581,"Unit Gala No 48, Apollo Industrial Estate Premises Co-op Society Ltd,Off Mahakali Road, Near Paper Box Lane, Andheri East,Mumbai, MUMBAI CITY, ANDHERI, MAHARASHTRA ,400093",ANDHERI,MUMBAI CITY,MAHARASHTRA,400093,ACTIVE,Operative,11/06/2027,"Gold,Yellow Gold Hallmarking",Assaying & Hallmarking,https://www.manakonline.in/MANAK/AHCListForWebsite
HALLMARKING,HM-01804,,1375,AHC-WRO-RAHC-R-3919763,Nilkanth Gold Testing and Hallmarking Centre,WRO/RAHC/R-3919763,"1276/1/2 Afin Walo Khacho,, VADODARA, PADRA, GUJARAT ,391440",PADRA,VADODARA,GUJARAT,391440,ACTIVE,Operative,05/06/2028,"Gold,Yellow Gold Hallmarking",Assaying & Hallmarking,https://www.manakonline.in/MANAK/AHCListForWebsite
HALLMARKING,HM-01805,,1376,AHC-WRO-RAHC-R-3919803,AKSHARDHAM HALLMARKING CENTRE,WRO/RAHC/R-3919803,"1st Floor, J-14, Gems & Jewellery Park,Gujarat Hira Bourse, Ichhapore, SURAT, SURAT, GUJARAT ,394510",SURAT,SURAT,GUJARAT,394510,ACTIVE,Operative,22/05/2027,"Yellow Gold,White Gold Nickel based,Silver Hallmarking",Assaying & Hallmarking,https://www.manakonline.in/MANAK/AHCListForWebsite
HALLMARKING,HM-01806,,1377,AHC-WRO-RAHC-R-3921218,STANDARD HALLMARKING AND ASSAYING CENTER,WRO/RAHC/R-3921218,"1ST FLOOR,PLOT NO 31 TO 33,SHOP NO 8 AND 9,BHAKTIARCADE,SATELIGHT ROAD,MAHADEV CHOWK MOTA VARACHHA,, SURAT, SURAT, GUJARAT ,394101",SURAT,SURAT,GUJARAT,394101,ACTIVE,Operative,26/06/2027,Yellow Gold Hallmarking,Assaying & Hallmarking,https://www.manakonline.in/MANAK/AHCListForWebsite
HALLMARKING,HM-01807,,1378,AHC-WRO-RAHC-R-3922052,SADGURU HALLMARKING CENTRE,WRO/RAHC/R-3922052,"GR.FLOOR SURVEY NO 1718-1719&1724,PLOT NO 57,DIAMOUND PARK 3, OPP OLD VAISHALI CENEMA,VARACHHA, SURAT, SURAT, GUJARAT ,395006",SURAT,SURAT,GUJARAT,395006,ACTIVE,Operative,04/08/2028,Gold Hallmarking,Assaying & Hallmarking,https://www.manakonline.in/MANAK/AHCListForWebsite
HALLMARKING,HM-01810,,1379,AHC-WRO-RAHC-R-3923258,V D PRECIOUS METALS,WRO/RAHC/R-3923258,"613-614, Sixth Floor, Sonorous-A,Koparli Road, Opp. Circuit House,, VALSAD, VAPI, GUJARAT ,396191",VAPI,VALSAD,GUJARAT,396191,ACTIVE,Operative,11/06/2027,"Gold,Yellow Gold Hallmarking",Assaying & Hallmarking,https://www.manakonline.in/MANAK/AHCListForWebsite
HALLMARKING,HM-01811,,1380,AHC-WRO-RAHC-R-3923731,NGT HALLMARKING LAB,WRO/RAHC/R-3923731,"1-2-3 Floors, City Survey No 5711 and 146/t, Karol, VADODARA, MANDVI (VADODARA), GUJARAT ,390001",MANDVI (VADODARA),VADODARA,GUJARAT,390001,ACTIVE,Operative,05/03/2029,Yellow Gold Hallmarking,Assaying & Hallmarking,https://www.manakonline.in/MANAK/AHCListForWebsite
HALLMARKING,HM-01813,,1381,AHC-WRO-RAHC-R-3924393,SHREE HALLMARK CENTER,WRO/RAHC/R-3924393,"B-1589, Ghaliyarwad, Kansarvad,, BHARUCH, BHARUCH, GUJARAT ,392001",BHARUCH,BHARUCH,GUJARAT,392001,ACTIVE,Operative,20/07/2028,Gold Hallmarking,Assaying & Hallmarking,https://www.manakonline.in/MANAK/AHCListForWebsite
HALLMARKING,HM-01814,,1382,AHC-WRO-RAHC-R-3924542,NEW AKSHARDHAM HALLMARKING CENTRE,WRO/RAHC/R-3924542,"7/3422, 1st FLOOR, RAMPURA MAIN ROAD, NEAR PATIDARMAHIDHARPURA, SURAT-395003, SURAT, SURAT, GUJARAT ,395003",SURAT,SURAT,GUJARAT,395003,ACTIVE,Operative,02/04/2028,"Yellow Gold,White Gold Nickel based Hallmarking",Assaying & Hallmarking,https://www.manakonline.in/MANAK/AHCListForWebsite
HALLMARKING,HM-01815,,1383,AHC-WRO-RAHC-R-3926314,INDIPURE HALLMARKING CENTRE,WRO/RAHC/R-3926314,"Block No. 41,1st Floor,Shiv Shankar Parvati Co.Op.Ho. Soc., Varachha Road, Surat - 395006, Gujarat, SURAT, SURAT, GUJARAT ,395006",SURAT,SURAT,GUJARAT,395006,ACTIVE,Operative,20/06/2028,"Yellow Gold,White Gold Nickel based,Silver Hallmarking",Assaying & Hallmarking,https://www.manakonline.in/MANAK/AHCListForWebsite
HALLMARKING,HM-01816,,1384,AHC-WRO-RAHC-R-3926453,NCH Services Pvt Ltd,WRO/RAHC/R-3926453,"SY-433/1, CS-3733/C, Plot No. 03 Paiki, 1st Floor, Super CompoundNandu Doshini Wadi, Katargam, SURAT, KATARGAM, GUJARAT ,395004",KATARGAM,SURAT,GUJARAT,395004,ACTIVE,Operative,27/09/2028,"Yellow Gold,White Gold Nickel based,Silver Hallmarking",Assaying & Hallmarking,https://www.manakonline.in/MANAK/AHCListForWebsite
HALLMARKING,HM-01818,,1385,AHC-WRO-RAHC-R-3927468,RRG ASSAYING & HALLMARKING CENTRE,WRO/RAHC/R-3927468,"2ND & 3RD FLOOR, ABOVE B K ARTS, OPP. LAXMI GOLD KAROLIYA POLE,MG ROAD, MANDVI, VADODARA, GUJARAT, 390001., VADODARA, MANDVI (VADODARA), GUJARAT ,390001",MANDVI (VADODARA),VADODARA,GUJARAT,390001,ACTIVE,Operative,11/05/2029,Gold & Silver Both Hallmarking,Assaying & Hallmarking,https://www.manakonline.in/MANAK/AHCListForWebsite
HALLMARKING,HM-01819,,1386,AHC-WRO-RAHC-R-3927821,SHREE SAINATH HALLMARKING CENTER,WRO/RAHC/R-3927821,"GR FL, 1ST FL,SY-3/667-A-1,Karva RoadLocality/Sub Locality: Nava Pura,, SURAT, SURAT, GUJARAT ,395003",SURAT,SURAT,GUJARAT,395003,ACTIVE,Operative,08/12/2028,Gold & Silver Both Hallmarking,Assaying & Hallmarking,https://www.manakonline.in/MANAK/AHCListForWebsite
HALLMARKING,HM-01822,,1387,AHC-WRO-RAHC-R-3929111,GALAXY HALLMARK CENTRE,WRO/RAHC/R-3929111,"WARD NO. 3, NONDH NUMBER. 4096,GROUND FLOOR, FIRSTSECOND & THIRD,FLOOR, DARIYA SHERI,NAVAPURA,SURAT, SURAT, SURAT CITY, GUJARAT ,395003",SURAT CITY,SURAT,GUJARAT,395003,ACTIVE,Operative,18/02/2029,Yellow Gold Hallmarking,Assaying & Hallmarking,https://www.manakonline.in/MANAK/AHCListForWebsite
HALLMARKING,HM-01823,,1388,AHC-WRO-RAHC-R-3929400,Indipure Hallmarking Centre,WRO/RAHC/R-3929400,"1ST Floor, I-19, I-Road, Gujarat Hira BourseIchchhapore, Surat-394510( Gujarat, SURAT, ICHHAPORE, GUJARAT ,394510",ICHHAPORE,SURAT,GUJARAT,394510,ACTIVE,Operative,12/08/2027,"Gold,Yellow Gold Hallmarking",Assaying & Hallmarking,https://www.manakonline.in/MANAK/AHCListForWebsite
HALLMARKING,HM-01824,,1389,AHC-WRO-RAHC-R-3929572,MAA AMBICA ASSAYING & HALLMARKING CENTER,WRO/RAHC/R-3929572,"0, A-A, CITY SURVEY NO. 2238/ B, ANKLESHWAR,, BHARUCH, ANKLESHWAR, GUJARAT ,393001",ANKLESHWAR,BHARUCH,GUJARAT,393001,SUSPENDED,Under Suspension,26/09/2028,Yellow Gold Hallmarking,Assaying & Hallmarking,https://www.manakonline.in/MANAK/AHCListForWebsite
HALLMARKING,HM-01825,,1390,AHC-WRO-RAHC-R-3929597,SHREE AASHAPURA HALLMARKING CENTRE,WRO/RAHC/R-3929597,"Floor No.: 2nd and 3rd Floor Building No./Flat No.5/1975,/Street, Ghee Kanta Road,Haripura,Surat, SURAT, HARIPURA, GUJARAT ,395003",HARIPURA,SURAT,GUJARAT,395003,ACTIVE,Operative,10/07/2027,Gold & Silver Both Hallmarking,Assaying & Hallmarking,https://www.manakonline.in/MANAK/AHCListForWebsite
HALLMARKING,HM-01827,,1391,AHC-WRO-RAHC-R-400433,PARMESWARI DEVI HALLMARKING CENTRE,WRO/RAHC/R-400433,"SHOP NO-2, SUVARNA BINDU COMPLEX,KOTHARIYA NAKA,PALACE ROAD,360001, RAJKOT, RAJKOT, GUJARAT ,360001",RAJKOT,RAJKOT,GUJARAT,360001,ACTIVE,Operative,17/12/2028,"Yellow Gold,Silver Hallmarking",Assaying & Hallmarking,https://www.manakonline.in/MANAK/AHCListForWebsite
HALLMARKING,HM-01828,,1392,AHC-WRO-RAHC-R-400705,GGC Gujrat Gold Centre Private Limited,WRO/RAHC/R-400705,"324/325, A/B & 412, Supermall,Near Lal Bungalow, C G Road,, AHMEDABAD, , GUJARAT ,380006",AHMEDABAD,C G Road,GUJARAT,380006,ACTIVE,Operative,06/04/2027,Yellow Gold Hallmarking,Assaying & Hallmarking,https://www.manakonline.in/MANAK/AHCListForWebsite
HALLMARKING,HM-01829,,1393,AHC-WRO-RAHC-R-400708,LEO ANALYTICS LAB,WRO/RAHC/R-400708,"261/2, Ved Chawl, SV Road,Borivali West, Mumbai 92., MUMBAI SUBURBAN, MUMBAI SUBURBAN, MAHARASHTRA ,400092",MUMBAI SUBURBAN,MUMBAI SUBURBAN,MAHARASHTRA,400092,ACTIVE,Operative,16/07/2028,Gold Hallmarking,Assaying & Hallmarking,https://www.manakonline.in/MANAK/AHCListForWebsite
HALLMARKING,HM-01830,,1394,AHC-WRO-RAHC-R-400713,MAHAVIR HALLMARKING CENTRE PRIVATE LIMITED,WRO/RAHC/R-400713,"80/B, 1ST FLOOR, PATWA CHAWL, SHEIKH MEMON STREET,ZAVERI BAZAR, KALBADEVI,, MUMBAI CITY, KALBADEVI, MAHARASHTRA ,400002",KALBADEVI,MUMBAI CITY,MAHARASHTRA,400002,ACTIVE,Operative,25/02/2027,Yellow Gold Hallmarking,Assaying & Hallmarking,https://www.manakonline.in/MANAK/AHCListForWebsite
HALLMARKING,HM-01831,,1395,AHC-WRO-RAHC-R-400716,Varsha Bullion Hallmarking Centres,WRO/RAHC/R-400716,"2ND FLOOR, ROOM NO, 9/10 MH DHARAMKANTA BUILDING,MUMBADEVI ROAD, ZAVERI BAZAR, MUMBAI, MUMBAI CITY, KALBADEVI, MAHARASHTRA ,400002",KALBADEVI,MUMBAI CITY,MAHARASHTRA,400002,ACTIVE,Operative,01/09/2027,Gold & Silver Both Hallmarking,Assaying & Hallmarking,https://www.manakonline.in/MANAK/AHCListForWebsite
HALLMARKING,HM-01832,,1396,AHC-WRO-RAHC-R-400718,MAHALAXMI HALLMARKING CENTRE,WRO/RAHC/R-400718,"UNIT NO 113, 1ST FLR, DAMJI SHAMJI INDUSTRIALCOMPLEX, PAPER BOX ROAD, ANHERI EAST, MUMBAI CITY, ANDHERI EAST, MAHARASHTRA ,400093",ANDHERI EAST,MUMBAI CITY,MAHARASHTRA,400093,ACTIVE,Operative,06/10/2028,"Yellow Gold,White Gold Nickel based Hallmarking",Assaying & Hallmarking,https://www.manakonline.in/MANAK/AHCListForWebsite
HALLMARKING,HM-01835,,1397,AHC-WRO-RAHC-R-400735,INTERNATIONAL HALLMARK AND ASSAY PVT LTD,WRO/RAHC/R-400735,"C-4, 1st Floor, Udyog Sadan, MIDC.ANDHERI (EAST) MUMBAI -400093, MUMBAI CITY, ANDHERI EAST, MAHARASHTRA ,400093",ANDHERI EAST,MUMBAI CITY,MAHARASHTRA,400093,ACTIVE,Operative,13/05/2029,"Yellow Gold,White Gold Nickel based,Silver Hallmarking",Assaying & Hallmarking,https://www.manakonline.in/MANAK/AHCListForWebsite
HALLMARKING,HM-01836,,1398,AHC-WRO-RAHC-R-400737,Shreyanshnath Assay & Hallmarking Centre,WRO/RAHC/R-400737,"203, Jeet Complex, Above Vallabh Dining Hall,Jain Temple Lane, C G Road, Navrangpura,, AHMEDABAD, AHMEDABAD G.P.O., GUJARAT ,380009",AHMEDABAD G.P.O,AHMEDABAD,GUJARAT,380009,ACTIVE,Operative,22/05/2029,"Yellow Gold,White Gold Nickel based,Silver Hallmarking",Assaying & Hallmarking,https://www.manakonline.in/MANAK/AHCListForWebsite
HALLMARKING,HM-01837,,1399,AHC-WRO-RAHC-R-400740,VARIETY HALLMARK,WRO/RAHC/R-400740,"36, MADHUBAN INDUSTRIAL ESTATE, 1ST FLOOR,NEAR PAPER BOX, MAHAKALI CAVES ROAD, ANDHERI EAST, MUMBAI CITY, ANDHERI EAST, MAHARASHTRA ,400093",ANDHERI EAST,MUMBAI CITY,MAHARASHTRA,400093,ACTIVE,Operative,24/11/2026,"White Gold Nickel based,Gold & Silver Both Hallmarking",Assaying & Hallmarking,https://www.manakonline.in/MANAK/AHCListForWebsite
HALLMARKING,HM-01838,,1400,AHC-WRO-RAHC-R-400740-O1-,VARIETY HALLMARK,WRO/RAHC/R-400740(O1),"36, MADHUBAN INDUSTRIAL ESTATE, 1ST FLOOR,NEAR PAPER BOX, MAHAKALI CAVES ROAD, ANDHERI EAST, MUMBAI CITY, ANDHERI EAST, MAHARASHTRA ,400093",ANDHERI EAST,MUMBAI CITY,MAHARASHTRA,400093,ACTIVE,Operative,24/11/2026,"White Gold Nickel based,Gold & Silver Both Hallmarking",Assaying & Hallmarking,https://www.manakonline.in/MANAK/AHCListForWebsite
HALLMARKING,HM-01839,,1401,AHC-WRO-RAHC-R-400747,M K HALLMARK CENTRE,WRO/RAHC/R-400747,"OFFICE NO.3 , BLDG NO.12 , OPP. NITYANAND HOTELVITHALWADI, TELGALLI , ZAVERI BAZAR, MUMBAI CITY, KALBADEVI, MAHARASHTRA ,400002",KALBADEVI,MUMBAI CITY,MAHARASHTRA,400002,ACTIVE,Operative,06/08/2027,Yellow Gold Hallmarking,Assaying & Hallmarking,https://www.manakonline.in/MANAK/AHCListForWebsite
HALLMARKING,HM-01841,,1402,AHC-WRO-RAHC-R-400753,Mamata Hallmarking center,WRO/RAHC/R-400753,"SHOP NO.2/3, RAADHA NIWAS,GADKARI WADA,AGARKAR ROANEAR ASHMITA HOSPITAL, DOMBVLI, THANE, DOMBIVALI, MAHARASHTRA ,421201",DOMBIVALI,THANE,MAHARASHTRA,421201,ACTIVE,Operative,17/07/2027,Gold Hallmarking,Assaying & Hallmarking,https://www.manakonline.in/MANAK/AHCListForWebsite
HALLMARKING,HM-01842,,1403,AHC-WRO-RAHC-R-400753-O1-,Mamata Hallmarking center,WRO/RAHC/R-400753(O1),"SHOP NO.2/3, RAADHA NIWAS,GADKARI WADA,AGARKAR ROANEAR ASHMITA HOSPITAL, DOMBVLI, THANE, DOMBIVALI, MAHARASHTRA ,421201",DOMBIVALI,THANE,MAHARASHTRA,421201,ACTIVE,Operative,17/07/2027,Gold Hallmarking,Assaying & Hallmarking,https://www.manakonline.in/MANAK/AHCListForWebsite
HALLMARKING,HM-01843,,1404,AHC-WRO-RAHC-R-400754,International Hallmark & Assay Pvt Ltd,WRO/RAHC/R-400754,"4th Floor, Ratan Bhavan, Opp Sagar Bhavan,Main Bha, JALGAON, JALGAON, MAHARASHTRA ,425001",JALGAON,JALGAON,MAHARASHTRA,425001,ACTIVE,Operative,12/12/2027,Gold Hallmarking,Assaying & Hallmarking,https://www.manakonline.in/MANAK/AHCListForWebsite
HALLMARKING,HM-01844,,1405,AHC-WRO-RAHC-R-400756,SHREE RAJRAJESHWARI ASSAY AND HALLMARKING CENTRE,WRO/RAHC/R-400756,"Plot No. 1002, Station Road, Bhid Bazar,Survey No.1004, Behind Kumbhar Masjid, Bhuj (Kutch), KUTCH, BHUJ, GUJARAT ,370001",BHUJ,KUTCH,GUJARAT,370001,ACTIVE,Operative,01/08/2028,Yellow Gold Hallmarking,Assaying & Hallmarking,https://www.manakonline.in/MANAK/AHCListForWebsite
HALLMARKING,HM-01845,,1406,AHC-WRO-RAHC-R-400757,Master Bullion Assaying & Hallmarking Lab,WRO/RAHC/R-400757,"7 & 8 Floor, Office no. 722/723/818, Plot No. 175, Jewel WorldCottan Exchange Building, Kalbadevi Road,Prithvi Polymers Ind,KalbadeviBhuleshwar, Mumbai, MUMBAI CITY, KALBADEVI, MAHARASHTRA ,400002",KALBADEVI,MUMBAI CITY,MAHARASHTRA,400002,ACTIVE,Operative,06/08/2028,Gold & Silver Both Hallmarking,Assaying & Hallmarking,https://www.manakonline.in/MANAK/AHCListForWebsite
HALLMARKING,HM-01846,,1407,AHC-WRO-RAHC-R-400759,Precious Gold & Silver Hallmarking And Assaying Center Pvt Ltd,WRO/RAHC/R-400759,"1st Floor, Office-101/102,Diamond Plaza, Opp Patidar Bhavan, Mahidharpura, SURAT, SURAT, GUJARAT ,395003",SURAT,SURAT,GUJARAT,395003,ACTIVE,Operative,10/11/2028,Yellow Gold Hallmarking,Assaying & Hallmarking,https://www.manakonline.in/MANAK/AHCListForWebsite
HALLMARKING,HM-01848,,1408,AHC-WRO-RAHC-R-400768,AKSHARDHAM HALLMARKING CENTRE,WRO/RAHC/R-400768,"25/A, Patel Industrial Estate, Vastadevdi Road, Ne Opp Katargam Community Hall,, SURAT, SURAT CITY, GUJARAT ,395004",SURAT CITY,SURAT,GUJARAT,395004,ACTIVE,Operative,01/02/2029,"Yellow Gold,White Gold Nickel based Hallmarking",Assaying & Hallmarking,https://www.manakonline.in/MANAK/AHCListForWebsite
HALLMARKING,HM-01849,,1409,AHC-WRO-RAHC-R-400771,NCH Services Pvt Ltd,WRO/RAHC/R-400771,"9/445/A/101, ""Matru Parag,Azad Chowk, Valsad, VALSAD, VALSAD, GUJARAT ,396001",VALSAD,VALSAD,GUJARAT,396001,ACTIVE,Operative,20/03/2029,Yellow Gold Hallmarking,Assaying & Hallmarking,https://www.manakonline.in/MANAK/AHCListForWebsite
HALLMARKING,HM-01850,,1410,AHC-WRO-RAHC-R-400772,M S JALIYAN ASSAYING AND HALLMARKING CENTRE,WRO/RAHC/R-400772,"TF/302, National Plaza,Lal Bunglow,C G Road, Ellisbridge,, AHMEDABAD, AHMEDABAD G.P.O., GUJARAT ,380006",AHMEDABAD G.P.O,AHMEDABAD,GUJARAT,380006,ACTIVE,Operative,06/04/2029,Gold & Silver Both Hallmarking,Assaying & Hallmarking,https://www.manakonline.in/MANAK/AHCListForWebsite
HALLMARKING,HM-01852,,1411,AHC-WRO-RAHC-R-400779,Mahavir Assaying and hallmarking Centre LLP,WRO/RAHC/R-400779,"Parshwa Gold Building ,Raviwar Peth , Pune3rd floor , CTS No 486, 487, 489, PUNE, PUNE CITY, MAHARASHTRA ,411002",PUNE CITY,PUNE,MAHARASHTRA,411002,ACTIVE,Operative,09/07/2029,Gold Hallmarking,Assaying & Hallmarking,https://www.manakonline.in/MANAK/AHCListForWebsite
HALLMARKING,HM-01854,,1412,AHC-WRO-RAHC-R-400781,SBR HALLMARKING CENTRE,WRO/RAHC/R-400781,"PLOT NO 851,SHREEJI KRUPA COMLPEX ,(ABOVE ICICI BANK),NEW ITWARI ROAD,ITWARI, NAGPUR, NAGPUR CITY, MAHARASHTRA ,440002",NAGPUR CITY,NAGPUR,MAHARASHTRA,440002,ACTIVE,Operative,16/09/2026,Yellow Gold Hallmarking,Assaying & Hallmarking,https://www.manakonline.in/MANAK/AHCListForWebsite
HALLMARKING,HM-01855,,1413,AHC-WRO-RAHC-R-400782,PADMINI BULLION REFINERY,WRO/RAHC/R-400782,"101 TO 105 KARANJE GOLD ENCLAVEEAST MANGALWAR PETH, SOLAPUR, MANGALWAR PETH (SOLAPUR), MAHARASHTRA ,413002",MANGALWAR PETH (SOLAPUR),SOLAPUR,MAHARASHTRA,413002,ACTIVE,Operative,12/11/2026,Gold Hallmarking,Assaying & Hallmarking,https://www.manakonline.in/MANAK/AHCListForWebsite
HALLMARKING,HM-01856,,1414,AHC-WRO-RAHC-R-400783,JAY SAMOR HALLMARKING CENTRE,WRO/RAHC/R-400783,"1st FLOOR, P.V.COMPLEX, GANDHI ROAD, MAIN BAZAR, PATAN, PATAN, GUJARAT ,384265",PATAN,PATAN,GUJARAT,384265,ACTIVE,Operative,29/10/2026,Gold Hallmarking,Assaying & Hallmarking,https://www.manakonline.in/MANAK/AHCListForWebsite
HALLMARKING,HM-01857,,1415,AHC-WRO-RAHC-R-400784,Naakoda Hallmarking Centre,WRO/RAHC/R-400784,"201, 2nd floor, Soni Shopping Centre,L.T. Road, Borivali West, Mumbai, Maharashtra, MUMBAI CITY, BORIVALI WEST, MAHARASHTRA ,400092",BORIVALI WEST,MUMBAI CITY,MAHARASHTRA,400092,ACTIVE,Operative,07/12/2026,"Gold,Yellow Gold,Silver Hallmarking",Assaying & Hallmarking,https://www.manakonline.in/MANAK/AHCListForWebsite
HALLMARKING,HM-01858,,1416,AHC-WRO-RAHC-R-400785,Kannika Assaying & Hallmarking Centre,WRO/RAHC/R-400785,"544 K, Peth Bag, Jain Mandir Road,Gavali Galli, Taluka: Miraj, Dist: Sangli, SANGLI, MIRAJ, MAHARASHTRA ,416416",MIRAJ,SANGLI,MAHARASHTRA,416416,ACTIVE,Operative,28/12/2026,Gold & Silver Both Hallmarking,Assaying & Hallmarking,https://www.manakonline.in/MANAK/AHCListForWebsite
HALLMARKING,HM-01860,,1417,AHC-WRO-RAHC-R-400790,M B HALLMARK CENTRE,WRO/RAHC/R-400790,"104, VARDHAMAN SHOPPING CENTER, ABOVE TUNGARESHWAROPPOSITE RAILWAY STATION, VASAI WEST, PALGHAR, PALGHAR, MAHARASHTRA ,401202",PALGHAR,PALGHAR,MAHARASHTRA,401202,ACTIVE,Operative,03/02/2027,Yellow Gold Hallmarking,Assaying & Hallmarking,https://www.manakonline.in/MANAK/AHCListForWebsite
HALLMARKING,HM-01862,,1418,AHC-WRO-RAHC-R-400795,International Hallmark & Assay Pvt Ltd,WRO/RAHC/R-400795,"I 26/27, Gem & Jewellery Park, Icchapore Industrial Area,Hazira Road, Icchapore, SURAT, SURAT, GUJARAT ,394510",SURAT,SURAT,GUJARAT,394510,ACTIVE,Operative,26/05/2027,"Yellow Gold,White Gold Nickel based Hallmarking",Assaying & Hallmarking,https://www.manakonline.in/MANAK/AHCListForWebsite
HALLMARKING,HM-01863,,1419,AHC-WRO-RAHC-R-400795-O1-,International Hallmark & Assay Pvt Ltd,WRO/RAHC/R-400795(O1),"Plot no. 124, 6th floor,Kalamandir House, Ghoddod Road, Surat., SURAT, SURAT, GUJARAT ,395007",SURAT,SURAT,GUJARAT,395007,ACTIVE,Operative,26/05/2027,"Yellow Gold,White Gold Nickel based Hallmarking",Assaying & Hallmarking,https://www.manakonline.in/MANAK/AHCListForWebsite
HALLMARKING,HM-01864,,1420,AHC-WRO-RAHC-R-400796,SHREEM HALLMARKING CENTRE,WRO/RAHC/R-400796,"TF/305, NATIONAL PLAZA, OPP. LAL BUNGLOWSWAGAT CHAR RASTA, C.G. ROAD, AHMEDABAD, AHMEDABAD, AHMEDABAD G.P.O., GUJARAT ,380006",AHMEDABAD G.P.O,AHMEDABAD,GUJARAT,380006,ACTIVE,Operative,17/06/2027,Yellow Gold Hallmarking,Assaying & Hallmarking,https://www.manakonline.in/MANAK/AHCListForWebsite
HALLMARKING,HM-01867,,1421,AHC-WRO-RAHC-R-400800,G N Hallmarking s A unit of Multiplex Enterprises Pvt Ltd,WRO/RAHC/R-400800,"Shah & Nahar Industrial Estate, A-1,G-142,1st Floor, Sitaram Jadhav Marg, Lower Pare, MUMBAI CITY, PRABHADEVI, MAHARASHTRA ,400013",PRABHADEVI,MUMBAI CITY,MAHARASHTRA,400013,ACTIVE,Operative,16/07/2027,Yellow Gold Hallmarking,Assaying & Hallmarking,https://www.manakonline.in/MANAK/AHCListForWebsite
HALLMARKING,HM-01869,,1422,AHC-WRO-RAHC-R-400802,PARMESWARI DEVI HALLMARKING CENTRE,WRO/RAHC/R-400802,"63/A, KANCHWALA BUILDING, 3RD GLOOR, ROOM NO.26,DHANJI STREET MUMBAI, MUMBAI CITY, KALBADEVI, MAHARASHTRA ,400003",KALBADEVI,MUMBAI CITY,MAHARASHTRA,400003,ACTIVE,Operative,25/08/2027,"Yellow Gold,Silver Hallmarking",Assaying & Hallmarking,https://www.manakonline.in/MANAK/AHCListForWebsite
HALLMARKING,HM-01870,,1423,AHC-WRO-RAHC-R-400803,Mahalaxmi Hallmark Centre,WRO/RAHC/R-400803,"260, B-Ward, Khardekar Bol,Parit Galli, Gujari, Kolhapur., KOLHAPUR, KOLHAPUR, MAHARASHTRA ,416012",KOLHAPUR,KOLHAPUR,MAHARASHTRA,416012,ACTIVE,Operative,14/09/2027,Gold & Silver Both Hallmarking,Assaying & Hallmarking,https://www.manakonline.in/MANAK/AHCListForWebsite
HALLMARKING,HM-01871,,1424,AHC-WRO-RAHC-R-400804,GIRIJA HALLMARKING CENTRE,WRO/RAHC/R-400804,"SHOP NO 101KIBE SANKUL MARUTI LANE RATNAGIRI, RATNAGIRI, RATNAGIRI, MAHARASHTRA ,415612",RATNAGIRI,RATNAGIRI,MAHARASHTRA,415612,ACTIVE,Operative,28/09/2027,Gold Hallmarking,Assaying & Hallmarking,https://www.manakonline.in/MANAK/AHCListForWebsite
HALLMARKING,HM-01872,,1425,AHC-WRO-RAHC-R-400805,Shree Shiv Shakti Assaying & Hallmarking centre,WRO/RAHC/R-400805,"Office No. 117, Vikas Paradise,Bhakti Marg, Mulund (W), MUMBAI SUBURBAN, MUMBAI SUBURBAN, MAHARASHTRA ,400080",MUMBAI SUBURBAN,MUMBAI SUBURBAN,MAHARASHTRA,400080,ACTIVE,Operative,12/10/2027,Yellow Gold Hallmarking,Assaying & Hallmarking,https://www.manakonline.in/MANAK/AHCListForWebsite
HALLMARKING,HM-01875,,1426,AHC-WRO-RAHC-R-400810,Rajkotwala Gold Testing Lab,WRO/RAHC/R-400810,"Near Sukhadiya Sweet Mart,Moti Bazaar, Palanpur, Dist: Banaskantha., BANASKANTHA, PALANPUR, GUJARAT ,385001",PALANPUR,BANASKANTHA,GUJARAT,385001,ACTIVE,Operative,31/01/2028,"Yellow Gold,Silver Hallmarking",Assaying & Hallmarking,https://www.manakonline.in/MANAK/AHCListForWebsite
HALLMARKING,HM-01876,,1427,AHC-WRO-RAHC-R-400811,SHIV SHAKTI HALLMARKING CENTRE,WRO/RAHC/R-400811,"13/1816, 2ND FLOORMOTI BAZAR, TOWER ROAD, BANASKANTHA, PALANPUR, GUJARAT ,385001",PALANPUR,BANASKANTHA,GUJARAT,385001,ACTIVE,Operative,03/02/2028,Gold Hallmarking,Assaying & Hallmarking,https://www.manakonline.in/MANAK/AHCListForWebsite
HALLMARKING,HM-01877,,1428,AHC-WRO-RAHC-R-400812,NAKSHATRA HALLMARK CENTRE,WRO/RAHC/R-400812,"3RD&4TH FLOOR,T J HOUSE,M G HAVELI ROADMANEK CHOWK, AHMEDABAD, AHMEDABAD G.P.O., GUJARAT ,380001",AHMEDABAD G.P.O,AHMEDABAD,GUJARAT,380001,ACTIVE,Operative,23/02/2028,Yellow Gold Hallmarking,Assaying & Hallmarking,https://www.manakonline.in/MANAK/AHCListForWebsite
HALLMARKING,HM-01878,,1429,AHC-WRO-RAHC-R-400813,VARIETY MARKING CENTRE,WRO/RAHC/R-400813,"245, N.K. BUILDING, 3RD FLOOR,MUMBADEVI ROAD,ABOVE KESHAVLAL DALPATLAL ZAVERI, MUMBAI, MUMBAI CITY, KALBADEVI, MAHARASHTRA ,400002",KALBADEVI,MUMBAI CITY,MAHARASHTRA,400002,SUSPENDED,Under Suspension,23/02/2028,Yellow Gold Hallmarking,Assaying & Hallmarking,https://www.manakonline.in/MANAK/AHCListForWebsite
HALLMARKING,HM-01880,,1430,AHC-WRO-RAHC-R-400817,Alankar Hallmarking Centre,WRO/RAHC/R-400817,"202,Shambhu Complex Vad chowk Rajmarg Vad Chowk, RAJKOT, UPLETA LATI PLOT, GUJARAT ,360490",UPLETA LATI PLOT,RAJKOT,GUJARAT,360490,ACTIVE,Operative,06/04/2028,Yellow Gold Hallmarking,Assaying & Hallmarking,https://www.manakonline.in/MANAK/AHCListForWebsite
HALLMARKING,HM-01882,,1431,AHC-WRO-RAHC-R-400819,MAYUR HALLMARKING CENTRE,WRO/RAHC/R-400819,"MAYUR, SHINGADA TALAO,GURUDWARA ROAD, NASHIK, NASHIK, NASHIK CITY, MAHARASHTRA ,422001",NASHIK CITY,NASHIK,MAHARASHTRA,422001,ACTIVE,Operative,19/04/2028,Gold Hallmarking,Assaying & Hallmarking,https://www.manakonline.in/MANAK/AHCListForWebsite
HALLMARKING,HM-01883,,1432,AHC-WRO-RAHC-R-400822,GN HALLMARKING A UNIT OF AV GOLD PVT LTD,WRO/RAHC/R-400822,"809,BUDHWAR PETH , MAHONAHR BHAVN ,3RD FLOORFLAT NO -7,MOTI CHOWK ,PUNE, PUNE, PUNE CITY, MAHARASHTRA ,411002",PUNE CITY,PUNE,MAHARASHTRA,411002,ACTIVE,Operative,07/06/2028,Gold Hallmarking,Assaying & Hallmarking,https://www.manakonline.in/MANAK/AHCListForWebsite
HALLMARKING,HM-01884,,1433,AHC-WRO-RAHC-R-400824,VARIETY HALLMARK,WRO/RAHC/R-400824,"UNIT 122, BLUE ROSE INDUSTRIES PREMISES,1ST FLOOR,OFF W.E. HIGHWAY, BORIVLI [EAST], MUMBAI, MAHARASHTRA, MUMBAI CITY, BORIVALI WEST, MAHARASHTRA ,400066",BORIVALI WEST,MUMBAI CITY,MAHARASHTRA,400066,ACTIVE,Operative,08/06/2028,Yellow Gold Hallmarking,Assaying & Hallmarking,https://www.manakonline.in/MANAK/AHCListForWebsite
HALLMARKING,HM-01885,,1434,AHC-WRO-RAHC-R-400825,NAAKODA HALLMARKING CENTRE,WRO/RAHC/R-400825,"26 FIRST AGIARY LANEPARSI GALLI FIRST FLOOR KHARAKUWA ZAVERI BAZAR, MUMBAI CITY, MANDVI (MUMBAI), MAHARASHTRA ,400003",MANDVI (MUMBAI),MUMBAI CITY,MAHARASHTRA,400003,ACTIVE,Operative,09/06/2028,Gold & Silver Both Hallmarking,Assaying & Hallmarking,https://www.manakonline.in/MANAK/AHCListForWebsite
HALLMARKING,HM-01886,,1435,AHC-WRO-RAHC-R-400825-O1-,NAAKODA HALLMARKING CENTRE,WRO/RAHC/R-400825(O1),"26 FIRST AGIARY LANEPARSI GALLI FIRST FLOOR KHARAKUWA ZAVERI BAZAR, MUMBAI CITY, MANDVI (MUMBAI), MAHARASHTRA ,400003",MANDVI (MUMBAI),MUMBAI CITY,MAHARASHTRA,400003,ACTIVE,Operative,09/06/2028,Gold & Silver Both Hallmarking,Assaying & Hallmarking,https://www.manakonline.in/MANAK/AHCListForWebsite
HALLMARKING,HM-01889,,1436,AHC-WRO-RAHC-R-400832,SURAT HALLMARKING CENTRE,WRO/RAHC/R-400832,"SY.NO.3, PLOT NO.186-87, FIRSY,VARACHHA ROAD, KARANJ MATAWADI,, SURAT, SURAT, GUJARAT ,395006",SURAT,SURAT,GUJARAT,395006,ACTIVE,Operative,18/07/2028,Yellow Gold Hallmarking,Assaying & Hallmarking,https://www.manakonline.in/MANAK/AHCListForWebsite
HALLMARKING,HM-01894,,1437,AHC-WRO-RAHC-R-400841,Ms RK Hallmarking Centre,WRO/RAHC/R-400841,"2nd floor, Shop C1-C5, Vallabha Ashray,Opp. Lal Bagh, Chandi Bazaar, Jamnagar., JAMNAGAR, JAMNAGAR, GUJARAT ,361001",JAMNAGAR,JAMNAGAR,GUJARAT,361001,ACTIVE,Operative,18/09/2028,Gold & Silver Both Hallmarking,Assaying & Hallmarking,https://www.manakonline.in/MANAK/AHCListForWebsite
HALLMARKING,HM-01896,,1438,AHC-WRO-RAHC-R-400843,V G GOLD ASSAYING & HALLMARKING CENTRE,WRO/RAHC/R-400843,"28/29 RAJSHRUNGI COMPLEX OPP. ASHAPURA TEMPLE, RAJKOT, RAJKOT, GUJARAT ,360001",RAJKOT,RAJKOT,GUJARAT,360001,ACTIVE,Operative,04/10/2028,Gold Hallmarking,Assaying & Hallmarking,https://www.manakonline.in/MANAK/AHCListForWebsite
HALLMARKING,HM-01899,,1439,AHC-WRO-RAHC-R-400847,NCH Service P Ltd,WRO/RAHC/R-400847,"201, Opp. Prabhat Boot House, Patva Sheri,Mota Bazar, Navsari, Gujarat - 396445, NAVSARI, NAVSARI, GUJARAT ,396445",NAVSARI,NAVSARI,GUJARAT,396445,ACTIVE,Operative,08/11/2028,"Yellow Gold,White Gold Nickel based Hallmarking",Assaying & Hallmarking,https://www.manakonline.in/MANAK/AHCListForWebsite
HALLMARKING,HM-01907,,1440,AHC-WRO-RAHC-R-400858,I Goldi Hallmarking & Assaying Center,WRO/RAHC/R-400858,"1st Floor, Office No.104, Diamond Plaza,Rampura Main Road, Near Patidar Samaj Bhavan,, SURAT, SURAT, GUJARAT ,395003",SURAT,SURAT,GUJARAT,395003,ACTIVE,Operative,11/01/2029,Yellow Gold Hallmarking,Assaying & Hallmarking,https://www.manakonline.in/MANAK/AHCListForWebsite
HALLMARKING,HM-01908,,1441,AHC-WRO-RAHC-R-400859,SHREE ADINATH LAB,WRO/RAHC/R-400859,"1723/A2, FIRST & SECOND FLOORSARAF BAZAR BHAVANI PETH, JALGAON, JALGAON, MAHARASHTRA ,425001",JALGAON,JALGAON,MAHARASHTRA,425001,ACTIVE,Operative,10/01/2029,Gold Hallmarking,Assaying & Hallmarking,https://www.manakonline.in/MANAK/AHCListForWebsite
HALLMARKING,HM-01912,,1442,AHC-WRO-RAHC-R-400866,Sanskar Hallmarking Centre,WRO/RAHC/R-400866,"Tika No.7/1, Survey No.187,1st & 2nd Floor,Kapad Bazar, Tower Road,Opp. Kapol Mahajan Wadi., AMRELI DISTRICT, AMRELI, GUJARAT ,365601",AMRELI,AMRELI DISTRICT,GUJARAT,365601,ACTIVE,Operative,14/03/2029,Yellow Gold Hallmarking,Assaying & Hallmarking,https://www.manakonline.in/MANAK/AHCListForWebsite
HALLMARKING,HM-01913,,1443,AHC-WRO-RAHC-R-400867,SHREE GIRIRAJ HALLMARKING CENTRE,WRO/RAHC/R-400867,"SHOP NO 4, SHIV SHOPPING MOL,DERA STREET NANI BAZAR, GONDAL, Rajkot, Gujarat, RAJKOT, GONDAL, GUJARAT ,360311",GONDAL,RAJKOT,GUJARAT,360311,ACTIVE,Operative,20/03/2029,Yellow Gold Hallmarking,Assaying & Hallmarking,https://www.manakonline.in/MANAK/AHCListForWebsite
HALLMARKING,HM-01916,,1444,AHC-WRO-RAHC-R-400872,SHRIRAM ASSAYING AND HALLMARKING CENTRE,WRO/RAHC/R-400872,"Flat no 13,1st floor,Savitri plaza,Bhende galliCS No.156-157,Gujari,C ward,Karveer,Kolhapur, KOLHAPUR, KOLHAPUR, MAHARASHTRA ,416012",KOLHAPUR,KOLHAPUR,MAHARASHTRA,416012,ACTIVE,Operative,27/04/2029,Gold & Silver Both Hallmarking,Assaying & Hallmarking,https://www.manakonline.in/MANAK/AHCListForWebsite
HALLMARKING,HM-01917,,1445,AHC-WRO-RAHC-R-400873,SHRI SADGURU HALLMARKING CENTER,WRO/RAHC/R-400873,"SHOP NO.28, SURMALHAR CHS, PLOT NO.43, SECTOR 36,K, RAIGAD, JCI KAMOTHE, MAHARASHTRA ,410209",JCI KAMOTHE,RAIGAD,MAHARASHTRA,410209,ACTIVE,Operative,15/05/2026,"Gold,Yellow Gold Hallmarking",Assaying & Hallmarking,https://www.manakonline.in/MANAK/AHCListForWebsite
HALLMARKING,HM-01918,,1446,AHC-WRO-RAHC-R-400878,R J HALLMARKING CENTRE,WRO/RAHC/R-400878,"Office No.5, 1st Floor,Ajanta Co-OperativePremises Society Ltd,Tilak Road, Santacruz (west), MUMBAI CITY, SANTACRUZ(WEST), MAHARASHTRA ,400054",SANTACRUZ(WEST),MUMBAI CITY,MAHARASHTRA,400054,ACTIVE,Operative,10/07/2029,Yellow Gold Hallmarking,Assaying & Hallmarking,https://www.manakonline.in/MANAK/AHCListForWebsite
HALLMARKING,HM-01922,,1447,AHC-WRO-RAHC-R-400883,VELLOCITY ASSAYING AND HALLMARK CENTRE,WRO/RAHC/R-400883,"4TH FLOOR,, FLAT NO.12,, BHAVNA BLDGGAUSHALA LANE,RAMLILA MAIDAN,, MALAD-EAST, Mumbai, MUMBAI SUBURBAN, MUMBAI SUBURBAN, MAHARASHTRA ,400097",MUMBAI SUBURBAN,MUMBAI SUBURBAN,MAHARASHTRA,400097,ACTIVE,Operative,31/07/2029,"Yellow Gold,White Gold Nickel based,White Gold Palladium based,Silver Hallmarking",Assaying & Hallmarking,https://www.manakonline.in/MANAK/AHCListForWebsite
HALLMARKING,HM-01923,,1448,AHC-WRO-RAHC-R-400884,SURYA HALLMARKINGS,WRO/RAHC/R-400884,"UNIT NO 412, 4TH FLOOR, BUSSA UDYOG BHAVAN,T.J ROAD, WARD NO- F SOUTH, SEWREEE WEST,MUMBAI., MUMBAI CITY, SEWRI, MAHARASHTRA ,400015",SEWRI,MUMBAI CITY,MAHARASHTRA,400015,OTHER,Deferred,07/08/2026,Gold Hallmarking,Assaying & Hallmarking,https://www.manakonline.in/MANAK/AHCListForWebsite
HALLMARKING,HM-01929,,1449,AHC-WRO-RAHC-R-400890,G N HALLMARKING CENTRE,WRO/RAHC/R-400890,"746/B,1st & 2 nd floor,Raviwar Peth, Pune, PUNE, RAVIWAR PETH, MAHARASHTRA ,411002",RAVIWAR PETH,PUNE,MAHARASHTRA,411002,ACTIVE,Operative,18/09/2026,Gold Hallmarking,Assaying & Hallmarking,https://www.manakonline.in/MANAK/AHCListForWebsite
HALLMARKING,HM-01931,,1450,AHC-WRO-RAHC-R-400892,MAHARAJA HALLMARK CENTRE,WRO/RAHC/R-400892,"ADITI APARTMENT,F-2/A/5,3 RD FLOOR,PLOT NO.12,SECTOR-9,VASHI,NAVI MUMBAI-400703, THANE, VASHI (THANE), MAHARASHTRA ,400703",VASHI (THANE),THANE,MAHARASHTRA,400703,ACTIVE,Operative,20/09/2026,Yellow Gold Hallmarking,Assaying & Hallmarking,https://www.manakonline.in/MANAK/AHCListForWebsite
HALLMARKING,HM-01932,,1451,AHC-WRO-RAHC-R-400893,Mahalakshmi Hallmarkings,WRO/RAHC/R-400893,"CTS NO.450, ASHA APARTMENT, 1ST FLOOR, BAGADE ROADRAVIWAR PETH,PUNE, PUNE, RAVIWAR PETH, MAHARASHTRA ,411002",RAVIWAR PETH,PUNE,MAHARASHTRA,411002,ACTIVE,Operative,20/09/2026,Gold & Silver Both Hallmarking,Assaying & Hallmarking,https://www.manakonline.in/MANAK/AHCListForWebsite
HALLMARKING,HM-01935,,1452,AHC-WRO-RAHC-R-400896,NITYANAND ASSAYING AND HALLMARKING CENTER,WRO/RAHC/R-400896,"4th, Office No.118/120, Ashok House,Shaikh Memon Street, Zaveri Bazar, Kalbadevi,MUMBI, MUMBAI CITY, KALBADEVI, MAHARASHTRA ,400002",KALBADEVI,MUMBAI CITY,MAHARASHTRA,400002,ACTIVE,Operative,02/10/2026,Yellow Gold Hallmarking,Assaying & Hallmarking,https://www.manakonline.in/MANAK/AHCListForWebsite
HALLMARKING,HM-01936,,1453,AHC-WRO-RAHC-R-400896-O1-,NITYANAND ASSAYING AND HALLMARKING CENTER,WRO/RAHC/R-400896(O1),"4th, Office No.118/120, Ashok House,Shaikh Memon Street, Zaveri Bazar, Kalbadevi,MUMBI, MUMBAI CITY, KALBADEVI, MAHARASHTRA ,400002",KALBADEVI,MUMBAI CITY,MAHARASHTRA,400002,ACTIVE,Operative,02/10/2026,Yellow Gold Hallmarking,Assaying & Hallmarking,https://www.manakonline.in/MANAK/AHCListForWebsite
HALLMARKING,HM-01938,,1454,AHC-WRO-RAHC-R-400899,OMKAR HALLMARKING CENTRE,WRO/RAHC/R-400899,"479 GIRIRAJ SADAN,3RD FLOORPUNE-411002, PUNE, RAVIWAR PETH, MAHARASHTRA ,411002",RAVIWAR PETH,PUNE,MAHARASHTRA,411002,ACTIVE,Operative,04/12/2026,Gold Hallmarking,Assaying & Hallmarking,https://www.manakonline.in/MANAK/AHCListForWebsite
HALLMARKING,HM-01939,,1455,AHC-WRO-RAHC-R-400900,Sonai Hallmark Center,WRO/RAHC/R-400900,"Ganpati Peth,664,Sanchit Hight,Pethbhag,Sangli, SANGLI, GANPATI PETH SANGLI, MAHARASHTRA ,416416",GANPATI PETH SANGLI,SANGLI,MAHARASHTRA,416416,ACTIVE,Operative,18/12/2026,Gold Hallmarking,Assaying & Hallmarking,https://www.manakonline.in/MANAK/AHCListForWebsite
HALLMARKING,HM-01940,,1456,AHC-WRO-RAHC-R-400902,NAVKKAR HALLMARKINGS,WRO/RAHC/R-400902,"Floor No-10TH 2ND FLOOR PLOT-55/57 MIRZA STREETZAVERI BAZAR, MUMBAI, MAHARASHTRA - 400003, MUMBAI CITY, SEWRI, MAHARASHTRA ,400003",SEWRI,MUMBAI CITY,MAHARASHTRA,400003,ACTIVE,Operative,25/12/2026,Yellow Gold Hallmarking,Assaying & Hallmarking,https://www.manakonline.in/MANAK/AHCListForWebsite
HALLMARKING,HM-01941,,1457,AHC-WRO-RAHC-R-400903,SARITA TOUCH AND HALLMARKING CENTRE,WRO/RAHC/R-400903,"C8-3RD FLOOR SAHYOG NAGAR CHS LTD JOSHI ALI, RAIGAD, PANVEL, MAHARASHTRA ,410206",PANVEL,RAIGAD,MAHARASHTRA,410206,ACTIVE,Operative,05/02/2027,Gold Hallmarking,Assaying & Hallmarking,https://www.manakonline.in/MANAK/AHCListForWebsite
HALLMARKING,HM-01943,,1458,AHC-WRO-RAHC-R-400907,PRINCE HALLMARKING & REFINERY PVT LTD,WRO/RAHC/R-400907,"BHAKTI NIWAS , GROUND FLOOR, DERA SERI ,SONI BAZARRAJKOT-360001, GUJARAT., RAJKOT, RAJKOT, GUJARAT ,360001",RAJKOT,RAJKOT,GUJARAT,360001,ACTIVE,Operative,14/02/2027,Gold & Silver Both Hallmarking,Assaying & Hallmarking,https://www.manakonline.in/MANAK/AHCListForWebsite
HALLMARKING,HM-01944,,1459,AHC-WRO-RAHC-R-400907-O1-,PRINCE HALLMARKING & REFINERY PVT LTD,WRO/RAHC/R-400907(O1),"BHAKTI NIWAS , GROUND FLOOR, DERA SERI ,SONI BAZARRAJKOT-360001, GUJARAT., RAJKOT, RAJKOT, GUJARAT ,360001",RAJKOT,RAJKOT,GUJARAT,360001,ACTIVE,Operative,14/02/2027,Gold & Silver Both Hallmarking,Assaying & Hallmarking,https://www.manakonline.in/MANAK/AHCListForWebsite
HALLMARKING,HM-01945,,1460,AHC-WRO-RAHC-R-400908,SHREE TRIMURTI HALLMARK CENTRE,WRO/RAHC/R-400908,"12/578 TRIMURTI NIWAS GROUNG FLOOR,SATPUTE LANE12/578 TRIMURTI NIWAS GROUNG FLOOR,SATPUTE LANE, KOLHAPUR, ICHALKARANJI, MAHARASHTRA ,416115",ICHALKARANJI,KOLHAPUR,MAHARASHTRA,416115,ACTIVE,Operative,14/02/2027,Yellow Gold Hallmarking,Assaying & Hallmarking,https://www.manakonline.in/MANAK/AHCListForWebsite
HALLMARKING,HM-01948,,1461,AHC-WRO-RAHC-R-400911,Jonson Assay and Hallmarking Centre,WRO/RAHC/R-400911,"2nd Floor, Shivam Shopping Centre, Opp SindhiCloth Market, Mata Sheri, Near Gandhi Chowk, BANASKANTHA, DISA BAZAR, GUJARAT ,385535",DISA BAZAR,BANASKANTHA,GUJARAT,385535,ACTIVE,Operative,19/02/2027,Yellow Gold Hallmarking,Assaying & Hallmarking,https://www.manakonline.in/MANAK/AHCListForWebsite
HALLMARKING,HM-01949,,1462,AHC-WRO-RAHC-R-400912,SWASTIK HALLMARKING CENTER,WRO/RAHC/R-400912,"H.NO 24, 2ND AND 3RD FLOORNAVI CHAWL, BAZAR PETH, THANE, BHIWANDI, MAHARASHTRA ,421302",BHIWANDI,THANE,MAHARASHTRA,421302,ACTIVE,Operative,21/02/2027,Gold Hallmarking,Assaying & Hallmarking,https://www.manakonline.in/MANAK/AHCListForWebsite
HALLMARKING,HM-01950,,1463,AHC-WRO-RAHC-R-400914,VASAVI ASSAYING AND HALLMARKING CENTRE,WRO/RAHC/R-400914,"260 ""C"" WARD, LAXMI PLAZA, PHADNIS LANEBHENDE GALLI, NEAR SHIVAJI PUTALA, KOLHAPUR, KOLHAPUR, KOLHAPUR CITY, MAHARASHTRA ,416002",KOLHAPUR CITY,KOLHAPUR,MAHARASHTRA,416002,ACTIVE,Operative,20/03/2027,Gold & Silver Both Hallmarking,Assaying & Hallmarking,https://www.manakonline.in/MANAK/AHCListForWebsite
HALLMARKING,HM-01951,,1464,AHC-WRO-RAHC-R-400916,PATEL HALLMARK CENTRE,WRO/RAHC/R-400916,"STREET NO.1,NR. BRAHM CHHATRIYA VADI, R S NO. 186PLOT NO 8 SHREE RANCHHODNAGAR PEDAK ROAD RAJKOT, RAJKOT, RAJKOT, GUJARAT ,360003",RAJKOT,RAJKOT,GUJARAT,360003,ACTIVE,Operative,05/04/2027,Yellow Gold Hallmarking,Assaying & Hallmarking,https://www.manakonline.in/MANAK/AHCListForWebsite
HALLMARKING,HM-01953,,1465,AHC-WRO-RAHC-R-400919,OSKAR HALLMARK CENTRE LLP,WRO/RAHC/R-400919,"1ST FLOOR, 152 SARAF BAZAAR , BALAJI PETHJALGAON, JALGAON, JALGAON, MAHARASHTRA ,425001",JALGAON,JALGAON,MAHARASHTRA,425001,ACTIVE,Operative,26/04/2027,Gold Hallmarking,Assaying & Hallmarking,https://www.manakonline.in/MANAK/AHCListForWebsite
HALLMARKING,HM-01955,,1466,AHC-WRO-RAHC-R-400923,MAA KALI HALLMARKING CENTRE,WRO/RAHC/R-400923,"5th Floor, 503, 24 Carat Building,Opp. Samartheshwar Mahadev, Ellisbridge, Ahmedabad., AHMEDABAD, ELLISBRIDGE, GUJARAT ,380006",ELLISBRIDGE,AHMEDABAD,GUJARAT,380006,ACTIVE,Operative,03/06/2027,Yellow Gold Hallmarking,Assaying & Hallmarking,https://www.manakonline.in/MANAK/AHCListForWebsite
HALLMARKING,HM-01956,,1467,AHC-WRO-RAHC-R-400925,MAHAVIR HALLMARKING CENTRE PRIVATE LIMITED,WRO/RAHC/R-400925,"401 & 402, 4TH FLOOR, 127-129, ROYAL HOUSE,ZAVERI BAZAR, SHEIKH MEMON STREET, KALBADEVI, MUMBAI CITY, KALBADEVI, MAHARASHTRA ,400002",KALBADEVI,MUMBAI CITY,MAHARASHTRA,400002,ACTIVE,Operative,04/06/2027,"Yellow Gold,Silver Hallmarking",Assaying & Hallmarking,https://www.manakonline.in/MANAK/AHCListForWebsite
HALLMARKING,HM-01957,,1468,AHC-WRO-RAHC-R-400925-O1-,MAHAVIR HALLMARKING CENTRE PRIVATE LIMITED,WRO/RAHC/R-400925(O1),"401 & 402, 4TH FLOOR, 127-129, ROYAL HOUSE,ZAVERI BAZAR, SHEIKH MEMON STREET, KALBADEVI, MUMBAI CITY, KALBADEVI, MAHARASHTRA ,400002",KALBADEVI,MUMBAI CITY,MAHARASHTRA,400002,ACTIVE,Operative,04/06/2027,"Yellow Gold,Silver Hallmarking",Assaying & Hallmarking,https://www.manakonline.in/MANAK/AHCListForWebsite
HALLMARKING,HM-01958,,1469,AHC-WRO-RAHC-R-400926,Riddhi Siddhi Gold Hallmarking Centre,WRO/RAHC/R-400926,"4,5,6,7,8, 3rd Floor, Harikrushna Shopping Centre,Near Panchal Hall,Anand-Vidyanagar Road., ANAND, ANAND, GUJARAT ,388001",ANAND,ANAND,GUJARAT,388001,ACTIVE,Operative,06/04/2027,Yellow Gold Hallmarking,Assaying & Hallmarking,https://www.manakonline.in/MANAK/AHCListForWebsite
HALLMARKING,HM-01959,,1470,AHC-WRO-RAHC-R-400928,RAMA HALLMARKING CENTRE LLP,WRO/RAHC/R-400928,"MIDC, 1st Floor, Plot No - A 15/16, Central CrossB, Andheri East, Mumbai, Mumbai Suburban, MUMBAI CITY, ANDHERI EAST, MAHARASHTRA ,400093",ANDHERI EAST,MUMBAI CITY,MAHARASHTRA,400093,SUSPENDED,Under Suspension,18/06/2027,Yellow Gold Hallmarking,Assaying & Hallmarking,https://www.manakonline.in/MANAK/AHCListForWebsite
HALLMARKING,HM-01960,,1471,AHC-WRO-RAHC-R-400929,NCH Services Pvt Ltd,WRO/RAHC/R-400929,"Shop No.415-416, Canopus, Opp. Kakadiya ComplexGhod Dod Road, Parle Point,Surat, SURAT, SURAT, GUJARAT ,395007",SURAT,SURAT,GUJARAT,395007,ACTIVE,Operative,19/06/2027,Yellow Gold Hallmarking,Assaying & Hallmarking,https://www.manakonline.in/MANAK/AHCListForWebsite
HALLMARKING,HM-01964,,1472,AHC-WRO-RAHC-R-400935,SRH Hallmarking center,WRO/RAHC/R-400935,"LG 7,8, 589 Ganpatrao Ghorpade sankulMain road, Hupari, Kolhapur, KOLHAPUR, KOLHAPUR CITY, MAHARASHTRA ,416203",KOLHAPUR CITY,KOLHAPUR,MAHARASHTRA,416203,ACTIVE,Operative,10/07/2027,Yellow Gold Hallmarking,Assaying & Hallmarking,https://www.manakonline.in/MANAK/AHCListForWebsite
HALLMARKING,HM-01967,,1473,AHC-WRO-RAHC-R-400939,PURITY HALLMARKING AND DIAMOND TESTING CENTER,WRO/RAHC/R-400939,"H No.6/2359,60, Ground Floor, Roshan Palace,Havada Sheri, Mahidharpura, Surat, SURAT, MAHIDHARPURA, GUJARAT ,395003",MAHIDHARPURA,SURAT,GUJARAT,395003,ACTIVE,Operative,17/09/2027,"Yellow Gold,White Gold Nickel based,Silver Hallmarking",Assaying & Hallmarking,https://www.manakonline.in/MANAK/AHCListForWebsite
HALLMARKING,HM-01968,,1474,AHC-WRO-RAHC-R-400939-O1-,PURITY HALLMARKING AND DIAMOND TESTING CENTER,WRO/RAHC/R-400939(O1),"H No.6/2359,60, Ground Floor, Roshan Palace,Havada Sheri, Mahidharpura, Surat, SURAT, MAHIDHARPURA, GUJARAT ,395003",MAHIDHARPURA,SURAT,GUJARAT,395003,ACTIVE,Operative,17/09/2027,"Yellow Gold,White Gold Nickel based,Silver Hallmarking",Assaying & Hallmarking,https://www.manakonline.in/MANAK/AHCListForWebsite
HALLMARKING,HM-01971,,1475,AHC-WRO-RAHC-R-400943,STANDARD HALLMARKING AND ASSAYING CENTER,WRO/RAHC/R-400943,"PLOT NO:24,1st FLOOR,SHYAMDHAM SANKUL-1Nr.SHYAMDHAM CHOWK,PUNA SIMADA ROAD, SURAT, SURAT CITY, GUJARAT ,395010",SURAT CITY,SURAT,GUJARAT,395010,ACTIVE,Operative,25/11/2027,Yellow Gold Hallmarking,Assaying & Hallmarking,https://www.manakonline.in/MANAK/AHCListForWebsite
HALLMARKING,HM-01973,,1476,AHC-WRO-RAHC-R-400945,SBR ASSAYING & HALLMARKING CENTRE,WRO/RAHC/R-400945,"PLOT NO 64, BHIRAD SANKUL , GANDHI ROAD,NAZUL SHEET 27D AKOLA MAHARASHTRA-444002, AKOLA, AKOLA, MAHARASHTRA ,444002",AKOLA,AKOLA,MAHARASHTRA,444002,ACTIVE,Operative,09/12/2027,Yellow Gold Hallmarking,Assaying & Hallmarking,https://www.manakonline.in/MANAK/AHCListForWebsite
HALLMARKING,HM-01974,,1477,AHC-WRO-RAHC-R-400946,New Ganesh Hallmarking Centre,WRO/RAHC/R-400946,"TOWER BAZAR, NEAR ASHOK STAMBH, ANAND, ANAND, ANAND, GUJARAT ,388001",ANAND,ANAND,GUJARAT,388001,ACTIVE,Operative,17/12/2027,Yellow Gold Hallmarking,Assaying & Hallmarking,https://www.manakonline.in/MANAK/AHCListForWebsite
HALLMARKING,HM-01975,,1478,AHC-WRO-RAHC-R-400947,GS HALLMARKING CENTRE,WRO/RAHC/R-400947,"UNIT NO. 112, 1ST FLOOR, BHARAT INDUSTRIAL ESTATET.J. ROAD, SEWREE [WEST] , MUMBAI CITY, MUMBAI CITY, SEWRI, MAHARASHTRA ,400015",SEWRI,MUMBAI CITY,MAHARASHTRA,400015,ACTIVE,Operative,18/12/2027,Yellow Gold Hallmarking,Assaying & Hallmarking,https://www.manakonline.in/MANAK/AHCListForWebsite
HALLMARKING,HM-01978,,1479,AHC-WRO-RAHC-R-400952,YASHODA ASSAYING & HALLMARKING CENTER,WRO/RAHC/R-400952,"C.T.S.NO 3079 AND HOUSE NO OLD R6-1148NEW C1- 1542, SARAF LINE, LATUR, LATUR, LATUR, MAHARASHTRA ,413512",LATUR,LATUR,MAHARASHTRA,413512,ACTIVE,Operative,19/02/2028,Yellow Gold Hallmarking,Assaying & Hallmarking,https://www.manakonline.in/MANAK/AHCListForWebsite
HALLMARKING,HM-01979,,1480,AHC-WRO-RAHC-R-400953,SB HALLMARKING CENTRE,WRO/RAHC/R-400953,"CS NO.150/1, KASAR GALLI, 'C' WARD, GUJARI,KARVEER, KOLHAPUR, KOLHAPUR, MAHARASHTRA ,416002",KOLHAPUR,KOLHAPUR,MAHARASHTRA,416002,ACTIVE,Operative,10/03/2028,Yellow Gold Hallmarking,Assaying & Hallmarking,https://www.manakonline.in/MANAK/AHCListForWebsite
HALLMARKING,HM-01980,,1481,AHC-WRO-RAHC-R-400954,NEW AYODHYA ASSAYING AND HALLMARKING CENTRE,WRO/RAHC/R-400954,"4002,1ST FLOOR, ARBUJ MANSION,STATION ROAD, PANDHARPUR,, SOLAPUR, PANDHARPUR, MAHARASHTRA ,413304",PANDHARPUR,SOLAPUR,MAHARASHTRA,413304,ACTIVE,Operative,19/03/2028,Yellow Gold Hallmarking,Assaying & Hallmarking,https://www.manakonline.in/MANAK/AHCListForWebsite
HALLMARKING,HM-01981,,1482,AHC-WRO-RAHC-R-400955,GS HALLMARKING & REFINERY CENTRE GR,WRO/RAHC/R-400955,"Shyam Sadan, Bavajiraj Road, Jumma Masjid Chowk,Nr Mayuri Apartment, RAJKOT, RAJKOT, GUJARAT ,360001",RAJKOT,RAJKOT,GUJARAT,360001,ACTIVE,Operative,06/05/2028,"Yellow Gold,Silver Hallmarking",Assaying & Hallmarking,https://www.manakonline.in/MANAK/AHCListForWebsite
HALLMARKING,HM-01982,,1483,AHC-WRO-RAHC-R-400957,Shree Krishna Hallmarking Centre,WRO/RAHC/R-400957,"7/2A, Savitri Apartment, B.P. Road,Bhayander (East), Mira-Bhayander (M.Corp.), Thane., THANE, THANE, MAHARASHTRA ,401105",THANE,THANE,MAHARASHTRA,401105,ACTIVE,Operative,27/05/2028,Yellow Gold Hallmarking,Assaying & Hallmarking,https://www.manakonline.in/MANAK/AHCListForWebsite
HALLMARKING,HM-01983,,1484,AHC-WRO-RAHC-R-400958,Shri Ram Assaying & Hallmark Centre,WRO/RAHC/R-400958,"Ground Floor, Shop No. 10, Kuldaivat Gold Market,416, East Mangalwar Peth, Solapur, SOLAPUR, SOLAPUR, MAHARASHTRA ,413002",SOLAPUR,SOLAPUR,MAHARASHTRA,413002,ACTIVE,Operative,30/05/2028,Yellow Gold Hallmarking,Assaying & Hallmarking,https://www.manakonline.in/MANAK/AHCListForWebsite
HALLMARKING,HM-01984,,1485,AHC-WRO-RAHC-R-400960,MASTER BULLION ASSAYING AND HALLMARKING LAB ANDHERI,WRO/RAHC/R-400960,"Unit No. 103, 1st Floor, Ravi Industrial Estate,Off Mahakali Caves Road, Andheri East,, MUMBAI SUBURBAN, MUMBAI SUBURBAN, MAHARASHTRA ,400093",MUMBAI SUBURBAN,MUMBAI SUBURBAN,MAHARASHTRA,400093,ACTIVE,Operative,17/06/2028,Gold & Silver Both Hallmarking,Assaying & Hallmarking,https://www.manakonline.in/MANAK/AHCListForWebsite
HALLMARKING,HM-01987,,1486,AHC-WRO-RAHC-R-400963,Sirius Hallmark,WRO/RAHC/R-400963,"FLORAL DECK PLAZA C-111CENTRAL MIDC ROAD, MUMBAI CITY, ANDHERI EAST, MAHARASHTRA ,400093",ANDHERI EAST,MUMBAI CITY,MAHARASHTRA,400093,ACTIVE,Operative,21/09/2028,"Yellow Gold,White Gold Nickel based Hallmarking",Assaying & Hallmarking,https://www.manakonline.in/MANAK/AHCListForWebsite
HALLMARKING,HM-01994,,1487,AHC-WRO-RAHC-R-400972,MAA KALI HALLMARKING CENTRE,WRO/RAHC/R-400972,"TF/12, 24 CARAT COMPLEX,NEAR GUSHA PAREKH'S POLE, M G HAVELI ROAD, AHMEDABAD, MANEK CHOWK, GUJARAT ,380001",MANEK CHOWK,AHMEDABAD,GUJARAT,380001,ACTIVE,Operative,19/03/2029,"Gold,Yellow Gold Hallmarking",Assaying & Hallmarking,https://www.manakonline.in/MANAK/AHCListForWebsite
HALLMARKING,HM-02000,,1488,AHC-WRO-RAHC-R-400978,Shreeji Assay & Hallmarking Centre,WRO/RAHC/R-400978,"Rev. Survey No.139 & 142/2, Patel Road, --Keshod, Junagadh, Gujrat., JUNAGADH, JUNAGADH, GUJARAT ,362220",JUNAGADH,JUNAGADH,GUJARAT,362220,ACTIVE,Operative,15/09/2026,Yellow Gold Hallmarking,Assaying & Hallmarking,https://www.manakonline.in/MANAK/AHCListForWebsite
HALLMARKING,HM-02003,,1489,AHC-WRO-RAHC-R-400981,KUBER ASSAYING AND HALLMARKING CENTRE,WRO/RAHC/R-400981,"607-1,SABANE COMPLEX, PETHBHAG, SANGLISANGLI, SANGLI, GANPATI PETH SANGLI, MAHARASHTRA ,416416",GANPATI PETH SANGLI,SANGLI,MAHARASHTRA,416416,ACTIVE,Operative,18/11/2026,Yellow Gold Hallmarking,Assaying & Hallmarking,https://www.manakonline.in/MANAK/AHCListForWebsite
HALLMARKING,HM-02005,,1490,AHC-WRO-RAHC-R-400983,SAMARTH HALLMARK CENTRE,WRO/RAHC/R-400983,"CS NO . 3931, LONI BAZAR, LAXMI MARKET , GROUND FLOOR MIRAJ ,SANGLI, SANGLI, MIRAJ, MAHARASHTRA ,416410",MIRAJ,SANGLI,MAHARASHTRA,416410,SUSPENDED,Under Suspension,08/09/2024,Yellow Gold Hallmarking,Assaying & Hallmarking,https://www.manakonline.in/MANAK/AHCListForWebsite
HALLMARKING,HM-02006,,1491,AHC-WRO-RAHC-R-4010522,QUALITY ASSURANCE CENTER,WRO/RAHC/R-4010522,"E-219, 2nd Floor, Floral Deck PlazaNo 15A/15B, MIDC CENTRAL ROAD, MUMBAI CITY, ANDHERI EAST, MAHARASHTRA ,400093",ANDHERI EAST,MUMBAI CITY,MAHARASHTRA,400093,ACTIVE,Operative,03/12/2027,"Gold,Yellow Gold,White Gold Nickel based Hallmarking",Assaying & Hallmarking,https://www.manakonline.in/MANAK/AHCListForWebsite
HALLMARKING,HM-02007,,1492,AHC-WRO-RAHC-R-4010602,SHRINATH HALLMARKING CENTRE,WRO/RAHC/R-4010602,"Shop no 3, Sai Leela Apartment, Sai Bazaar, Tulinj, PALGHAR, VASAI, MAHARASHTRA ,401209",VASAI,PALGHAR,MAHARASHTRA,401209,SUSPENDED,Under Suspension,01/01/2028,Gold Hallmarking,Assaying & Hallmarking,https://www.manakonline.in/MANAK/AHCListForWebsite
HALLMARKING,HM-02008,,1493,AHC-WRO-RAHC-R-4010859,S. A. I. KHARAA SONA PRIVATE LIMITED,WRO/RAHC/R-4010859,"SHOP NO 22, LUCKY THIRTEEN'S CO-OP HOUSING SOCIETY86, MUMBADEVI ROAD, DAGINA BAZAR, KALBADEVI, MUMBAI CITY, KALBADEVI, MAHARASHTRA ,400002",KALBADEVI,MUMBAI CITY,MAHARASHTRA,400002,ACTIVE,Operative,02/06/2027,Yellow Gold Hallmarking,Assaying & Hallmarking,https://www.manakonline.in/MANAK/AHCListForWebsite
HALLMARKING,HM-02009,,1494,AHC-WRO-RAHC-R-4011014,M M HALLMARKING CENTRE,WRO/RAHC/R-4011014,"Office No. 1, 1st Floor, Plot No. A-147/A 149/1, TTC Industrial AreaKoparkhairane, THANE, KOPAR KHAIRNE, MAHARASHTRA ,400710",KOPAR KHAIRNE,THANE,MAHARASHTRA,400710,ACTIVE,Operative,20/05/2029,Gold Hallmarking,Assaying & Hallmarking,https://www.manakonline.in/MANAK/AHCListForWebsite
HALLMARKING,HM-02012,,1495,AHC-WRO-RAHC-R-4011194,PANKAJ HALLMARKING CENTRE,WRO/RAHC/R-4011194,"SHOP NO.12, 56 TELGALLI, VITHALWADIKALBADEVI MUMBAI-400002, MUMBAI CITY, KALBADEVI, MAHARASHTRA ,400002",KALBADEVI,MUMBAI CITY,MAHARASHTRA,400002,ACTIVE,Operative,02/05/2029,Yellow Gold Hallmarking,Assaying & Hallmarking,https://www.manakonline.in/MANAK/AHCListForWebsite
HALLMARKING,HM-02013,,1496,AHC-WRO-RAHC-R-4011439,SHRI JEWEL HALLMARKING SOLUTION LLP,WRO/RAHC/R-4011439,"35-36, 5th Floor, Gurukul Chembers,MUMBA DEVI ROAD , DAGINA BAZAR, Kalbadevi Mumbai, MUMBAI CITY, KALBADEVI, MAHARASHTRA ,400002",KALBADEVI,MUMBAI CITY,MAHARASHTRA,400002,ACTIVE,Operative,06/01/2028,Yellow Gold Hallmarking,Assaying & Hallmarking,https://www.manakonline.in/MANAK/AHCListForWebsite
HALLMARKING,HM-02015,,1497,AHC-WRO-RAHC-R-4011468,Trustech Hallmarking Centre LLP,WRO/RAHC/R-4011468,"Plot No. C-67, 3rd Floor, T.T.C. Industrial Area,M.I.D.C., Turbhe, Navi Mumbai, THANE, THANE, MAHARASHTRA ,400705",THANE,THANE,MAHARASHTRA,400705,ACTIVE,Operative,16/07/2029,Yellow Gold Hallmarking,Assaying & Hallmarking,https://www.manakonline.in/MANAK/AHCListForWebsite
HALLMARKING,HM-02016,,1498,AHC-WRO-RAHC-R-4011626,SHREE SIDDHANATH HALLMARK CENTRE,WRO/RAHC/R-4011626,"SUMITRA ARCADE, 2ND FLOOR, FLAT NO. 205,206,207JAMBLI NAKA, STATION ROAD,THANE (W), MUMBAI-400601, THANE, THANE, MAHARASHTRA ,400601",THANE,THANE,MAHARASHTRA,400601,SUSPENDED,Under Suspension,05/05/2028,Yellow Gold Hallmarking,Assaying & Hallmarking,https://www.manakonline.in/MANAK/AHCListForWebsite
HALLMARKING,HM-02017,,1499,AHC-WRO-RAHC-R-4011707,AKANSHA HALLMARKING CENTRE,WRO/RAHC/R-4011707,"GROUND FLOOR, 14A,14B, RIZVI CHEMBAR, HILL ROAD ,NEAR JAIN MANDIR,BANDRA WEST,MUMBAI-400050., MUMBAI SUBURBAN, MUMBAI SUBURBAN, MAHARASHTRA ,400050",MUMBAI SUBURBAN,MUMBAI SUBURBAN,MAHARASHTRA,400050,ACTIVE,Operative,11/08/2029,Yellow Gold Hallmarking,Assaying & Hallmarking,https://www.manakonline.in/MANAK/AHCListForWebsite
HALLMARKING,HM-02018,,1500,AHC-WRO-RAHC-R-4011737,SHREE VINAYAK HALLMARK,WRO/RAHC/R-4011737,"4th Floor, Office No. 402,76/78, Thakur Plaza,Parikh Niwas, Dhanji Street, Mumbadevi Tempal,, MUMBAI CITY, MANDVI (MUMBAI), MAHARASHTRA ,400003",MANDVI (MUMBAI),MUMBAI CITY,MAHARASHTRA,400003,ACTIVE,Operative,08/10/2028,Yellow Gold Hallmarking,Assaying & Hallmarking,https://www.manakonline.in/MANAK/AHCListForWebsite
HALLMARKING,HM-02019,,1501,AHC-WRO-RAHC-R-4011904,VRUSHTI HALLMARKING LLP,WRO/RAHC/R-4011904,"Ground Floor, 18/20, Rikolene HouseOvalwadi, Kalbadevi Road,Mumbai, MUMBAI CITY, SEWRI, MAHARASHTRA ,400002",SEWRI,MUMBAI CITY,MAHARASHTRA,400002,ACTIVE,Operative,21/06/2028,Yellow Gold Hallmarking,Assaying & Hallmarking,https://www.manakonline.in/MANAK/AHCListForWebsite
HALLMARKING,HM-02020,,1502,AHC-WRO-RAHC-R-4011913,BRD Hallmarkings,WRO/RAHC/R-4011913,"A/201, 2nd Floor, Dwarkesh Co-op. Hsg. Soc. Ltd,L.T. Road, Borivali west, MUMBAI SUBURBAN, MUMBAI SUBURBAN, MAHARASHTRA ,400092",MUMBAI SUBURBAN,MUMBAI SUBURBAN,MAHARASHTRA,400092,ACTIVE,Operative,09/02/2028,Yellow Gold Hallmarking,Assaying & Hallmarking,https://www.manakonline.in/MANAK/AHCListForWebsite
HALLMARKING,HM-02021,,1503,AHC-WRO-RAHC-R-4011952,GURU HALLMARKING LLP,WRO/RAHC/R-4011952,"153, FIRST, A TO Z INDUSTRIAL ESTATE,DELISLE ROAD, GANPAT RAO KADAM MARG, LOWER PAREL, MUMBAI CITY, DELISLE ROAD, MAHARASHTRA ,400013",DELISLE ROAD,MUMBAI CITY,MAHARASHTRA,400013,ACTIVE,Operative,06/12/2028,Yellow Gold Hallmarking,Assaying & Hallmarking,https://www.manakonline.in/MANAK/AHCListForWebsite
HALLMARKING,HM-02022,,1504,AHC-WRO-RAHC-R-4012011,ASMAYE ASSAYING AND HALLMARKING CENTRE,WRO/RAHC/R-4012011,"First Floor, E-3, Plot No. 15, WICEL Compound,MIDC Central Road, Andheri (East),, MUMBAI SUBURBAN, MUMBAI SUBURBAN, MAHARASHTRA ,400093",MUMBAI SUBURBAN,MUMBAI SUBURBAN,MAHARASHTRA,400093,ACTIVE,Operative,25/11/2027,"Gold,White Gold Nickel based,Silver Hallmarking",Assaying & Hallmarking,https://www.manakonline.in/MANAK/AHCListForWebsite
HALLMARKING,HM-02023,,1505,AHC-WRO-RAHC-R-4012141,IGOLD VENTURES PRIVATE LIMITED,WRO/RAHC/R-4012141,"Ground Floor, Plot No. 129B, Kandivali IndustrialEstate, Charkop, Kandivali (West), MUMBAI SUBURBAN, MUMBAI SUBURBAN, MAHARASHTRA ,400067",MUMBAI SUBURBAN,MUMBAI SUBURBAN,MAHARASHTRA,400067,ACTIVE,Operative,31/05/2028,Gold Hallmarking,Assaying & Hallmarking,https://www.manakonline.in/MANAK/AHCListForWebsite
HALLMARKING,HM-02025,,1506,AHC-WRO-RAHC-R-4012245,Vipul Hallmarking centre,WRO/RAHC/R-4012245,"3rd Floor, Administrative building, Western Co-OpInd Estate Ltd., Andheri E, Plot No 11 & 12/1, MUMBAI SUBURBAN, MUMBAI SUBURBAN, MAHARASHTRA ,400093",MUMBAI SUBURBAN,MUMBAI SUBURBAN,MAHARASHTRA,400093,ACTIVE,Operative,26/04/2027,"Yellow Gold,Silver Hallmarking",Assaying & Hallmarking,https://www.manakonline.in/MANAK/AHCListForWebsite
HALLMARKING,HM-02027,,1507,AHC-WRO-RAHC-R-4012972,SHREE VISHAL HALLMARKING CENTRE,WRO/RAHC/R-4012972,"SHOP NO 102, 1ST FLOOR, SUMITRA ARCADE, STATION R THANE, MAHARASHTRA 400601, THANE, THANE, MAHARASHTRA ,400601",THANE,THANE,MAHARASHTRA,400601,ACTIVE,Operative,09/12/2028,Gold & Silver Both Hallmarking,Assaying & Hallmarking,https://www.manakonline.in/MANAK/AHCListForWebsite
HALLMARKING,HM-02028,,1508,AHC-WRO-RAHC-R-4012974,DK HALLMARKING AND ASSAYING CENTRE,WRO/RAHC/R-4012974,"R:8/9, DHOBI GHAT, SAFOORABAI CHAWLDR. BABASAHEB AMBEDKAR ROAD, PAREL, MUMBAI CITY, PAREL, MAHARASHTRA ,400012",PAREL,MUMBAI CITY,MAHARASHTRA,400012,ACTIVE,Operative,13/07/2029,Yellow Gold Hallmarking,Assaying & Hallmarking,https://www.manakonline.in/MANAK/AHCListForWebsite
HALLMARKING,HM-02030,,1509,AHC-WRO-RAHC-R-4013269,KEDIA ASSAYING & HALLMARKING LLP,WRO/RAHC/R-4013269,"213, New India Industrial EstatePaper box lane, MIDC, Off Mahakali caves Road, MUMBAI CITY, ANDHERI EAST, MAHARASHTRA ,400093",ANDHERI EAST,MUMBAI CITY,MAHARASHTRA,400093,ACTIVE,Operative,18/04/2028,"Gold,Yellow Gold Hallmarking",Assaying & Hallmarking,https://www.manakonline.in/MANAK/AHCListForWebsite
HALLMARKING,HM-02031,,1510,AHC-WRO-RAHC-R-4013591,SHREE SOUBHAGYA ASSAYING & HALLMARKING CENTER,WRO/RAHC/R-4013591,"SHREE VINAY BHAVAN A WING GROUND FLOOR ROOM NO 001MUMBRA DEVI COLONY NEAR NATH APPARTMENT DIVA EAST, THANE, THANE, MAHARASHTRA ,400612",THANE,THANE,MAHARASHTRA,400612,ACTIVE,Operative,29/05/2027,Yellow Gold Hallmarking,Assaying & Hallmarking,https://www.manakonline.in/MANAK/AHCListForWebsite
HALLMARKING,HM-02032,,1511,AHC-WRO-RAHC-R-4013902,SHRI VINDHYAVASINI HALLMARK CENTER,WRO/RAHC/R-4013902,"51/55, Ground Floor, Najami Street,Zaveri Bazar, Mumbai, MUMBAI CITY, MANDVI (MUMBAI), MAHARASHTRA ,400003",MANDVI (MUMBAI),MUMBAI CITY,MAHARASHTRA,400003,ACTIVE,Operative,13/03/2027,Yellow Gold Hallmarking,Assaying & Hallmarking,https://www.manakonline.in/MANAK/AHCListForWebsite
HALLMARKING,HM-02033,,1512,AHC-WRO-RAHC-R-4014237,PRINCE HALLMARKING AND REFINERY PVT LTD,WRO/RAHC/R-4014237,"UNIT NO. 105, 1 ST FLOOR,PLOT NO. 118, BHARAT INDUTOKERSEY JIVRAJ ROAD,RAM TEKADI, SEWREE- WEST,, MUMBAI CITY, SEWRI, MAHARASHTRA ,400015",SEWRI,MUMBAI CITY,MAHARASHTRA,400015,ACTIVE,Operative,20/02/2029,Gold & Silver Both Hallmarking,Assaying & Hallmarking,https://www.manakonline.in/MANAK/AHCListForWebsite
HALLMARKING,HM-02034,,1513,AHC-WRO-RAHC-R-4014237-O1-,PRINCE HALLMARKING AND REFINERY PVT LTD,WRO/RAHC/R-4014237(O1),"UNIT NO. 105, 1 ST FLOOR,PLOT NO. 118, BHARAT INDUTOKERSEY JIVRAJ ROAD,RAM TEKADI, SEWREE- WEST,, MUMBAI CITY, SEWRI, MAHARASHTRA ,400015",SEWRI,MUMBAI CITY,MAHARASHTRA,400015,ACTIVE,Operative,19/02/2029,Gold & Silver Both Hallmarking,Assaying & Hallmarking,https://www.manakonline.in/MANAK/AHCListForWebsite
HALLMARKING,HM-02035,,1514,AHC-WRO-RAHC-R-4014251,Riddhi Siddhi Assaying and Hallmarking Centre,WRO/RAHC/R-4014251,"Office no 33 to 37,Bldg No 31/33,Darbar Mansion,!st Agiary Lane,Khara Kuwa,Zaveri Bazar, MUMBAI CITY, KALBADEVI, MAHARASHTRA ,400002",KALBADEVI,MUMBAI CITY,MAHARASHTRA,400002,ACTIVE,Operative,27/03/2028,Yellow Gold Hallmarking,Assaying & Hallmarking,https://www.manakonline.in/MANAK/AHCListForWebsite
HALLMARKING,HM-02036,,1515,AHC-WRO-RAHC-R-4014552,GOLDTECH HALLMARKING COMPANY,WRO/RAHC/R-4014552,"UNIT NO.336, 3RD FLOOR, A/1, SHAH AND NAHAR INDUSTRIAL ESTATE , DHANRAJMILL COMPOUND, 159, SITARAM JADHAV MARG, LOWER PAREL, MUMBAI CITY, MAHARASHTRA - 400013, MUMBAI CITY, MUMBAI CENTRAL, MAHARASHTRA ,400013",MUMBAI CENTRAL,MUMBAI CITY,MAHARASHTRA,400013,ACTIVE,Operative,12/07/2028,Yellow Gold Hallmarking,Assaying & Hallmarking,https://www.manakonline.in/MANAK/AHCListForWebsite
HALLMARKING,HM-02037,,1516,AHC-WRO-RAHC-R-4014932,MORYA ASSAYING & HALLMARKING CENTRE,WRO/RAHC/R-4014932,"3rd Floor, 23/25, P.G. Bhavan2nd Agriyari Lane, Zaveri Bazar, Kalbadevi Mumbai, MUMBAI SUBURBAN, MUMBAI SUBURBAN, MAHARASHTRA ,400002",MUMBAI SUBURBAN,MUMBAI SUBURBAN,MAHARASHTRA,400002,SUSPENDED,Under Suspension,03/08/2025,Gold Hallmarking,Assaying & Hallmarking,https://www.manakonline.in/MANAK/AHCListForWebsite
HALLMARKING,HM-02038,,1517,AHC-WRO-RAHC-R-4015120,EVERSHINE HALLMARKING CENTER,WRO/RAHC/R-4015120,"3rd floor ,Plot No-170,Kamla Niwas,Kalbadevi Road,Near Cotton Exchange,Bhuleshwar Kalbadevi, MUMBAI CITY, MUMBAI, MAHARASHTRA ,400002",MUMBAI,MUMBAI CITY,MAHARASHTRA,400002,ACTIVE,Operative,08/10/2027,Yellow Gold Hallmarking,Assaying & Hallmarking,https://www.manakonline.in/MANAK/AHCListForWebsite
HALLMARKING,HM-02039,,1518,AHC-WRO-RAHC-R-4015286,Kamakshi Hallmarking Centre LLP,WRO/RAHC/R-4015286,"Office No. 44 & 44A, 3rd Floor, 78/80 NavinchandraBuilding, Kalbadevi Road, Vithal Wadi, Kalbadevi,, MUMBAI CITY, KALBADEVI, MAHARASHTRA ,400002",KALBADEVI,MUMBAI CITY,MAHARASHTRA,400002,SUSPENDED,Under Suspension,18/07/2027,Yellow Gold Hallmarking,Assaying & Hallmarking,https://www.manakonline.in/MANAK/AHCListForWebsite
HALLMARKING,HM-02041,,1519,AHC-WRO-RAHC-R-4015486,SHREE MANGAL MURTI HALLMARKING CENTRE,WRO/RAHC/R-4015486,"Floor-2,Plot 299/301,11A,Johar Palace,KalbadeviRoad,Kalbadevi,Mumbai,Maharashtra-400002, MUMBAI CITY, KALBADEVI, MAHARASHTRA ,400002",KALBADEVI,MUMBAI CITY,MAHARASHTRA,400002,ACTIVE,Operative,28/12/2026,Yellow Gold Hallmarking,Assaying & Hallmarking,https://www.manakonline.in/MANAK/AHCListForWebsite
HALLMARKING,HM-02043,,1520,AHC-WRO-RAHC-R-4015603,ORIENTAL HALLMARKING CENTRE,WRO/RAHC/R-4015603,"B-304, Mandpeshwar Industrial EstateGymkhana Rd. Opp. M.C.F. Soprts Complex, MUMBAI CITY, BORIVALI WEST, MAHARASHTRA ,400092",BORIVALI WEST,MUMBAI CITY,MAHARASHTRA,400092,SUSPENDED,Under Suspension,01/10/2028,"Gold,Yellow Gold Hallmarking",Assaying & Hallmarking,https://www.manakonline.in/MANAK/AHCListForWebsite
HALLMARKING,HM-02045,,1521,AHC-WRO-RAHC-R-4015783,New Rays Gold lab,WRO/RAHC/R-4015783,"1st Unit 20, Nand Kishore Ind Estate Andheri(E), MUMBAI SUBURBAN, MUMBAI SUBURBAN, MAHARASHTRA ,400093",MUMBAI SUBURBAN,MUMBAI SUBURBAN,MAHARASHTRA,400093,ACTIVE,Operative,07/06/2028,"Yellow Gold,Silver Hallmarking",Assaying & Hallmarking,https://www.manakonline.in/MANAK/AHCListForWebsite
HALLMARKING,HM-02046,,1522,AHC-WRO-RAHC-R-4015783-O1-,New Rays Gold lab,WRO/RAHC/R-4015783(O1),"1st Unit 20, Nand Kishore Ind Estate Andheri(E), MUMBAI SUBURBAN, MUMBAI SUBURBAN, MAHARASHTRA ,400093",MUMBAI SUBURBAN,MUMBAI SUBURBAN,MAHARASHTRA,400093,ACTIVE,Operative,07/06/2028,"Yellow Gold,Silver Hallmarking",Assaying & Hallmarking,https://www.manakonline.in/MANAK/AHCListForWebsite
HALLMARKING,HM-02048,,1523,AHC-WRO-RAHC-R-4016377,QUALITY ASSAY & HALLMARKS LLP,WRO/RAHC/R-4016377,"SECOND FLOOR, 203,204 A-WING, FLORAL DECK PLAZACENTRAL MIDC ROAD OPP.SEEPZ,ANDHERI EAST, MUMBAI, MUMBAI SUBURBAN, MUMBAI SUBURBAN, MAHARASHTRA ,400093",MUMBAI SUBURBAN,MUMBAI SUBURBAN,MAHARASHTRA,400093,ACTIVE,Operative,13/10/2027,"Yellow Gold,White Gold Nickel based Hallmarking",Assaying & Hallmarking,https://www.manakonline.in/MANAK/AHCListForWebsite
HALLMARKING,HM-02050,,1524,AHC-WRO-RAHC-R-4016697,VARSHABULLION HALLMARKING CENTRES,WRO/RAHC/R-4016697,"BASEMENT FLOOR, A WING, TRADE HOUSE,SENAPATI BAPAT MARG, LOWER PAREL, MUMBAI CITY, MUMBAI, MAHARASHTRA ,400013",MUMBAI,MUMBAI CITY,MAHARASHTRA,400013,ACTIVE,Operative,29/10/2027,Yellow Gold Hallmarking,Assaying & Hallmarking,https://www.manakonline.in/MANAK/AHCListForWebsite
HALLMARKING,HM-02051,,1525,AHC-WRO-RAHC-R-4017068,RAJVANSH BULLION HALLMARKING CENTRE,WRO/RAHC/R-4017068,"Office No. 29, 3rd Floor, Plot 3/7, NavnidhanBuilding, Dhanji Street, Zaveri Bazar,, MUMBAI CITY, MANDVI (MUMBAI), MAHARASHTRA ,400003",MANDVI (MUMBAI),MUMBAI CITY,MAHARASHTRA,400003,ACTIVE,Operative,04/07/2027,"Yellow Gold,Silver Hallmarking",Assaying & Hallmarking,https://www.manakonline.in/MANAK/AHCListForWebsite
HALLMARKING,HM-02055,,1526,AHC-WRO-RAHC-R-4017449,BOMBAY ASSAY COMPANY,WRO/RAHC/R-4017449,"14A, PAPERBOX, OFF MAHAKALI CAVES ROADANDHERI EAST, MUMBAI CITY, ANDHERI EAST, MAHARASHTRA ,400093",ANDHERI EAST,MUMBAI CITY,MAHARASHTRA,400093,ACTIVE,Operative,19/10/2026,All Gold Hallmarking,Assaying & Hallmarking,https://www.manakonline.in/MANAK/AHCListForWebsite
HALLMARKING,HM-02056,,1527,AHC-WRO-RAHC-R-4017577,Vijay Assaying & Hallmarking Centre,WRO/RAHC/R-4017577,"2nd Floor,Unit No.208,Bharat Industrial Estate,T.J.Road ,Sewri West ,Mumbai, MUMBAI CITY, MUMBAI CENTRAL, MAHARASHTRA ,400015",MUMBAI CENTRAL,MUMBAI CITY,MAHARASHTRA,400015,ACTIVE,Operative,27/01/2028,Gold Hallmarking,Assaying & Hallmarking,https://www.manakonline.in/MANAK/AHCListForWebsite
HALLMARKING,HM-02057,,1528,AHC-WRO-RAHC-R-4017612,Bombay Assay Company Private Limited,WRO/RAHC/R-4017612,"No -103,104,105,106 Floral Deck Plaza15A/15B, MIDC Central Road, Andheri East, MUMBAI CITY, ANDHERI EAST, MAHARASHTRA ,400093",ANDHERI EAST,MUMBAI CITY,MAHARASHTRA,400093,ACTIVE,Operative,27/02/2028,"Yellow Gold,White Gold Nickel based,Silver Hallmarking",Assaying & Hallmarking,https://www.manakonline.in/MANAK/AHCListForWebsite
HALLMARKING,HM-02058,,1529,AHC-WRO-RAHC-R-4017831,QUALITY ASSAY & HALLMARKS LLP,WRO/RAHC/R-4017831,"GROUND FLOOR, PLOT NO.09,F11/12Wicel Commercial Complex, MIDC Central Road, MUMBAI SUBURBAN, MUMBAI SUBURBAN, MAHARASHTRA ,400093",MUMBAI SUBURBAN,MUMBAI SUBURBAN,MAHARASHTRA,400093,ACTIVE,Operative,28/10/2027,"Yellow Gold,White Gold Nickel based Hallmarking",Assaying & Hallmarking,https://www.manakonline.in/MANAK/AHCListForWebsite
HALLMARKING,HM-02059,,1530,AHC-WRO-RAHC-R-4017999,SHREE G K HALLMARK CENTRE,WRO/RAHC/R-4017999,"1ST FLOOR, A/16, VIGHNESWAR CHS, M B ESTATE,VIRAR (W), PALGHAR, MUMBAI, MAHARASHTRA-401303, PALGHAR, PALGHAR, MAHARASHTRA ,401303",PALGHAR,PALGHAR,MAHARASHTRA,401303,ACTIVE,Operative,24/02/2028,Yellow Gold Hallmarking,Assaying & Hallmarking,https://www.manakonline.in/MANAK/AHCListForWebsite
HALLMARKING,HM-02061,,1531,AHC-WRO-RAHC-R-4018142,SHANTI HALLMARKING CENTRE PVT LTD,WRO/RAHC/R-4018142,"Gala No. 1, 3rd Floor, Thakkar Industrial Estate,54/56 Champsi Bhimji Road, Old Anjirwadi, Mazgaon,, MUMBAI CITY, MAZGAON, MAHARASHTRA ,400010",MAZGAON,MUMBAI CITY,MAHARASHTRA,400010,SUSPENDED,Under Suspension,14/09/2028,Yellow Gold Hallmarking,Assaying & Hallmarking,https://www.manakonline.in/MANAK/AHCListForWebsite
HALLMARKING,HM-02062,,1532,AHC-WRO-RAHC-R-4018326,New Hem Assaying & Hallmarking Center,WRO/RAHC/R-4018326,"Floor 3, 68, Plot-285/305, Krishna Niwas,Yusuf Meherali Road, Mumbadevi Temple, Mandvi, MUMBAI CITY, MANDVI (MUMBAI), MAHARASHTRA ,400003",MANDVI (MUMBAI),MUMBAI CITY,MAHARASHTRA,400003,ACTIVE,Operative,08/02/2029,"Silver,Gold & Silver Both Hallmarking",Assaying & Hallmarking,https://www.manakonline.in/MANAK/AHCListForWebsite
HALLMARKING,HM-02063,,1533,AHC-WRO-RAHC-R-4018504,S S ASSAYING AND HALLMARKING CENTRE,WRO/RAHC/R-4018504,"3RD FLOOR, BUILDING NO.109 FLAT NO.41/42SHAHI GALLI, SHAIKH MEMON STREET, NEAR KHARA KURA, MUMBAI CITY, KALBADEVI, MAHARASHTRA ,400002",KALBADEVI,MUMBAI CITY,MAHARASHTRA,400002,ACTIVE,Operative,15/09/2027,"Yellow Gold,Silver Hallmarking",Assaying & Hallmarking,https://www.manakonline.in/MANAK/AHCListForWebsite
HALLMARKING,HM-02064,,1534,AHC-WRO-RAHC-R-4018695,RATHOD HALLMARKING CENTER,WRO/RAHC/R-4018695,"Unit 426, BUSSA UDYOG BHAVAN INDUSTRIAL PREMISESTOKERSEY JIVRAJ ROAD,SEWREE WEST,MUMBAI, MUMBAI CITY, SEWRI, MAHARASHTRA ,400015",SEWRI,MUMBAI CITY,MAHARASHTRA,400015,ACTIVE,Operative,13/01/2028,Gold Hallmarking,Assaying & Hallmarking,https://www.manakonline.in/MANAK/AHCListForWebsite
HALLMARKING,HM-02065,,1535,AHC-WRO-RAHC-R-4018695-O1-,RATHOD HALLMARKING CENTER,WRO/RAHC/R-4018695(O1),"Unit 426, BUSSA UDYOG BHAVAN INDUSTRIAL PREMISESTOKERSEY JIVRAJ ROAD,SEWREE WEST,MUMBAI, MUMBAI CITY, SEWRI, MAHARASHTRA ,400015",SEWRI,MUMBAI CITY,MAHARASHTRA,400015,ACTIVE,Operative,13/01/2028,Gold Hallmarking,Assaying & Hallmarking,https://www.manakonline.in/MANAK/AHCListForWebsite
HALLMARKING,HM-02066,,1536,AHC-WRO-RAHC-R-4018807,DIVINE HALLMARK CENTRE,WRO/RAHC/R-4018807,"2ND FLOOR, UNIT NO. 207, NEW INDIA INDUSTRIALESTATE, MAHAKALI CAVES ROAD, ANDHERI EAST, MUMBAI CITY, ANDHERI EAST, MAHARASHTRA ,400093",ANDHERI EAST,MUMBAI CITY,MAHARASHTRA,400093,ACTIVE,Operative,12/07/2028,Gold Hallmarking,Assaying & Hallmarking,https://www.manakonline.in/MANAK/AHCListForWebsite
HALLMARKING,HM-02067,,1537,AHC-WRO-RAHC-R-4018807-O1-,DIVINE HALLMARK CENTRE,WRO/RAHC/R-4018807(O1),"2ND FLOOR, UNIT NO. 207, NEW INDIA INDUSTRIALESTATE, MAHAKALI CAVES ROAD, ANDHERI EAST, MUMBAI CITY, ANDHERI EAST, MAHARASHTRA ,400093",ANDHERI EAST,MUMBAI CITY,MAHARASHTRA,400093,ACTIVE,Operative,12/07/2028,Gold Hallmarking,Assaying & Hallmarking,https://www.manakonline.in/MANAK/AHCListForWebsite
HALLMARKING,HM-02068,,1538,AHC-WRO-RAHC-R-4018983,NITYANAND HALLMARKING CENTER MULUND,WRO/RAHC/R-4018983,"C-WING 101 JAY COMMERICAL COMPLEXSLROAD MG ROAD MULUND WEST, MUMBAI SUBURBAN, MUMBAI SUBURBAN, MAHARASHTRA ,400080",MUMBAI SUBURBAN,MUMBAI SUBURBAN,MAHARASHTRA,400080,ACTIVE,Operative,09/08/2029,Yellow Gold Hallmarking,Assaying & Hallmarking,https://www.manakonline.in/MANAK/AHCListForWebsite
HALLMARKING,HM-02069,,1539,AHC-WRO-RAHC-R-4019238,QUALITY ASSAY & HALLMARKS LLP,WRO/RAHC/R-4019238,"UNIT NO.311&312,THIRD FLOOR,REGAL INDUSTRIALESTATE, ACHARYA DHONDE MARG,SEWREE WEST, MUMBAI, MUMBAI CITY, SEWRI, MAHARASHTRA ,400015",SEWRI,MUMBAI CITY,MAHARASHTRA,400015,ACTIVE,Operative,31/05/2028,Yellow Gold Hallmarking,Assaying & Hallmarking,https://www.manakonline.in/MANAK/AHCListForWebsite
HALLMARKING,HM-02070,,1540,AHC-WRO-RAHC-R-4019396,Synergyy Gold Testing Lab,WRO/RAHC/R-4019396,"2nd&3rd Flr,55, Janki Prasad Poddar mansion,2nd/3rd Flr, Janki Prasad, Poddar mansion, kalbade, MUMBAI CITY, KALBADEVI, MAHARASHTRA ,400002",KALBADEVI,MUMBAI CITY,MAHARASHTRA,400002,ACTIVE,Operative,14/06/2028,"Yellow Gold,White Gold Nickel based,Silver Hallmarking",Assaying & Hallmarking,https://www.manakonline.in/MANAK/AHCListForWebsite
HALLMARKING,HM-02071,,1541,AHC-WRO-RAHC-R-4019515,SHREE GANESH HALLMARK CENTRE,WRO/RAHC/R-4019515,"SHOP NO.3 PLOT NO. 176,177,178 GROUND FLOOR KANTATERRACE Co-OPP HSG SOCIETY LTD. P.M ROAD SANTACRUZ, MUMBAI SUBURBAN, MUMBAI SUBURBAN, MAHARASHTRA ,400054",MUMBAI SUBURBAN,MUMBAI SUBURBAN,MAHARASHTRA,400054,SUSPENDED,Under Suspension,19/07/2025,"Gold,Yellow Gold Hallmarking",Assaying & Hallmarking,https://www.manakonline.in/MANAK/AHCListForWebsite
HALLMARKING,HM-02072,,1542,AHC-WRO-RAHC-R-4019802,Sukraa hallmarking centre,WRO/RAHC/R-4019802,"no-321 floor -3 bussa udayog bhavan,tokersey jivraj road,fish market,sewree, mumbai, MUMBAI CITY, MUMBAI CENTRAL, MAHARASHTRA ,400015",MUMBAI CENTRAL,MUMBAI CITY,MAHARASHTRA,400015,SUSPENDED,Under Suspension,27/09/2026,Gold Hallmarking,Assaying & Hallmarking,https://www.manakonline.in/MANAK/AHCListForWebsite
HALLMARKING,HM-02073,,1543,AHC-WRO-RAHC-R-4019922,MAA AMBE HALLMARKING CENTRE,WRO/RAHC/R-4019922,"1st Floor, 238,116,Regal Industrial Estate,Acharya Donde Marg, Sewari, Mumbai, 400015, MUMBAI CITY, SEWRI, MAHARASHTRA ,400015",SEWRI,MUMBAI CITY,MAHARASHTRA,400015,ACTIVE,Operative,23/07/2028,Yellow Gold Hallmarking,Assaying & Hallmarking,https://www.manakonline.in/MANAK/AHCListForWebsite
HALLMARKING,HM-02074,,1544,AHC-WRO-RAHC-R-4020010,TAATVIK ASSAY LAB,WRO/RAHC/R-4020010,"21 , Dogat Building, 10/11/12, 4th floor,Dadi seth agiary lane, Kalbadevi Road,, MUMBAI CITY, KALBADEVI, MAHARASHTRA ,400002",KALBADEVI,MUMBAI CITY,MAHARASHTRA,400002,ACTIVE,Operative,21/03/2028,Yellow Gold Hallmarking,Assaying & Hallmarking,https://www.manakonline.in/MANAK/AHCListForWebsite
HALLMARKING,HM-02075,,1545,AHC-WRO-RAHC-R-4020191,SAVERA HALLMARK CENTRE,WRO/RAHC/R-4020191,"Plot No. 15, Surya Gold Pvt. Ltd., Behind HotelTunga Paradise, Road No. 10, Andheri (East),, MUMBAI SUBURBAN, MUMBAI SUBURBAN, MAHARASHTRA ,400093",MUMBAI SUBURBAN,MUMBAI SUBURBAN,MAHARASHTRA,400093,ACTIVE,Operative,15/08/2028,Yellow Gold Hallmarking,Assaying & Hallmarking,https://www.manakonline.in/MANAK/AHCListForWebsite
HALLMARKING,HM-02076,,1546,AHC-WRO-RAHC-R-4020659,MD HALLMARKING CENTRE,WRO/RAHC/R-4020659,"1ST FLR, 7/9 V K TRUST BLDG, SHAIKH MEMON STREETOLD SATTA GULLY, OPP NAMRATA JEWELLERS, MUMBAI CITY, MUMBAI, MAHARASHTRA ,400002",MUMBAI,MUMBAI CITY,MAHARASHTRA,400002,ACTIVE,Operative,20/11/2028,Yellow Gold Hallmarking,Assaying & Hallmarking,https://www.manakonline.in/MANAK/AHCListForWebsite
HALLMARKING,HM-02077,,1547,AHC-WRO-RAHC-R-4021159,PARSHWA HALLMARKING CENTRE,WRO/RAHC/R-4021159,"147, TTC Industrial Estate, Pawne, Koparkhairne,Navi Mumbai, THANE, THANE, MAHARASHTRA ,400710",THANE,THANE,MAHARASHTRA,400710,ACTIVE,Operative,10/10/2027,Gold Hallmarking,Assaying & Hallmarking,https://www.manakonline.in/MANAK/AHCListForWebsite
HALLMARKING,HM-02078,,1548,AHC-WRO-RAHC-R-4021316,OM SHREE HALMARKING CENTRE,WRO/RAHC/R-4021316,"Dr Kumbhar Gyms, Jyotirling Niwas, shop no.1 and 2Dr Kumbhar Bulding, Tulinj Road, Nallasopara East,, PALGHAR, PALGHAR, MAHARASHTRA ,401209",PALGHAR,PALGHAR,MAHARASHTRA,401209,ACTIVE,Operative,07/08/2029,Gold Hallmarking,Assaying & Hallmarking,https://www.manakonline.in/MANAK/AHCListForWebsite
HALLMARKING,HM-02082,,1549,AHC-WRO-RAHC-R-4021505,MAHALAKSHMI HALLMARKINGS,WRO/RAHC/R-4021505,"2ND FLOOR, PLOT NO.7/9, 9 VK TRUST BUILDINGKAVI NIRVE LANE, OLD SATTA GALLY, FORT, KALBADEVI, MUMBAI CITY, MUMBAI, MAHARASHTRA ,400002",MUMBAI,MUMBAI CITY,MAHARASHTRA,400002,ACTIVE,Operative,24/02/2028,Yellow Gold Hallmarking,Assaying & Hallmarking,https://www.manakonline.in/MANAK/AHCListForWebsite
HALLMARKING,HM-02084,,1550,AHC-WRO-RAHC-R-4022108,MAHAVIR HALLMARKING CENTRE PRIVATE LIMITED,WRO/RAHC/R-4022108,"A-606/2, 1ST FLOOR, ROYAL CHAINS PVT. LTD.,SHIL PHATA MAHAPE ROAD, TTC INDUSTRIAL AREA, MIDC, THANE, THANE, MAHARASHTRA ,400710",THANE,THANE,MAHARASHTRA,400710,ACTIVE,Operative,08/10/2028,"Gold,Yellow Gold Hallmarking",Assaying & Hallmarking,https://www.manakonline.in/MANAK/AHCListForWebsite
HALLMARKING,HM-02085,,1551,AHC-WRO-RAHC-R-4022567,THE GEM AND JEWELLERY EXPORT PROMOTION COUNCIL,WRO/RAHC/R-4022567,"F-1 BHARAT RATNAM MEGA CFC, SEEPZ SEZNEAR GATE NO.1 ANDHERI EAST, MUMBAI SUBURBAN, MUMBAI SUBURBAN, MAHARASHTRA ,400096",MUMBAI SUBURBAN,MUMBAI SUBURBAN,MAHARASHTRA,400096,ACTIVE,Operative,23/12/2027,"Yellow Gold,White Gold Nickel based Hallmarking",Assaying & Hallmarking,https://www.manakonline.in/MANAK/AHCListForWebsite
HALLMARKING,HM-02088,,1552,AHC-WRO-RAHC-R-4022768,Nityanand Assaying And Hallmarking Centre,WRO/RAHC/R-4022768,"1"" Floor, Plot No. D-222/2, TTC Industrial AreaMIDC, Shiravane, Navi Mumbai, MUMBAI CITY, PAREL, MAHARASHTRA ,400012",PAREL,MUMBAI CITY,MAHARASHTRA,400012,ACTIVE,Operative,30/03/2028,"Yellow Gold,Silver Hallmarking",Assaying & Hallmarking,https://www.manakonline.in/MANAK/AHCListForWebsite
HALLMARKING,HM-02089,,1553,AHC-WRO-RAHC-R-4023198,SPS hallmarks,WRO/RAHC/R-4023198,"1st Floor, Unit No 7, Rajeev Industrial Estate,Sakharam Lanjekar Marg, T.J Road, Sewree W, Mumbai, MUMBAI SUBURBAN, MUMBAI SUBURBAN, MAHARASHTRA ,400015",MUMBAI SUBURBAN,MUMBAI SUBURBAN,MAHARASHTRA,400015,SUSPENDED,Under Suspension,19/06/2028,"Yellow Gold,Silver,Gold & Silver Both Hallmarking",Assaying & Hallmarking,https://www.manakonline.in/MANAK/AHCListForWebsite
HALLMARKING,HM-02091,,1554,AHC-WRO-RAHC-R-4023244,A-1 HALLMARKING CENTRE,WRO/RAHC/R-4023244,"SHOP NO 20, GROUND FLOOR, DAGINA BAZARMUMBADEVI ROAD,KALBADEVI, MUMBAI CITY, SEWRI, MAHARASHTRA ,400002",SEWRI,MUMBAI CITY,MAHARASHTRA,400002,ACTIVE,Operative,30/10/2028,Gold Hallmarking,Assaying & Hallmarking,https://www.manakonline.in/MANAK/AHCListForWebsite
HALLMARKING,HM-02093,,1555,AHC-WRO-RAHC-R-4023757,Shri Mahalaxmi Assaying & Hallmarking Centre,WRO/RAHC/R-4023757,"1st Floor, Office No. 15 17, Pakitwala Chawl, Station Road, Opp Bharat Cinema,Kurla West,, MUMBAI SUBURBAN, , MAHARASHTRA ,400070",MUMBAI SUBURBAN,Kurla West,MAHARASHTRA,400070,ACTIVE,Operative,07/06/2029,Yellow Gold Hallmarking,Assaying & Hallmarking,https://www.manakonline.in/MANAK/AHCListForWebsite
HALLMARKING,HM-02094,,1556,AHC-WRO-RAHC-R-4024923,LOTUS ASSAYING & HALLMARKING CENTRE,WRO/RAHC/R-4024923,"D-215, FLORAL DECK PLAZA, CENTRAL MIDC ROADANDHERI EAST, MUMBAI, MUMBAI SUBURBAN, MUMBAI SUBURBAN, MAHARASHTRA ,400093",MUMBAI SUBURBAN,MUMBAI SUBURBAN,MAHARASHTRA,400093,SUSPENDED,Under Suspension,03/08/2028,"Yellow Gold,White Gold Nickel based Hallmarking",Assaying & Hallmarking,https://www.manakonline.in/MANAK/AHCListForWebsite
HALLMARKING,HM-02095,,1557,AHC-WRO-RAHC-R-4024981,AKANSHA HALLMARKING CENTRE,WRO/RAHC/R-4024981,"OFFICE. NO.39, 2ND FLOOR AMBIKA DARSHAN CO-OP .PREM.G.ROAD, RAJAWADI GHATKOPAR EAST, MUMBAI CITY, RAJAWADI, MAHARASHTRA ,400077",RAJAWADI,MUMBAI CITY,MAHARASHTRA,400077,SUSPENDED,Under Suspension,03/06/2028,Gold Hallmarking,Assaying & Hallmarking,https://www.manakonline.in/MANAK/AHCListForWebsite
HALLMARKING,HM-02097,,1558,AHC-WRO-RAHC-R-4025205,pyramid gold auxiliary services llp,WRO/RAHC/R-4025205,"GALA NO.002 SHREEJI DIAMOND INDUSTRIAL ESTATEGROUND FLOOR, SN DUBE ROAD, DAHISAR EAST, THANE, DAHISAR, MAHARASHTRA ,400068",DAHISAR,THANE,MAHARASHTRA,400068,ACTIVE,Operative,16/11/2028,Yellow Gold Hallmarking,Assaying & Hallmarking,https://www.manakonline.in/MANAK/AHCListForWebsite
HALLMARKING,HM-02098,,1559,AHC-WRO-RAHC-R-4025212,SHREE HALLMARKING CENTRE,WRO/RAHC/R-4025212,"OFFICE NO.101, 1ST FLOOR, MAHINDRA LIFESPACE, BEHIS V ROAD, GOREGAON(W), MUMBAI-400104, MUMBAI SUBURBAN, MUMBAI SUBURBAN, MAHARASHTRA ,400104",MUMBAI SUBURBAN,MUMBAI SUBURBAN,MAHARASHTRA,400104,SUSPENDED,Under Suspension,27/01/2028,Yellow Gold Hallmarking,Assaying & Hallmarking,https://www.manakonline.in/MANAK/AHCListForWebsite
HALLMARKING,HM-02099,,1560,AHC-WRO-RAHC-R-4025692,VARIETY MARKING CENTRE,WRO/RAHC/R-4025692,"503/504, Prasad chambers, 5th floorTata colony road no 2, opera house, girgaon , Mumbai, MUMBAI CITY, GIRGAON, MAHARASHTRA ,400004",GIRGAON,MUMBAI CITY,MAHARASHTRA,400004,ACTIVE,Operative,05/03/2029,"Yellow Gold,White Gold Nickel based Hallmarking",Assaying & Hallmarking,https://www.manakonline.in/MANAK/AHCListForWebsite
HALLMARKING,HM-02100,,1561,AHC-WRO-RAHC-R-4025945,BHARAT HALLMARKING AND BULLION REFINERY,WRO/RAHC/R-4025945,"3RD FLOOR, UNIT NO.312 NAVNIDI INDUSTRIAL ESTATEACHARYA DONDE MARG SHIVDI NAKA, MUMBAI CITY, SEWRI, MAHARASHTRA ,400015",SEWRI,MUMBAI CITY,MAHARASHTRA,400015,ACTIVE,Operative,25/03/2029,Gold & Silver Both Hallmarking,Assaying & Hallmarking,https://www.manakonline.in/MANAK/AHCListForWebsite
HALLMARKING,HM-02101,,1562,AHC-WRO-RAHC-R-4026141,NJB Hallmarking Centre,WRO/RAHC/R-4026141,"Shop No.3, Shanti Sadan CHSL, Marve Road,Malad(West). Mumbai - 400 064, MUMBAI SUBURBAN, , MAHARASHTRA ,400064",MUMBAI SUBURBAN,Malad(West). Mumbai - 400 064,MAHARASHTRA,400064,ACTIVE,Operative,13/07/2029,"Gold,White Gold Nickel based Hallmarking",Assaying & Hallmarking,https://www.manakonline.in/MANAK/AHCListForWebsite
HALLMARKING,HM-02102,,1563,AHC-WRO-RAHC-R-4026423,KAMAKSHI HALLMARKING CENTRE LLP,WRO/RAHC/R-4026423,"Office No 6C, 3rd Floor, Building Backbay View, 3AMama Parmananad Marg,Opera House, Charni Road East, MUMBAI CITY, CHARNI ROAD, MAHARASHTRA ,400004",CHARNI ROAD,MUMBAI CITY,MAHARASHTRA,400004,SUSPENDED,Under Suspension,06/03/2028,"Yellow Gold,White Gold Nickel based Hallmarking",Assaying & Hallmarking,https://www.manakonline.in/MANAK/AHCListForWebsite
HALLMARKING,HM-02105,,1564,AHC-WRO-RAHC-R-4026763,AKANSHA HALLMARK CENTRE PVT LTD,WRO/RAHC/R-4026763,"11,12 &13, 2ND FLOOR PLOT-23/25, KAVI NIRAV LANEOLD SATTA GULLY COTTON EXCHANGE KALBADEVI, MUMBA, MUMBAI CITY, KALBADEVI, MAHARASHTRA ,400002",KALBADEVI,MUMBAI CITY,MAHARASHTRA,400002,ACTIVE,Operative,02/05/2029,Yellow Gold Hallmarking,Assaying & Hallmarking,https://www.manakonline.in/MANAK/AHCListForWebsite
HALLMARKING,HM-02106,,1565,AHC-WRO-RAHC-R-4026855,NEW MAHARAJA HALLMARK CENTRE,WRO/RAHC/R-4026855,"29, SIDHPURA IND.ESTATE, GAIWADI LANE, S V ROAD, NVILLEGE OSHIWARA, GOREGAON WEST, MUMBAI 400104, MUMBAI SUBURBAN, MUMBAI SUBURBAN, MAHARASHTRA ,400104",MUMBAI SUBURBAN,MUMBAI SUBURBAN,MAHARASHTRA,400104,ACTIVE,Operative,24/08/2028,Yellow Gold Hallmarking,Assaying & Hallmarking,https://www.manakonline.in/MANAK/AHCListForWebsite
HALLMARKING,HM-02107,,1566,AHC-WRO-RAHC-R-4027053,SHREE GANESH HALLMARKING & ASSAY CENTER,WRO/RAHC/R-4027053,"FLAT NO.9,2nd FLOOR ,SHYAM KUNJ APARTMENT,NAVGHAR,VASAI(W), PALGHAR, VASAI, MAHARASHTRA ,401202",VASAI,PALGHAR,MAHARASHTRA,401202,SUSPENDED,Under Suspension,19/09/2027,Yellow Gold Hallmarking,Assaying & Hallmarking,https://www.manakonline.in/MANAK/AHCListForWebsite
HALLMARKING,HM-02108,,1567,AHC-WRO-RAHC-R-4027246,NAMMA CREATIVE DALAAL PRIVATE LIMITED,WRO/RAHC/R-4027246,"25/29,3RDOLD SATTA GULLY,KAVI NIRAV LANE,OPPOSITESHREE G BHAGAT TARACHAND HOTEL,SK MENON ST, MUMBAI CITY, KALBADEVI, MAHARASHTRA ,400002",KALBADEVI,MUMBAI CITY,MAHARASHTRA,400002,ACTIVE,Operative,20/07/2028,"Gold,Yellow Gold Hallmarking",Assaying & Hallmarking,https://www.manakonline.in/MANAK/AHCListForWebsite
HALLMARKING,HM-02109,,1568,AHC-WRO-RAHC-R-4027295,KALINGA HALLMARKING CENTRE,WRO/RAHC/R-4027295,"B 15 Aristocrate,B wing, Lajya Silk Mill Compound,Lajya Estate, Mogra Road,Andheri East,MUMBAI SUBUR, MUMBAI SUBURBAN, MUMBAI SUBURBAN, MAHARASHTRA ,400069",MUMBAI SUBURBAN,MUMBAI SUBURBAN,MAHARASHTRA,400069,ACTIVE,Operative,24/02/2028,"Yellow Gold,Silver Hallmarking",Assaying & Hallmarking,https://www.manakonline.in/MANAK/AHCListForWebsite
HALLMARKING,HM-02114,,1569,AHC-WRO-RAHC-R-4027667,NEW S R HALLMARK CENTRE,WRO/RAHC/R-4027667,"OFFICE NO 225, 226, RAUT ARCADE, MANVEL PADA ROAD,, PALGHAR, VASAI, MAHARASHTRA ,401305",VASAI,PALGHAR,MAHARASHTRA,401305,ACTIVE,Operative,05/07/2027,Yellow Gold Hallmarking,Assaying & Hallmarking,https://www.manakonline.in/MANAK/AHCListForWebsite
HALLMARKING,HM-02115,,1570,AHC-WRO-RAHC-R-4028130,K U Hallmarking Centre,WRO/RAHC/R-4028130,"A/201, Mandapeshwar Industrial Estate,Opp MCF Club, Borivali West, MUMBAI SUBURBAN, MUMBAI SUBURBAN, MAHARASHTRA ,400092",MUMBAI SUBURBAN,MUMBAI SUBURBAN,MAHARASHTRA,400092,ACTIVE,Operative,08/05/2028,"Yellow Gold,White Gold Nickel based Hallmarking",Assaying & Hallmarking,https://www.manakonline.in/MANAK/AHCListForWebsite
HALLMARKING,HM-02116,,1571,AHC-WRO-RAHC-R-4028176,OM GOLD TESTING,WRO/RAHC/R-4028176,"Shop No.9, Mathura Chaya CHS Ltd.,, Navghar RoadBhayandar East, Thane, Maharashtra, 401105, THANE, , MAHARASHTRA ,401105",THANE,401105,MAHARASHTRA,401105,ACTIVE,Operative,17/08/2028,Gold Hallmarking,Assaying & Hallmarking,https://www.manakonline.in/MANAK/AHCListForWebsite
HALLMARKING,HM-02117,,1572,AHC-WRO-RAHC-R-4028302,VARIETY HALLMARK,WRO/RAHC/R-4028302,"First Floor, 43, Madhuban Industrial Estate,Mahakali Caves Road, Andheri East,, MUMBAI SUBURBAN, MUMBAI SUBURBAN, MAHARASHTRA ,400093",MUMBAI SUBURBAN,MUMBAI SUBURBAN,MAHARASHTRA,400093,ACTIVE,Operative,16/09/2028,"Yellow Gold,White Gold Nickel based Hallmarking",Assaying & Hallmarking,https://www.manakonline.in/MANAK/AHCListForWebsite
HALLMARKING,HM-02119,,1573,AHC-WRO-RAHC-R-4028810,NEW SIDDHANATH HALLMARKING CENTER,WRO/RAHC/R-4028810,"1 ST FLOOR, SS III, SS III / 267, SECTOR - 07, NEAR D MART,KOPARKHAIRANE,, THANE, KOPAR KHAIRNE, MAHARASHTRA ,400709",KOPAR KHAIRNE,THANE,MAHARASHTRA,400709,ACTIVE,Operative,17/08/2029,Yellow Gold Hallmarking,Assaying & Hallmarking,https://www.manakonline.in/MANAK/AHCListForWebsite
HALLMARKING,HM-02120,,1574,AHC-WRO-RAHC-R-4028888,SHREE SADGURU HALLMARKING CENTER,WRO/RAHC/R-4028888,"1ST FLOOR R NO 12 OFFICE SURYAVANSHI SHOPPINGCENTER NEW MILL ROAD OPP SAYABA PALACE KURLA WEST, MUMBAI SUBURBAN, MUMBAI SUBURBAN, MAHARASHTRA ,400070",MUMBAI SUBURBAN,MUMBAI SUBURBAN,MAHARASHTRA,400070,SUSPENDED,Under Suspension,30/07/2028,Yellow Gold Hallmarking,Assaying & Hallmarking,https://www.manakonline.in/MANAK/AHCListForWebsite
HALLMARKING,HM-02121,,1575,AHC-WRO-RAHC-R-4029066,BLUE LOTUS HALLMARK CENTRE,WRO/RAHC/R-4029066,"Unit No. 3, 1st Floor , Plot No. 11C, Thakkar Ind.Estate, Mascare, NAHS Road Old Anjir Wadi, Mazgaon, MUMBAI CITY, MAZGAON, MAHARASHTRA ,400010",MAZGAON,MUMBAI CITY,MAHARASHTRA,400010,ACTIVE,Operative,24/08/2025,Gold Hallmarking,Assaying & Hallmarking,https://www.manakonline.in/MANAK/AHCListForWebsite
HALLMARKING,HM-02123,,1576,AHC-WRO-RAHC-R-4029647,Prince Assaying and Hallmarking Center,WRO/RAHC/R-4029647,"Office No. A104, Priya Apartment, Near MahavirPhoto Studio, Main Kasturba Road, Borivali (East),, MUMBAI SUBURBAN, MUMBAI SUBURBAN, MAHARASHTRA ,400066",MUMBAI SUBURBAN,MUMBAI SUBURBAN,MAHARASHTRA,400066,ACTIVE,Operative,08/10/2027,Yellow Gold Hallmarking,Assaying & Hallmarking,https://www.manakonline.in/MANAK/AHCListForWebsite
HALLMARKING,HM-02125,,1577,AHC-WRO-RAHC-R-4029693,CHHATTISGARH HALLMARKING CENTRE,WRO/RAHC/R-4029693,"1ST FLOOR, RAJ SADANRUIA BUILDING KALABADEVI, MUMBAI CITY, SEWRI, MAHARASHTRA ,400002",SEWRI,MUMBAI CITY,MAHARASHTRA,400002,ACTIVE,Operative,29/06/2028,Yellow Gold Hallmarking,Assaying & Hallmarking,https://www.manakonline.in/MANAK/AHCListForWebsite
HALLMARKING,HM-02127,,1578,AHC-WRO-RAHC-R-4110773,JOGESHWARI HALLMARKING CENTER,WRO/RAHC/R-4110773,"CTS 982, LAXMI ROAD, NEAR TAMBOLI MASJIDRAVIWAR PETH, Pune, Maharashtra, 411002, PUNE, RAVIWAR PETH, MAHARASHTRA ,411002",RAVIWAR PETH,PUNE,MAHARASHTRA,411002,ACTIVE,Operative,10/10/2027,Yellow Gold Hallmarking,Assaying & Hallmarking,https://www.manakonline.in/MANAK/AHCListForWebsite
HALLMARKING,HM-02130,,1579,AHC-WRO-RAHC-R-4111818,S G HALLMARK CENTRE,WRO/RAHC/R-4111818,"CTS NO 754, OFFICE NO 504, JEWEL SQUARE,RAVIWAR PETH, PUNE,, PUNE, RAVIWAR PETH, MAHARASHTRA ,411002",RAVIWAR PETH,PUNE,MAHARASHTRA,411002,ACTIVE,Operative,16/09/2028,Gold Hallmarking,Assaying & Hallmarking,https://www.manakonline.in/MANAK/AHCListForWebsite
HALLMARKING,HM-02131,,1580,AHC-WRO-RAHC-R-4111900,GLS HALLMARKING CENTRE,WRO/RAHC/R-4111900,"IDBI Bank, FIRST FLOOR, M.NO.6391, BEHIND PETROLPUMP, NEAR KANYA SCHOOL, Koregaon, Satara, Maharas, SATARA, KOREGAON, MAHARASHTRA ,415501",KOREGAON,SATARA,MAHARASHTRA,415501,ACTIVE,Operative,17/04/2027,Gold Hallmarking,Assaying & Hallmarking,https://www.manakonline.in/MANAK/AHCListForWebsite
HALLMARKING,HM-02132,,1581,AHC-WRO-RAHC-R-4111976,ROSHNI HALLMARKING CENTRE AND BULLION,WRO/RAHC/R-4111976,"2nd Floor, Plot No. 215, Roshni Hallmarking CentreRiver road, Pimpri, Pune, PUNE, PIMPRI, MAHARASHTRA ,411017",PIMPRI,PUNE,MAHARASHTRA,411017,ACTIVE,Operative,31/07/2029,Yellow Gold Hallmarking,Assaying & Hallmarking,https://www.manakonline.in/MANAK/AHCListForWebsite
HALLMARKING,HM-02134,,1582,AHC-WRO-RAHC-R-4113614,MAHADIK ASSAYING AND HALLMARKING CENTER,WRO/RAHC/R-4113614,"Ground Floor and 1st Floor, 569/1, GANPATI PETHNEAR JAIN BASTI SANGLI, Peth Bhag, Gujar bol,, SANGLI, SANGLI, MAHARASHTRA ,416416",SANGLI,SANGLI,MAHARASHTRA,416416,ACTIVE,Operative,04/04/2027,Gold Hallmarking,Assaying & Hallmarking,https://www.manakonline.in/MANAK/AHCListForWebsite
HALLMARKING,HM-02135,,1583,AHC-WRO-RAHC-R-4113873,PATIL HALLMARKING CENTER,WRO/RAHC/R-4113873,"1ST FLOOR, S NO. 736, MOTI CHOWK,RAVIWAR PETH, PUNE, Pune, Maharashtra, 411002, PUNE, PUNE, MAHARASHTRA ,411002",PUNE,PUNE,MAHARASHTRA,411002,ACTIVE,Operative,09/11/2026,Gold Hallmarking,Assaying & Hallmarking,https://www.manakonline.in/MANAK/AHCListForWebsite
HALLMARKING,HM-02136,,1584,AHC-WRO-RAHC-R-4114095,RUDRANSH ASSAYING & HALLMARKING CENTRE,WRO/RAHC/R-4114095,"PUJA COLDRIN RB 48-41, MIDDLE FLOOR SHOP NO1, PARTAVALE BUILDINGOPP. KOTHARI GOLD & SILVER, GANDHI CHOWK, URUN ISLAMPUR, SANGLI, URUN ISLAMPUR, MAHARASHTRA ,415409",URUN ISLAMPUR,SANGLI,MAHARASHTRA,415409,ACTIVE,Operative,09/08/2029,"Yellow Gold,Silver Hallmarking",Assaying & Hallmarking,https://www.manakonline.in/MANAK/AHCListForWebsite
HALLMARKING,HM-02137,,1585,AHC-WRO-RAHC-R-4114394,VARAD ASSAYING & HALLMARKING CENTRE,WRO/RAHC/R-4114394,"S NO 919 A SADASUKH APARTMENT F 14 & 15SARAF KATTA , SANGLI, SANGLI, SANGLI, MAHARASHTRA ,416416",SANGLI,SANGLI,MAHARASHTRA,416416,SUSPENDED,Under Suspension,11/01/2027,Gold & Silver Both Hallmarking,Assaying & Hallmarking,https://www.manakonline.in/MANAK/AHCListForWebsite
HALLMARKING,HM-02139,,1586,AHC-WRO-RAHC-R-4114445,SHREE MAHAVIR HALLMARKING CENTRE,WRO/RAHC/R-4114445,"BALAJI UTSAV BUILDING CTS NO 866 ,867 RAVIWAR PETH ,B O NUMBER 3, PUNE, PUNE CITY, MAHARASHTRA ,411002",PUNE CITY,PUNE,MAHARASHTRA,411002,ACTIVE,Operative,07/05/2027,Gold Hallmarking,Assaying & Hallmarking,https://www.manakonline.in/MANAK/AHCListForWebsite
HALLMARKING,HM-02140,,1587,AHC-WRO-RAHC-R-4115172,D N HALLMARKING CENTRE,WRO/RAHC/R-4115172,"2nd FLOOR, 865, BUDHWAR PETHSONYA MARUTI CHOWK, LAKSHMI ROAD, PUNE, PUNE, MAHARASHTRA ,411002",PUNE,PUNE,MAHARASHTRA,411002,ACTIVE,Operative,29/06/2028,"Yellow Gold,Silver Hallmarking",Assaying & Hallmarking,https://www.manakonline.in/MANAK/AHCListForWebsite
HALLMARKING,HM-02141,,1588,AHC-WRO-RAHC-R-4115195,SAINATH HALLMARKING CENTRE,WRO/RAHC/R-4115195,"FIRST FLOOR 81/123 RATAN BHAVANRAVIWAR PETH OPP JAIN MANDIR, SATARA, KARAD, MAHARASHTRA ,415110",KARAD,SATARA,MAHARASHTRA,415110,ACTIVE,Operative,09/12/2027,Yellow Gold Hallmarking,Assaying & Hallmarking,https://www.manakonline.in/MANAK/AHCListForWebsite
HALLMARKING,HM-02142,,1589,AHC-WRO-RAHC-R-4115258,BALAJI HALLMARKING CENTER,WRO/RAHC/R-4115258,"B/3,CTS NO.866/867/868/910,BALAJI HSG SOCIETY,NEARMANIK LODGE,RAVIWAR PETH,PUNE,MAHARASHTRA,411042, PUNE, RAVIWAR PETH, MAHARASHTRA ,411042",RAVIWAR PETH,PUNE,MAHARASHTRA,411042,SUSPENDED,Under Suspension,31/10/2026,Yellow Gold Hallmarking,Assaying & Hallmarking,https://www.manakonline.in/MANAK/AHCListForWebsite
HALLMARKING,HM-02143,,1590,AHC-WRO-RAHC-R-4116138,VISHWAS HALLMARK,WRO/RAHC/R-4116138,"FIRST FLOOR, FLAT NO 3, VITTHAL RUKMINI APPARTMENTHAVELI, SURVEY NO 477A, RAVIWAR PETH PUNE, PUNE, RAVIWAR PETH, MAHARASHTRA ,411011",RAVIWAR PETH,PUNE,MAHARASHTRA,411011,ACTIVE,Operative,08/02/2029,Gold Hallmarking,Assaying & Hallmarking,https://www.manakonline.in/MANAK/AHCListForWebsite
HALLMARKING,HM-02144,,1591,AHC-WRO-RAHC-R-4116383,IKON S R HALLMARKING,WRO/RAHC/R-4116383,"Flat 5, Ravi Apt, Ravivar Peth, Pune- 411002, PUNE, PETH (PUNE), MAHARASHTRA ,411002",PETH (PUNE),PUNE,MAHARASHTRA,411002,ACTIVE,Operative,29/03/2029,Yellow Gold Hallmarking,Assaying & Hallmarking,https://www.manakonline.in/MANAK/AHCListForWebsite
HALLMARKING,HM-02145,,1592,AHC-WRO-RAHC-R-4116395,S K HALLMARKINGS,WRO/RAHC/R-4116395,"746/B,3RD FLOOR,RAVIWAR PETH,OPP. AGARWAL DAIRY PUNE, PUNE, PUNE CITY, MAHARASHTRA ,411002",PUNE CITY,PUNE,MAHARASHTRA,411002,ACTIVE,Operative,10/11/2028,Gold Hallmarking,Assaying & Hallmarking,https://www.manakonline.in/MANAK/AHCListForWebsite
HALLMARKING,HM-02146,,1593,AHC-WRO-RAHC-R-4117261,SHREE PARSHWA HALLMARKING CENTER,WRO/RAHC/R-4117261,"1st Floor, Sr. No 491, Pandurang Niwas,1st FloorMoti Chowk, Raviwar Peth, Pune, Maharashtra, 41100, PUNE, PUNE, MAHARASHTRA ,411002",PUNE,PUNE,MAHARASHTRA,411002,ACTIVE,Operative,26/05/2028,Yellow Gold Hallmarking,Assaying & Hallmarking,https://www.manakonline.in/MANAK/AHCListForWebsite
HALLMARKING,HM-02148,,1594,AHC-WRO-RAHC-R-4117694,Mahalakshmi Hallmarkings,WRO/RAHC/R-4117694,"3rd Fl, 66/5A/1, Near Bharti Bank, Sinhgad Road, PUNE, DHAYARI, MAHARASHTRA ,411041",DHAYARI,PUNE,MAHARASHTRA,411041,ACTIVE,Operative,28/11/2028,Gold Hallmarking,Assaying & Hallmarking,https://www.manakonline.in/MANAK/AHCListForWebsite
HALLMARKING,HM-02149,,1595,AHC-WRO-RAHC-R-4117780,PP ASSAYING AND HALLMARKING CENTRE,WRO/RAHC/R-4117780,"360/361, PP ASSAYING & HALLMARKING CENTRE, SOLAPURNORTH, NEAR SARAF BAZAAR, PURV MANGALWAR PETH, SOLAPUR, SOLAPUR, MAHARASHTRA ,413002",SOLAPUR,SOLAPUR,MAHARASHTRA,413002,ACTIVE,Operative,27/10/2027,Yellow Gold Hallmarking,Assaying & Hallmarking,https://www.manakonline.in/MANAK/AHCListForWebsite
HALLMARKING,HM-02150,,1596,AHC-WRO-RAHC-R-4118193,OM SAI HALLMARKING CENTRE,WRO/RAHC/R-4118193,"SAMBHAJI CHOWK, C S NO. 862/B, SONSAVALI COMPLEX,WALWA, URAN, ISLAMPUR MCI, SANGLI, 415409, SANGLI, URUN ISLAMPUR, MAHARASHTRA ,415409",URUN ISLAMPUR,SANGLI,MAHARASHTRA,415409,ACTIVE,Operative,01/02/2028,Yellow Gold Hallmarking,Assaying & Hallmarking,https://www.manakonline.in/MANAK/AHCListForWebsite
HALLMARKING,HM-02152,,1597,AHC-WRO-RAHC-R-4119361,PAVAN HALLMARKING CENTRE,WRO/RAHC/R-4119361,"SECOND FLOOR, 537, CENTRE STREETPUNE , MAHARASHTRA - 411001, PUNE, PUNE CANTT EAST, MAHARASHTRA ,411001",PUNE CANTT EAST,PUNE,MAHARASHTRA,411001,ACTIVE,Operative,28/04/2028,Yellow Gold Hallmarking,Assaying & Hallmarking,https://www.manakonline.in/MANAK/AHCListForWebsite
HALLMARKING,HM-02153,,1598,AHC-WRO-RAHC-R-4119575,S S ASSAYING AND HALLMARKING CENTRE,WRO/RAHC/R-4119575,"12/553 DAMBAL GALLI D R P ROADICHALKARANJI , KOLHAPUR, ICHALKARANJI, MAHARASHTRA ,416115",ICHALKARANJI,KOLHAPUR,MAHARASHTRA,416115,ACTIVE,Operative,22/11/2024,Gold Hallmarking,Assaying & Hallmarking,https://www.manakonline.in/MANAK/AHCListForWebsite
HALLMARKING,HM-02154,,1599,AHC-WRO-RAHC-R-4119991,KRISHNA ASSAYING AND HALLMARKING CENTER,WRO/RAHC/R-4119991,"CS NO. 29, GOLD MINE COMPLEX, UNIT NO LG-1GUJARI ROAD, BLOCK SECTOR B WARD, KOLHAPUR, KOLHAPUR, KOLHAPUR CITY, MAHARASHTRA ,416002",KOLHAPUR CITY,KOLHAPUR,MAHARASHTRA,416002,ACTIVE,Operative,22/05/2028,Gold & Silver Both Hallmarking,Assaying & Hallmarking,https://www.manakonline.in/MANAK/AHCListForWebsite
HALLMARKING,HM-02156,,1600,AHC-WRO-RAHC-R-4120677,SHRI DHANLAXMI HALLMARK,WRO/RAHC/R-4120677,"GROUND FLOOR, BUILDING NO.3, SR.No.90/1, KARVIR, C WARD, GUJARI, MAHADEV GALLI,, KOLHAPUR, KOLHAPUR, MAHARASHTRA ,416002",KOLHAPUR,KOLHAPUR,MAHARASHTRA,416002,ACTIVE,Operative,23/08/2029,Yellow Gold Hallmarking,Assaying & Hallmarking,https://www.manakonline.in/MANAK/AHCListForWebsite
HALLMARKING,HM-02157,,1601,AHC-WRO-RAHC-R-4120973,SHRI DHANALAXMI HALLMARKING AND ASSAYING CENTRE,WRO/RAHC/R-4120973,"C S No. 1008 / A1, 1, Kunte Wada,Harbhat Road Main Road, Sangli,, SANGLI, SANGLI, MAHARASHTRA ,416416",SANGLI,SANGLI,MAHARASHTRA,416416,ACTIVE,Operative,01/06/2029,Yellow Gold Hallmarking,Assaying & Hallmarking,https://www.manakonline.in/MANAK/AHCListForWebsite
HALLMARKING,HM-02159,,1602,AHC-WRO-RAHC-R-4121266,TRIMURTI ASSAYING AND HALLMARKING CENTER,WRO/RAHC/R-4121266,"FIRST FLOOR,MILKAT NO-212,PAWER HOUSE ROADKHANAPUR,VITA, SANGLI, KHANAPUR (SANGLI), MAHARASHTRA ,415311",KHANAPUR (SANGLI),SANGLI,MAHARASHTRA,415311,ACTIVE,Operative,01/06/2029,Gold Hallmarking,Assaying & Hallmarking,https://www.manakonline.in/MANAK/AHCListForWebsite
HALLMARKING,HM-02160,,1603,AHC-WRO-RAHC-R-4121789,CHANNAWAR HALLMARKING AND ASSAYING CENTER,WRO/RAHC/R-4121789,"01,KOTALWAR COMPLEXHANUMAN KATTA ROAD, LATUR, UDGIR, MAHARASHTRA ,413517",UDGIR,LATUR,MAHARASHTRA,413517,SUSPENDED,Under Suspension,17/07/2027,Yellow Gold Hallmarking,Assaying & Hallmarking,https://www.manakonline.in/MANAK/AHCListForWebsite
HALLMARKING,HM-02161,,1604,AHC-WRO-RAHC-R-4121825,NEW SATARA HALLMARK CENTRE,WRO/RAHC/R-4121825,"2ND FLOOR, SR. NO. 92, HOLL NO. 4, SHALGHAR SADAN, SADASHIV PETH ROAD,RAHUL SALGAR AND ASSOCIATES, SADASHIV PETH,, SATARA, SATARA, MAHARASHTRA ,415002",SATARA,SATARA,MAHARASHTRA,415002,ACTIVE,Operative,23/06/2029,"Yellow Gold,Silver Hallmarking",Assaying & Hallmarking,https://www.manakonline.in/MANAK/AHCListForWebsite
HALLMARKING,HM-02162,,1605,AHC-WRO-RAHC-R-4122271,JANTA HALLMARKING CENTRE,WRO/RAHC/R-4122271,"Ground Floor, Shop No.S-1, C.S No-1018,RaghupratapComplex, Harbhat Road, Sangli, Maharashtra-416416, SANGLI, SANGLI CITY, MAHARASHTRA ,416416",SANGLI CITY,SANGLI,MAHARASHTRA,416416,ACTIVE,Operative,01/02/2028,Yellow Gold Hallmarking,Assaying & Hallmarking,https://www.manakonline.in/MANAK/AHCListForWebsite
HALLMARKING,HM-02163,,1606,AHC-WRO-RAHC-R-4122367,J S HALLMARKING A UNIT OF GOLD,WRO/RAHC/R-4122367,"OFFICE 101, FIRST FLOOR, 774, NOVEL BUILDINGSTATION ROAD, MULACHEY HOSPITAL, RAVIWAR PETH, PUNE, PUNE, MAHARASHTRA ,411002",PUNE,PUNE,MAHARASHTRA,411002,ACTIVE,Operative,14/06/2028,Yellow Gold Hallmarking,Assaying & Hallmarking,https://www.manakonline.in/MANAK/AHCListForWebsite
HALLMARKING,HM-02166,,1607,AHC-WRO-RAHC-R-4123714,SURYA ASSAYING AND HALLMARKING CENTRE,WRO/RAHC/R-4123714,"3265,FIRST FLOOR, SHENGA GALLI, SARAF BAZAR,GANJ BAZAR, AHMEDNAGAR, AHMEDNAGAR, AHMEDNAGAR, MAHARASHTRA ,414001",AHMEDNAGAR,AHMEDNAGAR,MAHARASHTRA,414001,ACTIVE,Operative,27/07/2028,Gold Hallmarking,Assaying & Hallmarking,https://www.manakonline.in/MANAK/AHCListForWebsite
HALLMARKING,HM-02167,,1608,AHC-WRO-RAHC-R-4123900,VARAD HALLMARKING,WRO/RAHC/R-4123900,"H.No 1420, W.No 16, Daywadna Suwarnkar,Infront of Yaswant Process, KOLHAPUR, ICHALKARANJI, MAHARASHTRA ,416115",ICHALKARANJI,KOLHAPUR,MAHARASHTRA,416115,ACTIVE,Operative,28/03/2028,Yellow Gold Hallmarking,Assaying & Hallmarking,https://www.manakonline.in/MANAK/AHCListForWebsite
HALLMARKING,HM-02168,,1609,AHC-WRO-RAHC-R-4124239,SRI KRISHNA ASSAYING AND HALLMARKING CENTRE,WRO/RAHC/R-4124239,"FOURTH FLOOR, OFFICE NO 424, KALYAN CHAMBERSCHS LTD, CTS 811, RAVIWAR PETH,, PUNE, RAVIWAR PETH, MAHARASHTRA ,411002",RAVIWAR PETH,PUNE,MAHARASHTRA,411002,ACTIVE,Operative,18/04/2028,Yellow Gold Hallmarking,Assaying & Hallmarking,https://www.manakonline.in/MANAK/AHCListForWebsite
HALLMARKING,HM-02169,,1610,AHC-WRO-RAHC-R-4124311,NEW TRISHUL HALLMARKING CENTER,WRO/RAHC/R-4124311,"1ST FLOOR, GURUPRASAD APT., RAVIVAR PETH, PUNE, PUNE, RAVIWAR PETH, MAHARASHTRA ,411002",RAVIWAR PETH,PUNE,MAHARASHTRA,411002,SUSPENDED,Under Suspension,22/05/2026,"Gold,Yellow Gold Hallmarking",Assaying & Hallmarking,https://www.manakonline.in/MANAK/AHCListForWebsite
HALLMARKING,HM-02171,,1611,AHC-WRO-RAHC-R-4125206,SRD Assayer & Hallmarking Centre,WRO/RAHC/R-4125206,"420, Second Floor, Manik Prabhu ComplexLaxmi Road, Narayan Peth, Haveli Pune, PUNE, PUNE, MAHARASHTRA ,411030",PUNE,PUNE,MAHARASHTRA,411030,SUSPENDED,Under Suspension,13/01/2028,Yellow Gold Hallmarking,Assaying & Hallmarking,https://www.manakonline.in/MANAK/AHCListForWebsite
HALLMARKING,HM-02172,,1612,AHC-WRO-RAHC-R-4125479,SIDDHANATH HALLMARKING CENTRE,WRO/RAHC/R-4125479,"755A, Raviwar Peth, Raviwar Peth,Pune, Maharashtra, 411002, PUNE, PUNE CITY, MAHARASHTRA ,411002",PUNE CITY,PUNE,MAHARASHTRA,411002,ACTIVE,Operative,27/10/2028,Yellow Gold Hallmarking,Assaying & Hallmarking,https://www.manakonline.in/MANAK/AHCListForWebsite
HALLMARKING,HM-02173,,1613,AHC-WRO-RAHC-R-4125564,G N HALLMARKINGS BARAMATI,WRO/RAHC/R-4125564,"1ST FLOOR,JAYASHREE COMPLEXSTATION ROAD,BARAMATI 413102, PUNE, BARAMATI, MAHARASHTRA ,413102",BARAMATI,PUNE,MAHARASHTRA,413102,ACTIVE,Operative,31/08/2028,"Yellow Gold,Silver Hallmarking",Assaying & Hallmarking,https://www.manakonline.in/MANAK/AHCListForWebsite
HALLMARKING,HM-02174,,1614,AHC-WRO-RAHC-R-4126222,HARI OM ENTERPRISES,WRO/RAHC/R-4126222,"1856 A, B-5 TO 9 PM, BAZAR PETH, MAIN ROADCHIPLUN, PIN 415 605, Dist: RATNAGIRI, RATNAGIRI, CHIPLUN, MAHARASHTRA ,415605",CHIPLUN,RATNAGIRI,MAHARASHTRA,415605,OTHER,Deferred,01/06/2026,Gold & Silver Both Hallmarking,Assaying & Hallmarking,https://www.manakonline.in/MANAK/AHCListForWebsite
HALLMARKING,HM-02175,,1615,AHC-WRO-RAHC-R-4126378,AMAR HALLMARK CENTRE,WRO/RAHC/R-4126378,"Raviwar Peth, 127 D, KaradSatara, Maharashtra, 415110, SATARA, KARAD, MAHARASHTRA ,415110",KARAD,SATARA,MAHARASHTRA,415110,ACTIVE,Operative,20/10/2025,Gold Hallmarking,Assaying & Hallmarking,https://www.manakonline.in/MANAK/AHCListForWebsite
HALLMARKING,HM-02176,,1616,AHC-WRO-RAHC-R-4126448,OM SAI HALLMARKING CENTRE,WRO/RAHC/R-4126448,"FIRST FLOOR, SNO.169,RAKA PALACE,CHINCHWAD STATION ROAD ,CHINCHWAD., PUNE, CHINCHWADGAON, MAHARASHTRA ,411033",CHINCHWADGAON,PUNE,MAHARASHTRA,411033,ACTIVE,Operative,08/10/2028,Yellow Gold Hallmarking,Assaying & Hallmarking,https://www.manakonline.in/MANAK/AHCListForWebsite
HALLMARKING,HM-02177,,1617,AHC-WRO-RAHC-R-4127462,RAJ HALLMARKING AND ASSAYING CENTER,WRO/RAHC/R-4127462,"TATION ROAD, 4075/5/B/1, STATION ROADPandharpur, Solapur, Maharashtra, 413304, SOLAPUR, PANDHARPUR, MAHARASHTRA ,413304",PANDHARPUR,SOLAPUR,MAHARASHTRA,413304,ACTIVE,Operative,24/07/2028,Yellow Gold Hallmarking,Assaying & Hallmarking,https://www.manakonline.in/MANAK/AHCListForWebsite
HALLMARKING,HM-02179,,1618,AHC-WRO-RAHC-R-4128112,R R HALLMARKING,WRO/RAHC/R-4128112,"Laxmi Road, 2ND FLOOR, OFFICE NO. 72,73,74,75,CITY JEWEL, S.NO. 709/710, NARAYAN PETH,Pune,, PUNE, NARAYAN PETH, MAHARASHTRA ,411030",NARAYAN PETH,PUNE,MAHARASHTRA,411030,ACTIVE,Operative,25/09/2026,Yellow Gold Hallmarking,Assaying & Hallmarking,https://www.manakonline.in/MANAK/AHCListForWebsite
HALLMARKING,HM-02183,,1619,AHC-WRO-RAHC-R-4128531,BAHUBALI HALLMARKING & ASSAYING CENTRE,WRO/RAHC/R-4128531,"BASEMENT FLOOR, GALA NO 4/5, C.S.NO 839B,SADHUDAS NIWAS, PETHABHAG, SANGLI, SANGLI, SANGLI, MAHARASHTRA ,416416",SANGLI,SANGLI,MAHARASHTRA,416416,ACTIVE,Operative,01/06/2029,Yellow Gold Hallmarking,Assaying & Hallmarking,https://www.manakonline.in/MANAK/AHCListForWebsite
HALLMARKING,HM-02184,,1620,AHC-WRO-RAHC-R-4128731,SHRI SAMARTH ASSAYING AND HALLMARKING CENTRE,WRO/RAHC/R-4128731,"1st-2nd FLOOR, CITY SURVEY NO-360/4, JETHANANICLOTH STORE Opp. MEWAD HOTEL M.G. ROAD KAPAD BAZAR, RAIGAD, PANVEL, MAHARASHTRA ,410206",PANVEL,RAIGAD,MAHARASHTRA,410206,ACTIVE,Operative,24/07/2028,"Gold,Yellow Gold Hallmarking",Assaying & Hallmarking,https://www.manakonline.in/MANAK/AHCListForWebsite
HALLMARKING,HM-02185,,1621,AHC-WRO-RAHC-R-4211440,S K ASSAY & HALLMARKING CENTER,WRO/RAHC/R-4211440,"SHOP NO. C/01, 1ST FLOOR, RAWAL NIWAS, NARAYAN WADI, STATION ROADKALYAN WEST, THANE, MAHARASHTRA 421301, THANE, KALYAN CITY, MAHARASHTRA ,421301",KALYAN CITY,THANE,MAHARASHTRA,421301,ACTIVE,Operative,06/08/2029,"Yellow Gold,Silver Hallmarking",Assaying & Hallmarking,https://www.manakonline.in/MANAK/AHCListForWebsite
HALLMARKING,HM-02186,,1622,AHC-WRO-RAHC-R-4211513,JALGAON HALLMARK AND ASSAYING CENTER,WRO/RAHC/R-4211513,"H NO.99 C S NO 1732, SARAF BAZAR,BHAVANI PETH, JALGAON,, JALGAON, JALGAON, MAHARASHTRA ,425001",JALGAON,JALGAON,MAHARASHTRA,425001,SUSPENDED,Under Suspension,28/05/2026,Yellow Gold Hallmarking,Assaying & Hallmarking,https://www.manakonline.in/MANAK/AHCListForWebsite
HALLMARKING,HM-02188,,1623,AHC-WRO-RAHC-R-4212221,kalyan Hallmark Centre,WRO/RAHC/R-4212221,"Office no 39,40,41 1st floorMahavir shopping complex agra road, THANE, THANE, MAHARASHTRA ,421301",THANE,THANE,MAHARASHTRA,421301,ACTIVE,Operative,29/10/2028,Gold Hallmarking,Assaying & Hallmarking,https://www.manakonline.in/MANAK/AHCListForWebsite
HALLMARKING,HM-02189,,1624,AHC-WRO-RAHC-R-4212221-O1-,kalyan Hallmark Centre,WRO/RAHC/R-4212221(O1),"Office no 39,40,41 1st floorMahavir shopping complex agra road, THANE, THANE, MAHARASHTRA ,421301",THANE,THANE,MAHARASHTRA,421301,ACTIVE,Operative,29/10/2028,Gold Hallmarking,Assaying & Hallmarking,https://www.manakonline.in/MANAK/AHCListForWebsite
HALLMARKING,HM-02190,,1625,AHC-WRO-RAHC-R-4213287,ASHAPURI HALLMARK AND REFINERY,WRO/RAHC/R-4213287,"CTC NO.1369 HOUSE NO 925, MUSALGAONKAR WADAJIJAMATA ROAD, Saraf Bazar, NASHIK, NASHIK CITY, MAHARASHTRA ,422001",NASHIK CITY,NASHIK,MAHARASHTRA,422001,ACTIVE,Operative,13/07/2029,Gold Hallmarking,Assaying & Hallmarking,https://www.manakonline.in/MANAK/AHCListForWebsite
HALLMARKING,HM-02191,,1626,AHC-WRO-RAHC-R-4213712,JAY MATA DI HALLMARKING CENTRE,WRO/RAHC/R-4213712,"JAY BHARAT CHOWK, SR NO 2637, NEAT DATTA STORE, SA, AHMEDNAGAR, SANGAMNER, MAHARASHTRA ,422605",SANGAMNER,AHMEDNAGAR,MAHARASHTRA,422605,ACTIVE,Operative,11/10/2025,Yellow Gold Hallmarking,Assaying & Hallmarking,https://www.manakonline.in/MANAK/AHCListForWebsite
HALLMARKING,HM-02193,,1627,AHC-WRO-RAHC-R-4215575,JAI MALHAR HALLMARKING CENTER,WRO/RAHC/R-4215575,"GHAR NO 02, Kapse Lane, NEAR PANCH KANDIL,Gulshana,, NASHIK, MALEGAON, MAHARASHTRA ,423203",MALEGAON,NASHIK,MAHARASHTRA,423203,ACTIVE,Operative,11/02/2029,Yellow Gold Hallmarking,Assaying & Hallmarking,https://www.manakonline.in/MANAK/AHCListForWebsite
HALLMARKING,HM-02195,,1628,AHC-WRO-RAHC-R-4218262,S K HALLMARKING CENTER,WRO/RAHC/R-4218262,"SHOP NO. 6/7, RAJE APARTMENT, AGARKAR ROADDOMBIVLI, EAST, KALYAN, THANE,MAHARSHTRA, 421201, THANE, DOMBIVALI, MAHARASHTRA ,421201",DOMBIVALI,THANE,MAHARASHTRA,421201,ACTIVE,Operative,19/03/2029,Yellow Gold Hallmarking,Assaying & Hallmarking,https://www.manakonline.in/MANAK/AHCListForWebsite
HALLMARKING,HM-02196,,1629,AHC-WRO-RAHC-R-4219401,N B HALLMARKING CENTER,WRO/RAHC/R-4219401,"SHOP NO. 23, HOUSE NO. 881,2ND FLOOR, AMBIKA MARKET,SARAFA BAZAAR, RB GOLD CENTRE, PANCHAVATI, NASHIK, NASHIK MAIN ROAD, MAHARASHTRA ,422001",NASHIK MAIN ROAD,NASHIK,MAHARASHTRA,422001,ACTIVE,Operative,15/04/2029,Yellow Gold Hallmarking,Assaying & Hallmarking,https://www.manakonline.in/MANAK/AHCListForWebsite
HALLMARKING,HM-02197,,1630,AHC-WRO-RAHC-R-4219422,YASHRAJ HALLMARKING CENTER,WRO/RAHC/R-4219422,"FLAT NO 201, 2ND FLOOR, MRUNALI PLAZA, KULGAON ROABADLAPUR, DISTT THANE , MAHARASHTRA 421503, THANE, BADLAPUR E.D., MAHARASHTRA ,421503",BADLAPUR E.D,THANE,MAHARASHTRA,421503,ACTIVE,Operative,17/08/2028,"Yellow Gold,Silver Hallmarking",Assaying & Hallmarking,https://www.manakonline.in/MANAK/AHCListForWebsite
HALLMARKING,HM-02198,,1631,AHC-WRO-RAHC-R-4219568,SATURN HALLMARKING CENTRE,WRO/RAHC/R-4219568,"BK NO 355/A, ROOM NO 8,BEHIND MAHADEV JEWELERS, SONAR GALLISIRU CHOWK, ULHASNAGAR, THANE, MAHARASHTRA, THANE, ULHASNAGAR-2, MAHARASHTRA ,421002",ULHASNAGAR-2,THANE,MAHARASHTRA,421002,ACTIVE,Operative,13/07/2029,Yellow Gold Hallmarking,Assaying & Hallmarking,https://www.manakonline.in/MANAK/AHCListForWebsite
HALLMARKING,HM-02199,,1632,AHC-WRO-RAHC-R-4219698,NEW PRECISION ASSAYING & HALLMARKING CENTRE,WRO/RAHC/R-4219698,"GROUND FLOOR, 1697A/43, SHOP NO 1 & 2, SITARAM SHAMBHURESIDENCY BHAWANI PETH ROAD, JALGAON, JALGAON, JALGAON, MAHARASHTRA ,425001",JALGAON,JALGAON,MAHARASHTRA,425001,ACTIVE,Operative,29/05/2027,Yellow Gold Hallmarking,Assaying & Hallmarking,https://www.manakonline.in/MANAK/AHCListForWebsite
HALLMARKING,HM-02203,,1633,AHC-WRO-RAHC-R-4223175,SHRI MAYAAKKA ASSAYING AND HALLMARKING CENTRE,WRO/RAHC/R-4223175,"Gandhi Chowk, Ghar No. 580/81/82, Sr No. 2358,Bazar Peth, Sanagmner, Ahmednagar, Maharashtra, AHMEDNAGAR, SANGAMNER, MAHARASHTRA ,422605",SANGAMNER,AHMEDNAGAR,MAHARASHTRA,422605,ACTIVE,Operative,30/08/2028,Yellow Gold Hallmarking,Assaying & Hallmarking,https://www.manakonline.in/MANAK/AHCListForWebsite
HALLMARKING,HM-02204,,1634,AHC-WRO-RAHC-R-4224486,Shri Arihant Hallmarking Center,WRO/RAHC/R-4224486,"1745 Lane 2Near Jain Temple, DHULE, DHULE, MAHARASHTRA ,424001",DHULE,DHULE,MAHARASHTRA,424001,ACTIVE,Operative,27/07/2029,Yellow Gold Hallmarking,Assaying & Hallmarking,https://www.manakonline.in/MANAK/AHCListForWebsite
HALLMARKING,HM-02206,,1635,AHC-WRO-RAHC-R-4225869,MAULI HALLMARKING CENTRE,WRO/RAHC/R-4225869,"OPP RAILWAY STATION, OFFICE NO. 10, DEEPMANI CHS,BADLAPUR EAST, BADLAPUR, THANE, MAHARASHTRA 421503, THANE, BADLAPUR E.D., MAHARASHTRA ,421503",BADLAPUR E.D,THANE,MAHARASHTRA,421503,ACTIVE,Operative,05/03/2029,"Yellow Gold,Silver Hallmarking",Assaying & Hallmarking,https://www.manakonline.in/MANAK/AHCListForWebsite
HALLMARKING,HM-02208,,1636,AHC-WRO-RAHC-R-4228542,NEW HITESH HALLMARKING AND RESERCH CENTER,WRO/RAHC/R-4228542,"Shop No. 13/17, Kalika Complex, Jijamata Road,Saraf Bazar, Nashik, Maharashtra, 422001, NASHIK, NASHIK CITY, MAHARASHTRA ,422001",NASHIK CITY,NASHIK,MAHARASHTRA,422001,ACTIVE,Operative,25/05/2029,Gold Hallmarking,Assaying & Hallmarking,https://www.manakonline.in/MANAK/AHCListForWebsite
HALLMARKING,HM-02209,,1637,AHC-WRO-RAHC-R-4229666,MAYUR ASSAYING AND HALLMARKING CENTRE,WRO/RAHC/R-4229666,"D2/1497, 1st FLOOR, OLD AGRA ROAD DHULE, DHULE, DHULE, MAHARASHTRA ,424001",DHULE,DHULE,MAHARASHTRA,424001,SUSPENDED,Under Suspension,04/07/2027,"Gold,Yellow Gold Hallmarking",Assaying & Hallmarking,https://www.manakonline.in/MANAK/AHCListForWebsite
HALLMARKING,HM-02210,,1638,AHC-WRO-RAHC-R-4314900,MORYA HALLMARK CENTER,WRO/RAHC/R-4314900,"Gala No. 2, H. No. 2-6-257, Tilak Road Near Saraf Line Dhondipura, BEED, BEED, MAHARASHTRA ,431122, BEED, BEED, MAHARASHTRA ,431122",BEED,BEED,MAHARASHTRA,431122,ACTIVE,Operative,30/06/2028,Yellow Gold Hallmarking,Assaying & Hallmarking,https://www.manakonline.in/MANAK/AHCListForWebsite
HALLMARKING,HM-02211,,1639,AHC-WRO-RAHC-R-4318031,BHAIRAVNATH HALLMARKING & ASSYING CENTRE,WRO/RAHC/R-4318031,"C/O MADHUKAR DHAGE, H.NO. 6-4-109, NEAR BHOJALALGAVALI CHOWK, SARAFA BAZAR, NANDED, NANDED, NANDED, MAHARASHTRA ,431604",NANDED,NANDED,MAHARASHTRA,431604,ACTIVE,Operative,17/07/2025,Yellow Gold Hallmarking,Assaying & Hallmarking,https://www.manakonline.in/MANAK/AHCListForWebsite
HALLMARKING,HM-02212,,1640,AHC-WRO-RAHC-R-4318325,SHREE JEE HALLMARKING CENTRE,WRO/RAHC/R-4318325,"First Floor, CTS No. 5841/A Flat No. 1, Shelgaokar, AURANGABAD, AURANGABAD CITY, MAHARASHTRA ,431001",AURANGABAD CITY,AURANGABAD,MAHARASHTRA,431001,ACTIVE,Operative,07/04/2028,Yellow Gold Hallmarking,Assaying & Hallmarking,https://www.manakonline.in/MANAK/AHCListForWebsite
HALLMARKING,HM-02213,,1641,AHC-WRO-RAHC-R-4319148,PADMAVATI HALL MARK,WRO/RAHC/R-4319148,"H.No.3-6-63, CTS No.6058, Ground Floor, Nas Galli,Kasari Bazar, Aurangabad, Maharashtra, 431001, AURANGABAD, AURANGABAD CITY, MAHARASHTRA ,431001",AURANGABAD CITY,AURANGABAD,MAHARASHTRA,431001,ACTIVE,Operative,15/10/2028,Yellow Gold Hallmarking,Assaying & Hallmarking,https://www.manakonline.in/MANAK/AHCListForWebsite
HALLMARKING,HM-02214,,1642,AHC-WRO-RAHC-R-4321358,TULSI HALLMARKING CENTRE,WRO/RAHC/R-4321358,"CTS No.5940, House No. 3-6-16, Kasari Bazar,Chhatrapati Sambhaji Nagar, Maharashtra, 431001, AURANGABAD, AURANGABAD CITY, MAHARASHTRA ,431001",AURANGABAD CITY,AURANGABAD,MAHARASHTRA,431001,ACTIVE,Operative,20/11/2028,Yellow Gold Hallmarking,Assaying & Hallmarking,https://www.manakonline.in/MANAK/AHCListForWebsite
HALLMARKING,HM-02215,,1643,AHC-WRO-RAHC-R-4323032,SHIVRAM HALLMARKING CENTER,WRO/RAHC/R-4323032,"1ST FLOOR WARD NO-02 GUT NO.12 OLD NO.2-12-32NEW NO.2-12-35 KABAD GALI NEAR MALIVES CHOWK, BEED, BEED, MAHARASHTRA ,431122",BEED,BEED,MAHARASHTRA,431122,ACTIVE,Operative,17/05/2028,Yellow Gold Hallmarking,Assaying & Hallmarking,https://www.manakonline.in/MANAK/AHCListForWebsite
HALLMARKING,HM-02216,,1644,AHC-WRO-RAHC-R-4326177,VARMA ASSAYING AND HALLMARKING CENTRE,WRO/RAHC/R-4326177,"6-4-108, SARAFA, NANDEDNANDED, MAHARASHTRA, NANDED, NANDED, MAHARASHTRA ,431601",NANDED,NANDED,MAHARASHTRA,431601,ACTIVE,Operative,13/07/2029,Yellow Gold Hallmarking,Assaying & Hallmarking,https://www.manakonline.in/MANAK/AHCListForWebsite
HALLMARKING,HM-02222,,1645,AHC-WRO-RAHC-R-4410674,SIDDHANATH PRASANNA HALLMARKING CENTRE,WRO/RAHC/R-4410674,"GROUND FLOOR, 39-B OLD CLOTH MARKET, AKOLANEAR MADHUR COURIER, AKOLA, AKOLA, MAHARASHTRA ,444001",AKOLA,AKOLA,MAHARASHTRA,444001,SUSPENDED,Under Suspension,01/06/2026,Gold Hallmarking,Assaying & Hallmarking,https://www.manakonline.in/MANAK/AHCListForWebsite
HALLMARKING,HM-02223,,1646,AHC-WRO-RAHC-R-4410692,R K Assaying & Hallmark Center,WRO/RAHC/R-4410692,"Kapada Line, Wardha, Maharashtra - 442001, WARDHA, WARDHA, MAHARASHTRA ,442001",WARDHA,WARDHA,MAHARASHTRA,442001,ACTIVE,Operative,12/12/2027,Yellow Gold Hallmarking,Assaying & Hallmarking,https://www.manakonline.in/MANAK/AHCListForWebsite
HALLMARKING,HM-02224,,1647,AHC-WRO-RAHC-R-4411332,GURUKRUPA ASSAYING AND HALLMARK CENTRE,WRO/RAHC/R-4411332,"LOWER GROUND SHOP NO 1 TIWARI HOUSELOKMAT BUILDING GANDHI CHOWK YAVATMAL, YAVATMAL, YAVATMAL, MAHARASHTRA ,445001",YAVATMAL,YAVATMAL,MAHARASHTRA,445001,ACTIVE,Operative,12/04/2025,Yellow Gold Hallmarking,Assaying & Hallmarking,https://www.manakonline.in/MANAK/AHCListForWebsite
HALLMARKING,HM-02229,,1648,AHC-WRO-RAHC-R-4418707,NEW SHREE SANT NARHARI MAHARAJ HALLMARKING CENTRE,WRO/RAHC/R-4418707,"1165/A, VAISHNAVI BUILDING, NIKALAS MANDIR ROAD, OJAS JEWELLERS, ITWARINAGPUR, MAHARASHTRA-440002, NAGPUR, NAGPUR CITY, MAHARASHTRA ,440002",NAGPUR CITY,NAGPUR,MAHARASHTRA,440002,ACTIVE,Operative,17/08/2029,"Yellow Gold,Silver Hallmarking",Assaying & Hallmarking,https://www.manakonline.in/MANAK/AHCListForWebsite
HALLMARKING,HM-02230,,1649,AHC-WRO-RAHC-R-4418802,SIDDHANATH HALLMARKING CENTRE,WRO/RAHC/R-4418802,"19, Yamuna Priti Sadan, Nikalas Mandir RoadNagpur, Maharashtra-440008, NAGPUR, NAGPUR CITY, MAHARASHTRA ,440008",NAGPUR CITY,NAGPUR,MAHARASHTRA,440008,ACTIVE,Operative,20/04/2029,Gold & Silver Both Hallmarking,Assaying & Hallmarking,https://www.manakonline.in/MANAK/AHCListForWebsite
HALLMARKING,HM-02232,,1650,AHC-WRO-RAHC-R-4419425,RIDDHI SIDDHI HALLMARK,WRO/RAHC/R-4419425,"SHOP NO-B-4,5,9,10 JAI MAHAVEER COMPLEXBHAJI MANDI ,ITWARI, NAGPUR, NAGPUR CITY, MAHARASHTRA ,440002",NAGPUR CITY,NAGPUR,MAHARASHTRA,440002,ACTIVE,Operative,05/10/2028,Gold Hallmarking,Assaying & Hallmarking,https://www.manakonline.in/MANAK/AHCListForWebsite
HALLMARKING,HM-02234,,1651,AHC-WRO-RAHC-R-4421765,SOHAM ASSAYING AND HALLMARKING,WRO/RAHC/R-4421765,"TULAJAGIRWADA, MACCHISATH, AMRAVATI, AMRAVATI, MAHARASHTRA ,444601",AMRAVATI,AMRAVATI,MAHARASHTRA,444601,ACTIVE,Operative,28/10/2027,Gold Hallmarking,Assaying & Hallmarking,https://www.manakonline.in/MANAK/AHCListForWebsite
HALLMARKING,HM-02235,,1652,AHC-WRO-RAHC-R-4422228,ABHISHEK HALLMARKING CENTRE,WRO/RAHC/R-4422228,"GROUND FLOOR, SAVIDHAN CHOWK, PLOT NO. 141,SHOP NO. G06 AND G07, PATELPURA ROAD, PATELPURA,, BHANDARA, BHANDARA, MAHARASHTRA ,441904",BHANDARA,BHANDARA,MAHARASHTRA,441904,ACTIVE,Operative,02/02/2029,Yellow Gold Hallmarking,Assaying & Hallmarking,https://www.manakonline.in/MANAK/AHCListForWebsite
HALLMARKING,HM-02236,,1653,AHC-WRO-RAHC-R-4423435,SHREE JYOTI HALLMARKING & ASSAYING CENTRE,WRO/RAHC/R-4423435,"1ST FLOOR, SHOP NO. 5,6,7,& 8, R SANDESH COMPLEX,OLD BHAJI MANDI, NAGPUR, MAHARASHTRA-440002, NAGPUR, NAGPUR CITY, MAHARASHTRA ,440002",NAGPUR CITY,NAGPUR,MAHARASHTRA,440002,ACTIVE,Operative,31/12/2027,Yellow Gold Hallmarking,Assaying & Hallmarking,https://www.manakonline.in/MANAK/AHCListForWebsite
HALLMARKING,HM-02237,,1654,AHC-WRO-RAHC-R-4424710,SHIV MALHAR HALLMARKING CENTER,WRO/RAHC/R-4424710,"Ground Floor, 1086/A/10, Shop no.G1G2G3, F101F102FF1C, Nilam Chambers, Bhaji Mandi Itwari, Nagpur, NAGPUR, NAGPUR CITY, MAHARASHTRA ,440002",NAGPUR CITY,NAGPUR,MAHARASHTRA,440002,ACTIVE,Operative,12/04/2029,Gold & Silver Both Hallmarking,Assaying & Hallmarking,https://www.manakonline.in/MANAK/AHCListForWebsite
HALLMARKING,HM-02238,,1655,AHC-WRO-RAHC-R-4425602,NEW S B HALLMARKING CENTER,WRO/RAHC/R-4425602,"BEHIND MOTI BHAWAN,BHAJI MANDI, ROOMM NO.10,11,12,16,17,18, HOUSE NO.1064, Amrit Tara Building, NAGPUR, NAGPUR CITY, MAHARASHTRA ,440002",NAGPUR CITY,NAGPUR,MAHARASHTRA,440002,ACTIVE,Operative,09/08/2029,"Gold,Yellow Gold Hallmarking",Assaying & Hallmarking,https://www.manakonline.in/MANAK/AHCListForWebsite
HALLMARKING,HM-02239,,1656,AHC-WRO-RAHC-R-4428224,DIVYANSH ASSAYING AND HALLMARKING CENTRE,WRO/RAHC/R-4428224,"MACCHISATH NEAR MSEB,AMRAVATI,MAHARASHTRAAMRAVATI, MAHARASHTRA, AMRAVATI, AMRAVATI, MAHARASHTRA ,444601",AMRAVATI,AMRAVATI,MAHARASHTRA,444601,ACTIVE,Operative,17/07/2027,Yellow Gold Hallmarking,Assaying & Hallmarking,https://www.manakonline.in/MANAK/AHCListForWebsite
HALLMARKING,HM-02242,,1657,AHC-WRO-RAHC-R-4429331,SHREE MAHAVEER HALLMARK CENTRE,WRO/RAHC/R-4429331,"C.T.S. NO 6143, SHEET NO 49, PLOT NO 12,SARAFA LINE, BHANPETH WARD, CHANDRAPUR, CHANDRAPUR, AKSAPUR, MAHARASHTRA ,442402",AKSAPUR,CHANDRAPUR,MAHARASHTRA,442402,ACTIVE,Operative,06/08/2029,Yellow Gold Hallmarking,Assaying & Hallmarking,https://www.manakonline.in/MANAK/AHCListForWebsite
HALLMARKING,HM-02243,,1658,AHC-WRO-RAHC-R-4815692,MAHAKOUSHAL HALLMARK CENTER,WRO/RAHC/R-4815692,"785, Pt. Motilal Nehru Ward, Sunarhai, Jabalpur, JABALPUR, JABALPUR, MADHYA PRADESH ,482001",JABALPUR,JABALPUR,MADHYA PRADESH,482001,ACTIVE,Operative,28/01/2027,Gold Hallmarking,Assaying & Hallmarking,https://www.manakonline.in/MANAK/AHCListForWebsite
HALLMARKING,HM-02244,,1659,AHC-WRO-RAHC-R-4816603,Shree Akanksha Hallmarking,WRO/RAHC/R-4816603,"Ward No.27, Sneh Nagar Bldg., Near Balaghat HeadPost Office, Balaghat, Madhya Pradesh, 481001, BALAGHAT, BALAGHAT CITY, MADHYA PRADESH ,481001",BALAGHAT CITY,BALAGHAT,MADHYA PRADESH,481001,ACTIVE,Operative,18/02/2029,"Yellow Gold,Silver Hallmarking",Assaying & Hallmarking,https://www.manakonline.in/MANAK/AHCListForWebsite
