notification_id,notification_type,notification_number,notification_number_normalized,title,title_vernacular,notification_category,notification_date,effective_date,ministry,department,subject,related_is_text,related_qco_text,related_amendment_text,document_url,source_url,source_reference_label,source_notification_ids,source_file_count,source_file_ids,source_files,source_sheets,source_rows,record_disposition,conflict_count,conflict_fields,review_flag,review_reason,populated_field_count,completeness_pct
NOTIF-00001,,,,"1,3 फिनाइलीनडायमीन","40. 1,3 फिनाइलीनडायमीन (गुणवत्ता नियंत्रण) आदेश, 2022 (एस.ओ. 1960(ई), दिनांक 27/04/2022)",,,,,,,,,,,,,,1,F034,bis_gazette_notification.csv,,F034:-:296;F034:-:1195,MERGED,0,,,,2,11.11
NOTIF-00002,,,,100 प्रतिशत पॉलिएस्टर स्पन ग्रे एवं व्हाइट यार्न (PSY),"100 प्रतिशत पॉलिएस्टर स्पन ग्रे एवं व्हाइट यार्न (गुणवत्ता नियंत्रण) आदेश, 2021 (एस.ओ. 1618 (ई), दिनांक 15.04.2021) 100 प्रतिशत पॉलिएस्टर स्पन ग्रे एवं व्हाइट यार्न (PSY) (गुणवत्ता नियंत्रण) संशोधन आदेश, 2021 (एस.ओ. 4180 (ई), दिनांक 08.10.2021) 100 प्रतिशत पॉलिएस्टर स्पन ग्रे एवं व्हाइट यार्न (गुणवत्ता नियंत्रण) आदेश, 2022 विभिन्न रसायनों हेतु संशोधन आदेश, दिनांक 05.04.2022 100 प्रतिशत पॉलिएस्टर स्पन ग्रे एवं व्हाइट यार्न (गुणवत्ता नियंत्रण) संशोधन आदेश, 2022 विभिन्न पेट्रोकेमिकल्स हेतु संशोधन आदेश, दिनांक 29 सितम्बर 2022 100 प्रतिशत पॉलिएस्टर स्पन ग्रे एवं व्हाइट यार्न (गुणवत्ता नियंत्रण) संशोधन आदेश, 2023 (एस.ओ. 1561 (ई), दिनांक 31.03.2023) 100 प्रतिशत पॉलिएस्टर स्पन ग्रे एवं व्हाइट यार्न (गुणवत्ता नियंत्रण) आदेश, 2023 (एस.ओ. 3195 (ई), दिनांक 17 जुलाई 2023) 100 प्रतिशत पॉलिएस्टर स्पन ग्रे एवं व्हाइट यार्न (गुणवत्ता नियंत्रण) आदेश, 2023 का निरसन एस.ओ. 5131 (ई), दिनांक 12 नवम्बर 2025",,,,,,,,,,,,,,1,F034,bis_gazette_notification.csv,,F034:-:277;F034:-:1176,MERGED,0,,,,2,11.11
NOTIF-00003,,,,1100 वोल्ट एसी तक तथा 1500 वोल्ट डीसी तक कार्य वोल्टेज हेतु थर्मोसेटिंग इंसुलेटेड अग्नि-जीवन सुरक्षा केबल,,,,,,,,,,,,,,,1,F034,bis_gazette_notification.csv,,F034:-:535;F034:-:1434,MERGED,0,,,,1,5.56
NOTIF-00004,,,,1100 वोल्ट तक एवं सम्मिलित कार्य वोल्टेज हेतु पीवीसी इन्सुलेटेड केबल,,,,,,,,,,,,,,,1,F034,bis_gazette_notification.csv,,F034:-:31;F034:-:930,MERGED,0,,,,1,5.56
NOTIF-00005,,,,1100 वोल्ट तक एवं सहित कार्यरत वोल्टेज हेतु पीवीसी इंसुलेटेड (हेवी ड्यूटी) विद्युत केबलों का विनिर्देशन – भाग 1,"49. केबल्स (गुणवत्ता नियंत्रण) आदेश, 2020 (अधिसूचना सं. S.O. 294 (E) दिनांक 21/01/2020)",,,,,,,,,,,,,,1,F034,bis_gazette_notification.csv,,F034:-:324;F034:-:1223,MERGED,0,,,,2,11.11
NOTIF-00006,,,,1500 वोल्ट डीसी रेटेड वोल्टेज हेतु फोटोवोल्टिक प्रणालियों के लिए विद्युत केबल,"89. सोलर डीसी केबल एवं अग्नि-जीवन सुरक्षा केबल (गुणवत्ता नियंत्रण) आदेश, 2023 एस.ओ. 3807(ई), दिनांक 24 अगस्त 2023",,,,,,,,,,,,,,1,F034,bis_gazette_notification.csv,,F034:-:534;F034:-:1433,MERGED,0,,,,2,11.11
NOTIF-00007,,,,18 प्रतिशत निकल मैरेजिंग स्टील बार एवं रॉड,,,,,,,,,,,,,,,1,F034,bis_gazette_notification.csv,,F034:-:180;F034:-:1079,MERGED,0,,,,1,5.56
NOTIF-00008,,,,"3 (एन, एन-डाइएथाइल) अमीनोफिनॉल","37. 3 (एन, एन-डाइएथाइल) अमीनोफिनॉल (गुणवत्ता नियंत्रण) आदेश, 2021 (एस.ओ. सं. 2031 (ई), दिनांक 25/05/2021)",,,,,,,,,,,,,,1,F034,bis_gazette_notification.csv,,F034:-:287;F034:-:1186,MERGED,0,,,,2,11.11
NOTIF-00009,,,,30 किलोग्राम तक खाद्यान्न पैकिंग हेतु जूट बैग,,,,,,,,,,,,,,,1,F034,bis_gazette_notification.csv,,F034:-:431;F034:-:1330,MERGED,0,,,,1,5.56
NOTIF-00010,,,,5 लीटर तक एवं सम्मिलित जल क्षमता वाले एलपीजी सिलेंडरों हेतु वाल्व फिटिंग्स,,,,,,,,,,,,,,,1,F034,bis_gazette_notification.csv,,F034:-:69;F034:-:968,MERGED,0,,,,1,5.56
NOTIF-00011,,,,5 लीटर से अधिक जल क्षमता न रखने वाले निम्न दाब द्रवीकरणीय गैसों हेतु वेल्डेड लो कार्बन स्टील सिलेंडर,,,,,,,,,,,,,,,1,F034,bis_gazette_notification.csv,,F034:-:63;F034:-:962,MERGED,0,,,,1,5.56
NOTIF-00012,,,,5 लीटर से अधिक जल क्षमता वाले एलपीजी सिलेंडरों हेतु वाल्व फिटिंग्स – भाग 2 : नवीन निर्मित एलपीजी सिलेंडरों हेतु,,,,,,,,,,,,,,,1,F034,bis_gazette_notification.csv,,F034:-:68;F034:-:967,MERGED,0,,,,1,5.56
NOTIF-00013,,,,5 लीटर से अधिक जल क्षमता वाले निम्न दाब द्रवीकरणीय गैसों हेतु वेल्डेड लो कार्बन स्टील सिलेंडर – भाग 1 : एलपीजी के लिए सिलेंडर,,,,,,,,,,,,,,,1,F034,bis_gazette_notification.csv,,F034:-:59;F034:-:958,MERGED,0,,,,1,5.56
NOTIF-00014,,,,5 लीटर से अधिक जल क्षमता वाले निम्न दाब द्रवीकरणीय गैसों हेतु वेल्डेड लो कार्बन स्टील सिलेंडर – भाग 2 : एलपीजी के अतिरिक्त अन्य द्रवीकरणीय गैसों हेतु,,,,,,,,,,,,,,,1,F034,bis_gazette_notification.csv,,F034:-:60;F034:-:959,MERGED,0,,,,1,5.56
NOTIF-00015,,,,5 लीटर से अधिक जल क्षमता वाले निम्न दाब द्रवीकरणीय गैसों हेतु वेल्डेड लो कार्बन स्टील सिलेंडर – भाग 4 : विषैली एवं संक्षारक गैसों के लिए सिलेंडर,,,,,,,,,,,,,,,1,F034,bis_gazette_notification.csv,,F034:-:58;F034:-:957,MERGED,0,,,,1,5.56
NOTIF-00016,,,,50 किलोग्राम खाद्यान्न पैकिंग हेतु जूट बैग,,,,,,,,,,,,,,,1,F034,bis_gazette_notification.csv,,F034:-:428;F034:-:1327,MERGED,0,,,,1,5.56
NOTIF-00017,,,,50 किलोग्राम खाद्यान्न पैकिंग हेतु हल्के वजन के जूट सैकिंग बैग,,,,,,,,,,,,,,,1,F034,bis_gazette_notification.csv,,F034:-:430;F034:-:1329,MERGED,0,,,,1,5.56
NOTIF-00018,,,,50 किलोग्राम चीनी पैकिंग हेतु जूट बैग,,,,,,,,,,,,,,,1,F034,bis_gazette_notification.csv,,F034:-:429;F034:-:1328,MERGED,0,,,,1,5.56
NOTIF-00019,,"Amendments to the Electronics and Information Technology Goods (Requirements for Compulsory Registration) Order, 2021 S.O. 2204(E) dated 05 May, 2026",,,,,,,,,,,,,,,,,1,F001,05_scheme_ii.csv,,F001:-:51,CANONICAL,0,,,Record exists because another record referenced it.,1,5.56
NOTIF-00020,,"Cotton Bales (Quality Control) Order, 2023 S.O. 948(E), dated 28 February 2023; Amendment Order S.O. 3557(E), dated 07 August 2023; Amendment Order S.O. 3830(E), dated 28 August 2023; Amendment Order S.O. 3469(E), dated 13th August 2024; Amendment Order S.O. 2996(E) dated 03 July, 2025; Amendment Order S.O. 2956(E) dated 09 June, 2026 (Rescind Order of the Cotton Bales Quality Control Order 2023)",,,,,,,,,,,,,,,,,1,F001,05_scheme_ii.csv,,F001:-:79,CANONICAL,0,,,Record exists because another record referenced it.,1,5.56
NOTIF-00021,,"Deferment of upcoming phase implementation of the Electrical Equipment (Quality Control) Order 2020 and subsequent amendments from time to time - S.O. 5038(E), dated 6 No. vember 2025",,,,,,,,,,,,,,,,,1,F003,07_scheme_x.csv,,F003:-:3;F003:-:5;F003:-:7;F003:-:8;F003:-:9;F003:-:10;F003:-:11;F003:-:12;F003:-:14;F003:-:15;F003:-:16;F003:-:17;F003:-:18;F003:-:20;F003:-:21;F003:-:22;F003:-:23;F003:-:28;F003:-:29;F003:-:30;F003:-:33,CANONICAL,0,,,Record exists because another record referenced it.,1,5.56
NOTIF-00022,,"Electrical Equipment (Quality Control) Order, 2020 - S.O. 4044(E), dated 11 No. vember 2020",,,,,,,,,,,,,,,,,1,F003,07_scheme_x.csv,,F003:-:2,CANONICAL,0,,,Record exists because another record referenced it.,1,5.56
NOTIF-00023,,"Electrical Equipment (Quality Control) Second Amendment Order, 2024 - S.O. 2007(E), dated 5 May 2025",,,,,,,,,,,,,,,,,1,F003,07_scheme_x.csv,,F003:-:4;F003:-:6;F003:-:19;F003:-:25;F003:-:26;F003:-:31,CANONICAL,0,,,Record exists because another record referenced it.,1,5.56
NOTIF-00024,,"Electronics & Information Technology Goods (Requirements for Compulsory Registration) Order, 2012 dated 03rd October 2012; No. tification No. S.O. 2357(E) dated 07 September 2012; Superseded by Electronics and Information Technology Goods (Requirement of Compulsory Registration) Order, 2021; Amendments S.O. 1246(E) dated 10 March, 2026",,,,,,,,,,,,,,,,,1,F001,05_scheme_ii.csv,,F001:-:2,CANONICAL,0,,,Record exists because another record referenced it.,1,5.56
NOTIF-00025,,"Electronics & Information Technology Goods (Requirements for Compulsory Registration) Order, 2012 dated 13th No. vember 2012; No. tification No. S.O. 2905(E) dated 07 No. vember 2014; No. tification No. S.O. 344(E) dated 30 No. vember 2015; S.O. 2578(E) dated 07 August 2015; Superseded by Electronics and Information Technology Goods (Requirement of Compulsory Registration) Order, 2021; Amendments S.O. 1246(E) dated 10 March, 2026",,,,,,,,,,,,,,,,,1,F001,05_scheme_ii.csv,,F001:-:17,CANONICAL,0,,,Record exists because another record referenced it.,1,5.56
NOTIF-00026,,,,,,,,,,,,,,,,,,,1,F034,bis_gazette_notification.csv,,F034:-:1132,REQUIRES_REVIEW,0,,YES,Row carried no value in any natural-key column; keyed positionally.,0,0.00
NOTIF-00027,,,,,,,,,,,,,,,,,,,1,F034,bis_gazette_notification.csv,,F034:-:1134,REQUIRES_REVIEW,0,,YES,Row carried no value in any natural-key column; keyed positionally.,0,0.00
NOTIF-00028,,,,,,,,,,,,,,,,,,,1,F034,bis_gazette_notification.csv,,F034:-:1136,REQUIRES_REVIEW,0,,YES,Row carried no value in any natural-key column; keyed positionally.,0,0.00
NOTIF-00029,,,,,,,,,,,,,,,,,,,1,F034,bis_gazette_notification.csv,,F034:-:1140,REQUIRES_REVIEW,0,,YES,Row carried no value in any natural-key column; keyed positionally.,0,0.00
NOTIF-00030,,,,,,,,,,,,,,,,,,,1,F034,bis_gazette_notification.csv,,F034:-:1141,REQUIRES_REVIEW,0,,YES,Row carried no value in any natural-key column; keyed positionally.,0,0.00
NOTIF-00031,,,,,,,,,,,,,,,,,,,1,F034,bis_gazette_notification.csv,,F034:-:1142,REQUIRES_REVIEW,0,,YES,Row carried no value in any natural-key column; keyed positionally.,0,0.00
NOTIF-00032,,,,,,,,,,,,,,,,,,,1,F034,bis_gazette_notification.csv,,F034:-:1143,REQUIRES_REVIEW,0,,YES,Row carried no value in any natural-key column; keyed positionally.,0,0.00
NOTIF-00033,,,,,,,,,,,,,,,,,,,1,F034,bis_gazette_notification.csv,,F034:-:1202,REQUIRES_REVIEW,0,,YES,Row carried no value in any natural-key column; keyed positionally.,0,0.00
NOTIF-00034,,,,,,,,,,,,,,,,,,,1,F034,bis_gazette_notification.csv,,F034:-:1205,REQUIRES_REVIEW,0,,YES,Row carried no value in any natural-key column; keyed positionally.,0,0.00
NOTIF-00035,,,,,,,,,,,,,,,,,,,1,F034,bis_gazette_notification.csv,,F034:-:1207,REQUIRES_REVIEW,0,,YES,Row carried no value in any natural-key column; keyed positionally.,0,0.00
NOTIF-00036,,,,,,,,,,,,,,,,,,,1,F034,bis_gazette_notification.csv,,F034:-:1213,REQUIRES_REVIEW,0,,YES,Row carried no value in any natural-key column; keyed positionally.,0,0.00
NOTIF-00037,,,,,,,,,,,,,,,,,,,1,F034,bis_gazette_notification.csv,,F034:-:1216,REQUIRES_REVIEW,0,,YES,Row carried no value in any natural-key column; keyed positionally.,0,0.00
NOTIF-00038,,,,,,,,,,,,,,,,,,,1,F034,bis_gazette_notification.csv,,F034:-:1218,REQUIRES_REVIEW,0,,YES,Row carried no value in any natural-key column; keyed positionally.,0,0.00
NOTIF-00039,,,,,,,,,,,,,,,,,,,1,F034,bis_gazette_notification.csv,,F034:-:1220,REQUIRES_REVIEW,0,,YES,Row carried no value in any natural-key column; keyed positionally.,0,0.00
NOTIF-00040,,,,,,,,,,,,,,,,,,,1,F034,bis_gazette_notification.csv,,F034:-:1222,REQUIRES_REVIEW,0,,YES,Row carried no value in any natural-key column; keyed positionally.,0,0.00
NOTIF-00041,,,,,,,,,,,,,,,,,,,1,F034,bis_gazette_notification.csv,,F034:-:1236,REQUIRES_REVIEW,0,,YES,Row carried no value in any natural-key column; keyed positionally.,0,0.00
NOTIF-00042,,,,,,,,,,,,,,,,,,,1,F034,bis_gazette_notification.csv,,F034:-:1239,REQUIRES_REVIEW,0,,YES,Row carried no value in any natural-key column; keyed positionally.,0,0.00
NOTIF-00043,,,,,,,,,,,,,,,,,,,1,F034,bis_gazette_notification.csv,,F034:-:1241,REQUIRES_REVIEW,0,,YES,Row carried no value in any natural-key column; keyed positionally.,0,0.00
NOTIF-00044,,,,,,,,,,,,,,,,,,,1,F034,bis_gazette_notification.csv,,F034:-:1248,REQUIRES_REVIEW,0,,YES,Row carried no value in any natural-key column; keyed positionally.,0,0.00
NOTIF-00045,,,,,,,,,,,,,,,,,,,1,F034,bis_gazette_notification.csv,,F034:-:1250,REQUIRES_REVIEW,0,,YES,Row carried no value in any natural-key column; keyed positionally.,0,0.00
NOTIF-00046,,,,,,,,,,,,,,,,,,,1,F034,bis_gazette_notification.csv,,F034:-:1252,REQUIRES_REVIEW,0,,YES,Row carried no value in any natural-key column; keyed positionally.,0,0.00
NOTIF-00047,,,,,,,,,,,,,,,,,,,1,F034,bis_gazette_notification.csv,,F034:-:1255,REQUIRES_REVIEW,0,,YES,Row carried no value in any natural-key column; keyed positionally.,0,0.00
NOTIF-00048,,,,,,,,,,,,,,,,,,,1,F034,bis_gazette_notification.csv,,F034:-:1260,REQUIRES_REVIEW,0,,YES,Row carried no value in any natural-key column; keyed positionally.,0,0.00
NOTIF-00049,,,,,,,,,,,,,,,,,,,1,F034,bis_gazette_notification.csv,,F034:-:1262,REQUIRES_REVIEW,0,,YES,Row carried no value in any natural-key column; keyed positionally.,0,0.00
NOTIF-00050,,,,,,,,,,,,,,,,,,,1,F034,bis_gazette_notification.csv,,F034:-:1264,REQUIRES_REVIEW,0,,YES,Row carried no value in any natural-key column; keyed positionally.,0,0.00
NOTIF-00051,,,,,,,,,,,,,,,,,,,1,F034,bis_gazette_notification.csv,,F034:-:1266,REQUIRES_REVIEW,0,,YES,Row carried no value in any natural-key column; keyed positionally.,0,0.00
NOTIF-00052,,,,,,,,,,,,,,,,,,,1,F034,bis_gazette_notification.csv,,F034:-:1268,REQUIRES_REVIEW,0,,YES,Row carried no value in any natural-key column; keyed positionally.,0,0.00
NOTIF-00053,,,,,,,,,,,,,,,,,,,1,F034,bis_gazette_notification.csv,,F034:-:1274,REQUIRES_REVIEW,0,,YES,Row carried no value in any natural-key column; keyed positionally.,0,0.00
NOTIF-00054,,,,,,,,,,,,,,,,,,,1,F034,bis_gazette_notification.csv,,F034:-:1282,REQUIRES_REVIEW,0,,YES,Row carried no value in any natural-key column; keyed positionally.,0,0.00
NOTIF-00055,,,,,,,,,,,,,,,,,,,1,F034,bis_gazette_notification.csv,,F034:-:1305,REQUIRES_REVIEW,0,,YES,Row carried no value in any natural-key column; keyed positionally.,0,0.00
NOTIF-00056,,,,,,,,,,,,,,,,,,,1,F034,bis_gazette_notification.csv,,F034:-:1309,REQUIRES_REVIEW,0,,YES,Row carried no value in any natural-key column; keyed positionally.,0,0.00
NOTIF-00057,,,,,,,,,,,,,,,,,,,1,F034,bis_gazette_notification.csv,,F034:-:1311,REQUIRES_REVIEW,0,,YES,Row carried no value in any natural-key column; keyed positionally.,0,0.00
NOTIF-00058,,,,,,,,,,,,,,,,,,,1,F034,bis_gazette_notification.csv,,F034:-:1314,REQUIRES_REVIEW,0,,YES,Row carried no value in any natural-key column; keyed positionally.,0,0.00
NOTIF-00059,,,,,,,,,,,,,,,,,,,1,F034,bis_gazette_notification.csv,,F034:-:1318,REQUIRES_REVIEW,0,,YES,Row carried no value in any natural-key column; keyed positionally.,0,0.00
NOTIF-00060,,,,,,,,,,,,,,,,,,,1,F034,bis_gazette_notification.csv,,F034:-:1320,REQUIRES_REVIEW,0,,YES,Row carried no value in any natural-key column; keyed positionally.,0,0.00
NOTIF-00061,,,,,,,,,,,,,,,,,,,1,F034,bis_gazette_notification.csv,,F034:-:1322,REQUIRES_REVIEW,0,,YES,Row carried no value in any natural-key column; keyed positionally.,0,0.00
NOTIF-00062,,,,,,,,,,,,,,,,,,,1,F034,bis_gazette_notification.csv,,F034:-:1324,REQUIRES_REVIEW,0,,YES,Row carried no value in any natural-key column; keyed positionally.,0,0.00
NOTIF-00063,,,,,,,,,,,,,,,,,,,1,F034,bis_gazette_notification.csv,,F034:-:1331,REQUIRES_REVIEW,0,,YES,Row carried no value in any natural-key column; keyed positionally.,0,0.00
NOTIF-00064,,,,,,,,,,,,,,,,,,,1,F034,bis_gazette_notification.csv,,F034:-:1333,REQUIRES_REVIEW,0,,YES,Row carried no value in any natural-key column; keyed positionally.,0,0.00
NOTIF-00065,,,,,,,,,,,,,,,,,,,1,F034,bis_gazette_notification.csv,,F034:-:1354,REQUIRES_REVIEW,0,,YES,Row carried no value in any natural-key column; keyed positionally.,0,0.00
NOTIF-00066,,,,,,,,,,,,,,,,,,,1,F034,bis_gazette_notification.csv,,F034:-:1366,REQUIRES_REVIEW,0,,YES,Row carried no value in any natural-key column; keyed positionally.,0,0.00
NOTIF-00067,,,,,,,,,,,,,,,,,,,1,F034,bis_gazette_notification.csv,,F034:-:1368,REQUIRES_REVIEW,0,,YES,Row carried no value in any natural-key column; keyed positionally.,0,0.00
NOTIF-00068,,,,,,,,,,,,,,,,,,,1,F034,bis_gazette_notification.csv,,F034:-:1371,REQUIRES_REVIEW,0,,YES,Row carried no value in any natural-key column; keyed positionally.,0,0.00
NOTIF-00069,,,,,,,,,,,,,,,,,,,1,F034,bis_gazette_notification.csv,,F034:-:1373,REQUIRES_REVIEW,0,,YES,Row carried no value in any natural-key column; keyed positionally.,0,0.00
NOTIF-00070,,,,,,,,,,,,,,,,,,,1,F034,bis_gazette_notification.csv,,F034:-:1376,REQUIRES_REVIEW,0,,YES,Row carried no value in any natural-key column; keyed positionally.,0,0.00
NOTIF-00071,,,,,,,,,,,,,,,,,,,1,F034,bis_gazette_notification.csv,,F034:-:1379,REQUIRES_REVIEW,0,,YES,Row carried no value in any natural-key column; keyed positionally.,0,0.00
NOTIF-00072,,,,,,,,,,,,,,,,,,,1,F034,bis_gazette_notification.csv,,F034:-:1386,REQUIRES_REVIEW,0,,YES,Row carried no value in any natural-key column; keyed positionally.,0,0.00
NOTIF-00073,,,,,,,,,,,,,,,,,,,1,F034,bis_gazette_notification.csv,,F034:-:1406,REQUIRES_REVIEW,0,,YES,Row carried no value in any natural-key column; keyed positionally.,0,0.00
NOTIF-00074,,,,,,,,,,,,,,,,,,,1,F034,bis_gazette_notification.csv,,F034:-:1412,REQUIRES_REVIEW,0,,YES,Row carried no value in any natural-key column; keyed positionally.,0,0.00
NOTIF-00075,,,,,,,,,,,,,,,,,,,1,F034,bis_gazette_notification.csv,,F034:-:1414,REQUIRES_REVIEW,0,,YES,Row carried no value in any natural-key column; keyed positionally.,0,0.00
NOTIF-00076,,,,,,,,,,,,,,,,,,,1,F034,bis_gazette_notification.csv,,F034:-:1417,REQUIRES_REVIEW,0,,YES,Row carried no value in any natural-key column; keyed positionally.,0,0.00
NOTIF-00077,,,,,,,,,,,,,,,,,,,1,F034,bis_gazette_notification.csv,,F034:-:1419,REQUIRES_REVIEW,0,,YES,Row carried no value in any natural-key column; keyed positionally.,0,0.00
NOTIF-00078,,,,,,,,,,,,,,,,,,,1,F034,bis_gazette_notification.csv,,F034:-:1425,REQUIRES_REVIEW,0,,YES,Row carried no value in any natural-key column; keyed positionally.,0,0.00
NOTIF-00079,,,,,,,,,,,,,,,,,,,1,F034,bis_gazette_notification.csv,,F034:-:1432,REQUIRES_REVIEW,0,,YES,Row carried no value in any natural-key column; keyed positionally.,0,0.00
NOTIF-00080,,,,,,,,,,,,,,,,,,,1,F034,bis_gazette_notification.csv,,F034:-:1435,REQUIRES_REVIEW,0,,YES,Row carried no value in any natural-key column; keyed positionally.,0,0.00
NOTIF-00081,,,,,,,,,,,,,,,,,,,1,F034,bis_gazette_notification.csv,,F034:-:1443,REQUIRES_REVIEW,0,,YES,Row carried no value in any natural-key column; keyed positionally.,0,0.00
NOTIF-00082,,,,,,,,,,,,,,,,,,,1,F034,bis_gazette_notification.csv,,F034:-:1454,REQUIRES_REVIEW,0,,YES,Row carried no value in any natural-key column; keyed positionally.,0,0.00
NOTIF-00083,,,,,,,,,,,,,,,,,,,1,F034,bis_gazette_notification.csv,,F034:-:1456,REQUIRES_REVIEW,0,,YES,Row carried no value in any natural-key column; keyed positionally.,0,0.00
NOTIF-00084,,,,,,,,,,,,,,,,,,,1,F034,bis_gazette_notification.csv,,F034:-:1461,REQUIRES_REVIEW,0,,YES,Row carried no value in any natural-key column; keyed positionally.,0,0.00
NOTIF-00085,,,,,,,,,,,,,,,,,,,1,F034,bis_gazette_notification.csv,,F034:-:1479,REQUIRES_REVIEW,0,,YES,Row carried no value in any natural-key column; keyed positionally.,0,0.00
NOTIF-00086,,,,,,,,,,,,,,,,,,,1,F034,bis_gazette_notification.csv,,F034:-:1481,REQUIRES_REVIEW,0,,YES,Row carried no value in any natural-key column; keyed positionally.,0,0.00
NOTIF-00087,,,,,,,,,,,,,,,,,,,1,F034,bis_gazette_notification.csv,,F034:-:1483,REQUIRES_REVIEW,0,,YES,Row carried no value in any natural-key column; keyed positionally.,0,0.00
NOTIF-00088,,,,,,,,,,,,,,,,,,,1,F034,bis_gazette_notification.csv,,F034:-:1490,REQUIRES_REVIEW,0,,YES,Row carried no value in any natural-key column; keyed positionally.,0,0.00
NOTIF-00089,,,,,,,,,,,,,,,,,,,1,F034,bis_gazette_notification.csv,,F034:-:1511,REQUIRES_REVIEW,0,,YES,Row carried no value in any natural-key column; keyed positionally.,0,0.00
NOTIF-00090,,,,,,,,,,,,,,,,,,,1,F034,bis_gazette_notification.csv,,F034:-:1521,REQUIRES_REVIEW,0,,YES,Row carried no value in any natural-key column; keyed positionally.,0,0.00
NOTIF-00091,,,,,,,,,,,,,,,,,,,1,F034,bis_gazette_notification.csv,,F034:-:1529,REQUIRES_REVIEW,0,,YES,Row carried no value in any natural-key column; keyed positionally.,0,0.00
NOTIF-00092,,,,,,,,,,,,,,,,,,,1,F034,bis_gazette_notification.csv,,F034:-:1537,REQUIRES_REVIEW,0,,YES,Row carried no value in any natural-key column; keyed positionally.,0,0.00
NOTIF-00093,,,,,,,,,,,,,,,,,,,1,F034,bis_gazette_notification.csv,,F034:-:1539,REQUIRES_REVIEW,0,,YES,Row carried no value in any natural-key column; keyed positionally.,0,0.00
NOTIF-00094,,,,,,,,,,,,,,,,,,,1,F034,bis_gazette_notification.csv,,F034:-:1543,REQUIRES_REVIEW,0,,YES,Row carried no value in any natural-key column; keyed positionally.,0,0.00
NOTIF-00095,,,,,,,,,,,,,,,,,,,1,F034,bis_gazette_notification.csv,,F034:-:1553,REQUIRES_REVIEW,0,,YES,Row carried no value in any natural-key column; keyed positionally.,0,0.00
NOTIF-00096,,,,,,,,,,,,,,,,,,,1,F034,bis_gazette_notification.csv,,F034:-:1556,REQUIRES_REVIEW,0,,YES,Row carried no value in any natural-key column; keyed positionally.,0,0.00
NOTIF-00097,,,,,,,,,,,,,,,,,,,1,F034,bis_gazette_notification.csv,,F034:-:1562,REQUIRES_REVIEW,0,,YES,Row carried no value in any natural-key column; keyed positionally.,0,0.00
NOTIF-00098,,,,,,,,,,,,,,,,,,,1,F034,bis_gazette_notification.csv,,F034:-:1566,REQUIRES_REVIEW,0,,YES,Row carried no value in any natural-key column; keyed positionally.,0,0.00
NOTIF-00099,,,,,,,,,,,,,,,,,,,1,F034,bis_gazette_notification.csv,,F034:-:1576,REQUIRES_REVIEW,0,,YES,Row carried no value in any natural-key column; keyed positionally.,0,0.00
NOTIF-00100,,,,,,,,,,,,,,,,,,,1,F034,bis_gazette_notification.csv,,F034:-:1579,REQUIRES_REVIEW,0,,YES,Row carried no value in any natural-key column; keyed positionally.,0,0.00
NOTIF-00101,,,,,,,,,,,,,,,,,,,1,F034,bis_gazette_notification.csv,,F034:-:1581,REQUIRES_REVIEW,0,,YES,Row carried no value in any natural-key column; keyed positionally.,0,0.00
NOTIF-00102,,,,,,,,,,,,,,,,,,,1,F034,bis_gazette_notification.csv,,F034:-:1587,REQUIRES_REVIEW,0,,YES,Row carried no value in any natural-key column; keyed positionally.,0,0.00
NOTIF-00103,,,,,,,,,,,,,,,,,,,1,F034,bis_gazette_notification.csv,,F034:-:1596,REQUIRES_REVIEW,0,,YES,Row carried no value in any natural-key column; keyed positionally.,0,0.00
NOTIF-00104,,,,,,,,,,,,,,,,,,,1,F034,bis_gazette_notification.csv,,F034:-:1598,REQUIRES_REVIEW,0,,YES,Row carried no value in any natural-key column; keyed positionally.,0,0.00
NOTIF-00105,,,,,,,,,,,,,,,,,,,1,F034,bis_gazette_notification.csv,,F034:-:1600,REQUIRES_REVIEW,0,,YES,Row carried no value in any natural-key column; keyed positionally.,0,0.00
NOTIF-00106,,,,,,,,,,,,,,,,,,,1,F034,bis_gazette_notification.csv,,F034:-:1602,REQUIRES_REVIEW,0,,YES,Row carried no value in any natural-key column; keyed positionally.,0,0.00
NOTIF-00107,,,,,,,,,,,,,,,,,,,1,F034,bis_gazette_notification.csv,,F034:-:1605,REQUIRES_REVIEW,0,,YES,Row carried no value in any natural-key column; keyed positionally.,0,0.00
NOTIF-00108,,,,,,,,,,,,,,,,,,,1,F034,bis_gazette_notification.csv,,F034:-:1612,REQUIRES_REVIEW,0,,YES,Row carried no value in any natural-key column; keyed positionally.,0,0.00
NOTIF-00109,,,,,,,,,,,,,,,,,,,1,F034,bis_gazette_notification.csv,,F034:-:1624,REQUIRES_REVIEW,0,,YES,Row carried no value in any natural-key column; keyed positionally.,0,0.00
NOTIF-00110,,,,,,,,,,,,,,,,,,,1,F034,bis_gazette_notification.csv,,F034:-:1628,REQUIRES_REVIEW,0,,YES,Row carried no value in any natural-key column; keyed positionally.,0,0.00
NOTIF-00111,,,,,,,,,,,,,,,,,,,1,F034,bis_gazette_notification.csv,,F034:-:1633,REQUIRES_REVIEW,0,,YES,Row carried no value in any natural-key column; keyed positionally.,0,0.00
NOTIF-00112,,,,,,,,,,,,,,,,,,,1,F034,bis_gazette_notification.csv,,F034:-:1639,REQUIRES_REVIEW,0,,YES,Row carried no value in any natural-key column; keyed positionally.,0,0.00
NOTIF-00113,,,,,,,,,,,,,,,,,,,1,F034,bis_gazette_notification.csv,,F034:-:1643,REQUIRES_REVIEW,0,,YES,Row carried no value in any natural-key column; keyed positionally.,0,0.00
NOTIF-00114,,,,,,,,,,,,,,,,,,,1,F034,bis_gazette_notification.csv,,F034:-:1645,REQUIRES_REVIEW,0,,YES,Row carried no value in any natural-key column; keyed positionally.,0,0.00
NOTIF-00115,,,,,,,,,,,,,,,,,,,1,F034,bis_gazette_notification.csv,,F034:-:1660,REQUIRES_REVIEW,0,,YES,Row carried no value in any natural-key column; keyed positionally.,0,0.00
NOTIF-00116,,,,,,,,,,,,,,,,,,,1,F034,bis_gazette_notification.csv,,F034:-:1662,REQUIRES_REVIEW,0,,YES,Row carried no value in any natural-key column; keyed positionally.,0,0.00
NOTIF-00117,,,,,,,,,,,,,,,,,,,1,F034,bis_gazette_notification.csv,,F034:-:1663,REQUIRES_REVIEW,0,,YES,Row carried no value in any natural-key column; keyed positionally.,0,0.00
NOTIF-00118,,,,,,,,,,,,,,,,,,,1,F034,bis_gazette_notification.csv,,F034:-:1664,REQUIRES_REVIEW,0,,YES,Row carried no value in any natural-key column; keyed positionally.,0,0.00
NOTIF-00119,,,,,,,,,,,,,,,,,,,1,F034,bis_gazette_notification.csv,,F034:-:1665,REQUIRES_REVIEW,0,,YES,Row carried no value in any natural-key column; keyed positionally.,0,0.00
NOTIF-00120,,,,,,,,,,,,,,,,,,,1,F034,bis_gazette_notification.csv,,F034:-:1666,REQUIRES_REVIEW,0,,YES,Row carried no value in any natural-key column; keyed positionally.,0,0.00
NOTIF-00121,,,,,,,,,,,,,,,,,,,1,F034,bis_gazette_notification.csv,,F034:-:1667,REQUIRES_REVIEW,0,,YES,Row carried no value in any natural-key column; keyed positionally.,0,0.00
NOTIF-00122,,,,,,,,,,,,,,,,,,,1,F034,bis_gazette_notification.csv,,F034:-:1668,REQUIRES_REVIEW,0,,YES,Row carried no value in any natural-key column; keyed positionally.,0,0.00
NOTIF-00123,,,,,,,,,,,,,,,,,,,1,F034,bis_gazette_notification.csv,,F034:-:1669,REQUIRES_REVIEW,0,,YES,Row carried no value in any natural-key column; keyed positionally.,0,0.00
NOTIF-00124,,,,,,,,,,,,,,,,,,,1,F034,bis_gazette_notification.csv,,F034:-:1670,REQUIRES_REVIEW,0,,YES,Row carried no value in any natural-key column; keyed positionally.,0,0.00
NOTIF-00125,,,,,,,,,,,,,,,,,,,1,F034,bis_gazette_notification.csv,,F034:-:1671,REQUIRES_REVIEW,0,,YES,Row carried no value in any natural-key column; keyed positionally.,0,0.00
NOTIF-00126,,,,,,,,,,,,,,,,,,,1,F034,bis_gazette_notification.csv,,F034:-:1672,REQUIRES_REVIEW,0,,YES,Row carried no value in any natural-key column; keyed positionally.,0,0.00
NOTIF-00127,,,,,,,,,,,,,,,,,,,1,F034,bis_gazette_notification.csv,,F034:-:1673,REQUIRES_REVIEW,0,,YES,Row carried no value in any natural-key column; keyed positionally.,0,0.00
NOTIF-00128,,,,,,,,,,,,,,,,,,,1,F034,bis_gazette_notification.csv,,F034:-:1674,REQUIRES_REVIEW,0,,YES,Row carried no value in any natural-key column; keyed positionally.,0,0.00
NOTIF-00129,,,,,,,,,,,,,,,,,,,1,F034,bis_gazette_notification.csv,,F034:-:1675,REQUIRES_REVIEW,0,,YES,Row carried no value in any natural-key column; keyed positionally.,0,0.00
NOTIF-00130,,,,,,,,,,,,,,,,,,,1,F034,bis_gazette_notification.csv,,F034:-:1676,REQUIRES_REVIEW,0,,YES,Row carried no value in any natural-key column; keyed positionally.,0,0.00
NOTIF-00131,,,,,,,,,,,,,,,,,,,1,F034,bis_gazette_notification.csv,,F034:-:1677,REQUIRES_REVIEW,0,,YES,Row carried no value in any natural-key column; keyed positionally.,0,0.00
NOTIF-00132,,,,,,,,,,,,,,,,,,,1,F034,bis_gazette_notification.csv,,F034:-:1678,REQUIRES_REVIEW,0,,YES,Row carried no value in any natural-key column; keyed positionally.,0,0.00
NOTIF-00133,,,,,,,,,,,,,,,,,,,1,F034,bis_gazette_notification.csv,,F034:-:1679,REQUIRES_REVIEW,0,,YES,Row carried no value in any natural-key column; keyed positionally.,0,0.00
NOTIF-00134,,,,,,,,,,,,,,,,,,,1,F034,bis_gazette_notification.csv,,F034:-:1680,REQUIRES_REVIEW,0,,YES,Row carried no value in any natural-key column; keyed positionally.,0,0.00
NOTIF-00135,,,,,,,,,,,,,,,,,,,1,F034,bis_gazette_notification.csv,,F034:-:1681,REQUIRES_REVIEW,0,,YES,Row carried no value in any natural-key column; keyed positionally.,0,0.00
NOTIF-00136,,,,,,,,,,,,,,,,,,,1,F034,bis_gazette_notification.csv,,F034:-:1682,REQUIRES_REVIEW,0,,YES,Row carried no value in any natural-key column; keyed positionally.,0,0.00
NOTIF-00137,,,,,,,,,,,,,,,,,,,1,F034,bis_gazette_notification.csv,,F034:-:1683,REQUIRES_REVIEW,0,,YES,Row carried no value in any natural-key column; keyed positionally.,0,0.00
NOTIF-00138,,,,,,,,,,,,,,,,,,,1,F034,bis_gazette_notification.csv,,F034:-:1684,REQUIRES_REVIEW,0,,YES,Row carried no value in any natural-key column; keyed positionally.,0,0.00
NOTIF-00139,,,,,,,,,,,,,,,,,,,1,F034,bis_gazette_notification.csv,,F034:-:1685,REQUIRES_REVIEW,0,,YES,Row carried no value in any natural-key column; keyed positionally.,0,0.00
NOTIF-00140,,,,,,,,,,,,,,,,,,,1,F034,bis_gazette_notification.csv,,F034:-:1686,REQUIRES_REVIEW,0,,YES,Row carried no value in any natural-key column; keyed positionally.,0,0.00
NOTIF-00141,,,,,,,,,,,,,,,,,,,1,F034,bis_gazette_notification.csv,,F034:-:1687,REQUIRES_REVIEW,0,,YES,Row carried no value in any natural-key column; keyed positionally.,0,0.00
NOTIF-00142,,,,,,,,,,,,,,,,,,,1,F034,bis_gazette_notification.csv,,F034:-:1688,REQUIRES_REVIEW,0,,YES,Row carried no value in any natural-key column; keyed positionally.,0,0.00
NOTIF-00143,,,,,,,,,,,,,,,,,,,1,F034,bis_gazette_notification.csv,,F034:-:1689,REQUIRES_REVIEW,0,,YES,Row carried no value in any natural-key column; keyed positionally.,0,0.00
NOTIF-00144,,,,,,,,,,,,,,,,,,,1,F034,bis_gazette_notification.csv,,F034:-:1690,REQUIRES_REVIEW,0,,YES,Row carried no value in any natural-key column; keyed positionally.,0,0.00
NOTIF-00145,,,,,,,,,,,,,,,,,,,1,F034,bis_gazette_notification.csv,,F034:-:1691,REQUIRES_REVIEW,0,,YES,Row carried no value in any natural-key column; keyed positionally.,0,0.00
NOTIF-00146,,,,,,,,,,,,,,,,,,,1,F034,bis_gazette_notification.csv,,F034:-:1692,REQUIRES_REVIEW,0,,YES,Row carried no value in any natural-key column; keyed positionally.,0,0.00
NOTIF-00147,,,,,,,,,,,,,,,,,,,1,F034,bis_gazette_notification.csv,,F034:-:1693,REQUIRES_REVIEW,0,,YES,Row carried no value in any natural-key column; keyed positionally.,0,0.00
NOTIF-00148,,,,,,,,,,,,,,,,,,,1,F034,bis_gazette_notification.csv,,F034:-:1694,REQUIRES_REVIEW,0,,YES,Row carried no value in any natural-key column; keyed positionally.,0,0.00
NOTIF-00149,,,,,,,,,,,,,,,,,,,1,F034,bis_gazette_notification.csv,,F034:-:1695,REQUIRES_REVIEW,0,,YES,Row carried no value in any natural-key column; keyed positionally.,0,0.00
NOTIF-00150,,,,,,,,,,,,,,,,,,,1,F034,bis_gazette_notification.csv,,F034:-:1696,REQUIRES_REVIEW,0,,YES,Row carried no value in any natural-key column; keyed positionally.,0,0.00
NOTIF-00151,,,,,,,,,,,,,,,,,,,1,F034,bis_gazette_notification.csv,,F034:-:1697,REQUIRES_REVIEW,0,,YES,Row carried no value in any natural-key column; keyed positionally.,0,0.00
NOTIF-00152,,,,,,,,,,,,,,,,,,,1,F034,bis_gazette_notification.csv,,F034:-:1698,REQUIRES_REVIEW,0,,YES,Row carried no value in any natural-key column; keyed positionally.,0,0.00
NOTIF-00153,,,,,,,,,,,,,,,,,,,1,F034,bis_gazette_notification.csv,,F034:-:1699,REQUIRES_REVIEW,0,,YES,Row carried no value in any natural-key column; keyed positionally.,0,0.00
NOTIF-00154,,,,,,,,,,,,,,,,,,,1,F034,bis_gazette_notification.csv,,F034:-:1700,REQUIRES_REVIEW,0,,YES,Row carried no value in any natural-key column; keyed positionally.,0,0.00
NOTIF-00155,,,,,,,,,,,,,,,,,,,1,F034,bis_gazette_notification.csv,,F034:-:1701,REQUIRES_REVIEW,0,,YES,Row carried no value in any natural-key column; keyed positionally.,0,0.00
NOTIF-00156,,,,,,,,,,,,,,,,,,,1,F034,bis_gazette_notification.csv,,F034:-:1702,REQUIRES_REVIEW,0,,YES,Row carried no value in any natural-key column; keyed positionally.,0,0.00
NOTIF-00157,,,,,,,,,,,,,,,,,,,1,F034,bis_gazette_notification.csv,,F034:-:1703,REQUIRES_REVIEW,0,,YES,Row carried no value in any natural-key column; keyed positionally.,0,0.00
NOTIF-00158,,,,,,,,,,,,,,,,,,,1,F034,bis_gazette_notification.csv,,F034:-:1704,REQUIRES_REVIEW,0,,YES,Row carried no value in any natural-key column; keyed positionally.,0,0.00
NOTIF-00159,,,,,,,,,,,,,,,,,,,1,F034,bis_gazette_notification.csv,,F034:-:1705,REQUIRES_REVIEW,0,,YES,Row carried no value in any natural-key column; keyed positionally.,0,0.00
NOTIF-00160,,,,,,,,,,,,,,,,,,,1,F034,bis_gazette_notification.csv,,F034:-:1706,REQUIRES_REVIEW,0,,YES,Row carried no value in any natural-key column; keyed positionally.,0,0.00
NOTIF-00161,,,,,,,,,,,,,,,,,,,1,F034,bis_gazette_notification.csv,,F034:-:1707,REQUIRES_REVIEW,0,,YES,Row carried no value in any natural-key column; keyed positionally.,0,0.00
NOTIF-00162,,,,,,,,,,,,,,,,,,,1,F034,bis_gazette_notification.csv,,F034:-:1708,REQUIRES_REVIEW,0,,YES,Row carried no value in any natural-key column; keyed positionally.,0,0.00
NOTIF-00163,,,,,,,,,,,,,,,,,,,1,F034,bis_gazette_notification.csv,,F034:-:1709,REQUIRES_REVIEW,0,,YES,Row carried no value in any natural-key column; keyed positionally.,0,0.00
NOTIF-00164,,,,,,,,,,,,,,,,,,,1,F034,bis_gazette_notification.csv,,F034:-:1710,REQUIRES_REVIEW,0,,YES,Row carried no value in any natural-key column; keyed positionally.,0,0.00
NOTIF-00165,,,,,,,,,,,,,,,,,,,1,F034,bis_gazette_notification.csv,,F034:-:1711,REQUIRES_REVIEW,0,,YES,Row carried no value in any natural-key column; keyed positionally.,0,0.00
NOTIF-00166,,,,,,,,,,,,,,,,,,,1,F034,bis_gazette_notification.csv,,F034:-:1712,REQUIRES_REVIEW,0,,YES,Row carried no value in any natural-key column; keyed positionally.,0,0.00
NOTIF-00167,,,,,,,,,,,,,,,,,,,1,F034,bis_gazette_notification.csv,,F034:-:1713,REQUIRES_REVIEW,0,,YES,Row carried no value in any natural-key column; keyed positionally.,0,0.00
NOTIF-00168,,,,,,,,,,,,,,,,,,,1,F034,bis_gazette_notification.csv,,F034:-:1714,REQUIRES_REVIEW,0,,YES,Row carried no value in any natural-key column; keyed positionally.,0,0.00
NOTIF-00169,,,,,,,,,,,,,,,,,,,1,F034,bis_gazette_notification.csv,,F034:-:1715,REQUIRES_REVIEW,0,,YES,Row carried no value in any natural-key column; keyed positionally.,0,0.00
NOTIF-00170,,,,,,,,,,,,,,,,,,,1,F034,bis_gazette_notification.csv,,F034:-:1716,REQUIRES_REVIEW,0,,YES,Row carried no value in any natural-key column; keyed positionally.,0,0.00
NOTIF-00171,,,,,,,,,,,,,,,,,,,1,F034,bis_gazette_notification.csv,,F034:-:1717,REQUIRES_REVIEW,0,,YES,Row carried no value in any natural-key column; keyed positionally.,0,0.00
NOTIF-00172,,,,,,,,,,,,,,,,,,,1,F034,bis_gazette_notification.csv,,F034:-:1718,REQUIRES_REVIEW,0,,YES,Row carried no value in any natural-key column; keyed positionally.,0,0.00
NOTIF-00173,,,,,,,,,,,,,,,,,,,1,F034,bis_gazette_notification.csv,,F034:-:1719,REQUIRES_REVIEW,0,,YES,Row carried no value in any natural-key column; keyed positionally.,0,0.00
NOTIF-00174,,,,,,,,,,,,,,,,,,,1,F034,bis_gazette_notification.csv,,F034:-:1720,REQUIRES_REVIEW,0,,YES,Row carried no value in any natural-key column; keyed positionally.,0,0.00
NOTIF-00175,,,,,,,,,,,,,,,,,,,1,F034,bis_gazette_notification.csv,,F034:-:1721,REQUIRES_REVIEW,0,,YES,Row carried no value in any natural-key column; keyed positionally.,0,0.00
NOTIF-00176,,,,,,,,,,,,,,,,,,,1,F034,bis_gazette_notification.csv,,F034:-:1722,REQUIRES_REVIEW,0,,YES,Row carried no value in any natural-key column; keyed positionally.,0,0.00
NOTIF-00177,,,,,,,,,,,,,,,,,,,1,F034,bis_gazette_notification.csv,,F034:-:1723,REQUIRES_REVIEW,0,,YES,Row carried no value in any natural-key column; keyed positionally.,0,0.00
NOTIF-00178,,,,,,,,,,,,,,,,,,,1,F034,bis_gazette_notification.csv,,F034:-:1724,REQUIRES_REVIEW,0,,YES,Row carried no value in any natural-key column; keyed positionally.,0,0.00
NOTIF-00179,,,,,,,,,,,,,,,,,,,1,F034,bis_gazette_notification.csv,,F034:-:1725,REQUIRES_REVIEW,0,,YES,Row carried no value in any natural-key column; keyed positionally.,0,0.00
NOTIF-00180,,,,,,,,,,,,,,,,,,,1,F034,bis_gazette_notification.csv,,F034:-:1726,REQUIRES_REVIEW,0,,YES,Row carried no value in any natural-key column; keyed positionally.,0,0.00
NOTIF-00181,,,,,,,,,,,,,,,,,,,1,F034,bis_gazette_notification.csv,,F034:-:1727,REQUIRES_REVIEW,0,,YES,Row carried no value in any natural-key column; keyed positionally.,0,0.00
NOTIF-00182,,,,,,,,,,,,,,,,,,,1,F034,bis_gazette_notification.csv,,F034:-:1728,REQUIRES_REVIEW,0,,YES,Row carried no value in any natural-key column; keyed positionally.,0,0.00
NOTIF-00183,,,,,,,,,,,,,,,,,,,1,F034,bis_gazette_notification.csv,,F034:-:1729,REQUIRES_REVIEW,0,,YES,Row carried no value in any natural-key column; keyed positionally.,0,0.00
NOTIF-00184,,,,,,,,,,,,,,,,,,,1,F034,bis_gazette_notification.csv,,F034:-:1730,REQUIRES_REVIEW,0,,YES,Row carried no value in any natural-key column; keyed positionally.,0,0.00
NOTIF-00185,,,,,,,,,,,,,,,,,,,1,F034,bis_gazette_notification.csv,,F034:-:1731,REQUIRES_REVIEW,0,,YES,Row carried no value in any natural-key column; keyed positionally.,0,0.00
NOTIF-00186,,,,,,,,,,,,,,,,,,,1,F034,bis_gazette_notification.csv,,F034:-:1732,REQUIRES_REVIEW,0,,YES,Row carried no value in any natural-key column; keyed positionally.,0,0.00
NOTIF-00187,,,,,,,,,,,,,,,,,,,1,F034,bis_gazette_notification.csv,,F034:-:1733,REQUIRES_REVIEW,0,,YES,Row carried no value in any natural-key column; keyed positionally.,0,0.00
NOTIF-00188,,,,,,,,,,,,,,,,,,,1,F034,bis_gazette_notification.csv,,F034:-:1734,REQUIRES_REVIEW,0,,YES,Row carried no value in any natural-key column; keyed positionally.,0,0.00
NOTIF-00189,,,,,,,,,,,,,,,,,,,1,F034,bis_gazette_notification.csv,,F034:-:1735,REQUIRES_REVIEW,0,,YES,Row carried no value in any natural-key column; keyed positionally.,0,0.00
NOTIF-00190,,,,,,,,,,,,,,,,,,,1,F034,bis_gazette_notification.csv,,F034:-:1736,REQUIRES_REVIEW,0,,YES,Row carried no value in any natural-key column; keyed positionally.,0,0.00
NOTIF-00191,,,,,,,,,,,,,,,,,,,1,F034,bis_gazette_notification.csv,,F034:-:1737,REQUIRES_REVIEW,0,,YES,Row carried no value in any natural-key column; keyed positionally.,0,0.00
NOTIF-00192,,,,,,,,,,,,,,,,,,,1,F034,bis_gazette_notification.csv,,F034:-:1738,REQUIRES_REVIEW,0,,YES,Row carried no value in any natural-key column; keyed positionally.,0,0.00
NOTIF-00193,,,,,,,,,,,,,,,,,,,1,F034,bis_gazette_notification.csv,,F034:-:1739,REQUIRES_REVIEW,0,,YES,Row carried no value in any natural-key column; keyed positionally.,0,0.00
NOTIF-00194,,,,,,,,,,,,,,,,,,,1,F034,bis_gazette_notification.csv,,F034:-:1740,REQUIRES_REVIEW,0,,YES,Row carried no value in any natural-key column; keyed positionally.,0,0.00
NOTIF-00195,,,,,,,,,,,,,,,,,,,1,F034,bis_gazette_notification.csv,,F034:-:1741,REQUIRES_REVIEW,0,,YES,Row carried no value in any natural-key column; keyed positionally.,0,0.00
NOTIF-00196,,,,,,,,,,,,,,,,,,,1,F034,bis_gazette_notification.csv,,F034:-:1742,REQUIRES_REVIEW,0,,YES,Row carried no value in any natural-key column; keyed positionally.,0,0.00
NOTIF-00197,,,,,,,,,,,,,,,,,,,1,F034,bis_gazette_notification.csv,,F034:-:1743,REQUIRES_REVIEW,0,,YES,Row carried no value in any natural-key column; keyed positionally.,0,0.00
NOTIF-00198,,,,,,,,,,,,,,,,,,,1,F034,bis_gazette_notification.csv,,F034:-:1744,REQUIRES_REVIEW,0,,YES,Row carried no value in any natural-key column; keyed positionally.,0,0.00
NOTIF-00199,,,,,,,,,,,,,,,,,,,1,F034,bis_gazette_notification.csv,,F034:-:1745,REQUIRES_REVIEW,0,,YES,Row carried no value in any natural-key column; keyed positionally.,0,0.00
NOTIF-00200,,,,,,,,,,,,,,,,,,,1,F034,bis_gazette_notification.csv,,F034:-:1746,REQUIRES_REVIEW,0,,YES,Row carried no value in any natural-key column; keyed positionally.,0,0.00
NOTIF-00201,,,,,,,,,,,,,,,,,,,1,F034,bis_gazette_notification.csv,,F034:-:1747,REQUIRES_REVIEW,0,,YES,Row carried no value in any natural-key column; keyed positionally.,0,0.00
NOTIF-00202,,,,,,,,,,,,,,,,,,,1,F034,bis_gazette_notification.csv,,F034:-:1748,REQUIRES_REVIEW,0,,YES,Row carried no value in any natural-key column; keyed positionally.,0,0.00
NOTIF-00203,,,,,,,,,,,,,,,,,,,1,F034,bis_gazette_notification.csv,,F034:-:1749,REQUIRES_REVIEW,0,,YES,Row carried no value in any natural-key column; keyed positionally.,0,0.00
NOTIF-00204,,,,,,,,,,,,,,,,,,,1,F034,bis_gazette_notification.csv,,F034:-:1750,REQUIRES_REVIEW,0,,YES,Row carried no value in any natural-key column; keyed positionally.,0,0.00
NOTIF-00205,,,,,,,,,,,,,,,,,,,1,F034,bis_gazette_notification.csv,,F034:-:1751,REQUIRES_REVIEW,0,,YES,Row carried no value in any natural-key column; keyed positionally.,0,0.00
NOTIF-00206,,,,,,,,,,,,,,,,,,,1,F034,bis_gazette_notification.csv,,F034:-:1761,REQUIRES_REVIEW,0,,YES,Row carried no value in any natural-key column; keyed positionally.,0,0.00
NOTIF-00207,,,,,,,,,,,,,,,,,,,1,F034,bis_gazette_notification.csv,,F034:-:1763,REQUIRES_REVIEW,0,,YES,Row carried no value in any natural-key column; keyed positionally.,0,0.00
NOTIF-00208,,,,,,,,,,,,,,,,,,,1,F034,bis_gazette_notification.csv,,F034:-:1773,REQUIRES_REVIEW,0,,YES,Row carried no value in any natural-key column; keyed positionally.,0,0.00
NOTIF-00209,,,,,,,,,,,,,,,,,,,1,F034,bis_gazette_notification.csv,,F034:-:1777,REQUIRES_REVIEW,0,,YES,Row carried no value in any natural-key column; keyed positionally.,0,0.00
NOTIF-00210,,,,,,,,,,,,,,,,,,,1,F034,bis_gazette_notification.csv,,F034:-:1781,REQUIRES_REVIEW,0,,YES,Row carried no value in any natural-key column; keyed positionally.,0,0.00
NOTIF-00211,,,,,,,,,,,,,,,,,,,1,F034,bis_gazette_notification.csv,,F034:-:1783,REQUIRES_REVIEW,0,,YES,Row carried no value in any natural-key column; keyed positionally.,0,0.00
NOTIF-00212,,,,,,,,,,,,,,,,,,,1,F034,bis_gazette_notification.csv,,F034:-:1785,REQUIRES_REVIEW,0,,YES,Row carried no value in any natural-key column; keyed positionally.,0,0.00
NOTIF-00213,,,,,,,,,,,,,,,,,,,1,F034,bis_gazette_notification.csv,,F034:-:1788,REQUIRES_REVIEW,0,,YES,Row carried no value in any natural-key column; keyed positionally.,0,0.00
NOTIF-00214,,,,,,,,,,,,,,,,,,,1,F034,bis_gazette_notification.csv,,F034:-:1795,REQUIRES_REVIEW,0,,YES,Row carried no value in any natural-key column; keyed positionally.,0,0.00
NOTIF-00215,,,,,,,,,,,,,,,,,,,1,F034,bis_gazette_notification.csv,,F034:-:18,REQUIRES_REVIEW,0,,YES,Row carried no value in any natural-key column; keyed positionally.,0,0.00
NOTIF-00216,,,,,,,,,,,,,,,,,,,1,F034,bis_gazette_notification.csv,,F034:-:233,REQUIRES_REVIEW,0,,YES,Row carried no value in any natural-key column; keyed positionally.,0,0.00
NOTIF-00217,,,,,,,,,,,,,,,,,,,1,F034,bis_gazette_notification.csv,,F034:-:235,REQUIRES_REVIEW,0,,YES,Row carried no value in any natural-key column; keyed positionally.,0,0.00
NOTIF-00218,,,,,,,,,,,,,,,,,,,1,F034,bis_gazette_notification.csv,,F034:-:237,REQUIRES_REVIEW,0,,YES,Row carried no value in any natural-key column; keyed positionally.,0,0.00
NOTIF-00219,,,,,,,,,,,,,,,,,,,1,F034,bis_gazette_notification.csv,,F034:-:241,REQUIRES_REVIEW,0,,YES,Row carried no value in any natural-key column; keyed positionally.,0,0.00
NOTIF-00220,,,,,,,,,,,,,,,,,,,1,F034,bis_gazette_notification.csv,,F034:-:242,REQUIRES_REVIEW,0,,YES,Row carried no value in any natural-key column; keyed positionally.,0,0.00
NOTIF-00221,,,,,,,,,,,,,,,,,,,1,F034,bis_gazette_notification.csv,,F034:-:243,REQUIRES_REVIEW,0,,YES,Row carried no value in any natural-key column; keyed positionally.,0,0.00
NOTIF-00222,,,,,,,,,,,,,,,,,,,1,F034,bis_gazette_notification.csv,,F034:-:244,REQUIRES_REVIEW,0,,YES,Row carried no value in any natural-key column; keyed positionally.,0,0.00
NOTIF-00223,,,,,,,,,,,,,,,,,,,1,F034,bis_gazette_notification.csv,,F034:-:303,REQUIRES_REVIEW,0,,YES,Row carried no value in any natural-key column; keyed positionally.,0,0.00
NOTIF-00224,,,,,,,,,,,,,,,,,,,1,F034,bis_gazette_notification.csv,,F034:-:306,REQUIRES_REVIEW,0,,YES,Row carried no value in any natural-key column; keyed positionally.,0,0.00
NOTIF-00225,,,,,,,,,,,,,,,,,,,1,F034,bis_gazette_notification.csv,,F034:-:308,REQUIRES_REVIEW,0,,YES,Row carried no value in any natural-key column; keyed positionally.,0,0.00
NOTIF-00226,,,,,,,,,,,,,,,,,,,1,F034,bis_gazette_notification.csv,,F034:-:314,REQUIRES_REVIEW,0,,YES,Row carried no value in any natural-key column; keyed positionally.,0,0.00
NOTIF-00227,,,,,,,,,,,,,,,,,,,1,F034,bis_gazette_notification.csv,,F034:-:317,REQUIRES_REVIEW,0,,YES,Row carried no value in any natural-key column; keyed positionally.,0,0.00
NOTIF-00228,,,,,,,,,,,,,,,,,,,1,F034,bis_gazette_notification.csv,,F034:-:319,REQUIRES_REVIEW,0,,YES,Row carried no value in any natural-key column; keyed positionally.,0,0.00
NOTIF-00229,,,,,,,,,,,,,,,,,,,1,F034,bis_gazette_notification.csv,,F034:-:321,REQUIRES_REVIEW,0,,YES,Row carried no value in any natural-key column; keyed positionally.,0,0.00
NOTIF-00230,,,,,,,,,,,,,,,,,,,1,F034,bis_gazette_notification.csv,,F034:-:323,REQUIRES_REVIEW,0,,YES,Row carried no value in any natural-key column; keyed positionally.,0,0.00
NOTIF-00231,,,,,,,,,,,,,,,,,,,1,F034,bis_gazette_notification.csv,,F034:-:337,REQUIRES_REVIEW,0,,YES,Row carried no value in any natural-key column; keyed positionally.,0,0.00
NOTIF-00232,,,,,,,,,,,,,,,,,,,1,F034,bis_gazette_notification.csv,,F034:-:34,REQUIRES_REVIEW,0,,YES,Row carried no value in any natural-key column; keyed positionally.,0,0.00
NOTIF-00233,,,,,,,,,,,,,,,,,,,1,F034,bis_gazette_notification.csv,,F034:-:340,REQUIRES_REVIEW,0,,YES,Row carried no value in any natural-key column; keyed positionally.,0,0.00
NOTIF-00234,,,,,,,,,,,,,,,,,,,1,F034,bis_gazette_notification.csv,,F034:-:342,REQUIRES_REVIEW,0,,YES,Row carried no value in any natural-key column; keyed positionally.,0,0.00
NOTIF-00235,,,,,,,,,,,,,,,,,,,1,F034,bis_gazette_notification.csv,,F034:-:349,REQUIRES_REVIEW,0,,YES,Row carried no value in any natural-key column; keyed positionally.,0,0.00
NOTIF-00236,,,,,,,,,,,,,,,,,,,1,F034,bis_gazette_notification.csv,,F034:-:35,REQUIRES_REVIEW,0,,YES,Row carried no value in any natural-key column; keyed positionally.,0,0.00
NOTIF-00237,,,,,,,,,,,,,,,,,,,1,F034,bis_gazette_notification.csv,,F034:-:351,REQUIRES_REVIEW,0,,YES,Row carried no value in any natural-key column; keyed positionally.,0,0.00
NOTIF-00238,,,,,,,,,,,,,,,,,,,1,F034,bis_gazette_notification.csv,,F034:-:353,REQUIRES_REVIEW,0,,YES,Row carried no value in any natural-key column; keyed positionally.,0,0.00
NOTIF-00239,,,,,,,,,,,,,,,,,,,1,F034,bis_gazette_notification.csv,,F034:-:356,REQUIRES_REVIEW,0,,YES,Row carried no value in any natural-key column; keyed positionally.,0,0.00
NOTIF-00240,,,,,,,,,,,,,,,,,,,1,F034,bis_gazette_notification.csv,,F034:-:361,REQUIRES_REVIEW,0,,YES,Row carried no value in any natural-key column; keyed positionally.,0,0.00
NOTIF-00241,,,,,,,,,,,,,,,,,,,1,F034,bis_gazette_notification.csv,,F034:-:363,REQUIRES_REVIEW,0,,YES,Row carried no value in any natural-key column; keyed positionally.,0,0.00
NOTIF-00242,,,,,,,,,,,,,,,,,,,1,F034,bis_gazette_notification.csv,,F034:-:365,REQUIRES_REVIEW,0,,YES,Row carried no value in any natural-key column; keyed positionally.,0,0.00
NOTIF-00243,,,,,,,,,,,,,,,,,,,1,F034,bis_gazette_notification.csv,,F034:-:367,REQUIRES_REVIEW,0,,YES,Row carried no value in any natural-key column; keyed positionally.,0,0.00
NOTIF-00244,,,,,,,,,,,,,,,,,,,1,F034,bis_gazette_notification.csv,,F034:-:369,REQUIRES_REVIEW,0,,YES,Row carried no value in any natural-key column; keyed positionally.,0,0.00
NOTIF-00245,,,,,,,,,,,,,,,,,,,1,F034,bis_gazette_notification.csv,,F034:-:37,REQUIRES_REVIEW,0,,YES,Row carried no value in any natural-key column; keyed positionally.,0,0.00
NOTIF-00246,,,,,,,,,,,,,,,,,,,1,F034,bis_gazette_notification.csv,,F034:-:375,REQUIRES_REVIEW,0,,YES,Row carried no value in any natural-key column; keyed positionally.,0,0.00
NOTIF-00247,,,,,,,,,,,,,,,,,,,1,F034,bis_gazette_notification.csv,,F034:-:383,REQUIRES_REVIEW,0,,YES,Row carried no value in any natural-key column; keyed positionally.,0,0.00
NOTIF-00248,,,,,,,,,,,,,,,,,,,1,F034,bis_gazette_notification.csv,,F034:-:406,REQUIRES_REVIEW,0,,YES,Row carried no value in any natural-key column; keyed positionally.,0,0.00
NOTIF-00249,,,,,,,,,,,,,,,,,,,1,F034,bis_gazette_notification.csv,,F034:-:410,REQUIRES_REVIEW,0,,YES,Row carried no value in any natural-key column; keyed positionally.,0,0.00
NOTIF-00250,,,,,,,,,,,,,,,,,,,1,F034,bis_gazette_notification.csv,,F034:-:412,REQUIRES_REVIEW,0,,YES,Row carried no value in any natural-key column; keyed positionally.,0,0.00
NOTIF-00251,,,,,,,,,,,,,,,,,,,1,F034,bis_gazette_notification.csv,,F034:-:415,REQUIRES_REVIEW,0,,YES,Row carried no value in any natural-key column; keyed positionally.,0,0.00
NOTIF-00252,,,,,,,,,,,,,,,,,,,1,F034,bis_gazette_notification.csv,,F034:-:419,REQUIRES_REVIEW,0,,YES,Row carried no value in any natural-key column; keyed positionally.,0,0.00
NOTIF-00253,,,,,,,,,,,,,,,,,,,1,F034,bis_gazette_notification.csv,,F034:-:421,REQUIRES_REVIEW,0,,YES,Row carried no value in any natural-key column; keyed positionally.,0,0.00
NOTIF-00254,,,,,,,,,,,,,,,,,,,1,F034,bis_gazette_notification.csv,,F034:-:423,REQUIRES_REVIEW,0,,YES,Row carried no value in any natural-key column; keyed positionally.,0,0.00
NOTIF-00255,,,,,,,,,,,,,,,,,,,1,F034,bis_gazette_notification.csv,,F034:-:425,REQUIRES_REVIEW,0,,YES,Row carried no value in any natural-key column; keyed positionally.,0,0.00
NOTIF-00256,,,,,,,,,,,,,,,,,,,1,F034,bis_gazette_notification.csv,,F034:-:43,REQUIRES_REVIEW,0,,YES,Row carried no value in any natural-key column; keyed positionally.,0,0.00
NOTIF-00257,,,,,,,,,,,,,,,,,,,1,F034,bis_gazette_notification.csv,,F034:-:432,REQUIRES_REVIEW,0,,YES,Row carried no value in any natural-key column; keyed positionally.,0,0.00
NOTIF-00258,,,,,,,,,,,,,,,,,,,1,F034,bis_gazette_notification.csv,,F034:-:434,REQUIRES_REVIEW,0,,YES,Row carried no value in any natural-key column; keyed positionally.,0,0.00
NOTIF-00259,,,,,,,,,,,,,,,,,,,1,F034,bis_gazette_notification.csv,,F034:-:455,REQUIRES_REVIEW,0,,YES,Row carried no value in any natural-key column; keyed positionally.,0,0.00
NOTIF-00260,,,,,,,,,,,,,,,,,,,1,F034,bis_gazette_notification.csv,,F034:-:46,REQUIRES_REVIEW,0,,YES,Row carried no value in any natural-key column; keyed positionally.,0,0.00
NOTIF-00261,,,,,,,,,,,,,,,,,,,1,F034,bis_gazette_notification.csv,,F034:-:467,REQUIRES_REVIEW,0,,YES,Row carried no value in any natural-key column; keyed positionally.,0,0.00
NOTIF-00262,,,,,,,,,,,,,,,,,,,1,F034,bis_gazette_notification.csv,,F034:-:469,REQUIRES_REVIEW,0,,YES,Row carried no value in any natural-key column; keyed positionally.,0,0.00
NOTIF-00263,,,,,,,,,,,,,,,,,,,1,F034,bis_gazette_notification.csv,,F034:-:472,REQUIRES_REVIEW,0,,YES,Row carried no value in any natural-key column; keyed positionally.,0,0.00
NOTIF-00264,,,,,,,,,,,,,,,,,,,1,F034,bis_gazette_notification.csv,,F034:-:474,REQUIRES_REVIEW,0,,YES,Row carried no value in any natural-key column; keyed positionally.,0,0.00
NOTIF-00265,,,,,,,,,,,,,,,,,,,1,F034,bis_gazette_notification.csv,,F034:-:477,REQUIRES_REVIEW,0,,YES,Row carried no value in any natural-key column; keyed positionally.,0,0.00
NOTIF-00266,,,,,,,,,,,,,,,,,,,1,F034,bis_gazette_notification.csv,,F034:-:480,REQUIRES_REVIEW,0,,YES,Row carried no value in any natural-key column; keyed positionally.,0,0.00
NOTIF-00267,,,,,,,,,,,,,,,,,,,1,F034,bis_gazette_notification.csv,,F034:-:487,REQUIRES_REVIEW,0,,YES,Row carried no value in any natural-key column; keyed positionally.,0,0.00
NOTIF-00268,,,,,,,,,,,,,,,,,,,1,F034,bis_gazette_notification.csv,,F034:-:50,REQUIRES_REVIEW,0,,YES,Row carried no value in any natural-key column; keyed positionally.,0,0.00
NOTIF-00269,,,,,,,,,,,,,,,,,,,1,F034,bis_gazette_notification.csv,,F034:-:507,REQUIRES_REVIEW,0,,YES,Row carried no value in any natural-key column; keyed positionally.,0,0.00
NOTIF-00270,,,,,,,,,,,,,,,,,,,1,F034,bis_gazette_notification.csv,,F034:-:513,REQUIRES_REVIEW,0,,YES,Row carried no value in any natural-key column; keyed positionally.,0,0.00
NOTIF-00271,,,,,,,,,,,,,,,,,,,1,F034,bis_gazette_notification.csv,,F034:-:515,REQUIRES_REVIEW,0,,YES,Row carried no value in any natural-key column; keyed positionally.,0,0.00
NOTIF-00272,,,,,,,,,,,,,,,,,,,1,F034,bis_gazette_notification.csv,,F034:-:518,REQUIRES_REVIEW,0,,YES,Row carried no value in any natural-key column; keyed positionally.,0,0.00
NOTIF-00273,,,,,,,,,,,,,,,,,,,1,F034,bis_gazette_notification.csv,,F034:-:520,REQUIRES_REVIEW,0,,YES,Row carried no value in any natural-key column; keyed positionally.,0,0.00
NOTIF-00274,,,,,,,,,,,,,,,,,,,1,F034,bis_gazette_notification.csv,,F034:-:526,REQUIRES_REVIEW,0,,YES,Row carried no value in any natural-key column; keyed positionally.,0,0.00
NOTIF-00275,,,,,,,,,,,,,,,,,,,1,F034,bis_gazette_notification.csv,,F034:-:533,REQUIRES_REVIEW,0,,YES,Row carried no value in any natural-key column; keyed positionally.,0,0.00
NOTIF-00276,,,,,,,,,,,,,,,,,,,1,F034,bis_gazette_notification.csv,,F034:-:536,REQUIRES_REVIEW,0,,YES,Row carried no value in any natural-key column; keyed positionally.,0,0.00
NOTIF-00277,,,,,,,,,,,,,,,,,,,1,F034,bis_gazette_notification.csv,,F034:-:544,REQUIRES_REVIEW,0,,YES,Row carried no value in any natural-key column; keyed positionally.,0,0.00
NOTIF-00278,,,,,,,,,,,,,,,,,,,1,F034,bis_gazette_notification.csv,,F034:-:55,REQUIRES_REVIEW,0,,YES,Row carried no value in any natural-key column; keyed positionally.,0,0.00
NOTIF-00279,,,,,,,,,,,,,,,,,,,1,F034,bis_gazette_notification.csv,,F034:-:555,REQUIRES_REVIEW,0,,YES,Row carried no value in any natural-key column; keyed positionally.,0,0.00
NOTIF-00280,,,,,,,,,,,,,,,,,,,1,F034,bis_gazette_notification.csv,,F034:-:557,REQUIRES_REVIEW,0,,YES,Row carried no value in any natural-key column; keyed positionally.,0,0.00
NOTIF-00281,,,,,,,,,,,,,,,,,,,1,F034,bis_gazette_notification.csv,,F034:-:562,REQUIRES_REVIEW,0,,YES,Row carried no value in any natural-key column; keyed positionally.,0,0.00
NOTIF-00282,,,,,,,,,,,,,,,,,,,1,F034,bis_gazette_notification.csv,,F034:-:580,REQUIRES_REVIEW,0,,YES,Row carried no value in any natural-key column; keyed positionally.,0,0.00
NOTIF-00283,,,,,,,,,,,,,,,,,,,1,F034,bis_gazette_notification.csv,,F034:-:582,REQUIRES_REVIEW,0,,YES,Row carried no value in any natural-key column; keyed positionally.,0,0.00
NOTIF-00284,,,,,,,,,,,,,,,,,,,1,F034,bis_gazette_notification.csv,,F034:-:584,REQUIRES_REVIEW,0,,YES,Row carried no value in any natural-key column; keyed positionally.,0,0.00
NOTIF-00285,,,,,,,,,,,,,,,,,,,1,F034,bis_gazette_notification.csv,,F034:-:591,REQUIRES_REVIEW,0,,YES,Row carried no value in any natural-key column; keyed positionally.,0,0.00
NOTIF-00286,,,,,,,,,,,,,,,,,,,1,F034,bis_gazette_notification.csv,,F034:-:612,REQUIRES_REVIEW,0,,YES,Row carried no value in any natural-key column; keyed positionally.,0,0.00
NOTIF-00287,,,,,,,,,,,,,,,,,,,1,F034,bis_gazette_notification.csv,,F034:-:622,REQUIRES_REVIEW,0,,YES,Row carried no value in any natural-key column; keyed positionally.,0,0.00
NOTIF-00288,,,,,,,,,,,,,,,,,,,1,F034,bis_gazette_notification.csv,,F034:-:630,REQUIRES_REVIEW,0,,YES,Row carried no value in any natural-key column; keyed positionally.,0,0.00
NOTIF-00289,,,,,,,,,,,,,,,,,,,1,F034,bis_gazette_notification.csv,,F034:-:638,REQUIRES_REVIEW,0,,YES,Row carried no value in any natural-key column; keyed positionally.,0,0.00
NOTIF-00290,,,,,,,,,,,,,,,,,,,1,F034,bis_gazette_notification.csv,,F034:-:640,REQUIRES_REVIEW,0,,YES,Row carried no value in any natural-key column; keyed positionally.,0,0.00
NOTIF-00291,,,,,,,,,,,,,,,,,,,1,F034,bis_gazette_notification.csv,,F034:-:644,REQUIRES_REVIEW,0,,YES,Row carried no value in any natural-key column; keyed positionally.,0,0.00
NOTIF-00292,,,,,,,,,,,,,,,,,,,1,F034,bis_gazette_notification.csv,,F034:-:654,REQUIRES_REVIEW,0,,YES,Row carried no value in any natural-key column; keyed positionally.,0,0.00
NOTIF-00293,,,,,,,,,,,,,,,,,,,1,F034,bis_gazette_notification.csv,,F034:-:657,REQUIRES_REVIEW,0,,YES,Row carried no value in any natural-key column; keyed positionally.,0,0.00
NOTIF-00294,,,,,,,,,,,,,,,,,,,1,F034,bis_gazette_notification.csv,,F034:-:663,REQUIRES_REVIEW,0,,YES,Row carried no value in any natural-key column; keyed positionally.,0,0.00
NOTIF-00295,,,,,,,,,,,,,,,,,,,1,F034,bis_gazette_notification.csv,,F034:-:667,REQUIRES_REVIEW,0,,YES,Row carried no value in any natural-key column; keyed positionally.,0,0.00
NOTIF-00296,,,,,,,,,,,,,,,,,,,1,F034,bis_gazette_notification.csv,,F034:-:677,REQUIRES_REVIEW,0,,YES,Row carried no value in any natural-key column; keyed positionally.,0,0.00
NOTIF-00297,,,,,,,,,,,,,,,,,,,1,F034,bis_gazette_notification.csv,,F034:-:680,REQUIRES_REVIEW,0,,YES,Row carried no value in any natural-key column; keyed positionally.,0,0.00
NOTIF-00298,,,,,,,,,,,,,,,,,,,1,F034,bis_gazette_notification.csv,,F034:-:682,REQUIRES_REVIEW,0,,YES,Row carried no value in any natural-key column; keyed positionally.,0,0.00
NOTIF-00299,,,,,,,,,,,,,,,,,,,1,F034,bis_gazette_notification.csv,,F034:-:688,REQUIRES_REVIEW,0,,YES,Row carried no value in any natural-key column; keyed positionally.,0,0.00
NOTIF-00300,,,,,,,,,,,,,,,,,,,1,F034,bis_gazette_notification.csv,,F034:-:697,REQUIRES_REVIEW,0,,YES,Row carried no value in any natural-key column; keyed positionally.,0,0.00
NOTIF-00301,,,,,,,,,,,,,,,,,,,1,F034,bis_gazette_notification.csv,,F034:-:699,REQUIRES_REVIEW,0,,YES,Row carried no value in any natural-key column; keyed positionally.,0,0.00
NOTIF-00302,,,,,,,,,,,,,,,,,,,1,F034,bis_gazette_notification.csv,,F034:-:701,REQUIRES_REVIEW,0,,YES,Row carried no value in any natural-key column; keyed positionally.,0,0.00
NOTIF-00303,,,,,,,,,,,,,,,,,,,1,F034,bis_gazette_notification.csv,,F034:-:703,REQUIRES_REVIEW,0,,YES,Row carried no value in any natural-key column; keyed positionally.,0,0.00
NOTIF-00304,,,,,,,,,,,,,,,,,,,1,F034,bis_gazette_notification.csv,,F034:-:706,REQUIRES_REVIEW,0,,YES,Row carried no value in any natural-key column; keyed positionally.,0,0.00
NOTIF-00305,,,,,,,,,,,,,,,,,,,1,F034,bis_gazette_notification.csv,,F034:-:71,REQUIRES_REVIEW,0,,YES,Row carried no value in any natural-key column; keyed positionally.,0,0.00
NOTIF-00306,,,,,,,,,,,,,,,,,,,1,F034,bis_gazette_notification.csv,,F034:-:713,REQUIRES_REVIEW,0,,YES,Row carried no value in any natural-key column; keyed positionally.,0,0.00
NOTIF-00307,,,,,,,,,,,,,,,,,,,1,F034,bis_gazette_notification.csv,,F034:-:725,REQUIRES_REVIEW,0,,YES,Row carried no value in any natural-key column; keyed positionally.,0,0.00
NOTIF-00308,,,,,,,,,,,,,,,,,,,1,F034,bis_gazette_notification.csv,,F034:-:729,REQUIRES_REVIEW,0,,YES,Row carried no value in any natural-key column; keyed positionally.,0,0.00
NOTIF-00309,,,,,,,,,,,,,,,,,,,1,F034,bis_gazette_notification.csv,,F034:-:734,REQUIRES_REVIEW,0,,YES,Row carried no value in any natural-key column; keyed positionally.,0,0.00
NOTIF-00310,,,,,,,,,,,,,,,,,,,1,F034,bis_gazette_notification.csv,,F034:-:740,REQUIRES_REVIEW,0,,YES,Row carried no value in any natural-key column; keyed positionally.,0,0.00
NOTIF-00311,,,,,,,,,,,,,,,,,,,1,F034,bis_gazette_notification.csv,,F034:-:744,REQUIRES_REVIEW,0,,YES,Row carried no value in any natural-key column; keyed positionally.,0,0.00
NOTIF-00312,,,,,,,,,,,,,,,,,,,1,F034,bis_gazette_notification.csv,,F034:-:746,REQUIRES_REVIEW,0,,YES,Row carried no value in any natural-key column; keyed positionally.,0,0.00
NOTIF-00313,,,,,,,,,,,,,,,,,,,1,F034,bis_gazette_notification.csv,,F034:-:75,REQUIRES_REVIEW,0,,YES,Row carried no value in any natural-key column; keyed positionally.,0,0.00
NOTIF-00314,,,,,,,,,,,,,,,,,,,1,F034,bis_gazette_notification.csv,,F034:-:761,REQUIRES_REVIEW,0,,YES,Row carried no value in any natural-key column; keyed positionally.,0,0.00
NOTIF-00315,,,,,,,,,,,,,,,,,,,1,F034,bis_gazette_notification.csv,,F034:-:763,REQUIRES_REVIEW,0,,YES,Row carried no value in any natural-key column; keyed positionally.,0,0.00
NOTIF-00316,,,,,,,,,,,,,,,,,,,1,F034,bis_gazette_notification.csv,,F034:-:764,REQUIRES_REVIEW,0,,YES,Row carried no value in any natural-key column; keyed positionally.,0,0.00
NOTIF-00317,,,,,,,,,,,,,,,,,,,1,F034,bis_gazette_notification.csv,,F034:-:765,REQUIRES_REVIEW,0,,YES,Row carried no value in any natural-key column; keyed positionally.,0,0.00
NOTIF-00318,,,,,,,,,,,,,,,,,,,1,F034,bis_gazette_notification.csv,,F034:-:766,REQUIRES_REVIEW,0,,YES,Row carried no value in any natural-key column; keyed positionally.,0,0.00
NOTIF-00319,,,,,,,,,,,,,,,,,,,1,F034,bis_gazette_notification.csv,,F034:-:767,REQUIRES_REVIEW,0,,YES,Row carried no value in any natural-key column; keyed positionally.,0,0.00
NOTIF-00320,,,,,,,,,,,,,,,,,,,1,F034,bis_gazette_notification.csv,,F034:-:768,REQUIRES_REVIEW,0,,YES,Row carried no value in any natural-key column; keyed positionally.,0,0.00
NOTIF-00321,,,,,,,,,,,,,,,,,,,1,F034,bis_gazette_notification.csv,,F034:-:769,REQUIRES_REVIEW,0,,YES,Row carried no value in any natural-key column; keyed positionally.,0,0.00
NOTIF-00322,,,,,,,,,,,,,,,,,,,1,F034,bis_gazette_notification.csv,,F034:-:770,REQUIRES_REVIEW,0,,YES,Row carried no value in any natural-key column; keyed positionally.,0,0.00
NOTIF-00323,,,,,,,,,,,,,,,,,,,1,F034,bis_gazette_notification.csv,,F034:-:771,REQUIRES_REVIEW,0,,YES,Row carried no value in any natural-key column; keyed positionally.,0,0.00
NOTIF-00324,,,,,,,,,,,,,,,,,,,1,F034,bis_gazette_notification.csv,,F034:-:772,REQUIRES_REVIEW,0,,YES,Row carried no value in any natural-key column; keyed positionally.,0,0.00
NOTIF-00325,,,,,,,,,,,,,,,,,,,1,F034,bis_gazette_notification.csv,,F034:-:773,REQUIRES_REVIEW,0,,YES,Row carried no value in any natural-key column; keyed positionally.,0,0.00
NOTIF-00326,,,,,,,,,,,,,,,,,,,1,F034,bis_gazette_notification.csv,,F034:-:774,REQUIRES_REVIEW,0,,YES,Row carried no value in any natural-key column; keyed positionally.,0,0.00
NOTIF-00327,,,,,,,,,,,,,,,,,,,1,F034,bis_gazette_notification.csv,,F034:-:775,REQUIRES_REVIEW,0,,YES,Row carried no value in any natural-key column; keyed positionally.,0,0.00
NOTIF-00328,,,,,,,,,,,,,,,,,,,1,F034,bis_gazette_notification.csv,,F034:-:776,REQUIRES_REVIEW,0,,YES,Row carried no value in any natural-key column; keyed positionally.,0,0.00
NOTIF-00329,,,,,,,,,,,,,,,,,,,1,F034,bis_gazette_notification.csv,,F034:-:777,REQUIRES_REVIEW,0,,YES,Row carried no value in any natural-key column; keyed positionally.,0,0.00
NOTIF-00330,,,,,,,,,,,,,,,,,,,1,F034,bis_gazette_notification.csv,,F034:-:778,REQUIRES_REVIEW,0,,YES,Row carried no value in any natural-key column; keyed positionally.,0,0.00
NOTIF-00331,,,,,,,,,,,,,,,,,,,1,F034,bis_gazette_notification.csv,,F034:-:779,REQUIRES_REVIEW,0,,YES,Row carried no value in any natural-key column; keyed positionally.,0,0.00
NOTIF-00332,,,,,,,,,,,,,,,,,,,1,F034,bis_gazette_notification.csv,,F034:-:780,REQUIRES_REVIEW,0,,YES,Row carried no value in any natural-key column; keyed positionally.,0,0.00
NOTIF-00333,,,,,,,,,,,,,,,,,,,1,F034,bis_gazette_notification.csv,,F034:-:781,REQUIRES_REVIEW,0,,YES,Row carried no value in any natural-key column; keyed positionally.,0,0.00
NOTIF-00334,,,,,,,,,,,,,,,,,,,1,F034,bis_gazette_notification.csv,,F034:-:782,REQUIRES_REVIEW,0,,YES,Row carried no value in any natural-key column; keyed positionally.,0,0.00
NOTIF-00335,,,,,,,,,,,,,,,,,,,1,F034,bis_gazette_notification.csv,,F034:-:783,REQUIRES_REVIEW,0,,YES,Row carried no value in any natural-key column; keyed positionally.,0,0.00
NOTIF-00336,,,,,,,,,,,,,,,,,,,1,F034,bis_gazette_notification.csv,,F034:-:784,REQUIRES_REVIEW,0,,YES,Row carried no value in any natural-key column; keyed positionally.,0,0.00
NOTIF-00337,,,,,,,,,,,,,,,,,,,1,F034,bis_gazette_notification.csv,,F034:-:785,REQUIRES_REVIEW,0,,YES,Row carried no value in any natural-key column; keyed positionally.,0,0.00
NOTIF-00338,,,,,,,,,,,,,,,,,,,1,F034,bis_gazette_notification.csv,,F034:-:786,REQUIRES_REVIEW,0,,YES,Row carried no value in any natural-key column; keyed positionally.,0,0.00
NOTIF-00339,,,,,,,,,,,,,,,,,,,1,F034,bis_gazette_notification.csv,,F034:-:787,REQUIRES_REVIEW,0,,YES,Row carried no value in any natural-key column; keyed positionally.,0,0.00
NOTIF-00340,,,,,,,,,,,,,,,,,,,1,F034,bis_gazette_notification.csv,,F034:-:788,REQUIRES_REVIEW,0,,YES,Row carried no value in any natural-key column; keyed positionally.,0,0.00
NOTIF-00341,,,,,,,,,,,,,,,,,,,1,F034,bis_gazette_notification.csv,,F034:-:789,REQUIRES_REVIEW,0,,YES,Row carried no value in any natural-key column; keyed positionally.,0,0.00
NOTIF-00342,,,,,,,,,,,,,,,,,,,1,F034,bis_gazette_notification.csv,,F034:-:790,REQUIRES_REVIEW,0,,YES,Row carried no value in any natural-key column; keyed positionally.,0,0.00
NOTIF-00343,,,,,,,,,,,,,,,,,,,1,F034,bis_gazette_notification.csv,,F034:-:791,REQUIRES_REVIEW,0,,YES,Row carried no value in any natural-key column; keyed positionally.,0,0.00
NOTIF-00344,,,,,,,,,,,,,,,,,,,1,F034,bis_gazette_notification.csv,,F034:-:792,REQUIRES_REVIEW,0,,YES,Row carried no value in any natural-key column; keyed positionally.,0,0.00
NOTIF-00345,,,,,,,,,,,,,,,,,,,1,F034,bis_gazette_notification.csv,,F034:-:793,REQUIRES_REVIEW,0,,YES,Row carried no value in any natural-key column; keyed positionally.,0,0.00
NOTIF-00346,,,,,,,,,,,,,,,,,,,1,F034,bis_gazette_notification.csv,,F034:-:794,REQUIRES_REVIEW,0,,YES,Row carried no value in any natural-key column; keyed positionally.,0,0.00
NOTIF-00347,,,,,,,,,,,,,,,,,,,1,F034,bis_gazette_notification.csv,,F034:-:795,REQUIRES_REVIEW,0,,YES,Row carried no value in any natural-key column; keyed positionally.,0,0.00
NOTIF-00348,,,,,,,,,,,,,,,,,,,1,F034,bis_gazette_notification.csv,,F034:-:796,REQUIRES_REVIEW,0,,YES,Row carried no value in any natural-key column; keyed positionally.,0,0.00
NOTIF-00349,,,,,,,,,,,,,,,,,,,1,F034,bis_gazette_notification.csv,,F034:-:797,REQUIRES_REVIEW,0,,YES,Row carried no value in any natural-key column; keyed positionally.,0,0.00
NOTIF-00350,,,,,,,,,,,,,,,,,,,1,F034,bis_gazette_notification.csv,,F034:-:798,REQUIRES_REVIEW,0,,YES,Row carried no value in any natural-key column; keyed positionally.,0,0.00
NOTIF-00351,,,,,,,,,,,,,,,,,,,1,F034,bis_gazette_notification.csv,,F034:-:799,REQUIRES_REVIEW,0,,YES,Row carried no value in any natural-key column; keyed positionally.,0,0.00
NOTIF-00352,,,,,,,,,,,,,,,,,,,1,F034,bis_gazette_notification.csv,,F034:-:800,REQUIRES_REVIEW,0,,YES,Row carried no value in any natural-key column; keyed positionally.,0,0.00
NOTIF-00353,,,,,,,,,,,,,,,,,,,1,F034,bis_gazette_notification.csv,,F034:-:801,REQUIRES_REVIEW,0,,YES,Row carried no value in any natural-key column; keyed positionally.,0,0.00
NOTIF-00354,,,,,,,,,,,,,,,,,,,1,F034,bis_gazette_notification.csv,,F034:-:802,REQUIRES_REVIEW,0,,YES,Row carried no value in any natural-key column; keyed positionally.,0,0.00
NOTIF-00355,,,,,,,,,,,,,,,,,,,1,F034,bis_gazette_notification.csv,,F034:-:803,REQUIRES_REVIEW,0,,YES,Row carried no value in any natural-key column; keyed positionally.,0,0.00
NOTIF-00356,,,,,,,,,,,,,,,,,,,1,F034,bis_gazette_notification.csv,,F034:-:804,REQUIRES_REVIEW,0,,YES,Row carried no value in any natural-key column; keyed positionally.,0,0.00
NOTIF-00357,,,,,,,,,,,,,,,,,,,1,F034,bis_gazette_notification.csv,,F034:-:805,REQUIRES_REVIEW,0,,YES,Row carried no value in any natural-key column; keyed positionally.,0,0.00
NOTIF-00358,,,,,,,,,,,,,,,,,,,1,F034,bis_gazette_notification.csv,,F034:-:806,REQUIRES_REVIEW,0,,YES,Row carried no value in any natural-key column; keyed positionally.,0,0.00
NOTIF-00359,,,,,,,,,,,,,,,,,,,1,F034,bis_gazette_notification.csv,,F034:-:807,REQUIRES_REVIEW,0,,YES,Row carried no value in any natural-key column; keyed positionally.,0,0.00
NOTIF-00360,,,,,,,,,,,,,,,,,,,1,F034,bis_gazette_notification.csv,,F034:-:808,REQUIRES_REVIEW,0,,YES,Row carried no value in any natural-key column; keyed positionally.,0,0.00
NOTIF-00361,,,,,,,,,,,,,,,,,,,1,F034,bis_gazette_notification.csv,,F034:-:809,REQUIRES_REVIEW,0,,YES,Row carried no value in any natural-key column; keyed positionally.,0,0.00
NOTIF-00362,,,,,,,,,,,,,,,,,,,1,F034,bis_gazette_notification.csv,,F034:-:810,REQUIRES_REVIEW,0,,YES,Row carried no value in any natural-key column; keyed positionally.,0,0.00
NOTIF-00363,,,,,,,,,,,,,,,,,,,1,F034,bis_gazette_notification.csv,,F034:-:811,REQUIRES_REVIEW,0,,YES,Row carried no value in any natural-key column; keyed positionally.,0,0.00
NOTIF-00364,,,,,,,,,,,,,,,,,,,1,F034,bis_gazette_notification.csv,,F034:-:812,REQUIRES_REVIEW,0,,YES,Row carried no value in any natural-key column; keyed positionally.,0,0.00
NOTIF-00365,,,,,,,,,,,,,,,,,,,1,F034,bis_gazette_notification.csv,,F034:-:813,REQUIRES_REVIEW,0,,YES,Row carried no value in any natural-key column; keyed positionally.,0,0.00
NOTIF-00366,,,,,,,,,,,,,,,,,,,1,F034,bis_gazette_notification.csv,,F034:-:814,REQUIRES_REVIEW,0,,YES,Row carried no value in any natural-key column; keyed positionally.,0,0.00
NOTIF-00367,,,,,,,,,,,,,,,,,,,1,F034,bis_gazette_notification.csv,,F034:-:815,REQUIRES_REVIEW,0,,YES,Row carried no value in any natural-key column; keyed positionally.,0,0.00
NOTIF-00368,,,,,,,,,,,,,,,,,,,1,F034,bis_gazette_notification.csv,,F034:-:816,REQUIRES_REVIEW,0,,YES,Row carried no value in any natural-key column; keyed positionally.,0,0.00
NOTIF-00369,,,,,,,,,,,,,,,,,,,1,F034,bis_gazette_notification.csv,,F034:-:817,REQUIRES_REVIEW,0,,YES,Row carried no value in any natural-key column; keyed positionally.,0,0.00
NOTIF-00370,,,,,,,,,,,,,,,,,,,1,F034,bis_gazette_notification.csv,,F034:-:818,REQUIRES_REVIEW,0,,YES,Row carried no value in any natural-key column; keyed positionally.,0,0.00
NOTIF-00371,,,,,,,,,,,,,,,,,,,1,F034,bis_gazette_notification.csv,,F034:-:819,REQUIRES_REVIEW,0,,YES,Row carried no value in any natural-key column; keyed positionally.,0,0.00
NOTIF-00372,,,,,,,,,,,,,,,,,,,1,F034,bis_gazette_notification.csv,,F034:-:820,REQUIRES_REVIEW,0,,YES,Row carried no value in any natural-key column; keyed positionally.,0,0.00
NOTIF-00373,,,,,,,,,,,,,,,,,,,1,F034,bis_gazette_notification.csv,,F034:-:821,REQUIRES_REVIEW,0,,YES,Row carried no value in any natural-key column; keyed positionally.,0,0.00
NOTIF-00374,,,,,,,,,,,,,,,,,,,1,F034,bis_gazette_notification.csv,,F034:-:822,REQUIRES_REVIEW,0,,YES,Row carried no value in any natural-key column; keyed positionally.,0,0.00
NOTIF-00375,,,,,,,,,,,,,,,,,,,1,F034,bis_gazette_notification.csv,,F034:-:823,REQUIRES_REVIEW,0,,YES,Row carried no value in any natural-key column; keyed positionally.,0,0.00
NOTIF-00376,,,,,,,,,,,,,,,,,,,1,F034,bis_gazette_notification.csv,,F034:-:824,REQUIRES_REVIEW,0,,YES,Row carried no value in any natural-key column; keyed positionally.,0,0.00
NOTIF-00377,,,,,,,,,,,,,,,,,,,1,F034,bis_gazette_notification.csv,,F034:-:825,REQUIRES_REVIEW,0,,YES,Row carried no value in any natural-key column; keyed positionally.,0,0.00
NOTIF-00378,,,,,,,,,,,,,,,,,,,1,F034,bis_gazette_notification.csv,,F034:-:826,REQUIRES_REVIEW,0,,YES,Row carried no value in any natural-key column; keyed positionally.,0,0.00
NOTIF-00379,,,,,,,,,,,,,,,,,,,1,F034,bis_gazette_notification.csv,,F034:-:827,REQUIRES_REVIEW,0,,YES,Row carried no value in any natural-key column; keyed positionally.,0,0.00
NOTIF-00380,,,,,,,,,,,,,,,,,,,1,F034,bis_gazette_notification.csv,,F034:-:828,REQUIRES_REVIEW,0,,YES,Row carried no value in any natural-key column; keyed positionally.,0,0.00
NOTIF-00381,,,,,,,,,,,,,,,,,,,1,F034,bis_gazette_notification.csv,,F034:-:829,REQUIRES_REVIEW,0,,YES,Row carried no value in any natural-key column; keyed positionally.,0,0.00
NOTIF-00382,,,,,,,,,,,,,,,,,,,1,F034,bis_gazette_notification.csv,,F034:-:830,REQUIRES_REVIEW,0,,YES,Row carried no value in any natural-key column; keyed positionally.,0,0.00
NOTIF-00383,,,,,,,,,,,,,,,,,,,1,F034,bis_gazette_notification.csv,,F034:-:831,REQUIRES_REVIEW,0,,YES,Row carried no value in any natural-key column; keyed positionally.,0,0.00
NOTIF-00384,,,,,,,,,,,,,,,,,,,1,F034,bis_gazette_notification.csv,,F034:-:832,REQUIRES_REVIEW,0,,YES,Row carried no value in any natural-key column; keyed positionally.,0,0.00
NOTIF-00385,,,,,,,,,,,,,,,,,,,1,F034,bis_gazette_notification.csv,,F034:-:833,REQUIRES_REVIEW,0,,YES,Row carried no value in any natural-key column; keyed positionally.,0,0.00
NOTIF-00386,,,,,,,,,,,,,,,,,,,1,F034,bis_gazette_notification.csv,,F034:-:834,REQUIRES_REVIEW,0,,YES,Row carried no value in any natural-key column; keyed positionally.,0,0.00
NOTIF-00387,,,,,,,,,,,,,,,,,,,1,F034,bis_gazette_notification.csv,,F034:-:835,REQUIRES_REVIEW,0,,YES,Row carried no value in any natural-key column; keyed positionally.,0,0.00
NOTIF-00388,,,,,,,,,,,,,,,,,,,1,F034,bis_gazette_notification.csv,,F034:-:836,REQUIRES_REVIEW,0,,YES,Row carried no value in any natural-key column; keyed positionally.,0,0.00
NOTIF-00389,,,,,,,,,,,,,,,,,,,1,F034,bis_gazette_notification.csv,,F034:-:837,REQUIRES_REVIEW,0,,YES,Row carried no value in any natural-key column; keyed positionally.,0,0.00
NOTIF-00390,,,,,,,,,,,,,,,,,,,1,F034,bis_gazette_notification.csv,,F034:-:838,REQUIRES_REVIEW,0,,YES,Row carried no value in any natural-key column; keyed positionally.,0,0.00
NOTIF-00391,,,,,,,,,,,,,,,,,,,1,F034,bis_gazette_notification.csv,,F034:-:839,REQUIRES_REVIEW,0,,YES,Row carried no value in any natural-key column; keyed positionally.,0,0.00
NOTIF-00392,,,,,,,,,,,,,,,,,,,1,F034,bis_gazette_notification.csv,,F034:-:840,REQUIRES_REVIEW,0,,YES,Row carried no value in any natural-key column; keyed positionally.,0,0.00
NOTIF-00393,,,,,,,,,,,,,,,,,,,1,F034,bis_gazette_notification.csv,,F034:-:841,REQUIRES_REVIEW,0,,YES,Row carried no value in any natural-key column; keyed positionally.,0,0.00
NOTIF-00394,,,,,,,,,,,,,,,,,,,1,F034,bis_gazette_notification.csv,,F034:-:842,REQUIRES_REVIEW,0,,YES,Row carried no value in any natural-key column; keyed positionally.,0,0.00
NOTIF-00395,,,,,,,,,,,,,,,,,,,1,F034,bis_gazette_notification.csv,,F034:-:843,REQUIRES_REVIEW,0,,YES,Row carried no value in any natural-key column; keyed positionally.,0,0.00
NOTIF-00396,,,,,,,,,,,,,,,,,,,1,F034,bis_gazette_notification.csv,,F034:-:844,REQUIRES_REVIEW,0,,YES,Row carried no value in any natural-key column; keyed positionally.,0,0.00
NOTIF-00397,,,,,,,,,,,,,,,,,,,1,F034,bis_gazette_notification.csv,,F034:-:845,REQUIRES_REVIEW,0,,YES,Row carried no value in any natural-key column; keyed positionally.,0,0.00
NOTIF-00398,,,,,,,,,,,,,,,,,,,1,F034,bis_gazette_notification.csv,,F034:-:846,REQUIRES_REVIEW,0,,YES,Row carried no value in any natural-key column; keyed positionally.,0,0.00
NOTIF-00399,,,,,,,,,,,,,,,,,,,1,F034,bis_gazette_notification.csv,,F034:-:847,REQUIRES_REVIEW,0,,YES,Row carried no value in any natural-key column; keyed positionally.,0,0.00
NOTIF-00400,,,,,,,,,,,,,,,,,,,1,F034,bis_gazette_notification.csv,,F034:-:848,REQUIRES_REVIEW,0,,YES,Row carried no value in any natural-key column; keyed positionally.,0,0.00
NOTIF-00401,,,,,,,,,,,,,,,,,,,1,F034,bis_gazette_notification.csv,,F034:-:849,REQUIRES_REVIEW,0,,YES,Row carried no value in any natural-key column; keyed positionally.,0,0.00
NOTIF-00402,,,,,,,,,,,,,,,,,,,1,F034,bis_gazette_notification.csv,,F034:-:850,REQUIRES_REVIEW,0,,YES,Row carried no value in any natural-key column; keyed positionally.,0,0.00
NOTIF-00403,,,,,,,,,,,,,,,,,,,1,F034,bis_gazette_notification.csv,,F034:-:851,REQUIRES_REVIEW,0,,YES,Row carried no value in any natural-key column; keyed positionally.,0,0.00
NOTIF-00404,,,,,,,,,,,,,,,,,,,1,F034,bis_gazette_notification.csv,,F034:-:852,REQUIRES_REVIEW,0,,YES,Row carried no value in any natural-key column; keyed positionally.,0,0.00
NOTIF-00405,,,,,,,,,,,,,,,,,,,1,F034,bis_gazette_notification.csv,,F034:-:862,REQUIRES_REVIEW,0,,YES,Row carried no value in any natural-key column; keyed positionally.,0,0.00
NOTIF-00406,,,,,,,,,,,,,,,,,,,1,F034,bis_gazette_notification.csv,,F034:-:864,REQUIRES_REVIEW,0,,YES,Row carried no value in any natural-key column; keyed positionally.,0,0.00
NOTIF-00407,,,,,,,,,,,,,,,,,,,1,F034,bis_gazette_notification.csv,,F034:-:874,REQUIRES_REVIEW,0,,YES,Row carried no value in any natural-key column; keyed positionally.,0,0.00
NOTIF-00408,,,,,,,,,,,,,,,,,,,1,F034,bis_gazette_notification.csv,,F034:-:878,REQUIRES_REVIEW,0,,YES,Row carried no value in any natural-key column; keyed positionally.,0,0.00
NOTIF-00409,,,,,,,,,,,,,,,,,,,1,F034,bis_gazette_notification.csv,,F034:-:882,REQUIRES_REVIEW,0,,YES,Row carried no value in any natural-key column; keyed positionally.,0,0.00
NOTIF-00410,,,,,,,,,,,,,,,,,,,1,F034,bis_gazette_notification.csv,,F034:-:884,REQUIRES_REVIEW,0,,YES,Row carried no value in any natural-key column; keyed positionally.,0,0.00
NOTIF-00411,,,,,,,,,,,,,,,,,,,1,F034,bis_gazette_notification.csv,,F034:-:886,REQUIRES_REVIEW,0,,YES,Row carried no value in any natural-key column; keyed positionally.,0,0.00
NOTIF-00412,,,,,,,,,,,,,,,,,,,1,F034,bis_gazette_notification.csv,,F034:-:889,REQUIRES_REVIEW,0,,YES,Row carried no value in any natural-key column; keyed positionally.,0,0.00
NOTIF-00413,,,,,,,,,,,,,,,,,,,1,F034,bis_gazette_notification.csv,,F034:-:896,REQUIRES_REVIEW,0,,YES,Row carried no value in any natural-key column; keyed positionally.,0,0.00
NOTIF-00414,,,,,,,,,,,,,,,,,,,1,F034,bis_gazette_notification.csv,,F034:-:917,REQUIRES_REVIEW,0,,YES,Row carried no value in any natural-key column; keyed positionally.,0,0.00
NOTIF-00415,,,,,,,,,,,,,,,,,,,1,F034,bis_gazette_notification.csv,,F034:-:933,REQUIRES_REVIEW,0,,YES,Row carried no value in any natural-key column; keyed positionally.,0,0.00
NOTIF-00416,,,,,,,,,,,,,,,,,,,1,F034,bis_gazette_notification.csv,,F034:-:934,REQUIRES_REVIEW,0,,YES,Row carried no value in any natural-key column; keyed positionally.,0,0.00
NOTIF-00417,,,,,,,,,,,,,,,,,,,1,F034,bis_gazette_notification.csv,,F034:-:936,REQUIRES_REVIEW,0,,YES,Row carried no value in any natural-key column; keyed positionally.,0,0.00
NOTIF-00418,,,,,,,,,,,,,,,,,,,1,F034,bis_gazette_notification.csv,,F034:-:942,REQUIRES_REVIEW,0,,YES,Row carried no value in any natural-key column; keyed positionally.,0,0.00
NOTIF-00419,,,,,,,,,,,,,,,,,,,1,F034,bis_gazette_notification.csv,,F034:-:945,REQUIRES_REVIEW,0,,YES,Row carried no value in any natural-key column; keyed positionally.,0,0.00
NOTIF-00420,,,,,,,,,,,,,,,,,,,1,F034,bis_gazette_notification.csv,,F034:-:949,REQUIRES_REVIEW,0,,YES,Row carried no value in any natural-key column; keyed positionally.,0,0.00
NOTIF-00421,,,,,,,,,,,,,,,,,,,1,F034,bis_gazette_notification.csv,,F034:-:954,REQUIRES_REVIEW,0,,YES,Row carried no value in any natural-key column; keyed positionally.,0,0.00
NOTIF-00422,,,,,,,,,,,,,,,,,,,1,F034,bis_gazette_notification.csv,,F034:-:970,REQUIRES_REVIEW,0,,YES,Row carried no value in any natural-key column; keyed positionally.,0,0.00
NOTIF-00423,,,,,,,,,,,,,,,,,,,1,F034,bis_gazette_notification.csv,,F034:-:974,REQUIRES_REVIEW,0,,YES,Row carried no value in any natural-key column; keyed positionally.,0,0.00
NOTIF-00424,,,,H एसिड,"H एसिड (गुणवत्ता नियंत्रण) आदेश, 2024 S.O. 4925(E), दिनांक 14 नवंबर 2024 H एसिड (गुणवत्ता नियंत्रण) संशोधन आदेश, 2025 S.O.2144(E), दिनांक 14 मई 2025 H एसिड (गुणवत्ता नियंत्रण) दूसरा संशोधन आदेश, 2025 S.O.3530(E), दिनांक 30 जुलाई 2025 H एसिड (गुणवत्ता नियंत्रण) आदेश, 2024 रद्द आदेश S.O. 5310(E), दिनांक 20 नवंबर 2025",,,,,,,,,,,,,,1,F034,bis_gazette_notification.csv,,F034:-:879;F034:-:1778,MERGED,0,,,,2,11.11
NOTIF-00425,,,,K एसिड,"K एसिड (गुणवत्ता नियंत्रण) आदेश, 2024 S.O. 4926(E), दिनांक 14 नवंबर 2024 K एसिड (गुणवत्ता नियंत्रण) संशोधन आदेश, 2025 S.O.2145(E), दिनांक 14 मई 2025 K एसिड (गुणवत्ता नियंत्रण) आदेश, 2024 रद्द आदेश S.O. 5311(E), दिनांक 20 नवंबर 2025",,,,,,,,,,,,,,1,F034,bis_gazette_notification.csv,,F034:-:880;F034:-:1779,MERGED,0,,,,2,11.11
NOTIF-00426,,"Machinery and Electrical Equipment Safety (Omnibus Technical Regulation) Order, 2024 - S.O. 3649(E) dated 28 August 2024",,,,,,,,,,,,,,,,,1,F003,07_scheme_x.csv,,F003:-:35;F003:-:36;F003:-:37;F003:-:38;F003:-:39;F003:-:40;F003:-:41;F003:-:42;F003:-:43;F003:-:44;F003:-:45;F003:-:46;F003:-:47;F003:-:48;F003:-:49;F003:-:50;F003:-:51;F003:-:52;F003:-:53,CANONICAL,0,,,Record exists because another record referenced it.,1,5.56
NOTIF-00427,,"Machinery and Electrical Equipment Safety (Omnibus Technical Regulation) Order, 2024 - S.O. 3649(E) dated 28 August 2024; rescinded by S.O. 239(E) dated 16 January 2026",,,,,,,,,,,,,,,,,1,F003,07_scheme_x.csv,,F003:-:34,CANONICAL,0,,,Record exists because another record referenced it.,1,5.56
NOTIF-00428,,Migration to IS/IEC 62368 : Part 1 : 2023 from IS 13252 : Part 1 : 2010 and IS 616: 2017 - S.O. 4997(E) dated 04 No. vember 2025,,,,,,,,,,,,,,,,,1,F001,05_scheme_ii.csv,,F001:-:66,CANONICAL,0,,,Record exists because another record referenced it.,1,5.56
NOTIF-00429,,"Ortho Phosphoric Acid (Quality Control) Amendment Order, 2021 (S.O. 2335(E) dated 15.06.2021); Ortho Phosphoric Acid (Quality Control) Amendment Order, 2021 (S.O. 4914(E) dated 29.11.2021); Ortho Phosphoric Acid (Quality Control) Order, 2021 (Amendment order for various chemicals, dated 13/05/2022); Ortho Phosphoric Acid (Quality Control) Amendment Order, 2024 S.O. 1709(E), dated 13th April 2024; Ortho Phosphoric Acid (Quality Control) Second Amendment Order, 2024 S.O. 2975(E), dated 26th July 2024",,,,,,,,,,,,,,,,,1,F001,05_scheme_ii.csv,,F001:-:76,CANONICAL,0,,,Record exists because another record referenced it.,1,5.56
NOTIF-00430,,,,p-ज़ाइलीन,"p-ज़ाइलीन (गुणवत्ता नियंत्रण) आदेश, 2021 (एस.ओ. 3929 (ई), दिनांक 13.09.2021) p-ज़ाइलीन (गुणवत्ता नियंत्रण) आदेश, 2022 (विभिन्न पेट्रोकेमिकल्स हेतु संशोधन आदेश, दिनांक 23/03/2022) p-ज़ाइलीन (गुणवत्ता नियंत्रण) द्वितीय संशोधन आदेश, 2022 (विभिन्न पेट्रोकेमिकल्स हेतु संशोधन आदेश, दिनांक 02 सितम्बर 2022) p-ज़ाइलीन (गुणवत्ता नियंत्रण) संशोधन आदेश, 2023 (एस.ओ. 1239(ई), दिनांक 15/03/2023) p-ज़ाइलीन (गुणवत्ता नियंत्रण) संशोधन आदेश, 2024 एस.ओ. 1111(ई), दिनांक 06 मार्च 2024 p-ज़ाइलीन (गुणवत्ता नियंत्रण) द्वितीय संशोधन आदेश, 2024 एस.ओ. 4173(ई), दिनांक 23 सितम्बर 2024 p-ज़ाइलीन (गुणवत्ता नियंत्रण) संशोधन आदेश, 2025 एस.ओ. 1252(ई), दिनांक 19 मार्च 2025 p-ज़ाइलीन (गुणवत्ता नियंत्रण) आदेश, 2021 को निरस्त किया गया एस.ओ. 5527(ई), दिनांक 01 दिसम्बर 2025",,,,,,,,,,,,,,1,F034,bis_gazette_notification.csv,,F034:-:292;F034:-:1191,MERGED,0,,,,2,11.11
NOTIF-00431,,"Polyphosphoric Acid (Quality Control) Order, 2021 (S.O. 5388(E), dated 24.12.2021); Polyphosphoric Acid (Quality Control) Order, 2021 (Amendment order for various chemicals, dated 13/05/2022)",,,,,,,,,,,,,,,,,1,F001,05_scheme_ii.csv,,F001:-:77,CANONICAL,0,,,Record exists because another record referenced it.,1,5.56
NOTIF-00432,,"Product Specific Guidelines for Low Voltage Switchgear and Controlgear: Control circuit devices and switching elements-Electromechanical control circuit devices - F. No. 8(1)/2018-HEI-Part-(1), dated 10 March, 2025",,,,,,,,,,,,,,,,,1,F003,07_scheme_x.csv,,F003:-:27,CANONICAL,0,,,Record exists because another record referenced it.,1,5.56
NOTIF-00433,,"Product Specific Guidelines for Low Voltage Switchgear and Controlgear: Control circuit devices and switching elements-Electromechanical control circuit devices with mechanical latching functions - F. No. 8(1)/2018-HEI-Part-(1), dated 10 March, 2025",,,,,,,,,,,,,,,,,1,F003,07_scheme_x.csv,,F003:-:32,CANONICAL,0,,,Record exists because another record referenced it.,1,5.56
NOTIF-00434,,"Product Specific Guidelines for Low Voltage Switchgear and Controlgear: Electromechanical Contactor(s) and Motor Starter(s) - F. No. 8(1)/2018-HEI-Part-(1), dated 10 March, 2025",,,,,,,,,,,,,,,,,1,F003,07_scheme_x.csv,,F003:-:24,CANONICAL,0,,,Record exists because another record referenced it.,1,5.56
NOTIF-00435,,"Product Specific Guidelines for Low Voltage Switchgear and Controlgear: Switches, Disconnectors, Switch-Disconnectors, and Fuse-Combination Units - F. No. 8(1)/2018-HEI-Part-(1), dated 10 March, 2025",,,,,,,,,,,,,,,,,1,F003,07_scheme_x.csv,,F003:-:13,CANONICAL,0,,,Record exists because another record referenced it.,1,5.56
NOTIF-00436,,S.O. 1045(E),,"Safety Glass (Quality Control) Order, 2020",,Original QCO,2020-03-12,2020-09-16,Ministry of Commerce and Industry,DPIIT,Safety glass certification,,,,https://bis.gov.in/wp-content/uploads/2020/03/Safety-Glass-QCO.pdf,,BIS Scheme-I,NOTIF-SG-001,1,F009,BIS_Notifications_Master.xlsx,BIS_Notifications_Master,F009:BIS_Notifications_Master:15,CANONICAL,0,,,,11,61.11
NOTIF-00437,,S.O. 1125(E),,Furniture QCO amendment,,Amendment,2026-03-02,,Ministry of Commerce and Industry,DPIIT,Further QCO modification,,,,,,BIS Scheme-I,NOTIF-FURN-004,1,F009,BIS_Notifications_Master.xlsx,BIS_Notifications_Master,F009:BIS_Notifications_Master:5,CANONICAL,0,,,,9,50.00
NOTIF-00438,,"S.O. 1236(E) dated 01st April, 2020; dated of Implementation of this order on the expiry of six months from the dated of publication of this No. tification. (01st October, 2020); Superseded by Electronics and Information Technology Goods (Requirement of Compulsory Registration) Order, 2021; Amendments S.O. 1246(E) dated 10 March, 2026",,,,,,,,,,,,,,,,,1,F001,05_scheme_ii.csv,,F001:-:46,CANONICAL,0,,,Record exists because another record referenced it.,1,5.56
NOTIF-00439,,S.O. 1421(E),,"Footwear made from Leather and other Materials (Quality Control) Order, 2024",,Superseding QCO,2024-03-15,2024-08-01,Ministry of Commerce and Industry,DPIIT,New footwear QCO replacing 2022 order,,,,https://www.bis.gov.in/wp-content/uploads/2024/03/Footwear-made-from-Leather-and-other-Materials-QCO-2024.pdf,,BIS Scheme-I,NOTIF-FW-003,1,F009,BIS_Notifications_Master.xlsx,BIS_Notifications_Master,F009:BIS_Notifications_Master:26,CANONICAL,0,,,,11,61.11
NOTIF-00440,,S.O. 1431(E),,Safety Glass QCO amendment,,Amendment,2023-03-24,,Ministry of Commerce and Industry,DPIIT,Further amendment,,,,,,BIS Scheme-I,NOTIF-SG-005,1,F009,BIS_Notifications_Master.xlsx,BIS_Notifications_Master,F009:BIS_Notifications_Master:17,CANONICAL,0,,,,9,50.00
NOTIF-00441,,"S.O. 1673(E), dated 27-05-2020",,,,,,,,,,,,,,,,,1,F002,06_scheme_iv.csv,,F002:-:2;F002:-:3;F002:-:4;F002:-:6,CANONICAL,0,,,Record exists because another record referenced it.,1,5.56
NOTIF-00442,,S.O. 191(E),,"Cement (Quality Control) Order, 2003",,Original QCO,2003-02-17,,Ministry of Commerce and Industry,DPIIT,Mandatory certification of specified cement varieties,,,,,,BIS QCO | BIS Scheme-I,NOTIF-CEM-001,1,F009,BIS_Notifications_Master.xlsx,BIS_Notifications_Master,F009:BIS_Notifications_Master:9,CANONICAL,0,,,,9,50.00
NOTIF-00443,,"S.O. 1929(E) dated 26/04/2023; S.O. 1363(E) dated 21 March 2025; S.O. 4362(E) dated 25 September 2025; S.O. 1246(E) dated 10 March, 2026; S.O. 4182(E) dated 26 July 2026",,,,,,,,,,,,,,,,,1,F001,05_scheme_ii.csv,,F001:-:65,CANONICAL,0,,,Record exists because another record referenced it.,1,5.56
NOTIF-00444,,S.O. 2019(E),,"Domestic Pressure Cooker QCO Amendment Order, 2020",,Amendment,2020-06-23,,Ministry of Commerce and Industry,DPIIT,Amendment to pressure-cooker QCO,,,,,,BIS Scheme-I,NOTIF-PC-002,1,F009,BIS_Notifications_Master.xlsx,BIS_Notifications_Master,F009:BIS_Notifications_Master:8,CANONICAL,0,,,,9,50.00
NOTIF-00445,,S.O. 2232(E),,"Safety of Household, Commercial and Similar Electrical Appliances QCO, 2025",,Amendment/new QCO,2025-05-19,,Ministry of Commerce and Industry,DPIIT,Modification/continuation of electrical-appliance framework,,,,,,BIS Scheme-I,NOTIF-EA-002,1,F009,BIS_Notifications_Master.xlsx,BIS_Notifications_Master,F009:BIS_Notifications_Master:23,CANONICAL,0,,,,9,50.00
NOTIF-00446,,S.O. 2290(E) dated 07/07/2020,,,,,,,,,,,,,,,,,1,F002,06_scheme_iv.csv,,F002:-:7,CANONICAL,0,,,Record exists because another record referenced it.,1,5.56
NOTIF-00447,,"S.O. 2290(E) dated 07/07/2020; Bicycles- Retro Reflective Devices (Quality Control) Order, 2021 (S.O. 2028(E) dated 25.05.2021); Bicycles- Retro Reflective Devices (Quality Control) Amendment Order, 2021 (S.O. 5400(E), dated 24/12/2021); Bicycles- Retro-Reflective Devices (Quality Control) Order, 2023 (S.O. 882(E), dated 23 February 2023); Corrigendum for Bicycles Retro-Reflective Devices (Quality Control) Amendment Order, 2023 (S.O. 1441(E), dated 27 March 2023)",,,,,,,,,,,,,,,,,1,F002,06_scheme_iv.csv,,F002:-:5,CANONICAL,0,,,Record exists because another record referenced it.,1,5.56
NOTIF-00448,,S.O. 2599(E),,"Footwear made from Leather and other Materials (Quality Control) Order, 2022",,Original QCO,2022-06-03,,Ministry of Commerce and Industry,DPIIT,Compulsory footwear certification,,,,,,BIS Scheme-I,NOTIF-FW-001,1,F009,BIS_Notifications_Master.xlsx,BIS_Notifications_Master,F009:BIS_Notifications_Master:24,CANONICAL,0,,,,9,50.00
NOTIF-00449,,"S.O. 2742(E), dated 17th August 2017; Superseded by Electronics and Information Technology Goods (Requirement of Compulsory Registration) Order, 2021; Essential Requirement(s) for CCTV as per Annexure S.O. 1652(E), dated 9th April 2024; Amendments S.O. 1246(E) dated 10 March, 2026",,,,,,,,,,,,,,,,,1,F001,05_scheme_ii.csv,,F001:-:33,CANONICAL,0,,,Record exists because another record referenced it.,1,5.56
NOTIF-00450,,S.O. 294(E),,"Domestic Pressure Cooker (Quality Control) Order, 2020",,Original QCO,2020-01-21,2020-08-01,Ministry of Commerce and Industry,DPIIT,Compulsory Standard Mark,,,,https://www.bis.gov.in/wp-content/uploads/2020/01/Pressure_cooker_QCO.pdf,,BIS Scheme-I,NOTIF-PC-001,1,F009,BIS_Notifications_Master.xlsx,BIS_Notifications_Master,F009:BIS_Notifications_Master:7,CANONICAL,0,,,,11,61.11
NOTIF-00451,,S.O. 3417(E),,"Transition Facilitation (Quality Control) Order, 2026",,Transition,2026-06-25,,Ministry of Commerce and Industry,DPIIT,Transition facilitation,,,,,,BIS Scheme-I,NOTIF-FURN-005 | NOTIF-TOY-005 | NOTIF-PPE-004,1,F009,BIS_Notifications_Master.xlsx,BIS_Notifications_Master,F009:BIS_Notifications_Master:6;F009:BIS_Notifications_Master:12;F009:BIS_Notifications_Master:32,MERGED,0,,,,9,50.00
NOTIF-00452,,"S.O. 3429(E) dated 1 October 2020; Superseded by Electronics and Information Technology Goods (Requirement of Compulsory Registration) Order, 2021; Amendments S.O. 1246(E) dated 10 March, 2026",,,,,,,,,,,,,,,,,1,F001,05_scheme_ii.csv,,F001:-:58,CANONICAL,0,,,Record exists because another record referenced it.,1,5.56
NOTIF-00453,,S.O. 3700(E),,"Footwear made from Leather and other Materials QCO Amendment Order, 2024",,Amendment,2024-08-30,,Ministry of Commerce and Industry,DPIIT,Footwear QCO amendment,,,,https://www.bis.gov.in/wp-content/uploads/2024/09/Footwear-made-from-Leather-and-other-Materials-QCO.pdf,,BIS Scheme-I,NOTIF-FW-004,1,F009,BIS_Notifications_Master.xlsx,BIS_Notifications_Master,F009:BIS_Notifications_Master:27,CANONICAL,0,,,,10,55.56
NOTIF-00454,,S.O. 3775(E),,"Footwear made from Leather and other Materials QCO Amendment Order, 2022",,Amendment,2022-08-11,,Ministry of Commerce and Industry,DPIIT,Footwear QCO amendment,,,,,,BIS Scheme-I,NOTIF-FW-002,1,F009,BIS_Notifications_Master.xlsx,BIS_Notifications_Master,F009:BIS_Notifications_Master:25,CANONICAL,0,,,,9,50.00
NOTIF-00455,,S.O. 3857(E),,"Personal Protective Equipment – Footwear (Quality Control) Order, 2020",,Original QCO,2020-10-27,,Ministry of Commerce and Industry,DPIIT,Mandatory PPE footwear certification,,,,,,BIS Scheme-I,NOTIF-PPE-001,1,F009,BIS_Notifications_Master.xlsx,BIS_Notifications_Master,F009:BIS_Notifications_Master:30,CANONICAL,0,,,,9,50.00
NOTIF-00456,,S.O. 4098(E),,"Safety of Household, Commercial and Similar Electrical Appliances QCO, 2024",,Original QCO,2024-09-17,,Ministry of Commerce and Industry,DPIIT,Electrical-appliance certification,,,,https://www.bis.gov.in/wp-content/uploads/2024/09/Safety-of-Household-Commercial-and-Similar-Electrical-Appliances-QCO-2024.pdf,,BIS Scheme-I,NOTIF-EA-001,1,F009,BIS_Notifications_Master.xlsx,BIS_Notifications_Master,F009:BIS_Notifications_Master:22,CANONICAL,0,,,,10,55.56
NOTIF-00457,,S.O. 4144(E),,"Flat Transparent Sheet Glass (Quality Control) Order, 2021",,Superseding QCO,2021-10-07,2022-04-01,Ministry of Commerce and Industry,DPIIT,New QCO superseding 2020 order,,,,https://www.bis.gov.in/wp-content/uploads/2021/10/Flat-Transparent-Sheet-Glass-Quality-Control-Order-2021.pdf,,BIS Scheme-I,NOTIF-GLASS-003,1,F009,BIS_Notifications_Master.xlsx,BIS_Notifications_Master,F009:BIS_Notifications_Master:14,CANONICAL,0,,,,11,61.11
NOTIF-00458,,S.O. 4277(E),,"Toys (Quality Control) Amendment Order, 2024",,Amendment,2024-10-01,,Ministry of Commerce and Industry,DPIIT,Latest toy-QCO amendment,,,,,,BIS Scheme-I,NOTIF-TOY-004,1,F009,BIS_Notifications_Master.xlsx,BIS_Notifications_Master,F009:BIS_Notifications_Master:11,CANONICAL,0,,,,9,50.00
NOTIF-00459,,S.O. 4377(E),,"Personal Protective Equipment – Footwear QCO Amendment Order, 2020",,Amendment,2020-12-04,,Ministry of Commerce and Industry,DPIIT,PPE footwear QCO amendment,,,,,,BIS Scheme-I,NOTIF-PPE-002,1,F009,BIS_Notifications_Master.xlsx,BIS_Notifications_Master,F009:BIS_Notifications_Master:31,CANONICAL,0,,,,9,50.00
NOTIF-00460,,S.O. 478(E),,"Rubber Hose for LPG (Quality Control) Order, 2020",,Original QCO,2020-01-28,2020-08-01,Ministry of Commerce and Industry,DPIIT,Mandatory LPG hose certification,,,,https://www.bis.gov.in/wp-content/uploads/2020/02/Rubber_Hose_LPG_QCO.pdf,,BIS Scheme-I,NOTIF-LPG-001,1,F009,BIS_Notifications_Master.xlsx,BIS_Notifications_Master,F009:BIS_Notifications_Master:18,CANONICAL,0,,,,11,61.11
NOTIF-00461,,S.O. 501(E),,"Flashlight (Quality Control) Order, 2025",,Original QCO,2025-01-21,,Ministry of Commerce and Industry,DPIIT,Compulsory flashlight certification,,,,https://bis.gov.in/wp-content/uploads/2025/01/Flashlight-Quality-Control-Order-2025.pdf,,BIS Scheme-I,NOTIF-FL-001,1,F009,BIS_Notifications_Master.xlsx,BIS_Notifications_Master,F009:BIS_Notifications_Master:21,CANONICAL,0,,,,10,55.56
NOTIF-00462,,S.O. 620(E),,Safety Glass QCO amendment,,Amendment,2022-02-10,,Ministry of Commerce and Industry,DPIIT,Implementation/QCO modification,,,,,,BIS Scheme-I,NOTIF-SG-004,1,F009,BIS_Notifications_Master.xlsx,BIS_Notifications_Master,F009:BIS_Notifications_Master:16,CANONICAL,0,,,,9,50.00
NOTIF-00463,,S.O. 687(E),,"Aluminium Foil (Quality Control) Order, 2020",,Original QCO,2020-02-13,2020-08-17,Ministry of Commerce and Industry,DPIIT,Mandatory aluminium foil certification,,,,https://www.bis.gov.in/wp-content/uploads/2020/02/Aluminium_foil_QCO.pdf,,BIS Scheme-I,NOTIF-AL-001,1,F009,BIS_Notifications_Master.xlsx,BIS_Notifications_Master,F009:BIS_Notifications_Master:19,CANONICAL,0,,,,11,61.11
NOTIF-00464,,S.O. 693(E),,"Stainless Steel Pipes and Tubes (Quality Control) Order, 2025",,Original QCO,2025-02-10,2025-08-01,Ministry of Commerce and Industry,DPIIT,Mandatory Standard Mark,,,,https://www.bis.gov.in/wp-content/uploads/2025/02/Stainless-Steel-Pipes-and-Tubes-QCO-2025.pdf,,BIS Scheme-I,NOTIF-SS-001,1,F009,BIS_Notifications_Master.xlsx,BIS_Notifications_Master,F009:BIS_Notifications_Master:20,CANONICAL,0,,,,11,61.11
NOTIF-00465,,S.O. 738(E),,"Flat Transparent Sheet Glass (Quality Control) Order, 2020",,Original QCO,2020-02-14,,Ministry of Commerce and Industry,DPIIT,Mandatory certification,,,,,,BIS Scheme-I,NOTIF-GLASS-001,1,F009,BIS_Notifications_Master.xlsx,BIS_Notifications_Master,F009:BIS_Notifications_Master:13,CANONICAL,0,,,,9,50.00
NOTIF-00466,,S.O. 774(E),,Furniture QCO amendment,,Amendment,2026-02-13,,Ministry of Commerce and Industry,DPIIT,Modification of Furniture QCO provisions,,,,,,BIS Scheme-I,NOTIF-FURN-002,1,F009,BIS_Notifications_Master.xlsx,BIS_Notifications_Master,F009:BIS_Notifications_Master:3,CANONICAL,0,,,,9,50.00
NOTIF-00467,,S.O. 775(E),,Order for Goods & Articles Exemption against Import,,Exemption,2026-02-13,,Ministry of Commerce and Industry,DPIIT,Import exemption,,,,,,BIS Scheme-I,NOTIF-FW-005,1,F009,BIS_Notifications_Master.xlsx,BIS_Notifications_Master,F009:BIS_Notifications_Master:28,CANONICAL,0,,,,9,50.00
NOTIF-00468,,S.O. 776(E),,Order for Goods & Articles Exemption against Purchase,,Exemption,2026-02-13,,Ministry of Commerce and Industry,DPIIT,Purchase exemption,,,,,,BIS Scheme-I,NOTIF-FW-006,1,F009,BIS_Notifications_Master.xlsx,BIS_Notifications_Master,F009:BIS_Notifications_Master:29,CANONICAL,0,,,,9,50.00
NOTIF-00469,,S.O. 777(E),,Furniture QCO amendment,,Amendment,2026-02-13,,Ministry of Commerce and Industry,DPIIT,Modification of implementation provisions,,,,,,BIS Scheme-I,NOTIF-FURN-003,1,F009,BIS_Notifications_Master.xlsx,BIS_Notifications_Master,F009:BIS_Notifications_Master:4,CANONICAL,0,,,,9,50.00
NOTIF-00470,,S.O. 801(E),,"Furniture (Quality Control) Order, 2025",,Original QCO,2025-02-13,,Ministry of Commerce and Industry,DPIIT,Mandatory Standard Mark for furniture,,,,https://bis.gov.in/wp-content/uploads/2025/02/Furniture-QCO-17-02-2025.pdf,,BIS Scheme-I,NOTIF-FURN-001,1,F009,BIS_Notifications_Master.xlsx,BIS_Notifications_Master,F009:BIS_Notifications_Master:2,CANONICAL,0,,,,10,55.56
NOTIF-00471,,S.O. 853(E),,"Toys (Quality Control) Order, 2020",,Original QCO,2020-02-25,2020-09-01,Ministry of Commerce and Industry,DPIIT,Mandatory certification of toys,,,,https://www.bis.gov.in/wp-content/uploads/2020/03/Toy_QC_order.pdf,,BIS Scheme-I,NOTIF-TOY-001,1,F009,BIS_Notifications_Master.xlsx,BIS_Notifications_Master,F009:BIS_Notifications_Master:10,CANONICAL,0,,,,11,61.11
NOTIF-00472,,"S.O. lar Photovoltaics, Systems, Devices and Components Goods (Requirements for Compulsory Registration) Order, 2017 S.O. 2920(E) dated 30 August 2017; S.O. 1602(E) dated 16 April 2018; S.O. No. 2183(E) dated 30 May 2018; S.O. No. 5259(E) dated 12 October 2018; S.O. 444(E), dated 24 January 2023; S.O. 492(E) dated 27 January 2025; S.O. lar System, Devices and Components Goods Order, 2025 for SPV Inverters of the capacity more than 200 KW S.O. 3597(E) dated 05 August, 2025",,,,,,,,,,,,,,,,,1,F001,05_scheme_ii.csv,,F001:-:67;F001:-:68;F001:-:69,CANONICAL,0,,,Record exists because another record referenced it.,1,5.56
NOTIF-00473,,"S.O. No. Nil dated 24th Oct 2016; dated of Implementation 1st July 2017; Superseded by Electronics and Information Technology Goods (Requirement of Compulsory Registration) Order, 2021; Amendments S.O. 1246(E) dated 10 March, 2026",,,,,,,,,,,,,,,,,1,F001,05_scheme_ii.csv,,F001:-:32,CANONICAL,0,,,Record exists because another record referenced it.,1,5.56
NOTIF-00474,,"Trimethyl Phosphite (Quality Control) Order, 2022 (S.O. 1637(E), dated 05.04.2022)",,,,,,,,,,,,,,,,,1,F001,05_scheme_ii.csv,,F001:-:78,CANONICAL,0,,,Record exists because another record referenced it.,1,5.56
NOTIF-00475,,,,अग्नि प्रतिरोधी स्टील — विनिर्देश,,,,,,,,,,,,,,,1,F034,bis_gazette_notification.csv,,F034:-:119;F034:-:1018,MERGED,0,,,,1,5.56
NOTIF-00476,,,,अग्निरोधक प्लाइवुड,,,,,,,,,,,,,,,1,F034,bis_gazette_notification.csv,,F034:-:548;F034:-:1447,MERGED,0,,,,1,5.56
NOTIF-00477,,,,अग्निशमन कर्मियों हेतु सुरक्षात्मक दस्ताने,,,,,,,,,,,,,,,1,F034,bis_gazette_notification.csv,,F034:-:458;F034:-:1357,MERGED,0,,,,1,5.56
NOTIF-00478,,,,अग्निशमन कर्मियों हेतु सुरक्षात्मक परिधान,,,,,,,,,,,,,,,1,F034,bis_gazette_notification.csv,,F034:-:457;F034:-:1356,MERGED,0,,,,1,5.56
NOTIF-00479,,,,अपशिष्ट जल एवं रासायनिक प्रतिरोधी लाइनिंग हेतु सुदृढ़ीकृत HDPE मेम्ब्रेन,,,,,,,,,,,,,,,1,F034,bis_gazette_notification.csv,,F034:-:451;F034:-:1350,MERGED,0,,,,1,5.56
NOTIF-00480,,,,अपहोल्स्ट्री स्प्रिंग हेतु हार्ड ड्रॉन स्टील वायर,,,,,,,,,,,,,,,1,F034,bis_gazette_notification.csv,,F034:-:191;F034:-:1090,MERGED,0,,,,1,5.56
NOTIF-00481,,,,अम्ल तेल,"अम्ल तेल (गुणवत्ता नियंत्रण) आदेश, 2022 (एस.ओ. 1961(ई), दिनांक 27/04/2022) अम्ल तेल (गुणवत्ता नियंत्रण) संशोधन आदेश, 2022 (विभिन्न रसायनों हेतु संशोधन आदेश, दिनांक 21 अक्टूबर 2022) अम्ल तेल (गुणवत्ता नियंत्रण) संशोधन आदेश, 2023 (एस.ओ. 1865(ई), दिनांक 24/04/2023) अम्ल तेल (गुणवत्ता नियंत्रण) संशोधन आदेश, 2023 (एस.ओ. 4609(ई), दिनांक 19 अक्टूबर 2023) अम्ल तेल (गुणवत्ता नियंत्रण) संशोधन आदेश, 2024 एस.ओ. 1137(ई), दिनांक 07 मार्च 2024 अम्ल तेल (गुणवत्ता नियंत्रण) द्वितीय संशोधन आदेश, 2024 एस.ओ. 4612(ई), दिनांक 22 अक्टूबर 2024 अम्ल तेल (गुणवत्ता नियंत्रण) संशोधन आदेश, 2025 एस.ओ. 1871(ई), दिनांक 25 अप्रैल 2025 अम्ल तेल (गुणवत्ता नियंत्रण) आदेश, 2022 को निरस्त किया गया एस.ओ. 4781(ई), दिनांक 22 अक्टूबर 2025",,,,,,,,,,,,,,1,F034,bis_gazette_notification.csv,,F034:-:298;F034:-:1197,MERGED,0,,,,2,11.11
NOTIF-00482,,,,"अवक्षिप्त बेरियम कार्बोनेट, तकनीकी","30. अवक्षिप्त बेरियम कार्बोनेट (गुणवत्ता नियंत्रण) आदेश, 2020 (एस.ओ. 1901(ई), दिनांक 16/06/2020)",,,,,,,,,,,,,,1,F034,bis_gazette_notification.csv,,F034:-:262;F034:-:1161,MERGED,0,,,,2,11.11
NOTIF-00483,,,,अवशिष्ट धारा संचालित सर्किट ब्रेकर (घरेलू एवं समान उपयोग हेतु) – भाग 1 : बिना अंतर्निहित ओवरकरंट सुरक्षा वाले सर्किट ब्रेकर (RCCB),"2. विद्युत तार, केबल, उपकरण एवं सुरक्षा यंत्र और सहायक उपकरण (गुणवत्ता नियंत्रण) आदेश, 2003 एस.ओ. 189(E) दिनांक 17 फरवरी 2003 अनुवर्ती संशोधन : एस.ओ. 165(E) दिनांक 5 फरवरी 2004, एस.ओ. 1172(E) दिनांक 22 अगस्त 2005, एस.ओ. 512(E) दिनांक 19 फरवरी 2009, एस.ओ. 2058(E) दिनांक 7 अगस्त 2009 एवं एस.ओ. 2604(E) दिनांक 19 अक्टूबर 2010",,,,,,,,,,,,,,1,F034,bis_gazette_notification.csv,,F034:-:19;F034:-:918,MERGED,0,,,,2,11.11
NOTIF-00484,,,,अवशिष्ट धारा संचालित सर्किट ब्रेकर – भाग 2 : अंतर्निहित ओवरकरंट सुरक्षा सहित सर्किट ब्रेकर (RCVO),,,,,,,,,,,,,,,1,F034,bis_gazette_notification.csv,,F034:-:20;F034:-:919,MERGED,0,,,,1,5.56
NOTIF-00485,,,,आंतरिक दहन इंजनों के वाल्वों हेतु स्टील — विनिर्देश,,,,,,,,,,,,,,,1,F034,bis_gazette_notification.csv,,F034:-:138;F034:-:1037,MERGED,0,,,,1,5.56
NOTIF-00486,,,,"आउटडोर प्रकार के ऑयल में डुबोए गए वितरण ट्रांसफार्मर, 2500 kVA तक और शामिल, 33 KV – विनिर्देश भाग 1, मिनरल ऑयल में डुबोए गए","14. विद्युत ट्रांसफार्मर (गुणवत्ता नियंत्रण) आदेश, 2015 S.O. 1221 (E) दिनांक 07-05-2015",,,,,,,,,,,,,,1,F034,bis_gazette_notification.csv,,F034:-:234;F034:-:1133,MERGED,0,,,,2,11.11
NOTIF-00487,,,,आर्मेचर एवं रोटर बैंडिंग हेतु टिनयुक्त स्टील वायर – भाग III (नॉन-मैग्नेटिक),,,,,,,,,,,,,,,1,F034,bis_gazette_notification.csv,,F034:-:195;F034:-:1094,MERGED,0,,,,1,5.56
NOTIF-00488,,,,आर्मेचर एवं रोटर बैंडिंग हेतु स्टील वायर – भाग II (मैग्नेटिक बैंडिंग वायर),,,,,,,,,,,,,,,1,F034,bis_gazette_notification.csv,,F034:-:194;F034:-:1093,MERGED,0,,,,1,5.56
NOTIF-00489,,,,इंजीनियरिंग अनुप्रयोगों हेतु ब्राइट बार एवं मशीनी भागों के निर्माण के लिए हॉट रोल्ड छड़ें,,,,,,,,,,,,,,,1,F034,bis_gazette_notification.csv,,F034:-:102;F034:-:1001,MERGED,0,,,,1,5.56
NOTIF-00490,,,,इन्सुलेटिंग मटेरियल के लाइव वर्किंग ग्लव्स,,,,,,,,,,,,,,,1,F034,bis_gazette_notification.csv,,F034:-:693;F034:-:1592,MERGED,0,,,,1,5.56
NOTIF-00491,,,,"इलास्टोमर इंसुलेटेड केबलों का विनिर्देशन – भाग 2, 3.3 केवी से 33 केवी तक एवं सहित कार्य वोल्टेज हेतु",,,,,,,,,,,,,,,1,F034,bis_gazette_notification.csv,,F034:-:330;F034:-:1229,MERGED,0,,,,1,5.56
NOTIF-00492,,,,इलास्टोमर इन्सुलेटेड केबल (भाग 1): 1100 वोल्ट तक एवं सम्मिलित कार्य वोल्टेज हेतु,,,,,,,,,,,,,,,1,F034,bis_gazette_notification.csv,,F034:-:33;F034:-:932,MERGED,0,,,,1,5.56
NOTIF-00493,,,,इलेक्ट्रोगैल्वनाइज्ड हॉट रोल्ड और कोल्ड रिड्यूस्ड कार्बन स्टील शीट्स और स्ट्रिप्स,,,,,,,,,,,,,,,1,F034,bis_gazette_notification.csv,,F034:-:220;F034:-:1119,MERGED,0,,,,1,5.56
NOTIF-00494,,,,इस्पात चेकरड प्लेटें,,,,,,,,,,,,,,,1,F034,bis_gazette_notification.csv,,F034:-:98;F034:-:997,MERGED,0,,,,1,5.56
NOTIF-00495,,,,इस्पात पाइप फ्लैंज,,,,,,,,,,,,,,,1,F034,bis_gazette_notification.csv,,F034:-:560;F034:-:1459,MERGED,0,,,,1,5.56
NOTIF-00496,,,,ईथर,"33. ईथर (गुणवत्ता नियंत्रण) आदेश, 2020 (एस.ओ. 2183(ई) दिनांक 29/06/2020) ईथर (गुणवत्ता नियंत्रण) संशोधन आदेश, 2021",,,,,,,,,,,,,,1,F034,bis_gazette_notification.csv,,F034:-:267;F034:-:1166,MERGED,0,,,,2,11.11
NOTIF-00497,,,,उच्च एल्युमिना अपवर्तक सीमेंट,,,,,,,,,,,,,,,1,F034,bis_gazette_notification.csv,,F034:-:17;F034:-:916,MERGED,0,,,,1,5.56
NOTIF-00498,,,,उच्च कार्बन स्टील वायर रॉड — विनिर्देश,,,,,,,,,,,,,,,1,F034,bis_gazette_notification.csv,,F034:-:107;F034:-:1006,MERGED,0,,,,1,5.56
NOTIF-00499,,,,"उच्च कार्बन स्टील वायर रॉड्स के उत्पादन हेतु स्टील कास्ट बिलेट इनगट, बिलेट एवं ब्लूम — विनिर्देश",,,,,,,,,,,,,,,1,F034,bis_gazette_notification.csv,,F034:-:160;F034:-:1059,MERGED,0,,,,1,5.56
NOTIF-00500,,,,उच्च तापमान बोल्टिंग अनुप्रयोगों हेतु स्टील — विनिर्देश,,,,,,,,,,,,,,,1,F034,bis_gazette_notification.csv,,F034:-:165;F034:-:1064,MERGED,0,,,,1,5.56
NOTIF-00501,,,,उच्च दृश्यता चेतावनी वस्त्र,,,,,,,,,,,,,,,1,F034,bis_gazette_notification.csv,,F034:-:461;F034:-:1360,MERGED,0,,,,1,5.56
NOTIF-00502,,,,उच्च शक्ति संरचनात्मक नट,,,,,,,,,,,,,,,1,F034,bis_gazette_notification.csv,,F034:-:506;F034:-:1405,MERGED,0,,,,1,5.56
NOTIF-00503,,,,उच्च शक्ति संरचनात्मक बोल्ट,,,,,,,,,,,,,,,1,F034,bis_gazette_notification.csv,,F034:-:497;F034:-:1396,MERGED,0,,,,1,5.56
NOTIF-00504,,,,"उत्पाद श्रेणी A एवं B के षट्भुज सिर वाले बोल्ट, स्क्रू एवं नट – षट्भुज सिर वाले बोल्ट (आकार सीमा M 1.6 से M 64)",,,,,,,,,,,,,,,1,F034,bis_gazette_notification.csv,,F034:-:491;F034:-:1390,MERGED,0,,,,1,5.56
NOTIF-00505,,,,"उत्पाद श्रेणी A एवं B के षट्भुज सिर वाले बोल्ट, स्क्रू एवं नट – षट्भुज सिर वाले स्क्रू (आकार सीमा M 1.6 से M 64)",,,,,,,,,,,,,,,1,F034,bis_gazette_notification.csv,,F034:-:492;F034:-:1391,MERGED,0,,,,1,5.56
NOTIF-00506,,,,"उत्पाद श्रेणी C के षट्भुज सिर वाले बोल्ट, स्क्रू एवं नट – षट्भुज नट (आकार सीमा M5 से M64)",,,,,,,,,,,,,,,1,F034,bis_gazette_notification.csv,,F034:-:490;F034:-:1389,MERGED,0,,,,1,5.56
NOTIF-00507,,,,"उत्पाद श्रेणी C के षट्भुज सिर वाले बोल्ट, स्क्रू एवं नट – षट्भुज सिर वाले बोल्ट (आकार सीमा M5 से M64)","82. बोल्ट, नट और फास्टनर (गुणवत्ता नियंत्रण) आदेश, 2023 एस.ओ. 3267(ई), दिनांक 21 जुलाई 2023 बोल्ट, नट और फास्टनर (गुणवत्ता नियंत्रण) आदेश, 2024 एस.ओ. 2771(ई), दिनांक 12 जुलाई 2024",,,,,,,,,,,,,,1,F034,bis_gazette_notification.csv,,F034:-:488;F034:-:1387,MERGED,0,,,,2,11.11
NOTIF-00508,,,,उन्नत भूकंपीय प्रतिरोध वाले भवनों हेतु संरचनात्मक स्टील,,,,,,,,,,,,,,,1,F034,bis_gazette_notification.csv,,F034:-:122;F034:-:1021,MERGED,0,,,,1,5.56
NOTIF-00509,,,,ऊर्जा-कुशल इंडक्शन मोटर – तीन फेज़ स्क्विरल केज,"15. SO 178(E), दिनांक 18 जनवरी 2017 SO 3207(E), दिनांक 29 सितंबर 2017",,,,,,,,,,,,,,1,F034,bis_gazette_notification.csv,,F034:-:236;F034:-:1135,MERGED,0,,,,2,11.11
NOTIF-00510,,,,ऊष्मा-उपचारित मिश्रधातु एवं फ्री-कटिंग स्टील — बॉल एवं रोलर बेयरिंग स्टील,,,,,,,,,,,,,,,1,F034,bis_gazette_notification.csv,,F034:-:164;F034:-:1063,MERGED,0,,,,1,5.56
NOTIF-00511,,,,ऊष्मा के संपर्क में आने वाले औद्योगिक श्रमिकों हेतु सुरक्षात्मक परिधान,,,,,,,,,,,,,,,1,F034,bis_gazette_notification.csv,,F034:-:459;F034:-:1358,MERGED,0,,,,1,5.56
NOTIF-00512,,,,ऊष्मा प्रतिरोधी स्टील,,,,,,,,,,,,,,,1,F034,bis_gazette_notification.csv,,F034:-:177;F034:-:1076,MERGED,0,,,,1,5.56
NOTIF-00513,,,,ए-ट्विल जूट बैग,"71. जूट बैग (गुणवत्ता नियंत्रण) आदेश, 2022 (एस.ओ. 2601(ई), दिनांक 6 जून 2022)",,,,,,,,,,,,,,1,F034,bis_gazette_notification.csv,,F034:-:426;F034:-:1325,MERGED,0,,,,2,11.11
NOTIF-00514,,,,"ए.सी. पावर सिस्टम के लिए सेल्फ-हीलिंग प्रकार के पावर कॅपेसिटर, रेटेड वोल्टेज 650V तक",,,,,,,,,,,,,,,1,F034,bis_gazette_notification.csv,,F034:-:239;F034:-:1138,MERGED,0,,,,1,5.56
NOTIF-00515,,,,ए.सी. मोटर कॅपेसिटर,"16. SO 2434(E), दिनांक 01 अगस्त 2017 कार्यान्वयन की तारीख 01/02/2018",,,,,,,,,,,,,,1,F034,bis_gazette_notification.csv,,F034:-:238;F034:-:1137,MERGED,0,,,,2,11.11
NOTIF-00516,,,,"ए.सी. सिस्टम के लिए नॉन-सेल्फ-हीलिंग प्रकार के शंट पावर कॅपेसिटर, रेटेड वोल्टेज 1000V तक और शामिल, भाग-1 सामान्य प्रदर्शन, परीक्षण और रेटिंग, सुरक्षा आवश्यकताएँ, स्थापना और संचालन के लिए मार्गदर्शिका",,,,,,,,,,,,,,,1,F034,bis_gazette_notification.csv,,F034:-:240;F034:-:1139,MERGED,0,,,,1,5.56
NOTIF-00517,,,,"ए.सी. स्थैतिक ट्रांसफॉर्मर संचालित वाट-घंटा एवं वार-घंटा स्मार्ट मीटर, श्रेणी 0.2S, 0.5S और 1.0S",,,,,,,,,,,,,,,1,F034,bis_gazette_notification.csv,,F034:-:479;F034:-:1378,MERGED,0,,,,1,5.56
NOTIF-00518,,,,"ए.सी. स्थैतिक प्रत्यक्ष संयोजित वाट-घंटा स्मार्ट मीटर, श्रेणी 1 और 2","79. स्मार्ट मीटर (गुणवत्ता नियंत्रण) आदेश, 2023 एस.ओ. 3154(ई), दिनांक 14 जुलाई 2023",,,,,,,,,,,,,,1,F034,bis_gazette_notification.csv,,F034:-:478;F034:-:1377,MERGED,0,,,,2,11.11
NOTIF-00519,,,,एंटी-रायट जूते,,,,,,,,,,,,,,,1,F034,bis_gazette_notification.csv,,F034:-:400;F034:-:1299,MERGED,0,,,,1,5.56
NOTIF-00520,,,,एक्रिलोनाइट्राइल,"एक्रिलोनाइट्राइल (गुणवत्ता नियंत्रण) आदेश, 2020 (एस.ओ. सं. 3999(ई), दिनांक 04/11/2020) एक्रिलोनाइट्राइल (गुणवत्ता नियंत्रण) संशोधन आदेश, 2020 विभिन्न रासायनिक उत्पादों हेतु संशोधन आदेश एक्रिलोनाइट्राइल (गुणवत्ता नियंत्रण) आदेश, 2021 विभिन्न पेट्रोकेमिकल्स हेतु संशोधन आदेश, दिनांक 08/10/2021 एक्रिलोनाइट्राइल (गुणवत्ता नियंत्रण) आदेश, 2022 विभिन्न रसायनों हेतु संशोधन आदेश, दिनांक 05/04/2022 एक्रिलोनाइट्राइल (गुणवत्ता नियंत्रण) संशोधन आदेश, 2022 विभिन्न पेट्रोकेमिकल्स हेतु संशोधन आदेश, दिनांक 29 सितम्बर 2022 एक्रिलोनाइट्राइल (गुणवत्ता नियंत्रण) संशोधन आदेश, 2023 (एस.ओ. 1787(ई), दिनांक 18/04/2023) एक्रिलोनाइट्राइल (गुणवत्ता नियंत्रण) संशोधन आदेश, 2024 (एस.ओ. 1464(ई), दिनांक 18 मार्च 2024) एक्रिलोनाइट्राइल (गुणवत्ता नियंत्रण) द्वितीय संशोधन आदेश, 2024 एस.ओ. 4651(ई), दिनांक 24 अक्टूबर 2024 एक्रिलोनाइट्राइल (गुणवत्ता नियंत्रण) आदेश, 2022 को निरस्त करने का आदेश एस.ओ. 4862(ई), दिनांक 24 अक्टूबर 2025",,,,,,,,,,,,,,1,F034,bis_gazette_notification.csv,,F034:-:276;F034:-:1175,MERGED,0,,,,2,11.11
NOTIF-00521,,,,एक्रिलोनाइट्राइल ब्यूटाडीन स्टाइरीन (ABS),"एक्रिलोनाइट्राइल-ब्यूटाडीन स्टाइरीन (ABS) (गुणवत्ता नियंत्रण) आदेश, 2021 (एस.ओ. 3927 (ई), दिनांक 13.09.2021) एक्रिलोनाइट्राइल-ब्यूटाडीन स्टाइरीन (ABS) (गुणवत्ता नियंत्रण) संशोधन आदेश, 2022 विभिन्न पेट्रोकेमिकल्स हेतु संशोधन आदेश, दिनांक 07/01/2022 एक्रिलोनाइट्राइल-ब्यूटाडीन स्टाइरीन (ABS) (गुणवत्ता नियंत्रण) आदेश, 2022 (विभिन्न रसायनों हेतु संशोधन आदेश, दिनांक 10/03/2022) एक्रिलोनाइट्राइल-ब्यूटाडीन स्टाइरीन (ABS) (गुणवत्ता नियंत्रण) तृतीय संशोधन आदेश, 2022 (विभिन्न पेट्रोकेमिकल्स हेतु संशोधन आदेश, दिनांक 02 सितंबर 2022) एक्रिलोनाइट्राइल-ब्यूटाडीन स्टाइरीन (ABS) (गुणवत्ता नियंत्रण) संशोधन आदेश, 2023 (एस.ओ. 1121 (ई), दिनांक 09/03/2023) एक्रिलोनाइट्राइल-ब्यूटाडीन स्टाइरीन (ABS) (गुणवत्ता नियंत्रण) संशोधन आदेश, 2024 एस.ओ. 4988 (ई), दिनांक 20 नवंबर 2024 एक्रिलोनाइट्राइल ब्यूटाडीन स्टाइरीन (ABS) (गुणवत्ता नियंत्रण) आदेश, 2021 का निरस्तीकरण आदेश एस.ओ. 5137 (ई), दिनांक 12 नवंबर 2025",,,,,,,,,,,,,,1,F034,bis_gazette_notification.csv,,F034:-:290;F034:-:1189,MERGED,0,,,,2,11.11
NOTIF-00522,,,,एथाइल एक्रिलेट,,,,,,,,,,,,,,,1,F034,bis_gazette_notification.csv,,F034:-:272;F034:-:1171,MERGED,0,,,,1,5.56
NOTIF-00523,,,,एथिलीन ग्लाइकोल,"एथिलीन ग्लाइकोल (गुणवत्ता नियंत्रण) आदेश, 2020 (एस.ओ. 2184(ई) दिनांक 29/06/2020) शुद्धिपत्र दिनांक 21.07.2020 एथिलीन ग्लाइकोल (गुणवत्ता नियंत्रण) संशोधन आदेश, 2020 एथिलीन ग्लाइकोल (गुणवत्ता नियंत्रण) संशोधन आदेश, 2021 एथिलीन ग्लाइकोल (गुणवत्ता नियंत्रण) आदेश, 2021 विभिन्न रसायनों हेतु संशोधन आदेश, दिनांक 24/12/2021 एथिलीन ग्लाइकोल (गुणवत्ता नियंत्रण) संशोधन आदेश, 2022 विभिन्न रसायनों हेतु संशोधन आदेश, दिनांक 13 जून 2022 एथिलीन ग्लाइकोल (गुणवत्ता नियंत्रण) आदेश, 2022 (एस.ओ. 6109(ई), दिनांक 28/12/2022) एथिलीन ग्लाइकोल (गुणवत्ता नियंत्रण) संशोधन आदेश, 2023 (एस.ओ. 1407(ई), दिनांक 23 मार्च 2023) एथिलीन ग्लाइकोल (गुणवत्ता नियंत्रण) आदेश, 2021 को निरस्त करने का आदेश एस.ओ. 5130(ई), दिनांक 12 नवम्बर 2025",,,,,,,,,,,,,,1,F034,bis_gazette_notification.csv,,F034:-:268;F034:-:1167,MERGED,0,,,,2,11.11
NOTIF-00524,,,,एथिलीन डाइक्लोराइड,"एथिलीन डाइक्लोराइड (गुणवत्ता नियंत्रण) आदेश, 2021 (एस.ओ. 3928 (ई), दिनांक 13.09.2021) एथिलीन डाइक्लोराइड (गुणवत्ता नियंत्रण) आदेश, 2022 (विभिन्न रसायनों हेतु संशोधन आदेश, दिनांक 10/03/2022) एथिलीन डाइक्लोराइड (गुणवत्ता नियंत्रण) द्वितीय संशोधन आदेश, 2022 (विभिन्न पेट्रोकेमिकल्स हेतु संशोधन आदेश, दिनांक 02 सितंबर 2022) एथिलीन डाइक्लोराइड (गुणवत्ता नियंत्रण) संशोधन आदेश, 2023 (एस.ओ. 1124 (ई), दिनांक 09/03/2023) एथिलीन डाइक्लोराइड (गुणवत्ता नियंत्रण) संशोधन आदेश, 2024 एस.ओ. 1108 (ई), दिनांक 06 मार्च 2024 एथिलीन डाइक्लोराइड (गुणवत्ता नियंत्रण) द्वितीय संशोधन आदेश, 2024 एस.ओ. 3936 (ई), दिनांक 13 सितंबर 2024 एथिलीन डाइक्लोराइड (गुणवत्ता नियंत्रण) संशोधन आदेश, 2025 एस.ओ. 1126 (ई), दिनांक 11 मार्च 2025 एथिलीन डाइक्लोराइड (गुणवत्ता नियंत्रण) संशोधन आदेश, 2025 एस.ओ. 4177 (ई), दिनांक 16 सितंबर 2025 एथिलीन डाइक्लोराइड (गुणवत्ता नियंत्रण) आदेश, 2021 का निरस्तीकरण आदेश एस.ओ. 5531 (ई), दिनांक 01 दिसंबर 2025",,,,,,,,,,,,,,1,F034,bis_gazette_notification.csv,,F034:-:291;F034:-:1190,MERGED,0,,,,2,11.11
NOTIF-00525,,,,एथिलीन विनाइल एसीटेट (EVA) कोपॉलिमर,"एथिलीन विनाइल एसीटेट कोपॉलिमर (गुणवत्ता नियंत्रण) आदेश, 2021 (एस.ओ. 1620 (ई), दिनांक 15.04.2021) एथिलीन विनाइल एसीटेट कोपॉलिमर (गुणवत्ता नियंत्रण) संशोधन आदेश, 2021 (एस.ओ. 4181 (ई), दिनांक 08.10.2021) एथिलीन विनाइल एसीटेट कोपॉलिमर (गुणवत्ता नियंत्रण) आदेश, 2022 विभिन्न रसायनों हेतु संशोधन आदेश, दिनांक 05/04/2022 एथिलीन विनाइल एसीटेट कोपॉलिमर (गुणवत्ता नियंत्रण) संशोधन आदेश, 2022 विभिन्न पेट्रोकेमिकल्स हेतु संशोधन आदेश, दिनांक 29 सितंबर 2022 एथिलीन विनाइल एसीटेट कोपॉलिमर (गुणवत्ता नियंत्रण) संशोधन आदेश, 2023 (एस.ओ. 1556 (ई), दिनांक 31/03/2023) एथिलीन विनाइल एसीटेट कोपॉलिमर (गुणवत्ता नियंत्रण) संशोधन आदेश, 2023 (एस.ओ. 4234 (ई), दिनांक 26 सितंबर 2023) एथिलीन विनाइल एसीटेट कोपॉलिमर (गुणवत्ता नियंत्रण) संशोधन आदेश, 2024 (एस.ओ. 1463 (ई), दिनांक 18 मार्च 2024) एथिलीन विनाइल एसीटेट कोपॉलिमर (गुणवत्ता नियंत्रण) द्वितीय संशोधन आदेश, 2024 एस.ओ. 4286 (ई), दिनांक 01 अक्टूबर 2024 एथिलीन विनाइल एसीटेट कोपॉलिमर (गुणवत्ता नियंत्रण) संशोधन आदेश, 2025 एस.ओ. 4495 (ई), दिनांक 01 अक्टूबर 2025 एथिलीन विनाइल एसीटेट (EVA) कोपॉलिमर (गुणवत्ता नियंत्रण) आदेश, 2022 का निरस्तीकरण आदेश एस.ओ. 5140 (ई), दिनांक 12 नवंबर 2025",,,,,,,,,,,,,,1,F034,bis_gazette_notification.csv,,F034:-:286;F034:-:1185,MERGED,0,,,,2,11.11
NOTIF-00526,,,,एन-ब्यूटाइल एक्रिलेट,"32. एन-ब्यूटाइल एक्रिलेट (गुणवत्ता नियंत्रण) आदेश, 2020 (एस.ओ. 2182(ई), दिनांक 29/06/2020) विभिन्न रासायनिक उत्पादों के लिए संशोधन आदेश एन-ब्यूटाइल एक्रिलेट (गुणवत्ता नियंत्रण) संशोधन आदेश, 2021 एन-ब्यूटाइल एक्रिलेट (गुणवत्ता नियंत्रण) आदेश, 2021 विभिन्न रसायनों के लिए संशोधन आदेश, दिनांक 24/12/2021 एन-ब्यूटाइल एक्रिलेट (गुणवत्ता नियंत्रण) संशोधन आदेश, 2022 विभिन्न रसायनों के लिए संशोधन आदेश, दिनांक 13 जून 2022 एन-ब्यूटाइल एक्रिलेट (गुणवत्ता नियंत्रण) द्वितीय संशोधन आदेश, 2022 (एस.ओ. 5992(ई), दिनांक 21/12/2022) एन-ब्यूटाइल एक्रिलेट (गुणवत्ता नियंत्रण) संशोधन आदेश, 2023 (एस.ओ. 2729(ई), दिनांक 20/06/2023) दो पेट्रोकेमिकल्स के लिए संशोधन आदेश, दिनांक 20 जून 2023",,,,,,,,,,,,,,1,F034,bis_gazette_notification.csv,,F034:-:266;F034:-:1165,MERGED,0,,,,2,11.11
NOTIF-00527,,,,एनिलीन,"एनिलीन (गुणवत्ता नियंत्रण) आदेश, 2019 (एस.ओ. 2792 (ई), दिनांक 05/08/2019) एनिलीन (गुणवत्ता नियंत्रण) आदेश, 2019 की वापसी आदेश एस.ओ. 3380 (ई), दिनांक 23 जुलाई 2025",,,,,,,,,,,,,,1,F034,bis_gazette_notification.csv,,F034:-:249;F034:-:1148,MERGED,0,,,,2,11.11
NOTIF-00528,,,,एरियल बंच्ड केबल – 1100 वोल्ट तक एवं सहित कार्य वोल्टेज हेतु – विनिर्देशन,,,,,,,,,,,,,,,1,F034,bis_gazette_notification.csv,,F034:-:329;F034:-:1228,MERGED,0,,,,1,5.56
NOTIF-00529,,,,एलपीजी मिश्रणों के उपयोग हेतु निम्न दाब रेगुलेटर,,,,,,,,,,,,,,,1,F034,bis_gazette_notification.csv,,F034:-:70;F034:-:969,MERGED,0,,,,1,5.56
NOTIF-00530,,,,एलपीजी सिलेंडरों को छोड़कर संपीड़ित गैस सिलेंडरों हेतु वाल्व फिटिंग्स,,,,,,,,,,,,,,,1,F034,bis_gazette_notification.csv,,F034:-:61;F034:-:960,MERGED,0,,,,1,5.56
NOTIF-00531,,,,"एल्यूमिनियम इनगॉट, बिलेट्स एवं वायर बार्स (ईसी ग्रेड)",,,,,,,,,,,,,,,1,F034,bis_gazette_notification.csv,,F034:-:541;F034:-:1440,MERGED,0,,,,1,5.56
NOTIF-00532,,,,एल्यूमिनियम कंपोजिट पैनल,,,,,,,,,,,,,,,1,F034,bis_gazette_notification.csv,,F034:-:574;F034:-:1473,MERGED,0,,,,1,5.56
NOTIF-00533,,,,"एसी वाट-आवर मीटर, वर्ग 0.5, 1 एवं 2",,,,,,,,,,,,,,,1,F034,bis_gazette_notification.csv,,F034:-:21;F034:-:920,MERGED,0,,,,1,5.56
NOTIF-00534,,,,"एसी स्थैतिक ट्रांसफॉर्मर संचालित वाट-आवर एवं VAR-आवर मीटर, वर्ग 0.2S एवं 0.5S",,,,,,,,,,,,,,,1,F034,bis_gazette_notification.csv,,F034:-:23;F034:-:922,MERGED,0,,,,1,5.56
NOTIF-00535,,,,"एसी स्थैतिक वाट-आवर मीटर, वर्ग 1 एवं 2",,,,,,,,,,,,,,,1,F034,bis_gazette_notification.csv,,F034:-:22;F034:-:921,MERGED,0,,,,1,5.56
NOTIF-00536,,,,एसीटिक एसिड,"एसीटिक एसिड (गुणवत्ता नियंत्रण) आदेश, 2019 (एस.ओ. 2791 (ई), दिनांक 05/08/2019) एसीटिक एसिड (गुणवत्ता नियंत्रण) आदेश, 2019 में संशोधन (एस.ओ. 344 (ई), दिनांक 24 जनवरी 2020) एसीटिक एसिड (गुणवत्ता नियंत्रण) आदेश, 2019 में संशोधन (एस.ओ. 2179 (ई), दिनांक 01/07/2020) एसीटिक एसिड क्यूसीओ विस्तार आदेश एसीटिक एसिड संशोधन आदेश एसीटिक एसिड (गुणवत्ता नियंत्रण) आदेश, 2019 विभिन्न रसायनों हेतु संशोधन आदेश, दिनांक 31/01/2022 एसीटिक एसिड (गुणवत्ता नियंत्रण) आदेश, 2019 विभिन्न रसायनों हेतु संशोधन आदेश, दिनांक 27 जुलाई 2022 एसीटिक एसिड (गुणवत्ता नियंत्रण) आदेश, 2019 (एस.ओ. 530 (ई), दिनांक 02/02/2023) एसीटिक एसिड (गुणवत्ता नियंत्रण) आदेश, 2019 एस.ओ. 3136 (ई), दिनांक 05 अगस्त 2024 एसीटिक एसिड (गुणवत्ता नियंत्रण) आदेश, 2019 की वापसी आदेश एस.ओ. 3378 (ई), दिनांक 23 जुलाई 2025",,,,,,,,,,,,,,1,F034,bis_gazette_notification.csv,,F034:-:248;F034:-:1147,MERGED,0,,,,2,11.11
NOTIF-00537,,,,एसीटोन,"25. एसीटोन (गुणवत्ता नियंत्रण) आदेश, 2020 (एस.ओ. 1896(ई), दिनांक 16/06/2020) एसीटोन (गुणवत्ता नियंत्रण) आदेश में संशोधन एसीटोन (गुणवत्ता नियंत्रण) आदेश में संशोधन एसीटोन (गुणवत्ता नियंत्रण) आदेश, 2020 में संशोधन एसीटोन (गुणवत्ता नियंत्रण) आदेश, 2020 में संशोधन एसीटोन (गुणवत्ता नियंत्रण) आदेश, 2020 (विभिन्न रसायनों हेतु संशोधन आदेश, दिनांक 11/03/2022) एसीटोन (गुणवत्ता नियंत्रण) आदेश, 2020 (विभिन्न रसायनों हेतु संशोधन आदेश, दिनांक 11 अगस्त 2022) एसीटोन (गुणवत्ता नियंत्रण) आदेश, 2020 (एस.ओ. 537(ई), दिनांक 02/02/2023) एसीटोन (गुणवत्ता नियंत्रण) आदेश, 2020 (एस.ओ. 3299(ई), दिनांक 21 जुलाई 2023) (विभिन्न रसायनों हेतु संशोधन आदेश, दिनांक 21 जुलाई 2023)",,,,,,,,,,,,,,1,F034,bis_gazette_notification.csv,,F034:-:257;F034:-:1156,MERGED,0,,,,2,11.11
NOTIF-00538,,,,एस्बेस्टस सीमेंट केबल नालियां और ट्रॉफ़,,,,,,,,,,,,,,,1,F034,bis_gazette_notification.csv,,F034:-:720;F034:-:1619,MERGED,0,,,,1,5.56
NOTIF-00539,,,,एस्बेस्टस सीमेंट प्रेशर पाइप और जोड़,,,,,,,,,,,,,,,1,F034,bis_gazette_notification.csv,,F034:-:715;F034:-:1614,MERGED,0,,,,1,5.56
NOTIF-00540,,,,एस्बेस्टस सीमेंट प्रेशर पाइप (हल्का कार्य),,,,,,,,,,,,,,,1,F034,bis_gazette_notification.csv,,F034:-:721;F034:-:1620,MERGED,0,,,,1,5.56
NOTIF-00541,,,,एस्बेस्टस सीमेंट फ्लैट शीट्स,,,,,,,,,,,,,,,1,F034,bis_gazette_notification.csv,,F034:-:716;F034:-:1615,MERGED,0,,,,1,5.56
NOTIF-00542,,,,एस्बेस्टस सीमेंट बिल्डिंग बोर्ड्स,,,,,,,,,,,,,,,1,F034,bis_gazette_notification.csv,,F034:-:717;F034:-:1616,MERGED,0,,,,1,5.56
NOTIF-00543,,,,ऑटोमोटिव अनुप्रयोगों के लिए हॉट-डिप गैल्वनाइज्ड/गैल्वानेल्ड स्टील शीट्स और स्ट्रिप्स,,,,,,,,,,,,,,,1,F034,bis_gazette_notification.csv,,F034:-:223;F034:-:1122,MERGED,0,,,,1,5.56
NOTIF-00544,,,,"ऑटोमोटिव सस्पेंशन हेतु वोल्यूट, हेलिकल एवं लैमिनेटेड स्प्रिंग्स के निर्माण हेतु स्टील — विनिर्देश",,,,,,,,,,,,,,,1,F034,bis_gazette_notification.csv,,F034:-:148;F034:-:1047,MERGED,0,,,,1,5.56
NOTIF-00545,,,,ऑटोमोबाइल उपयोग हेतु द्रवीकृत पेट्रोलियम गैस (एलपीजी) कंटेनर,"7. विस्फोटक अधिनियम, 1884 गैस सिलेंडर नियम, 2016 जी.एस.आर. 1081(E), दिनांक 22-11-2016",,,,,,,,,,,,,,1,F034,bis_gazette_notification.csv,,F034:-:56;F034:-:955,MERGED,0,,,,2,11.11
NOTIF-00546,,,,ऑटोमोबाइल उपयोग हेतु स्थायी रूप से स्थापित एलपीजी कंटेनरों के लिए बहु-कार्यात्मक वाल्व असेंबली,,,,,,,,,,,,,,,1,F034,bis_gazette_notification.csv,,F034:-:57;F034:-:956,MERGED,0,,,,1,5.56
NOTIF-00547,,,,ऑयल वेल और ऑयल वेल ड्रिलिंग में प्रयुक्त वायर रोप्स,,,,,,,,,,,,,,,1,F034,bis_gazette_notification.csv,,F034:-:650;F034:-:1549,MERGED,0,,,,1,5.56
NOTIF-00548,,,,ऑल ग्लास एवैक्यूएटेड ट्यूब सोलर वॉटर हीटिंग सिस्टम,,,,,,,,,,,,,,,1,F034,bis_gazette_notification.csv,,F034:-:876;F034:-:1775,MERGED,0,,,,1,5.56
NOTIF-00549,,,,ओपन एंडेड स्लगिंग रिंच (स्पैनर्स),,,,,,,,,,,,,,,1,F034,bis_gazette_notification.csv,,F034:-:854;F034:-:1753,MERGED,0,,,,1,5.56
NOTIF-00550,,,,ओपन-जॉव रिंच (स्पैनर्स),,,,,,,,,,,,,,,1,F034,bis_gazette_notification.csv,,F034:-:857;F034:-:1756,MERGED,0,,,,1,5.56
NOTIF-00551,,,,ओपन वीव कॉयर भूवस्त्र,,,,,,,,,,,,,,,1,F034,bis_gazette_notification.csv,,F034:-:441;F034:-:1340,MERGED,0,,,,1,5.56
NOTIF-00552,,,,ओरिएंटेड विद्युत इस्पात शीट एवं स्ट्रिप – अर्ध-प्रसंस्कृत प्रकार,,,,,,,,,,,,,,,1,F034,bis_gazette_notification.csv,,F034:-:89;F034:-:988,MERGED,0,,,,1,5.56
NOTIF-00553,,,,औद्योगिक एवं सुरक्षात्मक रबर घुटना एवं टखना बूट,"संपूर्ण रबर एवं संपूर्ण पॉलिमेरिक सामग्री से बने पादत्राण तथा उनके घटक (गुणवत्ता नियंत्रण) आदेश, 2020 (एस.ओ. 3858(ई), दिनांक 27/10/2020) संपूर्ण रबर एवं संपूर्ण पॉलिमेरिक सामग्री से बने पादत्राण तथा उनके घटक (गुणवत्ता नियंत्रण) संशोधन आदेश, 2020 (एस.ओ. 4378(ई), दिनांक 04/12/2020) संपूर्ण रबर एवं संपूर्ण पॉलिमेरिक सामग्री से बने पादत्राण तथा उनके घटक (गुणवत्ता नियंत्रण) संशोधन आदेश, 2021 संपूर्ण रबर एवं संपूर्ण पॉलिमेरिक सामग्री से बने पादत्राण तथा उनके घटक (गुणवत्ता नियंत्रण) आदेश, 2020 को निरस्त करने संबंधी आदेश (एस.ओ. 2597(ई), दिनांक 3 जून 2022) 61. संपूर्ण रबर एवं संपूर्ण पॉलिमेरिक सामग्री से बने पादत्राण तथा उनके घटक (गुणवत्ता नियंत्रण) आदेश, 2022 (एस.ओ. 2600(ई), दिनांक 3 जून 2022) संपूर्ण रबर एवं संपूर्ण पॉलिमेरिक सामग्री से बने पादत्राण तथा उनके घटक (गुणवत्ता नियंत्रण) संशोधन आदेश, 2022 एस.ओ. 3880(ई), दिनांक 11 अगस्त 2022 संपूर्ण रबर एवं संपूर्ण पॉलिमेरिक सामग्री से बने पादत्राण तथा उनके घटक (गुणवत्ता नियंत्रण) संशोधन आदेश, 2023 एस.ओ. 3893(ई), दिनांक 1 सितंबर 2023 संपूर्ण रबर एवं संपूर्ण पॉलिमेरिक सामग्री से बने पादत्राण तथा उनके घटक (गुणवत्ता नियंत्रण) आदेश, 2024 एस.ओ. 1422(ई), दिनांक 15 मार्च 2024 संपूर्ण रबर एवं संपूर्ण पॉलिमेरिक सामग्री से बने पादत्राण तथा उनके घटक (गुणवत्ता नियंत्रण) संशोधन आदेश, 2024 एस.ओ. 3701(ई), दिनांक 30 अगस्त 2024",,,,,,,,,,,,,,1,F034,bis_gazette_notification.csv,,F034:-:376;F034:-:1275,MERGED,0,,,,2,11.11
NOTIF-00554,,,,औद्योगिक सुरक्षा हेलमेट,,,,,,,,,,,,,,,1,F034,bis_gazette_notification.csv,,F034:-:642;F034:-:1541,MERGED,0,,,,1,5.56
NOTIF-00555,,,,औषधीय पैकेजिंग हेतु एल्यूमिनियम एवं एल्यूमिनियम मिश्रधातु फॉयल,,,,,,,,,,,,,,,1,F034,bis_gazette_notification.csv,,F034:-:573;F034:-:1472,MERGED,0,,,,1,5.56
NOTIF-00556,,,,कंक्रीट शटरिंग कार्य हेतु प्लाइवुड – विनिर्देश,,,,,,,,,,,,,,,1,F034,bis_gazette_notification.csv,,F034:-:553;F034:-:1452,MERGED,0,,,,1,5.56
NOTIF-00557,,,,कंक्रीट सुदृढ़ीकरण हेतु उच्च शक्ति विकृत इस्पात छड़ें एवं तार,,,,,,,,,,,,,,,1,F034,bis_gazette_notification.csv,,F034:-:86;F034:-:985,MERGED,0,,,,1,5.56
NOTIF-00558,,,,कंक्रीट सुदृढ़ीकरण हेतु माइल्ड स्टील एवं मध्यम तन्य इस्पात छड़ें – भाग 1 : माइल्ड स्टील एवं मध्यम तन्य इस्पात छड़ें,,,,,,,,,,,,,,,1,F034,bis_gazette_notification.csv,,F034:-:91;F034:-:990,MERGED,0,,,,1,5.56
NOTIF-00559,,,,कंक्रीट सुदृढ़ीकरण हेतु माइल्ड स्टील एवं मध्यम तन्य इस्पात छड़ें – भाग 2 : हार्ड-ड्रॉन स्टील तार,,,,,,,,,,,,,,,1,F034,bis_gazette_notification.csv,,F034:-:92;F034:-:991,MERGED,0,,,,1,5.56
NOTIF-00560,,,,कंक्रीट सुदृढीकरण हेतु उच्च शक्ति विकृत स्टेनलेस स्टील बार एवं तार,,,,,,,,,,,,,,,1,F034,bis_gazette_notification.csv,,F034:-:559;F034:-:1458,MERGED,0,,,,1,5.56
NOTIF-00561,,,,कंक्रीट सुदृढीकरण हेतु संरचनात्मक स्टील बार पर हॉट-डिप जिंक कोटिंग — विनिर्देश,,,,,,,,,,,,,,,1,F034,bis_gazette_notification.csv,,F034:-:166;F034:-:1065,MERGED,0,,,,1,5.56
NOTIF-00562,,,,कंक्रीट सुदृढीकरण हेतु हार्ड-ड्रॉन स्टील वायर फैब्रिक — विनिर्देश,,,,,,,,,,,,,,,1,F034,bis_gazette_notification.csv,,F034:-:181;F034:-:1080,MERGED,0,,,,1,5.56
NOTIF-00563,,,,कंटिन्युअस (पियानो) हिंजेस,,,,,,,,,,,,,,,1,F034,bis_gazette_notification.csv,,F034:-:673;F034:-:1572,MERGED,0,,,,1,5.56
NOTIF-00564,,,,"कंटीन्यसली कास्ट ब्लूम्स, बिल्लेट्स और स्लैब्स से उत्पादित फोर्जिंग के लिए स्टॉक",,,,,,,,,,,,,,,1,F034,bis_gazette_notification.csv,,F034:-:218;F034:-:1117,MERGED,0,,,,1,5.56
NOTIF-00565,,,,कंडेंसर और हीट एक्सचेंजर्स के लिए ठोस खींची हुई तांबे और तांबे के मिश्र धातु की ट्यूबें,,,,,,,,,,,,,,,1,F034,bis_gazette_notification.csv,,F034:-:617;F034:-:1516,MERGED,0,,,,1,5.56
NOTIF-00566,,,,कम ताप पोर्टलैंड सीमेंट,,,,,,,,,,,,,,,1,F034,bis_gazette_notification.csv,,F034:-:3;F034:-:902,MERGED,0,,,,1,5.56
NOTIF-00567,,,,काँच की फीडिंग बोतलें,,,,,,,,,,,,,,,1,F034,bis_gazette_notification.csv,,F034:-:45;F034:-:944,MERGED,0,,,,1,5.56
NOTIF-00568,,,,कांच के बीकर,,,,,,,,,,,,,,,1,F034,bis_gazette_notification.csv,,F034:-:687;F034:-:1586,MERGED,0,,,,1,5.56
NOTIF-00569,,,,काउंटरसंक फ्लैट हेड स्क्रू (सामान्य हेड स्टाइल) विथ टाइप H या टाइप Z क्रॉस रेस्स - उत्पाद ग्रेड A भाग 1 स्टील स्क्रू प्रॉपर्टी क्लास 4.8,,,,,,,,,,,,,,,1,F034,bis_gazette_notification.csv,,F034:-:1654,CANONICAL,0,,,,1,5.56
NOTIF-00570,,,,"काउंटरसंक फ्लैट हेड स्क्रू (सामान्य हेड स्टाइल) विथ टाइप H या टाइप Z क्रॉस रेस्स - उत्पाद ग्रेड A भाग 2 स्टील स्क्रू प्रॉपर्टी क्लास 8.8, स्टेनलेस स्टील स्क्रू और नॉन-फेरस मेटल स्क्रू",,,,,,,,,,,,,,,1,F034,bis_gazette_notification.csv,,F034:-:1655,CANONICAL,0,,,,1,5.56
NOTIF-00571,,,,काउंटरसंक फ्लैट हेड स्क्रू (सामान्य हेड स्टाइल) विथ टाइप H या टाइप Z क्रॉस रेस्स – उत्पाद ग्रेड A भाग 1 स्टील स्क्रू प्रॉपर्टी क्लास 4.8,,,,,,,,,,,,,,,1,F034,bis_gazette_notification.csv,,F034:-:755,CANONICAL,0,,,,1,5.56
NOTIF-00572,,,,"काउंटरसंक फ्लैट हेड स्क्रू (सामान्य हेड स्टाइल) विथ टाइप H या टाइप Z क्रॉस रेस्स – उत्पाद ग्रेड A भाग 2 स्टील स्क्रू प्रॉपर्टी क्लास 8.8, स्टेनलेस स्टील स्क्रू और नॉन-फेरस मेटल स्क्रू",,,,,,,,,,,,,,,1,F034,bis_gazette_notification.csv,,F034:-:756,CANONICAL,0,,,,1,5.56
NOTIF-00573,,,,कार्बन एवं कार्बन मैंगनीज स्टील के मैनुअल मेटल आर्क वेल्डिंग के लिए कवर किए गए इलेक्ट्रोड,"78. वेल्डिंग रॉड और इलेक्ट्रोड (गुणवत्ता नियंत्रण) आदेश, 2023 एस.ओ. 3153(ई), दिनांक 14 जुलाई 2023",,,,,,,,,,,,,,1,F034,bis_gazette_notification.csv,,F034:-:475;F034:-:1374,MERGED,0,,,,2,11.11
NOTIF-00574,,,,कार्बन और कार्बन-मैंगनीज फ्री-कटिंग स्टील,,,,,,,,,,,,,,,1,F034,bis_gazette_notification.csv,,F034:-:208;F034:-:1107,MERGED,0,,,,1,5.56
NOTIF-00575,,,,कार्बन या कार्बन-मैंगनीज स्टील की गैस शील्डेड एवं सेल्फ-शील्डेड धातु वेल्डिंग के लिए फ्लक्स कोर्ड (ट्यूबलर) इलेक्ट्रोड,"68. फ्लक्स कोर्ड (ट्यूबलर) इलेक्ट्रोड (गुणवत्ता नियंत्रण) आदेश, 2021 (एस.ओ. संख्या 1203(ई), दिनांक 12/03/2021)",,,,,,,,,,,,,,1,F034,bis_gazette_notification.csv,,F034:-:420;F034:-:1319,MERGED,0,,,,2,11.11
NOTIF-00576,,,,कार्बन स्टील रेज़र ब्लेड्स हेतु कोल्ड रोल्ड स्टील स्ट्रिप — विनिर्देश,,,,,,,,,,,,,,,1,F034,bis_gazette_notification.csv,,F034:-:162;F034:-:1061,MERGED,0,,,,1,5.56
NOTIF-00577,,,,कास्ट आयरन मैनहोल कवर एवं फ्रेम,"88. कास्ट आयरन उत्पाद (गुणवत्ता नियंत्रण) आदेश, 2023 एस.ओ. 3806(ई), दिनांक 24 अगस्त 2023 कास्ट आयरन उत्पाद (गुणवत्ता नियंत्रण) आदेश, 2024 एस.ओ. 2287(ई), दिनांक 13 जून 2024",,,,,,,,,,,,,,1,F034,bis_gazette_notification.csv,,F034:-:527;F034:-:1426,MERGED,0,,,,2,11.11
NOTIF-00578,,,,कास्ट आयरन सिंगल फेस्ड थिम्बल माउंटेड स्लूइस गेट,,,,,,,,,,,,,,,1,F034,bis_gazette_notification.csv,,F034:-:530;F034:-:1429,MERGED,0,,,,1,5.56
NOTIF-00579,,,,कास्टिक सोडा – विनिर्देश,"17. भारतीय मानक ब्यूरो (कास्टिक सोडा) आदेश, 2018 (एस.ओ. संख्या 1468 (ई), दिनांक 3 अप्रैल 2018)",,,,,,,,,,,,,,1,F034,bis_gazette_notification.csv,,F034:-:245;F034:-:1144,MERGED,0,,,,2,11.11
NOTIF-00580,,,,कृषि और बागवानी अनुप्रयोगों के लिए पॉलीप्रोपाइलीन स्पन बॉन्डेड नॉन-वोवन फसल कवर और फल स्कर्टिंग बैग,"96. एग्रो टेक्सटाइल्स (गुणवत्ता नियंत्रण) आदेश, 2023 S.O. 4248(E), दिनांक 27 सितंबर 2023 एग्रो टेक्सटाइल्स (गुणवत्ता नियंत्रण) संशोधन आदेश, 2024 S.O. 1579(E), दिनांक 28 मार्च 2024",,,,,,,,,,,,,,1,F034,bis_gazette_notification.csv,,F034:-:592;F034:-:1491,MERGED,0,,,,2,11.11
NOTIF-00581,,,,कृषि और बागवानी अनुप्रयोगों के लिए प्रोपलीन स्पन बॉन्डेड नॉन-वोवन मल्च मैट,,,,,,,,,,,,,,,1,F034,bis_gazette_notification.csv,,F034:-:601;F034:-:1500,MERGED,0,,,,1,5.56
NOTIF-00582,,,,कृषि और बागवानी उद्देश्यों के लिए ओले से सुरक्षा जाल - बुना हुआ ओले सुरक्षा जाल,,,,,,,,,,,,,,,1,F034,bis_gazette_notification.csv,,F034:-:1509,CANONICAL,0,,,,1,5.56
NOTIF-00583,,,,कृषि और बागवानी उद्देश्यों के लिए ओले से सुरक्षा जाल - वार्प निटेड ओले सुरक्षा जाल,,,,,,,,,,,,,,,1,F034,bis_gazette_notification.csv,,F034:-:1508,CANONICAL,0,,,,1,5.56
NOTIF-00584,,,,कृषि और बागवानी उद्देश्यों के लिए ओले से सुरक्षा जाल – बुना हुआ ओले सुरक्षा जाल,,,,,,,,,,,,,,,1,F034,bis_gazette_notification.csv,,F034:-:610,CANONICAL,0,,,,1,5.56
NOTIF-00585,,,,कृषि और बागवानी उद्देश्यों के लिए ओले से सुरक्षा जाल – वार्प निटेड ओले सुरक्षा जाल,,,,,,,,,,,,,,,1,F034,bis_gazette_notification.csv,,F034:-:609,CANONICAL,0,,,,1,5.56
NOTIF-00586,,,,कृषि और बागवानी उद्देश्यों के लिए कीट जाल,,,,,,,,,,,,,,,1,F034,bis_gazette_notification.csv,,F034:-:593;F034:-:1492,MERGED,0,,,,1,5.56
NOTIF-00587,,,,कृषि और बागवानी उद्देश्यों के लिए पौधा समर्थन जाल,,,,,,,,,,,,,,,1,F034,bis_gazette_notification.csv,,F034:-:606;F034:-:1505,MERGED,0,,,,1,5.56
NOTIF-00588,,,,कृषि और बागवानी उद्देश्यों के लिए बाड़ जाल - एक्सट्रूडेड पॉलीमर जाल से बना,,,,,,,,,,,,,,,1,F034,bis_gazette_notification.csv,,F034:-:1503,CANONICAL,0,,,,1,5.56
NOTIF-00589,,,,कृषि और बागवानी उद्देश्यों के लिए बाड़ जाल - मोनोफिलामेंट यार्न और टेप के संयोजन से बना,,,,,,,,,,,,,,,1,F034,bis_gazette_notification.csv,,F034:-:1504,CANONICAL,0,,,,1,5.56
NOTIF-00590,,,,कृषि और बागवानी उद्देश्यों के लिए बाड़ जाल – एक्सट्रूडेड पॉलीमर जाल से बना,,,,,,,,,,,,,,,1,F034,bis_gazette_notification.csv,,F034:-:604,CANONICAL,0,,,,1,5.56
NOTIF-00591,,,,कृषि और बागवानी उद्देश्यों के लिए बाड़ जाल – मोनोफिलामेंट यार्न और टेप के संयोजन से बना,,,,,,,,,,,,,,,1,F034,bis_gazette_notification.csv,,F034:-:605,CANONICAL,0,,,,1,5.56
NOTIF-00592,,,,कृषि और बागवानी उद्देश्यों के लिए लचीला जल भंडारण टैंक,,,,,,,,,,,,,,,1,F034,bis_gazette_notification.csv,,F034:-:608;F034:-:1507,MERGED,0,,,,1,5.56
NOTIF-00593,,,,कृषि और बागवानी उद्देश्यों के लिए विंडशील्ड जाल,,,,,,,,,,,,,,,1,F034,bis_gazette_notification.csv,,F034:-:602;F034:-:1501,MERGED,0,,,,1,5.56
NOTIF-00594,,,,कृषि और बागवानी उद्देश्यों के लिए हार्वेस्ट जाल,,,,,,,,,,,,,,,1,F034,bis_gazette_notification.csv,,F034:-:603;F034:-:1502,MERGED,0,,,,1,5.56
NOTIF-00595,,,,"कृषि डिस्क बनाने के लिए हॉट रोल्ड स्टील प्लेट्स, शीट्स और स्ट्रिप्स",,,,,,,,,,,,,,,1,F034,bis_gazette_notification.csv,,F034:-:201;F034:-:1100,MERGED,0,,,,1,5.56
NOTIF-00596,,,,"केन्द्रापसारित ढलाई (स्पन) कास्ट आयरन स्पिगट एवं सॉकेट मृदा, अपशिष्ट, वेंटिलेटिंग तथा वर्षा जल पाइप, फिटिंग्स एवं सहायक उपकरण",,,,,,,,,,,,,,,1,F034,bis_gazette_notification.csv,,F034:-:417;F034:-:1316,MERGED,0,,,,1,5.56
NOTIF-00597,,,,"केबल आर्मरिंग हेतु निम्न कार्बन गैल्वेनाइज्ड स्टील वायर, फॉर्म्ड वायर एवं टेप",,,,,,,,,,,,,,,1,F034,bis_gazette_notification.csv,,F034:-:112;F034:-:1011,MERGED,0,,,,1,5.56
NOTIF-00598,,,,केस हार्डनिंग स्टील,,,,,,,,,,,,,,,1,F034,bis_gazette_notification.csv,,F034:-:209;F034:-:1108,MERGED,0,,,,1,5.56
NOTIF-00599,,,,कैबिनेट हिंजेस,,,,,,,,,,,,,,,1,F034,bis_gazette_notification.csv,,F034:-:676;F034:-:1575,MERGED,0,,,,1,5.56
NOTIF-00600,,,,कॉम्बिनेशन साइड कटिंग प्लायर्स,,,,,,,,,,,,,,,1,F034,bis_gazette_notification.csv,,F034:-:861;F034:-:1760,MERGED,0,,,,1,5.56
NOTIF-00601,,,,कोटर पिन के लिए माइल्ड स्टील वायर,,,,,,,,,,,,,,,1,F034,bis_gazette_notification.csv,,F034:-:203;F034:-:1102,MERGED,0,,,,1,5.56
NOTIF-00602,,,,कोल्ड-फोर्ज्ड रिवेट्स के निर्माण हेतु (20 मिमी तक) स्टील वायर — विनिर्देश,,,,,,,,,,,,,,,1,F034,bis_gazette_notification.csv,,F034:-:158;F034:-:1057,MERGED,0,,,,1,5.56
NOTIF-00603,,,,कोल्ड-रिड्यूस्ड इलेक्ट्रोलाइटिक क्रोमियम/क्रोमियम ऑक्साइड कोटेड स्टील,,,,,,,,,,,,,,,1,F034,bis_gazette_notification.csv,,F034:-:188;F034:-:1087,MERGED,0,,,,1,5.56
NOTIF-00604,,,,कोल्ड-रिड्यूस्ड इलेक्ट्रोलाइटिक टिन प्लेट,,,,,,,,,,,,,,,1,F034,bis_gazette_notification.csv,,F034:-:187;F034:-:1086,MERGED,0,,,,1,5.56
NOTIF-00605,,,,कोल्ड रिड्यूस्ड कार्बन स्टील शीट एवं स्ट्रिप – भाग 1 : कोल्ड फॉर्मिंग एवं ड्राइंग प्रयोजन हेतु,,,,,,,,,,,,,,,1,F034,bis_gazette_notification.csv,,F034:-:93;F034:-:992,MERGED,0,,,,1,5.56
NOTIF-00606,,,,कोल्ड रिड्यूस्ड कार्बन स्टील शीट एवं स्ट्रिप – भाग 2 : उच्च तन्य एवं बहु-चरणीय इस्पात,,,,,,,,,,,,,,,1,F034,bis_gazette_notification.csv,,F034:-:94;F034:-:993,MERGED,0,,,,1,5.56
NOTIF-00607,,,,कोल्ड-रिड्यूस्ड टिनप्लेट एवं कोल्ड-रिड्यूस्ड ब्लैक प्लेट हेतु कॉइल रूप में हॉट रोल्ड माइल्ड स्टील शीट एवं स्ट्रिप का विनिर्देश,,,,,,,,,,,,,,,1,F034,bis_gazette_notification.csv,,F034:-:132;F034:-:1031,MERGED,0,,,,1,5.56
NOTIF-00608,,,,कोल्ड-रिड्यूस्ड टिनमिल प्रोडक्ट्स – ब्लैकप्लेट,,,,,,,,,,,,,,,1,F034,bis_gazette_notification.csv,,F034:-:215;F034:-:1114,MERGED,0,,,,1,5.56
NOTIF-00609,,,,कोल्ड रोलिंग प्रयोजनों हेतु हॉट रोल्ड कार्बन स्टील स्ट्रिप — विनिर्देश,,,,,,,,,,,,,,,1,F034,bis_gazette_notification.csv,,F034:-:105;F034:-:1004,MERGED,0,,,,1,5.56
NOTIF-00610,,,,कोल्ड रोल्ड इस्पात स्ट्रिप (बॉक्स स्ट्रैपिंग),,,,,,,,,,,,,,,1,F034,bis_gazette_notification.csv,,F034:-:99;F034:-:998,MERGED,0,,,,1,5.56
NOTIF-00611,,,,कोल्ड रोल्ड नॉन-ओरिएंटेड विद्युत इस्पात शीट एवं स्ट्रिप – पूर्णतः प्रसंस्कृत प्रकार (CRNO),,,,,,,,,,,,,,,1,F034,bis_gazette_notification.csv,,F034:-:87;F034:-:986,MERGED,0,,,,1,5.56
NOTIF-00612,,,,कोल्ड हेडिंग/कोल्ड एक्सट्रूज़न अनुप्रयोगों हेतु स्टील — विनिर्देश — भाग 2 : स्टेनलेस स्टील,,,,,,,,,,,,,,,1,F034,bis_gazette_notification.csv,,F034:-:175;F034:-:1074,MERGED,0,,,,1,5.56
NOTIF-00613,,,,कोल्ड हेडिंग/कोल्ड एक्सट्रूज़न हेतु स्टील भाग-1: व्रॉट कार्बन एवं निम्न मिश्र धातु स्टील,,,,,,,,,,,,,,,1,F034,bis_gazette_notification.csv,,F034:-:117;F034:-:1016,MERGED,0,,,,1,5.56
NOTIF-00614,,,,कोल्ड हेडिंग गुणवत्ता हेतु माइल्ड स्टील वायर — विनिर्देश,,,,,,,,,,,,,,,1,F034,bis_gazette_notification.csv,,F034:-:143;F034:-:1042,MERGED,0,,,,1,5.56
NOTIF-00615,,,,कोल्ड हेडिंग प्रक्रिया द्वारा मशीन स्क्रू निर्माण हेतु माइल्ड स्टील वायर रॉड — विनिर्देश,,,,,,,,,,,,,,,1,F034,bis_gazette_notification.csv,,F034:-:146;F034:-:1045,MERGED,0,,,,1,5.56
NOTIF-00616,,,,क्रॉस-रेस्सेड काउंटरसंक हेड वुड स्क्रू – विनिर्देश,,,,,,,,,,,,,,,1,F034,bis_gazette_notification.csv,,F034:-:760;F034:-:1659,MERGED,0,,,,1,5.56
NOTIF-00617,,,,क्रॉस रेस्सेड टैपिंग स्क्रू: भाग 1 पैन हेड,,,,,,,,,,,,,,,1,F034,bis_gazette_notification.csv,,F034:-:751;F034:-:1650,MERGED,0,,,,1,5.56
NOTIF-00618,,,,क्रॉस रेस्सेड टैपिंग स्क्रू भाग 2 काउंटरसंक फ्लैट हेड,,,,,,,,,,,,,,,1,F034,bis_gazette_notification.csv,,F034:-:752;F034:-:1651,MERGED,0,,,,1,5.56
NOTIF-00619,,,,क्रॉस रेस्सेड टैपिंग स्क्रू भाग 3 राइज्ड काउंटरसंक ओवल हेड,,,,,,,,,,,,,,,1,F034,bis_gazette_notification.csv,,F034:-:753;F034:-:1652,MERGED,0,,,,1,5.56
NOTIF-00620,,,,"क्रॉस-लिंक्ड पॉलीइथिलीन इंसुलेटेड थर्मोप्लास्टिक शीथ्ड केबल – भाग 3, 66 केवी से 220 केवी तक एवं सहित कार्य वोल्टेज हेतु",,,,,,,,,,,,,,,1,F034,bis_gazette_notification.csv,,F034:-:328;F034:-:1227,MERGED,0,,,,1,5.56
NOTIF-00621,,,,"क्रॉस-लिंक्ड पॉलीइथिलीन इंसुलेटेड थर्मोप्लास्टिक शीथ्ड केबल – विनिर्देशन भाग 2, 3.3 केवी से 33 केवी तक एवं सहित कार्य वोल्टेज हेतु",,,,,,,,,,,,,,,1,F034,bis_gazette_notification.csv,,F034:-:327;F034:-:1226,MERGED,0,,,,1,5.56
NOTIF-00622,,,,"क्रॉस-लिंक्ड पॉलीइथिलीन इंसुलेटेड पीवीसी शीथ्ड केबलों का विनिर्देशन – भाग 1, 1100 वोल्ट तक एवं सहित कार्य वोल्टेज हेतु",,,,,,,,,,,,,,,1,F034,bis_gazette_notification.csv,,F034:-:326;F034:-:1225,MERGED,0,,,,1,5.56
NOTIF-00623,,,,खनन में वाइंडिंग और मैन-राइडिंग हौलजेस के लिए स्ट्रैंडेड स्टील वायर रोप्स,,,,,,,,,,,,,,,1,F034,bis_gazette_notification.csv,,F034:-:647;F034:-:1546,MERGED,0,,,,1,5.56
NOTIF-00624,,,,खनिकों की कैप-लैंप हेतु लचीले केबलों का विनिर्देशन,,,,,,,,,,,,,,,1,F034,bis_gazette_notification.csv,,F034:-:334;F034:-:1233,MERGED,0,,,,1,5.56
NOTIF-00625,,,,खनिकों के लिए चमड़े के सुरक्षा बूट एवं जूते,"चमड़ा एवं अन्य सामग्री से बने फुटवियर (गुणवत्ता नियंत्रण) आदेश, 2020 (एस.ओ. सं. 3860(ई), दिनांक 27/10/2020) चमड़ा एवं अन्य सामग्री से बने फुटवियर (गुणवत्ता नियंत्रण) संशोधन आदेश, 2020 (एस.ओ. 4379(ई), दिनांक 04/12/2020) चमड़ा एवं अन्य सामग्री से बने फुटवियर (गुणवत्ता नियंत्रण) संशोधन आदेश, 2021 चमड़ा एवं अन्य सामग्री से बने फुटवियर (गुणवत्ता नियंत्रण) आदेश, 2020 को निरस्त करने का आदेश (एस.ओ. 2598(ई), दिनांक 3 जून 2022) 62. चमड़ा एवं अन्य सामग्री से बने फुटवियर (गुणवत्ता नियंत्रण) आदेश, 2022 (एस.ओ. 2599(ई), दिनांक 3 जून 2022) चमड़ा एवं अन्य सामग्री से बने फुटवियर (गुणवत्ता नियंत्रण) संशोधन आदेश, 2022 (एस.ओ. 3775(ई), दिनांक 11 अगस्त 2022) चमड़ा एवं अन्य सामग्री से बने फुटवियर (गुणवत्ता नियंत्रण) आदेश, 2024 (एस.ओ. 1421(ई), दिनांक 15 मार्च 2024) चमड़ा एवं अन्य सामग्री से बने फुटवियर (गुणवत्ता नियंत्रण) संशोधन आदेश, 2024 (एस.ओ. 3700(ई), दिनांक 30 अगस्त 2024)",,,,,,,,,,,,,,1,F034,bis_gazette_notification.csv,,F034:-:389;F034:-:1288,MERGED,0,,,,2,11.11
NOTIF-00626,,,,खनिकों के लिए सुरक्षा रबर कैनवास बूट,,,,,,,,,,,,,,,1,F034,bis_gazette_notification.csv,,F034:-:393;F034:-:1292,MERGED,0,,,,1,5.56
NOTIF-00627,,,,खाद्य एवं पेय उद्योग हेतु स्टेनलेस स्टील ट्यूब,,,,,,,,,,,,,,,1,F034,bis_gazette_notification.csv,,F034:-:561;F034:-:1460,MERGED,0,,,,1,5.56
NOTIF-00628,,,,खाद्य एवं पेय पदार्थों हेतु तीन-टुकड़ों वाले गोल खुले मुँह के धातु कैन,,,,,,,,,,,,,,,1,F034,bis_gazette_notification.csv,,F034:-:511;F034:-:1410,MERGED,0,,,,1,5.56
NOTIF-00629,,,,खाद्य पैकेजिंग हेतु एल्युमिनियम एवं एल्युमिनियम मिश्र धातु की नंगी फॉयल,"51. एल्युमिनियम फॉयल (गुणवत्ता नियंत्रण) आदेश, 2020 (अधिसूचना सं. S.O. 687(E) दिनांक 13/02/2020)",,,,,,,,,,,,,,1,F034,bis_gazette_notification.csv,,F034:-:341;F034:-:1240,MERGED,0,,,,2,11.11
NOTIF-00630,,,,खाद्य भंडारण हेतु इंसुलेटेड कंटेनर,,,,,,,,,,,,,,,1,F034,bis_gazette_notification.csv,,F034:-:483;F034:-:1382,MERGED,0,,,,1,5.56
NOTIF-00631,,,,खाद्यान्न पैकिंग के लिए बी-ट्विल जूट बैग,,,,,,,,,,,,,,,1,F034,bis_gazette_notification.csv,,F034:-:427;F034:-:1326,MERGED,0,,,,1,5.56
NOTIF-00632,,,,खानों में उपयोग हेतु इलास्टोमर इंसुलेटेड लचीले केबल – विनिर्देशन,,,,,,,,,,,,,,,1,F034,bis_gazette_notification.csv,,F034:-:333;F034:-:1232,MERGED,0,,,,1,5.56
NOTIF-00633,,,,खिलौनों की सुरक्षा भाग 2 ज्वलनशीलता।,,,,,,,,,,,,,,,1,F034,bis_gazette_notification.csv,,F034:-:344;F034:-:1243,MERGED,0,,,,1,5.56
NOTIF-00634,,,,"खिलौनों की सुरक्षा भाग 4 झूले, स्लाइड तथा समान गतिविधि वाले खिलौने, जो घरेलू उपयोग हेतु इनडोर एवं आउटडोर उपयोग के लिए हैं।",,,,,,,,,,,,,,,1,F034,bis_gazette_notification.csv,,F034:-:346;F034:-:1245,MERGED,0,,,,1,5.56
NOTIF-00635,,,,खिलौनों की सुरक्षा भाग 7 फिंगर पेंट्स के लिए आवश्यकताएँ एवं परीक्षण विधियाँ।,,,,,,,,,,,,,,,1,F034,bis_gazette_notification.csv,,F034:-:347;F034:-:1246,MERGED,0,,,,1,5.56
NOTIF-00636,,,,खिलौनों की सुरक्षा भाग 9 खिलौनों एवं बच्चों के उत्पादों में कुछ फ्थेलेट एस्टर।,,,,,,,,,,,,,,,1,F034,bis_gazette_notification.csv,,F034:-:348;F034:-:1247,MERGED,0,,,,1,5.56
NOTIF-00637,,,,खिलौनों की सुरक्षा – भाग 1: यांत्रिक एवं भौतिक गुणों से संबंधित सुरक्षा पहलू,"52. खिलौने (गुणवत्ता नियंत्रण) आदेश, 2020 (अधिसूचना सं. S.O. 853(E) दिनांक 25 फरवरी 2020) खिलौने (गुणवत्ता नियंत्रण) संशोधन आदेश, 2020 खिलौने (गुणवत्ता नियंत्रण) संशोधन आदेश, 2020 खिलौने (गुणवत्ता नियंत्रण) द्वितीय संशोधन आदेश, 2020 खिलौने (गुणवत्ता नियंत्रण) द्वितीय संशोधन आदेश, 2020 खिलौने (गुणवत्ता नियंत्रण) संशोधन आदेश, 2024 अधिसूचना सं. S.O. 4277(E), दिनांक 01 अक्टूबर 2024",,,,,,,,,,,,,,1,F034,bis_gazette_notification.csv,,F034:-:343;F034:-:1242,MERGED,0,,,,2,11.11
NOTIF-00638,,,,खिलौनों के लिए सुरक्षा आवश्यकताएँ भाग 3 कुछ तत्वों का प्रवासन।,,,,,,,,,,,,,,,1,F034,bis_gazette_notification.csv,,F034:-:345;F034:-:1244,MERGED,0,,,,1,5.56
NOTIF-00639,,,,गामा पिकोलिन,"गामा पिकोलिन (गुणवत्ता नियंत्रण) आदेश, 2020 (एस.ओ. 1891(ई), दिनांक 16/06/2020)",,,,,,,,,,,,,,1,F034,bis_gazette_notification.csv,,F034:-:253;F034:-:1152,MERGED,0,,,,2,11.11
NOTIF-00640,,,,गैर-घरेलू फर्नीचर के लिए उपयोग किए जाने वाले अपहोल्स्टर्ड कंपोज़िट,"75. सुरक्षात्मक वस्त्र गुणवत्ता नियंत्रण (गैर-घरेलू फर्नीचर के लिए उपयोग किए जाने वाले अपहोल्स्टर्ड कंपोज़िट) आदेश, 2024 एस.ओ. 3916(ई), दिनांक 12 सितंबर 2024",,,,,,,,,,,,,,1,F034,bis_gazette_notification.csv,,F034:-:468;F034:-:1367,MERGED,0,,,,2,11.11
NOTIF-00641,,,,गैर-लौह धातु बट हिंजेस,,,,,,,,,,,,,,,1,F034,bis_gazette_notification.csv,,F034:-:670;F034:-:1569,MERGED,0,,,,1,5.56
NOTIF-00642,,,,गैल्वनाइजिंग पॉट्स के लिए प्लेट्स,,,,,,,,,,,,,,,1,F034,bis_gazette_notification.csv,,F034:-:200;F034:-:1099,MERGED,0,,,,1,5.56
NOTIF-00643,,,,गैल्वेनाइज्ड संरचनात्मक स्टील — विनिर्देश,,,,,,,,,,,,,,,1,F034,bis_gazette_notification.csv,,F034:-:137;F034:-:1036,MERGED,0,,,,1,5.56
NOTIF-00644,,,,ग्रे आयरन कास्टिंग,,,,,,,,,,,,,,,1,F034,bis_gazette_notification.csv,,F034:-:531;F034:-:1430,MERGED,0,,,,1,5.56
NOTIF-00645,,,,ग्रेन ओरिएंटेड विद्युत इस्पात शीट एवं स्ट्रिप (CRGO),,,,,,,,,,,,,,,1,F034,bis_gazette_notification.csv,,F034:-:88;F034:-:987,MERGED,0,,,,1,5.56
NOTIF-00646,,,,ग्लास फाइबर रिइन्फोर्स्ड जिप्सम पैनल,,,,,,,,,,,,,,,1,F034,bis_gazette_notification.csv,,F034:-:731;F034:-:1630,MERGED,0,,,,1,5.56
NOTIF-00647,,,,घरेलू उपयोग हेतु इंसुलेटेड फ्लास्क,"80. घरेलू उपयोग हेतु इंसुलेटेड फ्लास्क, बोतलें एवं कंटेनर (गुणवत्ता नियंत्रण) आदेश, 2023 एस.ओ. 3140(ई), दिनांक 14 जुलाई 2023 घरेलू उपयोग हेतु इंसुलेटेड फ्लास्क, बोतलें एवं कंटेनर (गुणवत्ता नियंत्रण) आदेश, 2024 एस.ओ. 1072(ई), दिनांक 05 मार्च 2024 घरेलू उपयोग हेतु इंसुलेटेड फ्लास्क, बोतलें एवं कंटेनर (गुणवत्ता नियंत्रण) संशोधन आदेश, 2024 एस.ओ. 3705(ई), दिनांक 29 अगस्त 2024",,,,,,,,,,,,,,1,F034,bis_gazette_notification.csv,,F034:-:481;F034:-:1380,MERGED,0,,,,2,11.11
NOTIF-00648,,,,घरेलू एवं समान प्रयोजनों हेतु स्विच,,,,,,,,,,,,,,,1,F034,bis_gazette_notification.csv,,F034:-:29;F034:-:928,MERGED,0,,,,1,5.56
NOTIF-00649,,,,घरेलू एवं समान विद्युत उपकरणों की सुरक्षा – कमरे के हीटर,,,,,,,,,,,,,,,1,F034,bis_gazette_notification.csv,,F034:-:28;F034:-:927,MERGED,0,,,,1,5.56
NOTIF-00650,,,,घरेलू एवं समान विद्युत उपकरणों की सुरक्षा – विद्युत इमर्शन जल हीटर,,,,,,,,,,,,,,,1,F034,bis_gazette_notification.csv,,F034:-:26;F034:-:925,MERGED,0,,,,1,5.56
NOTIF-00651,,,,घरेलू एवं समान विद्युत उपकरणों की सुरक्षा – विद्युत इस्त्री,,,,,,,,,,,,,,,1,F034,bis_gazette_notification.csv,,F034:-:25;F034:-:924,MERGED,0,,,,1,5.56
NOTIF-00652,,,,घरेलू एवं समान विद्युत उपकरणों की सुरक्षा – विद्युत स्टोव,,,,,,,,,,,,,,,1,F034,bis_gazette_notification.csv,,F034:-:27;F034:-:926,MERGED,0,,,,1,5.56
NOTIF-00653,,,,घरेलू और इसी तरह की फिक्स्ड विद्युत इंस्टॉलेशन्स के लिए इलेक्ट्रिकल एक्सेसरीज के बॉक्स और एनक्लोजर,"विद्युत उपकरण (गुणवत्ता नियंत्रण) आदेश, 2023 S.O. 43(E), दिनांक 1 जनवरी 2024 विद्युत उपकरण (गुणवत्ता नियंत्रण) संशोधन, 2026 S.O. 187(E), दिनांक 13 जनवरी 2026",,,,,,,,,,,,,,1,F034,bis_gazette_notification.csv,,F034:-:689;F034:-:1588,MERGED,0,,,,2,11.11
NOTIF-00654,,,,"घरेलू और समान इलेक्ट्रिकल उपकरणों की सुरक्षा - भाग 2, विशेष आवश्यकता सेक्शन 76 इलेक्ट्रिक फेंस एनर्जाइजर्स","133. इलेक्ट्रिक फेंस एनर्जाइजर्स (गुणवत्ता नियंत्रण) आदेश, 2024 S.O. 4958(E), दिनांक 19 नवंबर 2024",,,,,,,,,,,,,,1,F034,bis_gazette_notification.csv,,F034:-:1782,CANONICAL,0,,,,2,11.11
NOTIF-00655,,,,"घरेलू और समान इलेक्ट्रिकल उपकरणों की सुरक्षा – भाग 2, विशेष आवश्यकता सेक्शन 76 इलेक्ट्रिक फेंस एनर्जाइजर्स","133. इलेक्ट्रिक फेंस एनर्जाइजर्स (गुणवत्ता नियंत्रण) आदेश, 2024 S.O. 4958(E), दिनांक 19 नवंबर 2024",,,,,,,,,,,,,,1,F034,bis_gazette_notification.csv,,F034:-:883,CANONICAL,0,,,,2,11.11
NOTIF-00656,,,,घरेलू और समान विद्युत उपकरणों की सुरक्षा - विशेष आवश्यकताएँ - घरेलू कपड़े धोने की मशीनें,"120. घरेलू कपड़े धोने के विद्युत उपकरण (गुणवत्ता नियंत्रण) आदेश, 2023 S.O. 1126(E), दिनांक 05 मार्च 2024 घरेलू कपड़े धोने के विद्युत उपकरण (गुणवत्ता नियंत्रण) आदेश, 2024 S.O. 4815(E), दिनांक 05 नवंबर 2024",,,,,,,,,,,,,,1,F034,bis_gazette_notification.csv,,F034:-:1611,CANONICAL,0,,,,2,11.11
NOTIF-00657,,,,"घरेलू और समान विद्युत उपकरणों की सुरक्षा - विशेष आवश्यकताएँ - टोस्टर, ग्रिल, रोस्टर और समान उपकरण","116. रसोई के लिए विद्युत उपकरण (गुणवत्ता नियंत्रण) आदेश, 2023 S.O. 1128(E), दिनांक 05 मार्च 2024",,,,,,,,,,,,,,1,F034,bis_gazette_notification.csv,,F034:-:1606,CANONICAL,0,,,,2,11.11
NOTIF-00658,,,,घरेलू और समान विद्युत उपकरणों की सुरक्षा - विशेष आवश्यकताएँ - त्वचा या बालों की देखभाल के उपकरण,"117. त्वचा या बालों की देखभाल के विद्युत उपकरण (गुणवत्ता नियंत्रण) आदेश, 2023 S.O. 1125(E), दिनांक 05 मार्च 2024",,,,,,,,,,,,,,1,F034,bis_gazette_notification.csv,,F034:-:1608,CANONICAL,0,,,,2,11.11
NOTIF-00659,,,,घरेलू और समान विद्युत उपकरणों की सुरक्षा - विशेष आवश्यकताएँ - पंखे,"118. विद्युत उपकरण पंखे (गुणवत्ता नियंत्रण) आदेश, 2023 S.O. 1124(E), दिनांक 05 मार्च 2024",,,,,,,,,,,,,,1,F034,bis_gazette_notification.csv,,F034:-:1609,CANONICAL,0,,,,2,11.11
NOTIF-00660,,,,घरेलू और समान विद्युत उपकरणों की सुरक्षा - विशेष आवश्यकताएँ - रेंज हुड,,,,,,,,,,,,,,,1,F034,bis_gazette_notification.csv,,F034:-:1607,CANONICAL,0,,,,1,5.56
NOTIF-00661,,,,घरेलू और समान विद्युत उपकरणों की सुरक्षा - विशेष आवश्यकताएँ - वाणिज्यिक डिस्पेंसिंग उपकरण और वेंडिंग मशीनें,"119. वाणिज्यिक डिस्पेंसिंग और वेंडिंग के लिए विद्युत उपकरण (गुणवत्ता नियंत्रण) आदेश, 2023 S.O. 1127(E), दिनांक 05 मार्च 2024 वाणिज्यिक डिस्पेंसिंग और वेंडिंग के लिए विद्युत उपकरण (गुणवत्ता नियंत्रण) आदेश, 2024 S.O. 4568(E), दिनांक 18 अक्टूबर 2024 वाणिज्यिक डिस्पेंसिंग और वेंडिंग के लिए विद्युत उपकरण (गुणवत्ता नियंत्रण) आदेश, 2025 S.O. 2283(E), दिनांक 21 मई 2025",,,,,,,,,,,,,,1,F034,bis_gazette_notification.csv,,F034:-:1610,CANONICAL,0,,,,2,11.11
NOTIF-00662,,,,घरेलू और समान विद्युत उपकरणों की सुरक्षा – विशेष आवश्यकताएँ – घरेलू कपड़े धोने की मशीनें,"120. घरेलू कपड़े धोने के विद्युत उपकरण (गुणवत्ता नियंत्रण) आदेश, 2023 S.O. 1126(E), दिनांक 05 मार्च 2024 घरेलू कपड़े धोने के विद्युत उपकरण (गुणवत्ता नियंत्रण) आदेश, 2024 S.O. 4815(E), दिनांक 05 नवंबर 2024",,,,,,,,,,,,,,1,F034,bis_gazette_notification.csv,,F034:-:712,CANONICAL,0,,,,2,11.11
NOTIF-00663,,,,"घरेलू और समान विद्युत उपकरणों की सुरक्षा – विशेष आवश्यकताएँ – टोस्टर, ग्रिल, रोस्टर और समान उपकरण","116. रसोई के लिए विद्युत उपकरण (गुणवत्ता नियंत्रण) आदेश, 2023 S.O. 1128(E), दिनांक 05 मार्च 2024",,,,,,,,,,,,,,1,F034,bis_gazette_notification.csv,,F034:-:707,CANONICAL,0,,,,2,11.11
NOTIF-00664,,,,घरेलू और समान विद्युत उपकरणों की सुरक्षा – विशेष आवश्यकताएँ – त्वचा या बालों की देखभाल के उपकरण,"117. त्वचा या बालों की देखभाल के विद्युत उपकरण (गुणवत्ता नियंत्रण) आदेश, 2023 S.O. 1125(E), दिनांक 05 मार्च 2024",,,,,,,,,,,,,,1,F034,bis_gazette_notification.csv,,F034:-:709,CANONICAL,0,,,,2,11.11
NOTIF-00665,,,,घरेलू और समान विद्युत उपकरणों की सुरक्षा – विशेष आवश्यकताएँ – पंखे,"118. विद्युत उपकरण पंखे (गुणवत्ता नियंत्रण) आदेश, 2023 S.O. 1124(E), दिनांक 05 मार्च 2024",,,,,,,,,,,,,,1,F034,bis_gazette_notification.csv,,F034:-:710,CANONICAL,0,,,,2,11.11
NOTIF-00666,,,,घरेलू और समान विद्युत उपकरणों की सुरक्षा – विशेष आवश्यकताएँ – रेंज हुड,,,,,,,,,,,,,,,1,F034,bis_gazette_notification.csv,,F034:-:708,CANONICAL,0,,,,1,5.56
NOTIF-00667,,,,घरेलू और समान विद्युत उपकरणों की सुरक्षा – विशेष आवश्यकताएँ – वाणिज्यिक डिस्पेंसिंग उपकरण और वेंडिंग मशीनें,"119. वाणिज्यिक डिस्पेंसिंग और वेंडिंग के लिए विद्युत उपकरण (गुणवत्ता नियंत्रण) आदेश, 2023 S.O. 1127(E), दिनांक 05 मार्च 2024 वाणिज्यिक डिस्पेंसिंग और वेंडिंग के लिए विद्युत उपकरण (गुणवत्ता नियंत्रण) आदेश, 2024 S.O. 4568(E), दिनांक 18 अक्टूबर 2024 वाणिज्यिक डिस्पेंसिंग और वेंडिंग के लिए विद्युत उपकरण (गुणवत्ता नियंत्रण) आदेश, 2025 S.O. 2283(E), दिनांक 21 मई 2025",,,,,,,,,,,,,,1,F034,bis_gazette_notification.csv,,F034:-:711,CANONICAL,0,,,,2,11.11
NOTIF-00668,,,,घरेलू ज़िग-ज़ैग सिलाई मशीन हेड,"69. सिलाई मशीन (गुणवत्ता नियंत्रण) आदेश, 2021 (एस.ओ. संख्या 1239(ई), दिनांक 15/03/2021)",,,,,,,,,,,,,,1,F034,bis_gazette_notification.csv,,F034:-:422;F034:-:1321,MERGED,0,,,,2,11.11
NOTIF-00669,,,,घरेलू प्रयोजनों हेतु स्टेनलेस स्टील सिंक,,,,,,,,,,,,,,,1,F034,bis_gazette_notification.csv,,F034:-:510;F034:-:1409,MERGED,0,,,,1,5.56
NOTIF-00670,,,,घरेलू प्रेशर कुकर,"48. घरेलू प्रेशर कुकर (गुणवत्ता नियंत्रण) आदेश, 2020 (अधिसूचना सं. S.O. 294 (E) दिनांक 21/01/2020) घरेलू प्रेशर कुकर (गुणवत्ता नियंत्रण) (संशोधन) आदेश, 2020 (अधिसूचना सं. S.O. 2019(E) दिनांक 23/06/2020)",,,,,,,,,,,,,,1,F034,bis_gazette_notification.csv,,F034:-:322;F034:-:1221,MERGED,0,,,,2,11.11
NOTIF-00671,,,,"घरेलू रेफ्रिजरेटिंग उपकरण – विशेषताएँ एवं परीक्षण विधियाँ, भाग 1: सामान्य आवश्यकताएँ","रेफ्रिजरेटिंग उपकरण (गुणवत्ता नियंत्रण) आदेश, 2020 (एस.ओ. संख्या 4489(ई), दिनांक 10/12/2020) 66. रेफ्रिजरेटिंग उपकरण (गुणवत्ता नियंत्रण) संशोधन आदेश, 2021 (एस.ओ. 5339(ई), दिनांक 22 दिसंबर 2021) रेफ्रिजरेटिंग उपकरण (गुणवत्ता नियंत्रण) संशोधन आदेश, 2022 एस.ओ. 5850(ई), दिनांक 14 दिसंबर 2022 रेफ्रिजरेटिंग उपकरण (गुणवत्ता नियंत्रण) संशोधन आदेश, 2025 एस.ओ. 358(ई), दिनांक 21 जनवरी 2025",,,,,,,,,,,,,,1,F034,bis_gazette_notification.csv,,F034:-:413;F034:-:1312,MERGED,0,,,,2,11.11
NOTIF-00672,,,,घरेलू विद्युत फूड मिक्सर (लिक्विडाइज़र एवं ग्राइंडर) तथा सेंट्रीफ्यूगल जूसर,,,,,,,,,,,,,,,1,F034,bis_gazette_notification.csv,,F034:-:305;F034:-:1204,MERGED,0,,,,1,5.56
NOTIF-00673,,,,घरेलू स्टेनलेस स्टील वैक्यूम फ्लास्क/बोतल,,,,,,,,,,,,,,,1,F034,bis_gazette_notification.csv,,F034:-:482;F034:-:1381,MERGED,0,,,,1,5.56
NOTIF-00674,,,,चिकित्सीय थर्मामीटर – भाग 1 : ठोस डंडी प्रकार,"8. चिकित्सीय थर्मामीटर (गुणवत्ता नियंत्रण) आदेश, 2001 जी.एस.आर. 843(E), दिनांक 09 नवम्बर 2001",,,,,,,,,,,,,,1,F034,bis_gazette_notification.csv,,F034:-:72;F034:-:971,MERGED,0,,,,2,11.11
NOTIF-00675,,,,चिकित्सीय थर्मामीटर – भाग 2 : संलग्न स्केल प्रकार,,,,,,,,,,,,,,,1,F034,bis_gazette_notification.csv,,F034:-:73;F034:-:972,MERGED,0,,,,1,5.56
NOTIF-00676,,,,चिपबोर्ड स्क्रू – विनिर्देश,,,,,,,,,,,,,,,1,F034,bis_gazette_notification.csv,,F034:-:759;F034:-:1658,MERGED,0,,,,1,5.56
NOTIF-00677,,,,चुंबकीय पदार्थ — व्यक्तिगत सामग्री हेतु विनिर्देश — अर्ध-प्रसंस्कृत अवस्था में प्रदत्त लौह आधारित अमॉर्फस स्ट्रिप,,,,,,,,,,,,,,,1,F034,bis_gazette_notification.csv,,F034:-:140;F034:-:1039,MERGED,0,,,,1,5.56
NOTIF-00678,,,,चेन पाइप रिंच,"129. हैंड टूल्स (गुणवत्ता नियंत्रण) आदेश, 2024 S.O. 4183(E), दिनांक 24 सितंबर 2024 हैंड टूल्स (गुणवत्ता नियंत्रण) आदेश, 2025 S.O. 3385(E), दिनांक 24 जुलाई 2025 हैंड टूल्स (गुणवत्ता नियंत्रण) आदेश, 2025 S.O. 5596(E), दिनांक 04 दिसंबर 2025",,,,,,,,,,,,,,1,F034,bis_gazette_notification.csv,,F034:-:853;F034:-:1752,MERGED,0,,,,2,11.11
NOTIF-00679,,,,छाते की तीलियों हेतु स्टील वायर — विनिर्देश,,,,,,,,,,,,,,,1,F034,bis_gazette_notification.csv,,F034:-:151;F034:-:1050,MERGED,0,,,,1,5.56
NOTIF-00680,,,,"छोटी-पिच ट्रांसमिशन सटीक रोलर और बुश चेन, संलग्नक और संबंधित चेन स्प्रोकेट्स","93. सटीक रोलर और बुश चेन, संलग्नक और संबंधित चेन स्प्रोकेट्स (गुणवत्ता नियंत्रण) आदेश, 2023 S.O. 4242(E), दिनांक 25 सितंबर 2023 सटीक रोलर और बुश चेन, संलग्नक और संबंधित चेन स्प्रोकेट्स (गुणवत्ता नियंत्रण) आदेश, 2024 S.O. 2174(E), दिनांक 03 जून 2024",,,,,,,,,,,,,,1,F034,bis_gazette_notification.csv,,F034:-:581;F034:-:1480,MERGED,0,,,,2,11.11
NOTIF-00681,,,,छोटे चिकित्सा गैस सिलेंडरों हेतु योक प्रकार वाल्व कनेक्शन,,,,,,,,,,,,,,,1,F034,bis_gazette_notification.csv,,F034:-:62;F034:-:961,MERGED,0,,,,1,5.56
NOTIF-00682,,,,"जल, गैस एवं सीवेज हेतु लंबवत ढलाई किए गए कास्ट आयरन दाब पाइप",,,,,,,,,,,,,,,1,F034,bis_gazette_notification.csv,,F034:-:532;F034:-:1431,MERGED,0,,,,1,5.56
NOTIF-00683,,,,जल मीटर (घरेलू प्रकार),,,,,,,,,,,,,,,1,F034,bis_gazette_notification.csv,,F034:-:727;F034:-:1626,MERGED,0,,,,1,5.56
NOTIF-00684,,,,जल मीटर (थोक प्रकार),"122. जल मीटर और सहायक उपकरण (गुणवत्ता नियंत्रण) आदेश, 2023 S.O. 1142(E), दिनांक 05 मार्च 2024",,,,,,,,,,,,,,1,F034,bis_gazette_notification.csv,,F034:-:726;F034:-:1625,MERGED,0,,,,2,11.11
NOTIF-00685,,,,जल सेवाओं के लिए फेरुल्स,,,,,,,,,,,,,,,1,F034,bis_gazette_notification.csv,,F034:-:728;F034:-:1627,MERGED,0,,,,1,5.56
NOTIF-00686,,,,जलरोधक बहुउद्देशीय रेन पोंचो,,,,,,,,,,,,,,,1,F034,bis_gazette_notification.csv,,F034:-:466;F034:-:1365,MERGED,0,,,,1,5.56
NOTIF-00687,,,,जलरोधी लाइनिंग हेतु लेमिनेटेड हाई डेंसिटी पॉलीइथिलीन (HDPE) बुना हुआ जियोमेम्ब्रेन,"72. जियो टेक्सटाइल्स (गुणवत्ता नियंत्रण) आदेश, 2022 (एस.ओ. 1706(ई), दिनांक 10 अप्रैल 2023) जियो टेक्सटाइल्स (गुणवत्ता नियंत्रण) संशोधन आदेश, 2022 (एस.ओ. 2331(ई), दिनांक 24 मई 2023) वस्त्र मंत्रालय आदेश, 2023 संख्या 6/1/2021 – आर एंड डी (भाग), दिनांक 06 अक्टूबर 2023",,,,,,,,,,,,,,1,F034,bis_gazette_notification.csv,,F034:-:435;F034:-:1334,CONFLICT_PRESERVED,1,title_vernacular,,,2,11.11
NOTIF-00688,,,,जस्ती इस्पात शीट (सादी एवं तरंगित),,,,,,,,,,,,,,,1,F034,bis_gazette_notification.csv,,F034:-:82;F034:-:981,MERGED,0,,,,1,5.56
NOTIF-00689,,,,जहाज निर्माण हेतु माइल्ड स्टील रिवेट बार,,,,,,,,,,,,,,,1,F034,bis_gazette_notification.csv,,F034:-:192;F034:-:1091,MERGED,0,,,,1,5.56
NOTIF-00690,,,,जहाजों के हुल निर्माण हेतु संरचनात्मक स्टील का विनिर्देश,,,,,,,,,,,,,,,1,F034,bis_gazette_notification.csv,,F034:-:133;F034:-:1032,MERGED,0,,,,1,5.56
NOTIF-00691,,,,जिप्सम प्लास्टर बोर्ड - रिइन्फोर्स्ड जिप्सम प्लास्टर बोर्ड और छत टाइल्स,,,,,,,,,,,,,,,1,F034,bis_gazette_notification.csv,,F034:-:1632,CANONICAL,0,,,,1,5.56
NOTIF-00692,,,,जिप्सम प्लास्टर बोर्ड - लेपित/लैमिनेटेड जिप्सम प्लास्टर बोर्ड,,,,,,,,,,,,,,,1,F034,bis_gazette_notification.csv,,F034:-:1631,CANONICAL,0,,,,1,5.56
NOTIF-00693,,,,"जिप्सम प्लास्टर बोर्ड - विनिर्देश: भाग 1, सामान्य जिप्सम प्लास्टर बोर्ड","123. जिप्सम आधारित निर्माण सामग्री (गुणवत्ता नियंत्रण) आदेश, 2024 S.O. 1153(E), दिनांक 06 मार्च 2024 जिप्सम आधारित निर्माण सामग्री (गुणवत्ता नियंत्रण) आदेश, 2024 का सुधारपत्र S.O. 2007(E), दिनांक 14 मई 2024 जिप्सम आधारित निर्माण सामग्री (गुणवत्ता नियंत्रण) संशोधन आदेश, 2024 S.O. 5058(E), दिनांक 25 नवंबर 2024",,,,,,,,,,,,,,1,F034,bis_gazette_notification.csv,,F034:-:1629,CANONICAL,0,,,,2,11.11
NOTIF-00694,,,,जिप्सम प्लास्टर बोर्ड – रिइन्फोर्स्ड जिप्सम प्लास्टर बोर्ड और छत टाइल्स,,,,,,,,,,,,,,,1,F034,bis_gazette_notification.csv,,F034:-:733,CANONICAL,0,,,,1,5.56
NOTIF-00695,,,,जिप्सम प्लास्टर बोर्ड – लेपित/लैमिनेटेड जिप्सम प्लास्टर बोर्ड,,,,,,,,,,,,,,,1,F034,bis_gazette_notification.csv,,F034:-:732,CANONICAL,0,,,,1,5.56
NOTIF-00696,,,,"जिप्सम प्लास्टर बोर्ड – विनिर्देश: भाग 1, सामान्य जिप्सम प्लास्टर बोर्ड","123. जिप्सम आधारित निर्माण सामग्री (गुणवत्ता नियंत्रण) आदेश, 2024 S.O. 1153(E), दिनांक 06 मार्च 2024 जिप्सम आधारित निर्माण सामग्री (गुणवत्ता नियंत्रण) आदेश, 2024 का सुधारपत्र S.O. 2007(E), दिनांक 14 मई 2024 जिप्सम आधारित निर्माण सामग्री (गुणवत्ता नियंत्रण) संशोधन आदेश, 2024 S.O. 5058(E), दिनांक 25 नवंबर 2024",,,,,,,,,,,,,,1,F034,bis_gazette_notification.csv,,F034:-:730,CANONICAL,0,,,,2,11.11
NOTIF-00697,,,,जियोसिंथेटिक्स — तटीय एवं जलमार्ग संरक्षण हेतु सिंथेटिक पॉलिमर रोप गैबियन्स — विनिर्देश,"73. जियोटेक्सटाइल्स (गुणवत्ता नियंत्रण) आदेश, 2024 एस.ओ. 4332(ई), दिनांक 03 अक्टूबर 2024",,,,,,,,,,,,,,1,F034,bis_gazette_notification.csv,,F034:-:454;F034:-:1353,MERGED,0,,,,2,11.11
NOTIF-00698,,,,जियोसेल्स,,,,,,,,,,,,,,,1,F034,bis_gazette_notification.csv,,F034:-:452;F034:-:453;F034:-:1351;F034:-:1352,MERGED,0,,,,1,5.56
NOTIF-00699,,,,जूट जियोटेक्सटाइल्स,,,,,,,,,,,,,,,1,F034,bis_gazette_notification.csv,,F034:-:439;F034:-:440;F034:-:1338;F034:-:1339,MERGED,0,,,,1,5.56
NOTIF-00700,,,,जूते कवर,,,,,,,,,,,,,,,1,F034,bis_gazette_notification.csv,,F034:-:588;F034:-:1487,MERGED,0,,,,1,5.56
NOTIF-00701,,,,टंग्स्टन फिलामेंट सामान्य सेवा विद्युत लैम्प (100 वाट तक),,,,,,,,,,,,,,,1,F034,bis_gazette_notification.csv,,F034:-:30;F034:-:929,MERGED,0,,,,1,5.56
NOTIF-00702,,,,टायरों के लिए बीड वायर,,,,,,,,,,,,,,,1,F034,bis_gazette_notification.csv,,F034:-:116;F034:-:1015,MERGED,0,,,,1,5.56
NOTIF-00703,,,,टावर बोल्ट – अलौह धातु,,,,,,,,,,,,,,,1,F034,bis_gazette_notification.csv,,F034:-:498;F034:-:1397,MERGED,0,,,,1,5.56
NOTIF-00704,,,,टावर बोल्ट – लौह धातु,,,,,,,,,,,,,,,1,F034,bis_gazette_notification.csv,,F034:-:499;F034:-:1398,MERGED,0,,,,1,5.56
NOTIF-00705,,,,टिन इनगॉट,"टिन इनगॉट (गुणवत्ता नियंत्रण) आदेश, 2025 S.O. 1769(E), दिनांक 17 अप्रैल 2025 टिन इनगॉट (गुणवत्ता नियंत्रण) संशोधन आदेश, 2025 S.O. 4369(E), दिनांक 25 सितंबर 2025 टिन इनगॉट (गुणवत्ता नियंत्रण) आदेश, 2025 रद्द आदेश S.O. 5167(E), दिनांक 13 नवंबर 2025",,,,,,,,,,,,,,1,F034,bis_gazette_notification.csv,,F034:-:900;F034:-:1799,MERGED,0,,,,2,11.11
NOTIF-00706,,,,टी और स्ट्रैप हिंजेस,,,,,,,,,,,,,,,1,F034,bis_gazette_notification.csv,,F034:-:671;F034:-:1570,MERGED,0,,,,1,5.56
NOTIF-00707,,,,टूल एवं डाई स्टील — विनिर्देश,,,,,,,,,,,,,,,1,F034,bis_gazette_notification.csv,,F034:-:135;F034:-:1034,MERGED,0,,,,1,5.56
NOTIF-00708,,,,टेक्सटाइल – सामान्य उपयोग के लिए मानव निर्मित फाइबर से बने फ्लैट वेवन वेबिंग स्लिंग्स,"130. इंडुटेक (गुणवत्ता नियंत्रण) आदेश, 2024 S.O. 4326(E), दिनांक 03 अक्टूबर 2024",,,,,,,,,,,,,,1,F034,bis_gazette_notification.csv,,F034:-:863;F034:-:1762,MERGED,0,,,,2,11.11
NOTIF-00709,,,,टेक्सटाइल — उच्च घनत्व पॉलीथीन (HDPE)/पॉलीप्रोपलीन (PP) बुनाई वाले थैले 25 किग्रा पॉलीमर सामग्री की पैकेजिंग के लिए,"107. टेक्सटाइल — उच्च घनत्व पॉलीथीन (HDPE) / पॉलीप्रोपलीन (PP) बुनाई वाले थैले 25 किग्रा पॉलीमर सामग्री की पैकेजिंग के लिए (गुणवत्ता नियंत्रण) आदेश, 2023 S.O. 5180(E), दिनांक 06 दिसंबर 2023",,,,,,,,,,,,,,1,F034,bis_gazette_notification.csv,,F034:-:661;F034:-:1560,MERGED,0,,,,2,11.11
NOTIF-00710,,,,टेक्सटाइल — उच्च घनत्व पॉलीथीन (HDPE)/पॉलीप्रोपलीन (PP) बुनाई वाले थैले 50 किग्रा सीमेंट की पैकेजिंग के लिए,"105. टेक्सटाइल— उच्च घनत्व पॉलीथीन (HDPE) / पॉलीप्रोपलीन (PP) बुनाई वाले थैले 50 किग्रा सीमेंट की पैकेजिंग के लिए (गुणवत्ता नियंत्रण) आदेश, 2023 S.O. 5178(E), दिनांक 06 दिसंबर 2023 टेक्सटाइल — उच्च घनत्व पॉलीथीन (HDPE)/ पॉलीप्रोपलीन (PP) बुनाई वाले थैले 50 किग्रा सीमेंट की पैकेजिंग के लिए (गुणवत्ता नियंत्रण) संशोधन आदेश, 2024 S.O. 2181(E), दिनांक 04 जून 2024 टेक्सटाइल — उच्च घनत्व पॉलीथीन (HDPE) / पॉलीप्रोपलीन (PP) बुनाई वाले थैले 50 किग्रा सीमेंट की पैकेजिंग के लिए (गुणवत्ता नियंत्रण) दूसरा संशोधन आदेश, 2024 S.O. 3938(E), दिनांक 13 सितंबर 2024 टेक्सटाइल — उच्च घनत्व पॉलीथीन (HDPE)/ पॉलीप्रोपलीन (PP) बुनाई वाले थैले 50 किग्रा सीमेंट की पैकेजिंग के लिए (गुणवत्ता नियंत्रण) तीसरा संशोधन आदेश, 2024 S.O. 5261(E), दिनांक 06 दिसंबर 2024 टेक्सटाइल — उच्च घनत्व पॉलीथीन (HDPE) / पॉलीप्रोपलीन (PP) बुनाई वाले थैले 50 किग्रा सीमेंट की पैकेजिंग के लिए (गुणवत्ता नियंत्रण) संशोधन आदेश, 2025 S.O. 2551(E), दिनांक 11 जून 2025 टेक्सटाइल — उच्च घनत्व पॉलीथीन (HDPE) / पॉलीप्रोपलीन (PP) बुनाई वाले थैले 50 किग्रा सीमेंट की पैकेजिंग के लिए (गुणवत्ता नियंत्रण) संशोधन आदेश, 2025 S.O. 4066(E), दिनांक 04 सितंबर 2025 टेक्सटाइल — उच्च घनत्व पॉलीथीन (HDPE) / पॉलीप्रोपलीन (PP) बुनाई वाले थैले 50 किग्रा सीमेंट की पैकेजिंग के लिए (गुणवत्ता नियंत्रण) संशोधन आदेश, 2026 S.O. 51(E), दिनांक 05 जनवरी 2026",,,,,,,,,,,,,,1,F034,bis_gazette_notification.csv,,F034:-:659;F034:-:1558,MERGED,0,,,,2,11.11
NOTIF-00711,,,,"टेक्सटाइल — पॉलीप्रोपलीन (PP)/उच्च घनत्व पॉलीथीन (HDPE) लेमिनेटेड बुनाई वाले थैले मेल सॉर्टिंग, भंडारण, परिवहन और वितरण के लिए","108. टेक्सटाइल — पॉलीप्रोपलीन (PP)/ उच्च घनत्व पॉलीथीन (HDPE) लेमिनेटेड बुनाई वाले थैले मेल सॉर्टिंग, भंडारण, परिवहन और वितरण के लिए (गुणवत्ता नियंत्रण) आदेश, 2023 S.O. 5181(E), दिनांक 06 दिसंबर 2023 टेक्सटाइल — पॉलीप्रोपलीन (PP)/ उच्च घनत्व पॉलीथीन (HDPE) लेमिनेटेड बुनाई वाले थैले मेल सॉर्टिंग, भंडारण, परिवहन और वितरण के लिए (गुणवत्ता नियंत्रण) संशोधन आदेश, 2024 S.O. 2183(E), दिनांक 04 जून 2024 टेक्सटाइल — पॉलीप्रोपलीन (PP)/ उच्च घनत्व पॉलीथीन (HDPE) लेमिनेटेड बुनाई वाले थैले मेल सॉर्टिंग, भंडारण, परिवहन और वितरण के लिए (गुणवत्ता नियंत्रण) दूसरा संशोधन आदेश, 2024 S.O. 3940(E), दिनांक 13 सितंबर 2024 टेक्सटाइल — पॉलीप्रोपलीन (PP) बुनाई, लेमिनेटेड, ब्लॉक बॉटम वाल्व थैले 50 किग्रा सीमेंट की पैकेजिंग के लिए (गुणवत्ता नियंत्रण) तीसरा संशोधन आदेश, 2024 S.O. 5263(E), दिनांक 06 दिसंबर 2024 टेक्सटाइल — पॉलीप्रोपलीन (PP)/ उच्च घनत्व पॉलीथीन (HDPE) लेमिनेटेड बुनाई वाले थैले मेल सॉर्टिंग, भंडारण, परिवहन और वितरण के लिए (गुणवत्ता नियंत्रण) संशोधन आदेश, 2025 S.O. 2553(E), दिनांक 11 जून 2025 टेक्सटाइल — पॉलीप्रोपलीन (PP)/ उच्च घनत्व पॉलीथीन (HDPE) लेमिनेटेड बुनाई वाले थैले मेल सॉर्टिंग, भंडारण, परिवहन और वितरण के लिए (गुणवत्ता नियंत्रण) संशोधन आदेश, 2025 S.O. 4068(E), दिनांक 04 सितंबर 2025 टेक्सटाइल — पॉलीप्रोपलीन (PP)/ उच्च घनत्व पॉलीथीन (HDPE) लेमिनेटेड बुनाई वाले थैले मेल सॉर्टिंग, भंडारण, परिवहन और वितरण के लिए (गुणवत्ता नियंत्रण) संशोधन आदेश, 2026 S.O. 53(E), दिनांक 05 जनवरी 2026",,,,,,,,,,,,,,1,F034,bis_gazette_notification.csv,,F034:-:662;F034:-:1561,MERGED,0,,,,2,11.11
NOTIF-00712,,,,"टेक्सटाइल — पॉलीप्रोपलीन (PP) बुनाई, लेमिनेटेड, ब्लॉक बॉटम वाल्व थैले 50 किग्रा सीमेंट की पैकेजिंग के लिए","106. टेक्सटाइल — पॉलीप्रोपलीन (PP) बुनाई, लेमिनेटेड, ब्लॉक बॉटम वाल्व थैले 50 किग्रा सीमेंट की पैकेजिंग के लिए (गुणवत्ता नियंत्रण) आदेश, 2023 S.O. 5179(E), दिनांक 06 दिसंबर 2023 टेक्सटाइल — पॉलीप्रोपलीन (PP) बुनाई, लेमिनेटेड, ब्लॉक बॉटम वाल्व थैले 50 किग्रा सीमेंट की पैकेजिंग के लिए (गुणवत्ता नियंत्रण) संशोधन आदेश, 2024 S.O. 2182(E), दिनांक 04 जून 2024 टेक्सटाइल — पॉलीप्रोपलीन (PP) बुनाई, लेमिनेटेड, ब्लॉक बॉटम वाल्व थैले 50 किग्रा सीमेंट की पैकेजिंग के लिए (गुणवत्ता नियंत्रण) दूसरा संशोधन आदेश, 2024 S.O. 3939(E), दिनांक 13 सितंबर 2024 टेक्सटाइल — पॉलीप्रोपलीन (PP) बुनाई, लेमिनेटेड, ब्लॉक बॉटम वाल्व थैले 50 किग्रा सीमेंट की पैकेजिंग के लिए (गुणवत्ता नियंत्रण) तीसरा संशोधन आदेश, 2024 S.O. 5262(E), दिनांक 06 दिसंबर 2024 टेक्सटाइल — पॉलीप्रोपलीन (PP) बुनाई, लेमिनेटेड, ब्लॉक बॉटम वाल्व थैले 50 किग्रा सीमेंट की पैकेजिंग के लिए (गुणवत्ता नियंत्रण) संशोधन आदेश, 2025 S.O. 2552(E), दिनांक 11 जून 2025 टेक्सटाइल — पॉलीप्रोपलीन (PP) बुनाई, लेमिनेटेड, ब्लॉक बॉटम वाल्व थैले 50 किग्रा सीमेंट की पैकेजिंग के लिए (गुणवत्ता नियंत्रण) संशोधन आदेश, 2025 S.O. 4067(E), दिनांक 04 सितंबर 2025 टेक्सटाइल — पॉलीप्रोपलीन (PP) बुनाई, लेमिनेटेड, ब्लॉक बॉटम वाल्व थैले 50 किग्रा सीमेंट की पैकेजिंग के लिए (गुणवत्ता नियंत्रण) संशोधन आदेश, 2026 S.O. 52(E), दिनांक 05 जनवरी 2026",,,,,,,,,,,,,,1,F034,bis_gazette_notification.csv,,F034:-:660;F034:-:1559,MERGED,0,,,,2,11.11
NOTIF-00713,,,,टेक्सटाइल — मनिला रस्सियाँ — विनिर्देशन,"131. रस्सियाँ और कॉर्डेज (गुणवत्ता नियंत्रण) आदेश, 2024 S.O. 4327(E), दिनांक 03 अक्टूबर 2024",,,,,,,,,,,,,,1,F034,bis_gazette_notification.csv,,F034:-:865;F034:-:1764,MERGED,0,,,,2,11.11
NOTIF-00714,,,,टेक्सटाइल — मिश्रित सिंथेटिक फाइबर रस्सियाँ — विनिर्देशन,,,,,,,,,,,,,,,1,F034,bis_gazette_notification.csv,,F034:-:867;F034:-:1766,MERGED,0,,,,1,5.56
NOTIF-00715,,,,टेबल्स और डेस्क,,,,,,,,,,,,,,,1,F034,bis_gazette_notification.csv,,F034:-:892;F034:-:1791,MERGED,0,,,,1,5.56
NOTIF-00716,,,,टेरेफ्थैलिक अम्ल,"टेरेफ्थैलिक अम्ल (गुणवत्ता नियंत्रण) आदेश, 2020 (एस.ओ. 2185(ई), दिनांक 29/06/2020) टेरेफ्थैलिक अम्ल (गुणवत्ता नियंत्रण) संशोधन आदेश, 2021 टेरेफ्थैलिक अम्ल (गुणवत्ता नियंत्रण) आदेश, 2021 विभिन्न रसायनों हेतु संशोधन आदेश, दिनांक 24/12/2021 टेरेफ्थैलिक अम्ल (गुणवत्ता नियंत्रण) संशोधन आदेश, 2022 विभिन्न रसायनों हेतु संशोधन आदेश, दिनांक 13 जून 2022 टेरेफ्थैलिक अम्ल (गुणवत्ता नियंत्रण) द्वितीय संशोधन आदेश, 2022 (एस.ओ. 5991(ई), दिनांक 21/12/2022) टेरेफ्थैलिक अम्ल (गुणवत्ता नियंत्रण) आदेश, 2021 को निरस्त करने का आदेश एस.ओ. 5129(ई), दिनांक 12 नवम्बर 2025",,,,,,,,,,,,,,1,F034,bis_gazette_notification.csv,,F034:-:270;F034:-:1169,MERGED,0,,,,2,11.11
NOTIF-00717,,,,टेलीस्कोपिक बॉल बेयरिंग ड्रॉअर स्लाइड,"126. टेलीस्कोपिक बॉल बेयरिंग ड्रॉअर स्लाइड (गुणवत्ता नियंत्रण) आदेश, 2024 S.O. 1962(E), दिनांक 02 मई 2024",,,,,,,,,,,,,,1,F034,bis_gazette_notification.csv,,F034:-:745;F034:-:1644,MERGED,0,,,,2,11.11
NOTIF-00718,,,,टैक्टिकल 3-पॉइंट स्लिंग,,,,,,,,,,,,,,,1,F034,bis_gazette_notification.csv,,F034:-:463;F034:-:1362,MERGED,0,,,,1,5.56
NOTIF-00719,,,,टोल्यून,"टोल्यून (गुणवत्ता नियंत्रण) आदेश, 2020 (एस.ओ. 2186(ई), दिनांक 29/06/2020) टोल्यून (गुणवत्ता नियंत्रण) संशोधन आदेश, 2021 टोल्यून (गुणवत्ता नियंत्रण) आदेश, 2021 विभिन्न रसायनों हेतु संशोधन आदेश, दिनांक 24/12/2021 टोल्यून (गुणवत्ता नियंत्रण) संशोधन आदेश, 2022 विभिन्न रसायनों हेतु संशोधन आदेश, दिनांक 13 जून 2022 टोल्यून (गुणवत्ता नियंत्रण) द्वितीय संशोधन आदेश, 2022 (एस.ओ. 5990(ई), दिनांक 21/12/2022) टोल्यून (गुणवत्ता नियंत्रण) संशोधन आदेश, 2023 (एस.ओ. 2730(ई), दिनांक 20/06/2023) टोल्यून (गुणवत्ता नियंत्रण) द्वितीय संशोधन आदेश, 2023 (एस.ओ. 5373(ई), दिनांक 19 दिसम्बर 2023) टोल्यून (गुणवत्ता नियंत्रण) प्रथम संशोधन आदेश, 2024 (एस.ओ. 5537(ई), दिनांक 24 दिसम्बर 2024) टोल्यून (गुणवत्ता नियंत्रण) आदेश, 2021 को निरस्त करने का आदेश एस.ओ. 5528(ई), दिनांक 01 दिसम्बर 2025",,,,,,,,,,,,,,1,F034,bis_gazette_notification.csv,,F034:-:269;F034:-:1168,MERGED,0,,,,2,11.11
NOTIF-00720,,,,ट्रक एवं बसों के पहियों अथवा रिम हेतु प्रदर्शन आवश्यकताएँ एवं परीक्षण विधियाँ,,,,,,,,,,,,,,,1,F034,bis_gazette_notification.csv,,F034:-:374;F034:-:1273,MERGED,0,,,,1,5.56
NOTIF-00721,,,,ठोस उत्पादों के लिए स्क्वायर टिन्स,,,,,,,,,,,,,,,1,F034,bis_gazette_notification.csv,,F034:-:628;F034:-:1527,MERGED,0,,,,1,5.56
NOTIF-00722,,,,ठोस पीवीसी (PVC) के तले एवं एड़ियाँ,,,,,,,,,,,,,,,1,F034,bis_gazette_notification.csv,,F034:-:380;F034:-:1279,MERGED,0,,,,1,5.56
NOTIF-00723,,,,डक्टेड एवं पैकेज एयर कंडीशनर,,,,,,,,,,,,,,,1,F034,bis_gazette_notification.csv,,F034:-:311;F034:-:1210,MERGED,0,,,,1,5.56
NOTIF-00724,,,,डबल-एक्टिंग स्प्रिंग हिंजेस,,,,,,,,,,,,,,,1,F034,bis_gazette_notification.csv,,F034:-:675;F034:-:1574,MERGED,0,,,,1,5.56
NOTIF-00725,,,,"डिफेंस सेवाओं में उपयोग होने वाले शेल बॉडीज़ और प्रूफ़ शॉट बनाने के लिए कार्बन और लो एलॉय बिल्लेट्स, ब्लूम्स, स्लैब और बार्स",,,,,,,,,,,,,,,1,F034,bis_gazette_notification.csv,,F034:-:214;F034:-:1113,MERGED,0,,,,1,5.56
NOTIF-00726,,,,डिसरप्टिव पैटर्न नायलॉन-66 से बने गोला-बारूद और ग्रेनेड के लिए पाउच,,,,,,,,,,,,,,,1,F034,bis_gazette_notification.csv,,F034:-:464;F034:-:1363,MERGED,0,,,,1,5.56
NOTIF-00727,,,,डिस्पोजेबल बेबी डायपर,,,,,,,,,,,,,,,1,F034,bis_gazette_notification.csv,,F034:-:586;F034:-:1485,MERGED,0,,,,1,5.56
NOTIF-00728,,,,डीज़ल इंजन – NOx रिडक्शन एजेंट AUS 32,"114. डीज़ल इंजन – NOx रिडक्शन एजेंट AUS 32 (गुणवत्ता नियंत्रण) आदेश, 2024 S.O. 922(E), दिनांक 26 फरवरी 2024",,,,,,,,,,,,,,1,F034,bis_gazette_notification.csv,,F034:-:702;F034:-:1601,MERGED,0,,,,2,11.11
NOTIF-00729,,,,डेंटल बिब या नैपकिन,,,,,,,,,,,,,,,1,F034,bis_gazette_notification.csv,,F034:-:589;F034:-:1488,MERGED,0,,,,1,5.56
NOTIF-00730,,,,"डोर क्लोज़र्स, छिपे हुए प्रकार (हाइड्रॉलिकली नियंत्रित)",,,,,,,,,,,,,,,1,F034,bis_gazette_notification.csv,,F034:-:632;F034:-:1531,MERGED,0,,,,1,5.56
NOTIF-00731,,,,डोर क्लोज़र्स (न्यूमैटिकली नियंत्रित) 40 किग्रा तक के हल्के दरवाजों के लिए,"99. डोर फिटिंग्स (गुणवत्ता नियंत्रण) आदेश, 2023 S.O. 4646(E), दिनांक 23 अक्टूबर 2023",,,,,,,,,,,,,,1,F034,bis_gazette_notification.csv,,F034:-:631;F034:-:1530,MERGED,0,,,,2,11.11
NOTIF-00732,,,,डोर हैंडल्स,,,,,,,,,,,,,,,1,F034,bis_gazette_notification.csv,,F034:-:636;F034:-:1535,MERGED,0,,,,1,5.56
NOTIF-00733,,,,"ड्रम्स, बड़े खुले टॉप","98. ड्रम और टिन्स (गुणवत्ता नियंत्रण) आदेश, 2023 S.O. 4596(E), दिनांक 17 अक्टूबर 2023",,,,,,,,,,,,,,1,F034,bis_gazette_notification.csv,,F034:-:623;F034:-:1522,MERGED,0,,,,2,11.11
NOTIF-00734,,,,"ड्रम्स, बड़े, फिक्स्ड एंड्स - ग्रेड",,,,,,,,,,,,,,,1,F034,bis_gazette_notification.csv,,F034:-:1524,CANONICAL,0,,,,1,5.56
NOTIF-00735,,,,"ड्रम्स बड़े, फिक्स्ड एंड्स - ग्रेड A",,,,,,,,,,,,,,,1,F034,bis_gazette_notification.csv,,F034:-:1523,CANONICAL,0,,,,1,5.56
NOTIF-00736,,,,"ड्रम्स, बड़े, फिक्स्ड एंड्स – ग्रेड",,,,,,,,,,,,,,,1,F034,bis_gazette_notification.csv,,F034:-:625,CANONICAL,0,,,,1,5.56
NOTIF-00737,,,,"ड्रम्स बड़े, फिक्स्ड एंड्स – ग्रेड A",,,,,,,,,,,,,,,1,F034,bis_gazette_notification.csv,,F034:-:624,CANONICAL,0,,,,1,5.56
NOTIF-00738,,,,ड्राईवाल स्क्रू – विनिर्देश,,,,,,,,,,,,,,,1,F034,bis_gazette_notification.csv,,F034:-:758;F034:-:1657,MERGED,0,,,,1,5.56
NOTIF-00739,,,,ड्रिप सिंचाई प्रणाली के मेन और सबमेन में उपयोग के लिए हाई डेंसिटी पॉलीइथिलीन (HDPE) लेमिनेटेड बुना फ्लैट ट्यूब,,,,,,,,,,,,,,,1,F034,bis_gazette_notification.csv,,F034:-:600;F034:-:1499,MERGED,0,,,,1,5.56
NOTIF-00740,,,,ड्रॉप फोर्जिंग के लिए डाई ब्लॉक्स के लिए स्टील,,,,,,,,,,,,,,,1,F034,bis_gazette_notification.csv,,F034:-:210;F034:-:1109,MERGED,0,,,,1,5.56
NOTIF-00741,,,,ढलाई एल्यूमिनियम एवं इसकी मिश्रधातुएँ – सामान्य अभियांत्रिकी प्रयोजनों हेतु इनगॉट्स एवं कास्टिंग,"एल्यूमिनियम एवं एल्यूमिनियम मिश्रधातु (गुणवत्ता नियंत्रण) आदेश, 2023 एस.ओ. 3846(ई), दिनांक 31 अगस्त 2023 एल्यूमिनियम एवं एल्यूमिनियम मिश्रधातु (गुणवत्ता नियंत्रण) संशोधन आदेश, 2023 (एस.ओ. 5090(ई), दिनांक 30 नवंबर 2023) एल्यूमिनियम एवं एल्यूमिनियम मिश्रधातु (गुणवत्ता नियंत्रण) संशोधन आदेश, 2024 एस.ओ. 1902(ई), दिनांक 03 मई 2024 एल्यूमिनियम एवं एल्यूमिनियम मिश्रधातु (गुणवत्ता नियंत्रण) आदेश, 2023 की वापसी एस.ओ. 5173(ई), दिनांक 13 नवंबर 2025",,,,,,,,,,,,,,1,F034,bis_gazette_notification.csv,,F034:-:537;F034:-:1436,MERGED,0,,,,2,11.11
NOTIF-00742,,,,ढाले हुए ठोस रबर के तले एवं एड़ियाँ,,,,,,,,,,,,,,,1,F034,bis_gazette_notification.csv,,F034:-:378;F034:-:1277,MERGED,0,,,,1,5.56
NOTIF-00743,,,,ढाले हुए प्लास्टिक फुटवियर – सामान्य औद्योगिक उपयोग हेतु लाइनिंग युक्त या बिना लाइनिंग वाले पॉलीयूरीथेन बूट,,,,,,,,,,,,,,,1,F034,bis_gazette_notification.csv,,F034:-:387;F034:-:1286,MERGED,0,,,,1,5.56
NOTIF-00744,,,,तंबाकू कटाई करने वालों के लिए नायलॉन बुनाई वाले सीमलेस दस्ताने,,,,,,,,,,,,,,,1,F034,bis_gazette_notification.csv,,F034:-:599;F034:-:1498,MERGED,0,,,,1,5.56
NOTIF-00745,,,,तत्काल जल हीटर के लिए उपकरण,,,,,,,,,,,,,,,1,F034,bis_gazette_notification.csv,,F034:-:736;F034:-:1635,MERGED,0,,,,1,5.56
NOTIF-00746,,,,तरंगित एल्युमिनियम शीट,,,,,,,,,,,,,,,1,F034,bis_gazette_notification.csv,,F034:-:578;F034:-:1477,MERGED,0,,,,1,5.56
NOTIF-00747,,,,तरलीकृत पेट्रोलियम गैस (एलपीजी) हेतु रबर होज़ – विनिर्देशन भाग 1 (औद्योगिक उपयोग),"50. तरलीकृत पेट्रोलियम गैस (एलपीजी) हेतु रबर होज़ (गुणवत्ता नियंत्रण) आदेश, 2020 (अधिसूचना सं. S.O. 478(E) दिनांक 28 जनवरी 2020)",,,,,,,,,,,,,,1,F034,bis_gazette_notification.csv,,F034:-:338;F034:-:1237,MERGED,0,,,,2,11.11
NOTIF-00748,,,,तरलीकृत पेट्रोलियम गैस (एलपीजी) हेतु रबर होज़ – विनिर्देशन भाग 2 (घरेलू एवं वाणिज्यिक उपयोग),,,,,,,,,,,,,,,1,F034,bis_gazette_notification.csv,,F034:-:339;F034:-:1238,MERGED,0,,,,1,5.56
NOTIF-00749,,,,तरलीकृत पेट्रोलियम गैस के उपयोग हेतु घरेलू गैस चूल्हे,"46. तरलीकृत पेट्रोलियम गैस के उपयोग हेतु घरेलू गैस चूल्हे (गुणवत्ता नियंत्रण) आदेश, 2019 अधिसूचना सं. S.O. 4345(E) दिनांक 03 दिसंबर, 2019",,,,,,,,,,,,,,1,F034,bis_gazette_notification.csv,,F034:-:318;F034:-:1217,MERGED,0,,,,2,11.11
NOTIF-00750,,,,तलवों एवं एड़ियों के लिए रबर माइक्रोसेल्युलर शीट,,,,,,,,,,,,,,,1,F034,bis_gazette_notification.csv,,F034:-:379;F034:-:1278,MERGED,0,,,,1,5.56
NOTIF-00751,,,,ताँबा,"ताँबा (गुणवत्ता नियंत्रण) आदेश, 2023 एस.ओ. 3847(ई), दिनांक 31 अगस्त 2023 ताँबा (गुणवत्ता नियंत्रण) संशोधन आदेश, 2023 (एस.ओ. 4796(ई), दिनांक 3 नवंबर 2023) ताँबा (गुणवत्ता नियंत्रण) संशोधन आदेश, 2024 एस.ओ. 1901(ई), दिनांक 03 मई 2024 ताँबा (गुणवत्ता नियंत्रण) आदेश, 2023 की वापसी एस.ओ. 5174(ई), दिनांक 13 नवंबर 2025",,,,,,,,,,,,,,1,F034,bis_gazette_notification.csv,,F034:-:542;F034:-:1441,MERGED,0,,,,2,11.11
NOTIF-00752,,,,ताले (पैडलॉक) के साथ उपयोग हेतु अलौह धातु स्लाइडिंग दरवाजा बोल्ट (एलड्रॉप्स),,,,,,,,,,,,,,,1,F034,bis_gazette_notification.csv,,F034:-:501;F034:-:1400,MERGED,0,,,,1,5.56
NOTIF-00753,,,,ताले (पैडलॉक) के साथ उपयोग हेतु माइल्ड स्टील स्लाइडिंग दरवाजा बोल्ट,,,,,,,,,,,,,,,1,F034,bis_gazette_notification.csv,,F034:-:502;F034:-:1401,MERGED,0,,,,1,5.56
NOTIF-00754,,,,ताले (पैडलॉक) के साथ उपयोग हेतु स्टेनलेस स्टील स्लाइडिंग दरवाजा बोल्ट (एलड्रॉप्स),,,,,,,,,,,,,,,1,F034,bis_gazette_notification.csv,,F034:-:500;F034:-:1399,MERGED,0,,,,1,5.56
NOTIF-00755,,,,ताले (पैडलॉक) के साथ उपयोग हेतु स्लाइडिंग लॉकिंग बोल्ट,,,,,,,,,,,,,,,1,F034,bis_gazette_notification.csv,,F034:-:503;F034:-:1402,MERGED,0,,,,1,5.56
NOTIF-00756,,,,तिजोरियाँ,"109. तिजोरी, सेफ डिपॉज़िट लॉकर कैबिनेट और कुंजी ताले (गुणवत्ता नियंत्रण) आदेश, 2023 S.O. 5293(E), दिनांक 08 दिसंबर 2023",,,,,,,,,,,,,,1,F034,bis_gazette_notification.csv,,F034:-:664;F034:-:1563,MERGED,0,,,,2,11.11
NOTIF-00757,,,,तिरछे और अर्ध-तिरछे एस्बेस्टस सीमेंट शीट्स,"121. एस्बेस्टस या फाइबर सीमेंट आधारित उत्पाद (गुणवत्ता नियंत्रण) आदेश, 2024 S.O. 1152(E), दिनांक 06 मार्च 2024",,,,,,,,,,,,,,1,F034,bis_gazette_notification.csv,,F034:-:714;F034:-:1613,MERGED,0,,,,2,11.11
NOTIF-00758,,,,तेल कुआँ सीमेंट,,,,,,,,,,,,,,,1,F034,bis_gazette_notification.csv,,F034:-:14;F034:-:913,MERGED,0,,,,1,5.56
NOTIF-00759,,,,तेल दाब स्टोव,,,,,,,,,,,,,,,1,F034,bis_gazette_notification.csv,,F034:-:49;F034:-:948,MERGED,0,,,,1,5.56
NOTIF-00760,,,,"तेल दाब स्टोव, ऑफसेट बर्नर प्रकार","5. तेल दाब स्टोव (गुणवत्ता नियंत्रण) आदेश, 1997 एस.ओ. 451(E), दिनांक 16 जून 1997",,,,,,,,,,,,,,1,F034,bis_gazette_notification.csv,,F034:-:47;F034:-:946,MERGED,0,,,,2,11.11
NOTIF-00761,,,,त्वरित सख्त होने वाली पोर्टलैंड सीमेंट,,,,,,,,,,,,,,,1,F034,bis_gazette_notification.csv,,F034:-:11;F034:-:910,MERGED,0,,,,1,5.56
NOTIF-00762,,,,थर्मोकपल प्रतिपूरक केबलों का विनिर्देशन,,,,,,,,,,,,,,,1,F034,bis_gazette_notification.csv,,F034:-:331;F034:-:1230,MERGED,0,,,,1,5.56
NOTIF-00763,,,,थर्मोस्टैट मेटल शीट और स्ट्रिप,,,,,,,,,,,,,,,1,F034,bis_gazette_notification.csv,,F034:-:217;F034:-:1116,MERGED,0,,,,1,5.56
NOTIF-00764,,,,दाब पात्रों हेतु कार्बन मैंगनीज स्टील फोर्जिंग्स — विनिर्देश,,,,,,,,,,,,,,,1,F034,bis_gazette_notification.csv,,F034:-:139;F034:-:1038,MERGED,0,,,,1,5.56
NOTIF-00765,,,,दूध पाउडर अनिवार्य BIS प्रमाणन से विमुक्त,,,,,,,,,,,,,,,1,F034,bis_gazette_notification.csv,,F034:-:40;F034:-:939,MERGED,0,,,,1,5.56
NOTIF-00766,,,,दो एवं तीन पहिया वाहनों के लिए ऑटोमोबाइल व्हील रिम – भाग 1 लाइट एलॉय व्हील रिम – परीक्षण विधियाँ एवं आवश्यकताएँ,"ऑटोमोबाइल व्हील रिम घटक (गुणवत्ता नियंत्रण) आदेश, 2020 (एस.ओ. 3227(ई), दिनांक 21/09/2020) 60. ऑटोमोबाइल व्हील रिम घटक (गुणवत्ता नियंत्रण) संशोधन आदेश, 2021 द्वारा प्रतिस्थापित ऑटोमोबाइल व्हील रिम घटक (गुणवत्ता नियंत्रण) द्वितीय संशोधन आदेश, 2021 (एस.ओ. 4493(ई), दिनांक 22 अक्टूबर 2021) ऑटोमोबाइल व्हील रिम घटक (गुणवत्ता नियंत्रण) संशोधन आदेश, 2022 (संशोधन आदेश एस.ओ. 2634(ई), दिनांक 8 जून 2022) ऑटोमोबाइल व्हील रिम घटक (गुणवत्ता नियंत्रण) संशोधन आदेश, 2023 (एस.ओ. 2657(ई), दिनांक 15 जून 2023) ऑटोमोबाइल व्हील रिम घटक (गुणवत्ता नियंत्रण) संशोधन आदेश–II, 2023 (एस.ओ. 5379(ई), दिनांक 19 दिसंबर 2023)",,,,,,,,,,,,,,1,F034,bis_gazette_notification.csv,,F034:-:370;F034:-:1269,MERGED,0,,,,2,11.11
NOTIF-00767,,,,दो एवं तीन पहिया वाहनों के लिए ऑटोमोबाइल व्हील रिम – भाग 2 शीट मेटल व्हील रिम – परीक्षण विधियाँ एवं आवश्यकताएँ,,,,,,,,,,,,,,,1,F034,bis_gazette_notification.csv,,F034:-:371;F034:-:1270,MERGED,0,,,,1,5.56
NOTIF-00768,,,,दो एवं तीन पहिया वाहनों के लिए ऑटोमोबाइल व्हील रिम – भाग 3 स्पोक व्हील रिम – परीक्षण विधियाँ एवं आवश्यकताएँ,,,,,,,,,,,,,,,1,F034,bis_gazette_notification.csv,,F034:-:372;F034:-:1271,MERGED,0,,,,1,5.56
NOTIF-00769,,,,दो पहिया मोटर वाहनों के चालकों के लिए हेलमेट,"65. दो पहिया मोटर वाहनों के चालकों के लिए हेलमेट (गुणवत्ता नियंत्रण) आदेश, 2020 (एस.ओ. संख्या 4252(ई), दिनांक 26/11/2020)",,,,,,,,,,,,,,1,F034,bis_gazette_notification.csv,,F034:-:411;F034:-:1310,MERGED,0,,,,2,11.11
NOTIF-00770,,,,द्रवीकृत पेट्रोलियम गैस के साथ उपयोग हेतु तात्कालिक घरेलू जल हीटर,"43. भारतीय मानक ब्यूरो द्वारा द्रवीकृत पेट्रोलियम गैस के साथ उपयोग हेतु घरेलू जल हीटर (गुणवत्ता नियंत्रण) आदेश, 2018 एस.ओ. 5244(ई), दिनांक 10 अक्टूबर 2018",,,,,,,,,,,,,,1,F034,bis_gazette_notification.csv,,F034:-:307;F034:-:1206,MERGED,0,,,,2,11.11
NOTIF-00771,,,,नगरपालिका सफाई कार्य हेतु पुरुषों एवं महिलाओं के लिए फुटवियर,,,,,,,,,,,,,,,1,F034,bis_gazette_notification.csv,,F034:-:388;F034:-:1287,MERGED,0,,,,1,5.56
NOTIF-00772,,,,नारियल फैटी एसिड,"नारियल फैटी एसिड (गुणवत्ता नियंत्रण) आदेश, 2022 (एस.ओ. 1961(ई), दिनांक 27/04/2022) नारियल फैटी एसिड (गुणवत्ता नियंत्रण) संशोधन आदेश, 2022 (विभिन्न रसायनों हेतु संशोधन आदेश, दिनांक 21 अक्टूबर 2022) नारियल फैटी एसिड (गुणवत्ता नियंत्रण) संशोधन आदेश, 2023 (एस.ओ. 1868(ई), दिनांक 24/04/2023) नारियल फैटी एसिड (गुणवत्ता नियंत्रण) संशोधन आदेश, 2023 (एस.ओ. 4612(ई), 19 अक्टूबर 2023) नारियल फैटी एसिड (गुणवत्ता नियंत्रण) संशोधन आदेश, 2024 एस.ओ. 1140(ई), दिनांक 07 मार्च 2024 नारियल फैटी एसिड (गुणवत्ता नियंत्रण) द्वितीय संशोधन आदेश, 2024 एस.ओ. 4615(ई), दिनांक 22 अक्टूबर 2024 नारियल फैटी एसिड (गुणवत्ता नियंत्रण) संशोधन आदेश, 2025 एस.ओ. 1874(ई), दिनांक 25 अप्रैल 2025 नारियल फैटी एसिड (गुणवत्ता नियंत्रण) आदेश, 2022 को निरस्त किया गया एस.ओ. 4784(ई), दिनांक 22 अक्टूबर 2025",,,,,,,,,,,,,,1,F034,bis_gazette_notification.csv,,F034:-:301;F034:-:1200,MERGED,0,,,,2,11.11
NOTIF-00773,,,,निकेल पाउडर,"निकेल (गुणवत्ता नियंत्रण) आदेश, 2023 एस.ओ. 3848(ई), दिनांक 31 अगस्त 2023 निकेल (गुणवत्ता नियंत्रण) संशोधन आदेश, 2023 (एस.ओ. 5091(ई), दिनांक 30 नवंबर 2023) निकेल (गुणवत्ता नियंत्रण) संशोधन आदेश, 2024 एस.ओ. 1900(ई), दिनांक 03 मई 2024 निकेल (गुणवत्ता नियंत्रण) आदेश, 2023 की वापसी एस.ओ. 5166(ई), दिनांक 13 नवंबर 2025",,,,,,,,,,,,,,1,F034,bis_gazette_notification.csv,,F034:-:543;F034:-:1442,MERGED,0,,,,2,11.11
NOTIF-00774,,,,"निम्न दाब द्रवीकरणीय गैस सिलेंडरों के निर्माण हेतु 6 मिमी तक की हॉट रोल्ड इस्पात प्लेट, शीट एवं स्ट्रिप",,,,,,,,,,,,,,,1,F034,bis_gazette_notification.csv,,F034:-:101;F034:-:1000,MERGED,0,,,,1,5.56
NOTIF-00775,,,,निरंतर कास्टिंग एवं रोलिंग द्वारा निर्मित ईसी ग्रेड एल्यूमिनियम रॉड,,,,,,,,,,,,,,,1,F034,bis_gazette_notification.csv,,F034:-:565;F034:-:1464,MERGED,0,,,,1,5.56
NOTIF-00776,,,,निरंतर पूर्व-पेंटेड गैल्वेनाइज्ड स्टील शीट एवं कॉइल,,,,,,,,,,,,,,,1,F034,bis_gazette_notification.csv,,F034:-:108;F034:-:1007,MERGED,0,,,,1,5.56
NOTIF-00777,,,,नीडल पंच्ड नॉन-वोवन जियोबैग्स,,,,,,,,,,,,,,,1,F034,bis_gazette_notification.csv,,F034:-:437;F034:-:1336,MERGED,0,,,,1,5.56
NOTIF-00778,,,,नैदानिक चिकित्सा एक्स-रे उपकरण,"9. नैदानिक चिकित्सा एक्स-रे उपकरण AERB/443/39 MDX/3509/94, अक्टूबर 1994",,,,,,,,,,,,,,1,F034,bis_gazette_notification.csv,,F034:-:74;F034:-:973,MERGED,0,,,,2,11.11
NOTIF-00779,,,,पर्दे एवं ड्रेप्स,"74. सुरक्षात्मक वस्त्र (गुणवत्ता नियंत्रण) आदेश, 2022 (एस.ओ. 1707(ई), दिनांक 10 अप्रैल 2023) सुरक्षात्मक वस्त्र (गुणवत्ता नियंत्रण) संशोधन आदेश, 2022 (एस.ओ. 2332(ई), दिनांक 24 मई 2023) सुरक्षात्मक वस्त्र (गुणवत्ता नियंत्रण) संशोधन आदेश, 2024 एस.ओ. 3896(ई), दिनांक 12 सितम्बर 2024",,,,,,,,,,,,,,1,F034,bis_gazette_notification.csv,,F034:-:456;F034:-:1355,MERGED,0,,,,2,11.11
NOTIF-00780,,,,पशुओं के लिए मिश्रित आहार,"59. एफएसएसएआई निर्देश (फाइल सं. 1-95/Std/Misc/SP(LC&A)/FSSAI-2015-Pt-1c, दिनांक 27.01.2020) शुद्धिपत्र, दिनांक 30.01.2020 27 जनवरी 2020 के निर्देश के अनुपालन हेतु समय-सीमा में विस्तार 01 जनवरी 2021 के निर्देश के अनुपालन हेतु समय-सीमा में विस्तार खाद्य सुरक्षा एवं मानक अधिनियम, 2006 की धारा 16(5) के अंतर्गत जारी 27 जनवरी 2020 के निर्देश के अनुपालन हेतु समय-सीमा में विस्तार",,,,,,,,,,,,,,1,F034,bis_gazette_notification.csv,,F034:-:368;F034:-:1267,MERGED,0,,,,2,11.11
NOTIF-00781,,,,पहियों वाले अग्निशामक यंत्र,,,,,,,,,,,,,,,1,F034,bis_gazette_notification.csv,,F034:-:517;F034:-:1416,MERGED,0,,,,1,5.56
NOTIF-00782,,,,पाइप किए गए प्राकृतिक गैस (PNG) के लिए मिनी घरेलू जल हीटर,,,,,,,,,,,,,,,1,F034,bis_gazette_notification.csv,,F034:-:739;F034:-:1638,MERGED,0,,,,1,5.56
NOTIF-00783,,,,पाइप रिंच – भारी कार्य के लिए,,,,,,,,,,,,,,,1,F034,bis_gazette_notification.csv,,F034:-:860;F034:-:1759,MERGED,0,,,,1,5.56
NOTIF-00784,,,,पाइप रिंच – सामान्य उपयोग,,,,,,,,,,,,,,,1,F034,bis_gazette_notification.csv,,F034:-:859;F034:-:1758,MERGED,0,,,,1,5.56
NOTIF-00785,,,,"पाइपलाइन ट्रांसपोर्टेशन सिस्टम के लिए वेल्डेड स्टील पाइप हेतु हॉट-रोल्ड स्टील स्ट्रिप, शीट और प्लेट्स",,,,,,,,,,,,,,,1,F034,bis_gazette_notification.csv,,F034:-:222;F034:-:1121,MERGED,0,,,,1,5.56
NOTIF-00786,,,,पाइप्ड प्राकृतिक गैस (पीएनजी) के उपयोग हेतु घरेलू गैस चूल्हे,"84. पाइप्ड प्राकृतिक गैस के उपयोग हेतु घरेलू गैस चूल्हे (गुणवत्ता नियंत्रण) आदेश, 2023 एस.ओ. 3584(ई), दिनांक 9 अगस्त 2023",,,,,,,,,,,,,,1,F034,bis_gazette_notification.csv,,F034:-:514;F034:-:1413,MERGED,0,,,,2,11.11
NOTIF-00787,,,,पाइरीडीन,"पाइरीडीन (गुणवत्ता नियंत्रण) आदेश, 2020 (एस.ओ. 1890(ई), दिनांक 16/06/2020) पाइरीडीन (गुणवत्ता नियंत्रण) आदेश, 2020 में संशोधन (एस.ओ. 4416(ई), दिनांक 04/12/2020) पाइरीडीन (गुणवत्ता नियंत्रण) आदेश, 2020 में संशोधन एस.ओ. 1070(ई), दिनांक 05 मार्च 2024 एस.ओ. 1125(ई), दिनांक 11 मार्च 2025 पाइरीडीन (गुणवत्ता नियंत्रण) आदेश, 2020 निरस्त एस.ओ. 5307(ई), दिनांक 20 नवंबर 2025",,,,,,,,,,,,,,1,F034,bis_gazette_notification.csv,,F034:-:252;F034:-:1151,MERGED,0,,,,2,11.11
NOTIF-00788,,,,पानी की कुओं के लिए उपयोग होने वाली स्टील ट्यूब्स (200 मिमी व्यास तक),,,,,,,,,,,,,,,1,F034,bis_gazette_notification.csv,,F034:-:231;F034:-:1130,MERGED,0,,,,1,5.56
NOTIF-00789,,,,"पानी, गैस एवं सीवेज के लिए केन्द्रापसारित ढलाई (स्पन) कास्ट आयरन प्रेशर पाइप","67. केन्द्रापसारित ढलाई (स्पन) कास्ट आयरन पाइप (गुणवत्ता नियंत्रण) आदेश, 2021 (एस.ओ. संख्या 116(ई), दिनांक 12/01/2021)",,,,,,,,,,,,,,1,F034,bis_gazette_notification.csv,,F034:-:416;F034:-:1315,MERGED,0,,,,2,11.11
NOTIF-00790,,,,"पानी, गैस और सीवेज के लिए प्रेशर पाइप्स के डक्टाइल आयरन फिटिंग्स",,,,,,,,,,,,,,,1,F034,bis_gazette_notification.csv,,F034:-:228;F034:-:1127,MERGED,0,,,,1,5.56
NOTIF-00791,,,,"पानी, गैस और सीवेज के लिए सेंट्रीफ्यूगली कास्ट (स्पन) डक्टाइल आयरन प्रेशर पाइप्स","11. डक्टाइल आयरन प्रेशर पाइप्स और फिटिंग्स (गुणवत्ता नियंत्रण) आदेश, 2009 S.O. No. 1544(E) दिनांक 25-06-2009 उपरोक्त आदेश को DIPP द्वारा गजट नोटिफिकेशन संख्या 2681(E) दिनांक 23 अक्टूबर 2009 के माध्यम से रद्द कर दिया गया और नई नोटिफिकेशन संख्या 2749(E) दिनांक 30-10-2009 जारी की गई।",,,,,,,,,,,,,,1,F034,bis_gazette_notification.csv,,F034:-:227;F034:-:1126,MERGED,0,,,,2,11.11
NOTIF-00792,,,,पाम फैटी अम्ल,"पाम फैटी अम्ल (गुणवत्ता नियंत्रण) आदेश, 2022 (एस.ओ. 1961(ई), दिनांक 27/04/2022) पाम फैटी अम्ल (गुणवत्ता नियंत्रण) संशोधन आदेश, 2022 (विभिन्न रसायनों हेतु संशोधन आदेश, दिनांक 21 अक्टूबर 2022) पाम फैटी अम्ल (गुणवत्ता नियंत्रण) संशोधन आदेश, 2023 (एस.ओ. 1866(ई), दिनांक 24/04/2023) पाम फैटी अम्ल (गुणवत्ता नियंत्रण) संशोधन आदेश, 2023 (एस.ओ. 4610(ई), दिनांक 19 अक्टूबर 2023) पाम फैटी अम्ल (गुणवत्ता नियंत्रण) संशोधन आदेश, 2024 एस.ओ. 1138(ई), दिनांक 07 मार्च 2024 पाम फैटी अम्ल (गुणवत्ता नियंत्रण) द्वितीय संशोधन आदेश, 2024 एस.ओ. 4613(ई), दिनांक 22 अक्टूबर 2024 पाम फैटी अम्ल (गुणवत्ता नियंत्रण) संशोधन आदेश, 2025 एस.ओ. 1872(ई), दिनांक 25 अप्रैल 2025 पाम फैटी अम्ल (गुणवत्ता नियंत्रण) आदेश, 2022 को निरस्त किया गया एस.ओ. 4782(ई), दिनांक 22 अक्टूबर 2025",,,,,,,,,,,,,,1,F034,bis_gazette_notification.csv,,F034:-:299;F034:-:1198,MERGED,0,,,,2,11.11
NOTIF-00793,,,,पारदर्शी फ्लोट ग्लास,"पारदर्शी फ्लोट ग्लास (गुणवत्ता नियंत्रण) आदेश, 2019 (अधिसूचना सं. S.O. 03 (E) दिनांक 31/12/2019) पारदर्शी फ्लोट ग्लास (गुणवत्ता नियंत्रण) (संशोधन) आदेश, 2020 (अधिसूचना सं. S.O. 2016(E) दिनांक 23/06/2020) 47. पारदर्शी फ्लोट ग्लास (गुणवत्ता नियंत्रण) आदेश, 2021 द्वारा प्रतिस्थापित (अधिसूचना सं. S.O. 1928 (E) दिनांक 17.05.2021)",,,,,,,,,,,,,,1,F034,bis_gazette_notification.csv,,F034:-:320;F034:-:1219,MERGED,0,,,,2,11.11
NOTIF-00794,,,,पिस्टन पिन (गुड्जन पिन) हेतु स्टील,,,,,,,,,,,,,,,1,F034,bis_gazette_notification.csv,,F034:-:178;F034:-:1077,MERGED,0,,,,1,5.56
NOTIF-00795,,,,पीने के प्रयोजन हेतु रिवर्स ऑस्मोसिस आधारित प्वाइंट ऑफ यूज़ जल उपचार प्रणाली,"70. पर्यावरण (संरक्षण) 115 संशोधन नियम, 2021 (जल शोधन प्रणाली अधिसूचना G.S.R. 724(ई), दिनांक 04/10/2021) जल शोधन प्रणाली (उपयोग का विनियमन) नियम, 2023 G.S.R. 833(ई), दिनांक 10 नवम्बर 2023",,,,,,,,,,,,,,1,F034,bis_gazette_notification.csv,,F034:-:424;F034:-:1323,MERGED,0,,,,2,11.11
NOTIF-00796,,,,"पीने योग्य पानी की बोतलें (तांबा, स्टेनलेस स्टील, एल्युमिनियम)","77. पीने योग्य पानी की बोतलें (गुणवत्ता नियंत्रण) आदेश, 2023 एस.ओ. 2988(ई), दिनांक 5 जुलाई 2023 पीने योग्य पानी की बोतलें (गुणवत्ता नियंत्रण) आदेश, 2024 एस.ओ. 1071(ई), दिनांक 05 मार्च 2024 पीने योग्य पानी की बोतलें (गुणवत्ता नियंत्रण) संशोधन आदेश, 2024 एस.ओ. 3702(ई), दिनांक 29 अगस्त 2024",,,,,,,,,,,,,,1,F034,bis_gazette_notification.csv,,F034:-:473;F034:-:1372,MERGED,0,,,,2,11.11
NOTIF-00797,,,,पीयू–रबर सोल वाले हाई एंकल टैक्टिकल बूट्स,,,,,,,,,,,,,,,1,F034,bis_gazette_notification.csv,,F034:-:399;F034:-:1298,MERGED,0,,,,1,5.56
NOTIF-00798,,,,पीवीसी (PVC) सैंडल,,,,,,,,,,,,,,,1,F034,bis_gazette_notification.csv,,F034:-:381;F034:-:1280,MERGED,0,,,,1,5.56
NOTIF-00799,,,,"पीवीसी इंसुलेटेड (हेवी ड्यूटी) विद्युत केबलों का विनिर्देशन – भाग 2, 3.3 केवी से 11 केवी तक एवं सहित कार्य वोल्टेज हेतु",,,,,,,,,,,,,,,1,F034,bis_gazette_notification.csv,,F034:-:325;F034:-:1224,MERGED,0,,,,1,5.56
NOTIF-00800,,,,पुन: प्रयोज्य सैनिटरी पैड/सैनिटरी नैपकिन/पीरियड पैंटीज़,,,,,,,,,,,,,,,1,F034,bis_gazette_notification.csv,,F034:-:587;F034:-:1486,MERGED,0,,,,1,5.56
NOTIF-00801,,,,पुनः भरने योग्य सीमलेस स्टील गैस सिलेंडर – भाग 1 : नॉर्मलाइज्ड स्टील सिलेंडर,,,,,,,,,,,,,,,1,F034,bis_gazette_notification.csv,,F034:-:64;F034:-:963,MERGED,0,,,,1,5.56
NOTIF-00802,,,,पुनः भरने योग्य सीमलेस स्टील गैस सिलेंडर – भाग 2 : क्वेन्च्ड एवं टेम्पर्ड स्टील सिलेंडर (तन्य शक्ति 1100 MPa से कम),,,,,,,,,,,,,,,1,F034,bis_gazette_notification.csv,,F034:-:65;F034:-:964,MERGED,0,,,,1,5.56
NOTIF-00803,,,,पुलिस बल के लिए नॉन-मेटल हेलमेट,,,,,,,,,,,,,,,1,F034,bis_gazette_notification.csv,,F034:-:643;F034:-:1542,MERGED,0,,,,1,5.56
NOTIF-00804,,,,पूर्व-तनावित कंक्रीट में प्रयुक्त उच्च तन्यता स्टील बार — विनिर्देश,,,,,,,,,,,,,,,1,F034,bis_gazette_notification.csv,,F034:-:169;F034:-:1068,MERGED,0,,,,1,5.56
NOTIF-00805,,,,पूर्व-तनावित कंक्रीट हेतु इंडेंटेड तार,,,,,,,,,,,,,,,1,F034,bis_gazette_notification.csv,,F034:-:78;F034:-:977,MERGED,0,,,,1,5.56
NOTIF-00806,,,,पूर्व-तनावित कंक्रीट हेतु बिना कोटिंग का कम रिलैक्सेशन सात-सूत्रीय स्ट्रैंड,,,,,,,,,,,,,,,1,F034,bis_gazette_notification.csv,,F034:-:81;F034:-:980,MERGED,0,,,,1,5.56
NOTIF-00807,,,,पूर्व-तनावित कंक्रीट हेतु बिना कोटिंग का तनाव-मुक्त स्ट्रैंड,,,,,,,,,,,,,,,1,F034,bis_gazette_notification.csv,,F034:-:79;F034:-:978,MERGED,0,,,,1,5.56
NOTIF-00808,,,,"पूर्व-तनावित कंक्रीट हेतु सादा हार्ड-ड्रॉन स्टील तार – भाग 1 : कोल्ड ड्रॉन, तनाव-मुक्त तार","10. इस्पात और इस्पात उत्पाद (गुणवत्ता नियंत्रण) आदेश, 2020 S.O. 756(E), दिनांक 14-02-2020 इससे प्रतिस्थापित: इस्पात और इस्पात उत्पाद (गुणवत्ता नियंत्रण) आदेश, 2020 S.O. 1673(E), दिनांक 27-05-2020 इससे प्रतिस्थापित: इस्पात और इस्पात उत्पाद (गुणवत्ता नियंत्रण) आदेश, 2020 (S.O. 2379(E), दिनांक 17-07-2020) इस्पात उत्पाद आदेश के प्रवर्तन की तिथि में विस्तार, फ़ाइल संख्या S-20011/1/2020-TECH दिनांक 22.07.2020 विस्तार आदेश इससे प्रतिस्थापित: इस्पात और इस्पात उत्पाद (गुणवत्ता नियंत्रण) आदेश, 2020 (S.O. 4082(E), दिनांक 12.11.2020) इससे प्रतिस्थापित: इस्पात और इस्पात उत्पाद (गुणवत्ता नियंत्रण) आदेश, 2020 (S.O. संख्या 4637(E) 22/12/2020) भारतीय मानकों के लिए गुणवत्ता नियंत्रण आदेश के प्रवर्तन की तिथि में विस्तार आदेश (विशेष रूप से IS 3748, IS 7291, और IS 12146) कुछ भारतीय मानकों के लिए गुणवत्ता नियंत्रण आदेश के प्रवर्तन की तिथि में विस्तार आदेश (विशेष रूप से IS 4398 और IS 3195) कुछ भारतीय मानकों के लिए गुणवत्ता नियंत्रण आदेश के प्रवर्तन की तिथि में विस्तार आदेश (विशेष रूप से IS 6526, IS 4454 (भाग 4), IS 11946, IS 11947 और IS 12045) प्रवर्तन तिथि में विस्तार आदेश (विशेष रूप से IS 1110, IS 4409) प्रवर्तन तिथि में विस्तार आदेश (विशेष रूप से IS 4432, IS 5518, IS 12145, IS 13387, IS 4072 और IS 13352) प्रवर्तन तिथि में विस्तार आदेश (विशेष रूप से IS 7226, IS 14331) प्रवर्तन तिथि में विस्तार आदेश (विशेष रूप से IS 6529) प्रवर्तन तिथि में विस्तार आदेश (विशेष रूप से IS 1993, IS 12591) प्रवर्तन तिथि में विस्तार आदेश IS 3748, IS 7291 और IS 12146 के लिए गुणवत्ता नियंत्रण आदेश पर विस्तार IS 4454 (भाग 4): 2001, IS 11946: 1987 और IS 11947: 1987 के लिए गुणवत्ता नियंत्रण आदेश के प्रवर्तन तिथि में विस्तार आदेश प्रवर्तन तिथि में विस्तार आदेश (विशेष रूप से IS 1110: 1990 & IS 4409: 1973) प्रवर्तन तिथि में विस्तार आदेश (विशेष रूप से IS 14331: 1995) प्रवर्तन तिथि में विस्तार आदेश (विशेष रूप से IS 13387: 1992) प्रवर्तन तिथि में विस्तार आदेश (विशेष रूप से IS 1110: 1990 & IS 4409: 1973) प्रवर्तन तिथि में विस्तार आदेश (विशेष रूप से IS 1110: 1990 & IS 4409: 1973), दिनांक 01 नवंबर 2022 प्रवर्तन तिथि में विस्तार आदेश (विशेष रूप से IS 4409: 1973), दिनांक 06 फरवरी 2023 प्रवर्तन तिथि में विस्तार आदेश (विशेष रूप से IS 4409: 1973, दिनांक 25 जुलाई 2023) इस्पात और इस्पात उत्पाद (गुणवत्ता नियंत्रण) आदेश, 2024 S.O. 574(E) दिनांक 5 फरवरी, 2024 प्रवर्तन तिथि में विस्तार आदेश (विशेष रूप से IS 4409: 2023, दिनांक 01 मई 2024) प्रवर्तन तिथि में विस्तार आदेश (विशेष रूप से IS 4409: 2023, दिनांक 01 अगस्त 2024) इस्पात और इस्पात उत्पाद (गुणवत्ता नियंत्रण) आदेश, 2024 S.O. 3716(E), दिनांक 29 अगस्त 2024 इस्पात और इस्पात उत्पाद (गुणवत्ता नियंत्रण) संशोधन आदेश, 2025 S.O. 5134(E) दिनांक 20 नवंबर, 2025",,,,,,,,,,,,,,1,F034,bis_gazette_notification.csv,,F034:-:76;F034:-:975,MERGED,0,,,,2,11.11
NOTIF-00809,,,,पूर्व-तनावित कंक्रीट हेतु सादा हार्ड-ड्रॉन स्टील तार – भाग 2 : यथाकर्षित तार,,,,,,,,,,,,,,,1,F034,bis_gazette_notification.csv,,F034:-:77;F034:-:976,MERGED,0,,,,1,5.56
NOTIF-00810,,,,पूर्व-पेंटेड एल्युमिनियम-जिंक मिश्र धातु लेपित स्टील स्ट्रिप एवं शीट (सादा),,,,,,,,,,,,,,,1,F034,bis_gazette_notification.csv,,F034:-:109;F034:-:1008,MERGED,0,,,,1,5.56
NOTIF-00811,,,,पेय पदार्थों हेतु एल्युमिनियम कैन,,,,,,,,,,,,,,,1,F034,bis_gazette_notification.csv,,F034:-:512;F034:-:1411,MERGED,0,,,,1,5.56
NOTIF-00812,,,,पेवमेंट संरचनाओं में सब-ग्रेड पृथक्करण में प्रयुक्त जियोटेक्सटाइल्स,,,,,,,,,,,,,,,1,F034,bis_gazette_notification.csv,,F034:-:442;F034:-:1341,MERGED,0,,,,1,5.56
NOTIF-00813,,,,पेवमेंट संरचनाओं में सब-ग्रेड स्थिरीकरण में प्रयुक्त जियोटेक्सटाइल्स,,,,,,,,,,,,,,,1,F034,bis_gazette_notification.csv,,F034:-:444;F034:-:1343,MERGED,0,,,,1,5.56
NOTIF-00814,,,,पेशेवर खेल फुटवियर,,,,,,,,,,,,,,,1,F034,bis_gazette_notification.csv,,F034:-:398;F034:-:1297,MERGED,0,,,,1,5.56
NOTIF-00815,,,,पैन हेड स्क्रू विथ टाइप H या टाइप Z क्रॉस रेस्स – उत्पाद ग्रेड A,,,,,,,,,,,,,,,1,F034,bis_gazette_notification.csv,,F034:-:754;F034:-:1653,MERGED,0,,,,1,5.56
NOTIF-00816,,,,पॉलिएस्टर इंडस्ट्रियल यार्न (IDY),"पॉलिएस्टर इंडस्ट्रियल यार्न (गुणवत्ता नियंत्रण) आदेश, 2021 (एस.ओ. 1622 (ई), दिनांक 15.04.2021) पॉलिएस्टर इंडस्ट्रियल यार्न (गुणवत्ता नियंत्रण) संशोधन आदेश, 2021 (एस.ओ. 4184 (ई), दिनांक 08.10.2021) पॉलिएस्टर इंडस्ट्रियल यार्न (गुणवत्ता नियंत्रण) आदेश, 2022 विभिन्न रसायनों हेतु संशोधन आदेश, दिनांक 05.04.2022 पॉलिएस्टर इंडस्ट्रियल यार्न (गुणवत्ता नियंत्रण) संशोधन आदेश, 2022 विभिन्न पेट्रोकेमिकल्स हेतु संशोधन आदेश, दिनांक 29 सितम्बर 2022 पॉलिएस्टर इंडस्ट्रियल यार्न (गुणवत्ता नियंत्रण) संशोधन आदेश, 2023 (एस.ओ. 1560 (ई), दिनांक 31.03.2023) पॉलिएस्टर इंडस्ट्रियल यार्न (गुणवत्ता नियंत्रण) द्वितीय संशोधन आदेश, 2023 (एस.ओ. 3196 (ई), दिनांक 17 जुलाई 2023) पॉलिएस्टर इंडस्ट्रियल यार्न (IDY) (गुणवत्ता नियंत्रण) आदेश, 2022 का निरसन एस.ओ. 5132 (ई), दिनांक 12 नवम्बर 2025",,,,,,,,,,,,,,1,F034,bis_gazette_notification.csv,,F034:-:279;F034:-:1178,MERGED,0,,,,2,11.11
NOTIF-00817,,,,पॉलिएस्टर कंटीन्यूअस फिलामेंट फुली ड्रॉन यार्न (FDY),"पॉलिएस्टर कंटीन्यूअस फिलामेंट फुली ड्रॉन यार्न (गुणवत्ता नियंत्रण) आदेश, 2021 (एस.ओ. 1621 (ई), दिनांक 15.04.2021) पॉलिएस्टर कंटीन्यूअस फिलामेंट फुली ड्रॉन यार्न (गुणवत्ता नियंत्रण) संशोधन आदेश, 2021 (एस.ओ. 4183 (ई), दिनांक 08.10.2021) पॉलिएस्टर कंटीन्यूअस फिलामेंट फुली ड्रॉन यार्न (गुणवत्ता नियंत्रण) आदेश, 2022 विभिन्न रसायनों हेतु संशोधन आदेश, दिनांक 05.04.2022 पॉलिएस्टर कंटीन्यूअस फिलामेंट फुली ड्रॉन यार्न (गुणवत्ता नियंत्रण) संशोधन आदेश, 2022 विभिन्न पेट्रोकेमिकल्स हेतु संशोधन आदेश, दिनांक 29 सितम्बर 2022 पॉलिएस्टर कंटीन्यूअस फिलामेंट फुली ड्रॉन यार्न (गुणवत्ता नियंत्रण) संशोधन आदेश, 2023 (एस.ओ. 1558 (ई), दिनांक 31.03.2023) पॉलिएस्टर कंटीन्यूअस फिलामेंट फुली ड्रॉन यार्न (गुणवत्ता नियंत्रण) आदेश, 2023 (एस.ओ. 3193 (ई), दिनांक 17 जुलाई 2023) पॉलिएस्टर कंटीन्यूअस फिलामेंट फुली ड्रॉन यार्न (गुणवत्ता नियंत्रण) संशोधन आदेश, 2024 एस.ओ. 2878 (ई), दिनांक 18 जुलाई 2024 पॉलिएस्टर कंटीन्यूअस फिलामेंट फुली ड्रॉन यार्न (गुणवत्ता नियंत्रण) आदेश, 2023 का निरसन एस.ओ. 5134 (ई), दिनांक 12 नवम्बर 2025",,,,,,,,,,,,,,1,F034,bis_gazette_notification.csv,,F034:-:278;F034:-:1177,MERGED,0,,,,2,11.11
NOTIF-00818,,,,पॉलिएस्टर पार्टियली ओरिएंटेड यार्न (POY),"पॉलिएस्टर पार्टियली ओरिएंटेड यार्न (गुणवत्ता नियंत्रण) आदेश, 2021 (एस.ओ. 1623 (ई), दिनांक 15.04.2021) पॉलिएस्टर पार्टियली ओरिएंटेड यार्न (गुणवत्ता नियंत्रण) संशोधन आदेश, 2021 (एस.ओ. 4185 (ई), दिनांक 08.10.2021) पॉलिएस्टर पार्टियली ओरिएंटेड यार्न (गुणवत्ता नियंत्रण) आदेश, 2022 विभिन्न रसायनों हेतु संशोधन आदेश, दिनांक 05.04.2022 पॉलिएस्टर पार्टियली ओरिएंटेड यार्न (गुणवत्ता नियंत्रण) संशोधन आदेश, 2022 विभिन्न पेट्रोकेमिकल्स हेतु संशोधन आदेश, दिनांक 29 सितम्बर 2022 पॉलिएस्टर पार्टियली ओरिएंटेड यार्न (गुणवत्ता नियंत्रण) संशोधन आदेश, 2023 (एस.ओ. 1559 (ई), दिनांक 31.03.2023) पॉलिएस्टर पार्टियली ओरिएंटेड यार्न (गुणवत्ता नियंत्रण) आदेश, 2023 (एस.ओ. 3194 (ई), दिनांक 17 जुलाई 2023) पॉलिएस्टर पार्टियली ओरिएंटेड यार्न (गुणवत्ता नियंत्रण) आदेश, 2023 का निरसन एस.ओ. 5135 (ई), दिनांक 12 नवम्बर 2025",,,,,,,,,,,,,,1,F034,bis_gazette_notification.csv,,F034:-:280;F034:-:1179,MERGED,0,,,,2,11.11
NOTIF-00819,,,,पॉलिएस्टर स्टेपल फाइबर्स (PSF),"पॉलिएस्टर स्टेपल फाइबर्स (गुणवत्ता नियंत्रण) आदेश, 2021 (एस.ओ. 1624 (ई), दिनांक 15.04.2021) पॉलिएस्टर स्टेपल फाइबर्स (गुणवत्ता नियंत्रण) संशोधन आदेश, 2021 (एस.ओ. 4186 (ई), दिनांक 08.10.2021) पॉलिएस्टर स्टेपल फाइबर्स (गुणवत्ता नियंत्रण) आदेश, 2022 विभिन्न रसायनों हेतु संशोधन आदेश, दिनांक 05.04.2022 पॉलिएस्टर स्टेपल फाइबर्स (PSF) (गुणवत्ता नियंत्रण) संशोधन आदेश, 2022 विभिन्न पेट्रोकेमिकल्स हेतु संशोधन आदेश, दिनांक 29 सितम्बर 2022 पॉलिएस्टर स्टेपल फाइबर्स (गुणवत्ता नियंत्रण) संशोधन आदेश, 2023 एस.ओ. 2333 (ई), दिनांक 26 मई 2023 पॉलिएस्टर स्टेपल फाइबर्स (PSF) (गुणवत्ता नियंत्रण) आदेश, 2022 का निरसन एस.ओ. 5133 (ई), दिनांक 12 नवम्बर 2025",,,,,,,,,,,,,,1,F034,bis_gazette_notification.csv,,F034:-:281;F034:-:1180,MERGED,0,,,,2,11.11
NOTIF-00820,,,,पॉली एल्युमिनियम क्लोराइड,"19. पॉली एल्युमिनियम क्लोराइड (गुणवत्ता नियंत्रण) आदेश, 2019 (एस.ओ. 2790 (ई), दिनांक 05/08/2019)",,,,,,,,,,,,,,1,F034,bis_gazette_notification.csv,,F034:-:247;F034:-:1146,MERGED,0,,,,2,11.11
NOTIF-00821,,,,पॉली-लेमिनेटेड एल्युमिनियम केबल रैप,,,,,,,,,,,,,,,1,F034,bis_gazette_notification.csv,,F034:-:696;F034:-:1595,MERGED,0,,,,1,5.56
NOTIF-00822,,,,पॉली विनाइल क्लोराइड (PVC) जियोमेम्ब्रेन,,,,,,,,,,,,,,,1,F034,bis_gazette_notification.csv,,F034:-:436;F034:-:1335,MERGED,0,,,,1,5.56
NOTIF-00823,,,,पॉली विनाइल क्लोराइड (PVC) होमोपॉलिमर,"पॉली विनाइल क्लोराइड (PVC) होमोपॉलिमर (गुणवत्ता नियंत्रण) आदेश, 2024 S.O. 920(E), दिनांक 26 फरवरी 2024 पॉली विनाइल क्लोराइड (PVC) होमोपॉलिमर (गुणवत्ता नियंत्रण) संशोधन आदेश, 2024 S.O. 3595(E), दिनांक 23 अगस्त 2024 पॉली विनाइल क्लोराइड (PVC) होमोपॉलिमर (गुणवत्ता नियंत्रण) तीसरा संशोधन आदेश, 2024 S.O. 5552(E), दिनांक 24 दिसंबर 2024 पॉली विनाइल क्लोराइड (PVC) होमोपॉलिमर (गुणवत्ता नियंत्रण) संशोधन आदेश, 2025 S.O. 2746(E), दिनांक 20 जून 2025 पॉली विनाइल क्लोराइड (PVC) होमोपॉलिमर (गुणवत्ता नियंत्रण) आदेश, 2024 रद्द आदेश S.O. 5139(E), दिनांक 12 नवंबर 2025",,,,,,,,,,,,,,1,F034,bis_gazette_notification.csv,,F034:-:698;F034:-:1597,MERGED,0,,,,2,11.11
NOTIF-00824,,,,पॉलीएस्टर/पॉलीओलेफिन डुअल फाइबर की फाइबर रस्सियाँ,,,,,,,,,,,,,,,1,F034,bis_gazette_notification.csv,,F034:-:873;F034:-:1772,MERGED,0,,,,1,5.56
NOTIF-00825,,,,पॉलीकार्बोनेट,"पॉलीकार्बोनेट (गुणवत्ता नियंत्रण) आदेश, 2021 (एस.ओ. 3930(ई), दिनांक 13.09.2021) पॉलीकार्बोनेट (गुणवत्ता नियंत्रण) आदेश, 2022 (विभिन्न रसायनों हेतु संशोधन आदेश, दिनांक 10/03/2022) पॉलीकार्बोनेट (गुणवत्ता नियंत्रण) द्वितीय संशोधन आदेश, 2022 (विभिन्न पेट्रोकेमिकल्स हेतु संशोधन आदेश, दिनांक 02 सितम्बर 2022) पॉलीकार्बोनेट (गुणवत्ता नियंत्रण) संशोधन आदेश, 2023 (एस.ओ. 1122(ई), दिनांक 09/03/2023) पॉलीकार्बोनेट (गुणवत्ता नियंत्रण) संशोधन आदेश, 2024 एस.ओ. 1109(ई), दिनांक 06 मार्च 2024 पॉलीकार्बोनेट (गुणवत्ता नियंत्रण) द्वितीय संशोधन आदेश, 2024 एस.ओ. 3953(ई), दिनांक 17 सितम्बर 2024 पॉलीकार्बोनेट (गुणवत्ता नियंत्रण) संशोधन आदेश, 2025 एस.ओ. 1128(ई), दिनांक 11 मार्च 2025 पॉलीकार्बोनेट (गुणवत्ता नियंत्रण) संशोधन आदेश, 2025 एस.ओ. 4176(ई), दिनांक 16 सितम्बर 2025 पॉलीकार्बोनेट (गुणवत्ता नियंत्रण) आदेश, 2021 को निरस्त किया गया एस.ओ. 5142(ई), दिनांक 12 नवम्बर 2025",,,,,,,,,,,,,,1,F034,bis_gazette_notification.csv,,F034:-:293;F034:-:1192,MERGED,0,,,,2,11.11
NOTIF-00826,,,,पॉलीप्रोपलीन (PP) मटेरियल्स फॉर मोल्डिंग एंड एक्सट्रूज़न,"पॉलीप्रोपलीन (PP) मटेरियल्स फॉर मोल्डिंग एंड एक्सट्रूज़न (गुणवत्ता नियंत्रण) आदेश, 2024 S.O. 921(E), दिनांक 26 फरवरी 2024 पॉलीप्रोपलीन (PP) मटेरियल्स फॉर मोल्डिंग एंड एक्सट्रूज़न (गुणवत्ता नियंत्रण) संशोधन आदेश, 2024 S.O. 3594(E), दिनांक 23 अगस्त 2024 पॉलीप्रोपलीन (PP) मटेरियल्स फॉर मोल्डिंग एंड एक्सट्रूज़न (गुणवत्ता नियंत्रण) तीसरा संशोधन आदेश, 2024 S.O. 5553(E), दिनांक 24 दिसंबर 2024 पॉलीप्रोपलीन (PP) मटेरियल्स फॉर मोल्डिंग एंड एक्सट्रूज़न (गुणवत्ता नियंत्रण) संशोधन आदेश, 2025 S.O. 2788(E), दिनांक 23 जून 2025 पॉलीप्रोपलीन (PP) मटेरियल्स फॉर मोल्डिंग एंड एक्सट्रूज़न (गुणवत्ता नियंत्रण) दूसरा संशोधन आदेश, 2025 S.O. 4779(E), दिनांक 22 अक्टूबर 2025 पॉलीप्रोपलीन (PP) मटेरियल्स फॉर मोल्डिंग एंड एक्सट्रूज़न (गुणवत्ता नियंत्रण) आदेश, 2024 रद्द आदेश S.O. 5138(E), दिनांक 12 नवंबर 2025",,,,,,,,,,,,,,1,F034,bis_gazette_notification.csv,,F034:-:700;F034:-:1599,MERGED,0,,,,2,11.11
NOTIF-00827,,,,पॉलीप्रोपाइलीन मल्टीफिलामेंट बुने हुए जियोबैग्स,,,,,,,,,,,,,,,1,F034,bis_gazette_notification.csv,,F034:-:438;F034:-:1337,MERGED,0,,,,1,5.56
NOTIF-00828,,,,पॉलीयूरीथेन,"पॉलीयूरीथेन (गुणवत्ता नियंत्रण) आदेश, 2021 (एस.ओ. 3931(ई), दिनांक 13.09.2021) पॉलीयूरीथेन (गुणवत्ता नियंत्रण) संशोधन आदेश, 2022 (विभिन्न पेट्रोकेमिकल्स हेतु संशोधन आदेश, दिनांक 07/01/2022) पॉलीयूरीथेन (गुणवत्ता नियंत्रण) आदेश, 2022 (विभिन्न पेट्रोकेमिकल्स हेतु संशोधन आदेश, दिनांक 23/03/2022) पॉलीयूरीथेन (गुणवत्ता नियंत्रण) तृतीय संशोधन आदेश, 2022 (विभिन्न पेट्रोकेमिकल्स हेतु संशोधन आदेश, दिनांक 02 सितम्बर 2022) पॉलीयूरीथेन (गुणवत्ता नियंत्रण) संशोधन आदेश, 2023 (एस.ओ. 1238(ई), दिनांक 15/03/2023) पॉलीयूरीथेन (गुणवत्ता नियंत्रण) संशोधन आदेश, 2024 एस.ओ. 1112(ई), दिनांक 06 मार्च 2024 पॉलीयूरीथेन (गुणवत्ता नियंत्रण) द्वितीय संशोधन आदेश, 2024 एस.ओ. 4172(ई), दिनांक 23 सितम्बर 2024 पॉलीयूरीथेन (गुणवत्ता नियंत्रण) संशोधन आदेश, 2025 एस.ओ. 1253(ई), दिनांक 19 मार्च 2025 पॉलीयूरीथेन (गुणवत्ता नियंत्रण) आदेश, 2021 को निरस्त किया गया एस.ओ. 5141(ई), दिनांक 12 नवम्बर 2025",,,,,,,,,,,,,,1,F034,bis_gazette_notification.csv,,F034:-:294;F034:-:1193,MERGED,0,,,,2,11.11
NOTIF-00829,,,,पॉलीयूरीथेन का अर्द्ध-कठोर तला,,,,,,,,,,,,,,,1,F034,bis_gazette_notification.csv,,F034:-:385;F034:-:1284,MERGED,0,,,,1,5.56
NOTIF-00830,,,,पॉलीविनाइल क्लोराइड (PVC) औद्योगिक बूट,,,,,,,,,,,,,,,1,F034,bis_gazette_notification.csv,,F034:-:384;F034:-:1283,MERGED,0,,,,1,5.56
NOTIF-00831,,,,"पोटैशियम कार्बोनेट, निर्जल","24. पोटैशियम कार्बोनेट (गुणवत्ता नियंत्रण) आदेश, 2020 (एस.ओ. 1895(ई), दिनांक 16/06/2020) पोटैशियम कार्बोनेट (गुणवत्ता नियंत्रण) आदेश, 2020 में संशोधन (एस.ओ. 4415(ई), दिनांक 04/12/2020) पोटैशियम कार्बोनेट (गुणवत्ता नियंत्रण) आदेश, 2020 में संशोधन पोटैशियम कार्बोनेट (गुणवत्ता नियंत्रण) आदेश, 2020 (विभिन्न रसायनों हेतु संशोधन आदेश, दिनांक 11/03/2022) पोटैशियम कार्बोनेट (गुणवत्ता नियंत्रण) आदेश, 2020 (विभिन्न रसायनों हेतु संशोधन आदेश, दिनांक 11 अगस्त 2022) पोटैशियम कार्बोनेट (गुणवत्ता नियंत्रण) आदेश, 2020 (एस.ओ. 536(ई), दिनांक 02/02/2023) पोटैशियम कार्बोनेट (गुणवत्ता नियंत्रण) आदेश, 2020 (एस.ओ. 3298(ई), दिनांक 21 जुलाई 2023) (विभिन्न रसायनों हेतु संशोधन आदेश, दिनांक 21 जुलाई 2023)",,,,,,,,,,,,,,1,F034,bis_gazette_notification.csv,,F034:-:256;F034:-:1155,MERGED,0,,,,2,11.11
NOTIF-00832,,,,पोरसलेन एनामलिंग के लिए कोल्ड-रिड्यूस्ड और हॉट-रोल्ड कार्बन स्टील शीट,,,,,,,,,,,,,,,1,F034,bis_gazette_notification.csv,,F034:-:202;F034:-:1101,MERGED,0,,,,1,5.56
NOTIF-00833,,,,पोर्टलैंड पोज़ोलाना सीमेंट – भाग 1 (फ्लाई ऐश आधारित),,,,,,,,,,,,,,,1,F034,bis_gazette_notification.csv,,F034:-:4;F034:-:903,MERGED,0,,,,1,5.56
NOTIF-00834,,,,पोर्टलैंड पोज़ोलाना सीमेंट – भाग 2 (कैल्साइंड क्ले आधारित),,,,,,,,,,,,,,,1,F034,bis_gazette_notification.csv,,F034:-:5;F034:-:904,MERGED,0,,,,1,5.56
NOTIF-00835,,,,पोर्टलैंड स्लैग सीमेंट,,,,,,,,,,,,,,,1,F034,bis_gazette_notification.csv,,F034:-:8;F034:-:907,MERGED,0,,,,1,5.56
NOTIF-00836,,,,पोर्टेबल अग्निशामक यंत्र,"85. अग्निशामक यंत्र (गुणवत्ता नियंत्रण) आदेश, 2023 एस.ओ. 3585(ई), दिनांक 9 अगस्त 2023",,,,,,,,,,,,,,1,F034,bis_gazette_notification.csv,,F034:-:516;F034:-:1415,MERGED,0,,,,2,11.11
NOTIF-00837,,,,पौधों की वृद्धि और खरपतवार नियंत्रण के लिए जूट एग्रो टेक्सटाइल्स,,,,,,,,,,,,,,,1,F034,bis_gazette_notification.csv,,F034:-:595;F034:-:1494,MERGED,0,,,,1,5.56
NOTIF-00838,,,,प्रत्यक्ष रूप से ढाले गए पीवीसी (PVC) तले वाले चमड़े के सुरक्षा फुटवियर,,,,,,,,,,,,,,,1,F034,bis_gazette_notification.csv,,F034:-:395;F034:-:1294,MERGED,0,,,,1,5.56
NOTIF-00839,,,,प्रत्यक्ष रूप से ढाले गए रबर तले वाले चमड़े के सुरक्षा फुटवियर,,,,,,,,,,,,,,,1,F034,bis_gazette_notification.csv,,F034:-:394;F034:-:1293,MERGED,0,,,,1,5.56
NOTIF-00840,,,,प्रदर्शन आधारित खेल फुटवियर,,,,,,,,,,,,,,,1,F034,bis_gazette_notification.csv,,F034:-:397;F034:-:1296,MERGED,0,,,,1,5.56
NOTIF-00841,,,,प्रयोगशाला ग्लासवेयर – ग्रैजुएटेड माप सिलेंडर,"113. प्रयोगशाला ग्लासवेयर (गुणवत्ता नियंत्रण) आदेश, 2023 S.O. 44(E), दिनांक 1 जनवरी 2024 प्रयोगशाला ग्लासवेयर (गुणवत्ता नियंत्रण) संशोधन आदेश, 2024 S.O. 5358(E), दिनांक 11 दिसंबर 2024",,,,,,,,,,,,,,1,F034,bis_gazette_notification.csv,,F034:-:683;F034:-:1582,MERGED,0,,,,2,11.11
NOTIF-00842,,,,प्रयोगशाला ग्लासवेयर – वन मार्क वॉल्यूमेट्रिक फ्लास्क,,,,,,,,,,,,,,,1,F034,bis_gazette_notification.csv,,F034:-:684;F034:-:1583,MERGED,0,,,,1,5.56
NOTIF-00843,,,,प्रयोगशाला ग्लासवेयर – संकरे गले वाले बॉयलिंग फ्लास्क,,,,,,,,,,,,,,,1,F034,bis_gazette_notification.csv,,F034:-:685;F034:-:1584,MERGED,0,,,,1,5.56
NOTIF-00844,,,,प्रयोगशाला ग्लासवेयर – सिंगल वॉल्यूम पाइपेट्स,,,,,,,,,,,,,,,1,F034,bis_gazette_notification.csv,,F034:-:686;F034:-:1585,MERGED,0,,,,1,5.56
NOTIF-00845,,,,प्रसंस्कृत अनाज आधारित अनुपूरक खाद्य अनिवार्य BIS प्रमाणन से विमुक्त,,,,,,,,,,,,,,,1,F034,bis_gazette_notification.csv,,F034:-:39;F034:-:938,MERGED,0,,,,1,5.56
NOTIF-00846,,,,प्राथमिक सीसा,"प्राथमिक सीसा (गुणवत्ता नियंत्रण) आदेश, 2025 S.O. 1767(E), दिनांक 17 अप्रैल 2025 प्राथमिक सीसा (गुणवत्ता नियंत्रण) संशोधन आदेश, 2025 S.O. 4367(E), दिनांक 25 सितंबर 2025 प्राथमिक सीसा (गुणवत्ता नियंत्रण) आदेश, 2025 रद्द आदेश S.O. 5170(E), दिनांक 13 नवंबर 2025",,,,,,,,,,,,,,1,F034,bis_gazette_notification.csv,,F034:-:898;F034:-:1797,MERGED,0,,,,2,11.11
NOTIF-00847,,,,प्रेशर कुकर के लिए रबर गैस्केट्स,"112. प्रेशर कुकर के लिए रबर गैस्केट्स (गुणवत्ता नियंत्रण) आदेश, 2023 S.O. 5371(E), दिनांक 14 दिसंबर 2023",,,,,,,,,,,,,,1,F034,bis_gazette_notification.csv,,F034:-:681;F034:-:1580,MERGED,0,,,,2,11.11
NOTIF-00848,,,,प्रेशर वेसल के लिए क्वेंच्ड और टेम्पर्ड एलॉय स्टील फोर्जिंग,,,,,,,,,,,,,,,1,F034,bis_gazette_notification.csv,,F034:-:212;F034:-:1111,MERGED,0,,,,1,5.56
NOTIF-00849,,,,"प्रेशर-स्टील कंक्रीट के लिए स्ट्रेस-रिलीव्ड, लो रिलेक्षन स्टील वायर",,,,,,,,,,,,,,,1,F034,bis_gazette_notification.csv,,F034:-:219;F034:-:1118,MERGED,0,,,,1,5.56
NOTIF-00850,,,,प्रेसिंग के लिए उपकरण – भाग 1: 60 डिग्री शंक्वाकार हेड और सीधा शैंक वाले गोल पंच,"64. प्रेस टूल – पंच (गुणवत्ता नियंत्रण) आदेश, 2020 (एस.ओ. संख्या 3994(ई), दिनांक 04/11/2020)",,,,,,,,,,,,,,1,F034,bis_gazette_notification.csv,,F034:-:407;F034:-:1306,MERGED,0,,,,2,11.11
NOTIF-00851,,,,प्रेसिंग के लिए उपकरण – भाग 2: बेलनाकार हेड तथा सीधे या घटे हुए शैंक वाले पंच,,,,,,,,,,,,,,,1,F034,bis_gazette_notification.csv,,F034:-:408;F034:-:1307,MERGED,0,,,,1,5.56
NOTIF-00852,,,,प्रेसिंग के लिए उपकरण – भाग 3: 60 डिग्री शंक्वाकार हेड और घटे हुए शैंक वाले गोल पंच,,,,,,,,,,,,,,,1,F034,bis_gazette_notification.csv,,F034:-:409;F034:-:1308,MERGED,0,,,,1,5.56
NOTIF-00853,,,,प्लंबिंग के लिए तांबे की ट्यूब - विनिर्देश,,,,,,,,,,,,,,,1,F034,bis_gazette_notification.csv,,F034:-:1518,CANONICAL,0,,,,1,5.56
NOTIF-00854,,,,प्लंबिंग के लिए तांबे की ट्यूब – विनिर्देश,,,,,,,,,,,,,,,1,F034,bis_gazette_notification.csv,,F034:-:619,CANONICAL,0,,,,1,5.56
NOTIF-00855,,,,प्लास्टिक फीडिंग बोतलें,"4. शिशु दूध विकल्प, फीडिंग बोतलें एवं शिशु खाद्य (उत्पादन, आपूर्ति एवं वितरण का विनियमन) अधिनियम, 1992",,,,,,,,,,,,,,1,F034,bis_gazette_notification.csv,,F034:-:44;F034:-:943,MERGED,0,,,,2,11.11
NOTIF-00856,,,,फर्टिलाइज़र पैकेजिंग के लिए टेक्सटाइल—हाई डेंसिटी पॉलीएथिलीन (HDPE)/पॉलीप्रोपलीन (PP) बुने हुए थैले,"104. फर्टिलाइज़र पैकेजिंग के लिए टेक्सटाइल—HDPE / PP बुने हुए थैले (गुणवत्ता नियंत्रण) आदेश, 2023 S.O. 5177(E), दिनांक 06 दिसम्बर 2023 फर्टिलाइज़र पैकेजिंग के लिए टेक्सटाइल—HDPE / PP बुने हुए थैले (गुणवत्ता नियंत्रण) संशोधन आदेश, 2024 S.O. 2180(E), दिनांक 04 जून 2024",,,,,,,,,,,,,,1,F034,bis_gazette_notification.csv,,F034:-:658;F034:-:1557,MERGED,0,,,,2,11.11
NOTIF-00857,,,,"फाइबर रस्सियाँ — पॉलिएस्टर — 3-, 4-, 8- और 12- स्ट्रैंड रस्सियाँ",,,,,,,,,,,,,,,1,F034,bis_gazette_notification.csv,,F034:-:866;F034:-:1765,MERGED,0,,,,1,5.56
NOTIF-00858,,,,फाइबर रस्सियाँ — पॉलीइथिलीन — 3- और 4- स्ट्रैंड रस्सियाँ,,,,,,,,,,,,,,,1,F034,bis_gazette_notification.csv,,F034:-:872;F034:-:1771,MERGED,0,,,,1,5.56
NOTIF-00859,,,,"फाइबर रस्सियाँ — पॉलीएमाइड — 3-, 4-, 8- और 12- स्ट्रैंड रस्सियाँ",,,,,,,,,,,,,,,1,F034,bis_gazette_notification.csv,,F034:-:870;F034:-:1769,MERGED,0,,,,1,5.56
NOTIF-00860,,,,"फाइबर रस्सियाँ — पॉलीप्रोपलीन स्प्लिट फिल्म, मोनोफिलामेंट और मल्टीफिलामेंट (PP2) तथा पॉलीप्रोपलीन हाई-टेन्सिटी मल्टीफिलामेंट (PP3) — 3-, 4-, 8- और 12- स्ट्रैंड रस्सियाँ",,,,,,,,,,,,,,,1,F034,bis_gazette_notification.csv,,F034:-:871;F034:-:1770,MERGED,0,,,,1,5.56
NOTIF-00861,,,,फाइबर रिइन्फोर्स्ड सीमेंट उत्पाद – लंबी तिरछी या असममित खंड शीट्स और छत/क्लैडिंग फिटिंग्स,,,,,,,,,,,,,,,1,F034,bis_gazette_notification.csv,,F034:-:724;F034:-:1623,MERGED,0,,,,1,5.56
NOTIF-00862,,,,फाइबर सीमेंट फ्लैट शीट्स,,,,,,,,,,,,,,,1,F034,bis_gazette_notification.csv,,F034:-:723;F034:-:1622,MERGED,0,,,,1,5.56
NOTIF-00863,,,,फाउंड्री में उपयोग के लिए मेलएबल आयरन शॉट्स और ग्रिट्स के लिए विनिर्देश,"13. मेलएबल आयरन शॉट्स और ग्रिट्स (गुणवत्ता नियंत्रण) आदेश, 2020",,,,,,,,,,,,,,1,F034,bis_gazette_notification.csv,,F034:-:232;F034:-:1131,MERGED,0,,,,2,11.11
NOTIF-00864,,,,फायरमैन और सिविल डिफेंस कर्मियों के लिए नॉन-मेटल हेलमेट,"101. पुलिस बल, सिविल डिफेंस और व्यक्तिगत सुरक्षा के लिए हेलमेट (गुणवत्ता नियंत्रण) आदेश, 2023 S.O. 4649(E), दिनांक 23 अक्टूबर 2023",,,,,,,,,,,,,,1,F034,bis_gazette_notification.csv,,F034:-:641;F034:-:1540,MERGED,0,,,,2,11.11
NOTIF-00865,,,,फास्टनर – थ्रेडेड स्टील फास्टनर – षट्भुज सिर वाले ट्रांसमिशन टावर बोल्ट,,,,,,,,,,,,,,,1,F034,bis_gazette_notification.csv,,F034:-:496;F034:-:1395,MERGED,0,,,,1,5.56
NOTIF-00866,,,,फास्टनर – थ्रेडेड स्टील फास्टनर – स्टील संरचनाओं हेतु स्टेप बोल्ट,,,,,,,,,,,,,,,1,F034,bis_gazette_notification.csv,,F034:-:495;F034:-:1394,MERGED,0,,,,1,5.56
NOTIF-00867,,,,फास्टनर्स - क्रॉस रेस्सेड ड्रिलिंग स्क्रू विथ टैपिंग स्क्रू थ्रेड भाग 1 पैन हेड,"127. क्रॉस रेस्सेड स्क्रू (गुणवत्ता नियंत्रण) आदेश, 2024 S.O. 4099(E), दिनांक 20 सितंबर 2024 क्रॉस रेस्सेड स्क्रू (गुणवत्ता नियंत्रण) आदेश, 2025 S.O. 3927(E), दिनांक 27 अगस्त 2025",,,,,,,,,,,,,,1,F034,bis_gazette_notification.csv,,F034:-:1646,CANONICAL,0,,,,2,11.11
NOTIF-00868,,,,फास्टनर्स - क्रॉस रेस्सेड ड्रिलिंग स्क्रू विथ टैपिंग स्क्रू थ्रेड भाग 2 काउंटरसंक हेड,,,,,,,,,,,,,,,1,F034,bis_gazette_notification.csv,,F034:-:1647,CANONICAL,0,,,,1,5.56
NOTIF-00869,,,,फास्टनर्स - क्रॉस रेस्सेड ड्रिलिंग स्क्रू विथ टैपिंग स्क्रू थ्रेड भाग 3 राइज्ड काउंटरसंक हेड,,,,,,,,,,,,,,,1,F034,bis_gazette_notification.csv,,F034:-:1648,CANONICAL,0,,,,1,5.56
NOTIF-00870,,,,फास्टनर्स - हेक्सागन वॉशर हेड ड्रिलिंग स्क्रू विथ टैपिंग स्क्रू थ्रेड,,,,,,,,,,,,,,,1,F034,bis_gazette_notification.csv,,F034:-:1649,CANONICAL,0,,,,1,5.56
NOTIF-00871,,,,फास्टनर्स – क्रॉस रेस्सेड ड्रिलिंग स्क्रू विथ टैपिंग स्क्रू थ्रेड भाग 1 पैन हेड,"127. क्रॉस रेस्सेड स्क्रू (गुणवत्ता नियंत्रण) आदेश, 2024 S.O. 4099(E), दिनांक 20 सितंबर 2024 क्रॉस रेस्सेड स्क्रू (गुणवत्ता नियंत्रण) आदेश, 2025 S.O. 3927(E), दिनांक 27 अगस्त 2025",,,,,,,,,,,,,,1,F034,bis_gazette_notification.csv,,F034:-:747,CANONICAL,0,,,,2,11.11
NOTIF-00872,,,,फास्टनर्स – क्रॉस रेस्सेड ड्रिलिंग स्क्रू विथ टैपिंग स्क्रू थ्रेड भाग 2 काउंटरसंक हेड,,,,,,,,,,,,,,,1,F034,bis_gazette_notification.csv,,F034:-:748,CANONICAL,0,,,,1,5.56
NOTIF-00873,,,,फास्टनर्स – क्रॉस रेस्सेड ड्रिलिंग स्क्रू विथ टैपिंग स्क्रू थ्रेड भाग 3 राइज्ड काउंटरसंक हेड,,,,,,,,,,,,,,,1,F034,bis_gazette_notification.csv,,F034:-:749,CANONICAL,0,,,,1,5.56
NOTIF-00874,,,,फास्टनर्स – हेक्सागन वॉशर हेड ड्रिलिंग स्क्रू विथ टैपिंग स्क्रू थ्रेड,,,,,,,,,,,,,,,1,F034,bis_gazette_notification.csv,,F034:-:750,CANONICAL,0,,,,1,5.56
NOTIF-00875,,,,फेंसिंग के लिए गैल्वनाइज्ड स्टील बार्बेड वायर,,,,,,,,,,,,,,,1,F034,bis_gazette_notification.csv,,F034:-:652;F034:-:1551,MERGED,0,,,,1,5.56
NOTIF-00876,,,,फेरो वेनेडियम के लिए विनिर्देश,,,,,,,,,,,,,,,1,F034,bis_gazette_notification.csv,,F034:-:226;F034:-:1125,MERGED,0,,,,1,5.56
NOTIF-00877,,,,फेरोक्रोमियम – विनिर्देश,,,,,,,,,,,,,,,1,F034,bis_gazette_notification.csv,,F034:-:182;F034:-:1081,MERGED,0,,,,1,5.56
NOTIF-00878,,,,फेरोनिकल हेतु विनिर्देश,,,,,,,,,,,,,,,1,F034,bis_gazette_notification.csv,,F034:-:130;F034:-:1029,MERGED,0,,,,1,5.56
NOTIF-00879,,,,फेरोमैंगनीज – विनिर्देश,,,,,,,,,,,,,,,1,F034,bis_gazette_notification.csv,,F034:-:207;F034:-:1106,MERGED,0,,,,1,5.56
NOTIF-00880,,,,फेरोमॉलीब्डेनम – विनिर्देश,,,,,,,,,,,,,,,1,F034,bis_gazette_notification.csv,,F034:-:225;F034:-:1124,MERGED,0,,,,1,5.56
NOTIF-00881,,,,फेरोसिलिकॉन — विनिर्देश,,,,,,,,,,,,,,,1,F034,bis_gazette_notification.csv,,F034:-:129;F034:-:1028,MERGED,0,,,,1,5.56
NOTIF-00882,,,,"फॉर्मिंग एवं फ्लैन्जिंग प्रयोजनों हेतु हॉट रोल्ड इस्पात शीट, प्लेट एवं स्ट्रिप – विनिर्देश",,,,,,,,,,,,,,,1,F034,bis_gazette_notification.csv,,F034:-:100;F034:-:999,MERGED,0,,,,1,5.56
NOTIF-00883,,,,फॉलो-अप फॉर्मूला – अनुपूरक आहार अनिवार्य BIS प्रमाणन से विमुक्त,"खाद्य सुरक्षा एवं मानक बिक्री पर निषेध एवं प्रतिबंध विनियमन, 2011 GSR 759(E) तथा GSR 760(E) खाद्य सुरक्षा एवं मानक (बिक्री पर निषेध एवं प्रतिबंध) प्रथम संशोधन विनियम, 2024",,,,,,,,,,,,,,1,F034,bis_gazette_notification.csv,,F034:-:38;F034:-:937,MERGED,0,,,,2,11.11
NOTIF-00884,,,,"फॉस्फोरस ऑक्सीक्लोराइड, तकनीकी","28. फॉस्फोरस ऑक्सीक्लोराइड (गुणवत्ता नियंत्रण) आदेश, 2020 (एस.ओ. 1899(ई), दिनांक 16/06/2020)",,,,,,,,,,,,,,1,F034,bis_gazette_notification.csv,,F034:-:260;F034:-:1159,MERGED,0,,,,2,11.11
NOTIF-00885,,,,"फॉस्फोरस ट्राइक्लोराइड, शुद्ध एवं विश्लेषणात्मक अभिकर्मक","26. फॉस्फोरस ट्राइक्लोराइड (गुणवत्ता नियंत्रण) आदेश, 2020 (एस.ओ. 1897(ई), दिनांक 16/06/2020)",,,,,,,,,,,,,,1,F034,bis_gazette_notification.csv,,F034:-:258;F034:-:1157,MERGED,0,,,,2,11.11
NOTIF-00886,,,,"फॉस्फोरस पेंटाक्लोराइड, तकनीकी","27. फॉस्फोरस पेंटाक्लोराइड (गुणवत्ता नियंत्रण) आदेश, 2020 (एस.ओ. 1898(ई), दिनांक 16/06/2020)",,,,,,,,,,,,,,1,F034,bis_gazette_notification.csv,,F034:-:259;F034:-:1158,MERGED,0,,,,2,11.11
NOTIF-00887,,,,"फोर्जिंग हेतु कार्बन स्टील बिलेट, ब्लूम, स्लैब एवं छड़ें",,,,,,,,,,,,,,,1,F034,bis_gazette_notification.csv,,F034:-:96;F034:-:995,MERGED,0,,,,1,5.56
NOTIF-00888,,,,"फोर्जिंग हेतु स्टेनलेस स्टील ब्लूम, बिलेट एवं स्लैब",,,,,,,,,,,,,,,1,F034,bis_gazette_notification.csv,,F034:-:170;F034:-:1069,MERGED,0,,,,1,5.56
NOTIF-00889,,,,फोर्ज्ड/रोल्ड CTC सेगमेंट्स,,,,,,,,,,,,,,,1,F034,bis_gazette_notification.csv,,F034:-:211;F034:-:1110,MERGED,0,,,,1,5.56
NOTIF-00890,,,,"फ्थैलिक एनहाइड्राइड, तकनीकी हेतु विनिर्देश","20. फ्थैलिक एनहाइड्राइड (गुणवत्ता नियंत्रण) आदेश, 2020 (एस.ओ. 1402(ई), दिनांक 23/04/2020) फ्थैलिक एनहाइड्राइड (गुणवत्ता नियंत्रण) संशोधन आदेश, 2020 फ्थैलिक एनहाइड्राइड (गुणवत्ता नियंत्रण) संशोधन आदेश, 2021 फ्थैलिक एनहाइड्राइड (गुणवत्ता नियंत्रण) आदेश, 2021 विभिन्न रसायनों हेतु संशोधन आदेश, दिनांक 24/12/2021 फ्थैलिक एनहाइड्राइड (गुणवत्ता नियंत्रण) संशोधन आदेश, 2022 विभिन्न रसायनों हेतु संशोधन आदेश, दिनांक 13 जून 2022 फ्थैलिक एनहाइड्राइड (गुणवत्ता नियंत्रण) द्वितीय संशोधन आदेश, 2022 (एस.ओ. 5989(ई), दिनांक 21/12/2022)",,,,,,,,,,,,,,1,F034,bis_gazette_notification.csv,,F034:-:251;F034:-:1150,MERGED,0,,,,2,11.11
NOTIF-00891,,,,फ्यूजन बॉन्डेड एपॉक्सी लेपित सुदृढ़ीकरण छड़ें,,,,,,,,,,,,,,,1,F034,bis_gazette_notification.csv,,F034:-:80;F034:-:979,MERGED,0,,,,1,5.56
NOTIF-00892,,,,फ्रीज़र,,,,,,,,,,,,,,,1,F034,bis_gazette_notification.csv,,F034:-:414;F034:-:1313,MERGED,0,,,,1,5.56
NOTIF-00893,,,,फ्लक्स कोर्ड सोल्डर वायर,"फ्लक्स कोर्ड सोल्डर वायर (गुणवत्ता नियंत्रण) आदेश, 2023 एस.ओ. 4092(ई), दिनांक 18 सितंबर 2023 फ्लक्स कोर्ड सोल्डर वायर (गुणवत्ता नियंत्रण) आदेश, 2023 की निरस्ती एस.ओ. 165(ई), दिनांक 12 जनवरी 2026",,,,,,,,,,,,,,1,F034,bis_gazette_notification.csv,,F034:-:556;F034:-:1455,MERGED,0,,,,2,11.11
NOTIF-00894,,,,फ्लश बोल्ट,,,,,,,,,,,,,,,1,F034,bis_gazette_notification.csv,,F034:-:494;F034:-:1393,MERGED,0,,,,1,5.56
NOTIF-00895,,,,फ्लेम और इंडक्शन हार्डनिंग स्टील,,,,,,,,,,,,,,,1,F034,bis_gazette_notification.csv,,F034:-:216;F034:-:1115,MERGED,0,,,,1,5.56
NOTIF-00896,,,,फ्लैशलाइट - विनिर्देशन,"134. फ्लैशलाइट (गुणवत्ता नियंत्रण) आदेश, 2025 S.O. 501(E), दिनांक 28 जनवरी 2025",,,,,,,,,,,,,,1,F034,bis_gazette_notification.csv,,F034:-:1784,CANONICAL,0,,,,2,11.11
NOTIF-00897,,,,फ्लैशलाइट – विनिर्देशन,"134. फ्लैशलाइट (गुणवत्ता नियंत्रण) आदेश, 2025 S.O. 501(E), दिनांक 28 जनवरी 2025",,,,,,,,,,,,,,1,F034,bis_gazette_notification.csv,,F034:-:885,CANONICAL,0,,,,2,11.11
NOTIF-00898,,,,बंक बेड्स,,,,,,,,,,,,,,,1,F034,bis_gazette_notification.csv,,F034:-:895;F034:-:1794,MERGED,0,,,,1,5.56
NOTIF-00899,,,,बर्तन बनाने के लिए वर्केड एल्युमिनियम और एल्युमिनियम मिश्र धातु,,,,,,,,,,,,,,,1,F034,bis_gazette_notification.csv,,F034:-:577;F034:-:1476,MERGED,0,,,,1,5.56
NOTIF-00900,,,,बर्तनों एवं रसोई उपयोग हेतु निम्न निकल ऑस्टेनिटिक स्टेनलेस स्टील शीट एवं स्ट्रिप — विनिर्देश,,,,,,,,,,,,,,,1,F034,bis_gazette_notification.csv,,F034:-:128;F034:-:1027,MERGED,0,,,,1,5.56
NOTIF-00901,,,,बर्तनों हेतु स्टेनलेस स्टील शीट एवं स्ट्रिप — विनिर्देश,,,,,,,,,,,,,,,1,F034,bis_gazette_notification.csv,,F034:-:126;F034:-:1025,MERGED,0,,,,1,5.56
NOTIF-00902,,,,बहु-बर्नर तेल दाब स्टोव,,,,,,,,,,,,,,,1,F034,bis_gazette_notification.csv,,F034:-:48;F034:-:947,MERGED,0,,,,1,5.56
NOTIF-00903,,,,बहुउद्देशीय शुष्क बैटरियाँ,"3. एस.ओ. 516(E), दिनांक 25 मई 1987",,,,,,,,,,,,,,1,F034,bis_gazette_notification.csv,,F034:-:36;F034:-:935,MERGED,0,,,,2,11.11
NOTIF-00904,,,,बागवानी अनुप्रयोगों के लिए बुना हुआ ग्राउंड कवर,,,,,,,,,,,,,,,1,F034,bis_gazette_notification.csv,,F034:-:594;F034:-:1493,MERGED,0,,,,1,5.56
NOTIF-00905,,,,बारिश सिंचाई प्रणाली में उपयोग के लिए हाई डेंसिटी पॉलीइथिलीन (HDPE) लेमिनेटेड बुना फ्लैट ट्यूब और फिटिंग्स,,,,,,,,,,,,,,,1,F034,bis_gazette_notification.csv,,F034:-:607;F034:-:1506,MERGED,0,,,,1,5.56
NOTIF-00906,,,,बिटुमेन ड्रम्स,,,,,,,,,,,,,,,1,F034,bis_gazette_notification.csv,,F034:-:627;F034:-:1526,MERGED,0,,,,1,5.56
NOTIF-00907,,,,बिना लाइनिंग के ढाले हुए रबर बूट,,,,,,,,,,,,,,,1,F034,bis_gazette_notification.csv,,F034:-:386;F034:-:1285,MERGED,0,,,,1,5.56
NOTIF-00908,,,,बीज/रोपण की वृद्धि के लिए पौधा बैग,,,,,,,,,,,,,,,1,F034,bis_gazette_notification.csv,,F034:-:597;F034:-:1496,MERGED,0,,,,1,5.56
NOTIF-00909,,,,बुलेट प्रतिरोधी जैकेट,,,,,,,,,,,,,,,1,F034,bis_gazette_notification.csv,,F034:-:465;F034:-:1364,MERGED,0,,,,1,5.56
NOTIF-00910,,,,बेड शीट और पिलो कवर,,,,,,,,,,,,,,,1,F034,bis_gazette_notification.csv,,F034:-:590;F034:-:1489,MERGED,0,,,,1,5.56
NOTIF-00911,,,,बेड्स,,,,,,,,,,,,,,,1,F034,bis_gazette_notification.csv,,F034:-:894;F034:-:1793,MERGED,0,,,,1,5.56
NOTIF-00912,,,,बेयरिंग उद्योग में उपयोग हेतु रिवेट्स के लिए निम्न कार्बन स्टील वायर — विनिर्देश,,,,,,,,,,,,,,,1,F034,bis_gazette_notification.csv,,F034:-:168;F034:-:1067,MERGED,0,,,,1,5.56
NOTIF-00913,,,,बेयोनट लैंप होल्डर्स,,,,,,,,,,,,,,,1,F034,bis_gazette_notification.csv,,F034:-:691;F034:-:1590,MERGED,0,,,,1,5.56
NOTIF-00914,,,,बॉटल्ड वाटर डिस्पेंसर,"100. बॉटल्ड वाटर डिस्पेंसर (गुणवत्ता नियंत्रण) आदेश, 2023 S.O. 4647(E), दिनांक 23 अक्टूबर 2023 बॉटल्ड वाटर डिस्पेंसर (गुणवत्ता नियंत्रण) आदेश, 2024 S.O. 2173(E), दिनांक 03 जून 2024",,,,,,,,,,,,,,1,F034,bis_gazette_notification.csv,,F034:-:639;F034:-:1538,MERGED,0,,,,2,11.11
NOTIF-00915,,,,"बॉयलर हेतु स्टील बिलेट, बार एवं सेक्शन",,,,,,,,,,,,,,,1,F034,bis_gazette_notification.csv,,F034:-:190;F034:-:1089,MERGED,0,,,,1,5.56
NOTIF-00916,,,,बॉयलरों सहित मध्यम एवं उच्च तापमान सेवाओं हेतु दाब पात्रों के लिए इस्पात प्लेटें,,,,,,,,,,,,,,,1,F034,bis_gazette_notification.csv,,F034:-:83;F034:-:982,MERGED,0,,,,1,5.56
NOTIF-00917,,,,बॉल एवं रोलर बेयरिंग केज/रिटेनर हेतु कोल्ड रोल्ड कार्बन स्टील स्ट्रिप — विनिर्देश,,,,,,,,,,,,,,,1,F034,bis_gazette_notification.csv,,F034:-:153;F034:-:1052,MERGED,0,,,,1,5.56
NOTIF-00918,,,,"बॉल, रोलर एवं बेयरिंग रेस के निर्माण हेतु कार्बन-क्रोमियम स्टील — विनिर्देश",,,,,,,,,,,,,,,1,F034,bis_gazette_notification.csv,,F034:-:154;F034:-:1053,MERGED,0,,,,1,5.56
NOTIF-00919,,,,बोरिक एसिड – विनिर्देश,"18. भारतीय मानक ब्यूरो (बोरिक एसिड के लिए मानक) आदेश, 2019 (एस.ओ. 1766 (ई), दिनांक 16 मई 2019)",,,,,,,,,,,,,,1,F034,bis_gazette_notification.csv,,F034:-:246;F034:-:1145,MERGED,0,,,,2,11.11
NOTIF-00920,,,,ब्राइट स्टील बार — विनिर्देश,,,,,,,,,,,,,,,1,F034,bis_gazette_notification.csv,,F034:-:134;F034:-:1033,MERGED,0,,,,1,5.56
NOTIF-00921,,,,ब्लॉक बोर्ड,"87. लकड़ी आधारित बोर्ड (गुणवत्ता नियंत्रण) आदेश, 2023 एस.ओ. 3604(ई), दिनांक 10 अगस्त 2023 लकड़ी आधारित उत्पाद (गुणवत्ता नियंत्रण) आदेश, 2024 एस.ओ. 1307(ई), दिनांक 12 मार्च 2024",,,,,,,,,,,,,,1,F034,bis_gazette_notification.csv,,F034:-:521;F034:-:1420,MERGED,0,,,,2,11.11
NOTIF-00922,,,,भारी दरवाजों के लिए फ्लोर स्प्रिंग्स (हाइड्रॉलिकली नियंत्रित),,,,,,,,,,,,,,,1,F034,bis_gazette_notification.csv,,F034:-:634;F034:-:1533,MERGED,0,,,,1,5.56
NOTIF-00923,,,,भारी धातु उद्योगों के लिए चमड़े के सुरक्षा बूट एवं जूते,,,,,,,,,,,,,,,1,F034,bis_gazette_notification.csv,,F034:-:390;F034:-:1289,MERGED,0,,,,1,5.56
NOTIF-00924,,,,भूमि के ऊपर गैर-दाब पाइपलाइनों हेतु कास्ट आयरन/डक्टाइल आयरन ड्रेनेज पाइप एवं पाइप फिटिंग (सॉकेट एवं स्पिगॉट श्रेणी),,,,,,,,,,,,,,,1,F034,bis_gazette_notification.csv,,F034:-:528;F034:-:1427,MERGED,0,,,,1,5.56
NOTIF-00925,,,,भूमिगत जल निकासी अनुप्रयोगों में प्रयुक्त जियोटेक्सटाइल्स,,,,,,,,,,,,,,,1,F034,bis_gazette_notification.csv,,F034:-:443;F034:-:1342,MERGED,0,,,,1,5.56
NOTIF-00926,,,,मध्यम एवं निम्न तापमान पर प्रयुक्त दाब पात्रों हेतु इस्पात प्लेटें,,,,,,,,,,,,,,,1,F034,bis_gazette_notification.csv,,F034:-:84;F034:-:983,MERGED,0,,,,1,5.56
NOTIF-00927,,,,मरीन प्लाइवुड,,,,,,,,,,,,,,,1,F034,bis_gazette_notification.csv,,F034:-:547;F034:-:1446,MERGED,0,,,,1,5.56
NOTIF-00928,,,,माइक्रोफाइन साधारण पोर्टलैंड सीमेंट – विनिर्देश,,,,,,,,,,,,,,,1,F034,bis_gazette_notification.csv,,F034:-:16;F034:-:915,MERGED,0,,,,1,5.56
NOTIF-00929,,,,माउंटेनियरिंग प्रयोजनों के लिए ब्रेडेड नायलॉन रोप्स,,,,,,,,,,,,,,,1,F034,bis_gazette_notification.csv,,F034:-:651;F034:-:1550,MERGED,0,,,,1,5.56
NOTIF-00930,,,,मिक्स्ड पॉलीओलेफिन फाइबर रस्सियाँ,,,,,,,,,,,,,,,1,F034,bis_gazette_notification.csv,,F034:-:868;F034:-:1767,MERGED,0,,,,1,5.56
NOTIF-00931,,,,मीठा अल्ट्रा हाई टेम्परेचर उपचारित संघनित दूध अनिवार्य BIS प्रमाणन से विमुक्त,,,,,,,,,,,,,,,1,F034,bis_gazette_notification.csv,,F034:-:42;F034:-:941,MERGED,0,,,,1,5.56
NOTIF-00932,,,,मेटल आर्क वेल्डिंग इलेक्ट्रोड हेतु माइल्ड स्टील,,,,,,,,,,,,,,,1,F034,bis_gazette_notification.csv,,F034:-:97;F034:-:996,MERGED,0,,,,1,5.56
NOTIF-00933,,,,मेटल फॉर्मिंग के लिए टूल स्टील फोर्जिंग,,,,,,,,,,,,,,,1,F034,bis_gazette_notification.csv,,F034:-:213;F034:-:1112,MERGED,0,,,,1,5.56
NOTIF-00934,,,,मेथनॉल,"मेथनॉल (गुणवत्ता नियंत्रण) आदेश, 2019 (एस.ओ. 2793 (ई), दिनांक 05/08/2019) मेथनॉल (गुणवत्ता नियंत्रण) आदेश, 2019 की वापसी आदेश एस.ओ. 3379 (ई), दिनांक 23 जुलाई 2025",,,,,,,,,,,,,,1,F034,bis_gazette_notification.csv,,F034:-:250;F034:-:1149,MERGED,0,,,,2,11.11
NOTIF-00935,,,,मेथाइल एक्रिलेट,"मेथाइल एक्रिलेट, एथाइल एक्रिलेट, एन-ब्यूटाइल एक्रिलेट (गुणवत्ता नियंत्रण) आदेश, 2020 (एस.ओ. सं. 4001(ई), दिनांक 04/11/2020) विभिन्न रासायनिक उत्पादों हेतु संशोधन आदेश मेथाइल एक्रिलेट, एथाइल एक्रिलेट (गुणवत्ता नियंत्रण) आदेश, 2021 विभिन्न रसायनों हेतु संशोधन आदेश, दिनांक 22/12/2021 मेथाइल एक्रिलेट, एथाइल एक्रिलेट (गुणवत्ता नियंत्रण) संशोधन आदेश, 2022 (विभिन्न रसायनों हेतु संशोधन आदेश, दिनांक 30 मई 2022) मेथाइल एक्रिलेट, एथाइल एक्रिलेट (गुणवत्ता नियंत्रण) द्वितीय संशोधन आदेश, 2022 (विभिन्न रसायनों हेतु संशोधन आदेश, दिनांक 25 नवम्बर 2022) मेथाइल एक्रिलेट, एथाइल एक्रिलेट (गुणवत्ता नियंत्रण) संशोधन आदेश, 2023 (एस.ओ. 2335(ई), दिनांक 23 मई 2023) मेथाइल एक्रिलेट, एथाइल एक्रिलेट (गुणवत्ता नियंत्रण) संशोधन आदेश, 2024 एस.ओ. 928(ई), दिनांक 27 फरवरी 2024 मेथाइल एक्रिलेट, एथाइल एक्रिलेट (गुणवत्ता नियंत्रण) संशोधन आदेश, 2025 एस.ओ. 1556(ई), दिनांक 01 अप्रैल 2025 मेथाइल एक्रिलेट, एथाइल एक्रिलेट (गुणवत्ता नियंत्रण) आदेश, 2021 को निरस्त करने का आदेश एस.ओ. 5529(ई), दिनांक 01 दिसम्बर 2025",,,,,,,,,,,,,,1,F034,bis_gazette_notification.csv,,F034:-:271;F034:-:1170,MERGED,0,,,,2,11.11
NOTIF-00936,,,,मेथिलीन क्लोराइड (डाइक्लोरोमीथेन),"38. मेथिलीन क्लोराइड (डाइक्लोरोमीथेन) (गुणवत्ता नियंत्रण) आदेश, 2021 (एस.ओ. सं. 2032 (ई), दिनांक 25/05/2021) मेथिलीन क्लोराइड (डाइक्लोरोमीथेन) (गुणवत्ता नियंत्रण) संशोधन आदेश, 2021 (एस.ओ. 4913 (ई), दिनांक 29.11.2021) मेथिलीन क्लोराइड (डाइक्लोरोमीथेन) (गुणवत्ता नियंत्रण) आदेश, 2021 (विभिन्न रसायनों हेतु संशोधन आदेश, दिनांक 13/05/2022) मेथिलीन क्लोराइड (डाइक्लोरोमीथेन) (गुणवत्ता नियंत्रण) आदेश, 2021 में संशोधन एस.ओ. 5396 (ई), दिनांक 18 नवंबर 2022 मेथिलीन क्लोराइड (डाइक्लोरोमीथेन) (गुणवत्ता नियंत्रण) संशोधन आदेश, 2023 (एस.ओ. 1870 (ई), दिनांक 24/04/2023)",,,,,,,,,,,,,,1,F034,bis_gazette_notification.csv,,F034:-:288;F034:-:1187,MERGED,0,,,,2,11.11
NOTIF-00937,,,,"मेलिक एनहाइड्राइड, तकनीकी","मेलिक एनहाइड्राइड (गुणवत्ता नियंत्रण) आदेश, 2020 (एस.ओ. सं. 4000(ई), दिनांक 04/11/2020) विभिन्न रासायनिक उत्पादों हेतु संशोधन आदेश मेलिक एनहाइड्राइड (गुणवत्ता नियंत्रण) आदेश, 2021 विभिन्न पेट्रोकेमिकल्स हेतु संशोधन आदेश, दिनांक 08/10/2021 मेलिक एनहाइड्राइड (गुणवत्ता नियंत्रण) आदेश, 2022 विभिन्न रसायनों हेतु संशोधन आदेश, दिनांक 05/04/2022 मेलिक एनहाइड्राइड (गुणवत्ता नियंत्रण) संशोधन आदेश, 2022 विभिन्न पेट्रोकेमिकल्स हेतु संशोधन आदेश, दिनांक 29 सितम्बर 2022 मेलिक एनहाइड्राइड (गुणवत्ता नियंत्रण) संशोधन आदेश, 2023 (एस.ओ. 1788(ई), दिनांक 18/04/2023) मेलिक एनहाइड्राइड (गुणवत्ता नियंत्रण) संशोधन आदेश, 2023 में संशोधन (एस.ओ. 1986(ई), दिनांक 01/05/2023) मेलिक एनहाइड्राइड (गुणवत्ता नियंत्रण) संशोधन आदेश, 2023 (एस.ओ. 4233(ई), दिनांक 26 सितम्बर 2023) मेलिक एनहाइड्राइड (गुणवत्ता नियंत्रण) संशोधन आदेश, 2024 (एस.ओ. 1466(ई), दिनांक 18 मार्च 2024) मेलिक एनहाइड्राइड (गुणवत्ता नियंत्रण) द्वितीय संशोधन आदेश, 2024 एस.ओ. 4652(ई), दिनांक 24 अक्टूबर 2024 मेलिक एनहाइड्राइड (गुणवत्ता नियंत्रण) आदेश, 2022 को निरस्त करने का आदेश एस.ओ. 4863(ई), दिनांक 24 अक्टूबर 2025",,,,,,,,,,,,,,1,F034,bis_gazette_notification.csv,,F034:-:275;F034:-:1174,MERGED,0,,,,2,11.11
NOTIF-00938,,,,मेसनरी सीमेंट,,,,,,,,,,,,,,,1,F034,bis_gazette_notification.csv,,F034:-:7;F034:-:906,MERGED,0,,,,1,5.56
NOTIF-00939,,,,"मैकेनिकल रूप से बुनी हुई, डबल-ट्विस्टेड, हेक्सागोनल वायर मेष गैबियन्स, रिवेट मैट्रेस और रॉक फॉल नेटिंग और अन्य सिविल इंजीनियरिंग प्रयोजनों के लिए उत्पाद (गैल्वनाइज्ड स्टील वायर या पॉलिमर कोटेड गैल्वनाइज्ड स्टील वायर)",,,,,,,,,,,,,,,1,F034,bis_gazette_notification.csv,,F034:-:653;F034:-:1552,MERGED,0,,,,1,5.56
NOTIF-00940,,,,मैलियेबल कास्ट आयरन पाइप फिटिंग,,,,,,,,,,,,,,,1,F034,bis_gazette_notification.csv,,F034:-:529;F034:-:1428,MERGED,0,,,,1,5.56
NOTIF-00941,,,,मॉर्टिस लॉक (वर्टिकल प्रकार) के लिए डोर हैंडल्स,,,,,,,,,,,,,,,1,F034,bis_gazette_notification.csv,,F034:-:637;F034:-:1536,MERGED,0,,,,1,5.56
NOTIF-00942,,,,मॉर्फोलिन,"मॉर्फोलिन (गुणवत्ता नियंत्रण) आदेश, 2020 एस.ओ. 4772(ई), दिनांक 30 अक्टूबर 2024",,,,,,,,,,,,,,1,F034,bis_gazette_notification.csv,,F034:-:254;F034:-:1153,MERGED,0,,,,2,11.11
NOTIF-00943,,,,मोटर वाहन – दो एवं तीन पहिया मोटर वाहनों के लिए न्यूमैटिक टायर,,,,,,,,,,,,,,,1,F034,bis_gazette_notification.csv,,F034:-:52;F034:-:951,MERGED,0,,,,1,5.56
NOTIF-00944,,,,मोटर वाहन – न्यूमैटिक टायरों के लिए ट्यूब,"6. मोटर वाहनों के लिए न्यूमैटिक टायर एवं ट्यूब (गुणवत्ता नियंत्रण) आदेश, 2009 एस.ओ. 2953(E), दिनांक 19-11-2009 अनुवर्ती संशोधन एस.ओ. 1057(E), दिनांक 11-05-2010 एस.ओ. 2758(E), दिनांक 09-11-2010",,,,,,,,,,,,,,1,F034,bis_gazette_notification.csv,,F034:-:51;F034:-:950,MERGED,0,,,,2,11.11
NOTIF-00945,,,,मोटर वाहन – यात्री कारों के लिए न्यूमैटिक टायर – डायगोनल एवं रेडियल प्लाई,,,,,,,,,,,,,,,1,F034,bis_gazette_notification.csv,,F034:-:53;F034:-:952,MERGED,0,,,,1,5.56
NOTIF-00946,,,,मोटर वाहन – वाणिज्यिक वाहनों के लिए न्यूमैटिक टायर – डायगोनल एवं रेडियल प्लाई,,,,,,,,,,,,,,,1,F034,bis_gazette_notification.csv,,F034:-:54;F034:-:953,MERGED,0,,,,1,5.56
NOTIF-00947,,,,मोर्टार लाइनिंग एवं कोटिंग सहित बार या वायर से लिपटे इस्पात सिलेंडर पाइप (विशेष फिटिंग सहित),"91. विविध इस्पात उत्पाद (गुणवत्ता नियंत्रण) आदेश, 2023 एस.ओ. 4240(ई), दिनांक 25 सितंबर 2023",,,,,,,,,,,,,,1,F034,bis_gazette_notification.csv,,F034:-:558;F034:-:1457,MERGED,0,,,,2,11.11
NOTIF-00948,,,,मोल्डिंग एवं एक्सट्रूज़न हेतु पॉलीएथिलीन सामग्री (i) लो डेंसिटी पॉलीएथिलीन (LDPE) (ii) लिनियर लो-डेंसिटी पॉलीएथिलीन (LLDPE) (iii) हाई डेंसिटी पॉलीएथिलीन (HDPE),"मोल्डिंग एवं एक्सट्रूज़न हेतु पॉलीएथिलीन सामग्री (गुणवत्ता नियंत्रण) आदेश, 2021 (एस.ओ. 1625 (ई), दिनांक 15.04.2021) मोल्डिंग एवं एक्सट्रूज़न हेतु पॉलीएथिलीन सामग्री (गुणवत्ता नियंत्रण) संशोधन आदेश, 2021 (एस.ओ. 4187 (ई), दिनांक 08.10.2021) मोल्डिंग एवं एक्सट्रूज़न हेतु पॉलीएथिलीन सामग्री (गुणवत्ता नियंत्रण) आदेश, 2022 विभिन्न रसायनों हेतु संशोधन आदेश, दिनांक 05.04.2022 मोल्डिंग एवं एक्सट्रूज़न हेतु पॉलीएथिलीन सामग्री (गुणवत्ता नियंत्रण) संशोधन आदेश, 2022 विभिन्न पेट्रोकेमिकल्स हेतु संशोधन आदेश, दिनांक 29 सितम्बर 2022 मोल्डिंग एवं एक्सट्रूज़न हेतु पॉलीएथिलीन सामग्री (गुणवत्ता नियंत्रण) संशोधन आदेश, 2023 (एस.ओ. 1557 (ई), दिनांक 31.03.2023) मोल्डिंग एवं एक्सट्रूज़न हेतु पॉलीएथिलीन सामग्री (गुणवत्ता नियंत्रण) संशोधन आदेश, 2023 (एस.ओ. 4235 (ई), दिनांक 26 सितम्बर 2023) मोल्डिंग एवं एक्सट्रूज़न हेतु पॉलीएथिलीन सामग्री (गुणवत्ता नियंत्रण) संशोधन आदेश, 2024 (एस.ओ. 68 (ई), दिनांक 04 जनवरी 2024) मोल्डिंग एवं एक्सट्रूज़न हेतु पॉलीएथिलीन सामग्री (गुणवत्ता नियंत्रण) संशोधन आदेश, 2025 एस.ओ. 2560 (ई), दिनांक 12 जून 2025 मोल्डिंग एवं एक्सट्रूज़न हेतु पॉलीएथिलीन सामग्री (गुणवत्ता नियंत्रण) आदेश, 2022 का निरसन एस.ओ. 5136 (ई), दिनांक 12 नवम्बर 2025",,,,,,,,,,,,,,1,F034,bis_gazette_notification.csv,,F034:-:282;F034:-:1181,MERGED,0,,,,2,11.11
NOTIF-00949,,,,यांत्रिक स्प्रिंग हेतु स्टील वायर – भाग 4: स्टेनलेस स्टील वायर,,,,,,,,,,,,,,,1,F034,bis_gazette_notification.csv,,F034:-:186;F034:-:1085,MERGED,0,,,,1,5.56
NOTIF-00950,,,,यांत्रिक स्प्रिंग्स हेतु स्टील वायर भाग-1: कोल्ड ड्रॉन अनएलॉयड स्टील वायर,,,,,,,,,,,,,,,1,F034,bis_gazette_notification.csv,,F034:-:114;F034:-:1013,MERGED,0,,,,1,5.56
NOTIF-00951,,,,यांत्रिक स्प्रिंग्स हेतु स्टील वायर भाग-2: ऑयल हार्डन्ड एवं टेम्पर्ड स्टील वायर,,,,,,,,,,,,,,,1,F034,bis_gazette_notification.csv,,F034:-:115;F034:-:1014,MERGED,0,,,,1,5.56
NOTIF-00952,,,,यात्री कारों के पहियों हेतु प्रदर्शन आवश्यकताएँ एवं परीक्षण विधियाँ,,,,,,,,,,,,,,,1,F034,bis_gazette_notification.csv,,F034:-:373;F034:-:1272,MERGED,0,,,,1,5.56
NOTIF-00953,,,,यूटिलिटी लाइटर – सुरक्षा विनिर्देश,,,,,,,,,,,,,,,1,F034,bis_gazette_notification.csv,,F034:-:471;F034:-:1370,MERGED,0,,,,1,5.56
NOTIF-00954,,,,रबर तले वाले कैनवास जूते,,,,,,,,,,,,,,,1,F034,bis_gazette_notification.csv,,F034:-:391;F034:-:1290,MERGED,0,,,,1,5.56
NOTIF-00955,,,,रबर तले वाले कैनवास बूट,,,,,,,,,,,,,,,1,F034,bis_gazette_notification.csv,,F034:-:392;F034:-:1291,MERGED,0,,,,1,5.56
NOTIF-00956,,,,रबर हवाई चप्पल,,,,,,,,,,,,,,,1,F034,bis_gazette_notification.csv,,F034:-:382;F034:-:1281,MERGED,0,,,,1,5.56
NOTIF-00957,,,,रबरसीड फैटी एसिड,"41. रबरसीड फैटी एसिड (गुणवत्ता नियंत्रण) आदेश, 2022 (एस.ओ. 1961(ई), दिनांक 27/04/2022)",,,,,,,,,,,,,,1,F034,bis_gazette_notification.csv,,F034:-:302;F034:-:1201,MERGED,0,,,,2,11.11
NOTIF-00958,,,,रस्सियों के लिए गोल स्टील वायर,,,,,,,,,,,,,,,1,F034,bis_gazette_notification.csv,,F034:-:111;F034:-:1010,MERGED,0,,,,1,5.56
NOTIF-00959,,,,राइज्ड काउंटरसंक हेड स्क्रू (सामान्य हेड स्टाइल) विथ टाइप H या टाइप Z क्रॉस रेस्स - उत्पाद ग्रेड A,,,,,,,,,,,,,,,1,F034,bis_gazette_notification.csv,,F034:-:1656,CANONICAL,0,,,,1,5.56
NOTIF-00960,,,,राइज्ड काउंटरसंक हेड स्क्रू (सामान्य हेड स्टाइल) विथ टाइप H या टाइप Z क्रॉस रेस्स – उत्पाद ग्रेड A,,,,,,,,,,,,,,,1,F034,bis_gazette_notification.csv,,F034:-:757,CANONICAL,0,,,,1,5.56
NOTIF-00961,,,,राइस ब्रान फैटी एसिड,"राइस ब्रान फैटी एसिड (गुणवत्ता नियंत्रण) आदेश, 2022 (एस.ओ. 1961(ई), दिनांक 27/04/2022) राइस ब्रान फैटी एसिड (गुणवत्ता नियंत्रण) संशोधन आदेश, 2022 (विभिन्न रसायनों हेतु संशोधन आदेश, दिनांक 21 अक्टूबर 2022) राइस ब्रान फैटी एसिड (गुणवत्ता नियंत्रण) संशोधन आदेश, 2023 (एस.ओ. 1867(ई), दिनांक 24/04/2023) राइस ब्रान फैटी एसिड (गुणवत्ता नियंत्रण) संशोधन आदेश, 2023 (एस.ओ. 4611(ई), 19 अक्टूबर 2023) राइस ब्रान फैटी एसिड (गुणवत्ता नियंत्रण) संशोधन आदेश, 2024 एस.ओ. 1139(ई), दिनांक 07 मार्च 2024 राइस ब्रान फैटी एसिड (गुणवत्ता नियंत्रण) द्वितीय संशोधन आदेश, 2024 एस.ओ. 4614(ई), दिनांक 22 अक्टूबर 2024 राइस ब्रान फैटी एसिड (गुणवत्ता नियंत्रण) संशोधन आदेश, 2025 एस.ओ. 1873(ई), दिनांक 25 अप्रैल 2025 राइस ब्रान फैटी एसिड (गुणवत्ता नियंत्रण) आदेश, 2022 को निरस्त किया गया एस.ओ. 4783(ई), दिनांक 22 अक्टूबर 2025",,,,,,,,,,,,,,1,F034,bis_gazette_notification.csv,,F034:-:300;F034:-:1199,MERGED,0,,,,2,11.11
NOTIF-00962,,,,रासायनिक प्रयोजनों हेतु रेजिन उपचारित संपीड़ित लकड़ी लैमिनेट (कम्प्रेग्स),,,,,,,,,,,,,,,1,F034,bis_gazette_notification.csv,,F034:-:485;F034:-:1384,MERGED,0,,,,1,5.56
NOTIF-00963,,,,रिंग रिंच (स्पैनर्स),,,,,,,,,,,,,,,1,F034,bis_gazette_notification.csv,,F034:-:858;F034:-:1757,MERGED,0,,,,1,5.56
NOTIF-00964,,,,रिंग स्लगिंग रिंच (स्पैनर्स),,,,,,,,,,,,,,,1,F034,bis_gazette_notification.csv,,F034:-:855;F034:-:1754,MERGED,0,,,,1,5.56
NOTIF-00965,,,,रिटेनिंग संरचनाओं में मृदा सुदृढ़ीकरण हेतु प्रयुक्त पॉलिमरिक स्ट्रिप या जियोस्ट्रिप,,,,,,,,,,,,,,,1,F034,bis_gazette_notification.csv,,F034:-:449;F034:-:1348,MERGED,0,,,,1,5.56
NOTIF-00966,,,,रिम लैचेस,,,,,,,,,,,,,,,1,F034,bis_gazette_notification.csv,,F034:-:635;F034:-:1534,MERGED,0,,,,1,5.56
NOTIF-00967,,,,"री-रोलिंग प्रयोजनों हेतु कार्बन स्टील कास्ट बिलेट इनगट, बिलेट, ब्लूम एवं स्लैब — विनिर्देश",,,,,,,,,,,,,,,1,F034,bis_gazette_notification.csv,,F034:-:167;F034:-:1066,MERGED,0,,,,1,5.56
NOTIF-00968,,,,रीड्स के लिए स्टील वायर,,,,,,,,,,,,,,,1,F034,bis_gazette_notification.csv,,F034:-:199;F034:-:1098,MERGED,0,,,,1,5.56
NOTIF-00969,,,,रूम एयर कंडीशनर हेतु फिन्ड प्रकार का हीट एक्सचेंजर,,,,,,,,,,,,,,,1,F034,bis_gazette_notification.csv,,F034:-:312;F034:-:1211,MERGED,0,,,,1,5.56
NOTIF-00970,,,,रूम एयर कंडीशनर — विनिर्देशन भाग 1: यूनिटरी एयर कंडीशनर,"44. एयर कंडीशनर एवं उससे संबंधित भाग, हर्मेटिक कंप्रेसर तथा तापमान संवेदन नियंत्रण (गुणवत्ता नियंत्रण) आदेश, 2019 एस.ओ. 4354(ई), दिनांक 05 दिसंबर 2019 एयर कंडीशनर एवं उससे संबंधित भाग, हर्मेटिक कंप्रेसर तथा तापमान संवेदन नियंत्रण (गुणवत्ता नियंत्रण) संशोधन आदेश, 2020 (एस.ओ. 1518(ई), दिनांक 18 मई 2020) एयर कंडीशनर एवं उससे संबंधित भाग, हर्मेटिक कंप्रेसर तथा तापमान संवेदन नियंत्रण (गुणवत्ता नियंत्रण) द्वितीय संशोधन आदेश, 2020 एयर कंडीशनर एवं उससे संबंधित भाग, हर्मेटिक कंप्रेसर तथा तापमान संवेदन नियंत्रण (गुणवत्ता नियंत्रण) संशोधन आदेश, 2021 एस.ओ. 5095(ई), दिनांक 08 दिसंबर 2021 एयर कंडीशनर एवं उससे संबंधित भाग, हर्मेटिक कंप्रेसर तथा तापमान संवेदन नियंत्रण (गुणवत्ता नियंत्रण) संशोधन आदेश, 2022 (एस.ओ. 5972(ई), दिनांक 21/12/2022) एयर कंडीशनर एवं उससे संबंधित भाग, हर्मेटिक कंप्रेसर तथा तापमान संवेदन नियंत्रण (गुणवत्ता नियंत्रण) संशोधन आदेश, 2023 (एस.ओ. 32(ई), दिनांक 29 दिसंबर 2023) एयर कंडीशनर एवं उससे संबंधित भाग, हर्मेटिक कंप्रेसर तथा तापमान संवेदन नियंत्रण (गुणवत्ता नियंत्रण) संशोधन आदेश, 2025 एस.ओ. 695(ई), दिनांक 11 फरवरी 2025 एयर कंडीशनर एवं उससे संबंधित भाग, हर्मेटिक कंप्रेसर तथा तापमान संवेदन नियंत्रण (गुणवत्ता नियंत्रण) संशोधन आदेश, 2025",,,,,,,,,,,,,,1,F034,bis_gazette_notification.csv,,F034:-:309;F034:-:1208,MERGED,0,,,,2,11.11
NOTIF-00971,,,,रूम एयर कंडीशनर — विनिर्देशन भाग 2: स्प्लिट एयर कंडीशनर,,,,,,,,,,,,,,,1,F034,bis_gazette_notification.csv,,F034:-:310;F034:-:1209,MERGED,0,,,,1,5.56
NOTIF-00972,,,,रेज़र ब्लेड्स हेतु कोल्ड रोल्ड स्टेनलेस स्टील स्ट्रिप,,,,,,,,,,,,,,,1,F034,bis_gazette_notification.csv,,F034:-:171;F034:-:1070,MERGED,0,,,,1,5.56
NOTIF-00973,,,,रेजिन उपचारित संपीड़ित लकड़ी लैमिनेट विद्युत प्रयोजनों हेतु रेजिन उपचारित संपीड़ित लकड़ी लैमिनेट (कम्प्रेग्स),"81. रेजिन उपचारित संपीड़ित लकड़ी लैमिनेट (गुणवत्ता नियंत्रण) आदेश, 2023 एस.ओ. 3139(ई), दिनांक 14 जुलाई 2023 रेजिन उपचारित संपीड़ित लकड़ी लैमिनेट (गुणवत्ता नियंत्रण) आदेश, 2024 एस.ओ. 1018(ई), दिनांक 29 फरवरी 2024",,,,,,,,,,,,,,1,F034,bis_gazette_notification.csv,,F034:-:484;F034:-:1383,MERGED,0,,,,2,11.11
NOTIF-00974,,,,रेटेड वोल्टेज 250 वोल्ट तक तथा रेटेड धारा 16 एम्पीयर तक के प्लग एवं सॉकेट-आउटलेट,"प्लग एवं सॉकेट-आउटलेट तथा सक्रिय ऊर्जा हेतु प्रत्यावर्ती धारा प्रत्यक्ष-संयोजित स्थिर प्रीपेमेंट मीटर (गुणवत्ता नियंत्रण) आदेश, 2019 एस.ओ. 4353(ई), दिनांक 04 दिसंबर 2019 प्लग एवं सॉकेट-आउटलेट तथा सक्रिय ऊर्जा हेतु प्रत्यावर्ती धारा प्रत्यक्ष-संयोजित स्थिर प्रीपेमेंट मीटर (गुणवत्ता नियंत्रण) संशोधन आदेश, 2020 (एस.ओ. 1517(ई), दिनांक 18 मई 2020) 45. प्लग एवं सॉकेट-आउटलेट तथा ए.सी. प्रत्यक्ष-संयोजित स्थिर प्रीपेमेंट मीटर (सक्रिय ऊर्जा) (गुणवत्ता नियंत्रण) आदेश, 2021 द्वारा प्रतिस्थापित",,,,,,,,,,,,,,1,F034,bis_gazette_notification.csv,,F034:-:315;F034:-:1214,MERGED,0,,,,2,11.11
NOTIF-00975,,,,रेट्रो-परावर्तक उपकरण,"साइकिल – रेट्रो-परावर्तक उपकरण (गुणवत्ता नियंत्रण) आदेश, 2020। (एस.ओ. 2290(ई), दिनांक 07/07/2020) 57. साइकिल – रेट्रो-परावर्तक उपकरण (गुणवत्ता नियंत्रण) आदेश, 2021 द्वारा प्रतिस्थापित। (एस.ओ. 2028(ई), दिनांक 25/05/2021) साइकिल – रेट्रो-परावर्तक उपकरण (गुणवत्ता नियंत्रण) संशोधन आदेश, 2021। (एस.ओ. 5400(ई), दिनांक 24 दिसंबर 2021) साइकिल – रेट्रो-परावर्तक उपकरण (गुणवत्ता नियंत्रण) आदेश, 2023। (एस.ओ. 882(ई), दिनांक 23 फरवरी 2023) साइकिल रेट्रो-परावर्तक उपकरण (गुणवत्ता नियंत्रण) संशोधन आदेश, 2023 हेतु शुद्धिपत्र। (एस.ओ. 1441(ई), दिनांक 27 मार्च 2023) साइकिल – रेट्रो-परावर्तक उपकरण (गुणवत्ता नियंत्रण) संशोधन आदेश, 2024। एस.ओ. 4569(ई), दिनांक 18 अक्टूबर 2024",,,,,,,,,,,,,,1,F034,bis_gazette_notification.csv,,F034:-:364;F034:-:1263,MERGED,0,,,,2,11.11
NOTIF-00976,,,,रेफ्रिजरेशन और एयर-कंडीशनिंग प्रयोजनों के लिए तांबे की वॉर्ट ट्यूबें,,,,,,,,,,,,,,,1,F034,bis_gazette_notification.csv,,F034:-:620;F034:-:1519,MERGED,0,,,,1,5.56
NOTIF-00977,,,,रेलवे रोलिंग स्टॉक हेतु वोल्यूट एवं हेलिकल स्प्रिंग्स के निर्माण हेतु स्टील — विनिर्देश,,,,,,,,,,,,,,,1,F034,bis_gazette_notification.csv,,F034:-:147;F034:-:1046,MERGED,0,,,,1,5.56
NOTIF-00978,,,,लकड़ी एवं अन्य लिग्नोसेल्यूलोसिक सामग्री से बने प्रीलैमिनेटेड पार्टिकल बोर्ड,,,,,,,,,,,,,,,1,F034,bis_gazette_notification.csv,,F034:-:522;F034:-:1421,MERGED,0,,,,1,5.56
NOTIF-00979,,,,"लकड़ी के फ्लश डोर शटर (ठोस कोर प्रकार) – पार्टिकल बोर्ड, उच्च घनत्व फाइबर बोर्ड, मध्यम घनत्व फाइबर बोर्ड एवं फाइबर हार्डबोर्ड फेस पैनल",,,,,,,,,,,,,,,1,F034,bis_gazette_notification.csv,,F034:-:552;F034:-:1451,MERGED,0,,,,1,5.56
NOTIF-00980,,,,लकड़ी के फ्लश डोर शटर (ठोस कोर प्रकार) – प्लाइवुड फेस पैनल,,,,,,,,,,,,,,,1,F034,bis_gazette_notification.csv,,F034:-:546;F034:-:1445,MERGED,0,,,,1,5.56
NOTIF-00981,,,,लकड़ी के फ्लश डोर शटर (सेलुलर एवं खोखले कोर प्रकार) – पार्टिकल बोर्ड एवं हार्डबोर्ड फेस पैनल,,,,,,,,,,,,,,,1,F034,bis_gazette_notification.csv,,F034:-:550;F034:-:1449,MERGED,0,,,,1,5.56
NOTIF-00982,,,,लकड़ी के फ्लश डोर शटर (सेलुलर एवं खोखले कोर प्रकार) – प्लाइवुड फेस पैनल,,,,,,,,,,,,,,,1,F034,bis_gazette_notification.csv,,F034:-:551;F034:-:1450,MERGED,0,,,,1,5.56
NOTIF-00983,,,,लकड़ी के स्क्रू निर्माण हेतु कार्बन स्टील वायर — विनिर्देश,,,,,,,,,,,,,,,1,F034,bis_gazette_notification.csv,,F034:-:144;F034:-:1043,MERGED,0,,,,1,5.56
NOTIF-00984,,,,लचीले पेवमेंट के लिए जियोग्रिड्स,,,,,,,,,,,,,,,1,F034,bis_gazette_notification.csv,,F034:-:448;F034:-:1347,MERGED,0,,,,1,5.56
NOTIF-00985,,,,लाइटर – सुरक्षा विनिर्देश,"76. ज्वाला उत्पन्न करने वाले लाइटर (गुणवत्ता नियंत्रण) आदेश, 2023 एस.ओ. 2986(ई), दिनांक 5 जुलाई 2023 ज्वाला उत्पन्न करने वाले लाइटर (गुणवत्ता नियंत्रण) संशोधन आदेश, 2024 एस.ओ. 4230(ई), दिनांक 24 सितंबर 2024",,,,,,,,,,,,,,1,F034,bis_gazette_notification.csv,,F034:-:470;F034:-:1369,MERGED,0,,,,2,11.11
NOTIF-00986,,,,लाइनिंग हेतु उच्च घनत्व पॉलीइथिलीन (HDPE) जियोमेम्ब्रेन,,,,,,,,,,,,,,,1,F034,bis_gazette_notification.csv,,F034:-:445;F034:-:1344,MERGED,0,,,,1,5.56
NOTIF-00987,,,,लाल फॉस्फोरस,"39. लाल फॉस्फोरस (गुणवत्ता नियंत्रण) आदेश, 2021 (एस.ओ. सं. 2033 (ई), दिनांक 25/05/2021)",,,,,,,,,,,,,,1,F034,bis_gazette_notification.csv,,F034:-:289;F034:-:1188,MERGED,0,,,,2,11.11
NOTIF-00988,,,,लिनियर एल्काइल बेंज़ीन,"36. लिनियर एल्काइल बेंज़ीन (गुणवत्ता नियंत्रण) आदेश, 2021 (एस.ओ. 1664 (ई), दिनांक 15.04.2021) लिनियर एल्काइल बेंज़ीन (गुणवत्ता नियंत्रण) संशोधन आदेश, 2021 (एस.ओ. 4182 (ई), दिनांक 08.10.2021) लिनियर एल्काइल बेंज़ीन (गुणवत्ता नियंत्रण) आदेश, 2022 विभिन्न रसायनों हेतु संशोधन आदेश, दिनांक 05/04/2022 लिनियर एल्काइल बेंज़ीन (गुणवत्ता नियंत्रण) संशोधन आदेश, 2022 विभिन्न पेट्रोकेमिकल्स हेतु संशोधन आदेश, दिनांक 29 सितंबर 2022 लिनियर एल्काइल बेंज़ीन (गुणवत्ता नियंत्रण) संशोधन आदेश, 2022 एस.ओ..1655 (ई) दिनांक 30 मार्च , 2026",,,,,,,,,,,,,,1,F034,bis_gazette_notification.csv,,F034:-:285;F034:-:1184,MERGED,0,,,,2,11.11
NOTIF-00989,,,,"लिफ्ट, एलिवेटर और होइस्ट के लिए स्टील वायर सस्पेंशन रोप्स",,,,,,,,,,,,,,,1,F034,bis_gazette_notification.csv,,F034:-:646;F034:-:1545,MERGED,0,,,,1,5.56
NOTIF-00990,,,,लीगल मेट्रोलॉजी - सामग्री लंबाई का माप - बुने हुए धातु और ग्लास फाइबर टेप माप,"103. लीगल मेट्रोलॉजी - सामग्री लंबाई के माप (गुणवत्ता नियंत्रण) आदेश, 2023 S.O. 5029(E), दिनांक 21 नवम्बर 2023",,,,,,,,,,,,,,1,F034,bis_gazette_notification.csv,,F034:-:1554,CANONICAL,0,,,,2,11.11
NOTIF-00991,,,,लीगल मेट्रोलॉजी - सामग्री लंबाई का माप - स्टील टेप माप,,,,,,,,,,,,,,,1,F034,bis_gazette_notification.csv,,F034:-:1555,CANONICAL,0,,,,1,5.56
NOTIF-00992,,,,लीगल मेट्रोलॉजी – सामग्री लंबाई का माप – बुने हुए धातु और ग्लास फाइबर टेप माप,"103. लीगल मेट्रोलॉजी – सामग्री लंबाई के माप (गुणवत्ता नियंत्रण) आदेश, 2023 S.O. 5029(E), दिनांक 21 नवम्बर 2023",,,,,,,,,,,,,,1,F034,bis_gazette_notification.csv,,F034:-:655,CANONICAL,0,,,,2,11.11
NOTIF-00993,,,,लीगल मेट्रोलॉजी – सामग्री लंबाई का माप – स्टील टेप माप,,,,,,,,,,,,,,,1,F034,bis_gazette_notification.csv,,F034:-:656,CANONICAL,0,,,,1,5.56
NOTIF-00994,,,,लेमिनेटेड बुना बाग संरक्षण कवर,,,,,,,,,,,,,,,1,F034,bis_gazette_notification.csv,,F034:-:611;F034:-:1510,MERGED,0,,,,1,5.56
NOTIF-00995,,,,लेमिनेटेड स्प्रिंग्स (रेलवे रोलिंग स्टॉक) के निर्माण हेतु स्टील — भाग 1 : फ्लैट सेक्शन — विनिर्देश,,,,,,,,,,,,,,,1,F034,bis_gazette_notification.csv,,F034:-:149;F034:-:1048,MERGED,0,,,,1,5.56
NOTIF-00996,,,,लेमिनेटेड स्प्रिंग्स (रेलवे रोलिंग स्टॉक) के निर्माण हेतु स्टील — भाग 2 : रिब एवं ग्रूव सेक्शन — विनिर्देश,,,,,,,,,,,,,,,1,F034,bis_gazette_notification.csv,,F034:-:150;F034:-:1049,MERGED,0,,,,1,5.56
NOTIF-00997,,,,लॉरिक अम्ल,"लॉरिक अम्ल (गुणवत्ता नियंत्रण) आदेश, 2022 (एस.ओ. 1961(ई), दिनांक 27/04/2022) लॉरिक अम्ल (गुणवत्ता नियंत्रण) संशोधन आदेश, 2022 (विभिन्न रसायनों हेतु संशोधन आदेश, दिनांक 21 अक्टूबर 2022) लॉरिक अम्ल (गुणवत्ता नियंत्रण) संशोधन आदेश, 2023 (एस.ओ. 1864(ई), दिनांक 24/04/2023) लॉरिक अम्ल (गुणवत्ता नियंत्रण) संशोधन आदेश, 2023 (एस.ओ. 4608(ई), दिनांक 19 अक्टूबर 2023) लॉरिक अम्ल (गुणवत्ता नियंत्रण) संशोधन आदेश, 2024 एस.ओ. 1136(ई), दिनांक 07 मार्च 2024 लॉरिक अम्ल (गुणवत्ता नियंत्रण) द्वितीय संशोधन आदेश, 2024 एस.ओ. 4611(ई), दिनांक 22 अक्टूबर 2024 लॉरिक अम्ल (गुणवत्ता नियंत्रण) संशोधन आदेश, 2025 एस.ओ. 1870(ई), दिनांक 25 अप्रैल 2025 लॉरिक अम्ल (गुणवत्ता नियंत्रण) आदेश, 2022 को निरस्त किया गया एस.ओ. 4780(ई), दिनांक 22 अक्टूबर 2025",,,,,,,,,,,,,,1,F034,bis_gazette_notification.csv,,F034:-:297;F034:-:1196,MERGED,0,,,,2,11.11
NOTIF-00998,,,,वर्क चेयर्स,"136. फर्नीचर (गुणवत्ता नियंत्रण) आदेश, 2025 S.O. 801(E), दिनांक 14 फरवरी 2025 फर्नीचर (गुणवत्ता नियंत्रण) संशोधन आदेश, 2026 S.O. 774 (E) दिनांक 13 फरवरी, 2026",,,,,,,,,,,,,,1,F034,bis_gazette_notification.csv,,F034:-:890;F034:-:1789,MERGED,0,,,,2,11.11
NOTIF-00999,,,,वर्मीकल्चर के लिए हाई डेंसिटी पॉलीइथिलीन (HDPE) बुनी हुई बिस्तरें,,,,,,,,,,,,,,,1,F034,bis_gazette_notification.csv,,F034:-:596;F034:-:1495,MERGED,0,,,,1,5.56
NOTIF-01000,,,,"वस्त्र – 10 किलोग्राम, 15 किलोग्राम, 20 किलोग्राम, 25 किलोग्राम एवं 30 किलोग्राम खाद्यान्न की पैकेजिंग हेतु उच्च घनत्व पॉलीइथिलीन (एचडीपीई)/पॉलीप्रोपाइलीन (पीपी) बुने हुए बोरे",,,,,,,,,,,,,,,1,F034,bis_gazette_notification.csv,,F034:-:358;F034:-:1257,MERGED,0,,,,1,5.56
NOTIF-01001,,,,वस्त्र – 50 किलोग्राम/25 किलोग्राम चीनी की पैकेजिंग हेतु उच्च घनत्व पॉलीइथिलीन (एचडीपीई)/पॉलीप्रोपाइलीन (पीपी) बुने हुए बोरे,,,,,,,,,,,,,,,1,F034,bis_gazette_notification.csv,,F034:-:359;F034:-:1258,MERGED,0,,,,1,5.56
NOTIF-01002,,,,वस्त्र – 50 किलोग्राम खाद्यान्न की पैकेजिंग हेतु उच्च घनत्व पॉलीइथिलीन (एचडीपीई)/पॉलीप्रोपाइलीन (पीपी) बुने हुए बोरे,"55. वस्त्र – उच्च घनत्व पॉलीइथिलीन एवं पॉलीप्रोपाइलीन बुने हुए बोरे (पैकेजिंग या भरने हेतु) (गुणवत्ता नियंत्रण) आदेश, 2020 एस.ओ. 1403(ई), दिनांक 23 अप्रैल 2020",,,,,,,,,,,,,,1,F034,bis_gazette_notification.csv,,F034:-:357;F034:-:1256,MERGED,0,,,,2,11.11
NOTIF-01003,,,,वस्त्र – रेत भरने हेतु उच्च घनत्व पॉलीइथिलीन (एचडीपीई)/पॉलीप्रोपाइलीन (पीपी) बुने हुए बोरे,,,,,,,,,,,,,,,1,F034,bis_gazette_notification.csv,,F034:-:360;F034:-:1259,MERGED,0,,,,1,5.56
NOTIF-01004,,,,वायवीय औज़ारों हेतु स्टील,,,,,,,,,,,,,,,1,F034,bis_gazette_notification.csv,,F034:-:176;F034:-:1075,MERGED,0,,,,1,5.56
NOTIF-01005,,,,वाष्पीकरण एयर कूलर (डेज़र्ट कूलर),"115. एयर कूलर और एयर फ़िल्टर (गुणवत्ता नियंत्रण) आदेश, 2023 S.O. 1114(E), दिनांक 05 मार्च 2024 एयर कूलर और एयर फ़िल्टर (गुणवत्ता नियंत्रण) आदेश, 2025 S.O. 529(E), दिनांक 30 जनवरी 2025",,,,,,,,,,,,,,1,F034,bis_gazette_notification.csv,,F034:-:704;F034:-:1603,MERGED,0,,,,2,11.11
NOTIF-01006,,,,विद्युत अनुप्रयोगों के लिए तांबे की वायर रॉड,"97. कॉपर उत्पाद (गुणवत्ता नियंत्रण) आदेश, 2023 S.O. 4595(E), दिनांक 17 अक्टूबर 2023 कॉपर उत्पाद (गुणवत्ता नियंत्रण) आदेश, 2024 S.O. 1801(E), दिनांक 25 अप्रैल 2024 कॉपर उत्पाद (गुणवत्ता नियंत्रण) संशोधन आदेश, 2025 S.O. 884(E) दिनांक 19 फरवरी 2025 आयात के बदले सामान और वस्तुओं पर छूट का आदेश S.O. 775(E) दिनांक 13th फरवरी , 2026 खरीद के बदले सामान और वस्तुओं पर छूट का आदेश S.O. 776(E) दिनांक 13th फरवरी , 2026 कॉपर उत्पाद (गुणवत्ता नियंत्रण) संशोधन आदेश, 2026 S.O. 3503 (E) दिनांक 30 जून , 2026",,,,,,,,,,,,,,1,F034,bis_gazette_notification.csv,,F034:-:613;F034:-:1512,MERGED,0,,,,2,11.11
NOTIF-01007,,,,विद्युत अनुप्रयोगों हेतु अचुंबकीय स्टेनलेस स्टील — भाग 2 : बाइंडिंग वायर हेतु विशिष्ट आवश्यकताएँ,,,,,,,,,,,,,,,1,F034,bis_gazette_notification.csv,,F034:-:173;F034:-:1072,MERGED,0,,,,1,5.56
NOTIF-01008,,,,"विद्युत अनुप्रयोगों हेतु अचुंबकीय स्टेनलेस स्टील — भाग 3 : शीट, स्ट्रिप एवं प्लेट हेतु विशिष्ट आवश्यकताएँ",,,,,,,,,,,,,,,1,F034,bis_gazette_notification.csv,,F034:-:174;F034:-:1073,MERGED,0,,,,1,5.56
NOTIF-01009,,,,"विद्युत अनुप्रयोगों हेतु कुटित एल्यूमिनियम एवं एल्यूमिनियम मिश्रधातु बार, रॉड, ट्यूब, सेक्शन, प्लेट एवं शीट",,,,,,,,,,,,,,,1,F034,bis_gazette_notification.csv,,F034:-:572;F034:-:1471,MERGED,0,,,,1,5.56
NOTIF-01010,,,,विद्युत इंस्टॉलेशन्स के लिए केबल ट्रंकिंग और डक्टिंग सिस्टम - दीवार या छत पर माउंटिंग के लिए,,,,,,,,,,,,,,,1,F034,bis_gazette_notification.csv,,F034:-:1589,CANONICAL,0,,,,1,5.56
NOTIF-01011,,,,विद्युत इंस्टॉलेशन्स के लिए केबल ट्रंकिंग और डक्टिंग सिस्टम – दीवार या छत पर माउंटिंग के लिए,,,,,,,,,,,,,,,1,F034,bis_gazette_notification.csv,,F034:-:690,CANONICAL,0,,,,1,5.56
NOTIF-01012,,,,विद्युत इमर्शन जल हीटर,,,,,,,,,,,,,,,1,F034,bis_gazette_notification.csv,,F034:-:737;F034:-:1636,MERGED,0,,,,1,5.56
NOTIF-01013,,,,विद्युत उद्देश्यों के लिए इंसुलेटिंग मैट्स,,,,,,,,,,,,,,,1,F034,bis_gazette_notification.csv,,F034:-:694;F034:-:1593,MERGED,0,,,,1,5.56
NOTIF-01014,,,,विद्युत उद्देश्यों के लिए प्रेशर सेंसिटिव एडीसिव इंसुलेटिंग टेप – भाग 3 आवश्यकताएं या व्यक्तिगत सामग्री – सेक्शन 1 प्लास्टिसाइज्ड पॉलीविनाइल क्लोराइड टेप्स गैर-थर्मोसेटिंग चिपकने वाले के साथ,,,,,,,,,,,,,,,1,F034,bis_gazette_notification.csv,,F034:-:695;F034:-:1594,MERGED,0,,,,1,5.56
NOTIF-01015,,,,विद्युत खिलौनों की सुरक्षा।,"खिलौने (गुणवत्ता नियंत्रण) आदेश, 2020 (एस.ओ. 853(ई), दिनांक 25 फरवरी 2020) खिलौने (गुणवत्ता नियंत्रण) संशोधन आदेश, 2020 खिलौने (गुणवत्ता नियंत्रण) संशोधन आदेश, 2020 खिलौने (गुणवत्ता नियंत्रण) द्वितीय संशोधन आदेश, 2020 खिलौने (गुणवत्ता नियंत्रण) द्वितीय संशोधन आदेश, 2020 खिलौने (गुणवत्ता नियंत्रण) संशोधन आदेश, 2024 एस.ओ. 4277(ई), दिनांक 01 अक्टूबर 2024",,,,,,,,,,,,,,1,F034,bis_gazette_notification.csv,,F034:-:350;F034:-:1249,MERGED,0,,,,2,11.11
NOTIF-01016,,,,विद्युत प्रतिरोध धात्विक हीटिंग एलिमेंट्स में प्रयुक्त मिश्रधातुएँ,,,,,,,,,,,,,,,1,F034,bis_gazette_notification.csv,,F034:-:179;F034:-:1078,MERGED,0,,,,1,5.56
NOTIF-01017,,,,विद्युत प्रयोजनों के लिए तांबे की पट्टी,,,,,,,,,,,,,,,1,F034,bis_gazette_notification.csv,,F034:-:615;F034:-:1514,MERGED,0,,,,1,5.56
NOTIF-01018,,,,विद्युत प्रयोजनों के लिए तांबे की रॉड और बार,,,,,,,,,,,,,,,1,F034,bis_gazette_notification.csv,,F034:-:614;F034:-:1513,MERGED,0,,,,1,5.56
NOTIF-01019,,,,विद्युत प्रयोजनों के लिए वर्केड एल्युमिनियम वायर,,,,,,,,,,,,,,,1,F034,bis_gazette_notification.csv,,F034:-:576;F034:-:1475,MERGED,0,,,,1,5.56
NOTIF-01020,,,,विद्युत वेल्डेड गोल लिंक चेन के लिए स्टील — विनिर्देश,,,,,,,,,,,,,,,1,F034,bis_gazette_notification.csv,,F034:-:156;F034:-:1055,MERGED,0,,,,1,5.56
NOTIF-01021,,,,विद्युत सहायक उपकरण – घरेलू एवं समान प्रतिष्ठानों में ओवरकरंट सुरक्षा हेतु सर्किट ब्रेकर,,,,,,,,,,,,,,,1,F034,bis_gazette_notification.csv,,F034:-:32;F034:-:931,MERGED,0,,,,1,5.56
NOTIF-01022,,,,विद्युत सीलिंग प्रकार के पंखे,"86. विद्युत सीलिंग प्रकार के पंखे (गुणवत्ता नियंत्रण) आदेश, 2023 एस.ओ. 3641(ई), दिनांक 9 अगस्त 2023",,,,,,,,,,,,,,1,F034,bis_gazette_notification.csv,,F034:-:519;F034:-:1418,MERGED,0,,,,2,11.11
NOTIF-01023,,,,विनाइल एसीटेट मोनोमर,"विनाइल एसीटेट मोनोमर (गुणवत्ता नियंत्रण) आदेश, 2020 (एस.ओ. सं. 4003(ई), दिनांक 04/11/2020) विभिन्न रासायनिक उत्पादों हेतु संशोधन आदेश विनाइल एसीटेट मोनोमर (गुणवत्ता नियंत्रण) आदेश, 2021 विभिन्न रसायनों हेतु संशोधन आदेश, दिनांक 22/12/2021 विनाइल एसीटेट मोनोमर (गुणवत्ता नियंत्रण) संशोधन आदेश, 2022 (विभिन्न रसायनों हेतु संशोधन आदेश, दिनांक 30 मई 2022) विनाइल एसीटेट मोनोमर (गुणवत्ता नियंत्रण) द्वितीय संशोधन आदेश, 2022 (विभिन्न रसायनों हेतु संशोधन आदेश, दिनांक 25 नवम्बर 2022) विनाइल एसीटेट मोनोमर (गुणवत्ता नियंत्रण) संशोधन आदेश, 2023 (एस.ओ. 2334(ई), दिनांक 23 मई 2023) मेथाइल एक्रिलेट, एथाइल एक्रिलेट (गुणवत्ता नियंत्रण) संशोधन आदेश, 2023 (एस.ओ. 2335(ई), दिनांक 23 मई 2023) विनाइल एसीटेट मोनोमर (गुणवत्ता नियंत्रण) संशोधन आदेश, 2024 एस.ओ. 927(ई), दिनांक 27 फरवरी 2024 विनाइल एसीटेट मोनोमर (गुणवत्ता नियंत्रण) संशोधन आदेश, 2025 एस.ओ. 1555(ई), दिनांक 01 अप्रैल 2025 विनाइल एसीटेट मोनोमर (गुणवत्ता नियंत्रण) आदेश, 2021 को निरस्त करने का आदेश एस.ओ. 5530(ई), दिनांक 01 दिसम्बर 2025",,,,,,,,,,,,,,1,F034,bis_gazette_notification.csv,,F034:-:273;F034:-:1172,MERGED,0,,,,2,11.11
NOTIF-01024,,,,विनाइल क्लोराइड मोनोमर,"विनाइल क्लोराइड मोनोमर (गुणवत्ता नियंत्रण) आदेश, 2020 (एस.ओ. 3932(ई), दिनांक 13.09.2021) विनाइल क्लोराइड मोनोमर (गुणवत्ता नियंत्रण) आदेश, 2021 (संशोधन आदेश, दिनांक 25/02/2022) विनाइल क्लोराइड मोनोमर (गुणवत्ता नियंत्रण) आदेश, 2022 (विभिन्न रसायनों हेतु संशोधन आदेश, दिनांक 10/03/2022) विनाइल क्लोराइड मोनोमर (गुणवत्ता नियंत्रण) तृतीय संशोधन आदेश, 2022 (विभिन्न पेट्रोकेमिकल्स हेतु संशोधन आदेश, दिनांक 02 सितम्बर 2022) विनाइल क्लोराइड मोनोमर (गुणवत्ता नियंत्रण) संशोधन आदेश, 2023 (एस.ओ. 1123(ई), दिनांक 09/03/2023) विनाइल क्लोराइड मोनोमर (गुणवत्ता नियंत्रण) संशोधन आदेश, 2024 एस.ओ. 1110(ई), दिनांक 06 मार्च 2024 विनाइल क्लोराइड मोनोमर (गुणवत्ता नियंत्रण) द्वितीय संशोधन आदेश, 2024 एस.ओ. 3937(ई), दिनांक 13 सितम्बर 2024 विनाइल क्लोराइड मोनोमर (गुणवत्ता नियंत्रण) संशोधन आदेश, 2025 एस.ओ. 1127(ई), दिनांक 11 मार्च 2025 विनाइल क्लोराइड मोनोमर (गुणवत्ता नियंत्रण) संशोधन आदेश, 2025 एस.ओ. 4175(ई), दिनांक 16 सितम्बर 2025 विनाइल क्लोराइड मोनोमर (गुणवत्ता नियंत्रण) आदेश, 2020 को निरस्त किया गया एस.ओ. 5532(ई), दिनांक 01 दिसम्बर 2025",,,,,,,,,,,,,,1,F034,bis_gazette_notification.csv,,F034:-:295;F034:-:1194,MERGED,0,,,,2,11.11
NOTIF-01025,,,,विनाइल सल्फोन,"विनाइल सल्फोन (गुणवत्ता नियंत्रण) आदेश, 2024 S.O. 4927(E), दिनांक 14 नवंबर 2024 विनाइल सल्फोन (गुणवत्ता नियंत्रण) संशोधन आदेश, 2025 S.O.2146(E), दिनांक 14 मई 2025 विनाइल सल्फोन (गुणवत्ता नियंत्रण) दूसरा संशोधन आदेश, 2025 S.O.3531(E), दिनांक 30 जुलाई 2025 विनाइल सल्फोन (गुणवत्ता नियंत्रण) आदेश, 2024 रद्द आदेश S.O. 5312(E), दिनांक 20 नवंबर 2025",,,,,,,,,,,,,,1,F034,bis_gazette_notification.csv,,F034:-:881;F034:-:1780,MERGED,0,,,,2,11.11
NOTIF-01026,,,,विनियरयुक्त सजावटी प्लाइवुड,,,,,,,,,,,,,,,1,F034,bis_gazette_notification.csv,,F034:-:549;F034:-:1448,MERGED,0,,,,1,5.56
NOTIF-01027,,,,विनीयर युक्त पार्टिकल बोर्ड,,,,,,,,,,,,,,,1,F034,bis_gazette_notification.csv,,F034:-:525;F034:-:1424,MERGED,0,,,,1,5.56
NOTIF-01028,,,,विमान उपयोग हेतु क्रोम मोलिब्डेनम स्टील बार एवं रॉड,,,,,,,,,,,,,,,1,F034,bis_gazette_notification.csv,,F034:-:185;F034:-:1084,MERGED,0,,,,1,5.56
NOTIF-01029,,,,विमानन अनुप्रयोगों के लिए एल्युमिनियम मिश्र धातु फोर्जिंग स्टॉक और फोर्जिंग (मिश्र धातु 24345),,,,,,,,,,,,,,,1,F034,bis_gazette_notification.csv,,F034:-:579;F034:-:1478,MERGED,0,,,,1,5.56
NOTIF-01030,,,,विशेष उपयोगों हेतु रीमेल्टिंग के लिए उच्च शुद्धता प्राथमिक एल्यूमिनियम इनगॉट,,,,,,,,,,,,,,,1,F034,bis_gazette_notification.csv,,F034:-:538;F034:-:1437,MERGED,0,,,,1,5.56
NOTIF-01031,,,,विस्कोस स्टेपल फाइबर,"विस्कोस स्टेपल फाइबर (गुणवत्ता नियंत्रण) आदेश, 2022 (एस.ओ. 6143(ई), दिनांक 29/12/2022) विस्कोस स्टेपल फाइबर (गुणवत्ता नियंत्रण) संशोधन आदेश, 2023 (एस.ओ. 443(ई), दिनांक 27/01/2023) विस्कोस स्टेपल फाइबर (गुणवत्ता नियंत्रण) आदेश, 2022 का निरसन एस.ओ. 5267(ई), दिनांक 18 नवम्बर 2025",,,,,,,,,,,,,,1,F034,bis_gazette_notification.csv,,F034:-:433;F034:-:1332,MERGED,0,,,,2,11.11
NOTIF-01032,,,,वी-बेल्ट - औद्योगिक प्रयोजनों के लिए अंतहीन V-बेल्ट - सामान्य प्रयोजन,"125. V-बेल्ट (गुणवत्ता नियंत्रण) आदेश, 2024 S.O. 1252(E), दिनांक 06 मार्च 2024 V-बेल्ट (गुणवत्ता नियंत्रण) संशोधन आदेश, 2024 S.O. 4880(E), दिनांक 12 नवंबर 2024",,,,,,,,,,,,,,1,F034,bis_gazette_notification.csv,,F034:-:1640,CANONICAL,0,,,,2,11.11
NOTIF-01033,,,,वी-बेल्ट - औद्योगिक प्रयोजनों के लिए अंतहीन V-बेल्ट – अग्निरोधक और एंटिस्टैटिक V-बेल्ट,,,,,,,,,,,,,,,1,F034,bis_gazette_notification.csv,,F034:-:1641,CANONICAL,0,,,,1,5.56
NOTIF-01034,,,,वी-बेल्ट – औद्योगिक प्रयोजनों के लिए अंतहीन V-बेल्ट – अग्निरोधक और एंटिस्टैटिक V-बेल्ट,,,,,,,,,,,,,,,1,F034,bis_gazette_notification.csv,,F034:-:742,CANONICAL,0,,,,1,5.56
NOTIF-01035,,,,वी-बेल्ट – औद्योगिक प्रयोजनों के लिए अंतहीन V-बेल्ट – सामान्य प्रयोजन,"125. V-बेल्ट (गुणवत्ता नियंत्रण) आदेश, 2024 S.O. 1252(E), दिनांक 06 मार्च 2024 V-बेल्ट (गुणवत्ता नियंत्रण) संशोधन आदेश, 2024 S.O. 4880(E), दिनांक 12 नवंबर 2024",,,,,,,,,,,,,,1,F034,bis_gazette_notification.csv,,F034:-:741,CANONICAL,0,,,,2,11.11
NOTIF-01036,,,,वेल्डिंग इलेक्ट्रोड कोर वायर हेतु स्टेनलेस स्टील,,,,,,,,,,,,,,,1,F034,bis_gazette_notification.csv,,F034:-:172;F034:-:1071,MERGED,0,,,,1,5.56
NOTIF-01037,,,,वेल्डिंग एवं संबद्ध प्रक्रियाओं में उपयोग हेतु सुरक्षात्मक परिधान,,,,,,,,,,,,,,,1,F034,bis_gazette_notification.csv,,F034:-:462;F034:-:1361,MERGED,0,,,,1,5.56
NOTIF-01038,,,,वेल्डिंग केबल – विनिर्देशन,,,,,,,,,,,,,,,1,F034,bis_gazette_notification.csv,,F034:-:332;F034:-:1231,MERGED,0,,,,1,5.56
NOTIF-01039,,,,वेल्डेड एवं सीमलेस स्टील घुलित एसीटिलीन गैस सिलेंडर,,,,,,,,,,,,,,,1,F034,bis_gazette_notification.csv,,F034:-:67;F034:-:966,MERGED,0,,,,1,5.56
NOTIF-01040,,,,"वेल्डेड गैस सिलेंडर निर्माण हेतु उच्च तन्यता शक्ति फ्लैट रोल्ड स्टील प्लेट (6 मिमी तक), शीट एवं स्ट्रिप",,,,,,,,,,,,,,,1,F034,bis_gazette_notification.csv,,F034:-:120;F034:-:1019,MERGED,0,,,,1,5.56
NOTIF-01041,,,,वेल्डेड ट्यूब एवं पाइपों के लिए हॉट रोल्ड संकीर्ण चौड़ाई स्टील स्ट्रिप,,,,,,,,,,,,,,,1,F034,bis_gazette_notification.csv,,F034:-:106;F034:-:1005,MERGED,0,,,,1,5.56
NOTIF-01042,,,,वेल्डेड ट्यूब एवं पाइपों हेतु हॉट रोल्ड इस्पात स्ट्रिप,,,,,,,,,,,,,,,1,F034,bis_gazette_notification.csv,,F034:-:104;F034:-:1003,MERGED,0,,,,1,5.56
NOTIF-01043,,,,व्यक्तिगत सुरक्षा उपकरण – भाग 2: सुरक्षा फुटवियर,"63. व्यक्तिगत सुरक्षा उपकरण – फुटवियर (गुणवत्ता नियंत्रण) आदेश, 2020 (एस.ओ. संख्या 3857(ई), दिनांक 27/10/2020) व्यक्तिगत सुरक्षा उपकरण – फुटवियर (गुणवत्ता नियंत्रण) संशोधन आदेश, 2020 (एस.ओ. 4377(ई), दिनांक 04/12/2020) व्यक्तिगत सुरक्षा उपकरण – फुटवियर (गुणवत्ता नियंत्रण) संशोधन आदेश, 2021",,,,,,,,,,,,,,1,F034,bis_gazette_notification.csv,,F034:-:403;F034:-:1302,MERGED,0,,,,2,11.11
NOTIF-01044,,,,व्यक्तिगत सुरक्षा उपकरण – भाग 3: सुरक्षात्मक फुटवियर,,,,,,,,,,,,,,,1,F034,bis_gazette_notification.csv,,F034:-:404;F034:-:1303,MERGED,0,,,,1,5.56
NOTIF-01045,,,,व्यक्तिगत सुरक्षा उपकरण – भाग 4: व्यावसायिक फुटवियर,,,,,,,,,,,,,,,1,F034,bis_gazette_notification.csv,,F034:-:405;F034:-:1304,MERGED,0,,,,1,5.56
NOTIF-01046,,,,व्रॉट एल्युमिनियम बर्तन,,,,,,,,,,,,,,,1,F034,bis_gazette_notification.csv,,F034:-:509;F034:-:1408,MERGED,0,,,,1,5.56
NOTIF-01047,,,,शुद्ध जिंक,"शुद्ध जिंक (गुणवत्ता नियंत्रण) आदेश, 2025 S.O. 1768(E), दिनांक 17 अप्रैल 2025 शुद्ध जिंक (गुणवत्ता नियंत्रण) संशोधन आदेश, 2025 S.O. 4368(E), दिनांक 25 सितंबर 2025 शुद्ध जिंक (गुणवत्ता नियंत्रण) आदेश, 2025 रद्द आदेश S.O. 5169(E), दिनांक 13 नवंबर 2025",,,,,,,,,,,,,,1,F034,bis_gazette_notification.csv,,F034:-:899;F034:-:1798,MERGED,0,,,,2,11.11
NOTIF-01048,,,,शुद्ध निकल,"शुद्ध निकल (गुणवत्ता नियंत्रण) आदेश, 2025 S.O. 1766(E), दिनांक 17 अप्रैल 2025 शुद्ध निकल (गुणवत्ता नियंत्रण) संशोधन आदेश, 2025 S.O. 4370(E), दिनांक 25 सितंबर 2025 शुद्ध निकल (गुणवत्ता नियंत्रण) आदेश, 2025 रद्द आदेश S.O. 5168(E), दिनांक 13 नवंबर 2025",,,,,,,,,,,,,,1,F034,bis_gazette_notification.csv,,F034:-:897;F034:-:1796,MERGED,0,,,,2,11.11
NOTIF-01049,,,,शैलो तिरछी एस्बेस्टस सीमेंट शीट्स,,,,,,,,,,,,,,,1,F034,bis_gazette_notification.csv,,F034:-:722;F034:-:1621,MERGED,0,,,,1,5.56
NOTIF-01050,,,,शॉट फायरिंग केबलों का विनिर्देशन (शाफ्ट्स के अतिरिक्त उपयोग हेतु),,,,,,,,,,,,,,,1,F034,bis_gazette_notification.csv,,F034:-:335;F034:-:1234,MERGED,0,,,,1,5.56
NOTIF-01051,,,,श्वसन उपकरणों के उपयोग हेतु गैस सिलेंडर वाल्व फिटिंग्स,,,,,,,,,,,,,,,1,F034,bis_gazette_notification.csv,,F034:-:66;F034:-:965,MERGED,0,,,,1,5.56
NOTIF-01052,,,,षट्भुज सिर वाले स्क्रू (आकार सीमा M5 से M64),,,,,,,,,,,,,,,1,F034,bis_gazette_notification.csv,,F034:-:489;F034:-:1388,MERGED,0,,,,1,5.56
NOTIF-01053,,,,संक्रमण उपकरण – V-बेल्ट – औद्योगिक उपयोग के लिए अंतहीन संकीर्ण V-बेल्ट,,,,,,,,,,,,,,,1,F034,bis_gazette_notification.csv,,F034:-:743;F034:-:1642,MERGED,0,,,,1,5.56
NOTIF-01054,,,,"संघनित दूध, आंशिक स्किम्ड एवं स्किम्ड संघनित दूध अनिवार्य BIS प्रमाणन से विमुक्त",,,,,,,,,,,,,,,1,F034,bis_gazette_notification.csv,,F034:-:41;F034:-:940,MERGED,0,,,,1,5.56
NOTIF-01055,,,,संयुक्त सीमेंट – विनिर्देश,,,,,,,,,,,,,,,1,F034,bis_gazette_notification.csv,,F034:-:15;F034:-:914,MERGED,0,,,,1,5.56
NOTIF-01056,,,,संरक्षण (या कुशनिंग) सामग्री के रूप में प्रयुक्त जियोटेक्सटाइल्स,,,,,,,,,,,,,,,1,F034,bis_gazette_notification.csv,,F034:-:446;F034:-:1345,MERGED,0,,,,1,5.56
NOTIF-01057,,,,संरचनात्मक उपयोग हेतु उच्च एल्युमिना सीमेंट,,,,,,,,,,,,,,,1,F034,bis_gazette_notification.csv,,F034:-:9;F034:-:908,MERGED,0,,,,1,5.56
NOTIF-01058,,,,संरचनात्मक प्रयोजनों के लिए स्टील ट्यूब्स,"माइल्ड स्टील ट्यूब्स (सीमलेस ट्यूब और API विनिर्देश के अनुसार ट्यूब्स को छोड़कर) (गुणवत्ता नियंत्रण) आदेश, 1978 और संशोधन आदेश, 1983 G.S.R. No. 374(E) दिनांक 18-07-1978 के द्वारा प्रतिस्थापित 12. स्टील ट्यूब्स (गुणवत्ता नियंत्रण) आदेश 2020 S.O. 281 दिनांक 21/01/2020.",,,,,,,,,,,,,,1,F034,bis_gazette_notification.csv,,F034:-:229;F034:-:1128,MERGED,0,,,,2,11.11
NOTIF-01059,,,,संरचनात्मक प्रयोजनों हेतु स्टील रिवेट बार (मध्यम एवं उच्च तन्यता),,,,,,,,,,,,,,,1,F034,bis_gazette_notification.csv,,F034:-:142;F034:-:1041,MERGED,0,,,,1,5.56
NOTIF-01060,,,,संरचनात्मक प्लाइवुड – विनिर्देश,,,,,,,,,,,,,,,1,F034,bis_gazette_notification.csv,,F034:-:554;F034:-:1453,MERGED,0,,,,1,5.56
NOTIF-01061,,,,संरचनात्मक मौसम प्रतिरोधी स्टील,,,,,,,,,,,,,,,1,F034,bis_gazette_notification.csv,,F034:-:118;F034:-:1017,MERGED,0,,,,1,5.56
NOTIF-01062,,,,संरचनात्मक स्टील के गैस शील्डेड आर्क वेल्डिंग के लिए वेल्डिंग रॉड और नंगे इलेक्ट्रोड,,,,,,,,,,,,,,,1,F034,bis_gazette_notification.csv,,F034:-:476;F034:-:1375,MERGED,0,,,,1,5.56
NOTIF-01063,,,,संरचनात्मक स्टील (सामान्य गुणवत्ता),,,,,,,,,,,,,,,1,F034,bis_gazette_notification.csv,,F034:-:206;F034:-:1105,MERGED,0,,,,1,5.56
NOTIF-01064,,,,"संरचनात्मक स्टील (सामान्य गुणवत्ता) में पुनः रोलिंग हेतु कार्बन स्टील कास्ट बिलेट इनगट, बिलेट, ब्लूम एवं स्लैब — विनिर्देश",,,,,,,,,,,,,,,1,F034,bis_gazette_notification.csv,,F034:-:141;F034:-:1040,MERGED,0,,,,1,5.56
NOTIF-01065,,,,संसदीय हिंजेस,,,,,,,,,,,,,,,1,F034,bis_gazette_notification.csv,,F034:-:672;F034:-:1571,MERGED,0,,,,1,5.56
NOTIF-01066,,,,सक्रिय ऊर्जा के लिए प्रत्यावर्ती धारा प्रत्यक्ष रूप से जुड़े स्थैतिक प्रीपेमेंट मीटर (क्लास 1 और 2),,,,,,,,,,,,,,,1,F034,bis_gazette_notification.csv,,F034:-:316;F034:-:1215,MERGED,0,,,,1,5.56
NOTIF-01067,,,,सफेद पोर्टलैंड सीमेंट,,,,,,,,,,,,,,,1,F034,bis_gazette_notification.csv,,F034:-:12;F034:-:911,MERGED,0,,,,1,5.56
NOTIF-01068,,,,सभी रबर से बने गम बूट एवं टखने तक के बूट,,,,,,,,,,,,,,,1,F034,bis_gazette_notification.csv,,F034:-:377;F034:-:1276,MERGED,0,,,,1,5.56
NOTIF-01069,,,,सभी विद्युत उपकरण वैक्यूम क्लीनर और जल-संवेदी सफाई उपकरण,"128. घरेलू, व्यावसायिक और समान विद्युत उपकरणों की सुरक्षा (गुणवत्ता नियंत्रण) आदेश, 2024 S.O. 4098(E), दिनांक 20 सितंबर 2024 घरेलू, व्यावसायिक और समान विद्युत उपकरणों की सुरक्षा (गुणवत्ता नियंत्रण) आदेश, 2025 S.O. 2232(E), दिनांक 19 मई 2025",,,,,,,,,,,,,,1,F034,bis_gazette_notification.csv,,F034:-:762;F034:-:1661,MERGED,0,,,,2,11.11
NOTIF-01070,,,,समतल पारदर्शी शीट ग्लास।,"समतल पारदर्शी शीट ग्लास (गुणवत्ता नियंत्रण) आदेश, 2020 (एस.ओ. 738(ई), दिनांक 14 फरवरी 2020) समतल पारदर्शी शीट ग्लास (गुणवत्ता नियंत्रण) (संशोधन) आदेश, 2020 (एस.ओ. 2017(ई), दिनांक 23/06/2020) 53. समतल पारदर्शी शीट ग्लास (गुणवत्ता नियंत्रण) आदेश, 2021 द्वारा प्रतिस्थापित (एस.ओ. 4144(ई), दिनांक 7 अक्टूबर 2021)",,,,,,,,,,,,,,1,F034,bis_gazette_notification.csv,,F034:-:352;F034:-:1251,MERGED,0,,,,2,11.11
NOTIF-01071,,,,सल्फेट रोधी पोर्टलैंड सीमेंट,"1. सीमेंट (गुणवत्ता नियंत्रण) आदेश, 2003 एस.ओ. संख्या 191(E) दिनांक 17 फरवरी 2003",,,,,,,,,,,,,,1,F034,bis_gazette_notification.csv,,F034:-:2;F034:-:901,MERGED,0,,,,2,11.11
NOTIF-01072,,,,साइकिल और रिक्शा के न्यूमेटिक टायर,"111. साइकिल और रिक्शा टायर और ट्यूब (गुणवत्ता नियंत्रण) आदेश, 2023 S.O. 5323(E), दिनांक 11 दिसंबर 2023",,,,,,,,,,,,,,1,F034,bis_gazette_notification.csv,,F034:-:678;F034:-:1577,MERGED,0,,,,2,11.11
NOTIF-01073,,,,साइकिल - रबर ट्यूब्स (मोल्डेड या जोड़ वाले),,,,,,,,,,,,,,,1,F034,bis_gazette_notification.csv,,F034:-:1578,CANONICAL,0,,,,1,5.56
NOTIF-01074,,,,साइकिल – रबर ट्यूब्स (मोल्डेड या जोड़ वाले),,,,,,,,,,,,,,,1,F034,bis_gazette_notification.csv,,F034:-:679,CANONICAL,0,,,,1,5.56
NOTIF-01075,,,,सादा कॉपियर कागज,"58. सादा कॉपियर कागज (गुणवत्ता नियंत्रण) आदेश, 2020। (एस.ओ. 2149(ई), दिनांक 05/06/2020)",,,,,,,,,,,,,,1,F034,bis_gazette_notification.csv,,F034:-:366;F034:-:1265,MERGED,0,,,,2,11.11
NOTIF-01076,,,,साधारण पोर्टलैंड सीमेंट,,,,,,,,,,,,,,,1,F034,bis_gazette_notification.csv,,F034:-:6;F034:-:905,MERGED,0,,,,1,5.56
NOTIF-01077,,,,"सामान्य अभियांत्रिकी उपयोग हेतु स्प्रिंग, रिवेट एवं स्क्रू के उत्पादन के लिए स्टील इनगट, बिलेट एवं ब्लूम — विनिर्देश",,,,,,,,,,,,,,,1,F034,bis_gazette_notification.csv,,F034:-:159;F034:-:1058,MERGED,0,,,,1,5.56
NOTIF-01078,,,,सामान्य अभियांत्रिकी प्रयोजन हेतु रीमेल्टिंग के लिए एल्यूमिनियम मिश्रधातु इनगॉट,,,,,,,,,,,,,,,1,F034,bis_gazette_notification.csv,,F034:-:539;F034:-:1438,MERGED,0,,,,1,5.56
NOTIF-01079,,,,सामान्य अभियांत्रिकी प्रयोजन हेतु रीमेल्टिंग के लिए प्राथमिक एल्यूमिनियम इनगॉट,,,,,,,,,,,,,,,1,F034,bis_gazette_notification.csv,,F034:-:540;F034:-:1439,MERGED,0,,,,1,5.56
NOTIF-01080,,,,सामान्य अभियांत्रिकी प्रयोजनों हेतु कुटित एल्यूमिनियम एवं एल्यूमिनियम मिश्रधातु तार,,,,,,,,,,,,,,,1,F034,bis_gazette_notification.csv,,F034:-:570;F034:-:1469,MERGED,0,,,,1,5.56
NOTIF-01081,,,,सामान्य अभियांत्रिकी प्रयोजनों हेतु कुटित एल्यूमिनियम एवं एल्यूमिनियम मिश्रधातु प्लेट,,,,,,,,,,,,,,,1,F034,bis_gazette_notification.csv,,F034:-:568;F034:-:1467,MERGED,0,,,,1,5.56
NOTIF-01082,,,,सामान्य अभियांत्रिकी प्रयोजनों हेतु कुटित एल्यूमिनियम एवं एल्यूमिनियम मिश्रधातु रिवेट स्टॉक,,,,,,,,,,,,,,,1,F034,bis_gazette_notification.csv,,F034:-:571;F034:-:1470,MERGED,0,,,,1,5.56
NOTIF-01083,,,,सामान्य अभियांत्रिकी प्रयोजनों हेतु कुटित एल्यूमिनियम एवं एल्यूमिनियम मिश्रधातु शीट एवं स्ट्रिप,,,,,,,,,,,,,,,1,F034,bis_gazette_notification.csv,,F034:-:569;F034:-:1468,MERGED,0,,,,1,5.56
NOTIF-01084,,,,सामान्य अभियांत्रिकी प्रयोजनों हेतु कुटित एल्यूमिनियम एवं एल्यूमिनियम मिश्रधातु – एक्सट्रूडेड गोल ट्यूब एवं खोखले सेक्शन,,,,,,,,,,,,,,,1,F034,bis_gazette_notification.csv,,F034:-:575;F034:-:1474,MERGED,0,,,,1,5.56
NOTIF-01085,,,,सामान्य अभियांत्रिकी प्रयोजनों हेतु कुटित एल्यूमिनियम एवं एल्यूमिनियम मिश्रधातु – फोर्जिंग स्टॉक एवं फोर्जिंग,,,,,,,,,,,,,,,1,F034,bis_gazette_notification.csv,,F034:-:567;F034:-:1466,MERGED,0,,,,1,5.56
NOTIF-01086,,,,"सामान्य अभियांत्रिकी प्रयोजनों हेतु कुटित (व्रॉट) एल्यूमिनियम एवं एल्यूमिनियम मिश्रधातु बार, रॉड एवं सेक्शन",,,,,,,,,,,,,,,1,F034,bis_gazette_notification.csv,,F034:-:566;F034:-:1465,MERGED,0,,,,1,5.56
NOTIF-01087,,,,"सामान्य अभियांत्रिकी प्रयोजनों हेतु कोल्ड रोल्ड मध्यम, उच्च कार्बन एवं निम्न मिश्रधातु स्टील स्ट्रिप — विनिर्देश",,,,,,,,,,,,,,,1,F034,bis_gazette_notification.csv,,F034:-:157;F034:-:1056,MERGED,0,,,,1,5.56
NOTIF-01088,,,,"सामान्य अभियांत्रिकी प्रयोजनों हेतु माइल्ड स्टील वायर रॉड्स के उत्पादन के लिए स्टील इनगट, ब्लूम एवं बिलेट — विनिर्देश",,,,,,,,,,,,,,,1,F034,bis_gazette_notification.csv,,F034:-:161;F034:-:1060,MERGED,0,,,,1,5.56
NOTIF-01089,,,,सामान्य इंजीनियरिंग प्रयोजनों के लिए ठोस खींची हुई तांबे की ट्यूबें,,,,,,,,,,,,,,,1,F034,bis_gazette_notification.csv,,F034:-:618;F034:-:1517,MERGED,0,,,,1,5.56
NOTIF-01090,,,,सामान्य इंजीनियरिंग प्रयोजनों के लिए तांबे की रॉड और बार,,,,,,,,,,,,,,,1,F034,bis_gazette_notification.csv,,F034:-:616;F034:-:1515,MERGED,0,,,,1,5.56
NOTIF-01091,,,,सामान्य इंजीनियरिंग प्रयोजनों के लिए तांबे के तार,,,,,,,,,,,,,,,1,F034,bis_gazette_notification.csv,,F034:-:621;F034:-:1520,MERGED,0,,,,1,5.56
NOTIF-01092,,,,सामान्य इंजीनियरिंग प्रयोजनों के लिए स्टील वायर रोप्स,"102. स्टील वायर या स्ट्रैंड्स, नायलॉन या वायर रोप्स और वायर मेष (गुणवत्ता नियंत्रण) आदेश, 2023 S.O. 5022(E), दिनांक 21 नवम्बर 2023 स्टील वायर या स्ट्रैंड्स, नायलॉन या वायर रोप्स और वायर मेष (गुणवत्ता नियंत्रण) आदेश, 2024 S.O. 2581(E), दिनांक 03 जुलाई 2024",,,,,,,,,,,,,,1,F034,bis_gazette_notification.csv,,F034:-:645;F034:-:1544,MERGED,0,,,,2,11.11
NOTIF-01093,,,,"सामान्य इंजीनियरिंग प्रयोजनों हेतु फोर्जिंग के लिए मिश्र धातु स्टील बिलेट, ब्लूम एवं स्लैब",,,,,,,,,,,,,,,1,F034,bis_gazette_notification.csv,,F034:-:113;F034:-:1012,MERGED,0,,,,1,5.56
NOTIF-01094,,,,सामान्य इंजीनियरिंग प्रयोजनों हेतु माइल्ड स्टील वायर,,,,,,,,,,,,,,,1,F034,bis_gazette_notification.csv,,F034:-:110;F034:-:1009,MERGED,0,,,,1,5.56
NOTIF-01095,,,,सामान्य इंजीनियरिंग प्रयोजनों हेतु माइल्ड स्टील वायर रॉड,,,,,,,,,,,,,,,1,F034,bis_gazette_notification.csv,,F034:-:103;F034:-:1002,MERGED,0,,,,1,5.56
NOTIF-01096,,,,सामान्य इंजीनियरिंग प्रयोजनों हेतु व्रॉट एल्युमिनियम मिश्रधातु बोल्ट एवं स्क्रू स्टॉक,,,,,,,,,,,,,,,1,F034,bis_gazette_notification.csv,,F034:-:504;F034:-:1403,MERGED,0,,,,1,5.56
NOTIF-01097,,,,सामान्य उद्देश्य की चेयर्स और स्टूल्स,,,,,,,,,,,,,,,1,F034,bis_gazette_notification.csv,,F034:-:891;F034:-:1790,MERGED,0,,,,1,5.56
NOTIF-01098,,,,सामान्य उपयोग के लिए स्टेनलेस स्टील वेल्डेड पाइप्स और ट्यूब्स,,,,,,,,,,,,,,,1,F034,bis_gazette_notification.csv,,F034:-:888;F034:-:1787,MERGED,0,,,,1,5.56
NOTIF-01099,,,,सामान्य उपयोग के लिए स्टेनलेस स्टील सीमलेस पाइप्स और ट्यूब्स,"135. स्टेनलेस स्टील पाइप्स और ट्यूब्स (गुणवत्ता नियंत्रण) आदेश, 2025 S.O. 693(E), दिनांक 11 फरवरी 2025",,,,,,,,,,,,,,1,F034,bis_gazette_notification.csv,,F034:-:887;F034:-:1786,MERGED,0,,,,2,11.11
NOTIF-01100,,,,सामान्य उपयोग हेतु खेल फुटवियर,,,,,,,,,,,,,,,1,F034,bis_gazette_notification.csv,,F034:-:396;F034:-:1295,MERGED,0,,,,1,5.56
NOTIF-01101,,,,सामान्य प्रकाश सेवा हेतु स्व-बैलास्टेड लैम्प – भाग 1 : सुरक्षा आवश्यकताएँ भाग 2 : कार्य निष्पादन आवश्यकताएँ,,,,,,,,,,,,,,,1,F034,bis_gazette_notification.csv,,F034:-:24;F034:-:923,MERGED,0,,,,1,5.56
NOTIF-01102,,,,सामान्य प्रयोजन के लिए जूते,,,,,,,,,,,,,,,1,F034,bis_gazette_notification.csv,,F034:-:402;F034:-:1301,MERGED,0,,,,1,5.56
NOTIF-01103,,,,सामान्य प्रयोजन हेतु बटरफ्लाई वाल्व,"56. बटरफ्लाई वाल्व (गुणवत्ता नियंत्रण) आदेश, 2020। (एस.ओ. 1920(ई), दिनांक 17 जून 2020)",,,,,,,,,,,,,,1,F034,bis_gazette_notification.csv,,F034:-:362;F034:-:1261,MERGED,0,,,,2,11.11
NOTIF-01104,,,,सामान्य प्रयोजन हेतु विस्तारित स्टील शीट,,,,,,,,,,,,,,,1,F034,bis_gazette_notification.csv,,F034:-:189;F034:-:1088,MERGED,0,,,,1,5.56
NOTIF-01105,,,,सामान्य प्रयोजनों हेतु प्लाइवुड,"90. प्लाइवुड एवं लकड़ी के फ्लश डोर शटर (गुणवत्ता नियंत्रण) आदेश, 2023 एस.ओ. 3841(ई), दिनांक 29 अगस्त 2023 प्लाइवुड एवं लकड़ी के फ्लश डोर शटर (गुणवत्ता नियंत्रण) आदेश, 2024 एस.ओ. 1377(ई), दिनांक 15 मार्च 2024",,,,,,,,,,,,,,1,F034,bis_gazette_notification.csv,,F034:-:545;F034:-:1444,MERGED,0,,,,2,11.11
NOTIF-01106,,,,सामान्य प्रयोजनों हेतु मध्यम घनत्व फाइबर बोर्ड,,,,,,,,,,,,,,,1,F034,bis_gazette_notification.csv,,F034:-:524;F034:-:1423,MERGED,0,,,,1,5.56
NOTIF-01107,,,,सामान्य प्रयोजनों हेतु रेजिन उपचारित संपीड़ित लकड़ी लैमिनेट (कम्प्रेग्स),,,,,,,,,,,,,,,1,F034,bis_gazette_notification.csv,,F034:-:486;F034:-:1385,MERGED,0,,,,1,5.56
NOTIF-01108,,,,सामान्य प्रयोजनों हेतु लकड़ी एवं अन्य लिग्नोसेल्यूलोसिक सामग्री के पार्टिकल बोर्ड (मध्यम घनत्व),,,,,,,,,,,,,,,1,F034,bis_gazette_notification.csv,,F034:-:523;F034:-:1422,MERGED,0,,,,1,5.56
NOTIF-01109,,,,सामान्य वेंटिलेशन के लिए एयर फ़िल्टर - तकनीकी विनिर्देश और पार्टिकुलेट मैटर एफिशियेंसी (ePM) के आधार पर वर्गीकरण प्रणाली,,,,,,,,,,,,,,,1,F034,bis_gazette_notification.csv,,F034:-:1604,CANONICAL,0,,,,1,5.56
NOTIF-01110,,,,सामान्य वेंटिलेशन के लिए एयर फ़िल्टर – तकनीकी विनिर्देश और पार्टिकुलेट मैटर एफिशियेंसी (ePM) के आधार पर वर्गीकरण प्रणाली,,,,,,,,,,,,,,,1,F034,bis_gazette_notification.csv,,F034:-:705,CANONICAL,0,,,,1,5.56
NOTIF-01111,,,,"सामान्य संरचनात्मक प्रयोजनों हेतु पुनः रोलिंग के लिए कार्बन स्टील कास्ट बिलेट, ब्लूम एवं स्लैब",,,,,,,,,,,,,,,1,F034,bis_gazette_notification.csv,,F034:-:85;F034:-:984,MERGED,0,,,,1,5.56
NOTIF-01112,,,,सार्वजनिक स्नानगृहों एवं शौचालयों में उपयोग हेतु संकेतक बोल्ट,,,,,,,,,,,,,,,1,F034,bis_gazette_notification.csv,,F034:-:493;F034:-:1392,MERGED,0,,,,1,5.56
NOTIF-01113,,,,सिंगल-एंडेड ओपन-जॉव एडजस्टेबल रिंच,,,,,,,,,,,,,,,1,F034,bis_gazette_notification.csv,,F034:-:856;F034:-:1755,MERGED,0,,,,1,5.56
NOTIF-01114,,,,सिंचाई के लिए हाई डेंसिटी पॉलीइथिलीन (HDPE) लेमिनेटेड बुना फ्लैट ट्यूब,,,,,,,,,,,,,,,1,F034,bis_gazette_notification.csv,,F034:-:598;F034:-:1497,MERGED,0,,,,1,5.56
NOTIF-01115,,,,सिंचाई प्रयोजनों हेतु एल्यूमिनियम मिश्रधातु ट्यूब – एक्सट्रूडेड ट्यूब,,,,,,,,,,,,,,,1,F034,bis_gazette_notification.csv,,F034:-:564;F034:-:1463,MERGED,0,,,,1,5.56
NOTIF-01116,,,,सिंचाई प्रयोजनों हेतु एल्यूमिनियम मिश्रधातु ट्यूब – वेल्डेड ट्यूब,"92. एल्यूमिनियम एवं एल्यूमिनियम मिश्रधातु उत्पाद (गुणवत्ता नियंत्रण) आदेश, 2023 एस.ओ. 4241(ई), दिनांक 25 सितंबर 2023 एल्यूमिनियम एवं एल्यूमिनियम मिश्रधातु उत्पाद (गुणवत्ता नियंत्रण) संशोधन आदेश, 2024 एस.ओ. 1512(ई), दिनांक 22 मार्च 2024 एल्यूमिनियम एवं एल्यूमिनियम मिश्रधातु उत्पाद (गुणवत्ता नियंत्रण) आदेश, 2024 एस.ओ. 4696(ई), दिनांक 28 अक्टूबर 2024 एल्यूमिनियम एवं एल्यूमिनियम मिश्रधातु उत्पाद (गुणवत्ता नियंत्रण) आदेश, 2025 एस.ओ. 2021(ई), दिनांक 06 मई 2025 शुद्धिपत्र एस.ओ. 2682(ई), दिनांक 16 जून 2025 शुद्धिपत्र एस.ओ. 2683(ई), दिनांक 16 जून 2025",,,,,,,,,,,,,,1,F034,bis_gazette_notification.csv,,F034:-:563;F034:-:1462,MERGED,0,,,,2,11.11
NOTIF-01117,,,,सिरेमिक एवं कांच उद्योग हेतु अवक्षिप्त बेरियम,"अवक्षिप्त बेरियम कार्बोनेट (गुणवत्ता नियंत्रण) आदेश, 2020 (एस.ओ. 1901(ई), दिनांक 16/06/2020)",,,,,,,,,,,,,,1,F034,bis_gazette_notification.csv,,F034:-:263;F034:-:1162,MERGED,0,,,,2,11.11
NOTIF-01118,,,,सिलिका-एस्बेस्टस-सीमेंट फ्लैट शीट्स,,,,,,,,,,,,,,,1,F034,bis_gazette_notification.csv,,F034:-:719;F034:-:1618,MERGED,0,,,,1,5.56
NOTIF-01119,,,,सिलिकोमैंगनीज – विनिर्देश,,,,,,,,,,,,,,,1,F034,bis_gazette_notification.csv,,F034:-:205;F034:-:1104,MERGED,0,,,,1,5.56
NOTIF-01120,,,,सीमित ज्वाला प्रसार सामग्री से बने वस्त्र एवं सामग्री संयोजन जो ऊष्मा एवं अग्नि से सुरक्षा प्रदान करते हैं,,,,,,,,,,,,,,,1,F034,bis_gazette_notification.csv,,F034:-:460;F034:-:1359,MERGED,0,,,,1,5.56
NOTIF-01121,,,,सीमेंट आधारित मैट्रिक्स में उपयोग हेतु सिंथेटिक माइक्रो-फाइबर्स,"35. सीमेंट आधारित मैट्रिक्स में उपयोग हेतु सिंथेटिक माइक्रो-फाइबर्स (गुणवत्ता नियंत्रण) आदेश, 2021 (एस.ओ. 1627 (ई), दिनांक 15.04.2021) सीमेंट आधारित मैट्रिक्स में उपयोग हेतु सिंथेटिक माइक्रो-फाइबर्स (गुणवत्ता नियंत्रण) संशोधन आदेश, 2021 (एस.ओ. 4188 (ई), दिनांक 08.10.2021) सीमेंट आधारित मैट्रिक्स में उपयोग हेतु सिंथेटिक माइक्रो-फाइबर्स (गुणवत्ता नियंत्रण) आदेश, 2022 विभिन्न रसायनों हेतु संशोधन आदेश, दिनांक 05/04/2022 सीमेंट आधारित मैट्रिक्स में उपयोग हेतु सिंथेटिक माइक्रो-फाइबर्स (गुणवत्ता नियंत्रण) संशोधन आदेश, 2022 विभिन्न पेट्रोकेमिकल्स हेतु संशोधन आदेश, दिनांक 29 सितंबर 2022",,,,,,,,,,,,,,1,F034,bis_gazette_notification.csv,,F034:-:284;F034:-:1183,MERGED,0,,,,2,11.11
NOTIF-01122,,,,सीवेज और ड्रेनेज के लिए एस्बेस्टस-सीमेंट पाइप और फिटिंग्स,,,,,,,,,,,,,,,1,F034,bis_gazette_notification.csv,,F034:-:718;F034:-:1617,MERGED,0,,,,1,5.56
NOTIF-01123,,,,सुइयों हेतु स्टील वायर — विनिर्देश,,,,,,,,,,,,,,,1,F034,bis_gazette_notification.csv,,F034:-:163;F034:-:1062,MERGED,0,,,,1,5.56
NOTIF-01124,,,,सुईयों के लिए स्टील वायर,,,,,,,,,,,,,,,1,F034,bis_gazette_notification.csv,,F034:-:197;F034:-:1096,MERGED,0,,,,1,5.56
NOTIF-01125,,,,सुदृढ़ीकृत मृदा रिटेनिंग संरचनाओं में प्रयुक्त जियोग्रिड्स,,,,,,,,,,,,,,,1,F034,bis_gazette_notification.csv,,F034:-:450;F034:-:1349,MERGED,0,,,,1,5.56
NOTIF-01126,,,,सुपर सल्फेटेड सीमेंट,,,,,,,,,,,,,,,1,F034,bis_gazette_notification.csv,,F034:-:10;F034:-:909,MERGED,0,,,,1,5.56
NOTIF-01127,,,,सुरक्षा उपकरणों के लिए कुंजी ताले,,,,,,,,,,,,,,,1,F034,bis_gazette_notification.csv,,F034:-:666;F034:-:1565,MERGED,0,,,,1,5.56
NOTIF-01128,,,,"सुरक्षा काँच – विनिर्देशन भाग 1 वास्तुकला, भवन एवं सामान्य उपयोग।","54. सुरक्षा काँच (गुणवत्ता नियंत्रण) आदेश, 2020 (एस.ओ. 1045(ई), दिनांक 12 मार्च 2020) सुरक्षा काँच (गुणवत्ता नियंत्रण) संशोधन आदेश, 2020 (एस.ओ. 2018(ई), दिनांक 23/06/2020) सुरक्षा काँच (गुणवत्ता नियंत्रण) द्वितीय संशोधन आदेश, 2020 (एस.ओ. सं. 3190(ई), दिनांक 18/09/2020) सुरक्षा काँच (गुणवत्ता नियंत्रण) संशोधन आदेश, 2021 सुरक्षा काँच (गुणवत्ता नियंत्रण) संशोधन आदेश, 2022 (एस.ओ. सं. 620(ई), दिनांक 10/02/2022) सुरक्षा काँच (गुणवत्ता नियंत्रण) संशोधन आदेश, 2023 (एस.ओ. 1431(ई), दिनांक 24 मार्च 2023)",,,,,,,,,,,,,,1,F034,bis_gazette_notification.csv,,F034:-:354;F034:-:1253,MERGED,0,,,,2,11.11
NOTIF-01129,,,,सुरक्षा काँच – विनिर्देशन भाग 2 सड़क परिवहन हेतु।,,,,,,,,,,,,,,,1,F034,bis_gazette_notification.csv,,F034:-:355;F034:-:1254,MERGED,0,,,,1,5.56
NOTIF-01130,,,,सेफ डिपॉज़िट लॉकर कैबिनेट,,,,,,,,,,,,,,,1,F034,bis_gazette_notification.csv,,F034:-:665;F034:-:1564,MERGED,0,,,,1,5.56
NOTIF-01131,,,,सेमी/फुली प्रोसेस्ड नॉन-ग्रेन ओरिएंटेड या फुली प्रोसेस्ड ग्रेन ओरिएंटेड इलेक्ट्रिकल स्टील के लिए हॉट रोल्ड और कोल्ड रोल्ड स्टील स्ट्रिप्स,,,,,,,,,,,,,,,1,F034,bis_gazette_notification.csv,,F034:-:221;F034:-:1120,MERGED,0,,,,1,5.56
NOTIF-01132,,,,सेवाओं के लिए जूते,,,,,,,,,,,,,,,1,F034,bis_gazette_notification.csv,,F034:-:401;F034:-:1300,MERGED,0,,,,1,5.56
NOTIF-01133,,,,सैनिटरी नैपकिन,"95. मेडिकल टेक्सटाइल्स (गुणवत्ता नियंत्रण) आदेश, 2023 S.O. 4247(E), दिनांक 27 सितंबर 2023 मेडिकल टेक्सटाइल्स (गुणवत्ता नियंत्रण) संशोधन आदेश, 2024 (S.O. 830(E), दिनांक 22 फरवरी 2024) मेडिकल टेक्सटाइल्स (गुणवत्ता नियंत्रण) आदेश, 2024 S.O. 4634(E), दिनांक 23 अक्टूबर 2024 मेडिकल टेक्सटाइल्स (गुणवत्ता नियंत्रण) संशोधन आदेश, 2025 S.O. 04(E), दिनांक 02 जनवरी 2025 मेडिकल टेक्सटाइल्स (गुणवत्ता नियंत्रण) दूसरा संशोधन आदेश, 2025 S.O.3526 (E) दिनांक 30 जुलाई 2025",,,,,,,,,,,,,,1,F034,bis_gazette_notification.csv,,F034:-:585;F034:-:1484,MERGED,0,,,,2,11.11
NOTIF-01134,,,,"सॉफ्ट मैग्नेटिक आयरन रॉड, बार, फ्लैट एवं सेक्शन",,,,,,,,,,,,,,,1,F034,bis_gazette_notification.csv,,F034:-:184;F034:-:1083,MERGED,0,,,,1,5.56
NOTIF-01135,,,,सॉफ्ट मैग्नेटिक आयरन स्ट्रिप्स,,,,,,,,,,,,,,,1,F034,bis_gazette_notification.csv,,F034:-:183;F034:-:1082,MERGED,0,,,,1,5.56
NOTIF-01136,,,,"सोडियम ट्राइपॉलीफॉस्फेट, निर्जल, तकनीकी","सोडियम ट्राइपॉलीफॉस्फेट (गुणवत्ता नियंत्रण) आदेश, 2020 (एस.ओ. 1903(ई), दिनांक 16/06/2020) सोडियम ट्राइपॉलीफॉस्फेट (गुणवत्ता नियंत्रण) आदेश, 2020 में संशोधन (एस.ओ. 4417(ई), दिनांक 04/12/2020) सोडियम ट्राइपॉलीफॉस्फेट (गुणवत्ता नियंत्रण) आदेश, 2020 में संशोधन सोडियम ट्राइपॉलीफॉस्फेट (गुणवत्ता नियंत्रण) आदेश, 2020 (विभिन्न रसायनों के लिए संशोधन आदेश, दिनांक 11/03/2022) सोडियम ट्राइपॉलीफॉस्फेट (गुणवत्ता नियंत्रण) आदेश, 2020 (विभिन्न रसायनों के लिए संशोधन आदेश, दिनांक 11 अगस्त 2022) सोडियम ट्राइपॉलीफॉस्फेट (गुणवत्ता नियंत्रण) आदेश, 2020 (एस.ओ. 534(ई), दिनांक 02/02/2023) सोडियम ट्राइपॉलीफॉस्फेट (गुणवत्ता नियंत्रण) आदेश, 2020 (एस.ओ. 3300(ई), दिनांक 21 जुलाई 2023) (विभिन्न रसायनों के लिए संशोधन आदेश, दिनांक 21 जुलाई 2023) सोडियम ट्राइपॉलीफॉस्फेट (गुणवत्ता नियंत्रण) आदेश, 2020 में संशोधन एस.ओ. 1069(ई), दिनांक 05 मार्च 2024 सोडियम ट्राइपॉलीफॉस्फेट (गुणवत्ता नियंत्रण) आदेश, 2020 में संशोधन एस.ओ. 1124(ई), दिनांक 11 मार्च 2025 सोडियम ट्राइपॉलीफॉस्फेट (गुणवत्ता नियंत्रण) आदेश, 2020 निरस्त एस.ओ. 5309(ई), दिनांक 20 नवम्बर 2025",,,,,,,,,,,,,,1,F034,bis_gazette_notification.csv,,F034:-:265;F034:-:1164,MERGED,0,,,,2,11.11
NOTIF-01137,,,,सोडियम फॉर्मल्डिहाइड सल्फॉक्सिलेट,"31. सोडियम फॉर्मल्डिहाइड सल्फॉक्सिलेट (गुणवत्ता नियंत्रण) आदेश, 2020 (एस.ओ. 1902(ई), दिनांक 16/06/2020)",,,,,,,,,,,,,,1,F034,bis_gazette_notification.csv,,F034:-:264;F034:-:1163,MERGED,0,,,,2,11.11
NOTIF-01138,,,,"सोडियम सल्फाइड, तकनीकी","सोडियम सल्फाइड (गुणवत्ता नियंत्रण) आदेश, 2020 (एस.ओ. 1894(ई), दिनांक 16/06/2020)",,,,,,,,,,,,,,1,F034,bis_gazette_notification.csv,,F034:-:255;F034:-:1154,MERGED,0,,,,2,11.11
NOTIF-01139,,,,सोलर फ्लैट प्लेट कलेक्टर सोलर वॉटर हीटिंग सिस्टम के लिए,"132. सोलर थर्मल सिस्टम, उपकरण और घटक (गुणवत्ता नियंत्रण) आदेश, 2024 S.O. 4485(E), दिनांक 14 अक्टूबर 2024",,,,,,,,,,,,,,1,F034,bis_gazette_notification.csv,,F034:-:875;F034:-:1774,MERGED,0,,,,2,11.11
NOTIF-01140,,,,"स्क्वायर टिन्स - 15 किलोग्राम या लीटर के लिए घी, वनस्पति घी, खाद्य तेल और बेकरी उत्पाद",,,,,,,,,,,,,,,1,F034,bis_gazette_notification.csv,,F034:-:1528,CANONICAL,0,,,,1,5.56
NOTIF-01141,,,,"स्क्वायर टिन्स – 15 किलोग्राम या लीटर के लिए घी, वनस्पति घी, खाद्य तेल और बेकरी उत्पाद",,,,,,,,,,,,,,,1,F034,bis_gazette_notification.csv,,F034:-:629,CANONICAL,0,,,,1,5.56
NOTIF-01142,,,,स्टाइरीन-ब्यूटाडीन रबर लेटेक्स,"34. स्टाइरीन-ब्यूटाडीन रबर लेटेक्स (गुणवत्ता नियंत्रण) आदेश, 2021 (एस.ओ. 1626 (ई), दिनांक 15.04.2021) स्टाइरीन-ब्यूटाडीन रबर लेटेक्स (गुणवत्ता नियंत्रण) संशोधन आदेश, 2024 एस.ओ. 3957 (ई), दिनांक 18 सितंबर 2024",,,,,,,,,,,,,,1,F034,bis_gazette_notification.csv,,F034:-:283;F034:-:1182,MERGED,0,,,,2,11.11
NOTIF-01143,,,,स्टाइरीन (विनाइल बेंजीन),"स्टाइरीन (विनाइल बेंजीन) (गुणवत्ता नियंत्रण) आदेश, 2020 (एस.ओ. सं. 4002(ई), दिनांक 04/11/2020) विभिन्न रासायनिक उत्पादों हेतु संशोधन आदेश स्टाइरीन (विनाइल बेंजीन) (गुणवत्ता नियंत्रण) आदेश, 2020 विभिन्न पेट्रोकेमिकल्स हेतु संशोधन आदेश, दिनांक 08/10/2021 स्टाइरीन (विनाइल बेंजीन) (गुणवत्ता नियंत्रण) आदेश, 2022 विभिन्न रसायनों हेतु संशोधन आदेश, दिनांक 05/04/2022 स्टाइरीन (विनाइल बेंजीन) (गुणवत्ता नियंत्रण) संशोधन आदेश, 2022 विभिन्न पेट्रोकेमिकल्स हेतु संशोधन आदेश, दिनांक 29 सितम्बर 2022 स्टाइरीन (विनाइल बेंजीन) (गुणवत्ता नियंत्रण) संशोधन आदेश, 2023 (एस.ओ. 1786(ई), दिनांक 18/04/2023) स्टाइरीन (विनाइल बेंजीन) (गुणवत्ता नियंत्रण) संशोधन आदेश, 2024 (एस.ओ. 1465(ई), दिनांक 18 मार्च 2024) स्टाइरीन (विनाइल बेंजीन) (गुणवत्ता नियंत्रण) द्वितीय संशोधन आदेश, 2024 एस.ओ. 4653(ई), दिनांक 24 अक्टूबर 2024 स्टाइरीन (विनाइल बेंजीन) (गुणवत्ता नियंत्रण) आदेश, 2022 को निरस्त करने का आदेश एस.ओ. 4864(ई), दिनांक 24 अक्टूबर 2025",,,,,,,,,,,,,,1,F034,bis_gazette_notification.csv,,F034:-:274;F034:-:1173,MERGED,0,,,,2,11.11
NOTIF-01144,,,,"स्टील ट्यूब्स, ट्यूबुलर्स और अन्य व्रॉट स्टील फिटिंग्स – भाग 1 : स्टील ट्यूब्स",,,,,,,,,,,,,,,1,F034,bis_gazette_notification.csv,,F034:-:230;F034:-:1129,MERGED,0,,,,1,5.56
NOTIF-01145,,,,स्टील ड्रम्स (जिंक कोटेड और बिना जिंक के),,,,,,,,,,,,,,,1,F034,bis_gazette_notification.csv,,F034:-:626;F034:-:1525,MERGED,0,,,,1,5.56
NOTIF-01146,,,,स्टील बट हिंजेस,,,,,,,,,,,,,,,1,F034,bis_gazette_notification.csv,,F034:-:669;F034:-:1568,MERGED,0,,,,1,5.56
NOTIF-01147,,,,स्टील बैक फ्लैप हिंजेस,,,,,,,,,,,,,,,1,F034,bis_gazette_notification.csv,,F034:-:674;F034:-:1573,MERGED,0,,,,1,5.56
NOTIF-01148,,,,स्टील वायर रस्सियाँ – फाइबर मुख्य कोर – विनिर्देशन,,,,,,,,,,,,,,,1,F034,bis_gazette_notification.csv,,F034:-:869;F034:-:1768,MERGED,0,,,,1,5.56
NOTIF-01149,,,,स्टेनलेस स्टील कुकवेयर,"83. कुकवेयर एवं बर्तन (गुणवत्ता नियंत्रण) आदेश, 2023 एस.ओ. 3583(ई), दिनांक 9 अगस्त 2023 खाद्य एवं पेय पदार्थों हेतु कुकवेयर, बर्तन और कैन (गुणवत्ता नियंत्रण) आदेश, 2024 एस.ओ. 1365(ई), दिनांक 14 मार्च 2024 खाद्य एवं पेय पदार्थों हेतु कुकवेयर, बर्तन और कैन (गुणवत्ता नियंत्रण) आदेश, 2024 एस.ओ. 4494(ई), दिनांक 14 अक्टूबर 2024 खाद्य एवं पेय पदार्थों हेतु कुकवेयर, बर्तन और कैन (गुणवत्ता नियंत्रण) आदेश, 2024 एस.ओ. 4494(ई), दिनांक 14 अक्टूबर 2024 खाद्य एवं पेय पदार्थों हेतु कुकवेयर, बर्तन और कैन (गुणवत्ता नियंत्रण) आदेश, 2025 एस.ओ. 3850(ई), दिनांक 22 अगस्त 2025 खाद्य एवं पेय पदार्थों हेतु कुकवेयर, बर्तन और कैन (गुणवत्ता नियंत्रण) आदेश, 2026 एस.ओ. 219(ई), दिनांक 15 जनवरी 2026 खाद्य एवं पेय पदार्थों हेतु कुकवेयर, बर्तन और कैन (गुणवत्ता नियंत्रण) आदेश, 2026 एस.ओ. 1661(ई), दिनांक 30 मार्च 2026",,,,,,,,,,,,,,1,F034,bis_gazette_notification.csv,,F034:-:508;F034:-:1407,MERGED,0,,,,2,11.11
NOTIF-01150,,,,स्टेनलेस स्टील टावर बोल्ट,,,,,,,,,,,,,,,1,F034,bis_gazette_notification.csv,,F034:-:505;F034:-:1404,MERGED,0,,,,1,5.56
NOTIF-01151,,,,"स्टेनलेस स्टील प्लेट, शीट एवं स्ट्रिप — विनिर्देश",,,,,,,,,,,,,,,1,F034,bis_gazette_notification.csv,,F034:-:127;F034:-:1026,MERGED,0,,,,1,5.56
NOTIF-01152,,,,स्टेनलेस स्टील बट हिंजेस,"110. हिंजेस (गुणवत्ता नियंत्रण) आदेश, 2023 S.O. 5294(E), दिनांक 08 दिसंबर 2023 हिंजेस (गुणवत्ता नियंत्रण) आदेश, 2024 S.O. 2982(E), दिनांक 26 जुलाई 2024 हिंजेस (गुणवत्ता नियंत्रण) आदेश, 2025 S.O. 1368(E), दिनांक 24 मार्च 2025",,,,,,,,,,,,,,1,F034,bis_gazette_notification.csv,,F034:-:668;F034:-:1567,MERGED,0,,,,2,11.11
NOTIF-01153,,,,स्टेनलेस स्टील बार एवं फ्लैट,,,,,,,,,,,,,,,1,F034,bis_gazette_notification.csv,,F034:-:125;F034:-:1024,MERGED,0,,,,1,5.56
NOTIF-01154,,,,स्टेनलेस स्टील वायर,,,,,,,,,,,,,,,1,F034,bis_gazette_notification.csv,,F034:-:124;F034:-:1023,MERGED,0,,,,1,5.56
NOTIF-01155,,,,स्टेनलेस स्टील वायर रॉड,,,,,,,,,,,,,,,1,F034,bis_gazette_notification.csv,,F034:-:123;F034:-:1022,MERGED,0,,,,1,5.56
NOTIF-01156,,,,"स्टेपल, पिन एवं क्लिप हेतु स्टील वायर — विनिर्देश",,,,,,,,,,,,,,,1,F034,bis_gazette_notification.csv,,F034:-:152;F034:-:1051,MERGED,0,,,,1,5.56
NOTIF-01157,,,,स्टोरेज यूनिट्स,,,,,,,,,,,,,,,1,F034,bis_gazette_notification.csv,,F034:-:893;F034:-:1792,MERGED,0,,,,1,5.56
NOTIF-01158,,,,स्टोरेज वॉटर टैंक ऑल ग्लास एवैक्यूएटेड ट्यूब सोलर वॉटर हीटिंग सिस्टम के लिए,,,,,,,,,,,,,,,1,F034,bis_gazette_notification.csv,,F034:-:877;F034:-:1776,MERGED,0,,,,1,5.56
NOTIF-01159,,,,स्थिर भंडारण प्रकार के विद्युत जल हीटर,,,,,,,,,,,,,,,1,F034,bis_gazette_notification.csv,,F034:-:738;F034:-:1637,MERGED,0,,,,1,5.56
NOTIF-01160,,,,स्थिर भंडारण प्रकार के विद्युत जल हीटर के उपकरण,"124. घरेलू जल हीटिंग के लिए विद्युत उपकरण (गुणवत्ता नियंत्रण) आदेश, 2023 S.O. 1253(E), दिनांक 05 मार्च 2024 घरेलू जल हीटिंग के लिए विद्युत उपकरण (गुणवत्ता नियंत्रण) आदेश, 2025 S.O. 355(E), दिनांक 21 जनवरी 2025",,,,,,,,,,,,,,1,F034,bis_gazette_notification.csv,,F034:-:735;F034:-:1634,MERGED,0,,,,2,11.11
NOTIF-01161,,,,स्थिरीकृत हाइड्रोजन पेरॉक्साइड,"29. हाइड्रोजन पेरॉक्साइड (गुणवत्ता नियंत्रण) आदेश, 2020 (एस.ओ. 1900(ई), दिनांक 16/06/2020) हाइड्रोजन पेरॉक्साइड (गुणवत्ता नियंत्रण) आदेश, 2020 में संशोधन (एस.ओ. 4414(ई), दिनांक 04/12/2020) हाइड्रोजन पेरॉक्साइड (गुणवत्ता नियंत्रण) आदेश, 2020 में संशोधन हाइड्रोजन पेरॉक्साइड (गुणवत्ता नियंत्रण) आदेश, 2022 एस.ओ. 4000(ई), दिनांक 24 अगस्त, 2022",,,,,,,,,,,,,,1,F034,bis_gazette_notification.csv,,F034:-:261;F034:-:1160,MERGED,0,,,,2,11.11
NOTIF-01162,,,,स्पोक्स (तार) हेतु स्टील वायर — विनिर्देश,,,,,,,,,,,,,,,1,F034,bis_gazette_notification.csv,,F034:-:155;F034:-:1054,MERGED,0,,,,1,5.56
NOTIF-01163,,,,स्प्रिंग वॉशर हेतु स्टील,,,,,,,,,,,,,,,1,F034,bis_gazette_notification.csv,,F034:-:193;F034:-:1092,MERGED,0,,,,1,5.56
NOTIF-01164,,,,स्प्रिंग वॉशर्स के लिए ट्रैपेज़ॉइडल स्टील वायर,,,,,,,,,,,,,,,1,F034,bis_gazette_notification.csv,,F034:-:204;F034:-:1103,MERGED,0,,,,1,5.56
NOTIF-01165,,,,स्प्रिंग्स हेतु कोल्ड रोल्ड स्टील स्ट्रिप — विनिर्देश,,,,,,,,,,,,,,,1,F034,bis_gazette_notification.csv,,F034:-:145;F034:-:1044,MERGED,0,,,,1,5.56
NOTIF-01166,,,,स्प्लिट पिन बनाने के लिए हाफ राउंड माइल्ड स्टील वायर,,,,,,,,,,,,,,,1,F034,bis_gazette_notification.csv,,F034:-:196;F034:-:1095,MERGED,0,,,,1,5.56
NOTIF-01167,,,,स्व-निहित पेय जल कूलर – ऊर्जा खपत और प्रदर्शन,"94. स्व-निहित पेय जल कूलर (गुणवत्ता नियंत्रण) आदेश, 2023 S.O. 4243(E), दिनांक 25 सितंबर 2023 स्व-निहित पेय जल कूलर (गुणवत्ता नियंत्रण) आदेश, 2024 S.O. 2112(E), दिनांक 24 मई 2024",,,,,,,,,,,,,,1,F034,bis_gazette_notification.csv,,F034:-:583;F034:-:1482,MERGED,0,,,,2,11.11
NOTIF-01168,,,,स्विच-सॉकेट-आउटलेट्स (नॉन-इंटरलॉक प्रकार),,,,,,,,,,,,,,,1,F034,bis_gazette_notification.csv,,F034:-:692;F034:-:1591,MERGED,0,,,,1,5.56
NOTIF-01169,,,,"हबलेस केन्द्रापसारित ढलाई (स्पन) कास्ट आयरन पाइप, फिटिंग्स एवं सहायक उपकरण – स्पिगट श्रृंखला",,,,,,,,,,,,,,,1,F034,bis_gazette_notification.csv,,F034:-:418;F034:-:1317,MERGED,0,,,,1,5.56
NOTIF-01170,,,,हर्मेटिक कंप्रेसर हर्मेटिक कंप्रेसर — विनिर्देशन,,,,,,,,,,,,,,,1,F034,bis_gazette_notification.csv,,F034:-:313;F034:-:1212,MERGED,0,,,,1,5.56
NOTIF-01171,,,,हाइड्रॉलिकली नियंत्रित डोर क्लोज़र्स,,,,,,,,,,,,,,,1,F034,bis_gazette_notification.csv,,F034:-:633;F034:-:1532,MERGED,0,,,,1,5.56
NOTIF-01172,,,,हाइड्रोफोबिक पोर्टलैंड सीमेंट,,,,,,,,,,,,,,,1,F034,bis_gazette_notification.csv,,F034:-:13;F034:-:912,MERGED,0,,,,1,5.56
NOTIF-01173,,,,हाथ से चलने वाला ब्लेंडर,"42. भारतीय मानक ब्यूरो रसोई उपकरण (गुणवत्ता नियंत्रण) आदेश, 2018 एस.ओ. 5243(ई), दिनांक 10 अक्टूबर 2018",,,,,,,,,,,,,,1,F034,bis_gazette_notification.csv,,F034:-:304;F034:-:1203,MERGED,0,,,,2,11.11
NOTIF-01174,,,,हार्ड आर्मर प्रणालियों में स्थायी कटाव नियंत्रण हेतु जियोटेक्सटाइल्स,,,,,,,,,,,,,,,1,F034,bis_gazette_notification.csv,,F034:-:447;F034:-:1346,MERGED,0,,,,1,5.56
NOTIF-01175,,,,हार्डनिंग एवं टेम्परिंग हेतु स्टील — विनिर्देश,,,,,,,,,,,,,,,1,F034,bis_gazette_notification.csv,,F034:-:136;F034:-:1035,MERGED,0,,,,1,5.56
NOTIF-01176,,,,हील्ड वायर,,,,,,,,,,,,,,,1,F034,bis_gazette_notification.csv,,F034:-:198;F034:-:1097,MERGED,0,,,,1,5.56
NOTIF-01177,,,,हैलोजन मुक्त अग्नि प्रतिरोधी (HFFR) केबल – 1100 वोल्ट तक एवं सहित कार्य वोल्टेज हेतु – विनिर्देशन,,,,,,,,,,,,,,,1,F034,bis_gazette_notification.csv,,F034:-:336;F034:-:1235,MERGED,0,,,,1,5.56
NOTIF-01178,,,,हॉट डिप एल्युमिनियम-जिंक मिश्र धातु लेपित स्टील स्ट्रिप एवं शीट (सादा),,,,,,,,,,,,,,,1,F034,bis_gazette_notification.csv,,F034:-:121;F034:-:1020,MERGED,0,,,,1,5.56
NOTIF-01179,,,,हॉट डिप गैल्वनाइज्ड स्टे स्ट्रैंड,,,,,,,,,,,,,,,1,F034,bis_gazette_notification.csv,,F034:-:649;F034:-:1548,MERGED,0,,,,1,5.56
NOTIF-01180,,,,"हॉट-डिप जिंक-एल्यूमिनियम-मैग्नीशियम मिश्र धातु कोटेड स्टील शीट्स, प्लेट्स और स्ट्रिप्स",,,,,,,,,,,,,,,1,F034,bis_gazette_notification.csv,,F034:-:224;F034:-:1123,MERGED,0,,,,1,5.56
NOTIF-01181,,,,"हॉट रोल्ड कार्बन स्टील शीट, प्लेट एवं स्ट्रिप – विनिर्देश",,,,,,,,,,,,,,,1,F034,bis_gazette_notification.csv,,F034:-:95;F034:-:994,MERGED,0,,,,1,5.56
NOTIF-01182,,,,हॉट रोल्ड मध्यम एवं उच्च तन्य संरचनात्मक इस्पात,,,,,,,,,,,,,,,1,F034,bis_gazette_notification.csv,,F034:-:90;F034:-:989,MERGED,0,,,,1,5.56
NOTIF-01183,,,,हॉट रोल्ड स्टील स्ट्रिप (बेलिंग) हेतु विनिर्देश,,,,,,,,,,,,,,,1,F034,bis_gazette_notification.csv,,F034:-:131;F034:-:1030,MERGED,0,,,,1,5.56
NOTIF-01184,,,,हौलज के लिए स्टील वायर रोप,,,,,,,,,,,,,,,1,F034,bis_gazette_notification.csv,,F034:-:648;F034:-:1547,MERGED,0,,,,1,5.56
