canonical_entity,canonical_entity_id,source_sheet,source_row,source_legal_ids,instrument_number,title,issuing_authority,release_date,effective_date,subject,related_is_text,implementation_instructions,document_url,source_url
LEGAL,LEGAL-00064,,2,CIRC-13 Aug 2026-2315429064724185965,,Guidance on product categories under Compulsory Registration Scheme (CRS),Bureau of Indian Standards (BIS),2026-08-13,,Guidance on product categories under Compulsory Registration Scheme (CRS),,"Applications for product Wearable Glasses such as Audio Glasses, Smart Glasses, AR Glasses and MR Glasses shall be applied under the appropriate product category, sub-category and product name as indicated below: Wearable Glasses S. Applications for product Extended Reality Products (Augmented Reality, Virtual Reality, Mixed Reality Etc.) shall be applied under the appropriate sub-category and product name as indicated below: Extended Reality Products (Augmented Reality, Virtual Reality, Mixed Reality Etc.) S. Separate licences shall be granted for each product name specified in the tables at Sl.",https://www.crsbis.in/BIS/app_srv/tdc/gl/docs/Guidance_on_product_categories_under_Compulsory_Registration_Scheme_(CRS).pdf,https://www.crsbis.in/BIS/wtsnew.do
LEGAL,LEGAL-00024,,3,CIRC-05 Aug 2026-7397787046034417519,,Extension in date of implementation of IS 16102 (Part 1)2026,Bureau of Indian Standards (BIS),2026-08-05,2027-02-02,Extension in date of implementation of IS 16102 (Part 1)2026,IS 16102 (Part 1),BUREAU OF INDIAN STANDARDS Registration Department Our Ref: IS 16102 (Part 1)/02 31 July 2026 Subject: Extension in date of implementation of IS 16102 (Part 1):2026 1. This has reference to the Guidelines for implementation of IS 16102 (Part 1):2026 issued vide our circular ref IS 16102 (Part 1) dated 24 February 2026. It has now been decided to extend the last date of implementation of IS 16102 (Part 1): 2026 till 02 February 2027.,https://www.crsbis.in/BIS/app_srv/tdc/gl/docs/Extension_in_date_of_implementation_of_IS_16102_(Part_1)_2026.pdf,https://www.crsbis.in/BIS/wtsnew.do
LEGAL,LEGAL-00026,,4,CIRC-05 Aug 2026-464797863225613663,,Extension in date of implementation of Revised Standards for LED Luminaires,Bureau of Indian Standards (BIS),2026-08-05,,Extension in date of implementation of Revised Standards for LED Luminaires,IS 10322 | IS 10322 (Part 5 | IS 10322 (Part 5 | IS 10322 (Part 5 | IS 10322 (Part 5 | IS 10322 (Part 5 | IS 10322 (Part 5 | IS 10322 (Part 5,BUREAU OF INDIAN STANDARDS Registration Department Our Ref: Reg./ IS 10322 Series /Guidelines/02 31 July 2026 Subject: Extension in date of implementation of Revised Standards for LED Luminaires 1. This has reference to the guidelines for implementation of Revised Standards for LED Luminaire issued vide our circular ref Reg./ IS 10322 Series /Guidelines/01 dated 20 March 2026.,https://www.crsbis.in/BIS/app_srv/tdc/gl/docs/Extension_in_date_of_implementation_of_Revised_Standards_for_LED_Luminaires.pdf,https://www.crsbis.in/BIS/wtsnew.do
LEGAL,LEGAL-00032,,5,CIRC-05 Aug 2026-6910452611817638314,,Extension of date of implementation of IS 18112 Digital Television Receiver for Satellite Broadcast Transmission Specification,Bureau of Indian Standards (BIS),2026-08-05,2025-04-26,Extension of date of implementation of IS 18112 Digital Television Receiver for Satellite Broadcast Transmission Specification,IS 18112,"BUREAU OF INDIAN STANDARDS (Registration Department) Our Ref: Reg/ IS 18112/Guidelines/06 31.07.2026 Subject: Extension of date of implementation of IS 18112 ‘Digital Television Receiver for Satellite Broadcast Transmission Specification’. The Ministry of Electronics and Information Technology (MeitY), vide Order dated 26 April 2023, notified Digital Television Receiver for Satellite Broadcast Transmission conforming to IS 18112 for mandatory BIS certification under the Electronics and Information Technology Goods (Requirements for Compulsory Registration) Order, 2021, with the date of implementation as 26 April 2025. The said date of implementation was subsequently extended by MeitY. The Guidelines for Implementation of IS 18112 ‘Digital Television Receiver for Satellite Broadcast Transmission Specification’ were issued vide our circular ref Reg/ IS 18112/Guidelines/04 dated 14 October 2025. MeitY has now further extended the date of implementation of IS 18112 to 26 January 2027. Reg/IS 18112/Guidelines/04 dated 14 October 2025, shall now be read with the date of implementation as 26 January 2027. All other provisions of the aforesaid circular shall remain the same.",https://www.crsbis.in/BIS/app_srv/tdc/gl/docs/Extension_of_date_of_implementation_of_IS_18112_Digital_Television_Receiver_for_Satellite_Broadcast_Transmission_Specification.pdf,https://www.crsbis.in/BIS/wtsnew.do
LEGAL,LEGAL-00052,,6,CIRC-22 Jul 2026-8714061710756642259,,Frequently Asked Questions (FAQs) on Migration to IS/IEC 62368-1:2023,Bureau of Indian Standards (BIS),2026-07-22,,Frequently Asked Questions (FAQs) on Migration to IS/IEC 62368-1:2023,IS 13252 (Part 1) | IS 13252 (Part1) | IS 13252(Part1) | IS 616,"(R-no.) shall remain the same after successful migration to IS/IEC 62368-1:2023. A manufacturer holds separate licences under IS 13252(Part1):2010 and IS 616:2017 for different product categories. Separate Licences (R-nos.) granted for different product categories shall continue to remain valid after successful migration to IS/IEC 62368-1:2023. Accordingly, separate Licences shall continue for products such as Power Adaptors for IT Equipment and Power Adaptors for Audio, Video & Similar Electronic Apparatus. Further, migration shall be carried out separately for each Licence in accordance with the implementation guidelines. Products complying with IS/IEC 62368-1:2023 shall bear the BIS Standard Mark in accordance with Regulation 6 (Labelling and Marking Requirements) and Annexures I, II and III of Scheme II of Schedule II of the BIS Conformity Assessment Regulations, 2018. Renewal as per the old Standards IS 13252 (Part1) :2010 and IS 616:2017 shall be permitted up to 01 November 2028. i,e., the last date of concurrent running of IS 13252 (Part 1):2010 and IS 616:2017 with IS/IEC 62368-1:2023, in accordance with the implementation timeline notified by MeitY. Should all new applications be submitted under IS/IEC 62368-1:2023? Please refer to the Guidelines for Implementation of Migration to IS/IEC 62368-1:2023 dated 09 Mar 2026.",https://www.crsbis.in/BIS/app_srv/tdc/gl/docs/Frequently_Asked_Questions_(FAQs)_on_Migration_to_IS_IEC_62368-1.pdf,https://www.crsbis.in/BIS/wtsnew.do
LEGAL,LEGAL-00131,,7,CIRC-15 Jun 2026-5997257909427620528,,"Rescinded Order for Cotton Bales (Quality Control) Order, 2023",Bureau of Indian Standards (BIS),2026-06-15,,"Rescinded Order for Cotton Bales (Quality Control) Order, 2023",,,https://www.crsbis.in/BIS/app_srv/tdc/gl/docs/Rescind_Order_of_the_Cotton_Bales_Quality_Control_Order_2023.pdf,https://www.crsbis.in/BIS/wtsnew.do
LEGAL,LEGAL-00135,,8,CIRC-27 May 2026-1732659640208635762,,"Revised Provisions for Licence Validity, Renewal and Annual Fee Payment under CRS",Bureau of Indian Standards (BIS),2026-05-27,,"Revised Provisions for Licence Validity, Renewal and Annual Fee Payment under CRS",,,https://www.crsbis.in/BIS/app_srv/tdc/gl/docs/crs_5_year_validity_news.pdf,https://www.crsbis.in/BIS/wtsnew.do
LEGAL,LEGAL-00062,,9,CIRC-19 May 2026-7637533731987786059,,Gazette Notification - Standalone Hard Disk Drives (HDDs),Bureau of Indian Standards (BIS),2026-05-19,,Gazette Notification - Standalone Hard Disk Drives (HDDs),IS 13252,"50 in the Schedule of the “Electronics and Information Technology Goods (Requirements for Compulsory Registration) Order, 2021 shall be substituted as “Standalone Hard Disk Drives” S. The requirements for USB Type External Hard Disk Drives shall continue to be governed as per the existing notified provisions. For all other standalone HDDs, the provisions of the “Electronics and Information Technology Goods (Requirements for Compulsory Registration) Order, 2021” shall apply with effect from 5th November.",https://www.crsbis.in/BIS/app_srv/tdc/gl/docs/Gazette_Notification_Standalone_Hard_Disk_Drives_HDDs.pdf,https://www.crsbis.in/BIS/wtsnew.do
LEGAL,LEGAL-00095,,10,CIRC-20 Mar 2026-7972070967691955248,,Guidelines for Implementation of Revised Standards for LED Luminaires,Bureau of Indian Standards (BIS),2026-03-20,,Guidelines for Implementation of Revised Standards for LED Luminaires,IS 10322 | IS 10322 (Part 1) | IS 10322 (Part 5 | IS 10322 (Part 5 | IS 10322 (Part 5 | IS 10322 (Part 5 | IS 10322 (Part 5 | IS 10322 (Part 5 | IS 10322 (Part 5 | IS 10322 (Part 5 | IS 10322 (Part 5 | IS 10322 (Part 5 | IS 10322 (Part 5 | IS 10322 (Part 5 | IS 10322 (Part 5 | IS 10322 (Part 5,"BUREAU OF INDIAN STANDARDS Registration Department Our Ref: Reg./ IS 10322 Series /Guidelines/01 20 March 2026 Subject: Guidelines for Implementation of Revised Standards for LED Luminaires 1. The guidelines for implementation of the Revised Standards are given below: A. All existing licensees shall implement the applicable Revised Standard listed at S.no. Beyond the last date of concurrent running, no licence shall remain operative where compliance with the Revised Standard has not been ensured by the licensee. Existing licensees shall ensure conformance to the applicable Revised Standard through submission of complete test report(s) issued by BIS recognized laboratory for all lead model(s) covered in their scope of licence which had been previously tested as per the old version of Standard. Further, the licensees shall provide an undertaking stating that requirements of the applicable Revised Standard have been implemented in other existing series model(s) which are in the scope of the licence. If the licensee fails to complete all actions by the last date of concurrent running, cancellation of the licence/ deletion of model from scope of the licence may be initiated. Processing of Applications as per old standard shall be permitted only up to the last date of concurrent running, that is, 02 August 2026. For such cases, the applicant shall give a declaration that they will implement the applicable Revised Standard by the last date of concurrent running, that is, 02 August 2026. Beyond the last date of concurrent running, no licence shall be granted as per the old Standard.",https://www.crsbis.in/BIS/app_srv/tdc/gl/docs/Guidelines_for_Implementation_of_Revised_Standards_for_LED_Luminaires.pdf,https://www.crsbis.in/BIS/wtsnew.do
LEGAL,LEGAL-00083,,11,CIRC-09 Mar 2026-5410687586485299003,,Guidelines for Implementation of Migration to IS/IEC 62368-1:2023,Bureau of Indian Standards (BIS),2026-03-09,,Guidelines for Implementation of Migration to IS/IEC 62368-1:2023,IS 13252 (Part 1) | IS 13252(Part1) | IS 16333 (Part 3) | IS 18112 | IS 616 | IS18112,"BUREAU OF INDIAN STANDARDS Registration Department Our Ref: Reg/ IS/IEC 62368-1:2023 /Guidelines/01 09 March 2026 Subject: Guidelines for Implementation of Migration to IS/IEC 62368-1:2023 pursuant to MeitY’s Notification dated 29 October 2025 under the Electronics and Information Technology Goods (Requirement of Compulsory Registration) Order, 2021. Product Category Currently applicable ISs Superseded by ISs 1 Electronic Games (Video) IS 616:2017 IS/IEC 62368-1:2023 2 Laptops/Notebooks/Tablets IS 13252 (Part 1):2010 IS/IEC 62368-1:2023 3 Plasma/LCD/LED Television IS 616:2017 & IS 18112:2025 IS/IEC 62368-1:2023 & IS 18112:2025 4 Optical Disc Players with built in amplifiers of input power 200W and above IS 616:2017 IS/IEC 62368-1:2023 5 Visual Display Units, Video Monitors IS 13252 (Part 1):2010 IS/IEC 62368-1:2023 6 Printers/ Multi-Function Devices(MFD)/ Plotters IS 13252 (Part 1):2010 IS/IEC 62368-1:2023 7 Scanners , USB driven Barcode readers, barcode scanners, Iris scanners, Optical fingerprint scanner IS 13252 (Part 1):2010 IS/IEC 62368-1:2023 8 Wireless Keyboards IS 13252 (Part 1):2010 IS/IEC 62368-1:2023 9 Telephone Answering Machines IS 13252 (Part 1):2010 IS/IEC 62368-1:2023 10 Amplifiers with input power 2000W and above IS 616:2017 IS/IEC 62368-1:2023 11 Electronic Musical Systems IS 616:2017 IS/IEC 62368-1:2023 12 Set Top Boxes IS 13252 (Part 1):2010 IS/IEC 62368-1:2023 13 Automatic Data Processing Machines IS 13252 (Part 1):2010 IS/IEC 62368-1:2023 14 Power Adaptors for IT Equipment IS 13252 (Part 1):2010 IS/IEC 62368-1:2023 15 Power Adaptors for Audio, Video& Similar Electronic Apparatus IS 616:2017 IS/IEC 62368-1:2023 16 Mobile Phones IS 13252 (Part 1):2010 & IS 16333 (Part 3) : 2022 IS/IEC 62368-1:2023 & IS 16333 (Part 3) : 2022 17 Cash Registers IS 13252 (Part 1):2010 IS/IEC 62368-1:2023 18 Point of Sale Terminals IS 13252 (Part 1):2010 IS/IEC 62368-1:2023 19 Copying Machines/Duplicators IS 13252 (Part 1):2010 IS/IEC 62368-1:2023 20 Smart Card Readers IS 13252 (Part 1):2010 IS/IEC 62368-1:2023 21 Mail Processing Machines/Postage Machines/ Franking Machines IS 13252 (Part 1):2010 IS/IEC 62368-1:2023 22 Passport Readers IS 13252 (Part 1):2010 IS/IEC 62368-1:2023 23 Power Bank for use in portable application IS 13252 (Part 1):2010 IS/IEC 62368-1:2023 24 CCTV Cameras/CCTV Recorders IS 13252 (Part 1):2010, Essential Requirement(s) for Security of CCTV for IP based CCTV Cameras IS/IEC 62368-1:2023, Essential Requirement(s) for Security of IP based CCTV Cameras 25 Smart Watches IS 13252 (Part 1):2010 IS/IEC 62368-1:2023 26 Keyboards IS 13252 (Part 1):2010 IS/IEC 62368-1:2023 27 Automatic Teller Cash dispensing machines IS 13252 (Part 1):2010 IS/IEC 62368-1:2023 28 USB Type External Hard Disk Drives IS 13252 (Part 1):2010 IS/IEC 62368-1:2023 29 Wireless Headphones and Earphones IS 616:2017 IS/IEC 62368-1:2023 30 USB Type External Solid-State Storage Devices (above 256 GB capacity) IS 13252 (Part 1):2010 IS/IEC 62368-1:2023 31 Standalone Switch Mode Power Supplies (SMPS) with output voltage 48 V (max) IS 13252 (Part 1):2010 IS/IEC 62368-1:2023 32 Televisions other than Plasma/LCD/LED TVs IS 616:2017 & IS 18112:2025 IS/IEC 62368-1:2023 & IS18112:2025 33 Wireless microphones IS 616:2017 IS/IEC 62368-1:2023 34 Digital Cameras IS 13252 (Part 1):2010 IS/IEC 62368-1:2023 35 Video cameras IS 616:2017 IS/IEC 62368-1:2023 36 Webcams (Finished Product) IS 616:2017 IS/IEC 62368-1:2023 37 Smart Speakers (with and without Display) IS 616:2017 IS/IEC 62368-1:2023 38 Bluetooth speakers IS 616:2017 IS/IEC 62368-1:2023 After 01 November 2028, IS 13252 (Part 1):2010 and IS 616:2017 shall stand withdrawn for the above product categories. For the purpose of these guidelines, all licensees and applicants shall refer to the series guidelines as per IS/IEC 62368-1:2023 to be issued by MeitY. Implementation guidelines shall be as follows: A. Existing Licensees: 1) All existing licensees shall implement the IS/IEC 62368-1:2023 by the last date of concurrent running i.e. Beyond the last date of concurrent running, no licence shall be operative where compliance to IS/IEC 62368-1:2023 has not been ensured by the licensee. 2) Existing licensees shall ensure conformance to IS/IEC 62368-1:2023 through submission of complete test Report(s) issued by BIS recognized laboratory for all lead model(s) as per IS/IEC 62368-1:2023, in their scope of licence which had been previously tested as per IS 13252(Part1):2010 or IS 616:2017 by submission of the test report through Standard Revision/Amendment/ Essential Requirement provision available at their login ids. 3) Further, the licensees shall provide an undertaking stating that requirements of IS/IEC 62368- 1:2023 have been implemented in other existing series model(s) which are in the scope of the licence. In this regard, reference shall be made to the revised series guidelines to be issued by MeitY 4) If the licensee fails to complete all actions by the last date of implementation of IS/IEC 62368- 1:2023, cancellation of the licence/ deletion of model from the scope of the licence may be initiated. 5) On successful implementation of the IS/IEC 62368-1:2023, BIS shall issue a letter indicating all the model(s) for which the compliance has been successfully established.",https://www.crsbis.in/BIS/app_srv/tdc/gl/docs/Guidelines_for_Implementation_of_Migration_to_62368_1_2023.pdf,https://www.crsbis.in/BIS/wtsnew.do
LEGAL,LEGAL-00074,,12,CIRC-09 Mar 2026-8650623178944406798,,"Guidelines for Implementation of Extended Reality Products (Augmented Reality, Virtual Reality, Mixed Reality etc.) as per IS/IEC 62368-1:2023",Bureau of Indian Standards (BIS),2026-03-09,,"Guidelines for Implementation of Extended Reality Products (Augmented Reality, Virtual Reality, Mixed Reality etc.) as per IS/IEC 62368-1:2023",IS 13252 (Part 1) | IS 13252 (Part1) | IS 13252(Part1) | IS 616,"BUREAU OF INDIAN STANDARDS Registration Department Our Ref: Reg/ IS/IEC 62368-1:2023/Guidelines/02 09 March 2026 Subject: Guidelines for Implementation of Extended Reality Products (Augmented Reality, Virtual Reality, Mixed Reality etc.) as per IS/IEC 62368-1:2023 pursuant to MeitY’s Notification dated 29 October 2025 under the Electronics and Information Technology Goods (Requirement of Compulsory Registration) Order, 2021. Implementation guidelines for the said product category are as follows: A. Licences granted for the product Extended Reality Products (Augmented Reality, Virtual Reality, Mixed Reality etc.) 1) All licensees shall implement the IS/IEC 62368-1:2023 by the last date of concurrent running i.e. Beyond the last date of concurrent running, no licence shall be operative where compliance to IS/IEC 62368-1:2023 has not been ensured by the licensee. 2) Licensees shall ensure conformance to IS/IEC 62368-1:2023 through submission of complete test Report(s) issued by BIS recognized laboratory for all lead model(s) as per IS/IEC 62368-1:2023, in their scope of licence which had been previously tested as per IS 13252 (Part1):2010 or IS 616:2017 by submission of the test report through Standard Revision/Amendment/ Essential Requirement provision available at their login ids. 3) Further, the licensees shall provide an undertaking stating that requirements of IS/IEC 62368- 1:2023 have been implemented in other existing series model(s) which are in the scope of the licence. In this regard, reference shall be made to the series guidelines issued by MeitY. 4) If the licensee fails to complete all actions by the last date of concurrent running i.e. 5) On successful implementation of the IS/IEC 62368-1:2023, BIS shall issue a letter indicating all the model(s) for which the compliance has been successfully established. Processing of Applications as per the old standard shall be permitted only up to the last date of concurrent running i.e.",https://www.crsbis.in/BIS/app_srv/tdc/gl/docs/Guidelines_for_Implementation_of_Extended_Reality_Products_(AugmentedReality_VirtualReality_MixedReality_etc).pdf,https://www.crsbis.in/BIS/wtsnew.do
LEGAL,LEGAL-00075,,13,CIRC-24 Feb 2026-6874830530865231975,,Guidelines for implementation of IS 16102 (Part 1):2026,Bureau of Indian Standards (BIS),2026-02-24,2026-08-02,Guidelines for implementation of IS 16102 (Part 1):2026,IS 16102 (Part 1) | is 02,"BUREAU OF INDIAN STANDARDS Registration Department Our Ref: IS 16102 (Part 1) 24 Feb 2026 Subject: Guidelines for implementation of IS 16102 (Part 1):2026 1. The last date of concurrent running of both the Indian Standards is 02 August 2026 after which the existing IS 16102 (Part 1): 2012 shall stand withdrawn. The guidelines for implementation of the revised IS 16102 (Part 1):2026 is given below: A. For existing licensees: (i) All existing licensees shall implement the revised standard IS 16102 (Part 1): 2026 by the last date of implementation, that is, 02 August 2026. Beyond the last date of implementation of IS 16102 (Part 1): 2026, no licence shall be operative where compliance to IS 16102 (Part 1): 2026 has not been ensured by the licensee. (ii) Existing licensees shall ensure conformance to IS 16102 (Part 1): 2026 through submission of complete test Report(s) issued by BIS recognized laboratory for all lead model(s) covered in their scope of licence which had been previously tested as per IS 16102 (Part 1): 2012. (iii) Further, the licensees shall provide an undertaking stating that requirements of IS 16102 (Part 1): 2026 have been implemented in other existing series model(s) which are in the scope of the licence. (iv) If the licensee fails to complete all actions by the last date of implementation of IS 16102 (Part 1): 2026, cancellation of the licence/ deletion of model from scope of the licence may be initiated. Processing of Applications as per old standard shall be permitted only up to the last date of implementation of IS 16102 (Part 1): 2026. For such cases, the applicant shall give a declaration that they will implement the revised standard by the last date of implementation of IS 16102 (Part 1): 2026.",https://www.crsbis.in/BIS/app_srv/tdc/gl/docs/IS_16102_Part_1_guidelines.pdf,https://www.crsbis.in/BIS/wtsnew.do
LEGAL,LEGAL-00101,,14,CIRC-10 Feb 2026-8555168662991594538,,Guidelines for verification of rated capacity for portable sealed secondary Lithium Cells and Batteries,Bureau of Indian Standards (BIS),2026-02-10,,Guidelines for verification of rated capacity for portable sealed secondary Lithium Cells and Batteries,IS 16046 (Part 2) | IS 16046(Part 2) | IS 16046 | IS 16047 (Part 3) | IS 16047 | IS 16047,"Accordingly, rated capacity for sealed secondary Lithium cells and batteries shall be measured in accordance with the test method for rated capacity specified in clause 7.3.1 of IS 16047: part3, and shall be reported for compliance under IS 16046(Part 2)” (Copy of the OM issued by MeitY is attached as Annexure to this circular). In order to operationalize the above requirement mandated by MeitY, following implementation guidelines shall be followed. Implementation guidelines is as follows: Portable sealed secondary Lithium Cells and Batteries as per IS 16046 (Part 2):2018/ IEC 62133-2:2017 shall undergo verification of rated capacity as per clause 7.3.1 of IS 16047 (Part 3):2018/IEC 61960-3: 2017 (Discharge performance at 20 deg C [rated capacity]) A. For existing licensees: (i) All existing licensees having validity of their licence upto 30 April 2027 for Portable sealed secondary Lithium cells and batteries as per IS 16046 (Part 2): 2018/IEC 62133-2: 2017 shall also ensure compliance to clause 7.3.1 of IS 16047 (Part 3):2018/IEC 61960-3: 2017 by 30 April 2027. (ii) All existing licensees having validity of their licence beyond 30 April 2027 for Portable sealed secondary Lithium cells and batteries as per IS 16046 (Part 2): 2018/IEC 62133-2: 2017 shall also ensure compliance to clause 7.3.1 of IS 16047 (Part 3):2018/IEC 61960-3: 2017 by the last date of validity of their licence. (iii) Existing licensees shall ensure conformance to clause 7.3.1 of IS 16047 (Part 3):2018/IEC 61960-3: 2017 (Discharge performance at 20 deg C [rated capacity]) through submission of test Report(s) issued by third party laboratory for all lead model(s) covered under existing scope of licence. Manufacturers shall generate test request through LIMS for IS 16046 (Part 2): 2018/ IEC 62133-2: 2017 and apply online through Standard Revision/Amendment/ Essential Requirement Module. (iv) Further, the licencees shall provide an undertaking stating that the remaining models comply to clause 7.3.1 of IS 16047 (Part 3):2018/IEC 61960-3: 2017 (Discharge performance at 20 deg C [rated capacity]). (v) If the licensee fails to complete all actions by the applicable dates as indicated at Sl No. (ii) The existing applications which are under process as per IS 16046 (Part 2) shall be processed provided they give an undertaking to submit report for clause 7.3.1 of IS 16047 (Part 3):2018/IEC 61960-3: 2017 by the last date of validity of the licence.",https://www.crsbis.in/BIS/app_srv/tdc/gl/docs/guidelines_for_rated_capacity.pdf,https://www.crsbis.in/BIS/wtsnew.do
LEGAL,LEGAL-00032,,15,CIRC-30 Jan 2026-6880767116302010253,,Extension of date of implementation of IS 18112 'Digital Television Receiver for Satellite Broadcast Transmission Specification',Bureau of Indian Standards (BIS),2026-01-30,2025-04-26,Extension of date of implementation of IS 18112 'Digital Television Receiver for Satellite Broadcast Transmission Specification',IS 18112,"BUREAU OF INDIAN STANDARDS (Registration Department) Our Ref: Reg/ IS 18112/Guidelines/06 31.07.2026 Subject: Extension of date of implementation of IS 18112 ‘Digital Television Receiver for Satellite Broadcast Transmission Specification’. The Ministry of Electronics and Information Technology (MeitY), vide Order dated 26 April 2023, notified Digital Television Receiver for Satellite Broadcast Transmission conforming to IS 18112 for mandatory BIS certification under the Electronics and Information Technology Goods (Requirements for Compulsory Registration) Order, 2021, with the date of implementation as 26 April 2025. The said date of implementation was subsequently extended by MeitY. The Guidelines for Implementation of IS 18112 ‘Digital Television Receiver for Satellite Broadcast Transmission Specification’ were issued vide our circular ref Reg/ IS 18112/Guidelines/04 dated 14 October 2025. MeitY has now further extended the date of implementation of IS 18112 to 26 January 2027. Reg/IS 18112/Guidelines/04 dated 14 October 2025, shall now be read with the date of implementation as 26 January 2027. All other provisions of the aforesaid circular shall remain the same.",https://www.crsbis.in/BIS/app_srv/tdc/gl/docs/Extension_of_date_of_implementation_of_IS_18112_Digital_Television_Receiver_for_Satellite_Broadcast_Transmission_Specification.pdf,https://www.crsbis.in/BIS/wtsnew.do
LEGAL,LEGAL-00038,,16,CIRC-21 Jan 2026-8529201546278987379,,Extension of last date of implementation of revised IS 302 (Part 1): 2024/IEC 60335-1:2020,Bureau of Indian Standards (BIS),2026-01-21,2026-02-23,Extension of last date of implementation of revised IS 302 (Part 1): 2024/IEC 60335-1:2020,IS 302 (Part 1),"BUREAU OF INDIAN STANDARDS Registration Department Our Ref: IS 302 (Part 1) 21 January 2026 Subject: Extension of last date of implementation of revised IS 302 (Part 1): 2024/IEC 60335-1:2020 1. This has reference to the guidelines for implementation of revised IS 302 (Part 1): 2024/IEC 60335-1:2020 for Adapters for Household and Similar Electrical Appliances issued vide our circular ref IS 302 (Part 1) dated 27 November 2024 with last date for implementation as 23 February 2025. Further, the last date of implementation of IS 302 (Part 1): 2024/IEC 60335-1:2020 was extended till 23 February 2026 vide our circular IS 302 (Part 1) dated 20 February 2025. It has now been decided to extend the last date of implementation of IS 302 (Part 1): 2024/IEC 60335-1:2020 till 23 February 2027.",https://www.crsbis.in/BIS/app_srv/tdc/gl/docs/302_1_extension.pdf,https://www.crsbis.in/BIS/wtsnew.do
LEGAL,LEGAL-00036,,17,CIRC-01 Jan 2026-7834747929641972561,,Extension of last date of implementation of IS 16103 (Part 1):2025/IEC 62031: 2018,Bureau of Indian Standards (BIS),2026-01-01,2026-07-21,Extension of last date of implementation of IS 16103 (Part 1):2025 /IEC 62031: 2018,IS 16103 (Part 1),BUREAU OF INDIAN STANDARDS Registration Department Our Ref: IS 16103 (Part 1) 01 January 2026 Subject: Extension of last date of implementation of IS 16103 (Part 1):2025 /IEC 62031: 2018 1. This has reference to the guidelines for implementation of IS 16103 (Part 1): 2025/IEC 62031-1:2018 issued vide our circular ref IS 16103 (Part 1) dated 09 September 2025. It has now been decided to extend the last date of implementation of IS 16103 (Part 1): 2025/IEC 62031: 2018 till 21 July 2026.,https://www.crsbis.in/BIS/app_srv/tdc/gl/docs/16103_Extension.pdf,https://www.crsbis.in/BIS/wtsnew.do
LEGAL,LEGAL-00099,,18,CIRC-30 Dec 2025-2593345095836253801,,Guidelines for transition to Revised IS/IEC 61730-1 : 2023 and IS/IEC 61730-2: 2023 from IS/IEC 61730-1 : 2016 and IS/IEC 61730-2: 2016 for Solar PV Modules,Bureau of Indian Standards (BIS),2025-12-30,,Guidelines for transition to Revised IS/IEC 61730-1 : 2023 and IS/IEC 61730-2: 2023 from IS/IEC 61730-1 : 2016 and IS/IEC 61730-2: 2016 for Solar PV Modules,IS 14286 | IS 14286 (Part 1) | IS 16077 | IS 16781 | IS 16911 | IS 17959,"For bifacial modules all tests and sequences except seq A, Fire Test MST 23, Peel Test MST 35, Screw Connection test MST 33 shall be carried out and compliance shall be demonstrated for implementation of IS/IEC 61730-2: 2023 from IS/IEC 61730-2:2016. For implementation of IS/IEC 61730-1: 2023 from IS/IEC 61730-1: 2016, the relevant verification and tests to be carried out for demonstration of compliance are given in the table at Annex A referred in Sl No. For implementation of the revised Standards IS/IEC 61730-1: 2023 and IS/IEC 61730- 2: 2023, the guidelines at Sl Nos. Existing additional BOM(s) shall be addressed by retesting as per IS/IEC TS 62915: 2023 for those tests required as per 4 above. For such models, Licensees of Solar PV Modules shall implement the revised Standards by applying online through the “Standard Revision/ Amendment/ Essential Requirement” module along with test reports issued by Third Party Testing Laboratory through online portal following due procedure. On successful implementation of the revised Standards, BIS shall issue a letter indicating all the model(s) for which the compliance has been successfully established. In such cases, should the manufacturer wish to add series models or additional BOMs as per latest Standards along with the transition, necessary samples may be submitted for testing in parallel, through generation of separate test requests (i.e. The test reports containing additional series model/ BOM as per latest standard shall carry reference of the transition test report(s). Processing (Granting) shall be done sequentially by BIS i.e. However, Licensee may also apply with reports as per IS/IEC 61730-1: 2016 and IS/IEC 61730-2: 2016 and subsequently implement the 2023 Standards in accordance with Sl No.",https://www.crsbis.in/BIS/app_srv/tdc/gl/docs/issue_mod_SPV_changeover_guidelines_61730.pdf,https://www.crsbis.in/BIS/wtsnew.do
LEGAL,LEGAL-00037,,19,CIRC-15 Oct 2025-4218773398460549438,,Extension of last date of implementation of IS 16242 (Part 1): 2025/IEC 62040 1: 2017 +AMD1: 2021 +AMD2: 2022 CSV,Bureau of Indian Standards (BIS),2025-10-15,2026-11-19,Extension of last date of implementation of IS 16242 (Part 1): 2025 /IEC 62040 1: 2017 +AMD1: 2021 +AMD2: 2022 CSV,IS 16242 (Part 1),BUREAU OF INDIAN STANDARDS Registration Department Our Ref: IS 16242 (Part 1) 15 October 2025 Subject: Extension of last date of implementation of IS 16242 (Part 1): 2025 /IEC 62040- 1: 2017 +AMD1: 2021 +AMD2: 2022 CSV 1. This has reference to the guidelines for implementation of IS 16242 (Part 1): 2025/IEC 62040-1:2017 + Amd 1: 2021 +Amd 2: 2022 CSV issued vide our circular ref IS 16242 (Part 1) dated 21 August 2025 and 10 October 2025 2. It has now been decided to extend the last date of implementation of IS 16242 (Part 1): 2025/IEC 62040-1:2017 + Amd 1: 2021 +Amd 2: 2022 CSV till 19 November 2026.,https://www.crsbis.in/BIS/app_srv/tdc/gl/docs/IS_16242_(Part_1)_Extension_Circular.pdf,https://www.crsbis.in/BIS/wtsnew.do
LEGAL,LEGAL-00089,,20,CIRC-14 Oct 2025-5027071802901947532,,Guidelines for Implementation of Revised IS 18112 'Digital Television Receiver for Satellite Broadcast Transmission Specification' (Extension_of_implementation_timelines),Bureau of Indian Standards (BIS),2025-10-14,2025-04-26,Guidelines for Implementation of Revised IS 18112 'Digital Television Receiver for Satellite Broadcast Transmission Specification' (Extension_of_implementation_timelines),IS 18112 | IS 1885 (Part 24) | IS 616 | is 26 | is 30,"BUREAU OF INDIAN STANDARDS (Registration Department) Our Ref: Reg/ IS 18112/Guidelines/04 14 October 2025 Subject: Guidelines for Implementation of Revised IS 18112 ‘Digital Television Receiver for Satellite Broadcast Transmission Specification’ 1. MeitY, vide Order dated 26 April 2023, notified the requirements of ‘Digital Television Receiver for Satellite Broadcast Transmission’ as per IS 18112 for mandatory BIS certification in their existing Electronics and Information Technology Goods (Requirements for Compulsory Registration) Order, 2021 with date of implementation as 26 April 2025. The above Order was superseded by MeitY’s Order dated 20 Mar 2025, as per which the date of implementation of IS 18112 is 26 Oct 2025. In line with the above order, all Television Sets shall incorporate the requirements of 'Digital Television Receiver for Satellite Broadcast Transmission' as per IS 18112, along with the safety requirements as per IS 616:2017/IEC 60065:2014. Accordingly, Guidelines for Implementation of IS 18112:2022 ‘Digital Television Receiver for Satellite Broadcast Transmission Specification’ which was issued on 24 October 2024 was subsequently revised vide circular dated 23 June 2025 considering the extension in the date of implementation provided by MeitY from 26 Apr 2025 to 26 Oct 2025 and to address cases where existing models were already having Digital Television Receiver at the time of grant of licence. Further, considering the pending publication of the revised IS 18112, the revised Guidelines allowed implementation as per IS 18112:2022 or IS 18112:2025. The last date of concurrent running of IS 18112:2022 and IS 18112:2025 is 30 Dec 2025, after which only revised IS 18112:2025 shall be applicable. Further, MeitY vide Order dated 22 September has extended the date of implementation to 26 Jan 2026. The following guidelines shall be followed for implementation of IS 18112 along with IS 616:2017/IEC 60065:2014. This Guidelines will supersede the ‘Revised Guidelines for Implementation of IS 18112: Digital Television Receiver for Satellite Broadcast Transmission Specification’ dated 23 June 2025 and 19 September 2025, and the following implementation timeline shall be applicable: Sl No.",https://www.crsbis.in/BIS/app_srv/tdc/gl/docs/Guidelines_for_Implementation_of_Revised_IS_18112_Digital_Television_Receiver_for_Satellite_Broadcast_Transmission_Specification(Extension_of_implementation_timelines).pdf,https://www.crsbis.in/BIS/wtsnew.do
LEGAL,LEGAL-00078,,21,CIRC-10 Oct 2025-1269661503260459798,,Guidelines for implementation of IS 16242 (Part 1): 2025/IEC 62040-1: 2017 +AMD1: 2021 +AMD2: 2022 CSV,Bureau of Indian Standards (BIS),2025-10-10,,Guidelines for implementation of IS 16242 (Part 1): 2025 /IEC 62040-1: 2017 +AMD1: 2021 +AMD2: 2022 CSV,IS 16242 (Part 1),BUREAU OF INDIAN STANDARDS Registration Department Our Ref: IS 16242 (Part 1) 10 October 2025 Subject: Guidelines for implementation of IS 16242 (Part 1): 2025 /IEC 62040-1: 2017 +AMD1: 2021 +AMD2: 2022 CSV 1. This has reference to the guidelines for implementation of IS 16242 (Part 1):2025 /IEC 62040-1:2017 issued vide our circular ref IS 16242 (Part 1) dated 21 August 2025.,https://www.crsbis.in/BIS/app_srv/tdc/gl/docs/IS_16242_Circular.pdf,https://www.crsbis.in/BIS/wtsnew.do
LEGAL,LEGAL-00088,,22,CIRC-19 Sep 2025-6315026930661564850,,Guidelines for Implementation of Revised IS 18112 'Digital Television Receiver for Satellite Broadcast Transmission Specification',Bureau of Indian Standards (BIS),2025-09-19,2025-04-26,Guidelines for Implementation of Revised IS 18112 'Digital Television Receiver for Satellite Broadcast Transmission Specification',IS 18112 | IS 1885 (Part 24) | IS 616 | is 26 | is 30,"BUREAU OF INDIAN STANDARDS (Registration Department) Our Ref: Reg/ IS 18112/Guidelines/03 19 September 2025 Subject: Guidelines for Implementation of Revised IS 18112 ‘Digital Television Receiver for Satellite Broadcast Transmission Specification’ 1. MeitY, vide Order dated 26 April 2023, notified the requirements of ‘Digital Television Receiver for Satellite Broadcast Transmission’ as per IS 18112 for mandatory BIS certification in their existing Electronics and Information Technology Goods (Requirements for Compulsory Registration) Order, 2021 with date of implementation as 26 April 2025. The above Order was superseded by MeitY’s Order dated 20 Mar 2025, as per which the last date of implementation of IS 18112 is 26 Oct 2025. In line with the above order, all Television Sets shall incorporate the requirements of 'Digital Television Receiver for Satellite Broadcast Transmission' as per IS 18112, along with the safety requirements as per IS 616:2017/IEC 60065:2014. Accordingly, Guidelines for Implementation of IS 18112:2022 ‘Digital Television Receiver for Satellite Broadcast Transmission Specification’ which was issued on 24 October 2024 was subsequently revised vide circular dated 23 June 2025 considering the extension in the date of implementation provided by MeitY from 26 Apr 2025 to 26 Oct 2025 and to address cases where existing models were already having Digital Television Receiver at the time of grant of licence. Further, considering the pending publication of the revised IS 18112, the revised Guidelines allowed implementation as per IS 18112:2022 or IS 18112:2025. The last date of concurrent running of IS 18112:2022 and IS 18112:2025 is 30 Dec 2025, after which only revised IS 18112:2025 shall be applicable. The following guidelines shall be followed for implementation of IS 18112 along with IS 616:2017/IEC 60065:2014. This Guidelines will supersede the ‘Revised Guidelines for Implementation of IS 18112: Digital Television Receiver for Satellite Broadcast Transmission Specification’ dated 23 June 2025, and the following implementation timeline shall be applicable: Sl No. Action to be taken Date i) Last Date for Implementation of IS 18112 along with IS 616:2017/IEC 60065:2014 26 Oct 2025 ii) Last Date of Switching Over to Revised IS 18112:2025 30 Dec 2025 A.",https://www.crsbis.in/BIS/app_srv/tdc/gl/docs/Guidelines_for_Implementation_of_Revised_IS_18112_Digital_Television_Receiver_for_Satellite_Broadcast_Transmission_Specification.pdf,https://www.crsbis.in/BIS/wtsnew.do
LEGAL,LEGAL-00076,,23,CIRC-09 Sep 2025-1074641066289351076,,Guidelines for implementation of IS 16103 (Part 1):2025/IEC 62031: 2018,Bureau of Indian Standards (BIS),2025-09-09,2026-01-21,Guidelines for implementation of IS 16103 (Part 1):2025 /IEC 62031: 2018,IS 16103 (Part 1) | is 21,"BUREAU OF INDIAN STANDARDS Registration Department Our Ref: IS 16103 (Part 1) 09 Sep 2025 Subject: Guidelines for implementation of IS 16103 (Part 1):2025 /IEC 62031: 2018 1. The last date of concurrent running of both the Indian Standards is 21 January 2026 after which the existing IS 16103 (Part 1): 2012 shall stand withdrawn. The guidelines for implementation of the revised IS 16103 (Part 1):2025 /IEC 62031: 2018 is given below: A. For existing licensees: (i) All existing licensees shall implement the revised IS 16103 (Part 1): 2025/IEC 62031: 2018 by the last date of implementation, that is, 21 January 2026. Beyond the last date of implementation of IS 16103 (Part 1): 2012, no licence shall be operative where compliance to IS 16103 (Part 1): 2025/IEC 62031: 2018 has not been ensured by the licensee. (ii) Existing licensees shall ensure conformance to IS 16103 (Part 1): 2025/IEC 62031: 2018 through submission of complete test Report(s) issued by BIS recognized laboratory for all lead model(s) covered in their scope of licence which had been previously tested as per IS 16103 (Part 1): 2012. (iii) Further, the licensees shall provide an undertaking stating that requirements of IS 16103 (Part 1): 2025/IEC 62031: 2018 have been implemented in other existing series model(s) which are in the scope of the licence. (iv) If the licensee fails to complete all actions by the last date of implementation of IS 16103 (Part 1): 2025/IEC 62031: 2018, cancellation of the licence/ deletion of model from scope of the licence may be initiated. Processing of Applications as per old standard shall be permitted only up to the last date of implementation of IS 16103 (Part 1): 2025/IEC 62031: 2018. For such cases, the applicant shall give a declaration that they will implement the revised standard by the last date of implementation of IS 16103 (Part 1): 2025/IEC 62031: 2018.",https://www.crsbis.in/BIS/app_srv/tdc/gl/docs/IS_16103_Guidelines.pdf,https://www.crsbis.in/BIS/wtsnew.do
LEGAL,LEGAL-00077,,24,CIRC-21 Aug 2025-5579615632527791902,,Guidelines for implementation of IS 16242 (Part 1):2025/IEC 62040-1:2017,Bureau of Indian Standards (BIS),2025-08-21,2025-11-19,Guidelines for implementation of IS 16242 (Part 1):2025 /IEC 62040-1:2017,IS 16242 (Part 1) | is 19,"BUREAU OF INDIAN STANDARDS Registration Department Our Ref: IS 16242 (Part 1) 21 August 2025 Subject: Guidelines for implementation of IS 16242 (Part 1):2025 /IEC 62040-1:2017 1. The last date of concurrent running of both the Indian Standards is 19 November 2025 after which the existing IS 16242 (Part 1): 2014/IEC 62040-1: 2008 shall stand withdrawn. The guidelines for implementation of the revised IS 16242 (Part 1) : 2025/IEC 62040- 1: 2017 is given below: A. For existing licencees: (i) All existing licensees shall implement the revised IS 16242 (Part 1): 2025/IEC 62040- 1: 2017 by the last date of implementation, that is, 19 November 2025. Beyond the last date of implementation of IS 16242 (Part 1): 2025/IEC 62040-1: 2017, no licence shall be operative where compliance to IS 16242 (Part 1): 2025/IEC 62040-1: 2017 has not been ensured by the licensee. (ii) Existing licensees shall ensure conformance to IS 16242 (Part 1): 2025/IEC 62040- 1: 2017 through submission of complete test Report(s) issued by BIS recognized laboratory for all lead model(s) covered in their scope of licence which had been previously tested as per IS 16242 (Part 1): 2014/IEC 62040-1: 2008. (iii) Further, the licensees shall provide an undertaking stating that requirements of IS 16242 (Part 1): 2025/IEC 62040-1: 2017 have been implemented in other existing series model(s) which are in the scope of the licence. (iv) If the licensee fails to complete all actions by the last date of implementation of IS 16242 (Part 1): 2025/IEC 62040-1: 2017, cancellation of the licence/ deletion of model from scope of the licence to be initiated. Processing of Applications as per old standard shall be permitted only up to the last date of implementation of IS 16242 (Part 1): 2025/IEC 62040-1: 2017. For such cases, the applicant shall give a declaration that they will implement the revised standard by the last date of implementation of IS 16242 (Part 1): 2025/IEC 62040-1: 2017.",https://www.crsbis.in/BIS/app_srv/tdc/gl/docs/IS_16242_Part_1.pdf,https://www.crsbis.in/BIS/wtsnew.do
LEGAL,LEGAL-00071,,25,CIRC-11 Aug 2025-4884131926546282139,,Guidelines for implementation of Amendment No 1 to IS 16270: 2023 (Secondary cells and batteries for solar photovoltaic application - General requirements and methods of test),Bureau of Indian Standards (BIS),2025-08-11,2025-12-08,Guidelines for implementation of Amendment No 1 to IS 16270: 2023 (Secondary cells and batteries for solar photovoltaic application - General requirements and methods of test),IS 16270 | is 08,"BUREAU OF INDIAN STANDARDS Registration Department Our Ref: IS 16270 11 August 2025 Subject: Guidelines for implementation of Amendment No 1 to IS 16270: 2023 (Secondary cells and batteries for solar photovoltaic application - General requirements and methods of test) 1. The last date for implementation of the amendment is 08 December 2025. Action required by licensees having lithium batteries in the scope of the licence. Action required by licensees having secondary cells in the scope of the licence. The guidelines for implementation of the amendment is as follows: A. For existing licensees: (i) All existing licensees shall implement the amendment by 08 December 2025. (ii) The existing licensees shall ensure conformance to Amendment No. (iii) Further, the licencees shall provide an undertaking stating that requirements of IS 16270: 2023 have been implemented in other existing series model(s) which are in the scope of the licence. (iv) If the licensee fails to complete all actions by 08 December 2025, it shall be dealt with as per prevailing guidelines. Processing of Applications without amendment shall be permitted only up to 08 December 2025.",https://www.crsbis.in/BIS/app_srv/tdc/gl/docs/Amendment_no_1_Guidelines_Upload.pdf,https://www.crsbis.in/BIS/wtsnew.do
LEGAL,LEGAL-00134,,26,CIRC-23 Jun 2025-4229463394196829930,,Revised Guidelines for Implementation of IS 18112 'Digital Television Receiver for Satellite Broadcast Transmission Specification',Bureau of Indian Standards (BIS),2025-06-23,,Revised Guidelines for Implementation of IS 18112 'Digital Television Receiver for Satellite Broadcast Transmission Specification',IS 18112 | IS 616 | is 26,"Registration Department Our Ref: Registration/ IS 18112 23 June 2025 Subject: Revised Guidelines for Implementation of IS 18112 ‘Digital Television Receiver for Satellite Broadcast Transmission Specification’ 1. The last date of implementation of IS 18112 is 26 Oct 2025. The revised guidelines for implementation of IS 18112 are as follows: Existing Licensees of Televisions as per IS 616: 5. All television sets shall incorporate the requirements of 'Digital Television Receiver for Satellite Broadcast Transmission' as per IS 18112, along with the safety requirements as per IS 616:2017/IEC 60065 : 2014. All existing licensees must apply for an inclusion as per IS 18112, along with the safety requirements of IS 616:2017/IEC 60065 : 2014, as per the 'Guidelines for Change in Scope of Licence (CSoL)' under the Conformity Assessment Scheme II of Schedule II of the BIS (Conformity Assessment) Regulations, 2018. If the existing models are already having TV tuner, licensees may apply online through the “Apply for Standard Revision/Amendment/ Essential Requirement” module, along with the test report for IS 18112 keeping in view the series guidelines for Plasma/LCD/LED Televisions. The lab shall also mention the test report number of IS 616 within the IS 18112 test report, referring to the same models that comply with both IS 18112 and IS 616. After the last date of implementation i.e. If compliance outlined in these guidelines are not received for any model under the licence, the licence will be liable for cancellation after the last date of implementation i.e. Applications received as per IS 616:2017/IEC 60065: 2014 may be processed further according to the prevailing guidelines until 25 Sep 2025, i.e., one month before the last date for the implementation of IS 18112.",https://www.crsbis.in/BIS/app_srv/tdc/gl/docs/REVISED_GUIDELINES_FOR_IMPLEMENTATION_OF_IS_18112_23JUNE2025.pdf,https://www.crsbis.in/BIS/wtsnew.do
LEGAL,LEGAL-00072,,27,CIRC-03 Jun 2025-1822212512329955746,,Guidelines for Implementation of Amendment No.1 to IS 16333 (Part 3): 2022,Bureau of Indian Standards (BIS),2025-06-03,,Guidelines for Implementation of Amendment No.1 to IS 16333 (Part 3): 2022,IS 16333 (Part 1) | IS 16333 (Part 3),BUREAU OF INDIAN STANDARDS Registration Department Our Ref: IS 16333 (Part 3) 2022 30 05 2025 Subject: Guideline for Implementation of Amendment No.1 to IS 16333 (Part 3): 2022 1. 6 Each mobile phone handset shall have an instruction manual either in a printed form or in digital mode (online user guide and/or QR code) to furnish the following information in addition to the information given in 5.1 of IS 16333 (Part 1). The provision to access the information in digital mode shall be given on the packaging. All registered manufacturers and applicants are requested to take note of the above and implement Amendment No.,https://www.crsbis.in/BIS/app_srv/tdc/gl/docs/guideline_30.05.2025.pdf,https://www.crsbis.in/BIS/wtsnew.do
LEGAL,LEGAL-00118,,28,CIRC-01 Apr 2025-2463956049505907191,,Non-applicability of Security ER to Analog CCTV Cameras,Bureau of Indian Standards (BIS),2025-04-01,,Non-applicability of Security ER to Analog CCTV Cameras,IS 13252 (Part 1),"This has reference to the implementation of Essential Requirement(s) for Security of CCTV and our Circulars ref: Registration/Meity/CCTV dated 22 Oct 2024 and 25 Nov 2024. In view of this, the following procedure is to be followed by all Applicants and Licensees: a. For existing Registered models, manufacturer shall submit a self-declaration through the “Standard Revision/ Amendment/ Essential Requirement” module listing all the Analog models of CCTV cameras in the scope of License. After 09 April 2025, all models other than the Analog models listed in this declaration and the models complying with ER requirements shall be deleted from the Scope of License. All test reports of CCTV cameras as per IS 13252 (Part 1): 2010 submitted henceforth shall indicate in the general product description for all models (lead + series) whether the CCTV Camera is of Analog type. After 09 April 2025, Applications/ Inclusions of CCTV Cameras shall be applied only as per the following: CCTV camera type Test Reports complying to Analog IS 13252 (Part 1) Other than Analog IS 13252 (Part 1) + Essential Requirements for Security of CCTV Applicants are requested not to combine both types in a single Application/ Inclusion ID.",https://www.crsbis.in/BIS/app_srv/tdc/gl/docs/analog_circular_final.pdf,https://www.crsbis.in/BIS/wtsnew.do
LEGAL,LEGAL-00093,,29,CIRC-27 Mar 2025-488183050658256708,,Guidelines for Implementation of Revised QCO for Solar Photovoltaic (PV) Modules,Bureau of Indian Standards (BIS),2025-03-27,,Guidelines for Implementation of Revised QCO for Solar Photovoltaic (PV) Modules,IS 14286 | IS 14286 (Part 1) | IS 14286 (Part 1 | IS 14286 (Part 1 | IS 14286 (Part 1 | IS 14286 (Part 1 | IS 14286 (Part 1 | IS 14286 (Part 2) | IS 16077 | IS 16169 | IS 16221 | IS 16221 (Part 2) | IS 16270 | IS 16781 | IS 16911 | IS 17210 (Part 1) | IS 17293 | IS 17980,"Registration Department Bureau of Indian Standards Our Ref: Reg/Solar PV Modules 27 March 2025 Subject: Guidelines for Implementation of Revised QCO for Solar Photovoltaic (PV) Modules General: 1. Accordingly, the maximum PV output of the module (in W), area of the module (in m2) and the calculated Efficiency (@ STC in %) as per Cl 10 of the QCO shall be reported by the Laboratories under Description of module construction. All manufacturers are required to implement the revised Standards and QCO within the within the timeline as laid down in the new QCO. Guidelines for implementation of revised IS 14286, IS/IEC 61730-1& 2 latest versions are given below. changes in material selection, components and manufacturing process which can affect product qualification shall be as per Cl 4 of IS 14286 (Part 1) and IS/IEC TS 62915 respectively. For product family with single BOM Licensee shall group all the existing models in their scope and select the models as per the criteria given in Cl 4 of IS 14286 (Part 1) for testing. For product family with existing multiple BOMs Licensee shall group all the existing models in their scope and select the models as per the criteria given in Cl 4 of IS 14286 (Part 1) for testing. Changes in BOM shall be addressed by retesting as per IS/IEC TS 62915. Existing licensees of Solar PV Modules shall implement the QCO within the stipulated timeline for the existing models in their scope by applying online through the “Standard Revision/ Amendment/ Essential Requirement” module along with complete test reports issued by Third Party Testing Laboratory through online portal following due procedure. For new models conforming to the revised set of Standards, they shall apply online through the “Inclusion” module.",https://www.crsbis.in/BIS/app_srv/tdc/gl/docs/SPV_changeover_guidelines_PV_modules_draft_V2.pdf,https://www.crsbis.in/BIS/wtsnew.do
LEGAL,LEGAL-00092,,30,CIRC-26 Mar 2025-6385935263628606890,,Guidelines for Implementation of Revised QCO for Power Invertors for use in Photovoltaic Power Systems,Bureau of Indian Standards (BIS),2025-03-26,2025-07-27,Guidelines for Implementation of Revised QCO for Power Invertors for use in Photovoltaic Power Systems,IS 14286 | IS 14286 (Part 1) | IS 14286 (Part 1 | IS 14286 (Part 1 | IS 14286 (Part 1 | IS 14286 (Part 1 | IS 16169 | IS 16221 | IS 16221 (Part 2) | IS 16270 | IS 17980,"Registration Department Bureau of Indian Standards Our Ref: Registration/ Power Invertors for use in Photovoltaic Power Systems 26 March 2025 Subject: Guidelines for Implementation of Revised QCO for Power Invertors for use in Photovoltaic Power Systems General: 1. All manufacturers are required to implement the revised Standards and QCO within the timeline as laid down therein. Applicants shall submit the samples to Third Party Testing Laboratories following due procedure and apply with Test Report on BIS portal for establishing compliance to the QCO. Guidelines for implementation of revised QCO is given below. Existing licensees of Power Invertors for use in Photovoltaic Power Systems shall implement the QCO within the stipulated timeline for the existing models in their scope by applying online through the “Standard Revision/ Amendment/ Essential Requirement” module along with test reports IS/IEC 61683 : 1999 for each lead model as per MNRE’s series guidelines dated 26th August 2019. Test Report shall also mention the models covered in series. Manufacturer shall declare the efficiency for each model (lead + series) and compliance shall be verified vis-à-vis the reported efficiency in the Test Report. On successful implementation of IS/IEC 61683 : 1999, BIS shall issue a letter indicating all the model(s) for which the compliance has been successfully established. models for which TRs as per IS/IEC 61683 : 1999 have not been submitted shall be deleted from the scope of License. If the Licensee fails to take necessary action within the stipulated timeline or if none of the models are complying, License shall be liable for expiry.",https://www.crsbis.in/BIS/app_srv/tdc/gl/docs/implementation_guidelines_IS_61683_V2_final.pdf,https://www.crsbis.in/BIS/wtsnew.do
LEGAL,LEGAL-00079,,31,CIRC-26 Mar 2025-7624765567391826863,,Guidelines for implementation of IS 16270: 2023 (Secondary cells and batteries for solar photovoltaic application - General requirements and methods of test),Bureau of Indian Standards (BIS),2025-03-26,2025-07-27,Guidelines for implementation of IS 16270: 2023 (Secondary cells and batteries for solar photovoltaic application - General requirements and methods of test),IS 16270,"BUREAU OF INDIAN STANDARDS Registration Department Our Ref: IS 16270 26 March 2025 Subject: Guidelines for implementation of IS 16270: 2023 (Secondary cells and batteries for solar photovoltaic application - General requirements and methods of test) General: 1. The guidelines for implementation of the revised standard is as follows: A. For existing licensees: (i) All existing licensees shall implement the revised standard by the date of implementation of Solar Systems, Devices and Components Goods Order, 2025. (ii) Existing licensees shall ensure conformance to IS 16270: 2023 through submission of complete test Report(s) issued by third party laboratory for all lead model(s) from existing scope of licence which had been previously tested as per IS 16270: 2014. (iii) Further, the licencees shall provide an undertaking stating that requirements of IS 16270: 2023 have been implemented in other existing series model(s) which are in the scope of the licence. (iv) If the licensee fails to complete all actions by the last date of implementation of Solar Systems, Devices and Components Goods Order, 2025, cancellation of the licence/ deletion of model from scope of the licence to be initiated. Processing of Applications without revision shall be permitted only up to 27 July 2025. For such cases, the applicant shall give a declaration that they will implement the revised Indian Standard by the last date of implementation of the Solar Systems, Devices and Components Goods Order, 2025. (ii) Beyond 27 July 2025, no licence shall be granted as per old Standard. For Change in Scope of Licence (i) For change in scope of licence, the relevant provisions as given above for Applicants shall apply.",https://www.crsbis.in/BIS/app_srv/tdc/gl/docs/IS_16270_Circular.pdf,https://www.crsbis.in/BIS/wtsnew.do
LEGAL,LEGAL-00094,,32,CIRC-26 Mar 2025-8040033268398401487,,Guidelines for Implementation of Revised QCO for Utility-Interconnected Photovoltaic Inverters,Bureau of Indian Standards (BIS),2025-03-26,2025-07-27,Guidelines for Implementation of Revised QCO for Utility-Interconnected Photovoltaic Inverters,IS 14286 | IS 14286 (Part 1) | IS 14286 (Part 1 | IS 14286 (Part 1 | IS 14286 (Part 1 | IS 14286 (Part 1 | IS 16169 | IS 16221 | IS 16221 (Part 2) | IS 16270 | IS 17980,"Registration Department Bureau of Indian Standards Our Ref: Reg/Utility-Interconnected Photovoltaic Inverters 26 March 2025 Subject: Guidelines for Implementation of Revised QCO for Utility-Interconnected Photovoltaic Inverters General: 1. Table 5- Changes in Test conditions IS 16169 : 2014 IS 16169 : 2019 Table 5 EUT input voltage > 90 % EUT input voltage > 75 % EUT input voltage < 10 % EUT input voltage < 20 % EUT Trip Settings Manufacturer specified voltage and frequency trip settings Voltage and frequency trip settings according to National standards and/or local code Accordingly, the Central Electricity Authority (Technical Standards for Connectivity of the Distributed Generation Resources) Regulations shall be referred and the voltage and frequency trip settings shall be in line with the conditions stipulated in the said Regulations. All manufacturers are required to implement the revised Standards and QCO within the timeline as laid down therein. Applicants shall submit the samples to Third Party Testing Laboratories following due procedure and apply with Test Report on BIS portal for establishing compliance to the QCO. Guidelines for implementation of revised QCO is given below. Existing licensees of Utility-Interconnected Photovoltaic Inverters shall implement the QCO within the stipulated timeline for the existing models in their scope by applying online through the “Standard Revision/ Amendment/ Essential Requirement” module along with test reports for Cl 6 of IS 16169: 2019 for each lead model. Test Report shall also mention the models covered in series. Additionally for each lead model, test reports as per IS 17980: 2022 shall be submitted. Test Report shall also mention the models covered in series. Manufacturer shall declare the efficiency for each model (lead + series) and compliance shall be verified vis-à-vis the reported efficiency in the Test Report.",https://www.crsbis.in/BIS/app_srv/tdc/gl/docs/changeover_guidelines_IS_16169_V2_final.pdf,https://www.crsbis.in/BIS/wtsnew.do
LEGAL,LEGAL-00056,,33,CIRC-20 Mar 2025-4732073019336840515,,Gazette Notification dated 20.03.2025 for Extension of implementation timelines of IS 18112-DigitalTV,Bureau of Indian Standards (BIS),2025-03-20,,Gazette Notification dated 20.03.2025 for Extension of implementation timelines of IS 18112-DigitalTV,IS 18112,"संख्या 4378(ई) के माध्यम से प्रकाजित दकया गया था। MINISTRY OF ELECTRONICS AND INFORMATION TECHNOLOGY NOTIFICATION New Delhi, the 20th March, 2025 Subject: Extension in timelines for the implementation of the Order for product categories included in the schedule of CRO vide S.O. And, Whereas, the issues involved have been discussed with the stakeholders for smooth implementation of the Order and whereas, the industry has sought more time for compliance of the Order, it is hereby notified that the date of implementation of the Order stands extended to 26th, October, 2025.",https://www.crsbis.in/BIS/app_srv/tdc/gl/docs/Gazette_Notification_dated_20.03.2025_for_Extension_of_implementation_timelines_of_IS_18112-DigitalTV.pdf,https://www.crsbis.in/BIS/wtsnew.do
LEGAL,LEGAL-00166,,34,CIRC-07 Mar 2025-7329989982134537993,,Test stream 4 related to IS 18112,Bureau of Indian Standards (BIS),2025-03-07,,Test stream 4 related to IS 18112,IS 18112,,https://drive.google.com/file/d/1qftvlhJUrZ4uRNlrlpU4QRMdIok5Tw8j/view?usp=sharing,https://www.crsbis.in/BIS/wtsnew.do
LEGAL,LEGAL-00111,,35,CIRC-28 Feb 2025-551880110970298448,,List of Registrations and models of CCTVs complying with ER for Security,Bureau of Indian Standards (BIS),2025-02-28,,List of Registrations and models of CCTVs complying with ER for Security,,,https://www.crsbis.in//BIS/listRegModelsER.do?hmode=ListRegModel_ER,https://www.crsbis.in/BIS/wtsnew.do
LEGAL,LEGAL-00038,,36,CIRC-20 Feb 2025-8529201546278987379,,Extension of last date of implementation of revised IS 302 (Part 1): 2024/IEC 60335-1:2020,Bureau of Indian Standards (BIS),2025-02-20,2026-02-23,Extension of last date of implementation of revised IS 302 (Part 1): 2024/IEC 60335-1:2020,IS 302 (Part 1),BUREAU OF INDIAN STANDARDS Registration Department Our Ref: IS 302 (Part 1) 20 February 2025 Subject: Extension of last date of implementation of revised IS 302 (Part 1): 2024/IEC 60335-1:2020 1. This has reference to the guidelines for implementation of revised IS 302 (Part 1): 2024/IEC 60335-1:2020 for Adapters for Household and Similar Electrical Appliances issued vide our circular ref IS 302 (Part 1) dated 27 November 2024 with last date for implementation as 23 February 2025. It has now been decided to extend the last date of implementation of IS 302 (Part 1): 2024/IEC 60335-1:2020 till 23 February 2026.,https://www.crsbis.in/BIS/app_srv/tdc/gl/docs/302-1_Extension.pdf,https://www.crsbis.in/BIS/wtsnew.do
LEGAL,LEGAL-00157,,37,CIRC-27 Jan 2025-7165564843723515075,,"Solar Systems, Devices, and Components Goods Orders, 2025 notified by MNRE",Bureau of Indian Standards (BIS),2025-01-27,,"Solar Systems, Devices, and Components Goods Orders, 2025 notified by MNRE",IS 14286 | IS 14286 (Part 1) | IS 14286 (Part 1 | IS 14286 (Part 1 | IS 14286 (Part 1 | IS 14286 (Part 1 | IS 16169 | IS 16221 | IS 16221 (Part 2) | IS 16270 | IS 17980,"(2) It shall come into force on the expiry of one hundred and eighty days from the date of its publication in the Official Gazette. Definitions- (1) In this Order, unless the context otherwise requires – (a) “Act” means the Bureau of Indian Standards Act, 2016 (11 of 2016); (b) “appropriate authority” means any officer, not below the rank of Director or Scientist ‘E’ of the Ministry of New and Renewable Energy or its sub-ordinate or attached offices, authorised by the Secretary, Ministry of New and Renewable Energy, Government of India; [भाग II—खण् ड 3(ii)] भारत का रािपत्र : असाधारण 5 (2) Words and expressions used herein and not defined but defined in the Act and Regulations made thereunder, shall have the meanings respectively assigned to them in the Act and Regulations. Conformity to the standard and compulsory use of standard mark- Goods or article specified in column (2) of the Table below shall conform to the corresponding Indian Standard given in column (3) of the said Table and shall bear the ‘Standard Mark’ under a licence from the Bureau as per the Scheme-II of the Bureau of Indian Standards (Conformity Assessment) Regulations, 2018: Provided that nothing in this Order shall apply to goods or article, as specified in column (2) of the said Table meant for export. Certification and enforcement- In respect of the goods or article specified in column (2) of the said Table, the Bureau shall be the certifying and enforcing authority. The market surveillance to ensure the conformity to Indian Standard for goods or article bearing Standard Mark mentioned in column (2) of the said Table shall be conducted by the Bureau or Agencies notified by the Bureau in consultation with the Ministry of New and Renewable Energy. Concurrent running with the Solar Photovoltaics, Systems, Devices and Components Goods (Requirements for Compulsory Registration) Order, 2017- This Order shall not affect the validity of the licence of existing goods or article having valid licence as per the provisions of Solar Photovoltaics, Systems, Devices and Components Goods (Requirements for Compulsory Registration) Order, 2017 and the fresh registration or grant of licence to use standards mark and renewal of registration after expiry of their respective validity period shall be done under the provisions of this Order. Penalty for contravention- Any person who contravenes the provisions of this Order shall be punishable under the provisions of the said Act. Compliance of directions- Every person to whom any direction is issued under this Order shall comply with such direction. The efficiency (@ STC in %) of Solar PV module shall be calculated as “ratio of maximum PV output of the module to the Area of the front surface of a photovoltaic module as defined by its outer edges (in m2) and 1000 i.e., 𝐸𝑓𝑓𝑖𝑐𝑖𝑒𝑛𝑐𝑦 (@ STC in %) = [𝑃𝑚𝑎𝑥 (in Watt)/{1000×𝐴 (in m2)}] ×100.” The maximum PV output and area of the module shall be referred as calculated in IS 14286 at STC. IS 17980: 2022/IEC 62891:2020 Maximum Power Point Tracking Efficiency of Grid Connected Photovoltaic Inverters Note: For the purpose of the Table, the latest version of Indian Standard including the amendments issued thereof and notified by the Bureau from time to time, shall apply from the date of such notification.",https://www.crsbis.in/BIS/app_srv/tdc/gl/docs/QCO_for_SPV_Products_27_Jan_2025.pdf,https://www.crsbis.in/BIS/wtsnew.do
LEGAL,LEGAL-00005,,38,CIRC-15 Jan 2025-3290751481554546674,,Advisory for applicants for Grant Of Licence under CRS,Bureau of Indian Standards (BIS),2025-01-15,,Advisory for applicants for Grant Of Licence under CRS,,"The Bureau grants a licence to manufacturer based on self-declaration of conformity of product through the application submitted by them indicating that they have necessary infrastructure for manufacturing quality products with requisite testing facilities on a continuous basis at their premises, the test results of product from third party lab indicating conformity of the product to the relevant Indian Standard; and the satisfactory outcome of review by BIS.The guidelines for Grant of Licence (GoL) under Scheme – II of Schedule – II of BIS (Conformity Assessment) Regulations 2018 can be downloaded from our website. BIS regularly publishes circulars, and applicants and licensees are encouraged to review them periodically to stay informed of any updates. Circulated for information of all applicants and licensees. Name and Address Authentication of the Manufacturing Unit: 1.1 While applying for a licence, the manufacturer must provide proof for the name and address of the manufacturing unit along with the scope of manufacturing activity (any document issued by the government of the country). Manufacturers are advised to ensure that the submitted documents for name and address proof of the manufacturing unit shall be same as the name and address applied on the portal. 1.2 Indian Manufacturers (MSME) opting for rebate as per BIS Conformity Assessment Regulations 2018, are advised to submit the MSME certificate for the present classification year, along with the manufacturing unit details. Further, the rebate shall be opted as per the type of enterprise declared in the MSME certificate for the present classification year. Form - I (Application form for grant of new licence): 2.1 In cases, where the brand status is declared as 'Registered in India' or 'Applied for' by the applicant, both the brand status and the brand name, as specified in Form-I, shall correspond precisely with the information provided in the TMR (Trade Mark Registration) document submitted by the applicant, including the Brand Word Mark (TM applied for). 2.2 Form-I submitted shall be duly sealed and signed by the Authorized Representatives of Manufacturer as well as AIR (In case of Foreign Manufacturers). Authorization to representatives of manufacturer may be provided by the Top Management as declared in the Form I and to AIR (In case of Foreign Manufacturers) may be provided by the proprietor/CEO of the AIR Firm.",https://www.crsbis.in/BIS/app_srv/tdc/gl/docs/Advisory_for_applicants_for_Grant_Of_Licence%20_under_CRS.pdf,https://www.crsbis.in/BIS/wtsnew.do
LEGAL,LEGAL-00167,,39,CIRC-04 Dec 2024-8703886535431828094,,Test stream related to IS 18112 Test Stream 1 Test Stream 2 Test Stream 3(Part 1) Test Stream 3(Part 2),Bureau of Indian Standards (BIS),2024-12-04,,Test stream related to IS 18112 Test Stream 1 Test Stream 2 Test Stream 3(Part 1) Test Stream 3(Part 2),IS 18112,,https://www.crsbis.in/BIS/app_srv/tdc/gl/docs/Test_Stream_1.ts,https://www.crsbis.in/BIS/wtsnew.do
LEGAL,LEGAL-00082,,40,CIRC-27 Nov 2024-7434628570489025289,,Guidelines for implementation of IS 302 (Part 1):2024/IEC 60335-1:2020,Bureau of Indian Standards (BIS),2024-11-27,,Guidelines for implementation of IS 302 (Part 1):2024 /IEC 60335-1:2020,IS 302 | IS 302 (Part 1) | is 23,"BUREAU OF INDIAN STANDARDS Registration Department Our Ref: IS 302 (Part 1) 27 November 2024 Subject: Guidelines for implementation of IS 302 (Part 1):2024 /IEC 60335-1:2020 1. The last date of concurrent running of both the Indian Standards is 23rd February 2025 after which the existing IS 302-1: 2008 shall stand withdrawn. The guidelines for implementation of the revised IS 302 (Part 1) : 2024/IEC 60335-1 : 2020 for Scheme – II is given below: A. For existing licencees: (i) All existing licensees shall implement the revised IS 302 (Part 1): 2024/IEC 60335- 1 : 2020 by the last date of implementation. Beyond the last date of implementation of IS 302 (Part 1): 2024/IEC 60335-1 : 2020, no licence shall be operative where compliance to IS 302 (Part 1) : 2024/IEC 60335-1 : 2020 has not been ensured by the licensee. (ii) Existing licensees shall ensure conformance to IS 302 (Part 1): 2024/IEC 60335-1 : 2020 through submission of complete test Report(s) issued by BIS recognized laboratory for all lead model(s) from existing scope of licence which had been previously tested as per IS 302 (Part 1) : 2008. (iii) Further, the licencees shall provide an undertaking stating that requirements of IS 302 (Part 1): 2024/IEC 60335-1: 2020 have been implemented in other existing series model(s) which are in the scope of the licence. (iv) If the licensee fails to complete all actions by the last date of implementation of IS 302 (Part 1): 2024/IEC 60335-1 : 2020, cancellation of the licence/ deletion of model from scope of the licence to be initiated. For New Applicants: (i) New applications as per IS 302 (Part 1): 2008 are to be accepted upto one month before the last date of implementation of IS 302 (Part 1) : 2024/IEC 60335-1 : 2020. (ii) The existing applications which are under process as per IS 302 (Part 1): 2008 shall be processed as per existing guidelines provided that the applicants submit an undertaking that they shall changeover to the revised IS 302 (Part 1) : 2024/IEC 60335-1 : 2020 before the last date of implementation.",https://www.crsbis.in/BIS/app_srv/tdc/gl/docs/302-1%20Guidelines.pdf,https://www.crsbis.in/BIS/wtsnew.do
LEGAL,LEGAL-00003,,41,CIRC-25 Nov 2024-4565865060637216814,,Acceptance of Test Reports issued for Public Procurement (Preference to Make in India) Order 2017 (PPO) for implementation of â€œEssential Requirement(s) for Security of CCTV,Bureau of Indian Standards (BIS),2024-11-25,,Acceptance of Test Reports issued for Public Procurement (Preference to Make in India) Order 2017 (PPO) for implementation of â€œEssential Requirement(s) for Security of CCTV,,,https://www.crsbis.in/BIS/app_srv/tdc/gl/docs/CCTV%20ERs.pdf,https://www.crsbis.in/BIS/wtsnew.do
LEGAL,LEGAL-00081,,42,CIRC-24 Oct 2024-1866572243220370781,,Guidelines for Implementation of IS 18112 : 2022 'Digital Television Receiver for Satellite Broadcast Transmission Specification',Bureau of Indian Standards (BIS),2024-10-24,2025-04-25,Guidelines for Implementation of IS 18112 : 2022 'Digital Television Receiver for Satellite Broadcast Transmission Specification',IS 18112 | IS 616 | is 25,"Registration Department OurRef: Registration/ IS 18112 24 Oct 2024 Subject: Guidelines for Implementation of IS 18112 : 2022 ‘Digital Television Receiver for Satellite Broadcast Transmission Specification’ 1. The last date of implementation of IS 18112 : 2022 is 25 April 2025. The guidelines for implementation of IS 18112 : 2022 are as follows: Existing Licencees of Televisions as per IS 616: 5. All television sets shall incorporate the requirements of 'Digital Television Receiver for Satellite Broadcast Transmission' as per IS 18112:2022, along with the safety requirements as per IS 616:2017/IEC 60065 : 2014. All existing licensees must apply for an inclusion as per IS 18112:2022, along with the safety requirements of IS 616:2017/IEC 60065 : 2014, as per the 'Guidelines for Change in Scope of Licence (CSoL)' under the Conformity Assessment Scheme II of Schedule II of the BIS (Conformity Assessment) Regulations, 2018. After the last date of implementation i.e. 6 is not received for any model under the licence, the licence will be liable for cancellation after the last date of implementation i.e. Applications received as per IS 616:2017/IEC 60065 : 2014 may be processed further according to the prevailing guidelines until 25th March 2025, i.e., one month before the last date for the implementation of IS 18112:2022. In case, applicants fail to meet additional requirements of IS 18112 by 25th April 2025, the licence/models shall be cancelled. The applicants are required to submit an undertaking confirming their compliance with IS 18112:2022, in accordance with the instructions outlined in serial no.",https://www.crsbis.in/BIS/app_srv/tdc/gl/docs/Guidelines_for_Implementation_of_IS_18112_2022_Digital_Television_Receiver_for_Satellite_Broadcast_Transmission_Specification.pdf,https://www.crsbis.in/BIS/wtsnew.do
LEGAL,LEGAL-00073,,43,CIRC-22 Oct 2024-4178265371451236728,,Guidelines for implementation of Essential Requirement(s) for Security of CCTV,Bureau of Indian Standards (BIS),2024-10-22,2025-04-09,Guidelines for implementation of Essential Requirement(s) for Security of CCTV,IS 13252 (Part 1),"Registration Department Our Ref: Registration/Meity/ CCTV Camera 22 Oct 2024 Subject: Guidelines for implementation of “Essential Requirement(s) for Security of CCTV” 1. The last date of implementation of the Order has been extended to 9th April 2025. The test reports shall be issued by Third Party Testing Laboratories for establishing compliance to the QCO. Test reports shall indicate the series models covered in the same series along with model similarities and differences basis the guidelines, software and hardware bill of materials etc. The guidelines for implementation of the ‘Essential Requirement(s) for Security of CCTV’ is given below: A. Existing licensees of ‘CCTV Cameras’ as per IS 13252 (Part 1) : 2010/ IEC 60950-1 : 2005 (i) Existing licensees of CCTV Cameras shall implement the ER by 09 April 2025 for the existing models in their scope by applying online through the “Apply for Standard Revision/ Amendment/ Essential Requirement” module along with test report for ER: 01. (iii) On successful compliance to the ‘Essential Requirement(s) for Security of CCTV’, BIS shall issue a letter indicating all the model(s) for which the compliance has been successfully established. (iv) After 09 April 2025, non-compliant models shall be deleted from the scope of License. If the Licensee fails to take necessary action by 09 April 2025 or if none of the models are complying, License shall be liable for cancellation. Processing of Applications without test report for ER: 01 shall be permitted only upto 09 April 2025 and for such cases Applicant shall give a declaration that they will implement the revised Standard by 09 April 2025.",https://www.crsbis.in/BIS/app_srv/tdc/gl/docs/CCTV_Implementation_guidelines.pdf,https://www.crsbis.in/BIS/wtsnew.do
LEGAL,LEGAL-00039,,44,CIRC-16 Oct 2024-5438882454564244917,,Extension of last date of implementation of revised IS/IEC 60669-2-1 : 2021,Bureau of Indian Standards (BIS),2024-10-16,2025-04-12,Extension of last date of implementation of revised IS/IEC 60669-2-1 : 2021,,"- III / 16 : आई एस/ आई ई सी 60669-2-1 16 अक्टूबर 0202 विषय :संशोवित आई इस/ आई ई सी 60669-2-1 : 2021 के कायाभन्वयन की वतवि का विस्तार यह उपरोक्त विषय के सन्दर्भ में है | सक्षम प्राविकारी ने संशोवित आई इस/ आई ई सी 60669-2-1 : 2021 के कायाभन्वयन की वतवि विनांक 12/04/2025 तक के विस्तार के विए सहमती प्रिान की है। पंजीकरण विर्ाग से अनुरोि हैं वक िे िाइसेंसिारी / आिेिक के इस विशावनिेशों के पररसंचरण को सुवनवित करें और वनयत तारीख से पहिे संशोवित आईएस आई इस/ आई ई सी 60669-2-1 : 2021 का कायाभन्वयन सुवनवित करें। पीयूष प्रकाश वैज्ञानिक - डी (सी एम डी – III) प्रमुख (सी एम डी – III) पंजीकरण विभाग BUREAU OF INDIAN STADNARDS (CENTRAL MARKS DEPARTMENT III) Our Ref: CMD III/16: IS/ IEC 60669-2-1 16 Oct 2024 Subject: Extension of last date of implementation of revised IS/IEC 60669-2-1 : 2021 This has reference to the subject mentioned above. The Competent Authority has agreed to extend the implementation of IS/IEC 60669-2-1 : 2021 to 12th April 2025. Registration Department is requested to inform the licensees/applicants about the extension and ensure the implementation of IS/IEC 60669-2-1 : 2021 before the last date of implementation . Peeyush Prakash Sc.-D(CMD-III) Head (CMD-III) Registration Department CENTRAL MARKS DEPARTMENT III Our Ref: CMD III/16: IS/ IEC 60669-2-1 16 Oct 2024 Subject: Extension of last date of implementation of revised IS/IEC 60669-2-1 : 2021 1. This has reference to the guidelines for implementation of revised IS/IEC 60669-2- 1 : 2021 ‘Switches for Household and Similar Fixed Electrical Installations Part 2 Particular Requirements Section 1 Electronic Switches’ circulated vide CMD-III circular ref CMD III/16: IS/ IEC 60669-2-1 dated 27 Sep 2024 with last date for implementation as 12 Oct 2024. Considering the request received from Registration Department and the present status of implementation of IS/IEC 60669-2-1 : 2021 by the licensees, it has now been decided to extend the last date of implementation of revised IS/IEC 60669-2- 1 : 2021 till 12th April 2025. Registration Department is requested to inform the revised date of implementation to all Licensees/Applicants immediately and ensure implementation of revised IS/IEC 60669-2-1 : 2021 by 12th April 2025.",https://www.crsbis.in/BIS/app_srv/tdc/gl/docs/60669-2-1_Extension_circular.pdf,https://www.crsbis.in/BIS/wtsnew.do
LEGAL,LEGAL-00035,,45,CIRC-09 Oct 2024-1667165603746965259,,Extension of implementation timelines of Essential Requirements of CCTV in CRO 2021,Bureau of Indian Standards (BIS),2024-10-09,,Extension of implementation timelines of Essential Requirements of CCTV in CRO 2021,,"3(ii)] MINISTRY OF ELECTRONICS AND INFORMATION TECHNOLOGY NOTIFICATION New Delhi, the 9th October, 2024 Subject: Extension in timelines for the implementation of the “Electronics and Information Technology Goods (Requirement of Compulsory Registration) Order, 2021” for product categories included in the schedule) published in Gazette of India on 09th April, 2024 S.O. And, whereas, the issues involved have been discussed with the stakeholders for smooth implementation of the Order and whereas, the industry has sought more time for compliance of the Order, it is hereby notified that the date of implementation of the Order stands extended to 9th, April, 2025.",https://www.crsbis.in/BIS/app_srv/tdc/gl/docs/ER_of_CCTV_in_CRO.pdf,https://www.crsbis.in/BIS/wtsnew.do
LEGAL,LEGAL-00091,,46,CIRC-27 Sep 2024-9098110099682756909,,Guidelines for implementation of revised IS/IEC 60669-2-1 : 2021,Bureau of Indian Standards (BIS),2024-09-27,2024-10-12,Guidelines for implementation of revised IS/IEC 60669-2-1 : 2021,,"- III / 16 : आई एस/ आई ई सी 60669-2-1 27 सितम्बर 2024 विषय : संशोवित आई इस/ आई ई सी 60669-2-1 : 2021 के अनुपालन हेतु विशावनिेश यह उपरोक्त विषय के सन्दर्भ में है | सक्षम अविकारी द्वारा अनुमोवित विशावनिेश अनुपालन हेतु संलग्न है | पंजीकरण विर्ाग से अनुरोि है के विशावनिेशों का तत्काल प्रर्ाि से अनुपालन सुवनवित करें| (पीयूष प्रकाश) वैज्ञानिक - डी (िी एम डी-III) प्रमुख (सी एम डी-III) पंजीकरण विभाग BUREAU OF INDIAN STADNARDS (CENTRAL MARKS DEPARTMENT III) Our Ref: CMD III/16: IS/ IEC 60669-2-1 27 Sep 2024 Subject: Guidelines for implementation of revised IS/IEC 60669-2-1 : 2021 This has reference to the subject mentioned above. The Competent Authority has approved the enclosed Guidelines for implementation. Registration Department is requested to ensure the implementation of the above Guidelines with immediate effect. Peeyush Prakash Sc.-D(CMD-III) Head (CMD-III) Registration Department CENTRAL MARKS DEPARTMENT III Our Ref: CMD III/16: IS/IEC 60669-2-1 27 Sep 2024 Subject: Guidelines for implementation of Revised IS/IEC 60669-2-1 : 2021 1. The last date for concurrent running for both the Indian Standards has been extended to 12 October 2024 after which the existing IS/IEC 60669-2-1 : 2008 shall stand withdrawn. The guidelines for implementation of the revised Standard is given below: A. For Existing licensees as per IS/IEC 60669-2-1 : 2008 (i) All existing licencees shall switchover to the IS/IEC 60669-2-1 : 2021 by 12 October 2024. Beyond 12 October 2024, no licence shall be operative where compliance to IS/IEC 60669-2-1 : 2021 has not been ensured by the licencee. The status of implementation of the amendment shall be confirmed by Registration Department to CMD-III within two weeks of the last date of concurrent running. (ii) Existing licencee shall submit conformance to IS/IEC 60669-2-1 : 2021 through complete Test Report(s) issued by BIS recognized laboratory for all the lead model(s) from existing scope of licence which had been previously tested as per IS/IEC 60669-2-1 : 2008.",https://www.crsbis.in/BIS/app_srv/tdc/gl/docs/Circular_for_IS_IEC60669_2_1.pdf,https://www.crsbis.in/BIS/wtsnew.do
LEGAL,LEGAL-00120,,47,CIRC-11 Jun 2024-6588605063206418005,,Online processing of CCL updation requests for Solar PV Modules,Bureau of Indian Standards (BIS),2024-06-11,,Online processing of CCL updation requests for Solar PV Modules,,"Manufacturers can use this feature to submit Test reports when Bill of Materials for registered modules are changed without change in model no. Licensees are advised to check the correctness of model number on portal prior to submission of online request and any discrepancy may be brought to notice of BIS before online submission. CCL update request, when submitted by licensee, will be placed on records after scrutiny and an intimation would be sent to the Licensee within 5 working days provided all the documentation and conformity of the product is established satisfactory at first instance. Licensee may kindly note that a one-time relaxation has been given to the existing time limit of 90 days for acceptance of tests reports of solar PV modules generated on or after 15 02 2024 which is more than 90 days old. Only requests received through email within 7 days of issuance of this circular shall be considered for acceptance.",https://www.crsbis.in/BIS/app_srv/tdc/gl/docs/CCL_Circular_hosting.pdf,https://www.crsbis.in/BIS/wtsnew.do
LEGAL,LEGAL-00007,,48,CIRC-09 Apr 2024-3500371452933563732,,"Amendment to the ""Electronics and Information Technology Goods (Requirement of Compulsory Registration) Order, 2021""",Bureau of Indian Standards (BIS),2024-04-09,,"Amendment to the ""Electronics and Information Technology Goods (Requirement of Compulsory Registration) Order, 2021""",IS 13252,"The provisions of “Electronics and Information Technology Goods (Requirements for Compulsory Registration) Order, 2021” shall apply on the Goods or articles as specified in the column (2) added to the schedule of the said Order by virtue of this notification, for conforming to the corresponding Essential Requirement(s) as specified in the column (5), on the expiry of six months from the date of publication of this notification in the Official Gazette. As per Scheme II of BIS Conformity Assessment Regulations, 2018, submission of test reports from BIS recognized labs, shall form a pre -requisite for obtaining license to use Standard Mark. [For instance, through Block connection diagram depicting pin connections between the host The vendor shall provide the following: a. Identifying all the keys and certificates being used in the device eco- system and verification through: • Testing, in presence of OEM team • Code review • Process audit of the key-life cycle process Vendor shall submit the following: 1. [For instance, through Block connection diagram depicting pin connections between the host microcontroller and its interactions with various sub components/peripherals.] The vendor shall provide the following: a. The vendor shall provide the following: 1. Identifying all the keys and certificates being used in the device eco- system, sensitive data and their storage mechanism(s); and verification through: • Testing, in presence of OEM team • Code review • Process audit of the key-life cycle process Vendor shall submit the following: 1. 1.7 Verify that any available Intellectual Testing, in presence of OEM team, to verify the enabling of the Vendor shall submit the following: 1. Datasheet of the SoC [भाग II—खण् ड 3(ii)] भारत का रािपत्र : असाधारण 17 Property protection technologies provided by the chip manufacturer are enabled. Intellectual Property protection technologies provided by the chip manufacturer, if available.",https://www.crsbis.in/BIS/app_srv/tdc/gl/docs/CCTV_CRO_Notification.pdf,https://www.crsbis.in/BIS/wtsnew.do
LEGAL,LEGAL-00085,,49,CIRC-09 Jan 2024-4257402203944464555,,"Guidelines for implementation of Parallel Testing for products covered under Electronics and Information technology Goods (Requirements of Compulsory registration Order), 2021",Bureau of Indian Standards (BIS),2024-01-09,,"Guidelines for implementation of Parallel Testing for products covered under Electronics and Information technology Goods (Requirements of Compulsory registration Order), 2021",,"BUREAU OF INDIAN STANDARDS REGISTRATION DEPARTMENT Our Ref: Registration/Guidelines RG: 01 09 January 2024 Subject: Guidelines for implementation of Parallel Testing for products covered under Electronics and Information technology Goods (Requirements of Compulsory registration Order), 2021 Guidelines for parallel testing was issued on 19 December 2022 for Mobile Phones as a pilot project for a period of six months. Manufacturers can generate test request(s) under parallel testing for all product categories under Electronics and Information Technology Goods (Requirements of Compulsory registration Order), 2021 from the date of issue of this circular. These guidelines are voluntary in nature and the manufacturers will still have option for submitting application sequentially to BIS for registration as per the existing procedure. 4) At the time of submission of sample to lab as well as submission of application to BIS for registration, the manufacturer would give an undertaking covering the following requirements: (i) The Manufacturer will bear the total risk (including the cost) in this procedure, i.e. in case, any of the applications is rejected/not processed at a later stage by BIS due to failure of sample in testing or submission of incomplete test report, the decision of BIS will be final; (ii) The Manufacturer shall not supply / sell /manufacture the product in market without having valid registration; (iii) The Manufacturer shall get the CCL updated immediately after getting the product(s) registered with BIS; and (iv) Each manufacturer will have the responsibility to use components with relevant registration (R-no.) in case the component is covered in CRS. 5) The responsibility of linking an application with that of the previously submitted application in the chain shall vest with the manufacturer. An example of procedure to be followed is given below for the purpose of illustration of the parallel testing: A manufacturer of mobile phone requires cell, battery and power adapter for manufacturing the end product. (iii) The lab shall evaluate the test report of the cell and issue the test report of the battery. Similarly, lab shall evaluate the test report of battery and adaptor before issuing the test report of Mobile phone. (iv) The manufacturer can submit the applications in parallel for getting the components registered.",https://www.crsbis.in/BIS/app_srv/tdc/gl/docs/Modified%20final%20guidelines%20for%20parallel%20testing.pdf,https://www.crsbis.in/BIS/wtsnew.do
LEGAL,LEGAL-00097,,50,CIRC-12 Jun 2023-885941096293563687,,Guidelines for parallel testing of products- Reg,Bureau of Indian Standards (BIS),2023-06-12,2023-01-01,Guidelines for parallel testing of products- Reg,,,https://www.crsbis.in/BIS/app_srv/tdc/gl/docs/Cicrular%20for%20parllel%20testing_CDAC.pdf,https://www.crsbis.in/BIS/wtsnew.do
LEGAL,LEGAL-00098,,51,CIRC-09 May 2023-7767805095597803744,,"Guidelines for refund of fee submitted for various services under Scheme-II of Schedule-II of BIS (Conformity Assessment) Regulations, 2018",Bureau of Indian Standards (BIS),2023-05-09,,"Guidelines for refund of fee submitted for various services under Scheme-II of Schedule-II of BIS (Conformity Assessment) Regulations, 2018",,"Refund request may be raised by applicants/licensees themselves for duplicate payments or payments where no service has been given by BIS. Refund request may also be raised by BIS officers based on request of applicants/licensees. (b) If the applicant applies for an inclusion and the licence is subsequently put under suspension/deferment and the inclusion is not processed thereafter due to expiry/cancellation of the licence, the applicable inclusion fee(s) may be refund at the request of the licensee.",https://www.crsbis.in/BIS/app_srv/tdc/gl/docs/Refund%20Guidelines%20for%20Portal.pdf,https://www.crsbis.in/BIS/wtsnew.do
LEGAL,LEGAL-00020,,52,CIRC-09 May 2023-661726518357528688,,"Electrical Equipment (Quality Control) Amendment Order, 2023",Bureau of Indian Standards (BIS),2023-05-09,,"Electrical Equipment (Quality Control) Amendment Order, 2023",,"(2) It shall come into force from the date as mentioned in column (5) of the Table to this Order. In the Electrical Equipment (Quality Control) Order, 2020 (hereinafter referred to as the said Order), paragraph 2 shall be number as sub- paragraph (1) thereof and after sub- paragraph (1) as so numbered, the following sub- paragraph shall be inserted, namely: - “(2) If any product specific requirement is mentioned in column (7) of the Table to this Order to the corresponding product category specified in column (6) of the Table, the said product specific requirement shall apply and the Indian standards specified in column (3) shall not apply from the dates specified in column (5) thereof.”. In paragraph 3 of the said Order, in sub- paragraph (1) and (2) for the words and letters “Scheme–II” wherever they occur, the words and letter “Scheme–X”, shall be substituted. For the Table to the said Order, the following Table shall be substituted, namely: - “TABLE Sl. Electrical Equipment (Goods) Indian Standards Title of Indian Standard Date of Implementation Product Category Specific Requirement (1) (2) (3) (4) (5) (6) (7) 1.1.(a) Low - Voltage switchgear and controlgear: Circuit - Breakers IS/IEC 60947 : Part 2 : 2016 Low - Voltage switchgear and controlgear: Part 2 circuit - Breakers (First Revision) 10th May 2024 AC Circuit - Breakers (Category A)- All ratings upto 630 A, upto 440V AC All test as per IS/IEC 60947 : Part 2 : 2016 except the test listed below in Sr. * Subjected to the condition that Manufacturer shall submit declaration to Bureau of Indian Standards for submission of a report of test compliance by 10th May, 2026 or if any other date notified in this regard, whichever is later.”. Subsequently, extension in timelines for the implementation was given through notification number S.O.",https://www.crsbis.in/BIS/app_srv/tdc/gl/docs/Electrical-Equipment-Quality.pdf,https://www.crsbis.in/BIS/wtsnew.do
LEGAL,LEGAL-00004,,53,CIRC-26 Apr 2023-439534725402813347,,"Addition of product category under Electronics and Information Technology Goods (Requirement of Compulsory Registration) Order, 2021",Bureau of Indian Standards (BIS),2023-04-26,,"Addition of product category under Electronics and Information Technology Goods (Requirement of Compulsory Registration) Order, 2021",IS 18112,"1929(E).—In exercise of the powers conferred by sub-section (1) and (2) of section 16 read with sub section (3) of section 25 of the Bureau of Indian Standards Act, 2016, (11 of 2016), the Central Government is of the opinion that it is necessary or expedient so to do in the public interest, hereby makes the following amendments to the “Electronics and Information Technology Goods (Requirements for Compulsory Registration) Order, 2021”: (i) The Para 2 of the aforesaid Order shall be read as: Compulsory use of standard mark:-Goods or articles specified in the column (2) of the Schedule below shall conform to the corresponding Indian Standard given in the column (3) of the said Schedule and shall bear the ‘Standard’ Mark under a license from the Bureau of Indian Standards as per Scheme-II of Schedule-II of Bureau of Indian Standards (Conformity Assessment) Regulations, 2018, provided that nothing in the Order shall apply in relation to manufacture of goods or articles, as specified in the column (2) of the said Schedule for export which [भाग II—खण् ड 3(ii)] भारत का रािपत्र : असाधारण 3 conform to the specification required by the foreign buyer. The provisions of “Electronics and Information Technology Goods (Requirements for Compulsory Registration) Order, 2021” shall apply on the Goods or articles as specified in the column (2) added to the schedule of the said Order by virtue of this notification for conforming the corresponding Indian standard as specified in the column (3), on the expiry of two years from the date of publication of this notification in the Official Gazette.",https://www.crsbis.in/BIS/app_srv/tdc/gl/docs/Miety-QCO-amendment-order-26-April-2023.pdf,https://www.crsbis.in/BIS/wtsnew.do
LEGAL,LEGAL-00084,,54,CIRC-19 Dec 2022-2860693067890351502,,Guidelines for Implementation of Parallel Testing,Bureau of Indian Standards (BIS),2022-12-19,,Guidelines for Implementation of Parallel Testing,,"BUREAU OF INDIAN STANDARDS REGISTRATION DEPARTMENT Our Ref: Registration/Guidelines RG: 01 19 Dec 2022 SUB: Guidelines for implementation of Parallel Testing. These guidelines are voluntary in nature and the manufacturers will still have option for submitting application sequentially to BIS for registration as per the existing procedure. 5) At the time of submission of sample to lab as well as submission of application to BIS for registration, the manufacturer would give an undertaking covering the following requirements: (i) The Manufacturer will bear the total risk in this procedure, i.e. in case, any of the applications is rejected/not processed at a later stage by BIS due to failure of sample in testing or submission of incomplete test report, the decision of BIS will be final; (ii) The Manufacturer shall not supply / sell /manufacture the product in market without having valid registration; (iii) The Manufacturer shall get the CCL updated immediately after getting the product(s) registered with BIS; and (iv) Each manufacturer will have the responsibility to use components with relevant registration (R-no.) in case the component is covered in CRS. 6) The responsibility of linking an application with that of the previously submitted application in the chain shall vest with the manufacturer. (iii) The lab shall evaluate the test report of the cell and issue the test report of the battery. Similarly, lab shall evaluate the test report of battery and adaptor before issuing the test report of Mobile phone. (iv) The manufacturer can submit the applications in parallel for getting the components registered.",https://www.crsbis.in/BIS/app_srv/tdc/gl/docs/Guidelines-Parallel-FINAL.pdf,https://www.crsbis.in/BIS/wtsnew.do
LEGAL,LEGAL-00042,,55,CIRC-21 Nov 2022-5019259493305904228,,Extension of the last date of implementation of IS 16333 (Part 3): 2022,Bureau of Indian Standards (BIS),2022-11-21,2023-06-17,Extension of the last date of implementation of IS 16333 (Part 3): 2022,IS 16333 | IS 16333 (Part 3),"केन्द्रीय्मुहर्विभाग- III हमारा्संदभभ- सीएमडी -III/16: IS 16333 (भाग 3) 21 निंबर 2022 विषय-्पुनरीवित्आई एस्IS 16333 (भाग 3):्2022्के्कायाभन्वयन्की्वतवि्का्विस्तार। इसे उपरोक्त विषय का संदर्भ है। सक्षम प्राविकारी ने संशोवित आईएस IS 16333 (भाग 3):्2022्के कायाभन्वयन की वतवि वदनांक 17/06/2023 तक के विस्तार के विए सहमती प्रदान की है। सर्ी संबंवित अनुरोि हैं वक िे िाइसेंसिारी / आिेदक के इस वदशावनदेशों के पररसंचरण को सुवनवित करें और वनयत तारीख से पहिे संशोवित आईएस IS 16333 (र्ाग 3): 2022 का कायाभन्वयन सुवनवित करें। (पीयूष्प्रकाश) िैज्ञावनक-सी (सी्एम्डी–III) प्रमुख्(सी्एम्डी-III) सभी्िेत्रीय/शाखा्कायाभलय CENTRAL MARKS DEPARTMENT-III Our Ref: CMD-III/ 16: IS 16333 (Part 3): 21 November 2022 Subject: Extension of the last date of implementation of IS 16333 (Part 3): 2022 - Mobile Phone Handsets Part 3 Indian Language Support for Mobile Phone Handsets – Specific Requirements (First Revision) This has reference to the subject mentioned above. The circular regarding extension of the last date of implementation of IS 16333 (Part 3): 2022 is attached. All concerned Branch Offices are requested to inform the same to the Licencees / Applicants under your jurisdiction and ensure the implementation of 16333 (Part 3): 2022 by 17 June 2023. Considering the requests received from the Industry and the present status of implementation of IS 16333 (Part 3) : 2022 by the licensees, it has now been decided to extend the date of implementation of revised IS 16333 (Part 3) : 2022 by six months till 17 June 2023 for all applicants and licencees. Registration Department is requested to inform the revised date of implementation of IS 16333 (Part 3) : 20022 to all Licensees/Applicants immediately and ensure implementation of revised IS 16333 (Part 3) : 2022 by 17 June 2023. The above guidelines shall come into force with immediate effect.",https://www.crsbis.in/BIS/app_srv/tdc/gl/docs/Circular_Jck9_2022-11-22.pdf,https://www.crsbis.in/BIS/wtsnew.do
LEGAL,LEGAL-00087,,56,CIRC-10 Oct 2022-1649247366337165436,,Guidelines for implementation of Revised IS 16333 (Part 3): 2022,Bureau of Indian Standards (BIS),2022-10-10,2022-12-17,Guidelines for implementation of Revised IS 16333 (Part 3): 2022,IS 16333 (Part 3) | IS 16350,"CENTRAL MARKS DEPARTMENT III Our Ref: CMD III/16: IS 16333 (Part 3) 10 10 2022 Subject: Guidelines for implementation of Revised IS 16333 (Part 3): 2022 1. The last date for concurrent running for both the Indian Standards has been extended to 17 December 2022 after which the existing IS 16333 (Part 3): 2017 shall stand withdrawn. The significant changes in the revised Standard are listed in the Table below for general guidance: Table I Sl No Clause Changes a Clause 5 Provision of choosing keyboard layout of manufacturers choice for inputting various Indian Languages has been added as Note 4 b Clause 5.1 Existing character as specified in IS 16350 has been added in optional requirements as per Annex B of IS 16333 (Part 3) Language 09F7 Bangla (Table B.2), Assamese (Table B.1), Manipuri (Bengali) (Table B.12) 09DC, 09DD, 09DF Bangla (Table B.2), Assamese (Table B.1), Manipuri (Bengali) (Table B.12) 0C01, 0C0C, 0C62 Telugu (Table B.21) 0B82, 0BD0, 0BF0, 0BF1, 0BF2, 0BF3, 0BF4, 0BF5 Tamil (table B.20) 0D3A, 0D3D, 0D70, 0D71, 0D72, 0D73, 0D74, 0D75, 0D79, 0D0C, 0D60, 0D61, 0D62, 0D63, 0D57 Malayalam (Table B.11) 0A03, 0A59, 0A5A, 0A5B, 0A5E, 0A33, 0A36, 0A72, 0A73 Punjabi (Table B.16) 0B0C, 0B44, 0B60, 0B61, 0B62, 0B63 Odia (Table B.15) 0CBC, 0CB1, 0CE0, 0CC4, 0CDE Kannada (Table B.7) c Clause 5.1 Existing character as specified in IS 16350 has been removed from optional requirements as per Annex B of IS 16333 (Part 3) Language 20B9 Every language in Annex B 02BC Assamese Language (Table B.1) 0965 Bangla language (Table B.2) 3. The guidelines for implementation of the revised Standard is given below: A. For Existing licensees as per IS 16333 (Part 3) : 2017 (i) All existing licencees shall switchover to the IS 16333 (Part 3) : 2022 by 17 December 2022. Beyond 17 December 2022, no licence shall be operative where compliance to IS 16333 (Part 3): 2022 has not been ensured by the Registered User. (ii) Existing licencee shall submit conformance to IS 16333 (Part 3) : 2022 through Test Report(s) issued by BIS recognized laboratory for any one of the model(s) from existing scope of licence which had been previously tested as per IS 16333 (Part 3) : 2017. (iii) Further, the licencees shall provide an undertaking stating that requirements of IS 16333 (Part 3) : 2022 have been implemented in all other existing models which are in the scope of the licence. (iv) If the licensee fails to complete all actions by 17 December 2022, cancellation of the licence/ deletion of model from scope of the licence to be initiated. one month before the last date of implementation of IS 16333 (Part 3) : 2022.",https://www.crsbis.in/BIS/app_srv/tdc/gl/docs/Circular_g5il_2022-10-11.pdf,https://www.crsbis.in/BIS/wtsnew.do
LEGAL,LEGAL-00001,,57,CIRC-14 Jun 2022-4577263781542896025,,Abeyance of Market Surveillance of Products Covered Under Compulsory Registration Scheme,Bureau of Indian Standards (BIS),2022-06-14,,Abeyance of Market Surveillance of Products Covered Under Compulsory Registration Scheme,,"The concerned licensees will have to pay the sample cost, testing charges as well as the overhead in accordance the provisions laid down in BIS Conformity Assessment Regulations 2018 and the approved guidelines. The details will be shared with the concerned licensees in due course. The DDs of the licensees who paid the surveillance cost will be returned to them in case their samples have not been drawn.",https://www.crsbis.in/BIS/app_srv/tdc/gl/docs/MS_ABEYANCE_INFO_140622.pdf,https://www.crsbis.in/BIS/wtsnew.do
LEGAL,LEGAL-00112,,58,CIRC-28 Apr 2022-5508261388030069580,,Market surveillance of products covered under Compulsory Registration Scheme,Bureau of Indian Standards (BIS),2022-04-28,,Market surveillance of products covered under Compulsory Registration Scheme,,"The scheme is based on self-declaration of conformity by the manufacturers. Such surveillance activities also provide input and opportunities for improvement to the manufacturers. As per conditions of license to use Standard Mark under Regulation 6 of BIS (Conformity Assessment) Regulations, 2018, all licensees are required to submit details of their consignees, distributors, dealers or retailers. Further as per subparagraph 8 of paragraph 5 of Scheme II of Schedule II of BIS (Conformity Assessment) Regulations, 2018, the licensees will have to bear the cost of surveillance. For effective implementation of surveillance, all licensees have to deposit the surveillance cost. Emails/letters are being sent to the concerned licensees for providing the requisite information and depositing the fees with BIS. (Koushik Dutta) Scientist E & Head Annexure I Procedure for carrying out surveillance (for circulation to licensees) 1. Collection of Surveillance Cost: As per the provisions of subparagraph 8 of paragraph 5 of Scheme II of Schedule II of BIS (Conformity Assessment) Regulations, 2018, the cost of samples and testing fee of the sample drawn for surveillance shall be paid by the licensee. For effective and hassle-free implementation of surveillance process, charges associated with surveillance shall be collected in advance (interest free) from the licensee. The licensee shall deposit the surveillance cost for their respective products for the licenses held by them which will be retained by BIS and refunded only at the time of expiry/cancellation of licence.",https://www.crsbis.in/BIS/app_srv/tdc/gl/docs/LICENSEE_GUIDELINES_280422.pdf,https://www.crsbis.in/BIS/wtsnew.do
LEGAL,LEGAL-00129,,59,CIRC-16 Mar 2022-3440439638718749008,,Regarding Test Reports and documents submitted by applicant for grant of licence/inclusions - Amendment,Bureau of Indian Standards (BIS),2022-03-16,,Regarding Test Reports and documents submitted by applicant for grant of licence/ inclusions - Amendment,IS 10322 | IS 10322 (Part 5 | IS 10322 (Part 5 | IS 10322 (Part 5 | IS 13252 (Part 1) | IS 14286 | IS 15885 (Part 2 | IS 16046 | IS 16046 (Part 1) | IS 16046 (Part 2) | IS 16077 | IS 16102 (Part 1) | IS 16103 (Part 1) | IS 16169 | IS 16221 (Part 2) | IS 16242 (Part 1) | IS 16270 | IS 16333 (Part 3) | IS 302 | IS 302 (Part 1) | IS 616 | IS 798,,https://www.crsbis.in/BIS/app_srv/tdc/gl/docs/Merged%20Website%20circular.pdf,https://www.crsbis.in/BIS/wtsnew.do
LEGAL,LEGAL-00124,,60,CIRC-04 Feb 2022-1838558624448387074,,"Polyphosphoric Acid (Quality Control) Order, 2021",Bureau of Indian Standards (BIS),2022-02-04,,"Polyphosphoric Acid (Quality Control) Order, 2021",IS 17439,"(2) It shall come into force on the One hundred and eighty- first day from the date of its publication in the Official Gazette. Conformity to standard and compulsory use of Standard Mark.—The goods or articles specified in column (1) of the Table below shall conform to the corresponding Indian Standard specified in column (2) of the said Table and shall bear the Standard Mark under a licence from the Bureau of Indian Standards as per Scheme-II of Schedule-II of the Bureau of Indian Standards (Conformity Assessment) Regulations, 2018: Provided that nothing in this Order shall apply to goods or articles meant for export. Certification and enforcement authority.—The Bureau of Indian Standards shall be the certifying and enforcing authority in respect of the goods or articles specified in column (1) of the Table. Penalty for contravention.—Any person who contravenes the provisions of this order shall be punishable under the provisions of the Bureau of Indian Standards Act, 2016.",https://www.crsbis.in/BIS/app_srv/tdc/gl/docs/Polyphosphoric%20Acid%20QCO.pdf,https://www.crsbis.in/BIS/wtsnew.do
LEGAL,LEGAL-00153,,61,CIRC-13 Jan 2022-6142790219228210324,,Setting up a helpdesk-cum-call center at BIS Headquarters,Bureau of Indian Standards (BIS),2022-01-13,,Setting up a helpdesk-cum-call center at BIS Headquarters,,,https://www.crsbis.in/BIS/app_srv/tdc/gl/docs/CALL_CENTER_CIRCULAR.pdf,https://www.crsbis.in/BIS/wtsnew.do
LEGAL,LEGAL-00041,,62,CIRC-22 Oct 2021-1771081671739427544,,Extension of the last date of implementation of IS 1293: 2019- Plugs and Socket-outlets for Household and Similar Purposes of Rated Voltage up to and Including 250 V and Rated Current up to and Including 16 A,Bureau of Indian Standards (BIS),2021-10-22,2021-10-23,Extension of the last date of implementation of IS 1293: 2019- Plugs and Socket-outlets for Household and Similar Purposes of Rated Voltage up to and Including 250 V and Rated Current up to and Including 16 A.,IS 1293,"केन्द्रीय मुह् विभ्ग ्– III हमारा संदर्भ- केन्द रीय मुह मवहर ग र्ा -3/16: IS 1293 22 October 2021 ग षय मुह: IS 1293: 2019्के्अनवप लन्के्अंति ्तिथि्क ्ग स्ि भ IS 1293: 2019 के अनवपालन के अंतिम तिथि का ग स्िार से संबथिि पररपत्र संलग्न है। इसे सक्षम प्राथिकारी के अनवमोदन से जारी ककय मुहा य मुहा है। सर्ी संबथिि शाखा काय मुहाभलय मुह इसे लाईसेंसिारकों / आ ेदकों को सूथिि करे और IS 1293: 2019 का अनवपालन 23 10 2022 िक सवतनश्चिि करें। जे एस कग न कीिी ग नIय मुह म ैज्ञातनक ‘सी’ (सी एम डी-III) प्र वख्(सी ए डी-III) स ी क्षेत्रीय मुह/श ख क य मुह ालय मुह CENTRAL MARKS DEPARTMENT-III Our Ref: CMD-III/16: IS 1293 22 October 2021 Subject: Extension of the last date of implementation of IS 1293: 2019- Plugs and Socket- outlets for Household and Similar Purposes of Rated Voltage up to and Including 250 V and Rated Current up to and Including 16 A This has reference to the subject mentioned above. The circular regarding Extension of the last date of implementation of IS 1293: 2019 is attached. All concerned Branch Offices are requested to inform the same to the Licencees / Applicants under your jurisdiction and ensure the implementation of IS 1293: 2019 by 23 October 2022. C (CMD III) Head (CMD - III) Circulated to: All ROs/BOs CENTRAL MARKS DEPARTMENT-III Our Ref: CMD-III/16: IS 1293 22 October 2021 Subject: Extension of the last date of implementation of IS 1293: 2019- Plugs and Socket- outlets for Household and Similar Purposes of Rated Voltage up to and Including 250 V and Rated Current up to and Including 16 A This has reference to the subject mentioned above. The guidelines for implementation of the above mentioned revision was circulated vide circular CMD-III/16: IS 1293 dated 29 September 2020. The last date of implementation of the revised Standard was 23 October 2021. Based on the representations received, the last date of implementation of IS 1293: 2019 has now been extended upto 23 October 2022. All BOs may bring it to the notice of all Licensees and Applicants. The other provisions of implementation laid down in circular no. CMD-III/16: IS 1293 dated 29 September 2020 shall remain the same.",https://www.crsbis.in/BIS/app_srv/tdc/gl/docs/Circular%20extension%20IS%201293.pdf,https://www.crsbis.in/BIS/wtsnew.do
LEGAL,LEGAL-00006,,63,CIRC-10 Sep 2021-2933547609304342009,,Advisory for licensees regarding operation of licenses granted under Compulsory Registration Scheme,Bureau of Indian Standards (BIS),2021-09-10,,Advisory for licensees regarding operation of licenses granted under Compulsory Registration Scheme,,"BUREAU OF INDIAN STANDARDS REGISTRATION DEPARTMENT Our Ref: Registration/14:3 10 September 2021 Sub: Advisory for licensees regarding operation of licenses granted under Compulsory Registration Scheme 1. Under CRS, a license is granted to a manufacturer based on self-declaration of conformity of the product through the application submitted by them indicating that they have necessary infrastructure for manufacturing quality products with requisite testing facilities on a continuous basis at their premises, the test results of the product from third party lab indicating conformity of the product to the relevant Indian Standard(s); and the satisfactory outcome of review by BIS. While applying for a license, the manufacturer must provide evidence for the name and address of the manufacturing unit along with the scope of business activity. It is emphasized that the products should not be manufactured in premises other than the one for which the license has been granted. The do’s and don’ts for licensees is attached. Circulated for information of all applicants and licensees. Sd/- (Koushik Dutta) Scientist-E & Head Registration Department DOs AND DON’Ts FOR LICENSEES UNDER CRS DOs (1) Do use BIS Standard Mark only on products which conform to the applicable Indian Standard(s) and only on models which are covered in the scope of your license. If renewal is applied after date of validity, then it should be accompanied with late fee. BIS shall have the right to amend any of the conditions of license by giving a notice of not less than one month to the licensee.",https://www.crsbis.in/BIS/app_srv/tdc/gl/docs/ADVISORY_MERGED_100921.pdf,https://www.crsbis.in/BIS/wtsnew.do
LEGAL,LEGAL-00169,,64,CIRC-09 Aug 2021-5028854008542282657,,User Manual for Password Reset,Bureau of Indian Standards (BIS),2021-08-09,,User Manual for Password Reset,,,https://www.crsbis.in/BIS/app_srv/tdc/gl/docs/CRS_PWR_Applicant_End_UserManual.pdf,https://www.crsbis.in/BIS/wtsnew.do
LEGAL,LEGAL-00109,,65,CIRC-30 Jul 2021-1014358419430985815,,Integration of LIMS with CRS website,Bureau of Indian Standards (BIS),2021-07-30,,Integration of LIMS with CRS website,,"There will be no change through in the procedure for generation of new test requests by applicants/licensees. Circulated for information of all applicants, licensees and BIS recognized laboratories.",https://www.crsbis.in/BIS/app_srv/tdc/gl/docs/Integration%20of%20LIMS%20with%20CRS%20website.pdf,https://www.crsbis.in/BIS/wtsnew.do
LEGAL,LEGAL-00123,,66,CIRC-15 Jun 2021-6308868155583855017,,"Ortho Phosphoric Acid (Quality Control) Order, 2021",Bureau of Indian Standards (BIS),2021-06-15,,"Ortho Phosphoric Acid (Quality Control) Order, 2021",IS 798,"(2) It shall come into force on the One hundred and eighty- first day from the date of its publication in the Official Gazette. (3) It shall apply to goods or articles specified in column (1) of the Table below, but shall not apply to such goods or articles meant for export. Conformity to standard and compulsory use of Standard Mark.- Goods or articles specified in column (1) of the Table below shall conform to the corresponding Indian Standard specified in column (2) of the said Table and shall bear the Standard Mark under a licence from the Bureau of Indian Standards as per Scheme-II of Schedule-II of the Bureau of Indian Standards (Conformity Assessment) Regulations, 2018. Certification and enforcement authority.- The Bureau of Indian Standards shall be the certifying and enforcing authority in respect of the goods or articles specified in column (1) of the Table. - Any person who contravenes the provisions of this order shall be punishable under the provisions of the said Act.",https://www.crsbis.in/BIS/app_srv/tdc/gl/docs/Ortho-Phosphoric-Acid-Quality-Control-Order-2021-1.pdf,https://www.crsbis.in/BIS/wtsnew.do
LEGAL,LEGAL-00058,,67,CIRC-12 Mar 2021-2816502074148682252,,Gazette Notification for extension of phase V of CRO,Bureau of Indian Standards (BIS),2021-03-12,,Gazette Notification for extension of phase V of CRO,,"संख्या 3429(अ) द्वारा संिोजधत दकया गया था। MINISTRY OF ELECTRONICS AND INFORMATION TECHNOLOGY NOTIFICATION New Delhi, the12th March, 2021 Subject: Extension in timelines for the implementation of the Order for product categories included in the schedule of CRO vide S.O. And, whereas, the issues involved have been discussed with the stakeholders for smooth implementation of the Order and whereas, the industry has sought more time for compliance of the Order, it is hereby notified that the date of implementation of the Order stands extended to 01st October, 2021.",https://www.crsbis.in/BIS/app_srv/tdc/gl/docs/225848.pdf,https://www.crsbis.in/BIS/wtsnew.do
LEGAL,LEGAL-00014,,68,CIRC-14 Jan 2021-3432427691366440484,,"Certification of Low Voltage Switchgear and Controlgear as per IS/IEC 60947 various parts, under Scheme II of BIS Conformity Assessment Regulations, 2018",Bureau of Indian Standards (BIS),2021-01-14,,"Certification of Low Voltage Switchgear and Controlgear as per IS/IEC 60947 various parts, under Scheme II of BIS Conformity Assessment Regulations, 2018",,"BOs may kindly ensure implementation of the guidelines with immediate effect. Existing Licences As per the Quality Control Order issued by DHI, existing Licensees under Scheme-I shall not be required to obtain permission from the Bureau under a separate licence as per Scheme–II. But in case they so desire, existing Licensees may migrate to Scheme-II (CRS) in the following manner:- a. An Application shall be made on www.crsbis.in by existing Licensees, at any time during the validity of their Licence. The Licensee shall submit endorsements issued by BIS for the varieties desired in the scope. Corresponding old Test Reports shall also be submitted, to the extent possible. For the existing varieties, manufacturer shall self-assign Model Nos and Brand (as already declared) for each variety in the format given below. Separate application shall be made for each Brand with requisite fee. Requisite documents related to Brand, Authorized Representative and copy of marking label including Logo/ Trademark shall also be submitted in line with the provisions under CRS. Existing Licences shall be expired/ surrendered after the Registration under Scheme II has been obtained.",https://www.crsbis.in/BIS/app_srv/tdc/gl/docs/Circular_4_hosting_1U6k_2021-01-14.pdf,https://www.crsbis.in/BIS/wtsnew.do
LEGAL,LEGAL-00021,,69,CIRC-11 Nov 2020-449164165385641852,,"Electrical Equipment (Quality Control) Order, 2020",Bureau of Indian Standards (BIS),2020-11-11,,"Electrical Equipment (Quality Control) Order, 2020",,"(2) It shall come into force from the date as mentioned in column (5) of the Table to this order. Conformity to standards and essential requirements.– Every Electrical Equipment specified in column (2) of the Table to this order shall conform to the corresponding Indian standards specified in column (3) of the said Table with effect from the dates specified in column (5) thereof. Compulsory certification, marking and labelling.– (1) Every Electrical Equipment specified in column (2) of the Table to this order shall bear the Standard Mark under a licence from the Bureau of Indian Standards as per Scheme–II in Schedule–II to the Bureau of Indian Standards (Conformity Assessment) Regulations, 2018. (2) In a case where the manufacturer of Electrical Equipment specified in column (2) of the Table to this order has obtained permission to apply the Standard Mark under a licence from the Bureau of Indian Standards as per Scheme–I in Schedule–II to the Bureau of Indian Standards (Conformity Assessment) Regulations, 2018, he shall not be required to obtain permission from the Bureau under a separate licence as per Scheme–II in Schedule–II to the Bureau of Indian Standards (Conformity Assessment) Regulations, 2018: 4 THE GAZETTE OF INDIA : EXTRAORDINARY [PART II—SEC. 3(ii)] Provided that nothing in this order shall apply in relation to goods and articles as specified in the column (2) of the said Table meant for export, which conform to any specification required by the foreign buyer. - The Bureau of Indian Standards shall be the certifying and enforcing authority in respect of the Electrical Equipment specified in this order, and in addition, whenever required, an officer not below the rank of an Under Secretary to the Government of India or District Industries Centre shall assist the Bureau in enforcement of this order. - Any person who contravenes any of the provisions of this order shall be punishable under the provisions of the Bureau of Indian Standards Act, 2016 (11 of 2016). – Where any amendment or revision is made by the Bureau of Indian Standards in the title, scope, grade, testing requirements or any other parameters with respect to any Indian Standard specified in the Table to this order, such amendment or revision shall apply to the provisions of this order with effect from the date to be separately notified by the Bureau in consultation with the Department of Heavy Industry, as if such amendment or revision is made under this order with effect from such date. Electrical Equipment (Goods and Article) Indian Standards Title of Indian Standard Date of Implementation (1) (2) (3) (4) (5) 1.",https://www.crsbis.in/BIS/app_srv/tdc/gl/docs/QCO%20Low%20Voltage%20Scheme%20II.pdf,https://www.crsbis.in/BIS/wtsnew.do
LEGAL,LEGAL-00059,,70,CIRC-05 Oct 2020-7203013731653413697,,Gazette Notification for list of items under CRO-Phase V,Bureau of Indian Standards (BIS),2020-10-05,,Gazette Notification for list of items under CRO-Phase V,IS 13252 (Part 1) | IS 60669 | IS 616,"The provisions of “Electronics and Information Technology Goods (Requirements for Compulsory Registration) Order, 2012” shall apply on the product categories added to the schedule of the said Order by virtue of this notification on the expiry of six months from the date of publication of this notification in the official Gazette.",https://www.crsbis.in/BIS/app_srv/tdc/gl/docs/Phase%20V%20Notification.pdf,https://www.crsbis.in/BIS/wtsnew.do
LEGAL,LEGAL-00128,,71,CIRC-05 Oct 2020-5322026362686345159,,Regarding Test Reports and Document submitted by applicant for grant of registration/inclusion,Bureau of Indian Standards (BIS),2020-10-05,,Regarding Test Reports and Document submitted by applicant for grant of registration / inclusion,IS 10322 | IS 10322 (Part 5 | IS 10322 (Part 5 | IS 10322 (Part 5 | IS 13252 (Part 1) | IS 14286 | IS 15885 (Part 2 | IS 16046 | IS 16046 (Part 1) | IS 16046 (Part 2) | IS 16077 | IS 16102 (Part 1) | IS 16103 (Part 1) | IS 16221 (Part 2) | IS 16242 (Part 1) | IS 16270 | IS 16333 (Part 3) | IS 302 | IS 302 (Part 1) | IS 616,"shall be entered correctly at the time of submitting test request and as no modification will be allowed at the time of submitting/processing application. The marking labels/plate on lead model of product and marking label for series model submitted to the lab shall be checked along with other details in test request avoid discrepancies. As marking labels/marking plate form part of the test report, the marking labels of the product along with registered critical component (if applicable) shall be submitted after taking due care regarding registration status and parameter of applicable Indian Standards.",https://www.crsbis.in/BIS/app_srv/tdc/gl/docs/Regarding_Test_Reports_and_Documents.pdf,https://www.crsbis.in/BIS/wtsnew.do
LEGAL,LEGAL-00048,,72,CIRC-29 Sep 2020-1693997849371831242,,First Licence for 'Standalone LED Modules for General Lighting' as per IS 16103(Part 1) : 2012,Bureau of Indian Standards (BIS),2020-09-29,,First Licence for 'Standalone LED Modules for General Lighting' as per IS 16103(Part 1) : 2012,IS 16103(Part 1),"Licensee: M/s M/s Huizhou Lumiland Intelligent Technology Co., Ltd. Location of Licensee: GUANGDONG, CHINA 6.",https://www.crsbis.in/BIS/app_srv/tdc/gl/docs/First_licence_CRO_Phase_IV_16103-1_circular.pdf,https://www.crsbis.in/BIS/wtsnew.do
LEGAL,LEGAL-00046,,73,CIRC-29 Sep 2020-7968047122598210949,,First Licence for 'Induction Stove' as per IS 302-2-6 : 2009,Bureau of Indian Standards (BIS),2020-09-29,,First Licence for 'Induction Stove' as per IS 302-2-6 : 2009,IS 302,"Location of Licensee: Uttarakhand, India 6.",https://www.crsbis.in/BIS/app_srv/tdc/gl/docs/First_licence_CRO_Phase_IV_302-2-6_circular.pdf,https://www.crsbis.in/BIS/wtsnew.do
LEGAL,LEGAL-00047,,74,CIRC-29 Sep 2020-7460264520473161789,,First Licence for 'Rice Cooker' as per IS 302-2-15 : 2009,Bureau of Indian Standards (BIS),2020-09-29,,First Licence for 'Rice Cooker' as per IS 302-2-15 : 2009,IS 302,"Licensee: M/s Zhongshan Jinguang Household Appliance Manufacture Co., Ltd. Location of Licensee: GUANGDONG, CHINA 6.",https://www.crsbis.in/BIS/app_srv/tdc/gl/docs/First_licence_CRO_Phase_IV_302-2-15_circular.pdf,https://www.crsbis.in/BIS/wtsnew.do
LEGAL,LEGAL-00051,,75,CIRC-03 Aug 2020-8530208198859461182,,Frequently Asked Questions (FAQs) for implementation of revised IS 1293:2019 using in host/end products covered under CRO,Bureau of Indian Standards (BIS),2020-08-03,,Frequently Asked Questions (FAQs) for implementation of revised IS 1293:2019 using in host/end products covered under CRO,IS 1293 | IS 13252(Part 1) | IS 694 | IS 9968 | IS1293 | is 10 | is 23,"FAQ/1293 /July 2020 BUREAU OF INDIAN STANDARD (Registration Department) Frequently Asked Questions (FAQs) for Implementation of IS 1293: 2019, ""Plugs and socket-outlets for household and similar purposes of rated voltage up to and including 250 V & rated current up to and including 16 A for using in products under CRO. Q 1: As per circular of Registration Department, Ref: REG/G-5:4, dated 24 June 2020, deadline for implementation of IS 1293:2019 is given 23 Oct 2020 while as per The Gazette of India dated 18 May 2020, deadline for implementation of IS 1293:2019 is 1st Dec 2020, which one will be applicable? A: As per BIS circular, Ref: CMD-III/General, dated 27 March 2020, regarding Extension of date of implementation of revised IS 1293:2019 by the existing licensee of IS 1293:2005 is 23 Oct 2020, and the same is mentioned in the above circular of Registration Department. However, as per the latest Gazette of India, dated 18 May 2020, deadline for implementation QCO for IS 1293:2019, which is being brought under mandatory certification of BIS is 1st Dec 2020. A: As per BIS notification, the last date for implementation of IS 1293:2019 is 23 Oct 2020 for licensee of IS 1293. For sample submitted for testing after 23 October 2019, the plugs/socket used in host product shall certified as per IS 1293:2019. All plugs/sockets used in the host product shall mandatorily BIS certified after 01.12.2020. Q 4: If the manufacturer is using 10A Plug of BIS certified as per IS 1293:2005 for the end product like TV /Monitor/Note Book/Server/ Workstation, while 10A rating of Plug has been deleted from the scope of revised IS 1293:2019. A: There is no need to apply CCL update for end product to change of BIS certified Plug from 10A to 6 A or 16 A if the source (BIS licensee/CML no.) of Plug is same. However, a document in form of undertaking shall be uploaded on portal indicating the source and rating of plugs as per IS 1293:2019 to be used with the end product.",https://www.crsbis.in/BIS/app_srv/tdc/gl/docs/FAQ%201293-revised.pdf,https://www.crsbis.in/BIS/wtsnew.do
LEGAL,LEGAL-00126,,76,CIRC-16 Jul 2020-2883111968504859515,,Publication of Information under Smart Registration process to preserve confidentiality of product prior to their launch in Indian Market - Reg,Bureau of Indian Standards (BIS),2020-07-16,,Publication of Information under Smart Registration process to preserve confidentiality of product prior to their launch in Indian Market - Reg,,"The applicant who wishes to preserve confidentiality of the product till the date of the launch of product, shall submit the request in this regard through email registration@bis.gov.in, citing the “CRS ID/Inclusion ID - Request for Preserving Confidentiality of Product” and indicating date till which the information shall be withheld from publication in the public domain. After grant of registration/inclusion of model, the information shall be withheld from publication in the public domain by BIS till such date as requested. The applicant shall not make public claim regarding such registration with BIS till it is published by BIS.",https://www.crsbis.in/BIS/app_srv/tdc/gl/docs/Preserve_confidentiality.pdf,https://www.crsbis.in/BIS/wtsnew.do
LEGAL,LEGAL-00049,,77,CIRC-14 Jul 2020-8032669307252193930,,First licence for 'Storage Batteries for Solar Photovoltaic Application' as per IS 16270 : 2014,Bureau of Indian Standards (BIS),2020-07-14,,First licence for 'Storage Batteries for Solar Photovoltaic Application' as per IS 16270 : 2014,IS 16270,"Licensee: M/s LIVGUARD BATTERIES PRIVATE LIMITED 4. Location of Licensee: Himachal Pradesh, India 6.",https://www.crsbis.in/BIS/app_srv/tdc/gl/docs/First%20licence%20_IS_16270.pdf,https://www.crsbis.in/BIS/wtsnew.do
LEGAL,LEGAL-00103,,78,CIRC-02 Jul 2020-5171902208550588598,,Implementation of Amendment I to IS 16046 (Part 1) : 2018/IEC 62133 : 2017 and IS 16046 (Part 2) : 2018/IEC 62133-2 : 2017,Bureau of Indian Standards (BIS),2020-07-02,,Implementation of Amendment I to IS 16046 (Part 1) : 2018/IEC 62133 : 2017 and IS 16046 (Part 2) : 2018/IEC 62133-2 : 2017.,IS 16046 | IS 16046 (Part 1) | IS 16046 (Part 2),"Central Marks Department-III Ref: CMD-III/16: IS 16046 (Part 1), IS 16046 (Pt 2) 0 2 July 2020 Subject: Implementation of Amendment 1 to Revised Standards IS 16046 (Part 1): 2018/ IEC 62133-1: 2017 and IS 16046 (Part 2): 2018/ IEC 62133-2: 2017 1. As such, there are no additional requirements to be complied with for existing Applicants and Licensees. Hence its implementation maybe construed as deemed implementation along with IS 16046 (Part 1): 2018/ IEC 62133-1: 2017 and IS 16046 (Part 2): 2018/ IEC 62133-2: 2017. All Registered Manufacturers and Applicants may take note of the above.","https://www.crsbis.in/BIS/app_srv/tdc/gl/docs/IS%2016046%20(Pt%201,2).pdf",https://www.crsbis.in/BIS/wtsnew.do
LEGAL,LEGAL-00107,,79,CIRC-24 Jun 2020-3929762682069242882,,Implementation of Revised IS 1293 : 2019,Bureau of Indian Standards (BIS),2020-06-24,,Implementation of Revised IS 1293 : 2019,IS 1293 | is 23,"r Our ref: REG/G-5:4 Dated 24 June 2020 Subject: Implementation of Revised IS 1293: 2019, ""Plugs and socket-outlets for household and similar purposes of rated voltage up to and including 250 V & rated current up to and including 16 A. The last date for implementation of the revised Standard is 23 October 2020 after which the old Standard shall stand withdrawn. Plugs and sockets are covered under mandatory BIS certification vide Plugs and Socket-Outlets (Quality Control) Order, 2019 Existing Licensee: 1. No action is required for Licensee using BIS certified plugs/sockets from the same source as declared in the CCL list. The applicant shall ensure that, plugs/sockets used in the product are BIS certified as per IS 1293 with Standards Mark and the same shall be declared in the CCL list.",https://www.crsbis.in/BIS/app_srv/tdc/gl/docs/IS1293.pdf,https://www.crsbis.in/BIS/wtsnew.do
LEGAL,LEGAL-00130,,80,CIRC-17 Jun 2020-7182996438019767382,,Relaxation in online Test Request,Bureau of Indian Standards (BIS),2020-06-17,,Relaxation in online Test Request,,Further BIS recognized laboratories are hereby directed to issue all the Test Reports under SMART Registration by uploading them on CRS website within time-norms defined in LRS.,https://www.crsbis.in/BIS/app_srv/tdc/gl/docs/Relaxation_in_online_Test_Request.pdf,https://www.crsbis.in/BIS/wtsnew.do
LEGAL,LEGAL-00125,,81,CIRC-30 Apr 2020-2204141440237072568,,Processing of Applications for grant/inclusion/service requests on the basis of online submission of documents,Bureau of Indian Standards (BIS),2020-04-30,,Processing of Applications for grant/ inclusion/ service requests on the basis of online submission of documents,,"Applicant shall submit hard copy of the Affidavit within a period of 30 days after grant of licence. Licensee shall submit hard copy of the Affidavit within a period of 30 days after acceptance of change. In case the hard copy of Affidavit is not received by BIS within the stipulated period, action as per Guidelines for Scheme II and BIS (Conformity Assessment) Regulations 2018 shall be taken.",https://www.crsbis.in/BIS/app_srv/tdc/gl/docs/20200430_Discontinuation_of_hard_copies.pdf,https://www.crsbis.in/BIS/wtsnew.do
LEGAL,LEGAL-00156,,82,CIRC-20 Apr 2020-5975617839406887188,,SMART Registration - Discontinuation of offline test reports,Bureau of Indian Standards (BIS),2020-04-20,,SMART Registration - Discontinuation of offline test reports,,"The seminar was attended by representatives from MeitY, Industry associations, BIS recognized laboratories, licensees and Authorized Indian Representatives. Sample(s) submitted to BIS recognized laboratories for testing subsequent to 31 May 2020 through offline mode shall not be accepted for grant of licence/inclusion/CCL/changeover etc. Further BIS recognized laboratories are hereby directed to issue all the Test Reports under SMART Registration by uploading them on CRS website on the same day or the next day of the date of test report, failing which the Test Reports will be liable for rejection.",https://www.crsbis.in/BIS/app_srv/tdc/gl/docs/20200420_SMART%20Registration.pdf,https://www.crsbis.in/BIS/wtsnew.do
LEGAL,LEGAL-00055,,83,CIRC-01 Apr 2020-5405344686703496450,,Gazette Notification concerning expansion of list of items under CRO-Phase IV,Bureau of Indian Standards (BIS),2020-04-01,,Gazette Notification concerning expansion of list of items under CRO-Phase IV,IS 10322 | IS 13252 | IS 13252 | IS 16103 | IS 302 | IS 616,"The provisions of “Electronics and Information Technology Goods (Requirements for Compulsory Registration) Order, 2012” shall apply on the product categories added by virtue of this Order to the schedule of the said Order on the expiry of six months from the date of publication of this notification in the official Gazette. For all the product categories notified under the ""Electronics and Information Technology Goods (Requirement of Compulsory Registration) Order, 2012"", a transition period of three months (max), from the date of coming into effect of the Order for the particular product category, would be available to the representative of the foreign manufacturing unit having liaison office or branch office located in India for affixing Standard Mark at the ports which are already having unique registration number from the Bureau for clearance of goods from customs.",https://www.crsbis.in/BIS/app_srv/tdc/gl/docs/Phase_IV_Notification.pdf,https://www.crsbis.in/BIS/wtsnew.do
LEGAL,LEGAL-00164,,84,CIRC-30 Mar 2020-2256708631997085858,,Temporary measures for relaxation of provision of BIS (Conformity Assessment) Regulations 2018 for renewal of licence with late fee and renewal of deferred licence,Bureau of Indian Standards (BIS),2020-03-30,,Temporary measures for relaxation of provision of BIS (Conformity Assessment) Regulations 2018 for renewal of licence with late fee and renewal of deferred licence,,,https://www.crsbis.in/BIS/app_srv/tdc/gl/docs/20200330%20-%20CMD-I_1-1-8-Circular.pdf,https://www.crsbis.in/BIS/wtsnew.do
LEGAL,LEGAL-00027,,85,CIRC-27 Mar 2020-7134800370240735280,,Extension of Concurrent Running Period - Amendment to IS and Revised IS,Bureau of Indian Standards (BIS),2020-03-27,2020-03-01,Extension of Concurrent Running Period - Amendment to IS and Revised IS,IS 10842 | IS 11037 | IS 12227 | IS 12640 | IS 1293 | IS 13428 | IS 13703 | IS 14286 | IS 15111 | IS 15298 | IS 15462 | IS 15658 | IS 16046 | IS 16077 | IS 16169 | IS 1741 | IS 2347 | IS 245 | IS 2553 | IS 3976 | IS 4151 | IS 5382 | IS 5405 | IS 798 | IS 8472 | IS 8481,"Central Marks Department – III Our Ref: CMD-III/General 27 March 2020 Subject: (a) Extension of date of implementation of amendments to IS (b) Extension of date of implementation of revised IS This has reference to the subject mentioned above. Considering the practical difficulties that would prevent timely changeover due to the prevailing condition of lockdown, the following has been decided with the approval of DG: All the cases of concurrent running whose last date of implementation is 1 March 2020 and beyond has been given an extension of 90 days from the last date of implementation. All other provisions of implementation laid down in the relevant circular of CMD II and CMD III shall remain the same. All BOs may bring it to the notice of all Licensees and Applicants.",https://www.crsbis.in/BIS/app_srv/tdc/gl/docs/CMD-3_27032020.pdf,https://www.crsbis.in/BIS/wtsnew.do
LEGAL,LEGAL-00127,,86,CIRC-27 Feb 2020-1856863751364201850,,Refund of Online Fee,Bureau of Indian Standards (BIS),2020-02-27,,Refund of Online Fee,,"Applicants and licensees can raise request for refund from the tab ‘Refund’ on their home page. In case the applicant/licensee is unable to raise refund request against any transaction, they may send an email to registration@bis.gov.in with subject line ‘Request for refund of online payment’. The request for refund should be made from login/registered email of applicant/licensee/ Authorized Indian Representative else the request may not be addressed. Refund request may be raised by applicants/licensees themselves for duplicate payments or payments where no service has been given by BIS. Refund request may also be raised by BIS officers based on request of applicants/licensees.",https://www.crsbis.in/BIS/app_srv/tdc/gl/docs/Refund_Online_Fee.pdf,https://www.crsbis.in/BIS/wtsnew.do
LEGAL,LEGAL-00033,,87,CIRC-11 Feb 2020-985919423774903198,,Extension of Date of Implementation of revised IS 16046,Bureau of Indian Standards (BIS),2020-02-11,,Extension of Date of Implementation of revised IS 16046,IS 16046,,https://www.crsbis.in/BIS/app_srv/tdc/gl/docs/3_7_2019-20.pdf,https://www.crsbis.in/BIS/wtsnew.do
LEGAL,LEGAL-00060,,88,CIRC-05 Dec 2019-9126964370183392169,,Gazette Notification for Quality Control Order for Plugs and Socket-Outlets,Bureau of Indian Standards (BIS),2019-12-05,,Gazette Notification for Quality Control Order for Plugs and Socket-Outlets,IS 1293 | IS 15884,"(2) It shall come into force with effect from 01.06.2020. Compulsory use of Standard Mark.- Goods or articles specified in column (2) of the below mentioned Table shall conform to the corresponding Indian Standard as specified in column (3) of the said Table and shall bear the Standard Mark under a license from the Bureau as per Scheme-I of Schedule-II of the Bureau of Indian Standards (Conformity Assessment) Regulations, 2018: Provided that nothing in this Order shall apply to goods or articles meant for export. – The Bureau shall be the certifying and enforcing authority for the goods or articles specified in the column (2) of the said Table. Alternating Current Direct Connected Static Prepayment Meters for Active Energy IS 15884:2010 Alternating Current Direct Connected Static Prepayment Meters for Active Energy (Class1 and 2)- Specification Note: For the purposes of this Table, the latest version of Indian Standards including the amendments issued thereof, as may be notified by the Bureau from time to time, shall apply from the date of such notification.",https://www.crsbis.in/BIS/app_srv/tdc/gl/docs/Plug%20and%20socket%20QCO.pdf,https://www.crsbis.in/BIS/wtsnew.do
LEGAL,LEGAL-00045,,89,CIRC-14 Nov 2019-5254960221269550668,,FAQs - Cells and Batteries,Bureau of Indian Standards (BIS),2019-11-14,2020-03-14,FAQs - Cells and Batteries,IS 16046 | IS 16046 (Part 1) | IS 16046 (Part 2) | IS 16046 | IS 16047 | IS 16048,"Updated (Revision 01):14 Nov 2019 Page 1 of 5 Bureau of Indian Standards Registration Department Frequently Asked Questions (FAQs) on Changeover Guidelines for Implementation of revised Standards of Batteries / Cells i.e. IS 16046 (Part 1) : 2018/IEC 62133-1:2017 - for Nickel Systems and IS 16046 (Part 2) : 2018/ IEC 62133-2:2017 - for Lithium Systems Q1 : As a manufacturer located outside India can we import Batteries / Cells as per IS 16046:2015 after the last date of implementation. A1 : Import of Batteries / Cells after the last date of implementation is not permitted Q2 : As a domestic manufacturer, can we manufacture Batteries / Cells as per IS 16046:2015 after the last date of implementation A2 : Manufacture of Batteries / Cells as per IS 16046:2015 after the last date of implementation is not permitted. Q3 : If stock of the Batteries / Cells as per IS 16046:2015 could not be exhausted by the last date of implementation , in that case what we have to do as a Stockist of Batteries / Cells ? A3 : If product has been imported to India before the last date of implementation or manufactured by the domestic manufacturers before the last date of implementation, then the stock can be sold in India. If the stock of our host product fitted with Batteries as per IS 160465:2015 could not be exhausted till the last date of implementation what is to be done? A5 : Host product incorporating batteries manufactured as per IS 16046:2015 before the last date of implementation can be sold in the market. A6 : Batteries as per IS 16046:2015 manufactured/imported before the last date of implementation can be used for manufacture of host product. A7: Batteries as per IS 16046:2015 manufactured/imported before the last date of implementation can be used for manufacture of host product. However, registration as per IS 16046:2015 will be cancelled after the last date of implementation i.e.",https://www.crsbis.in/BIS/app_srv/tdc/gl/docs/FAQs-Cells-and-Batteries-14-Nov.pdf,https://www.crsbis.in/BIS/wtsnew.do
LEGAL,LEGAL-00115,,90,CIRC-06 Sep 2019-2270717750040063691,,Marking requirement for CRS as per BIS (Conformity Assessment) Regulation,Bureau of Indian Standards (BIS),2019-09-06,,Marking requirement for CRS as per BIS (Conformity Assessment) Regulation,,,https://www.crsbis.in/BIS/app_srv/tdc/gl/docs/Marking%20requirement%20as%20per%20BIS%20(Conformity%20Assessment)%20Regulations.pdf,https://www.crsbis.in/BIS/wtsnew.do
LEGAL,LEGAL-00119,,91,CIRC-16 Jul 2019-7286579174383949349,,Online module for revision of IS 16046 as per Option A,Bureau of Indian Standards (BIS),2019-07-16,,Online module for revision of IS 16046 as per Option A,IS 16046 | IS 16046 (Part 1) | IS 16046 (Part 2),This has reference to CMD-III’s guidelines Ref: CMD-III/16: IS 16046 dated 11 March 2019 with the subject ‘Guidelines for Implementation of Revised Standards IS 16046 (Part 1): 2018/IEC 62133-1: 2017 and IS 16046 (Part 2): 2018/ IEC 62133-2: 2017 superseding IS 16046:2015/ IEC 62133: 2012 - Secondary cells and batteries containing alkaline or other non-acid electrolytes’. The following online procedure is to be followed if registered manufacturers wish to apply for changeover using option A: a.,https://www.crsbis.in/BIS/app_srv/tdc/gl/docs/20190716_online_module_revision_IS16046.pdf,https://www.crsbis.in/BIS/wtsnew.do
LEGAL,LEGAL-00044,,92,CIRC-21 Jun 2019-330402648249853655,,FAQ for cells and batteries,Bureau of Indian Standards (BIS),2019-06-21,2020-03-14,FAQ for cells and batteries,IS 16046 | IS 16046 | IS 16047 | IS 16048,"FAQs FAQs on Changeover Guidelines for Implementation of revised Standards of Batteries / Cells i.e. IS 16046(Part-1):2018/IEC 62133-1:2017 - for Nickel Systems and IS 16046(Part-2):2018/ IEC 62133-2:2017 - for Lithium Systems Q1 : As a manufacturer located outside India can we import Batteries / Cells as per IS 16046:2015 after the last date of implementation. A1 : Import of Batteries / Cells after the last date of implementation is not permitted Q2 : As a domestic manufacturer, can we manufacture Batteries / Cells as per IS 16046:2015 after the last date of implementation A2 : Manufacture of Batteries / Cells as per IS 16046:2015 after the last date of implementation is not permitted. Q3 : If stock of the Batteries / Cells as per IS 16046:2015 could not be exhausted by the last date of implementation , in that case what we have to do as a Stockist of Batteries / Cells ? A3 : If product has been imported to India before the last date of implementation or manufactured by the domestic manufacturers before the last date of implementation, then the stock can be sold in India. If the stock of our host product fitted with Batteries as per IS 160465:2015 could not be exhausted till the last date of implementation what is to be done? A5 : Host product incorporating batteries manufactured as per IS 16046:2015 before the last date of implementation can be sold in the market. A6 : Batteries as per IS 16046:2015 manufactured/imported before the last date of implementation can be used for manufacture of host product. A7: Batteries as per IS 16046:2015 manufactured/imported before the last date of implementation can be used for manufacture of host product. However, registration as per IS 16046:2015 will be cancelled after the last date of implementation i.e.",https://www.crsbis.in/BIS/app_srv/tdc/gl/docs/FAQs%20-%20Cells%20and%20Batteries.pdf,https://www.crsbis.in/BIS/wtsnew.do
LEGAL,LEGAL-00154,,93,CIRC-15 May 2019-5532099422518034076,,SMART Registration,Bureau of Indian Standards (BIS),2019-05-15,,SMART Registration,,"The seminar was attended by representatives from MeitY, Industry associations, BIS recognized laboratories, licensees and Authorized Indian Representatives.",https://www.crsbis.in/BIS/app_srv/tdc/gl/docs/20190515_SMART_Registration.pdf,https://www.crsbis.in/BIS/wtsnew.do
LEGAL,LEGAL-00011,,94,CIRC-09 May 2019-3115507401273569599,,Automatic processing of Model Withdrawal and CCL updation,Bureau of Indian Standards (BIS),2019-05-09,,Automatic processing of Model Withdrawal and CCL updation,,"Licensees are advised to check the correctness of model number on portal prior to submission of online request and any discrepancy may be brought to notice of BIS before online submission. Model withdrawal / EOL declaration does not absolve licensee/AIR of the responsibility of the product in accordance with BIS Act, Rules & Regulations. Licensee may kindly note that change of source or addition in alternate safety critical components can constitute a CCL update. CCL update request, when submitted by licensee, will be placed on records and an automated intimation would be sent.",https://www.crsbis.in/BIS/app_srv/tdc/gl/docs/MW%20and%20CCL%20circular.pdf,https://www.crsbis.in/BIS/wtsnew.do
LEGAL,LEGAL-00008,,95,CIRC-01 May 2019-2559319314042457974,,Applicability of IS 16333 (Part 3),Bureau of Indian Standards (BIS),2019-05-01,,Applicability of IS 16333 (Part 3),IS 16333 (Part 3) | IS 16333(Part 3),‘Smart Watch’ or ‘ADPM’ and Registration shall be granted to the product under the category for which it has been notified without seeking compliance to Indian language support as per IS 16333(Part 3).,https://www.crsbis.in/BIS/app_srv/tdc/gl/docs/Applicability%20of%20IS%2016333%20(Part%203).pdf,https://www.crsbis.in/BIS/wtsnew.do
LEGAL,LEGAL-00155,,96,CIRC-28 Mar 2019-6548984291420404234,,"""SMART Registration (CRS)"" - Launch Event",Bureau of Indian Standards (BIS),2019-03-28,,"""SMART Registration (CRS)"" - Launch Event",,,https://goo.gl/forms/WZS8Y3Co0Yv9zUMd2,https://www.crsbis.in/BIS/wtsnew.do
LEGAL,LEGAL-00137,,97,CIRC-11 Mar 2019-2456462580232787632,,Revision of IS 16046 : 2015,Bureau of Indian Standards (BIS),2019-03-11,,Revision of IS 16046 : 2015,IS 16046 | IS 16046 (Part 1) | IS 16046 (Part 2) | IS 16046 | IS 16046 | is 14,"Central Marks Department-III Ref: CMD-III/16: IS 16046 11 March 2019 Subject: Guidelines for Implementation of Revised Standards IS 16046 (Part 1): 2018/ IEC 62133-1: 2017 and IS 16046 (Part 2): 2018/ IEC 62133-2: 2017 superseding IS 16046:2015/ IEC 62133: 2012 - Secondary cells and batteries containing alkaline or other non-acid electrolytes. The last date for implementation of the revised Standards is 14 March 2020 after which the old Standard IS 16046:2015/IEC 62133: 2012 shall stand withdrawn. Licensees/ Applicants shall ensure that the product conforms to all the requirements, as applicable, as per the revised Standard. Considering the above changes, the additional/modified tests that are to be conducted for changeover for the existing registered manufacturers are tabulated below. For Nickel Systems (IS 16046 (Part 1): 2018/ IEC 62133-1: 2017) Clause Inspection/ Test 5.2 Insulation and wiring Mechanical integrity of internal connections to be checked where connections are through soldering 5.6 Assembly of cells into batteries Batteries shall be inspected for the following: The battery shall have some type of safety device or feature for charging. Batteries that are designed for the selective discharge of a portion of their series connected cells shall have circuitry incorporated to prevent operation of cells outside the limits specified by the cell manufacturer. the force applied 8.2, 9.3 Small cell and battery safety information Small cell and battery packages to be inspected for caution information 10 Packaging Packaging for button cells shall not be small enough to fit within the limits of the ingestion gauge of Figure 2 of IS 16046 (Part 1): 2018 For Lithium Systems (IS 16046 (Part 2): 2018/ IEC 62133-2: 2017) Clause Test 5.2 Insulation and wiring Mechanical integrity of internal connections to be checked where connections are through soldering 5.6.1 Assembly of cells into batteries Batteries shall be inspected for the following: If there is more than one battery housed in a single battery case, each battery should have protective circuitry that can maintain the cells within their operating regions. Batteries that are designed for the selective discharge of a portion of their series connected cells shall have circuitry incorporated to prevent operation of cells outside the limits specified by the cell manufacturer. Protective circuit components should be added as appropriate and consideration given to the end- device application. The manufacturer of the battery should provide a safety analysis of the battery safety circuitry with a test report including a fault analysis of the protection circuit under both charging and discharging conditions confirming the compliance.",https://www.crsbis.in/BIS/app_srv/tdc/gl/docs/Guidelines_Modified.pdf,https://www.crsbis.in/BIS/wtsnew.do
LEGAL,LEGAL-00066,,98,CIRC-28 Jan 2019-8339168060164380094,,"Guidelines for Implementation of Amendment 1 to IS 10322 (Part 5/Sec 5):2013, ""Luminaires: Part 5 Particular requirements, Section 5 Flood light""",Bureau of Indian Standards (BIS),2019-01-28,2019-08-18,"Guidelines for Implementation of Amendment 1 to IS 10322 (Part 5/ Sec 5):2013, ""Luminaires: Part 5 Particular requirements, Section 5 Flood light""",IS 10322 (Part 5 | is 18,"Central M arks Department-III Ref: CMD-III/16: IS 10322 (Part 5/ Sec 5) 28 January 2019 Subject: Guidelines for Implementation of Amendment 1 to IS 10322 (Part 5/ Sec 5): 2013, “Luminaires: Part 5 Particular requirements, Section 5 Flood light” 1. The last date for implementation of the amendment is 18 September 2019. The guidelines for implementation of the amendment is given below: a) All Licensees shall ensure that the Models marked with the Standard Mark conform to all the requirements of IS 10322 (Part 5/ Sec 5): 2013 including amendment 1. c) New Application/Inclusion requests without amendment 1 shall be accepted only up to one month before the last date of implementation i.e. Beyond 18 August 2019, all Applications/ inclusion requests shall be as per IS 10322 (Part 5/ Sec 5): 2013 with Amendment 1. d) All Licensees shall implement the Amendment to this Standard on or before 18 September 2019 by submitting supplementary Test Report(s) for all the base models covered in the Scope of Licence. The Test Report(s) shall be from any BIS approved lab for the additional requirements as per the Amendment. It shall be ensured that no Licences are under operation as per IS 10322 (Part 5/ Sec 5): 2013 without Amendment 1 after 18 September 2019. e) In case Registered Manufacturer fails to implement the amendment on or before 18 September 2019, suitable action as per BIS Conformity Assessment Regulations, 2018 shall be initiated. All Registered Manufacturers and Applicants shall take timely actions for implementation of the Amendment as per the above guidelines.",https://www.crsbis.in/BIS/app_srv/tdc/gl/docs/Guidelines_10322%20_5_5.pdf,https://www.crsbis.in/BIS/wtsnew.do
LEGAL,LEGAL-00110,,99,CIRC-08 Jan 2019-8049437550290341496,,Issue of letters with QR Codes,Bureau of Indian Standards (BIS),2019-01-08,2019-01-08,Issue of letters with QR Codes,,"Since the letters will be system generated and its content will be based on the data entered on portal by the manufacturers/applicants, hence, the manufacturers/applicants are advised to take precautions and double check the data before submitting any request on the portal.",https://www.crsbis.in/BIS/app_srv/tdc/gl/docs/20190107_G_14-1_Letters%20with%20QR%20Code.pdf,https://www.crsbis.in/BIS/wtsnew.do
LEGAL,LEGAL-00114,,100,CIRC-31 Aug 2018-7471539177396816829,,Marking of the website reference of the Bureau,Bureau of Indian Standards (BIS),2018-08-31,2019-03-01,Marking of the website reference of the Bureau,,"BUREAU OF INDIAN STANDARD Registration Department Our Ref: Registration/CRS (E & IT Goods) Subject: Marking of the website reference of the Bureau 31 Aug 2018 This has reference to the marking of website of the Bureau as per para 6(7) of scheme-II of schedule-II of BIS (Conformity Assessment) Regulations 2018, i.e, ""The marking details shall contain reference to the website of the Bureau so that consumer may verify the authenticity of the standard marked product."" The guidelines for marking of the website of the Bureau are as given below, 1. BIS website reference shall be marked as www.bis.gov.in and same shall meet all the requirements as applicable to that of registration number marked along with standard mark. BIS website reference shall be provided, wherever the standard mark is marked. Above marking requirement shall be implementation with effect from 1 March 2019.",https://www.crsbis.in/BIS/app_srv/tdc/gl/docs/Marking_Website_reference_the_Bureau.pdf,https://www.crsbis.in/BIS/wtsnew.do
LEGAL,LEGAL-00113,,101,CIRC-30 Aug 2018-2735635995874929832,,Marking details/ratings of registered product,Bureau of Indian Standards (BIS),2018-08-30,,Marking details/ratings of registered product,,"It is therefore advised to all the registered manufacturers to adhere to the declarations made to BIS at the time of registration. If at any stage it is detected that the product has been marked with ratings/details other than that declared during the grant of registration/inclusion, the action will be taken against the manufacturer as per provision of BIS Act, Rules and Regulations.",https://www.crsbis.in/BIS/app_srv/tdc/gl/docs/Registration_G-14_1_Marking_details.pdf,https://www.crsbis.in/BIS/wtsnew.do
LEGAL,LEGAL-00002,,102,CIRC-30 Aug 2018-2605546893479141571,,Acceptance of Test Reports for the product Crystalline Silicon Terrestrial Photovoltaic CPV)modules issued before MNRE guidelines,Bureau of Indian Standards (BIS),2018-08-30,,Acceptance of Test Reports for the product Crystalline Silicon Terrestrial Photovoltaic CPV)modules issued before MNRE guidelines,,"MNRE Guidelines for series approval of Spy Modules for conducting testing in test labs for implementation of solar photovoltaic systems, Devices and Component goods Order 2017 have been issued on 09.07.2018. As per Para 3 on page 2 of Guidelines it is mentioned that the sample which have already been submitted to Test Lab or in the process of submission till 30.06.2018 will be processed based on the undertaking by manufacturer for compliance of the instruction contained in these guidelines to BIS for granting registration. We, (name of manufacturer) have applied for BIS Registration for product (name of product) and we are aware about MNRE Guidelines for series approval of SPV Modules dated 09/07/2018. Signature of CEO/Authorized Representative Name: Designation: Date: Counter Signature of Authorized Indian Representative: (for Foreign Manufacturers) Name: Designation:",https://www.crsbis.in/BIS/app_srv/tdc/gl/docs/G-14_4_Acceptance_TR_issued_before_MNRE_guidelines.pdf,https://www.crsbis.in/BIS/wtsnew.do
LEGAL,LEGAL-00010,,103,CIRC-20 Jul 2018-1772154890583332627,,Automated Renewal/Deferment/Lapsing,Bureau of Indian Standards (BIS),2018-07-20,,Automated Renewal/Deferment/Lapsing,,"In the instances where renewal application has been submitted within validity period and no surveillance feedback is received from MeitY, and no action is pending due to implementation of amendment/revision of standard and there is no change in the Authorized Indian Representative, renewal of Registration will be effected automatically. Lapsing: If renewal application with requisite fee is not received within the period of deferment, the licence shall stand expired after the date of its validity.",https://www.crsbis.in/BIS/app_srv/tdc/gl/docs/20180720_Autorenewal.pdf,https://www.crsbis.in/BIS/wtsnew.do
LEGAL,LEGAL-00063,,104,CIRC-20 Jul 2018-6368788344396212546,,Gazzette Notification for revision of IS 16046 : 2015,Bureau of Indian Standards (BIS),2018-07-20,,Gazzette Notification for revision of IS 16046 : 2015,IS 12591 | IS 138 | IS 16046 | IS 16046 (Part 1) | IS 16046 (Part 2) | IS 16047 | IS 16047 (Part 3) | IS 1874 | IS 1993 | IS 3400 (Part 3) | IS 7016 (Part 6) | IS 7016 (Part 6 | IS 9034,"The particulars of the standards, if any, which are given in the fourth column shall also remain in force concurrently till they are cancelled on the date indicated against them in the fifth column. 3(ii)] Copies of these standards are available for sale with the Bureau of Indian Standards, Manak Bhawan, 9 Bahadur Shah Zafar Marg, New Delhi – 110002 and Regional Offices : Kolkata, Chandigarh, Chennai, Mumbai and also Branch Offices: Ahmedabad, Bangalore, Bhopal, Bhubaneshwar, Coimbatore, Guwahati, Hyderabad, Jaipur, Kanpur, Nagpur, Patna, Pune, Kochi Online purchase of Indian Standards can be made at http:/www.standardbis.in. The particulars of the standards, if any, which are given in the fourth column shall also remain in force concurrently till they are cancelled on the date indicated against them in the fifth column. 3(ii)] Copies of these standards are available for sale with the Bureau of Indian Standards, Manak Bhawan, 9, Bahadur Shah Zafar Marg, New Delhi – 110002 and Regional Offices : Kolkata, Chandigarh, Chennai, Mumbai and also Branch Offices: Ahmedabad, Bangalore, Bhopal, Bhubaneshwar, Coimbatore, Guwahati, Hyderabad, Jaipur, Kanpur, Nagpur, Patna, Pune, Kochi Online purchase of Indian Standards can be made at http:/www.standardbis.in.",https://www.crsbis.in/BIS/app_srv/tdc/gl/docs/IS_16046_2015.pdf,https://www.crsbis.in/BIS/wtsnew.do
LEGAL,LEGAL-00104,,105,CIRC-10 Jul 2018-4640540971146718499,,Implementation of BIS Regulations 2018,Bureau of Indian Standards (BIS),2018-07-10,,Implementation of BIS Regulations 2018,,,https://www.crsbis.in/BIS/app_srv/tdc/gl/docs/20180710_Implementation_of_BIS_Regulations_2018.pdf,https://www.crsbis.in/BIS/wtsnew.do
LEGAL,LEGAL-00013,,106,CIRC-25 Jun 2018-8137053325197119392,,BIS Rules 2018,Bureau of Indian Standards (BIS),2018-06-25,,BIS Rules 2018,,"(2) They shall come into force on the date of their publication in the Official Gazette. - (1) In these rules, unless the context otherwise requires, - (a) ""Act"" means the Bureau of Indian Standards Act, 2016 (11 of 2016); (b) ""Advisory Committee"" means an Advisory Committee constituted by the Governing Council under sub-section (1) of section 5 of the Act; (c) “certificate of conformity” means a certificate granted by the Bureau or designated authority demonstrating that an article, process, system, service, has been determined to be in compliance with a standard or specified requirements, following assessment of conformity; (d) “compounding authority” means an officer authorised by the Director General to be the compounding authority under sub- rule (1) of rule 50; (e) ""Consultant"" means an expert or an organisation of experts engaged for a specific task relating to standards formulation to whom a fee is payable by the Bureau; (f) ""Director General"" means Director General of the Bureau; (g) ""form"" means form as specified by the Bureau from time to time provided that if any such form is specified by the Central Government for a purpose, that form shall prevail; (h) ""licensee"" means a person to whom a licence has been granted under the Act; ¹Hkkx IIµ[k.M 3(i)º Hkkjr dk jkti=k % vlk/kj.k 17 (i) ""technical committee"" means a committee constituted by the Bureau under sub-section (3) of section 10 of the Act and includes a Division council, sectional committee, sub-committee, panel, working group or any other committee; (j) ""year"" means the financial year commencing on the first day of April and ending on the 31st day of March. (2) Words and expressions used in these rules and not defined but defined in the Act shall have the meanings respectively assigned to them in the Act. - (1) The Governing Council shall consist of the following members, namely: – (a) the Minister in charge of the Ministry or Department of the Central Government having administrative control of the Bureau who shall be ex officio President of the Bureau; (b) the Minister of State or a Deputy Minister, if any, in the Ministry or Department of the Central Government having administrative control of the Bureau who shall be ex officio Vice-President of the Bureau, and where there is no such Minister of State or Deputy Minister, such person as may be nominated by the Central Government to be the Vice-President of the Bureau; (c) the Secretary to the Government of India in charge of the Ministry or Department of the Central Government having administrative control of the Bureau, ex officio; (d) the Director General of the Bureau, ex officio; (e) two Members of Parliament of whom one shall be from the House of the People and one from the Council of States; (f) three persons representing the Ministries and Departments of the Central Government dealing with important subjects of interest to the Bureau; (g) five representatives - one each from five zones of the State Governments and the Union territories on rotation basis who shall be, - (i) the Minister in charge or Secretary of the Department having administrative control over quality and standards in the case of States and Union territories having a Council of Ministers; and (ii) the Administrator or the Chief Executive Councillor, as the case may be, in the case of Union territories, not having a Council of Ministers; (h) two persons representing consumer organisations which in the opinion of the Central Government are active and effective in their operations, or are in the opinion of that Government are capable of representing consumer interests; (i) one person, who, in the opinion of the Central Government, is capable of representing farmers' interests; (j) five persons representing the industry and trade and their associations and public sector enterprises to be chosen as follows:- (i) President or Director General or Secretary General of three industry associations or federations of all India level; (ii) Chief Executive of one Central or State Public Sector Enterprise related to subjects of importance to the Bureau; (iii) Chairman or Managing Director of one industrial organisation, other than the public sector, who is awardee of a national or an international award for quality; (k) three persons representing the scientific and research institutions, technical, educational and professional organisations related to subjects of importance to the Bureau; (l) one person representing regulatory authorities or bodies dealing with important subjects of interest to the Bureau; 18 THE GAZETTE OF INDIA : EXTRAORDINARY [PART II—SEC. Explanation - For the purposes of clause (g), the five zones of States and Union territories shall be as under:- North (1) East (2) West (3) South (4) North-East (5) 1. Lakshadweep Islands (2) The term of office of a member shall continue so long as he holds the office by virtue of which he is such a member. - (1) Members appointed under clause (e) to clause (m) of sub-rule (1) of rule 3 shall hold office for a period of two years and shall be eligible for reappointment. (2) A member appointed under sub-rule (1) of rule 3 who desire to resign from membership of the Governing Council shall forward his letter of resignation under his own hand to the Central Government and such resignation shall take effect from the date of its acceptance by the Central Government or on the expiry of a period of one month from the date of its receipt by the Central Government, whichever is earlier. (3) When a vacancy occurs by resignation of a member under sub-rule (2) or otherwise, the Central Government shall take steps to fill the vacancy within a period of six months from the date of its occurrence by making an appointment from amongst the category of persons to which the person who vacated the office belonged and the person so appointed shall hold office for the remainder of the term of office of the member in whose place he is appointed. (4) A person shall be disqualified for being appointed as a member or shall be removed from membership by the Central Government if he,- (a) has been convicted and sentenced to imprisonment for an offence, which, in the opinion of the Central Government, involves moral turpitude; or (b) is an undischarged insolvent; or (c) is of unsound mind and stands so declared by a competent court; or (d) has been removed or dismissed from the service of the Government or a body corporate owned or controlled by the Government; or (e) has in the opinion of the Central Government such financial or other interest in the Bureau as is likely to affect prejudicially the discharge by him of his functions as a member: ¹Hkkx IIµ[k.M 3(i)º Hkkjr dk jkti=k % vlk/kj.k 19 Provided that no member shall be removed on the ground that he has become subject of the disqualification mentioned under clause (e) unless he has been given a reasonable opportunity of being heard in the matter.",https://www.crsbis.in/BIS/app_srv/tdc/gl/docs/BIS_Rules_2018.pdf,https://www.crsbis.in/BIS/wtsnew.do
LEGAL,LEGAL-00057,,107,CIRC-20 Jun 2018-6116394950031527577,,Gazette notification for extension of concurrent running IS 616,Bureau of Indian Standards (BIS),2018-06-20,,Gazette notification for extension of concurrent running IS 616,IS 616,,https://www.crsbis.in/BIS/app_srv/tdc/gl/docs/Corrigendum_to_616.pdf,https://www.crsbis.in/BIS/wtsnew.do
LEGAL,LEGAL-00025,,108,CIRC-18 Jun 2018-8214288004657970821,,Extension in date of Implementation of revised IS 616 : 2010/IEC 60065 : 2014,Bureau of Indian Standards (BIS),2018-06-18,,Extension in date of Implementation of revised IS 616 : 2010/IEC 60065 : 2014,IS 616 | is 31,"REGISTRATION DEPARTMENT Our Ref: Registration/IS 616 18.06.2018 Subject: Extension in the date of Implementation of revised IS 616:2017/IEC 60065:2014 superseding IS 616:201(lIIEC 60065:2005 - Audio, Video and similar Electronic Apparatus - Safety Requirements IS 616:2010/IEC 60065:2005 has been revised as IS 616:2017/IEC 60065:2014 and both the versions are under concurrent running upto 27.06.2018.BlS Guidelines for implementation of IS 616:2017/IEC 60065:2014 have been issued vide our circular reference no.CMD-III:16/IS 616 dated 13.09.2017. Competent Authority ofBIS has agreed for the extension of the concurrent running period of the standards to 31.12.2018 and hence the last date of implementation of IS 616:2017llEC 60065:2014 is 31.12.2018, with no change in the BlS Guidelines. All new applicants applying as per IS 616:201O/IEC 60065:2005 shall give an undertaking (Format at Annex 1) that they shall switchover to IS 616:2017/IEC 60065:2014 before 31.12. All existing registered manufacturers are required to apply online for changeover before 31.12.2018. They shall also submit an undertaking (Format at Annex 2) that all models of the product (base and series models) conform to IS 616:2017/IEC 60065:2014 and only those models found conforming to the revised standard shall be marked with the Standard Mark to IS 616:2017/IEC 60065:2014 along with Registration number and that models as per old version of Standard shall not be marked .after 31.12.2018. We are also aware that this Standard has been revised as IS 616:2017/ÌEC 60065:2014 and that the old version of the Standard shall stand cancelled after 31 Dec 2018. We shall take timely actions to ensure for changeover to the new version before the last date of i.e. We undertake that after 31 Dec 2018 only those models conforming to IS 616:2017/IEC 60065:2014 shall be marked with Standard Mark after receiving intimation from BIS, on changeover to the Revised Standard. We also undertake that after 31 Dec 2018, models as per old version of the Standard shall not be marked with Standard Mark. We also understand that in case changeover to the revised Standard is not completed before 31 Dec 2018, the Registration granted to us shall be liable to be cancelled by BIS without any further reference.",https://www.crsbis.in/BIS/app_srv/tdc/gl/docs/616_Extension_Guidelines.pdf,https://www.crsbis.in/BIS/wtsnew.do
LEGAL,LEGAL-00012,,109,CIRC-04 Jun 2018-4573066735093271409,,BIS (Conformity Assessment) Regulations 2018,Bureau of Indian Standards (BIS),2018-06-04,,BIS (Conformity Assessment) Regulations 2018,IS 10001 | IS 10025 | IS 10065 | IS 1007 | IS 1008 | IS 10080 | IS 10086 | IS 1011 | IS 10124 | IS 10124 | IS 1015 | IS 10212 | IS 10228 | IS 10238 | IS 10243 | IS 10245 | IS 10245 | IS 10264 | IS 1030 | IS 10322 | IS 10325 | IS 10350 | IS 1038 | IS 10508 | IS 1051 | IS 10532 | IS 10577 | IS 10592 | IS 1061 | IS 10617 | IS 10647 | IS 1065 | IS 10658 | IS 1069 | IS 10701 | IS 10702 | IS 10748 | IS 10758 | IS 10775 | IS 1079 | IS 10805 | IS 1084 | IS 10889 | IS 10908 | IS 11006 | IS 11010 | IS 11037 | IS 11087 | IS 1109 | IS 11169 | IS 1117 | IS 11170 | IS 11188 | IS 11226 | IS 11241 | IS 11279 | IS 11313 | IS 11378 | IS 1144 | IS 11459 | IS 11501 | IS 11513 | IS 11536 | IS 1155 | IS 11552 | IS 11569 | IS 11584 | IS 1159 | IS 1161 | IS 11646 | IS 11646 | IS 1165 | IS 11652 | IS 1166 | IS 11673 | IS 1170 | IS 11708 | IS 11722 | IS 11785 | IS 1180 | IS 11833 | IS 11879 | IS 11928 | IS 11995 | IS 11997 | IS 12016 | IS 12109 | IS 1221 | IS 12225 | IS 12227 | IS 1223 | IS 12232 | IS 12234 | IS 12254 | IS 12299 | IS 12330 | IS 12337 | IS 1237 | IS 1239 | IS 1239 | IS 12406 | IS 12427 | IS 12444 | IS 12463 | IS 12492 | IS 1251 | IS 1258 | IS 12585 | IS 12586 | IS 12591 | IS 12592 | IS 12594 | IS 12615 | IS 12640 | IS 12640 | IS 12650 | IS 12664 | IS 1269 | IS 1269 | IS 12701 | IS 12709 | IS 12751 | IS 12766 | IS 12776 | IS 12785 | IS 12786 | IS 12817 | IS 12818 | IS 12823 | IS 12866 | IS 12894 | IS 12912 | IS 12913 | IS 12916 | IS 1293 | IS 12931 | IS 12933 | IS 12950 | IS 12981 | IS 13000 | IS 13010 | IS 13021 | IS 13021 | IS 13049 | IS 13095 | IS 13098 | IS 13114 | IS 13152 | IS 1319 | IS 13209 | IS 13213 | IS 1321 | IS 1322 | IS 13258 | IS 1328 | IS 13334 | IS 13334 | IS 13340 | IS 13382 | IS 13385 | IS 13386 | IS 133 | IS 1341 | IS 13422 | IS 13428 | IS 13429 | IS 13457 | IS 13466 | IS 13487 | IS 13488 | IS 13502 | IS 13584 | IS 13585 | IS 13592 | IS 13620 | IS 1363 | IS 1363 | IS 1363 | IS 1364 | IS 13692 | IS 1370 | IS 13703 | IS 13714 | IS 13730 | IS 13730 | IS 13730 | IS 13730 | IS 1374 | IS 13779 | IS 13785 | IS 13787 | IS 13801 | IS 1381 | IS 13947 | IS 13947 | IS 13958 | IS 13983 | IS 13997 | IS 14106 | IS 14151 | IS 14151 | IS 14158 | IS 14166 | IS 14182 | IS 14183 | IS 14184 | IS 14186 | IS 14203 | IS 1422 | IS 14220 | IS 14246 | IS 14252 | IS 14255 | IS 14261 | IS 14268 | IS 14276 | IS 14300 | IS 14333 | IS 14394 | IS 14399 | IS 14402 | IS 14411 | IS 14429 | IS 14433 | IS 14443 | IS 14483 | IS 14490 | IS 14494 | IS 14506 | IS 14510 | IS 14543 | IS 14544 | IS 14550 | IS 14552 | IS 14561 | IS 14587 | IS 14605 | IS 14606 | IS 14609 | IS 14611 | IS 14613 | IS 14616 | IS 14625 | IS 14650 | IS 14697 | IS 1470 | IS 14724 | IS 14735 | IS 14743 | IS 14746 | IS 14756 | IS 1475 | IS 14768 | IS 14769 | IS 14772 | IS 14806 | IS 14807 | IS 14845 | IS 14846 | IS 14855 | IS 14862 | IS 14871 | IS 1488 | IS 14885 | IS 14887 | IS 14898 | IS 14899 | IS 1489 | IS 1489 | IS 14900 | IS 14927 | IS 14928 | IS 14929 | IS 14930 | IS 14933 | IS 14951 | IS 14968 | IS 15041 | IS 15058 | IS 1507 | IS 15073 | IS 15100 | IS 15111 | IS 15111 | IS 15138 | IS 15155 | IS 15160 | IS 15182 | IS 15219 | IS 15227 | IS 15228 | IS 15236 | IS 15240 | IS 15265 | IS 15298 | IS 15298 | IS 15298 | IS 15322 | IS 15323 | IS 15328 | IS 15335 | IS 1534 | IS 15351 | IS 15354 | IS 1536 | IS 1537 | IS 1538 | IS 15380 | IS 15391 | IS 15410 | IS 15449 | IS 15450 | IS 15462 | IS 15476 | IS 15477 | IS 15489 | IS 15490 | IS 15500 | IS 15500 | IS 15500 | IS 15500 | IS 15500 | IS 15500 | IS 1551 | IS 15511 | IS 15532 | IS 1554 | IS 1554 | IS 15558 | IS 15559 | IS 15573 | IS 15601 | IS 15603 | IS 15622 | IS 15627 | IS 15633 | IS 15636 | IS 15647 | IS 15652 | IS 15658 | IS 15683 | IS 15692 | IS 15694 | IS 15757 | IS 15778 | IS 15786 | IS 15787 | IS 158 | IS 1580 | IS 15801 | IS 15833 | IS 15834 | IS 15848 | IS 15852 | IS 15853 | IS 15884 | IS 15905 | IS 15907 | IS 15909 | IS 15911 | IS 15914 | IS 1592 | IS 15939 | IS 15961 | IS 15962 | IS 15965 | IS 15997 | IS 16008 | IS 16008 | IS 16014 | IS 16088 | IS 16098 | IS 16098 | IS 1610 | IS 16102 | IS 16103 | IS 16111 | IS 16127 | IS 16131 | IS 16145 | IS 16176 | IS 16186 | IS 16190 | IS 16208 | IS 16232 | IS 1626 | IS 16289 | IS 16352 | IS 164 | IS 16415 | IS 16513 | IS 1656 | IS 1658 | IS 16585 | IS 1659 | IS 1660 | IS 1664 | IS 168 | IS 1694 | IS 1695 | IS 1697 | IS 1698 | IS 1703 | IS 1709 | IS 1710 | IS 1726 | IS 1729 | IS 1741 | IS 1746 | IS 175 | IS 1759 | IS 177 | IS 1783 | IS 1783 | IS 1784 | IS 1785 | IS 1785 | IS 1786 | IS 1804 | IS 1806 | IS 1824 | IS 1825 | IS 1827 | IS 1832 | IS 1834 | IS 1838 | IS 1838 | IS 1848 | IS 1855 | IS 1856 | IS 1875 | IS 1879 | IS 1884 | IS 1891 | IS 191 | IS 1912 | IS 1919 | IS 1929 | IS 1932 | IS 1943 | IS 1970 | IS 1971 | IS 1989 | IS 1989 | IS 1993 | IS 1997 | IS 2002 | IS 2004 | IS 2028 | IS 2029 | IS 2036 | IS 2039 | IS 2041 | IS 2046 | IS 204 | IS 204 | IS 205 | IS 2052 | IS 2061 | IS 2062 | IS 2074 | IS 2076 | IS 208 | IS 2082 | IS 2089 | IS 2095 | IS 2096 | IS 2097 | IS 2098 | IS 21 | IS 210 | IS 2124 | IS 2141 | IS 2142 | IS 2185 | IS 2185 | IS 2202 | IS 2215 | IS 2257 | IS 2266 | IS 2312 | IS 2339 | IS 2347 | IS 2358 | IS 2365 | IS 2373 | IS 2386 | IS 2396 | IS 2403 | IS 2404 | IS 2414 | IS 2415 | IS 2418 | IS 245 | IS 2465 | IS 2494 | IS 2508 | IS 251 | IS 2512 | IS 252 | IS 253 | IS 2546 | IS 2547 | IS 2548 | IS 2552 | IS 2553 | IS 2553 | IS 2556 | IS 2556 | IS 2556 | IS 2556 | IS 2556 | IS 2556 | IS 2556 | IS 2556 | IS 2556 | IS 2556 | IS 2556 | IS 2556 | IS 2556 | IS 2556 | IS 2557 | IS 2558 | IS 2566 | IS 2567 | IS 2568 | IS 2569 | IS 2573 | IS 2581 | IS 2593 | IS 2596 | IS 261 | IS 2619 | IS 2641 | IS 2645 | IS 265 | IS 2653 | IS 266 | IS 2681 | IS 269 | IS 2692 | IS 2705 | IS 2712 | IS 2713 | IS 2721 | IS 2730 | IS 2745 | IS 276 | IS 277 | IS 278 | IS 2785 | IS 2791 | IS 280 | IS 2802 | IS 281 | IS 2830 | IS 2831 | IS 285 | IS 2871 | IS 2878 | IS 2879 | IS 2888 | IS 2923 | IS 2925 | IS 2932 | IS 2933 | IS 2980 | IS 299 | IS 2993 | IS 2997 | IS 3017 | IS 3024 | IS 302 | IS 303 | IS 3055 | IS 3055 | IS 3062 | IS 3074 | IS 3087 | IS 3097 | IS 3099 | IS 3104 | IS 3118 | IS 3119 | IS 3181 | IS 3183 | IS 3196 | IS 3196 | IS 3196 | IS 3224 | IS 325 | IS 3308 | IS 3309 | IS 3319 | IS 3323 | IS 3327 | IS 335 | IS 3383 | IS 3390 | IS 341 | IS 3419 | IS 3443 | IS 3450 | IS 3459 | IS 3462 | IS 3466 | IS 3470 | IS 3502 | IS 3513 | IS 3521 | IS 3549 | IS 3564 | IS 3575 | IS 3589 | IS 3601 | IS 362 | IS 3623 | IS 3626 | IS 363 | IS 3650 | IS 3652 | IS 366 | IS 368 | IS 3686 | IS 369 | IS 371 | IS 3725 | IS 3735 | IS 3736 | IS 374 | IS 3745 | IS 3757 | IS 3768 | IS 3812 | IS 3818 | IS 3829 | IS 3829 | IS 3829 | IS 3830 | IS 3831 | IS 3832 | IS 3854 | IS 3899 | IS 3902 | IS 3903 | IS 3906 | IS 3975 | IS 3976 | IS 3989 | IS 398 | IS 398 | IS 398 | IS 398 | IS 3992 | IS 3993 | IS 4003 | IS 4003 | IS 4035 | IS 4038 | IS 4109 | IS 411 | IS 4123 | IS 4135 | IS 4148 | IS 4151 | IS 4159 | IS 418 | IS 419 | IS 4199 | IS 4246 | IS 4250 | IS 4266 | IS 427 | IS 4270 | IS 428 | IS 4283 | IS 4308 | IS 4320 | IS 4328 | IS 432 | IS 432 | IS 4351 | IS 4355 | IS 4375 | IS 4381 | IS 4398 | IS 44 | IS 4432 | IS 444 | IS 4447 | IS 4448 | IS 4454 | IS 446 | IS 4467 | IS 447 | IS 4505 | IS 4508 | IS 4509 | IS 4521 | IS 4533 | IS 455 | IS 4572 | IS 458 | IS 4588 | IS 459 | IS 4605 | IS 4654 | IS 4684 | IS 4751 | IS 4752 | IS 4761 | IS 4766 | IS 4783 | IS 4808 | IS 4835 | IS 4860 | IS 4923 | IS 4947 | IS 4948 | IS 4964 | IS 4984 | IS 4985 | IS 4989 | IS 4989 | IS 4990 | IS 5022 | IS 5029 | IS 5035 | IS 513 | IS 5135 | IS 513 | IS 513 | IS 5143 | IS 5175 | IS 5191 | IS 5204 | IS 5206 | IS 5244 | IS 5277 | IS 5278 | IS 5279 | IS 5290 | IS 5291 | IS 5312 | IS 5342 | IS 5346 | IS 5382 | IS 539 | IS 5405 | IS 5410 | IS 5430 | IS 5456 | IS 5470 | IS 5487 | IS 5504 | IS 5509 | IS 550 | IS 5513 | IS 5514 | IS 5516 | IS 5517 | IS 5522 | IS 553 | IS 5531 | IS 5557 | IS 5604 | IS 5631 | IS 5672 | IS 5676 | IS 5679 | IS 5719 | IS 573 | IS 5820 | IS 5852 | IS 5872 | IS 5884 | IS 5950 | IS 5982 | IS 5983 | IS 5986 | IS 6003 | IS 6006 | IS 6014 | IS 6022 | IS 6031 | IS 6046 | IS 6047 | IS 6073 | IS 612 | IS 6149 | IS 617 | IS 6218 | IS 623 | IS 624 | IS 6240 | IS 6312 | IS 6315 | IS 636 | IS 638 | IS 6385 | IS 6392 | IS 6406 | IS 6419 | IS 6438 | IS 6444 | IS 6452 | IS 648 | IS 650 | IS 651 | IS 6593 | IS 6595 | IS 6595 | IS 6623 | IS 6649 | IS 6685 | IS 6701 | IS 6760 | IS 6803 | IS 6901 | IS 6908 | IS 6909 | IS 6911 | IS 694 | IS 6956 | IS 702 | IS 7021 | IS 704 | IS 7058 | IS 7079 | IS 7083 | IS 7092 | IS 7098 | IS 7098 | IS 7098 | IS 710 | IS 711 | IS 712 | IS 7123 | IS 7142 | IS 717 | IS 7181 | IS 7224 | IS 723 | IS 7231 | IS 7283 | IS 7285 | IS 73 | IS 7312 | IS 7347 | IS 7372 | IS 7378 | IS 7402 | IS 745 | IS 7452 | IS 7454 | IS 7466 | IS 7532 | IS 7538 | IS 7577 | IS 758 | IS 7593 | IS 7620 | IS 7652 | IS 7653 | IS 774 | IS 778 | IS 779 | IS 7809 | IS 781 | IS 7834 | IS 7834 | IS 7834 | IS 7834 | IS 784 | IS 7887 | IS 7898 | IS 7903 | IS 7904 | IS 7933 | IS 7948 | IS 797 | IS 799 | IS 8025 | IS 8028 | IS 8034 | IS 8035 | IS 8041 | IS 8042 | IS 8074 | IS 8086 | IS 8088 | IS 8110 | IS 814 | IS 8144 | IS 8229 | IS 8249 | IS 8275 | IS 8291 | IS 8309 | IS 8329 | IS 8391 | IS 8418 | IS 8421 | IS 8423 | IS 8442 | IS 8446 | IS 8448 | IS 8462 | IS 8471 | IS 8471 | IS 8472 | IS 848 | IS 8481 | IS 8498 | IS 8598 | IS 863 | IS 8654 | IS 868 | IS 8707 | IS 8708 | IS 8737 | IS 8749 | IS 878 | IS 8783 | IS 8794 | IS 8808 | IS 884 | IS 8887 | IS 8931 | IS 8944 | IS 8951 | IS 8952 | IS 8960 | IS 8978 | IS 899 | IS 902 | IS 9020 | IS 903 | IS 907 | IS 9079 | IS 9103 | IS 9128 | IS 915 | IS 916 | IS 9165 | IS 9167 | IS 9271 | IS 928 | IS 9281 | IS 9281 | IS 9282 | IS 9283 | IS 9295 | IS 9354 | IS 9356 | IS 9359 | IS 9360 | IS 9395 | IS 9471 | IS 9471 | IS 9471 | IS 9471 | IS 9471 | IS 9471 | IS 9473 | IS 952 | IS 9523 | IS 9532 | IS 9537 | IS 9537 | IS 9537 | IS 9550 | IS 9562 | IS 9573 | IS 9585 | IS 9665 | IS 9738 | IS 9758 | IS 9762 | IS 9763 | IS 9798 | IS 9825 | IS 9836 | IS 9857 | IS 9890 | IS 996 | IS 9968 | IS 9968 | IS 9972 | IS 9974 | is 222,"Short title and commencement.- (1) These regulations shall be called the Bureau of Indian Standards (Conformity Assessment) Regulations, 2018. (2) They shall come into force from the date of their publication in the Official Gazette. (2) The words and expressions used in these regulations and are not defined but defined in the Act or the rules shall have the meanings respectively assigned to them in the Act and the rules. Conformity assessment scheme.- (1) The conformity assessment scheme shall be as specified in 154 THE GAZETTE OF INDIA : EXTRAORDINARY [PART III—SEC. (2) The different types of conformity assessment schemes shall be as specified in Schedule-II. Application for grant of licence to use or apply a Standard Mark.- (1) An application for grant of licence to use or apply a Standard Mark under section 13 shall be made to the Bureau in the form specified in the applicable Scheme in Schedule-II. (2) The processes involved in grant of licence and fee, shall be as specified in the Scheme in Schedule-II. (5) The authorised representative specified under sub-regulation (4) shall be based in India. (6) An application which is not complete in all respects or does not conform to the requirements of sub- regulation (1) and (2) shall be rejected by the Bureau: Provided that before rejecting an application, the applicant shall be given an opportunity to remove, within thirty days of the date of receipt of relevant communication from the Bureau, such objections as may be indicated by the Bureau: Provided further that the Bureau may on sufficient reason being shown, extend the time not exceeding thirty days, as the Bureau may consider fit to enable the applicant to remove such objections: Provided also that the Bureau shall, give a reasonable opportunity to the applicant of being heard, either in person or through a representative authorised by him in this behalf, and may take into consideration any fact or explanation furnished by the applicant or his representative, as the case may be. Grant of licence to use or apply a Standard Mark.- (1) The Bureau on being satisfied that the applicant is eligible for grant of licence, shall grant licence to use or apply a Standard Mark in form specified in the applicable Scheme in Schedule-II.",https://www.crsbis.in/BIS/app_srv/tdc/gl/docs/BIS_Conformity_Assessment_Regulation_2018_Gazette_Notification.pdf,https://www.crsbis.in/BIS/wtsnew.do
LEGAL,LEGAL-00105,,110,CIRC-23 Apr 2018-2876857148573263690,,Implementation of IS 16333 (Part 3) for Mobile Phones,Bureau of Indian Standards (BIS),2018-04-23,2018-05-01,Implementation of IS 16333 (Part 3) for Mobile Phones,IS 16333 (Part 3) | IS13252 (Part 1) | IS16333 (Part 3),"Registration Department 81S, HQ Our Ref: Registration/16:16333-3 23042018 Subject: Implementation of IS16333 (Part 3) for Mobile Phones As per MeitY's order dated 17.01.2018, the last date of implementation of Indian LanguageSupport for Mobile Phone Handsetsas per IS16333 (Part 3) : 2016 was 23 02 2018. The last date hasthereafter been extended by Ministry of Electronics & Information Technology (MeitY) upto 01 05 2018 in order to facilitate the industry for smooth implementation of CRO. Provision to apply for compliance to IS 16333 (Part 3) for existing registered manufacturer for Mobile Phoneshasalready been re-enabled and will be available upto 01 05 2018. The test report{s) along with undertaking{s) should be submitted to BISfor processingaccordingly. In casethe registered manufacturer do not apply for implementation of IS16333 (Part 3) till the stipulated date, it would be presumed that they are no longer interested in continuing the said registration and as such the registration will be cancelledwithout any further reference. New application{s)/inclusion{s) for Mobile Phonesonly asper IS13252 (Part 1) will be processedfor grant by BISsubject to submission of undertaking that registered manufacturer will ensure to implement the guidelines for implementation of IS 16333 (Part 3) on or before 01.05.2018, failing which it would be presumed that they are no longer interested in continuing the said registration/application and as such the registration will be cancelled/application will be rejected without any further reference.. Registered manufacturers submitting new inclusion requests for Mobile Phones wherein the software solution/utility for implementation of Indian LanguageSupport for Mobile Phonesasper IS16333 (Part 3) is same as that of previously registered model will also require to submit a test report to establish implementation of Indian LanguageSupport for Mobile Phonesas per IS16333 (Part 3). All other procedures for the implementation of Indian LanguageSupport for Mobile Phone asper IS16333 (Part 3) remain the same asper the earlier guidelines Ref:CMD 111/16:IS16333 (Part 3) dated 13-06-2017 and CMD 111/16:IS16333 (Part 3) dated 04-08-2017. Signature of CEO/Authorized Representative Name & Designation, Date: Seal: Signature of Authorized Indian Representative (for foreign manufacturer) Name & Designation, Date: Seal:",https://www.crsbis.in/BIS/app_srv/tdc/gl/docs/20180423_Implementation_of_IS_16333.pdf,https://www.crsbis.in/BIS/wtsnew.do
LEGAL,LEGAL-00015,,111,CIRC-10 Apr 2018-5799360669868151006,,Corrigendum to Standard Mark for products notified by Ministry of New and Renewal Energy under CRO,Bureau of Indian Standards (BIS),2018-04-10,,Corrigendum to Standard Mark for products notified by Ministry of New and Renewal Energy under CRO,,,https://www.crsbis.in/BIS/app_srv/tdc/gl/docs/CORRIGENDUM.pdf,https://www.crsbis.in/BIS/wtsnew.do
LEGAL,LEGAL-00108,,112,CIRC-28 Dec 2017-3397476084463469857,,Implementation of revised IS 16333 (Part 3): 2017,Bureau of Indian Standards (BIS),2017-12-28,,Implementation of revised IS 16333 (Part 3): 2017,IS 16333 | IS 16333 (Part 3) | IS 16350 | is 29,"CENTRAL MARKS DEPARTMENT III Our Ref: CMD III/16: IS 16333 (Part 3) 28 12 2017 Subject: Guidelines for implementation of Revised IS 16333 (Part 3): 2017 1. The last date for implementation of the revised Standard is 29 May 2018 after which the old Standard shall stand withdrawn. It shall be ensured that the product conforms to all the requirements, as applicable, as per the revised Standard. Table I Sl No Clause Requirement a 5.1(b) & 5.2(b) Consequent to inclusion of Urdu in IS 16350, Testing for inputting in Urdu (if declared as additional Indian language) and readability in Urdu is now required b 5.1(a) & 5.2(a) Inputting and readability of characters in English shall be as per Annex A. Considerable variation in shape and proportion is to be expected in actual fonts as manufacturers and font designers may use different fonts. If the presentation of characters displayed on mobile phones are different from that of the characters displayed in IS 16350 due to font variation, then the manufacturer shall provide a comparison chart for the variations at the time of testing. Characters mentioned in Annex C shall be implemented through normalized form mentioned in Annex C. Items at Sl Nos b, c and d of Table I above can be considered for immediate implementation. The guidelines for implementation of the revised Standard is given below: A. For Registered Users who have implemented IS 16333 (Part 3): 2016 (i) All Registered Users who have already implemented IS 16333 (Part 3): 2016 shall switchover to the revised Standard by 29 May 2018.",https://www.crsbis.in/BIS/app_srv/tdc/gl/docs/Revision_of_16333_3.pdf,https://www.crsbis.in/BIS/wtsnew.do
LEGAL,LEGAL-00016,,113,CIRC-19 Dec 2017-2463012626100862478,,Coverage of products under Phase-III of CRO,Bureau of Indian Standards (BIS),2017-12-19,,Coverage of products under Phase-III of CRO,,It is for kind information to all applicants and existing registered manufacturers that MeitY has extended the scope of certain categories.,https://www.crsbis.in/BIS/app_srv/tdc/gl/docs/20171219_coverage_of_products_under_phase-III_of_CRO.pdf,https://www.crsbis.in/BIS/wtsnew.do
LEGAL,LEGAL-00061,,114,CIRC-17 Oct 2017-9133394976196162743,,Gazette notification for Standard Mark for products under phase III of CRO,Bureau of Indian Standards (BIS),2017-10-17,2017-10-17,Gazette notification for Standard Mark for products under phase III of CRO,IS 10322 | IS 13252 (Part 1) | IS 16242 (Part 1) | IS 302 (Part 1) | IS 616,"The use of the Standard Mark as at column (2) below shall denote the use of the words ""Self declaration -- Conforming to IS….."" mentioned in sub-rule (1) of the Rule 16F of the Bureau of Indian Standards Rules, 1987.",https://www.crsbis.in/BIS/app_srv/tdc/gl/docs/179854.pdf,https://www.crsbis.in/BIS/wtsnew.do
LEGAL,LEGAL-00090,,115,CIRC-13 Sep 2017-5122676549286482538,,Guidelines for implementation of revised IS 616:2017/IEC 60065:2014,Bureau of Indian Standards (BIS),2017-09-13,,Guidelines for implementation of revised IS 616:2017/IEC 60065:2014,IS 616,"CENTRAL MARKS DEPARTMENT-III Our Ref: CMD-III: 16/IS 616 13-09-2017 Subject: Guidelines for implementation of revised IS 616:2017/IEC 60065:2014 superseding IS 616:2010/IEC 60065:2005 -Audio, Video and similar electronic apparatus- Safety requirements 1. The concurrent running of IS 616:2010/IEC 60065:2005 and IS 616:2017/IEC 60065:2014 is permitted till 27 June 2018 and IS 616:2010/IEC 60065:2005 shall stand cancelled after 27 June 2018. 13.6)  Requirements specified for planar transformers (Cl.14.4.3)  Compliance to be checked as per IEC 60730-1 for a device providing Type 2.AL action (Cl.14.6.4)  Portable secondary sealed cells and batteries (other than button) containing alkaline or other non-acid electrolyte shall comply with IEC 62133 (Cl.14.11.1)  Change in optocoupler requirements (Cl.14.12)  Additional compliance in case of surge suppression varistors (Cl.14.13)  Change in requirements for Plugs and sockets (Cl.15.1)  Added requirements for provisions for protective earthing (Cl.15.2)  Intrinsically protected tubes including those having integral protective screens shall comply to IEC 61965(Cl.18.1)  Modified requirements for “Non-intrinsically protected picture tubes” (Cl.18.2)  Change in requirements for Stability and mechanical hazards (Cl.19)  Change in requirements of printed boards (Cl.20.2.5) 4. Considering the above changes, the following additional/modified tests are to be conducted for changeover for the Registered Manufacturers: Clause No. Requirement 3.3 Requirements for “Constructions and components not specifically covered” 3.4 Consideration of “Components and subassemblies that comply with IEC 62368-1” 4.2.2 Specified settings for rated current consumption or rated power consumption measurement of television sets 4.2.5(e) Tests for equipment containing multi-channel amplifiers 5.2 Requirements for “Identification and supply ratings” 5.4 Requirements for caution marking 5.5.2 i, j Requirements for instruction for installation or use 6.3 Light Emitting Diodes (LEDs) 9.1.6 Requirements for testing for withdrawal of MAINS plug 9.2 Requirement of electric shock hazard under normal operating conditions for loudspeaker systems 10.3 New test conditions for humidity treatment for checking of insulation requirements 11.2.2 Additional requirements for measurement of temperature rise 11.2.4 Requirements of heating for parts, other than windings and printed boards, providing electrical insulation 11.2.7 Requirements added for printing boards 12.1.5 Requirements for “Drop Test” 12.1.6 Requirements for “Stress Relief Test” 12.3 Modified requirements for mechanical strength test of remote control devices held in hand 12.7 New requirements for apparatus containing coin/button cell batteries 13.2 Determination of working voltage 13.3.1 Requirements of clearances Table 10 Requirements for minimum clearances in circuits not conductively connected to the MAINS 13.4,Table 11 Creepage Distance 13.5.2 Requirements for multilayer printed board constructions 13.6 Requirements for transformers, magnetic couplers and similar devices 14.4.3 Requirements for planar transformers 14.6.4 Compliance to be checked as per IEC 60730-1 for a device providing Type 2.AL action 14.11.1 Requirements for Batteries 14.12 Optocoupler requirements 14.13 Surge suppression varistors 15.1 Requirements for Plugs and sockets 15.2 Requirements for provisions for protective earthing 18.1 Intrinsically protected tubes including those having integral protective screens shall comply to IEC 61965 18.2 Requirements for “Non-intrinsically protected picture tubes” 19 Requirements for Stability and mechanical hazards 20.2.5 Requirements of printed boards 5. c) For Applications/Inclusions processed as per old version, manufacturer shall switchover to new version on or before 27 June 2018 failing which such Application(s)/ Inclusion(s) shall be processed for closure/rejection as per norms. d) All Registered Manufacturers shall switchover to the new version on or before 27 June 2018 by submitting Amendment Test Report for all the base models covered in the Scope of Registration from any BIS approved lab for the additional/modified requirements as per the revised Standard. e) If the Registered Manufacturer switchover to revised version on or before 27 June 2018 for select models only, all the remaining models shall stand deleted from the Scope of Registration w.e.f 28 June 2018. In case Registered Manufacturer fails to switchover to revised version on or before 27 June 2018 for any of the registered models, such Registration shall deemed to have been cancelled w.e.f 28 June 2018. f) Letter regarding changeover to revised Standard shall be issued by BIS indicating the Product name and model(s) that are conforming to the revised Standard.",https://www.crsbis.in/BIS/app_srv/tdc/gl/docs/IS%20616_guidelines.pdf,https://www.crsbis.in/BIS/wtsnew.do
LEGAL,LEGAL-00022,,116,CIRC-13 Sep 2017-3075504065566996157,,Electronic Labelling (e-labelling) Guidelines,Bureau of Indian Standards (BIS),2017-09-13,,Electronic Labelling (e-labelling) Guidelines,,"The guidelines shall apply to all devices which have an integral (non-removable) display screen and e-labelling of products shall not be mandatory. The Registered User shall have the option of using physical labels or e-labels or both. Devices utilizing e-labels shall have a physical label on the packaging of the product at the time of import, storage for sale and sale or distribution. Devices shall not require any special accessory/tool or supplemental plug-in (e.g., the installation of a SIM/USIM card) to access the e-label. The compliance related information shall be programmed by the responsible party and the information shall be secured in such a manner that third-party cannot modify it. Users shall be able to access the information without requiring special access codes or permissions and, in all cases the information shall be accessible in no more than four steps in a device’s menu. Users shall be provided specific instructions on how to access the information. The instructions shall be included in the user’s manual, operating instructions, or as an insert in the package of the product, or other similar means. Alternately, the instructions to access the information may be available on the product related website. The instructions on how to access the website shall be provided in the user’s manual or package of the product.",https://www.crsbis.in/BIS/app_srv/tdc/gl/docs/E%20LABELLING%20GUIDELINES%20registration.pdf,https://www.crsbis.in/BIS/wtsnew.do
LEGAL,LEGAL-00054,,117,CIRC-29 Aug 2017-404736298618604570,,Gazette Notification concerning expansion of list of items under CRO-Phase III,Bureau of Indian Standards (BIS),2017-08-29,,Gazette Notification concerning expansion of list of items under CRO-Phase III,IS 10322 | IS 13252 (Part 1) | IS 16242 (Part 1) | IS 302 (Part 1) | IS 616,"The provisions of “Electronics and Information Technology Goods (Requirements for Compulsory Registration) Order, 2012” shall apply on the items added by virtue of this Order to the schedule of the said Order on the expiry of six months from the date of publication of this notification in the official Gazette.",https://www.crsbis.in/BIS/app_srv/tdc/gl/docs/Gazette_notification_phase_3_CRO.pdf,https://www.crsbis.in/BIS/wtsnew.do
LEGAL,LEGAL-00133,,118,CIRC-04 Aug 2017-4192507936731039320,,Revised Guidelines for Implementation of IS 16333 (Part 3): 2016,Bureau of Indian Standards (BIS),2017-08-04,2017-07-01,Revised Guidelines for Implementation of IS 16333 (Part 3): 2016,IS 13252 (Part 1) | IS 13252(Part 1) | IS 16333 (Part 3) | IS 16333(Part 3),"CENTRAL MARKS DEPARTMENT III Our Ref: CMD III/16: IS 16333 (Part 3) 04-08-2017 Subject: Revised Guidelines for Implementation of IS 16333 (Part 3): 2016 - ‘Mobile Phone Handsets-Part 3 - Indian Language Support for Mobile Phone Handsets - Specific Requirements’ 1. This has reference to “Guidelines for Implementation of IS 16333 (Part 3): 2016 - ‘Mobile Phone Handsets-Part 3 - Indian Language Support for Mobile Phone Handsets - Specific Requirements” dated 13 June 2017. The guidelines dated 13 June 2017 for implementation of IS 16333 (Part 3): 2016 have been modified based on representations received from the Industry and MeitY’s request. The following revised guidelines shall come into force with immediate effect: Registered Manufacturers: 4. All existing Registered Manufacturers of Mobile Phones as per IS 13252 (Part 1): 2010 shall ensure that all Models marked with Standard Mark/Self Declaration Compliance Statement conform to all the requirements of IS 16333 (Part 3): 2016 as well. Necessary approval shall be obtained from BIS on or before 30 Sept 2017. No Registered Manufacturer shall be under operation from 1 October 2017 without ensuring additional conformity of the Registered Models to the requirements of IS 16333 (Part 3): 2016. For verification of additional compliance w.r.t IS 16333 (Part 3):2016, selection of Representative Model shall be from the existing Models covered in the scope of Registration. As such, Test Reports of any new Inclusion Model showing compliance to IS 16333 (Part 3):2016 shall not be accepted for the purpose of verification of additional compliance of the Models already covered in the scope of Registration. All existing Registered Manufacturers of Mobile Phones as per IS 13252 (Part 1): 2010 shall give an Undertaking in the enclosed format (Annex A) indicating those Registered Models which can be grouped into series based on the same software solution/utility and which support the same Indian Official Language(s) as per IS 16333 (Part 3).",https://www.crsbis.in/BIS/app_srv/tdc/gl/docs/IS%2016333%20Revised%20Guidelines%2004%20aug.pdf,https://www.crsbis.in/BIS/wtsnew.do
LEGAL,LEGAL-00018,,119,CIRC-23 Jun 2017-795007917741600536,,Discontinuation of Demand Draft,Bureau of Indian Standards (BIS),2017-06-23,2017-07-01,Discontinuation of Demand Draft,,"Between 01 July 2017 and 03 July 2017 no payment, whether through DD or online payment gateway shall be accepted. With effect from 04 July 2017 payment through payment gateway only shall be accepted.",https://www.crsbis.in/BIS/app_srv/tdc/gl/docs/20170623_Discontinuation_of_DD.pdf,https://www.crsbis.in/BIS/wtsnew.do
LEGAL,LEGAL-00080,,120,CIRC-13 Jun 2017-2864700881006249787,,Guidelines for Implementation of IS 16333 (Part 3): 2016 - Mobile Phone Handsets Part 3 - Indian Language Support for Mobile Phone Handsets - Specific Requirements,Bureau of Indian Standards (BIS),2017-06-13,2017-07-01,Guidelines for Implementation of IS 16333 (Part 3): 2016 - Mobile Phone Handsets Part 3 - Indian Language Support for Mobile Phone Handsets - Specific Requirements,IS 13252 | IS 13252 (Part 1) | IS 13252(Part 1) | IS 16333 (Part 3) | IS 16333 (Part3) | IS 16333(Part 3),"CENTRAL MARKS DEPARTMENT III Our Ref: CMD III/16: IS 16333 (Part 3) 13-06-2017 Subject: Guidelines for Implementation of IS 16333 (Part 3): 2016 - ‘Mobile Phone Handsets- Part 3 - Indian Language Support for Mobile Phone Handsets - Specific Requirements’ 1. The guidelines for implementation of IS 16333 (Part 3): 2016 have been developed and are as follows: Registered Manufacturers: 3. All existing Registered Manufacturers of Mobile Phones as per IS 13252 (Part 1): 2010 shall ensure that all Models marked with Standard Mark/Self Declaration Compliance Statement conform to all the requirements of IS 16333 (Part 3): 2016 as well. Necessary approval shall be obtained from BIS on or before 30 June 2017. No Registered Manufacturer shall be under operation from 1 July 2017 without ensuring additional conformity of the Registered Models to the requirements of IS 16333 (Part 3): 2016. For verification of additional compliance w.r.t IS 16333 (Part 3):2016, selection of Representative Model shall be from the existing Models covered in the scope of Registration. As such, Test Reports of any new Inclusion Model showing compliance to IS 16333 (Part 3):2016 shall not be accepted for the purpose of verification of additional compliance of the Models already covered in the scope of Registration. All existing Registered Manufacturers of Mobile Phones as per IS 13252 (Part 1): 2010 shall give an Undertaking in the enclosed format (Annex A) indicating those Registered Models which can be grouped into series based on the same software solution/utility which supports Indian Official Languages as per IS 16333 (Part3). From the groups of Models so formed, additional compliance to IS 16333 (Part 3) shall be ensured by testing one Model from each group to cover the entire Models in that group. All such cases for ensuring compliance to IS 16333 (Part 3) shall be processed based on Test Reports indicating conformity to IS 16333 (Part 3) from any BIS approved Laboratory.",https://www.crsbis.in/BIS/app_srv/tdc/gl/docs/20170613_IS_16333_Guidelines.pdf,https://www.crsbis.in/BIS/wtsnew.do
LEGAL,LEGAL-00030,,121,CIRC-15 Feb 2017-3096541917867539984,,Extension of date of implementation of Amendment 1 to IS 15885 (Part 2/Sec 13) : 2012,Bureau of Indian Standards (BIS),2017-02-15,,Extension of date of implementation of Amendment 1 to IS 15885 (Part 2/Sec 13) : 2012,IS 15885 (Part 2 | IS 15885(Part 2,Registration Department Ref : Registration / IS 15885 (Part 2/Sec 13) Date : 15 Feb 2017 Subject: Extension of date of implementation of Amendment 1 to IS 15885 (Part 2/Sec 13) : 2012 This has reference to the Guidelines for Implementation of Amendment 1 to IS 15885 (Part 2/Sec 13) : 2012 – Safety of Lamp Controlgear Part 2 Particular Requirements Sec 13 d.c. All other procedures of implementation of the above amendment shall remain same. Sd/- Head (Registration) Annex A (Revised) UNDERTAKING FOR APPLICANTS/ REGISTERED MANUFACTURERS 1. Name and address of Manufacturer/ Applicant (Factory): 2. 1 to IS 15885(Part 2/Sec 13) : 2012 as per BIS guidelines for registered manufacturer will be conducted from BIS approved lab and test report shall be submitted to BIS latest by 20 Jun 2017 failing which BIS may take action as per Rules including cancellation of registration granted to us. 1) shall be marked with Standard Mark after Registration. (Signature and seal of CEO /Authorised representative of the factory) Name: Date Place Countersigned by Authorised Indian Representative (In case of Foreign Manufacturer Only),https://www.crsbis.in/BIS/app_srv/tdc/gl/docs/20170215_Extention_of_A1_to_IS15885_2_13.pdf,https://www.crsbis.in/BIS/wtsnew.do
LEGAL,LEGAL-00031,,122,CIRC-30 Dec 2016-1066746199215622799,,Extension of date of implementation of Amendment 2 to IS 13252 (Part 1):2010,Bureau of Indian Standards (BIS),2016-12-30,2017-05-14,Extension of date of implementation of Amendment 2 to IS 13252 (Part 1):2010,IS 13252 (Part 1) | IS 13252 (Part1),CENTRAL MARKS DEPARTMENT- III Our Ref: CMD-III/16:13252 30-12-2016 Subject: Extension of date of implementation of Amendment 2 to IS 13252 (Part 1):2010 This has reference to the subject mentioned above. The last date for implementation of Amendment 2 to IS 13252 (Part1):2010 was 31 Dec 2016 as communicated vide CMD III circular number CMD-3/16: 13252(Part 1): 2010 dated 23 Feb 2016. The Competent Authority of the Bureau has now permitted extension of the date of implementation of the above amendment up to 14 May 2017. All other procedures of implementation of the above amendment shall remain the same.,https://www.crsbis.in/BIS/app_srv/tdc/gl/docs/20161230_Extextension%20of%20date%20of%20implemention.pdf,https://www.crsbis.in/BIS/wtsnew.do
LEGAL,LEGAL-00168,,123,CIRC-29 Dec 2016-2212345714382896985,,Testing facility for &#34;LED lamps&#34; in BNBOL (Electrical Lab:Input for CRS website),Bureau of Indian Standards (BIS),2016-12-29,,Testing facility for &#34;LED lamps&#34; in BNBOL (Electrical Lab:Input for CRS website),IS 16102,The test facilities can be utilized by all the manufacturers of LED Lamps and also by Ministry of Electronics and Information Technology for the testing of surveillance samples.,https://www.crsbis.in/BIS/app_srv/tdc/gl/docs/LED%20Lamp-1.pdf,https://www.crsbis.in/BIS/wtsnew.do
LEGAL,LEGAL-00067,,124,CIRC-14 Dec 2016-2843942645837524467,,Guidelines for implementation of Amendment 1 to IS 15885 (Part 2/Sec 13) : 2012,Bureau of Indian Standards (BIS),2016-12-14,,Guidelines for implementation of Amendment 1 to IS 15885 (Part 2/Sec 13) : 2012,IS 15885 (Part 2 | IS 15885(Part 2,"BUREAU OF INDIAN STANDARDS (Registration Department) Our Ref: Registration/16: IS 15885(Part 2/Sec 13) Date: 14-12-2016 Sub: Guidelines for Implementation of Amendment No. 2) The Guidelines for Implementation of the Amendment are enclosed. Sd/- Head (Registration) BUREAU OF INDIAN STANDARDS (Registration Department) Our Ref: Registration/16: IS 15885(Part 2/Sec 13) Date: 14-12-2016 Sub: Guidelines for Implementation of Amendment 1 to IS 15885(Part 2/Sec 13) : 2012 – Safety of Lamp Controlgear Part 2 Particular Requirements Section 13 d.c. The procedure for implementation of Amendment 1 to IS 15885(Part 2/Sec 13):2012 shall be as given below: A. 1) shall be submitted by the applicant to BIS latest by 20 Jan 2017. c) New applications and Inclusion Requests shall not be recorded/received by BIS after 20.01.2017 onwards, if the test report does not indicate compliance to IS 15885(Part 2/Sec 13):2012 (with amendment no. Existing registered manufacturer’s case a) Registered manufacturer shall submit any one base model for which registration is granted (out of all the base and series models registered till date) to BIS recognized Lab and get it tested for the applicable tests mentioned at Annex-I –Particular Additional Requirements for SELV dc or ac supplied electronic control gears for LED modules as per IS 15885(Part 2/Sec 13) : 2012 (with amendment no. The said test report shall be submitted to BIS latest by 20 Jan 2017. b) In case, the registered manufacturer submits a test report for inclusion of a base model which complies to IS 15885(Part 2/Sec 13) : 2012 (with amendment no. The registered manufacturer shall also submit an undertaking as per prescribed format (Annex A) that all models of the product (base and series models) manufactured after 20 Jan 2017 shall conform to IS 15885(Part 2/Sec 13):2012 (with amendment no.",https://www.crsbis.in/BIS/app_srv/tdc/gl/docs/20161214_IS_15885_2_13A1_guidelines.pdf,https://www.crsbis.in/BIS/wtsnew.do
LEGAL,LEGAL-00068,,125,CIRC-02 Dec 2016-1972430200249717735,,Guidelines for implementation of Amendment 2 to IS 16102 (Part -1): 2012,Bureau of Indian Standards (BIS),2016-12-02,,Guidelines for implementation of Amendment 2 to IS 16102 (Part -1): 2012,IS 16102 | IS 16102 (Part 1) | IS 16102(Part 1) | is 31,"REGISTRATION DEPARTMENT Ref: Registration/16:16102(Part 1) 02 Dec 2016 Subject: Guidelines for implementation of Amendment No. The Guidelines for implementation of Amendment No. Further as decided by Competent Authority, Registered manufacturer are also required to submit Undertaking as per Annex-2 by 31 Dec 2016. Sd/- Head(Registration) CENTRAL MARKS DEPARTMENT - III Our Ref: CMD-III/16:16102 (Part 1) 28 11 2016 Subject: Guidelines for Implementation of Amendment No. The last date for implementation of the amendment is 31 Dec 2016. The guidelines for implementation of the amendment is given below: a) All Registered Manufacturers shall ensure that the Models marked with Standard Mark/Self Declaration Compliance Statement conforms to all the requirements of IS 16102 (Part 1): 2012 including amendment 2. However if the processing of such cases extends beyond 31 Dec 2016, the following shall be ensured: i. The rated wattage/rated voltage/lamp cap shall be restricted as per the requirements given in Amendment 2. An undertaking as per Annex 1 shall be obtained from the Manufacturer. However in such cases the following shall be ensured: i.",https://www.crsbis.in/BIS/app_srv/tdc/gl/docs/16102_1_guideline_%20for_amendment_2.pdf,https://www.crsbis.in/BIS/wtsnew.do
LEGAL,LEGAL-00136,,126,CIRC-26 Oct 2016-1549786126516388450,,Revised undertaking for Implementation of Revised IS 16046,Bureau of Indian Standards (BIS),2016-10-26,,Revised undertaking for Implementation of Revised IS 16046,IS 16046 | IS 16046 | IS16046,"Registration Department BIS,HQ Our Ref: IS16046IPolicy 26 October 2016 Subject: Revised undertaking for Implementation of Revised IS 16046 : 2015IIEC 62133 : 2012 superseding IS 16046 :20121IEC 62133 : 2002 This has reference to Guidelines for Implementation of Revised IS 16046 : 2015 llEC 62133 : 2012 supersedingIS 16046 :2012/IEC 62133:2002issued vide circular reference IS 160461P0licy dated 09 February 2016 and extension of concurrent running period of IS 16046 : 2015 issued vide circular reference CMD-3/16 : 16046dated 12August 2016. All newapplicants whose applications are as per IS 16046:2012 shall give an undertaking (Format at Annex 1)that they shall switchover to IS 16046 : 2015 before 31 August 2017. All existing registered manufacturers shall also submit an undertaking (Format at Annex 2) that all models of the product (base and series models) conforms to IS 16046:2015/IEC 62133: 2012 and only those products found conforming to the revised standard shall be marked with the Standard Mark! the words 'Self Declaration-Conforming to IS 16046:2015IIEC 62133:2012' along with Registration number and products as per old version of Standard shall not be marked. We are also aware that this Standard has been revised as IS 16046:2015/IEC 62133: 2012 and that the old version of the Standard shall stand cancelled after 31 August 2017. We shall take timely actions to ensure for changeover to the new version before 31 August 2017. We also undertake that only those models conforming to IS 16046 :2015/ IEC 62133 : 2012 shall be marked with Standard Mark/ the words ‘Self Declaration-Conforming to IS 16046 : 2015/IEC 62133 :2012 after receiving intimation from BIS on changeover to the Revised Standard. We also undertake that after 31 August 2017, models as per old version of the Standard shall not be marked with Standard Mark/Self Declaration Compliance Statement. We also understand that in case changeover to the revised Standard is not completed before 31 August 2017, the Registration granted to us shall be liable to be cancelled by BIS. Signature of CEO/Authorised Representative Name: Designation: Counter Signature of Authorized Indian Representative: (For Foreign Manufacturers) Name: Annex 2 UNDERTAKING (for Registered Manufacturers) (Revised) 1.",https://www.crsbis.in/BIS/app_srv/tdc/gl/docs/20161026_Revised%20undertaking%20for%20Implementation%20of%20Revised%20IS%2016046.pdf,https://www.crsbis.in/BIS/wtsnew.do
LEGAL,LEGAL-00040,,127,CIRC-09 Sep 2016-6571597122019097211,,Extension of payment by DD,Bureau of Indian Standards (BIS),2016-09-09,,Extension of payment by DD,,,https://www.crsbis.in/BIS/app_srv/tdc/gl/docs/20160909_Circular_Extension%20of%20payment%20by%20DD.pdf,https://www.crsbis.in/BIS/wtsnew.do
LEGAL,LEGAL-00028,,128,CIRC-16 Aug 2016-7345566149927785593,,Extension of concurrent running period of IS 16046:2012 and IS 16046:2015,Bureau of Indian Standards (BIS),2016-08-16,,Extension of concurrent running period of IS 16046:2012 and IS 16046:2015,IS 16046 | IS16046,"F & Head (CMD-3) Circulated to all RO/BO/SBOs Copy to: ITS for hosting on Intranet BUREAU OF INDIAN STANDARDS [Central Marks Department - 3] Our Ref: CMD-3/16: IS 16046 Date: 12.08.2016 Subject: Extension of concurrent running period of IS 16046:2012 and IS 16046:2015 - Secondary Cells and Batteries containing alkaline or other non-acid electrolytes This has reference to the Guidelines for Implementation of Revised IS 16046:2015/IEC 62133: 2012 superseding IS 16046:2012/IEC 62133: 2002 issued vide circular reference IS16046/Policy dated 09 Feb 2016 wherein the concurrent running of both the Indian Standards was permitted till 16 Sept 2016. Accordingly IS 16046:2012/IEC 62133: 2002 shall stand cancelled after 31 August 2017. Even if the test report has been issued by the Lab prior to 31 March 2017, such cases shall not be accepted if the hardcopy is received after 31 March 2017. For Applications submitted as per the old version, if the manufacturer fails to get Registration before 31 August 2017, such Application(s) shall be processed for closure/rejection as per norms. All registered manufacturers shall switchover to the new version IS 16046:2015 on or before 31.08.2017. In case any Registered manufacturer fails to switch over to the revised version on or before 31 August 2017, steps would be initiated for cancellation of such Registrations. If the Registered Manufacturers who are having models as per both 2012 and 2015 versions in their scope fail to changeover completely to the revised version on or before 31 August 2017, all existing models as per 2012 version shall be processed for deletion from the scope of Registration. The models which have been changed over or included as per 2015 version shall only be allowed to continue in the scope.",https://www.crsbis.in/BIS/app_srv/tdc/gl/docs/Extension_of_battery_changeover.pdf,https://www.crsbis.in/BIS/wtsnew.do
LEGAL,LEGAL-00040,,129,CIRC-11 Aug 2016-6571597122019097211,,Extension of payment by DD,Bureau of Indian Standards (BIS),2016-08-11,,Extension of payment by DD,,,https://www.crsbis.in/BIS/app_srv/tdc/gl/docs/Circular_Extension_of_payment_DD.pdf,https://www.crsbis.in/BIS/wtsnew.do
LEGAL,LEGAL-00023,,130,CIRC-02 Aug 2016-1127593728590067007,,Enquiry related to status of application,Bureau of Indian Standards (BIS),2016-08-02,,Enquiry related to status of application,,,https://www.crsbis.in/BIS/app_srv/tdc/gl/docs/Enquiry_related_to_status.pdf,https://www.crsbis.in/BIS/wtsnew.do
LEGAL,LEGAL-00160,,131,CIRC-02 Aug 2016-9173738671571487132,,Submission of documents related to CRS,Bureau of Indian Standards (BIS),2016-08-02,,Submission of documents related to CRS,,,https://www.crsbis.in/BIS/app_srv/tdc/gl/docs/Submission_of_Documents_20160802.pdf,https://www.crsbis.in/BIS/wtsnew.do
LEGAL,LEGAL-00117,,132,CIRC-28 Jul 2016-3195472316696252294,,Multiple applications and Registrations for same product and same brand,Bureau of Indian Standards (BIS),2016-07-28,,Multiple applications and Registrations for same product and same brand,,"Registration Department BIS, HQ Our Ref: Registration\ CRS(E & IT Goods) 28 July 2016 Subject: Multiple applications and Registrations for same product and same brand It is observed that some manufacturers re-apply for registration for the same product and the same brand for which they have already been granted Registration under CRS. It is also observed that some manufacturers submit multiple applications for grant of Registration for the same product and same brand. It may be noted that one Registration number is granted to a manufacturer for a product with a particular brand. Therefore, manufacturers are advised not to make multiple applications for same product and same brand name. Subsequently, if at any stage it is detected that same manufacturer has applied for multiple applications for the same product and the same brand, all such applications under process will be rejected and the R-numbers already granted to the manufacturer for the same product and same brand will be cancelled.",https://www.crsbis.in/BIS/app_srv/tdc/gl/docs/CRS_E&IT_Multiple%20R-numbers.pdf,https://www.crsbis.in/BIS/wtsnew.do
LEGAL,LEGAL-00161,,133,CIRC-11 Jul 2016-1679223904876667939,,Submission of documents through post,Bureau of Indian Standards (BIS),2016-07-11,,Submission of documents through post,,,https://www.crsbis.in/BIS/app_srv/tdc/gl/docs/Submission_of_documents_by_post.pdf,https://www.crsbis.in/BIS/wtsnew.do
LEGAL,LEGAL-00171,,134,CIRC-11 Jul 2016-678139609613201057,,Withdrawal of Tatkal Scheme for Registration,Bureau of Indian Standards (BIS),2016-07-11,,Withdrawal of Tatkal Scheme for Registration,,,https://www.crsbis.in/BIS/app_srv/tdc/gl/docs/Withdrawal_of_tatkal.pdf,https://www.crsbis.in/BIS/wtsnew.do
LEGAL,LEGAL-00019,,135,CIRC-01 Jul 2016-2268601085532319920,,Discontinuation of payment by NEFT and DD,Bureau of Indian Standards (BIS),2016-07-01,,Discontinuation of payment by NEFT and DD,,,https://www.crsbis.in/BIS/app_srv/tdc/gl/docs/Payment_gateway.pdf,https://www.crsbis.in/BIS/wtsnew.do
LEGAL,LEGAL-00122,,136,CIRC-24 Jun 2016-4236416798513400242,,Online Submission of Renewal of Registration Application,Bureau of Indian Standards (BIS),2016-06-24,2016-07-11,Online Submission of Renewal of Registration Application,,All registered manufacturers are requested to submit the Renewal Applications online through BIS portal.,https://www.crsbis.in/BIS/app_srv/tdc/gl/docs/Online_Submission_Renewal.pdf,https://www.crsbis.in/BIS/wtsnew.do
LEGAL,LEGAL-00158,,137,CIRC-20 Jun 2016-8864480684200727453,,Standard Mark on Products,Bureau of Indian Standards (BIS),2016-06-20,,Standard Mark on Products,,"As the Standard Mark is required to be affixed only after Grant of Registration, manufacturers are advised to ensure that no such mark or statement of self declaration of conformity shall be put on the samples before the grant of registration/inclusion.",https://www.crsbis.in/BIS/app_srv/tdc/gl/docs/Standard_Mark.pdf,https://www.crsbis.in/BIS/wtsnew.do
LEGAL,LEGAL-00138,,138,CIRC-02 Jun 2016-3325004717564846872,,Revision of Service Tax,Bureau of Indian Standards (BIS),2016-06-02,,Revision of Service Tax,,All Registered Manufacturers and Applicants are requested to kindly note the above revised rates while making payments related to Registration.,https://www.crsbis.in/BIS/app_srv/tdc/gl/docs/Revision_in_service_tax.pdf,https://www.crsbis.in/BIS/wtsnew.do
LEGAL,LEGAL-00159,,139,CIRC-02 Jun 2016-8565570918697773206,,Submission of application for grant of Registration by post,Bureau of Indian Standards (BIS),2016-06-02,,Submission of application for grant of Registration by post,,,https://www.crsbis.in/BIS/app_srv/tdc/gl/docs/Submission_of_applications_by_post.pdf,https://www.crsbis.in/BIS/wtsnew.do
LEGAL,LEGAL-00102,,140,CIRC-22 Feb 2016-577684465944836639,,Implementation of Amendment 2 to IS 13252 (Part 1):2010,Bureau of Indian Standards (BIS),2016-02-22,,Implementation of Amendment 2 to IS 13252 (Part 1):2010,IS 13252 | IS 13252 (Part 1) | IS 13252 (Part1) | IS 13252(Part 1) | IS 13252(Part1),"CENTRAL MARKS DEPARTMENT- 3 Our Ref: CMD-3/16:13252 22.2.2016 Subject: Implementation of Amendment 2 to IS 13252 (Part 1):2010 Please find enclosed herewith implementation guidelines duly approved by Competent Authority for Amendment No. F & Head (CMD-3) Copy to ITS for hosting in website/internet कȯ द्रीह् विभ्ग ्–्3 संद भ्:्सी्ए ्डी-3/16:13252 ्् 22्फभ भी्2016 आई एस 13252 भाग 1:2010 सूचना रȫ्यȪगगकी उप् कर – सुरषा भाग -1 सामान य अपेषाएं के सशȪधन संख या 2 के संबंध मं दिशा ननिेश उगचत काययवाही के लिए संि् न ह आभ्कȯ्कȯ न ््््् (सी्ए ्डी-3) Ȱञ ननक्एफ्ए ं्र वख (सी्ए ्डी-3) आई टी एस - कृपया बी आई एस इंटरनेट पर पȪ् ट करं Central Marks Department -3 Ref : CMD-3/16: 13252(part 1) : 2010 23 Feb 2016 Sub: Guidelines for Implementation of Amendment 2 to IS 13252(Part-1) : 2010 – Information Technology Equipment – Safety Part (1) General Requirements Introduction 1. The procedure for implementation of Amendment 2 to IS 13252(Part1):2010 shall be as given below: A. Such cases may be processed for grant of registration without considering Amendment 2, subject to the firm submitting a declaration in the form of undertaking, as per format given in Annex B, that test report showing compliance to Amendment 2 to IS 13252(Part1):2010 shall be submitted by the applicant to BIS latest by 31 Dec 2016 . c) New applications and Inclusion Requests shall not be recorded/received by BIS after 31 Dec 2016 onwards, if the test report does not indicate compliance to Amendment 2 to IS 13252(Part1):2010. Existing registered manufacturers case a) Registered manufacturer shall submit any one base model for which registration is granted (out of all the base and series models registered till date ) to BIS recognized Lab and get it tested for the applicable tests out of those identified at Annex A as per IS 13252 (Part1) considering Amendment 2 to IS 13252(Part1):2010. The said test report shall be submitted to BIS latest by 31 Dec 2016. b) In case, the registered manufacturer submits a test report for inclusion of base model which complies to IS 13252 including Amendment no 1 & 2, before 31 Dec 2016, and the inclusion is agreed to, it is not required to submit separate/additional sample for testing as mentioned at 2a) above. The registered manufacturer shall also submit an undertaking as per prescribed format (Annex C) that all models of the product (base and series models) manufactured after 31 Dec 2016 conform to IS 13252(Part1):2010 considering Amendment 2 and only those found conforming to the same shall only be marked with compliance statement/ standard mark mentioned in their letter for grant of registration/inclusion and no product/model without compliance of Amendment no. BIS shall give the acknowledgement of the receipt of test report as mentioned at 2 a) .",https://www.crsbis.in/BIS/app_srv/tdc/gl/docs/IS13252_02232016.pdf,https://www.crsbis.in/BIS/wtsnew.do
LEGAL,LEGAL-00086,,141,CIRC-09 Feb 2016-3584016917799098579,,Guidelines for Implementation of Revised IS 16046:2015/IEC 62133: 2012,Bureau of Indian Standards (BIS),2016-02-09,,Guidelines for Implementation of Revised IS 16046:2015/ IEC 62133: 2012,IS 16046 | IS16046,"Registration Department Our Ref: IS16046/Policy 09 Feb 2016 Subject: Guidelines for Implementation of Revised IS 16046:2015/IEC 62133: 2012 superseding IS 16046:2012/ IEC 62133: 2002 - Secondary cells and batteries containing alkaline or other non-acid electrolytes. Accordingly IS 16046:2012/IEC 62133: 2002 shall stand cancelled after 16 Sept 2016. Considering the above changes, the following additional/modified tests are to be conducted for changeover for the existing registered manufacturers: (a) For Nickel systems: Clause No: Requirement 5.2 Insulation and wiring 5.4 Temperature/voltage/current management 5.6, 5.6.1 Assembly of cells into batteries, General 7.3.3 Free fall 7.3.4 Mechanical shock (crash hazard) 9 Information for safety (b) For Lithium systems: Clause No: Requirement 5.2 Insulation and wiring 5.4 Temperature/voltage/current management 5.6, 5.6.1 Assembly of cells into batteries, General 5.6.2 Design recommendation 8.3.1 External short circuit (cell) 8.3.2 External short circuit (battery) 8.3.3 Free fall 8.3.4 Thermal abuse (cells) 8.3.5 Crush (cells) 8.3.6 Over-charging of battery 8.3.8 Transport tests 9 Information for safety 6. However, in such cases hardcopy of the application/inclusion shall be submitted in BIS on or before 16 August 2016 (one month prior to the date of cancellation of old version). Even if the test report has been issued by the Laboratory prior to 16 August 2016, such cases shall not be accepted if the hardcopy of the application/inclusion is received after 16 August 2016. e) All Applicants whose Applications are as per old version shall give an undertaking (Format at Annex 2) that they shall switchover to the new version before 16 Sept 2016. f) For Applications/Inclusions submitted as per the old version, if the manufacturer fails to get Registration before 16 Sept 2016, such application(s)/inclusion(s) shall be processed for closure/rejection as per norms. g) All existing Registered manufacturers shall also switchover to the new version on or before 16 Sept 2016. No Registered manufacturer shall be under operation as per the old version after 16 Sept 2016. In case any manufacturer fails to switch over to the revised version before 16 Sept 2016, his Registration shall be deemed to have been cancelled from the date of withdrawal of the old Indian Standard i.e after 16 Sept 2016.",https://www.crsbis.in/BIS/app_srv/tdc/gl/docs/BatteryChangeover_guidelines.pdf,https://www.crsbis.in/BIS/wtsnew.do
LEGAL,LEGAL-00170,,142,CIRC-08 Feb 2016-7420805390212156813,,Vectograph version of Standard Mark,Bureau of Indian Standards (BIS),2016-02-08,,Vectograph version of Standard Mark,,,https://www.crsbis.in/BIS/vectographImages.do,https://www.crsbis.in/BIS/wtsnew.do
LEGAL,LEGAL-00053,,143,CIRC-04 Feb 2016-1834433784458608885,,Frequently observed shortcomings in Application,Bureau of Indian Standards (BIS),2016-02-04,,Frequently observed shortcomings in Application,,b) Nomination letter from manufacturer appointing Indian Representative is not provided/ not signed by authorized person. h) Authorization letter for manufacturing the product by the manufacturer is not provided by the brand owner whose details appear in the Brand Registration certificate.,https://www.crsbis.in/BIS/app_srv/tdc/gl/docs/frequently_observed.pdf,https://www.crsbis.in/BIS/wtsnew.do
LEGAL,LEGAL-00116,,144,CIRC-01 Feb 2016-3729084226419797910,,Model Affidavit cum Undertaking (Format C) to be furnished by Manufacturer located in India,Bureau of Indian Standards (BIS),2016-02-01,,Model Affidavit cum Undertaking (Format C) to be furnished by Manufacturer located in India,,"REGISTRATION DEPARTMENT Ref: CMD 3/8:1 1 Feb 2015 Subject: MODEL AFFIDAVIT CUM UNDERTAKING (Format C) TO BE FURNISHED BY MANUFACTURER LOCATED IN INDIA All the manufacturers located in INDIA are required to submit the AFFIDAVIT CUM UNDERTAKING as per Format C enclosed herewith alongwith the documents indicated therein. With this, the existing “Agreement for grant of registration (for Domestic Manufacturer)” is replaced by Affidavit cum Undertaking (Format C). This shall be applicable to all applicants for fresh registration or renewal of existing registration received by the Bureau on or after 01 February 2016. -SD/- Head(Registration) Page 1 of 2 Format C MODEL AFFIDAVIT CUM UNDERTAKING (TO BE FURNISHED BY MANUFACTURER LOCATED IN INDIA, BEFORE GRANT OF REGISTRATION) (On Rs 100/- non-judicial stamp paper, duly notarized) I, ………………………., aged about ……… years, by occupation CEO/MD/Proprietor/authorized employee (designation…………..) of M/s ……………………………, having its Registered Office/Head Office at …………………… (complete address) and manufacturing unit located at …………………………………………(complete address), do hereby solemnly affirm and declare as under: 1. M/s ……………………………… further undertakes that this undertaking shall not be revoked during the operation of any of the Registrations without prior consent of the Bureau.",https://www.crsbis.in/BIS/app_srv/tdc/gl/docs/MODEL_AFFIDAVIT_UNDERTAKING.pdf,https://www.crsbis.in/BIS/wtsnew.do
LEGAL,LEGAL-00050,,145,CIRC-01 Feb 2016-5973847413516170618,,Format for Nomination of Authorized Indian Representative for Foreign Applicants,Bureau of Indian Standards (BIS),2016-02-01,,Format for Nomination of Authorized Indian Representative for Foreign Applicants,,"This format replaces the earlier “Form for nomination by manufacturer”. I, ………………………., CEO/MD/Proprietor/authorized employee (designation…………..) of M/s …………………………… (foreign applicant) having its manufacturing unit at …………………… (complete address), hereby declare that * a) M/s…………………………… (foreign applicant) have a liaison office / branch office M/s …………………located at ……………..(complete address in India). OR * b) M/s…………………………… (foreign applicant) do not have a liaison office / branch office located in India, but Proprietor/Registered user of the Brand/Trademark appearing on the article is located in India by the name and Title M/s …………………... OR * c) M/s…………………………… (foreign applicant) do not have a liaison office / branch office located in India and there is no Proprietor /Registered User of the Brand/Trademark appearing on the article, located in India. 1 a) is applicable i) Certificate issued by the Registrar of Companies or any other relevant document from Government/Statutory Authorities which establish proof of its liaison office or branch office in India ii) Affidavit cum undertaking (on Rs 100/- non-judicial stamp paper, duly notarized) from the CEO/MD/authorized employee of said liaison office/branch office as per Format A alongwith the authorization letter mentioned at 2.",https://www.crsbis.in/BIS/app_srv/tdc/gl/docs/Nomination_Foreign_Applicants.pdf,https://www.crsbis.in/BIS/wtsnew.do
LEGAL,LEGAL-00162,,146,CIRC-05 Jan 2016-1399330863500669667,,Submission of inclusion request where Registration has not been granted,Bureau of Indian Standards (BIS),2016-01-05,,Submission of inclusion request where Registration has not been granted,,,https://www.crsbis.in/BIS/app_srv/tdc/gl/docs/Submission_of_inclusion_request.pdf,https://www.crsbis.in/BIS/wtsnew.do
LEGAL,LEGAL-00096,,147,CIRC-30 Dec 2015-5686701279985475726,,Guidelines for nomination of Authorized Indian Representative for foreign application under CRS(including Format A and Format B),Bureau of Indian Standards (BIS),2015-12-30,,Guidelines for nomination of Authorized Indian Representative for foreign application under CRS(including Format A and Format B),,"Nishat 5 Haque Head(Registration) .A Page 1 of 6 GUIDELINES FOR NOMINATION OF AUTHORIZED INDIAN REPRESENTATIVE FOR FOREIGN APPLICANTS Rule 16B (4) of the BIS Rules, 1987, states that every foreign applicant shall set up a liaison office or branch office located in India which shall meet all liabilities and obligations with respect to the BIS Act, 1986, and the Rules and Regulations framed thereunder for the purpose of registration, on behalf of the foreign manufacturer. The said BIS Rules, 1987, further lay down that the requirement to set up an office in India shall not apply if the Bureau enters into a Memorandum of Understanding with the concerned country for implementation of the Act and the Rules and Regulations framed thereunder, or if the foreign applicant nominates an authorized representative located in India who declares his consent to be responsible for compliance to the provisions of the Act and the Rules and Regulations framed thereunder on behalf of the foreign applicant. In order to ensure compliance to the rules and considering the difficulties being faced in operation of the registration scheme, it has been decided that before the Registration is granted, the foreign manufacturer shall provide the details of its liaison office or branch office in India, together with Certificate issued by the Registrar of Companies or any other relevant document from Government/Statutory Authorities which establish proof of such office having been so set up, and an affidavit cum undertaking (on Rs 100/- non-judicial stamp paper, duly notarized) from the CEO/MD/authorized employee of said liaison office/branch office, declaring its consent to meet all liabilities and obligations with respect to the BIS Act, 1986, and the Rules and Regulations framed thereunder for the purpose of Registration, and clearly indemnifying the Bureau from any liability arising out of the Registration, on behalf of the foreign manufacturer. In case, however, the foreign manufacturer does not have a liaison office or branch office in India, the nomination of their authorized representative in India shall be as follows: a) Brand Owner, i.e. Proprietor or Registered User of the Brand/Trademark, located in India: Before grant of Registration, the foreign manufacturer may nominate the Brand Owner i.e. b) Any other Entity: In the event that there is no Proprietor or Registered User of the Brand/Trademark located in India, the foreign manufacturer, before grant of Registration, may nominate any other entity located in India as its authorized representative. The entity shall also declare in said affidavit cum undertaking that it has no linkage with any laboratory and that it will not engage in any activity that is in conflict with the interest of the Bureau. This shall be applicable to all Applications for fresh Registration or Renewal of existing Registration, received by the Bureau on or after 01 February 2016. Page 3 of 6 Format A MODEL AFFIDAVIT CUM UNDERTAKING (TO BE FURNISHED BY MANUFACTURER’S BRANCH OFFICE/LIAISON OFFICE LOCATED IN INDIA, BEFORE GRANT OF REGISTRATION) (On Rs 100/- non-judicial stamp paper, duly notarized) I, ………………………., aged about ……… years, by occupation CEO/MD/Proprietor/authorized employee (designation…………..) of M/s …………………………… (the liaison office / branch office, in India), having its Registered Office/Head Office at …………………… (address in India), do hereby solemnly affirm and declare as under: 1. That M/s…………………………… (the liaison office / branch office, in India) has been set up in India by M/s …………………………… (foreign applicant) having its factory/manufacturing address at ……………………………… (address of foreign applicant) in accordance with Rule 16 B (4) of the BIS Rules, 1987, for the purpose of BIS Registration of its articles.",https://www.crsbis.in/BIS/app_srv/tdc/gl/docs/NOMINATION-31122015.pdf,https://www.crsbis.in/BIS/wtsnew.do
LEGAL,LEGAL-00100,,148,CIRC-03 Dec 2015-770607445970050183,,Guidelines for use of Standard Mark and labelling requirement,Bureau of Indian Standards (BIS),2015-12-03,,Guidelines for use of Standard Mark and labelling requirement,IS 1222,"The colour scheme for the Standard Mark to be used in multi colour shall be used as indicated in Annexure II. iii) The registered user shall display the 'Standard Mark' or the words ‘Self Declaration-Conforming to IS……….’ along with Registration number on the article and/or the packaging, as the case may be, in a manner so as to be easily visible. It shall be legible, indelible and non-removable. Further, the durability of marking shall be as per the provisions of the relevant Indian Standard, wherever applicable. The display of IS number, Registration number and words shall not be less than Arial font size 6. All dimenllons in MilUm."""", L3 2$.2 E E L4 40.4 H2 8§ LS 3.36 Dt E B2~ '<:I: E L{),._E 0'> ~B1 ""<tN For multicolour Standard Mark the colour scheme shall be • Red, Blue and Black. a) For prinling purposes, colours shall be 'Oriental Blue"" and 'Monopol Red"" as per IS 1222:1992. 'Ink, duplicating for twin cylinder rotary machines (third revision)' b) For sign board purposes, colurs shall be ""French Blue' (No.166) Red"" (No.537) as per IS 5:1994 'Colours for ready mixed paints and enamels (fourth revision)"".",https://www.crsbis.in/BIS/app_srv/tdc/gl/docs/Circular-Mark_Registration.pdf,https://www.crsbis.in/BIS/wtsnew.do
LEGAL,LEGAL-00165,,149,CIRC-20 Nov 2015-9147349707267039074,,Test Reports from lab under suspension,Bureau of Indian Standards (BIS),2015-11-20,,Test Reports from lab under suspension,,,https://www.crsbis.in/BIS/app_srv/tdc/gl/docs/Suspension_23112015.pdf,https://www.crsbis.in/BIS/wtsnew.do
LEGAL,LEGAL-00139,,150,CIRC-13 Nov 2015-8990723678273615279,,Revision of service tax w.e.f. 15/11/2015,Bureau of Indian Standards (BIS),2015-11-13,,Revision of service tax w.e.f. 15/11/2015,,All Registered Manufacturers and Applicants are requested to kindly note the above revised rates while making payments related to Registration.,https://www.crsbis.in/BIS/app_srv/tdc/gl/docs/Revision_Taxrate_16112015.pdf,https://www.crsbis.in/BIS/wtsnew.do
LEGAL,LEGAL-00163,,151,CIRC-06 Oct 2015-3738853493799353911,,Submission of original Test Report for Grant of Registration/Inclusion,Bureau of Indian Standards (BIS),2015-10-06,,Submission of original Test Report for Grant of Registration/Inclusion,,"CMD V (Registration) Ref: CMD V (Registration)/Duplicate Test Reports 6 Oct 2015 Submission of Original Test Reports for Grant of Registration/Inclusion All Applicants and Registered Manufacturers may kindly note that Xerox copy of the test reports will not be accepted for the purpose of Grant of Registration, Inclusion and any other works related to Compulsory Registration Scheme w.e.f 15 Oct 2015. All are advised to obtain additional copies of test reports from laboratories in case the same test report forms the basis for inclusion / grant of registration in more than one file submitted by the manufacturer. The cases of unreasonable charges / charges for additional copies of test reports shall be brought to the notice of BIS with documentary evidence for needful action at our end.",https://www.crsbis.in/BIS/app_srv/tdc/gl/docs/duplicate_test_reports_0610.pdf,https://www.crsbis.in/BIS/wtsnew.do
LEGAL,LEGAL-00121,,152,CIRC-10 Sep 2015-2194790773365134512,,Online submission of application for product model inclusion,Bureau of Indian Standards (BIS),2015-09-10,2015-10-01,Online submission of application for product model inclusion,,All registered manufacturers are requested to submit the inclusion application online through BIS portal. Physical documents shall also be submitted to BIS within 15 days after online submission.,https://www.crsbis.in/BIS/app_srv/tdc/gl/docs/Online_Submission.pdf,https://www.crsbis.in/BIS/wtsnew.do
LEGAL,LEGAL-00034,,153,CIRC-17 Aug 2015-3305901431387444864,,Extension of implementation of requirements for plug pin as per IS 1293,Bureau of Indian Standards (BIS),2015-08-17,,Extension of implementation of requirements for plug pin as per IS 1293,IS 1293,,https://www.crsbis.in/BIS/app_srv/tdc/gl/docs/pinorder_23042015.pdf,https://www.crsbis.in/BIS/wtsnew.do
LEGAL,LEGAL-00070,,154,CIRC-10 Jun 2015-4175836855307443015,,Guidelines for implementation of Amendment No. 1 to IS 16102 (P1) : 2012,Bureau of Indian Standards (BIS),2015-06-10,,Guidelines for implementation of Amendment No. 1 to IS 16102 (P1) : 2012,IS 16102,,https://www.crsbis.in/BIS/app_srv/tdc/gl/docs/IS_16102.pdf,https://www.crsbis.in/BIS/wtsnew.do
LEGAL,LEGAL-00132,,155,CIRC-23 Apr 2015-5971286940590760188,,Responsiblities of Indian representative (Conflict of interest),Bureau of Indian Standards (BIS),2015-04-23,,Responsiblities of Indian representative (Conflict of interest),,"CERTIFICATION MARKS DEPARTMENT – III (SDoC) Our Ref: CMD-III/(SDoC) 23 04 2015 Under the BIS Compulsory Registration Scheme, foreign manufacturers have been nominating an Indian Representative to liaise between the manufacturer and BIS. In this regard, manufacturers are advised to ensure that the Indian Representative nominated by them will not engage with any other activity of BIS or related to BIS, for example, testing of samples, involving in the activities of laboratories recognized by BIS; undertaking market surveillance etc. In case, it is detected at any stage that the Indian Representative is engaged in any of the above mentioned activities or any other activity related to BIS functions that involve conflict of interest, the Registration awarded to manufacturers is liable to be cancelled. (K Anbarasu) DDG(Certification) To All Registered Manufacturers/Stakeholders under CRS",https://www.crsbis.in/BIS/app_srv/tdc/gl/docs/RIR_30042015.pdf,https://www.crsbis.in/BIS/wtsnew.do
LEGAL,LEGAL-00029,,156,CIRC-13 Mar 2015-2728990123149087018,,Extension of date for implementation of revised standard IS 302-2-25:2014 for microwave oven,Bureau of Indian Standards (BIS),2015-03-13,,Extension of date for implementation of revised standard IS 302-2-25:2014 for microwave oven,IS 302,,https://www.crsbis.in/BIS/app_srv/tdc/gl/docs/microwaveoven_17032015.pdf,https://www.crsbis.in/BIS/wtsnew.do
LEGAL,LEGAL-00043,,157,CIRC-28 Jan 2015-6859796564451839061,,Extension of validity period,Bureau of Indian Standards (BIS),2015-01-28,,Extension of validity period,,,https://www.crsbis.in/BIS/app_srv/tdc/gl/docs/CRS-Validity_29012015.pdf,https://www.crsbis.in/BIS/wtsnew.do
LEGAL,LEGAL-00069,,158,CIRC-03 Dec 2014-8680462249272539455,,Guidelines for implementation of Amendment No. 1 to IS 13252 (Part 1) : 2010,Bureau of Indian Standards (BIS),2014-12-03,,Guidelines for implementation of Amendment No. 1 to IS 13252 (Part 1) : 2010,IS 13252 (Part 1),,https://www.crsbis.in/BIS/app_srv/tdc/gl/docs/guidelines_13252_Amd1.pdf,https://www.crsbis.in/BIS/wtsnew.do
LEGAL,LEGAL-00065,,159,CIRC-27 Oct 2014-2214335467814701153,,Guideline for Implementation of IS 302-2-25 : 2014,Bureau of Indian Standards (BIS),2014-10-27,,Guideline for Implementation of IS 302-2-25 : 2014,IS 302,"Central Marks Department – II (Legal) Our Ref: CMD-II(L)/16: IS 302-2-25 Dated 27-10-2014 Subject: Guidelines for implementation of IS 302-2-25:2014, Safety of Household and similar Electrical appliances Part 2 Particular Requirements Section 25 Microwave Ovens, including combination Microwave ovens IS 302-2-25:1994 Safety of Household and similar electrical appliances: Part 2 Particular requirements: Section 25 Microwave ovens has been revised as IS 302-2-25:2014 vide Gazette notification dated 01 August 2014 with date of establishment as 01August 2014. However IS 302-2-25:1994 shall remain in force concurrently till 31 January 2015. The guidelines for implementation of revised IS 302-2-25:2014 superseding IS 302-2-25:1994 have been finalized and approved by the competent authority are enclosed as Annex-I. CMD-3(SDOC)/CRS/E & IT Goods 15/10/2014 Subject: Guidelines for Implementation of revised standard IS 302 -2-25:2014 superseding IS 302-2-25:1994- Microwave Oven 1. Accordingly IS 302-2-25:1994 shall stand cancelled after 31 January 2015. The major changes in revised standard IS 302-2-25:2014 which are already mentioned in forward of revised specification and to be followed as applicable by all registered manufacturers/applicants under Compulsory Registration Scheme are given in Annex-A 5. Change over for Application/Inclusion case a) New applications shall not be recorded as per the older version of the Standard since the Gazette Notification has been issued. by 31 January 2015 failing which the application shall be processed for closure/rejection as per norms . All such applicants whose applications are processed as per the older version are required to give an undertaking as per enclosed prescribed format that they shall be able to switchover to the new version of the standard before the date for withdrawal of the old version i.e by 31 January 2015, as has been notified in the gazette. 1 August 2014, the same shall be accepted for grant of licence as per the version of the Standard indicated in the Test Report subject to the condition that the switchover shall be done by the date of withdrawal of the old version.",https://www.crsbis.in/BIS/app_srv/tdc/gl/docs/Implementation_of_IS_302-2-25-2014.pdf,https://www.crsbis.in/BIS/wtsnew.do
LEGAL,LEGAL-00106,,160,CIRC-14 Aug 2014-1186737901472846813,,Implementation of rev. standard IS 302-2-25:2014 for microwave oven,Bureau of Indian Standards (BIS),2014-08-14,,Implementation of rev. standard IS 302-2-25:2014 for microwave oven,IS 302,,https://www.crsbis.in/BIS/app_srv/tdc/gl/docs/,https://www.crsbis.in/BIS/wtsnew.do
LEGAL,LEGAL-00017,,161,CIRC-14 Jul 2013-5932942713306207493,,Decision regarding critical component,Bureau of Indian Standards (BIS),2013-07-14,,Decision regarding critical component,,,https://www.crsbis.in/BIS/app_srv/tdc/gl/docs/,https://www.crsbis.in/BIS/wtsnew.do
