relationship_id,centre_id,centre_name,scope_item,recognition_status,city,state,relationship_type,relation_context,evidence_column,evidence_value,unmatched_reference,source_file_ids,source_files,source_sheets,source_rows,confidence,review_flag
REL-HALLMA-0000001,HM-00001,M/s Jalan Hallmarking Centre,Assaying & Hallmarking,,,,PROVIDES,services,services,Assaying & Hallmarking,,F038,bis_topic17_hallmarking_centres.csv,,2,1.00,
REL-HALLMA-0000002,HM-00002,SHRI SALASAR BALAJI HALLMARKING CENTRE,Assaying & Hallmarking,,,,PROVIDES,services,services,Assaying & Hallmarking,,F038,bis_topic17_hallmarking_centres.csv,,3,1.00,
REL-HALLMA-0000003,HM-00003,City Hallmarking Centre,Assaying & Hallmarking,,,,PROVIDES,services,services,Assaying & Hallmarking,,F038,bis_topic17_hallmarking_centres.csv,,4,1.00,
REL-HALLMA-0000004,HM-00004,SIDDHNATH ASSAYING & HALLMARKING CENTRE,Assaying & Hallmarking,,,,PROVIDES,services,services,Assaying & Hallmarking,,F038,bis_topic17_hallmarking_centres.csv,,5,1.00,
REL-HALLMA-0000005,HM-00005,SAVITREE HALLMARKING & REFINERY,Assaying & Hallmarking,,,,PROVIDES,services,services,Assaying & Hallmarking,,F038,bis_topic17_hallmarking_centres.csv,,6,1.00,
REL-HALLMA-0000006,HM-00007,LAWAT HALLMARKING CENTER PRIVATE LIMITED,Assaying & Hallmarking,,,,PROVIDES,services,services,Assaying & Hallmarking,,F038,bis_topic17_hallmarking_centres.csv,,7,1.00,
REL-HALLMA-0000007,HM-00008,SAMRIDDHI ASSAYING & HALLMARKING CENTRE,Assaying & Hallmarking,,,,PROVIDES,services,services,Assaying & Hallmarking,,F038,bis_topic17_hallmarking_centres.csv,,8,1.00,
REL-HALLMA-0000008,HM-00011,Prince Hallmarking and Refinery Private Limited,Assaying & Hallmarking,,,,PROVIDES,services,services,Assaying & Hallmarking,,F038,bis_topic17_hallmarking_centres.csv,,9,1.00,
REL-HALLMA-0000009,HM-00012,M/s Shree Katyayani Enterprises,Assaying & Hallmarking,,,,PROVIDES,services,services,Assaying & Hallmarking,,F038,bis_topic17_hallmarking_centres.csv,,10,1.00,
REL-HALLMA-0000010,HM-00014,HRDK HALLMARKING CENTRE,Assaying & Hallmarking,,,,PROVIDES,services,services,Assaying & Hallmarking,,F038,bis_topic17_hallmarking_centres.csv,,11,1.00,
REL-HALLMA-0000011,HM-00015,SRI GANGANAGAR HALLMARKING CENTRE,Assaying & Hallmarking,,,,PROVIDES,services,services,Assaying & Hallmarking,,F038,bis_topic17_hallmarking_centres.csv,,12,1.00,
REL-HALLMA-0000012,HM-00016,Ms Swarn Assaying & Hallmarking Centre,Assaying & Hallmarking,,,,PROVIDES,services,services,Assaying & Hallmarking,,F038,bis_topic17_hallmarking_centres.csv,,13,1.00,
REL-HALLMA-0000013,HM-00017,Shri Salasar Balaji Hallmarking Centre,Assaying & Hallmarking,,,,PROVIDES,services,services,Assaying & Hallmarking,,F038,bis_topic17_hallmarking_centres.csv,,14,1.00,
REL-HALLMA-0000014,HM-00019,M/s Mahalaxmi Hallmarking Centre,Assaying & Hallmarking,,,,PROVIDES,services,services,Assaying & Hallmarking,,F038,bis_topic17_hallmarking_centres.csv,,15,1.00,
REL-HALLMA-0000015,HM-00020,DELHI HALLMARKING CENTRE,Assaying & Hallmarking,,,,PROVIDES,services,services,Assaying & Hallmarking,,F038,bis_topic17_hallmarking_centres.csv,,16,1.00,
REL-HALLMA-0000016,HM-00022,P S HALLMARKING CENTRE,Assaying & Hallmarking,,,,PROVIDES,services,services,Assaying & Hallmarking,,F038,bis_topic17_hallmarking_centres.csv,,17,1.00,
REL-HALLMA-0000017,HM-00025,S R ASSAYING AND HALLMARKING CENTRE,Assaying & Hallmarking,,,,PROVIDES,services,services,Assaying & Hallmarking,,F038,bis_topic17_hallmarking_centres.csv,,18,1.00,
REL-HALLMA-0000018,HM-00026,Krishna Hallmarking Centre,Assaying & Hallmarking,,,,PROVIDES,services,services,Assaying & Hallmarking,,F038,bis_topic17_hallmarking_centres.csv,,19,1.00,
REL-HALLMA-0000019,HM-00028,SHRI BALAJI HALLMARKING CENTRE,Assaying & Hallmarking,,,,PROVIDES,services,services,Assaying & Hallmarking,,F038,bis_topic17_hallmarking_centres.csv,,20,1.00,
REL-HALLMA-0000020,HM-00029,IDGL Hallmarking Centre,Assaying & Hallmarking,,,,PROVIDES,services,services,Assaying & Hallmarking,,F038,bis_topic17_hallmarking_centres.csv,,21,1.00,
REL-HALLMA-0000021,HM-00031,CHETNA ASSAYING AND HALLMARKING CENTRE,Assaying & Hallmarking,,,,PROVIDES,services,services,Assaying & Hallmarking,,F038,bis_topic17_hallmarking_centres.csv,,22,1.00,
REL-HALLMA-0000022,HM-00032,SHREE KALYAN HALLMARKING CENTRE,Assaying & Hallmarking,,,,PROVIDES,services,services,Assaying & Hallmarking,,F038,bis_topic17_hallmarking_centres.csv,,23,1.00,
REL-HALLMA-0000023,HM-00033,M/s Lalji Assaying and Hallmarking Centre,Assaying & Hallmarking,,,,PROVIDES,services,services,Assaying & Hallmarking,,F038,bis_topic17_hallmarking_centres.csv,,24,1.00,
REL-HALLMA-0000024,HM-00035,J P Testing and gold hallmarking Centre,Assaying & Hallmarking,,,,PROVIDES,services,services,Assaying & Hallmarking,,F038,bis_topic17_hallmarking_centres.csv,,25,1.00,
REL-HALLMA-0000025,HM-00036,M/s Gehna Hallmarking Centre,Assaying & Hallmarking,,,,PROVIDES,services,services,Assaying & Hallmarking,,F038,bis_topic17_hallmarking_centres.csv,,26,1.00,
REL-HALLMA-0000026,HM-00038,M/s National Hallmarking Centre,Assaying & Hallmarking,,,,PROVIDES,services,services,Assaying & Hallmarking,,F038,bis_topic17_hallmarking_centres.csv,,27,1.00,
REL-HALLMA-0000027,HM-00040,IDGL GOLD HALLMARKING CENTRE,Assaying & Hallmarking,,,,PROVIDES,services,services,Assaying & Hallmarking,,F038,bis_topic17_hallmarking_centres.csv,,28,1.00,
REL-HALLMA-0000028,HM-00041,S.P. Assayers and Hallmarking,Assaying & Hallmarking,,,,PROVIDES,services,services,Assaying & Hallmarking,,F038,bis_topic17_hallmarking_centres.csv,,29,1.00,
REL-HALLMA-0000029,HM-00043,M/s Labin Gem Testing & Hallmarking Center,Assaying & Hallmarking,,,,PROVIDES,services,services,Assaying & Hallmarking,,F038,bis_topic17_hallmarking_centres.csv,,30,1.00,
REL-HALLMA-0000030,HM-00044,M/s N.C. & Co. Hallmarking Centre,Assaying & Hallmarking,,,,PROVIDES,services,services,Assaying & Hallmarking,,F038,bis_topic17_hallmarking_centres.csv,,31,1.00,
REL-HALLMA-0000031,HM-00045,M/s N.C. & Co. Hallmarking Centre,Assaying & Hallmarking,,,,PROVIDES,services,services,Assaying & Hallmarking,,F038,bis_topic17_hallmarking_centres.csv,,32,1.00,
REL-HALLMA-0000032,HM-00047,M/s Vinayak Assaying & Hallmarking Pvt. Ltd,Assaying & Hallmarking,,,,PROVIDES,services,services,Assaying & Hallmarking,,F038,bis_topic17_hallmarking_centres.csv,,33,1.00,
REL-HALLMA-0000033,HM-00048,Sidhnath Gold Hallmark Centre,Assaying & Hallmarking,,,,PROVIDES,services,services,Assaying & Hallmarking,,F038,bis_topic17_hallmarking_centres.csv,,34,1.00,
REL-HALLMA-0000034,HM-00050,Shri Shyam Hallmark Centre,Assaying & Hallmarking,,,,PROVIDES,services,services,Assaying & Hallmarking,,F038,bis_topic17_hallmarking_centres.csv,,35,1.00,
REL-HALLMA-0000035,HM-00051,Rama Krishna Gold Hallmarking,Assaying & Hallmarking,,,,PROVIDES,services,services,Assaying & Hallmarking,,F038,bis_topic17_hallmarking_centres.csv,,36,1.00,
REL-HALLMA-0000036,HM-00052,Amola Hallmark,Assaying & Hallmarking,,,,PROVIDES,services,services,Assaying & Hallmarking,,F038,bis_topic17_hallmarking_centres.csv,,37,1.00,
REL-HALLMA-0000037,HM-00053,SATNA HALLMARKING CENTRE,Assaying & Hallmarking,,,,PROVIDES,services,services,Assaying & Hallmarking,,F038,bis_topic17_hallmarking_centres.csv,,38,1.00,
REL-HALLMA-0000038,HM-00054,SATNA HALLMARKING CENTRE,Assaying & Hallmarking,,,,PROVIDES,services,services,Assaying & Hallmarking,,F038,bis_topic17_hallmarking_centres.csv,,39,1.00,
REL-HALLMA-0000039,HM-00055,Shree Balaji Hallmark & Testing Center,Assaying & Hallmarking,,,,PROVIDES,services,services,Assaying & Hallmarking,,F038,bis_topic17_hallmarking_centres.csv,,40,1.00,
REL-HALLMA-0000040,HM-00056,MAA KARNI HALLMARKING CENTRE,Assaying & Hallmarking,,,,PROVIDES,services,services,Assaying & Hallmarking,,F038,bis_topic17_hallmarking_centres.csv,,41,1.00,
REL-HALLMA-0000041,HM-00057,Ayush Hallmarking Center,Assaying & Hallmarking,,,,PROVIDES,services,services,Assaying & Hallmarking,,F038,bis_topic17_hallmarking_centres.csv,,42,1.00,
REL-HALLMA-0000042,HM-00058,S S Hallmarking Centre,Assaying & Hallmarking,,,,PROVIDES,services,services,Assaying & Hallmarking,,F038,bis_topic17_hallmarking_centres.csv,,43,1.00,
REL-HALLMA-0000043,HM-00059,RAMJI HALLMARKING CENTRE,Assaying & Hallmarking,,,,PROVIDES,services,services,Assaying & Hallmarking,,F038,bis_topic17_hallmarking_centres.csv,,44,1.00,
REL-HALLMA-0000044,HM-00060,M/s R C Hallmarking,Assaying & Hallmarking,,,,PROVIDES,services,services,Assaying & Hallmarking,,F038,bis_topic17_hallmarking_centres.csv,,45,1.00,
REL-HALLMA-0000045,HM-00062,SURAJ HALLMARKING & ASSAYING CENTRE,Assaying & Hallmarking,,,,PROVIDES,services,services,Assaying & Hallmarking,,F038,bis_topic17_hallmarking_centres.csv,,46,1.00,
REL-HALLMA-0000046,HM-00063,MEERA HALLMARKING CENTRE,Assaying & Hallmarking,,,,PROVIDES,services,services,Assaying & Hallmarking,,F038,bis_topic17_hallmarking_centres.csv,,47,1.00,
REL-HALLMA-0000047,HM-00064,Shri Jee Assaying & Hallmarking Centre,Assaying & Hallmarking,,,,PROVIDES,services,services,Assaying & Hallmarking,,F038,bis_topic17_hallmarking_centres.csv,,48,1.00,
REL-HALLMA-0000048,HM-00065,DWARIKA HALLMARKING CENTRE,Assaying & Hallmarking,,,,PROVIDES,services,services,Assaying & Hallmarking,,F038,bis_topic17_hallmarking_centres.csv,,49,1.00,
REL-HALLMA-0000049,HM-00066,TARUN HALLMARKING CENTRE,Assaying & Hallmarking,,,,PROVIDES,services,services,Assaying & Hallmarking,,F038,bis_topic17_hallmarking_centres.csv,,50,1.00,
REL-HALLMA-0000050,HM-00068,M/s J S Assaying & Hallmarking Centre,Assaying & Hallmarking,,,,PROVIDES,services,services,Assaying & Hallmarking,,F038,bis_topic17_hallmarking_centres.csv,,51,1.00,
REL-HALLMA-0000051,HM-00069,BRIJ HALLMARKING CENTER,Assaying & Hallmarking,,,,PROVIDES,services,services,Assaying & Hallmarking,,F038,bis_topic17_hallmarking_centres.csv,,52,1.00,
REL-HALLMA-0000052,HM-00071,CHETNA HALLMARKING LAB,Assaying & Hallmarking,,,,PROVIDES,services,services,Assaying & Hallmarking,,F038,bis_topic17_hallmarking_centres.csv,,53,1.00,
REL-HALLMA-0000053,HM-00072,M/s Prince Hallmarking & Refinery Pvt. Ltd,Assaying & Hallmarking,,,,PROVIDES,services,services,Assaying & Hallmarking,,F038,bis_topic17_hallmarking_centres.csv,,54,1.00,
REL-HALLMA-0000054,HM-00073,M/s Prince Hallmarking & Refinery Pvt. Ltd,Assaying & Hallmarking,,,,PROVIDES,services,services,Assaying & Hallmarking,,F038,bis_topic17_hallmarking_centres.csv,,55,1.00,
REL-HALLMA-0000055,HM-00074,Lakshmi Assaying And Hallmarking Centre,Assaying & Hallmarking,,,,PROVIDES,services,services,Assaying & Hallmarking,,F038,bis_topic17_hallmarking_centres.csv,,56,1.00,
REL-HALLMA-0000056,HM-00075,Lakshmi Assaying And Hallmarking Centre,Assaying & Hallmarking,,,,PROVIDES,services,services,Assaying & Hallmarking,,F038,bis_topic17_hallmarking_centres.csv,,57,1.00,
REL-HALLMA-0000057,HM-00077,OM HALLMARKING CENTRE,Assaying & Hallmarking,,,,PROVIDES,services,services,Assaying & Hallmarking,,F038,bis_topic17_hallmarking_centres.csv,,58,1.00,
REL-HALLMA-0000058,HM-00079,VARSHA HALLMARKING &ASSAYING CENTRE,Assaying & Hallmarking,,,,PROVIDES,services,services,Assaying & Hallmarking,,F038,bis_topic17_hallmarking_centres.csv,,59,1.00,
REL-HALLMA-0000059,HM-00081,SHREE SHYAM HALLMARK,Assaying & Hallmarking,,,,PROVIDES,services,services,Assaying & Hallmarking,,F038,bis_topic17_hallmarking_centres.csv,,60,1.00,
REL-HALLMA-0000060,HM-00084,SUBHASH HALLMARKING CENTRE,Assaying & Hallmarking,,,,PROVIDES,services,services,Assaying & Hallmarking,,F038,bis_topic17_hallmarking_centres.csv,,61,1.00,
REL-HALLMA-0000061,HM-00087,SHREE HINDUSTAN TESTING CENTER,Assaying & Hallmarking,,,,PROVIDES,services,services,Assaying & Hallmarking,,F038,bis_topic17_hallmarking_centres.csv,,62,1.00,
REL-HALLMA-0000062,HM-00088,Salasar Balaji Hallmarking Centre,Assaying & Hallmarking,,,,PROVIDES,services,services,Assaying & Hallmarking,,F038,bis_topic17_hallmarking_centres.csv,,63,1.00,
REL-HALLMA-0000063,HM-00089,PAWAN HALLMARKING CENTRE,Assaying & Hallmarking,,,,PROVIDES,services,services,Assaying & Hallmarking,,F038,bis_topic17_hallmarking_centres.csv,,64,1.00,
REL-HALLMA-0000064,HM-00090,MAA BHAVANI HALLMARKING CENTRE,Assaying & Hallmarking,,,,PROVIDES,services,services,Assaying & Hallmarking,,F038,bis_topic17_hallmarking_centres.csv,,65,1.00,
REL-HALLMA-0000065,HM-00092,BALAJI HALLMARKING CENTER,Assaying & Hallmarking,,,,PROVIDES,services,services,Assaying & Hallmarking,,F038,bis_topic17_hallmarking_centres.csv,,66,1.00,
REL-HALLMA-0000066,HM-00093,Heman hallmarking Centre,Assaying & Hallmarking,,,,PROVIDES,services,services,Assaying & Hallmarking,,F038,bis_topic17_hallmarking_centres.csv,,67,1.00,
REL-HALLMA-0000067,HM-00094,CITY HALLMARK CENTRE,Assaying & Hallmarking,,,,PROVIDES,services,services,Assaying & Hallmarking,,F038,bis_topic17_hallmarking_centres.csv,,68,1.00,
REL-HALLMA-0000068,HM-00095,JHUNJHUNU HALLMARKING CENTER,Assaying & Hallmarking,,,,PROVIDES,services,services,Assaying & Hallmarking,,F038,bis_topic17_hallmarking_centres.csv,,69,1.00,
REL-HALLMA-0000069,HM-00096,JHUNJHUNU HALLMARKING CENTER,Assaying & Hallmarking,,,,PROVIDES,services,services,Assaying & Hallmarking,,F038,bis_topic17_hallmarking_centres.csv,,70,1.00,
REL-HALLMA-0000070,HM-00097,NAVKAR HALLMARKING CENTER,Assaying & Hallmarking,,,,PROVIDES,services,services,Assaying & Hallmarking,,F038,bis_topic17_hallmarking_centres.csv,,71,1.00,
REL-HALLMA-0000071,HM-00098,SHRI BANKEY BIHARI HALLMARK CENTER,Assaying & Hallmarking,,,,PROVIDES,services,services,Assaying & Hallmarking,,F038,bis_topic17_hallmarking_centres.csv,,72,1.00,
REL-HALLMA-0000072,HM-00100,MEERA HALLMARKING CENTRE,Assaying & Hallmarking,,,,PROVIDES,services,services,Assaying & Hallmarking,,F038,bis_topic17_hallmarking_centres.csv,,73,1.00,
REL-HALLMA-0000073,HM-00101,S K Hallmarking & Assaying Centre,Assaying & Hallmarking,,,,PROVIDES,services,services,Assaying & Hallmarking,,F038,bis_topic17_hallmarking_centres.csv,,74,1.00,
REL-HALLMA-0000074,HM-00102,GRG HALLMARKING CENTRE,Assaying & Hallmarking,,,,PROVIDES,services,services,Assaying & Hallmarking,,F038,bis_topic17_hallmarking_centres.csv,,75,1.00,
REL-HALLMA-0000075,HM-00104,SHRI SURAJ HALLMARKING AND ASSAYING CENTRE,Assaying & Hallmarking,,,,PROVIDES,services,services,Assaying & Hallmarking,,F038,bis_topic17_hallmarking_centres.csv,,76,1.00,
REL-HALLMA-0000076,HM-00105,M s Maya Testing and Hallmarking Centre,Assaying & Hallmarking,,,,PROVIDES,services,services,Assaying & Hallmarking,,F038,bis_topic17_hallmarking_centres.csv,,77,1.00,
REL-HALLMA-0000077,HM-00106,Mega Hallmarking Centre,Assaying & Hallmarking,,,,PROVIDES,services,services,Assaying & Hallmarking,,F038,bis_topic17_hallmarking_centres.csv,,78,1.00,
REL-HALLMA-0000078,HM-00108,G S HALLMARKING CENTER,Assaying & Hallmarking,,,,PROVIDES,services,services,Assaying & Hallmarking,,F038,bis_topic17_hallmarking_centres.csv,,79,1.00,
REL-HALLMA-0000079,HM-00109,SSJ MOSUN HALLMARKING CENTRE,Assaying & Hallmarking,,,,PROVIDES,services,services,Assaying & Hallmarking,,F038,bis_topic17_hallmarking_centres.csv,,80,1.00,
REL-HALLMA-0000080,HM-00110,VIKAS HALLMARKING ASSAY CENTER,Assaying & Hallmarking,,,,PROVIDES,services,services,Assaying & Hallmarking,,F038,bis_topic17_hallmarking_centres.csv,,81,1.00,
REL-HALLMA-0000081,HM-00111,STAR HALLMARK CENTRE,Assaying & Hallmarking,,,,PROVIDES,services,services,Assaying & Hallmarking,,F038,bis_topic17_hallmarking_centres.csv,,82,1.00,
REL-HALLMA-0000082,HM-00112,STAR HALLMARK CENTRE,Assaying & Hallmarking,,,,PROVIDES,services,services,Assaying & Hallmarking,,F038,bis_topic17_hallmarking_centres.csv,,83,1.00,
REL-HALLMA-0000083,HM-00113,ELIXIR GOLD,Assaying & Hallmarking,,,,PROVIDES,services,services,Assaying & Hallmarking,,F038,bis_topic17_hallmarking_centres.csv,,84,1.00,
REL-HALLMA-0000084,HM-00114,PARAKH GOLD TESTING AND HALLMARK CENTER,Assaying & Hallmarking,,,,PROVIDES,services,services,Assaying & Hallmarking,,F038,bis_topic17_hallmarking_centres.csv,,85,1.00,
REL-HALLMA-0000085,HM-00115,Kanha Hallmarking Center,Assaying & Hallmarking,,,,PROVIDES,services,services,Assaying & Hallmarking,,F038,bis_topic17_hallmarking_centres.csv,,86,1.00,
REL-HALLMA-0000086,HM-00116,Kanha Hallmarking Center,Assaying & Hallmarking,,,,PROVIDES,services,services,Assaying & Hallmarking,,F038,bis_topic17_hallmarking_centres.csv,,87,1.00,
REL-HALLMA-0000087,HM-00121,CHURU HALLMARKING CENTRE,Assaying & Hallmarking,,,,PROVIDES,services,services,Assaying & Hallmarking,,F038,bis_topic17_hallmarking_centres.csv,,88,1.00,
REL-HALLMA-0000088,HM-00122,CHURU HALLMARKING CENTRE,Assaying & Hallmarking,,,,PROVIDES,services,services,Assaying & Hallmarking,,F038,bis_topic17_hallmarking_centres.csv,,89,1.00,
REL-HALLMA-0000089,HM-00123,CHURU HALLMARKING CENTRE,Assaying & Hallmarking,,,,PROVIDES,services,services,Assaying & Hallmarking,,F038,bis_topic17_hallmarking_centres.csv,,90,1.00,
REL-HALLMA-0000090,HM-00124,S G HALLMARK CENTER,Assaying & Hallmarking,,,,PROVIDES,services,services,Assaying & Hallmarking,,F038,bis_topic17_hallmarking_centres.csv,,91,1.00,
REL-HALLMA-0000091,HM-00125,BOMBAY ASSAY COMPANY,Assaying & Hallmarking,,,,PROVIDES,services,services,Assaying & Hallmarking,,F038,bis_topic17_hallmarking_centres.csv,,92,1.00,
REL-HALLMA-0000092,HM-00128,Rudra Hallmarking Lab,Assaying & Hallmarking,,,,PROVIDES,services,services,Assaying & Hallmarking,,F038,bis_topic17_hallmarking_centres.csv,,93,1.00,
REL-HALLMA-0000093,HM-00130,Raj Hallmarking Centre,Assaying & Hallmarking,,,,PROVIDES,services,services,Assaying & Hallmarking,,F038,bis_topic17_hallmarking_centres.csv,,94,1.00,
REL-HALLMA-0000094,HM-00131,KALASH HALLMARKING CENTRE,Assaying & Hallmarking,,,,PROVIDES,services,services,Assaying & Hallmarking,,F038,bis_topic17_hallmarking_centres.csv,,95,1.00,
REL-HALLMA-0000095,HM-00132,Kashyap Assaying and Hallmarking Centre,Assaying & Hallmarking,,,,PROVIDES,services,services,Assaying & Hallmarking,,F038,bis_topic17_hallmarking_centres.csv,,96,1.00,
REL-HALLMA-0000096,HM-00133,SHIVAJI GOLD HALLMARKING CENTRE,Assaying & Hallmarking,,,,PROVIDES,services,services,Assaying & Hallmarking,,F038,bis_topic17_hallmarking_centres.csv,,97,1.00,
REL-HALLMA-0000097,HM-00134,SHRI GANESH HALLMARKING AND ASSAYING CENTRE,Assaying & Hallmarking,,,,PROVIDES,services,services,Assaying & Hallmarking,,F038,bis_topic17_hallmarking_centres.csv,,98,1.00,
REL-HALLMA-0000098,HM-00135,Star Hallmarking Lab,Assaying & Hallmarking,,,,PROVIDES,services,services,Assaying & Hallmarking,,F038,bis_topic17_hallmarking_centres.csv,,99,1.00,
REL-HALLMA-0000099,HM-00136,SHREE GANPATI TESTING & HALLMARKING CENTRE,Assaying & Hallmarking,,,,PROVIDES,services,services,Assaying & Hallmarking,,F038,bis_topic17_hallmarking_centres.csv,,100,1.00,
REL-HALLMA-0000100,HM-00137,Shree Salasar Hallmarking Centre,Assaying & Hallmarking,,,,PROVIDES,services,services,Assaying & Hallmarking,,F038,bis_topic17_hallmarking_centres.csv,,101,1.00,
REL-HALLMA-0000101,HM-00138,SHREE SHYAM JI HALLMARK CENTER,Assaying & Hallmarking,,,,PROVIDES,services,services,Assaying & Hallmarking,,F038,bis_topic17_hallmarking_centres.csv,,102,1.00,
REL-HALLMA-0000102,HM-00139,MAHALUXMI HALLMARKING CENTRE,Assaying & Hallmarking,,,,PROVIDES,services,services,Assaying & Hallmarking,,F038,bis_topic17_hallmarking_centres.csv,,103,1.00,
REL-HALLMA-0000103,HM-00142,R R HALLMARKING CENTER,Assaying & Hallmarking,,,,PROVIDES,services,services,Assaying & Hallmarking,,F038,bis_topic17_hallmarking_centres.csv,,104,1.00,
REL-HALLMA-0000104,HM-00143,SHRI HARI ASSAYING AND HALLMARKING CENTER,Assaying & Hallmarking,,,,PROVIDES,services,services,Assaying & Hallmarking,,F038,bis_topic17_hallmarking_centres.csv,,105,1.00,
REL-HALLMA-0000105,HM-00144,QUALITY ASSAY & HALLMARKING CENTRE PRIVATE LIMITED,Assaying & Hallmarking,,,,PROVIDES,services,services,Assaying & Hallmarking,,F038,bis_topic17_hallmarking_centres.csv,,106,1.00,
REL-HALLMA-0000106,HM-00145,BOMBAY ASSAYING AND HALLMARKING CENTER,Assaying & Hallmarking,,,,PROVIDES,services,services,Assaying & Hallmarking,,F038,bis_topic17_hallmarking_centres.csv,,107,1.00,
REL-HALLMA-0000107,HM-00147,OM GOVIND HALLMARKING CENTER,Assaying & Hallmarking,,,,PROVIDES,services,services,Assaying & Hallmarking,,F038,bis_topic17_hallmarking_centres.csv,,108,1.00,
REL-HALLMA-0000108,HM-00148,AARADHY HALLMARKING CENTER,Assaying & Hallmarking,,,,PROVIDES,services,services,Assaying & Hallmarking,,F038,bis_topic17_hallmarking_centres.csv,,109,1.00,
REL-HALLMA-0000109,HM-00149,AARADHY HALLMARKING CENTER,Assaying & Hallmarking,,,,PROVIDES,services,services,Assaying & Hallmarking,,F038,bis_topic17_hallmarking_centres.csv,,110,1.00,
REL-HALLMA-0000110,HM-00150,SHREEJI ASSAYING & HALLMARKING CENTER,Assaying & Hallmarking,,,,PROVIDES,services,services,Assaying & Hallmarking,,F038,bis_topic17_hallmarking_centres.csv,,111,1.00,
REL-HALLMA-0000111,HM-00151,Vinayak Hallmarking Centre,Assaying & Hallmarking,,,,PROVIDES,services,services,Assaying & Hallmarking,,F038,bis_topic17_hallmarking_centres.csv,,112,1.00,
REL-HALLMA-0000112,HM-00152,VRINDAVAN HALLMARKING CENTRE,Assaying & Hallmarking,,,,PROVIDES,services,services,Assaying & Hallmarking,,F038,bis_topic17_hallmarking_centres.csv,,113,1.00,
REL-HALLMA-0000113,HM-00153,Guptaji Assaying and Hallmarking Centre,Assaying & Hallmarking,,,,PROVIDES,services,services,Assaying & Hallmarking,,F038,bis_topic17_hallmarking_centres.csv,,114,1.00,
REL-HALLMA-0000114,HM-00154,ANIKA HALLMARK,Assaying & Hallmarking,,,,PROVIDES,services,services,Assaying & Hallmarking,,F038,bis_topic17_hallmarking_centres.csv,,115,1.00,
REL-HALLMA-0000115,HM-00155,ELIXIR GOLD,Assaying & Hallmarking,,,,PROVIDES,services,services,Assaying & Hallmarking,,F038,bis_topic17_hallmarking_centres.csv,,116,1.00,
REL-HALLMA-0000116,HM-00156,ALANKAR ASSAYING AND HALLMARKING CENTRE,Assaying & Hallmarking,,,,PROVIDES,services,services,Assaying & Hallmarking,,F038,bis_topic17_hallmarking_centres.csv,,117,1.00,
REL-HALLMA-0000117,HM-00157,CHETNA ASSAYING AND HALLMARKING CENTRE,Assaying & Hallmarking,,,,PROVIDES,services,services,Assaying & Hallmarking,,F038,bis_topic17_hallmarking_centres.csv,,118,1.00,
REL-HALLMA-0000118,HM-00158,CHETNA ASSAYING AND HALLMARKING CENTRE,Assaying & Hallmarking,,,,PROVIDES,services,services,Assaying & Hallmarking,,F038,bis_topic17_hallmarking_centres.csv,,119,1.00,
REL-HALLMA-0000119,HM-00159,JMD Hallmarking Center,Assaying & Hallmarking,,,,PROVIDES,services,services,Assaying & Hallmarking,,F038,bis_topic17_hallmarking_centres.csv,,120,1.00,
REL-HALLMA-0000120,HM-00161,Shri Radhey Hallmarking Centre,Assaying & Hallmarking,,,,PROVIDES,services,services,Assaying & Hallmarking,,F038,bis_topic17_hallmarking_centres.csv,,121,1.00,
REL-HALLMA-0000121,HM-00162,JAISHREE HALLMARKING CENTRE,Assaying & Hallmarking,,,,PROVIDES,services,services,Assaying & Hallmarking,,F038,bis_topic17_hallmarking_centres.csv,,122,1.00,
REL-HALLMA-0000122,HM-00163,United Assaying Hallmark Centre LLP,Assaying & Hallmarking,,,,PROVIDES,services,services,Assaying & Hallmarking,,F038,bis_topic17_hallmarking_centres.csv,,123,1.00,
REL-HALLMA-0000123,HM-00164,Shri Savariya Seth Gold Testing And Hallmark Center,Assaying & Hallmarking,,,,PROVIDES,services,services,Assaying & Hallmarking,,F038,bis_topic17_hallmarking_centres.csv,,124,1.00,
REL-HALLMA-0000124,HM-00165,CP HALLMARKING CENTER,Assaying & Hallmarking,,,,PROVIDES,services,services,Assaying & Hallmarking,,F038,bis_topic17_hallmarking_centres.csv,,125,1.00,
REL-HALLMA-0000125,HM-00166,MAA SUDAMA HALLMARK,Assaying & Hallmarking,,,,PROVIDES,services,services,Assaying & Hallmarking,,F038,bis_topic17_hallmarking_centres.csv,,126,1.00,
REL-HALLMA-0000126,HM-00167,SINGHAL HALLMARKING CENTRE,Assaying & Hallmarking,,,,PROVIDES,services,services,Assaying & Hallmarking,,F038,bis_topic17_hallmarking_centres.csv,,127,1.00,
REL-HALLMA-0000127,HM-00169,B K HALLMARKING,Assaying & Hallmarking,,,,PROVIDES,services,services,Assaying & Hallmarking,,F038,bis_topic17_hallmarking_centres.csv,,128,1.00,
REL-HALLMA-0000128,HM-00171,DASBHUJA MARKETING LIMITED,Assaying & Hallmarking,,,,PROVIDES,services,services,Assaying & Hallmarking,,F038,bis_topic17_hallmarking_centres.csv,,129,1.00,
REL-HALLMA-0000129,HM-00172,SHIV SHAKTI TOUNCH AND HALLMARKING CENTRE,Assaying & Hallmarking,,,,PROVIDES,services,services,Assaying & Hallmarking,,F038,bis_topic17_hallmarking_centres.csv,,130,1.00,
REL-HALLMA-0000130,HM-00173,G K HALLMARKING CENTER,Assaying & Hallmarking,,,,PROVIDES,services,services,Assaying & Hallmarking,,F038,bis_topic17_hallmarking_centres.csv,,131,1.00,
REL-HALLMA-0000131,HM-00175,VARANASI HALLMARK CENTER,Assaying & Hallmarking,,,,PROVIDES,services,services,Assaying & Hallmarking,,F038,bis_topic17_hallmarking_centres.csv,,132,1.00,
REL-HALLMA-0000132,HM-00176,B R GOLD TANCH AND HALLMARK CENTER,Assaying & Hallmarking,,,,PROVIDES,services,services,Assaying & Hallmarking,,F038,bis_topic17_hallmarking_centres.csv,,133,1.00,
REL-HALLMA-0000133,HM-00177,KANAHAIYA HALLMARKING CENTER,Assaying & Hallmarking,,,,PROVIDES,services,services,Assaying & Hallmarking,,F038,bis_topic17_hallmarking_centres.csv,,134,1.00,
REL-HALLMA-0000134,HM-00178,AVADH HALLMARK CENTRE,Assaying & Hallmarking,,,,PROVIDES,services,services,Assaying & Hallmarking,,F038,bis_topic17_hallmarking_centres.csv,,135,1.00,
REL-HALLMA-0000135,HM-00179,SWASTIK HALLMARKING CENTRE,Assaying & Hallmarking,,,,PROVIDES,services,services,Assaying & Hallmarking,,F038,bis_topic17_hallmarking_centres.csv,,136,1.00,
REL-HALLMA-0000136,HM-00180,R R C HALLMARKING & TEST CENTRE,Assaying & Hallmarking,,,,PROVIDES,services,services,Assaying & Hallmarking,,F038,bis_topic17_hallmarking_centres.csv,,137,1.00,
REL-HALLMA-0000137,HM-00181,A S GOLD HALLMARKING AND ASSAYERS,Assaying & Hallmarking,,,,PROVIDES,services,services,Assaying & Hallmarking,,F038,bis_topic17_hallmarking_centres.csv,,138,1.00,
REL-HALLMA-0000138,HM-00182,S A N HALLMARKING CENTRE,Assaying & Hallmarking,,,,PROVIDES,services,services,Assaying & Hallmarking,,F038,bis_topic17_hallmarking_centres.csv,,139,1.00,
REL-HALLMA-0000139,HM-00183,SHRI LAXMI HALLMARKING AND TUNCH CENTRE,Assaying & Hallmarking,,,,PROVIDES,services,services,Assaying & Hallmarking,,F038,bis_topic17_hallmarking_centres.csv,,140,1.00,
REL-HALLMA-0000140,HM-00184,SHREE SHYAM JI HALLMARKING CENTRE,Assaying & Hallmarking,,,,PROVIDES,services,services,Assaying & Hallmarking,,F038,bis_topic17_hallmarking_centres.csv,,141,1.00,
REL-HALLMA-0000141,HM-00185,R A HALLMARKING CENTRE,Assaying & Hallmarking,,,,PROVIDES,services,services,Assaying & Hallmarking,,F038,bis_topic17_hallmarking_centres.csv,,142,1.00,
REL-HALLMA-0000142,HM-00186,UVA GOLD TESTING,Assaying & Hallmarking,,,,PROVIDES,services,services,Assaying & Hallmarking,,F038,bis_topic17_hallmarking_centres.csv,,143,1.00,
REL-HALLMA-0000143,HM-00187,PATIL I HALLMARK,Assaying & Hallmarking,,,,PROVIDES,services,services,Assaying & Hallmarking,,F038,bis_topic17_hallmarking_centres.csv,,144,1.00,
REL-HALLMA-0000144,HM-00188,RBR HALLMARKING AND ASSAYING CENTER,Assaying & Hallmarking,,,,PROVIDES,services,services,Assaying & Hallmarking,,F038,bis_topic17_hallmarking_centres.csv,,145,1.00,
REL-HALLMA-0000145,HM-00189,G K HALLMARKING CENTRE,Assaying & Hallmarking,,,,PROVIDES,services,services,Assaying & Hallmarking,,F038,bis_topic17_hallmarking_centres.csv,,146,1.00,
REL-HALLMA-0000146,HM-00190,JAI VINDHYAWASINI HALLMARKING CENTER,Assaying & Hallmarking,,,,PROVIDES,services,services,Assaying & Hallmarking,,F038,bis_topic17_hallmarking_centres.csv,,147,1.00,
REL-HALLMA-0000147,HM-00191,JAISWAL HALLMARK CENTER,Assaying & Hallmarking,,,,PROVIDES,services,services,Assaying & Hallmarking,,F038,bis_topic17_hallmarking_centres.csv,,148,1.00,
REL-HALLMA-0000148,HM-00192,SHREE JI HALLMARKING AND TESTING CENTER,Assaying & Hallmarking,,,,PROVIDES,services,services,Assaying & Hallmarking,,F038,bis_topic17_hallmarking_centres.csv,,149,1.00,
REL-HALLMA-0000149,HM-00193,SHREE RAM GOLD AND SILVER TEST LAB AND HALLMARK CENTRE,Assaying & Hallmarking,,,,PROVIDES,services,services,Assaying & Hallmarking,,F038,bis_topic17_hallmarking_centres.csv,,150,1.00,
REL-HALLMA-0000150,HM-00194,SHREE HALLMARKING CENTRE,Assaying & Hallmarking,,,,PROVIDES,services,services,Assaying & Hallmarking,,F038,bis_topic17_hallmarking_centres.csv,,151,1.00,
REL-HALLMA-0000151,HM-00195,A ONE COMPUTERIZED X RAY TUNCH BULLION AND REFINERY,Assaying & Hallmarking,,,,PROVIDES,services,services,Assaying & Hallmarking,,F038,bis_topic17_hallmarking_centres.csv,,152,1.00,
REL-HALLMA-0000152,HM-00196,SHRI BANKEY BIHARI ASSAYING AND HALLMARK CENTRE PRIVATE LIMITED,Assaying & Hallmarking,,,,PROVIDES,services,services,Assaying & Hallmarking,,F038,bis_topic17_hallmarking_centres.csv,,153,1.00,
REL-HALLMA-0000153,HM-00197,A ONE HALLMARKING CENTRE,Assaying & Hallmarking,,,,PROVIDES,services,services,Assaying & Hallmarking,,F038,bis_topic17_hallmarking_centres.csv,,154,1.00,
REL-HALLMA-0000154,HM-00198,Bhavya Hallmarking Centre,Assaying & Hallmarking,,,,PROVIDES,services,services,Assaying & Hallmarking,,F038,bis_topic17_hallmarking_centres.csv,,155,1.00,
REL-HALLMA-0000155,HM-00199,VISHAL HALLMARKING CENTRE,Assaying & Hallmarking,,,,PROVIDES,services,services,Assaying & Hallmarking,,F038,bis_topic17_hallmarking_centres.csv,,156,1.00,
REL-HALLMA-0000156,HM-00200,A ONE TESTING & HALLMARKING CENTRE,Assaying & Hallmarking,,,,PROVIDES,services,services,Assaying & Hallmarking,,F038,bis_topic17_hallmarking_centres.csv,,157,1.00,
REL-HALLMA-0000157,HM-00201,TIRUPATI ASSAYING & HALLMARKING CENTER,Assaying & Hallmarking,,,,PROVIDES,services,services,Assaying & Hallmarking,,F038,bis_topic17_hallmarking_centres.csv,,158,1.00,
REL-HALLMA-0000158,HM-00202,MA HALLMARKING CENTRE LLP,Assaying & Hallmarking,,,,PROVIDES,services,services,Assaying & Hallmarking,,F038,bis_topic17_hallmarking_centres.csv,,159,1.00,
REL-HALLMA-0000159,HM-00203,Saatvik Assaying and Hallmarking Center,Assaying & Hallmarking,,,,PROVIDES,services,services,Assaying & Hallmarking,,F038,bis_topic17_hallmarking_centres.csv,,160,1.00,
REL-HALLMA-0000160,HM-00206,sonu assaying and hallmarking center,Assaying & Hallmarking,,,,PROVIDES,services,services,Assaying & Hallmarking,,F038,bis_topic17_hallmarking_centres.csv,,161,1.00,
REL-HALLMA-0000161,HM-00207,Aadinath Hallmarking Centre,Assaying & Hallmarking,,,,PROVIDES,services,services,Assaying & Hallmarking,,F038,bis_topic17_hallmarking_centres.csv,,162,1.00,
REL-HALLMA-0000162,HM-00208,MS GOLD LAB,Assaying & Hallmarking,,,,PROVIDES,services,services,Assaying & Hallmarking,,F038,bis_topic17_hallmarking_centres.csv,,163,1.00,
REL-HALLMA-0000163,HM-00209,Hira Hallmarking Centre,Assaying & Hallmarking,,,,PROVIDES,services,services,Assaying & Hallmarking,,F038,bis_topic17_hallmarking_centres.csv,,164,1.00,
REL-HALLMA-0000164,HM-00210,SHREE BALAJI HALLMARKING CENTRE,Assaying & Hallmarking,,,,PROVIDES,services,services,Assaying & Hallmarking,,F038,bis_topic17_hallmarking_centres.csv,,165,1.00,
REL-HALLMA-0000165,HM-00211,R D HALLMARKING CENTRE,Assaying & Hallmarking,,,,PROVIDES,services,services,Assaying & Hallmarking,,F038,bis_topic17_hallmarking_centres.csv,,166,1.00,
REL-HALLMA-0000166,HM-00212,Shree Banke Bihari Ji Hallmark Center,Assaying & Hallmarking,,,,PROVIDES,services,services,Assaying & Hallmarking,,F038,bis_topic17_hallmarking_centres.csv,,167,1.00,
REL-HALLMA-0000167,HM-00213,SIDDHI VINAYAK HALLMARKING CENTRE,Assaying & Hallmarking,,,,PROVIDES,services,services,Assaying & Hallmarking,,F038,bis_topic17_hallmarking_centres.csv,,168,1.00,
REL-HALLMA-0000168,HM-00215,JAI MAA HALLMARKING CENTRE,Assaying & Hallmarking,,,,PROVIDES,services,services,Assaying & Hallmarking,,F038,bis_topic17_hallmarking_centres.csv,,169,1.00,
REL-HALLMA-0000169,HM-00216,SUSHMA ENTERPRISES HALLMARING CENTRE,Assaying & Hallmarking,,,,PROVIDES,services,services,Assaying & Hallmarking,,F038,bis_topic17_hallmarking_centres.csv,,170,1.00,
REL-HALLMA-0000170,HM-00217,Suraj Hallmarking Centre,Assaying & Hallmarking,,,,PROVIDES,services,services,Assaying & Hallmarking,,F038,bis_topic17_hallmarking_centres.csv,,171,1.00,
REL-HALLMA-0000171,HM-00219,PRIYANSH HALLMARKING AND GOLD TUNCH CENTRE,Assaying & Hallmarking,,,,PROVIDES,services,services,Assaying & Hallmarking,,F038,bis_topic17_hallmarking_centres.csv,,172,1.00,
REL-HALLMA-0000172,HM-00220,S R HALLMARKING CENTER,Assaying & Hallmarking,,,,PROVIDES,services,services,Assaying & Hallmarking,,F038,bis_topic17_hallmarking_centres.csv,,173,1.00,
REL-HALLMA-0000173,HM-00221,GOLDEN HALLMARKING CENTRE,Assaying & Hallmarking,,,,PROVIDES,services,services,Assaying & Hallmarking,,F038,bis_topic17_hallmarking_centres.csv,,174,1.00,
REL-HALLMA-0000174,HM-00222,ARADHYA ASSAYING AND HALLMARKING CENTRE,Assaying & Hallmarking,,,,PROVIDES,services,services,Assaying & Hallmarking,,F038,bis_topic17_hallmarking_centres.csv,,175,1.00,
REL-HALLMA-0000175,HM-00223,RP Assaying and Hallmarking centre,Assaying & Hallmarking,,,,PROVIDES,services,services,Assaying & Hallmarking,,F038,bis_topic17_hallmarking_centres.csv,,176,1.00,
REL-HALLMA-0000176,HM-00224,RM HALLMARKING CENTRE LLP,Assaying & Hallmarking,,,,PROVIDES,services,services,Assaying & Hallmarking,,F038,bis_topic17_hallmarking_centres.csv,,177,1.00,
REL-HALLMA-0000177,HM-00225,ELIXIR GOLD,Assaying & Hallmarking,,,,PROVIDES,services,services,Assaying & Hallmarking,,F038,bis_topic17_hallmarking_centres.csv,,178,1.00,
REL-HALLMA-0000178,HM-00226,DARSH SOLUTIONS,Assaying & Hallmarking,,,,PROVIDES,services,services,Assaying & Hallmarking,,F038,bis_topic17_hallmarking_centres.csv,,179,1.00,
REL-HALLMA-0000179,HM-00227,ANKIT HALLMARK CENTER,Assaying & Hallmarking,,,,PROVIDES,services,services,Assaying & Hallmarking,,F038,bis_topic17_hallmarking_centres.csv,,180,1.00,
REL-HALLMA-0000180,HM-00228,AKARSH HALLMARKING CENTRE,Assaying & Hallmarking,,,,PROVIDES,services,services,Assaying & Hallmarking,,F038,bis_topic17_hallmarking_centres.csv,,181,1.00,
REL-HALLMA-0000181,HM-00230,KAPISH HALLMARKING CENTRE,Assaying & Hallmarking,,,,PROVIDES,services,services,Assaying & Hallmarking,,F038,bis_topic17_hallmarking_centres.csv,,182,1.00,
REL-HALLMA-0000182,HM-00232,M K HALLMARKING CENTER,Assaying & Hallmarking,,,,PROVIDES,services,services,Assaying & Hallmarking,,F038,bis_topic17_hallmarking_centres.csv,,183,1.00,
REL-HALLMA-0000183,HM-00233,B R HALLMARKING CENTRE,Assaying & Hallmarking,,,,PROVIDES,services,services,Assaying & Hallmarking,,F038,bis_topic17_hallmarking_centres.csv,,184,1.00,
REL-HALLMA-0000184,HM-00234,SHREE SHYAM HALLMARKING CENTER,Assaying & Hallmarking,,,,PROVIDES,services,services,Assaying & Hallmarking,,F038,bis_topic17_hallmarking_centres.csv,,185,1.00,
REL-HALLMA-0000185,HM-00235,LAKHAN HALLMARKING CENTRE,Assaying & Hallmarking,,,,PROVIDES,services,services,Assaying & Hallmarking,,F038,bis_topic17_hallmarking_centres.csv,,186,1.00,
REL-HALLMA-0000186,HM-00236,SHRIJI HALLMARKING,Assaying & Hallmarking,,,,PROVIDES,services,services,Assaying & Hallmarking,,F038,bis_topic17_hallmarking_centres.csv,,187,1.00,
REL-HALLMA-0000187,HM-00237,VAISHNAVI HALLMARKING CENTER,Assaying & Hallmarking,,,,PROVIDES,services,services,Assaying & Hallmarking,,F038,bis_topic17_hallmarking_centres.csv,,188,1.00,
REL-HALLMA-0000188,HM-00238,JAGRITI HALLMARKING & REFINERY CENTER,Assaying & Hallmarking,,,,PROVIDES,services,services,Assaying & Hallmarking,,F038,bis_topic17_hallmarking_centres.csv,,189,1.00,
REL-HALLMA-0000189,HM-00239,Shree Shyam Hallmarking Center,Assaying & Hallmarking,,,,PROVIDES,services,services,Assaying & Hallmarking,,F038,bis_topic17_hallmarking_centres.csv,,190,1.00,
REL-HALLMA-0000190,HM-00240,MAA AMBEY HALLMARKING CENTRE,Assaying & Hallmarking,,,,PROVIDES,services,services,Assaying & Hallmarking,,F038,bis_topic17_hallmarking_centres.csv,,191,1.00,
REL-HALLMA-0000191,HM-00241,SHRI R K HALLMARKING,Assaying & Hallmarking,,,,PROVIDES,services,services,Assaying & Hallmarking,,F038,bis_topic17_hallmarking_centres.csv,,192,1.00,
REL-HALLMA-0000192,HM-00242,Darshan Hallmarking Center,Assaying & Hallmarking,,,,PROVIDES,services,services,Assaying & Hallmarking,,F038,bis_topic17_hallmarking_centres.csv,,193,1.00,
REL-HALLMA-0000193,HM-00243,SHREE SALASAR BALAJI HALLMARKING CENTRE,Assaying & Hallmarking,,,,PROVIDES,services,services,Assaying & Hallmarking,,F038,bis_topic17_hallmarking_centres.csv,,194,1.00,
REL-HALLMA-0000194,HM-00244,SHREE SALASAR BALAJI HALLMARKING CENTRE,Assaying & Hallmarking,,,,PROVIDES,services,services,Assaying & Hallmarking,,F038,bis_topic17_hallmarking_centres.csv,,195,1.00,
REL-HALLMA-0000195,HM-00245,SHREE SALASAR BALAJI HALLMARKING CENTRE,Assaying & Hallmarking,,,,PROVIDES,services,services,Assaying & Hallmarking,,F038,bis_topic17_hallmarking_centres.csv,,196,1.00,
REL-HALLMA-0000196,HM-00246,SHREE SALASAR BALAJI HALLMARKING CENTRE,Assaying & Hallmarking,,,,PROVIDES,services,services,Assaying & Hallmarking,,F038,bis_topic17_hallmarking_centres.csv,,197,1.00,
REL-HALLMA-0000197,HM-00247,SREE SATYAM HALLMARKING,Assaying & Hallmarking,,,,PROVIDES,services,services,Assaying & Hallmarking,,F038,bis_topic17_hallmarking_centres.csv,,198,1.00,
REL-HALLMA-0000198,HM-00248,L S HALLMARK CENTRE,Assaying & Hallmarking,,,,PROVIDES,services,services,Assaying & Hallmarking,,F038,bis_topic17_hallmarking_centres.csv,,199,1.00,
REL-HALLMA-0000199,HM-00249,L S HALLMARK CENTRE,Assaying & Hallmarking,,,,PROVIDES,services,services,Assaying & Hallmarking,,F038,bis_topic17_hallmarking_centres.csv,,200,1.00,
REL-HALLMA-0000200,HM-00250,L S HALLMARK CENTRE,Assaying & Hallmarking,,,,PROVIDES,services,services,Assaying & Hallmarking,,F038,bis_topic17_hallmarking_centres.csv,,201,1.00,
REL-HALLMA-0000201,HM-00251,L S HALLMARK CENTRE,Assaying & Hallmarking,,,,PROVIDES,services,services,Assaying & Hallmarking,,F038,bis_topic17_hallmarking_centres.csv,,202,1.00,
REL-HALLMA-0000202,HM-00252,KHARA SONA CHANDI,Assaying & Hallmarking,,,,PROVIDES,services,services,Assaying & Hallmarking,,F038,bis_topic17_hallmarking_centres.csv,,203,1.00,
REL-HALLMA-0000203,HM-00253,Maa Kripa Hallmarking Center,Assaying & Hallmarking,,,,PROVIDES,services,services,Assaying & Hallmarking,,F038,bis_topic17_hallmarking_centres.csv,,204,1.00,
REL-HALLMA-0000204,HM-00254,RR HALLMARKING CENTRE,Assaying & Hallmarking,,,,PROVIDES,services,services,Assaying & Hallmarking,,F038,bis_topic17_hallmarking_centres.csv,,205,1.00,
REL-HALLMA-0000205,HM-00255,TIRUPATI HALLMARKING CENTER,Assaying & Hallmarking,,,,PROVIDES,services,services,Assaying & Hallmarking,,F038,bis_topic17_hallmarking_centres.csv,,206,1.00,
REL-HALLMA-0000206,HM-00256,MB Hallmark Centre,Assaying & Hallmarking,,,,PROVIDES,services,services,Assaying & Hallmarking,,F038,bis_topic17_hallmarking_centres.csv,,207,1.00,
REL-HALLMA-0000207,HM-00257,MAHALAXMI HALLMARK CENTRE,Assaying & Hallmarking,,,,PROVIDES,services,services,Assaying & Hallmarking,,F038,bis_topic17_hallmarking_centres.csv,,208,1.00,
REL-HALLMA-0000208,HM-00258,PRINCY HALLMARKING CENTRE,Assaying & Hallmarking,,,,PROVIDES,services,services,Assaying & Hallmarking,,F038,bis_topic17_hallmarking_centres.csv,,209,1.00,
REL-HALLMA-0000209,HM-00259,KAUSHALYA GOLD TESTING LAB AND HALLMARKEING CENTER,Assaying & Hallmarking,,,,PROVIDES,services,services,Assaying & Hallmarking,,F038,bis_topic17_hallmarking_centres.csv,,210,1.00,
REL-HALLMA-0000210,HM-00260,RISHABH ASSAYING & HALLMARKING CENTER,Assaying & Hallmarking,,,,PROVIDES,services,services,Assaying & Hallmarking,,F038,bis_topic17_hallmarking_centres.csv,,211,1.00,
REL-HALLMA-0000211,HM-00261,VAIBHAV & GARGI HALLMARKING CENTRE,Assaying & Hallmarking,,,,PROVIDES,services,services,Assaying & Hallmarking,,F038,bis_topic17_hallmarking_centres.csv,,212,1.00,
REL-HALLMA-0000212,HM-00262,Ravi Nuwal Gold Testing And Hallmarking Center,Assaying & Hallmarking,,,,PROVIDES,services,services,Assaying & Hallmarking,,F038,bis_topic17_hallmarking_centres.csv,,213,1.00,
REL-HALLMA-0000213,HM-00263,Shri Govindam Assaying and Hallmarking Centre,Assaying & Hallmarking,,,,PROVIDES,services,services,Assaying & Hallmarking,,F038,bis_topic17_hallmarking_centres.csv,,214,1.00,
REL-HALLMA-0000214,HM-00264,SHRI SHYAM HALLMARKING CENTER AND GOLD TESTING,Assaying & Hallmarking,,,,PROVIDES,services,services,Assaying & Hallmarking,,F038,bis_topic17_hallmarking_centres.csv,,215,1.00,
REL-HALLMA-0000215,HM-00265,SHRI SHYAM HALLMARKING CENTER AND GOLD TESTING,Assaying & Hallmarking,,,,PROVIDES,services,services,Assaying & Hallmarking,,F038,bis_topic17_hallmarking_centres.csv,,216,1.00,
REL-HALLMA-0000216,HM-00266,G S Hallmarking Centre,Assaying & Hallmarking,,,,PROVIDES,services,services,Assaying & Hallmarking,,F038,bis_topic17_hallmarking_centres.csv,,217,1.00,
REL-HALLMA-0000217,HM-00267,SUJAL HALLMARKING CENTRE,Assaying & Hallmarking,,,,PROVIDES,services,services,Assaying & Hallmarking,,F038,bis_topic17_hallmarking_centres.csv,,218,1.00,
REL-HALLMA-0000218,HM-00268,DIVYANSH HALLMARKING CENTRE,Assaying & Hallmarking,,,,PROVIDES,services,services,Assaying & Hallmarking,,F038,bis_topic17_hallmarking_centres.csv,,219,1.00,
REL-HALLMA-0000219,HM-00269,SARVESHWAR HALLMARKING CENTER,Assaying & Hallmarking,,,,PROVIDES,services,services,Assaying & Hallmarking,,F038,bis_topic17_hallmarking_centres.csv,,220,1.00,
REL-HALLMA-0000220,HM-00270,SHREE RAM GOVIND ASSAYING CENTRE,Assaying & Hallmarking,,,,PROVIDES,services,services,Assaying & Hallmarking,,F038,bis_topic17_hallmarking_centres.csv,,221,1.00,
REL-HALLMA-0000221,HM-00271,SHRI P S HALLMARKING CENTRE,Assaying & Hallmarking,,,,PROVIDES,services,services,Assaying & Hallmarking,,F038,bis_topic17_hallmarking_centres.csv,,222,1.00,
REL-HALLMA-0000222,HM-00272,SHRI P S HALLMARKING CENTRE,Assaying & Hallmarking,,,,PROVIDES,services,services,Assaying & Hallmarking,,F038,bis_topic17_hallmarking_centres.csv,,223,1.00,
REL-HALLMA-0000223,HM-00273,SIDHI VINAYAK HALLMARKING,Assaying & Hallmarking,,,,PROVIDES,services,services,Assaying & Hallmarking,,F038,bis_topic17_hallmarking_centres.csv,,224,1.00,
REL-HALLMA-0000224,HM-00274,K B HALLMARK CENTRE,Assaying & Hallmarking,,,,PROVIDES,services,services,Assaying & Hallmarking,,F038,bis_topic17_hallmarking_centres.csv,,225,1.00,
REL-HALLMA-0000225,HM-00275,DJN HALLMARKING CENTRE,Assaying & Hallmarking,,,,PROVIDES,services,services,Assaying & Hallmarking,,F038,bis_topic17_hallmarking_centres.csv,,226,1.00,
REL-HALLMA-0000226,HM-00276,MANGLAM HALLMARKING CENTRE,Assaying & Hallmarking,,,,PROVIDES,services,services,Assaying & Hallmarking,,F038,bis_topic17_hallmarking_centres.csv,,227,1.00,
REL-HALLMA-0000227,HM-00277,GAURAV HALLMARKING CENTRE,Assaying & Hallmarking,,,,PROVIDES,services,services,Assaying & Hallmarking,,F038,bis_topic17_hallmarking_centres.csv,,228,1.00,
REL-HALLMA-0000228,HM-00278,Dawar Hallmarking Center,Assaying & Hallmarking,,,,PROVIDES,services,services,Assaying & Hallmarking,,F038,bis_topic17_hallmarking_centres.csv,,229,1.00,
REL-HALLMA-0000229,HM-00279,SHREE MAHALAXMI HALLMARKING CENTRE,Assaying & Hallmarking,,,,PROVIDES,services,services,Assaying & Hallmarking,,F038,bis_topic17_hallmarking_centres.csv,,230,1.00,
REL-HALLMA-0000230,HM-00280,SHREE MAHALAXMI HALLMARKING CENTRE,Assaying & Hallmarking,,,,PROVIDES,services,services,Assaying & Hallmarking,,F038,bis_topic17_hallmarking_centres.csv,,231,1.00,
REL-HALLMA-0000231,HM-00281,GANPATI HALLMARKING CENTRE,Assaying & Hallmarking,,,,PROVIDES,services,services,Assaying & Hallmarking,,F038,bis_topic17_hallmarking_centres.csv,,232,1.00,
REL-HALLMA-0000232,HM-00282,MARUDHAR HALLMARKING CENTRE,Assaying & Hallmarking,,,,PROVIDES,services,services,Assaying & Hallmarking,,F038,bis_topic17_hallmarking_centres.csv,,233,1.00,
REL-HALLMA-0000233,HM-00283,SHREE KISHAN HALLMARKING CENTER,Assaying & Hallmarking,,,,PROVIDES,services,services,Assaying & Hallmarking,,F038,bis_topic17_hallmarking_centres.csv,,234,1.00,
REL-HALLMA-0000234,HM-00284,JYOTIRLING HALLMARKING CENTRE,Assaying & Hallmarking,,,,PROVIDES,services,services,Assaying & Hallmarking,,F038,bis_topic17_hallmarking_centres.csv,,235,1.00,
REL-HALLMA-0000235,HM-00285,SHRI KARNI HALLMARKING CENTER,Assaying & Hallmarking,,,,PROVIDES,services,services,Assaying & Hallmarking,,F038,bis_topic17_hallmarking_centres.csv,,236,1.00,
REL-HALLMA-0000236,HM-00286,SHREE KUNDANWALA HALLMARKING CENTRE,Assaying & Hallmarking,,,,PROVIDES,services,services,Assaying & Hallmarking,,F038,bis_topic17_hallmarking_centres.csv,,237,1.00,
REL-HALLMA-0000237,HM-00287,JAISHREE BALAJI HALLMARKING CENTRE,Assaying & Hallmarking,,,,PROVIDES,services,services,Assaying & Hallmarking,,F038,bis_topic17_hallmarking_centres.csv,,238,1.00,
REL-HALLMA-0000238,HM-00288,SHREE SHYAM HALLMARKING CENTER,Assaying & Hallmarking,,,,PROVIDES,services,services,Assaying & Hallmarking,,F038,bis_topic17_hallmarking_centres.csv,,239,1.00,
REL-HALLMA-0000239,HM-00289,ANURAG HALLMARKING CENTER,Assaying & Hallmarking,,,,PROVIDES,services,services,Assaying & Hallmarking,,F038,bis_topic17_hallmarking_centres.csv,,240,1.00,
REL-HALLMA-0000240,HM-00290,SHRI SHYAM HALL MARKING CENTER,Assaying & Hallmarking,,,,PROVIDES,services,services,Assaying & Hallmarking,,F038,bis_topic17_hallmarking_centres.csv,,241,1.00,
REL-HALLMA-0000241,HM-00291,R K HALLMARKS ASSAYING AND REFINERS,Assaying & Hallmarking,,,,PROVIDES,services,services,Assaying & Hallmarking,,F038,bis_topic17_hallmarking_centres.csv,,242,1.00,
REL-HALLMA-0000242,HM-00292,J J HALLMARKING,Assaying & Hallmarking,,,,PROVIDES,services,services,Assaying & Hallmarking,,F038,bis_topic17_hallmarking_centres.csv,,243,1.00,
REL-HALLMA-0000243,HM-00294,SIDDHIVINAYAK ASSAYING AND HALLMARKING CENTRE,Assaying & Hallmarking,,,,PROVIDES,services,services,Assaying & Hallmarking,,F038,bis_topic17_hallmarking_centres.csv,,244,1.00,
REL-HALLMA-0000244,HM-00295,Kalyan Hallmarking Centre,Assaying & Hallmarking,,,,PROVIDES,services,services,Assaying & Hallmarking,,F038,bis_topic17_hallmarking_centres.csv,,245,1.00,
REL-HALLMA-0000245,HM-00296,Shree Rajrajeshwari Hallmarking Centre,Assaying & Hallmarking,,,,PROVIDES,services,services,Assaying & Hallmarking,,F038,bis_topic17_hallmarking_centres.csv,,246,1.00,
REL-HALLMA-0000246,HM-00298,LAXMI HALLMARKING CENTRE,Assaying & Hallmarking,,,,PROVIDES,services,services,Assaying & Hallmarking,,F038,bis_topic17_hallmarking_centres.csv,,247,1.00,
REL-HALLMA-0000247,HM-00299,SHREE SIDDHI VINAYAK ASSAYING AND HALLMARKING CENTRE,Assaying & Hallmarking,,,,PROVIDES,services,services,Assaying & Hallmarking,,F038,bis_topic17_hallmarking_centres.csv,,248,1.00,
REL-HALLMA-0000248,HM-00300,RSM HALLMARKING CENTER,Assaying & Hallmarking,,,,PROVIDES,services,services,Assaying & Hallmarking,,F038,bis_topic17_hallmarking_centres.csv,,249,1.00,
REL-HALLMA-0000249,HM-00302,RADHIKA HALLMARK CENTRE AND TESTING,Assaying & Hallmarking,,,,PROVIDES,services,services,Assaying & Hallmarking,,F038,bis_topic17_hallmarking_centres.csv,,250,1.00,
REL-HALLMA-0000250,HM-00303,SHRI BALAJI HALLMARKING CENTRE,Assaying & Hallmarking,,,,PROVIDES,services,services,Assaying & Hallmarking,,F038,bis_topic17_hallmarking_centres.csv,,251,1.00,
REL-HALLMA-0000251,HM-00304,Shree Salasar Hallmark,Assaying & Hallmarking,,,,PROVIDES,services,services,Assaying & Hallmarking,,F038,bis_topic17_hallmarking_centres.csv,,252,1.00,
REL-HALLMA-0000252,HM-00305,SPMJ ASSAYING AND HALLMARKING CENTRE,Assaying & Hallmarking,,,,PROVIDES,services,services,Assaying & Hallmarking,,F038,bis_topic17_hallmarking_centres.csv,,253,1.00,
REL-HALLMA-0000253,HM-00306,PARSHMANI HALLMARK CENTER,Assaying & Hallmarking,,,,PROVIDES,services,services,Assaying & Hallmarking,,F038,bis_topic17_hallmarking_centres.csv,,254,1.00,
REL-HALLMA-0000254,HM-00307,BARMER HALLMARKING CENTRE,Assaying & Hallmarking,,,,PROVIDES,services,services,Assaying & Hallmarking,,F038,bis_topic17_hallmarking_centres.csv,,255,1.00,
REL-HALLMA-0000255,HM-00308,DINESH HALLMARKING CENTRE,Assaying & Hallmarking,,,,PROVIDES,services,services,Assaying & Hallmarking,,F038,bis_topic17_hallmarking_centres.csv,,256,1.00,
REL-HALLMA-0000256,HM-00309,KARNI KRIPA HALLMARKING CENTRE,Assaying & Hallmarking,,,,PROVIDES,services,services,Assaying & Hallmarking,,F038,bis_topic17_hallmarking_centres.csv,,257,1.00,
REL-HALLMA-0000257,HM-00312,SHRI SALASAR HALLMARKING CENTRE,Assaying & Hallmarking,,,,PROVIDES,services,services,Assaying & Hallmarking,,F038,bis_topic17_hallmarking_centres.csv,,258,1.00,
REL-HALLMA-0000258,HM-00313,KRISHNAM HALLMARK CENTER,Assaying & Hallmarking,,,,PROVIDES,services,services,Assaying & Hallmarking,,F038,bis_topic17_hallmarking_centres.csv,,259,1.00,
REL-HALLMA-0000259,HM-00314,GOLD MASTER HALLMARKING AND ASSAYING CENTRE,Assaying & Hallmarking,,,,PROVIDES,services,services,Assaying & Hallmarking,,F038,bis_topic17_hallmarking_centres.csv,,260,1.00,
REL-HALLMA-0000260,HM-00315,RS HALLMARKING CENTRE,Assaying & Hallmarking,,,,PROVIDES,services,services,Assaying & Hallmarking,,F038,bis_topic17_hallmarking_centres.csv,,261,1.00,
REL-HALLMA-0000261,HM-00316,NEEMUCH HALLMARK CENTER,Assaying & Hallmarking,,,,PROVIDES,services,services,Assaying & Hallmarking,,F038,bis_topic17_hallmarking_centres.csv,,262,1.00,
REL-HALLMA-0000262,HM-00317,BRAJRAJ HALLMARKING CENTRE PRIVATE LIMITED,Assaying & Hallmarking,,,,PROVIDES,services,services,Assaying & Hallmarking,,F038,bis_topic17_hallmarking_centres.csv,,263,1.00,
REL-HALLMA-0000263,HM-00318,JMJ HALLMARK CENTER,Assaying & Hallmarking,,,,PROVIDES,services,services,Assaying & Hallmarking,,F038,bis_topic17_hallmarking_centres.csv,,264,1.00,
REL-HALLMA-0000264,HM-00319,ARIHANT HALLMARKING CENTER,Assaying & Hallmarking,,,,PROVIDES,services,services,Assaying & Hallmarking,,F038,bis_topic17_hallmarking_centres.csv,,265,1.00,
REL-HALLMA-0000265,HM-00322,SAKSHI HALLMARKING CENTRE,Assaying & Hallmarking,,,,PROVIDES,services,services,Assaying & Hallmarking,,F038,bis_topic17_hallmarking_centres.csv,,266,1.00,
REL-HALLMA-0000266,HM-00323,OM HALLMARKING,Assaying & Hallmarking,,,,PROVIDES,services,services,Assaying & Hallmarking,,F038,bis_topic17_hallmarking_centres.csv,,267,1.00,
REL-HALLMA-0000267,HM-00324,BOMBAY HALLMARK CENTER,Assaying & Hallmarking,,,,PROVIDES,services,services,Assaying & Hallmarking,,F038,bis_topic17_hallmarking_centres.csv,,268,1.00,
REL-HALLMA-0000268,HM-00325,HONEST HALLMARKING CENTRE,Assaying & Hallmarking,,,,PROVIDES,services,services,Assaying & Hallmarking,,F038,bis_topic17_hallmarking_centres.csv,,269,1.00,
REL-HALLMA-0000269,HM-00327,SHREE YAMUNAJI HALLMARKING CENTRE,Assaying & Hallmarking,,,,PROVIDES,services,services,Assaying & Hallmarking,,F038,bis_topic17_hallmarking_centres.csv,,270,1.00,
REL-HALLMA-0000270,HM-00328,MOONAT HALLMARK CENTER,Assaying & Hallmarking,,,,PROVIDES,services,services,Assaying & Hallmarking,,F038,bis_topic17_hallmarking_centres.csv,,271,1.00,
REL-HALLMA-0000271,HM-00329,KRISHNA HALLMARKING CENTRE,Assaying & Hallmarking,,,,PROVIDES,services,services,Assaying & Hallmarking,,F038,bis_topic17_hallmarking_centres.csv,,272,1.00,
REL-HALLMA-0000272,HM-00332,Shree Ganesh assaying and Hallmarking Center,Assaying & Hallmarking,,,,PROVIDES,services,services,Assaying & Hallmarking,,F038,bis_topic17_hallmarking_centres.csv,,273,1.00,
REL-HALLMA-0000273,HM-00333,VARSHA HALLMARKING,Assaying & Hallmarking,,,,PROVIDES,services,services,Assaying & Hallmarking,,F038,bis_topic17_hallmarking_centres.csv,,274,1.00,
REL-HALLMA-0000274,HM-00334,NARAYAN HALLMARKING CENTRE,Assaying & Hallmarking,,,,PROVIDES,services,services,Assaying & Hallmarking,,F038,bis_topic17_hallmarking_centres.csv,,275,1.00,
REL-HALLMA-0000275,HM-00335,DEVSHREE ASSAYING AND HALLMARKING CENTRE,Assaying & Hallmarking,,,,PROVIDES,services,services,Assaying & Hallmarking,,F038,bis_topic17_hallmarking_centres.csv,,276,1.00,
REL-HALLMA-0000276,HM-00336,GURU KRIPA HALLMARK CENTER,Assaying & Hallmarking,,,,PROVIDES,services,services,Assaying & Hallmarking,,F038,bis_topic17_hallmarking_centres.csv,,277,1.00,
REL-HALLMA-0000277,HM-00337,SHREENATH JI TUNCH & HALLMARK,Assaying & Hallmarking,,,,PROVIDES,services,services,Assaying & Hallmarking,,F038,bis_topic17_hallmarking_centres.csv,,278,1.00,
REL-HALLMA-0000278,HM-00338,SHUBH ASSAYING & HALLMARKING CENTRE,Assaying & Hallmarking,,,,PROVIDES,services,services,Assaying & Hallmarking,,F038,bis_topic17_hallmarking_centres.csv,,279,1.00,
REL-HALLMA-0000279,HM-00339,SIDDHI VINAYAK ASSAY & HALLMARKING CENTER,Assaying & Hallmarking,,,,PROVIDES,services,services,Assaying & Hallmarking,,F038,bis_topic17_hallmarking_centres.csv,,280,1.00,
REL-HALLMA-0000280,HM-00341,SHUBH LABH HALLMARKING CENTRE & GOLD TESTING,Assaying & Hallmarking,,,,PROVIDES,services,services,Assaying & Hallmarking,,F038,bis_topic17_hallmarking_centres.csv,,281,1.00,
REL-HALLMA-0000281,HM-00342,LAXMINARAYAN ASSAYING AND HALLMARK CENTER,Assaying & Hallmarking,,,,PROVIDES,services,services,Assaying & Hallmarking,,F038,bis_topic17_hallmarking_centres.csv,,282,1.00,
REL-HALLMA-0000282,HM-00343,Shree Ganesh Assaying & Hallmarking Centre,Assaying & Hallmarking,,,,PROVIDES,services,services,Assaying & Hallmarking,,F038,bis_topic17_hallmarking_centres.csv,,283,1.00,
REL-HALLMA-0000283,HM-00344,PAWAN HALLMARK CENTER,Assaying & Hallmarking,,,,PROVIDES,services,services,Assaying & Hallmarking,,F038,bis_topic17_hallmarking_centres.csv,,284,1.00,
REL-HALLMA-0000284,HM-00345,SHRII RADHA RANI HALLMARKING CENTER,Assaying & Hallmarking,,,,PROVIDES,services,services,Assaying & Hallmarking,,F038,bis_topic17_hallmarking_centres.csv,,285,1.00,
REL-HALLMA-0000285,HM-00346,Krishna Gold Testing and Hallmarking Center,Assaying & Hallmarking,,,,PROVIDES,services,services,Assaying & Hallmarking,,F038,bis_topic17_hallmarking_centres.csv,,286,1.00,
REL-HALLMA-0000286,HM-00347,B R GOLD TESTING & HALLMARKING CENTRE,Assaying & Hallmarking,,,,PROVIDES,services,services,Assaying & Hallmarking,,F038,bis_topic17_hallmarking_centres.csv,,287,1.00,
REL-HALLMA-0000287,HM-00348,VINDHYA HALLMARKING CENTRE,Assaying & Hallmarking,,,,PROVIDES,services,services,Assaying & Hallmarking,,F038,bis_topic17_hallmarking_centres.csv,,288,1.00,
REL-HALLMA-0000288,HM-00350,KRISHNKUNJ HALLMARK CENTER,Assaying & Hallmarking,,,,PROVIDES,services,services,Assaying & Hallmarking,,F038,bis_topic17_hallmarking_centres.csv,,289,1.00,
REL-HALLMA-0000289,HM-00351,MAA JALPA ASSAYING AND HALLMARKING CENTER,Assaying & Hallmarking,,,,PROVIDES,services,services,Assaying & Hallmarking,,F038,bis_topic17_hallmarking_centres.csv,,290,1.00,
REL-HALLMA-0000290,HM-00352,MAA NUNHAI HALLMARKING CENTRE,Assaying & Hallmarking,,,,PROVIDES,services,services,Assaying & Hallmarking,,F038,bis_topic17_hallmarking_centres.csv,,291,1.00,
REL-HALLMA-0000291,HM-00353,SHREE RAM HALLMARKING CENTRE,Assaying & Hallmarking,,,,PROVIDES,services,services,Assaying & Hallmarking,,F038,bis_topic17_hallmarking_centres.csv,,292,1.00,
REL-HALLMA-0000292,HM-00355,MANOJ HALLMARKING AND ASSAYING CENTER,Assaying & Hallmarking,,,,PROVIDES,services,services,Assaying & Hallmarking,,F038,bis_topic17_hallmarking_centres.csv,,293,1.00,
REL-HALLMA-0000293,HM-00356,SIYARAM HALLMARKING CENTRE,Assaying & Hallmarking,,,,PROVIDES,services,services,Assaying & Hallmarking,,F038,bis_topic17_hallmarking_centres.csv,,294,1.00,
REL-HALLMA-0000294,HM-00359,JINDUTT HALLMARK CENTER,Assaying & Hallmarking,,,,PROVIDES,services,services,Assaying & Hallmarking,,F038,bis_topic17_hallmarking_centres.csv,,295,1.00,
REL-HALLMA-0000295,HM-00360,RAIPUR HALLMARKING CENTRE,Assaying & Hallmarking,,,,PROVIDES,services,services,Assaying & Hallmarking,,F038,bis_topic17_hallmarking_centres.csv,,296,1.00,
REL-HALLMA-0000296,HM-00362,SHREE VINAYAKA HALLMARK,Assaying & Hallmarking,,,,PROVIDES,services,services,Assaying & Hallmarking,,F038,bis_topic17_hallmarking_centres.csv,,297,1.00,
REL-HALLMA-0000297,HM-00364,JHUMKA HALLMARKING AND ASSAYING CENTRE,Assaying & Hallmarking,,,,PROVIDES,services,services,Assaying & Hallmarking,,F038,bis_topic17_hallmarking_centres.csv,,298,1.00,
REL-HALLMA-0000298,HM-00365,Akshay Hallmarking Centre,Assaying & Hallmarking,,,,PROVIDES,services,services,Assaying & Hallmarking,,F038,bis_topic17_hallmarking_centres.csv,,299,1.00,
REL-HALLMA-0000299,HM-00366,TRIPTI ASSAYING AND HALLMARKING CENTRE,Assaying & Hallmarking,,,,PROVIDES,services,services,Assaying & Hallmarking,,F038,bis_topic17_hallmarking_centres.csv,,300,1.00,
REL-HALLMA-0000300,HM-00367,MAHAVEER ASSAYING AND HALLMARKING CENTRE,Assaying & Hallmarking,,,,PROVIDES,services,services,Assaying & Hallmarking,,F038,bis_topic17_hallmarking_centres.csv,,301,1.00,
REL-HALLMA-0000301,HM-00368,SHRI MANIDHARI ASSAYING AND HALLMARKING CENTRE,Assaying & Hallmarking,,,,PROVIDES,services,services,Assaying & Hallmarking,,F038,bis_topic17_hallmarking_centres.csv,,302,1.00,
REL-HALLMA-0000302,HM-00369,JH Hallmarking Centre Unit of Join Hands Enterprise Pvt Ltd,Assaying & Hallmarking,,,,PROVIDES,services,services,Assaying & Hallmarking,,F038,bis_topic17_hallmarking_centres.csv,,303,1.00,
REL-HALLMA-0000303,HM-00370,AP ASSAYING AND HALLMARKING CENTRE,Assaying & Hallmarking,,,,PROVIDES,services,services,Assaying & Hallmarking,,F038,bis_topic17_hallmarking_centres.csv,,304,1.00,
REL-HALLMA-0000304,HM-00371,SP HALLMARKING CENTER,Assaying & Hallmarking,,,,PROVIDES,services,services,Assaying & Hallmarking,,F038,bis_topic17_hallmarking_centres.csv,,305,1.00,
REL-HALLMA-0000305,HM-00372,SHREE SHANKAR HALLMARKING,Assaying & Hallmarking,,,,PROVIDES,services,services,Assaying & Hallmarking,,F038,bis_topic17_hallmarking_centres.csv,,306,1.00,
REL-HALLMA-0000306,HM-00373,PRINCE HALLMARKING AND REFINERY PRIVATE LIMITED,Assaying & Hallmarking,,,,PROVIDES,services,services,Assaying & Hallmarking,,F038,bis_topic17_hallmarking_centres.csv,,307,1.00,
REL-HALLMA-0000307,HM-00375,ACE HALLMARKING SERVICES PVT LTD,Assaying & Hallmarking,,,,PROVIDES,services,services,Assaying & Hallmarking,,F038,bis_topic17_hallmarking_centres.csv,,308,1.00,
REL-HALLMA-0000308,HM-00377,M/S.JAI MAA AMBAY HALLMARKING CENTRE,Assaying & Hallmarking,,,,PROVIDES,services,services,Assaying & Hallmarking,,F038,bis_topic17_hallmarking_centres.csv,,309,1.00,
REL-HALLMA-0000309,HM-00378,G N HALLMARKINGS BHUBANESWAR,Assaying & Hallmarking,,,,PROVIDES,services,services,Assaying & Hallmarking,,F038,bis_topic17_hallmarking_centres.csv,,310,1.00,
REL-HALLMA-0000310,HM-00379,Rahul Hallmarking Centre,Assaying & Hallmarking,,,,PROVIDES,services,services,Assaying & Hallmarking,,F038,bis_topic17_hallmarking_centres.csv,,311,1.00,
REL-HALLMA-0000311,HM-00380,GANPATI HALLMARKING PVT LTD,Assaying & Hallmarking,,,,PROVIDES,services,services,Assaying & Hallmarking,,F038,bis_topic17_hallmarking_centres.csv,,312,1.00,
REL-HALLMA-0000312,HM-00381,MAA LAXMI BULLION PRIVATE LIMITED,Assaying & Hallmarking,,,,PROVIDES,services,services,Assaying & Hallmarking,,F038,bis_topic17_hallmarking_centres.csv,,313,1.00,
REL-HALLMA-0000313,HM-00382,PRADYUT HALLMARKING CENTRE,Assaying & Hallmarking,,,,PROVIDES,services,services,Assaying & Hallmarking,,F038,bis_topic17_hallmarking_centres.csv,,314,1.00,
REL-HALLMA-0000314,HM-00383,KOLKATA HALLMARKING CENTRE,Assaying & Hallmarking,,,,PROVIDES,services,services,Assaying & Hallmarking,,F038,bis_topic17_hallmarking_centres.csv,,315,1.00,
REL-HALLMA-0000315,HM-00384,QUALITY ASSAY & HALLMARKING CENTRE PRIVATE LIMITED,Assaying & Hallmarking,,,,PROVIDES,services,services,Assaying & Hallmarking,,F038,bis_topic17_hallmarking_centres.csv,,316,1.00,
REL-HALLMA-0000316,HM-00385,Nakoda Hallmarking Centre,Assaying & Hallmarking,,,,PROVIDES,services,services,Assaying & Hallmarking,,F038,bis_topic17_hallmarking_centres.csv,,317,1.00,
REL-HALLMA-0000317,HM-00386,PRINCE HALLMARKING CENTRE,Assaying & Hallmarking,,,,PROVIDES,services,services,Assaying & Hallmarking,,F038,bis_topic17_hallmarking_centres.csv,,318,1.00,
REL-HALLMA-0000318,HM-00388,M S HALLMARK CENTRE,Assaying & Hallmarking,,,,PROVIDES,services,services,Assaying & Hallmarking,,F038,bis_topic17_hallmarking_centres.csv,,319,1.00,
REL-HALLMA-0000319,HM-00389,NADIA ASSAYING & HALLMARKING CENTRE,Assaying & Hallmarking,,,,PROVIDES,services,services,Assaying & Hallmarking,,F038,bis_topic17_hallmarking_centres.csv,,320,1.00,
REL-HALLMA-0000320,HM-00390,NADIA ASSAYING & HALLMARKING CENTRE,Assaying & Hallmarking,,,,PROVIDES,services,services,Assaying & Hallmarking,,F038,bis_topic17_hallmarking_centres.csv,,321,1.00,
REL-HALLMA-0000321,HM-00392,SRI CHAKRA HALLMARKING,Assaying & Hallmarking,,,,PROVIDES,services,services,Assaying & Hallmarking,,F038,bis_topic17_hallmarking_centres.csv,,322,1.00,
REL-HALLMA-0000322,HM-00393,SANATANI HALLMARK CENTRE,Assaying & Hallmarking,,,,PROVIDES,services,services,Assaying & Hallmarking,,F038,bis_topic17_hallmarking_centres.csv,,323,1.00,
REL-HALLMA-0000323,HM-00394,G N HALLMARKING CENTRE,Assaying & Hallmarking,,,,PROVIDES,services,services,Assaying & Hallmarking,,F038,bis_topic17_hallmarking_centres.csv,,324,1.00,
REL-HALLMA-0000324,HM-00395,PRINCE HALLMARKING CENTRE BARASAT,Assaying & Hallmarking,,,,PROVIDES,services,services,Assaying & Hallmarking,,F038,bis_topic17_hallmarking_centres.csv,,325,1.00,
REL-HALLMA-0000325,HM-00396,PRINCE HALLMARKING CENTRE GARIAHAT,Assaying & Hallmarking,,,,PROVIDES,services,services,Assaying & Hallmarking,,F038,bis_topic17_hallmarking_centres.csv,,326,1.00,
REL-HALLMA-0000326,HM-00398,S K ASSAY AND HALLMARKING CENTRE,Assaying & Hallmarking,,,,PROVIDES,services,services,Assaying & Hallmarking,,F038,bis_topic17_hallmarking_centres.csv,,327,1.00,
REL-HALLMA-0000327,HM-00400,Kamakhya Hallmarking Private Limited,Assaying & Hallmarking,,,,PROVIDES,services,services,Assaying & Hallmarking,,F038,bis_topic17_hallmarking_centres.csv,,328,1.00,
REL-HALLMA-0000328,HM-00401,LAXMI HALLMARKING CENTRE,Assaying & Hallmarking,,,,PROVIDES,services,services,Assaying & Hallmarking,,F038,bis_topic17_hallmarking_centres.csv,,329,1.00,
REL-HALLMA-0000329,HM-00402,J J HALLMARKING CENTRE,Assaying & Hallmarking,,,,PROVIDES,services,services,Assaying & Hallmarking,,F038,bis_topic17_hallmarking_centres.csv,,330,1.00,
REL-HALLMA-0000330,HM-00404,NAKODA HALLMARKING CENTRE,Assaying & Hallmarking,,,,PROVIDES,services,services,Assaying & Hallmarking,,F038,bis_topic17_hallmarking_centres.csv,,331,1.00,
REL-HALLMA-0000331,HM-00406,Prince Hallmarking and Refinery Private Limited,Assaying & Hallmarking,,,,PROVIDES,services,services,Assaying & Hallmarking,,F038,bis_topic17_hallmarking_centres.csv,,332,1.00,
REL-HALLMA-0000332,HM-00407,Siddhi Vinayak Hallmarking Centre,Assaying & Hallmarking,,,,PROVIDES,services,services,Assaying & Hallmarking,,F038,bis_topic17_hallmarking_centres.csv,,333,1.00,
REL-HALLMA-0000333,HM-00408,Prince Hallmarking and Refinery Private Limited,Assaying & Hallmarking,,,,PROVIDES,services,services,Assaying & Hallmarking,,F038,bis_topic17_hallmarking_centres.csv,,334,1.00,
REL-HALLMA-0000334,HM-00409,SHRI AMMA BHAGAVAN HALLMARKING CENTRE,Assaying & Hallmarking,,,,PROVIDES,services,services,Assaying & Hallmarking,,F038,bis_topic17_hallmarking_centres.csv,,335,1.00,
REL-HALLMA-0000335,HM-00412,Prince Hallmarking and Refinery Private Limited,Assaying & Hallmarking,,,,PROVIDES,services,services,Assaying & Hallmarking,,F038,bis_topic17_hallmarking_centres.csv,,336,1.00,
REL-HALLMA-0000336,HM-00413,Prince Hallmarking and Refinery Private Limited,Assaying & Hallmarking,,,,PROVIDES,services,services,Assaying & Hallmarking,,F038,bis_topic17_hallmarking_centres.csv,,337,1.00,
REL-HALLMA-0000337,HM-00415,SRI GANESH HALLMARKING CENTRE CENTRE,Assaying & Hallmarking,,,,PROVIDES,services,services,Assaying & Hallmarking,,F038,bis_topic17_hallmarking_centres.csv,,338,1.00,
REL-HALLMA-0000338,HM-00416,SRI GANESH HALLMARKING CENTRE CENTRE,Assaying & Hallmarking,,,,PROVIDES,services,services,Assaying & Hallmarking,,F038,bis_topic17_hallmarking_centres.csv,,339,1.00,
REL-HALLMA-0000339,HM-00417,S R HALLMARKING CENTER,Assaying & Hallmarking,,,,PROVIDES,services,services,Assaying & Hallmarking,,F038,bis_topic17_hallmarking_centres.csv,,340,1.00,
REL-HALLMA-0000340,HM-00419,MS PRATIK HALLMARKERS PVT LTD,Assaying & Hallmarking,,,,PROVIDES,services,services,Assaying & Hallmarking,,F038,bis_topic17_hallmarking_centres.csv,,341,1.00,
REL-HALLMA-0000341,HM-00421,JEWEL HALLMARKING SERVICES LLP,Assaying & Hallmarking,,,,PROVIDES,services,services,Assaying & Hallmarking,,F038,bis_topic17_hallmarking_centres.csv,,342,1.00,
REL-HALLMA-0000342,HM-00424,GANGA HALLMARKING ASSAY CENTRE,Assaying & Hallmarking,,,,PROVIDES,services,services,Assaying & Hallmarking,,F038,bis_topic17_hallmarking_centres.csv,,343,1.00,
REL-HALLMA-0000343,HM-00425,SHREE SIDDHNATH HALLMARKING CENTRE,Assaying & Hallmarking,,,,PROVIDES,services,services,Assaying & Hallmarking,,F038,bis_topic17_hallmarking_centres.csv,,344,1.00,
REL-HALLMA-0000344,HM-00426,M S HALLMARKING PVT LTD,Assaying & Hallmarking,,,,PROVIDES,services,services,Assaying & Hallmarking,,F038,bis_topic17_hallmarking_centres.csv,,345,1.00,
REL-HALLMA-0000345,HM-00427,SG ASSAYING & HALLMARKING CENTRE,Assaying & Hallmarking,,,,PROVIDES,services,services,Assaying & Hallmarking,,F038,bis_topic17_hallmarking_centres.csv,,346,1.00,
REL-HALLMA-0000346,HM-00429,SSJ HALLMARKING CENTRE,Assaying & Hallmarking,,,,PROVIDES,services,services,Assaying & Hallmarking,,F038,bis_topic17_hallmarking_centres.csv,,347,1.00,
REL-HALLMA-0000347,HM-00430,DHAR ASSAY CENTRE,Assaying & Hallmarking,,,,PROVIDES,services,services,Assaying & Hallmarking,,F038,bis_topic17_hallmarking_centres.csv,,348,1.00,
REL-HALLMA-0000348,HM-00431,SIDDHARTHA ASSAYING AND HALLMARKING CENTRE,Assaying & Hallmarking,,,,PROVIDES,services,services,Assaying & Hallmarking,,F038,bis_topic17_hallmarking_centres.csv,,349,1.00,
REL-HALLMA-0000349,HM-00432,SIDDHARTHA ASSAYING AND HALLMARKING CENTRE,Assaying & Hallmarking,,,,PROVIDES,services,services,Assaying & Hallmarking,,F038,bis_topic17_hallmarking_centres.csv,,350,1.00,
REL-HALLMA-0000350,HM-00435,STAR HALLMARKING CENTRE,Assaying & Hallmarking,,,,PROVIDES,services,services,Assaying & Hallmarking,,F038,bis_topic17_hallmarking_centres.csv,,351,1.00,
REL-HALLMA-0000351,HM-00436,STAR HALLMARKING CENTRE,Assaying & Hallmarking,,,,PROVIDES,services,services,Assaying & Hallmarking,,F038,bis_topic17_hallmarking_centres.csv,,352,1.00,
REL-HALLMA-0000352,HM-00437,OM HALLMARKING CENTRE,Assaying & Hallmarking,,,,PROVIDES,services,services,Assaying & Hallmarking,,F038,bis_topic17_hallmarking_centres.csv,,353,1.00,
REL-HALLMA-0000353,HM-00438,B S HALLMARK,Assaying & Hallmarking,,,,PROVIDES,services,services,Assaying & Hallmarking,,F038,bis_topic17_hallmarking_centres.csv,,354,1.00,
REL-HALLMA-0000354,HM-00439,M/S SAI HALLMARKING CENTRE,Assaying & Hallmarking,,,,PROVIDES,services,services,Assaying & Hallmarking,,F038,bis_topic17_hallmarking_centres.csv,,355,1.00,
REL-HALLMA-0000355,HM-00440,RIDDHI SIDDHI HALMARKING &BULLION PVT LTD,Assaying & Hallmarking,,,,PROVIDES,services,services,Assaying & Hallmarking,,F038,bis_topic17_hallmarking_centres.csv,,356,1.00,
REL-HALLMA-0000356,HM-00441,PATNA HALLMARKING CENTRE,Assaying & Hallmarking,,,,PROVIDES,services,services,Assaying & Hallmarking,,F038,bis_topic17_hallmarking_centres.csv,,357,1.00,
REL-HALLMA-0000357,HM-00442,M K HALLMARKING & ASSAY CENTRE,Assaying & Hallmarking,,,,PROVIDES,services,services,Assaying & Hallmarking,,F038,bis_topic17_hallmarking_centres.csv,,358,1.00,
REL-HALLMA-0000358,HM-00443,M K HALLMARKING & ASSAY CENTRE,Assaying & Hallmarking,,,,PROVIDES,services,services,Assaying & Hallmarking,,F038,bis_topic17_hallmarking_centres.csv,,359,1.00,
REL-HALLMA-0000359,HM-00444,M K HALLMARKING & ASSAY CENTRE,Assaying & Hallmarking,,,,PROVIDES,services,services,Assaying & Hallmarking,,F038,bis_topic17_hallmarking_centres.csv,,360,1.00,
REL-HALLMA-0000360,HM-00445,PRINCE HALLMARKING AND REFINERY PVT LTD,Assaying & Hallmarking,,,,PROVIDES,services,services,Assaying & Hallmarking,,F038,bis_topic17_hallmarking_centres.csv,,361,1.00,
REL-HALLMA-0000361,HM-00446,PRINCE HALLMARKING AND REFINERY PVT LTD,Assaying & Hallmarking,,,,PROVIDES,services,services,Assaying & Hallmarking,,F038,bis_topic17_hallmarking_centres.csv,,362,1.00,
REL-HALLMA-0000362,HM-00448,SUPREME HALLMARKING LLP,Assaying & Hallmarking,,,,PROVIDES,services,services,Assaying & Hallmarking,,F038,bis_topic17_hallmarking_centres.csv,,363,1.00,
REL-HALLMA-0000363,HM-00449,ROSE HALMARKING CENTER,Assaying & Hallmarking,,,,PROVIDES,services,services,Assaying & Hallmarking,,F038,bis_topic17_hallmarking_centres.csv,,364,1.00,
REL-HALLMA-0000364,HM-00451,LAXMI HALLMARING CENTRE,Assaying & Hallmarking,,,,PROVIDES,services,services,Assaying & Hallmarking,,F038,bis_topic17_hallmarking_centres.csv,,365,1.00,
REL-HALLMA-0000365,HM-00452,ABHUSHAN HALLMARK CENTRE,Assaying & Hallmarking,,,,PROVIDES,services,services,Assaying & Hallmarking,,F038,bis_topic17_hallmarking_centres.csv,,366,1.00,
REL-HALLMA-0000366,HM-00453,PRINCE HALLMARKING AND REFINERY PVT LTD,Assaying & Hallmarking,,,,PROVIDES,services,services,Assaying & Hallmarking,,F038,bis_topic17_hallmarking_centres.csv,,367,1.00,
REL-HALLMA-0000367,HM-00454,PRINCE HALLMARKING AND REFINERY PVT LTD,Assaying & Hallmarking,,,,PROVIDES,services,services,Assaying & Hallmarking,,F038,bis_topic17_hallmarking_centres.csv,,368,1.00,
REL-HALLMA-0000368,HM-00455,JAI MAA AMBAY HALLMARKING CENTRE,Assaying & Hallmarking,,,,PROVIDES,services,services,Assaying & Hallmarking,,F038,bis_topic17_hallmarking_centres.csv,,369,1.00,
REL-HALLMA-0000369,HM-00456,SILIGURI HALLMARKING CENTRE,Assaying & Hallmarking,,,,PROVIDES,services,services,Assaying & Hallmarking,,F038,bis_topic17_hallmarking_centres.csv,,370,1.00,
REL-HALLMA-0000370,HM-00457,BABA TARAKNATH HALLMARKING CENTRE,Assaying & Hallmarking,,,,PROVIDES,services,services,Assaying & Hallmarking,,F038,bis_topic17_hallmarking_centres.csv,,371,1.00,
REL-HALLMA-0000371,HM-00458,SRI CHAKRA HALLMARKING CENTRE,Assaying & Hallmarking,,,,PROVIDES,services,services,Assaying & Hallmarking,,F038,bis_topic17_hallmarking_centres.csv,,372,1.00,
REL-HALLMA-0000372,HM-00459,RANIGANJ HALLMARKING CENTRE,Assaying & Hallmarking,,,,PROVIDES,services,services,Assaying & Hallmarking,,F038,bis_topic17_hallmarking_centres.csv,,373,1.00,
REL-HALLMA-0000373,HM-00461,NEW RURAL HALLMARKING CENTRE,Assaying & Hallmarking,,,,PROVIDES,services,services,Assaying & Hallmarking,,F038,bis_topic17_hallmarking_centres.csv,,374,1.00,
REL-HALLMA-0000374,HM-00462,RIDDHI SIDDHI HALLMARKING CENTRE,Assaying & Hallmarking,,,,PROVIDES,services,services,Assaying & Hallmarking,,F038,bis_topic17_hallmarking_centres.csv,,375,1.00,
REL-HALLMA-0000375,HM-00463,RAVI HALLMARKING AND ASSAY CENTER,Assaying & Hallmarking,,,,PROVIDES,services,services,Assaying & Hallmarking,,F038,bis_topic17_hallmarking_centres.csv,,376,1.00,
REL-HALLMA-0000376,HM-00464,KADAM ASSAYING & HALLMARKING CENTRE,Assaying & Hallmarking,,,,PROVIDES,services,services,Assaying & Hallmarking,,F038,bis_topic17_hallmarking_centres.csv,,377,1.00,
REL-HALLMA-0000377,HM-00466,R K ASSAYING & HALLMARKING CENTRE,Assaying & Hallmarking,,,,PROVIDES,services,services,Assaying & Hallmarking,,F038,bis_topic17_hallmarking_centres.csv,,378,1.00,
REL-HALLMA-0000378,HM-00467,M/s- BALAJEE HALLMARKING CENTRE,Assaying & Hallmarking,,,,PROVIDES,services,services,Assaying & Hallmarking,,F038,bis_topic17_hallmarking_centres.csv,,379,1.00,
REL-HALLMA-0000379,HM-00468,NAKODA HALLMARKING CENTRE,Assaying & Hallmarking,,,,PROVIDES,services,services,Assaying & Hallmarking,,F038,bis_topic17_hallmarking_centres.csv,,380,1.00,
REL-HALLMA-0000380,HM-00470,SHIVANAND HALLMARKING AND ASSAYING CENTRE,Assaying & Hallmarking,,,,PROVIDES,services,services,Assaying & Hallmarking,,F038,bis_topic17_hallmarking_centres.csv,,381,1.00,
REL-HALLMA-0000381,HM-00471,NEW SAMPARK HALLMARK,Assaying & Hallmarking,,,,PROVIDES,services,services,Assaying & Hallmarking,,F038,bis_topic17_hallmarking_centres.csv,,382,1.00,
REL-HALLMA-0000382,HM-00473,J P HALLMARKING CENTRE PVT LTD,Assaying & Hallmarking,,,,PROVIDES,services,services,Assaying & Hallmarking,,F038,bis_topic17_hallmarking_centres.csv,,383,1.00,
REL-HALLMA-0000383,HM-00474,CHHATTISGARH HALLMARKING CENTRE,Assaying & Hallmarking,,,,PROVIDES,services,services,Assaying & Hallmarking,,F038,bis_topic17_hallmarking_centres.csv,,384,1.00,
REL-HALLMA-0000384,HM-00475,BASANT ASSAYING AND HALLMARKING CENTRE,Assaying & Hallmarking,,,,PROVIDES,services,services,Assaying & Hallmarking,,F038,bis_topic17_hallmarking_centres.csv,,385,1.00,
REL-HALLMA-0000385,HM-00476,Shree Ganesh Assaying & Hallmarking Centre,Assaying & Hallmarking,,,,PROVIDES,services,services,Assaying & Hallmarking,,F038,bis_topic17_hallmarking_centres.csv,,386,1.00,
REL-HALLMA-0000386,HM-00478,SRI SAI HALLMARKING,Assaying & Hallmarking,,,,PROVIDES,services,services,Assaying & Hallmarking,,F038,bis_topic17_hallmarking_centres.csv,,387,1.00,
REL-HALLMA-0000387,HM-00479,K L ASSAYING & HALLMARKING CENTRE,Assaying & Hallmarking,,,,PROVIDES,services,services,Assaying & Hallmarking,,F038,bis_topic17_hallmarking_centres.csv,,388,1.00,
REL-HALLMA-0000388,HM-00480,SB HALLMARKING CENTRE,Assaying & Hallmarking,,,,PROVIDES,services,services,Assaying & Hallmarking,,F038,bis_topic17_hallmarking_centres.csv,,389,1.00,
REL-HALLMA-0000389,HM-00481,ASANSOL HALLMARKING CENTRE,Assaying & Hallmarking,,,,PROVIDES,services,services,Assaying & Hallmarking,,F038,bis_topic17_hallmarking_centres.csv,,390,1.00,
REL-HALLMA-0000390,HM-00482,S M G ASSAYING & HALLMARKING CENTRE,Assaying & Hallmarking,,,,PROVIDES,services,services,Assaying & Hallmarking,,F038,bis_topic17_hallmarking_centres.csv,,391,1.00,
REL-HALLMA-0000391,HM-00483,S M G ASSAYING & HALLMARKING CENTRE,Assaying & Hallmarking,,,,PROVIDES,services,services,Assaying & Hallmarking,,F038,bis_topic17_hallmarking_centres.csv,,392,1.00,
REL-HALLMA-0000392,HM-00484,SATYAM HALLMARK AND ASSAYING CENTRE,Assaying & Hallmarking,,,,PROVIDES,services,services,Assaying & Hallmarking,,F038,bis_topic17_hallmarking_centres.csv,,393,1.00,
REL-HALLMA-0000393,HM-00485,B K HALLMARKING CENTRE,Assaying & Hallmarking,,,,PROVIDES,services,services,Assaying & Hallmarking,,F038,bis_topic17_hallmarking_centres.csv,,394,1.00,
REL-HALLMA-0000394,HM-00486,SUNIL HALLMARKING CENTRE,Assaying & Hallmarking,,,,PROVIDES,services,services,Assaying & Hallmarking,,F038,bis_topic17_hallmarking_centres.csv,,395,1.00,
REL-HALLMA-0000395,HM-00488,CONTAI HALLMARK CENTRE,Assaying & Hallmarking,,,,PROVIDES,services,services,Assaying & Hallmarking,,F038,bis_topic17_hallmarking_centres.csv,,396,1.00,
REL-HALLMA-0000396,HM-00489,BASANT HALLMARKING CENTRE,Assaying & Hallmarking,,,,PROVIDES,services,services,Assaying & Hallmarking,,F038,bis_topic17_hallmarking_centres.csv,,397,1.00,
REL-HALLMA-0000397,HM-00490,SREEM HALLMARKING CENTRE,Assaying & Hallmarking,,,,PROVIDES,services,services,Assaying & Hallmarking,,F038,bis_topic17_hallmarking_centres.csv,,398,1.00,
REL-HALLMA-0000398,HM-00491,MAKALI HALLMARKING CENTRE,Assaying & Hallmarking,,,,PROVIDES,services,services,Assaying & Hallmarking,,F038,bis_topic17_hallmarking_centres.csv,,399,1.00,
REL-HALLMA-0000399,HM-00492,GURUKRIPA HALLMARKING CENTRE,Assaying & Hallmarking,,,,PROVIDES,services,services,Assaying & Hallmarking,,F038,bis_topic17_hallmarking_centres.csv,,400,1.00,
REL-HALLMA-0000400,HM-00494,ANAND HALLMARKING CENTRE,Assaying & Hallmarking,,,,PROVIDES,services,services,Assaying & Hallmarking,,F038,bis_topic17_hallmarking_centres.csv,,401,1.00,
REL-HALLMA-0000401,HM-00495,M K ASSAYING and HALLMARKING CENTRE,Assaying & Hallmarking,,,,PROVIDES,services,services,Assaying & Hallmarking,,F038,bis_topic17_hallmarking_centres.csv,,402,1.00,
REL-HALLMA-0000402,HM-00496,SHREE NATH HALLMARKING CENTER,Assaying & Hallmarking,,,,PROVIDES,services,services,Assaying & Hallmarking,,F038,bis_topic17_hallmarking_centres.csv,,403,1.00,
REL-HALLMA-0000403,HM-00497,B P HALLMARKING CENTER,Assaying & Hallmarking,,,,PROVIDES,services,services,Assaying & Hallmarking,,F038,bis_topic17_hallmarking_centres.csv,,404,1.00,
REL-HALLMA-0000404,HM-00498,JOYGURU HALLMARKING CENTRE,Assaying & Hallmarking,,,,PROVIDES,services,services,Assaying & Hallmarking,,F038,bis_topic17_hallmarking_centres.csv,,405,1.00,
REL-HALLMA-0000405,HM-00499,Anima Hallmarking and Assaying Centre,Assaying & Hallmarking,,,,PROVIDES,services,services,Assaying & Hallmarking,,F038,bis_topic17_hallmarking_centres.csv,,406,1.00,
REL-HALLMA-0000406,HM-00500,TARAKNATH HALL MARKING CENTRE,Assaying & Hallmarking,,,,PROVIDES,services,services,Assaying & Hallmarking,,F038,bis_topic17_hallmarking_centres.csv,,407,1.00,
REL-HALLMA-0000407,HM-00501,V R ASSAYING AND HALLMARKIN CENTRE,Assaying & Hallmarking,,,,PROVIDES,services,services,Assaying & Hallmarking,,F038,bis_topic17_hallmarking_centres.csv,,408,1.00,
REL-HALLMA-0000408,HM-00504,TRIBENI HALLMARKING CENTRE,Assaying & Hallmarking,,,,PROVIDES,services,services,Assaying & Hallmarking,,F038,bis_topic17_hallmarking_centres.csv,,409,1.00,
REL-HALLMA-0000409,HM-00505,MAA GANGA HALLMARKING CENTRE,Assaying & Hallmarking,,,,PROVIDES,services,services,Assaying & Hallmarking,,F038,bis_topic17_hallmarking_centres.csv,,410,1.00,
REL-HALLMA-0000410,HM-00508,SOM ASSAING CENTRE,Assaying & Hallmarking,,,,PROVIDES,services,services,Assaying & Hallmarking,,F038,bis_topic17_hallmarking_centres.csv,,411,1.00,
REL-HALLMA-0000411,HM-00509,SOM ASSAING CENTRE,Assaying & Hallmarking,,,,PROVIDES,services,services,Assaying & Hallmarking,,F038,bis_topic17_hallmarking_centres.csv,,412,1.00,
REL-HALLMA-0000412,HM-00511,NEW SIYARAM HALLMARKING CENTRE,Assaying & Hallmarking,,,,PROVIDES,services,services,Assaying & Hallmarking,,F038,bis_topic17_hallmarking_centres.csv,,413,1.00,
REL-HALLMA-0000413,HM-00512,BASANT ASSAYING AND HALLMARKING CENTRE,Assaying & Hallmarking,,,,PROVIDES,services,services,Assaying & Hallmarking,,F038,bis_topic17_hallmarking_centres.csv,,414,1.00,
REL-HALLMA-0000414,HM-00513,MSP HALLMARKING CENTRE,Assaying & Hallmarking,,,,PROVIDES,services,services,Assaying & Hallmarking,,F038,bis_topic17_hallmarking_centres.csv,,415,1.00,
REL-HALLMA-0000415,HM-00514,SRI BHRIGU HALLMARKING & ASSAYING CENTRE,Assaying & Hallmarking,,,,PROVIDES,services,services,Assaying & Hallmarking,,F038,bis_topic17_hallmarking_centres.csv,,416,1.00,
REL-HALLMA-0000416,HM-00515,S G HALLMARKING CENTRE,Assaying & Hallmarking,,,,PROVIDES,services,services,Assaying & Hallmarking,,F038,bis_topic17_hallmarking_centres.csv,,417,1.00,
REL-HALLMA-0000417,HM-00516,CUTTACK SAMPARK HALLMARK,Assaying & Hallmarking,,,,PROVIDES,services,services,Assaying & Hallmarking,,F038,bis_topic17_hallmarking_centres.csv,,418,1.00,
REL-HALLMA-0000418,HM-00517,R D ASSAYING AND HALLMARKING CENTRE,Assaying & Hallmarking,,,,PROVIDES,services,services,Assaying & Hallmarking,,F038,bis_topic17_hallmarking_centres.csv,,419,1.00,
REL-HALLMA-0000419,HM-00518,K K HALLMARKING CENTRE,Assaying & Hallmarking,,,,PROVIDES,services,services,Assaying & Hallmarking,,F038,bis_topic17_hallmarking_centres.csv,,420,1.00,
REL-HALLMA-0000420,HM-00519,Sree Ganapati Hallmarking Centre,Assaying & Hallmarking,,,,PROVIDES,services,services,Assaying & Hallmarking,,F038,bis_topic17_hallmarking_centres.csv,,421,1.00,
REL-HALLMA-0000421,HM-00520,Sree Ganapati Hallmarking Centre,Assaying & Hallmarking,,,,PROVIDES,services,services,Assaying & Hallmarking,,F038,bis_topic17_hallmarking_centres.csv,,422,1.00,
REL-HALLMA-0000422,HM-00521,S A HALLMARKING CENTRE,Assaying & Hallmarking,,,,PROVIDES,services,services,Assaying & Hallmarking,,F038,bis_topic17_hallmarking_centres.csv,,423,1.00,
REL-HALLMA-0000423,HM-00522,MAKALI HALLMARKING CENTRE,Assaying & Hallmarking,,,,PROVIDES,services,services,Assaying & Hallmarking,,F038,bis_topic17_hallmarking_centres.csv,,424,1.00,
REL-HALLMA-0000424,HM-00523,SRI GANESH HALLMARKING CENTRE,Assaying & Hallmarking,,,,PROVIDES,services,services,Assaying & Hallmarking,,F038,bis_topic17_hallmarking_centres.csv,,425,1.00,
REL-HALLMA-0000425,HM-00524,SRI GANESH HALLMARKING CENTRE RAIGANJ,Assaying & Hallmarking,,,,PROVIDES,services,services,Assaying & Hallmarking,,F038,bis_topic17_hallmarking_centres.csv,,426,1.00,
REL-HALLMA-0000426,HM-00525,DK ASSAYING & HALLMARKING CENTRE,Assaying & Hallmarking,,,,PROVIDES,services,services,Assaying & Hallmarking,,F038,bis_topic17_hallmarking_centres.csv,,427,1.00,
REL-HALLMA-0000427,HM-00526,RADHAKRISHNA ASSAYING AND HALLLMARKING CENTRE,Assaying & Hallmarking,,,,PROVIDES,services,services,Assaying & Hallmarking,,F038,bis_topic17_hallmarking_centres.csv,,428,1.00,
REL-HALLMA-0000428,HM-00527,RADHAKRISHNA ASSAYING AND HALLLMARKING CENTRE,Assaying & Hallmarking,,,,PROVIDES,services,services,Assaying & Hallmarking,,F038,bis_topic17_hallmarking_centres.csv,,429,1.00,
REL-HALLMA-0000429,HM-00529,LOKENATH ASSAY CENTRE,Assaying & Hallmarking,,,,PROVIDES,services,services,Assaying & Hallmarking,,F038,bis_topic17_hallmarking_centres.csv,,430,1.00,
REL-HALLMA-0000430,HM-00530,SHIVGURU HALLMARKING CENTRE,Assaying & Hallmarking,,,,PROVIDES,services,services,Assaying & Hallmarking,,F038,bis_topic17_hallmarking_centres.csv,,431,1.00,
REL-HALLMA-0000431,HM-00531,SHYAMA HALLMARKING CENTRE,Assaying & Hallmarking,,,,PROVIDES,services,services,Assaying & Hallmarking,,F038,bis_topic17_hallmarking_centres.csv,,432,1.00,
REL-HALLMA-0000432,HM-00532,R B R HALLMARKING CENTRE,Assaying & Hallmarking,,,,PROVIDES,services,services,Assaying & Hallmarking,,F038,bis_topic17_hallmarking_centres.csv,,433,1.00,
REL-HALLMA-0000433,HM-00533,SHREE HALLMARK AND ASSAY CENTRE,Assaying & Hallmarking,,,,PROVIDES,services,services,Assaying & Hallmarking,,F038,bis_topic17_hallmarking_centres.csv,,434,1.00,
REL-HALLMA-0000434,HM-00534,Vijay Assay Hallmarking Centre,Assaying & Hallmarking,,,,PROVIDES,services,services,Assaying & Hallmarking,,F038,bis_topic17_hallmarking_centres.csv,,435,1.00,
REL-HALLMA-0000435,HM-00535,MAA TARA HM CENTER PRIVATE LIMITED,Assaying & Hallmarking,,,,PROVIDES,services,services,Assaying & Hallmarking,,F038,bis_topic17_hallmarking_centres.csv,,436,1.00,
REL-HALLMA-0000436,HM-00536,Balajee Hallmarking Centre,Assaying & Hallmarking,,,,PROVIDES,services,services,Assaying & Hallmarking,,F038,bis_topic17_hallmarking_centres.csv,,437,1.00,
REL-HALLMA-0000437,HM-00537,MAA NACHINDA HALLMARKING CENTRE,Assaying & Hallmarking,,,,PROVIDES,services,services,Assaying & Hallmarking,,F038,bis_topic17_hallmarking_centres.csv,,438,1.00,
REL-HALLMA-0000438,HM-00538,MAA NACHINDA HALLMARKING CENTRE,Assaying & Hallmarking,,,,PROVIDES,services,services,Assaying & Hallmarking,,F038,bis_topic17_hallmarking_centres.csv,,439,1.00,
REL-HALLMA-0000439,HM-00540,JHUMKA HALLMARKING & ASSAYING CENTRE,Assaying & Hallmarking,,,,PROVIDES,services,services,Assaying & Hallmarking,,F038,bis_topic17_hallmarking_centres.csv,,440,1.00,
REL-HALLMA-0000440,HM-00543,SRIHARI ASSAYING AND HALLMARKING CENTRE,Assaying & Hallmarking,,,,PROVIDES,services,services,Assaying & Hallmarking,,F038,bis_topic17_hallmarking_centres.csv,,441,1.00,
REL-HALLMA-0000441,HM-00544,IMPERIAL HALLMARKING LLP,Assaying & Hallmarking,,,,PROVIDES,services,services,Assaying & Hallmarking,,F038,bis_topic17_hallmarking_centres.csv,,442,1.00,
REL-HALLMA-0000442,HM-00545,TARINI HALLMARKING CENTRE,Assaying & Hallmarking,,,,PROVIDES,services,services,Assaying & Hallmarking,,F038,bis_topic17_hallmarking_centres.csv,,443,1.00,
REL-HALLMA-0000443,HM-00546,SHUBHAM HALLMARKING CENTRE,Assaying & Hallmarking,,,,PROVIDES,services,services,Assaying & Hallmarking,,F038,bis_topic17_hallmarking_centres.csv,,444,1.00,
REL-HALLMA-0000444,HM-00547,GAURI VISHVANATH ASSAYING AND HALLMARKING CENTRE,Assaying & Hallmarking,,,,PROVIDES,services,services,Assaying & Hallmarking,,F038,bis_topic17_hallmarking_centres.csv,,445,1.00,
REL-HALLMA-0000445,HM-00548,Karat Hallmarking,Assaying & Hallmarking,,,,PROVIDES,services,services,Assaying & Hallmarking,,F038,bis_topic17_hallmarking_centres.csv,,446,1.00,
REL-HALLMA-0000446,HM-00550,Sri Pandurang Hallmark Center,Assaying & Hallmarking,,,,PROVIDES,services,services,Assaying & Hallmarking,,F038,bis_topic17_hallmarking_centres.csv,,447,1.00,
REL-HALLMA-0000447,HM-00551,K K HALLMARKING CENTRE,Assaying & Hallmarking,,,,PROVIDES,services,services,Assaying & Hallmarking,,F038,bis_topic17_hallmarking_centres.csv,,448,1.00,
REL-HALLMA-0000448,HM-00552,SRI BALAJI ASSAYING AND HALLMARKING CENTRE,Assaying & Hallmarking,,,,PROVIDES,services,services,Assaying & Hallmarking,,F038,bis_topic17_hallmarking_centres.csv,,449,1.00,
REL-HALLMA-0000449,HM-00553,A N HALLMARKING CENTRE,Assaying & Hallmarking,,,,PROVIDES,services,services,Assaying & Hallmarking,,F038,bis_topic17_hallmarking_centres.csv,,450,1.00,
REL-HALLMA-0000450,HM-00554,DEYS HALLMARKING CENTRE,Assaying & Hallmarking,,,,PROVIDES,services,services,Assaying & Hallmarking,,F038,bis_topic17_hallmarking_centres.csv,,451,1.00,
REL-HALLMA-0000451,HM-00556,RISHI HALLMARKING CENTRE,Assaying & Hallmarking,,,,PROVIDES,services,services,Assaying & Hallmarking,,F038,bis_topic17_hallmarking_centres.csv,,452,1.00,
REL-HALLMA-0000452,HM-00557,BALAJI HALLMARKING & ASSAYING CENTRE,Assaying & Hallmarking,,,,PROVIDES,services,services,Assaying & Hallmarking,,F038,bis_topic17_hallmarking_centres.csv,,453,1.00,
REL-HALLMA-0000453,HM-00559,NALANDA HALLMARKING CENTRE,Assaying & Hallmarking,,,,PROVIDES,services,services,Assaying & Hallmarking,,F038,bis_topic17_hallmarking_centres.csv,,454,1.00,
REL-HALLMA-0000454,HM-00560,MS TSK HALLMARKING AND ASSAYCENTRE,Assaying & Hallmarking,,,,PROVIDES,services,services,Assaying & Hallmarking,,F038,bis_topic17_hallmarking_centres.csv,,455,1.00,
REL-HALLMA-0000455,HM-00561,SUMAN HALLMARKING CENTRE,Assaying & Hallmarking,,,,PROVIDES,services,services,Assaying & Hallmarking,,F038,bis_topic17_hallmarking_centres.csv,,456,1.00,
REL-HALLMA-0000456,HM-00562,SUMAN HALLMARKING CENTRE,Assaying & Hallmarking,,,,PROVIDES,services,services,Assaying & Hallmarking,,F038,bis_topic17_hallmarking_centres.csv,,457,1.00,
REL-HALLMA-0000457,HM-00563,H L HALLMARKING CENTRE,Assaying & Hallmarking,,,,PROVIDES,services,services,Assaying & Hallmarking,,F038,bis_topic17_hallmarking_centres.csv,,458,1.00,
REL-HALLMA-0000458,HM-00564,LOKENATH ASSAY CENTRE,Assaying & Hallmarking,,,,PROVIDES,services,services,Assaying & Hallmarking,,F038,bis_topic17_hallmarking_centres.csv,,459,1.00,
REL-HALLMA-0000459,HM-00565,BOMBAY ASSAY COMPANY,Assaying & Hallmarking,,,,PROVIDES,services,services,Assaying & Hallmarking,,F038,bis_topic17_hallmarking_centres.csv,,460,1.00,
REL-HALLMA-0000460,HM-00567,ALANKAR HALLMARK AND TUNCH CENTER,Assaying & Hallmarking,,,,PROVIDES,services,services,Assaying & Hallmarking,,F038,bis_topic17_hallmarking_centres.csv,,461,1.00,
REL-HALLMA-0000461,HM-00568,MA TARA ASSAY CENTRE,Assaying & Hallmarking,,,,PROVIDES,services,services,Assaying & Hallmarking,,F038,bis_topic17_hallmarking_centres.csv,,462,1.00,
REL-HALLMA-0000462,HM-00569,Ma Tara Assay Centre,Assaying & Hallmarking,,,,PROVIDES,services,services,Assaying & Hallmarking,,F038,bis_topic17_hallmarking_centres.csv,,463,1.00,
REL-HALLMA-0000463,HM-00570,R K ASSAYING & HALLMARKING CENTRE,Assaying & Hallmarking,,,,PROVIDES,services,services,Assaying & Hallmarking,,F038,bis_topic17_hallmarking_centres.csv,,464,1.00,
REL-HALLMA-0000464,HM-00571,A ONE HALLMARKING CENTER,Assaying & Hallmarking,,,,PROVIDES,services,services,Assaying & Hallmarking,,F038,bis_topic17_hallmarking_centres.csv,,465,1.00,
REL-HALLMA-0000465,HM-00572,R N HALLMARKING,Assaying & Hallmarking,,,,PROVIDES,services,services,Assaying & Hallmarking,,F038,bis_topic17_hallmarking_centres.csv,,466,1.00,
REL-HALLMA-0000466,HM-00573,LAXMI HALLMARKING CENTRE,Assaying & Hallmarking,,,,PROVIDES,services,services,Assaying & Hallmarking,,F038,bis_topic17_hallmarking_centres.csv,,467,1.00,
REL-HALLMA-0000467,HM-00574,Vijay Hallmarking,Assaying & Hallmarking,,,,PROVIDES,services,services,Assaying & Hallmarking,,F038,bis_topic17_hallmarking_centres.csv,,468,1.00,
REL-HALLMA-0000468,HM-00575,SACHIN HALLMARKING CENTRE,Assaying & Hallmarking,,,,PROVIDES,services,services,Assaying & Hallmarking,,F038,bis_topic17_hallmarking_centres.csv,,469,1.00,
REL-HALLMA-0000469,HM-00576,SACHIN HALLMARKING CENTRE,Assaying & Hallmarking,,,,PROVIDES,services,services,Assaying & Hallmarking,,F038,bis_topic17_hallmarking_centres.csv,,470,1.00,
REL-HALLMA-0000470,HM-00577,PAWAR HALLMARKING LLP,Assaying & Hallmarking,,,,PROVIDES,services,services,Assaying & Hallmarking,,F038,bis_topic17_hallmarking_centres.csv,,471,1.00,
REL-HALLMA-0000471,HM-00578,GEETA HALLMARKING CENTRE,Assaying & Hallmarking,,,,PROVIDES,services,services,Assaying & Hallmarking,,F038,bis_topic17_hallmarking_centres.csv,,472,1.00,
REL-HALLMA-0000472,HM-00579,J B HALLMARKING CENTER,Assaying & Hallmarking,,,,PROVIDES,services,services,Assaying & Hallmarking,,F038,bis_topic17_hallmarking_centres.csv,,473,1.00,
REL-HALLMA-0000473,HM-00580,SITARAM HALLMARKING CENTRE,Assaying & Hallmarking,,,,PROVIDES,services,services,Assaying & Hallmarking,,F038,bis_topic17_hallmarking_centres.csv,,474,1.00,
REL-HALLMA-0000474,HM-00581,GANESH HALLMARKING CENTER,Assaying & Hallmarking,,,,PROVIDES,services,services,Assaying & Hallmarking,,F038,bis_topic17_hallmarking_centres.csv,,475,1.00,
REL-HALLMA-0000475,HM-00582,SPRIHA HALLMARKING CENTER,Assaying & Hallmarking,,,,PROVIDES,services,services,Assaying & Hallmarking,,F038,bis_topic17_hallmarking_centres.csv,,476,1.00,
REL-HALLMA-0000476,HM-00583,KALIKA HALLMARKING & ASSAY CENTRE,Assaying & Hallmarking,,,,PROVIDES,services,services,Assaying & Hallmarking,,F038,bis_topic17_hallmarking_centres.csv,,477,1.00,
REL-HALLMA-0000477,HM-00584,MAKALI HALLMARKING CENTRE,Assaying & Hallmarking,,,,PROVIDES,services,services,Assaying & Hallmarking,,F038,bis_topic17_hallmarking_centres.csv,,478,1.00,
REL-HALLMA-0000478,HM-00586,Barasat Hallmarking And Refinery A Unit Of S J gold Services LLP,Assaying & Hallmarking,,,,PROVIDES,services,services,Assaying & Hallmarking,,F038,bis_topic17_hallmarking_centres.csv,,479,1.00,
REL-HALLMA-0000479,HM-00587,Barasat Hallmarking And Refinery A Unit Of S J gold Services LLP,Assaying & Hallmarking,,,,PROVIDES,services,services,Assaying & Hallmarking,,F038,bis_topic17_hallmarking_centres.csv,,480,1.00,
REL-HALLMA-0000480,HM-00588,A J Hallmarking Centre,Assaying & Hallmarking,,,,PROVIDES,services,services,Assaying & Hallmarking,,F038,bis_topic17_hallmarking_centres.csv,,481,1.00,
REL-HALLMA-0000481,HM-00589,VIRAT HALLMARKING CENTRE,Assaying & Hallmarking,,,,PROVIDES,services,services,Assaying & Hallmarking,,F038,bis_topic17_hallmarking_centres.csv,,482,1.00,
REL-HALLMA-0000482,HM-00590,ROYAL HALLMARKING,Assaying & Hallmarking,,,,PROVIDES,services,services,Assaying & Hallmarking,,F038,bis_topic17_hallmarking_centres.csv,,483,1.00,
REL-HALLMA-0000483,HM-00591,G M B HALLMARKING CENTER,Assaying & Hallmarking,,,,PROVIDES,services,services,Assaying & Hallmarking,,F038,bis_topic17_hallmarking_centres.csv,,484,1.00,
REL-HALLMA-0000484,HM-00592,SIDHNATH HALLMARKING CENTRE,Assaying & Hallmarking,,,,PROVIDES,services,services,Assaying & Hallmarking,,F038,bis_topic17_hallmarking_centres.csv,,485,1.00,
REL-HALLMA-0000485,HM-00593,ACE HALLMARKING SERVICES PVT LTD,Assaying & Hallmarking,,,,PROVIDES,services,services,Assaying & Hallmarking,,F038,bis_topic17_hallmarking_centres.csv,,486,1.00,
REL-HALLMA-0000486,HM-00594,J I S M HALLMARKING & REFINERY CENTRE,Assaying & Hallmarking,,,,PROVIDES,services,services,Assaying & Hallmarking,,F038,bis_topic17_hallmarking_centres.csv,,487,1.00,
REL-HALLMA-0000487,HM-00596,PRINCE HALLMARKING & REFINERY PVT LTD,Assaying & Hallmarking,,,,PROVIDES,services,services,Assaying & Hallmarking,,F038,bis_topic17_hallmarking_centres.csv,,488,1.00,
REL-HALLMA-0000488,HM-00597,PATIL HALLMARKING CENTRE,Assaying & Hallmarking,,,,PROVIDES,services,services,Assaying & Hallmarking,,F038,bis_topic17_hallmarking_centres.csv,,489,1.00,
REL-HALLMA-0000489,HM-00598,OM ASSAY CENTRE,Assaying & Hallmarking,,,,PROVIDES,services,services,Assaying & Hallmarking,,F038,bis_topic17_hallmarking_centres.csv,,490,1.00,
REL-HALLMA-0000490,HM-00599,OM ASSAY CENTRE,Assaying & Hallmarking,,,,PROVIDES,services,services,Assaying & Hallmarking,,F038,bis_topic17_hallmarking_centres.csv,,491,1.00,
REL-HALLMA-0000491,HM-00601,BASANT ASSAYING AND HALLMARKING CENTRE,Assaying & Hallmarking,,,,PROVIDES,services,services,Assaying & Hallmarking,,F038,bis_topic17_hallmarking_centres.csv,,492,1.00,
REL-HALLMA-0000492,HM-00602,Prince Hallmarking and Refinery Pvt Ltd,Assaying & Hallmarking,,,,PROVIDES,services,services,Assaying & Hallmarking,,F038,bis_topic17_hallmarking_centres.csv,,493,1.00,
REL-HALLMA-0000493,HM-00603,Kanak Hallmarking Centre,Assaying & Hallmarking,,,,PROVIDES,services,services,Assaying & Hallmarking,,F038,bis_topic17_hallmarking_centres.csv,,494,1.00,
REL-HALLMA-0000494,HM-00604,JAI MATADI HALLMARKING AND ASSAYING CENTRE,Assaying & Hallmarking,,,,PROVIDES,services,services,Assaying & Hallmarking,,F038,bis_topic17_hallmarking_centres.csv,,495,1.00,
REL-HALLMA-0000495,HM-00605,TARAKNATH HALLMARKING CENTRE,Assaying & Hallmarking,,,,PROVIDES,services,services,Assaying & Hallmarking,,F038,bis_topic17_hallmarking_centres.csv,,496,1.00,
REL-HALLMA-0000496,HM-00606,GOLD PLAZA HALLMARKING CENTER,Assaying & Hallmarking,,,,PROVIDES,services,services,Assaying & Hallmarking,,F038,bis_topic17_hallmarking_centres.csv,,497,1.00,
REL-HALLMA-0000497,HM-00607,SHREE NARAYAN HALLMARKING CENTER,Assaying & Hallmarking,,,,PROVIDES,services,services,Assaying & Hallmarking,,F038,bis_topic17_hallmarking_centres.csv,,498,1.00,
REL-HALLMA-0000498,HM-00608,NEW JHUMKA ASSAYING AND HALLMARKING CENTRE,Assaying & Hallmarking,,,,PROVIDES,services,services,Assaying & Hallmarking,,F038,bis_topic17_hallmarking_centres.csv,,499,1.00,
REL-HALLMA-0000499,HM-00609,P M HALLMARKING & ASSAYING CENTRE,Assaying & Hallmarking,,,,PROVIDES,services,services,Assaying & Hallmarking,,F038,bis_topic17_hallmarking_centres.csv,,500,1.00,
REL-HALLMA-0000500,HM-00610,STAR HALLMARKING CENTRE,Assaying & Hallmarking,,,,PROVIDES,services,services,Assaying & Hallmarking,,F038,bis_topic17_hallmarking_centres.csv,,501,1.00,
REL-HALLMA-0000501,HM-00611,STAR HALLMARKING CENTRE,Assaying & Hallmarking,,,,PROVIDES,services,services,Assaying & Hallmarking,,F038,bis_topic17_hallmarking_centres.csv,,502,1.00,
REL-HALLMA-0000502,HM-00612,SRI PANDURANG HALLMARK CENTRE,Assaying & Hallmarking,,,,PROVIDES,services,services,Assaying & Hallmarking,,F038,bis_topic17_hallmarking_centres.csv,,503,1.00,
REL-HALLMA-0000503,HM-00614,BALAJI REFINERY AND HALLMARKING CENTRE,Assaying & Hallmarking,,,,PROVIDES,services,services,Assaying & Hallmarking,,F038,bis_topic17_hallmarking_centres.csv,,504,1.00,
REL-HALLMA-0000504,HM-00615,SSR HALLMARKING CENTER,Assaying & Hallmarking,,,,PROVIDES,services,services,Assaying & Hallmarking,,F038,bis_topic17_hallmarking_centres.csv,,505,1.00,
REL-HALLMA-0000505,HM-00616,SSR HALLMARKING CENTER,Assaying & Hallmarking,,,,PROVIDES,services,services,Assaying & Hallmarking,,F038,bis_topic17_hallmarking_centres.csv,,506,1.00,
REL-HALLMA-0000506,HM-00617,DHARMARAJ HALL MARKING CENTRE,Assaying & Hallmarking,,,,PROVIDES,services,services,Assaying & Hallmarking,,F038,bis_topic17_hallmarking_centres.csv,,507,1.00,
REL-HALLMA-0000507,HM-00618,JADHAV HALLMARMARKING CENTRE,Assaying & Hallmarking,,,,PROVIDES,services,services,Assaying & Hallmarking,,F038,bis_topic17_hallmarking_centres.csv,,508,1.00,
REL-HALLMA-0000508,HM-00619,M S JAGADAMBA ASSAY AND HALLMARKING CENTRE,Assaying & Hallmarking,,,,PROVIDES,services,services,Assaying & Hallmarking,,F038,bis_topic17_hallmarking_centres.csv,,509,1.00,
REL-HALLMA-0000509,HM-00620,SHRISHA GOLD ASSAY & HALLMARKING CENTRE,Assaying & Hallmarking,,,,PROVIDES,services,services,Assaying & Hallmarking,,F038,bis_topic17_hallmarking_centres.csv,,510,1.00,
REL-HALLMA-0000510,HM-00622,ATISH HALLMARKING & ASSAYING CENTRE,Assaying & Hallmarking,,,,PROVIDES,services,services,Assaying & Hallmarking,,F038,bis_topic17_hallmarking_centres.csv,,511,1.00,
REL-HALLMA-0000511,HM-00623,SHREE KRISHNA HALLMARKING CENTRE,Assaying & Hallmarking,,,,PROVIDES,services,services,Assaying & Hallmarking,,F038,bis_topic17_hallmarking_centres.csv,,512,1.00,
REL-HALLMA-0000512,HM-00624,BOMBAY ASSAY COMPANY,Assaying & Hallmarking,,,,PROVIDES,services,services,Assaying & Hallmarking,,F038,bis_topic17_hallmarking_centres.csv,,513,1.00,
REL-HALLMA-0000513,HM-00625,SHIB SHAKTI HALLMARKING AND ASSAY CENTRE,Assaying & Hallmarking,,,,PROVIDES,services,services,Assaying & Hallmarking,,F038,bis_topic17_hallmarking_centres.csv,,514,1.00,
REL-HALLMA-0000514,HM-00626,M M S HALLMARKING CENTRE,Assaying & Hallmarking,,,,PROVIDES,services,services,Assaying & Hallmarking,,F038,bis_topic17_hallmarking_centres.csv,,515,1.00,
REL-HALLMA-0000515,HM-00627,P T HALLMARKING CENTRE,Assaying & Hallmarking,,,,PROVIDES,services,services,Assaying & Hallmarking,,F038,bis_topic17_hallmarking_centres.csv,,516,1.00,
REL-HALLMA-0000516,HM-00629,SREERAM ASSAY AND HALLMARKING CETRE,Assaying & Hallmarking,,,,PROVIDES,services,services,Assaying & Hallmarking,,F038,bis_topic17_hallmarking_centres.csv,,517,1.00,
REL-HALLMA-0000517,HM-00630,R J ASSAYING AND HALLMARKING CENTRE,Assaying & Hallmarking,,,,PROVIDES,services,services,Assaying & Hallmarking,,F038,bis_topic17_hallmarking_centres.csv,,518,1.00,
REL-HALLMA-0000518,HM-00631,Prince Hallmarking And Refinery Pvt Ltd,Assaying & Hallmarking,,,,PROVIDES,services,services,Assaying & Hallmarking,,F038,bis_topic17_hallmarking_centres.csv,,519,1.00,
REL-HALLMA-0000519,HM-00632,NEW BALAJI HALLMARKING AND ASSAY CENTRE,Assaying & Hallmarking,,,,PROVIDES,services,services,Assaying & Hallmarking,,F038,bis_topic17_hallmarking_centres.csv,,520,1.00,
REL-HALLMA-0000520,HM-00633,NEW B T HALLMARKING REFINING CENTRE,Assaying & Hallmarking,,,,PROVIDES,services,services,Assaying & Hallmarking,,F038,bis_topic17_hallmarking_centres.csv,,521,1.00,
REL-HALLMA-0000521,HM-00634,BALAJI TOUNCH AND HALLMARKING CENTRE,Assaying & Hallmarking,,,,PROVIDES,services,services,Assaying & Hallmarking,,F038,bis_topic17_hallmarking_centres.csv,,522,1.00,
REL-HALLMA-0000522,HM-00635,SAGAR HALLMARKING CENTRE,Assaying & Hallmarking,,,,PROVIDES,services,services,Assaying & Hallmarking,,F038,bis_topic17_hallmarking_centres.csv,,523,1.00,
REL-HALLMA-0000523,HM-00636,SWASTIK HALLMARKING AND ASSAY CENTRE,Assaying & Hallmarking,,,,PROVIDES,services,services,Assaying & Hallmarking,,F038,bis_topic17_hallmarking_centres.csv,,524,1.00,
REL-HALLMA-0000524,HM-00637,PDM HALLMARKING CENTRE,Assaying & Hallmarking,,,,PROVIDES,services,services,Assaying & Hallmarking,,F038,bis_topic17_hallmarking_centres.csv,,525,1.00,
REL-HALLMA-0000525,HM-00638,S D ASSAYING AND HALLMARKING CENTER,Assaying & Hallmarking,,,,PROVIDES,services,services,Assaying & Hallmarking,,F038,bis_topic17_hallmarking_centres.csv,,526,1.00,
REL-HALLMA-0000526,HM-00639,H PAWAR HALLMARKING CENTRE,Assaying & Hallmarking,,,,PROVIDES,services,services,Assaying & Hallmarking,,F038,bis_topic17_hallmarking_centres.csv,,527,1.00,
REL-HALLMA-0000527,HM-00640,GM HALLMARKING CENTRE,Assaying & Hallmarking,,,,PROVIDES,services,services,Assaying & Hallmarking,,F038,bis_topic17_hallmarking_centres.csv,,528,1.00,
REL-HALLMA-0000528,HM-00641,SANATANI HALLMARKING CENTRE,Assaying & Hallmarking,,,,PROVIDES,services,services,Assaying & Hallmarking,,F038,bis_topic17_hallmarking_centres.csv,,529,1.00,
REL-HALLMA-0000529,HM-00642,SHREE SIDDHANATH HALLMARKING CENTRE,Assaying & Hallmarking,,,,PROVIDES,services,services,Assaying & Hallmarking,,F038,bis_topic17_hallmarking_centres.csv,,530,1.00,
REL-HALLMA-0000530,HM-00644,LAXMI HALLMARKING CENTRE,Assaying & Hallmarking,,,,PROVIDES,services,services,Assaying & Hallmarking,,F038,bis_topic17_hallmarking_centres.csv,,531,1.00,
REL-HALLMA-0000531,HM-00645,NEW RAJ HALLMARKING CENTRE,Assaying & Hallmarking,,,,PROVIDES,services,services,Assaying & Hallmarking,,F038,bis_topic17_hallmarking_centres.csv,,532,1.00,
REL-HALLMA-0000532,HM-00646,SIDDHANATH PRASANNA HALLMARKING CENTER,Assaying & Hallmarking,,,,PROVIDES,services,services,Assaying & Hallmarking,,F038,bis_topic17_hallmarking_centres.csv,,533,1.00,
REL-HALLMA-0000533,HM-00647,SHREE GANESH HALLMARK CENTRE,Assaying & Hallmarking,,,,PROVIDES,services,services,Assaying & Hallmarking,,F038,bis_topic17_hallmarking_centres.csv,,534,1.00,
REL-HALLMA-0000534,HM-00648,MAA DURGA HALLMARKING CENTRE,Assaying & Hallmarking,,,,PROVIDES,services,services,Assaying & Hallmarking,,F038,bis_topic17_hallmarking_centres.csv,,535,1.00,
REL-HALLMA-0000535,HM-00649,MAA KALI HALLMARKING CENTRE,Assaying & Hallmarking,,,,PROVIDES,services,services,Assaying & Hallmarking,,F038,bis_topic17_hallmarking_centres.csv,,536,1.00,
REL-HALLMA-0000536,HM-00650,ROHIT HALLMARKING CENTRE,Assaying & Hallmarking,,,,PROVIDES,services,services,Assaying & Hallmarking,,F038,bis_topic17_hallmarking_centres.csv,,537,1.00,
REL-HALLMA-0000537,HM-00651,PRADYUT HALLMARKING CENTRE,Assaying & Hallmarking,,,,PROVIDES,services,services,Assaying & Hallmarking,,F038,bis_topic17_hallmarking_centres.csv,,538,1.00,
REL-HALLMA-0000538,HM-00652,BALAJI HALLMARKING & ASSAYING CENTRE,Assaying & Hallmarking,,,,PROVIDES,services,services,Assaying & Hallmarking,,F038,bis_topic17_hallmarking_centres.csv,,539,1.00,
REL-HALLMA-0000539,HM-00653,SHREE BALAJI HALLMARKING CENTRE,Assaying & Hallmarking,,,,PROVIDES,services,services,Assaying & Hallmarking,,F038,bis_topic17_hallmarking_centres.csv,,540,1.00,
REL-HALLMA-0000540,HM-00654,SRB HALLMARKING AND ASSAYING CENTRE,Assaying & Hallmarking,,,,PROVIDES,services,services,Assaying & Hallmarking,,F038,bis_topic17_hallmarking_centres.csv,,541,1.00,
REL-HALLMA-0000541,HM-00655,SIDDHANATH HALLMARKING CENTRE,Assaying & Hallmarking,,,,PROVIDES,services,services,Assaying & Hallmarking,,F038,bis_topic17_hallmarking_centres.csv,,542,1.00,
REL-HALLMA-0000542,HM-00656,GITANJALI HALLMARKING CENTRE,Assaying & Hallmarking,,,,PROVIDES,services,services,Assaying & Hallmarking,,F038,bis_topic17_hallmarking_centres.csv,,543,1.00,
REL-HALLMA-0000543,HM-00657,S P ASSAYING AND HALLMARKING CENTRE,Assaying & Hallmarking,,,,PROVIDES,services,services,Assaying & Hallmarking,,F038,bis_topic17_hallmarking_centres.csv,,544,1.00,
REL-HALLMA-0000544,HM-00658,BALAJI HALLMARKING CENTRE,Assaying & Hallmarking,,,,PROVIDES,services,services,Assaying & Hallmarking,,F038,bis_topic17_hallmarking_centres.csv,,545,1.00,
REL-HALLMA-0000545,HM-00659,MAA DURGA HALLMARKING AND TESTING CENTRE,Assaying & Hallmarking,,,,PROVIDES,services,services,Assaying & Hallmarking,,F038,bis_topic17_hallmarking_centres.csv,,546,1.00,
REL-HALLMA-0000546,HM-00660,TIRUPATI ASSAYING AND HALLMARKING CENTRE,Assaying & Hallmarking,,,,PROVIDES,services,services,Assaying & Hallmarking,,F038,bis_topic17_hallmarking_centres.csv,,547,1.00,
REL-HALLMA-0000547,HM-00661,LAKSHMI HALLMARK CENTRE,Assaying & Hallmarking,,,,PROVIDES,services,services,Assaying & Hallmarking,,F038,bis_topic17_hallmarking_centres.csv,,548,1.00,
REL-HALLMA-0000548,HM-00662,R K ASYING AND HALLMARKING CENTER,Assaying & Hallmarking,,,,PROVIDES,services,services,Assaying & Hallmarking,,F038,bis_topic17_hallmarking_centres.csv,,549,1.00,
REL-HALLMA-0000549,HM-00663,D S HALLMARKING CENTRE,Assaying & Hallmarking,,,,PROVIDES,services,services,Assaying & Hallmarking,,F038,bis_topic17_hallmarking_centres.csv,,550,1.00,
REL-HALLMA-0000550,HM-00664,SRI GANESH HALLMARKING CENTRE DHUPGURI,Assaying & Hallmarking,,,,PROVIDES,services,services,Assaying & Hallmarking,,F038,bis_topic17_hallmarking_centres.csv,,551,1.00,
REL-HALLMA-0000551,HM-00665,SRI GANESH HALLMARKING CENTRE DHUPGURI,Assaying & Hallmarking,,,,PROVIDES,services,services,Assaying & Hallmarking,,F038,bis_topic17_hallmarking_centres.csv,,552,1.00,
REL-HALLMA-0000552,HM-00666,AMBIKA HALLMARKING CENTRE,Assaying & Hallmarking,,,,PROVIDES,services,services,Assaying & Hallmarking,,F038,bis_topic17_hallmarking_centres.csv,,553,1.00,
REL-HALLMA-0000553,HM-00667,JYOTIRLING HALLMARKING CENTRE,Assaying & Hallmarking,,,,PROVIDES,services,services,Assaying & Hallmarking,,F038,bis_topic17_hallmarking_centres.csv,,554,1.00,
REL-HALLMA-0000554,HM-00668,SHRIRAM HALLMARKING CENTRE,Assaying & Hallmarking,,,,PROVIDES,services,services,Assaying & Hallmarking,,F038,bis_topic17_hallmarking_centres.csv,,555,1.00,
REL-HALLMA-0000555,HM-00669,SRI GANESH HALLMARKING CENTRE,Assaying & Hallmarking,,,,PROVIDES,services,services,Assaying & Hallmarking,,F038,bis_topic17_hallmarking_centres.csv,,556,1.00,
REL-HALLMA-0000556,HM-00670,STAR HALLMARKING CENTRE ISLAMPUR,Assaying & Hallmarking,,,,PROVIDES,services,services,Assaying & Hallmarking,,F038,bis_topic17_hallmarking_centres.csv,,557,1.00,
REL-HALLMA-0000557,HM-00671,KP GOLD HALLMARKING CENTRE,Assaying & Hallmarking,,,,PROVIDES,services,services,Assaying & Hallmarking,,F038,bis_topic17_hallmarking_centres.csv,,558,1.00,
REL-HALLMA-0000558,HM-00672,KP GOLD HALLMARKING CENTRE,Assaying & Hallmarking,,,,PROVIDES,services,services,Assaying & Hallmarking,,F038,bis_topic17_hallmarking_centres.csv,,559,1.00,
REL-HALLMA-0000559,HM-00673,NIDHI ASSAYING AND HALLMARKING CENTRE,Assaying & Hallmarking,,,,PROVIDES,services,services,Assaying & Hallmarking,,F038,bis_topic17_hallmarking_centres.csv,,560,1.00,
REL-HALLMA-0000560,HM-00674,NIDHI ASSAYING AND HALLMARKING CENTRE,Assaying & Hallmarking,,,,PROVIDES,services,services,Assaying & Hallmarking,,F038,bis_topic17_hallmarking_centres.csv,,561,1.00,
REL-HALLMA-0000561,HM-00675,GURU KRUPA HALLMARKING CENTER,Assaying & Hallmarking,,,,PROVIDES,services,services,Assaying & Hallmarking,,F038,bis_topic17_hallmarking_centres.csv,,562,1.00,
REL-HALLMA-0000562,HM-00676,D P ASSAY AND HALLMARK CENTRE,Assaying & Hallmarking,,,,PROVIDES,services,services,Assaying & Hallmarking,,F038,bis_topic17_hallmarking_centres.csv,,563,1.00,
REL-HALLMA-0000563,HM-00677,NEW SR HALLMARKING CENTRE,Assaying & Hallmarking,,,,PROVIDES,services,services,Assaying & Hallmarking,,F038,bis_topic17_hallmarking_centres.csv,,564,1.00,
REL-HALLMA-0000564,HM-00678,JAI JAGATBANDHU HALLMARKING CENTRE,Assaying & Hallmarking,,,,PROVIDES,services,services,Assaying & Hallmarking,,F038,bis_topic17_hallmarking_centres.csv,,565,1.00,
REL-HALLMA-0000565,HM-00679,OM ASSAYING AND HALLMARKING CENTRE,Assaying & Hallmarking,,,,PROVIDES,services,services,Assaying & Hallmarking,,F038,bis_topic17_hallmarking_centres.csv,,566,1.00,
REL-HALLMA-0000566,HM-00680,DHAR ASSAY AND HALLMARKING CENTRE,Assaying & Hallmarking,,,,PROVIDES,services,services,Assaying & Hallmarking,,F038,bis_topic17_hallmarking_centres.csv,,567,1.00,
REL-HALLMA-0000567,HM-00681,TAJ ASSAYING AND HALLMARKING CENTRE,Assaying & Hallmarking,,,,PROVIDES,services,services,Assaying & Hallmarking,,F038,bis_topic17_hallmarking_centres.csv,,568,1.00,
REL-HALLMA-0000568,HM-00682,DINDA HALLMARK AND ASSAY CENTRE,Assaying & Hallmarking,,,,PROVIDES,services,services,Assaying & Hallmarking,,F038,bis_topic17_hallmarking_centres.csv,,569,1.00,
REL-HALLMA-0000569,HM-00683,MAA TARA ASSAYING & HALLMARKING CENTRE,Assaying & Hallmarking,,,,PROVIDES,services,services,Assaying & Hallmarking,,F038,bis_topic17_hallmarking_centres.csv,,570,1.00,
REL-HALLMA-0000570,HM-00684,NEW GIRI RAJ ASSAYING AND HALLMARKING CENTRE,Assaying & Hallmarking,,,,PROVIDES,services,services,Assaying & Hallmarking,,F038,bis_topic17_hallmarking_centres.csv,,571,1.00,
REL-HALLMA-0000571,HM-00685,SRI RAM HALLMARK CENTRE,Assaying & Hallmarking,,,,PROVIDES,services,services,Assaying & Hallmarking,,F038,bis_topic17_hallmarking_centres.csv,,572,1.00,
REL-HALLMA-0000572,HM-00686,A N HALLMARKING CENTRE,Assaying & Hallmarking,,,,PROVIDES,services,services,Assaying & Hallmarking,,F038,bis_topic17_hallmarking_centres.csv,,573,1.00,
REL-HALLMA-0000573,HM-00687,R K ASSAYING & HALLMARKING CENTRE,Assaying & Hallmarking,,,,PROVIDES,services,services,Assaying & Hallmarking,,F038,bis_topic17_hallmarking_centres.csv,,574,1.00,
REL-HALLMA-0000574,HM-00688,ANB HALLMARKING CENTRE,Assaying & Hallmarking,,,,PROVIDES,services,services,Assaying & Hallmarking,,F038,bis_topic17_hallmarking_centres.csv,,575,1.00,
REL-HALLMA-0000575,HM-00689,BABA HALLMARKING CENTRE,Assaying & Hallmarking,,,,PROVIDES,services,services,Assaying & Hallmarking,,F038,bis_topic17_hallmarking_centres.csv,,576,1.00,
REL-HALLMA-0000576,HM-00690,MAA TARA HALLMARKING CENTER,Assaying & Hallmarking,,,,PROVIDES,services,services,Assaying & Hallmarking,,F038,bis_topic17_hallmarking_centres.csv,,577,1.00,
REL-HALLMA-0000577,HM-00691,MAA TARA HALLMARKING CENTER,Assaying & Hallmarking,,,,PROVIDES,services,services,Assaying & Hallmarking,,F038,bis_topic17_hallmarking_centres.csv,,578,1.00,
REL-HALLMA-0000578,HM-00692,GANESH HALLMARK CENTRE,Assaying & Hallmarking,,,,PROVIDES,services,services,Assaying & Hallmarking,,F038,bis_topic17_hallmarking_centres.csv,,579,1.00,
REL-HALLMA-0000579,HM-00693,N S ASSAYING AND HALLMARKING CENTRE,Assaying & Hallmarking,,,,PROVIDES,services,services,Assaying & Hallmarking,,F038,bis_topic17_hallmarking_centres.csv,,580,1.00,
REL-HALLMA-0000580,HM-00694,N S ASSAYING AND HALLMARKING CENTRE,Assaying & Hallmarking,,,,PROVIDES,services,services,Assaying & Hallmarking,,F038,bis_topic17_hallmarking_centres.csv,,581,1.00,
REL-HALLMA-0000581,HM-00695,KP GOLD HALLMARKING CENTRE,Assaying & Hallmarking,,,,PROVIDES,services,services,Assaying & Hallmarking,,F038,bis_topic17_hallmarking_centres.csv,,582,1.00,
REL-HALLMA-0000582,HM-00696,KP GOLD HALLMARKING CENTRE,Assaying & Hallmarking,,,,PROVIDES,services,services,Assaying & Hallmarking,,F038,bis_topic17_hallmarking_centres.csv,,583,1.00,
REL-HALLMA-0000583,HM-00697,BURIMA HALLMARKING CENTRE,Assaying & Hallmarking,,,,PROVIDES,services,services,Assaying & Hallmarking,,F038,bis_topic17_hallmarking_centres.csv,,584,1.00,
REL-HALLMA-0000584,HM-00698,BURIMA HALLMARKING CENTRE,Assaying & Hallmarking,,,,PROVIDES,services,services,Assaying & Hallmarking,,F038,bis_topic17_hallmarking_centres.csv,,585,1.00,
REL-HALLMA-0000585,HM-00699,ROYAL HALLMARKING CENTER,Assaying & Hallmarking,,,,PROVIDES,services,services,Assaying & Hallmarking,,F038,bis_topic17_hallmarking_centres.csv,,586,1.00,
REL-HALLMA-0000586,HM-00700,Bongaon Hallmarking And Refinery,Assaying & Hallmarking,,,,PROVIDES,services,services,Assaying & Hallmarking,,F038,bis_topic17_hallmarking_centres.csv,,587,1.00,
REL-HALLMA-0000587,HM-00701,SRI GANESH HALLMARKING CENTRE,Assaying & Hallmarking,,,,PROVIDES,services,services,Assaying & Hallmarking,,F038,bis_topic17_hallmarking_centres.csv,,588,1.00,
REL-HALLMA-0000588,HM-00702,M M ASSAYING AND HALLMARKING CENTRE,Assaying & Hallmarking,,,,PROVIDES,services,services,Assaying & Hallmarking,,F038,bis_topic17_hallmarking_centres.csv,,589,1.00,
REL-HALLMA-0000589,HM-00703,SHIVAJI HALLMARK CENTRE,Assaying & Hallmarking,,,,PROVIDES,services,services,Assaying & Hallmarking,,F038,bis_topic17_hallmarking_centres.csv,,590,1.00,
REL-HALLMA-0000590,HM-00704,SHIVAJI HALLMARK CENTRE,Assaying & Hallmarking,,,,PROVIDES,services,services,Assaying & Hallmarking,,F038,bis_topic17_hallmarking_centres.csv,,591,1.00,
REL-HALLMA-0000591,HM-00705,PANDIT ASSAYING & HALLMARKING CENTRE,Assaying & Hallmarking,,,,PROVIDES,services,services,Assaying & Hallmarking,,F038,bis_topic17_hallmarking_centres.csv,,592,1.00,
REL-HALLMA-0000592,HM-00706,DHAN LAKSHMI ASSAY CENTRE,Assaying & Hallmarking,,,,PROVIDES,services,services,Assaying & Hallmarking,,F038,bis_topic17_hallmarking_centres.csv,,593,1.00,
REL-HALLMA-0000593,HM-00707,SOM ASSAING CENTRE,Assaying & Hallmarking,,,,PROVIDES,services,services,Assaying & Hallmarking,,F038,bis_topic17_hallmarking_centres.csv,,594,1.00,
REL-HALLMA-0000594,HM-00708,KP ASSAYING & HALLMARKING CENTRE,Assaying & Hallmarking,,,,PROVIDES,services,services,Assaying & Hallmarking,,F038,bis_topic17_hallmarking_centres.csv,,595,1.00,
REL-HALLMA-0000595,HM-00709,KP ASSAYING & HALLMARKING CENTRE,Assaying & Hallmarking,,,,PROVIDES,services,services,Assaying & Hallmarking,,F038,bis_topic17_hallmarking_centres.csv,,596,1.00,
REL-HALLMA-0000596,HM-00710,Iscon Hall Marking Center,Assaying & Hallmarking,,,,PROVIDES,services,services,Assaying & Hallmarking,,F038,bis_topic17_hallmarking_centres.csv,,597,1.00,
REL-HALLMA-0000597,HM-00711,S M MAA BURIMA HALLMARKING CENTRE,Assaying & Hallmarking,,,,PROVIDES,services,services,Assaying & Hallmarking,,F038,bis_topic17_hallmarking_centres.csv,,598,1.00,
REL-HALLMA-0000598,HM-00712,S M MAA BURIMA HALLMARKING CENTRE,Assaying & Hallmarking,,,,PROVIDES,services,services,Assaying & Hallmarking,,F038,bis_topic17_hallmarking_centres.csv,,599,1.00,
REL-HALLMA-0000599,HM-00714,MAA DURGA HALL MARKING & ASSAY CENTER,Assaying & Hallmarking,,,,PROVIDES,services,services,Assaying & Hallmarking,,F038,bis_topic17_hallmarking_centres.csv,,600,1.00,
REL-HALLMA-0000600,HM-00715,SWASTIK HALLMARKING,Assaying & Hallmarking,,,,PROVIDES,services,services,Assaying & Hallmarking,,F038,bis_topic17_hallmarking_centres.csv,,601,1.00,
REL-HALLMA-0000601,HM-00716,SHREE KRISHNA HALLMARKING CENTRE,Assaying & Hallmarking,,,,PROVIDES,services,services,Assaying & Hallmarking,,F038,bis_topic17_hallmarking_centres.csv,,602,1.00,
REL-HALLMA-0000602,HM-00717,N & N HALLMARK,Assaying & Hallmarking,,,,PROVIDES,services,services,Assaying & Hallmarking,,F038,bis_topic17_hallmarking_centres.csv,,603,1.00,
REL-HALLMA-0000603,HM-00718,SHREE BALAJI ASSEYING AND HALLMARKING CENTER,Assaying & Hallmarking,,,,PROVIDES,services,services,Assaying & Hallmarking,,F038,bis_topic17_hallmarking_centres.csv,,604,1.00,
REL-HALLMA-0000604,HM-00719,KALYANI ASSAYING & HALLMARKING CENTRE,Assaying & Hallmarking,,,,PROVIDES,services,services,Assaying & Hallmarking,,F038,bis_topic17_hallmarking_centres.csv,,605,1.00,
REL-HALLMA-0000605,HM-00720,KALYANI ASSAYING & HALLMARKING CENTRE,Assaying & Hallmarking,,,,PROVIDES,services,services,Assaying & Hallmarking,,F038,bis_topic17_hallmarking_centres.csv,,606,1.00,
REL-HALLMA-0000606,HM-00721,DEB HALLMARKING CENTRE,Assaying & Hallmarking,,,,PROVIDES,services,services,Assaying & Hallmarking,,F038,bis_topic17_hallmarking_centres.csv,,607,1.00,
REL-HALLMA-0000607,HM-00722,KALYANI HALLMARKING CENTRE,Assaying & Hallmarking,,,,PROVIDES,services,services,Assaying & Hallmarking,,F038,bis_topic17_hallmarking_centres.csv,,608,1.00,
REL-HALLMA-0000608,HM-00723,RSLAXMI HALMARKING CENTRE,Assaying & Hallmarking,,,,PROVIDES,services,services,Assaying & Hallmarking,,F038,bis_topic17_hallmarking_centres.csv,,609,1.00,
REL-HALLMA-0000609,HM-00724,SENAPATI HALLMARKING CENTRE,Assaying & Hallmarking,,,,PROVIDES,services,services,Assaying & Hallmarking,,F038,bis_topic17_hallmarking_centres.csv,,610,1.00,
REL-HALLMA-0000610,HM-00725,MAA TARINI ASSAYING & HALLMARKING CENTRE,Assaying & Hallmarking,,,,PROVIDES,services,services,Assaying & Hallmarking,,F038,bis_topic17_hallmarking_centres.csv,,611,1.00,
REL-HALLMA-0000611,HM-00727,MAHAVIR HALLMARKING CENTRE,Assaying & Hallmarking,,,,PROVIDES,services,services,Assaying & Hallmarking,,F038,bis_topic17_hallmarking_centres.csv,,612,1.00,
REL-HALLMA-0000612,HM-00728,SAMPARK REFINERY AND HALLMARKING CENTRE,Assaying & Hallmarking,,,,PROVIDES,services,services,Assaying & Hallmarking,,F038,bis_topic17_hallmarking_centres.csv,,613,1.00,
REL-HALLMA-0000613,HM-00729,MANGAL MURTI ASSAYING AND HALLMARKING CENTRE,Assaying & Hallmarking,,,,PROVIDES,services,services,Assaying & Hallmarking,,F038,bis_topic17_hallmarking_centres.csv,,614,1.00,
REL-HALLMA-0000614,HM-00730,S A N HALLMARKING CENTRE,Assaying & Hallmarking,,,,PROVIDES,services,services,Assaying & Hallmarking,,F038,bis_topic17_hallmarking_centres.csv,,615,1.00,
REL-HALLMA-0000615,HM-00732,S K ASSIGNING HALLMARKING CENTRE,Assaying & Hallmarking,,,,PROVIDES,services,services,Assaying & Hallmarking,,F038,bis_topic17_hallmarking_centres.csv,,616,1.00,
REL-HALLMA-0000616,HM-00734,SREE GANESH HALLMARKING CENTER,Assaying & Hallmarking,,,,PROVIDES,services,services,Assaying & Hallmarking,,F038,bis_topic17_hallmarking_centres.csv,,617,1.00,
REL-HALLMA-0000617,HM-00735,GLOBAL HALLMARKING CENTRE,Assaying & Hallmarking,,,,PROVIDES,services,services,Assaying & Hallmarking,,F038,bis_topic17_hallmarking_centres.csv,,618,1.00,
REL-HALLMA-0000618,HM-00738,MADHU HALLMARKING CENTRE,Assaying & Hallmarking,,,,PROVIDES,services,services,Assaying & Hallmarking,,F038,bis_topic17_hallmarking_centres.csv,,619,1.00,
REL-HALLMA-0000619,HM-00739,THE SB HALLMARKING CENTRE,Assaying & Hallmarking,,,,PROVIDES,services,services,Assaying & Hallmarking,,F038,bis_topic17_hallmarking_centres.csv,,620,1.00,
REL-HALLMA-0000620,HM-00740,M M HALLMARKING CENTRE,Assaying & Hallmarking,,,,PROVIDES,services,services,Assaying & Hallmarking,,F038,bis_topic17_hallmarking_centres.csv,,621,1.00,
REL-HALLMA-0000621,HM-00741,DIPAK ASSAY CENTRE,Assaying & Hallmarking,,,,PROVIDES,services,services,Assaying & Hallmarking,,F038,bis_topic17_hallmarking_centres.csv,,622,1.00,
REL-HALLMA-0000622,HM-00742,S R ASSAYING & HALLMARKING CENTRE,Assaying & Hallmarking,,,,PROVIDES,services,services,Assaying & Hallmarking,,F038,bis_topic17_hallmarking_centres.csv,,623,1.00,
REL-HALLMA-0000623,HM-00743,MAA DURGA HALLMARK CENTER,Assaying & Hallmarking,,,,PROVIDES,services,services,Assaying & Hallmarking,,F038,bis_topic17_hallmarking_centres.csv,,624,1.00,
REL-HALLMA-0000624,HM-00744,MAULI HALLMARK CENTER,Assaying & Hallmarking,,,,PROVIDES,services,services,Assaying & Hallmarking,,F038,bis_topic17_hallmarking_centres.csv,,625,1.00,
REL-HALLMA-0000625,HM-00745,BIKANER HALLMARKING CENTER,Assaying & Hallmarking,,,,PROVIDES,services,services,Assaying & Hallmarking,,F038,bis_topic17_hallmarking_centres.csv,,626,1.00,
REL-HALLMA-0000626,HM-00746,MAA HALLMARKING CENTRE,Assaying & Hallmarking,,,,PROVIDES,services,services,Assaying & Hallmarking,,F038,bis_topic17_hallmarking_centres.csv,,627,1.00,
REL-HALLMA-0000627,HM-00747,BONGAIGAON HALLMARKING CENTRE,Assaying & Hallmarking,,,,PROVIDES,services,services,Assaying & Hallmarking,,F038,bis_topic17_hallmarking_centres.csv,,628,1.00,
REL-HALLMA-0000628,HM-00748,S K ASSAYING & HALLMARKING CENTRE,Assaying & Hallmarking,,,,PROVIDES,services,services,Assaying & Hallmarking,,F038,bis_topic17_hallmarking_centres.csv,,629,1.00,
REL-HALLMA-0000629,HM-00749,SHEROWALI ROYALS PRIVATE LIMITED,Assaying & Hallmarking,,,,PROVIDES,services,services,Assaying & Hallmarking,,F038,bis_topic17_hallmarking_centres.csv,,630,1.00,
REL-HALLMA-0000630,HM-00750,LAXMI HALMARKING AND GOLD TESTING CENTRE,Assaying & Hallmarking,,,,PROVIDES,services,services,Assaying & Hallmarking,,F038,bis_topic17_hallmarking_centres.csv,,631,1.00,
REL-HALLMA-0000631,HM-00752,G N HALLMARKINGS,Assaying & Hallmarking,,,,PROVIDES,services,services,Assaying & Hallmarking,,F038,bis_topic17_hallmarking_centres.csv,,632,1.00,
REL-HALLMA-0000632,HM-00753,MADINA HALL MARKING CENTRE,Assaying & Hallmarking,,,,PROVIDES,services,services,Assaying & Hallmarking,,F038,bis_topic17_hallmarking_centres.csv,,633,1.00,
REL-HALLMA-0000633,HM-00754,SRI RAM HALLMARKING AND ASSAYING CENTRE,Assaying & Hallmarking,,,,PROVIDES,services,services,Assaying & Hallmarking,,F038,bis_topic17_hallmarking_centres.csv,,634,1.00,
REL-HALLMA-0000634,HM-00755,DIAMOND STANDARD HALLMARKING CENTRE,Assaying & Hallmarking,,,,PROVIDES,services,services,Assaying & Hallmarking,,F038,bis_topic17_hallmarking_centres.csv,,635,1.00,
REL-HALLMA-0000635,HM-00756,SHRI BALA JE HALLMARKING & TUNCH CENTRE,Assaying & Hallmarking,,,,PROVIDES,services,services,Assaying & Hallmarking,,F038,bis_topic17_hallmarking_centres.csv,,636,1.00,
REL-HALLMA-0000636,HM-00757,RAJ NANDANI HALLMARKING CENTRE,Assaying & Hallmarking,,,,PROVIDES,services,services,Assaying & Hallmarking,,F038,bis_topic17_hallmarking_centres.csv,,637,1.00,
REL-HALLMA-0000637,HM-00758,R K HALLMARKING CENTRE,Assaying & Hallmarking,,,,PROVIDES,services,services,Assaying & Hallmarking,,F038,bis_topic17_hallmarking_centres.csv,,638,1.00,
REL-HALLMA-0000638,HM-00759,JAY SHREE KRISHNA HALLMARKING CENTER,Assaying & Hallmarking,,,,PROVIDES,services,services,Assaying & Hallmarking,,F038,bis_topic17_hallmarking_centres.csv,,639,1.00,
REL-HALLMA-0000639,HM-00760,H L HALLMARKING CENTER,Assaying & Hallmarking,,,,PROVIDES,services,services,Assaying & Hallmarking,,F038,bis_topic17_hallmarking_centres.csv,,640,1.00,
REL-HALLMA-0000640,HM-00761,GM HALLMARKING & ASSAYING CENTRE,Assaying & Hallmarking,,,,PROVIDES,services,services,Assaying & Hallmarking,,F038,bis_topic17_hallmarking_centres.csv,,641,1.00,
REL-HALLMA-0000641,HM-00762,MT HALLMARKING CENTRE,Assaying & Hallmarking,,,,PROVIDES,services,services,Assaying & Hallmarking,,F038,bis_topic17_hallmarking_centres.csv,,642,1.00,
REL-HALLMA-0000642,HM-00763,BALAJEE HALLMARKING CENTRE,Assaying & Hallmarking,,,,PROVIDES,services,services,Assaying & Hallmarking,,F038,bis_topic17_hallmarking_centres.csv,,643,1.00,
REL-HALLMA-0000643,HM-00765,SHREE VITTHAL HALLMARKING CENTRE,Assaying & Hallmarking,,,,PROVIDES,services,services,Assaying & Hallmarking,,F038,bis_topic17_hallmarking_centres.csv,,644,1.00,
REL-HALLMA-0000644,HM-00766,S P ASSAYING & HALLMARKING CENTRE,Assaying & Hallmarking,,,,PROVIDES,services,services,Assaying & Hallmarking,,F038,bis_topic17_hallmarking_centres.csv,,645,1.00,
REL-HALLMA-0000645,HM-00767,SHREE GANESH HALLMARKING CENTER,Assaying & Hallmarking,,,,PROVIDES,services,services,Assaying & Hallmarking,,F038,bis_topic17_hallmarking_centres.csv,,646,1.00,
REL-HALLMA-0000646,HM-00768,NITESH HALLMARKING CENTRE,Assaying & Hallmarking,,,,PROVIDES,services,services,Assaying & Hallmarking,,F038,bis_topic17_hallmarking_centres.csv,,647,1.00,
REL-HALLMA-0000647,HM-00769,SHRI TIRUPATI BALAJI HALLMARK CENTRE,Assaying & Hallmarking,,,,PROVIDES,services,services,Assaying & Hallmarking,,F038,bis_topic17_hallmarking_centres.csv,,648,1.00,
REL-HALLMA-0000648,HM-00771,S S R HALLMARKING CENTRE,Assaying & Hallmarking,,,,PROVIDES,services,services,Assaying & Hallmarking,,F038,bis_topic17_hallmarking_centres.csv,,649,1.00,
REL-HALLMA-0000649,HM-00772,SHREE VAISHNAVI ASSAYING & HALLMARKILNG CENTRE,Assaying & Hallmarking,,,,PROVIDES,services,services,Assaying & Hallmarking,,F038,bis_topic17_hallmarking_centres.csv,,650,1.00,
REL-HALLMA-0000650,HM-00773,GANPAT ASSAYING AND HALLMARKING CENTRE,Assaying & Hallmarking,,,,PROVIDES,services,services,Assaying & Hallmarking,,F038,bis_topic17_hallmarking_centres.csv,,651,1.00,
REL-HALLMA-0000651,HM-00774,T M HALL MARKING CENTRE,Assaying & Hallmarking,,,,PROVIDES,services,services,Assaying & Hallmarking,,F038,bis_topic17_hallmarking_centres.csv,,652,1.00,
REL-HALLMA-0000652,HM-00775,SUMAN HALLMARKING CENTER LLP,Assaying & Hallmarking,,,,PROVIDES,services,services,Assaying & Hallmarking,,F038,bis_topic17_hallmarking_centres.csv,,653,1.00,
REL-HALLMA-0000653,HM-00776,TRIMURTI ASSAYING AND HALLMARKING CENTER,Assaying & Hallmarking,,,,PROVIDES,services,services,Assaying & Hallmarking,,F038,bis_topic17_hallmarking_centres.csv,,654,1.00,
REL-HALLMA-0000654,HM-00777,SONA CHANDI HALLMARKING,Assaying & Hallmarking,,,,PROVIDES,services,services,Assaying & Hallmarking,,F038,bis_topic17_hallmarking_centres.csv,,655,1.00,
REL-HALLMA-0000655,HM-00778,MKB GOLD HALLMARK CENTRE,Assaying & Hallmarking,,,,PROVIDES,services,services,Assaying & Hallmarking,,F038,bis_topic17_hallmarking_centres.csv,,656,1.00,
REL-HALLMA-0000656,HM-00779,THE VAIBHAV HALLMARKING,Assaying & Hallmarking,,,,PROVIDES,services,services,Assaying & Hallmarking,,F038,bis_topic17_hallmarking_centres.csv,,657,1.00,
REL-HALLMA-0000657,HM-00780,S P ASSAYING & HALLMARKING CENTRE,Assaying & Hallmarking,,,,PROVIDES,services,services,Assaying & Hallmarking,,F038,bis_topic17_hallmarking_centres.csv,,658,1.00,
REL-HALLMA-0000658,HM-00782,SAGAR HALLMARKING,Assaying & Hallmarking,,,,PROVIDES,services,services,Assaying & Hallmarking,,F038,bis_topic17_hallmarking_centres.csv,,659,1.00,
REL-HALLMA-0000659,HM-00783,SAGAR HALLMARKING,Assaying & Hallmarking,,,,PROVIDES,services,services,Assaying & Hallmarking,,F038,bis_topic17_hallmarking_centres.csv,,660,1.00,
REL-HALLMA-0000660,HM-00784,SANSKAR HALLMARKING,Assaying & Hallmarking,,,,PROVIDES,services,services,Assaying & Hallmarking,,F038,bis_topic17_hallmarking_centres.csv,,661,1.00,
REL-HALLMA-0000661,HM-00786,MAA KAMAKHYA HALLMARKING CENTER,Assaying & Hallmarking,,,,PROVIDES,services,services,Assaying & Hallmarking,,F038,bis_topic17_hallmarking_centres.csv,,662,1.00,
REL-HALLMA-0000662,HM-00787,BALAJI TONCH AND HALLMARK CENTER,Assaying & Hallmarking,,,,PROVIDES,services,services,Assaying & Hallmarking,,F038,bis_topic17_hallmarking_centres.csv,,663,1.00,
REL-HALLMA-0000663,HM-00789,SRI RAM GOLD TESTING & HALLMARKING CENTER,Assaying & Hallmarking,,,,PROVIDES,services,services,Assaying & Hallmarking,,F038,bis_topic17_hallmarking_centres.csv,,664,1.00,
REL-HALLMA-0000664,HM-00790,SHRI GANESH ASSAYING & HALLMARKING CENTRE,Assaying & Hallmarking,,,,PROVIDES,services,services,Assaying & Hallmarking,,F038,bis_topic17_hallmarking_centres.csv,,665,1.00,
REL-HALLMA-0000665,HM-00791,M J HALL MARKING CENTRE,Assaying & Hallmarking,,,,PROVIDES,services,services,Assaying & Hallmarking,,F038,bis_topic17_hallmarking_centres.csv,,666,1.00,
REL-HALLMA-0000666,HM-00792,DN HALLMARKING,Assaying & Hallmarking,,,,PROVIDES,services,services,Assaying & Hallmarking,,F038,bis_topic17_hallmarking_centres.csv,,667,1.00,
REL-HALLMA-0000667,HM-00793,MAHADEV HALLMARKING CENTRE,Assaying & Hallmarking,,,,PROVIDES,services,services,Assaying & Hallmarking,,F038,bis_topic17_hallmarking_centres.csv,,668,1.00,
REL-HALLMA-0000668,HM-00794,D N HALLMARKING,Assaying & Hallmarking,,,,PROVIDES,services,services,Assaying & Hallmarking,,F038,bis_topic17_hallmarking_centres.csv,,669,1.00,
REL-HALLMA-0000669,HM-00795,SHIVKRUPA HALLMARKING CENTRE,Assaying & Hallmarking,,,,PROVIDES,services,services,Assaying & Hallmarking,,F038,bis_topic17_hallmarking_centres.csv,,670,1.00,
REL-HALLMA-0000670,HM-00796,STAR HALLMARKING CENTRE PURNIA,Assaying & Hallmarking,,,,PROVIDES,services,services,Assaying & Hallmarking,,F038,bis_topic17_hallmarking_centres.csv,,671,1.00,
REL-HALLMA-0000671,HM-00797,SUMAN HALLMARKING CENTER LLP,Assaying & Hallmarking,,,,PROVIDES,services,services,Assaying & Hallmarking,,F038,bis_topic17_hallmarking_centres.csv,,672,1.00,
REL-HALLMA-0000672,HM-00798,KANISHKA HALLMARKING CENTRE,Assaying & Hallmarking,,,,PROVIDES,services,services,Assaying & Hallmarking,,F038,bis_topic17_hallmarking_centres.csv,,673,1.00,
REL-HALLMA-0000673,HM-00799,SHREE KHATU JI ENTERPRISES,Assaying & Hallmarking,,,,PROVIDES,services,services,Assaying & Hallmarking,,F038,bis_topic17_hallmarking_centres.csv,,674,1.00,
REL-HALLMA-0000674,HM-00802,S K GARG TEST LAB AND HALLMARKING CENTRE,Assaying & Hallmarking,,,,PROVIDES,services,services,Assaying & Hallmarking,,F038,bis_topic17_hallmarking_centres.csv,,675,1.00,
REL-HALLMA-0000675,HM-00804,GAURAV HALLMARK & ASSAYING CENTRE,Assaying & Hallmarking,,,,PROVIDES,services,services,Assaying & Hallmarking,,F038,bis_topic17_hallmarking_centres.csv,,676,1.00,
REL-HALLMA-0000676,HM-00805,SHREE BALAJI HALLMARKING CENTRE,Assaying & Hallmarking,,,,PROVIDES,services,services,Assaying & Hallmarking,,F038,bis_topic17_hallmarking_centres.csv,,677,1.00,
REL-HALLMA-0000677,HM-00806,SHREE BALAJI HALLMARKING CENTRE,Assaying & Hallmarking,,,,PROVIDES,services,services,Assaying & Hallmarking,,F038,bis_topic17_hallmarking_centres.csv,,678,1.00,
REL-HALLMA-0000678,HM-00807,BOMBAY ASSAYING AND HALLMARKING CENTRE,Assaying & Hallmarking,,,,PROVIDES,services,services,Assaying & Hallmarking,,F038,bis_topic17_hallmarking_centres.csv,,679,1.00,
REL-HALLMA-0000679,HM-00810,FARIDABAD ASSAYING AND HALLMARKING CENTRE,Assaying & Hallmarking,,,,PROVIDES,services,services,Assaying & Hallmarking,,F038,bis_topic17_hallmarking_centres.csv,,680,1.00,
REL-HALLMA-0000680,HM-00811,SHREE KRISHNA HALLMARKING CENTRE,Assaying & Hallmarking,,,,PROVIDES,services,services,Assaying & Hallmarking,,F038,bis_topic17_hallmarking_centres.csv,,681,1.00,
REL-HALLMA-0000681,HM-00813,BALAJI HALLMARKING CENTER,Assaying & Hallmarking,,,,PROVIDES,services,services,Assaying & Hallmarking,,F038,bis_topic17_hallmarking_centres.csv,,682,1.00,
REL-HALLMA-0000682,HM-00814,Om Laxmi Hallmarking Center,Assaying & Hallmarking,,,,PROVIDES,services,services,Assaying & Hallmarking,,F038,bis_topic17_hallmarking_centres.csv,,683,1.00,
REL-HALLMA-0000683,HM-00815,Om Laxmi Hallmarking Center,Assaying & Hallmarking,,,,PROVIDES,services,services,Assaying & Hallmarking,,F038,bis_topic17_hallmarking_centres.csv,,684,1.00,
REL-HALLMA-0000684,HM-00816,Om Hallmark Centre,Assaying & Hallmarking,,,,PROVIDES,services,services,Assaying & Hallmarking,,F038,bis_topic17_hallmarking_centres.csv,,685,1.00,
REL-HALLMA-0000685,HM-00817,TUSHAR HALLMARK CENTER,Assaying & Hallmarking,,,,PROVIDES,services,services,Assaying & Hallmarking,,F038,bis_topic17_hallmarking_centres.csv,,686,1.00,
REL-HALLMA-0000686,HM-00818,TUSHAR HALLMARK CENTER,Assaying & Hallmarking,,,,PROVIDES,services,services,Assaying & Hallmarking,,F038,bis_topic17_hallmarking_centres.csv,,687,1.00,
REL-HALLMA-0000687,HM-00819,SUSHIL SONA CHANDI SHUDDHATA JAANCH KENDRA,Assaying & Hallmarking,,,,PROVIDES,services,services,Assaying & Hallmarking,,F038,bis_topic17_hallmarking_centres.csv,,688,1.00,
REL-HALLMA-0000688,HM-00820,SUSHIL SONA CHANDI SHUDDHATA JAANCH KENDRA,Assaying & Hallmarking,,,,PROVIDES,services,services,Assaying & Hallmarking,,F038,bis_topic17_hallmarking_centres.csv,,689,1.00,
REL-HALLMA-0000689,HM-00821,SHIDDHI VINAYAK HALLMARKING AND REFINERY,Assaying & Hallmarking,,,,PROVIDES,services,services,Assaying & Hallmarking,,F038,bis_topic17_hallmarking_centres.csv,,690,1.00,
REL-HALLMA-0000690,HM-00822,KRISHNA GOLD LAB,Assaying & Hallmarking,,,,PROVIDES,services,services,Assaying & Hallmarking,,F038,bis_topic17_hallmarking_centres.csv,,691,1.00,
REL-HALLMA-0000691,HM-00823,KRISHNA GOLD LAB,Assaying & Hallmarking,,,,PROVIDES,services,services,Assaying & Hallmarking,,F038,bis_topic17_hallmarking_centres.csv,,692,1.00,
REL-HALLMA-0000692,HM-00824,NEW SS HALLMARKING CENTRE,Assaying & Hallmarking,,,,PROVIDES,services,services,Assaying & Hallmarking,,F038,bis_topic17_hallmarking_centres.csv,,693,1.00,
REL-HALLMA-0000693,HM-00825,NEW SS HALLMARKING CENTRE,Assaying & Hallmarking,,,,PROVIDES,services,services,Assaying & Hallmarking,,F038,bis_topic17_hallmarking_centres.csv,,694,1.00,
REL-HALLMA-0000694,HM-00826,J S Hallmarking Center,Assaying & Hallmarking,,,,PROVIDES,services,services,Assaying & Hallmarking,,F038,bis_topic17_hallmarking_centres.csv,,695,1.00,
REL-HALLMA-0000695,HM-00827,PURAN CHAND RAM LALA TESTING LAB,Assaying & Hallmarking,,,,PROVIDES,services,services,Assaying & Hallmarking,,F038,bis_topic17_hallmarking_centres.csv,,696,1.00,
REL-HALLMA-0000696,HM-00828,A S HALLMARKING CENTER,Assaying & Hallmarking,,,,PROVIDES,services,services,Assaying & Hallmarking,,F038,bis_topic17_hallmarking_centres.csv,,697,1.00,
REL-HALLMA-0000697,HM-00830,Shree Jee Hallmark Center,Assaying & Hallmarking,,,,PROVIDES,services,services,Assaying & Hallmarking,,F038,bis_topic17_hallmarking_centres.csv,,698,1.00,
REL-HALLMA-0000698,HM-00831,AMOL ASSAYING AND HALLMARKING CENRE,Assaying & Hallmarking,,,,PROVIDES,services,services,Assaying & Hallmarking,,F038,bis_topic17_hallmarking_centres.csv,,699,1.00,
REL-HALLMA-0000699,HM-00832,RAJE HALLMARKING & REFINERY,Assaying & Hallmarking,,,,PROVIDES,services,services,Assaying & Hallmarking,,F038,bis_topic17_hallmarking_centres.csv,,700,1.00,
REL-HALLMA-0000700,HM-00834,RAM JI HALLMARK CENTRE,Assaying & Hallmarking,,,,PROVIDES,services,services,Assaying & Hallmarking,,F038,bis_topic17_hallmarking_centres.csv,,701,1.00,
REL-HALLMA-0000701,HM-00835,RAJE HALLMARKING & REFINERY,Assaying & Hallmarking,,,,PROVIDES,services,services,Assaying & Hallmarking,,F038,bis_topic17_hallmarking_centres.csv,,702,1.00,
REL-HALLMA-0000702,HM-00839,K J HALLMARK CENTRE,Assaying & Hallmarking,,,,PROVIDES,services,services,Assaying & Hallmarking,,F038,bis_topic17_hallmarking_centres.csv,,703,1.00,
REL-HALLMA-0000703,HM-00841,JAI MAHAVIR HALLMARKING CENTRE,Assaying & Hallmarking,,,,PROVIDES,services,services,Assaying & Hallmarking,,F038,bis_topic17_hallmarking_centres.csv,,704,1.00,
REL-HALLMA-0000704,HM-00842,RAJE HALLMARKING CENTER,Assaying & Hallmarking,,,,PROVIDES,services,services,Assaying & Hallmarking,,F038,bis_topic17_hallmarking_centres.csv,,705,1.00,
REL-HALLMA-0000705,HM-00845,BARNALA GOLD TESTING AND HALLMARK CENTER,Assaying & Hallmarking,,,,PROVIDES,services,services,Assaying & Hallmarking,,F038,bis_topic17_hallmarking_centres.csv,,706,1.00,
REL-HALLMA-0000706,HM-00846,R J HALLMARKING CENTRE,Assaying & Hallmarking,,,,PROVIDES,services,services,Assaying & Hallmarking,,F038,bis_topic17_hallmarking_centres.csv,,707,1.00,
REL-HALLMA-0000707,HM-00847,S G HALLMARKING CENTER,Assaying & Hallmarking,,,,PROVIDES,services,services,Assaying & Hallmarking,,F038,bis_topic17_hallmarking_centres.csv,,708,1.00,
REL-HALLMA-0000708,HM-00848,DC HALLMARK CENTRE,Assaying & Hallmarking,,,,PROVIDES,services,services,Assaying & Hallmarking,,F038,bis_topic17_hallmarking_centres.csv,,709,1.00,
REL-HALLMA-0000709,HM-00849,SHIV SHANKAR TESTING CENTRE,Assaying & Hallmarking,,,,PROVIDES,services,services,Assaying & Hallmarking,,F038,bis_topic17_hallmarking_centres.csv,,710,1.00,
REL-HALLMA-0000710,HM-00850,PK HALLMARK CENTER,Assaying & Hallmarking,,,,PROVIDES,services,services,Assaying & Hallmarking,,F038,bis_topic17_hallmarking_centres.csv,,711,1.00,
REL-HALLMA-0000711,HM-00851,A D HALLMARKING CENTRE,Assaying & Hallmarking,,,,PROVIDES,services,services,Assaying & Hallmarking,,F038,bis_topic17_hallmarking_centres.csv,,712,1.00,
REL-HALLMA-0000712,HM-00852,NN GOLD TESTING AND HALLMARKING CENTRE,Assaying & Hallmarking,,,,PROVIDES,services,services,Assaying & Hallmarking,,F038,bis_topic17_hallmarking_centres.csv,,713,1.00,
REL-HALLMA-0000713,HM-00856,BR Assaying & Hallmarking Centre,Assaying & Hallmarking,,,,PROVIDES,services,services,Assaying & Hallmarking,,F038,bis_topic17_hallmarking_centres.csv,,714,1.00,
REL-HALLMA-0000714,HM-00857,M D GOLD HALLMARK CENTRE,Assaying & Hallmarking,,,,PROVIDES,services,services,Assaying & Hallmarking,,F038,bis_topic17_hallmarking_centres.csv,,715,1.00,
REL-HALLMA-0000715,HM-00858,RAJE HALLMARKING CENTER,Assaying & Hallmarking,,,,PROVIDES,services,services,Assaying & Hallmarking,,F038,bis_topic17_hallmarking_centres.csv,,716,1.00,
REL-HALLMA-0000716,HM-00859,SK GOLD TESTING AND HALLMARKING CENTRE,Assaying & Hallmarking,,,,PROVIDES,services,services,Assaying & Hallmarking,,F038,bis_topic17_hallmarking_centres.csv,,717,1.00,
REL-HALLMA-0000717,HM-00860,SHRI VISHAVKARMA HALLMARKING CENTRE,Assaying & Hallmarking,,,,PROVIDES,services,services,Assaying & Hallmarking,,F038,bis_topic17_hallmarking_centres.csv,,718,1.00,
REL-HALLMA-0000718,HM-00861,NEW MAHI GOLD TESTING & HALLMARKING CENTRE,Assaying & Hallmarking,,,,PROVIDES,services,services,Assaying & Hallmarking,,F038,bis_topic17_hallmarking_centres.csv,,719,1.00,
REL-HALLMA-0000719,HM-00862,NEW PALAK HALLMARKING CENTER,Assaying & Hallmarking,,,,PROVIDES,services,services,Assaying & Hallmarking,,F038,bis_topic17_hallmarking_centres.csv,,720,1.00,
REL-HALLMA-0000720,HM-00863,SHRI R K HALLMARKING CENTRE,Assaying & Hallmarking,,,,PROVIDES,services,services,Assaying & Hallmarking,,F038,bis_topic17_hallmarking_centres.csv,,721,1.00,
REL-HALLMA-0000721,HM-00864,PAYAL HALLMARKING AND GOLD TESTING CENTER,Assaying & Hallmarking,,,,PROVIDES,services,services,Assaying & Hallmarking,,F038,bis_topic17_hallmarking_centres.csv,,722,1.00,
REL-HALLMA-0000722,HM-00867,SHRI MS HALLMARKING CENTRE,Assaying & Hallmarking,,,,PROVIDES,services,services,Assaying & Hallmarking,,F038,bis_topic17_hallmarking_centres.csv,,723,1.00,
REL-HALLMA-0000723,HM-00868,ALIZA HALLMARKING CENTRE,Assaying & Hallmarking,,,,PROVIDES,services,services,Assaying & Hallmarking,,F038,bis_topic17_hallmarking_centres.csv,,724,1.00,
REL-HALLMA-0000724,HM-00869,ALIZA HALLMARKING CENTRE,Assaying & Hallmarking,,,,PROVIDES,services,services,Assaying & Hallmarking,,F038,bis_topic17_hallmarking_centres.csv,,725,1.00,
REL-HALLMA-0000725,HM-00870,Abohar Hallmark Centre,Assaying & Hallmarking,,,,PROVIDES,services,services,Assaying & Hallmarking,,F038,bis_topic17_hallmarking_centres.csv,,726,1.00,
REL-HALLMA-0000726,HM-00871,TRIMURTI ASSAYING AND HALLMARKING CENTRE,Assaying & Hallmarking,,,,PROVIDES,services,services,Assaying & Hallmarking,,F038,bis_topic17_hallmarking_centres.csv,,727,1.00,
REL-HALLMA-0000727,HM-00873,LD GOLD LAB PVT LTD,Assaying & Hallmarking,,,,PROVIDES,services,services,Assaying & Hallmarking,,F038,bis_topic17_hallmarking_centres.csv,,728,1.00,
REL-HALLMA-0000728,HM-00874,SHREE HALLMARKING CENTRE,Assaying & Hallmarking,,,,PROVIDES,services,services,Assaying & Hallmarking,,F038,bis_topic17_hallmarking_centres.csv,,729,1.00,
REL-HALLMA-0000729,HM-00875,MA Testing & Hallmarking Centre,Assaying & Hallmarking,,,,PROVIDES,services,services,Assaying & Hallmarking,,F038,bis_topic17_hallmarking_centres.csv,,730,1.00,
REL-HALLMA-0000730,HM-00876,S R Hallmarking centre,Assaying & Hallmarking,,,,PROVIDES,services,services,Assaying & Hallmarking,,F038,bis_topic17_hallmarking_centres.csv,,731,1.00,
REL-HALLMA-0000731,HM-00877,Jammu Assaying and Hallmarking Centre,Assaying & Hallmarking,,,,PROVIDES,services,services,Assaying & Hallmarking,,F038,bis_topic17_hallmarking_centres.csv,,732,1.00,
REL-HALLMA-0000732,HM-00879,JS HALLMARK TESTING CENTRE,Assaying & Hallmarking,,,,PROVIDES,services,services,Assaying & Hallmarking,,F038,bis_topic17_hallmarking_centres.csv,,733,1.00,
REL-HALLMA-0000733,HM-00880,AV Assaying and Hallmarking Centre,Assaying & Hallmarking,,,,PROVIDES,services,services,Assaying & Hallmarking,,F038,bis_topic17_hallmarking_centres.csv,,734,1.00,
REL-HALLMA-0000734,HM-00882,Govind Hallmarking and Bullion Assayers,Assaying & Hallmarking,,,,PROVIDES,services,services,Assaying & Hallmarking,,F038,bis_topic17_hallmarking_centres.csv,,735,1.00,
REL-HALLMA-0000735,HM-00883,Govind Hallmarking and Bullion Assayers,Assaying & Hallmarking,,,,PROVIDES,services,services,Assaying & Hallmarking,,F038,bis_topic17_hallmarking_centres.csv,,736,1.00,
REL-HALLMA-0000736,HM-00884,OAM HALLMARKING CENTRE,Assaying & Hallmarking,,,,PROVIDES,services,services,Assaying & Hallmarking,,F038,bis_topic17_hallmarking_centres.csv,,737,1.00,
REL-HALLMA-0000737,HM-00885,LDPC HALLMARKING & GOLD TESTING CENTRE,Assaying & Hallmarking,,,,PROVIDES,services,services,Assaying & Hallmarking,,F038,bis_topic17_hallmarking_centres.csv,,738,1.00,
REL-HALLMA-0000738,HM-00886,Prem Gold Testing & Hallmarking Centre,Assaying & Hallmarking,,,,PROVIDES,services,services,Assaying & Hallmarking,,F038,bis_topic17_hallmarking_centres.csv,,739,1.00,
REL-HALLMA-0000739,HM-00888,HG TESTING AND HALLMARKING CENTRE,Assaying & Hallmarking,,,,PROVIDES,services,services,Assaying & Hallmarking,,F038,bis_topic17_hallmarking_centres.csv,,740,1.00,
REL-HALLMA-0000740,HM-00890,paras testing and hallmarking centre,Assaying & Hallmarking,,,,PROVIDES,services,services,Assaying & Hallmarking,,F038,bis_topic17_hallmarking_centres.csv,,741,1.00,
REL-HALLMA-0000741,HM-00891,AYUSH HALLMARKING CENTRE,Assaying & Hallmarking,,,,PROVIDES,services,services,Assaying & Hallmarking,,F038,bis_topic17_hallmarking_centres.csv,,742,1.00,
REL-HALLMA-0000742,HM-00892,Bareilly Assay and Hallmarking Centre,Assaying & Hallmarking,,,,PROVIDES,services,services,Assaying & Hallmarking,,F038,bis_topic17_hallmarking_centres.csv,,743,1.00,
REL-HALLMA-0000743,HM-00893,LACHHMANDASSANDSONS,Assaying & Hallmarking,,,,PROVIDES,services,services,Assaying & Hallmarking,,F038,bis_topic17_hallmarking_centres.csv,,744,1.00,
REL-HALLMA-0000744,HM-00894,R V gold testing & hallmarking center,Assaying & Hallmarking,,,,PROVIDES,services,services,Assaying & Hallmarking,,F038,bis_topic17_hallmarking_centres.csv,,745,1.00,
REL-HALLMA-0000745,HM-00895,PRITAM SINGH GOLD TESTING LAB & HALLMARKING CENTRE,Assaying & Hallmarking,,,,PROVIDES,services,services,Assaying & Hallmarking,,F038,bis_topic17_hallmarking_centres.csv,,746,1.00,
REL-HALLMA-0000746,HM-00896,ALLAHABAD HALLMARKING CENTRE,Assaying & Hallmarking,,,,PROVIDES,services,services,Assaying & Hallmarking,,F038,bis_topic17_hallmarking_centres.csv,,747,1.00,
REL-HALLMA-0000747,HM-00897,A&G ASSAYING & HALLMARKING CENTRE,Assaying & Hallmarking,,,,PROVIDES,services,services,Assaying & Hallmarking,,F038,bis_topic17_hallmarking_centres.csv,,748,1.00,
REL-HALLMA-0000748,HM-00899,LD GOLD,Assaying & Hallmarking,,,,PROVIDES,services,services,Assaying & Hallmarking,,F038,bis_topic17_hallmarking_centres.csv,,749,1.00,
REL-HALLMA-0000749,HM-00900,BG Assaying & Hallmarking Centre,Assaying & Hallmarking,,,,PROVIDES,services,services,Assaying & Hallmarking,,F038,bis_topic17_hallmarking_centres.csv,,750,1.00,
REL-HALLMA-0000750,HM-00902,NAKODA HALLMARKING CENTRE,Assaying & Hallmarking,,,,PROVIDES,services,services,Assaying & Hallmarking,,F038,bis_topic17_hallmarking_centres.csv,,751,1.00,
REL-HALLMA-0000751,HM-00903,NAKODA HALLMARKING CENTRE,Assaying & Hallmarking,,,,PROVIDES,services,services,Assaying & Hallmarking,,F038,bis_topic17_hallmarking_centres.csv,,752,1.00,
REL-HALLMA-0000752,HM-00905,P S HALLMARK,Assaying & Hallmarking,,,,PROVIDES,services,services,Assaying & Hallmarking,,F038,bis_topic17_hallmarking_centres.csv,,753,1.00,
REL-HALLMA-0000753,HM-00906,HR Bullion Assaying & Hallmarking Centre,Assaying & Hallmarking,,,,PROVIDES,services,services,Assaying & Hallmarking,,F038,bis_topic17_hallmarking_centres.csv,,754,1.00,
REL-HALLMA-0000754,HM-00908,YASH HALLMARKING CENTRE LLP,Assaying & Hallmarking,,,,PROVIDES,services,services,Assaying & Hallmarking,,F038,bis_topic17_hallmarking_centres.csv,,755,1.00,
REL-HALLMA-0000755,HM-00909,KANHA HALLMARKING CENTRE,Assaying & Hallmarking,,,,PROVIDES,services,services,Assaying & Hallmarking,,F038,bis_topic17_hallmarking_centres.csv,,756,1.00,
REL-HALLMA-0000756,HM-00911,OM DIAMOND & GEMS LABORATORY,Assaying & Hallmarking,,,,PROVIDES,services,services,Assaying & Hallmarking,,F038,bis_topic17_hallmarking_centres.csv,,757,1.00,
REL-HALLMA-0000757,HM-00916,SHREE GANPATI TESTING & HALLMARKING CENTRE,Assaying & Hallmarking,,,,PROVIDES,services,services,Assaying & Hallmarking,,F038,bis_topic17_hallmarking_centres.csv,,758,1.00,
REL-HALLMA-0000758,HM-00917,TANISHI HALLMARKING CENTRE,Assaying & Hallmarking,,,,PROVIDES,services,services,Assaying & Hallmarking,,F038,bis_topic17_hallmarking_centres.csv,,759,1.00,
REL-HALLMA-0000759,HM-00918,MARATHA HALLMARKING CENTER,Assaying & Hallmarking,,,,PROVIDES,services,services,Assaying & Hallmarking,,F038,bis_topic17_hallmarking_centres.csv,,760,1.00,
REL-HALLMA-0000760,HM-00920,T J ASSAYING AND HALLMARKING CENTRE,Assaying & Hallmarking,,,,PROVIDES,services,services,Assaying & Hallmarking,,F038,bis_topic17_hallmarking_centres.csv,,761,1.00,
REL-HALLMA-0000761,HM-00921,T J ASSAYING AND HALLMARKING CENTRE,Assaying & Hallmarking,,,,PROVIDES,services,services,Assaying & Hallmarking,,F038,bis_topic17_hallmarking_centres.csv,,762,1.00,
REL-HALLMA-0000762,HM-00923,ANANDIMA HALLMARKING CENTRE PRIVATE LIMITED,Assaying & Hallmarking,,,,PROVIDES,services,services,Assaying & Hallmarking,,F038,bis_topic17_hallmarking_centres.csv,,763,1.00,
REL-HALLMA-0000763,HM-00924,THE KUNDANS HALLMARK CENTRE,Assaying & Hallmarking,,,,PROVIDES,services,services,Assaying & Hallmarking,,F038,bis_topic17_hallmarking_centres.csv,,764,1.00,
REL-HALLMA-0000764,HM-00927,Shree Assaying & Hallmarking Centre,Assaying & Hallmarking,,,,PROVIDES,services,services,Assaying & Hallmarking,,F038,bis_topic17_hallmarking_centres.csv,,765,1.00,
REL-HALLMA-0000765,HM-00928,Aashiwad Hallmarking Center,Assaying & Hallmarking,,,,PROVIDES,services,services,Assaying & Hallmarking,,F038,bis_topic17_hallmarking_centres.csv,,766,1.00,
REL-HALLMA-0000766,HM-00929,G D HALLMARKING CENTRE,Assaying & Hallmarking,,,,PROVIDES,services,services,Assaying & Hallmarking,,F038,bis_topic17_hallmarking_centres.csv,,767,1.00,
REL-HALLMA-0000767,HM-00931,Khushal Enterprises,Assaying & Hallmarking,,,,PROVIDES,services,services,Assaying & Hallmarking,,F038,bis_topic17_hallmarking_centres.csv,,768,1.00,
REL-HALLMA-0000768,HM-00932,City Assaying and Hallmarking Centre,Assaying & Hallmarking,,,,PROVIDES,services,services,Assaying & Hallmarking,,F038,bis_topic17_hallmarking_centres.csv,,769,1.00,
REL-HALLMA-0000769,HM-00934,BALAJI MANOJ HALLMARK,Assaying & Hallmarking,,,,PROVIDES,services,services,Assaying & Hallmarking,,F038,bis_topic17_hallmarking_centres.csv,,770,1.00,
REL-HALLMA-0000770,HM-00935,SHRI BANKEY BIHARI HALLMARK CENTRE,Assaying & Hallmarking,,,,PROVIDES,services,services,Assaying & Hallmarking,,F038,bis_topic17_hallmarking_centres.csv,,771,1.00,
REL-HALLMA-0000771,HM-00936,PALAK GOLD COMPUTERIZED TEST LAB,Assaying & Hallmarking,,,,PROVIDES,services,services,Assaying & Hallmarking,,F038,bis_topic17_hallmarking_centres.csv,,772,1.00,
REL-HALLMA-0000772,HM-00937,saiyamgoldlab,Assaying & Hallmarking,,,,PROVIDES,services,services,Assaying & Hallmarking,,F038,bis_topic17_hallmarking_centres.csv,,773,1.00,
REL-HALLMA-0000773,HM-00938,TIRUPATI ASSAYING & HALLMARKING CENTER,Assaying & Hallmarking,,,,PROVIDES,services,services,Assaying & Hallmarking,,F038,bis_topic17_hallmarking_centres.csv,,774,1.00,
REL-HALLMA-0000774,HM-00939,A ONE GOLD HALLMARKING CENTRE,Assaying & Hallmarking,,,,PROVIDES,services,services,Assaying & Hallmarking,,F038,bis_topic17_hallmarking_centres.csv,,775,1.00,
REL-HALLMA-0000775,HM-00943,RAJARAM GOLD TESTING CENTER,Assaying & Hallmarking,,,,PROVIDES,services,services,Assaying & Hallmarking,,F038,bis_topic17_hallmarking_centres.csv,,776,1.00,
REL-HALLMA-0000776,HM-00944,MS GOLD LAB,Assaying & Hallmarking,,,,PROVIDES,services,services,Assaying & Hallmarking,,F038,bis_topic17_hallmarking_centres.csv,,777,1.00,
REL-HALLMA-0000777,HM-00947,DRB ASSAYING AND HALLMARKING LAB,Assaying & Hallmarking,,,,PROVIDES,services,services,Assaying & Hallmarking,,F038,bis_topic17_hallmarking_centres.csv,,778,1.00,
REL-HALLMA-0000778,HM-00948,JMK ENTERPRISES,Assaying & Hallmarking,,,,PROVIDES,services,services,Assaying & Hallmarking,,F038,bis_topic17_hallmarking_centres.csv,,779,1.00,
REL-HALLMA-0000779,HM-00949,MAA BAJRESHWARI GOLD COMPUTER TEST LAB,Assaying & Hallmarking,,,,PROVIDES,services,services,Assaying & Hallmarking,,F038,bis_topic17_hallmarking_centres.csv,,780,1.00,
REL-HALLMA-0000780,HM-00950,HS HALLMARKINGCENTRE,Assaying & Hallmarking,,,,PROVIDES,services,services,Assaying & Hallmarking,,F038,bis_topic17_hallmarking_centres.csv,,781,1.00,
REL-HALLMA-0000781,HM-00953,Shree Balaji Hallmark Centre,Assaying & Hallmarking,,,,PROVIDES,services,services,Assaying & Hallmarking,,F038,bis_topic17_hallmarking_centres.csv,,782,1.00,
REL-HALLMA-0000782,HM-00955,KASHMIR HALLMARKING CENTRE,Assaying & Hallmarking,,,,PROVIDES,services,services,Assaying & Hallmarking,,F038,bis_topic17_hallmarking_centres.csv,,783,1.00,
REL-HALLMA-0000783,HM-00956,POOJA HALLMARKING CENTRE,Assaying & Hallmarking,,,,PROVIDES,services,services,Assaying & Hallmarking,,F038,bis_topic17_hallmarking_centres.csv,,784,1.00,
REL-HALLMA-0000784,HM-00957,Luxmi Narayan Hallmark,Assaying & Hallmarking,,,,PROVIDES,services,services,Assaying & Hallmarking,,F038,bis_topic17_hallmarking_centres.csv,,785,1.00,
REL-HALLMA-0000785,HM-00959,A B Hallmarking Centre,Assaying & Hallmarking,,,,PROVIDES,services,services,Assaying & Hallmarking,,F038,bis_topic17_hallmarking_centres.csv,,786,1.00,
REL-HALLMA-0000786,HM-00960,R S HALLMARKING AND ASSAYING CENTER,Assaying & Hallmarking,,,,PROVIDES,services,services,Assaying & Hallmarking,,F038,bis_topic17_hallmarking_centres.csv,,787,1.00,
REL-HALLMA-0000787,HM-00961,SUDESH HALLMARKING CENTRE,Assaying & Hallmarking,,,,PROVIDES,services,services,Assaying & Hallmarking,,F038,bis_topic17_hallmarking_centres.csv,,788,1.00,
REL-HALLMA-0000788,HM-00963,CHANDIGARH HALLMARKING CENTRE,Assaying & Hallmarking,,,,PROVIDES,services,services,Assaying & Hallmarking,,F038,bis_topic17_hallmarking_centres.csv,,789,1.00,
REL-HALLMA-0000789,HM-00966,RENUKA HALLMARKING AND ASSAYING CENTER,Assaying & Hallmarking,,,,PROVIDES,services,services,Assaying & Hallmarking,,F038,bis_topic17_hallmarking_centres.csv,,790,1.00,
REL-HALLMA-0000790,HM-00970,SHREE RADHE HALLMARK CENTRE,Assaying & Hallmarking,,,,PROVIDES,services,services,Assaying & Hallmarking,,F038,bis_topic17_hallmarking_centres.csv,,791,1.00,
REL-HALLMA-0000791,HM-00971,SHREE RADHE HALLMARK CENTRE,Assaying & Hallmarking,,,,PROVIDES,services,services,Assaying & Hallmarking,,F038,bis_topic17_hallmarking_centres.csv,,792,1.00,
REL-HALLMA-0000792,HM-00972,Sahil Hallmarking & Assaying Centre,Assaying & Hallmarking,,,,PROVIDES,services,services,Assaying & Hallmarking,,F038,bis_topic17_hallmarking_centres.csv,,793,1.00,
REL-HALLMA-0000793,HM-00973,Balaji Kuber LLP,Assaying & Hallmarking,,,,PROVIDES,services,services,Assaying & Hallmarking,,F038,bis_topic17_hallmarking_centres.csv,,794,1.00,
REL-HALLMA-0000794,HM-00976,MAYRA HALLMARKING CENTER,Assaying & Hallmarking,,,,PROVIDES,services,services,Assaying & Hallmarking,,F038,bis_topic17_hallmarking_centres.csv,,795,1.00,
REL-HALLMA-0000795,HM-00977,SHREE HALLMARK CENTER,Assaying & Hallmarking,,,,PROVIDES,services,services,Assaying & Hallmarking,,F038,bis_topic17_hallmarking_centres.csv,,796,1.00,
REL-HALLMA-0000796,HM-00979,Makkar Assaying and Hallmark centre,Assaying & Hallmarking,,,,PROVIDES,services,services,Assaying & Hallmarking,,F038,bis_topic17_hallmarking_centres.csv,,797,1.00,
REL-HALLMA-0000797,HM-00980,SRINAGAR HALLMARKING CENTRE,Assaying & Hallmarking,,,,PROVIDES,services,services,Assaying & Hallmarking,,F038,bis_topic17_hallmarking_centres.csv,,798,1.00,
REL-HALLMA-0000798,HM-00981,AHMAD MUHARKAN HALLMARKING CENTRE,Assaying & Hallmarking,,,,PROVIDES,services,services,Assaying & Hallmarking,,F038,bis_topic17_hallmarking_centres.csv,,799,1.00,
REL-HALLMA-0000799,HM-00983,AS ASSAYING & HALLMARK CENTRE,Assaying & Hallmarking,,,,PROVIDES,services,services,Assaying & Hallmarking,,F038,bis_topic17_hallmarking_centres.csv,,800,1.00,
REL-HALLMA-0000800,HM-00984,SHRI MAHALAXMI HALLMARK,Assaying & Hallmarking,,,,PROVIDES,services,services,Assaying & Hallmarking,,F038,bis_topic17_hallmarking_centres.csv,,801,1.00,
REL-HALLMA-0000801,HM-00985,Shiv Shakti Hallmark Centre,Assaying & Hallmarking,,,,PROVIDES,services,services,Assaying & Hallmarking,,F038,bis_topic17_hallmarking_centres.csv,,802,1.00,
REL-HALLMA-0000802,HM-00986,MAA DHARI ASSAYING AND HALLMARKING CENTRE,Assaying & Hallmarking,,,,PROVIDES,services,services,Assaying & Hallmarking,,F038,bis_topic17_hallmarking_centres.csv,,803,1.00,
REL-HALLMA-0000803,HM-00987,RD ASSAYING & HALLMARKING CENTRE,Assaying & Hallmarking,,,,PROVIDES,services,services,Assaying & Hallmarking,,F038,bis_topic17_hallmarking_centres.csv,,804,1.00,
REL-HALLMA-0000804,HM-00988,MAHADEV HALLMARKING CENTER,Assaying & Hallmarking,,,,PROVIDES,services,services,Assaying & Hallmarking,,F038,bis_topic17_hallmarking_centres.csv,,805,1.00,
REL-HALLMA-0000805,HM-00989,P K ASSAYING & HALLMARKING CENTRE,Assaying & Hallmarking,,,,PROVIDES,services,services,Assaying & Hallmarking,,F038,bis_topic17_hallmarking_centres.csv,,806,1.00,
REL-HALLMA-0000806,HM-00990,P K ASSAYING & HALLMARKING CENTRE,Assaying & Hallmarking,,,,PROVIDES,services,services,Assaying & Hallmarking,,F038,bis_topic17_hallmarking_centres.csv,,807,1.00,
REL-HALLMA-0000807,HM-00991,SHRI MAHAKAL ASSAYING AND HALLMARKING,Assaying & Hallmarking,,,,PROVIDES,services,services,Assaying & Hallmarking,,F038,bis_topic17_hallmarking_centres.csv,,808,1.00,
REL-HALLMA-0000808,HM-00992,S S HALLMARKING CENTRE,Assaying & Hallmarking,,,,PROVIDES,services,services,Assaying & Hallmarking,,F038,bis_topic17_hallmarking_centres.csv,,809,1.00,
REL-HALLMA-0000809,HM-00993,MAHADEV HALLMARK CENTRE,Assaying & Hallmarking,,,,PROVIDES,services,services,Assaying & Hallmarking,,F038,bis_topic17_hallmarking_centres.csv,,810,1.00,
REL-HALLMA-0000810,HM-00994,ANUGRAH GOLD ASSAY & HALLMARKING CENTER PRIVATE LIMITED,Assaying & Hallmarking,,,,PROVIDES,services,services,Assaying & Hallmarking,,F038,bis_topic17_hallmarking_centres.csv,,811,1.00,
REL-HALLMA-0000811,HM-00995,DEV BHOOMI HALLMARKING CENTRE,Assaying & Hallmarking,,,,PROVIDES,services,services,Assaying & Hallmarking,,F038,bis_topic17_hallmarking_centres.csv,,812,1.00,
REL-HALLMA-0000812,HM-00996,G M HALLMARK CENTER,Assaying & Hallmarking,,,,PROVIDES,services,services,Assaying & Hallmarking,,F038,bis_topic17_hallmarking_centres.csv,,813,1.00,
REL-HALLMA-0000813,HM-00997,UTTARAKHAND HALLMARKING CENTRE,Assaying & Hallmarking,,,,PROVIDES,services,services,Assaying & Hallmarking,,F038,bis_topic17_hallmarking_centres.csv,,814,1.00,
REL-HALLMA-0000814,HM-00999,SES ANALYTICALS PRIVATE LIMITED,Assaying & Hallmarking,,,,PROVIDES,services,services,Assaying & Hallmarking,,F038,bis_topic17_hallmarking_centres.csv,,815,1.00,
REL-HALLMA-0000815,HM-01000,Krishana Hallmark Center,Assaying & Hallmarking,,,,PROVIDES,services,services,Assaying & Hallmarking,,F038,bis_topic17_hallmarking_centres.csv,,816,1.00,
REL-HALLMA-0000816,HM-01001,GOLD GURU TESTING & HALLMARKING CENTRE,Assaying & Hallmarking,,,,PROVIDES,services,services,Assaying & Hallmarking,,F038,bis_topic17_hallmarking_centres.csv,,817,1.00,
REL-HALLMA-0000817,HM-01002,SIDDHNATH HALLMARKING CENTRE,Assaying & Hallmarking,,,,PROVIDES,services,services,Assaying & Hallmarking,,F038,bis_topic17_hallmarking_centres.csv,,818,1.00,
REL-HALLMA-0000818,HM-01005,LAXMINARAYAN HALLMARKING CENTRE,Assaying & Hallmarking,,,,PROVIDES,services,services,Assaying & Hallmarking,,F038,bis_topic17_hallmarking_centres.csv,,819,1.00,
REL-HALLMA-0000819,HM-01006,SANJEEV HALLMARKING CENTRE,Assaying & Hallmarking,,,,PROVIDES,services,services,Assaying & Hallmarking,,F038,bis_topic17_hallmarking_centres.csv,,820,1.00,
REL-HALLMA-0000820,HM-01007,SS HALLMARK CENTRE,Assaying & Hallmarking,,,,PROVIDES,services,services,Assaying & Hallmarking,,F038,bis_topic17_hallmarking_centres.csv,,821,1.00,
REL-HALLMA-0000821,HM-01008,NEW GBR HALLMARKING CENTER,Assaying & Hallmarking,,,,PROVIDES,services,services,Assaying & Hallmarking,,F038,bis_topic17_hallmarking_centres.csv,,822,1.00,
REL-HALLMA-0000822,HM-01009,QUALITY ASSAY & HALLMARKING CENTRE PRIVATE LIMITED,Assaying & Hallmarking,,,,PROVIDES,services,services,Assaying & Hallmarking,,F038,bis_topic17_hallmarking_centres.csv,,823,1.00,
REL-HALLMA-0000823,HM-01011,SRI SURYA HALLMARK CENTRE,Assaying & Hallmarking,,,,PROVIDES,services,services,Assaying & Hallmarking,,F038,bis_topic17_hallmarking_centres.csv,,824,1.00,
REL-HALLMA-0000824,HM-01013,ARCHANA GOLD TESTING,Assaying & Hallmarking,,,,PROVIDES,services,services,Assaying & Hallmarking,,F038,bis_topic17_hallmarking_centres.csv,,825,1.00,
REL-HALLMA-0000825,HM-01014,SURYA HALLMARKING CENTRE,Assaying & Hallmarking,,,,PROVIDES,services,services,Assaying & Hallmarking,,F038,bis_topic17_hallmarking_centres.csv,,826,1.00,
REL-HALLMA-0000826,HM-01015,NEW CENTURY HALLMARKING CENTRE,Assaying & Hallmarking,,,,PROVIDES,services,services,Assaying & Hallmarking,,F038,bis_topic17_hallmarking_centres.csv,,827,1.00,
REL-HALLMA-0000827,HM-01017,TSS Hallmarking & Refinery,Assaying & Hallmarking,,,,PROVIDES,services,services,Assaying & Hallmarking,,F038,bis_topic17_hallmarking_centres.csv,,828,1.00,
REL-HALLMA-0000828,HM-01018,KHARAA SONA ASSAYING AND HALLMARKING CENTRE,Assaying & Hallmarking,,,,PROVIDES,services,services,Assaying & Hallmarking,,F038,bis_topic17_hallmarking_centres.csv,,829,1.00,
REL-HALLMA-0000829,HM-01019,Sri Krishna Rukmini Hall Mark Centre,Assaying & Hallmarking,,,,PROVIDES,services,services,Assaying & Hallmarking,,F038,bis_topic17_hallmarking_centres.csv,,830,1.00,
REL-HALLMA-0000830,HM-01020,MAHESHWARI HALL MARKING CENTRE,Assaying & Hallmarking,,,,PROVIDES,services,services,Assaying & Hallmarking,,F038,bis_topic17_hallmarking_centres.csv,,831,1.00,
REL-HALLMA-0000831,HM-01021,MAHESHWARI HALL MARKING CENTRE,Assaying & Hallmarking,,,,PROVIDES,services,services,Assaying & Hallmarking,,F038,bis_topic17_hallmarking_centres.csv,,832,1.00,
REL-HALLMA-0000832,HM-01022,Om Sai Sree Hallmarking and Assaying center,Assaying & Hallmarking,,,,PROVIDES,services,services,Assaying & Hallmarking,,F038,bis_topic17_hallmarking_centres.csv,,833,1.00,
REL-HALLMA-0000833,HM-01023,DWARAKAMAI HALLMARK CENTER,Assaying & Hallmarking,,,,PROVIDES,services,services,Assaying & Hallmarking,,F038,bis_topic17_hallmarking_centres.csv,,834,1.00,
REL-HALLMA-0000834,HM-01024,RENUKA ASSAYING AND HALLMARKING CENTRE,Assaying & Hallmarking,,,,PROVIDES,services,services,Assaying & Hallmarking,,F038,bis_topic17_hallmarking_centres.csv,,835,1.00,
REL-HALLMA-0000835,HM-01025,SECUNDERABAD HALLMARKINGS,Assaying & Hallmarking,,,,PROVIDES,services,services,Assaying & Hallmarking,,F038,bis_topic17_hallmarking_centres.csv,,836,1.00,
REL-HALLMA-0000836,HM-01026,HHYDERABAD HALLMARKING AND ASSAYING CENTRE,Assaying & Hallmarking,,,,PROVIDES,services,services,Assaying & Hallmarking,,F038,bis_topic17_hallmarking_centres.csv,,837,1.00,
REL-HALLMA-0000837,HM-01028,ANAND GOLD & SILVER HALLMARK CENTRE,Assaying & Hallmarking,,,,PROVIDES,services,services,Assaying & Hallmarking,,F038,bis_topic17_hallmarking_centres.csv,,838,1.00,
REL-HALLMA-0000838,HM-01029,SS HALLMARK CENTRE,Assaying & Hallmarking,,,,PROVIDES,services,services,Assaying & Hallmarking,,F038,bis_topic17_hallmarking_centres.csv,,839,1.00,
REL-HALLMA-0000839,HM-01030,MATOSHREE HALLMARKING CENTRE,Assaying & Hallmarking,,,,PROVIDES,services,services,Assaying & Hallmarking,,F038,bis_topic17_hallmarking_centres.csv,,840,1.00,
REL-HALLMA-0000840,HM-01031,SREE CENTURYY HALLMARKING CENTRE,Assaying & Hallmarking,,,,PROVIDES,services,services,Assaying & Hallmarking,,F038,bis_topic17_hallmarking_centres.csv,,841,1.00,
REL-HALLMA-0000841,HM-01033,Ameerpet Assaying & Hallmarking Centre,Assaying & Hallmarking,,,,PROVIDES,services,services,Assaying & Hallmarking,,F038,bis_topic17_hallmarking_centres.csv,,842,1.00,
REL-HALLMA-0000842,HM-01034,NAKODA HALLMARKING CENTER,Assaying & Hallmarking,,,,PROVIDES,services,services,Assaying & Hallmarking,,F038,bis_topic17_hallmarking_centres.csv,,843,1.00,
REL-HALLMA-0000843,HM-01035,GAYATHRI ASSAYING & HALLMARKING CENTER,Assaying & Hallmarking,,,,PROVIDES,services,services,Assaying & Hallmarking,,F038,bis_topic17_hallmarking_centres.csv,,844,1.00,
REL-HALLMA-0000844,HM-01037,NAVNEET HALLMARKING & REFINERY PRIVATE LIMITED,Assaying & Hallmarking,,,,PROVIDES,services,services,Assaying & Hallmarking,,F038,bis_topic17_hallmarking_centres.csv,,845,1.00,
REL-HALLMA-0000845,HM-01038,ADITYA HALLMARKING CENTER,Assaying & Hallmarking,,,,PROVIDES,services,services,Assaying & Hallmarking,,F038,bis_topic17_hallmarking_centres.csv,,846,1.00,
REL-HALLMA-0000846,HM-01042,V R K Hallmark Center,Assaying & Hallmarking,,,,PROVIDES,services,services,Assaying & Hallmarking,,F038,bis_topic17_hallmarking_centres.csv,,847,1.00,
REL-HALLMA-0000847,HM-01044,BHAARATH HALLMARK CENTRE,Assaying & Hallmarking,,,,PROVIDES,services,services,Assaying & Hallmarking,,F038,bis_topic17_hallmarking_centres.csv,,848,1.00,
REL-HALLMA-0000848,HM-01046,ANANTHA HALLMARK CENTRE,Assaying & Hallmarking,,,,PROVIDES,services,services,Assaying & Hallmarking,,F038,bis_topic17_hallmarking_centres.csv,,849,1.00,
REL-HALLMA-0000849,HM-01047,S N Hallmarking centre,Assaying & Hallmarking,,,,PROVIDES,services,services,Assaying & Hallmarking,,F038,bis_topic17_hallmarking_centres.csv,,850,1.00,
REL-HALLMA-0000850,HM-01048,Om Hallmarking and Assay Center,Assaying & Hallmarking,,,,PROVIDES,services,services,Assaying & Hallmarking,,F038,bis_topic17_hallmarking_centres.csv,,851,1.00,
REL-HALLMA-0000851,HM-01049,NANDYAL MUSKAN ASSAYING & HALLMAEKING CENTRE,Assaying & Hallmarking,,,,PROVIDES,services,services,Assaying & Hallmarking,,F038,bis_topic17_hallmarking_centres.csv,,852,1.00,
REL-HALLMA-0000852,HM-01051,SREE SIMHAPURI HALLMARKING & ASSAYING CENTRE,Assaying & Hallmarking,,,,PROVIDES,services,services,Assaying & Hallmarking,,F038,bis_topic17_hallmarking_centres.csv,,853,1.00,
REL-HALLMA-0000853,HM-01052,VISWARUPA GOLDSMITH FOUNDATION,Assaying & Hallmarking,,,,PROVIDES,services,services,Assaying & Hallmarking,,F038,bis_topic17_hallmarking_centres.csv,,854,1.00,
REL-HALLMA-0000854,HM-01053,CS HALLMARKING CENTER,Assaying & Hallmarking,,,,PROVIDES,services,services,Assaying & Hallmarking,,F038,bis_topic17_hallmarking_centres.csv,,855,1.00,
REL-HALLMA-0000855,HM-01054,SUVARNA ASSAYING & HALLMARKING CENTRE,Assaying & Hallmarking,,,,PROVIDES,services,services,Assaying & Hallmarking,,F038,bis_topic17_hallmarking_centres.csv,,856,1.00,
REL-HALLMA-0000856,HM-01056,ROSHAN HALLMARKING CENTER,Assaying & Hallmarking,,,,PROVIDES,services,services,Assaying & Hallmarking,,F038,bis_topic17_hallmarking_centres.csv,,857,1.00,
REL-HALLMA-0000857,HM-01057,SUVARNA HALLMARKING CENTRE,Assaying & Hallmarking,,,,PROVIDES,services,services,Assaying & Hallmarking,,F038,bis_topic17_hallmarking_centres.csv,,858,1.00,
REL-HALLMA-0000858,HM-01061,NATIONAL HALLMARK CENTRE,Assaying & Hallmarking,,,,PROVIDES,services,services,Assaying & Hallmarking,,F038,bis_topic17_hallmarking_centres.csv,,859,1.00,
REL-HALLMA-0000859,HM-01063,BOMBAY HALL MARK CENTRE,Assaying & Hallmarking,,,,PROVIDES,services,services,Assaying & Hallmarking,,F038,bis_topic17_hallmarking_centres.csv,,860,1.00,
REL-HALLMA-0000860,HM-01065,SOMESWAR HALLMARKING CENTRE,Assaying & Hallmarking,,,,PROVIDES,services,services,Assaying & Hallmarking,,F038,bis_topic17_hallmarking_centres.csv,,861,1.00,
REL-HALLMA-0000861,HM-01066,SRI MANASVI ASSAYING AND HALLMARK CENTRE,Assaying & Hallmarking,,,,PROVIDES,services,services,Assaying & Hallmarking,,F038,bis_topic17_hallmarking_centres.csv,,862,1.00,
REL-HALLMA-0000862,HM-01067,Sri Lakshmi Devi Hallmarking,Assaying & Hallmarking,,,,PROVIDES,services,services,Assaying & Hallmarking,,F038,bis_topic17_hallmarking_centres.csv,,863,1.00,
REL-HALLMA-0000863,HM-01068,Sri Kubera Hallmarking Centre,Assaying & Hallmarking,,,,PROVIDES,services,services,Assaying & Hallmarking,,F038,bis_topic17_hallmarking_centres.csv,,864,1.00,
REL-HALLMA-0000864,HM-01070,NAYAN TARA GOLD TESTING AND HALLMAKING,Assaying & Hallmarking,,,,PROVIDES,services,services,Assaying & Hallmarking,,F038,bis_topic17_hallmarking_centres.csv,,865,1.00,
REL-HALLMA-0000865,HM-01071,SS ASSAYING & HALLMARKING CENTRE,Assaying & Hallmarking,,,,PROVIDES,services,services,Assaying & Hallmarking,,F038,bis_topic17_hallmarking_centres.csv,,866,1.00,
REL-HALLMA-0000866,HM-01072,JDJ TESTING CENTER,Assaying & Hallmarking,,,,PROVIDES,services,services,Assaying & Hallmarking,,F038,bis_topic17_hallmarking_centres.csv,,867,1.00,
REL-HALLMA-0000867,HM-01073,SRI S N HALLMARKING CENTRE,Assaying & Hallmarking,,,,PROVIDES,services,services,Assaying & Hallmarking,,F038,bis_topic17_hallmarking_centres.csv,,868,1.00,
REL-HALLMA-0000868,HM-01077,S V Hallmark Center,Assaying & Hallmarking,,,,PROVIDES,services,services,Assaying & Hallmarking,,F038,bis_topic17_hallmarking_centres.csv,,869,1.00,
REL-HALLMA-0000869,HM-01078,S S HALLMARKING CENTRE,Assaying & Hallmarking,,,,PROVIDES,services,services,Assaying & Hallmarking,,F038,bis_topic17_hallmarking_centres.csv,,870,1.00,
REL-HALLMA-0000870,HM-01082,PJ HALLMARKING CENTRE,Assaying & Hallmarking,,,,PROVIDES,services,services,Assaying & Hallmarking,,F038,bis_topic17_hallmarking_centres.csv,,871,1.00,
REL-HALLMA-0000871,HM-01083,SRI SUJATHA HALLMARKING CENTER,Assaying & Hallmarking,,,,PROVIDES,services,services,Assaying & Hallmarking,,F038,bis_topic17_hallmarking_centres.csv,,872,1.00,
REL-HALLMA-0000872,HM-01087,SHREE KRISHNA HALLMARKING CENTRE,Assaying & Hallmarking,,,,PROVIDES,services,services,Assaying & Hallmarking,,F038,bis_topic17_hallmarking_centres.csv,,873,1.00,
REL-HALLMA-0000873,HM-01092,OMRA HALLMARKING CENTRE,Assaying & Hallmarking,,,,PROVIDES,services,services,Assaying & Hallmarking,,F038,bis_topic17_hallmarking_centres.csv,,874,1.00,
REL-HALLMA-0000874,HM-01093,SRI GANESH ASSAY AND HALLMARKING CENTRE,Assaying & Hallmarking,,,,PROVIDES,services,services,Assaying & Hallmarking,,F038,bis_topic17_hallmarking_centres.csv,,875,1.00,
REL-HALLMA-0000875,HM-01094,MARVEL LAB,Assaying & Hallmarking,,,,PROVIDES,services,services,Assaying & Hallmarking,,F038,bis_topic17_hallmarking_centres.csv,,876,1.00,
REL-HALLMA-0000876,HM-01096,SHRI SHANKARA HALLMARKING,Assaying & Hallmarking,,,,PROVIDES,services,services,Assaying & Hallmarking,,F038,bis_topic17_hallmarking_centres.csv,,877,1.00,
REL-HALLMA-0000877,HM-01097,M K ASSAYING AND HALLMARKING CENTER LLP,Assaying & Hallmarking,,,,PROVIDES,services,services,Assaying & Hallmarking,,F038,bis_topic17_hallmarking_centres.csv,,878,1.00,
REL-HALLMA-0000878,HM-01098,JKS Hallmarking Centre,Assaying & Hallmarking,,,,PROVIDES,services,services,Assaying & Hallmarking,,F038,bis_topic17_hallmarking_centres.csv,,879,1.00,
REL-HALLMA-0000879,HM-01100,ROYAL ASSAYING AND HALLMARKING CENTER,Assaying & Hallmarking,,,,PROVIDES,services,services,Assaying & Hallmarking,,F038,bis_topic17_hallmarking_centres.csv,,880,1.00,
REL-HALLMA-0000880,HM-01101,ZACO ASSAY AND HALLMARKING CENTRE,Assaying & Hallmarking,,,,PROVIDES,services,services,Assaying & Hallmarking,,F038,bis_topic17_hallmarking_centres.csv,,881,1.00,
REL-HALLMA-0000881,HM-01103,Mandoth Hallmark Centre,Assaying & Hallmarking,,,,PROVIDES,services,services,Assaying & Hallmarking,,F038,bis_topic17_hallmarking_centres.csv,,882,1.00,
REL-HALLMA-0000882,HM-01104,Devi Gold & Silver Lab,Assaying & Hallmarking,,,,PROVIDES,services,services,Assaying & Hallmarking,,F038,bis_topic17_hallmarking_centres.csv,,883,1.00,
REL-HALLMA-0000883,HM-01105,Mrs Rakhi Hallmark,Assaying & Hallmarking,,,,PROVIDES,services,services,Assaying & Hallmarking,,F038,bis_topic17_hallmarking_centres.csv,,884,1.00,
REL-HALLMA-0000884,HM-01106,Supriya Hallmarking Center,Assaying & Hallmarking,,,,PROVIDES,services,services,Assaying & Hallmarking,,F038,bis_topic17_hallmarking_centres.csv,,885,1.00,
REL-HALLMA-0000885,HM-01107,VIJAY ASSAYING AND HALLMARKING CENTRE,Assaying & Hallmarking,,,,PROVIDES,services,services,Assaying & Hallmarking,,F038,bis_topic17_hallmarking_centres.csv,,886,1.00,
REL-HALLMA-0000886,HM-01109,QUALITY ASSAY & HALLMARKING CENTRE PRIVATE,Assaying & Hallmarking,,,,PROVIDES,services,services,Assaying & Hallmarking,,F038,bis_topic17_hallmarking_centres.csv,,887,1.00,
REL-HALLMA-0000887,HM-01110,Marvel Lab,Assaying & Hallmarking,,,,PROVIDES,services,services,Assaying & Hallmarking,,F038,bis_topic17_hallmarking_centres.csv,,888,1.00,
REL-HALLMA-0000888,HM-01112,Manibhadra Gold and Silver Lab,Assaying & Hallmarking,,,,PROVIDES,services,services,Assaying & Hallmarking,,F038,bis_topic17_hallmarking_centres.csv,,889,1.00,
REL-HALLMA-0000889,HM-01113,NEW ROHAN HALLMARKING CENTRE,Assaying & Hallmarking,,,,PROVIDES,services,services,Assaying & Hallmarking,,F038,bis_topic17_hallmarking_centres.csv,,890,1.00,
REL-HALLMA-0000890,HM-01114,MAHALAKSHMI HALLMARKING CENTRE,Assaying & Hallmarking,,,,PROVIDES,services,services,Assaying & Hallmarking,,F038,bis_topic17_hallmarking_centres.csv,,891,1.00,
REL-HALLMA-0000891,HM-01116,SHREE AMBICA ASSAYING & REFINERY CENTRE,Assaying & Hallmarking,,,,PROVIDES,services,services,Assaying & Hallmarking,,F038,bis_topic17_hallmarking_centres.csv,,892,1.00,
REL-HALLMA-0000892,HM-01117,JAI BHAVANI HALLMARKING CENTRE,Assaying & Hallmarking,,,,PROVIDES,services,services,Assaying & Hallmarking,,F038,bis_topic17_hallmarking_centres.csv,,893,1.00,
REL-HALLMA-0000893,HM-01118,SAI KHARAA SONA ASSAYING AND HALLMARKING,Assaying & Hallmarking,,,,PROVIDES,services,services,Assaying & Hallmarking,,F038,bis_topic17_hallmarking_centres.csv,,894,1.00,
REL-HALLMA-0000894,HM-01119,SHIVAM ASSAYING AND HALLMARKING CENTER,Assaying & Hallmarking,,,,PROVIDES,services,services,Assaying & Hallmarking,,F038,bis_topic17_hallmarking_centres.csv,,895,1.00,
REL-HALLMA-0000895,HM-01120,SRI KRISHNA GOLD,Assaying & Hallmarking,,,,PROVIDES,services,services,Assaying & Hallmarking,,F038,bis_topic17_hallmarking_centres.csv,,896,1.00,
REL-HALLMA-0000896,HM-01121,SAGAR ASSAY AND HALLMARKING CENTRE,Assaying & Hallmarking,,,,PROVIDES,services,services,Assaying & Hallmarking,,F038,bis_topic17_hallmarking_centres.csv,,897,1.00,
REL-HALLMA-0000897,HM-01122,V P Assaying and Hallmarking Centre,Assaying & Hallmarking,,,,PROVIDES,services,services,Assaying & Hallmarking,,F038,bis_topic17_hallmarking_centres.csv,,898,1.00,
REL-HALLMA-0000898,HM-01123,ACCURATE ASSAYING AND HALLMARKING CENTRE,Assaying & Hallmarking,,,,PROVIDES,services,services,Assaying & Hallmarking,,F038,bis_topic17_hallmarking_centres.csv,,899,1.00,
REL-HALLMA-0000899,HM-01124,SHRI KRISHNA ASSAYING AND HALLMARKING,Assaying & Hallmarking,,,,PROVIDES,services,services,Assaying & Hallmarking,,F038,bis_topic17_hallmarking_centres.csv,,900,1.00,
REL-HALLMA-0000900,HM-01125,VIJAY SAGAR ASSAYING AND HALLMARK CENTRE,Assaying & Hallmarking,,,,PROVIDES,services,services,Assaying & Hallmarking,,F038,bis_topic17_hallmarking_centres.csv,,901,1.00,
REL-HALLMA-0000901,HM-01126,H S Hallmarking Centre,Assaying & Hallmarking,,,,PROVIDES,services,services,Assaying & Hallmarking,,F038,bis_topic17_hallmarking_centres.csv,,902,1.00,
REL-HALLMA-0000902,HM-01127,Balaji Hallmarking Centre,Assaying & Hallmarking,,,,PROVIDES,services,services,Assaying & Hallmarking,,F038,bis_topic17_hallmarking_centres.csv,,903,1.00,
REL-HALLMA-0000903,HM-01128,BOMBAY ASSAY COMPANY,Assaying & Hallmarking,,,,PROVIDES,services,services,Assaying & Hallmarking,,F038,bis_topic17_hallmarking_centres.csv,,904,1.00,
REL-HALLMA-0000904,HM-01129,Sree Sai Gold Testing,Assaying & Hallmarking,,,,PROVIDES,services,services,Assaying & Hallmarking,,F038,bis_topic17_hallmarking_centres.csv,,905,1.00,
REL-HALLMA-0000905,HM-01131,SHREE VINAYAKA HALLMARKING CENTRE,Assaying & Hallmarking,,,,PROVIDES,services,services,Assaying & Hallmarking,,F038,bis_topic17_hallmarking_centres.csv,,906,1.00,
REL-HALLMA-0000906,HM-01132,Standard Assaying and Hallmarking Centre,Assaying & Hallmarking,,,,PROVIDES,services,services,Assaying & Hallmarking,,F038,bis_topic17_hallmarking_centres.csv,,907,1.00,
REL-HALLMA-0000907,HM-01133,SAARATHYA ASSAY AND HALLMARKING CENTRE,Assaying & Hallmarking,,,,PROVIDES,services,services,Assaying & Hallmarking,,F038,bis_topic17_hallmarking_centres.csv,,908,1.00,
REL-HALLMA-0000908,HM-01135,Sri Hari Assaying and Hallmarking Center,Assaying & Hallmarking,,,,PROVIDES,services,services,Assaying & Hallmarking,,F038,bis_topic17_hallmarking_centres.csv,,909,1.00,
REL-HALLMA-0000909,HM-01136,BHARATH HALLMARKING CENTRE,Assaying & Hallmarking,,,,PROVIDES,services,services,Assaying & Hallmarking,,F038,bis_topic17_hallmarking_centres.csv,,910,1.00,
REL-HALLMA-0000910,HM-01137,R K Assaying and Hallmarking Center,Assaying & Hallmarking,,,,PROVIDES,services,services,Assaying & Hallmarking,,F038,bis_topic17_hallmarking_centres.csv,,911,1.00,
REL-HALLMA-0000911,HM-01138,SHREE MAHALAXMI ASSAYING & HALLMARK CENTER,Assaying & Hallmarking,,,,PROVIDES,services,services,Assaying & Hallmarking,,F038,bis_topic17_hallmarking_centres.csv,,912,1.00,
REL-HALLMA-0000912,HM-01139,Kranti Hallmarking Centre,Assaying & Hallmarking,,,,PROVIDES,services,services,Assaying & Hallmarking,,F038,bis_topic17_hallmarking_centres.csv,,913,1.00,
REL-HALLMA-0000913,HM-01140,SHREE MAHALAKSHMI HALLMARKING CENTRE,Assaying & Hallmarking,,,,PROVIDES,services,services,Assaying & Hallmarking,,F038,bis_topic17_hallmarking_centres.csv,,914,1.00,
REL-HALLMA-0000914,HM-01141,S S HOLLMARKING CENTRE,Assaying & Hallmarking,,,,PROVIDES,services,services,Assaying & Hallmarking,,F038,bis_topic17_hallmarking_centres.csv,,915,1.00,
REL-HALLMA-0000915,HM-01144,Nidhi Assaying & Hallmarking Centre,Assaying & Hallmarking,,,,PROVIDES,services,services,Assaying & Hallmarking,,F038,bis_topic17_hallmarking_centres.csv,,916,1.00,
REL-HALLMA-0000916,HM-01145,SHREE DURGA GOLD & ASSAYING HALLMARKING CENTER,Assaying & Hallmarking,,,,PROVIDES,services,services,Assaying & Hallmarking,,F038,bis_topic17_hallmarking_centres.csv,,917,1.00,
REL-HALLMA-0000917,HM-01147,MAAULI ASSAYING AND HALLMARKING CENTER,Assaying & Hallmarking,,,,PROVIDES,services,services,Assaying & Hallmarking,,F038,bis_topic17_hallmarking_centres.csv,,918,1.00,
REL-HALLMA-0000918,HM-01148,NEW SHOBHA HALLMARKING CENTRE & GOLD TESTING,Assaying & Hallmarking,,,,PROVIDES,services,services,Assaying & Hallmarking,,F038,bis_topic17_hallmarking_centres.csv,,919,1.00,
REL-HALLMA-0000919,HM-01150,NSG HALLMARKING AND ASSAYING CENTRE,Assaying & Hallmarking,,,,PROVIDES,services,services,Assaying & Hallmarking,,F038,bis_topic17_hallmarking_centres.csv,,920,1.00,
REL-HALLMA-0000920,HM-01152,SHREE DHANLAXMI HALL MARKING CENTRE,Assaying & Hallmarking,,,,PROVIDES,services,services,Assaying & Hallmarking,,F038,bis_topic17_hallmarking_centres.csv,,921,1.00,
REL-HALLMA-0000921,HM-01153,GULBARGA HALLMARKING CENTRE,Assaying & Hallmarking,,,,PROVIDES,services,services,Assaying & Hallmarking,,F038,bis_topic17_hallmarking_centres.csv,,922,1.00,
REL-HALLMA-0000922,HM-01154,SHREE DATTA ASSAYING AND HALLMARKING CENTRE,Assaying & Hallmarking,,,,PROVIDES,services,services,Assaying & Hallmarking,,F038,bis_topic17_hallmarking_centres.csv,,923,1.00,
REL-HALLMA-0000923,HM-01156,OM SAI HALLMARKING AND ASSAY CENTRE,Assaying & Hallmarking,,,,PROVIDES,services,services,Assaying & Hallmarking,,F038,bis_topic17_hallmarking_centres.csv,,924,1.00,
REL-HALLMA-0000924,HM-01158,OM SAI HALLMARKING AND ASSAY CENTRE,Assaying & Hallmarking,,,,PROVIDES,services,services,Assaying & Hallmarking,,F038,bis_topic17_hallmarking_centres.csv,,925,1.00,
REL-HALLMA-0000925,HM-01160,GOLDMASTER HALLMARKING AND ASSAYING CENTER,Assaying & Hallmarking,,,,PROVIDES,services,services,Assaying & Hallmarking,,F038,bis_topic17_hallmarking_centres.csv,,926,1.00,
REL-HALLMA-0000926,HM-01161,NEW SOUTH INDIAN HALLMARKING AND ASSAYING CENTRE,Assaying & Hallmarking,,,,PROVIDES,services,services,Assaying & Hallmarking,,F038,bis_topic17_hallmarking_centres.csv,,927,1.00,
REL-HALLMA-0000927,HM-01163,CGR Hallmarkers Pvt Ltd,Assaying & Hallmarking,,,,PROVIDES,services,services,Assaying & Hallmarking,,F038,bis_topic17_hallmarking_centres.csv,,928,1.00,
REL-HALLMA-0000928,HM-01164,CGR Hallmarkers Pvt Ltd,Assaying & Hallmarking,,,,PROVIDES,services,services,Assaying & Hallmarking,,F038,bis_topic17_hallmarking_centres.csv,,929,1.00,
REL-HALLMA-0000929,HM-01165,GREEN GEM TESTINGS INDIA PRIVATE LIMITED,Assaying & Hallmarking,,,,PROVIDES,services,services,Assaying & Hallmarking,,F038,bis_topic17_hallmarking_centres.csv,,930,1.00,
REL-HALLMA-0000930,HM-01166,CALICUT ASSAY AND HALLMARKING CENTRE PRIVATE LIMITED,Assaying & Hallmarking,,,,PROVIDES,services,services,Assaying & Hallmarking,,F038,bis_topic17_hallmarking_centres.csv,,931,1.00,
REL-HALLMA-0000931,HM-01168,QUALITY ASSAY & HALLMARKING CENTRE PRIVATE LIMITED,Assaying & Hallmarking,,,,PROVIDES,services,services,Assaying & Hallmarking,,F038,bis_topic17_hallmarking_centres.csv,,932,1.00,
REL-HALLMA-0000932,HM-01169,Shantivijay Testing,Assaying & Hallmarking,,,,PROVIDES,services,services,Assaying & Hallmarking,,F038,bis_topic17_hallmarking_centres.csv,,933,1.00,
REL-HALLMA-0000933,HM-01170,Right Assay and Hallmarking Centre,Assaying & Hallmarking,,,,PROVIDES,services,services,Assaying & Hallmarking,,F038,bis_topic17_hallmarking_centres.csv,,934,1.00,
REL-HALLMA-0000934,HM-01172,QUALITY ASSAY & HALLMARKING CENTRE PRIVATE LIMITED,Assaying & Hallmarking,,,,PROVIDES,services,services,Assaying & Hallmarking,,F038,bis_topic17_hallmarking_centres.csv,,935,1.00,
REL-HALLMA-0000935,HM-01173,MERLECHA ASSAYERS,Assaying & Hallmarking,,,,PROVIDES,services,services,Assaying & Hallmarking,,F038,bis_topic17_hallmarking_centres.csv,,936,1.00,
REL-HALLMA-0000936,HM-01174,LOTUS ASSAY PRIVATE LIMITED,Assaying & Hallmarking,,,,PROVIDES,services,services,Assaying & Hallmarking,,F038,bis_topic17_hallmarking_centres.csv,,937,1.00,
REL-HALLMA-0000937,HM-01175,BOMBAY TEST HOUSE PRIVATE LIMITED,Assaying & Hallmarking,,,,PROVIDES,services,services,Assaying & Hallmarking,,F038,bis_topic17_hallmarking_centres.csv,,938,1.00,
REL-HALLMA-0000938,HM-01176,PVM Assay Centre,Assaying & Hallmarking,,,,PROVIDES,services,services,Assaying & Hallmarking,,F038,bis_topic17_hallmarking_centres.csv,,939,1.00,
REL-HALLMA-0000939,HM-01179,Vijay Assaying & Hallmarking Centre,Assaying & Hallmarking,,,,PROVIDES,services,services,Assaying & Hallmarking,,F038,bis_topic17_hallmarking_centres.csv,,940,1.00,
REL-HALLMA-0000940,HM-01181,Malappuram Assay And Hallmarking,Assaying & Hallmarking,,,,PROVIDES,services,services,Assaying & Hallmarking,,F038,bis_topic17_hallmarking_centres.csv,,941,1.00,
REL-HALLMA-0000941,HM-01182,SUKRAA HALLMARKING CENTRE,Assaying & Hallmarking,,,,PROVIDES,services,services,Assaying & Hallmarking,,F038,bis_topic17_hallmarking_centres.csv,,942,1.00,
REL-HALLMA-0000942,HM-01183,KESAR HALLMARKING CENTRE,Assaying & Hallmarking,,,,PROVIDES,services,services,Assaying & Hallmarking,,F038,bis_topic17_hallmarking_centres.csv,,943,1.00,
REL-HALLMA-0000943,HM-01185,CGR Hallmarkers Pvt Ltd,Assaying & Hallmarking,,,,PROVIDES,services,services,Assaying & Hallmarking,,F038,bis_topic17_hallmarking_centres.csv,,944,1.00,
REL-HALLMA-0000944,HM-01188,RAJESHWAREE HALLMARKING CENTRE,Assaying & Hallmarking,,,,PROVIDES,services,services,Assaying & Hallmarking,,F038,bis_topic17_hallmarking_centres.csv,,945,1.00,
REL-HALLMA-0000945,HM-01189,SPS Assay & Hallmarking Centre,Assaying & Hallmarking,,,,PROVIDES,services,services,Assaying & Hallmarking,,F038,bis_topic17_hallmarking_centres.csv,,946,1.00,
REL-HALLMA-0000946,HM-01190,Perfect Assayers & Hallmarking Centre,Assaying & Hallmarking,,,,PROVIDES,services,services,Assaying & Hallmarking,,F038,bis_topic17_hallmarking_centres.csv,,947,1.00,
REL-HALLMA-0000947,HM-01191,Perfect Assayers & Hallmarking Centre,Assaying & Hallmarking,,,,PROVIDES,services,services,Assaying & Hallmarking,,F038,bis_topic17_hallmarking_centres.csv,,948,1.00,
REL-HALLMA-0000948,HM-01193,QUALITY ASSAY & HALLMARKING CENTRE PRIVATE LIMITED,Assaying & Hallmarking,,,,PROVIDES,services,services,Assaying & Hallmarking,,F038,bis_topic17_hallmarking_centres.csv,,949,1.00,
REL-HALLMA-0000949,HM-01194,Super Hallmarking Centre,Assaying & Hallmarking,,,,PROVIDES,services,services,Assaying & Hallmarking,,F038,bis_topic17_hallmarking_centres.csv,,950,1.00,
REL-HALLMA-0000950,HM-01198,LAKSHMI NARASIMHA HALLMARKING CENTRE,Assaying & Hallmarking,,,,PROVIDES,services,services,Assaying & Hallmarking,,F038,bis_topic17_hallmarking_centres.csv,,951,1.00,
REL-HALLMA-0000951,HM-01202,SREE AKSHAYA HALLMARKING CENTRE,Assaying & Hallmarking,,,,PROVIDES,services,services,Assaying & Hallmarking,,F038,bis_topic17_hallmarking_centres.csv,,952,1.00,
REL-HALLMA-0000952,HM-01203,SRIVAARU GOLD TESTING LAB,Assaying & Hallmarking,,,,PROVIDES,services,services,Assaying & Hallmarking,,F038,bis_topic17_hallmarking_centres.csv,,953,1.00,
REL-HALLMA-0000953,HM-01204,Adhitya Anish Assaying And Hallmarking Centre,Assaying & Hallmarking,,,,PROVIDES,services,services,Assaying & Hallmarking,,F038,bis_topic17_hallmarking_centres.csv,,954,1.00,
REL-HALLMA-0000954,HM-01205,PAVAN GOLD CHECK & HALLMARKING CENTRE,Assaying & Hallmarking,,,,PROVIDES,services,services,Assaying & Hallmarking,,F038,bis_topic17_hallmarking_centres.csv,,955,1.00,
REL-HALLMA-0000955,HM-01206,SBM Assaying & Hallmarking Centre,Assaying & Hallmarking,,,,PROVIDES,services,services,Assaying & Hallmarking,,F038,bis_topic17_hallmarking_centres.csv,,956,1.00,
REL-HALLMA-0000956,HM-01207,NELLORE HALLMARKING CENTRE,Assaying & Hallmarking,,,,PROVIDES,services,services,Assaying & Hallmarking,,F038,bis_topic17_hallmarking_centres.csv,,957,1.00,
REL-HALLMA-0000957,HM-01208,SPS ASSAY AND HALLMARKING CENTRE,Assaying & Hallmarking,,,,PROVIDES,services,services,Assaying & Hallmarking,,F038,bis_topic17_hallmarking_centres.csv,,958,1.00,
REL-HALLMA-0000958,HM-01209,TEEKEY ASSAY AND HALLMARKS,Assaying & Hallmarking,,,,PROVIDES,services,services,Assaying & Hallmarking,,F038,bis_topic17_hallmarking_centres.csv,,959,1.00,
REL-HALLMA-0000959,HM-01211,TIRUR ASSAY AND HALLMARKING CENTRE,Assaying & Hallmarking,,,,PROVIDES,services,services,Assaying & Hallmarking,,F038,bis_topic17_hallmarking_centres.csv,,960,1.00,
REL-HALLMA-0000960,HM-01214,MANGALAM HALLMARK CENTRE,Assaying & Hallmarking,,,,PROVIDES,services,services,Assaying & Hallmarking,,F038,bis_topic17_hallmarking_centres.csv,,961,1.00,
REL-HALLMA-0000961,HM-01215,SHREE KRISHNA ASSAYING AND HALLMARKING CENTRE,Assaying & Hallmarking,,,,PROVIDES,services,services,Assaying & Hallmarking,,F038,bis_topic17_hallmarking_centres.csv,,962,1.00,
REL-HALLMA-0000962,HM-01216,NEW INDIA HALLMARK,Assaying & Hallmarking,,,,PROVIDES,services,services,Assaying & Hallmarking,,F038,bis_topic17_hallmarking_centres.csv,,963,1.00,
REL-HALLMA-0000963,HM-01218,Maaruthy Gold Purity Laboratory,Assaying & Hallmarking,,,,PROVIDES,services,services,Assaying & Hallmarking,,F038,bis_topic17_hallmarking_centres.csv,,964,1.00,
REL-HALLMA-0000964,HM-01219,QUALITY ASSAY & HALLMARKING CENTRE PRIVATE LIMITED,Assaying & Hallmarking,,,,PROVIDES,services,services,Assaying & Hallmarking,,F038,bis_topic17_hallmarking_centres.csv,,965,1.00,
REL-HALLMA-0000965,HM-01222,Shree Venkateswara Assaying & Hallmarkings,Assaying & Hallmarking,,,,PROVIDES,services,services,Assaying & Hallmarking,,F038,bis_topic17_hallmarking_centres.csv,,966,1.00,
REL-HALLMA-0000966,HM-01224,Eureka Assay and Hallmarking Center LLP,Assaying & Hallmarking,,,,PROVIDES,services,services,Assaying & Hallmarking,,F038,bis_topic17_hallmarking_centres.csv,,967,1.00,
REL-HALLMA-0000967,HM-01225,Venus Hallmarking Centre,Assaying & Hallmarking,,,,PROVIDES,services,services,Assaying & Hallmarking,,F038,bis_topic17_hallmarking_centres.csv,,968,1.00,
REL-HALLMA-0000968,HM-01226,OHM Hallmarking Centre,Assaying & Hallmarking,,,,PROVIDES,services,services,Assaying & Hallmarking,,F038,bis_topic17_hallmarking_centres.csv,,969,1.00,
REL-HALLMA-0000969,HM-01228,Kuber Assaying & Hallmarking Centre,Assaying & Hallmarking,,,,PROVIDES,services,services,Assaying & Hallmarking,,F038,bis_topic17_hallmarking_centres.csv,,970,1.00,
REL-HALLMA-0000970,HM-01229,Perfect Assayer And Hallmarking Centre,Assaying & Hallmarking,,,,PROVIDES,services,services,Assaying & Hallmarking,,F038,bis_topic17_hallmarking_centres.csv,,971,1.00,
REL-HALLMA-0000971,HM-01231,Star Assaying And Hallmarking Centre Pvt Ltd,Assaying & Hallmarking,,,,PROVIDES,services,services,Assaying & Hallmarking,,F038,bis_topic17_hallmarking_centres.csv,,972,1.00,
REL-HALLMA-0000972,HM-01232,KTC Hallmarkings,Assaying & Hallmarking,,,,PROVIDES,services,services,Assaying & Hallmarking,,F038,bis_topic17_hallmarking_centres.csv,,973,1.00,
REL-HALLMA-0000973,HM-01235,Sonaa Hallmarking Center,Assaying & Hallmarking,,,,PROVIDES,services,services,Assaying & Hallmarking,,F038,bis_topic17_hallmarking_centres.csv,,974,1.00,
REL-HALLMA-0000974,HM-01236,Classic Assaying & Hallmarking Centre,Assaying & Hallmarking,,,,PROVIDES,services,services,Assaying & Hallmarking,,F038,bis_topic17_hallmarking_centres.csv,,975,1.00,
REL-HALLMA-0000975,HM-01238,PURE ASSAY & HALLMARKING CENTRE PVT LTD,Assaying & Hallmarking,,,,PROVIDES,services,services,Assaying & Hallmarking,,F038,bis_topic17_hallmarking_centres.csv,,976,1.00,
REL-HALLMA-0000976,HM-01239,Marudhar Hallmarks,Assaying & Hallmarking,,,,PROVIDES,services,services,Assaying & Hallmarking,,F038,bis_topic17_hallmarking_centres.csv,,977,1.00,
REL-HALLMA-0000977,HM-01241,CHIRAG TESTING LAB,Assaying & Hallmarking,,,,PROVIDES,services,services,Assaying & Hallmarking,,F038,bis_topic17_hallmarking_centres.csv,,978,1.00,
REL-HALLMA-0000978,HM-01243,HYDERABAD HALLMARKING CENTRE,Assaying & Hallmarking,,,,PROVIDES,services,services,Assaying & Hallmarking,,F038,bis_topic17_hallmarking_centres.csv,,979,1.00,
REL-HALLMA-0000979,HM-01244,HYDERABAD HALLMARKING CENTRE,Assaying & Hallmarking,,,,PROVIDES,services,services,Assaying & Hallmarking,,F038,bis_topic17_hallmarking_centres.csv,,980,1.00,
REL-HALLMA-0000980,HM-01245,Perfect Gold Testing Centre,Assaying & Hallmarking,,,,PROVIDES,services,services,Assaying & Hallmarking,,F038,bis_topic17_hallmarking_centres.csv,,981,1.00,
REL-HALLMA-0000981,HM-01246,Z & H Assaying & Hallmarking Centre Kurnool,Assaying & Hallmarking,,,,PROVIDES,services,services,Assaying & Hallmarking,,F038,bis_topic17_hallmarking_centres.csv,,982,1.00,
REL-HALLMA-0000982,HM-01249,PRINCE HALLMARKING CENTRE HYDERABAD,Assaying & Hallmarking,,,,PROVIDES,services,services,Assaying & Hallmarking,,F038,bis_topic17_hallmarking_centres.csv,,983,1.00,
REL-HALLMA-0000983,HM-01250,I MARK HALLMARKING & APPRAISAL PVT LTD,Assaying & Hallmarking,,,,PROVIDES,services,services,Assaying & Hallmarking,,F038,bis_topic17_hallmarking_centres.csv,,984,1.00,
REL-HALLMA-0000984,HM-01251,RAMDAS HALLMARKING CENTRE,Assaying & Hallmarking,,,,PROVIDES,services,services,Assaying & Hallmarking,,F038,bis_topic17_hallmarking_centres.csv,,985,1.00,
REL-HALLMA-0000985,HM-01252,bharat assayers,Assaying & Hallmarking,,,,PROVIDES,services,services,Assaying & Hallmarking,,F038,bis_topic17_hallmarking_centres.csv,,986,1.00,
REL-HALLMA-0000986,HM-01254,Tamil Nadu Hallmarking Centre,Assaying & Hallmarking,,,,PROVIDES,services,services,Assaying & Hallmarking,,F038,bis_topic17_hallmarking_centres.csv,,987,1.00,
REL-HALLMA-0000987,HM-01256,Sree India Hallmarking Centre,Assaying & Hallmarking,,,,PROVIDES,services,services,Assaying & Hallmarking,,F038,bis_topic17_hallmarking_centres.csv,,988,1.00,
REL-HALLMA-0000988,HM-01258,Athira Assay And Hallmarking Centre,Assaying & Hallmarking,,,,PROVIDES,services,services,Assaying & Hallmarking,,F038,bis_topic17_hallmarking_centres.csv,,989,1.00,
REL-HALLMA-0000989,HM-01260,KRISHNA HALLMARKING CENTRE PRIVATE LIMITED,Assaying & Hallmarking,,,,PROVIDES,services,services,Assaying & Hallmarking,,F038,bis_topic17_hallmarking_centres.csv,,990,1.00,
REL-HALLMA-0000990,HM-01261,ESHWARI HALLMARKING CENTRE,Assaying & Hallmarking,,,,PROVIDES,services,services,Assaying & Hallmarking,,F038,bis_topic17_hallmarking_centres.csv,,991,1.00,
REL-HALLMA-0000991,HM-01262,KRISHNA HALLMARKING CENTRE PRIVATE LIMITED,Assaying & Hallmarking,,,,PROVIDES,services,services,Assaying & Hallmarking,,F038,bis_topic17_hallmarking_centres.csv,,992,1.00,
REL-HALLMA-0000992,HM-01263,BEST ASSAYING AND HALLMARKING CENTRE,Assaying & Hallmarking,,,,PROVIDES,services,services,Assaying & Hallmarking,,F038,bis_topic17_hallmarking_centres.csv,,993,1.00,
REL-HALLMA-0000993,HM-01266,Sri Lakshmi Devi Hallmarking,Assaying & Hallmarking,,,,PROVIDES,services,services,Assaying & Hallmarking,,F038,bis_topic17_hallmarking_centres.csv,,994,1.00,
REL-HALLMA-0000994,HM-01267,CGR HALLMARKERS PVT LTD,Assaying & Hallmarking,,,,PROVIDES,services,services,Assaying & Hallmarking,,F038,bis_topic17_hallmarking_centres.csv,,995,1.00,
REL-HALLMA-0000995,HM-01268,CGR Cochin Assay,Assaying & Hallmarking,,,,PROVIDES,services,services,Assaying & Hallmarking,,F038,bis_topic17_hallmarking_centres.csv,,996,1.00,
REL-HALLMA-0000996,HM-01270,AGNEYA HALLMARKING CENTRE,Assaying & Hallmarking,,,,PROVIDES,services,services,Assaying & Hallmarking,,F038,bis_topic17_hallmarking_centres.csv,,997,1.00,
REL-HALLMA-0000997,HM-01271,Sri Hallmarking,Assaying & Hallmarking,,,,PROVIDES,services,services,Assaying & Hallmarking,,F038,bis_topic17_hallmarking_centres.csv,,998,1.00,
REL-HALLMA-0000998,HM-01272,Sri Hyderabad Hallmarking Centre,Assaying & Hallmarking,,,,PROVIDES,services,services,Assaying & Hallmarking,,F038,bis_topic17_hallmarking_centres.csv,,999,1.00,
REL-HALLMA-0000999,HM-01273,Nikhil Hallmarking Centre,Assaying & Hallmarking,,,,PROVIDES,services,services,Assaying & Hallmarking,,F038,bis_topic17_hallmarking_centres.csv,,1000,1.00,
REL-HALLMA-0001000,HM-01275,GURUDEV HALLMARKING CENTRE VRI,Assaying & Hallmarking,,,,PROVIDES,services,services,Assaying & Hallmarking,,F038,bis_topic17_hallmarking_centres.csv,,1001,1.00,
REL-HALLMA-0001001,HM-01277,ROSE ASSAY AND HALLMARKING CENTRE,Assaying & Hallmarking,,,,PROVIDES,services,services,Assaying & Hallmarking,,F038,bis_topic17_hallmarking_centres.csv,,1002,1.00,
REL-HALLMA-0001002,HM-01278,Merit Assaying & Hallmarking Centre,Assaying & Hallmarking,,,,PROVIDES,services,services,Assaying & Hallmarking,,F038,bis_topic17_hallmarking_centres.csv,,1003,1.00,
REL-HALLMA-0001003,HM-01284,GT Assay and Hallmarking Centre,Assaying & Hallmarking,,,,PROVIDES,services,services,Assaying & Hallmarking,,F038,bis_topic17_hallmarking_centres.csv,,1004,1.00,
REL-HALLMA-0001004,HM-01285,Ganesh Assaying and Hall Marking Center,Assaying & Hallmarking,,,,PROVIDES,services,services,Assaying & Hallmarking,,F038,bis_topic17_hallmarking_centres.csv,,1005,1.00,
REL-HALLMA-0001005,HM-01286,NAYAN GOLD HALLMARKING CENTRE,Assaying & Hallmarking,,,,PROVIDES,services,services,Assaying & Hallmarking,,F038,bis_topic17_hallmarking_centres.csv,,1006,1.00,
REL-HALLMA-0001006,HM-01287,Royal Assay and Hallmarking Centre,Assaying & Hallmarking,,,,PROVIDES,services,services,Assaying & Hallmarking,,F038,bis_topic17_hallmarking_centres.csv,,1007,1.00,
REL-HALLMA-0001007,HM-01288,G P ASSAYING HALLMARKING CENTRE,Assaying & Hallmarking,,,,PROVIDES,services,services,Assaying & Hallmarking,,F038,bis_topic17_hallmarking_centres.csv,,1008,1.00,
REL-HALLMA-0001008,HM-01290,Sreekrishna Hallmarking Centre,Assaying & Hallmarking,,,,PROVIDES,services,services,Assaying & Hallmarking,,F038,bis_topic17_hallmarking_centres.csv,,1009,1.00,
REL-HALLMA-0001009,HM-01291,G S Hallmarking & Refinery Centre,Assaying & Hallmarking,,,,PROVIDES,services,services,Assaying & Hallmarking,,F038,bis_topic17_hallmarking_centres.csv,,1010,1.00,
REL-HALLMA-0001010,HM-01292,BEST HALLMARKING CENTRE,Assaying & Hallmarking,,,,PROVIDES,services,services,Assaying & Hallmarking,,F038,bis_topic17_hallmarking_centres.csv,,1011,1.00,
REL-HALLMA-0001011,HM-01294,Sree Vishnu Assayers Pvt Ltd,Assaying & Hallmarking,,,,PROVIDES,services,services,Assaying & Hallmarking,,F038,bis_topic17_hallmarking_centres.csv,,1012,1.00,
REL-HALLMA-0001012,HM-01296,SUBHLAXMI HALLMARKING CENTER,Assaying & Hallmarking,,,,PROVIDES,services,services,Assaying & Hallmarking,,F038,bis_topic17_hallmarking_centres.csv,,1013,1.00,
REL-HALLMA-0001013,HM-01298,SRI BALAJI TESTING AND HALLMARKING CENTER,Assaying & Hallmarking,,,,PROVIDES,services,services,Assaying & Hallmarking,,F038,bis_topic17_hallmarking_centres.csv,,1014,1.00,
REL-HALLMA-0001014,HM-01303,BALAJI HALLMARKING CENTRE,Assaying & Hallmarking,,,,PROVIDES,services,services,Assaying & Hallmarking,,F038,bis_topic17_hallmarking_centres.csv,,1015,1.00,
REL-HALLMA-0001015,HM-01305,Sampath Assaying and hallmarking pvt ptd,Assaying & Hallmarking,,,,PROVIDES,services,services,Assaying & Hallmarking,,F038,bis_topic17_hallmarking_centres.csv,,1016,1.00,
REL-HALLMA-0001016,HM-01307,SRI CHENNAI HALL MARKING,Assaying & Hallmarking,,,,PROVIDES,services,services,Assaying & Hallmarking,,F038,bis_topic17_hallmarking_centres.csv,,1017,1.00,
REL-HALLMA-0001017,HM-01308,SRI SUDARSHAN MUSKAN ASSAYING & HALLMARKING CENTRE,Assaying & Hallmarking,,,,PROVIDES,services,services,Assaying & Hallmarking,,F038,bis_topic17_hallmarking_centres.csv,,1018,1.00,
REL-HALLMA-0001018,HM-01310,S ASSAYING AND HALLMARKING CENTRE,Assaying & Hallmarking,,,,PROVIDES,services,services,Assaying & Hallmarking,,F038,bis_topic17_hallmarking_centres.csv,,1019,1.00,
REL-HALLMA-0001019,HM-01311,Prince Hallmarking & Refinery Pvtd,Assaying & Hallmarking,,,,PROVIDES,services,services,Assaying & Hallmarking,,F038,bis_topic17_hallmarking_centres.csv,,1020,1.00,
REL-HALLMA-0001020,HM-01312,Prince Hallmarking & Refinery Pvtd,Assaying & Hallmarking,,,,PROVIDES,services,services,Assaying & Hallmarking,,F038,bis_topic17_hallmarking_centres.csv,,1021,1.00,
REL-HALLMA-0001021,HM-01313,Sri Viswakarma Gold Smiths Private Limited,Assaying & Hallmarking,,,,PROVIDES,services,services,Assaying & Hallmarking,,F038,bis_topic17_hallmarking_centres.csv,,1022,1.00,
REL-HALLMA-0001022,HM-01314,Jayam Hallmarking Centre TNJ,Assaying & Hallmarking,,,,PROVIDES,services,services,Assaying & Hallmarking,,F038,bis_topic17_hallmarking_centres.csv,,1023,1.00,
REL-HALLMA-0001023,HM-01315,KRANTHI ASSAY AND HALLMARKING CENTRE,Assaying & Hallmarking,,,,PROVIDES,services,services,Assaying & Hallmarking,,F038,bis_topic17_hallmarking_centres.csv,,1024,1.00,
REL-HALLMA-0001024,HM-01316,Shivaji Hall Marking & Assaying Centre,Assaying & Hallmarking,,,,PROVIDES,services,services,Assaying & Hallmarking,,F038,bis_topic17_hallmarking_centres.csv,,1025,1.00,
REL-HALLMA-0001025,HM-01317,Sri Sai Hallmark & Assaying Centre,Assaying & Hallmarking,,,,PROVIDES,services,services,Assaying & Hallmarking,,F038,bis_topic17_hallmarking_centres.csv,,1026,1.00,
REL-HALLMA-0001026,HM-01318,Venus Hallmarking Centre,Assaying & Hallmarking,,,,PROVIDES,services,services,Assaying & Hallmarking,,F038,bis_topic17_hallmarking_centres.csv,,1027,1.00,
REL-HALLMA-0001027,HM-01320,SAI KRISHNA HALLMARK CENTER,Assaying & Hallmarking,,,,PROVIDES,services,services,Assaying & Hallmarking,,F038,bis_topic17_hallmarking_centres.csv,,1028,1.00,
REL-HALLMA-0001028,HM-01321,Royal Assay and Hallmarking Centre Private Limited,Assaying & Hallmarking,,,,PROVIDES,services,services,Assaying & Hallmarking,,F038,bis_topic17_hallmarking_centres.csv,,1029,1.00,
REL-HALLMA-0001029,HM-01322,Royal Assay and Hallmarking Centre Private Limited,Assaying & Hallmarking,,,,PROVIDES,services,services,Assaying & Hallmarking,,F038,bis_topic17_hallmarking_centres.csv,,1030,1.00,
REL-HALLMA-0001030,HM-01323,AORIC HALLMARKING,Assaying & Hallmarking,,,,PROVIDES,services,services,Assaying & Hallmarking,,F038,bis_topic17_hallmarking_centres.csv,,1031,1.00,
REL-HALLMA-0001031,HM-01324,VIJAY HALLMARKING CENTRE,Assaying & Hallmarking,,,,PROVIDES,services,services,Assaying & Hallmarking,,F038,bis_topic17_hallmarking_centres.csv,,1032,1.00,
REL-HALLMA-0001032,HM-01325,Shree Gold Assaying and Hallmarking Centre,Assaying & Hallmarking,,,,PROVIDES,services,services,Assaying & Hallmarking,,F038,bis_topic17_hallmarking_centres.csv,,1033,1.00,
REL-HALLMA-0001033,HM-01327,SUKRAA HALLMARKING CENTRE UNIT I,Assaying & Hallmarking,,,,PROVIDES,services,services,Assaying & Hallmarking,,F038,bis_topic17_hallmarking_centres.csv,,1034,1.00,
REL-HALLMA-0001034,HM-01328,ACCURATE ASSAY AND HALLMARKING CENTRE,Assaying & Hallmarking,,,,PROVIDES,services,services,Assaying & Hallmarking,,F038,bis_topic17_hallmarking_centres.csv,,1035,1.00,
REL-HALLMA-0001035,HM-01329,SUKRAA HALLMARKING CENTRE,Assaying & Hallmarking,,,,PROVIDES,services,services,Assaying & Hallmarking,,F038,bis_topic17_hallmarking_centres.csv,,1036,1.00,
REL-HALLMA-0001036,HM-01331,PRINCE HALLMARKING AND REFINERY PVT LTD,Assaying & Hallmarking,,,,PROVIDES,services,services,Assaying & Hallmarking,,F038,bis_topic17_hallmarking_centres.csv,,1037,1.00,
REL-HALLMA-0001037,HM-01332,VENKATESWARA HALLAMRK CENTRE,Assaying & Hallmarking,,,,PROVIDES,services,services,Assaying & Hallmarking,,F038,bis_topic17_hallmarking_centres.csv,,1038,1.00,
REL-HALLMA-0001038,HM-01333,Saiguru Hallmarking Centre,Assaying & Hallmarking,,,,PROVIDES,services,services,Assaying & Hallmarking,,F038,bis_topic17_hallmarking_centres.csv,,1039,1.00,
REL-HALLMA-0001039,HM-01336,SRI SAI HALLMARKING CENTRE,Assaying & Hallmarking,,,,PROVIDES,services,services,Assaying & Hallmarking,,F038,bis_topic17_hallmarking_centres.csv,,1040,1.00,
REL-HALLMA-0001040,HM-01337,Gurusiddhanath Assaying & Hallmarking Centre,Assaying & Hallmarking,,,,PROVIDES,services,services,Assaying & Hallmarking,,F038,bis_topic17_hallmarking_centres.csv,,1041,1.00,
REL-HALLMA-0001041,HM-01339,SMS Hallmarks,Assaying & Hallmarking,,,,PROVIDES,services,services,Assaying & Hallmarking,,F038,bis_topic17_hallmarking_centres.csv,,1042,1.00,
REL-HALLMA-0001042,HM-01340,SIDDHI ASSAYING & HALLMARKING CENTRE,Assaying & Hallmarking,,,,PROVIDES,services,services,Assaying & Hallmarking,,F038,bis_topic17_hallmarking_centres.csv,,1043,1.00,
REL-HALLMA-0001043,HM-01342,chandana hallmarking centre,Assaying & Hallmarking,,,,PROVIDES,services,services,Assaying & Hallmarking,,F038,bis_topic17_hallmarking_centres.csv,,1044,1.00,
REL-HALLMA-0001044,HM-01343,PVS GOLD AND SILVER HALLMARKING CENTRE,Assaying & Hallmarking,,,,PROVIDES,services,services,Assaying & Hallmarking,,F038,bis_topic17_hallmarking_centres.csv,,1045,1.00,
REL-HALLMA-0001045,HM-01345,AR ASSAYING & HALL MARKING CENTRE,Assaying & Hallmarking,,,,PROVIDES,services,services,Assaying & Hallmarking,,F038,bis_topic17_hallmarking_centres.csv,,1046,1.00,
REL-HALLMA-0001046,HM-01346,SOUTH KERALA ASSAYING AND HALLMARKING CENTRE,Assaying & Hallmarking,,,,PROVIDES,services,services,Assaying & Hallmarking,,F038,bis_topic17_hallmarking_centres.csv,,1047,1.00,
REL-HALLMA-0001047,HM-01347,Quilon Assay And Hallmarking,Assaying & Hallmarking,,,,PROVIDES,services,services,Assaying & Hallmarking,,F038,bis_topic17_hallmarking_centres.csv,,1048,1.00,
REL-HALLMA-0001048,HM-01348,Elite Hallmarking,Assaying & Hallmarking,,,,PROVIDES,services,services,Assaying & Hallmarking,,F038,bis_topic17_hallmarking_centres.csv,,1049,1.00,
REL-HALLMA-0001049,HM-01349,Elite Hallmarking,Assaying & Hallmarking,,,,PROVIDES,services,services,Assaying & Hallmarking,,F038,bis_topic17_hallmarking_centres.csv,,1050,1.00,
REL-HALLMA-0001050,HM-01350,SONA ASSAYING AND HALLMARKING CENTRE,Assaying & Hallmarking,,,,PROVIDES,services,services,Assaying & Hallmarking,,F038,bis_topic17_hallmarking_centres.csv,,1051,1.00,
REL-HALLMA-0001051,HM-01351,PRIME ASSAY AND HALLMARKS LLP,Assaying & Hallmarking,,,,PROVIDES,services,services,Assaying & Hallmarking,,F038,bis_topic17_hallmarking_centres.csv,,1052,1.00,
REL-HALLMA-0001052,HM-01353,VASRAJ ASSAYING AND HALLMARKINGS CENTRE,Assaying & Hallmarking,,,,PROVIDES,services,services,Assaying & Hallmarking,,F038,bis_topic17_hallmarking_centres.csv,,1053,1.00,
REL-HALLMA-0001053,HM-01354,SHRI HYDERABAD HALLMARKING CENTRE,Assaying & Hallmarking,,,,PROVIDES,services,services,Assaying & Hallmarking,,F038,bis_topic17_hallmarking_centres.csv,,1054,1.00,
REL-HALLMA-0001054,HM-01355,NAVKAR HALLMARKING,Assaying & Hallmarking,,,,PROVIDES,services,services,Assaying & Hallmarking,,F038,bis_topic17_hallmarking_centres.csv,,1055,1.00,
REL-HALLMA-0001055,HM-01356,Veracity Assay and Hallmarking centre,Assaying & Hallmarking,,,,PROVIDES,services,services,Assaying & Hallmarking,,F038,bis_topic17_hallmarking_centres.csv,,1056,1.00,
REL-HALLMA-0001056,HM-01358,SHREE VISHWA HALLMARKING CENTRE,Assaying & Hallmarking,,,,PROVIDES,services,services,Assaying & Hallmarking,,F038,bis_topic17_hallmarking_centres.csv,,1057,1.00,
REL-HALLMA-0001057,HM-01359,Sundari Hallmarking Centre,Assaying & Hallmarking,,,,PROVIDES,services,services,Assaying & Hallmarking,,F038,bis_topic17_hallmarking_centres.csv,,1058,1.00,
REL-HALLMA-0001058,HM-01361,Vigna Assaying And Hallmarking Centre,Assaying & Hallmarking,,,,PROVIDES,services,services,Assaying & Hallmarking,,F038,bis_topic17_hallmarking_centres.csv,,1059,1.00,
REL-HALLMA-0001059,HM-01363,SRI GOMATHI ASSAYING & HALLMARK CENTRE,Assaying & Hallmarking,,,,PROVIDES,services,services,Assaying & Hallmarking,,F038,bis_topic17_hallmarking_centres.csv,,1060,1.00,
REL-HALLMA-0001060,HM-01366,ROYAL HALLMARKING CENTER,Assaying & Hallmarking,,,,PROVIDES,services,services,Assaying & Hallmarking,,F038,bis_topic17_hallmarking_centres.csv,,1061,1.00,
REL-HALLMA-0001061,HM-01369,SHREE BALAJI ASSAY AND HALLMARK CENTER,Assaying & Hallmarking,,,,PROVIDES,services,services,Assaying & Hallmarking,,F038,bis_topic17_hallmarking_centres.csv,,1062,1.00,
REL-HALLMA-0001062,HM-01370,Mehta Labs,Assaying & Hallmarking,,,,PROVIDES,services,services,Assaying & Hallmarking,,F038,bis_topic17_hallmarking_centres.csv,,1063,1.00,
REL-HALLMA-0001063,HM-01371,Tirupati Assaying And Hallmarking Centre,Assaying & Hallmarking,,,,PROVIDES,services,services,Assaying & Hallmarking,,F038,bis_topic17_hallmarking_centres.csv,,1064,1.00,
REL-HALLMA-0001064,HM-01375,Merit Assay and Hallmark Unit II,Assaying & Hallmarking,,,,PROVIDES,services,services,Assaying & Hallmarking,,F038,bis_topic17_hallmarking_centres.csv,,1065,1.00,
REL-HALLMA-0001065,HM-01376,Unnamulai Assaying Hallmarking Center,Assaying & Hallmarking,,,,PROVIDES,services,services,Assaying & Hallmarking,,F038,bis_topic17_hallmarking_centres.csv,,1066,1.00,
REL-HALLMA-0001066,HM-01377,SURYA ASSAY AND HALLMARKING CENTRE,Assaying & Hallmarking,,,,PROVIDES,services,services,Assaying & Hallmarking,,F038,bis_topic17_hallmarking_centres.csv,,1067,1.00,
REL-HALLMA-0001067,HM-01379,SRI BALAJI HALLMARKING CENTRE,Assaying & Hallmarking,,,,PROVIDES,services,services,Assaying & Hallmarking,,F038,bis_topic17_hallmarking_centres.csv,,1068,1.00,
REL-HALLMA-0001068,HM-01381,QUALITY ASSAY & HALLMARKING CENTRE PRIVATE LIMITED,Assaying & Hallmarking,,,,PROVIDES,services,services,Assaying & Hallmarking,,F038,bis_topic17_hallmarking_centres.csv,,1069,1.00,
REL-HALLMA-0001069,HM-01382,QUALITY ASSAY & HALLMARKING CENTRE PRIVATE LIMITED,Assaying & Hallmarking,,,,PROVIDES,services,services,Assaying & Hallmarking,,F038,bis_topic17_hallmarking_centres.csv,,1070,1.00,
REL-HALLMA-0001070,HM-01383,Three Star Assay and Hallmarking Centre,Assaying & Hallmarking,,,,PROVIDES,services,services,Assaying & Hallmarking,,F038,bis_topic17_hallmarking_centres.csv,,1071,1.00,
REL-HALLMA-0001071,HM-01384,UNIQUE ASSAYING AND HALLMARKING,Assaying & Hallmarking,,,,PROVIDES,services,services,Assaying & Hallmarking,,F038,bis_topic17_hallmarking_centres.csv,,1072,1.00,
REL-HALLMA-0001072,HM-01387,Adheesh Assay and Hallmarking Center,Assaying & Hallmarking,,,,PROVIDES,services,services,Assaying & Hallmarking,,F038,bis_topic17_hallmarking_centres.csv,,1073,1.00,
REL-HALLMA-0001073,HM-01390,ADITYA TUNCH AND HALLMARK,Assaying & Hallmarking,,,,PROVIDES,services,services,Assaying & Hallmarking,,F038,bis_topic17_hallmarking_centres.csv,,1074,1.00,
REL-HALLMA-0001074,HM-01393,S V Shree Nimishamba Hallmarking Centre,Assaying & Hallmarking,,,,PROVIDES,services,services,Assaying & Hallmarking,,F038,bis_topic17_hallmarking_centres.csv,,1075,1.00,
REL-HALLMA-0001075,HM-01395,Prathyushh Viswasri Hallmarking Centre,Assaying & Hallmarking,,,,PROVIDES,services,services,Assaying & Hallmarking,,F038,bis_topic17_hallmarking_centres.csv,,1076,1.00,
REL-HALLMA-0001076,HM-01396,SB HALLMARKING CENTRE,Assaying & Hallmarking,,,,PROVIDES,services,services,Assaying & Hallmarking,,F038,bis_topic17_hallmarking_centres.csv,,1077,1.00,
REL-HALLMA-0001077,HM-01397,SRI RENUKA HALLMAKING CENTER,Assaying & Hallmarking,,,,PROVIDES,services,services,Assaying & Hallmarking,,F038,bis_topic17_hallmarking_centres.csv,,1078,1.00,
REL-HALLMA-0001078,HM-01399,Moonlight Assay and Hallmarking Centre,Assaying & Hallmarking,,,,PROVIDES,services,services,Assaying & Hallmarking,,F038,bis_topic17_hallmarking_centres.csv,,1079,1.00,
REL-HALLMA-0001079,HM-01401,S S R Hallmarking,Assaying & Hallmarking,,,,PROVIDES,services,services,Assaying & Hallmarking,,F038,bis_topic17_hallmarking_centres.csv,,1080,1.00,
REL-HALLMA-0001080,HM-01402,Global Assay And Hallmarking,Assaying & Hallmarking,,,,PROVIDES,services,services,Assaying & Hallmarking,,F038,bis_topic17_hallmarking_centres.csv,,1081,1.00,
REL-HALLMA-0001081,HM-01407,K Prakash Hallmarks,Assaying & Hallmarking,,,,PROVIDES,services,services,Assaying & Hallmarking,,F038,bis_topic17_hallmarking_centres.csv,,1082,1.00,
REL-HALLMA-0001082,HM-01409,Shree I Hallmarking Centre,Assaying & Hallmarking,,,,PROVIDES,services,services,Assaying & Hallmarking,,F038,bis_topic17_hallmarking_centres.csv,,1083,1.00,
REL-HALLMA-0001083,HM-01412,VIJAY HALLMARKING CENTRE,Assaying & Hallmarking,,,,PROVIDES,services,services,Assaying & Hallmarking,,F038,bis_topic17_hallmarking_centres.csv,,1084,1.00,
REL-HALLMA-0001084,HM-01413,SreeKrishna Hallmarking Centre,Assaying & Hallmarking,,,,PROVIDES,services,services,Assaying & Hallmarking,,F038,bis_topic17_hallmarking_centres.csv,,1085,1.00,
REL-HALLMA-0001085,HM-01414,SWASTIKS HALLMARKING CENTRE,Assaying & Hallmarking,,,,PROVIDES,services,services,Assaying & Hallmarking,,F038,bis_topic17_hallmarking_centres.csv,,1086,1.00,
REL-HALLMA-0001086,HM-01416,QUALITY ASSAY & HALLMARKS LLP,Assaying & Hallmarking,,,,PROVIDES,services,services,Assaying & Hallmarking,,F038,bis_topic17_hallmarking_centres.csv,,1087,1.00,
REL-HALLMA-0001087,HM-01417,QUALITY ASSAY & HALLMARKS LLP,Assaying & Hallmarking,,,,PROVIDES,services,services,Assaying & Hallmarking,,F038,bis_topic17_hallmarking_centres.csv,,1088,1.00,
REL-HALLMA-0001088,HM-01421,TS Hall Marking & Refinery,Assaying & Hallmarking,,,,PROVIDES,services,services,Assaying & Hallmarking,,F038,bis_topic17_hallmarking_centres.csv,,1089,1.00,
REL-HALLMA-0001089,HM-01423,SIDDHANATH HALLMARK PRIVATE LIMITED,Assaying & Hallmarking,,,,PROVIDES,services,services,Assaying & Hallmarking,,F038,bis_topic17_hallmarking_centres.csv,,1090,1.00,
REL-HALLMA-0001090,HM-01425,Venkateswara Hallmarking And Assaying Centre,Assaying & Hallmarking,,,,PROVIDES,services,services,Assaying & Hallmarking,,F038,bis_topic17_hallmarking_centres.csv,,1091,1.00,
REL-HALLMA-0001091,HM-01428,Laxmi Assaying And Hallmarking Centre,Assaying & Hallmarking,,,,PROVIDES,services,services,Assaying & Hallmarking,,F038,bis_topic17_hallmarking_centres.csv,,1092,1.00,
REL-HALLMA-0001092,HM-01429,Super Hallmarking Centre,Assaying & Hallmarking,,,,PROVIDES,services,services,Assaying & Hallmarking,,F038,bis_topic17_hallmarking_centres.csv,,1093,1.00,
REL-HALLMA-0001093,HM-01430,SRI KRISHNA MURARI ASSAYING & HALL MARKING CENTRE,Assaying & Hallmarking,,,,PROVIDES,services,services,Assaying & Hallmarking,,F038,bis_topic17_hallmarking_centres.csv,,1094,1.00,
REL-HALLMA-0001094,HM-01434,G S Hallmarking and Refinery Centre S G,Assaying & Hallmarking,,,,PROVIDES,services,services,Assaying & Hallmarking,,F038,bis_topic17_hallmarking_centres.csv,,1095,1.00,
REL-HALLMA-0001095,HM-01435,S S HALLMARKING AND ASSAYING CENTRE,Assaying & Hallmarking,,,,PROVIDES,services,services,Assaying & Hallmarking,,F038,bis_topic17_hallmarking_centres.csv,,1096,1.00,
REL-HALLMA-0001096,HM-01436,Yeswe Assaying and Hallmarking Centre LLP,Assaying & Hallmarking,,,,PROVIDES,services,services,Assaying & Hallmarking,,F038,bis_topic17_hallmarking_centres.csv,,1097,1.00,
REL-HALLMA-0001097,HM-01437,SHREE PARAS HALLMARKING CENTRE,Assaying & Hallmarking,,,,PROVIDES,services,services,Assaying & Hallmarking,,F038,bis_topic17_hallmarking_centres.csv,,1098,1.00,
REL-HALLMA-0001098,HM-01438,VASRAJ ASSAYING AND HALLMARKINGS CENTRE,Assaying & Hallmarking,,,,PROVIDES,services,services,Assaying & Hallmarking,,F038,bis_topic17_hallmarking_centres.csv,,1099,1.00,
REL-HALLMA-0001099,HM-01440,KRISHNA HALLMARKING CENTRE,Assaying & Hallmarking,,,,PROVIDES,services,services,Assaying & Hallmarking,,F038,bis_topic17_hallmarking_centres.csv,,1100,1.00,
REL-HALLMA-0001100,HM-01441,JAYAM HALLMARKING CENTRE KRK,Assaying & Hallmarking,,,,PROVIDES,services,services,Assaying & Hallmarking,,F038,bis_topic17_hallmarking_centres.csv,,1101,1.00,
REL-HALLMA-0001101,HM-01442,SREE VASAVI HALLMARK CENTRE,Assaying & Hallmarking,,,,PROVIDES,services,services,Assaying & Hallmarking,,F038,bis_topic17_hallmarking_centres.csv,,1102,1.00,
REL-HALLMA-0001102,HM-01443,Sri Mithra Hallmarking Centre,Assaying & Hallmarking,,,,PROVIDES,services,services,Assaying & Hallmarking,,F038,bis_topic17_hallmarking_centres.csv,,1103,1.00,
REL-HALLMA-0001103,HM-01444,M M HALLMARKING CENTRE,Assaying & Hallmarking,,,,PROVIDES,services,services,Assaying & Hallmarking,,F038,bis_topic17_hallmarking_centres.csv,,1104,1.00,
REL-HALLMA-0001104,HM-01447,RATAN HALLMARKING CENTRE,Assaying & Hallmarking,,,,PROVIDES,services,services,Assaying & Hallmarking,,F038,bis_topic17_hallmarking_centres.csv,,1105,1.00,
REL-HALLMA-0001105,HM-01450,KESAR ASSAYING & HALLMARKING CENTRE,Assaying & Hallmarking,,,,PROVIDES,services,services,Assaying & Hallmarking,,F038,bis_topic17_hallmarking_centres.csv,,1106,1.00,
REL-HALLMA-0001106,HM-01451,CHENNAI CREATIVE HALLMARKING,Assaying & Hallmarking,,,,PROVIDES,services,services,Assaying & Hallmarking,,F038,bis_topic17_hallmarking_centres.csv,,1107,1.00,
REL-HALLMA-0001107,HM-01453,SRI SIDDHI VINAYAK HALLMARKS,Assaying & Hallmarking,,,,PROVIDES,services,services,Assaying & Hallmarking,,F038,bis_topic17_hallmarking_centres.csv,,1108,1.00,
REL-HALLMA-0001108,HM-01454,Sri Krishna Assayers & Hallmarking Centre,Assaying & Hallmarking,,,,PROVIDES,services,services,Assaying & Hallmarking,,F038,bis_topic17_hallmarking_centres.csv,,1109,1.00,
REL-HALLMA-0001109,HM-01455,Amritha Assay And Hallmarking Centre,Assaying & Hallmarking,,,,PROVIDES,services,services,Assaying & Hallmarking,,F038,bis_topic17_hallmarking_centres.csv,,1110,1.00,
REL-HALLMA-0001110,HM-01456,NGM Assay & Hallmarking Centre,Assaying & Hallmarking,,,,PROVIDES,services,services,Assaying & Hallmarking,,F038,bis_topic17_hallmarking_centres.csv,,1111,1.00,
REL-HALLMA-0001111,HM-01459,SRI RAGHAVENDRA HALLMARK CENTER,Assaying & Hallmarking,,,,PROVIDES,services,services,Assaying & Hallmarking,,F038,bis_topic17_hallmarking_centres.csv,,1112,1.00,
REL-HALLMA-0001112,HM-01460,PRINCE HALLMARKING & REFINERY PRIVATE LIMITED,Assaying & Hallmarking,,,,PROVIDES,services,services,Assaying & Hallmarking,,F038,bis_topic17_hallmarking_centres.csv,,1113,1.00,
REL-HALLMA-0001113,HM-01462,Shree Pavithra Assaying and Hallmarking Centre,Assaying & Hallmarking,,,,PROVIDES,services,services,Assaying & Hallmarking,,F038,bis_topic17_hallmarking_centres.csv,,1114,1.00,
REL-HALLMA-0001114,HM-01463,PRINCE HALLMARKING AND REFINERY PVT LTD,Assaying & Hallmarking,,,,PROVIDES,services,services,Assaying & Hallmarking,,F038,bis_topic17_hallmarking_centres.csv,,1115,1.00,
REL-HALLMA-0001115,HM-01464,PRINCE HALLMARKING AND REFINERY PVT LTD,Assaying & Hallmarking,,,,PROVIDES,services,services,Assaying & Hallmarking,,F038,bis_topic17_hallmarking_centres.csv,,1116,1.00,
REL-HALLMA-0001116,HM-01465,JADAV HALLMARKING,Assaying & Hallmarking,,,,PROVIDES,services,services,Assaying & Hallmarking,,F038,bis_topic17_hallmarking_centres.csv,,1117,1.00,
REL-HALLMA-0001117,HM-01466,SHREE MAHARANI HALLMARKING CENTRE,Assaying & Hallmarking,,,,PROVIDES,services,services,Assaying & Hallmarking,,F038,bis_topic17_hallmarking_centres.csv,,1118,1.00,
REL-HALLMA-0001118,HM-01467,MOKSH HALLMARKING,Assaying & Hallmarking,,,,PROVIDES,services,services,Assaying & Hallmarking,,F038,bis_topic17_hallmarking_centres.csv,,1119,1.00,
REL-HALLMA-0001119,HM-01469,Dhruv Hallmarking and Assaying centre,Assaying & Hallmarking,,,,PROVIDES,services,services,Assaying & Hallmarking,,F038,bis_topic17_hallmarking_centres.csv,,1120,1.00,
REL-HALLMA-0001120,HM-01470,JAIN HALLMARK,Assaying & Hallmarking,,,,PROVIDES,services,services,Assaying & Hallmarking,,F038,bis_topic17_hallmarking_centres.csv,,1121,1.00,
REL-HALLMA-0001121,HM-01471,NEW VINTEK HALLMARK TESTING CENTRE,Assaying & Hallmarking,,,,PROVIDES,services,services,Assaying & Hallmarking,,F038,bis_topic17_hallmarking_centres.csv,,1122,1.00,
REL-HALLMA-0001122,HM-01472,Green Gem Testings India Private Limited UNIT III,Assaying & Hallmarking,,,,PROVIDES,services,services,Assaying & Hallmarking,,F038,bis_topic17_hallmarking_centres.csv,,1123,1.00,
REL-HALLMA-0001123,HM-01473,SURAAJ HALLMARKING CENTRE,Assaying & Hallmarking,,,,PROVIDES,services,services,Assaying & Hallmarking,,F038,bis_topic17_hallmarking_centres.csv,,1124,1.00,
REL-HALLMA-0001124,HM-01474,SURABI ASSAYING AND HALLMARKING CENTRE,Assaying & Hallmarking,,,,PROVIDES,services,services,Assaying & Hallmarking,,F038,bis_topic17_hallmarking_centres.csv,,1125,1.00,
REL-HALLMA-0001125,HM-01475,AGNEYA HALLMARKING CENTRE,Assaying & Hallmarking,,,,PROVIDES,services,services,Assaying & Hallmarking,,F038,bis_topic17_hallmarking_centres.csv,,1126,1.00,
REL-HALLMA-0001126,HM-01476,JP HALLMARKING CENTRE,Assaying & Hallmarking,,,,PROVIDES,services,services,Assaying & Hallmarking,,F038,bis_topic17_hallmarking_centres.csv,,1127,1.00,
REL-HALLMA-0001127,HM-01477,Ram Maaruthy Assaying and Hallmarking Centre,Assaying & Hallmarking,,,,PROVIDES,services,services,Assaying & Hallmarking,,F038,bis_topic17_hallmarking_centres.csv,,1128,1.00,
REL-HALLMA-0001128,HM-01478,Sri Guru Ganesh Hallmarking Center,Assaying & Hallmarking,,,,PROVIDES,services,services,Assaying & Hallmarking,,F038,bis_topic17_hallmarking_centres.csv,,1129,1.00,
REL-HALLMA-0001129,HM-01479,AADINATH HALLMARK CENTRE,Assaying & Hallmarking,,,,PROVIDES,services,services,Assaying & Hallmarking,,F038,bis_topic17_hallmarking_centres.csv,,1130,1.00,
REL-HALLMA-0001130,HM-01480,V T Hallmarking Centre,Assaying & Hallmarking,,,,PROVIDES,services,services,Assaying & Hallmarking,,F038,bis_topic17_hallmarking_centres.csv,,1131,1.00,
REL-HALLMA-0001131,HM-01481,JAYAM HALLMARKING CENTRE MVM,Assaying & Hallmarking,,,,PROVIDES,services,services,Assaying & Hallmarking,,F038,bis_topic17_hallmarking_centres.csv,,1132,1.00,
REL-HALLMA-0001132,HM-01485,SHREE DIVVYANA HALLMARKING CENTRE,Assaying & Hallmarking,,,,PROVIDES,services,services,Assaying & Hallmarking,,F038,bis_topic17_hallmarking_centres.csv,,1133,1.00,
REL-HALLMA-0001133,HM-01488,SRI NAVKAR HALLMARKING CENTRE,Assaying & Hallmarking,,,,PROVIDES,services,services,Assaying & Hallmarking,,F038,bis_topic17_hallmarking_centres.csv,,1134,1.00,
REL-HALLMA-0001134,HM-01490,STAR GOLD HALLMARK,Assaying & Hallmarking,,,,PROVIDES,services,services,Assaying & Hallmarking,,F038,bis_topic17_hallmarking_centres.csv,,1135,1.00,
REL-HALLMA-0001135,HM-01492,YASHMIT ASSAYING & HALLMARKING CENTER,Assaying & Hallmarking,,,,PROVIDES,services,services,Assaying & Hallmarking,,F038,bis_topic17_hallmarking_centres.csv,,1136,1.00,
REL-HALLMA-0001136,HM-01493,VETRI HALLMARK,Assaying & Hallmarking,,,,PROVIDES,services,services,Assaying & Hallmarking,,F038,bis_topic17_hallmarking_centres.csv,,1137,1.00,
REL-HALLMA-0001137,HM-01494,SIDDHANATH HALLMARKING CENTRE,Assaying & Hallmarking,,,,PROVIDES,services,services,Assaying & Hallmarking,,F038,bis_topic17_hallmarking_centres.csv,,1138,1.00,
REL-HALLMA-0001138,HM-01495,THANGAM HALLMARKING & ASSAYING CENTRE,Assaying & Hallmarking,,,,PROVIDES,services,services,Assaying & Hallmarking,,F038,bis_topic17_hallmarking_centres.csv,,1139,1.00,
REL-HALLMA-0001139,HM-01497,SRI HALLMARK CENTRE,Assaying & Hallmarking,,,,PROVIDES,services,services,Assaying & Hallmarking,,F038,bis_topic17_hallmarking_centres.csv,,1140,1.00,
REL-HALLMA-0001140,HM-01498,ROYAL HALLMARK CENTER,Assaying & Hallmarking,,,,PROVIDES,services,services,Assaying & Hallmarking,,F038,bis_topic17_hallmarking_centres.csv,,1141,1.00,
REL-HALLMA-0001141,HM-01499,VETRI HALLMARKING CENTRE,Assaying & Hallmarking,,,,PROVIDES,services,services,Assaying & Hallmarking,,F038,bis_topic17_hallmarking_centres.csv,,1142,1.00,
REL-HALLMA-0001142,HM-01501,THE LOTUS ASSAY AND HALLMARKING CENTRE,Assaying & Hallmarking,,,,PROVIDES,services,services,Assaying & Hallmarking,,F038,bis_topic17_hallmarking_centres.csv,,1143,1.00,
REL-HALLMA-0001143,HM-01502,SA HALLMARKING CENTRE,Assaying & Hallmarking,,,,PROVIDES,services,services,Assaying & Hallmarking,,F038,bis_topic17_hallmarking_centres.csv,,1144,1.00,
REL-HALLMA-0001144,HM-01503,SANKARAGOMATHI HALL MARK CENTER,Assaying & Hallmarking,,,,PROVIDES,services,services,Assaying & Hallmarking,,F038,bis_topic17_hallmarking_centres.csv,,1145,1.00,
REL-HALLMA-0001145,HM-01504,SRI MATHURA HALLMARKING,Assaying & Hallmarking,,,,PROVIDES,services,services,Assaying & Hallmarking,,F038,bis_topic17_hallmarking_centres.csv,,1146,1.00,
REL-HALLMA-0001146,HM-01505,SHYAM HALLMARK CENTRE,Assaying & Hallmarking,,,,PROVIDES,services,services,Assaying & Hallmarking,,F038,bis_topic17_hallmarking_centres.csv,,1147,1.00,
REL-HALLMA-0001147,HM-01506,SHREE SIVASAI HALLMARKING CENTRE,Assaying & Hallmarking,,,,PROVIDES,services,services,Assaying & Hallmarking,,F038,bis_topic17_hallmarking_centres.csv,,1148,1.00,
REL-HALLMA-0001148,HM-01509,JAYAM HALLMARKING CENTRE,Assaying & Hallmarking,,,,PROVIDES,services,services,Assaying & Hallmarking,,F038,bis_topic17_hallmarking_centres.csv,,1149,1.00,
REL-HALLMA-0001149,HM-01510,SHRI SAROCHELL HALLMARKING PRIVATE LIMITED,Assaying & Hallmarking,,,,PROVIDES,services,services,Assaying & Hallmarking,,F038,bis_topic17_hallmarking_centres.csv,,1150,1.00,
REL-HALLMA-0001150,HM-01511,LAKSHMI HALLMARK & TESTING CENTER,Assaying & Hallmarking,,,,PROVIDES,services,services,Assaying & Hallmarking,,F038,bis_topic17_hallmarking_centres.csv,,1151,1.00,
REL-HALLMA-0001151,HM-01513,THE EMERALD HALLMARKING CENTRE,Assaying & Hallmarking,,,,PROVIDES,services,services,Assaying & Hallmarking,,F038,bis_topic17_hallmarking_centres.csv,,1152,1.00,
REL-HALLMA-0001152,HM-01514,Prakidi Assay & Hallmark Centre,Assaying & Hallmarking,,,,PROVIDES,services,services,Assaying & Hallmarking,,F038,bis_topic17_hallmarking_centres.csv,,1153,1.00,
REL-HALLMA-0001153,HM-01515,SRI BHUVANESVARI GOLD TESTING AND HALLMARK CENTRE,Assaying & Hallmarking,,,,PROVIDES,services,services,Assaying & Hallmarking,,F038,bis_topic17_hallmarking_centres.csv,,1154,1.00,
REL-HALLMA-0001154,HM-01516,SARAS HALLMARK CENTER OPC PRIVATE LIMITED,Assaying & Hallmarking,,,,PROVIDES,services,services,Assaying & Hallmarking,,F038,bis_topic17_hallmarking_centres.csv,,1155,1.00,
REL-HALLMA-0001155,HM-01517,SREE VAARI HALLMARKING,Assaying & Hallmarking,,,,PROVIDES,services,services,Assaying & Hallmarking,,F038,bis_topic17_hallmarking_centres.csv,,1156,1.00,
REL-HALLMA-0001156,HM-01518,SANGAM HALLMARKING CENTRE,Assaying & Hallmarking,,,,PROVIDES,services,services,Assaying & Hallmarking,,F038,bis_topic17_hallmarking_centres.csv,,1157,1.00,
REL-HALLMA-0001157,HM-01520,KKS HALLMARKING CENTER,Assaying & Hallmarking,,,,PROVIDES,services,services,Assaying & Hallmarking,,F038,bis_topic17_hallmarking_centres.csv,,1158,1.00,
REL-HALLMA-0001158,HM-01521,Chakra Hallmarking Centre,Assaying & Hallmarking,,,,PROVIDES,services,services,Assaying & Hallmarking,,F038,bis_topic17_hallmarking_centres.csv,,1159,1.00,
REL-HALLMA-0001159,HM-01522,SRIRAM ASSAY AND HALLMARKING CENTRE,Assaying & Hallmarking,,,,PROVIDES,services,services,Assaying & Hallmarking,,F038,bis_topic17_hallmarking_centres.csv,,1160,1.00,
REL-HALLMA-0001160,HM-01523,RAMAJEYAM ASSAY AND HALLMARKING,Assaying & Hallmarking,,,,PROVIDES,services,services,Assaying & Hallmarking,,F038,bis_topic17_hallmarking_centres.csv,,1161,1.00,
REL-HALLMA-0001161,HM-01527,SHREE RAKSHA HALLMARKING CENTRE,Assaying & Hallmarking,,,,PROVIDES,services,services,Assaying & Hallmarking,,F038,bis_topic17_hallmarking_centres.csv,,1162,1.00,
REL-HALLMA-0001162,HM-01528,KKS HALLMARKINGS,Assaying & Hallmarking,,,,PROVIDES,services,services,Assaying & Hallmarking,,F038,bis_topic17_hallmarking_centres.csv,,1163,1.00,
REL-HALLMA-0001163,HM-01530,SRI ASSAYING & HALLMARK CENTER,Assaying & Hallmarking,,,,PROVIDES,services,services,Assaying & Hallmarking,,F038,bis_topic17_hallmarking_centres.csv,,1164,1.00,
REL-HALLMA-0001164,HM-01531,Acharyaa Assying & Hallmarking,Assaying & Hallmarking,,,,PROVIDES,services,services,Assaying & Hallmarking,,F038,bis_topic17_hallmarking_centres.csv,,1165,1.00,
REL-HALLMA-0001165,HM-01532,ESHA HALLMARK CENTRE,Assaying & Hallmarking,,,,PROVIDES,services,services,Assaying & Hallmarking,,F038,bis_topic17_hallmarking_centres.csv,,1166,1.00,
REL-HALLMA-0001166,HM-01533,Vijay Hallmarking Centre,Assaying & Hallmarking,,,,PROVIDES,services,services,Assaying & Hallmarking,,F038,bis_topic17_hallmarking_centres.csv,,1167,1.00,
REL-HALLMA-0001167,HM-01534,Sridhar Hallmarking Centre,Assaying & Hallmarking,,,,PROVIDES,services,services,Assaying & Hallmarking,,F038,bis_topic17_hallmarking_centres.csv,,1168,1.00,
REL-HALLMA-0001168,HM-01535,Shree Ganapathi Hallmarking,Assaying & Hallmarking,,,,PROVIDES,services,services,Assaying & Hallmarking,,F038,bis_topic17_hallmarking_centres.csv,,1169,1.00,
REL-HALLMA-0001169,HM-01538,J AND J ASSAYING UNIT,Assaying & Hallmarking,,,,PROVIDES,services,services,Assaying & Hallmarking,,F038,bis_topic17_hallmarking_centres.csv,,1170,1.00,
REL-HALLMA-0001170,HM-01539,SRI GANESH HALLMARKING CENTREE,Assaying & Hallmarking,,,,PROVIDES,services,services,Assaying & Hallmarking,,F038,bis_topic17_hallmarking_centres.csv,,1171,1.00,
REL-HALLMA-0001171,HM-01540,RAM SRI ASSAYING & HALLMARKING CENTER,Assaying & Hallmarking,,,,PROVIDES,services,services,Assaying & Hallmarking,,F038,bis_topic17_hallmarking_centres.csv,,1172,1.00,
REL-HALLMA-0001172,HM-01541,RAM SRI ASSAYING & HALLMARKING CENTER,Assaying & Hallmarking,,,,PROVIDES,services,services,Assaying & Hallmarking,,F038,bis_topic17_hallmarking_centres.csv,,1173,1.00,
REL-HALLMA-0001173,HM-01542,Nisha Assay & Hallmarking Centre,Assaying & Hallmarking,,,,PROVIDES,services,services,Assaying & Hallmarking,,F038,bis_topic17_hallmarking_centres.csv,,1174,1.00,
REL-HALLMA-0001174,HM-01543,Raksha Assay & Hallmarking Centre,Assaying & Hallmarking,,,,PROVIDES,services,services,Assaying & Hallmarking,,F038,bis_topic17_hallmarking_centres.csv,,1175,1.00,
REL-HALLMA-0001175,HM-01544,SRI SUN ASSAYING & HALLMARKING CENTRE,Assaying & Hallmarking,,,,PROVIDES,services,services,Assaying & Hallmarking,,F038,bis_topic17_hallmarking_centres.csv,,1176,1.00,
REL-HALLMA-0001176,HM-01545,SRI BALAJI ASSAYING AND HALLMARK,Assaying & Hallmarking,,,,PROVIDES,services,services,Assaying & Hallmarking,,F038,bis_topic17_hallmarking_centres.csv,,1177,1.00,
REL-HALLMA-0001177,HM-01546,Saai Krishna Hallmarking,Assaying & Hallmarking,,,,PROVIDES,services,services,Assaying & Hallmarking,,F038,bis_topic17_hallmarking_centres.csv,,1178,1.00,
REL-HALLMA-0001178,HM-01547,KARPAGAM HALLMARK CENTRE,Assaying & Hallmarking,,,,PROVIDES,services,services,Assaying & Hallmarking,,F038,bis_topic17_hallmarking_centres.csv,,1179,1.00,
REL-HALLMA-0001179,HM-01548,Supreme Silver Hallmarking,Assaying & Hallmarking,,,,PROVIDES,services,services,Assaying & Hallmarking,,F038,bis_topic17_hallmarking_centres.csv,,1180,1.00,
REL-HALLMA-0001180,HM-01551,BOMBAY ASSAY COMPANY,Assaying & Hallmarking,,,,PROVIDES,services,services,Assaying & Hallmarking,,F038,bis_topic17_hallmarking_centres.csv,,1181,1.00,
REL-HALLMA-0001181,HM-01552,PASUPATHEESWARAR HALLMARK CENTRE,Assaying & Hallmarking,,,,PROVIDES,services,services,Assaying & Hallmarking,,F038,bis_topic17_hallmarking_centres.csv,,1182,1.00,
REL-HALLMA-0001182,HM-01553,KAVI HALLMARKING CENTRE,Assaying & Hallmarking,,,,PROVIDES,services,services,Assaying & Hallmarking,,F038,bis_topic17_hallmarking_centres.csv,,1183,1.00,
REL-HALLMA-0001183,HM-01554,NUCLEUS ANALYTICAL LABORATORY,Assaying & Hallmarking,,,,PROVIDES,services,services,Assaying & Hallmarking,,F038,bis_topic17_hallmarking_centres.csv,,1184,1.00,
REL-HALLMA-0001184,HM-01555,RUBY ASSAY & HALLMARKING CENTRE,Assaying & Hallmarking,,,,PROVIDES,services,services,Assaying & Hallmarking,,F038,bis_topic17_hallmarking_centres.csv,,1185,1.00,
REL-HALLMA-0001185,HM-01556,AURIC ASSAY CENTRE PRIVATE LIMITED,Assaying & Hallmarking,,,,PROVIDES,services,services,Assaying & Hallmarking,,F038,bis_topic17_hallmarking_centres.csv,,1186,1.00,
REL-HALLMA-0001186,HM-01558,SRI PALANI MURUGAN HALLMARKING CENTRE,Assaying & Hallmarking,,,,PROVIDES,services,services,Assaying & Hallmarking,,F038,bis_topic17_hallmarking_centres.csv,,1187,1.00,
REL-HALLMA-0001187,HM-01560,KALA Salem Silver Hallmarking Centre,Assaying & Hallmarking,,,,PROVIDES,services,services,Assaying & Hallmarking,,F038,bis_topic17_hallmarking_centres.csv,,1188,1.00,
REL-HALLMA-0001188,HM-01561,KAWAD HALLMARKING CENTER,Assaying & Hallmarking,,,,PROVIDES,services,services,Assaying & Hallmarking,,F038,bis_topic17_hallmarking_centres.csv,,1189,1.00,
REL-HALLMA-0001189,HM-01562,SRI GEM GOLD TEST & HALLMARK CENTER,Assaying & Hallmarking,,,,PROVIDES,services,services,Assaying & Hallmarking,,F038,bis_topic17_hallmarking_centres.csv,,1190,1.00,
REL-HALLMA-0001190,HM-01563,RAJKALA HALLMARKING CENTER AND ASSAY,Assaying & Hallmarking,,,,PROVIDES,services,services,Assaying & Hallmarking,,F038,bis_topic17_hallmarking_centres.csv,,1191,1.00,
REL-HALLMA-0001191,HM-01564,SHREE VIJAY HALLMARK CENTRE,Assaying & Hallmarking,,,,PROVIDES,services,services,Assaying & Hallmarking,,F038,bis_topic17_hallmarking_centres.csv,,1192,1.00,
REL-HALLMA-0001192,HM-01566,SRR Hallmarking & Assaying Centre,Assaying & Hallmarking,,,,PROVIDES,services,services,Assaying & Hallmarking,,F038,bis_topic17_hallmarking_centres.csv,,1193,1.00,
REL-HALLMA-0001193,HM-01567,SRR Hallmarking & Assaying Centre,Assaying & Hallmarking,,,,PROVIDES,services,services,Assaying & Hallmarking,,F038,bis_topic17_hallmarking_centres.csv,,1194,1.00,
REL-HALLMA-0001194,HM-01568,PARIYUR AMMAN HALLMARK CENTRE,Assaying & Hallmarking,,,,PROVIDES,services,services,Assaying & Hallmarking,,F038,bis_topic17_hallmarking_centres.csv,,1195,1.00,
REL-HALLMA-0001195,HM-01570,SHRI OM HALLMARK CENTRE,Assaying & Hallmarking,,,,PROVIDES,services,services,Assaying & Hallmarking,,F038,bis_topic17_hallmarking_centres.csv,,1196,1.00,
REL-HALLMA-0001196,HM-01572,Green Gem Testings India Private Limited Unit II,Assaying & Hallmarking,,,,PROVIDES,services,services,Assaying & Hallmarking,,F038,bis_topic17_hallmarking_centres.csv,,1197,1.00,
REL-HALLMA-0001197,HM-01573,ROYAL ASSAY AND HALLMARKING CENTRE PVT LTD,Assaying & Hallmarking,,,,PROVIDES,services,services,Assaying & Hallmarking,,F038,bis_topic17_hallmarking_centres.csv,,1198,1.00,
REL-HALLMA-0001198,HM-01574,AKSHAYA ASSAY & HALLMARK CENTRE,Assaying & Hallmarking,,,,PROVIDES,services,services,Assaying & Hallmarking,,F038,bis_topic17_hallmarking_centres.csv,,1199,1.00,
REL-HALLMA-0001199,HM-01575,UNNAMULAI ASSAYING HALLMARKING CENTER,Assaying & Hallmarking,,,,PROVIDES,services,services,Assaying & Hallmarking,,F038,bis_topic17_hallmarking_centres.csv,,1200,1.00,
REL-HALLMA-0001200,HM-01577,G G HALLMARKING CENTRE,Assaying & Hallmarking,,,,PROVIDES,services,services,Assaying & Hallmarking,,F038,bis_topic17_hallmarking_centres.csv,,1201,1.00,
REL-HALLMA-0001201,HM-01579,VISHWA HALLMARKING PRIVATE LIMITED,Assaying & Hallmarking,,,,PROVIDES,services,services,Assaying & Hallmarking,,F038,bis_topic17_hallmarking_centres.csv,,1202,1.00,
REL-HALLMA-0001202,HM-01580,PURE ATHIRA ASSAY AND HALLMARKING CENTRE,Assaying & Hallmarking,,,,PROVIDES,services,services,Assaying & Hallmarking,,F038,bis_topic17_hallmarking_centres.csv,,1203,1.00,
REL-HALLMA-0001203,HM-01581,SRI SAKTHI HALLMARKING CENTRE,Assaying & Hallmarking,,,,PROVIDES,services,services,Assaying & Hallmarking,,F038,bis_topic17_hallmarking_centres.csv,,1204,1.00,
REL-HALLMA-0001204,HM-01582,MAHASAKTHI HALLMARKING,Assaying & Hallmarking,,,,PROVIDES,services,services,Assaying & Hallmarking,,F038,bis_topic17_hallmarking_centres.csv,,1205,1.00,
REL-HALLMA-0001205,HM-01583,VLN ASSAY & HALLMARKING PRIVATE LIMITED,Assaying & Hallmarking,,,,PROVIDES,services,services,Assaying & Hallmarking,,F038,bis_topic17_hallmarking_centres.csv,,1206,1.00,
REL-HALLMA-0001206,HM-01584,RIDDHI SIDDHI HALLMARKS,Assaying & Hallmarking,,,,PROVIDES,services,services,Assaying & Hallmarking,,F038,bis_topic17_hallmarking_centres.csv,,1207,1.00,
REL-HALLMA-0001207,HM-01585,MAHA HALLMARK CENTRE,Assaying & Hallmarking,,,,PROVIDES,services,services,Assaying & Hallmarking,,F038,bis_topic17_hallmarking_centres.csv,,1208,1.00,
REL-HALLMA-0001208,HM-01586,Karthik Hallmarks,Assaying & Hallmarking,,,,PROVIDES,services,services,Assaying & Hallmarking,,F038,bis_topic17_hallmarking_centres.csv,,1209,1.00,
REL-HALLMA-0001209,HM-01587,PRINCE HALLMARKING AND REFINERY PRIVATE LIMITED,Assaying & Hallmarking,,,,PROVIDES,services,services,Assaying & Hallmarking,,F038,bis_topic17_hallmarking_centres.csv,,1210,1.00,
REL-HALLMA-0001210,HM-01588,MARUTHI HALLMARK,Assaying & Hallmarking,,,,PROVIDES,services,services,Assaying & Hallmarking,,F038,bis_topic17_hallmarking_centres.csv,,1211,1.00,
REL-HALLMA-0001211,HM-01589,Aurum Hallmark Centre,Assaying & Hallmarking,,,,PROVIDES,services,services,Assaying & Hallmarking,,F038,bis_topic17_hallmarking_centres.csv,,1212,1.00,
REL-HALLMA-0001212,HM-01592,MANASVI HALLMARKING CENTER,Assaying & Hallmarking,,,,PROVIDES,services,services,Assaying & Hallmarking,,F038,bis_topic17_hallmarking_centres.csv,,1213,1.00,
REL-HALLMA-0001213,HM-01593,UNIQUE HALLMARKING,Assaying & Hallmarking,,,,PROVIDES,services,services,Assaying & Hallmarking,,F038,bis_topic17_hallmarking_centres.csv,,1214,1.00,
REL-HALLMA-0001214,HM-01596,SRI KRIYA HALLMARK AND LAB,Assaying & Hallmarking,,,,PROVIDES,services,services,Assaying & Hallmarking,,F038,bis_topic17_hallmarking_centres.csv,,1215,1.00,
REL-HALLMA-0001215,HM-01598,VIJAY HALLMARKING CENTRE,Assaying & Hallmarking,,,,PROVIDES,services,services,Assaying & Hallmarking,,F038,bis_topic17_hallmarking_centres.csv,,1216,1.00,
REL-HALLMA-0001216,HM-01599,AYYAN HALLMARK CENTRE,Assaying & Hallmarking,,,,PROVIDES,services,services,Assaying & Hallmarking,,F038,bis_topic17_hallmarking_centres.csv,,1217,1.00,
REL-HALLMA-0001217,HM-01600,S K HALLMARK,Assaying & Hallmarking,,,,PROVIDES,services,services,Assaying & Hallmarking,,F038,bis_topic17_hallmarking_centres.csv,,1218,1.00,
REL-HALLMA-0001218,HM-01602,MAHI HALLMARK,Assaying & Hallmarking,,,,PROVIDES,services,services,Assaying & Hallmarking,,F038,bis_topic17_hallmarking_centres.csv,,1219,1.00,
REL-HALLMA-0001219,HM-01604,AVR ASSAYING AND HALLMARKING CENTRE,Assaying & Hallmarking,,,,PROVIDES,services,services,Assaying & Hallmarking,,F038,bis_topic17_hallmarking_centres.csv,,1220,1.00,
REL-HALLMA-0001220,HM-01606,LAKSHANA SHRI HALLMARKING CENTRE,Assaying & Hallmarking,,,,PROVIDES,services,services,Assaying & Hallmarking,,F038,bis_topic17_hallmarking_centres.csv,,1221,1.00,
REL-HALLMA-0001221,HM-01607,RITHUL HALLMARKING CENTRE,Assaying & Hallmarking,,,,PROVIDES,services,services,Assaying & Hallmarking,,F038,bis_topic17_hallmarking_centres.csv,,1222,1.00,
REL-HALLMA-0001222,HM-01608,SRI HARI HALLMARKS,Assaying & Hallmarking,,,,PROVIDES,services,services,Assaying & Hallmarking,,F038,bis_topic17_hallmarking_centres.csv,,1223,1.00,
REL-HALLMA-0001223,HM-01609,Eranad Hallmarking Centre Pvt Ltd,Assaying & Hallmarking,,,,PROVIDES,services,services,Assaying & Hallmarking,,F038,bis_topic17_hallmarking_centres.csv,,1224,1.00,
REL-HALLMA-0001224,HM-01610,VALLUVANAD ASSAY AND HALLMARKING LLP,Assaying & Hallmarking,,,,PROVIDES,services,services,Assaying & Hallmarking,,F038,bis_topic17_hallmarking_centres.csv,,1225,1.00,
REL-HALLMA-0001225,HM-01611,Precise Assay and Hallmarking Centre,Assaying & Hallmarking,,,,PROVIDES,services,services,Assaying & Hallmarking,,F038,bis_topic17_hallmarking_centres.csv,,1226,1.00,
REL-HALLMA-0001226,HM-01613,NEW KOTTAKKAL ASSAY AND HALLMARKING,Assaying & Hallmarking,,,,PROVIDES,services,services,Assaying & Hallmarking,,F038,bis_topic17_hallmarking_centres.csv,,1227,1.00,
REL-HALLMA-0001227,HM-01614,PRISM ASSAY AND HALLMARKING CENTRE,Assaying & Hallmarking,,,,PROVIDES,services,services,Assaying & Hallmarking,,F038,bis_topic17_hallmarking_centres.csv,,1228,1.00,
REL-HALLMA-0001228,HM-01616,GLOBAL ASSAY AND HALLMARKING,Assaying & Hallmarking,,,,PROVIDES,services,services,Assaying & Hallmarking,,F038,bis_topic17_hallmarking_centres.csv,,1229,1.00,
REL-HALLMA-0001229,HM-01617,FOCUS ASSAY AND HALLMARKING CENTRE,Assaying & Hallmarking,,,,PROVIDES,services,services,Assaying & Hallmarking,,F038,bis_topic17_hallmarking_centres.csv,,1230,1.00,
REL-HALLMA-0001230,HM-01618,VISION ASSAYING & HALLMARKING CENTRE,Assaying & Hallmarking,,,,PROVIDES,services,services,Assaying & Hallmarking,,F038,bis_topic17_hallmarking_centres.csv,,1231,1.00,
REL-HALLMA-0001231,HM-01619,GRAND HALL MARKING CENTRE LLP,Assaying & Hallmarking,,,,PROVIDES,services,services,Assaying & Hallmarking,,F038,bis_topic17_hallmarking_centres.csv,,1232,1.00,
REL-HALLMA-0001232,HM-01620,EMINENT ASSAY & HALLMARKS LLP,Assaying & Hallmarking,,,,PROVIDES,services,services,Assaying & Hallmarking,,F038,bis_topic17_hallmarking_centres.csv,,1233,1.00,
REL-HALLMA-0001233,HM-01622,GREAT ASSAY AND HALLMARKING CENTER,Assaying & Hallmarking,,,,PROVIDES,services,services,Assaying & Hallmarking,,F038,bis_topic17_hallmarking_centres.csv,,1234,1.00,
REL-HALLMA-0001234,HM-01623,Kohinoor Assying and Hallmarking Centre,Assaying & Hallmarking,,,,PROVIDES,services,services,Assaying & Hallmarking,,F038,bis_topic17_hallmarking_centres.csv,,1235,1.00,
REL-HALLMA-0001235,HM-01624,Thalassery Assay and Hallmarking Centre,Assaying & Hallmarking,,,,PROVIDES,services,services,Assaying & Hallmarking,,F038,bis_topic17_hallmarking_centres.csv,,1236,1.00,
REL-HALLMA-0001236,HM-01625,KASARGODE ASSAY AND HALLMARKING CENTRE,Assaying & Hallmarking,,,,PROVIDES,services,services,Assaying & Hallmarking,,F038,bis_topic17_hallmarking_centres.csv,,1237,1.00,
REL-HALLMA-0001237,HM-01626,QUALITY ASSAY & HALLMARKING CENTRE PRIVATE LIMITED,Assaying & Hallmarking,,,,PROVIDES,services,services,Assaying & Hallmarking,,F038,bis_topic17_hallmarking_centres.csv,,1238,1.00,
REL-HALLMA-0001238,HM-01627,JEWEL ASSAY LLP,Assaying & Hallmarking,,,,PROVIDES,services,services,Assaying & Hallmarking,,F038,bis_topic17_hallmarking_centres.csv,,1239,1.00,
REL-HALLMA-0001239,HM-01629,HONEST ASSAY AND HALLMARKING CENTRE,Assaying & Hallmarking,,,,PROVIDES,services,services,Assaying & Hallmarking,,F038,bis_topic17_hallmarking_centres.csv,,1240,1.00,
REL-HALLMA-0001240,HM-01630,BOMBAY ASSAY AND HALLMARKING CENTRE,Assaying & Hallmarking,,,,PROVIDES,services,services,Assaying & Hallmarking,,F038,bis_topic17_hallmarking_centres.csv,,1241,1.00,
REL-HALLMA-0001241,HM-01631,L J ASSAYING AND HALL MARKING CENTRE,Assaying & Hallmarking,,,,PROVIDES,services,services,Assaying & Hallmarking,,F038,bis_topic17_hallmarking_centres.csv,,1242,1.00,
REL-HALLMA-0001242,HM-01632,Crystal Assay And Hallmarking Centre,Assaying & Hallmarking,,,,PROVIDES,services,services,Assaying & Hallmarking,,F038,bis_topic17_hallmarking_centres.csv,,1243,1.00,
REL-HALLMA-0001243,HM-01634,SBR Assaying and Hallmarking Centre,Assaying & Hallmarking,,,,PROVIDES,services,services,Assaying & Hallmarking,,F038,bis_topic17_hallmarking_centres.csv,,1244,1.00,
REL-HALLMA-0001244,HM-01635,Shivshakti Assaying and Hallmarking Centre,Assaying & Hallmarking,,,,PROVIDES,services,services,Assaying & Hallmarking,,F038,bis_topic17_hallmarking_centres.csv,,1245,1.00,
REL-HALLMA-0001245,HM-01636,LAKSHMI ASSAY AND HALLMARKING CENTER,Assaying & Hallmarking,,,,PROVIDES,services,services,Assaying & Hallmarking,,F038,bis_topic17_hallmarking_centres.csv,,1246,1.00,
REL-HALLMA-0001246,HM-01637,New Poovathingal Assay & Hallmarking Centre,Assaying & Hallmarking,,,,PROVIDES,services,services,Assaying & Hallmarking,,F038,bis_topic17_hallmarking_centres.csv,,1247,1.00,
REL-HALLMA-0001247,HM-01638,PRINCE HALLMARKING AND REFINERY PRIVATE LIMITED,Assaying & Hallmarking,,,,PROVIDES,services,services,Assaying & Hallmarking,,F038,bis_topic17_hallmarking_centres.csv,,1248,1.00,
REL-HALLMA-0001248,HM-01639,NEW POPULAR ASSAY & HALLMARKING CENTRE,Assaying & Hallmarking,,,,PROVIDES,services,services,Assaying & Hallmarking,,F038,bis_topic17_hallmarking_centres.csv,,1249,1.00,
REL-HALLMA-0001249,HM-01641,Crown Assay & Hallmarking Centre,Assaying & Hallmarking,,,,PROVIDES,services,services,Assaying & Hallmarking,,F038,bis_topic17_hallmarking_centres.csv,,1250,1.00,
REL-HALLMA-0001250,HM-01642,PERFECT ASSAY AND HALLMARKING CENTRE,Assaying & Hallmarking,,,,PROVIDES,services,services,Assaying & Hallmarking,,F038,bis_topic17_hallmarking_centres.csv,,1251,1.00,
REL-HALLMA-0001251,HM-01644,Jai Krishna Assay and Hallmarking Centre,Assaying & Hallmarking,,,,PROVIDES,services,services,Assaying & Hallmarking,,F038,bis_topic17_hallmarking_centres.csv,,1252,1.00,
REL-HALLMA-0001252,HM-01645,SIGNATURE ASSAY AND HALLMARKS,Assaying & Hallmarking,,,,PROVIDES,services,services,Assaying & Hallmarking,,F038,bis_topic17_hallmarking_centres.csv,,1253,1.00,
REL-HALLMA-0001253,HM-01646,ANNS ASSAY AND HALLMARKING CENTRE,Assaying & Hallmarking,,,,PROVIDES,services,services,Assaying & Hallmarking,,F038,bis_topic17_hallmarking_centres.csv,,1254,1.00,
REL-HALLMA-0001254,HM-01648,LILLYS HALLMARK CENTRE,Assaying & Hallmarking,,,,PROVIDES,services,services,Assaying & Hallmarking,,F038,bis_topic17_hallmarking_centres.csv,,1255,1.00,
REL-HALLMA-0001255,HM-01649,New Kerala Assay and Hallmarking Centre,Assaying & Hallmarking,,,,PROVIDES,services,services,Assaying & Hallmarking,,F038,bis_topic17_hallmarking_centres.csv,,1256,1.00,
REL-HALLMA-0001256,HM-01650,Pure Athira Assay Hallmarking Centre,Assaying & Hallmarking,,,,PROVIDES,services,services,Assaying & Hallmarking,,F038,bis_topic17_hallmarking_centres.csv,,1257,1.00,
REL-HALLMA-0001257,HM-01651,NUCLEUS ASSAY AND HALLMARKING CENTRE,Assaying & Hallmarking,,,,PROVIDES,services,services,Assaying & Hallmarking,,F038,bis_topic17_hallmarking_centres.csv,,1258,1.00,
REL-HALLMA-0001258,HM-01654,AL HAKAM HALLMARK AND ASSAY CENTER,Assaying & Hallmarking,,,,PROVIDES,services,services,Assaying & Hallmarking,,F038,bis_topic17_hallmarking_centres.csv,,1259,1.00,
REL-HALLMA-0001259,HM-01655,NEW BOMBAY ASSAY AND HALLMARKING CENTER,Assaying & Hallmarking,,,,PROVIDES,services,services,Assaying & Hallmarking,,F038,bis_topic17_hallmarking_centres.csv,,1260,1.00,
REL-HALLMA-0001260,HM-01657,EMIRATES ASSAY AND HALLMARK,Assaying & Hallmarking,,,,PROVIDES,services,services,Assaying & Hallmarking,,F038,bis_topic17_hallmarking_centres.csv,,1261,1.00,
REL-HALLMA-0001261,HM-01658,Venus Hallmarking Centre,Assaying & Hallmarking,,,,PROVIDES,services,services,Assaying & Hallmarking,,F038,bis_topic17_hallmarking_centres.csv,,1262,1.00,
REL-HALLMA-0001262,HM-01661,DEE ASSAY AND HALLMARKING,Assaying & Hallmarking,,,,PROVIDES,services,services,Assaying & Hallmarking,,F038,bis_topic17_hallmarking_centres.csv,,1263,1.00,
REL-HALLMA-0001263,HM-01662,Sri Maruti Hallmarking Centre,Assaying & Hallmarking,,,,PROVIDES,services,services,Assaying & Hallmarking,,F038,bis_topic17_hallmarking_centres.csv,,1264,1.00,
REL-HALLMA-0001264,HM-01667,Icon Assay and Hallmarking Centre,Assaying & Hallmarking,,,,PROVIDES,services,services,Assaying & Hallmarking,,F038,bis_topic17_hallmarking_centres.csv,,1265,1.00,
REL-HALLMA-0001265,HM-01668,Icon Assay and Hallmarking Centre,Assaying & Hallmarking,,,,PROVIDES,services,services,Assaying & Hallmarking,,F038,bis_topic17_hallmarking_centres.csv,,1266,1.00,
REL-HALLMA-0001266,HM-01669,GOLDMARK ASSAY AND HALLMARKING CENTRE,Assaying & Hallmarking,,,,PROVIDES,services,services,Assaying & Hallmarking,,F038,bis_topic17_hallmarking_centres.csv,,1267,1.00,
REL-HALLMA-0001267,HM-01670,THE LOTUS ASSAY AND HALLMARKING CENTRE,Assaying & Hallmarking,,,,PROVIDES,services,services,Assaying & Hallmarking,,F038,bis_topic17_hallmarking_centres.csv,,1268,1.00,
REL-HALLMA-0001268,HM-01672,KARUNAGAPPALLY ASSAY AND HALLMARKING CENTRE,Assaying & Hallmarking,,,,PROVIDES,services,services,Assaying & Hallmarking,,F038,bis_topic17_hallmarking_centres.csv,,1269,1.00,
REL-HALLMA-0001269,HM-01673,SUN ASSAY AND HALLMARKING CENTRE,Assaying & Hallmarking,,,,PROVIDES,services,services,Assaying & Hallmarking,,F038,bis_topic17_hallmarking_centres.csv,,1270,1.00,
REL-HALLMA-0001270,HM-01674,KANAKA ASSAY AND HALLMARKING CENTRE,Assaying & Hallmarking,,,,PROVIDES,services,services,Assaying & Hallmarking,,F038,bis_topic17_hallmarking_centres.csv,,1271,1.00,
REL-HALLMA-0001271,HM-01676,venadassayandhallmarking,Assaying & Hallmarking,,,,PROVIDES,services,services,Assaying & Hallmarking,,F038,bis_topic17_hallmarking_centres.csv,,1272,1.00,
REL-HALLMA-0001272,HM-01679,ROSE ASSAY AND HALLMARKING CENTRE,Assaying & Hallmarking,,,,PROVIDES,services,services,Assaying & Hallmarking,,F038,bis_topic17_hallmarking_centres.csv,,1273,1.00,
REL-HALLMA-0001273,HM-01680,ANANTHAPURI HALLMARKS,Assaying & Hallmarking,,,,PROVIDES,services,services,Assaying & Hallmarking,,F038,bis_topic17_hallmarking_centres.csv,,1274,1.00,
REL-HALLMA-0001274,HM-01681,PB ASSAYING AND HALLMARKING CENTRE,Assaying & Hallmarking,,,,PROVIDES,services,services,Assaying & Hallmarking,,F038,bis_topic17_hallmarking_centres.csv,,1275,1.00,
REL-HALLMA-0001275,HM-01682,M B HALLMARK CENTRE,Assaying & Hallmarking,,,,PROVIDES,services,services,Assaying & Hallmarking,,F038,bis_topic17_hallmarking_centres.csv,,1276,1.00,
REL-HALLMA-0001276,HM-01683,C AND B HALLMARK CENTER,Assaying & Hallmarking,,,,PROVIDES,services,services,Assaying & Hallmarking,,F038,bis_topic17_hallmarking_centres.csv,,1277,1.00,
REL-HALLMA-0001277,HM-01684,KRISHNA HALLMARKING CENTER,Assaying & Hallmarking,,,,PROVIDES,services,services,Assaying & Hallmarking,,F038,bis_topic17_hallmarking_centres.csv,,1278,1.00,
REL-HALLMA-0001278,HM-01685,SEENU HALLMARKING CENTER,Assaying & Hallmarking,,,,PROVIDES,services,services,Assaying & Hallmarking,,F038,bis_topic17_hallmarking_centres.csv,,1279,1.00,
REL-HALLMA-0001279,HM-01686,Aum Hallmarking Centre,Assaying & Hallmarking,,,,PROVIDES,services,services,Assaying & Hallmarking,,F038,bis_topic17_hallmarking_centres.csv,,1280,1.00,
REL-HALLMA-0001280,HM-01687,MARUTI HALLMARKING CENTRE,Assaying & Hallmarking,,,,PROVIDES,services,services,Assaying & Hallmarking,,F038,bis_topic17_hallmarking_centres.csv,,1281,1.00,
REL-HALLMA-0001281,HM-01688,TULJA BHAVANI ASSAYING & HALLMARKING CENTER,Assaying & Hallmarking,,,,PROVIDES,services,services,Assaying & Hallmarking,,F038,bis_topic17_hallmarking_centres.csv,,1282,1.00,
REL-HALLMA-0001282,HM-01689,VRAJ HALLMARK CENTRE,Assaying & Hallmarking,,,,PROVIDES,services,services,Assaying & Hallmarking,,F038,bis_topic17_hallmarking_centres.csv,,1283,1.00,
REL-HALLMA-0001283,HM-01690,V G TOUCH & HALLMARKING CENTRE,Assaying & Hallmarking,,,,PROVIDES,services,services,Assaying & Hallmarking,,F038,bis_topic17_hallmarking_centres.csv,,1284,1.00,
REL-HALLMA-0001284,HM-01691,TANVI HALLMARKING LAB,Assaying & Hallmarking,,,,PROVIDES,services,services,Assaying & Hallmarking,,F038,bis_topic17_hallmarking_centres.csv,,1285,1.00,
REL-HALLMA-0001285,HM-01692,TANVI HALLMARKING LAB,Assaying & Hallmarking,,,,PROVIDES,services,services,Assaying & Hallmarking,,F038,bis_topic17_hallmarking_centres.csv,,1286,1.00,
REL-HALLMA-0001286,HM-01693,Shree Yamuna Hallmarking Centre,Assaying & Hallmarking,,,,PROVIDES,services,services,Assaying & Hallmarking,,F038,bis_topic17_hallmarking_centres.csv,,1287,1.00,
REL-HALLMA-0001287,HM-01694,SHREE DWARKADHISH ASSAYING AND HALLMARKING,Assaying & Hallmarking,,,,PROVIDES,services,services,Assaying & Hallmarking,,F038,bis_topic17_hallmarking_centres.csv,,1288,1.00,
REL-HALLMA-0001288,HM-01695,OM HALLMARK CENTER,Assaying & Hallmarking,,,,PROVIDES,services,services,Assaying & Hallmarking,,F038,bis_topic17_hallmarking_centres.csv,,1289,1.00,
REL-HALLMA-0001289,HM-01696,MAA MOMAI KRUPA HALLMARKING CENTER,Assaying & Hallmarking,,,,PROVIDES,services,services,Assaying & Hallmarking,,F038,bis_topic17_hallmarking_centres.csv,,1290,1.00,
REL-HALLMA-0001290,HM-01698,RADHE ASSAYING AND HALLMARKING CENTRE,Assaying & Hallmarking,,,,PROVIDES,services,services,Assaying & Hallmarking,,F038,bis_topic17_hallmarking_centres.csv,,1291,1.00,
REL-HALLMA-0001291,HM-01699,Vraj Hallmark Centre,Assaying & Hallmarking,,,,PROVIDES,services,services,Assaying & Hallmarking,,F038,bis_topic17_hallmarking_centres.csv,,1292,1.00,
REL-HALLMA-0001292,HM-01700,SHREE RADHAKRISHNA HALLMARKING CENTRE,Assaying & Hallmarking,,,,PROVIDES,services,services,Assaying & Hallmarking,,F038,bis_topic17_hallmarking_centres.csv,,1293,1.00,
REL-HALLMA-0001293,HM-01701,R K ASSAYING AND HALLMARKING CENTER,Assaying & Hallmarking,,,,PROVIDES,services,services,Assaying & Hallmarking,,F038,bis_topic17_hallmarking_centres.csv,,1294,1.00,
REL-HALLMA-0001294,HM-01702,SHREE SAIKRUPA HALLMARKING CENTRE,Assaying & Hallmarking,,,,PROVIDES,services,services,Assaying & Hallmarking,,F038,bis_topic17_hallmarking_centres.csv,,1295,1.00,
REL-HALLMA-0001295,HM-01703,SHREE MADHAV HALLMARKING CENTRE,Assaying & Hallmarking,,,,PROVIDES,services,services,Assaying & Hallmarking,,F038,bis_topic17_hallmarking_centres.csv,,1296,1.00,
REL-HALLMA-0001296,HM-01706,OM HALLMARKING CENTRE,Assaying & Hallmarking,,,,PROVIDES,services,services,Assaying & Hallmarking,,F038,bis_topic17_hallmarking_centres.csv,,1297,1.00,
REL-HALLMA-0001297,HM-01707,HARISHREE HALLMARKING CENTRE,Assaying & Hallmarking,,,,PROVIDES,services,services,Assaying & Hallmarking,,F038,bis_topic17_hallmarking_centres.csv,,1298,1.00,
REL-HALLMA-0001298,HM-01708,VAB ASSAYING HALLMARKING CENTRE,Assaying & Hallmarking,,,,PROVIDES,services,services,Assaying & Hallmarking,,F038,bis_topic17_hallmarking_centres.csv,,1299,1.00,
REL-HALLMA-0001299,HM-01710,BHAVANI ASSAYING & HALLMARKING CENTRE,Assaying & Hallmarking,,,,PROVIDES,services,services,Assaying & Hallmarking,,F038,bis_topic17_hallmarking_centres.csv,,1300,1.00,
REL-HALLMA-0001300,HM-01711,GIRIRAJJI HALLMARKING CENTRE,Assaying & Hallmarking,,,,PROVIDES,services,services,Assaying & Hallmarking,,F038,bis_topic17_hallmarking_centres.csv,,1301,1.00,
REL-HALLMA-0001301,HM-01712,GANESH HALLMARK CENTER,Assaying & Hallmarking,,,,PROVIDES,services,services,Assaying & Hallmarking,,F038,bis_topic17_hallmarking_centres.csv,,1302,1.00,
REL-HALLMA-0001302,HM-01713,RUDRA HALLMARKING AND ASSAYING CENTRE,Assaying & Hallmarking,,,,PROVIDES,services,services,Assaying & Hallmarking,,F038,bis_topic17_hallmarking_centres.csv,,1303,1.00,
REL-HALLMA-0001303,HM-01714,BALAJI ASSAYING AND HALLMARKING CENTRE,Assaying & Hallmarking,,,,PROVIDES,services,services,Assaying & Hallmarking,,F038,bis_topic17_hallmarking_centres.csv,,1304,1.00,
REL-HALLMA-0001304,HM-01716,SHREE MOMAI ASSAYING & HALLMARKING CENTRE,Assaying & Hallmarking,,,,PROVIDES,services,services,Assaying & Hallmarking,,F038,bis_topic17_hallmarking_centres.csv,,1305,1.00,
REL-HALLMA-0001305,HM-01718,G S HALLMARKING & REFINERY CENTRE RM,Assaying & Hallmarking,,,,PROVIDES,services,services,Assaying & Hallmarking,,F038,bis_topic17_hallmarking_centres.csv,,1306,1.00,
REL-HALLMA-0001306,HM-01719,NCH Services Private Limited,Assaying & Hallmarking,,,,PROVIDES,services,services,Assaying & Hallmarking,,F038,bis_topic17_hallmarking_centres.csv,,1307,1.00,
REL-HALLMA-0001307,HM-01720,SIDDHIVINAYAK HALLMARK & ASSAYING CENTER,Assaying & Hallmarking,,,,PROVIDES,services,services,Assaying & Hallmarking,,F038,bis_topic17_hallmarking_centres.csv,,1308,1.00,
REL-HALLMA-0001308,HM-01721,SHREE RANG HALLMARKING CENTER,Assaying & Hallmarking,,,,PROVIDES,services,services,Assaying & Hallmarking,,F038,bis_topic17_hallmarking_centres.csv,,1309,1.00,
REL-HALLMA-0001309,HM-01722,Shree Hari Hallmarking Centre,Assaying & Hallmarking,,,,PROVIDES,services,services,Assaying & Hallmarking,,F038,bis_topic17_hallmarking_centres.csv,,1310,1.00,
REL-HALLMA-0001310,HM-01724,SHREEJI HALLMARKING CENTRE,Assaying & Hallmarking,,,,PROVIDES,services,services,Assaying & Hallmarking,,F038,bis_topic17_hallmarking_centres.csv,,1311,1.00,
REL-HALLMA-0001311,HM-01725,SHREE HALLMARK CENTRE,Assaying & Hallmarking,,,,PROVIDES,services,services,Assaying & Hallmarking,,F038,bis_topic17_hallmarking_centres.csv,,1312,1.00,
REL-HALLMA-0001312,HM-01727,M N R HALLMARKING CENTER,Assaying & Hallmarking,,,,PROVIDES,services,services,Assaying & Hallmarking,,F038,bis_topic17_hallmarking_centres.csv,,1313,1.00,
REL-HALLMA-0001313,HM-01729,Ambica Hallmarking Center,Assaying & Hallmarking,,,,PROVIDES,services,services,Assaying & Hallmarking,,F038,bis_topic17_hallmarking_centres.csv,,1314,1.00,
REL-HALLMA-0001314,HM-01731,SHREEJI HALLMARK CENTER,Assaying & Hallmarking,,,,PROVIDES,services,services,Assaying & Hallmarking,,F038,bis_topic17_hallmarking_centres.csv,,1315,1.00,
REL-HALLMA-0001315,HM-01732,PARGO HALLMARK CENTER,Assaying & Hallmarking,,,,PROVIDES,services,services,Assaying & Hallmarking,,F038,bis_topic17_hallmarking_centres.csv,,1316,1.00,
REL-HALLMA-0001316,HM-01733,Siddhivinayak Hallmarking Center,Assaying & Hallmarking,,,,PROVIDES,services,services,Assaying & Hallmarking,,F038,bis_topic17_hallmarking_centres.csv,,1317,1.00,
REL-HALLMA-0001317,HM-01734,Mahalaxmi Hallmarking Center,Assaying & Hallmarking,,,,PROVIDES,services,services,Assaying & Hallmarking,,F038,bis_topic17_hallmarking_centres.csv,,1318,1.00,
REL-HALLMA-0001318,HM-01737,AMBIKA HALLMARKING CENTRE,Assaying & Hallmarking,,,,PROVIDES,services,services,Assaying & Hallmarking,,F038,bis_topic17_hallmarking_centres.csv,,1319,1.00,
REL-HALLMA-0001319,HM-01738,CHIRAG HALLMARKING CENTER,Assaying & Hallmarking,,,,PROVIDES,services,services,Assaying & Hallmarking,,F038,bis_topic17_hallmarking_centres.csv,,1320,1.00,
REL-HALLMA-0001320,HM-01739,Jay Bhavani Hallmarking Center,Assaying & Hallmarking,,,,PROVIDES,services,services,Assaying & Hallmarking,,F038,bis_topic17_hallmarking_centres.csv,,1321,1.00,
REL-HALLMA-0001321,HM-01741,PGC GOLD CENTER,Assaying & Hallmarking,,,,PROVIDES,services,services,Assaying & Hallmarking,,F038,bis_topic17_hallmarking_centres.csv,,1322,1.00,
REL-HALLMA-0001322,HM-01742,OM ASSAYING AND HALLMARKING CENTRE,Assaying & Hallmarking,,,,PROVIDES,services,services,Assaying & Hallmarking,,F038,bis_topic17_hallmarking_centres.csv,,1323,1.00,
REL-HALLMA-0001323,HM-01743,RADHA KRISHNA TOUCH AND HALLMARK CENTER,Assaying & Hallmarking,,,,PROVIDES,services,services,Assaying & Hallmarking,,F038,bis_topic17_hallmarking_centres.csv,,1324,1.00,
REL-HALLMA-0001324,HM-01744,JIYA ASSAYING AND HALLMARKING CENTER,Assaying & Hallmarking,,,,PROVIDES,services,services,Assaying & Hallmarking,,F038,bis_topic17_hallmarking_centres.csv,,1325,1.00,
REL-HALLMA-0001325,HM-01745,Shree Ram Hallmarking Centre,Assaying & Hallmarking,,,,PROVIDES,services,services,Assaying & Hallmarking,,F038,bis_topic17_hallmarking_centres.csv,,1326,1.00,
REL-HALLMA-0001326,HM-01746,PRINCE HALLMARKING CENTRE,Assaying & Hallmarking,,,,PROVIDES,services,services,Assaying & Hallmarking,,F038,bis_topic17_hallmarking_centres.csv,,1327,1.00,
REL-HALLMA-0001327,HM-01748,Shree Bhavani Hallmarking Centre,Assaying & Hallmarking,,,,PROVIDES,services,services,Assaying & Hallmarking,,F038,bis_topic17_hallmarking_centres.csv,,1328,1.00,
REL-HALLMA-0001328,HM-01750,VRAJ HALLMARKING CENTRE,Assaying & Hallmarking,,,,PROVIDES,services,services,Assaying & Hallmarking,,F038,bis_topic17_hallmarking_centres.csv,,1329,1.00,
REL-HALLMA-0001329,HM-01751,LAXMI HALLMARKING CENTER,Assaying & Hallmarking,,,,PROVIDES,services,services,Assaying & Hallmarking,,F038,bis_topic17_hallmarking_centres.csv,,1330,1.00,
REL-HALLMA-0001330,HM-01752,Shivam Assaying Hallmarking Centre,Assaying & Hallmarking,,,,PROVIDES,services,services,Assaying & Hallmarking,,F038,bis_topic17_hallmarking_centres.csv,,1331,1.00,
REL-HALLMA-0001331,HM-01753,JAGDAMBA HALLMARKING CENTRE,Assaying & Hallmarking,,,,PROVIDES,services,services,Assaying & Hallmarking,,F038,bis_topic17_hallmarking_centres.csv,,1332,1.00,
REL-HALLMA-0001332,HM-01754,VGR HALLMARKING CENTRE,Assaying & Hallmarking,,,,PROVIDES,services,services,Assaying & Hallmarking,,F038,bis_topic17_hallmarking_centres.csv,,1333,1.00,
REL-HALLMA-0001333,HM-01756,PITRU KRUPA ASSAYING LAB,Assaying & Hallmarking,,,,PROVIDES,services,services,Assaying & Hallmarking,,F038,bis_topic17_hallmarking_centres.csv,,1334,1.00,
REL-HALLMA-0001334,HM-01757,Manek Hallmarking Center,Assaying & Hallmarking,,,,PROVIDES,services,services,Assaying & Hallmarking,,F038,bis_topic17_hallmarking_centres.csv,,1335,1.00,
REL-HALLMA-0001335,HM-01758,JAIN HALLMARK CENTER,Assaying & Hallmarking,,,,PROVIDES,services,services,Assaying & Hallmarking,,F038,bis_topic17_hallmarking_centres.csv,,1336,1.00,
REL-HALLMA-0001336,HM-01759,SHREENATH HALLMARK CENTER,Assaying & Hallmarking,,,,PROVIDES,services,services,Assaying & Hallmarking,,F038,bis_topic17_hallmarking_centres.csv,,1337,1.00,
REL-HALLMA-0001337,HM-01760,Narayan Assaying And Hallmarking Centre,Assaying & Hallmarking,,,,PROVIDES,services,services,Assaying & Hallmarking,,F038,bis_topic17_hallmarking_centres.csv,,1338,1.00,
REL-HALLMA-0001338,HM-01761,Iskon Hallmarking Center,Assaying & Hallmarking,,,,PROVIDES,services,services,Assaying & Hallmarking,,F038,bis_topic17_hallmarking_centres.csv,,1339,1.00,
REL-HALLMA-0001339,HM-01762,SHREE HARI HALLMARKING CENTER,Assaying & Hallmarking,,,,PROVIDES,services,services,Assaying & Hallmarking,,F038,bis_topic17_hallmarking_centres.csv,,1340,1.00,
REL-HALLMA-0001340,HM-01764,DWARKESH HALLMARKING CENTRE,Assaying & Hallmarking,,,,PROVIDES,services,services,Assaying & Hallmarking,,F038,bis_topic17_hallmarking_centres.csv,,1341,1.00,
REL-HALLMA-0001341,HM-01765,SHREE JYOTILING HALLMARKING CENTRE,Assaying & Hallmarking,,,,PROVIDES,services,services,Assaying & Hallmarking,,F038,bis_topic17_hallmarking_centres.csv,,1342,1.00,
REL-HALLMA-0001342,HM-01766,SHENAL ASSAYING AND HALLMARKING CENTRE,Assaying & Hallmarking,,,,PROVIDES,services,services,Assaying & Hallmarking,,F038,bis_topic17_hallmarking_centres.csv,,1343,1.00,
REL-HALLMA-0001343,HM-01767,Vardhman Hallmarking Center,Assaying & Hallmarking,,,,PROVIDES,services,services,Assaying & Hallmarking,,F038,bis_topic17_hallmarking_centres.csv,,1344,1.00,
REL-HALLMA-0001344,HM-01768,SOHAM ASSAYING & HALLMARKING CENTER,Assaying & Hallmarking,,,,PROVIDES,services,services,Assaying & Hallmarking,,F038,bis_topic17_hallmarking_centres.csv,,1345,1.00,
REL-HALLMA-0001345,HM-01769,SHRI RIDDHI SIDDHI HALLMARKING CENTER,Assaying & Hallmarking,,,,PROVIDES,services,services,Assaying & Hallmarking,,F038,bis_topic17_hallmarking_centres.csv,,1346,1.00,
REL-HALLMA-0001346,HM-01771,RAMDEV HALLMARKING CENTRE,Assaying & Hallmarking,,,,PROVIDES,services,services,Assaying & Hallmarking,,F038,bis_topic17_hallmarking_centres.csv,,1347,1.00,
REL-HALLMA-0001347,HM-01772,SHREE AMBICA TOUCH,Assaying & Hallmarking,,,,PROVIDES,services,services,Assaying & Hallmarking,,F038,bis_topic17_hallmarking_centres.csv,,1348,1.00,
REL-HALLMA-0001348,HM-01773,Nilkanth Hallmarking Centre,Assaying & Hallmarking,,,,PROVIDES,services,services,Assaying & Hallmarking,,F038,bis_topic17_hallmarking_centres.csv,,1349,1.00,
REL-HALLMA-0001349,HM-01774,Arihant Assaying and Hallmarking Centre,Assaying & Hallmarking,,,,PROVIDES,services,services,Assaying & Hallmarking,,F038,bis_topic17_hallmarking_centres.csv,,1350,1.00,
REL-HALLMA-0001350,HM-01775,ANSH ASSAYING AND HALLMARKING CENTER,Assaying & Hallmarking,,,,PROVIDES,services,services,Assaying & Hallmarking,,F038,bis_topic17_hallmarking_centres.csv,,1351,1.00,
REL-HALLMA-0001351,HM-01776,Noble Assaying & Hallmarking Centre,Assaying & Hallmarking,,,,PROVIDES,services,services,Assaying & Hallmarking,,F038,bis_topic17_hallmarking_centres.csv,,1352,1.00,
REL-HALLMA-0001352,HM-01777,SHREE ASSAYING AND HALLMARKING CENTRE,Assaying & Hallmarking,,,,PROVIDES,services,services,Assaying & Hallmarking,,F038,bis_topic17_hallmarking_centres.csv,,1353,1.00,
REL-HALLMA-0001353,HM-01778,JAY JIRAWALA HALLMARKING CENTER,Assaying & Hallmarking,,,,PROVIDES,services,services,Assaying & Hallmarking,,F038,bis_topic17_hallmarking_centres.csv,,1354,1.00,
REL-HALLMA-0001354,HM-01779,AADINATH HALLMARKING CENTRE,Assaying & Hallmarking,,,,PROVIDES,services,services,Assaying & Hallmarking,,F038,bis_topic17_hallmarking_centres.csv,,1355,1.00,
REL-HALLMA-0001355,HM-01780,OM HALLMARKS CENTRE,Assaying & Hallmarking,,,,PROVIDES,services,services,Assaying & Hallmarking,,F038,bis_topic17_hallmarking_centres.csv,,1356,1.00,
REL-HALLMA-0001356,HM-01781,Rudrraaxx Assaying and Hallmarking Lab,Assaying & Hallmarking,,,,PROVIDES,services,services,Assaying & Hallmarking,,F038,bis_topic17_hallmarking_centres.csv,,1357,1.00,
REL-HALLMA-0001357,HM-01782,OM ASSAYING & HALLMARKING CENTRE,Assaying & Hallmarking,,,,PROVIDES,services,services,Assaying & Hallmarking,,F038,bis_topic17_hallmarking_centres.csv,,1358,1.00,
REL-HALLMA-0001358,HM-01783,RADHE HALLMARKING CENTRE,Assaying & Hallmarking,,,,PROVIDES,services,services,Assaying & Hallmarking,,F038,bis_topic17_hallmarking_centres.csv,,1359,1.00,
REL-HALLMA-0001359,HM-01784,NAKODA ASSAYING & HALLMARKING CENTRE,Assaying & Hallmarking,,,,PROVIDES,services,services,Assaying & Hallmarking,,F038,bis_topic17_hallmarking_centres.csv,,1360,1.00,
REL-HALLMA-0001360,HM-01785,PARSHWA ASSAYING AND HALLMARKING CENTRE,Assaying & Hallmarking,,,,PROVIDES,services,services,Assaying & Hallmarking,,F038,bis_topic17_hallmarking_centres.csv,,1361,1.00,
REL-HALLMA-0001361,HM-01786,Shreenathji hallmarking centre,Assaying & Hallmarking,,,,PROVIDES,services,services,Assaying & Hallmarking,,F038,bis_topic17_hallmarking_centres.csv,,1362,1.00,
REL-HALLMA-0001362,HM-01788,Sirius Marking Centre,Assaying & Hallmarking,,,,PROVIDES,services,services,Assaying & Hallmarking,,F038,bis_topic17_hallmarking_centres.csv,,1363,1.00,
REL-HALLMA-0001363,HM-01792,PRINCE HALLMARKING AND REFINERY PRIVATE LIMITED,Assaying & Hallmarking,,,,PROVIDES,services,services,Assaying & Hallmarking,,F038,bis_topic17_hallmarking_centres.csv,,1364,1.00,
REL-HALLMA-0001364,HM-01793,RKGG HALLMARKING CENTER,Assaying & Hallmarking,,,,PROVIDES,services,services,Assaying & Hallmarking,,F038,bis_topic17_hallmarking_centres.csv,,1365,1.00,
REL-HALLMA-0001365,HM-01794,JKB Assay & Hallmarking Centre,Assaying & Hallmarking,,,,PROVIDES,services,services,Assaying & Hallmarking,,F038,bis_topic17_hallmarking_centres.csv,,1366,1.00,
REL-HALLMA-0001366,HM-01795,SAINATH HALLMARKING AND ASSAYING CENTRE,Assaying & Hallmarking,,,,PROVIDES,services,services,Assaying & Hallmarking,,F038,bis_topic17_hallmarking_centres.csv,,1367,1.00,
REL-HALLMA-0001367,HM-01796,RAM ART HALLMARKING AND ASSAYING CENTER,Assaying & Hallmarking,,,,PROVIDES,services,services,Assaying & Hallmarking,,F038,bis_topic17_hallmarking_centres.csv,,1368,1.00,
REL-HALLMA-0001368,HM-01797,SHREE RAM HALLMARKING CENTRE,Assaying & Hallmarking,,,,PROVIDES,services,services,Assaying & Hallmarking,,F038,bis_topic17_hallmarking_centres.csv,,1369,1.00,
REL-HALLMA-0001369,HM-01798,NCH Services Pvt Ltd,Assaying & Hallmarking,,,,PROVIDES,services,services,Assaying & Hallmarking,,F038,bis_topic17_hallmarking_centres.csv,,1370,1.00,
REL-HALLMA-0001370,HM-01800,PRAMUKH HALLMARK CENTER,Assaying & Hallmarking,,,,PROVIDES,services,services,Assaying & Hallmarking,,F038,bis_topic17_hallmarking_centres.csv,,1371,1.00,
REL-HALLMA-0001371,HM-01801,NCH SERVICES PRIVATE LIMITED,Assaying & Hallmarking,,,,PROVIDES,services,services,Assaying & Hallmarking,,F038,bis_topic17_hallmarking_centres.csv,,1372,1.00,
REL-HALLMA-0001372,HM-01802,V D PRECIOUS METALS,Assaying & Hallmarking,,,,PROVIDES,services,services,Assaying & Hallmarking,,F038,bis_topic17_hallmarking_centres.csv,,1373,1.00,
REL-HALLMA-0001373,HM-01803,NCH Services Private Limited,Assaying & Hallmarking,,,,PROVIDES,services,services,Assaying & Hallmarking,,F038,bis_topic17_hallmarking_centres.csv,,1374,1.00,
REL-HALLMA-0001374,HM-01804,Nilkanth Gold Testing and Hallmarking Centre,Assaying & Hallmarking,,,,PROVIDES,services,services,Assaying & Hallmarking,,F038,bis_topic17_hallmarking_centres.csv,,1375,1.00,
REL-HALLMA-0001375,HM-01805,AKSHARDHAM HALLMARKING CENTRE,Assaying & Hallmarking,,,,PROVIDES,services,services,Assaying & Hallmarking,,F038,bis_topic17_hallmarking_centres.csv,,1376,1.00,
REL-HALLMA-0001376,HM-01806,STANDARD HALLMARKING AND ASSAYING CENTER,Assaying & Hallmarking,,,,PROVIDES,services,services,Assaying & Hallmarking,,F038,bis_topic17_hallmarking_centres.csv,,1377,1.00,
REL-HALLMA-0001377,HM-01807,SADGURU HALLMARKING CENTRE,Assaying & Hallmarking,,,,PROVIDES,services,services,Assaying & Hallmarking,,F038,bis_topic17_hallmarking_centres.csv,,1378,1.00,
REL-HALLMA-0001378,HM-01810,V D PRECIOUS METALS,Assaying & Hallmarking,,,,PROVIDES,services,services,Assaying & Hallmarking,,F038,bis_topic17_hallmarking_centres.csv,,1379,1.00,
REL-HALLMA-0001379,HM-01811,NGT HALLMARKING LAB,Assaying & Hallmarking,,,,PROVIDES,services,services,Assaying & Hallmarking,,F038,bis_topic17_hallmarking_centres.csv,,1380,1.00,
REL-HALLMA-0001380,HM-01813,SHREE HALLMARK CENTER,Assaying & Hallmarking,,,,PROVIDES,services,services,Assaying & Hallmarking,,F038,bis_topic17_hallmarking_centres.csv,,1381,1.00,
REL-HALLMA-0001381,HM-01814,NEW AKSHARDHAM HALLMARKING CENTRE,Assaying & Hallmarking,,,,PROVIDES,services,services,Assaying & Hallmarking,,F038,bis_topic17_hallmarking_centres.csv,,1382,1.00,
REL-HALLMA-0001382,HM-01815,INDIPURE HALLMARKING CENTRE,Assaying & Hallmarking,,,,PROVIDES,services,services,Assaying & Hallmarking,,F038,bis_topic17_hallmarking_centres.csv,,1383,1.00,
REL-HALLMA-0001383,HM-01816,NCH Services Pvt Ltd,Assaying & Hallmarking,,,,PROVIDES,services,services,Assaying & Hallmarking,,F038,bis_topic17_hallmarking_centres.csv,,1384,1.00,
REL-HALLMA-0001384,HM-01818,RRG ASSAYING & HALLMARKING CENTRE,Assaying & Hallmarking,,,,PROVIDES,services,services,Assaying & Hallmarking,,F038,bis_topic17_hallmarking_centres.csv,,1385,1.00,
REL-HALLMA-0001385,HM-01819,SHREE SAINATH HALLMARKING CENTER,Assaying & Hallmarking,,,,PROVIDES,services,services,Assaying & Hallmarking,,F038,bis_topic17_hallmarking_centres.csv,,1386,1.00,
REL-HALLMA-0001386,HM-01822,GALAXY HALLMARK CENTRE,Assaying & Hallmarking,,,,PROVIDES,services,services,Assaying & Hallmarking,,F038,bis_topic17_hallmarking_centres.csv,,1387,1.00,
REL-HALLMA-0001387,HM-01823,Indipure Hallmarking Centre,Assaying & Hallmarking,,,,PROVIDES,services,services,Assaying & Hallmarking,,F038,bis_topic17_hallmarking_centres.csv,,1388,1.00,
REL-HALLMA-0001388,HM-01824,MAA AMBICA ASSAYING & HALLMARKING CENTER,Assaying & Hallmarking,,,,PROVIDES,services,services,Assaying & Hallmarking,,F038,bis_topic17_hallmarking_centres.csv,,1389,1.00,
REL-HALLMA-0001389,HM-01825,SHREE AASHAPURA HALLMARKING CENTRE,Assaying & Hallmarking,,,,PROVIDES,services,services,Assaying & Hallmarking,,F038,bis_topic17_hallmarking_centres.csv,,1390,1.00,
REL-HALLMA-0001390,HM-01827,PARMESWARI DEVI HALLMARKING CENTRE,Assaying & Hallmarking,,,,PROVIDES,services,services,Assaying & Hallmarking,,F038,bis_topic17_hallmarking_centres.csv,,1391,1.00,
REL-HALLMA-0001391,HM-01828,GGC Gujrat Gold Centre Private Limited,Assaying & Hallmarking,,,,PROVIDES,services,services,Assaying & Hallmarking,,F038,bis_topic17_hallmarking_centres.csv,,1392,1.00,
REL-HALLMA-0001392,HM-01829,LEO ANALYTICS LAB,Assaying & Hallmarking,,,,PROVIDES,services,services,Assaying & Hallmarking,,F038,bis_topic17_hallmarking_centres.csv,,1393,1.00,
REL-HALLMA-0001393,HM-01830,MAHAVIR HALLMARKING CENTRE PRIVATE LIMITED,Assaying & Hallmarking,,,,PROVIDES,services,services,Assaying & Hallmarking,,F038,bis_topic17_hallmarking_centres.csv,,1394,1.00,
REL-HALLMA-0001394,HM-01831,Varsha Bullion Hallmarking Centres,Assaying & Hallmarking,,,,PROVIDES,services,services,Assaying & Hallmarking,,F038,bis_topic17_hallmarking_centres.csv,,1395,1.00,
REL-HALLMA-0001395,HM-01832,MAHALAXMI HALLMARKING CENTRE,Assaying & Hallmarking,,,,PROVIDES,services,services,Assaying & Hallmarking,,F038,bis_topic17_hallmarking_centres.csv,,1396,1.00,
REL-HALLMA-0001396,HM-01835,INTERNATIONAL HALLMARK AND ASSAY PVT LTD,Assaying & Hallmarking,,,,PROVIDES,services,services,Assaying & Hallmarking,,F038,bis_topic17_hallmarking_centres.csv,,1397,1.00,
REL-HALLMA-0001397,HM-01836,Shreyanshnath Assay & Hallmarking Centre,Assaying & Hallmarking,,,,PROVIDES,services,services,Assaying & Hallmarking,,F038,bis_topic17_hallmarking_centres.csv,,1398,1.00,
REL-HALLMA-0001398,HM-01837,VARIETY HALLMARK,Assaying & Hallmarking,,,,PROVIDES,services,services,Assaying & Hallmarking,,F038,bis_topic17_hallmarking_centres.csv,,1399,1.00,
REL-HALLMA-0001399,HM-01838,VARIETY HALLMARK,Assaying & Hallmarking,,,,PROVIDES,services,services,Assaying & Hallmarking,,F038,bis_topic17_hallmarking_centres.csv,,1400,1.00,
REL-HALLMA-0001400,HM-01839,M K HALLMARK CENTRE,Assaying & Hallmarking,,,,PROVIDES,services,services,Assaying & Hallmarking,,F038,bis_topic17_hallmarking_centres.csv,,1401,1.00,
REL-HALLMA-0001401,HM-01841,Mamata Hallmarking center,Assaying & Hallmarking,,,,PROVIDES,services,services,Assaying & Hallmarking,,F038,bis_topic17_hallmarking_centres.csv,,1402,1.00,
REL-HALLMA-0001402,HM-01842,Mamata Hallmarking center,Assaying & Hallmarking,,,,PROVIDES,services,services,Assaying & Hallmarking,,F038,bis_topic17_hallmarking_centres.csv,,1403,1.00,
REL-HALLMA-0001403,HM-01843,International Hallmark & Assay Pvt Ltd,Assaying & Hallmarking,,,,PROVIDES,services,services,Assaying & Hallmarking,,F038,bis_topic17_hallmarking_centres.csv,,1404,1.00,
REL-HALLMA-0001404,HM-01844,SHREE RAJRAJESHWARI ASSAY AND HALLMARKING CENTRE,Assaying & Hallmarking,,,,PROVIDES,services,services,Assaying & Hallmarking,,F038,bis_topic17_hallmarking_centres.csv,,1405,1.00,
REL-HALLMA-0001405,HM-01845,Master Bullion Assaying & Hallmarking Lab,Assaying & Hallmarking,,,,PROVIDES,services,services,Assaying & Hallmarking,,F038,bis_topic17_hallmarking_centres.csv,,1406,1.00,
REL-HALLMA-0001406,HM-01846,Precious Gold & Silver Hallmarking And Assaying Center Pvt Ltd,Assaying & Hallmarking,,,,PROVIDES,services,services,Assaying & Hallmarking,,F038,bis_topic17_hallmarking_centres.csv,,1407,1.00,
REL-HALLMA-0001407,HM-01848,AKSHARDHAM HALLMARKING CENTRE,Assaying & Hallmarking,,,,PROVIDES,services,services,Assaying & Hallmarking,,F038,bis_topic17_hallmarking_centres.csv,,1408,1.00,
REL-HALLMA-0001408,HM-01849,NCH Services Pvt Ltd,Assaying & Hallmarking,,,,PROVIDES,services,services,Assaying & Hallmarking,,F038,bis_topic17_hallmarking_centres.csv,,1409,1.00,
REL-HALLMA-0001409,HM-01850,M S JALIYAN ASSAYING AND HALLMARKING CENTRE,Assaying & Hallmarking,,,,PROVIDES,services,services,Assaying & Hallmarking,,F038,bis_topic17_hallmarking_centres.csv,,1410,1.00,
REL-HALLMA-0001410,HM-01852,Mahavir Assaying and hallmarking Centre LLP,Assaying & Hallmarking,,,,PROVIDES,services,services,Assaying & Hallmarking,,F038,bis_topic17_hallmarking_centres.csv,,1411,1.00,
REL-HALLMA-0001411,HM-01854,SBR HALLMARKING CENTRE,Assaying & Hallmarking,,,,PROVIDES,services,services,Assaying & Hallmarking,,F038,bis_topic17_hallmarking_centres.csv,,1412,1.00,
REL-HALLMA-0001412,HM-01855,PADMINI BULLION REFINERY,Assaying & Hallmarking,,,,PROVIDES,services,services,Assaying & Hallmarking,,F038,bis_topic17_hallmarking_centres.csv,,1413,1.00,
REL-HALLMA-0001413,HM-01856,JAY SAMOR HALLMARKING CENTRE,Assaying & Hallmarking,,,,PROVIDES,services,services,Assaying & Hallmarking,,F038,bis_topic17_hallmarking_centres.csv,,1414,1.00,
REL-HALLMA-0001414,HM-01857,Naakoda Hallmarking Centre,Assaying & Hallmarking,,,,PROVIDES,services,services,Assaying & Hallmarking,,F038,bis_topic17_hallmarking_centres.csv,,1415,1.00,
REL-HALLMA-0001415,HM-01858,Kannika Assaying & Hallmarking Centre,Assaying & Hallmarking,,,,PROVIDES,services,services,Assaying & Hallmarking,,F038,bis_topic17_hallmarking_centres.csv,,1416,1.00,
REL-HALLMA-0001416,HM-01860,M B HALLMARK CENTRE,Assaying & Hallmarking,,,,PROVIDES,services,services,Assaying & Hallmarking,,F038,bis_topic17_hallmarking_centres.csv,,1417,1.00,
REL-HALLMA-0001417,HM-01862,International Hallmark & Assay Pvt Ltd,Assaying & Hallmarking,,,,PROVIDES,services,services,Assaying & Hallmarking,,F038,bis_topic17_hallmarking_centres.csv,,1418,1.00,
REL-HALLMA-0001418,HM-01863,International Hallmark & Assay Pvt Ltd,Assaying & Hallmarking,,,,PROVIDES,services,services,Assaying & Hallmarking,,F038,bis_topic17_hallmarking_centres.csv,,1419,1.00,
REL-HALLMA-0001419,HM-01864,SHREEM HALLMARKING CENTRE,Assaying & Hallmarking,,,,PROVIDES,services,services,Assaying & Hallmarking,,F038,bis_topic17_hallmarking_centres.csv,,1420,1.00,
REL-HALLMA-0001420,HM-01867,G N Hallmarking s A unit of Multiplex Enterprises Pvt Ltd,Assaying & Hallmarking,,,,PROVIDES,services,services,Assaying & Hallmarking,,F038,bis_topic17_hallmarking_centres.csv,,1421,1.00,
REL-HALLMA-0001421,HM-01869,PARMESWARI DEVI HALLMARKING CENTRE,Assaying & Hallmarking,,,,PROVIDES,services,services,Assaying & Hallmarking,,F038,bis_topic17_hallmarking_centres.csv,,1422,1.00,
REL-HALLMA-0001422,HM-01870,Mahalaxmi Hallmark Centre,Assaying & Hallmarking,,,,PROVIDES,services,services,Assaying & Hallmarking,,F038,bis_topic17_hallmarking_centres.csv,,1423,1.00,
REL-HALLMA-0001423,HM-01871,GIRIJA HALLMARKING CENTRE,Assaying & Hallmarking,,,,PROVIDES,services,services,Assaying & Hallmarking,,F038,bis_topic17_hallmarking_centres.csv,,1424,1.00,
REL-HALLMA-0001424,HM-01872,Shree Shiv Shakti Assaying & Hallmarking centre,Assaying & Hallmarking,,,,PROVIDES,services,services,Assaying & Hallmarking,,F038,bis_topic17_hallmarking_centres.csv,,1425,1.00,
REL-HALLMA-0001425,HM-01875,Rajkotwala Gold Testing Lab,Assaying & Hallmarking,,,,PROVIDES,services,services,Assaying & Hallmarking,,F038,bis_topic17_hallmarking_centres.csv,,1426,1.00,
REL-HALLMA-0001426,HM-01876,SHIV SHAKTI HALLMARKING CENTRE,Assaying & Hallmarking,,,,PROVIDES,services,services,Assaying & Hallmarking,,F038,bis_topic17_hallmarking_centres.csv,,1427,1.00,
REL-HALLMA-0001427,HM-01877,NAKSHATRA HALLMARK CENTRE,Assaying & Hallmarking,,,,PROVIDES,services,services,Assaying & Hallmarking,,F038,bis_topic17_hallmarking_centres.csv,,1428,1.00,
REL-HALLMA-0001428,HM-01878,VARIETY MARKING CENTRE,Assaying & Hallmarking,,,,PROVIDES,services,services,Assaying & Hallmarking,,F038,bis_topic17_hallmarking_centres.csv,,1429,1.00,
REL-HALLMA-0001429,HM-01880,Alankar Hallmarking Centre,Assaying & Hallmarking,,,,PROVIDES,services,services,Assaying & Hallmarking,,F038,bis_topic17_hallmarking_centres.csv,,1430,1.00,
REL-HALLMA-0001430,HM-01882,MAYUR HALLMARKING CENTRE,Assaying & Hallmarking,,,,PROVIDES,services,services,Assaying & Hallmarking,,F038,bis_topic17_hallmarking_centres.csv,,1431,1.00,
REL-HALLMA-0001431,HM-01883,GN HALLMARKING A UNIT OF AV GOLD PVT LTD,Assaying & Hallmarking,,,,PROVIDES,services,services,Assaying & Hallmarking,,F038,bis_topic17_hallmarking_centres.csv,,1432,1.00,
REL-HALLMA-0001432,HM-01884,VARIETY HALLMARK,Assaying & Hallmarking,,,,PROVIDES,services,services,Assaying & Hallmarking,,F038,bis_topic17_hallmarking_centres.csv,,1433,1.00,
REL-HALLMA-0001433,HM-01885,NAAKODA HALLMARKING CENTRE,Assaying & Hallmarking,,,,PROVIDES,services,services,Assaying & Hallmarking,,F038,bis_topic17_hallmarking_centres.csv,,1434,1.00,
REL-HALLMA-0001434,HM-01886,NAAKODA HALLMARKING CENTRE,Assaying & Hallmarking,,,,PROVIDES,services,services,Assaying & Hallmarking,,F038,bis_topic17_hallmarking_centres.csv,,1435,1.00,
REL-HALLMA-0001435,HM-01889,SURAT HALLMARKING CENTRE,Assaying & Hallmarking,,,,PROVIDES,services,services,Assaying & Hallmarking,,F038,bis_topic17_hallmarking_centres.csv,,1436,1.00,
REL-HALLMA-0001436,HM-01894,Ms RK Hallmarking Centre,Assaying & Hallmarking,,,,PROVIDES,services,services,Assaying & Hallmarking,,F038,bis_topic17_hallmarking_centres.csv,,1437,1.00,
REL-HALLMA-0001437,HM-01896,V G GOLD ASSAYING & HALLMARKING CENTRE,Assaying & Hallmarking,,,,PROVIDES,services,services,Assaying & Hallmarking,,F038,bis_topic17_hallmarking_centres.csv,,1438,1.00,
REL-HALLMA-0001438,HM-01899,NCH Service P Ltd,Assaying & Hallmarking,,,,PROVIDES,services,services,Assaying & Hallmarking,,F038,bis_topic17_hallmarking_centres.csv,,1439,1.00,
REL-HALLMA-0001439,HM-01907,I Goldi Hallmarking & Assaying Center,Assaying & Hallmarking,,,,PROVIDES,services,services,Assaying & Hallmarking,,F038,bis_topic17_hallmarking_centres.csv,,1440,1.00,
REL-HALLMA-0001440,HM-01908,SHREE ADINATH LAB,Assaying & Hallmarking,,,,PROVIDES,services,services,Assaying & Hallmarking,,F038,bis_topic17_hallmarking_centres.csv,,1441,1.00,
REL-HALLMA-0001441,HM-01912,Sanskar Hallmarking Centre,Assaying & Hallmarking,,,,PROVIDES,services,services,Assaying & Hallmarking,,F038,bis_topic17_hallmarking_centres.csv,,1442,1.00,
REL-HALLMA-0001442,HM-01913,SHREE GIRIRAJ HALLMARKING CENTRE,Assaying & Hallmarking,,,,PROVIDES,services,services,Assaying & Hallmarking,,F038,bis_topic17_hallmarking_centres.csv,,1443,1.00,
REL-HALLMA-0001443,HM-01916,SHRIRAM ASSAYING AND HALLMARKING CENTRE,Assaying & Hallmarking,,,,PROVIDES,services,services,Assaying & Hallmarking,,F038,bis_topic17_hallmarking_centres.csv,,1444,1.00,
REL-HALLMA-0001444,HM-01917,SHRI SADGURU HALLMARKING CENTER,Assaying & Hallmarking,,,,PROVIDES,services,services,Assaying & Hallmarking,,F038,bis_topic17_hallmarking_centres.csv,,1445,1.00,
REL-HALLMA-0001445,HM-01918,R J HALLMARKING CENTRE,Assaying & Hallmarking,,,,PROVIDES,services,services,Assaying & Hallmarking,,F038,bis_topic17_hallmarking_centres.csv,,1446,1.00,
REL-HALLMA-0001446,HM-01922,VELLOCITY ASSAYING AND HALLMARK CENTRE,Assaying & Hallmarking,,,,PROVIDES,services,services,Assaying & Hallmarking,,F038,bis_topic17_hallmarking_centres.csv,,1447,1.00,
REL-HALLMA-0001447,HM-01923,SURYA HALLMARKINGS,Assaying & Hallmarking,,,,PROVIDES,services,services,Assaying & Hallmarking,,F038,bis_topic17_hallmarking_centres.csv,,1448,1.00,
REL-HALLMA-0001448,HM-01929,G N HALLMARKING CENTRE,Assaying & Hallmarking,,,,PROVIDES,services,services,Assaying & Hallmarking,,F038,bis_topic17_hallmarking_centres.csv,,1449,1.00,
REL-HALLMA-0001449,HM-01931,MAHARAJA HALLMARK CENTRE,Assaying & Hallmarking,,,,PROVIDES,services,services,Assaying & Hallmarking,,F038,bis_topic17_hallmarking_centres.csv,,1450,1.00,
REL-HALLMA-0001450,HM-01932,Mahalakshmi Hallmarkings,Assaying & Hallmarking,,,,PROVIDES,services,services,Assaying & Hallmarking,,F038,bis_topic17_hallmarking_centres.csv,,1451,1.00,
REL-HALLMA-0001451,HM-01935,NITYANAND ASSAYING AND HALLMARKING CENTER,Assaying & Hallmarking,,,,PROVIDES,services,services,Assaying & Hallmarking,,F038,bis_topic17_hallmarking_centres.csv,,1452,1.00,
REL-HALLMA-0001452,HM-01936,NITYANAND ASSAYING AND HALLMARKING CENTER,Assaying & Hallmarking,,,,PROVIDES,services,services,Assaying & Hallmarking,,F038,bis_topic17_hallmarking_centres.csv,,1453,1.00,
REL-HALLMA-0001453,HM-01938,OMKAR HALLMARKING CENTRE,Assaying & Hallmarking,,,,PROVIDES,services,services,Assaying & Hallmarking,,F038,bis_topic17_hallmarking_centres.csv,,1454,1.00,
REL-HALLMA-0001454,HM-01939,Sonai Hallmark Center,Assaying & Hallmarking,,,,PROVIDES,services,services,Assaying & Hallmarking,,F038,bis_topic17_hallmarking_centres.csv,,1455,1.00,
REL-HALLMA-0001455,HM-01940,NAVKKAR HALLMARKINGS,Assaying & Hallmarking,,,,PROVIDES,services,services,Assaying & Hallmarking,,F038,bis_topic17_hallmarking_centres.csv,,1456,1.00,
REL-HALLMA-0001456,HM-01941,SARITA TOUCH AND HALLMARKING CENTRE,Assaying & Hallmarking,,,,PROVIDES,services,services,Assaying & Hallmarking,,F038,bis_topic17_hallmarking_centres.csv,,1457,1.00,
REL-HALLMA-0001457,HM-01943,PRINCE HALLMARKING & REFINERY PVT LTD,Assaying & Hallmarking,,,,PROVIDES,services,services,Assaying & Hallmarking,,F038,bis_topic17_hallmarking_centres.csv,,1458,1.00,
REL-HALLMA-0001458,HM-01944,PRINCE HALLMARKING & REFINERY PVT LTD,Assaying & Hallmarking,,,,PROVIDES,services,services,Assaying & Hallmarking,,F038,bis_topic17_hallmarking_centres.csv,,1459,1.00,
REL-HALLMA-0001459,HM-01945,SHREE TRIMURTI HALLMARK CENTRE,Assaying & Hallmarking,,,,PROVIDES,services,services,Assaying & Hallmarking,,F038,bis_topic17_hallmarking_centres.csv,,1460,1.00,
REL-HALLMA-0001460,HM-01948,Jonson Assay and Hallmarking Centre,Assaying & Hallmarking,,,,PROVIDES,services,services,Assaying & Hallmarking,,F038,bis_topic17_hallmarking_centres.csv,,1461,1.00,
REL-HALLMA-0001461,HM-01949,SWASTIK HALLMARKING CENTER,Assaying & Hallmarking,,,,PROVIDES,services,services,Assaying & Hallmarking,,F038,bis_topic17_hallmarking_centres.csv,,1462,1.00,
REL-HALLMA-0001462,HM-01950,VASAVI ASSAYING AND HALLMARKING CENTRE,Assaying & Hallmarking,,,,PROVIDES,services,services,Assaying & Hallmarking,,F038,bis_topic17_hallmarking_centres.csv,,1463,1.00,
REL-HALLMA-0001463,HM-01951,PATEL HALLMARK CENTRE,Assaying & Hallmarking,,,,PROVIDES,services,services,Assaying & Hallmarking,,F038,bis_topic17_hallmarking_centres.csv,,1464,1.00,
REL-HALLMA-0001464,HM-01953,OSKAR HALLMARK CENTRE LLP,Assaying & Hallmarking,,,,PROVIDES,services,services,Assaying & Hallmarking,,F038,bis_topic17_hallmarking_centres.csv,,1465,1.00,
REL-HALLMA-0001465,HM-01955,MAA KALI HALLMARKING CENTRE,Assaying & Hallmarking,,,,PROVIDES,services,services,Assaying & Hallmarking,,F038,bis_topic17_hallmarking_centres.csv,,1466,1.00,
REL-HALLMA-0001466,HM-01956,MAHAVIR HALLMARKING CENTRE PRIVATE LIMITED,Assaying & Hallmarking,,,,PROVIDES,services,services,Assaying & Hallmarking,,F038,bis_topic17_hallmarking_centres.csv,,1467,1.00,
REL-HALLMA-0001467,HM-01957,MAHAVIR HALLMARKING CENTRE PRIVATE LIMITED,Assaying & Hallmarking,,,,PROVIDES,services,services,Assaying & Hallmarking,,F038,bis_topic17_hallmarking_centres.csv,,1468,1.00,
REL-HALLMA-0001468,HM-01958,Riddhi Siddhi Gold Hallmarking Centre,Assaying & Hallmarking,,,,PROVIDES,services,services,Assaying & Hallmarking,,F038,bis_topic17_hallmarking_centres.csv,,1469,1.00,
REL-HALLMA-0001469,HM-01959,RAMA HALLMARKING CENTRE LLP,Assaying & Hallmarking,,,,PROVIDES,services,services,Assaying & Hallmarking,,F038,bis_topic17_hallmarking_centres.csv,,1470,1.00,
REL-HALLMA-0001470,HM-01960,NCH Services Pvt Ltd,Assaying & Hallmarking,,,,PROVIDES,services,services,Assaying & Hallmarking,,F038,bis_topic17_hallmarking_centres.csv,,1471,1.00,
REL-HALLMA-0001471,HM-01964,SRH Hallmarking center,Assaying & Hallmarking,,,,PROVIDES,services,services,Assaying & Hallmarking,,F038,bis_topic17_hallmarking_centres.csv,,1472,1.00,
REL-HALLMA-0001472,HM-01967,PURITY HALLMARKING AND DIAMOND TESTING CENTER,Assaying & Hallmarking,,,,PROVIDES,services,services,Assaying & Hallmarking,,F038,bis_topic17_hallmarking_centres.csv,,1473,1.00,
REL-HALLMA-0001473,HM-01968,PURITY HALLMARKING AND DIAMOND TESTING CENTER,Assaying & Hallmarking,,,,PROVIDES,services,services,Assaying & Hallmarking,,F038,bis_topic17_hallmarking_centres.csv,,1474,1.00,
REL-HALLMA-0001474,HM-01971,STANDARD HALLMARKING AND ASSAYING CENTER,Assaying & Hallmarking,,,,PROVIDES,services,services,Assaying & Hallmarking,,F038,bis_topic17_hallmarking_centres.csv,,1475,1.00,
REL-HALLMA-0001475,HM-01973,SBR ASSAYING & HALLMARKING CENTRE,Assaying & Hallmarking,,,,PROVIDES,services,services,Assaying & Hallmarking,,F038,bis_topic17_hallmarking_centres.csv,,1476,1.00,
REL-HALLMA-0001476,HM-01974,New Ganesh Hallmarking Centre,Assaying & Hallmarking,,,,PROVIDES,services,services,Assaying & Hallmarking,,F038,bis_topic17_hallmarking_centres.csv,,1477,1.00,
REL-HALLMA-0001477,HM-01975,GS HALLMARKING CENTRE,Assaying & Hallmarking,,,,PROVIDES,services,services,Assaying & Hallmarking,,F038,bis_topic17_hallmarking_centres.csv,,1478,1.00,
REL-HALLMA-0001478,HM-01978,YASHODA ASSAYING & HALLMARKING CENTER,Assaying & Hallmarking,,,,PROVIDES,services,services,Assaying & Hallmarking,,F038,bis_topic17_hallmarking_centres.csv,,1479,1.00,
REL-HALLMA-0001479,HM-01979,SB HALLMARKING CENTRE,Assaying & Hallmarking,,,,PROVIDES,services,services,Assaying & Hallmarking,,F038,bis_topic17_hallmarking_centres.csv,,1480,1.00,
REL-HALLMA-0001480,HM-01980,NEW AYODHYA ASSAYING AND HALLMARKING CENTRE,Assaying & Hallmarking,,,,PROVIDES,services,services,Assaying & Hallmarking,,F038,bis_topic17_hallmarking_centres.csv,,1481,1.00,
REL-HALLMA-0001481,HM-01981,GS HALLMARKING & REFINERY CENTRE GR,Assaying & Hallmarking,,,,PROVIDES,services,services,Assaying & Hallmarking,,F038,bis_topic17_hallmarking_centres.csv,,1482,1.00,
REL-HALLMA-0001482,HM-01982,Shree Krishna Hallmarking Centre,Assaying & Hallmarking,,,,PROVIDES,services,services,Assaying & Hallmarking,,F038,bis_topic17_hallmarking_centres.csv,,1483,1.00,
REL-HALLMA-0001483,HM-01983,Shri Ram Assaying & Hallmark Centre,Assaying & Hallmarking,,,,PROVIDES,services,services,Assaying & Hallmarking,,F038,bis_topic17_hallmarking_centres.csv,,1484,1.00,
REL-HALLMA-0001484,HM-01984,MASTER BULLION ASSAYING AND HALLMARKING LAB ANDHERI,Assaying & Hallmarking,,,,PROVIDES,services,services,Assaying & Hallmarking,,F038,bis_topic17_hallmarking_centres.csv,,1485,1.00,
REL-HALLMA-0001485,HM-01987,Sirius Hallmark,Assaying & Hallmarking,,,,PROVIDES,services,services,Assaying & Hallmarking,,F038,bis_topic17_hallmarking_centres.csv,,1486,1.00,
REL-HALLMA-0001486,HM-01994,MAA KALI HALLMARKING CENTRE,Assaying & Hallmarking,,,,PROVIDES,services,services,Assaying & Hallmarking,,F038,bis_topic17_hallmarking_centres.csv,,1487,1.00,
REL-HALLMA-0001487,HM-02000,Shreeji Assay & Hallmarking Centre,Assaying & Hallmarking,,,,PROVIDES,services,services,Assaying & Hallmarking,,F038,bis_topic17_hallmarking_centres.csv,,1488,1.00,
REL-HALLMA-0001488,HM-02003,KUBER ASSAYING AND HALLMARKING CENTRE,Assaying & Hallmarking,,,,PROVIDES,services,services,Assaying & Hallmarking,,F038,bis_topic17_hallmarking_centres.csv,,1489,1.00,
REL-HALLMA-0001489,HM-02005,SAMARTH HALLMARK CENTRE,Assaying & Hallmarking,,,,PROVIDES,services,services,Assaying & Hallmarking,,F038,bis_topic17_hallmarking_centres.csv,,1490,1.00,
REL-HALLMA-0001490,HM-02006,QUALITY ASSURANCE CENTER,Assaying & Hallmarking,,,,PROVIDES,services,services,Assaying & Hallmarking,,F038,bis_topic17_hallmarking_centres.csv,,1491,1.00,
REL-HALLMA-0001491,HM-02007,SHRINATH HALLMARKING CENTRE,Assaying & Hallmarking,,,,PROVIDES,services,services,Assaying & Hallmarking,,F038,bis_topic17_hallmarking_centres.csv,,1492,1.00,
REL-HALLMA-0001492,HM-02008,S. A. I. KHARAA SONA PRIVATE LIMITED,Assaying & Hallmarking,,,,PROVIDES,services,services,Assaying & Hallmarking,,F038,bis_topic17_hallmarking_centres.csv,,1493,1.00,
REL-HALLMA-0001493,HM-02009,M M HALLMARKING CENTRE,Assaying & Hallmarking,,,,PROVIDES,services,services,Assaying & Hallmarking,,F038,bis_topic17_hallmarking_centres.csv,,1494,1.00,
REL-HALLMA-0001494,HM-02012,PANKAJ HALLMARKING CENTRE,Assaying & Hallmarking,,,,PROVIDES,services,services,Assaying & Hallmarking,,F038,bis_topic17_hallmarking_centres.csv,,1495,1.00,
REL-HALLMA-0001495,HM-02013,SHRI JEWEL HALLMARKING SOLUTION LLP,Assaying & Hallmarking,,,,PROVIDES,services,services,Assaying & Hallmarking,,F038,bis_topic17_hallmarking_centres.csv,,1496,1.00,
REL-HALLMA-0001496,HM-02015,Trustech Hallmarking Centre LLP,Assaying & Hallmarking,,,,PROVIDES,services,services,Assaying & Hallmarking,,F038,bis_topic17_hallmarking_centres.csv,,1497,1.00,
REL-HALLMA-0001497,HM-02016,SHREE SIDDHANATH HALLMARK CENTRE,Assaying & Hallmarking,,,,PROVIDES,services,services,Assaying & Hallmarking,,F038,bis_topic17_hallmarking_centres.csv,,1498,1.00,
REL-HALLMA-0001498,HM-02017,AKANSHA HALLMARKING CENTRE,Assaying & Hallmarking,,,,PROVIDES,services,services,Assaying & Hallmarking,,F038,bis_topic17_hallmarking_centres.csv,,1499,1.00,
REL-HALLMA-0001499,HM-02018,SHREE VINAYAK HALLMARK,Assaying & Hallmarking,,,,PROVIDES,services,services,Assaying & Hallmarking,,F038,bis_topic17_hallmarking_centres.csv,,1500,1.00,
REL-HALLMA-0001500,HM-02019,VRUSHTI HALLMARKING LLP,Assaying & Hallmarking,,,,PROVIDES,services,services,Assaying & Hallmarking,,F038,bis_topic17_hallmarking_centres.csv,,1501,1.00,
REL-HALLMA-0001501,HM-02020,BRD Hallmarkings,Assaying & Hallmarking,,,,PROVIDES,services,services,Assaying & Hallmarking,,F038,bis_topic17_hallmarking_centres.csv,,1502,1.00,
REL-HALLMA-0001502,HM-02021,GURU HALLMARKING LLP,Assaying & Hallmarking,,,,PROVIDES,services,services,Assaying & Hallmarking,,F038,bis_topic17_hallmarking_centres.csv,,1503,1.00,
REL-HALLMA-0001503,HM-02022,ASMAYE ASSAYING AND HALLMARKING CENTRE,Assaying & Hallmarking,,,,PROVIDES,services,services,Assaying & Hallmarking,,F038,bis_topic17_hallmarking_centres.csv,,1504,1.00,
REL-HALLMA-0001504,HM-02023,IGOLD VENTURES PRIVATE LIMITED,Assaying & Hallmarking,,,,PROVIDES,services,services,Assaying & Hallmarking,,F038,bis_topic17_hallmarking_centres.csv,,1505,1.00,
REL-HALLMA-0001505,HM-02025,Vipul Hallmarking centre,Assaying & Hallmarking,,,,PROVIDES,services,services,Assaying & Hallmarking,,F038,bis_topic17_hallmarking_centres.csv,,1506,1.00,
REL-HALLMA-0001506,HM-02027,SHREE VISHAL HALLMARKING CENTRE,Assaying & Hallmarking,,,,PROVIDES,services,services,Assaying & Hallmarking,,F038,bis_topic17_hallmarking_centres.csv,,1507,1.00,
REL-HALLMA-0001507,HM-02028,DK HALLMARKING AND ASSAYING CENTRE,Assaying & Hallmarking,,,,PROVIDES,services,services,Assaying & Hallmarking,,F038,bis_topic17_hallmarking_centres.csv,,1508,1.00,
REL-HALLMA-0001508,HM-02030,KEDIA ASSAYING & HALLMARKING LLP,Assaying & Hallmarking,,,,PROVIDES,services,services,Assaying & Hallmarking,,F038,bis_topic17_hallmarking_centres.csv,,1509,1.00,
REL-HALLMA-0001509,HM-02031,SHREE SOUBHAGYA ASSAYING & HALLMARKING CENTER,Assaying & Hallmarking,,,,PROVIDES,services,services,Assaying & Hallmarking,,F038,bis_topic17_hallmarking_centres.csv,,1510,1.00,
REL-HALLMA-0001510,HM-02032,SHRI VINDHYAVASINI HALLMARK CENTER,Assaying & Hallmarking,,,,PROVIDES,services,services,Assaying & Hallmarking,,F038,bis_topic17_hallmarking_centres.csv,,1511,1.00,
REL-HALLMA-0001511,HM-02033,PRINCE HALLMARKING AND REFINERY PVT LTD,Assaying & Hallmarking,,,,PROVIDES,services,services,Assaying & Hallmarking,,F038,bis_topic17_hallmarking_centres.csv,,1512,1.00,
REL-HALLMA-0001512,HM-02034,PRINCE HALLMARKING AND REFINERY PVT LTD,Assaying & Hallmarking,,,,PROVIDES,services,services,Assaying & Hallmarking,,F038,bis_topic17_hallmarking_centres.csv,,1513,1.00,
REL-HALLMA-0001513,HM-02035,Riddhi Siddhi Assaying and Hallmarking Centre,Assaying & Hallmarking,,,,PROVIDES,services,services,Assaying & Hallmarking,,F038,bis_topic17_hallmarking_centres.csv,,1514,1.00,
REL-HALLMA-0001514,HM-02036,GOLDTECH HALLMARKING COMPANY,Assaying & Hallmarking,,,,PROVIDES,services,services,Assaying & Hallmarking,,F038,bis_topic17_hallmarking_centres.csv,,1515,1.00,
REL-HALLMA-0001515,HM-02037,MORYA ASSAYING & HALLMARKING CENTRE,Assaying & Hallmarking,,,,PROVIDES,services,services,Assaying & Hallmarking,,F038,bis_topic17_hallmarking_centres.csv,,1516,1.00,
REL-HALLMA-0001516,HM-02038,EVERSHINE HALLMARKING CENTER,Assaying & Hallmarking,,,,PROVIDES,services,services,Assaying & Hallmarking,,F038,bis_topic17_hallmarking_centres.csv,,1517,1.00,
REL-HALLMA-0001517,HM-02039,Kamakshi Hallmarking Centre LLP,Assaying & Hallmarking,,,,PROVIDES,services,services,Assaying & Hallmarking,,F038,bis_topic17_hallmarking_centres.csv,,1518,1.00,
REL-HALLMA-0001518,HM-02041,SHREE MANGAL MURTI HALLMARKING CENTRE,Assaying & Hallmarking,,,,PROVIDES,services,services,Assaying & Hallmarking,,F038,bis_topic17_hallmarking_centres.csv,,1519,1.00,
REL-HALLMA-0001519,HM-02043,ORIENTAL HALLMARKING CENTRE,Assaying & Hallmarking,,,,PROVIDES,services,services,Assaying & Hallmarking,,F038,bis_topic17_hallmarking_centres.csv,,1520,1.00,
REL-HALLMA-0001520,HM-02045,New Rays Gold lab,Assaying & Hallmarking,,,,PROVIDES,services,services,Assaying & Hallmarking,,F038,bis_topic17_hallmarking_centres.csv,,1521,1.00,
REL-HALLMA-0001521,HM-02046,New Rays Gold lab,Assaying & Hallmarking,,,,PROVIDES,services,services,Assaying & Hallmarking,,F038,bis_topic17_hallmarking_centres.csv,,1522,1.00,
REL-HALLMA-0001522,HM-02048,QUALITY ASSAY & HALLMARKS LLP,Assaying & Hallmarking,,,,PROVIDES,services,services,Assaying & Hallmarking,,F038,bis_topic17_hallmarking_centres.csv,,1523,1.00,
REL-HALLMA-0001523,HM-02050,VARSHABULLION HALLMARKING CENTRES,Assaying & Hallmarking,,,,PROVIDES,services,services,Assaying & Hallmarking,,F038,bis_topic17_hallmarking_centres.csv,,1524,1.00,
REL-HALLMA-0001524,HM-02051,RAJVANSH BULLION HALLMARKING CENTRE,Assaying & Hallmarking,,,,PROVIDES,services,services,Assaying & Hallmarking,,F038,bis_topic17_hallmarking_centres.csv,,1525,1.00,
REL-HALLMA-0001525,HM-02055,BOMBAY ASSAY COMPANY,Assaying & Hallmarking,,,,PROVIDES,services,services,Assaying & Hallmarking,,F038,bis_topic17_hallmarking_centres.csv,,1526,1.00,
REL-HALLMA-0001526,HM-02056,Vijay Assaying & Hallmarking Centre,Assaying & Hallmarking,,,,PROVIDES,services,services,Assaying & Hallmarking,,F038,bis_topic17_hallmarking_centres.csv,,1527,1.00,
REL-HALLMA-0001527,HM-02057,Bombay Assay Company Private Limited,Assaying & Hallmarking,,,,PROVIDES,services,services,Assaying & Hallmarking,,F038,bis_topic17_hallmarking_centres.csv,,1528,1.00,
REL-HALLMA-0001528,HM-02058,QUALITY ASSAY & HALLMARKS LLP,Assaying & Hallmarking,,,,PROVIDES,services,services,Assaying & Hallmarking,,F038,bis_topic17_hallmarking_centres.csv,,1529,1.00,
REL-HALLMA-0001529,HM-02059,SHREE G K HALLMARK CENTRE,Assaying & Hallmarking,,,,PROVIDES,services,services,Assaying & Hallmarking,,F038,bis_topic17_hallmarking_centres.csv,,1530,1.00,
REL-HALLMA-0001530,HM-02061,SHANTI HALLMARKING CENTRE PVT LTD,Assaying & Hallmarking,,,,PROVIDES,services,services,Assaying & Hallmarking,,F038,bis_topic17_hallmarking_centres.csv,,1531,1.00,
REL-HALLMA-0001531,HM-02062,New Hem Assaying & Hallmarking Center,Assaying & Hallmarking,,,,PROVIDES,services,services,Assaying & Hallmarking,,F038,bis_topic17_hallmarking_centres.csv,,1532,1.00,
REL-HALLMA-0001532,HM-02063,S S ASSAYING AND HALLMARKING CENTRE,Assaying & Hallmarking,,,,PROVIDES,services,services,Assaying & Hallmarking,,F038,bis_topic17_hallmarking_centres.csv,,1533,1.00,
REL-HALLMA-0001533,HM-02064,RATHOD HALLMARKING CENTER,Assaying & Hallmarking,,,,PROVIDES,services,services,Assaying & Hallmarking,,F038,bis_topic17_hallmarking_centres.csv,,1534,1.00,
REL-HALLMA-0001534,HM-02065,RATHOD HALLMARKING CENTER,Assaying & Hallmarking,,,,PROVIDES,services,services,Assaying & Hallmarking,,F038,bis_topic17_hallmarking_centres.csv,,1535,1.00,
REL-HALLMA-0001535,HM-02066,DIVINE HALLMARK CENTRE,Assaying & Hallmarking,,,,PROVIDES,services,services,Assaying & Hallmarking,,F038,bis_topic17_hallmarking_centres.csv,,1536,1.00,
REL-HALLMA-0001536,HM-02067,DIVINE HALLMARK CENTRE,Assaying & Hallmarking,,,,PROVIDES,services,services,Assaying & Hallmarking,,F038,bis_topic17_hallmarking_centres.csv,,1537,1.00,
REL-HALLMA-0001537,HM-02068,NITYANAND HALLMARKING CENTER MULUND,Assaying & Hallmarking,,,,PROVIDES,services,services,Assaying & Hallmarking,,F038,bis_topic17_hallmarking_centres.csv,,1538,1.00,
REL-HALLMA-0001538,HM-02069,QUALITY ASSAY & HALLMARKS LLP,Assaying & Hallmarking,,,,PROVIDES,services,services,Assaying & Hallmarking,,F038,bis_topic17_hallmarking_centres.csv,,1539,1.00,
REL-HALLMA-0001539,HM-02070,Synergyy Gold Testing Lab,Assaying & Hallmarking,,,,PROVIDES,services,services,Assaying & Hallmarking,,F038,bis_topic17_hallmarking_centres.csv,,1540,1.00,
REL-HALLMA-0001540,HM-02071,SHREE GANESH HALLMARK CENTRE,Assaying & Hallmarking,,,,PROVIDES,services,services,Assaying & Hallmarking,,F038,bis_topic17_hallmarking_centres.csv,,1541,1.00,
REL-HALLMA-0001541,HM-02072,Sukraa hallmarking centre,Assaying & Hallmarking,,,,PROVIDES,services,services,Assaying & Hallmarking,,F038,bis_topic17_hallmarking_centres.csv,,1542,1.00,
REL-HALLMA-0001542,HM-02073,MAA AMBE HALLMARKING CENTRE,Assaying & Hallmarking,,,,PROVIDES,services,services,Assaying & Hallmarking,,F038,bis_topic17_hallmarking_centres.csv,,1543,1.00,
REL-HALLMA-0001543,HM-02074,TAATVIK ASSAY LAB,Assaying & Hallmarking,,,,PROVIDES,services,services,Assaying & Hallmarking,,F038,bis_topic17_hallmarking_centres.csv,,1544,1.00,
REL-HALLMA-0001544,HM-02075,SAVERA HALLMARK CENTRE,Assaying & Hallmarking,,,,PROVIDES,services,services,Assaying & Hallmarking,,F038,bis_topic17_hallmarking_centres.csv,,1545,1.00,
REL-HALLMA-0001545,HM-02076,MD HALLMARKING CENTRE,Assaying & Hallmarking,,,,PROVIDES,services,services,Assaying & Hallmarking,,F038,bis_topic17_hallmarking_centres.csv,,1546,1.00,
REL-HALLMA-0001546,HM-02077,PARSHWA HALLMARKING CENTRE,Assaying & Hallmarking,,,,PROVIDES,services,services,Assaying & Hallmarking,,F038,bis_topic17_hallmarking_centres.csv,,1547,1.00,
REL-HALLMA-0001547,HM-02078,OM SHREE HALMARKING CENTRE,Assaying & Hallmarking,,,,PROVIDES,services,services,Assaying & Hallmarking,,F038,bis_topic17_hallmarking_centres.csv,,1548,1.00,
REL-HALLMA-0001548,HM-02082,MAHALAKSHMI HALLMARKINGS,Assaying & Hallmarking,,,,PROVIDES,services,services,Assaying & Hallmarking,,F038,bis_topic17_hallmarking_centres.csv,,1549,1.00,
REL-HALLMA-0001549,HM-02084,MAHAVIR HALLMARKING CENTRE PRIVATE LIMITED,Assaying & Hallmarking,,,,PROVIDES,services,services,Assaying & Hallmarking,,F038,bis_topic17_hallmarking_centres.csv,,1550,1.00,
REL-HALLMA-0001550,HM-02085,THE GEM AND JEWELLERY EXPORT PROMOTION COUNCIL,Assaying & Hallmarking,,,,PROVIDES,services,services,Assaying & Hallmarking,,F038,bis_topic17_hallmarking_centres.csv,,1551,1.00,
REL-HALLMA-0001551,HM-02088,Nityanand Assaying And Hallmarking Centre,Assaying & Hallmarking,,,,PROVIDES,services,services,Assaying & Hallmarking,,F038,bis_topic17_hallmarking_centres.csv,,1552,1.00,
REL-HALLMA-0001552,HM-02089,SPS hallmarks,Assaying & Hallmarking,,,,PROVIDES,services,services,Assaying & Hallmarking,,F038,bis_topic17_hallmarking_centres.csv,,1553,1.00,
REL-HALLMA-0001553,HM-02091,A-1 HALLMARKING CENTRE,Assaying & Hallmarking,,,,PROVIDES,services,services,Assaying & Hallmarking,,F038,bis_topic17_hallmarking_centres.csv,,1554,1.00,
REL-HALLMA-0001554,HM-02093,Shri Mahalaxmi Assaying & Hallmarking Centre,Assaying & Hallmarking,,,,PROVIDES,services,services,Assaying & Hallmarking,,F038,bis_topic17_hallmarking_centres.csv,,1555,1.00,
REL-HALLMA-0001555,HM-02094,LOTUS ASSAYING & HALLMARKING CENTRE,Assaying & Hallmarking,,,,PROVIDES,services,services,Assaying & Hallmarking,,F038,bis_topic17_hallmarking_centres.csv,,1556,1.00,
REL-HALLMA-0001556,HM-02095,AKANSHA HALLMARKING CENTRE,Assaying & Hallmarking,,,,PROVIDES,services,services,Assaying & Hallmarking,,F038,bis_topic17_hallmarking_centres.csv,,1557,1.00,
REL-HALLMA-0001557,HM-02097,pyramid gold auxiliary services llp,Assaying & Hallmarking,,,,PROVIDES,services,services,Assaying & Hallmarking,,F038,bis_topic17_hallmarking_centres.csv,,1558,1.00,
REL-HALLMA-0001558,HM-02098,SHREE HALLMARKING CENTRE,Assaying & Hallmarking,,,,PROVIDES,services,services,Assaying & Hallmarking,,F038,bis_topic17_hallmarking_centres.csv,,1559,1.00,
REL-HALLMA-0001559,HM-02099,VARIETY MARKING CENTRE,Assaying & Hallmarking,,,,PROVIDES,services,services,Assaying & Hallmarking,,F038,bis_topic17_hallmarking_centres.csv,,1560,1.00,
REL-HALLMA-0001560,HM-02100,BHARAT HALLMARKING AND BULLION REFINERY,Assaying & Hallmarking,,,,PROVIDES,services,services,Assaying & Hallmarking,,F038,bis_topic17_hallmarking_centres.csv,,1561,1.00,
REL-HALLMA-0001561,HM-02101,NJB Hallmarking Centre,Assaying & Hallmarking,,,,PROVIDES,services,services,Assaying & Hallmarking,,F038,bis_topic17_hallmarking_centres.csv,,1562,1.00,
REL-HALLMA-0001562,HM-02102,KAMAKSHI HALLMARKING CENTRE LLP,Assaying & Hallmarking,,,,PROVIDES,services,services,Assaying & Hallmarking,,F038,bis_topic17_hallmarking_centres.csv,,1563,1.00,
REL-HALLMA-0001563,HM-02105,AKANSHA HALLMARK CENTRE PVT LTD,Assaying & Hallmarking,,,,PROVIDES,services,services,Assaying & Hallmarking,,F038,bis_topic17_hallmarking_centres.csv,,1564,1.00,
REL-HALLMA-0001564,HM-02106,NEW MAHARAJA HALLMARK CENTRE,Assaying & Hallmarking,,,,PROVIDES,services,services,Assaying & Hallmarking,,F038,bis_topic17_hallmarking_centres.csv,,1565,1.00,
REL-HALLMA-0001565,HM-02107,SHREE GANESH HALLMARKING & ASSAY CENTER,Assaying & Hallmarking,,,,PROVIDES,services,services,Assaying & Hallmarking,,F038,bis_topic17_hallmarking_centres.csv,,1566,1.00,
REL-HALLMA-0001566,HM-02108,NAMMA CREATIVE DALAAL PRIVATE LIMITED,Assaying & Hallmarking,,,,PROVIDES,services,services,Assaying & Hallmarking,,F038,bis_topic17_hallmarking_centres.csv,,1567,1.00,
REL-HALLMA-0001567,HM-02109,KALINGA HALLMARKING CENTRE,Assaying & Hallmarking,,,,PROVIDES,services,services,Assaying & Hallmarking,,F038,bis_topic17_hallmarking_centres.csv,,1568,1.00,
REL-HALLMA-0001568,HM-02114,NEW S R HALLMARK CENTRE,Assaying & Hallmarking,,,,PROVIDES,services,services,Assaying & Hallmarking,,F038,bis_topic17_hallmarking_centres.csv,,1569,1.00,
REL-HALLMA-0001569,HM-02115,K U Hallmarking Centre,Assaying & Hallmarking,,,,PROVIDES,services,services,Assaying & Hallmarking,,F038,bis_topic17_hallmarking_centres.csv,,1570,1.00,
REL-HALLMA-0001570,HM-02116,OM GOLD TESTING,Assaying & Hallmarking,,,,PROVIDES,services,services,Assaying & Hallmarking,,F038,bis_topic17_hallmarking_centres.csv,,1571,1.00,
REL-HALLMA-0001571,HM-02117,VARIETY HALLMARK,Assaying & Hallmarking,,,,PROVIDES,services,services,Assaying & Hallmarking,,F038,bis_topic17_hallmarking_centres.csv,,1572,1.00,
REL-HALLMA-0001572,HM-02119,NEW SIDDHANATH HALLMARKING CENTER,Assaying & Hallmarking,,,,PROVIDES,services,services,Assaying & Hallmarking,,F038,bis_topic17_hallmarking_centres.csv,,1573,1.00,
REL-HALLMA-0001573,HM-02120,SHREE SADGURU HALLMARKING CENTER,Assaying & Hallmarking,,,,PROVIDES,services,services,Assaying & Hallmarking,,F038,bis_topic17_hallmarking_centres.csv,,1574,1.00,
REL-HALLMA-0001574,HM-02121,BLUE LOTUS HALLMARK CENTRE,Assaying & Hallmarking,,,,PROVIDES,services,services,Assaying & Hallmarking,,F038,bis_topic17_hallmarking_centres.csv,,1575,1.00,
REL-HALLMA-0001575,HM-02123,Prince Assaying and Hallmarking Center,Assaying & Hallmarking,,,,PROVIDES,services,services,Assaying & Hallmarking,,F038,bis_topic17_hallmarking_centres.csv,,1576,1.00,
REL-HALLMA-0001576,HM-02125,CHHATTISGARH HALLMARKING CENTRE,Assaying & Hallmarking,,,,PROVIDES,services,services,Assaying & Hallmarking,,F038,bis_topic17_hallmarking_centres.csv,,1577,1.00,
REL-HALLMA-0001577,HM-02127,JOGESHWARI HALLMARKING CENTER,Assaying & Hallmarking,,,,PROVIDES,services,services,Assaying & Hallmarking,,F038,bis_topic17_hallmarking_centres.csv,,1578,1.00,
REL-HALLMA-0001578,HM-02130,S G HALLMARK CENTRE,Assaying & Hallmarking,,,,PROVIDES,services,services,Assaying & Hallmarking,,F038,bis_topic17_hallmarking_centres.csv,,1579,1.00,
REL-HALLMA-0001579,HM-02131,GLS HALLMARKING CENTRE,Assaying & Hallmarking,,,,PROVIDES,services,services,Assaying & Hallmarking,,F038,bis_topic17_hallmarking_centres.csv,,1580,1.00,
REL-HALLMA-0001580,HM-02132,ROSHNI HALLMARKING CENTRE AND BULLION,Assaying & Hallmarking,,,,PROVIDES,services,services,Assaying & Hallmarking,,F038,bis_topic17_hallmarking_centres.csv,,1581,1.00,
REL-HALLMA-0001581,HM-02134,MAHADIK ASSAYING AND HALLMARKING CENTER,Assaying & Hallmarking,,,,PROVIDES,services,services,Assaying & Hallmarking,,F038,bis_topic17_hallmarking_centres.csv,,1582,1.00,
REL-HALLMA-0001582,HM-02135,PATIL HALLMARKING CENTER,Assaying & Hallmarking,,,,PROVIDES,services,services,Assaying & Hallmarking,,F038,bis_topic17_hallmarking_centres.csv,,1583,1.00,
REL-HALLMA-0001583,HM-02136,RUDRANSH ASSAYING & HALLMARKING CENTRE,Assaying & Hallmarking,,,,PROVIDES,services,services,Assaying & Hallmarking,,F038,bis_topic17_hallmarking_centres.csv,,1584,1.00,
REL-HALLMA-0001584,HM-02137,VARAD ASSAYING & HALLMARKING CENTRE,Assaying & Hallmarking,,,,PROVIDES,services,services,Assaying & Hallmarking,,F038,bis_topic17_hallmarking_centres.csv,,1585,1.00,
REL-HALLMA-0001585,HM-02139,SHREE MAHAVIR HALLMARKING CENTRE,Assaying & Hallmarking,,,,PROVIDES,services,services,Assaying & Hallmarking,,F038,bis_topic17_hallmarking_centres.csv,,1586,1.00,
REL-HALLMA-0001586,HM-02140,D N HALLMARKING CENTRE,Assaying & Hallmarking,,,,PROVIDES,services,services,Assaying & Hallmarking,,F038,bis_topic17_hallmarking_centres.csv,,1587,1.00,
REL-HALLMA-0001587,HM-02141,SAINATH HALLMARKING CENTRE,Assaying & Hallmarking,,,,PROVIDES,services,services,Assaying & Hallmarking,,F038,bis_topic17_hallmarking_centres.csv,,1588,1.00,
REL-HALLMA-0001588,HM-02142,BALAJI HALLMARKING CENTER,Assaying & Hallmarking,,,,PROVIDES,services,services,Assaying & Hallmarking,,F038,bis_topic17_hallmarking_centres.csv,,1589,1.00,
REL-HALLMA-0001589,HM-02143,VISHWAS HALLMARK,Assaying & Hallmarking,,,,PROVIDES,services,services,Assaying & Hallmarking,,F038,bis_topic17_hallmarking_centres.csv,,1590,1.00,
REL-HALLMA-0001590,HM-02144,IKON S R HALLMARKING,Assaying & Hallmarking,,,,PROVIDES,services,services,Assaying & Hallmarking,,F038,bis_topic17_hallmarking_centres.csv,,1591,1.00,
REL-HALLMA-0001591,HM-02145,S K HALLMARKINGS,Assaying & Hallmarking,,,,PROVIDES,services,services,Assaying & Hallmarking,,F038,bis_topic17_hallmarking_centres.csv,,1592,1.00,
REL-HALLMA-0001592,HM-02146,SHREE PARSHWA HALLMARKING CENTER,Assaying & Hallmarking,,,,PROVIDES,services,services,Assaying & Hallmarking,,F038,bis_topic17_hallmarking_centres.csv,,1593,1.00,
REL-HALLMA-0001593,HM-02148,Mahalakshmi Hallmarkings,Assaying & Hallmarking,,,,PROVIDES,services,services,Assaying & Hallmarking,,F038,bis_topic17_hallmarking_centres.csv,,1594,1.00,
REL-HALLMA-0001594,HM-02149,PP ASSAYING AND HALLMARKING CENTRE,Assaying & Hallmarking,,,,PROVIDES,services,services,Assaying & Hallmarking,,F038,bis_topic17_hallmarking_centres.csv,,1595,1.00,
REL-HALLMA-0001595,HM-02150,OM SAI HALLMARKING CENTRE,Assaying & Hallmarking,,,,PROVIDES,services,services,Assaying & Hallmarking,,F038,bis_topic17_hallmarking_centres.csv,,1596,1.00,
REL-HALLMA-0001596,HM-02152,PAVAN HALLMARKING CENTRE,Assaying & Hallmarking,,,,PROVIDES,services,services,Assaying & Hallmarking,,F038,bis_topic17_hallmarking_centres.csv,,1597,1.00,
REL-HALLMA-0001597,HM-02153,S S ASSAYING AND HALLMARKING CENTRE,Assaying & Hallmarking,,,,PROVIDES,services,services,Assaying & Hallmarking,,F038,bis_topic17_hallmarking_centres.csv,,1598,1.00,
REL-HALLMA-0001598,HM-02154,KRISHNA ASSAYING AND HALLMARKING CENTER,Assaying & Hallmarking,,,,PROVIDES,services,services,Assaying & Hallmarking,,F038,bis_topic17_hallmarking_centres.csv,,1599,1.00,
REL-HALLMA-0001599,HM-02156,SHRI DHANLAXMI HALLMARK,Assaying & Hallmarking,,,,PROVIDES,services,services,Assaying & Hallmarking,,F038,bis_topic17_hallmarking_centres.csv,,1600,1.00,
REL-HALLMA-0001600,HM-02157,SHRI DHANALAXMI HALLMARKING AND ASSAYING CENTRE,Assaying & Hallmarking,,,,PROVIDES,services,services,Assaying & Hallmarking,,F038,bis_topic17_hallmarking_centres.csv,,1601,1.00,
REL-HALLMA-0001601,HM-02159,TRIMURTI ASSAYING AND HALLMARKING CENTER,Assaying & Hallmarking,,,,PROVIDES,services,services,Assaying & Hallmarking,,F038,bis_topic17_hallmarking_centres.csv,,1602,1.00,
REL-HALLMA-0001602,HM-02160,CHANNAWAR HALLMARKING AND ASSAYING CENTER,Assaying & Hallmarking,,,,PROVIDES,services,services,Assaying & Hallmarking,,F038,bis_topic17_hallmarking_centres.csv,,1603,1.00,
REL-HALLMA-0001603,HM-02161,NEW SATARA HALLMARK CENTRE,Assaying & Hallmarking,,,,PROVIDES,services,services,Assaying & Hallmarking,,F038,bis_topic17_hallmarking_centres.csv,,1604,1.00,
REL-HALLMA-0001604,HM-02162,JANTA HALLMARKING CENTRE,Assaying & Hallmarking,,,,PROVIDES,services,services,Assaying & Hallmarking,,F038,bis_topic17_hallmarking_centres.csv,,1605,1.00,
REL-HALLMA-0001605,HM-02163,J S HALLMARKING A UNIT OF GOLD,Assaying & Hallmarking,,,,PROVIDES,services,services,Assaying & Hallmarking,,F038,bis_topic17_hallmarking_centres.csv,,1606,1.00,
REL-HALLMA-0001606,HM-02166,SURYA ASSAYING AND HALLMARKING CENTRE,Assaying & Hallmarking,,,,PROVIDES,services,services,Assaying & Hallmarking,,F038,bis_topic17_hallmarking_centres.csv,,1607,1.00,
REL-HALLMA-0001607,HM-02167,VARAD HALLMARKING,Assaying & Hallmarking,,,,PROVIDES,services,services,Assaying & Hallmarking,,F038,bis_topic17_hallmarking_centres.csv,,1608,1.00,
REL-HALLMA-0001608,HM-02168,SRI KRISHNA ASSAYING AND HALLMARKING CENTRE,Assaying & Hallmarking,,,,PROVIDES,services,services,Assaying & Hallmarking,,F038,bis_topic17_hallmarking_centres.csv,,1609,1.00,
REL-HALLMA-0001609,HM-02169,NEW TRISHUL HALLMARKING CENTER,Assaying & Hallmarking,,,,PROVIDES,services,services,Assaying & Hallmarking,,F038,bis_topic17_hallmarking_centres.csv,,1610,1.00,
REL-HALLMA-0001610,HM-02171,SRD Assayer & Hallmarking Centre,Assaying & Hallmarking,,,,PROVIDES,services,services,Assaying & Hallmarking,,F038,bis_topic17_hallmarking_centres.csv,,1611,1.00,
REL-HALLMA-0001611,HM-02172,SIDDHANATH HALLMARKING CENTRE,Assaying & Hallmarking,,,,PROVIDES,services,services,Assaying & Hallmarking,,F038,bis_topic17_hallmarking_centres.csv,,1612,1.00,
REL-HALLMA-0001612,HM-02173,G N HALLMARKINGS BARAMATI,Assaying & Hallmarking,,,,PROVIDES,services,services,Assaying & Hallmarking,,F038,bis_topic17_hallmarking_centres.csv,,1613,1.00,
REL-HALLMA-0001613,HM-02174,HARI OM ENTERPRISES,Assaying & Hallmarking,,,,PROVIDES,services,services,Assaying & Hallmarking,,F038,bis_topic17_hallmarking_centres.csv,,1614,1.00,
REL-HALLMA-0001614,HM-02175,AMAR HALLMARK CENTRE,Assaying & Hallmarking,,,,PROVIDES,services,services,Assaying & Hallmarking,,F038,bis_topic17_hallmarking_centres.csv,,1615,1.00,
REL-HALLMA-0001615,HM-02176,OM SAI HALLMARKING CENTRE,Assaying & Hallmarking,,,,PROVIDES,services,services,Assaying & Hallmarking,,F038,bis_topic17_hallmarking_centres.csv,,1616,1.00,
REL-HALLMA-0001616,HM-02177,RAJ HALLMARKING AND ASSAYING CENTER,Assaying & Hallmarking,,,,PROVIDES,services,services,Assaying & Hallmarking,,F038,bis_topic17_hallmarking_centres.csv,,1617,1.00,
REL-HALLMA-0001617,HM-02179,R R HALLMARKING,Assaying & Hallmarking,,,,PROVIDES,services,services,Assaying & Hallmarking,,F038,bis_topic17_hallmarking_centres.csv,,1618,1.00,
REL-HALLMA-0001618,HM-02183,BAHUBALI HALLMARKING & ASSAYING CENTRE,Assaying & Hallmarking,,,,PROVIDES,services,services,Assaying & Hallmarking,,F038,bis_topic17_hallmarking_centres.csv,,1619,1.00,
REL-HALLMA-0001619,HM-02184,SHRI SAMARTH ASSAYING AND HALLMARKING CENTRE,Assaying & Hallmarking,,,,PROVIDES,services,services,Assaying & Hallmarking,,F038,bis_topic17_hallmarking_centres.csv,,1620,1.00,
REL-HALLMA-0001620,HM-02185,S K ASSAY & HALLMARKING CENTER,Assaying & Hallmarking,,,,PROVIDES,services,services,Assaying & Hallmarking,,F038,bis_topic17_hallmarking_centres.csv,,1621,1.00,
REL-HALLMA-0001621,HM-02186,JALGAON HALLMARK AND ASSAYING CENTER,Assaying & Hallmarking,,,,PROVIDES,services,services,Assaying & Hallmarking,,F038,bis_topic17_hallmarking_centres.csv,,1622,1.00,
REL-HALLMA-0001622,HM-02188,kalyan Hallmark Centre,Assaying & Hallmarking,,,,PROVIDES,services,services,Assaying & Hallmarking,,F038,bis_topic17_hallmarking_centres.csv,,1623,1.00,
REL-HALLMA-0001623,HM-02189,kalyan Hallmark Centre,Assaying & Hallmarking,,,,PROVIDES,services,services,Assaying & Hallmarking,,F038,bis_topic17_hallmarking_centres.csv,,1624,1.00,
REL-HALLMA-0001624,HM-02190,ASHAPURI HALLMARK AND REFINERY,Assaying & Hallmarking,,,,PROVIDES,services,services,Assaying & Hallmarking,,F038,bis_topic17_hallmarking_centres.csv,,1625,1.00,
REL-HALLMA-0001625,HM-02191,JAY MATA DI HALLMARKING CENTRE,Assaying & Hallmarking,,,,PROVIDES,services,services,Assaying & Hallmarking,,F038,bis_topic17_hallmarking_centres.csv,,1626,1.00,
REL-HALLMA-0001626,HM-02193,JAI MALHAR HALLMARKING CENTER,Assaying & Hallmarking,,,,PROVIDES,services,services,Assaying & Hallmarking,,F038,bis_topic17_hallmarking_centres.csv,,1627,1.00,
REL-HALLMA-0001627,HM-02195,S K HALLMARKING CENTER,Assaying & Hallmarking,,,,PROVIDES,services,services,Assaying & Hallmarking,,F038,bis_topic17_hallmarking_centres.csv,,1628,1.00,
REL-HALLMA-0001628,HM-02196,N B HALLMARKING CENTER,Assaying & Hallmarking,,,,PROVIDES,services,services,Assaying & Hallmarking,,F038,bis_topic17_hallmarking_centres.csv,,1629,1.00,
REL-HALLMA-0001629,HM-02197,YASHRAJ HALLMARKING CENTER,Assaying & Hallmarking,,,,PROVIDES,services,services,Assaying & Hallmarking,,F038,bis_topic17_hallmarking_centres.csv,,1630,1.00,
REL-HALLMA-0001630,HM-02198,SATURN HALLMARKING CENTRE,Assaying & Hallmarking,,,,PROVIDES,services,services,Assaying & Hallmarking,,F038,bis_topic17_hallmarking_centres.csv,,1631,1.00,
REL-HALLMA-0001631,HM-02199,NEW PRECISION ASSAYING & HALLMARKING CENTRE,Assaying & Hallmarking,,,,PROVIDES,services,services,Assaying & Hallmarking,,F038,bis_topic17_hallmarking_centres.csv,,1632,1.00,
REL-HALLMA-0001632,HM-02203,SHRI MAYAAKKA ASSAYING AND HALLMARKING CENTRE,Assaying & Hallmarking,,,,PROVIDES,services,services,Assaying & Hallmarking,,F038,bis_topic17_hallmarking_centres.csv,,1633,1.00,
REL-HALLMA-0001633,HM-02204,Shri Arihant Hallmarking Center,Assaying & Hallmarking,,,,PROVIDES,services,services,Assaying & Hallmarking,,F038,bis_topic17_hallmarking_centres.csv,,1634,1.00,
REL-HALLMA-0001634,HM-02206,MAULI HALLMARKING CENTRE,Assaying & Hallmarking,,,,PROVIDES,services,services,Assaying & Hallmarking,,F038,bis_topic17_hallmarking_centres.csv,,1635,1.00,
REL-HALLMA-0001635,HM-02208,NEW HITESH HALLMARKING AND RESERCH CENTER,Assaying & Hallmarking,,,,PROVIDES,services,services,Assaying & Hallmarking,,F038,bis_topic17_hallmarking_centres.csv,,1636,1.00,
REL-HALLMA-0001636,HM-02209,MAYUR ASSAYING AND HALLMARKING CENTRE,Assaying & Hallmarking,,,,PROVIDES,services,services,Assaying & Hallmarking,,F038,bis_topic17_hallmarking_centres.csv,,1637,1.00,
REL-HALLMA-0001637,HM-02210,MORYA HALLMARK CENTER,Assaying & Hallmarking,,,,PROVIDES,services,services,Assaying & Hallmarking,,F038,bis_topic17_hallmarking_centres.csv,,1638,1.00,
REL-HALLMA-0001638,HM-02211,BHAIRAVNATH HALLMARKING & ASSYING CENTRE,Assaying & Hallmarking,,,,PROVIDES,services,services,Assaying & Hallmarking,,F038,bis_topic17_hallmarking_centres.csv,,1639,1.00,
REL-HALLMA-0001639,HM-02212,SHREE JEE HALLMARKING CENTRE,Assaying & Hallmarking,,,,PROVIDES,services,services,Assaying & Hallmarking,,F038,bis_topic17_hallmarking_centres.csv,,1640,1.00,
REL-HALLMA-0001640,HM-02213,PADMAVATI HALL MARK,Assaying & Hallmarking,,,,PROVIDES,services,services,Assaying & Hallmarking,,F038,bis_topic17_hallmarking_centres.csv,,1641,1.00,
REL-HALLMA-0001641,HM-02214,TULSI HALLMARKING CENTRE,Assaying & Hallmarking,,,,PROVIDES,services,services,Assaying & Hallmarking,,F038,bis_topic17_hallmarking_centres.csv,,1642,1.00,
REL-HALLMA-0001642,HM-02215,SHIVRAM HALLMARKING CENTER,Assaying & Hallmarking,,,,PROVIDES,services,services,Assaying & Hallmarking,,F038,bis_topic17_hallmarking_centres.csv,,1643,1.00,
REL-HALLMA-0001643,HM-02216,VARMA ASSAYING AND HALLMARKING CENTRE,Assaying & Hallmarking,,,,PROVIDES,services,services,Assaying & Hallmarking,,F038,bis_topic17_hallmarking_centres.csv,,1644,1.00,
REL-HALLMA-0001644,HM-02222,SIDDHANATH PRASANNA HALLMARKING CENTRE,Assaying & Hallmarking,,,,PROVIDES,services,services,Assaying & Hallmarking,,F038,bis_topic17_hallmarking_centres.csv,,1645,1.00,
REL-HALLMA-0001645,HM-02223,R K Assaying & Hallmark Center,Assaying & Hallmarking,,,,PROVIDES,services,services,Assaying & Hallmarking,,F038,bis_topic17_hallmarking_centres.csv,,1646,1.00,
REL-HALLMA-0001646,HM-02224,GURUKRUPA ASSAYING AND HALLMARK CENTRE,Assaying & Hallmarking,,,,PROVIDES,services,services,Assaying & Hallmarking,,F038,bis_topic17_hallmarking_centres.csv,,1647,1.00,
REL-HALLMA-0001647,HM-02229,NEW SHREE SANT NARHARI MAHARAJ HALLMARKING CENTRE,Assaying & Hallmarking,,,,PROVIDES,services,services,Assaying & Hallmarking,,F038,bis_topic17_hallmarking_centres.csv,,1648,1.00,
REL-HALLMA-0001648,HM-02230,SIDDHANATH HALLMARKING CENTRE,Assaying & Hallmarking,,,,PROVIDES,services,services,Assaying & Hallmarking,,F038,bis_topic17_hallmarking_centres.csv,,1649,1.00,
REL-HALLMA-0001649,HM-02232,RIDDHI SIDDHI HALLMARK,Assaying & Hallmarking,,,,PROVIDES,services,services,Assaying & Hallmarking,,F038,bis_topic17_hallmarking_centres.csv,,1650,1.00,
REL-HALLMA-0001650,HM-02234,SOHAM ASSAYING AND HALLMARKING,Assaying & Hallmarking,,,,PROVIDES,services,services,Assaying & Hallmarking,,F038,bis_topic17_hallmarking_centres.csv,,1651,1.00,
REL-HALLMA-0001651,HM-02235,ABHISHEK HALLMARKING CENTRE,Assaying & Hallmarking,,,,PROVIDES,services,services,Assaying & Hallmarking,,F038,bis_topic17_hallmarking_centres.csv,,1652,1.00,
REL-HALLMA-0001652,HM-02236,SHREE JYOTI HALLMARKING & ASSAYING CENTRE,Assaying & Hallmarking,,,,PROVIDES,services,services,Assaying & Hallmarking,,F038,bis_topic17_hallmarking_centres.csv,,1653,1.00,
REL-HALLMA-0001653,HM-02237,SHIV MALHAR HALLMARKING CENTER,Assaying & Hallmarking,,,,PROVIDES,services,services,Assaying & Hallmarking,,F038,bis_topic17_hallmarking_centres.csv,,1654,1.00,
REL-HALLMA-0001654,HM-02238,NEW S B HALLMARKING CENTER,Assaying & Hallmarking,,,,PROVIDES,services,services,Assaying & Hallmarking,,F038,bis_topic17_hallmarking_centres.csv,,1655,1.00,
REL-HALLMA-0001655,HM-02239,DIVYANSH ASSAYING AND HALLMARKING CENTRE,Assaying & Hallmarking,,,,PROVIDES,services,services,Assaying & Hallmarking,,F038,bis_topic17_hallmarking_centres.csv,,1656,1.00,
REL-HALLMA-0001656,HM-02242,SHREE MAHAVEER HALLMARK CENTRE,Assaying & Hallmarking,,,,PROVIDES,services,services,Assaying & Hallmarking,,F038,bis_topic17_hallmarking_centres.csv,,1657,1.00,
REL-HALLMA-0001657,HM-02243,MAHAKOUSHAL HALLMARK CENTER,Assaying & Hallmarking,,,,PROVIDES,services,services,Assaying & Hallmarking,,F038,bis_topic17_hallmarking_centres.csv,,1658,1.00,
REL-HALLMA-0001658,HM-02244,Shree Akanksha Hallmarking,Assaying & Hallmarking,,,,PROVIDES,services,services,Assaying & Hallmarking,,F038,bis_topic17_hallmarking_centres.csv,,1659,1.00,
REL-HALLMA-0001659,HM-00006,SHREERAM HALLMARKING CENTRE,Assaying & Hallmarking,,,,PROVIDES,services,services,Assaying & Hallmarking,,F039,bis_topic17_hallmarking_centres_cancelled_suspended.csv,,2,1.00,
REL-HALLMA-0001660,HM-00009,M/S AASTHA ASSAYING & HALLMARKING CENTRE,Assaying & Hallmarking,,,,PROVIDES,services,services,Assaying & Hallmarking,,F039,bis_topic17_hallmarking_centres_cancelled_suspended.csv,,3,1.00,
REL-HALLMA-0001661,HM-00010,KATARIA FASHION HALLMARKING CENTRE,Assaying & Hallmarking,,,,PROVIDES,services,services,Assaying & Hallmarking,,F039,bis_topic17_hallmarking_centres_cancelled_suspended.csv,,4,1.00,
REL-HALLMA-0001662,HM-00012,M/s Shree Katyayani Enterprises,Assaying & Hallmarking,,,,PROVIDES,services,services,Assaying & Hallmarking,,F039,bis_topic17_hallmarking_centres_cancelled_suspended.csv,,5,1.00,
REL-HALLMA-0001663,HM-00013,KAPS HALLMARKING CENTRE,Assaying & Hallmarking,,,,PROVIDES,services,services,Assaying & Hallmarking,,F039,bis_topic17_hallmarking_centres_cancelled_suspended.csv,,6,1.00,
REL-HALLMA-0001664,HM-00018,HIRA HALLMARKING CENTRE,Assaying & Hallmarking,,,,PROVIDES,services,services,Assaying & Hallmarking,,F039,bis_topic17_hallmarking_centres_cancelled_suspended.csv,,7,1.00,
REL-HALLMA-0001665,HM-00019,M/s Mahalaxmi Hallmarking Centre,Assaying & Hallmarking,,,,PROVIDES,services,services,Assaying & Hallmarking,,F039,bis_topic17_hallmarking_centres_cancelled_suspended.csv,,8,1.00,
REL-HALLMA-0001666,HM-00021,SIDDHIVINAYAK ASSAYING AND HALLMARKING CENTRE,Assaying & Hallmarking,,,,PROVIDES,services,services,Assaying & Hallmarking,,F039,bis_topic17_hallmarking_centres_cancelled_suspended.csv,,9,1.00,
REL-HALLMA-0001667,HM-00023,JAIPUR HALLMARKING,Assaying & Hallmarking,,,,PROVIDES,services,services,Assaying & Hallmarking,,F039,bis_topic17_hallmarking_centres_cancelled_suspended.csv,,10,1.00,
REL-HALLMA-0001668,HM-00024,M/S R.V. GOLD HALLMARK,Assaying & Hallmarking,,,,PROVIDES,services,services,Assaying & Hallmarking,,F039,bis_topic17_hallmarking_centres_cancelled_suspended.csv,,11,1.00,
REL-HALLMA-0001669,HM-00027,M/S R B HALLMARKING CENTRE,Assaying & Hallmarking,,,,PROVIDES,services,services,Assaying & Hallmarking,,F039,bis_topic17_hallmarking_centres_cancelled_suspended.csv,,12,1.00,
REL-HALLMA-0001670,HM-00030,JYOTI HALLMARKING AND ASSAYING CENTRE,Assaying & Hallmarking,,,,PROVIDES,services,services,Assaying & Hallmarking,,F039,bis_topic17_hallmarking_centres_cancelled_suspended.csv,,13,1.00,
REL-HALLMA-0001671,HM-00034,M/S JEEN MATA HALLMARKING CENTRE,Assaying & Hallmarking,,,,PROVIDES,services,services,Assaying & Hallmarking,,F039,bis_topic17_hallmarking_centres_cancelled_suspended.csv,,14,1.00,
REL-HALLMA-0001672,HM-00035,J P Testing and gold hallmarking Centre,Assaying & Hallmarking,,,,PROVIDES,services,services,Assaying & Hallmarking,,F039,bis_topic17_hallmarking_centres_cancelled_suspended.csv,,15,1.00,
REL-HALLMA-0001673,HM-00037,ZEVAR HALLMARKING CENTRE,Assaying & Hallmarking,,,,PROVIDES,services,services,Assaying & Hallmarking,,F039,bis_topic17_hallmarking_centres_cancelled_suspended.csv,,16,1.00,
REL-HALLMA-0001674,HM-00038,M/s National Hallmarking Centre,Assaying & Hallmarking,,,,PROVIDES,services,services,Assaying & Hallmarking,,F039,bis_topic17_hallmarking_centres_cancelled_suspended.csv,,17,1.00,
REL-HALLMA-0001675,HM-00039,M/S T. J. HALLMARKING,Assaying & Hallmarking,,,,PROVIDES,services,services,Assaying & Hallmarking,,F039,bis_topic17_hallmarking_centres_cancelled_suspended.csv,,18,1.00,
REL-HALLMA-0001676,HM-00042,M/S AMAZE ASSAYING AND HALLMARKING CENTRE PVT. LTD,Assaying & Hallmarking,,,,PROVIDES,services,services,Assaying & Hallmarking,,F039,bis_topic17_hallmarking_centres_cancelled_suspended.csv,,19,1.00,
REL-HALLMA-0001677,HM-00044,M/s N.C. & Co. Hallmarking Centre,Assaying & Hallmarking,,,,PROVIDES,services,services,Assaying & Hallmarking,,F039,bis_topic17_hallmarking_centres_cancelled_suspended.csv,,20,1.00,
REL-HALLMA-0001678,HM-00046,VINAYAK HALLMARKING CENTRE,Assaying & Hallmarking,,,,PROVIDES,services,services,Assaying & Hallmarking,,F039,bis_topic17_hallmarking_centres_cancelled_suspended.csv,,21,1.00,
REL-HALLMA-0001679,HM-00049,M/S PERFECT ASSAYING & HALLMARKING CENTRE,Assaying & Hallmarking,,,,PROVIDES,services,services,Assaying & Hallmarking,,F039,bis_topic17_hallmarking_centres_cancelled_suspended.csv,,22,1.00,
REL-HALLMA-0001680,HM-00058,S S Hallmarking Centre,Assaying & Hallmarking,,,,PROVIDES,services,services,Assaying & Hallmarking,,F039,bis_topic17_hallmarking_centres_cancelled_suspended.csv,,23,1.00,
REL-HALLMA-0001681,HM-00061,M/S JABALPUR HALLMARKING CENTRE,Assaying & Hallmarking,,,,PROVIDES,services,services,Assaying & Hallmarking,,F039,bis_topic17_hallmarking_centres_cancelled_suspended.csv,,24,1.00,
REL-HALLMA-0001682,HM-00067,AMAYA ASSAYING AND HALLMARKING CENTRE,Assaying & Hallmarking,,,,PROVIDES,services,services,Assaying & Hallmarking,,F039,bis_topic17_hallmarking_centres_cancelled_suspended.csv,,25,1.00,
REL-HALLMA-0001683,HM-00070,M/S PRINCE ASSAYING & HALLMARKING CENTRE,Assaying & Hallmarking,,,,PROVIDES,services,services,Assaying & Hallmarking,,F039,bis_topic17_hallmarking_centres_cancelled_suspended.csv,,26,1.00,
REL-HALLMA-0001684,HM-00076,M/S RADHAKRISHNA HALLMARK CENTRE & REFINERY,Assaying & Hallmarking,,,,PROVIDES,services,services,Assaying & Hallmarking,,F039,bis_topic17_hallmarking_centres_cancelled_suspended.csv,,27,1.00,
REL-HALLMA-0001685,HM-00078,SHREE BALAJI HALLMARKING CENTRE,Assaying & Hallmarking,,,,PROVIDES,services,services,Assaying & Hallmarking,,F039,bis_topic17_hallmarking_centres_cancelled_suspended.csv,,28,1.00,
REL-HALLMA-0001686,HM-00080,MODERN HALLMARKING CENTRE,Assaying & Hallmarking,,,,PROVIDES,services,services,Assaying & Hallmarking,,F039,bis_topic17_hallmarking_centres_cancelled_suspended.csv,,29,1.00,
REL-HALLMA-0001687,HM-00082,SONU HALLMARKING CENTRE,Assaying & Hallmarking,,,,PROVIDES,services,services,Assaying & Hallmarking,,F039,bis_topic17_hallmarking_centres_cancelled_suspended.csv,,30,1.00,
REL-HALLMA-0001688,HM-00083,KALASHEE HALLMARK CENTER,Assaying & Hallmarking,,,,PROVIDES,services,services,Assaying & Hallmarking,,F039,bis_topic17_hallmarking_centres_cancelled_suspended.csv,,31,1.00,
REL-HALLMA-0001689,HM-00085,RAJAT HALLMARKING CENTRE,Assaying & Hallmarking,,,,PROVIDES,services,services,Assaying & Hallmarking,,F039,bis_topic17_hallmarking_centres_cancelled_suspended.csv,,32,1.00,
REL-HALLMA-0001690,HM-00086,KOLHAPUR HALLMARK CENTER,Assaying & Hallmarking,,,,PROVIDES,services,services,Assaying & Hallmarking,,F039,bis_topic17_hallmarking_centres_cancelled_suspended.csv,,33,1.00,
REL-HALLMA-0001691,HM-00087,SHREE HINDUSTAN TESTING CENTER,Assaying & Hallmarking,,,,PROVIDES,services,services,Assaying & Hallmarking,,F039,bis_topic17_hallmarking_centres_cancelled_suspended.csv,,34,1.00,
REL-HALLMA-0001692,HM-00088,Salasar Balaji Hallmarking Centre,Assaying & Hallmarking,,,,PROVIDES,services,services,Assaying & Hallmarking,,F039,bis_topic17_hallmarking_centres_cancelled_suspended.csv,,35,1.00,
REL-HALLMA-0001693,HM-00091,M/S KRISHNA HALLMARKING CENTRE,Assaying & Hallmarking,,,,PROVIDES,services,services,Assaying & Hallmarking,,F039,bis_topic17_hallmarking_centres_cancelled_suspended.csv,,36,1.00,
REL-HALLMA-0001694,HM-00092,BALAJI HALLMARKING CENTER,Assaying & Hallmarking,,,,PROVIDES,services,services,Assaying & Hallmarking,,F039,bis_topic17_hallmarking_centres_cancelled_suspended.csv,,37,1.00,
REL-HALLMA-0001695,HM-00099,SAATVIK ASSAYING & HALLMARKING CENTRE,Assaying & Hallmarking,,,,PROVIDES,services,services,Assaying & Hallmarking,,F039,bis_topic17_hallmarking_centres_cancelled_suspended.csv,,38,1.00,
REL-HALLMA-0001696,HM-00100,MEERA HALLMARKING CENTRE,Assaying & Hallmarking,,,,PROVIDES,services,services,Assaying & Hallmarking,,F039,bis_topic17_hallmarking_centres_cancelled_suspended.csv,,39,1.00,
REL-HALLMA-0001697,HM-00103,M/S M.S. GOLD LAB,Assaying & Hallmarking,,,,PROVIDES,services,services,Assaying & Hallmarking,,F039,bis_topic17_hallmarking_centres_cancelled_suspended.csv,,40,1.00,
REL-HALLMA-0001698,HM-00107,M/S RADIANT ASSAYING & HALLMARKING CENTRE PVT. LTD,Assaying & Hallmarking,,,,PROVIDES,services,services,Assaying & Hallmarking,,F039,bis_topic17_hallmarking_centres_cancelled_suspended.csv,,41,1.00,
REL-HALLMA-0001699,HM-00114,PARAKH GOLD TESTING AND HALLMARK CENTER,Assaying & Hallmarking,,,,PROVIDES,services,services,Assaying & Hallmarking,,F039,bis_topic17_hallmarking_centres_cancelled_suspended.csv,,42,1.00,
REL-HALLMA-0001700,HM-00117,SHRI GANPATI GOLD LABS,Assaying & Hallmarking,,,,PROVIDES,services,services,Assaying & Hallmarking,,F039,bis_topic17_hallmarking_centres_cancelled_suspended.csv,,43,1.00,
REL-HALLMA-0001701,HM-00118,SHRI GANPATI GOLD LABS,Assaying & Hallmarking,,,,PROVIDES,services,services,Assaying & Hallmarking,,F039,bis_topic17_hallmarking_centres_cancelled_suspended.csv,,44,1.00,
REL-HALLMA-0001702,HM-00119,M/S J N HALLMARKING CENTER,Assaying & Hallmarking,,,,PROVIDES,services,services,Assaying & Hallmarking,,F039,bis_topic17_hallmarking_centres_cancelled_suspended.csv,,45,1.00,
REL-HALLMA-0001703,HM-00120,M/S SHRI RAM GOLD TESTING CENTER,Assaying & Hallmarking,,,,PROVIDES,services,services,Assaying & Hallmarking,,F039,bis_topic17_hallmarking_centres_cancelled_suspended.csv,,46,1.00,
REL-HALLMA-0001704,HM-00126,JMD HALLMARKING,Assaying & Hallmarking,,,,PROVIDES,services,services,Assaying & Hallmarking,,F039,bis_topic17_hallmarking_centres_cancelled_suspended.csv,,47,1.00,
REL-HALLMA-0001705,HM-00127,JMD HALLMARKING,Assaying & Hallmarking,,,,PROVIDES,services,services,Assaying & Hallmarking,,F039,bis_topic17_hallmarking_centres_cancelled_suspended.csv,,48,1.00,
REL-HALLMA-0001706,HM-00129,PAMP SPECIALITY SERVICES PVT LTD (PAMP ASSAYING AND HALLMARKING OFFICE),Assaying & Hallmarking,,,,PROVIDES,services,services,Assaying & Hallmarking,,F039,bis_topic17_hallmarking_centres_cancelled_suspended.csv,,49,1.00,
REL-HALLMA-0001707,HM-00133,SHIVAJI GOLD HALLMARKING CENTRE,Assaying & Hallmarking,,,,PROVIDES,services,services,Assaying & Hallmarking,,F039,bis_topic17_hallmarking_centres_cancelled_suspended.csv,,50,1.00,
REL-HALLMA-0001708,HM-00135,Star Hallmarking Lab,Assaying & Hallmarking,,,,PROVIDES,services,services,Assaying & Hallmarking,,F039,bis_topic17_hallmarking_centres_cancelled_suspended.csv,,51,1.00,
REL-HALLMA-0001709,HM-00140,LOTUS HALLMARKING CENTRE PVT LTD,Assaying & Hallmarking,,,,PROVIDES,services,services,Assaying & Hallmarking,,F039,bis_topic17_hallmarking_centres_cancelled_suspended.csv,,52,1.00,
REL-HALLMA-0001710,HM-00141,JAI VAISHNAV HALLMARKING CENTRE,Assaying & Hallmarking,,,,PROVIDES,services,services,Assaying & Hallmarking,,F039,bis_topic17_hallmarking_centres_cancelled_suspended.csv,,53,1.00,
REL-HALLMA-0001711,HM-00142,R R HALLMARKING CENTER,Assaying & Hallmarking,,,,PROVIDES,services,services,Assaying & Hallmarking,,F039,bis_topic17_hallmarking_centres_cancelled_suspended.csv,,54,1.00,
REL-HALLMA-0001712,HM-00146,QUALITY ASSAY & HALLMARKING CENTRE PRIVATE LIMITED,Assaying & Hallmarking,,,,PROVIDES,services,services,Assaying & Hallmarking,,F039,bis_topic17_hallmarking_centres_cancelled_suspended.csv,,55,1.00,
REL-HALLMA-0001713,HM-00159,JMD Hallmarking Center,Assaying & Hallmarking,,,,PROVIDES,services,services,Assaying & Hallmarking,,F039,bis_topic17_hallmarking_centres_cancelled_suspended.csv,,56,1.00,
REL-HALLMA-0001714,HM-00160,PCS GOLD ASSAY AND HALLMARKING CENTRE,Assaying & Hallmarking,,,,PROVIDES,services,services,Assaying & Hallmarking,,F039,bis_topic17_hallmarking_centres_cancelled_suspended.csv,,57,1.00,
REL-HALLMA-0001715,HM-00168,B P HALLMARKING CENTRE,Assaying & Hallmarking,,,,PROVIDES,services,services,Assaying & Hallmarking,,F039,bis_topic17_hallmarking_centres_cancelled_suspended.csv,,58,1.00,
REL-HALLMA-0001716,HM-00170,YASHIKA HALLMARKING CENTRE,Assaying & Hallmarking,,,,PROVIDES,services,services,Assaying & Hallmarking,,F039,bis_topic17_hallmarking_centres_cancelled_suspended.csv,,59,1.00,
REL-HALLMA-0001717,HM-00174,YASHODA HALLMARKING AND GOLD TESTING CENTRE,Assaying & Hallmarking,,,,PROVIDES,services,services,Assaying & Hallmarking,,F039,bis_topic17_hallmarking_centres_cancelled_suspended.csv,,60,1.00,
REL-HALLMA-0001718,HM-00176,B R GOLD TANCH AND HALLMARK CENTER,Assaying & Hallmarking,,,,PROVIDES,services,services,Assaying & Hallmarking,,F039,bis_topic17_hallmarking_centres_cancelled_suspended.csv,,61,1.00,
REL-HALLMA-0001719,HM-00183,SHRI LAXMI HALLMARKING AND TUNCH CENTRE,Assaying & Hallmarking,,,,PROVIDES,services,services,Assaying & Hallmarking,,F039,bis_topic17_hallmarking_centres_cancelled_suspended.csv,,62,1.00,
REL-HALLMA-0001720,HM-00188,RBR HALLMARKING AND ASSAYING CENTER,Assaying & Hallmarking,,,,PROVIDES,services,services,Assaying & Hallmarking,,F039,bis_topic17_hallmarking_centres_cancelled_suspended.csv,,63,1.00,
REL-HALLMA-0001721,HM-00199,VISHAL HALLMARKING CENTRE,Assaying & Hallmarking,,,,PROVIDES,services,services,Assaying & Hallmarking,,F039,bis_topic17_hallmarking_centres_cancelled_suspended.csv,,64,1.00,
REL-HALLMA-0001722,HM-00204,CARAT LEAF SERVICES PVT LTD,Assaying & Hallmarking,,,,PROVIDES,services,services,Assaying & Hallmarking,,F039,bis_topic17_hallmarking_centres_cancelled_suspended.csv,,65,1.00,
REL-HALLMA-0001723,HM-00205,AMAZE ASSAYING AND HALLMARKING CENTRE PVT. LTD,Assaying & Hallmarking,,,,PROVIDES,services,services,Assaying & Hallmarking,,F039,bis_topic17_hallmarking_centres_cancelled_suspended.csv,,66,1.00,
REL-HALLMA-0001724,HM-00214,DEORIA HALLMARKING CENTRE,Assaying & Hallmarking,,,,PROVIDES,services,services,Assaying & Hallmarking,,F039,bis_topic17_hallmarking_centres_cancelled_suspended.csv,,67,1.00,
REL-HALLMA-0001725,HM-00218,DHP HALLMARKING CENTRE,Assaying & Hallmarking,,,,PROVIDES,services,services,Assaying & Hallmarking,,F039,bis_topic17_hallmarking_centres_cancelled_suspended.csv,,68,1.00,
REL-HALLMA-0001726,HM-00225,ELIXIR GOLD,Assaying & Hallmarking,,,,PROVIDES,services,services,Assaying & Hallmarking,,F039,bis_topic17_hallmarking_centres_cancelled_suspended.csv,,69,1.00,
REL-HALLMA-0001727,HM-00227,ANKIT HALLMARK CENTER,Assaying & Hallmarking,,,,PROVIDES,services,services,Assaying & Hallmarking,,F039,bis_topic17_hallmarking_centres_cancelled_suspended.csv,,70,1.00,
REL-HALLMA-0001728,HM-00229,SHRI RAM DARBAR HALLMARKING CENTRE,Assaying & Hallmarking,,,,PROVIDES,services,services,Assaying & Hallmarking,,F039,bis_topic17_hallmarking_centres_cancelled_suspended.csv,,71,1.00,
REL-HALLMA-0001729,HM-00231,SHUBHAM HALLMARKING CENTER,Assaying & Hallmarking,,,,PROVIDES,services,services,Assaying & Hallmarking,,F039,bis_topic17_hallmarking_centres_cancelled_suspended.csv,,72,1.00,
REL-HALLMA-0001730,HM-00234,SHREE SHYAM HALLMARKING CENTER,Assaying & Hallmarking,,,,PROVIDES,services,services,Assaying & Hallmarking,,F039,bis_topic17_hallmarking_centres_cancelled_suspended.csv,,73,1.00,
REL-HALLMA-0001731,HM-00248,L S HALLMARK CENTRE,Assaying & Hallmarking,,,,PROVIDES,services,services,Assaying & Hallmarking,,F039,bis_topic17_hallmarking_centres_cancelled_suspended.csv,,74,1.00,
REL-HALLMA-0001732,HM-00253,Maa Kripa Hallmarking Center,Assaying & Hallmarking,,,,PROVIDES,services,services,Assaying & Hallmarking,,F039,bis_topic17_hallmarking_centres_cancelled_suspended.csv,,75,1.00,
REL-HALLMA-0001733,HM-00256,MB Hallmark Centre,Assaying & Hallmarking,,,,PROVIDES,services,services,Assaying & Hallmarking,,F039,bis_topic17_hallmarking_centres_cancelled_suspended.csv,,76,1.00,
REL-HALLMA-0001734,HM-00279,SHREE MAHALAXMI HALLMARKING CENTRE,Assaying & Hallmarking,,,,PROVIDES,services,services,Assaying & Hallmarking,,F039,bis_topic17_hallmarking_centres_cancelled_suspended.csv,,77,1.00,
REL-HALLMA-0001735,HM-00282,MARUDHAR HALLMARKING CENTRE,Assaying & Hallmarking,,,,PROVIDES,services,services,Assaying & Hallmarking,,F039,bis_topic17_hallmarking_centres_cancelled_suspended.csv,,78,1.00,
REL-HALLMA-0001736,HM-00283,SHREE KISHAN HALLMARKING CENTER,Assaying & Hallmarking,,,,PROVIDES,services,services,Assaying & Hallmarking,,F039,bis_topic17_hallmarking_centres_cancelled_suspended.csv,,79,1.00,
REL-HALLMA-0001737,HM-00293,SUNCITY HALLMARKING CENTRE,Assaying & Hallmarking,,,,PROVIDES,services,services,Assaying & Hallmarking,,F039,bis_topic17_hallmarking_centres_cancelled_suspended.csv,,80,1.00,
REL-HALLMA-0001738,HM-00297,SHREE KRISHNA HALLMARK CENTER,Assaying & Hallmarking,,,,PROVIDES,services,services,Assaying & Hallmarking,,F039,bis_topic17_hallmarking_centres_cancelled_suspended.csv,,81,1.00,
REL-HALLMA-0001739,HM-00301,KRISHNA HALLMARKING & REFINERY,Assaying & Hallmarking,,,,PROVIDES,services,services,Assaying & Hallmarking,,F039,bis_topic17_hallmarking_centres_cancelled_suspended.csv,,82,1.00,
REL-HALLMA-0001740,HM-00310,SHRI RAM HALLMARK CENTER,Assaying & Hallmarking,,,,PROVIDES,services,services,Assaying & Hallmarking,,F039,bis_topic17_hallmarking_centres_cancelled_suspended.csv,,83,1.00,
REL-HALLMA-0001741,HM-00311,SHRI RAM HALLMARK CENTER,Assaying & Hallmarking,,,,PROVIDES,services,services,Assaying & Hallmarking,,F039,bis_topic17_hallmarking_centres_cancelled_suspended.csv,,84,1.00,
REL-HALLMA-0001742,HM-00315,RS HALLMARKING CENTRE,Assaying & Hallmarking,,,,PROVIDES,services,services,Assaying & Hallmarking,,F039,bis_topic17_hallmarking_centres_cancelled_suspended.csv,,85,1.00,
REL-HALLMA-0001743,HM-00316,NEEMUCH HALLMARK CENTER,Assaying & Hallmarking,,,,PROVIDES,services,services,Assaying & Hallmarking,,F039,bis_topic17_hallmarking_centres_cancelled_suspended.csv,,86,1.00,
REL-HALLMA-0001744,HM-00320,SAMBHAV HALLMARKING CENTRE,Assaying & Hallmarking,,,,PROVIDES,services,services,Assaying & Hallmarking,,F039,bis_topic17_hallmarking_centres_cancelled_suspended.csv,,87,1.00,
REL-HALLMA-0001745,HM-00321,INDORE HALLMARKING CENTRE,Assaying & Hallmarking,,,,PROVIDES,services,services,Assaying & Hallmarking,,F039,bis_topic17_hallmarking_centres_cancelled_suspended.csv,,88,1.00,
REL-HALLMA-0001746,HM-00326,MUKTI ASSAYING AND HALLMARKING CENTRE,Assaying & Hallmarking,,,,PROVIDES,services,services,Assaying & Hallmarking,,F039,bis_topic17_hallmarking_centres_cancelled_suspended.csv,,89,1.00,
REL-HALLMA-0001747,HM-00330,SONAM HALLMARKING AND ASSAYING CENTRE,Assaying & Hallmarking,,,,PROVIDES,services,services,Assaying & Hallmarking,,F039,bis_topic17_hallmarking_centres_cancelled_suspended.csv,,90,1.00,
REL-HALLMA-0001748,HM-00331,SHRI RAM HALLMARKING CENTER,Assaying & Hallmarking,,,,PROVIDES,services,services,Assaying & Hallmarking,,F039,bis_topic17_hallmarking_centres_cancelled_suspended.csv,,91,1.00,
REL-HALLMA-0001749,HM-00340,RN HALLMARKING CENTER,Assaying & Hallmarking,,,,PROVIDES,services,services,Assaying & Hallmarking,,F039,bis_topic17_hallmarking_centres_cancelled_suspended.csv,,92,1.00,
REL-HALLMA-0001750,HM-00342,LAXMINARAYAN ASSAYING AND HALLMARK CENTER,Assaying & Hallmarking,,,,PROVIDES,services,services,Assaying & Hallmarking,,F039,bis_topic17_hallmarking_centres_cancelled_suspended.csv,,93,1.00,
REL-HALLMA-0001751,HM-00348,VINDHYA HALLMARKING CENTRE,Assaying & Hallmarking,,,,PROVIDES,services,services,Assaying & Hallmarking,,F039,bis_topic17_hallmarking_centres_cancelled_suspended.csv,,94,1.00,
REL-HALLMA-0001752,HM-00349,PRAKASH HALLMARKING CENTRE,Assaying & Hallmarking,,,,PROVIDES,services,services,Assaying & Hallmarking,,F039,bis_topic17_hallmarking_centres_cancelled_suspended.csv,,95,1.00,
REL-HALLMA-0001753,HM-00354,AKANKSHA HALLMARK CENTRE,Assaying & Hallmarking,,,,PROVIDES,services,services,Assaying & Hallmarking,,F039,bis_topic17_hallmarking_centres_cancelled_suspended.csv,,96,1.00,
REL-HALLMA-0001754,HM-00356,SIYARAM HALLMARKING CENTRE,Assaying & Hallmarking,,,,PROVIDES,services,services,Assaying & Hallmarking,,F039,bis_topic17_hallmarking_centres_cancelled_suspended.csv,,97,1.00,
REL-HALLMA-0001755,HM-00357,K K HALLMARKING CENTRE,Assaying & Hallmarking,,,,PROVIDES,services,services,Assaying & Hallmarking,,F039,bis_topic17_hallmarking_centres_cancelled_suspended.csv,,98,1.00,
REL-HALLMA-0001756,HM-00358,VINAYAKA HALLMARK,Assaying & Hallmarking,,,,PROVIDES,services,services,Assaying & Hallmarking,,F039,bis_topic17_hallmarking_centres_cancelled_suspended.csv,,99,1.00,
REL-HALLMA-0001757,HM-00361,ARIHANT ASSAYING AND HALLMARKING CENTRE,Assaying & Hallmarking,,,,PROVIDES,services,services,Assaying & Hallmarking,,F039,bis_topic17_hallmarking_centres_cancelled_suspended.csv,,100,1.00,
REL-HALLMA-0001758,HM-00363,JAI SHAKTI HALLMARKING CENTRE,Assaying & Hallmarking,,,,PROVIDES,services,services,Assaying & Hallmarking,,F039,bis_topic17_hallmarking_centres_cancelled_suspended.csv,,101,1.00,
REL-HALLMA-0001759,HM-00367,MAHAVEER ASSAYING AND HALLMARKING CENTRE,Assaying & Hallmarking,,,,PROVIDES,services,services,Assaying & Hallmarking,,F039,bis_topic17_hallmarking_centres_cancelled_suspended.csv,,102,1.00,
REL-HALLMA-0001760,HM-00374,M/S SIDDHI VINAYAK HALLMARKING CENTRE,Assaying & Hallmarking,,,,PROVIDES,services,services,Assaying & Hallmarking,,F039,bis_topic17_hallmarking_centres_cancelled_suspended.csv,,103,1.00,
REL-HALLMA-0001761,HM-00376,IMPERIAL HALLMARKING LLP,Assaying & Hallmarking,,,,PROVIDES,services,services,Assaying & Hallmarking,,F039,bis_topic17_hallmarking_centres_cancelled_suspended.csv,,104,1.00,
REL-HALLMA-0001762,HM-00387,MAA AMBE HALLMARKING CENTRE,Assaying & Hallmarking,,,,PROVIDES,services,services,Assaying & Hallmarking,,F039,bis_topic17_hallmarking_centres_cancelled_suspended.csv,,105,1.00,
REL-HALLMA-0001763,HM-00391,PRINCE HALLMARKING AND REFINERY PRIVATE LIMITED,Assaying & Hallmarking,,,,PROVIDES,services,services,Assaying & Hallmarking,,F039,bis_topic17_hallmarking_centres_cancelled_suspended.csv,,106,1.00,
REL-HALLMA-0001764,HM-00393,SANATANI HALLMARK CENTRE,Assaying & Hallmarking,,,,PROVIDES,services,services,Assaying & Hallmarking,,F039,bis_topic17_hallmarking_centres_cancelled_suspended.csv,,107,1.00,
REL-HALLMA-0001765,HM-00394,G N HALLMARKING CENTRE,Assaying & Hallmarking,,,,PROVIDES,services,services,Assaying & Hallmarking,,F039,bis_topic17_hallmarking_centres_cancelled_suspended.csv,,108,1.00,
REL-HALLMA-0001766,HM-00397,VIJAY HALLMARKING CENTRE,Assaying & Hallmarking,,,,PROVIDES,services,services,Assaying & Hallmarking,,F039,bis_topic17_hallmarking_centres_cancelled_suspended.csv,,109,1.00,
REL-HALLMA-0001767,HM-00399,S B ASSAYING AND HALLMARKING CENTRE,Assaying & Hallmarking,,,,PROVIDES,services,services,Assaying & Hallmarking,,F039,bis_topic17_hallmarking_centres_cancelled_suspended.csv,,110,1.00,
REL-HALLMA-0001768,HM-00403,PRINCE HALLMARKING CENTRE,Assaying & Hallmarking,,,,PROVIDES,services,services,Assaying & Hallmarking,,F039,bis_topic17_hallmarking_centres_cancelled_suspended.csv,,111,1.00,
REL-HALLMA-0001769,HM-00405,M/S-SHREE SALASAR HALLMARKING CENTRE (A UNIT OF TIRUPATI HALLMARKING CENTRE PVT. LTD.),Assaying & Hallmarking,,,,PROVIDES,services,services,Assaying & Hallmarking,,F039,bis_topic17_hallmarking_centres_cancelled_suspended.csv,,112,1.00,
REL-HALLMA-0001770,HM-00410,R N HALLMARKING CENTER,Assaying & Hallmarking,,,,PROVIDES,services,services,Assaying & Hallmarking,,F039,bis_topic17_hallmarking_centres_cancelled_suspended.csv,,113,1.00,
REL-HALLMA-0001771,HM-00411,JH HALLMARKING CENTRE UNIT OF JOIN HANDS ENTERPRISE PVT LTD,Assaying & Hallmarking,,,,PROVIDES,services,services,Assaying & Hallmarking,,F039,bis_topic17_hallmarking_centres_cancelled_suspended.csv,,114,1.00,
REL-HALLMA-0001772,HM-00414,NAKODA HALLMARKING CENTRE,Assaying & Hallmarking,,,,PROVIDES,services,services,Assaying & Hallmarking,,F039,bis_topic17_hallmarking_centres_cancelled_suspended.csv,,115,1.00,
REL-HALLMA-0001773,HM-00418,G N HALLMARKING AND REFINERY PRIVATE LIMITED,Assaying & Hallmarking,,,,PROVIDES,services,services,Assaying & Hallmarking,,F039,bis_topic17_hallmarking_centres_cancelled_suspended.csv,,116,1.00,
REL-HALLMA-0001774,HM-00420,M/S. LAKSHMI NARAYAN ASSYING & HALLMARKING CENTRE,Assaying & Hallmarking,,,,PROVIDES,services,services,Assaying & Hallmarking,,F039,bis_topic17_hallmarking_centres_cancelled_suspended.csv,,117,1.00,
REL-HALLMA-0001775,HM-00422,VINAYAKA ASSAYING & HALLMARKING CENTRE,Assaying & Hallmarking,,,,PROVIDES,services,services,Assaying & Hallmarking,,F039,bis_topic17_hallmarking_centres_cancelled_suspended.csv,,118,1.00,
REL-HALLMA-0001776,HM-00423,M/S BALAJI HALLMARKING & ASSAY CENTRE,Assaying & Hallmarking,,,,PROVIDES,services,services,Assaying & Hallmarking,,F039,bis_topic17_hallmarking_centres_cancelled_suspended.csv,,119,1.00,
REL-HALLMA-0001777,HM-00428,A N HALLMARKING CENTRE,Assaying & Hallmarking,,,,PROVIDES,services,services,Assaying & Hallmarking,,F039,bis_topic17_hallmarking_centres_cancelled_suspended.csv,,120,1.00,
REL-HALLMA-0001778,HM-00430,DHAR ASSAY CENTRE,Assaying & Hallmarking,,,,PROVIDES,services,services,Assaying & Hallmarking,,F039,bis_topic17_hallmarking_centres_cancelled_suspended.csv,,121,1.00,
REL-HALLMA-0001779,HM-00433,M/S. LAKSHYA HALLMARKING CENTRE,Assaying & Hallmarking,,,,PROVIDES,services,services,Assaying & Hallmarking,,F039,bis_topic17_hallmarking_centres_cancelled_suspended.csv,,122,1.00,
REL-HALLMA-0001780,HM-00434,SAMPARK HALLMARKING CENTRE III,Assaying & Hallmarking,,,,PROVIDES,services,services,Assaying & Hallmarking,,F039,bis_topic17_hallmarking_centres_cancelled_suspended.csv,,123,1.00,
REL-HALLMA-0001781,HM-00437,OM HALLMARKING CENTRE,Assaying & Hallmarking,,,,PROVIDES,services,services,Assaying & Hallmarking,,F039,bis_topic17_hallmarking_centres_cancelled_suspended.csv,,124,1.00,
REL-HALLMA-0001782,HM-00447,SUN AND SUN HALLMARKING CENTRE,Assaying & Hallmarking,,,,PROVIDES,services,services,Assaying & Hallmarking,,F039,bis_topic17_hallmarking_centres_cancelled_suspended.csv,,125,1.00,
REL-HALLMA-0001783,HM-00450,A K HALLMARKING AND ASSAYING CENTRE,Assaying & Hallmarking,,,,PROVIDES,services,services,Assaying & Hallmarking,,F039,bis_topic17_hallmarking_centres_cancelled_suspended.csv,,126,1.00,
REL-HALLMA-0001784,HM-00452,ABHUSHAN HALLMARK CENTRE,Assaying & Hallmarking,,,,PROVIDES,services,services,Assaying & Hallmarking,,F039,bis_topic17_hallmarking_centres_cancelled_suspended.csv,,127,1.00,
REL-HALLMA-0001785,HM-00460,UTKAL HALLMARKING CENTRE,Assaying & Hallmarking,,,,PROVIDES,services,services,Assaying & Hallmarking,,F039,bis_topic17_hallmarking_centres_cancelled_suspended.csv,,128,1.00,
REL-HALLMA-0001786,HM-00464,KADAM ASSAYING & HALLMARKING CENTRE,Assaying & Hallmarking,,,,PROVIDES,services,services,Assaying & Hallmarking,,F039,bis_topic17_hallmarking_centres_cancelled_suspended.csv,,129,1.00,
REL-HALLMA-0001787,HM-00465,SAMPARK HALLMARKING CENTRE,Assaying & Hallmarking,,,,PROVIDES,services,services,Assaying & Hallmarking,,F039,bis_topic17_hallmarking_centres_cancelled_suspended.csv,,130,1.00,
REL-HALLMA-0001788,HM-00469,VITTHAL ASSAYING & HALLMARKING CENTRE,Assaying & Hallmarking,,,,PROVIDES,services,services,Assaying & Hallmarking,,F039,bis_topic17_hallmarking_centres_cancelled_suspended.csv,,131,1.00,
REL-HALLMA-0001789,HM-00472,MAHAVIR HALLMARKING CENTRE,Assaying & Hallmarking,,,,PROVIDES,services,services,Assaying & Hallmarking,,F039,bis_topic17_hallmarking_centres_cancelled_suspended.csv,,132,1.00,
REL-HALLMA-0001790,HM-00477,RAJ HALLMARKING CENTRE,Assaying & Hallmarking,,,,PROVIDES,services,services,Assaying & Hallmarking,,F039,bis_topic17_hallmarking_centres_cancelled_suspended.csv,,133,1.00,
REL-HALLMA-0001791,HM-00487,SATGURU ANALYZER,Assaying & Hallmarking,,,,PROVIDES,services,services,Assaying & Hallmarking,,F039,bis_topic17_hallmarking_centres_cancelled_suspended.csv,,134,1.00,
REL-HALLMA-0001792,HM-00493,B T HALLMARKING & REFINING CENTRE,Assaying & Hallmarking,,,,PROVIDES,services,services,Assaying & Hallmarking,,F039,bis_topic17_hallmarking_centres_cancelled_suspended.csv,,135,1.00,
REL-HALLMA-0001793,HM-00495,M K ASSAYING and HALLMARKING CENTRE,Assaying & Hallmarking,,,,PROVIDES,services,services,Assaying & Hallmarking,,F039,bis_topic17_hallmarking_centres_cancelled_suspended.csv,,136,1.00,
REL-HALLMA-0001794,HM-00502,VIJAY HALLMARKING CENTRE,Assaying & Hallmarking,,,,PROVIDES,services,services,Assaying & Hallmarking,,F039,bis_topic17_hallmarking_centres_cancelled_suspended.csv,,137,1.00,
REL-HALLMA-0001795,HM-00503,M/S. VS HALLMARKING,Assaying & Hallmarking,,,,PROVIDES,services,services,Assaying & Hallmarking,,F039,bis_topic17_hallmarking_centres_cancelled_suspended.csv,,138,1.00,
REL-HALLMA-0001796,HM-00506,ALOKA ASSAYING AND HALLMARKING,Assaying & Hallmarking,,,,PROVIDES,services,services,Assaying & Hallmarking,,F039,bis_topic17_hallmarking_centres_cancelled_suspended.csv,,139,1.00,
REL-HALLMA-0001797,HM-00507,SHRI GANESH HALLMARKING CENTRE,Assaying & Hallmarking,,,,PROVIDES,services,services,Assaying & Hallmarking,,F039,bis_topic17_hallmarking_centres_cancelled_suspended.csv,,140,1.00,
REL-HALLMA-0001798,HM-00510,BARPETA ROAD HALLMARKING CENTRE,Assaying & Hallmarking,,,,PROVIDES,services,services,Assaying & Hallmarking,,F039,bis_topic17_hallmarking_centres_cancelled_suspended.csv,,141,1.00,
REL-HALLMA-0001799,HM-00525,DK ASSAYING & HALLMARKING CENTRE,Assaying & Hallmarking,,,,PROVIDES,services,services,Assaying & Hallmarking,,F039,bis_topic17_hallmarking_centres_cancelled_suspended.csv,,142,1.00,
REL-HALLMA-0001800,HM-00526,RADHAKRISHNA ASSAYING AND HALLLMARKING CENTRE,Assaying & Hallmarking,,,,PROVIDES,services,services,Assaying & Hallmarking,,F039,bis_topic17_hallmarking_centres_cancelled_suspended.csv,,143,1.00,
REL-HALLMA-0001801,HM-00527,RADHAKRISHNA ASSAYING AND HALLLMARKING CENTRE,Assaying & Hallmarking,,,,PROVIDES,services,services,Assaying & Hallmarking,,F039,bis_topic17_hallmarking_centres_cancelled_suspended.csv,,144,1.00,
REL-HALLMA-0001802,HM-00528,M/S- GUWAHATI HALLMARKING CENTRE,Assaying & Hallmarking,,,,PROVIDES,services,services,Assaying & Hallmarking,,F039,bis_topic17_hallmarking_centres_cancelled_suspended.csv,,145,1.00,
REL-HALLMA-0001803,HM-00539,ROSE HALLMARKING CENTRE BOWBAZAR,Assaying & Hallmarking,,,,PROVIDES,services,services,Assaying & Hallmarking,,F039,bis_topic17_hallmarking_centres_cancelled_suspended.csv,,146,1.00,
REL-HALLMA-0001804,HM-00541,M/S-NEW OM HALLMARKING CENTRE,Assaying & Hallmarking,,,,PROVIDES,services,services,Assaying & Hallmarking,,F039,bis_topic17_hallmarking_centres_cancelled_suspended.csv,,147,1.00,
REL-HALLMA-0001805,HM-00542,KAMAKHYA HALLMARKING PRIVATE LIMITED,Assaying & Hallmarking,,,,PROVIDES,services,services,Assaying & Hallmarking,,F039,bis_topic17_hallmarking_centres_cancelled_suspended.csv,,148,1.00,
REL-HALLMA-0001806,HM-00549,M/S- M. K. HALLMARKING CENTRE,Assaying & Hallmarking,,,,PROVIDES,services,services,Assaying & Hallmarking,,F039,bis_topic17_hallmarking_centres_cancelled_suspended.csv,,149,1.00,
REL-HALLMA-0001807,HM-00555,SAMLESWARI HALLMARKING CENTER,Assaying & Hallmarking,,,,PROVIDES,services,services,Assaying & Hallmarking,,F039,bis_topic17_hallmarking_centres_cancelled_suspended.csv,,150,1.00,
REL-HALLMA-0001808,HM-00558,M/S- SRI GANESH HALLMARKING CENTRE,Assaying & Hallmarking,,,,PROVIDES,services,services,Assaying & Hallmarking,,F039,bis_topic17_hallmarking_centres_cancelled_suspended.csv,,151,1.00,
REL-HALLMA-0001809,HM-00566,MS SONA CHANDI HALLMARKING CENTRE,Assaying & Hallmarking,,,,PROVIDES,services,services,Assaying & Hallmarking,,F039,bis_topic17_hallmarking_centres_cancelled_suspended.csv,,152,1.00,
REL-HALLMA-0001810,HM-00580,SITARAM HALLMARKING CENTRE,Assaying & Hallmarking,,,,PROVIDES,services,services,Assaying & Hallmarking,,F039,bis_topic17_hallmarking_centres_cancelled_suspended.csv,,153,1.00,
REL-HALLMA-0001811,HM-00581,GANESH HALLMARKING CENTER,Assaying & Hallmarking,,,,PROVIDES,services,services,Assaying & Hallmarking,,F039,bis_topic17_hallmarking_centres_cancelled_suspended.csv,,154,1.00,
REL-HALLMA-0001812,HM-00584,MAKALI HALLMARKING CENTRE,Assaying & Hallmarking,,,,PROVIDES,services,services,Assaying & Hallmarking,,F039,bis_topic17_hallmarking_centres_cancelled_suspended.csv,,155,1.00,
REL-HALLMA-0001813,HM-00585,VIJOY HALLMARKING CENTRE,Assaying & Hallmarking,,,,PROVIDES,services,services,Assaying & Hallmarking,,F039,bis_topic17_hallmarking_centres_cancelled_suspended.csv,,156,1.00,
REL-HALLMA-0001814,HM-00595,VIJAY HALLMARKING CENTRE,Assaying & Hallmarking,,,,PROVIDES,services,services,Assaying & Hallmarking,,F039,bis_topic17_hallmarking_centres_cancelled_suspended.csv,,157,1.00,
REL-HALLMA-0001815,HM-00600,VICTORIA HALLMARKING CENTRE,Assaying & Hallmarking,,,,PROVIDES,services,services,Assaying & Hallmarking,,F039,bis_topic17_hallmarking_centres_cancelled_suspended.csv,,158,1.00,
REL-HALLMA-0001816,HM-00613,SHRI SAI HALLMARKING CENTRE,Assaying & Hallmarking,,,,PROVIDES,services,services,Assaying & Hallmarking,,F039,bis_topic17_hallmarking_centres_cancelled_suspended.csv,,159,1.00,
REL-HALLMA-0001817,HM-00615,SSR HALLMARKING CENTER,Assaying & Hallmarking,,,,PROVIDES,services,services,Assaying & Hallmarking,,F039,bis_topic17_hallmarking_centres_cancelled_suspended.csv,,160,1.00,
REL-HALLMA-0001818,HM-00617,DHARMARAJ HALL MARKING CENTRE,Assaying & Hallmarking,,,,PROVIDES,services,services,Assaying & Hallmarking,,F039,bis_topic17_hallmarking_centres_cancelled_suspended.csv,,161,1.00,
REL-HALLMA-0001819,HM-00618,JADHAV HALLMARMARKING CENTRE,Assaying & Hallmarking,,,,PROVIDES,services,services,Assaying & Hallmarking,,F039,bis_topic17_hallmarking_centres_cancelled_suspended.csv,,162,1.00,
REL-HALLMA-0001820,HM-00621,M M S HALL MARKING CENTRE,Assaying & Hallmarking,,,,PROVIDES,services,services,Assaying & Hallmarking,,F039,bis_topic17_hallmarking_centres_cancelled_suspended.csv,,163,1.00,
REL-HALLMA-0001821,HM-00623,SHREE KRISHNA HALLMARKING CENTRE,Assaying & Hallmarking,,,,PROVIDES,services,services,Assaying & Hallmarking,,F039,bis_topic17_hallmarking_centres_cancelled_suspended.csv,,164,1.00,
REL-HALLMA-0001822,HM-00628,SAIDEEP HALLMARKING CENTRE,Assaying & Hallmarking,,,,PROVIDES,services,services,Assaying & Hallmarking,,F039,bis_topic17_hallmarking_centres_cancelled_suspended.csv,,165,1.00,
REL-HALLMA-0001823,HM-00643,RAJ HALLMARKING CENTRE,Assaying & Hallmarking,,,,PROVIDES,services,services,Assaying & Hallmarking,,F039,bis_topic17_hallmarking_centres_cancelled_suspended.csv,,166,1.00,
REL-HALLMA-0001824,HM-00644,LAXMI HALLMARKING CENTRE,Assaying & Hallmarking,,,,PROVIDES,services,services,Assaying & Hallmarking,,F039,bis_topic17_hallmarking_centres_cancelled_suspended.csv,,167,1.00,
REL-HALLMA-0001825,HM-00664,SRI GANESH HALLMARKING CENTRE DHUPGURI,Assaying & Hallmarking,,,,PROVIDES,services,services,Assaying & Hallmarking,,F039,bis_topic17_hallmarking_centres_cancelled_suspended.csv,,168,1.00,
REL-HALLMA-0001826,HM-00665,SRI GANESH HALLMARKING CENTRE DHUPGURI,Assaying & Hallmarking,,,,PROVIDES,services,services,Assaying & Hallmarking,,F039,bis_topic17_hallmarking_centres_cancelled_suspended.csv,,169,1.00,
REL-HALLMA-0001827,HM-00688,ANB HALLMARKING CENTRE,Assaying & Hallmarking,,,,PROVIDES,services,services,Assaying & Hallmarking,,F039,bis_topic17_hallmarking_centres_cancelled_suspended.csv,,170,1.00,
REL-HALLMA-0001828,HM-00707,SOM ASSAING CENTRE,Assaying & Hallmarking,,,,PROVIDES,services,services,Assaying & Hallmarking,,F039,bis_topic17_hallmarking_centres_cancelled_suspended.csv,,171,1.00,
REL-HALLMA-0001829,HM-00713,P N HALLMARKING,Assaying & Hallmarking,,,,PROVIDES,services,services,Assaying & Hallmarking,,F039,bis_topic17_hallmarking_centres_cancelled_suspended.csv,,172,1.00,
REL-HALLMA-0001830,HM-00717,N & N HALLMARK,Assaying & Hallmarking,,,,PROVIDES,services,services,Assaying & Hallmarking,,F039,bis_topic17_hallmarking_centres_cancelled_suspended.csv,,173,1.00,
REL-HALLMA-0001831,HM-00725,MAA TARINI ASSAYING & HALLMARKING CENTRE,Assaying & Hallmarking,,,,PROVIDES,services,services,Assaying & Hallmarking,,F039,bis_topic17_hallmarking_centres_cancelled_suspended.csv,,174,1.00,
REL-HALLMA-0001832,HM-00726,SHREE HARI HALLMARKING CENTER,Assaying & Hallmarking,,,,PROVIDES,services,services,Assaying & Hallmarking,,F039,bis_topic17_hallmarking_centres_cancelled_suspended.csv,,175,1.00,
REL-HALLMA-0001833,HM-00731,NARAYANI GOLD HALLMARKING CENTER,Assaying & Hallmarking,,,,PROVIDES,services,services,Assaying & Hallmarking,,F039,bis_topic17_hallmarking_centres_cancelled_suspended.csv,,176,1.00,
REL-HALLMA-0001834,HM-00733,BHARAT HALLMARKING CENTRE,Assaying & Hallmarking,,,,PROVIDES,services,services,Assaying & Hallmarking,,F039,bis_topic17_hallmarking_centres_cancelled_suspended.csv,,177,1.00,
REL-HALLMA-0001835,HM-00736,GANESH HALLMARKING CENTRE,Assaying & Hallmarking,,,,PROVIDES,services,services,Assaying & Hallmarking,,F039,bis_topic17_hallmarking_centres_cancelled_suspended.csv,,178,1.00,
REL-HALLMA-0001836,HM-00737,NEW GUWAHATI HALLMARK CENTRE,Assaying & Hallmarking,,,,PROVIDES,services,services,Assaying & Hallmarking,,F039,bis_topic17_hallmarking_centres_cancelled_suspended.csv,,179,1.00,
REL-HALLMA-0001837,HM-00746,MAA HALLMARKING CENTRE,Assaying & Hallmarking,,,,PROVIDES,services,services,Assaying & Hallmarking,,F039,bis_topic17_hallmarking_centres_cancelled_suspended.csv,,180,1.00,
REL-HALLMA-0001838,HM-00751,J N ASSAYING & HALLMARKING CENTRE,Assaying & Hallmarking,,,,PROVIDES,services,services,Assaying & Hallmarking,,F039,bis_topic17_hallmarking_centres_cancelled_suspended.csv,,181,1.00,
REL-HALLMA-0001839,HM-00763,BALAJEE HALLMARKING CENTRE,Assaying & Hallmarking,,,,PROVIDES,services,services,Assaying & Hallmarking,,F039,bis_topic17_hallmarking_centres_cancelled_suspended.csv,,182,1.00,
REL-HALLMA-0001840,HM-00764,TRIMURTI HALLMARKING CENTRE,Assaying & Hallmarking,,,,PROVIDES,services,services,Assaying & Hallmarking,,F039,bis_topic17_hallmarking_centres_cancelled_suspended.csv,,183,1.00,
REL-HALLMA-0001841,HM-00770,R B HALLMARKS CENTER,Assaying & Hallmarking,,,,PROVIDES,services,services,Assaying & Hallmarking,,F039,bis_topic17_hallmarking_centres_cancelled_suspended.csv,,184,1.00,
REL-HALLMA-0001842,HM-00777,SONA CHANDI HALLMARKING,Assaying & Hallmarking,,,,PROVIDES,services,services,Assaying & Hallmarking,,F039,bis_topic17_hallmarking_centres_cancelled_suspended.csv,,185,1.00,
REL-HALLMA-0001843,HM-00781,M K B ASSAYING & HALLMARKING CENTRE,Assaying & Hallmarking,,,,PROVIDES,services,services,Assaying & Hallmarking,,F039,bis_topic17_hallmarking_centres_cancelled_suspended.csv,,186,1.00,
REL-HALLMA-0001844,HM-00785,AARADHYA ASSAYING & HALLMARKING CENTRE,Assaying & Hallmarking,,,,PROVIDES,services,services,Assaying & Hallmarking,,F039,bis_topic17_hallmarking_centres_cancelled_suspended.csv,,187,1.00,
REL-HALLMA-0001845,HM-00788,JAI BHAWANI ASSAYING & HALLMARKING CENTRE,Assaying & Hallmarking,,,,PROVIDES,services,services,Assaying & Hallmarking,,F039,bis_topic17_hallmarking_centres_cancelled_suspended.csv,,188,1.00,
REL-HALLMA-0001846,HM-00790,SHRI GANESH ASSAYING & HALLMARKING CENTRE,Assaying & Hallmarking,,,,PROVIDES,services,services,Assaying & Hallmarking,,F039,bis_topic17_hallmarking_centres_cancelled_suspended.csv,,189,1.00,
REL-HALLMA-0001847,HM-00800,SHREE SAI ASSAYING & HALLMARKING CENTER,Assaying & Hallmarking,,,,PROVIDES,services,services,Assaying & Hallmarking,,F039,bis_topic17_hallmarking_centres_cancelled_suspended.csv,,190,1.00,
REL-HALLMA-0001848,HM-00801,B K ASSAYING & HALLMARKING CENTRE,Assaying & Hallmarking,,,,PROVIDES,services,services,Assaying & Hallmarking,,F039,bis_topic17_hallmarking_centres_cancelled_suspended.csv,,191,1.00,
REL-HALLMA-0001849,HM-00803,MOHAN ASSAYING & HALLMARKING CENTRE,Assaying & Hallmarking,,,,PROVIDES,services,services,Assaying & Hallmarking,,F039,bis_topic17_hallmarking_centres_cancelled_suspended.csv,,192,1.00,
REL-HALLMA-0001850,HM-00804,GAURAV HALLMARK & ASSAYING CENTRE,Assaying & Hallmarking,,,,PROVIDES,services,services,Assaying & Hallmarking,,F039,bis_topic17_hallmarking_centres_cancelled_suspended.csv,,193,1.00,
REL-HALLMA-0001851,HM-00808,S M HALLMARK CENTER,Assaying & Hallmarking,,,,PROVIDES,services,services,Assaying & Hallmarking,,F039,bis_topic17_hallmarking_centres_cancelled_suspended.csv,,194,1.00,
REL-HALLMA-0001852,HM-00809,MANGLA HALLMARKING & ASSAYING CENTER,Assaying & Hallmarking,,,,PROVIDES,services,services,Assaying & Hallmarking,,F039,bis_topic17_hallmarking_centres_cancelled_suspended.csv,,195,1.00,
REL-HALLMA-0001853,HM-00812,K G GEMS AND JEWELES LAB PRIVATE LIMITED,Assaying & Hallmarking,,,,PROVIDES,services,services,Assaying & Hallmarking,,F039,bis_topic17_hallmarking_centres_cancelled_suspended.csv,,196,1.00,
REL-HALLMA-0001854,HM-00814,Om Laxmi Hallmarking Center,Assaying & Hallmarking,,,,PROVIDES,services,services,Assaying & Hallmarking,,F039,bis_topic17_hallmarking_centres_cancelled_suspended.csv,,197,1.00,
REL-HALLMA-0001855,HM-00815,Om Laxmi Hallmarking Center,Assaying & Hallmarking,,,,PROVIDES,services,services,Assaying & Hallmarking,,F039,bis_topic17_hallmarking_centres_cancelled_suspended.csv,,198,1.00,
REL-HALLMA-0001856,HM-00827,PURAN CHAND RAM LALA TESTING LAB,Assaying & Hallmarking,,,,PROVIDES,services,services,Assaying & Hallmarking,,F039,bis_topic17_hallmarking_centres_cancelled_suspended.csv,,199,1.00,
REL-HALLMA-0001857,HM-00829,MAHALUXMI ASSAYING AND HALLMARKING CENTRE,Assaying & Hallmarking,,,,PROVIDES,services,services,Assaying & Hallmarking,,F039,bis_topic17_hallmarking_centres_cancelled_suspended.csv,,200,1.00,
REL-HALLMA-0001858,HM-00830,Shree Jee Hallmark Center,Assaying & Hallmarking,,,,PROVIDES,services,services,Assaying & Hallmarking,,F039,bis_topic17_hallmarking_centres_cancelled_suspended.csv,,201,1.00,
REL-HALLMA-0001859,HM-00833,KALYAN GOLD TESTING & HALLMARK CENTER,Assaying & Hallmarking,,,,PROVIDES,services,services,Assaying & Hallmarking,,F039,bis_topic17_hallmarking_centres_cancelled_suspended.csv,,202,1.00,
REL-HALLMA-0001860,HM-00836,CHANDIGARH HALL MARK CENTRE,Assaying & Hallmarking,,,,PROVIDES,services,services,Assaying & Hallmarking,,F039,bis_topic17_hallmarking_centres_cancelled_suspended.csv,,203,1.00,
REL-HALLMA-0001861,HM-00837,BOMBAY GOLD LAB,Assaying & Hallmarking,,,,PROVIDES,services,services,Assaying & Hallmarking,,F039,bis_topic17_hallmarking_centres_cancelled_suspended.csv,,204,1.00,
REL-HALLMA-0001862,HM-00838,SHREE SHANKAR HALLMARKING CENTRE,Assaying & Hallmarking,,,,PROVIDES,services,services,Assaying & Hallmarking,,F039,bis_topic17_hallmarking_centres_cancelled_suspended.csv,,205,1.00,
REL-HALLMA-0001863,HM-00839,K J HALLMARK CENTRE,Assaying & Hallmarking,,,,PROVIDES,services,services,Assaying & Hallmarking,,F039,bis_topic17_hallmarking_centres_cancelled_suspended.csv,,206,1.00,
REL-HALLMA-0001864,HM-00840,MS ASSAYING & HALLMARKING CENTRE,Assaying & Hallmarking,,,,PROVIDES,services,services,Assaying & Hallmarking,,F039,bis_topic17_hallmarking_centres_cancelled_suspended.csv,,207,1.00,
REL-HALLMA-0001865,HM-00841,JAI MAHAVIR HALLMARKING CENTRE,Assaying & Hallmarking,,,,PROVIDES,services,services,Assaying & Hallmarking,,F039,bis_topic17_hallmarking_centres_cancelled_suspended.csv,,208,1.00,
REL-HALLMA-0001866,HM-00843,P S GOLD & SILVER TESTING CENTER,Assaying & Hallmarking,,,,PROVIDES,services,services,Assaying & Hallmarking,,F039,bis_topic17_hallmarking_centres_cancelled_suspended.csv,,209,1.00,
REL-HALLMA-0001867,HM-00844,SHRI MS ASSAY AND HALLMARK CENTRE,Assaying & Hallmarking,,,,PROVIDES,services,services,Assaying & Hallmarking,,F039,bis_topic17_hallmarking_centres_cancelled_suspended.csv,,210,1.00,
REL-HALLMA-0001868,HM-00847,S G HALLMARKING CENTER,Assaying & Hallmarking,,,,PROVIDES,services,services,Assaying & Hallmarking,,F039,bis_topic17_hallmarking_centres_cancelled_suspended.csv,,211,1.00,
REL-HALLMA-0001869,HM-00852,NN GOLD TESTING AND HALLMARKING CENTRE,Assaying & Hallmarking,,,,PROVIDES,services,services,Assaying & Hallmarking,,F039,bis_topic17_hallmarking_centres_cancelled_suspended.csv,,212,1.00,
REL-HALLMA-0001870,HM-00853,RUBY GOLD & SILVER TEST LAB,Assaying & Hallmarking,,,,PROVIDES,services,services,Assaying & Hallmarking,,F039,bis_topic17_hallmarking_centres_cancelled_suspended.csv,,213,1.00,
REL-HALLMA-0001871,HM-00854,NEW MAHI GOLD TESTING AND HALLMARKING CENTRE,Assaying & Hallmarking,,,,PROVIDES,services,services,Assaying & Hallmarking,,F039,bis_topic17_hallmarking_centres_cancelled_suspended.csv,,214,1.00,
REL-HALLMA-0001872,HM-00855,OM HALLMARKING CENTRE,Assaying & Hallmarking,,,,PROVIDES,services,services,Assaying & Hallmarking,,F039,bis_topic17_hallmarking_centres_cancelled_suspended.csv,,215,1.00,
REL-HALLMA-0001873,HM-00859,SK GOLD TESTING AND HALLMARKING CENTRE,Assaying & Hallmarking,,,,PROVIDES,services,services,Assaying & Hallmarking,,F039,bis_topic17_hallmarking_centres_cancelled_suspended.csv,,216,1.00,
REL-HALLMA-0001874,HM-00865,NAVDEEP LABORATORY PHAGWARA,Assaying & Hallmarking,,,,PROVIDES,services,services,Assaying & Hallmarking,,F039,bis_topic17_hallmarking_centres_cancelled_suspended.csv,,217,1.00,
REL-HALLMA-0001875,HM-00866,S S HALLMARKING CENTRE,Assaying & Hallmarking,,,,PROVIDES,services,services,Assaying & Hallmarking,,F039,bis_topic17_hallmarking_centres_cancelled_suspended.csv,,218,1.00,
REL-HALLMA-0001876,HM-00872,RAMAN GOLD HALLMARKING CENTER,Assaying & Hallmarking,,,,PROVIDES,services,services,Assaying & Hallmarking,,F039,bis_topic17_hallmarking_centres_cancelled_suspended.csv,,219,1.00,
REL-HALLMA-0001877,HM-00876,S R Hallmarking centre,Assaying & Hallmarking,,,,PROVIDES,services,services,Assaying & Hallmarking,,F039,bis_topic17_hallmarking_centres_cancelled_suspended.csv,,220,1.00,
REL-HALLMA-0001878,HM-00878,GAUTAM SWAMI GOLD LABS,Assaying & Hallmarking,,,,PROVIDES,services,services,Assaying & Hallmarking,,F039,bis_topic17_hallmarking_centres_cancelled_suspended.csv,,221,1.00,
REL-HALLMA-0001879,HM-00881,CHANDIGARH HALLMARKING & ASSAYING CENTRE,Assaying & Hallmarking,,,,PROVIDES,services,services,Assaying & Hallmarking,,F039,bis_topic17_hallmarking_centres_cancelled_suspended.csv,,222,1.00,
REL-HALLMA-0001880,HM-00887,NAKODA HALLMARKING CENTRE,Assaying & Hallmarking,,,,PROVIDES,services,services,Assaying & Hallmarking,,F039,bis_topic17_hallmarking_centres_cancelled_suspended.csv,,223,1.00,
REL-HALLMA-0001881,HM-00889,NAKODA HALLMARKING CENTRE,Assaying & Hallmarking,,,,PROVIDES,services,services,Assaying & Hallmarking,,F039,bis_topic17_hallmarking_centres_cancelled_suspended.csv,,224,1.00,
REL-HALLMA-0001882,HM-00891,AYUSH HALLMARKING CENTRE,Assaying & Hallmarking,,,,PROVIDES,services,services,Assaying & Hallmarking,,F039,bis_topic17_hallmarking_centres_cancelled_suspended.csv,,225,1.00,
REL-HALLMA-0001883,HM-00898,RK HALLMARKING CENTRE,Assaying & Hallmarking,,,,PROVIDES,services,services,Assaying & Hallmarking,,F039,bis_topic17_hallmarking_centres_cancelled_suspended.csv,,226,1.00,
REL-HALLMA-0001884,HM-00901,KRISHNA GOLD LAB,Assaying & Hallmarking,,,,PROVIDES,services,services,Assaying & Hallmarking,,F039,bis_topic17_hallmarking_centres_cancelled_suspended.csv,,227,1.00,
REL-HALLMA-0001885,HM-00904,GOLD GURU TESTING & HALLMARKING CENTRE,Assaying & Hallmarking,,,,PROVIDES,services,services,Assaying & Hallmarking,,F039,bis_topic17_hallmarking_centres_cancelled_suspended.csv,,228,1.00,
REL-HALLMA-0001886,HM-00907,GURU KIRPA GOLD TESTING AND HALLMARKING CENTRE,Assaying & Hallmarking,,,,PROVIDES,services,services,Assaying & Hallmarking,,F039,bis_topic17_hallmarking_centres_cancelled_suspended.csv,,229,1.00,
REL-HALLMA-0001887,HM-00910,SWASTIK HALLMARKING AND ASSAYING CENTRE,Assaying & Hallmarking,,,,PROVIDES,services,services,Assaying & Hallmarking,,F039,bis_topic17_hallmarking_centres_cancelled_suspended.csv,,230,1.00,
REL-HALLMA-0001888,HM-00912,GANGA ASSAYING & HALLMARKING CENTER,Assaying & Hallmarking,,,,PROVIDES,services,services,Assaying & Hallmarking,,F039,bis_topic17_hallmarking_centres_cancelled_suspended.csv,,231,1.00,
REL-HALLMA-0001889,HM-00913,GORAKHPUR HALLMARKING CENTRE,Assaying & Hallmarking,,,,PROVIDES,services,services,Assaying & Hallmarking,,F039,bis_topic17_hallmarking_centres_cancelled_suspended.csv,,232,1.00,
REL-HALLMA-0001890,HM-00914,SHREE VISHVAKARMA HALLMARKING CENTRE,Assaying & Hallmarking,,,,PROVIDES,services,services,Assaying & Hallmarking,,F039,bis_topic17_hallmarking_centres_cancelled_suspended.csv,,233,1.00,
REL-HALLMA-0001891,HM-00915,R.S. GOLD TESTING CENTRE,Assaying & Hallmarking,,,,PROVIDES,services,services,Assaying & Hallmarking,,F039,bis_topic17_hallmarking_centres_cancelled_suspended.csv,,234,1.00,
REL-HALLMA-0001892,HM-00919,MAA YASHODA HALLMARKING CENTRE,Assaying & Hallmarking,,,,PROVIDES,services,services,Assaying & Hallmarking,,F039,bis_topic17_hallmarking_centres_cancelled_suspended.csv,,235,1.00,
REL-HALLMA-0001893,HM-00922,J S HALLMARKING CENTER,Assaying & Hallmarking,,,,PROVIDES,services,services,Assaying & Hallmarking,,F039,bis_topic17_hallmarking_centres_cancelled_suspended.csv,,236,1.00,
REL-HALLMA-0001894,HM-00925,SHRI HALLMARKING CENTRE,Assaying & Hallmarking,,,,PROVIDES,services,services,Assaying & Hallmarking,,F039,bis_topic17_hallmarking_centres_cancelled_suspended.csv,,237,1.00,
REL-HALLMA-0001895,HM-00926,MIRZAPUR HALLMARKING CENTRE,Assaying & Hallmarking,,,,PROVIDES,services,services,Assaying & Hallmarking,,F039,bis_topic17_hallmarking_centres_cancelled_suspended.csv,,238,1.00,
REL-HALLMA-0001896,HM-00930,CHHOTI BAMBAI HALLMARKING CENTRE,Assaying & Hallmarking,,,,PROVIDES,services,services,Assaying & Hallmarking,,F039,bis_topic17_hallmarking_centres_cancelled_suspended.csv,,239,1.00,
REL-HALLMA-0001897,HM-00933,SHUBH HALLMARKING CENTRE,Assaying & Hallmarking,,,,PROVIDES,services,services,Assaying & Hallmarking,,F039,bis_topic17_hallmarking_centres_cancelled_suspended.csv,,240,1.00,
REL-HALLMA-0001898,HM-00940,SR HALLMARK CENTRE,Assaying & Hallmarking,,,,PROVIDES,services,services,Assaying & Hallmarking,,F039,bis_topic17_hallmarking_centres_cancelled_suspended.csv,,241,1.00,
REL-HALLMA-0001899,HM-00941,A ONE TONCH & HALLMARKING CENTRE,Assaying & Hallmarking,,,,PROVIDES,services,services,Assaying & Hallmarking,,F039,bis_topic17_hallmarking_centres_cancelled_suspended.csv,,242,1.00,
REL-HALLMA-0001900,HM-00942,BK HALLMARK CENTRE,Assaying & Hallmarking,,,,PROVIDES,services,services,Assaying & Hallmarking,,F039,bis_topic17_hallmarking_centres_cancelled_suspended.csv,,243,1.00,
REL-HALLMA-0001901,HM-00945,SUDESH HALLMARKING CENTRE,Assaying & Hallmarking,,,,PROVIDES,services,services,Assaying & Hallmarking,,F039,bis_topic17_hallmarking_centres_cancelled_suspended.csv,,244,1.00,
REL-HALLMA-0001902,HM-00946,RAJE HALLMARKING CENTRE,Assaying & Hallmarking,,,,PROVIDES,services,services,Assaying & Hallmarking,,F039,bis_topic17_hallmarking_centres_cancelled_suspended.csv,,245,1.00,
REL-HALLMA-0001903,HM-00949,MAA BAJRESHWARI GOLD COMPUTER TEST LAB,Assaying & Hallmarking,,,,PROVIDES,services,services,Assaying & Hallmarking,,F039,bis_topic17_hallmarking_centres_cancelled_suspended.csv,,246,1.00,
REL-HALLMA-0001904,HM-00951,MAHA LUXMI HALLMARK CENTRE,Assaying & Hallmarking,,,,PROVIDES,services,services,Assaying & Hallmarking,,F039,bis_topic17_hallmarking_centres_cancelled_suspended.csv,,247,1.00,
REL-HALLMA-0001905,HM-00952,OM HALLMARK CENTRE,Assaying & Hallmarking,,,,PROVIDES,services,services,Assaying & Hallmarking,,F039,bis_topic17_hallmarking_centres_cancelled_suspended.csv,,248,1.00,
REL-HALLMA-0001906,HM-00954,S. S HALLMARKING CENTRE,Assaying & Hallmarking,,,,PROVIDES,services,services,Assaying & Hallmarking,,F039,bis_topic17_hallmarking_centres_cancelled_suspended.csv,,249,1.00,
REL-HALLMA-0001907,HM-00958,JAI MALHAR HALLMARKING CENTRE,Assaying & Hallmarking,,,,PROVIDES,services,services,Assaying & Hallmarking,,F039,bis_topic17_hallmarking_centres_cancelled_suspended.csv,,250,1.00,
REL-HALLMA-0001908,HM-00962,CHANDIGARH ASSAYING AND HALLMARKING CENTRE,Assaying & Hallmarking,,,,PROVIDES,services,services,Assaying & Hallmarking,,F039,bis_topic17_hallmarking_centres_cancelled_suspended.csv,,251,1.00,
REL-HALLMA-0001909,HM-00964,KRISHNA HALLMARKING CENTER,Assaying & Hallmarking,,,,PROVIDES,services,services,Assaying & Hallmarking,,F039,bis_topic17_hallmarking_centres_cancelled_suspended.csv,,252,1.00,
REL-HALLMA-0001910,HM-00965,S A GOLD TESTING LAB,Assaying & Hallmarking,,,,PROVIDES,services,services,Assaying & Hallmarking,,F039,bis_topic17_hallmarking_centres_cancelled_suspended.csv,,253,1.00,
REL-HALLMA-0001911,HM-00966,RENUKA HALLMARKING AND ASSAYING CENTER,Assaying & Hallmarking,,,,PROVIDES,services,services,Assaying & Hallmarking,,F039,bis_topic17_hallmarking_centres_cancelled_suspended.csv,,254,1.00,
REL-HALLMA-0001912,HM-00967,EAKNATH LABORATORIES,Assaying & Hallmarking,,,,PROVIDES,services,services,Assaying & Hallmarking,,F039,bis_topic17_hallmarking_centres_cancelled_suspended.csv,,255,1.00,
REL-HALLMA-0001913,HM-00968,A I HALLMARKING CENTER,Assaying & Hallmarking,,,,PROVIDES,services,services,Assaying & Hallmarking,,F039,bis_topic17_hallmarking_centres_cancelled_suspended.csv,,256,1.00,
REL-HALLMA-0001914,HM-00969,MAA SHITLA HALLMARKING & ASSAYING CENTRE,Assaying & Hallmarking,,,,PROVIDES,services,services,Assaying & Hallmarking,,F039,bis_topic17_hallmarking_centres_cancelled_suspended.csv,,257,1.00,
REL-HALLMA-0001915,HM-00974,OM HALLMARK CENTRE,Assaying & Hallmarking,,,,PROVIDES,services,services,Assaying & Hallmarking,,F039,bis_topic17_hallmarking_centres_cancelled_suspended.csv,,258,1.00,
REL-HALLMA-0001916,HM-00975,VERMA HALLMARK CENTRE,Assaying & Hallmarking,,,,PROVIDES,services,services,Assaying & Hallmarking,,F039,bis_topic17_hallmarking_centres_cancelled_suspended.csv,,259,1.00,
REL-HALLMA-0001917,HM-00978,SAHIL HALLMARKING & ASSAYING CENTRE,Assaying & Hallmarking,,,,PROVIDES,services,services,Assaying & Hallmarking,,F039,bis_topic17_hallmarking_centres_cancelled_suspended.csv,,260,1.00,
REL-HALLMA-0001918,HM-00980,SRINAGAR HALLMARKING CENTRE,Assaying & Hallmarking,,,,PROVIDES,services,services,Assaying & Hallmarking,,F039,bis_topic17_hallmarking_centres_cancelled_suspended.csv,,261,1.00,
REL-HALLMA-0001919,HM-00982,GUPTAJI ASSAYING & HALLMARKING CENTRE,Assaying & Hallmarking,,,,PROVIDES,services,services,Assaying & Hallmarking,,F039,bis_topic17_hallmarking_centres_cancelled_suspended.csv,,262,1.00,
REL-HALLMA-0001920,HM-00991,SHRI MAHAKAL ASSAYING AND HALLMARKING,Assaying & Hallmarking,,,,PROVIDES,services,services,Assaying & Hallmarking,,F039,bis_topic17_hallmarking_centres_cancelled_suspended.csv,,263,1.00,
REL-HALLMA-0001921,HM-00998,DEVBHUMI HALLMARK CENTRE,Assaying & Hallmarking,,,,PROVIDES,services,services,Assaying & Hallmarking,,F039,bis_topic17_hallmarking_centres_cancelled_suspended.csv,,264,1.00,
REL-HALLMA-0001922,HM-01003,SUVARNAKOSH HALLMARKING CENTER,Assaying & Hallmarking,,,,PROVIDES,services,services,Assaying & Hallmarking,,F039,bis_topic17_hallmarking_centres_cancelled_suspended.csv,,265,1.00,
REL-HALLMA-0001923,HM-01004,SHRI SIDDHNATH HALLMARKING CENTRE,Assaying & Hallmarking,,,,PROVIDES,services,services,Assaying & Hallmarking,,F039,bis_topic17_hallmarking_centres_cancelled_suspended.csv,,266,1.00,
REL-HALLMA-0001924,HM-01010,SECUNDERABAD HALLMARKING CENTRE,Assaying & Hallmarking,,,,PROVIDES,services,services,Assaying & Hallmarking,,F039,bis_topic17_hallmarking_centres_cancelled_suspended.csv,,267,1.00,
REL-HALLMA-0001925,HM-01012,SRI MAHESHWARA HALLMARKING & REFINERY CENTRE,Assaying & Hallmarking,,,,PROVIDES,services,services,Assaying & Hallmarking,,F039,bis_topic17_hallmarking_centres_cancelled_suspended.csv,,268,1.00,
REL-HALLMA-0001926,HM-01013,ARCHANA GOLD TESTING,Assaying & Hallmarking,,,,PROVIDES,services,services,Assaying & Hallmarking,,F039,bis_topic17_hallmarking_centres_cancelled_suspended.csv,,269,1.00,
REL-HALLMA-0001927,HM-01016,M S V HALLMARKING CENTER,Assaying & Hallmarking,,,,PROVIDES,services,services,Assaying & Hallmarking,,F039,bis_topic17_hallmarking_centres_cancelled_suspended.csv,,270,1.00,
REL-HALLMA-0001928,HM-01027,BHAGWATI ASSAYING AND HALLMARKING CENTER,Assaying & Hallmarking,,,,PROVIDES,services,services,Assaying & Hallmarking,,F039,bis_topic17_hallmarking_centres_cancelled_suspended.csv,,271,1.00,
REL-HALLMA-0001929,HM-01029,SS HALLMARK CENTRE,Assaying & Hallmarking,,,,PROVIDES,services,services,Assaying & Hallmarking,,F039,bis_topic17_hallmarking_centres_cancelled_suspended.csv,,272,1.00,
REL-HALLMA-0001930,HM-01032,SRI LAKSHMI HALLMARK CENTER,Assaying & Hallmarking,,,,PROVIDES,services,services,Assaying & Hallmarking,,F039,bis_topic17_hallmarking_centres_cancelled_suspended.csv,,273,1.00,
REL-HALLMA-0001931,HM-01036,CHANDANA ASSAYING AND HALLMARKING CENTER,Assaying & Hallmarking,,,,PROVIDES,services,services,Assaying & Hallmarking,,F039,bis_topic17_hallmarking_centres_cancelled_suspended.csv,,274,1.00,
REL-HALLMA-0001932,HM-01039,SREE MANJUNATHA HALLMARK CENTRE,Assaying & Hallmarking,,,,PROVIDES,services,services,Assaying & Hallmarking,,F039,bis_topic17_hallmarking_centres_cancelled_suspended.csv,,275,1.00,
REL-HALLMA-0001933,HM-01040,SIRIPURI ASSAYING AND HALLMARKING CENTRE,Assaying & Hallmarking,,,,PROVIDES,services,services,Assaying & Hallmarking,,F039,bis_topic17_hallmarking_centres_cancelled_suspended.csv,,276,1.00,
REL-HALLMA-0001934,HM-01041,SRI VASAVI ASSAY & HALLMARKING CENTRE,Assaying & Hallmarking,,,,PROVIDES,services,services,Assaying & Hallmarking,,F039,bis_topic17_hallmarking_centres_cancelled_suspended.csv,,277,1.00,
REL-HALLMA-0001935,HM-01043,PRODDATUR HALLMARK CENTER,Assaying & Hallmarking,,,,PROVIDES,services,services,Assaying & Hallmarking,,F039,bis_topic17_hallmarking_centres_cancelled_suspended.csv,,278,1.00,
REL-HALLMA-0001936,HM-01045,REVA HALLMARK,Assaying & Hallmarking,,,,PROVIDES,services,services,Assaying & Hallmarking,,F039,bis_topic17_hallmarking_centres_cancelled_suspended.csv,,279,1.00,
REL-HALLMA-0001937,HM-01050,SANA ASSAYING & HALLMARKING CENTER,Assaying & Hallmarking,,,,PROVIDES,services,services,Assaying & Hallmarking,,F039,bis_topic17_hallmarking_centres_cancelled_suspended.csv,,280,1.00,
REL-HALLMA-0001938,HM-01055,HIRANYA GARBHA HALLMARK CENTER,Assaying & Hallmarking,,,,PROVIDES,services,services,Assaying & Hallmarking,,F039,bis_topic17_hallmarking_centres_cancelled_suspended.csv,,281,1.00,
REL-HALLMA-0001939,HM-01058,SIMHAPURI HALLMARKING CENTRE,Assaying & Hallmarking,,,,PROVIDES,services,services,Assaying & Hallmarking,,F039,bis_topic17_hallmarking_centres_cancelled_suspended.csv,,282,1.00,
REL-HALLMA-0001940,HM-01059,ESWAR HALLMARKING CENTRE,Assaying & Hallmarking,,,,PROVIDES,services,services,Assaying & Hallmarking,,F039,bis_topic17_hallmarking_centres_cancelled_suspended.csv,,283,1.00,
REL-HALLMA-0001941,HM-01060,SRI LAKSHMI DEVI HALLMARKING,Assaying & Hallmarking,,,,PROVIDES,services,services,Assaying & Hallmarking,,F039,bis_topic17_hallmarking_centres_cancelled_suspended.csv,,284,1.00,
REL-HALLMA-0001942,HM-01061,NATIONAL HALLMARK CENTRE,Assaying & Hallmarking,,,,PROVIDES,services,services,Assaying & Hallmarking,,F039,bis_topic17_hallmarking_centres_cancelled_suspended.csv,,285,1.00,
REL-HALLMA-0001943,HM-01062,NAYAN GOLD TESTING & HALLMARKING,Assaying & Hallmarking,,,,PROVIDES,services,services,Assaying & Hallmarking,,F039,bis_topic17_hallmarking_centres_cancelled_suspended.csv,,286,1.00,
REL-HALLMA-0001944,HM-01063,BOMBAY HALL MARK CENTRE,Assaying & Hallmarking,,,,PROVIDES,services,services,Assaying & Hallmarking,,F039,bis_topic17_hallmarking_centres_cancelled_suspended.csv,,287,1.00,
REL-HALLMA-0001945,HM-01064,SRI DHANALAKSHMI HALLMARKING CENTRE,Assaying & Hallmarking,,,,PROVIDES,services,services,Assaying & Hallmarking,,F039,bis_topic17_hallmarking_centres_cancelled_suspended.csv,,288,1.00,
REL-HALLMA-0001946,HM-01069,AMBICA GOLD ASSAYING & HALL MARKING CENTRE,Assaying & Hallmarking,,,,PROVIDES,services,services,Assaying & Hallmarking,,F039,bis_topic17_hallmarking_centres_cancelled_suspended.csv,,289,1.00,
REL-HALLMA-0001947,HM-01070,NAYAN TARA GOLD TESTING AND HALLMAKING,Assaying & Hallmarking,,,,PROVIDES,services,services,Assaying & Hallmarking,,F039,bis_topic17_hallmarking_centres_cancelled_suspended.csv,,290,1.00,
REL-HALLMA-0001948,HM-01073,SRI S N HALLMARKING CENTRE,Assaying & Hallmarking,,,,PROVIDES,services,services,Assaying & Hallmarking,,F039,bis_topic17_hallmarking_centres_cancelled_suspended.csv,,291,1.00,
REL-HALLMA-0001949,HM-01074,GJS HALLMARK CENTER,Assaying & Hallmarking,,,,PROVIDES,services,services,Assaying & Hallmarking,,F039,bis_topic17_hallmarking_centres_cancelled_suspended.csv,,292,1.00,
REL-HALLMA-0001950,HM-01075,SRI KRISHNA HALLMARKING CENTRE,Assaying & Hallmarking,,,,PROVIDES,services,services,Assaying & Hallmarking,,F039,bis_topic17_hallmarking_centres_cancelled_suspended.csv,,293,1.00,
REL-HALLMA-0001951,HM-01076,SGJ HALLMARK CENTRE,Assaying & Hallmarking,,,,PROVIDES,services,services,Assaying & Hallmarking,,F039,bis_topic17_hallmarking_centres_cancelled_suspended.csv,,294,1.00,
REL-HALLMA-0001952,HM-01079,ONE TOWN HALLMARKING CENTRE,Assaying & Hallmarking,,,,PROVIDES,services,services,Assaying & Hallmarking,,F039,bis_topic17_hallmarking_centres_cancelled_suspended.csv,,295,1.00,
REL-HALLMA-0001953,HM-01080,SUJATHA HALLMARKING CENTER,Assaying & Hallmarking,,,,PROVIDES,services,services,Assaying & Hallmarking,,F039,bis_topic17_hallmarking_centres_cancelled_suspended.csv,,296,1.00,
REL-HALLMA-0001954,HM-01081,SAI HALL MARKING,Assaying & Hallmarking,,,,PROVIDES,services,services,Assaying & Hallmarking,,F039,bis_topic17_hallmarking_centres_cancelled_suspended.csv,,297,1.00,
REL-HALLMA-0001955,HM-01084,SRI VIJAYAGANAPATHI HALLMARKING CENTRE,Assaying & Hallmarking,,,,PROVIDES,services,services,Assaying & Hallmarking,,F039,bis_topic17_hallmarking_centres_cancelled_suspended.csv,,298,1.00,
REL-HALLMA-0001956,HM-01085,SRINIDHI ASSAY & HALLMARKING CENTRE,Assaying & Hallmarking,,,,PROVIDES,services,services,Assaying & Hallmarking,,F039,bis_topic17_hallmarking_centres_cancelled_suspended.csv,,299,1.00,
REL-HALLMA-0001957,HM-01086,MS SRI LAKSHMINARAYANA HALL MARKING CENTER,Assaying & Hallmarking,,,,PROVIDES,services,services,Assaying & Hallmarking,,F039,bis_topic17_hallmarking_centres_cancelled_suspended.csv,,300,1.00,
REL-HALLMA-0001958,HM-01088,S N HALLMARKING CENTRE,Assaying & Hallmarking,,,,PROVIDES,services,services,Assaying & Hallmarking,,F039,bis_topic17_hallmarking_centres_cancelled_suspended.csv,,301,1.00,
REL-HALLMA-0001959,HM-01089,A J HALLMARKING CENTRE,Assaying & Hallmarking,,,,PROVIDES,services,services,Assaying & Hallmarking,,F039,bis_topic17_hallmarking_centres_cancelled_suspended.csv,,302,1.00,
REL-HALLMA-0001960,HM-01090,SRI SAPTAGIRI GOLD TESTING AND HALLMARKING CENTRE,Assaying & Hallmarking,,,,PROVIDES,services,services,Assaying & Hallmarking,,F039,bis_topic17_hallmarking_centres_cancelled_suspended.csv,,303,1.00,
REL-HALLMA-0001961,HM-01091,ABHIMANYU HALLMARKING LLP,Assaying & Hallmarking,,,,PROVIDES,services,services,Assaying & Hallmarking,,F039,bis_topic17_hallmarking_centres_cancelled_suspended.csv,,304,1.00,
REL-HALLMA-0001962,HM-01095,MIDAZ HALLMARK,Assaying & Hallmarking,,,,PROVIDES,services,services,Assaying & Hallmarking,,F039,bis_topic17_hallmarking_centres_cancelled_suspended.csv,,305,1.00,
REL-HALLMA-0001963,HM-01099,RUPA HALLMARKING CENTRE,Assaying & Hallmarking,,,,PROVIDES,services,services,Assaying & Hallmarking,,F039,bis_topic17_hallmarking_centres_cancelled_suspended.csv,,306,1.00,
REL-HALLMA-0001964,HM-01102,SHRI KRISHNA GOLD,Assaying & Hallmarking,,,,PROVIDES,services,services,Assaying & Hallmarking,,F039,bis_topic17_hallmarking_centres_cancelled_suspended.csv,,307,1.00,
REL-HALLMA-0001965,HM-01108,ROHAN HALLMARKING CENTRE,Assaying & Hallmarking,,,,PROVIDES,services,services,Assaying & Hallmarking,,F039,bis_topic17_hallmarking_centres_cancelled_suspended.csv,,308,1.00,
REL-HALLMA-0001966,HM-01111,OMS HALLMARK CENTER,Assaying & Hallmarking,,,,PROVIDES,services,services,Assaying & Hallmarking,,F039,bis_topic17_hallmarking_centres_cancelled_suspended.csv,,309,1.00,
REL-HALLMA-0001967,HM-01115,GANESH ASSAY & HALLMARKING CENTRE,Assaying & Hallmarking,,,,PROVIDES,services,services,Assaying & Hallmarking,,F039,bis_topic17_hallmarking_centres_cancelled_suspended.csv,,310,1.00,
REL-HALLMA-0001968,HM-01130,SHRI KHANDOBA ASSAYING & HALLMARKING CENTRE,Assaying & Hallmarking,,,,PROVIDES,services,services,Assaying & Hallmarking,,F039,bis_topic17_hallmarking_centres_cancelled_suspended.csv,,311,1.00,
REL-HALLMA-0001969,HM-01134,SHARADHA GANESH HALLMARKING CENTRE,Assaying & Hallmarking,,,,PROVIDES,services,services,Assaying & Hallmarking,,F039,bis_topic17_hallmarking_centres_cancelled_suspended.csv,,312,1.00,
REL-HALLMA-0001970,HM-01142,KRANTI HALLMARKING CENTER,Assaying & Hallmarking,,,,PROVIDES,services,services,Assaying & Hallmarking,,F039,bis_topic17_hallmarking_centres_cancelled_suspended.csv,,313,1.00,
REL-HALLMA-0001971,HM-01143,SHREE MAHAMAYI HALLMARK CENTER,Assaying & Hallmarking,,,,PROVIDES,services,services,Assaying & Hallmarking,,F039,bis_topic17_hallmarking_centres_cancelled_suspended.csv,,314,1.00,
REL-HALLMA-0001972,HM-01146,MARIKAMBA HALLMARK CENTER,Assaying & Hallmarking,,,,PROVIDES,services,services,Assaying & Hallmarking,,F039,bis_topic17_hallmarking_centres_cancelled_suspended.csv,,315,1.00,
REL-HALLMA-0001973,HM-01148,NEW SHOBHA HALLMARKING CENTRE & GOLD TESTING,Assaying & Hallmarking,,,,PROVIDES,services,services,Assaying & Hallmarking,,F039,bis_topic17_hallmarking_centres_cancelled_suspended.csv,,316,1.00,
REL-HALLMA-0001974,HM-01149,SWASTIK ASSAYING & HALLMARKING CENTRE,Assaying & Hallmarking,,,,PROVIDES,services,services,Assaying & Hallmarking,,F039,bis_topic17_hallmarking_centres_cancelled_suspended.csv,,317,1.00,
REL-HALLMA-0001975,HM-01151,R J HALLMARKING CENTER,Assaying & Hallmarking,,,,PROVIDES,services,services,Assaying & Hallmarking,,F039,bis_topic17_hallmarking_centres_cancelled_suspended.csv,,318,1.00,
REL-HALLMA-0001976,HM-01155,OM SAI HALLMARKING & ASSAY CENTRE,Assaying & Hallmarking,,,,PROVIDES,services,services,Assaying & Hallmarking,,F039,bis_topic17_hallmarking_centres_cancelled_suspended.csv,,319,1.00,
REL-HALLMA-0001977,HM-01157,OM SAI HALLMARKING CENTER,Assaying & Hallmarking,,,,PROVIDES,services,services,Assaying & Hallmarking,,F039,bis_topic17_hallmarking_centres_cancelled_suspended.csv,,320,1.00,
REL-HALLMA-0001978,HM-01158,OM SAI HALLMARKING AND ASSAY CENTRE,Assaying & Hallmarking,,,,PROVIDES,services,services,Assaying & Hallmarking,,F039,bis_topic17_hallmarking_centres_cancelled_suspended.csv,,321,1.00,
REL-HALLMA-0001979,HM-01159,R P ASSAYING AND HALLMARKING CENTER,Assaying & Hallmarking,,,,PROVIDES,services,services,Assaying & Hallmarking,,F039,bis_topic17_hallmarking_centres_cancelled_suspended.csv,,322,1.00,
REL-HALLMA-0001980,HM-01162,D B ASSAYING & HALLMARKING CENTRE,Assaying & Hallmarking,,,,PROVIDES,services,services,Assaying & Hallmarking,,F039,bis_topic17_hallmarking_centres_cancelled_suspended.csv,,323,1.00,
REL-HALLMA-0001981,HM-01167,KESAR ASSAYING & HALLMARKING CENTRE,Assaying & Hallmarking,,,,PROVIDES,services,services,Assaying & Hallmarking,,F039,bis_topic17_hallmarking_centres_cancelled_suspended.csv,,324,1.00,
REL-HALLMA-0001982,HM-01171,EXCELL ASSAY AND HALLMARKING CENTRE,Assaying & Hallmarking,,,,PROVIDES,services,services,Assaying & Hallmarking,,F039,bis_topic17_hallmarking_centres_cancelled_suspended.csv,,325,1.00,
REL-HALLMA-0001983,HM-01177,QUALITY ASSAY & HALLMARKING CENTRE PRIVATE LIMITED,Assaying & Hallmarking,,,,PROVIDES,services,services,Assaying & Hallmarking,,F039,bis_topic17_hallmarking_centres_cancelled_suspended.csv,,326,1.00,
REL-HALLMA-0001984,HM-01178,PROMPT ASSAY & HALLMARKING CENTRE,Assaying & Hallmarking,,,,PROVIDES,services,services,Assaying & Hallmarking,,F039,bis_topic17_hallmarking_centres_cancelled_suspended.csv,,327,1.00,
REL-HALLMA-0001985,HM-01180,PAVAN GOLD CHECK & HALLMARKING CENTRE,Assaying & Hallmarking,,,,PROVIDES,services,services,Assaying & Hallmarking,,F039,bis_topic17_hallmarking_centres_cancelled_suspended.csv,,328,1.00,
REL-HALLMA-0001986,HM-01184,MYSORE ASSAYERS & HALLMARKING CENTRE,Assaying & Hallmarking,,,,PROVIDES,services,services,Assaying & Hallmarking,,F039,bis_topic17_hallmarking_centres_cancelled_suspended.csv,,329,1.00,
REL-HALLMA-0001987,HM-01185,CGR Hallmarkers Pvt Ltd,Assaying & Hallmarking,,,,PROVIDES,services,services,Assaying & Hallmarking,,F039,bis_topic17_hallmarking_centres_cancelled_suspended.csv,,330,1.00,
REL-HALLMA-0001988,HM-01186,KJ ASSAY AND HALLMARKING CENTRE,Assaying & Hallmarking,,,,PROVIDES,services,services,Assaying & Hallmarking,,F039,bis_topic17_hallmarking_centres_cancelled_suspended.csv,,331,1.00,
REL-HALLMA-0001989,HM-01187,SIDDHI VINAYAK HALLMARKINGS,Assaying & Hallmarking,,,,PROVIDES,services,services,Assaying & Hallmarking,,F039,bis_topic17_hallmarking_centres_cancelled_suspended.csv,,332,1.00,
REL-HALLMA-0001990,HM-01192,KERALA ASSAY AND HALLMARKING CENTRE,Assaying & Hallmarking,,,,PROVIDES,services,services,Assaying & Hallmarking,,F039,bis_topic17_hallmarking_centres_cancelled_suspended.csv,,333,1.00,
REL-HALLMA-0001991,HM-01195,QUALITY ASSAY & HALLMARKING CENTRE PRIVATE LIMITED,Assaying & Hallmarking,,,,PROVIDES,services,services,Assaying & Hallmarking,,F039,bis_topic17_hallmarking_centres_cancelled_suspended.csv,,334,1.00,
REL-HALLMA-0001992,HM-01196,VISWASRI HALLMARKING CENTRE,Assaying & Hallmarking,,,,PROVIDES,services,services,Assaying & Hallmarking,,F039,bis_topic17_hallmarking_centres_cancelled_suspended.csv,,335,1.00,
REL-HALLMA-0001993,HM-01197,AKSHAYA HALLMARKING,Assaying & Hallmarking,,,,PROVIDES,services,services,Assaying & Hallmarking,,F039,bis_topic17_hallmarking_centres_cancelled_suspended.csv,,336,1.00,
REL-HALLMA-0001994,HM-01199,BHIMAVARAM HALLMARKING CENTRE,Assaying & Hallmarking,,,,PROVIDES,services,services,Assaying & Hallmarking,,F039,bis_topic17_hallmarking_centres_cancelled_suspended.csv,,337,1.00,
REL-HALLMA-0001995,HM-01200,SIDDESWAR HALLMARKING CENTRE,Assaying & Hallmarking,,,,PROVIDES,services,services,Assaying & Hallmarking,,F039,bis_topic17_hallmarking_centres_cancelled_suspended.csv,,338,1.00,
REL-HALLMA-0001996,HM-01201,CO JEWEL HALLMARRKINGS P LTD,Assaying & Hallmarking,,,,PROVIDES,services,services,Assaying & Hallmarking,,F039,bis_topic17_hallmarking_centres_cancelled_suspended.csv,,339,1.00,
REL-HALLMA-0001997,HM-01210,SOUTH INDIAN HALLMARKING & ASSAYING CENTRE,Assaying & Hallmarking,,,,PROVIDES,services,services,Assaying & Hallmarking,,F039,bis_topic17_hallmarking_centres_cancelled_suspended.csv,,340,1.00,
REL-HALLMA-0001998,HM-01212,BALAJI HALLMARKING CENTER,Assaying & Hallmarking,,,,PROVIDES,services,services,Assaying & Hallmarking,,F039,bis_topic17_hallmarking_centres_cancelled_suspended.csv,,341,1.00,
REL-HALLMA-0001999,HM-01213,SRI SAKTHI TESTING,Assaying & Hallmarking,,,,PROVIDES,services,services,Assaying & Hallmarking,,F039,bis_topic17_hallmarking_centres_cancelled_suspended.csv,,342,1.00,
REL-HALLMA-0002000,HM-01214,MANGALAM HALLMARK CENTRE,Assaying & Hallmarking,,,,PROVIDES,services,services,Assaying & Hallmarking,,F039,bis_topic17_hallmarking_centres_cancelled_suspended.csv,,343,1.00,
REL-HALLMA-0002001,HM-01217,VARUN HALLMARKING CENTRE,Assaying & Hallmarking,,,,PROVIDES,services,services,Assaying & Hallmarking,,F039,bis_topic17_hallmarking_centres_cancelled_suspended.csv,,344,1.00,
REL-HALLMA-0002002,HM-01220,RAKSHA ASSAY AND HALLMARKING CENTRE,Assaying & Hallmarking,,,,PROVIDES,services,services,Assaying & Hallmarking,,F039,bis_topic17_hallmarking_centres_cancelled_suspended.csv,,345,1.00,
REL-HALLMA-0002003,HM-01221,SRINIVAAS HALLMARK CENTRE,Assaying & Hallmarking,,,,PROVIDES,services,services,Assaying & Hallmarking,,F039,bis_topic17_hallmarking_centres_cancelled_suspended.csv,,346,1.00,
REL-HALLMA-0002004,HM-01223,QUALITY ASSAY & HALLMARKING CENTRE PRIVATE LIMITED,Assaying & Hallmarking,,,,PROVIDES,services,services,Assaying & Hallmarking,,F039,bis_topic17_hallmarking_centres_cancelled_suspended.csv,,347,1.00,
REL-HALLMA-0002005,HM-01227,PARAS HALLMARKING CENTRE,Assaying & Hallmarking,,,,PROVIDES,services,services,Assaying & Hallmarking,,F039,bis_topic17_hallmarking_centres_cancelled_suspended.csv,,348,1.00,
REL-HALLMA-0002006,HM-01228,Kuber Assaying & Hallmarking Centre,Assaying & Hallmarking,,,,PROVIDES,services,services,Assaying & Hallmarking,,F039,bis_topic17_hallmarking_centres_cancelled_suspended.csv,,349,1.00,
REL-HALLMA-0002007,HM-01230,PADMAVATHI HALLMARKING CENTRE,Assaying & Hallmarking,,,,PROVIDES,services,services,Assaying & Hallmarking,,F039,bis_topic17_hallmarking_centres_cancelled_suspended.csv,,350,1.00,
REL-HALLMA-0002008,HM-01233,RUBY ASSAY AND HALLMARKING CENTRE,Assaying & Hallmarking,,,,PROVIDES,services,services,Assaying & Hallmarking,,F039,bis_topic17_hallmarking_centres_cancelled_suspended.csv,,351,1.00,
REL-HALLMA-0002009,HM-01234,SHREE LAKSHMI HALLMARK CENTRE,Assaying & Hallmarking,,,,PROVIDES,services,services,Assaying & Hallmarking,,F039,bis_topic17_hallmarking_centres_cancelled_suspended.csv,,352,1.00,
REL-HALLMA-0002010,HM-01237,RIDDHI SIDDHI HALLMARKING CENTRE,Assaying & Hallmarking,,,,PROVIDES,services,services,Assaying & Hallmarking,,F039,bis_topic17_hallmarking_centres_cancelled_suspended.csv,,353,1.00,
REL-HALLMA-0002011,HM-01240,GOLD STAR ASSAY AND HALLMARKING CENTRE PVT LTD,Assaying & Hallmarking,,,,PROVIDES,services,services,Assaying & Hallmarking,,F039,bis_topic17_hallmarking_centres_cancelled_suspended.csv,,354,1.00,
REL-HALLMA-0002012,HM-01242,PUYESH HALLMARK CENTRE,Assaying & Hallmarking,,,,PROVIDES,services,services,Assaying & Hallmarking,,F039,bis_topic17_hallmarking_centres_cancelled_suspended.csv,,355,1.00,
REL-HALLMA-0002013,HM-01246,Z & H Assaying & Hallmarking Centre Kurnool,Assaying & Hallmarking,,,,PROVIDES,services,services,Assaying & Hallmarking,,F039,bis_topic17_hallmarking_centres_cancelled_suspended.csv,,356,1.00,
REL-HALLMA-0002014,HM-01247,PALAKKAD GOLD HALLMARKING & ASSAYING CENTRE,Assaying & Hallmarking,,,,PROVIDES,services,services,Assaying & Hallmarking,,F039,bis_topic17_hallmarking_centres_cancelled_suspended.csv,,357,1.00,
REL-HALLMA-0002015,HM-01248,PROMISE ASSAY AND HALLMARKING CENTRE,Assaying & Hallmarking,,,,PROVIDES,services,services,Assaying & Hallmarking,,F039,bis_topic17_hallmarking_centres_cancelled_suspended.csv,,358,1.00,
REL-HALLMA-0002016,HM-01253,SRI VINAYAKA GOLD TESTING ACCESSORIES AND LAB,Assaying & Hallmarking,,,,PROVIDES,services,services,Assaying & Hallmarking,,F039,bis_topic17_hallmarking_centres_cancelled_suspended.csv,,359,1.00,
REL-HALLMA-0002017,HM-01255,LOTUS ASSAY ANDHALLMARKING CENTRE,Assaying & Hallmarking,,,,PROVIDES,services,services,Assaying & Hallmarking,,F039,bis_topic17_hallmarking_centres_cancelled_suspended.csv,,360,1.00,
REL-HALLMA-0002018,HM-01257,VINTEC HALLMARK TESTING UNIT,Assaying & Hallmarking,,,,PROVIDES,services,services,Assaying & Hallmarking,,F039,bis_topic17_hallmarking_centres_cancelled_suspended.csv,,361,1.00,
REL-HALLMA-0002019,HM-01259,LOTUS ASSAY & HALLMARKING CENTRE,Assaying & Hallmarking,,,,PROVIDES,services,services,Assaying & Hallmarking,,F039,bis_topic17_hallmarking_centres_cancelled_suspended.csv,,362,1.00,
REL-HALLMA-0002020,HM-01264,M S GOLD HALLMARKING CENTRE,Assaying & Hallmarking,,,,PROVIDES,services,services,Assaying & Hallmarking,,F039,bis_topic17_hallmarking_centres_cancelled_suspended.csv,,363,1.00,
REL-HALLMA-0002021,HM-01265,MIDAZ TESTING LAB,Assaying & Hallmarking,,,,PROVIDES,services,services,Assaying & Hallmarking,,F039,bis_topic17_hallmarking_centres_cancelled_suspended.csv,,364,1.00,
REL-HALLMA-0002022,HM-01269,JATAN HALLMARKS,Assaying & Hallmarking,,,,PROVIDES,services,services,Assaying & Hallmarking,,F039,bis_topic17_hallmarking_centres_cancelled_suspended.csv,,365,1.00,
REL-HALLMA-0002023,HM-01274,SRI MANASVI GOLD TESTING AND HALLMARK CENTRE,Assaying & Hallmarking,,,,PROVIDES,services,services,Assaying & Hallmarking,,F039,bis_topic17_hallmarking_centres_cancelled_suspended.csv,,366,1.00,
REL-HALLMA-0002024,HM-01276,BADAGARA ASSAY AND HALLMARKS,Assaying & Hallmarking,,,,PROVIDES,services,services,Assaying & Hallmarking,,F039,bis_topic17_hallmarking_centres_cancelled_suspended.csv,,367,1.00,
REL-HALLMA-0002025,HM-01279,CENTURY HALLMARKINGS,Assaying & Hallmarking,,,,PROVIDES,services,services,Assaying & Hallmarking,,F039,bis_topic17_hallmarking_centres_cancelled_suspended.csv,,368,1.00,
REL-HALLMA-0002026,HM-01280,SRI AMEERPETHALLMARKING CENTRE,Assaying & Hallmarking,,,,PROVIDES,services,services,Assaying & Hallmarking,,F039,bis_topic17_hallmarking_centres_cancelled_suspended.csv,,369,1.00,
REL-HALLMA-0002027,HM-01281,MISHRI HALLMARKING SERVICES INDIA,Assaying & Hallmarking,,,,PROVIDES,services,services,Assaying & Hallmarking,,F039,bis_topic17_hallmarking_centres_cancelled_suspended.csv,,370,1.00,
REL-HALLMA-0002028,HM-01282,BALAJI ASSAYING AND HALLMARKING CENTRE,Assaying & Hallmarking,,,,PROVIDES,services,services,Assaying & Hallmarking,,F039,bis_topic17_hallmarking_centres_cancelled_suspended.csv,,371,1.00,
REL-HALLMA-0002029,HM-01283,TRUE ASSAY CENTRE,Assaying & Hallmarking,,,,PROVIDES,services,services,Assaying & Hallmarking,,F039,bis_topic17_hallmarking_centres_cancelled_suspended.csv,,372,1.00,
REL-HALLMA-0002030,HM-01289,JAYAM HALLMARKING CENTRE,Assaying & Hallmarking,,,,PROVIDES,services,services,Assaying & Hallmarking,,F039,bis_topic17_hallmarking_centres_cancelled_suspended.csv,,373,1.00,
REL-HALLMA-0002031,HM-01290,Sreekrishna Hallmarking Centre,Assaying & Hallmarking,,,,PROVIDES,services,services,Assaying & Hallmarking,,F039,bis_topic17_hallmarking_centres_cancelled_suspended.csv,,374,1.00,
REL-HALLMA-0002032,HM-01293,SHREE MAHALAKSHMI ASSAYING AND HALLMARKING CENTRE,Assaying & Hallmarking,,,,PROVIDES,services,services,Assaying & Hallmarking,,F039,bis_topic17_hallmarking_centres_cancelled_suspended.csv,,375,1.00,
REL-HALLMA-0002033,HM-01295,SRI LAKSHMI HALLMARK CENTER,Assaying & Hallmarking,,,,PROVIDES,services,services,Assaying & Hallmarking,,F039,bis_topic17_hallmarking_centres_cancelled_suspended.csv,,376,1.00,
REL-HALLMA-0002034,HM-01297,REVATHIKA HALLMARKS PVT LTD,Assaying & Hallmarking,,,,PROVIDES,services,services,Assaying & Hallmarking,,F039,bis_topic17_hallmarking_centres_cancelled_suspended.csv,,377,1.00,
REL-HALLMA-0002035,HM-01299,MAHALAXMI ASSAYING AND HALLMARKING CENTRE,Assaying & Hallmarking,,,,PROVIDES,services,services,Assaying & Hallmarking,,F039,bis_topic17_hallmarking_centres_cancelled_suspended.csv,,378,1.00,
REL-HALLMA-0002036,HM-01300,KAIRALI ASSAY AND HALLMARKING CENTRE,Assaying & Hallmarking,,,,PROVIDES,services,services,Assaying & Hallmarking,,F039,bis_topic17_hallmarking_centres_cancelled_suspended.csv,,379,1.00,
REL-HALLMA-0002037,HM-01301,J J HALLMARKING CENTRE,Assaying & Hallmarking,,,,PROVIDES,services,services,Assaying & Hallmarking,,F039,bis_topic17_hallmarking_centres_cancelled_suspended.csv,,380,1.00,
REL-HALLMA-0002038,HM-01302,REVATHIKA HALLMARKS PRIVATE LIMITED,Assaying & Hallmarking,,,,PROVIDES,services,services,Assaying & Hallmarking,,F039,bis_topic17_hallmarking_centres_cancelled_suspended.csv,,381,1.00,
REL-HALLMA-0002039,HM-01304,PVS ASSAYING & HALLMARKING CENTRE,Assaying & Hallmarking,,,,PROVIDES,services,services,Assaying & Hallmarking,,F039,bis_topic17_hallmarking_centres_cancelled_suspended.csv,,382,1.00,
REL-HALLMA-0002040,HM-01306,NAYAN HALLMARKING CENTRE,Assaying & Hallmarking,,,,PROVIDES,services,services,Assaying & Hallmarking,,F039,bis_topic17_hallmarking_centres_cancelled_suspended.csv,,383,1.00,
REL-HALLMA-0002041,HM-01309,SRI MAHALAKSHMI ASSAY AND HALLMARKING CENTRE,Assaying & Hallmarking,,,,PROVIDES,services,services,Assaying & Hallmarking,,F039,bis_topic17_hallmarking_centres_cancelled_suspended.csv,,384,1.00,
REL-HALLMA-0002042,HM-01319,ERANAD HALLMARKING CENTRE PRIVATE LIMITED,Assaying & Hallmarking,,,,PROVIDES,services,services,Assaying & Hallmarking,,F039,bis_topic17_hallmarking_centres_cancelled_suspended.csv,,385,1.00,
REL-HALLMA-0002043,HM-01326,SRI SIDDHI VINAYAK ASSAYING &HALLMARKING CENTRE,Assaying & Hallmarking,,,,PROVIDES,services,services,Assaying & Hallmarking,,F039,bis_topic17_hallmarking_centres_cancelled_suspended.csv,,386,1.00,
REL-HALLMA-0002044,HM-01330,S V HALLMARKING CENTRE,Assaying & Hallmarking,,,,PROVIDES,services,services,Assaying & Hallmarking,,F039,bis_topic17_hallmarking_centres_cancelled_suspended.csv,,387,1.00,
REL-HALLMA-0002045,HM-01334,ROSE HALLMARKING CENTRE,Assaying & Hallmarking,,,,PROVIDES,services,services,Assaying & Hallmarking,,F039,bis_topic17_hallmarking_centres_cancelled_suspended.csv,,388,1.00,
REL-HALLMA-0002046,HM-01335,ALANKAR HALLMARKING&ASSAYING CENTRE,Assaying & Hallmarking,,,,PROVIDES,services,services,Assaying & Hallmarking,,F039,bis_topic17_hallmarking_centres_cancelled_suspended.csv,,389,1.00,
REL-HALLMA-0002047,HM-01338,QUALITY ASSAY & HALLMARKING CENTRE (P) LTD,Assaying & Hallmarking,,,,PROVIDES,services,services,Assaying & Hallmarking,,F039,bis_topic17_hallmarking_centres_cancelled_suspended.csv,,390,1.00,
REL-HALLMA-0002048,HM-01341,NAVNEET HALLMARKING AND REFINERY PRIVATE LIMITED,Assaying & Hallmarking,,,,PROVIDES,services,services,Assaying & Hallmarking,,F039,bis_topic17_hallmarking_centres_cancelled_suspended.csv,,391,1.00,
REL-HALLMA-0002049,HM-01344,ESWAR HALLMARKING CENTRE,Assaying & Hallmarking,,,,PROVIDES,services,services,Assaying & Hallmarking,,F039,bis_topic17_hallmarking_centres_cancelled_suspended.csv,,392,1.00,
REL-HALLMA-0002050,HM-01346,SOUTH KERALA ASSAYING AND HALLMARKING CENTRE,Assaying & Hallmarking,,,,PROVIDES,services,services,Assaying & Hallmarking,,F039,bis_topic17_hallmarking_centres_cancelled_suspended.csv,,393,1.00,
REL-HALLMA-0002051,HM-01352,RAKHI ASSAY & HALLMARKING CENTRE,Assaying & Hallmarking,,,,PROVIDES,services,services,Assaying & Hallmarking,,F039,bis_topic17_hallmarking_centres_cancelled_suspended.csv,,394,1.00,
REL-HALLMA-0002052,HM-01355,NAVKAR HALLMARKING,Assaying & Hallmarking,,,,PROVIDES,services,services,Assaying & Hallmarking,,F039,bis_topic17_hallmarking_centres_cancelled_suspended.csv,,395,1.00,
REL-HALLMA-0002053,HM-01357,AURUM ASSAY AND HALLMARKING CENTRE,Assaying & Hallmarking,,,,PROVIDES,services,services,Assaying & Hallmarking,,F039,bis_topic17_hallmarking_centres_cancelled_suspended.csv,,396,1.00,
REL-HALLMA-0002054,HM-01359,Sundari Hallmarking Centre,Assaying & Hallmarking,,,,PROVIDES,services,services,Assaying & Hallmarking,,F039,bis_topic17_hallmarking_centres_cancelled_suspended.csv,,397,1.00,
REL-HALLMA-0002055,HM-01360,PALANI MURUGAN ASSAYING AND HALLMARKING CENTRE,Assaying & Hallmarking,,,,PROVIDES,services,services,Assaying & Hallmarking,,F039,bis_topic17_hallmarking_centres_cancelled_suspended.csv,,398,1.00,
REL-HALLMA-0002056,HM-01362,MAHINDRA ASSAYING AND HALLMARKINGS CENTRE,Assaying & Hallmarking,,,,PROVIDES,services,services,Assaying & Hallmarking,,F039,bis_topic17_hallmarking_centres_cancelled_suspended.csv,,399,1.00,
REL-HALLMA-0002057,HM-01364,KADAPA MUSKAN ASSAYING & HALLMARKING CENTRE,Assaying & Hallmarking,,,,PROVIDES,services,services,Assaying & Hallmarking,,F039,bis_topic17_hallmarking_centres_cancelled_suspended.csv,,400,1.00,
REL-HALLMA-0002058,HM-01365,TOP ASSAY AND HALLMARKING CENTRE,Assaying & Hallmarking,,,,PROVIDES,services,services,Assaying & Hallmarking,,F039,bis_topic17_hallmarking_centres_cancelled_suspended.csv,,401,1.00,
REL-HALLMA-0002059,HM-01367,R K HALLMARKING CENTER & ASSAY,Assaying & Hallmarking,,,,PROVIDES,services,services,Assaying & Hallmarking,,F039,bis_topic17_hallmarking_centres_cancelled_suspended.csv,,402,1.00,
REL-HALLMA-0002060,HM-01368,BEST HALLMARK CENTRE,Assaying & Hallmarking,,,,PROVIDES,services,services,Assaying & Hallmarking,,F039,bis_topic17_hallmarking_centres_cancelled_suspended.csv,,403,1.00,
REL-HALLMA-0002061,HM-01372,SRI GANESH ASSAY & HALLMARKING CENTRE,Assaying & Hallmarking,,,,PROVIDES,services,services,Assaying & Hallmarking,,F039,bis_topic17_hallmarking_centres_cancelled_suspended.csv,,404,1.00,
REL-HALLMA-0002062,HM-01373,SRI HALLMARKING CENTRE,Assaying & Hallmarking,,,,PROVIDES,services,services,Assaying & Hallmarking,,F039,bis_topic17_hallmarking_centres_cancelled_suspended.csv,,405,1.00,
REL-HALLMA-0002063,HM-01374,STAR ASSAY AND HALLMARKS,Assaying & Hallmarking,,,,PROVIDES,services,services,Assaying & Hallmarking,,F039,bis_topic17_hallmarking_centres_cancelled_suspended.csv,,406,1.00,
REL-HALLMA-0002064,HM-01378,KRISHNA HALLMARKING CENTRE,Assaying & Hallmarking,,,,PROVIDES,services,services,Assaying & Hallmarking,,F039,bis_topic17_hallmarking_centres_cancelled_suspended.csv,,407,1.00,
REL-HALLMA-0002065,HM-01380,UNIQUE ASSAYING AND HALLMARKING CENTRE,Assaying & Hallmarking,,,,PROVIDES,services,services,Assaying & Hallmarking,,F039,bis_topic17_hallmarking_centres_cancelled_suspended.csv,,408,1.00,
REL-HALLMA-0002066,HM-01385,GBR ASSAYING & HALLMARKING CENTRE,Assaying & Hallmarking,,,,PROVIDES,services,services,Assaying & Hallmarking,,F039,bis_topic17_hallmarking_centres_cancelled_suspended.csv,,409,1.00,
REL-HALLMA-0002067,HM-01386,NEW ROSE ASSAY & HALLMARKING CENTRE,Assaying & Hallmarking,,,,PROVIDES,services,services,Assaying & Hallmarking,,F039,bis_topic17_hallmarking_centres_cancelled_suspended.csv,,410,1.00,
REL-HALLMA-0002068,HM-01388,GOLDGAIN HALLMARKING CENTRE,Assaying & Hallmarking,,,,PROVIDES,services,services,Assaying & Hallmarking,,F039,bis_topic17_hallmarking_centres_cancelled_suspended.csv,,411,1.00,
REL-HALLMA-0002069,HM-01389,KARUR ASSAYING AND HALLMARKING CENTRE,Assaying & Hallmarking,,,,PROVIDES,services,services,Assaying & Hallmarking,,F039,bis_topic17_hallmarking_centres_cancelled_suspended.csv,,412,1.00,
REL-HALLMA-0002070,HM-01391,ANANTHA HALL MARK CENTRE,Assaying & Hallmarking,,,,PROVIDES,services,services,Assaying & Hallmarking,,F039,bis_topic17_hallmarking_centres_cancelled_suspended.csv,,413,1.00,
REL-HALLMA-0002071,HM-01392,GUDIYATTAM ASSAYING AND HALLMARKING CENTRE,Assaying & Hallmarking,,,,PROVIDES,services,services,Assaying & Hallmarking,,F039,bis_topic17_hallmarking_centres_cancelled_suspended.csv,,414,1.00,
REL-HALLMA-0002072,HM-01394,SURYA MAHENDRA ASSAYING & HALLMARKING CENTRE,Assaying & Hallmarking,,,,PROVIDES,services,services,Assaying & Hallmarking,,F039,bis_topic17_hallmarking_centres_cancelled_suspended.csv,,415,1.00,
REL-HALLMA-0002073,HM-01398,SRI SAI RAM ASSAYING AND HALLMARKING CENTRE,Assaying & Hallmarking,,,,PROVIDES,services,services,Assaying & Hallmarking,,F039,bis_topic17_hallmarking_centres_cancelled_suspended.csv,,416,1.00,
REL-HALLMA-0002074,HM-01400,ATHIRA ASSAY AND HALLMARKING CENTRE,Assaying & Hallmarking,,,,PROVIDES,services,services,Assaying & Hallmarking,,F039,bis_topic17_hallmarking_centres_cancelled_suspended.csv,,417,1.00,
REL-HALLMA-0002075,HM-01403,R J HALLMARKING CENTER,Assaying & Hallmarking,,,,PROVIDES,services,services,Assaying & Hallmarking,,F039,bis_topic17_hallmarking_centres_cancelled_suspended.csv,,418,1.00,
REL-HALLMA-0002076,HM-01404,SRI SAI RAM HALLMARK,Assaying & Hallmarking,,,,PROVIDES,services,services,Assaying & Hallmarking,,F039,bis_topic17_hallmarking_centres_cancelled_suspended.csv,,419,1.00,
REL-HALLMA-0002077,HM-01405,RENUKA HALLMARKING CENTRE,Assaying & Hallmarking,,,,PROVIDES,services,services,Assaying & Hallmarking,,F039,bis_topic17_hallmarking_centres_cancelled_suspended.csv,,420,1.00,
REL-HALLMA-0002078,HM-01406,OMKAR HALLMARKS,Assaying & Hallmarking,,,,PROVIDES,services,services,Assaying & Hallmarking,,F039,bis_topic17_hallmarking_centres_cancelled_suspended.csv,,421,1.00,
REL-HALLMA-0002079,HM-01407,K Prakash Hallmarks,Assaying & Hallmarking,,,,PROVIDES,services,services,Assaying & Hallmarking,,F039,bis_topic17_hallmarking_centres_cancelled_suspended.csv,,422,1.00,
REL-HALLMA-0002080,HM-01408,OMRA ASSAYING AND HALLMARKING CENTRE,Assaying & Hallmarking,,,,PROVIDES,services,services,Assaying & Hallmarking,,F039,bis_topic17_hallmarking_centres_cancelled_suspended.csv,,423,1.00,
REL-HALLMA-0002081,HM-01410,SURYA ASSAYING AND HALLMARKING CENTRE,Assaying & Hallmarking,,,,PROVIDES,services,services,Assaying & Hallmarking,,F039,bis_topic17_hallmarking_centres_cancelled_suspended.csv,,424,1.00,
REL-HALLMA-0002082,HM-01411,JP HALLMARKING CENTRE,Assaying & Hallmarking,,,,PROVIDES,services,services,Assaying & Hallmarking,,F039,bis_topic17_hallmarking_centres_cancelled_suspended.csv,,425,1.00,
REL-HALLMA-0002083,HM-01415,QUALITY ASSAY & HALLMARKING CENTRE P LTD,Assaying & Hallmarking,,,,PROVIDES,services,services,Assaying & Hallmarking,,F039,bis_topic17_hallmarking_centres_cancelled_suspended.csv,,426,1.00,
REL-HALLMA-0002084,HM-01418,PAVANA HALLMARKING SERVICE,Assaying & Hallmarking,,,,PROVIDES,services,services,Assaying & Hallmarking,,F039,bis_topic17_hallmarking_centres_cancelled_suspended.csv,,427,1.00,
REL-HALLMA-0002085,HM-01419,KAKATIYA HALLMARKING AND ASSAYING CENTRE,Assaying & Hallmarking,,,,PROVIDES,services,services,Assaying & Hallmarking,,F039,bis_topic17_hallmarking_centres_cancelled_suspended.csv,,428,1.00,
REL-HALLMA-0002086,HM-01420,SRI MAHALAXMI HALLMARKING CENTER,Assaying & Hallmarking,,,,PROVIDES,services,services,Assaying & Hallmarking,,F039,bis_topic17_hallmarking_centres_cancelled_suspended.csv,,429,1.00,
REL-HALLMA-0002087,HM-01422,SIDDHI VINAYAK HALLMARKING CENTRE,Assaying & Hallmarking,,,,PROVIDES,services,services,Assaying & Hallmarking,,F039,bis_topic17_hallmarking_centres_cancelled_suspended.csv,,430,1.00,
REL-HALLMA-0002088,HM-01424,NATIONAL HALLMARKING CENTRE,Assaying & Hallmarking,,,,PROVIDES,services,services,Assaying & Hallmarking,,F039,bis_topic17_hallmarking_centres_cancelled_suspended.csv,,431,1.00,
REL-HALLMA-0002089,HM-01425,Venkateswara Hallmarking And Assaying Centre,Assaying & Hallmarking,,,,PROVIDES,services,services,Assaying & Hallmarking,,F039,bis_topic17_hallmarking_centres_cancelled_suspended.csv,,432,1.00,
REL-HALLMA-0002090,HM-01426,ERANAD HALLMARKING CENTRE PRIVATE LIMITED,Assaying & Hallmarking,,,,PROVIDES,services,services,Assaying & Hallmarking,,F039,bis_topic17_hallmarking_centres_cancelled_suspended.csv,,433,1.00,
REL-HALLMA-0002091,HM-01427,SJ HALLMARKING CENTRE,Assaying & Hallmarking,,,,PROVIDES,services,services,Assaying & Hallmarking,,F039,bis_topic17_hallmarking_centres_cancelled_suspended.csv,,434,1.00,
REL-HALLMA-0002092,HM-01430,SRI KRISHNA MURARI ASSAYING & HALL MARKING CENTRE,Assaying & Hallmarking,,,,PROVIDES,services,services,Assaying & Hallmarking,,F039,bis_topic17_hallmarking_centres_cancelled_suspended.csv,,435,1.00,
REL-HALLMA-0002093,HM-01431,SRI DHANALAKSHMI HALLMARKING CENTRE,Assaying & Hallmarking,,,,PROVIDES,services,services,Assaying & Hallmarking,,F039,bis_topic17_hallmarking_centres_cancelled_suspended.csv,,436,1.00,
REL-HALLMA-0002094,HM-01432,D B ASSAYING & HALLMARKING CENTRE,Assaying & Hallmarking,,,,PROVIDES,services,services,Assaying & Hallmarking,,F039,bis_topic17_hallmarking_centres_cancelled_suspended.csv,,437,1.00,
REL-HALLMA-0002095,HM-01433,NEW RAYS GOLD LAB,Assaying & Hallmarking,,,,PROVIDES,services,services,Assaying & Hallmarking,,F039,bis_topic17_hallmarking_centres_cancelled_suspended.csv,,438,1.00,
REL-HALLMA-0002096,HM-01439,CHAJED HALLMARK OPC PRIVATE LIMITED,Assaying & Hallmarking,,,,PROVIDES,services,services,Assaying & Hallmarking,,F039,bis_topic17_hallmarking_centres_cancelled_suspended.csv,,439,1.00,
REL-HALLMA-0002097,HM-01445,SRI SHANMUGA ASSAYING&HALLMARKING CENTRE,Assaying & Hallmarking,,,,PROVIDES,services,services,Assaying & Hallmarking,,F039,bis_topic17_hallmarking_centres_cancelled_suspended.csv,,440,1.00,
REL-HALLMA-0002098,HM-01446,KESARIYA ASSAYING & HALLMARKING CENTRE,Assaying & Hallmarking,,,,PROVIDES,services,services,Assaying & Hallmarking,,F039,bis_topic17_hallmarking_centres_cancelled_suspended.csv,,441,1.00,
REL-HALLMA-0002099,HM-01448,KP ASSAYING AND HALLMARKING CENTRE,Assaying & Hallmarking,,,,PROVIDES,services,services,Assaying & Hallmarking,,F039,bis_topic17_hallmarking_centres_cancelled_suspended.csv,,442,1.00,
REL-HALLMA-0002100,HM-01449,GURU GANESH HALLMARKING CENTER,Assaying & Hallmarking,,,,PROVIDES,services,services,Assaying & Hallmarking,,F039,bis_topic17_hallmarking_centres_cancelled_suspended.csv,,443,1.00,
REL-HALLMA-0002101,HM-01452,JAYGURUDEV HALLMARKING CENTRE,Assaying & Hallmarking,,,,PROVIDES,services,services,Assaying & Hallmarking,,F039,bis_topic17_hallmarking_centres_cancelled_suspended.csv,,444,1.00,
REL-HALLMA-0002102,HM-01457,REVATHIKA HALLMARKS PVT LTD,Assaying & Hallmarking,,,,PROVIDES,services,services,Assaying & Hallmarking,,F039,bis_topic17_hallmarking_centres_cancelled_suspended.csv,,445,1.00,
REL-HALLMA-0002103,HM-01458,BHARAT ASSAYING AND HALLMARKING CENTRE,Assaying & Hallmarking,,,,PROVIDES,services,services,Assaying & Hallmarking,,F039,bis_topic17_hallmarking_centres_cancelled_suspended.csv,,446,1.00,
REL-HALLMA-0002104,HM-01461,SHANMUGAA J SEVEN ASSAYING&HALLMARKING CENTRE,Assaying & Hallmarking,,,,PROVIDES,services,services,Assaying & Hallmarking,,F039,bis_topic17_hallmarking_centres_cancelled_suspended.csv,,447,1.00,
REL-HALLMA-0002105,HM-01468,MAHARANI HALLMARKING CENTRE,Assaying & Hallmarking,,,,PROVIDES,services,services,Assaying & Hallmarking,,F039,bis_topic17_hallmarking_centres_cancelled_suspended.csv,,448,1.00,
REL-HALLMA-0002106,HM-01475,AGNEYA HALLMARKING CENTRE,Assaying & Hallmarking,,,,PROVIDES,services,services,Assaying & Hallmarking,,F039,bis_topic17_hallmarking_centres_cancelled_suspended.csv,,449,1.00,
REL-HALLMA-0002107,HM-01482,SHRI JP HALLMARKING CENTRE,Assaying & Hallmarking,,,,PROVIDES,services,services,Assaying & Hallmarking,,F039,bis_topic17_hallmarking_centres_cancelled_suspended.csv,,450,1.00,
REL-HALLMA-0002108,HM-01483,SURABI HALLMARK CENTRE,Assaying & Hallmarking,,,,PROVIDES,services,services,Assaying & Hallmarking,,F039,bis_topic17_hallmarking_centres_cancelled_suspended.csv,,451,1.00,
REL-HALLMA-0002109,HM-01484,SRI KRISHNA HALLMARKING CENTRE AND GOLD & SILVER TESTING,Assaying & Hallmarking,,,,PROVIDES,services,services,Assaying & Hallmarking,,F039,bis_topic17_hallmarking_centres_cancelled_suspended.csv,,452,1.00,
REL-HALLMA-0002110,HM-01486,NAVKAR HALLMARK CENTRE,Assaying & Hallmarking,,,,PROVIDES,services,services,Assaying & Hallmarking,,F039,bis_topic17_hallmarking_centres_cancelled_suspended.csv,,453,1.00,
REL-HALLMA-0002111,HM-01487,T NAGAR HALLMARK CENTRE,Assaying & Hallmarking,,,,PROVIDES,services,services,Assaying & Hallmarking,,F039,bis_topic17_hallmarking_centres_cancelled_suspended.csv,,454,1.00,
REL-HALLMA-0002112,HM-01489,SRI VENKATESHWARA ASSAYING AND HALLMARKING CENTRE,Assaying & Hallmarking,,,,PROVIDES,services,services,Assaying & Hallmarking,,F039,bis_topic17_hallmarking_centres_cancelled_suspended.csv,,455,1.00,
REL-HALLMA-0002113,HM-01491,SHREE MEENAKSHI HALLMARKING CENTER,Assaying & Hallmarking,,,,PROVIDES,services,services,Assaying & Hallmarking,,F039,bis_topic17_hallmarking_centres_cancelled_suspended.csv,,456,1.00,
REL-HALLMA-0002114,HM-01496,SRI HARI ASSAYING AND HALLMARKING CENTRE,Assaying & Hallmarking,,,,PROVIDES,services,services,Assaying & Hallmarking,,F039,bis_topic17_hallmarking_centres_cancelled_suspended.csv,,457,1.00,
REL-HALLMA-0002115,HM-01500,NAADIAMMAN HALLMARK CENTER,Assaying & Hallmarking,,,,PROVIDES,services,services,Assaying & Hallmarking,,F039,bis_topic17_hallmarking_centres_cancelled_suspended.csv,,458,1.00,
REL-HALLMA-0002116,HM-01507,PK HALLMARK CENTRE,Assaying & Hallmarking,,,,PROVIDES,services,services,Assaying & Hallmarking,,F039,bis_topic17_hallmarking_centres_cancelled_suspended.csv,,459,1.00,
REL-HALLMA-0002117,HM-01508,SUN HALLMARK,Assaying & Hallmarking,,,,PROVIDES,services,services,Assaying & Hallmarking,,F039,bis_topic17_hallmarking_centres_cancelled_suspended.csv,,460,1.00,
REL-HALLMA-0002118,HM-01512,SRI VARI ASSAYING AND HALLMARKING CENTRE,Assaying & Hallmarking,,,,PROVIDES,services,services,Assaying & Hallmarking,,F039,bis_topic17_hallmarking_centres_cancelled_suspended.csv,,461,1.00,
REL-HALLMA-0002119,HM-01519,SRI MAHALAKSHMI ASSAYING & HALLMARKING CENTER,Assaying & Hallmarking,,,,PROVIDES,services,services,Assaying & Hallmarking,,F039,bis_topic17_hallmarking_centres_cancelled_suspended.csv,,462,1.00,
REL-HALLMA-0002120,HM-01524,SAROCHELL TESTING HALLMARKING,Assaying & Hallmarking,,,,PROVIDES,services,services,Assaying & Hallmarking,,F039,bis_topic17_hallmarking_centres_cancelled_suspended.csv,,463,1.00,
REL-HALLMA-0002121,HM-01525,ACHARYAA HALLMARKING & TESTING CENTRE,Assaying & Hallmarking,,,,PROVIDES,services,services,Assaying & Hallmarking,,F039,bis_topic17_hallmarking_centres_cancelled_suspended.csv,,464,1.00,
REL-HALLMA-0002122,HM-01526,RAKSHA ASSAY & HALLMARKING CENTRE,Assaying & Hallmarking,,,,PROVIDES,services,services,Assaying & Hallmarking,,F039,bis_topic17_hallmarking_centres_cancelled_suspended.csv,,465,1.00,
REL-HALLMA-0002123,HM-01529,SRI BALAJI HALLMARKING CENTRE,Assaying & Hallmarking,,,,PROVIDES,services,services,Assaying & Hallmarking,,F039,bis_topic17_hallmarking_centres_cancelled_suspended.csv,,466,1.00,
REL-HALLMA-0002124,HM-01536,GANAPATHI HALLMARKING CENTRE,Assaying & Hallmarking,,,,PROVIDES,services,services,Assaying & Hallmarking,,F039,bis_topic17_hallmarking_centres_cancelled_suspended.csv,,467,1.00,
REL-HALLMA-0002125,HM-01537,SRI JEYAM HALLMARKING CENTRE,Assaying & Hallmarking,,,,PROVIDES,services,services,Assaying & Hallmarking,,F039,bis_topic17_hallmarking_centres_cancelled_suspended.csv,,468,1.00,
REL-HALLMA-0002126,HM-01549,SCARLETT HALLMARKING CENTRE,Assaying & Hallmarking,,,,PROVIDES,services,services,Assaying & Hallmarking,,F039,bis_topic17_hallmarking_centres_cancelled_suspended.csv,,469,1.00,
REL-HALLMA-0002127,HM-01550,SRI AMMAN ASSAYING AND HALLMARKING CENTRE,Assaying & Hallmarking,,,,PROVIDES,services,services,Assaying & Hallmarking,,F039,bis_topic17_hallmarking_centres_cancelled_suspended.csv,,470,1.00,
REL-HALLMA-0002128,HM-01557,VR HALLMARKING CENTER AND ASSAY,Assaying & Hallmarking,,,,PROVIDES,services,services,Assaying & Hallmarking,,F039,bis_topic17_hallmarking_centres_cancelled_suspended.csv,,471,1.00,
REL-HALLMA-0002129,HM-01559,SRI BALAJI ASSAYING AND HALLMARK CENTRE,Assaying & Hallmarking,,,,PROVIDES,services,services,Assaying & Hallmarking,,F039,bis_topic17_hallmarking_centres_cancelled_suspended.csv,,472,1.00,
REL-HALLMA-0002130,HM-01565,MAHAVEER JAIN HALLMARK & ASSAYING CENTRE,Assaying & Hallmarking,,,,PROVIDES,services,services,Assaying & Hallmarking,,F039,bis_topic17_hallmarking_centres_cancelled_suspended.csv,,473,1.00,
REL-HALLMA-0002131,HM-01569,SRI KARPAGAM ASSAY & HALLMARKING,Assaying & Hallmarking,,,,PROVIDES,services,services,Assaying & Hallmarking,,F039,bis_topic17_hallmarking_centres_cancelled_suspended.csv,,474,1.00,
REL-HALLMA-0002132,HM-01571,SRI SRINEVASA HALLMARKING CENTER,Assaying & Hallmarking,,,,PROVIDES,services,services,Assaying & Hallmarking,,F039,bis_topic17_hallmarking_centres_cancelled_suspended.csv,,475,1.00,
REL-HALLMA-0002133,HM-01576,SRI KRIYAA HALLMARKING CENTRE,Assaying & Hallmarking,,,,PROVIDES,services,services,Assaying & Hallmarking,,F039,bis_topic17_hallmarking_centres_cancelled_suspended.csv,,476,1.00,
REL-HALLMA-0002134,HM-01578,WE FOUR HALLMARKING CENTER,Assaying & Hallmarking,,,,PROVIDES,services,services,Assaying & Hallmarking,,F039,bis_topic17_hallmarking_centres_cancelled_suspended.csv,,477,1.00,
REL-HALLMA-0002135,HM-01590,KA HALLMRAKS,Assaying & Hallmarking,,,,PROVIDES,services,services,Assaying & Hallmarking,,F039,bis_topic17_hallmarking_centres_cancelled_suspended.csv,,478,1.00,
REL-HALLMA-0002136,HM-01591,SURABI HALLMARKING CENTRE,Assaying & Hallmarking,,,,PROVIDES,services,services,Assaying & Hallmarking,,F039,bis_topic17_hallmarking_centres_cancelled_suspended.csv,,479,1.00,
REL-HALLMA-0002137,HM-01594,VISHWA HALLMARKING PRIVATE LIMITED,Assaying & Hallmarking,,,,PROVIDES,services,services,Assaying & Hallmarking,,F039,bis_topic17_hallmarking_centres_cancelled_suspended.csv,,480,1.00,
REL-HALLMA-0002138,HM-01595,MP HALLMARK CENTRE,Assaying & Hallmarking,,,,PROVIDES,services,services,Assaying & Hallmarking,,F039,bis_topic17_hallmarking_centres_cancelled_suspended.csv,,481,1.00,
REL-HALLMA-0002139,HM-01597,AURUM HALLMARKING CENTRE,Assaying & Hallmarking,,,,PROVIDES,services,services,Assaying & Hallmarking,,F039,bis_topic17_hallmarking_centres_cancelled_suspended.csv,,482,1.00,
REL-HALLMA-0002140,HM-01601,MATESHWARI HALL MARKING CENTRE,Assaying & Hallmarking,,,,PROVIDES,services,services,Assaying & Hallmarking,,F039,bis_topic17_hallmarking_centres_cancelled_suspended.csv,,483,1.00,
REL-HALLMA-0002141,HM-01603,AMOGHA ASSAYING & HALLMARKING CENTER,Assaying & Hallmarking,,,,PROVIDES,services,services,Assaying & Hallmarking,,F039,bis_topic17_hallmarking_centres_cancelled_suspended.csv,,484,1.00,
REL-HALLMA-0002142,HM-01605,SAI LAKSHMI HALLMARKING CENTRE,Assaying & Hallmarking,,,,PROVIDES,services,services,Assaying & Hallmarking,,F039,bis_topic17_hallmarking_centres_cancelled_suspended.csv,,485,1.00,
REL-HALLMA-0002143,HM-01612,FEROKE HALLMARK CENTER,Assaying & Hallmarking,,,,PROVIDES,services,services,Assaying & Hallmarking,,F039,bis_topic17_hallmarking_centres_cancelled_suspended.csv,,486,1.00,
REL-HALLMA-0002144,HM-01615,KOTTAKKAL ASSAY & HALLMARKING,Assaying & Hallmarking,,,,PROVIDES,services,services,Assaying & Hallmarking,,F039,bis_topic17_hallmarking_centres_cancelled_suspended.csv,,487,1.00,
REL-HALLMA-0002145,HM-01621,SONU ASSAYING HALLMARKING,Assaying & Hallmarking,,,,PROVIDES,services,services,Assaying & Hallmarking,,F039,bis_topic17_hallmarking_centres_cancelled_suspended.csv,,488,1.00,
REL-HALLMA-0002146,HM-01628,VINAYAGA GOLD HALL MARKING CENTRE,Assaying & Hallmarking,,,,PROVIDES,services,services,Assaying & Hallmarking,,F039,bis_topic17_hallmarking_centres_cancelled_suspended.csv,,489,1.00,
REL-HALLMA-0002147,HM-01633,A R ASSAY AND HALLMARKING CENTRE,Assaying & Hallmarking,,,,PROVIDES,services,services,Assaying & Hallmarking,,F039,bis_topic17_hallmarking_centres_cancelled_suspended.csv,,490,1.00,
REL-HALLMA-0002148,HM-01634,SBR Assaying and Hallmarking Centre,Assaying & Hallmarking,,,,PROVIDES,services,services,Assaying & Hallmarking,,F039,bis_topic17_hallmarking_centres_cancelled_suspended.csv,,491,1.00,
REL-HALLMA-0002149,HM-01640,DREAMS HALLMARKING CENTRE,Assaying & Hallmarking,,,,PROVIDES,services,services,Assaying & Hallmarking,,F039,bis_topic17_hallmarking_centres_cancelled_suspended.csv,,492,1.00,
REL-HALLMA-0002150,HM-01641,Crown Assay & Hallmarking Centre,Assaying & Hallmarking,,,,PROVIDES,services,services,Assaying & Hallmarking,,F039,bis_topic17_hallmarking_centres_cancelled_suspended.csv,,493,1.00,
REL-HALLMA-0002151,HM-01643,RAVI S UNIVERSAAL SERVICES FOR HALLMARKING & ASSAYING,Assaying & Hallmarking,,,,PROVIDES,services,services,Assaying & Hallmarking,,F039,bis_topic17_hallmarking_centres_cancelled_suspended.csv,,494,1.00,
REL-HALLMA-0002152,HM-01647,GRAND ASSAY & HALLMARKING CENTRE,Assaying & Hallmarking,,,,PROVIDES,services,services,Assaying & Hallmarking,,F039,bis_topic17_hallmarking_centres_cancelled_suspended.csv,,495,1.00,
REL-HALLMA-0002153,HM-01652,ALPHA ASSAY AND HALLMARKING CENTRE,Assaying & Hallmarking,,,,PROVIDES,services,services,Assaying & Hallmarking,,F039,bis_topic17_hallmarking_centres_cancelled_suspended.csv,,496,1.00,
REL-HALLMA-0002154,HM-01653,MARUTI HALLMARKING CENTRE,Assaying & Hallmarking,,,,PROVIDES,services,services,Assaying & Hallmarking,,F039,bis_topic17_hallmarking_centres_cancelled_suspended.csv,,497,1.00,
REL-HALLMA-0002155,HM-01656,SUKRAA HALLMARKING CENTRE,Assaying & Hallmarking,,,,PROVIDES,services,services,Assaying & Hallmarking,,F039,bis_topic17_hallmarking_centres_cancelled_suspended.csv,,498,1.00,
REL-HALLMA-0002156,HM-01659,RUBY ASSAY AND HALLMARKING CENTRE,Assaying & Hallmarking,,,,PROVIDES,services,services,Assaying & Hallmarking,,F039,bis_topic17_hallmarking_centres_cancelled_suspended.csv,,499,1.00,
REL-HALLMA-0002157,HM-01660,NEW ATHIRA ASSAY AND HALLMARKING CENTRE,Assaying & Hallmarking,,,,PROVIDES,services,services,Assaying & Hallmarking,,F039,bis_topic17_hallmarking_centres_cancelled_suspended.csv,,500,1.00,
REL-HALLMA-0002158,HM-01663,POPULAR ASSAY & HALLMARKING CENTRE LLP,Assaying & Hallmarking,,,,PROVIDES,services,services,Assaying & Hallmarking,,F039,bis_topic17_hallmarking_centres_cancelled_suspended.csv,,501,1.00,
REL-HALLMA-0002159,HM-01664,SKY ASSAY AND HALLMARKING CENTRE,Assaying & Hallmarking,,,,PROVIDES,services,services,Assaying & Hallmarking,,F039,bis_topic17_hallmarking_centres_cancelled_suspended.csv,,502,1.00,
REL-HALLMA-0002160,HM-01665,EUREKA ASSAY AND HALLMARKING CENTER LLP,Assaying & Hallmarking,,,,PROVIDES,services,services,Assaying & Hallmarking,,F039,bis_topic17_hallmarking_centres_cancelled_suspended.csv,,503,1.00,
REL-HALLMA-0002161,HM-01666,PEARL ASSAY AND HALLMARKING CENTRE,Assaying & Hallmarking,,,,PROVIDES,services,services,Assaying & Hallmarking,,F039,bis_topic17_hallmarking_centres_cancelled_suspended.csv,,504,1.00,
REL-HALLMA-0002162,HM-01671,NEW AURUM ASSAY AND HALLMARKING CENTRE,Assaying & Hallmarking,,,,PROVIDES,services,services,Assaying & Hallmarking,,F039,bis_topic17_hallmarking_centres_cancelled_suspended.csv,,505,1.00,
REL-HALLMA-0002163,HM-01675,NEW LOTUS ASSAYING & HALLMARKING CENTRE,Assaying & Hallmarking,,,,PROVIDES,services,services,Assaying & Hallmarking,,F039,bis_topic17_hallmarking_centres_cancelled_suspended.csv,,506,1.00,
REL-HALLMA-0002164,HM-01677,SYS ASSAY AND HALLMARKING CENTRE,Assaying & Hallmarking,,,,PROVIDES,services,services,Assaying & Hallmarking,,F039,bis_topic17_hallmarking_centres_cancelled_suspended.csv,,507,1.00,
REL-HALLMA-0002165,HM-01678,TRAVANCORE HALLMARKING CENTRE,Assaying & Hallmarking,,,,PROVIDES,services,services,Assaying & Hallmarking,,F039,bis_topic17_hallmarking_centres_cancelled_suspended.csv,,508,1.00,
REL-HALLMA-0002166,HM-01683,C AND B HALLMARK CENTER,Assaying & Hallmarking,,,,PROVIDES,services,services,Assaying & Hallmarking,,F039,bis_topic17_hallmarking_centres_cancelled_suspended.csv,,509,1.00,
REL-HALLMA-0002167,HM-01697,SHREE BANSI HALLMARKING CENTRE,Assaying & Hallmarking,,,,PROVIDES,services,services,Assaying & Hallmarking,,F039,bis_topic17_hallmarking_centres_cancelled_suspended.csv,,510,1.00,
REL-HALLMA-0002168,HM-01702,SHREE SAIKRUPA HALLMARKING CENTRE,Assaying & Hallmarking,,,,PROVIDES,services,services,Assaying & Hallmarking,,F039,bis_topic17_hallmarking_centres_cancelled_suspended.csv,,511,1.00,
REL-HALLMA-0002169,HM-01704,MA LAXMI HALL MARKING CENTER,Assaying & Hallmarking,,,,PROVIDES,services,services,Assaying & Hallmarking,,F039,bis_topic17_hallmarking_centres_cancelled_suspended.csv,,512,1.00,
REL-HALLMA-0002170,HM-01705,R K ASSAYING AND HALLMARKING CENTRE,Assaying & Hallmarking,,,,PROVIDES,services,services,Assaying & Hallmarking,,F039,bis_topic17_hallmarking_centres_cancelled_suspended.csv,,513,1.00,
REL-HALLMA-0002171,HM-01706,OM HALLMARKING CENTRE,Assaying & Hallmarking,,,,PROVIDES,services,services,Assaying & Hallmarking,,F039,bis_topic17_hallmarking_centres_cancelled_suspended.csv,,514,1.00,
REL-HALLMA-0002172,HM-01709,SWAMINARAYAN ASSAYING HALLMARKING CENTRE,Assaying & Hallmarking,,,,PROVIDES,services,services,Assaying & Hallmarking,,F039,bis_topic17_hallmarking_centres_cancelled_suspended.csv,,515,1.00,
REL-HALLMA-0002173,HM-01715,KALINDI HALLMARK CENTRE,Assaying & Hallmarking,,,,PROVIDES,services,services,Assaying & Hallmarking,,F039,bis_topic17_hallmarking_centres_cancelled_suspended.csv,,516,1.00,
REL-HALLMA-0002174,HM-01717,YOGIRAJ HALLMARK CENTRE,Assaying & Hallmarking,,,,PROVIDES,services,services,Assaying & Hallmarking,,F039,bis_topic17_hallmarking_centres_cancelled_suspended.csv,,517,1.00,
REL-HALLMA-0002175,HM-01723,YAMUNA HALLMARK CENTER,Assaying & Hallmarking,,,,PROVIDES,services,services,Assaying & Hallmarking,,F039,bis_topic17_hallmarking_centres_cancelled_suspended.csv,,518,1.00,
REL-HALLMA-0002176,HM-01726,SHREEJI HALLMARK CENTRE,Assaying & Hallmarking,,,,PROVIDES,services,services,Assaying & Hallmarking,,F039,bis_topic17_hallmarking_centres_cancelled_suspended.csv,,519,1.00,
REL-HALLMA-0002177,HM-01728,SONIC HALLMARK PRIVATE LIMITED,Assaying & Hallmarking,,,,PROVIDES,services,services,Assaying & Hallmarking,,F039,bis_topic17_hallmarking_centres_cancelled_suspended.csv,,520,1.00,
REL-HALLMA-0002178,HM-01730,VK HALLMARKING LLP,Assaying & Hallmarking,,,,PROVIDES,services,services,Assaying & Hallmarking,,F039,bis_topic17_hallmarking_centres_cancelled_suspended.csv,,521,1.00,
REL-HALLMA-0002179,HM-01735,TULSI HALLMARKING CENTRE,Assaying & Hallmarking,,,,PROVIDES,services,services,Assaying & Hallmarking,,F039,bis_topic17_hallmarking_centres_cancelled_suspended.csv,,522,1.00,
REL-HALLMA-0002180,HM-01736,SHREE ASSAYING & HALLMARKING CENTRE,Assaying & Hallmarking,,,,PROVIDES,services,services,Assaying & Hallmarking,,F039,bis_topic17_hallmarking_centres_cancelled_suspended.csv,,523,1.00,
REL-HALLMA-0002181,HM-01740,SHRI OM HALLMARKING CENTRE,Assaying & Hallmarking,,,,PROVIDES,services,services,Assaying & Hallmarking,,F039,bis_topic17_hallmarking_centres_cancelled_suspended.csv,,524,1.00,
REL-HALLMA-0002182,HM-01746,PRINCE HALLMARKING CENTRE,Assaying & Hallmarking,,,,PROVIDES,services,services,Assaying & Hallmarking,,F039,bis_topic17_hallmarking_centres_cancelled_suspended.csv,,525,1.00,
REL-HALLMA-0002183,HM-01747,PARSHWA HALLMARKING CENTRE,Assaying & Hallmarking,,,,PROVIDES,services,services,Assaying & Hallmarking,,F039,bis_topic17_hallmarking_centres_cancelled_suspended.csv,,526,1.00,
REL-HALLMA-0002184,HM-01749,KAIRAV HALLMARKING CENTRE,Assaying & Hallmarking,,,,PROVIDES,services,services,Assaying & Hallmarking,,F039,bis_topic17_hallmarking_centres_cancelled_suspended.csv,,527,1.00,
REL-HALLMA-0002185,HM-01755,SHREE HARI HALLMARKING CENTER,Assaying & Hallmarking,,,,PROVIDES,services,services,Assaying & Hallmarking,,F039,bis_topic17_hallmarking_centres_cancelled_suspended.csv,,528,1.00,
REL-HALLMA-0002186,HM-01763,JAYSHREE HALLMARKING CENTER,Assaying & Hallmarking,,,,PROVIDES,services,services,Assaying & Hallmarking,,F039,bis_topic17_hallmarking_centres_cancelled_suspended.csv,,529,1.00,
REL-HALLMA-0002187,HM-01766,SHENAL ASSAYING AND HALLMARKING CENTRE,Assaying & Hallmarking,,,,PROVIDES,services,services,Assaying & Hallmarking,,F039,bis_topic17_hallmarking_centres_cancelled_suspended.csv,,530,1.00,
REL-HALLMA-0002188,HM-01767,Vardhman Hallmarking Center,Assaying & Hallmarking,,,,PROVIDES,services,services,Assaying & Hallmarking,,F039,bis_topic17_hallmarking_centres_cancelled_suspended.csv,,531,1.00,
REL-HALLMA-0002189,HM-01770,SHREE AMBIKA ASSAYING AND HALLMARKING CENTRE,Assaying & Hallmarking,,,,PROVIDES,services,services,Assaying & Hallmarking,,F039,bis_topic17_hallmarking_centres_cancelled_suspended.csv,,532,1.00,
REL-HALLMA-0002190,HM-01777,SHREE ASSAYING AND HALLMARKING CENTRE,Assaying & Hallmarking,,,,PROVIDES,services,services,Assaying & Hallmarking,,F039,bis_topic17_hallmarking_centres_cancelled_suspended.csv,,533,1.00,
REL-HALLMA-0002191,HM-01785,PARSHWA ASSAYING AND HALLMARKING CENTRE,Assaying & Hallmarking,,,,PROVIDES,services,services,Assaying & Hallmarking,,F039,bis_topic17_hallmarking_centres_cancelled_suspended.csv,,534,1.00,
REL-HALLMA-0002192,HM-01787,BOMBAY ASSAY COMPANY,Assaying & Hallmarking,,,,PROVIDES,services,services,Assaying & Hallmarking,,F039,bis_topic17_hallmarking_centres_cancelled_suspended.csv,,535,1.00,
REL-HALLMA-0002193,HM-01788,Sirius Marking Centre,Assaying & Hallmarking,,,,PROVIDES,services,services,Assaying & Hallmarking,,F039,bis_topic17_hallmarking_centres_cancelled_suspended.csv,,536,1.00,
REL-HALLMA-0002194,HM-01789,PRAMUKH HALLMARK CENTER,Assaying & Hallmarking,,,,PROVIDES,services,services,Assaying & Hallmarking,,F039,bis_topic17_hallmarking_centres_cancelled_suspended.csv,,537,1.00,
REL-HALLMA-0002195,HM-01790,GAURI NANDAN ASSAYING & HALLMARKING CENTRE,Assaying & Hallmarking,,,,PROVIDES,services,services,Assaying & Hallmarking,,F039,bis_topic17_hallmarking_centres_cancelled_suspended.csv,,538,1.00,
REL-HALLMA-0002196,HM-01791,AASHAPURA HALLMARKING CENTRE,Assaying & Hallmarking,,,,PROVIDES,services,services,Assaying & Hallmarking,,F039,bis_topic17_hallmarking_centres_cancelled_suspended.csv,,539,1.00,
REL-HALLMA-0002197,HM-01799,RRG ASSAYING AND HALLMARKING CENTRE,Assaying & Hallmarking,,,,PROVIDES,services,services,Assaying & Hallmarking,,F039,bis_topic17_hallmarking_centres_cancelled_suspended.csv,,540,1.00,
REL-HALLMA-0002198,HM-01808,HARIHAR HALLMARK CENTER,Assaying & Hallmarking,,,,PROVIDES,services,services,Assaying & Hallmarking,,F039,bis_topic17_hallmarking_centres_cancelled_suspended.csv,,541,1.00,
REL-HALLMA-0002199,HM-01809,RAJARAM ASSAYING AND HALLMARKING CENTRE,Assaying & Hallmarking,,,,PROVIDES,services,services,Assaying & Hallmarking,,F039,bis_topic17_hallmarking_centres_cancelled_suspended.csv,,542,1.00,
REL-HALLMA-0002200,HM-01812,IG AND JONES ANALYTICAL,Assaying & Hallmarking,,,,PROVIDES,services,services,Assaying & Hallmarking,,F039,bis_topic17_hallmarking_centres_cancelled_suspended.csv,,543,1.00,
REL-HALLMA-0002201,HM-01817,SOUTH GUJARAT HALLMARK CENTRE,Assaying & Hallmarking,,,,PROVIDES,services,services,Assaying & Hallmarking,,F039,bis_topic17_hallmarking_centres_cancelled_suspended.csv,,544,1.00,
REL-HALLMA-0002202,HM-01820,S. A. I. KHARAA SONA PRIVATE LIMITED,Assaying & Hallmarking,,,,PROVIDES,services,services,Assaying & Hallmarking,,F039,bis_topic17_hallmarking_centres_cancelled_suspended.csv,,545,1.00,
REL-HALLMA-0002203,HM-01821,BHARAT ASSAYING AND HALLMARKING CENTRE,Assaying & Hallmarking,,,,PROVIDES,services,services,Assaying & Hallmarking,,F039,bis_topic17_hallmarking_centres_cancelled_suspended.csv,,546,1.00,
REL-HALLMA-0002204,HM-01824,MAA AMBICA ASSAYING & HALLMARKING CENTER,Assaying & Hallmarking,,,,PROVIDES,services,services,Assaying & Hallmarking,,F039,bis_topic17_hallmarking_centres_cancelled_suspended.csv,,547,1.00,
REL-HALLMA-0002205,HM-01826,M/S. SHREEJI HALLMARK CENTER,Assaying & Hallmarking,,,,PROVIDES,services,services,Assaying & Hallmarking,,F039,bis_topic17_hallmarking_centres_cancelled_suspended.csv,,548,1.00,
REL-HALLMA-0002206,HM-01833,NCH SERVICES PVT LTD,Assaying & Hallmarking,,,,PROVIDES,services,services,Assaying & Hallmarking,,F039,bis_topic17_hallmarking_centres_cancelled_suspended.csv,,549,1.00,
REL-HALLMA-0002207,HM-01834,M/S. JUPITER HALLMARKING INDIA,Assaying & Hallmarking,,,,PROVIDES,services,services,Assaying & Hallmarking,,F039,bis_topic17_hallmarking_centres_cancelled_suspended.csv,,550,1.00,
REL-HALLMA-0002208,HM-01840,RIDDHI SIDDHI HALLMARKING CENTER,Assaying & Hallmarking,,,,PROVIDES,services,services,Assaying & Hallmarking,,F039,bis_topic17_hallmarking_centres_cancelled_suspended.csv,,551,1.00,
REL-HALLMA-0002209,HM-01847,JYOTI HALLMARKING AND ASSAYING CENTER,Assaying & Hallmarking,,,,PROVIDES,services,services,Assaying & Hallmarking,,F039,bis_topic17_hallmarking_centres_cancelled_suspended.csv,,552,1.00,
REL-HALLMA-0002210,HM-01851,VISHAL HALLMARKING CENTRE,Assaying & Hallmarking,,,,PROVIDES,services,services,Assaying & Hallmarking,,F039,bis_topic17_hallmarking_centres_cancelled_suspended.csv,,553,1.00,
REL-HALLMA-0002211,HM-01853,M/S PANKAJ HALLMARKING CENTRE,Assaying & Hallmarking,,,,PROVIDES,services,services,Assaying & Hallmarking,,F039,bis_topic17_hallmarking_centres_cancelled_suspended.csv,,554,1.00,
REL-HALLMA-0002212,HM-01859,HEM ASSAYING & HALLMARKING CENTRE,Assaying & Hallmarking,,,,PROVIDES,services,services,Assaying & Hallmarking,,F039,bis_topic17_hallmarking_centres_cancelled_suspended.csv,,555,1.00,
REL-HALLMA-0002213,HM-01861,AKANSHA HALLMARK CENTRE PVT LTD,Assaying & Hallmarking,,,,PROVIDES,services,services,Assaying & Hallmarking,,F039,bis_topic17_hallmarking_centres_cancelled_suspended.csv,,556,1.00,
REL-HALLMA-0002214,HM-01865,SHRADDHA ASSAYING AND HALLMARKING CENTER,Assaying & Hallmarking,,,,PROVIDES,services,services,Assaying & Hallmarking,,F039,bis_topic17_hallmarking_centres_cancelled_suspended.csv,,557,1.00,
REL-HALLMA-0002215,HM-01866,SHREE SIDDHNATH HALLMARKING CENTRE,Assaying & Hallmarking,,,,PROVIDES,services,services,Assaying & Hallmarking,,F039,bis_topic17_hallmarking_centres_cancelled_suspended.csv,,558,1.00,
REL-HALLMA-0002216,HM-01868,SHREEJI HALLMARKING CENTRE,Assaying & Hallmarking,,,,PROVIDES,services,services,Assaying & Hallmarking,,F039,bis_topic17_hallmarking_centres_cancelled_suspended.csv,,559,1.00,
REL-HALLMA-0002217,HM-01873,RUDRRAAXX ASSAYING AND HALLMARKING INDIA,Assaying & Hallmarking,,,,PROVIDES,services,services,Assaying & Hallmarking,,F039,bis_topic17_hallmarking_centres_cancelled_suspended.csv,,560,1.00,
REL-HALLMA-0002218,HM-01874,VGR HALLMARKING CENTRE,Assaying & Hallmarking,,,,PROVIDES,services,services,Assaying & Hallmarking,,F039,bis_topic17_hallmarking_centres_cancelled_suspended.csv,,561,1.00,
REL-HALLMA-0002219,HM-01878,VARIETY MARKING CENTRE,Assaying & Hallmarking,,,,PROVIDES,services,services,Assaying & Hallmarking,,F039,bis_topic17_hallmarking_centres_cancelled_suspended.csv,,562,1.00,
REL-HALLMA-0002220,HM-01879,M/S NITYANAND ASSAYING & HALLMARKING CENTRE,Assaying & Hallmarking,,,,PROVIDES,services,services,Assaying & Hallmarking,,F039,bis_topic17_hallmarking_centres_cancelled_suspended.csv,,563,1.00,
REL-HALLMA-0002221,HM-01881,HITESH HALLMARKING AND RESEARCH CENTER,Assaying & Hallmarking,,,,PROVIDES,services,services,Assaying & Hallmarking,,F039,bis_topic17_hallmarking_centres_cancelled_suspended.csv,,564,1.00,
REL-HALLMA-0002222,HM-01887,M/S V.B. HALLMARKING CENTRE,Assaying & Hallmarking,,,,PROVIDES,services,services,Assaying & Hallmarking,,F039,bis_topic17_hallmarking_centres_cancelled_suspended.csv,,565,1.00,
REL-HALLMA-0002223,HM-01888,SHREE HALLMARKING CENTRE,Assaying & Hallmarking,,,,PROVIDES,services,services,Assaying & Hallmarking,,F039,bis_topic17_hallmarking_centres_cancelled_suspended.csv,,566,1.00,
REL-HALLMA-0002224,HM-01890,NILKANTH HALLMARKING CENTRE,Assaying & Hallmarking,,,,PROVIDES,services,services,Assaying & Hallmarking,,F039,bis_topic17_hallmarking_centres_cancelled_suspended.csv,,567,1.00,
REL-HALLMA-0002225,HM-01891,SHREEM HALLMARKING CENTER,Assaying & Hallmarking,,,,PROVIDES,services,services,Assaying & Hallmarking,,F039,bis_topic17_hallmarking_centres_cancelled_suspended.csv,,568,1.00,
REL-HALLMA-0002226,HM-01892,KRISHNA HALLMARKING CENTRE,Assaying & Hallmarking,,,,PROVIDES,services,services,Assaying & Hallmarking,,F039,bis_topic17_hallmarking_centres_cancelled_suspended.csv,,569,1.00,
REL-HALLMA-0002227,HM-01893,M/S S S HALLMARKING CENTRE,Assaying & Hallmarking,,,,PROVIDES,services,services,Assaying & Hallmarking,,F039,bis_topic17_hallmarking_centres_cancelled_suspended.csv,,570,1.00,
REL-HALLMA-0002228,HM-01895,SHREE SAINATH HALLMARKING CENTRE,Assaying & Hallmarking,,,,PROVIDES,services,services,Assaying & Hallmarking,,F039,bis_topic17_hallmarking_centres_cancelled_suspended.csv,,571,1.00,
REL-HALLMA-0002229,HM-01897,JKB ASSAY & HALLMARKING CENTRE,Assaying & Hallmarking,,,,PROVIDES,services,services,Assaying & Hallmarking,,F039,bis_topic17_hallmarking_centres_cancelled_suspended.csv,,572,1.00,
REL-HALLMA-0002230,HM-01898,PHOENIX ASSAY AND HALLMARK CENTRE,Assaying & Hallmarking,,,,PROVIDES,services,services,Assaying & Hallmarking,,F039,bis_topic17_hallmarking_centres_cancelled_suspended.csv,,573,1.00,
REL-HALLMA-0002231,HM-01900,M/S. PERFECT ASSAYER & HALLMARKING CENTRE,Assaying & Hallmarking,,,,PROVIDES,services,services,Assaying & Hallmarking,,F039,bis_topic17_hallmarking_centres_cancelled_suspended.csv,,574,1.00,
REL-HALLMA-0002232,HM-01901,MAHAVIR HALLMARKING CENTRE,Assaying & Hallmarking,,,,PROVIDES,services,services,Assaying & Hallmarking,,F039,bis_topic17_hallmarking_centres_cancelled_suspended.csv,,575,1.00,
REL-HALLMA-0002233,HM-01902,JUPITER GOLD LABORATORY,Assaying & Hallmarking,,,,PROVIDES,services,services,Assaying & Hallmarking,,F039,bis_topic17_hallmarking_centres_cancelled_suspended.csv,,576,1.00,
REL-HALLMA-0002234,HM-01903,M/S SHREEM HALLMARKING CENTRE,Assaying & Hallmarking,,,,PROVIDES,services,services,Assaying & Hallmarking,,F039,bis_topic17_hallmarking_centres_cancelled_suspended.csv,,577,1.00,
REL-HALLMA-0002235,HM-01904,SHREE LAXMINARAYAN HALLMARKING CENTRE,Assaying & Hallmarking,,,,PROVIDES,services,services,Assaying & Hallmarking,,F039,bis_topic17_hallmarking_centres_cancelled_suspended.csv,,578,1.00,
REL-HALLMA-0002236,HM-01905,M/S SHREE RAM HALLMARKING CENTRE,Assaying & Hallmarking,,,,PROVIDES,services,services,Assaying & Hallmarking,,F039,bis_topic17_hallmarking_centres_cancelled_suspended.csv,,579,1.00,
REL-HALLMA-0002237,HM-01906,JAY AMBE HALLMARK CENTER,Assaying & Hallmarking,,,,PROVIDES,services,services,Assaying & Hallmarking,,F039,bis_topic17_hallmarking_centres_cancelled_suspended.csv,,580,1.00,
REL-HALLMA-0002238,HM-01909,M/S. ASSURITY HALLMARKING CENTRE LLP,Assaying & Hallmarking,,,,PROVIDES,services,services,Assaying & Hallmarking,,F039,bis_topic17_hallmarking_centres_cancelled_suspended.csv,,581,1.00,
REL-HALLMA-0002239,HM-01910,SHREE HALLMARKING CENTER,Assaying & Hallmarking,,,,PROVIDES,services,services,Assaying & Hallmarking,,F039,bis_topic17_hallmarking_centres_cancelled_suspended.csv,,582,1.00,
REL-HALLMA-0002240,HM-01911,M/S. QUALITY ASSAY & HALLMARK CENTRE P.L,Assaying & Hallmarking,,,,PROVIDES,services,services,Assaying & Hallmarking,,F039,bis_topic17_hallmarking_centres_cancelled_suspended.csv,,583,1.00,
REL-HALLMA-0002241,HM-01914,M/S. TULSI HALLMARKING CENTRE,Assaying & Hallmarking,,,,PROVIDES,services,services,Assaying & Hallmarking,,F039,bis_topic17_hallmarking_centres_cancelled_suspended.csv,,584,1.00,
REL-HALLMA-0002242,HM-01915,SHREEJI HALLMARKING CENTRE,Assaying & Hallmarking,,,,PROVIDES,services,services,Assaying & Hallmarking,,F039,bis_topic17_hallmarking_centres_cancelled_suspended.csv,,585,1.00,
REL-HALLMA-0002243,HM-01919,SHREEJI HALLMARKING CENTRE,Assaying & Hallmarking,,,,PROVIDES,services,services,Assaying & Hallmarking,,F039,bis_topic17_hallmarking_centres_cancelled_suspended.csv,,586,1.00,
REL-HALLMA-0002244,HM-01920,M/S MIDAAS HALLMARKING CENTRE,Assaying & Hallmarking,,,,PROVIDES,services,services,Assaying & Hallmarking,,F039,bis_topic17_hallmarking_centres_cancelled_suspended.csv,,587,1.00,
REL-HALLMA-0002245,HM-01921,SWARNBHUSHAN HALLMARKS,Assaying & Hallmarking,,,,PROVIDES,services,services,Assaying & Hallmarking,,F039,bis_topic17_hallmarking_centres_cancelled_suspended.csv,,588,1.00,
REL-HALLMA-0002246,HM-01924,LAXMI ASSAYING AND HALLMARKING CENTRE,Assaying & Hallmarking,,,,PROVIDES,services,services,Assaying & Hallmarking,,F039,bis_topic17_hallmarking_centres_cancelled_suspended.csv,,589,1.00,
REL-HALLMA-0002247,HM-01925,NILKANTH GOLD TESTING AND HALLMARKING CENTRE,Assaying & Hallmarking,,,,PROVIDES,services,services,Assaying & Hallmarking,,F039,bis_topic17_hallmarking_centres_cancelled_suspended.csv,,590,1.00,
REL-HALLMA-0002248,HM-01926,AKANSHA HALLMARK CENTRE PVT LTD,Assaying & Hallmarking,,,,PROVIDES,services,services,Assaying & Hallmarking,,F039,bis_topic17_hallmarking_centres_cancelled_suspended.csv,,591,1.00,
REL-HALLMA-0002249,HM-01927,NITYANAND HALLMARKING CENTRE,Assaying & Hallmarking,,,,PROVIDES,services,services,Assaying & Hallmarking,,F039,bis_topic17_hallmarking_centres_cancelled_suspended.csv,,592,1.00,
REL-HALLMA-0002250,HM-01928,KALYAN HALLMARK CENTRE,Assaying & Hallmarking,,,,PROVIDES,services,services,Assaying & Hallmarking,,F039,bis_topic17_hallmarking_centres_cancelled_suspended.csv,,593,1.00,
REL-HALLMA-0002251,HM-01930,N J B HALLMARKING CENTRE,Assaying & Hallmarking,,,,PROVIDES,services,services,Assaying & Hallmarking,,F039,bis_topic17_hallmarking_centres_cancelled_suspended.csv,,594,1.00,
REL-HALLMA-0002252,HM-01933,JAY SHREE RAM HALLMARKING CENTRE,Assaying & Hallmarking,,,,PROVIDES,services,services,Assaying & Hallmarking,,F039,bis_topic17_hallmarking_centres_cancelled_suspended.csv,,595,1.00,
REL-HALLMA-0002253,HM-01934,OM ASSAYING AND HALLMARKING CENTER,Assaying & Hallmarking,,,,PROVIDES,services,services,Assaying & Hallmarking,,F039,bis_topic17_hallmarking_centres_cancelled_suspended.csv,,596,1.00,
REL-HALLMA-0002254,HM-01937,NILKANTH HALLMARK CENTRE,Assaying & Hallmarking,,,,PROVIDES,services,services,Assaying & Hallmarking,,F039,bis_topic17_hallmarking_centres_cancelled_suspended.csv,,597,1.00,
REL-HALLMA-0002255,HM-01942,M/S DHANLAXMI ASSAYING & HALLMARK CENTRE,Assaying & Hallmarking,,,,PROVIDES,services,services,Assaying & Hallmarking,,F039,bis_topic17_hallmarking_centres_cancelled_suspended.csv,,598,1.00,
REL-HALLMA-0002256,HM-01946,SHANTI HALLMARKING CENTRE,Assaying & Hallmarking,,,,PROVIDES,services,services,Assaying & Hallmarking,,F039,bis_topic17_hallmarking_centres_cancelled_suspended.csv,,599,1.00,
REL-HALLMA-0002257,HM-01947,MAHARASHTRA HALLMARKING CENTRE,Assaying & Hallmarking,,,,PROVIDES,services,services,Assaying & Hallmarking,,F039,bis_topic17_hallmarking_centres_cancelled_suspended.csv,,600,1.00,
REL-HALLMA-0002258,HM-01952,SHREE YAMUNA HALLMARKING CENTRE,Assaying & Hallmarking,,,,PROVIDES,services,services,Assaying & Hallmarking,,F039,bis_topic17_hallmarking_centres_cancelled_suspended.csv,,601,1.00,
REL-HALLMA-0002259,HM-01954,SHREENATH HALLMARKING CENTRE,Assaying & Hallmarking,,,,PROVIDES,services,services,Assaying & Hallmarking,,F039,bis_topic17_hallmarking_centres_cancelled_suspended.csv,,602,1.00,
REL-HALLMA-0002260,HM-01959,RAMA HALLMARKING CENTRE LLP,Assaying & Hallmarking,,,,PROVIDES,services,services,Assaying & Hallmarking,,F039,bis_topic17_hallmarking_centres_cancelled_suspended.csv,,603,1.00,
REL-HALLMA-0002261,HM-01961,NCH SERVICES PVT LTD,Assaying & Hallmarking,,,,PROVIDES,services,services,Assaying & Hallmarking,,F039,bis_topic17_hallmarking_centres_cancelled_suspended.csv,,604,1.00,
REL-HALLMA-0002262,HM-01962,CHODANKARS HALLMARKING AND REFINERY,Assaying & Hallmarking,,,,PROVIDES,services,services,Assaying & Hallmarking,,F039,bis_topic17_hallmarking_centres_cancelled_suspended.csv,,605,1.00,
REL-HALLMA-0002263,HM-01963,NAKODA HALLMARKIG CENTRE,Assaying & Hallmarking,,,,PROVIDES,services,services,Assaying & Hallmarking,,F039,bis_topic17_hallmarking_centres_cancelled_suspended.csv,,606,1.00,
REL-HALLMA-0002264,HM-01965,SIDDHANATH HALLMARKING CENTRE,Assaying & Hallmarking,,,,PROVIDES,services,services,Assaying & Hallmarking,,F039,bis_topic17_hallmarking_centres_cancelled_suspended.csv,,607,1.00,
REL-HALLMA-0002265,HM-01966,KRYSTAL HALLMARK CENTRE,Assaying & Hallmarking,,,,PROVIDES,services,services,Assaying & Hallmarking,,F039,bis_topic17_hallmarking_centres_cancelled_suspended.csv,,608,1.00,
REL-HALLMA-0002266,HM-01969,PRATHAMESH ASSAYING AND HALLMARKING CENTRE,Assaying & Hallmarking,,,,PROVIDES,services,services,Assaying & Hallmarking,,F039,bis_topic17_hallmarking_centres_cancelled_suspended.csv,,609,1.00,
REL-HALLMA-0002267,HM-01970,M/S AURANGABAD ASSAYING AND HALLMARKING CENTER,Assaying & Hallmarking,,,,PROVIDES,services,services,Assaying & Hallmarking,,F039,bis_topic17_hallmarking_centres_cancelled_suspended.csv,,610,1.00,
REL-HALLMA-0002268,HM-01972,VIJOY ASSAY HALLMARKING CENTRE,Assaying & Hallmarking,,,,PROVIDES,services,services,Assaying & Hallmarking,,F039,bis_topic17_hallmarking_centres_cancelled_suspended.csv,,611,1.00,
REL-HALLMA-0002269,HM-01976,NEW HALLMARKING CENTRE,Assaying & Hallmarking,,,,PROVIDES,services,services,Assaying & Hallmarking,,F039,bis_topic17_hallmarking_centres_cancelled_suspended.csv,,612,1.00,
REL-HALLMA-0002270,HM-01977,M/S SRIKUBERA HALLMARKING CENTER LLP,Assaying & Hallmarking,,,,PROVIDES,services,services,Assaying & Hallmarking,,F039,bis_topic17_hallmarking_centres_cancelled_suspended.csv,,613,1.00,
REL-HALLMA-0002271,HM-01985,M/S SHRI SAI ASSAYING & HALLMARKING CENTRE,Assaying & Hallmarking,,,,PROVIDES,services,services,Assaying & Hallmarking,,F039,bis_topic17_hallmarking_centres_cancelled_suspended.csv,,614,1.00,
REL-HALLMA-0002272,HM-01986,SWARNA HALLMARKING SERVICES,Assaying & Hallmarking,,,,PROVIDES,services,services,Assaying & Hallmarking,,F039,bis_topic17_hallmarking_centres_cancelled_suspended.csv,,615,1.00,
REL-HALLMA-0002273,HM-01988,GOLD JEWELLERS COUNCIL,Assaying & Hallmarking,,,,PROVIDES,services,services,Assaying & Hallmarking,,F039,bis_topic17_hallmarking_centres_cancelled_suspended.csv,,616,1.00,
REL-HALLMA-0002274,HM-01989,HINDUSTAN HALLMARKING CENTER,Assaying & Hallmarking,,,,PROVIDES,services,services,Assaying & Hallmarking,,F039,bis_topic17_hallmarking_centres_cancelled_suspended.csv,,617,1.00,
REL-HALLMA-0002275,HM-01990,M/S RIDDHI SIDDHI HALLMARKING & ASSAYING CENTRE,Assaying & Hallmarking,,,,PROVIDES,services,services,Assaying & Hallmarking,,F039,bis_topic17_hallmarking_centres_cancelled_suspended.csv,,618,1.00,
REL-HALLMA-0002276,HM-01991,M/S.DWARKADHISH ASSAYING & HALLMARKING CENTER,Assaying & Hallmarking,,,,PROVIDES,services,services,Assaying & Hallmarking,,F039,bis_topic17_hallmarking_centres_cancelled_suspended.csv,,619,1.00,
REL-HALLMA-0002277,HM-01992,M/S. NAGESH ANALYSIS & HALLMARKING CENTER,Assaying & Hallmarking,,,,PROVIDES,services,services,Assaying & Hallmarking,,F039,bis_topic17_hallmarking_centres_cancelled_suspended.csv,,620,1.00,
REL-HALLMA-0002278,HM-01993,M/S.SUSWAGAT ASSAYING & HALLMARKING CENTRE,Assaying & Hallmarking,,,,PROVIDES,services,services,Assaying & Hallmarking,,F039,bis_topic17_hallmarking_centres_cancelled_suspended.csv,,621,1.00,
REL-HALLMA-0002279,HM-01995,AKSHARDHAM HALLMARKING CENTRE,Assaying & Hallmarking,,,,PROVIDES,services,services,Assaying & Hallmarking,,F039,bis_topic17_hallmarking_centres_cancelled_suspended.csv,,622,1.00,
REL-HALLMA-0002280,HM-01996,M/S. DHYANI HALLMARKING CENTRE,Assaying & Hallmarking,,,,PROVIDES,services,services,Assaying & Hallmarking,,F039,bis_topic17_hallmarking_centres_cancelled_suspended.csv,,623,1.00,
REL-HALLMA-0002281,HM-01997,M/S. EMERAALD HALLMARKING CENTRE,Assaying & Hallmarking,,,,PROVIDES,services,services,Assaying & Hallmarking,,F039,bis_topic17_hallmarking_centres_cancelled_suspended.csv,,624,1.00,
REL-HALLMA-0002282,HM-01998,RUKMINI ASSAYING & HALLMARKING CENTRE,Assaying & Hallmarking,,,,PROVIDES,services,services,Assaying & Hallmarking,,F039,bis_topic17_hallmarking_centres_cancelled_suspended.csv,,625,1.00,
REL-HALLMA-0002283,HM-01999,LAKSHMI HALLMARKING CENTRE,Assaying & Hallmarking,,,,PROVIDES,services,services,Assaying & Hallmarking,,F039,bis_topic17_hallmarking_centres_cancelled_suspended.csv,,626,1.00,
REL-HALLMA-0002284,HM-02001,SHREEJI HALLMARK CENTER,Assaying & Hallmarking,,,,PROVIDES,services,services,Assaying & Hallmarking,,F039,bis_topic17_hallmarking_centres_cancelled_suspended.csv,,627,1.00,
REL-HALLMA-0002285,HM-02002,SATURN HALLMARKING CENTRE,Assaying & Hallmarking,,,,PROVIDES,services,services,Assaying & Hallmarking,,F039,bis_topic17_hallmarking_centres_cancelled_suspended.csv,,628,1.00,
REL-HALLMA-0002286,HM-02004,SIDDHIVINAYAK HALLMARKING CENTRE,Assaying & Hallmarking,,,,PROVIDES,services,services,Assaying & Hallmarking,,F039,bis_topic17_hallmarking_centres_cancelled_suspended.csv,,629,1.00,
REL-HALLMA-0002287,HM-02005,SAMARTH HALLMARK CENTRE,Assaying & Hallmarking,,,,PROVIDES,services,services,Assaying & Hallmarking,,F039,bis_topic17_hallmarking_centres_cancelled_suspended.csv,,630,1.00,
REL-HALLMA-0002288,HM-02007,SHRINATH HALLMARKING CENTRE,Assaying & Hallmarking,,,,PROVIDES,services,services,Assaying & Hallmarking,,F039,bis_topic17_hallmarking_centres_cancelled_suspended.csv,,631,1.00,
REL-HALLMA-0002289,HM-02010,VISHWAS HALLMARKING CENTRE,Assaying & Hallmarking,,,,PROVIDES,services,services,Assaying & Hallmarking,,F039,bis_topic17_hallmarking_centres_cancelled_suspended.csv,,632,1.00,
REL-HALLMA-0002290,HM-02011,GS HALLMARKING CENTRE,Assaying & Hallmarking,,,,PROVIDES,services,services,Assaying & Hallmarking,,F039,bis_topic17_hallmarking_centres_cancelled_suspended.csv,,633,1.00,
REL-HALLMA-0002291,HM-02014,R K ASSAYING AND HALLMARKING CENTRE,Assaying & Hallmarking,,,,PROVIDES,services,services,Assaying & Hallmarking,,F039,bis_topic17_hallmarking_centres_cancelled_suspended.csv,,634,1.00,
REL-HALLMA-0002292,HM-02016,SHREE SIDDHANATH HALLMARK CENTRE,Assaying & Hallmarking,,,,PROVIDES,services,services,Assaying & Hallmarking,,F039,bis_topic17_hallmarking_centres_cancelled_suspended.csv,,635,1.00,
REL-HALLMA-0002293,HM-02024,VITTHAL ASSAYING AND HALLMARKING CENTER,Assaying & Hallmarking,,,,PROVIDES,services,services,Assaying & Hallmarking,,F039,bis_topic17_hallmarking_centres_cancelled_suspended.csv,,636,1.00,
REL-HALLMA-0002294,HM-02026,SIDDHIVINAYAK HALLMARK,Assaying & Hallmarking,,,,PROVIDES,services,services,Assaying & Hallmarking,,F039,bis_topic17_hallmarking_centres_cancelled_suspended.csv,,637,1.00,
REL-HALLMA-0002295,HM-02029,SIDDHANATH HALLMARKING CENTRE AND GOLD TESTING REFINERY,Assaying & Hallmarking,,,,PROVIDES,services,services,Assaying & Hallmarking,,F039,bis_topic17_hallmarking_centres_cancelled_suspended.csv,,638,1.00,
REL-HALLMA-0002296,HM-02037,MORYA ASSAYING & HALLMARKING CENTRE,Assaying & Hallmarking,,,,PROVIDES,services,services,Assaying & Hallmarking,,F039,bis_topic17_hallmarking_centres_cancelled_suspended.csv,,639,1.00,
REL-HALLMA-0002297,HM-02039,Kamakshi Hallmarking Centre LLP,Assaying & Hallmarking,,,,PROVIDES,services,services,Assaying & Hallmarking,,F039,bis_topic17_hallmarking_centres_cancelled_suspended.csv,,640,1.00,
REL-HALLMA-0002298,HM-02040,A B HALLMARKING CENTRE,Assaying & Hallmarking,,,,PROVIDES,services,services,Assaying & Hallmarking,,F039,bis_topic17_hallmarking_centres_cancelled_suspended.csv,,641,1.00,
REL-HALLMA-0002299,HM-02042,SHREE SIDDHANATH HALLMARKING CENTER,Assaying & Hallmarking,,,,PROVIDES,services,services,Assaying & Hallmarking,,F039,bis_topic17_hallmarking_centres_cancelled_suspended.csv,,642,1.00,
REL-HALLMA-0002300,HM-02043,ORIENTAL HALLMARKING CENTRE,Assaying & Hallmarking,,,,PROVIDES,services,services,Assaying & Hallmarking,,F039,bis_topic17_hallmarking_centres_cancelled_suspended.csv,,643,1.00,
REL-HALLMA-0002301,HM-02044,VENUS HALLMARKING ANDHERI,Assaying & Hallmarking,,,,PROVIDES,services,services,Assaying & Hallmarking,,F039,bis_topic17_hallmarking_centres_cancelled_suspended.csv,,644,1.00,
REL-HALLMA-0002302,HM-02047,SHREE SANT BALUMAMA HALLMARKING & ASSAYING CENTER,Assaying & Hallmarking,,,,PROVIDES,services,services,Assaying & Hallmarking,,F039,bis_topic17_hallmarking_centres_cancelled_suspended.csv,,645,1.00,
REL-HALLMA-0002303,HM-02049,MANYA HALLMARKING CENTRE,Assaying & Hallmarking,,,,PROVIDES,services,services,Assaying & Hallmarking,,F039,bis_topic17_hallmarking_centres_cancelled_suspended.csv,,646,1.00,
REL-HALLMA-0002304,HM-02052,NEW NJB HALLMARKING CENTER,Assaying & Hallmarking,,,,PROVIDES,services,services,Assaying & Hallmarking,,F039,bis_topic17_hallmarking_centres_cancelled_suspended.csv,,647,1.00,
REL-HALLMA-0002305,HM-02053,KD HALLMARK CENTER,Assaying & Hallmarking,,,,PROVIDES,services,services,Assaying & Hallmarking,,F039,bis_topic17_hallmarking_centres_cancelled_suspended.csv,,648,1.00,
REL-HALLMA-0002306,HM-02054,SHREE SIDDHANATH HALLMARKING CENTRE,Assaying & Hallmarking,,,,PROVIDES,services,services,Assaying & Hallmarking,,F039,bis_topic17_hallmarking_centres_cancelled_suspended.csv,,649,1.00,
REL-HALLMA-0002307,HM-02060,MAA VAISHNAV HALLMARKING CENTRE,Assaying & Hallmarking,,,,PROVIDES,services,services,Assaying & Hallmarking,,F039,bis_topic17_hallmarking_centres_cancelled_suspended.csv,,650,1.00,
REL-HALLMA-0002308,HM-02061,SHANTI HALLMARKING CENTRE PVT LTD,Assaying & Hallmarking,,,,PROVIDES,services,services,Assaying & Hallmarking,,F039,bis_topic17_hallmarking_centres_cancelled_suspended.csv,,651,1.00,
REL-HALLMA-0002309,HM-02071,SHREE GANESH HALLMARK CENTRE,Assaying & Hallmarking,,,,PROVIDES,services,services,Assaying & Hallmarking,,F039,bis_topic17_hallmarking_centres_cancelled_suspended.csv,,652,1.00,
REL-HALLMA-0002310,HM-02072,Sukraa hallmarking centre,Assaying & Hallmarking,,,,PROVIDES,services,services,Assaying & Hallmarking,,F039,bis_topic17_hallmarking_centres_cancelled_suspended.csv,,653,1.00,
REL-HALLMA-0002311,HM-02079,ACCURATE HALLMARK CENTRE,Assaying & Hallmarking,,,,PROVIDES,services,services,Assaying & Hallmarking,,F039,bis_topic17_hallmarking_centres_cancelled_suspended.csv,,654,1.00,
REL-HALLMA-0002312,HM-02080,SAWANT HALLMARK CENTER,Assaying & Hallmarking,,,,PROVIDES,services,services,Assaying & Hallmarking,,F039,bis_topic17_hallmarking_centres_cancelled_suspended.csv,,655,1.00,
REL-HALLMA-0002313,HM-02081,KHARAA SONA ASSAYING AND HALLMARKING CENTRE,Assaying & Hallmarking,,,,PROVIDES,services,services,Assaying & Hallmarking,,F039,bis_topic17_hallmarking_centres_cancelled_suspended.csv,,656,1.00,
REL-HALLMA-0002314,HM-02083,IBJA HALLMARK CENTRE,Assaying & Hallmarking,,,,PROVIDES,services,services,Assaying & Hallmarking,,F039,bis_topic17_hallmarking_centres_cancelled_suspended.csv,,657,1.00,
REL-HALLMA-0002315,HM-02086,SHREE SHANKESHWAR ASSAYING & HALLMARKING CENTRE,Assaying & Hallmarking,,,,PROVIDES,services,services,Assaying & Hallmarking,,F039,bis_topic17_hallmarking_centres_cancelled_suspended.csv,,658,1.00,
REL-HALLMA-0002316,HM-02087,STAR HALLMARKING LAB,Assaying & Hallmarking,,,,PROVIDES,services,services,Assaying & Hallmarking,,F039,bis_topic17_hallmarking_centres_cancelled_suspended.csv,,659,1.00,
REL-HALLMA-0002317,HM-02089,SPS hallmarks,Assaying & Hallmarking,,,,PROVIDES,services,services,Assaying & Hallmarking,,F039,bis_topic17_hallmarking_centres_cancelled_suspended.csv,,660,1.00,
REL-HALLMA-0002318,HM-02090,SHREE AMBE HALLMARKING CENTRE,Assaying & Hallmarking,,,,PROVIDES,services,services,Assaying & Hallmarking,,F039,bis_topic17_hallmarking_centres_cancelled_suspended.csv,,661,1.00,
REL-HALLMA-0002319,HM-02092,S G HALLMARK CENTRE,Assaying & Hallmarking,,,,PROVIDES,services,services,Assaying & Hallmarking,,F039,bis_topic17_hallmarking_centres_cancelled_suspended.csv,,662,1.00,
REL-HALLMA-0002320,HM-02094,LOTUS ASSAYING & HALLMARKING CENTRE,Assaying & Hallmarking,,,,PROVIDES,services,services,Assaying & Hallmarking,,F039,bis_topic17_hallmarking_centres_cancelled_suspended.csv,,663,1.00,
REL-HALLMA-0002321,HM-02095,AKANSHA HALLMARKING CENTRE,Assaying & Hallmarking,,,,PROVIDES,services,services,Assaying & Hallmarking,,F039,bis_topic17_hallmarking_centres_cancelled_suspended.csv,,664,1.00,
REL-HALLMA-0002322,HM-02096,DK HALLMARK CENTRE,Assaying & Hallmarking,,,,PROVIDES,services,services,Assaying & Hallmarking,,F039,bis_topic17_hallmarking_centres_cancelled_suspended.csv,,665,1.00,
REL-HALLMA-0002323,HM-02098,SHREE HALLMARKING CENTRE,Assaying & Hallmarking,,,,PROVIDES,services,services,Assaying & Hallmarking,,F039,bis_topic17_hallmarking_centres_cancelled_suspended.csv,,666,1.00,
REL-HALLMA-0002324,HM-02102,KAMAKSHI HALLMARKING CENTRE LLP,Assaying & Hallmarking,,,,PROVIDES,services,services,Assaying & Hallmarking,,F039,bis_topic17_hallmarking_centres_cancelled_suspended.csv,,667,1.00,
REL-HALLMA-0002325,HM-02103,SUPER STAR HALLMARKING CENTRE,Assaying & Hallmarking,,,,PROVIDES,services,services,Assaying & Hallmarking,,F039,bis_topic17_hallmarking_centres_cancelled_suspended.csv,,668,1.00,
REL-HALLMA-0002326,HM-02104,SHRINATH HALLMARKING CENTER,Assaying & Hallmarking,,,,PROVIDES,services,services,Assaying & Hallmarking,,F039,bis_topic17_hallmarking_centres_cancelled_suspended.csv,,669,1.00,
REL-HALLMA-0002327,HM-02107,SHREE GANESH HALLMARKING & ASSAY CENTER,Assaying & Hallmarking,,,,PROVIDES,services,services,Assaying & Hallmarking,,F039,bis_topic17_hallmarking_centres_cancelled_suspended.csv,,670,1.00,
REL-HALLMA-0002328,HM-02110,CROWN HALLMARKING LLP,Assaying & Hallmarking,,,,PROVIDES,services,services,Assaying & Hallmarking,,F039,bis_topic17_hallmarking_centres_cancelled_suspended.csv,,671,1.00,
REL-HALLMA-0002329,HM-02111,SHREE SWASTIK HALLMARKING CENTRE,Assaying & Hallmarking,,,,PROVIDES,services,services,Assaying & Hallmarking,,F039,bis_topic17_hallmarking_centres_cancelled_suspended.csv,,672,1.00,
REL-HALLMA-0002330,HM-02112,JEWEL HALLMARK CENTRE,Assaying & Hallmarking,,,,PROVIDES,services,services,Assaying & Hallmarking,,F039,bis_topic17_hallmarking_centres_cancelled_suspended.csv,,673,1.00,
REL-HALLMA-0002331,HM-02113,NATIONAL ASSAY & HALLMARKING CENTRE,Assaying & Hallmarking,,,,PROVIDES,services,services,Assaying & Hallmarking,,F039,bis_topic17_hallmarking_centres_cancelled_suspended.csv,,674,1.00,
REL-HALLMA-0002332,HM-02118,SHREE GURUKRUPA HALLMARKING CENTER,Assaying & Hallmarking,,,,PROVIDES,services,services,Assaying & Hallmarking,,F039,bis_topic17_hallmarking_centres_cancelled_suspended.csv,,675,1.00,
REL-HALLMA-0002333,HM-02120,SHREE SADGURU HALLMARKING CENTER,Assaying & Hallmarking,,,,PROVIDES,services,services,Assaying & Hallmarking,,F039,bis_topic17_hallmarking_centres_cancelled_suspended.csv,,676,1.00,
REL-HALLMA-0002334,HM-02122,SHREE PARSHWA HALLMARKING CENTRE,Assaying & Hallmarking,,,,PROVIDES,services,services,Assaying & Hallmarking,,F039,bis_topic17_hallmarking_centres_cancelled_suspended.csv,,677,1.00,
REL-HALLMA-0002335,HM-02124,MEASURE HALLMARKING,Assaying & Hallmarking,,,,PROVIDES,services,services,Assaying & Hallmarking,,F039,bis_topic17_hallmarking_centres_cancelled_suspended.csv,,678,1.00,
REL-HALLMA-0002336,HM-02126,NEW NITYANAND HALLMARKING CENTRE,Assaying & Hallmarking,,,,PROVIDES,services,services,Assaying & Hallmarking,,F039,bis_topic17_hallmarking_centres_cancelled_suspended.csv,,679,1.00,
REL-HALLMA-0002337,HM-02128,GURUKRUPA ASSAY AND HALLMARKING CENTRE,Assaying & Hallmarking,,,,PROVIDES,services,services,Assaying & Hallmarking,,F039,bis_topic17_hallmarking_centres_cancelled_suspended.csv,,680,1.00,
REL-HALLMA-0002338,HM-02129,GANESHA MARKS,Assaying & Hallmarking,,,,PROVIDES,services,services,Assaying & Hallmarking,,F039,bis_topic17_hallmarking_centres_cancelled_suspended.csv,,681,1.00,
REL-HALLMA-0002339,HM-02133,J S HALLMARKING AND ASSAYING CENTRE,Assaying & Hallmarking,,,,PROVIDES,services,services,Assaying & Hallmarking,,F039,bis_topic17_hallmarking_centres_cancelled_suspended.csv,,682,1.00,
REL-HALLMA-0002340,HM-02137,VARAD ASSAYING & HALLMARKING CENTRE,Assaying & Hallmarking,,,,PROVIDES,services,services,Assaying & Hallmarking,,F039,bis_topic17_hallmarking_centres_cancelled_suspended.csv,,683,1.00,
REL-HALLMA-0002341,HM-02138,REFINING ASSAYING AND HALLMARKING CENTRE OF SHARADA ERECTORS PRIVATE LIMITED,Assaying & Hallmarking,,,,PROVIDES,services,services,Assaying & Hallmarking,,F039,bis_topic17_hallmarking_centres_cancelled_suspended.csv,,684,1.00,
REL-HALLMA-0002342,HM-02142,BALAJI HALLMARKING CENTER,Assaying & Hallmarking,,,,PROVIDES,services,services,Assaying & Hallmarking,,F039,bis_topic17_hallmarking_centres_cancelled_suspended.csv,,685,1.00,
REL-HALLMA-0002343,HM-02147,SHREE HALLMARKING CENTER,Assaying & Hallmarking,,,,PROVIDES,services,services,Assaying & Hallmarking,,F039,bis_topic17_hallmarking_centres_cancelled_suspended.csv,,686,1.00,
REL-HALLMA-0002344,HM-02151,DHANLAXMI HALLMARK,Assaying & Hallmarking,,,,PROVIDES,services,services,Assaying & Hallmarking,,F039,bis_topic17_hallmarking_centres_cancelled_suspended.csv,,687,1.00,
REL-HALLMA-0002345,HM-02155,NIRBHAY ASSAY AND HALLMARKING CENTRE,Assaying & Hallmarking,,,,PROVIDES,services,services,Assaying & Hallmarking,,F039,bis_topic17_hallmarking_centres_cancelled_suspended.csv,,688,1.00,
REL-HALLMA-0002346,HM-02158,SHREE GANESH HALLMARKING CENTER,Assaying & Hallmarking,,,,PROVIDES,services,services,Assaying & Hallmarking,,F039,bis_topic17_hallmarking_centres_cancelled_suspended.csv,,689,1.00,
REL-HALLMA-0002347,HM-02160,CHANNAWAR HALLMARKING AND ASSAYING CENTER,Assaying & Hallmarking,,,,PROVIDES,services,services,Assaying & Hallmarking,,F039,bis_topic17_hallmarking_centres_cancelled_suspended.csv,,690,1.00,
REL-HALLMA-0002348,HM-02164,KRANTI HALLMARK CENTER,Assaying & Hallmarking,,,,PROVIDES,services,services,Assaying & Hallmarking,,F039,bis_topic17_hallmarking_centres_cancelled_suspended.csv,,691,1.00,
REL-HALLMA-0002349,HM-02165,SURYA HALLMARKINGS,Assaying & Hallmarking,,,,PROVIDES,services,services,Assaying & Hallmarking,,F039,bis_topic17_hallmarking_centres_cancelled_suspended.csv,,692,1.00,
REL-HALLMA-0002350,HM-02169,NEW TRISHUL HALLMARKING CENTER,Assaying & Hallmarking,,,,PROVIDES,services,services,Assaying & Hallmarking,,F039,bis_topic17_hallmarking_centres_cancelled_suspended.csv,,693,1.00,
REL-HALLMA-0002351,HM-02170,B M HALLMARKING CENTRE,Assaying & Hallmarking,,,,PROVIDES,services,services,Assaying & Hallmarking,,F039,bis_topic17_hallmarking_centres_cancelled_suspended.csv,,694,1.00,
REL-HALLMA-0002352,HM-02171,SRD Assayer & Hallmarking Centre,Assaying & Hallmarking,,,,PROVIDES,services,services,Assaying & Hallmarking,,F039,bis_topic17_hallmarking_centres_cancelled_suspended.csv,,695,1.00,
REL-HALLMA-0002353,HM-02178,SONAI SHRI HALLMARK AND ASSAYING CENTER,Assaying & Hallmarking,,,,PROVIDES,services,services,Assaying & Hallmarking,,F039,bis_topic17_hallmarking_centres_cancelled_suspended.csv,,696,1.00,
REL-HALLMA-0002354,HM-02180,HARDEV HALLMARKING AND ASSAYING CENTER,Assaying & Hallmarking,,,,PROVIDES,services,services,Assaying & Hallmarking,,F039,bis_topic17_hallmarking_centres_cancelled_suspended.csv,,697,1.00,
REL-HALLMA-0002355,HM-02181,VSG HALLMARKING CENTER,Assaying & Hallmarking,,,,PROVIDES,services,services,Assaying & Hallmarking,,F039,bis_topic17_hallmarking_centres_cancelled_suspended.csv,,698,1.00,
REL-HALLMA-0002356,HM-02182,SATARA HALLMARK CENTRE,Assaying & Hallmarking,,,,PROVIDES,services,services,Assaying & Hallmarking,,F039,bis_topic17_hallmarking_centres_cancelled_suspended.csv,,699,1.00,
REL-HALLMA-0002357,HM-02186,JALGAON HALLMARK AND ASSAYING CENTER,Assaying & Hallmarking,,,,PROVIDES,services,services,Assaying & Hallmarking,,F039,bis_topic17_hallmarking_centres_cancelled_suspended.csv,,700,1.00,
REL-HALLMA-0002358,HM-02187,RAJDEEP HALLMARKING CENTER,Assaying & Hallmarking,,,,PROVIDES,services,services,Assaying & Hallmarking,,F039,bis_topic17_hallmarking_centres_cancelled_suspended.csv,,701,1.00,
REL-HALLMA-0002359,HM-02192,PRECISION ASSAYING AND HALLMARKING CENTRE,Assaying & Hallmarking,,,,PROVIDES,services,services,Assaying & Hallmarking,,F039,bis_topic17_hallmarking_centres_cancelled_suspended.csv,,702,1.00,
REL-HALLMA-0002360,HM-02194,PATIL HALLMARKING CENTER,Assaying & Hallmarking,,,,PROVIDES,services,services,Assaying & Hallmarking,,F039,bis_topic17_hallmarking_centres_cancelled_suspended.csv,,703,1.00,
REL-HALLMA-0002361,HM-02200,SUVARNSHANTI ASSAYING AND HALLMARKING CENTRE,Assaying & Hallmarking,,,,PROVIDES,services,services,Assaying & Hallmarking,,F039,bis_topic17_hallmarking_centres_cancelled_suspended.csv,,704,1.00,
REL-HALLMA-0002362,HM-02201,SANJU BHAI HALLMARK CENTRE,Assaying & Hallmarking,,,,PROVIDES,services,services,Assaying & Hallmarking,,F039,bis_topic17_hallmarking_centres_cancelled_suspended.csv,,705,1.00,
REL-HALLMA-0002363,HM-02202,SIDDHIVINAYAK HALLMARK CENTER,Assaying & Hallmarking,,,,PROVIDES,services,services,Assaying & Hallmarking,,F039,bis_topic17_hallmarking_centres_cancelled_suspended.csv,,706,1.00,
REL-HALLMA-0002364,HM-02205,ARIHANT HALLMARKING CENTER,Assaying & Hallmarking,,,,PROVIDES,services,services,Assaying & Hallmarking,,F039,bis_topic17_hallmarking_centres_cancelled_suspended.csv,,707,1.00,
REL-HALLMA-0002365,HM-02207,ASHAPURI HALLMARKING CENTRE,Assaying & Hallmarking,,,,PROVIDES,services,services,Assaying & Hallmarking,,F039,bis_topic17_hallmarking_centres_cancelled_suspended.csv,,708,1.00,
REL-HALLMA-0002366,HM-02209,MAYUR ASSAYING AND HALLMARKING CENTRE,Assaying & Hallmarking,,,,PROVIDES,services,services,Assaying & Hallmarking,,F039,bis_topic17_hallmarking_centres_cancelled_suspended.csv,,709,1.00,
REL-HALLMA-0002367,HM-02217,SHREE PADMAVATI IIALLMARK,Assaying & Hallmarking,,,,PROVIDES,services,services,Assaying & Hallmarking,,F039,bis_topic17_hallmarking_centres_cancelled_suspended.csv,,710,1.00,
REL-HALLMA-0002368,HM-02218,KRISHNA ASSAYING AND HALLMARKING CENTRE,Assaying & Hallmarking,,,,PROVIDES,services,services,Assaying & Hallmarking,,F039,bis_topic17_hallmarking_centres_cancelled_suspended.csv,,711,1.00,
REL-HALLMA-0002369,HM-02219,SHREE HALLMARK CENTRE,Assaying & Hallmarking,,,,PROVIDES,services,services,Assaying & Hallmarking,,F039,bis_topic17_hallmarking_centres_cancelled_suspended.csv,,712,1.00,
REL-HALLMA-0002370,HM-02220,SHREE BALAJI HALLMARKING CENTRE,Assaying & Hallmarking,,,,PROVIDES,services,services,Assaying & Hallmarking,,F039,bis_topic17_hallmarking_centres_cancelled_suspended.csv,,713,1.00,
REL-HALLMA-0002371,HM-02221,VARMA HALLMARKING AND ASSAYING CENTRE,Assaying & Hallmarking,,,,PROVIDES,services,services,Assaying & Hallmarking,,F039,bis_topic17_hallmarking_centres_cancelled_suspended.csv,,714,1.00,
REL-HALLMA-0002372,HM-02222,SIDDHANATH PRASANNA HALLMARKING CENTRE,Assaying & Hallmarking,,,,PROVIDES,services,services,Assaying & Hallmarking,,F039,bis_topic17_hallmarking_centres_cancelled_suspended.csv,,715,1.00,
REL-HALLMA-0002373,HM-02225,NAGPUR HALLMARKING AND ASSAYING CENTRE,Assaying & Hallmarking,,,,PROVIDES,services,services,Assaying & Hallmarking,,F039,bis_topic17_hallmarking_centres_cancelled_suspended.csv,,716,1.00,
REL-HALLMA-0002374,HM-02226,JAI MALHAR HALLMARKING CENTRE,Assaying & Hallmarking,,,,PROVIDES,services,services,Assaying & Hallmarking,,F039,bis_topic17_hallmarking_centres_cancelled_suspended.csv,,717,1.00,
REL-HALLMA-0002375,HM-02227,JYOTI ASSAYING AND HALLMARKING CENTRE,Assaying & Hallmarking,,,,PROVIDES,services,services,Assaying & Hallmarking,,F039,bis_topic17_hallmarking_centres_cancelled_suspended.csv,,718,1.00,
REL-HALLMA-0002376,HM-02228,SHRI SANT NARHARI MAHARAJ HALLMARKING CENTER,Assaying & Hallmarking,,,,PROVIDES,services,services,Assaying & Hallmarking,,F039,bis_topic17_hallmarking_centres_cancelled_suspended.csv,,719,1.00,
REL-HALLMA-0002377,HM-02231,OM JI ASSAYING & HALLMARKING CENTRE,Assaying & Hallmarking,,,,PROVIDES,services,services,Assaying & Hallmarking,,F039,bis_topic17_hallmarking_centres_cancelled_suspended.csv,,720,1.00,
REL-HALLMA-0002378,HM-02233,SB HALLMARKING CENTRE,Assaying & Hallmarking,,,,PROVIDES,services,services,Assaying & Hallmarking,,F039,bis_topic17_hallmarking_centres_cancelled_suspended.csv,,721,1.00,
REL-HALLMA-0002379,HM-02240,KHARAA SONA ASSAYING AND HALLMARKING CENTRE NAGPUR,Assaying & Hallmarking,,,,PROVIDES,services,services,Assaying & Hallmarking,,F039,bis_topic17_hallmarking_centres_cancelled_suspended.csv,,722,1.00,
REL-HALLMA-0002380,HM-02241,SHRI KHANDOBA ASSAYING & HALLMARKING CENTRE,Assaying & Hallmarking,,,,PROVIDES,services,services,Assaying & Hallmarking,,F039,bis_topic17_hallmarking_centres_cancelled_suspended.csv,,723,1.00,
