relationship_id,is_id,canonical_is_number,entity_type,entity_id,entity_label,relationship_type,relation_context,evidence_column,evidence_value,unmatched_reference,source_file_ids,source_files,source_sheets,source_rows,confidence,review_flag
REL-IS_ENT-0000001,STD-00553,IS 15820,FAQ,FAQ-00101,What is hallmarking?,REFERENCED_BY,related_is_text,related_is_text,IS 15820,,F006,BIS_FAQs_Master.xlsx,BIS_FAQs_Master,49,1.00,
REL-IS_ENT-0000002,STD-00349,IS 1417,FAQ,FAQ-00121,Which precious metals are currently covered by hallmarking in India?,REFERENCED_BY,related_is_text,related_is_text,IS 1417,,F006,BIS_FAQs_Master.xlsx,BIS_FAQs_Master,50,1.00,
REL-IS_ENT-0000003,STD-00960,IS 2112,FAQ,FAQ-00121,Which precious metals are currently covered by hallmarking in India?,REFERENCED_BY,related_is_text,related_is_text,IS 2112,,F006,BIS_FAQs_Master.xlsx,BIS_FAQs_Master,50,1.00,
REL-IS_ENT-0000004,STD-00349,IS 1417,FAQ,FAQ-00119,Which Indian Standards apply to hallmarking?,REFERENCED_BY,related_is_text,related_is_text,IS 1417,,F006,BIS_FAQs_Master.xlsx,BIS_FAQs_Master,51,1.00,
REL-IS_ENT-0000005,STD-00960,IS 2112,FAQ,FAQ-00119,Which Indian Standards apply to hallmarking?,REFERENCED_BY,related_is_text,related_is_text,IS 2112,,F006,BIS_FAQs_Master.xlsx,BIS_FAQs_Master,51,1.00,
REL-IS_ENT-0000006,STD-00553,IS 15820,FAQ,FAQ-00119,Which Indian Standards apply to hallmarking?,REFERENCED_BY,related_is_text,related_is_text,IS 15820,,F006,BIS_FAQs_Master.xlsx,BIS_FAQs_Master,51,1.00,
REL-IS_ENT-0000007,STD-00350,IS 1418,FAQ,FAQ-00119,Which Indian Standards apply to hallmarking?,REFERENCED_BY,related_is_text,related_is_text,IS 1418,,F006,BIS_FAQs_Master.xlsx,BIS_FAQs_Master,51,1.00,
REL-IS_ENT-0000008,STD-00961,IS 2113,FAQ,FAQ-00119,Which Indian Standards apply to hallmarking?,REFERENCED_BY,related_is_text,related_is_text,IS 2113,,F006,BIS_FAQs_Master.xlsx,BIS_FAQs_Master,51,1.00,
REL-IS_ENT-0000009,STD-00753,IS 17278,FAQ,FAQ-00119,Which Indian Standards apply to hallmarking?,REFERENCED_BY,related_is_text,related_is_text,IS 17278,,F006,BIS_FAQs_Master.xlsx,BIS_FAQs_Master,51,1.00,
REL-IS_ENT-0000010,STD-00349,IS 1417,FAQ,FAQ-00118,Which gold grades can be hallmarked?,REFERENCED_BY,related_is_text,related_is_text,IS 1417:2016,,F006,BIS_FAQs_Master.xlsx,BIS_FAQs_Master,52,1.00,
REL-IS_ENT-0000011,STD-00960,IS 2112,FAQ,FAQ-00122,Which silver grades can be hallmarked?,REFERENCED_BY,related_is_text,related_is_text,IS 2112:2014,,F006,BIS_FAQs_Master.xlsx,BIS_FAQs_Master,53,1.00,
REL-IS_ENT-0000012,STD-00349,IS 1417,FAQ,FAQ-00084,What benefit does hallmarked jewellery provide to a customer?,REFERENCED_BY,related_is_text,related_is_text,IS 1417,,F006,BIS_FAQs_Master.xlsx,BIS_FAQs_Master,55,1.00,
REL-IS_ENT-0000013,STD-00960,IS 2112,FAQ,FAQ-00084,What benefit does hallmarked jewellery provide to a customer?,REFERENCED_BY,related_is_text,related_is_text,IS 2112,,F006,BIS_FAQs_Master.xlsx,BIS_FAQs_Master,55,1.00,
REL-IS_ENT-0000014,STD-00349,IS 1417,FAQ,FAQ-00036,How does BIS registration/certification benefit a jeweller?,REFERENCED_BY,related_is_text,related_is_text,IS 1417,,F006,BIS_FAQs_Master.xlsx,BIS_FAQs_Master,56,1.00,
REL-IS_ENT-0000015,STD-00960,IS 2112,FAQ,FAQ-00036,How does BIS registration/certification benefit a jeweller?,REFERENCED_BY,related_is_text,related_is_text,IS 2112,,F006,BIS_FAQs_Master.xlsx,BIS_FAQs_Master,56,1.00,
REL-IS_ENT-0000016,STD-00349,IS 1417,FAQ,FAQ-00102,What is HUID?,REFERENCED_BY,related_is_text,related_is_text,IS 1417,,F006,BIS_FAQs_Master.xlsx,BIS_FAQs_Master,57,1.00,
REL-IS_ENT-0000017,STD-00349,IS 1417,FAQ,FAQ-00090,What does a hallmark on gold jewellery consist of?,REFERENCED_BY,related_is_text,related_is_text,IS 1417:2016,,F006,BIS_FAQs_Master.xlsx,BIS_FAQs_Master,58,1.00,
REL-IS_ENT-0000018,STD-00553,IS 15820,FAQ,FAQ-00125,Who operates India's Hallmarking Scheme?,REFERENCED_BY,related_is_text,related_is_text,IS 15820,,F006,BIS_FAQs_Master.xlsx,BIS_FAQs_Master,59,1.00,
REL-IS_ENT-0000019,STD-00349,IS 1417,FAQ,FAQ-00079,What are the current hallmarking charges for gold?,REFERENCED_BY,related_is_text,related_is_text,IS 1417,,F006,BIS_FAQs_Master.xlsx,BIS_FAQs_Master,60,1.00,
REL-IS_ENT-0000020,STD-00960,IS 2112,FAQ,FAQ-00080,What are the current hallmarking charges for silver?,REFERENCED_BY,related_is_text,related_is_text,IS 2112,,F006,BIS_FAQs_Master.xlsx,BIS_FAQs_Master,61,1.00,
REL-IS_ENT-0000021,STD-00349,IS 1417,FAQ,FAQ-00025,Do hallmarking charges include making charges or wastage?,REFERENCED_BY,related_is_text,related_is_text,IS 1417,,F006,BIS_FAQs_Master.xlsx,BIS_FAQs_Master,62,1.00,
REL-IS_ENT-0000022,STD-00960,IS 2112,FAQ,FAQ-00025,Do hallmarking charges include making charges or wastage?,REFERENCED_BY,related_is_text,related_is_text,IS 2112,,F006,BIS_FAQs_Master.xlsx,BIS_FAQs_Master,62,1.00,
REL-IS_ENT-0000023,STD-00349,IS 1417,FAQ,FAQ-00001,Are hallmarking charges based on jewellery weight?,REFERENCED_BY,related_is_text,related_is_text,IS 1417,,F006,BIS_FAQs_Master.xlsx,BIS_FAQs_Master,63,1.00,
REL-IS_ENT-0000024,STD-00960,IS 2112,FAQ,FAQ-00001,Are hallmarking charges based on jewellery weight?,REFERENCED_BY,related_is_text,related_is_text,IS 2112,,F006,BIS_FAQs_Master.xlsx,BIS_FAQs_Master,63,1.00,
REL-IS_ENT-0000025,STD-00349,IS 1417,FAQ,FAQ-00078,Should a customer take an authentic bill/invoice for hallmarked jewellery?,REFERENCED_BY,related_is_text,related_is_text,IS 1417,,F006,BIS_FAQs_Master.xlsx,BIS_FAQs_Master,64,1.00,
REL-IS_ENT-0000026,STD-00960,IS 2112,FAQ,FAQ-00078,Should a customer take an authentic bill/invoice for hallmarked jewellery?,REFERENCED_BY,related_is_text,related_is_text,IS 2112,,F006,BIS_FAQs_Master.xlsx,BIS_FAQs_Master,64,1.00,
REL-IS_ENT-0000027,STD-00349,IS 1417,FAQ,FAQ-00088,What details should be included in the jewellery bill?,REFERENCED_BY,related_is_text,related_is_text,IS 1417,,F006,BIS_FAQs_Master.xlsx,BIS_FAQs_Master,65,1.00,
REL-IS_ENT-0000028,STD-00960,IS 2112,FAQ,FAQ-00088,What details should be included in the jewellery bill?,REFERENCED_BY,related_is_text,related_is_text,IS 2112,,F006,BIS_FAQs_Master.xlsx,BIS_FAQs_Master,65,1.00,
REL-IS_ENT-0000029,STD-00349,IS 1417,FAQ,FAQ-00107,What should a customer look for at a jewellery shop?,REFERENCED_BY,related_is_text,related_is_text,IS 1417,,F006,BIS_FAQs_Master.xlsx,BIS_FAQs_Master,66,1.00,
REL-IS_ENT-0000030,STD-00960,IS 2112,FAQ,FAQ-00107,What should a customer look for at a jewellery shop?,REFERENCED_BY,related_is_text,related_is_text,IS 2112,,F006,BIS_FAQs_Master.xlsx,BIS_FAQs_Master,66,1.00,
REL-IS_ENT-0000031,STD-00553,IS 15820,FAQ,FAQ-00087,What control does BIS exercise over jewellers and A&H Centres?,REFERENCED_BY,related_is_text,related_is_text,IS 15820,,F006,BIS_FAQs_Master.xlsx,BIS_FAQs_Master,67,1.00,
REL-IS_ENT-0000032,STD-00349,IS 1417,FAQ,FAQ-00091,What hallmark sizes are permitted?,REFERENCED_BY,related_is_text,related_is_text,IS 1417,,F006,BIS_FAQs_Master.xlsx,BIS_FAQs_Master,68,1.00,
REL-IS_ENT-0000033,STD-00960,IS 2112,FAQ,FAQ-00091,What hallmark sizes are permitted?,REFERENCED_BY,related_is_text,related_is_text,IS 2112,,F006,BIS_FAQs_Master.xlsx,BIS_FAQs_Master,68,1.00,
REL-IS_ENT-0000034,STD-00349,IS 1417,FAQ,FAQ-00048,Must both articles in a pair be hallmarked?,REFERENCED_BY,related_is_text,related_is_text,IS 1417,,F006,BIS_FAQs_Master.xlsx,BIS_FAQs_Master,69,1.00,
REL-IS_ENT-0000035,STD-00960,IS 2112,FAQ,FAQ-00048,Must both articles in a pair be hallmarked?,REFERENCED_BY,related_is_text,related_is_text,IS 2112,,F006,BIS_FAQs_Master.xlsx,BIS_FAQs_Master,69,1.00,
REL-IS_ENT-0000036,STD-00349,IS 1417,FAQ,FAQ-00049,Must detachable parts of jewellery be hallmarked?,REFERENCED_BY,related_is_text,related_is_text,IS 1417,,F006,BIS_FAQs_Master.xlsx,BIS_FAQs_Master,70,1.00,
REL-IS_ENT-0000037,STD-00960,IS 2112,FAQ,FAQ-00049,Must detachable parts of jewellery be hallmarked?,REFERENCED_BY,related_is_text,related_is_text,IS 2112,,F006,BIS_FAQs_Master.xlsx,BIS_FAQs_Master,70,1.00,
REL-IS_ENT-0000038,STD-00349,IS 1417,FAQ,FAQ-00097,What is a detachable part?,REFERENCED_BY,related_is_text,related_is_text,IS 1417,,F006,BIS_FAQs_Master.xlsx,BIS_FAQs_Master,71,1.00,
REL-IS_ENT-0000039,STD-00960,IS 2112,FAQ,FAQ-00097,What is a detachable part?,REFERENCED_BY,related_is_text,related_is_text,IS 2112,,F006,BIS_FAQs_Master.xlsx,BIS_FAQs_Master,71,1.00,
REL-IS_ENT-0000040,STD-00553,IS 15820,FAQ,FAQ-00011,Can an artisan or common person directly approach an A&H Centre for hallmarking?,REFERENCED_BY,related_is_text,related_is_text,IS 15820,,F006,BIS_FAQs_Master.xlsx,BIS_FAQs_Master,72,1.00,
REL-IS_ENT-0000041,STD-00553,IS 15820,FAQ,FAQ-00114,Where can I find the list of BIS-recognized A&H Centres?,REFERENCED_BY,related_is_text,related_is_text,IS 15820,,F006,BIS_FAQs_Master.xlsx,BIS_FAQs_Master,75,1.00,
REL-IS_ENT-0000042,STD-00350,IS 1418,FAQ,FAQ-00007,Can a common person get hallmarked jewellery tested for purity at an A&H Centre?,REFERENCED_BY,related_is_text,related_is_text,IS 1418,,F006,BIS_FAQs_Master.xlsx,BIS_FAQs_Master,76,1.00,
REL-IS_ENT-0000043,STD-00553,IS 15820,FAQ,FAQ-00007,Can a common person get hallmarked jewellery tested for purity at an A&H Centre?,REFERENCED_BY,related_is_text,related_is_text,IS 15820,,F006,BIS_FAQs_Master.xlsx,BIS_FAQs_Master,76,1.00,
REL-IS_ENT-0000044,STD-00553,IS 15820,FAQ,FAQ-00034,How does an A&H Centre obtain recognition?,REFERENCED_BY,related_is_text,related_is_text,IS 15820:2009,,F006,BIS_FAQs_Master.xlsx,BIS_FAQs_Master,77,1.00,
REL-IS_ENT-0000045,STD-00349,IS 1417,FAQ,FAQ-00017,Can jewellery failing the declared purity be hallmarked at the immediately lower grade?,REFERENCED_BY,related_is_text,related_is_text,IS 1417,,F006,BIS_FAQs_Master.xlsx,BIS_FAQs_Master,78,1.00,
REL-IS_ENT-0000046,STD-00960,IS 2112,FAQ,FAQ-00017,Can jewellery failing the declared purity be hallmarked at the immediately lower grade?,REFERENCED_BY,related_is_text,related_is_text,IS 2112,,F006,BIS_FAQs_Master.xlsx,BIS_FAQs_Master,78,1.00,
REL-IS_ENT-0000047,STD-00553,IS 15820,FAQ,FAQ-00009,Can an A&H Centre refuse jewellery because of workload?,REFERENCED_BY,related_is_text,related_is_text,IS 15820,,F006,BIS_FAQs_Master.xlsx,BIS_FAQs_Master,79,1.00,
REL-IS_ENT-0000048,STD-00349,IS 1417,FAQ,FAQ-00010,Can an A&H Centre return jewellery that does not match the purity or weight declared by the jeweller?,REFERENCED_BY,related_is_text,related_is_text,IS 1417,,F006,BIS_FAQs_Master.xlsx,BIS_FAQs_Master,80,1.00,
REL-IS_ENT-0000049,STD-00960,IS 2112,FAQ,FAQ-00010,Can an A&H Centre return jewellery that does not match the purity or weight declared by the jeweller?,REFERENCED_BY,related_is_text,related_is_text,IS 2112,,F006,BIS_FAQs_Master.xlsx,BIS_FAQs_Master,80,1.00,
REL-IS_ENT-0000050,STD-00553,IS 15820,FAQ,FAQ-00095,What information is provided in an A&H Centre delivery voucher?,REFERENCED_BY,related_is_text,related_is_text,IS 15820,,F006,BIS_FAQs_Master.xlsx,BIS_FAQs_Master,81,1.00,
REL-IS_ENT-0000051,STD-00553,IS 15820,FAQ,FAQ-00037,How does the digital hallmarking system help prevent fraudulent hallmarking?,REFERENCED_BY,related_is_text,related_is_text,IS 15820,,F006,BIS_FAQs_Master.xlsx,BIS_FAQs_Master,82,1.00,
REL-IS_ENT-0000052,STD-00350,IS 1418,FAQ,FAQ-00094,What happens when an entire lot fails Fire Assaying?,REFERENCED_BY,related_is_text,related_is_text,IS 1418,,F006,BIS_FAQs_Master.xlsx,BIS_FAQs_Master,83,1.00,
REL-IS_ENT-0000053,STD-00553,IS 15820,FAQ,FAQ-00112,When should an A&H Centre return the cornet?,REFERENCED_BY,related_is_text,related_is_text,IS 15820,,F006,BIS_FAQs_Master.xlsx,BIS_FAQs_Master,84,1.00,
REL-IS_ENT-0000054,STD-00553,IS 15820,FAQ,FAQ-00098,What is an Off-Site Centre?,REFERENCED_BY,related_is_text,related_is_text,IS 15820,,F006,BIS_FAQs_Master.xlsx,BIS_FAQs_Master,85,1.00,
REL-IS_ENT-0000055,STD-00553,IS 15820,FAQ,FAQ-00105,What liability does an Off-Site Centre have?,REFERENCED_BY,related_is_text,related_is_text,IS 15820,,F006,BIS_FAQs_Master.xlsx,BIS_FAQs_Master,86,1.00,
REL-IS_ENT-0000056,STD-00553,IS 15820,FAQ,FAQ-00042,How many Off-Site Centres can one A&H Centre establish?,REFERENCED_BY,related_is_text,related_is_text,IS 15820,,F006,BIS_FAQs_Master.xlsx,BIS_FAQs_Master,87,1.00,
REL-IS_ENT-0000057,STD-00553,IS 15820,FAQ,FAQ-00018,Can Off-Site Centres operate in mandatory-hallmarking districts?,REFERENCED_BY,related_is_text,related_is_text,IS 15820,,F006,BIS_FAQs_Master.xlsx,BIS_FAQs_Master,88,1.00,
REL-IS_ENT-0000058,STD-00553,IS 15820,FAQ,FAQ-00109,What subsidy is available for establishing A&H Centres?,REFERENCED_BY,related_is_text,related_is_text,IS 15820,,F006,BIS_FAQs_Master.xlsx,BIS_FAQs_Master,89,1.00,
REL-IS_ENT-0000059,STD-00349,IS 1417,FAQ,FAQ-00093,What happens if a sample fails after being tampered with in the supply chain?,REFERENCED_BY,related_is_text,related_is_text,IS 1417,,F006,BIS_FAQs_Master.xlsx,BIS_FAQs_Master,90,1.00,
REL-IS_ENT-0000060,STD-00960,IS 2112,FAQ,FAQ-00093,What happens if a sample fails after being tampered with in the supply chain?,REFERENCED_BY,related_is_text,related_is_text,IS 2112,,F006,BIS_FAQs_Master.xlsx,BIS_FAQs_Master,90,1.00,
REL-IS_ENT-0000061,STD-00349,IS 1417,FAQ,FAQ-00124,Who is responsible for compensation if hallmarked precious-metal jewellery is found below declared purity?,REFERENCED_BY,related_is_text,related_is_text,IS 1417,,F006,BIS_FAQs_Master.xlsx,BIS_FAQs_Master,91,1.00,
REL-IS_ENT-0000062,STD-00960,IS 2112,FAQ,FAQ-00124,Who is responsible for compensation if hallmarked precious-metal jewellery is found below declared purity?,REFERENCED_BY,related_is_text,related_is_text,IS 2112,,F006,BIS_FAQs_Master.xlsx,BIS_FAQs_Master,91,1.00,
REL-IS_ENT-0000063,STD-00349,IS 1417,FAQ,FAQ-00029,How can a consumer file a hallmarking complaint?,REFERENCED_BY,related_is_text,related_is_text,IS 1417,,F006,BIS_FAQs_Master.xlsx,BIS_FAQs_Master,92,1.00,
REL-IS_ENT-0000064,STD-00960,IS 2112,FAQ,FAQ-00029,How can a consumer file a hallmarking complaint?,REFERENCED_BY,related_is_text,related_is_text,IS 2112,,F006,BIS_FAQs_Master.xlsx,BIS_FAQs_Master,92,1.00,
REL-IS_ENT-0000065,STD-00349,IS 1417,FAQ,FAQ-00019,Can old jewellery be sold after hallmarking becomes mandatory?,REFERENCED_BY,related_is_text,related_is_text,IS 1417,,F006,BIS_FAQs_Master.xlsx,BIS_FAQs_Master,93,1.00,
REL-IS_ENT-0000066,STD-00960,IS 2112,FAQ,FAQ-00019,Can old jewellery be sold after hallmarking becomes mandatory?,REFERENCED_BY,related_is_text,related_is_text,IS 2112,,F006,BIS_FAQs_Master.xlsx,BIS_FAQs_Master,93,1.00,
REL-IS_ENT-0000067,STD-00349,IS 1417,FAQ,FAQ-00085,What compensation applies when hallmarked jewellery has lower purity?,REFERENCED_BY,related_is_text,related_is_text,IS 1417,,F006,BIS_FAQs_Master.xlsx,BIS_FAQs_Master,94,1.00,
REL-IS_ENT-0000068,STD-00960,IS 2112,FAQ,FAQ-00085,What compensation applies when hallmarked jewellery has lower purity?,REFERENCED_BY,related_is_text,related_is_text,IS 2112,,F006,BIS_FAQs_Master.xlsx,BIS_FAQs_Master,94,1.00,
REL-IS_ENT-0000069,STD-00553,IS 15820,FAQ,FAQ-00089,"What do the BIS Hallmarking Regulations, 2018 cover?",REFERENCED_BY,related_is_text,related_is_text,IS 15820,,F006,BIS_FAQs_Master.xlsx,BIS_FAQs_Master,98,1.00,
REL-IS_ENT-0000070,STD-00349,IS 1417,FAQ,FAQ-00089,"What do the BIS Hallmarking Regulations, 2018 cover?",REFERENCED_BY,related_is_text,related_is_text,IS 1417,,F006,BIS_FAQs_Master.xlsx,BIS_FAQs_Master,98,1.00,
REL-IS_ENT-0000071,STD-00960,IS 2112,FAQ,FAQ-00089,"What do the BIS Hallmarking Regulations, 2018 cover?",REFERENCED_BY,related_is_text,related_is_text,IS 2112,,F006,BIS_FAQs_Master.xlsx,BIS_FAQs_Master,98,1.00,
REL-IS_ENT-0000072,STD-00753,IS 17278,FAQ,FAQ-00083,What are the refinery/A&H-related fees under the Hallmarking Regulations?,REFERENCED_BY,related_is_text,related_is_text,IS 17278,,F006,BIS_FAQs_Master.xlsx,BIS_FAQs_Master,99,1.00,
REL-IS_ENT-0000073,STD-00610,IS 16102 (Part 1),LEGAL,LEGAL-00024,,REFERENCED_BY,related_is_text,related_is_text,IS 16102 (Part 1),,F033,bis_circulars (1).csv,,3,1.00,
REL-IS_ENT-0000074,STD-00048,IS 10322,LEGAL,LEGAL-00026,,REFERENCED_BY,related_is_text,related_is_text,IS 10322,,F033,bis_circulars (1).csv,,4,1.00,
REL-IS_ENT-0000075,STD-00050,IS 10322 (Part 5),LEGAL,LEGAL-00026,,REFERENCED_BY,related_is_text,related_is_text,IS 10322 (Part 5,,F033,bis_circulars (1).csv,,4,1.00,
REL-IS_ENT-0000076,STD-00050,IS 10322 (Part 5),LEGAL,LEGAL-00026,,REFERENCED_BY,related_is_text,related_is_text,IS 10322 (Part 5,,F033,bis_circulars (1).csv,,4,1.00,
REL-IS_ENT-0000077,STD-00050,IS 10322 (Part 5),LEGAL,LEGAL-00026,,REFERENCED_BY,related_is_text,related_is_text,IS 10322 (Part 5,,F033,bis_circulars (1).csv,,4,1.00,
REL-IS_ENT-0000078,STD-00050,IS 10322 (Part 5),LEGAL,LEGAL-00026,,REFERENCED_BY,related_is_text,related_is_text,IS 10322 (Part 5,,F033,bis_circulars (1).csv,,4,1.00,
REL-IS_ENT-0000079,STD-00050,IS 10322 (Part 5),LEGAL,LEGAL-00026,,REFERENCED_BY,related_is_text,related_is_text,IS 10322 (Part 5,,F033,bis_circulars (1).csv,,4,1.00,
REL-IS_ENT-0000080,STD-00050,IS 10322 (Part 5),LEGAL,LEGAL-00026,,REFERENCED_BY,related_is_text,related_is_text,IS 10322 (Part 5,,F033,bis_circulars (1).csv,,4,1.00,
REL-IS_ENT-0000081,STD-00050,IS 10322 (Part 5),LEGAL,LEGAL-00026,,REFERENCED_BY,related_is_text,related_is_text,IS 10322 (Part 5,,F033,bis_circulars (1).csv,,4,1.00,
REL-IS_ENT-0000082,STD-00852,IS 18112,LEGAL,LEGAL-00032,,REFERENCED_BY,related_is_text,related_is_text,IS 18112,,F033,bis_circulars (1).csv,,5,1.00,
REL-IS_ENT-0000083,STD-00268,IS 13252 (Part 1),LEGAL,LEGAL-00052,,REFERENCED_BY,related_is_text,related_is_text,IS 13252 (Part 1),,F033,bis_circulars (1).csv,,6,1.00,
REL-IS_ENT-0000084,STD-00268,IS 13252 (Part 1),LEGAL,LEGAL-00052,,REFERENCED_BY,related_is_text,related_is_text,IS 13252 (Part1),,F033,bis_circulars (1).csv,,6,1.00,
REL-IS_ENT-0000085,STD-00268,IS 13252 (Part 1),LEGAL,LEGAL-00052,,REFERENCED_BY,related_is_text,related_is_text,IS 13252(Part1),,F033,bis_circulars (1).csv,,6,1.00,
REL-IS_ENT-0000086,STD-01413,IS 616,LEGAL,LEGAL-00052,,REFERENCED_BY,related_is_text,related_is_text,IS 616,,F033,bis_circulars (1).csv,,6,1.00,
REL-IS_ENT-0000087,STD-00267,IS 13252,LEGAL,LEGAL-00062,,REFERENCED_BY,related_is_text,related_is_text,IS 13252,,F033,bis_circulars (1).csv,,9,1.00,
REL-IS_ENT-0000088,STD-00048,IS 10322,LEGAL,LEGAL-00095,,REFERENCED_BY,related_is_text,related_is_text,IS 10322,,F033,bis_circulars (1).csv,,10,1.00,
REL-IS_ENT-0000089,STD-00049,IS 10322 (Part 1),LEGAL,LEGAL-00095,,REFERENCED_BY,related_is_text,related_is_text,IS 10322 (Part 1),,F033,bis_circulars (1).csv,,10,1.00,
REL-IS_ENT-0000090,STD-00050,IS 10322 (Part 5),LEGAL,LEGAL-00095,,REFERENCED_BY,related_is_text,related_is_text,IS 10322 (Part 5,,F033,bis_circulars (1).csv,,10,1.00,
REL-IS_ENT-0000091,STD-00050,IS 10322 (Part 5),LEGAL,LEGAL-00095,,REFERENCED_BY,related_is_text,related_is_text,IS 10322 (Part 5,,F033,bis_circulars (1).csv,,10,1.00,
REL-IS_ENT-0000092,STD-00050,IS 10322 (Part 5),LEGAL,LEGAL-00095,,REFERENCED_BY,related_is_text,related_is_text,IS 10322 (Part 5,,F033,bis_circulars (1).csv,,10,1.00,
REL-IS_ENT-0000093,STD-00050,IS 10322 (Part 5),LEGAL,LEGAL-00095,,REFERENCED_BY,related_is_text,related_is_text,IS 10322 (Part 5,,F033,bis_circulars (1).csv,,10,1.00,
REL-IS_ENT-0000094,STD-00050,IS 10322 (Part 5),LEGAL,LEGAL-00095,,REFERENCED_BY,related_is_text,related_is_text,IS 10322 (Part 5,,F033,bis_circulars (1).csv,,10,1.00,
REL-IS_ENT-0000095,STD-00050,IS 10322 (Part 5),LEGAL,LEGAL-00095,,REFERENCED_BY,related_is_text,related_is_text,IS 10322 (Part 5,,F033,bis_circulars (1).csv,,10,1.00,
REL-IS_ENT-0000096,STD-00050,IS 10322 (Part 5),LEGAL,LEGAL-00095,,REFERENCED_BY,related_is_text,related_is_text,IS 10322 (Part 5,,F033,bis_circulars (1).csv,,10,1.00,
REL-IS_ENT-0000097,STD-00050,IS 10322 (Part 5),LEGAL,LEGAL-00095,,REFERENCED_BY,related_is_text,related_is_text,IS 10322 (Part 5,,F033,bis_circulars (1).csv,,10,1.00,
REL-IS_ENT-0000098,STD-00050,IS 10322 (Part 5),LEGAL,LEGAL-00095,,REFERENCED_BY,related_is_text,related_is_text,IS 10322 (Part 5,,F033,bis_circulars (1).csv,,10,1.00,
REL-IS_ENT-0000099,STD-00050,IS 10322 (Part 5),LEGAL,LEGAL-00095,,REFERENCED_BY,related_is_text,related_is_text,IS 10322 (Part 5,,F033,bis_circulars (1).csv,,10,1.00,
REL-IS_ENT-0000100,STD-00050,IS 10322 (Part 5),LEGAL,LEGAL-00095,,REFERENCED_BY,related_is_text,related_is_text,IS 10322 (Part 5,,F033,bis_circulars (1).csv,,10,1.00,
REL-IS_ENT-0000101,STD-00050,IS 10322 (Part 5),LEGAL,LEGAL-00095,,REFERENCED_BY,related_is_text,related_is_text,IS 10322 (Part 5,,F033,bis_circulars (1).csv,,10,1.00,
REL-IS_ENT-0000102,STD-00050,IS 10322 (Part 5),LEGAL,LEGAL-00095,,REFERENCED_BY,related_is_text,related_is_text,IS 10322 (Part 5,,F033,bis_circulars (1).csv,,10,1.00,
REL-IS_ENT-0000103,STD-00050,IS 10322 (Part 5),LEGAL,LEGAL-00095,,REFERENCED_BY,related_is_text,related_is_text,IS 10322 (Part 5,,F033,bis_circulars (1).csv,,10,1.00,
REL-IS_ENT-0000104,STD-00268,IS 13252 (Part 1),LEGAL,LEGAL-00083,,REFERENCED_BY,related_is_text,related_is_text,IS 13252 (Part 1),,F033,bis_circulars (1).csv,,11,1.00,
REL-IS_ENT-0000105,STD-00268,IS 13252 (Part 1),LEGAL,LEGAL-00083,,REFERENCED_BY,related_is_text,related_is_text,IS 13252(Part1),,F033,bis_circulars (1).csv,,11,1.00,
REL-IS_ENT-0000106,STD-00644,IS 16333 (Part 3),LEGAL,LEGAL-00083,,REFERENCED_BY,related_is_text,related_is_text,IS 16333 (Part 3),,F033,bis_circulars (1).csv,,11,1.00,
REL-IS_ENT-0000107,STD-00852,IS 18112,LEGAL,LEGAL-00083,,REFERENCED_BY,related_is_text,related_is_text,IS 18112,,F033,bis_circulars (1).csv,,11,1.00,
REL-IS_ENT-0000108,STD-01413,IS 616,LEGAL,LEGAL-00083,,REFERENCED_BY,related_is_text,related_is_text,IS 616,,F033,bis_circulars (1).csv,,11,1.00,
REL-IS_ENT-0000109,STD-00852,IS 18112,LEGAL,LEGAL-00083,,REFERENCED_BY,related_is_text,related_is_text,IS18112,,F033,bis_circulars (1).csv,,11,1.00,
REL-IS_ENT-0000110,STD-00268,IS 13252 (Part 1),LEGAL,LEGAL-00074,,REFERENCED_BY,related_is_text,related_is_text,IS 13252 (Part 1),,F033,bis_circulars (1).csv,,12,1.00,
REL-IS_ENT-0000111,STD-00268,IS 13252 (Part 1),LEGAL,LEGAL-00074,,REFERENCED_BY,related_is_text,related_is_text,IS 13252 (Part1),,F033,bis_circulars (1).csv,,12,1.00,
REL-IS_ENT-0000112,STD-00268,IS 13252 (Part 1),LEGAL,LEGAL-00074,,REFERENCED_BY,related_is_text,related_is_text,IS 13252(Part1),,F033,bis_circulars (1).csv,,12,1.00,
REL-IS_ENT-0000113,STD-01413,IS 616,LEGAL,LEGAL-00074,,REFERENCED_BY,related_is_text,related_is_text,IS 616,,F033,bis_circulars (1).csv,,12,1.00,
REL-IS_ENT-0000114,STD-00610,IS 16102 (Part 1),LEGAL,LEGAL-00075,,REFERENCED_BY,related_is_text,related_is_text,IS 16102 (Part 1),,F033,bis_circulars (1).csv,,13,1.00,
REL-IS_ENT-0000115,STD-00922,IS 2,LEGAL,LEGAL-00075,,REFERENCED_BY,related_is_text,related_is_text,is 02,,F033,bis_circulars (1).csv,,13,1.00,
REL-IS_ENT-0000116,STD-00595,IS 16046 (Part 2),LEGAL,LEGAL-00101,,REFERENCED_BY,related_is_text,related_is_text,IS 16046 (Part 2),,F033,bis_circulars (1).csv,,14,1.00,
REL-IS_ENT-0000117,STD-00595,IS 16046 (Part 2),LEGAL,LEGAL-00101,,REFERENCED_BY,related_is_text,related_is_text,IS 16046(Part 2),,F033,bis_circulars (1).csv,,14,1.00,
REL-IS_ENT-0000118,STD-00593,IS 16046,LEGAL,LEGAL-00101,,REFERENCED_BY,related_is_text,related_is_text,IS 16046,,F033,bis_circulars (1).csv,,14,1.00,
REL-IS_ENT-0000119,STD-00597,IS 16047 (Part 3),LEGAL,LEGAL-00101,,REFERENCED_BY,related_is_text,related_is_text,IS 16047 (Part 3),,F033,bis_circulars (1).csv,,14,1.00,
REL-IS_ENT-0000120,STD-00596,IS 16047,LEGAL,LEGAL-00101,,REFERENCED_BY,related_is_text,related_is_text,IS 16047,,F033,bis_circulars (1).csv,,14,1.00,
REL-IS_ENT-0000121,STD-00596,IS 16047,LEGAL,LEGAL-00101,,REFERENCED_BY,related_is_text,related_is_text,IS 16047,,F033,bis_circulars (1).csv,,14,1.00,
REL-IS_ENT-0000122,STD-00852,IS 18112,LEGAL,LEGAL-00032,,REFERENCED_BY,related_is_text,related_is_text,IS 18112,,F033,bis_circulars (1).csv,,15,1.00,
REL-IS_ENT-0000123,STD-01090,IS 302 (Part 1),LEGAL,LEGAL-00038,,REFERENCED_BY,related_is_text,related_is_text,IS 302 (Part 1),,F033,bis_circulars (1).csv,,16,1.00,
REL-IS_ENT-0000124,STD-00612,IS 16103 (Part 1),LEGAL,LEGAL-00036,,REFERENCED_BY,related_is_text,related_is_text,IS 16103 (Part 1),,F033,bis_circulars (1).csv,,17,1.00,
REL-IS_ENT-0000125,STD-00366,IS 14286,LEGAL,LEGAL-00099,,REFERENCED_BY,related_is_text,related_is_text,IS 14286,,F033,bis_circulars (1).csv,,18,1.00,
REL-IS_ENT-0000126,STD-00367,IS 14286 (Part 1),LEGAL,LEGAL-00099,,REFERENCED_BY,related_is_text,related_is_text,IS 14286 (Part 1),,F033,bis_circulars (1).csv,,18,1.00,
REL-IS_ENT-0000127,STD-00600,IS 16077,LEGAL,LEGAL-00099,,REFERENCED_BY,related_is_text,related_is_text,IS 16077,,F033,bis_circulars (1).csv,,18,1.00,
REL-IS_ENT-0000128,STD-00695,IS 16781,LEGAL,LEGAL-00099,,REFERENCED_BY,related_is_text,related_is_text,IS 16781,,F033,bis_circulars (1).csv,,18,1.00,
REL-IS_ENT-0000129,STD-00704,IS 16911,LEGAL,LEGAL-00099,,REFERENCED_BY,related_is_text,related_is_text,IS 16911,,F033,bis_circulars (1).csv,,18,1.00,
REL-IS_ENT-0000130,STD-00845,IS 17959,LEGAL,LEGAL-00099,,REFERENCED_BY,related_is_text,related_is_text,IS 17959,,F033,bis_circulars (1).csv,,18,1.00,
REL-IS_ENT-0000131,STD-00636,IS 16242 (Part 1),LEGAL,LEGAL-00037,,REFERENCED_BY,related_is_text,related_is_text,IS 16242 (Part 1),,F033,bis_circulars (1).csv,,19,1.00,
REL-IS_ENT-0000132,STD-00852,IS 18112,LEGAL,LEGAL-00089,,REFERENCED_BY,related_is_text,related_is_text,IS 18112,,F033,bis_circulars (1).csv,,20,1.00,
REL-IS_ENT-0000133,STD-00901,IS 1885 (Part 24),LEGAL,LEGAL-00089,,REFERENCED_BY,related_is_text,related_is_text,IS 1885 (Part 24),,F033,bis_circulars (1).csv,,20,1.00,
REL-IS_ENT-0000134,STD-01413,IS 616,LEGAL,LEGAL-00089,,REFERENCED_BY,related_is_text,related_is_text,IS 616,,F033,bis_circulars (1).csv,,20,1.00,
REL-IS_ENT-0000135,STD-01031,IS 26,LEGAL,LEGAL-00089,,REFERENCED_BY,related_is_text,related_is_text,is 26,,F033,bis_circulars (1).csv,,20,1.00,
REL-IS_ENT-0000136,STD-01087,IS 30,LEGAL,LEGAL-00089,,REFERENCED_BY,related_is_text,related_is_text,is 30,,F033,bis_circulars (1).csv,,20,1.00,
REL-IS_ENT-0000137,STD-00636,IS 16242 (Part 1),LEGAL,LEGAL-00078,,REFERENCED_BY,related_is_text,related_is_text,IS 16242 (Part 1),,F033,bis_circulars (1).csv,,21,1.00,
REL-IS_ENT-0000138,STD-00852,IS 18112,LEGAL,LEGAL-00088,,REFERENCED_BY,related_is_text,related_is_text,IS 18112,,F033,bis_circulars (1).csv,,22,1.00,
REL-IS_ENT-0000139,STD-00901,IS 1885 (Part 24),LEGAL,LEGAL-00088,,REFERENCED_BY,related_is_text,related_is_text,IS 1885 (Part 24),,F033,bis_circulars (1).csv,,22,1.00,
REL-IS_ENT-0000140,STD-01413,IS 616,LEGAL,LEGAL-00088,,REFERENCED_BY,related_is_text,related_is_text,IS 616,,F033,bis_circulars (1).csv,,22,1.00,
REL-IS_ENT-0000141,STD-01031,IS 26,LEGAL,LEGAL-00088,,REFERENCED_BY,related_is_text,related_is_text,is 26,,F033,bis_circulars (1).csv,,22,1.00,
REL-IS_ENT-0000142,STD-01087,IS 30,LEGAL,LEGAL-00088,,REFERENCED_BY,related_is_text,related_is_text,is 30,,F033,bis_circulars (1).csv,,22,1.00,
REL-IS_ENT-0000143,STD-00612,IS 16103 (Part 1),LEGAL,LEGAL-00076,,REFERENCED_BY,related_is_text,related_is_text,IS 16103 (Part 1),,F033,bis_circulars (1).csv,,23,1.00,
REL-IS_ENT-0000144,STD-00957,IS 21,LEGAL,LEGAL-00076,,REFERENCED_BY,related_is_text,related_is_text,is 21,,F033,bis_circulars (1).csv,,23,1.00,
REL-IS_ENT-0000145,STD-00636,IS 16242 (Part 1),LEGAL,LEGAL-00077,,REFERENCED_BY,related_is_text,related_is_text,IS 16242 (Part 1),,F033,bis_circulars (1).csv,,24,1.00,
REL-IS_ENT-0000146,STD-00904,IS 19,LEGAL,LEGAL-00077,,REFERENCED_BY,related_is_text,related_is_text,is 19,,F033,bis_circulars (1).csv,,24,1.00,
REL-IS_ENT-0000147,STD-00639,IS 16270,LEGAL,LEGAL-00071,,REFERENCED_BY,related_is_text,related_is_text,IS 16270,,F033,bis_circulars (1).csv,,25,1.00,
REL-IS_ENT-0000148,STD-01563,IS 8,LEGAL,LEGAL-00071,,REFERENCED_BY,related_is_text,related_is_text,is 08,,F033,bis_circulars (1).csv,,25,1.00,
REL-IS_ENT-0000149,STD-00852,IS 18112,LEGAL,LEGAL-00134,,REFERENCED_BY,related_is_text,related_is_text,IS 18112,,F033,bis_circulars (1).csv,,26,1.00,
REL-IS_ENT-0000150,STD-01413,IS 616,LEGAL,LEGAL-00134,,REFERENCED_BY,related_is_text,related_is_text,IS 616,,F033,bis_circulars (1).csv,,26,1.00,
REL-IS_ENT-0000151,STD-01031,IS 26,LEGAL,LEGAL-00134,,REFERENCED_BY,related_is_text,related_is_text,is 26,,F033,bis_circulars (1).csv,,26,1.00,
REL-IS_ENT-0000152,STD-00643,IS 16333 (Part 1),LEGAL,LEGAL-00072,,REFERENCED_BY,related_is_text,related_is_text,IS 16333 (Part 1),,F033,bis_circulars (1).csv,,27,1.00,
REL-IS_ENT-0000153,STD-00644,IS 16333 (Part 3),LEGAL,LEGAL-00072,,REFERENCED_BY,related_is_text,related_is_text,IS 16333 (Part 3),,F033,bis_circulars (1).csv,,27,1.00,
REL-IS_ENT-0000154,STD-00268,IS 13252 (Part 1),LEGAL,LEGAL-00118,,REFERENCED_BY,related_is_text,related_is_text,IS 13252 (Part 1),,F033,bis_circulars (1).csv,,28,1.00,
REL-IS_ENT-0000155,STD-00366,IS 14286,LEGAL,LEGAL-00093,,REFERENCED_BY,related_is_text,related_is_text,IS 14286,,F033,bis_circulars (1).csv,,29,1.00,
REL-IS_ENT-0000156,STD-00367,IS 14286 (Part 1),LEGAL,LEGAL-00093,,REFERENCED_BY,related_is_text,related_is_text,IS 14286 (Part 1),,F033,bis_circulars (1).csv,,29,1.00,
REL-IS_ENT-0000157,STD-00367,IS 14286 (Part 1),LEGAL,LEGAL-00093,,REFERENCED_BY,related_is_text,related_is_text,IS 14286 (Part 1,,F033,bis_circulars (1).csv,,29,1.00,
REL-IS_ENT-0000158,STD-00367,IS 14286 (Part 1),LEGAL,LEGAL-00093,,REFERENCED_BY,related_is_text,related_is_text,IS 14286 (Part 1,,F033,bis_circulars (1).csv,,29,1.00,
REL-IS_ENT-0000159,STD-00367,IS 14286 (Part 1),LEGAL,LEGAL-00093,,REFERENCED_BY,related_is_text,related_is_text,IS 14286 (Part 1,,F033,bis_circulars (1).csv,,29,1.00,
REL-IS_ENT-0000160,STD-00367,IS 14286 (Part 1),LEGAL,LEGAL-00093,,REFERENCED_BY,related_is_text,related_is_text,IS 14286 (Part 1,,F033,bis_circulars (1).csv,,29,1.00,
REL-IS_ENT-0000161,STD-00367,IS 14286 (Part 1),LEGAL,LEGAL-00093,,REFERENCED_BY,related_is_text,related_is_text,IS 14286 (Part 1,,F033,bis_circulars (1).csv,,29,1.00,
REL-IS_ENT-0000162,STD-00368,IS 14286 (Part 2),LEGAL,LEGAL-00093,,REFERENCED_BY,related_is_text,related_is_text,IS 14286 (Part 2),,F033,bis_circulars (1).csv,,29,1.00,
REL-IS_ENT-0000163,STD-00600,IS 16077,LEGAL,LEGAL-00093,,REFERENCED_BY,related_is_text,related_is_text,IS 16077,,F033,bis_circulars (1).csv,,29,1.00,
REL-IS_ENT-0000164,STD-00619,IS 16169,LEGAL,LEGAL-00093,,REFERENCED_BY,related_is_text,related_is_text,IS 16169,,F033,bis_circulars (1).csv,,29,1.00,
REL-IS_ENT-0000165,STD-00630,IS 16221,LEGAL,LEGAL-00093,,REFERENCED_BY,related_is_text,related_is_text,IS 16221,,F033,bis_circulars (1).csv,,29,1.00,
REL-IS_ENT-0000166,STD-00631,IS 16221 (Part 2),LEGAL,LEGAL-00093,,REFERENCED_BY,related_is_text,related_is_text,IS 16221 (Part 2),,F033,bis_circulars (1).csv,,29,1.00,
REL-IS_ENT-0000167,STD-00639,IS 16270,LEGAL,LEGAL-00093,,REFERENCED_BY,related_is_text,related_is_text,IS 16270,,F033,bis_circulars (1).csv,,29,1.00,
REL-IS_ENT-0000168,STD-00695,IS 16781,LEGAL,LEGAL-00093,,REFERENCED_BY,related_is_text,related_is_text,IS 16781,,F033,bis_circulars (1).csv,,29,1.00,
REL-IS_ENT-0000169,STD-00704,IS 16911,LEGAL,LEGAL-00093,,REFERENCED_BY,related_is_text,related_is_text,IS 16911,,F033,bis_circulars (1).csv,,29,1.00,
REL-IS_ENT-0000170,STD-00744,IS 17210 (Part 1),LEGAL,LEGAL-00093,,REFERENCED_BY,related_is_text,related_is_text,IS 17210 (Part 1),,F033,bis_circulars (1).csv,,29,1.00,
REL-IS_ENT-0000171,STD-00756,IS 17293,LEGAL,LEGAL-00093,,REFERENCED_BY,related_is_text,related_is_text,IS 17293,,F033,bis_circulars (1).csv,,29,1.00,
REL-IS_ENT-0000172,STD-00846,IS 17980,LEGAL,LEGAL-00093,,REFERENCED_BY,related_is_text,related_is_text,IS 17980,,F033,bis_circulars (1).csv,,29,1.00,
REL-IS_ENT-0000173,STD-00366,IS 14286,LEGAL,LEGAL-00092,,REFERENCED_BY,related_is_text,related_is_text,IS 14286,,F033,bis_circulars (1).csv,,30,1.00,
REL-IS_ENT-0000174,STD-00367,IS 14286 (Part 1),LEGAL,LEGAL-00092,,REFERENCED_BY,related_is_text,related_is_text,IS 14286 (Part 1),,F033,bis_circulars (1).csv,,30,1.00,
REL-IS_ENT-0000175,STD-00367,IS 14286 (Part 1),LEGAL,LEGAL-00092,,REFERENCED_BY,related_is_text,related_is_text,IS 14286 (Part 1,,F033,bis_circulars (1).csv,,30,1.00,
REL-IS_ENT-0000176,STD-00367,IS 14286 (Part 1),LEGAL,LEGAL-00092,,REFERENCED_BY,related_is_text,related_is_text,IS 14286 (Part 1,,F033,bis_circulars (1).csv,,30,1.00,
REL-IS_ENT-0000177,STD-00367,IS 14286 (Part 1),LEGAL,LEGAL-00092,,REFERENCED_BY,related_is_text,related_is_text,IS 14286 (Part 1,,F033,bis_circulars (1).csv,,30,1.00,
REL-IS_ENT-0000178,STD-00367,IS 14286 (Part 1),LEGAL,LEGAL-00092,,REFERENCED_BY,related_is_text,related_is_text,IS 14286 (Part 1,,F033,bis_circulars (1).csv,,30,1.00,
REL-IS_ENT-0000179,STD-00619,IS 16169,LEGAL,LEGAL-00092,,REFERENCED_BY,related_is_text,related_is_text,IS 16169,,F033,bis_circulars (1).csv,,30,1.00,
REL-IS_ENT-0000180,STD-00630,IS 16221,LEGAL,LEGAL-00092,,REFERENCED_BY,related_is_text,related_is_text,IS 16221,,F033,bis_circulars (1).csv,,30,1.00,
REL-IS_ENT-0000181,STD-00631,IS 16221 (Part 2),LEGAL,LEGAL-00092,,REFERENCED_BY,related_is_text,related_is_text,IS 16221 (Part 2),,F033,bis_circulars (1).csv,,30,1.00,
REL-IS_ENT-0000182,STD-00639,IS 16270,LEGAL,LEGAL-00092,,REFERENCED_BY,related_is_text,related_is_text,IS 16270,,F033,bis_circulars (1).csv,,30,1.00,
REL-IS_ENT-0000183,STD-00846,IS 17980,LEGAL,LEGAL-00092,,REFERENCED_BY,related_is_text,related_is_text,IS 17980,,F033,bis_circulars (1).csv,,30,1.00,
REL-IS_ENT-0000184,STD-00639,IS 16270,LEGAL,LEGAL-00079,,REFERENCED_BY,related_is_text,related_is_text,IS 16270,,F033,bis_circulars (1).csv,,31,1.00,
REL-IS_ENT-0000185,STD-00366,IS 14286,LEGAL,LEGAL-00094,,REFERENCED_BY,related_is_text,related_is_text,IS 14286,,F033,bis_circulars (1).csv,,32,1.00,
REL-IS_ENT-0000186,STD-00367,IS 14286 (Part 1),LEGAL,LEGAL-00094,,REFERENCED_BY,related_is_text,related_is_text,IS 14286 (Part 1),,F033,bis_circulars (1).csv,,32,1.00,
REL-IS_ENT-0000187,STD-00367,IS 14286 (Part 1),LEGAL,LEGAL-00094,,REFERENCED_BY,related_is_text,related_is_text,IS 14286 (Part 1,,F033,bis_circulars (1).csv,,32,1.00,
REL-IS_ENT-0000188,STD-00367,IS 14286 (Part 1),LEGAL,LEGAL-00094,,REFERENCED_BY,related_is_text,related_is_text,IS 14286 (Part 1,,F033,bis_circulars (1).csv,,32,1.00,
REL-IS_ENT-0000189,STD-00367,IS 14286 (Part 1),LEGAL,LEGAL-00094,,REFERENCED_BY,related_is_text,related_is_text,IS 14286 (Part 1,,F033,bis_circulars (1).csv,,32,1.00,
REL-IS_ENT-0000190,STD-00367,IS 14286 (Part 1),LEGAL,LEGAL-00094,,REFERENCED_BY,related_is_text,related_is_text,IS 14286 (Part 1,,F033,bis_circulars (1).csv,,32,1.00,
REL-IS_ENT-0000191,STD-00619,IS 16169,LEGAL,LEGAL-00094,,REFERENCED_BY,related_is_text,related_is_text,IS 16169,,F033,bis_circulars (1).csv,,32,1.00,
REL-IS_ENT-0000192,STD-00630,IS 16221,LEGAL,LEGAL-00094,,REFERENCED_BY,related_is_text,related_is_text,IS 16221,,F033,bis_circulars (1).csv,,32,1.00,
REL-IS_ENT-0000193,STD-00631,IS 16221 (Part 2),LEGAL,LEGAL-00094,,REFERENCED_BY,related_is_text,related_is_text,IS 16221 (Part 2),,F033,bis_circulars (1).csv,,32,1.00,
REL-IS_ENT-0000194,STD-00639,IS 16270,LEGAL,LEGAL-00094,,REFERENCED_BY,related_is_text,related_is_text,IS 16270,,F033,bis_circulars (1).csv,,32,1.00,
REL-IS_ENT-0000195,STD-00846,IS 17980,LEGAL,LEGAL-00094,,REFERENCED_BY,related_is_text,related_is_text,IS 17980,,F033,bis_circulars (1).csv,,32,1.00,
REL-IS_ENT-0000196,STD-00852,IS 18112,LEGAL,LEGAL-00056,,REFERENCED_BY,related_is_text,related_is_text,IS 18112,,F033,bis_circulars (1).csv,,33,1.00,
REL-IS_ENT-0000197,STD-00852,IS 18112,LEGAL,LEGAL-00166,,REFERENCED_BY,related_is_text,related_is_text,IS 18112,,F033,bis_circulars (1).csv,,34,1.00,
REL-IS_ENT-0000198,STD-01090,IS 302 (Part 1),LEGAL,LEGAL-00038,,REFERENCED_BY,related_is_text,related_is_text,IS 302 (Part 1),,F033,bis_circulars (1).csv,,36,1.00,
REL-IS_ENT-0000199,STD-00366,IS 14286,LEGAL,LEGAL-00157,,REFERENCED_BY,related_is_text,related_is_text,IS 14286,,F033,bis_circulars (1).csv,,37,1.00,
REL-IS_ENT-0000200,STD-00367,IS 14286 (Part 1),LEGAL,LEGAL-00157,,REFERENCED_BY,related_is_text,related_is_text,IS 14286 (Part 1),,F033,bis_circulars (1).csv,,37,1.00,
REL-IS_ENT-0000201,STD-00367,IS 14286 (Part 1),LEGAL,LEGAL-00157,,REFERENCED_BY,related_is_text,related_is_text,IS 14286 (Part 1,,F033,bis_circulars (1).csv,,37,1.00,
REL-IS_ENT-0000202,STD-00367,IS 14286 (Part 1),LEGAL,LEGAL-00157,,REFERENCED_BY,related_is_text,related_is_text,IS 14286 (Part 1,,F033,bis_circulars (1).csv,,37,1.00,
REL-IS_ENT-0000203,STD-00367,IS 14286 (Part 1),LEGAL,LEGAL-00157,,REFERENCED_BY,related_is_text,related_is_text,IS 14286 (Part 1,,F033,bis_circulars (1).csv,,37,1.00,
REL-IS_ENT-0000204,STD-00367,IS 14286 (Part 1),LEGAL,LEGAL-00157,,REFERENCED_BY,related_is_text,related_is_text,IS 14286 (Part 1,,F033,bis_circulars (1).csv,,37,1.00,
REL-IS_ENT-0000205,STD-00619,IS 16169,LEGAL,LEGAL-00157,,REFERENCED_BY,related_is_text,related_is_text,IS 16169,,F033,bis_circulars (1).csv,,37,1.00,
REL-IS_ENT-0000206,STD-00630,IS 16221,LEGAL,LEGAL-00157,,REFERENCED_BY,related_is_text,related_is_text,IS 16221,,F033,bis_circulars (1).csv,,37,1.00,
REL-IS_ENT-0000207,STD-00631,IS 16221 (Part 2),LEGAL,LEGAL-00157,,REFERENCED_BY,related_is_text,related_is_text,IS 16221 (Part 2),,F033,bis_circulars (1).csv,,37,1.00,
REL-IS_ENT-0000208,STD-00639,IS 16270,LEGAL,LEGAL-00157,,REFERENCED_BY,related_is_text,related_is_text,IS 16270,,F033,bis_circulars (1).csv,,37,1.00,
REL-IS_ENT-0000209,STD-00846,IS 17980,LEGAL,LEGAL-00157,,REFERENCED_BY,related_is_text,related_is_text,IS 17980,,F033,bis_circulars (1).csv,,37,1.00,
REL-IS_ENT-0000210,STD-00852,IS 18112,LEGAL,LEGAL-00167,,REFERENCED_BY,related_is_text,related_is_text,IS 18112,,F033,bis_circulars (1).csv,,39,1.00,
REL-IS_ENT-0000211,STD-01089,IS 302,LEGAL,LEGAL-00082,,REFERENCED_BY,related_is_text,related_is_text,IS 302,,F033,bis_circulars (1).csv,,40,1.00,
REL-IS_ENT-0000212,STD-01090,IS 302 (Part 1),LEGAL,LEGAL-00082,,REFERENCED_BY,related_is_text,related_is_text,IS 302 (Part 1),,F033,bis_circulars (1).csv,,40,1.00,
REL-IS_ENT-0000213,STD-00979,IS 23,LEGAL,LEGAL-00082,,REFERENCED_BY,related_is_text,related_is_text,is 23,,F033,bis_circulars (1).csv,,40,1.00,
REL-IS_ENT-0000214,STD-00852,IS 18112,LEGAL,LEGAL-00081,,REFERENCED_BY,related_is_text,related_is_text,IS 18112,,F033,bis_circulars (1).csv,,42,1.00,
REL-IS_ENT-0000215,STD-01413,IS 616,LEGAL,LEGAL-00081,,REFERENCED_BY,related_is_text,related_is_text,IS 616,,F033,bis_circulars (1).csv,,42,1.00,
REL-IS_ENT-0000216,STD-01000,IS 25,LEGAL,LEGAL-00081,,REFERENCED_BY,related_is_text,related_is_text,is 25,,F033,bis_circulars (1).csv,,42,1.00,
REL-IS_ENT-0000217,STD-00268,IS 13252 (Part 1),LEGAL,LEGAL-00073,,REFERENCED_BY,related_is_text,related_is_text,IS 13252 (Part 1),,F033,bis_circulars (1).csv,,43,1.00,
REL-IS_ENT-0000218,STD-00267,IS 13252,LEGAL,LEGAL-00007,,REFERENCED_BY,related_is_text,related_is_text,IS 13252,,F033,bis_circulars (1).csv,,48,1.00,
REL-IS_ENT-0000219,STD-00852,IS 18112,LEGAL,LEGAL-00004,,REFERENCED_BY,related_is_text,related_is_text,IS 18112,,F033,bis_circulars (1).csv,,53,1.00,
REL-IS_ENT-0000220,STD-00642,IS 16333,LEGAL,LEGAL-00042,,REFERENCED_BY,related_is_text,related_is_text,IS 16333,,F033,bis_circulars (1).csv,,55,1.00,
REL-IS_ENT-0000221,STD-00644,IS 16333 (Part 3),LEGAL,LEGAL-00042,,REFERENCED_BY,related_is_text,related_is_text,IS 16333 (Part 3),,F033,bis_circulars (1).csv,,55,1.00,
REL-IS_ENT-0000222,STD-00644,IS 16333 (Part 3),LEGAL,LEGAL-00087,,REFERENCED_BY,related_is_text,related_is_text,IS 16333 (Part 3),,F033,bis_circulars (1).csv,,56,1.00,
REL-IS_ENT-0000223,STD-00645,IS 16350,LEGAL,LEGAL-00087,,REFERENCED_BY,related_is_text,related_is_text,IS 16350,,F033,bis_circulars (1).csv,,56,1.00,
REL-IS_ENT-0000224,STD-00048,IS 10322,LEGAL,LEGAL-00129,,REFERENCED_BY,related_is_text,related_is_text,IS 10322,,F033,bis_circulars (1).csv,,59,1.00,
REL-IS_ENT-0000225,STD-00050,IS 10322 (Part 5),LEGAL,LEGAL-00129,,REFERENCED_BY,related_is_text,related_is_text,IS 10322 (Part 5,,F033,bis_circulars (1).csv,,59,1.00,
REL-IS_ENT-0000226,STD-00050,IS 10322 (Part 5),LEGAL,LEGAL-00129,,REFERENCED_BY,related_is_text,related_is_text,IS 10322 (Part 5,,F033,bis_circulars (1).csv,,59,1.00,
REL-IS_ENT-0000227,STD-00050,IS 10322 (Part 5),LEGAL,LEGAL-00129,,REFERENCED_BY,related_is_text,related_is_text,IS 10322 (Part 5,,F033,bis_circulars (1).csv,,59,1.00,
REL-IS_ENT-0000228,STD-00268,IS 13252 (Part 1),LEGAL,LEGAL-00129,,REFERENCED_BY,related_is_text,related_is_text,IS 13252 (Part 1),,F033,bis_circulars (1).csv,,59,1.00,
REL-IS_ENT-0000229,STD-00366,IS 14286,LEGAL,LEGAL-00129,,REFERENCED_BY,related_is_text,related_is_text,IS 14286,,F033,bis_circulars (1).csv,,59,1.00,
REL-IS_ENT-0000230,STD-00568,IS 15885 (Part 2),LEGAL,LEGAL-00129,,REFERENCED_BY,related_is_text,related_is_text,IS 15885 (Part 2,,F033,bis_circulars (1).csv,,59,1.00,
REL-IS_ENT-0000231,STD-00593,IS 16046,LEGAL,LEGAL-00129,,REFERENCED_BY,related_is_text,related_is_text,IS 16046,,F033,bis_circulars (1).csv,,59,1.00,
REL-IS_ENT-0000232,STD-00594,IS 16046 (Part 1),LEGAL,LEGAL-00129,,REFERENCED_BY,related_is_text,related_is_text,IS 16046 (Part 1),,F033,bis_circulars (1).csv,,59,1.00,
REL-IS_ENT-0000233,STD-00595,IS 16046 (Part 2),LEGAL,LEGAL-00129,,REFERENCED_BY,related_is_text,related_is_text,IS 16046 (Part 2),,F033,bis_circulars (1).csv,,59,1.00,
REL-IS_ENT-0000234,STD-00600,IS 16077,LEGAL,LEGAL-00129,,REFERENCED_BY,related_is_text,related_is_text,IS 16077,,F033,bis_circulars (1).csv,,59,1.00,
REL-IS_ENT-0000235,STD-00610,IS 16102 (Part 1),LEGAL,LEGAL-00129,,REFERENCED_BY,related_is_text,related_is_text,IS 16102 (Part 1),,F033,bis_circulars (1).csv,,59,1.00,
REL-IS_ENT-0000236,STD-00612,IS 16103 (Part 1),LEGAL,LEGAL-00129,,REFERENCED_BY,related_is_text,related_is_text,IS 16103 (Part 1),,F033,bis_circulars (1).csv,,59,1.00,
REL-IS_ENT-0000237,STD-00619,IS 16169,LEGAL,LEGAL-00129,,REFERENCED_BY,related_is_text,related_is_text,IS 16169,,F033,bis_circulars (1).csv,,59,1.00,
REL-IS_ENT-0000238,STD-00631,IS 16221 (Part 2),LEGAL,LEGAL-00129,,REFERENCED_BY,related_is_text,related_is_text,IS 16221 (Part 2),,F033,bis_circulars (1).csv,,59,1.00,
REL-IS_ENT-0000239,STD-00636,IS 16242 (Part 1),LEGAL,LEGAL-00129,,REFERENCED_BY,related_is_text,related_is_text,IS 16242 (Part 1),,F033,bis_circulars (1).csv,,59,1.00,
REL-IS_ENT-0000240,STD-00639,IS 16270,LEGAL,LEGAL-00129,,REFERENCED_BY,related_is_text,related_is_text,IS 16270,,F033,bis_circulars (1).csv,,59,1.00,
REL-IS_ENT-0000241,STD-00644,IS 16333 (Part 3),LEGAL,LEGAL-00129,,REFERENCED_BY,related_is_text,related_is_text,IS 16333 (Part 3),,F033,bis_circulars (1).csv,,59,1.00,
REL-IS_ENT-0000242,STD-01089,IS 302,LEGAL,LEGAL-00129,,REFERENCED_BY,related_is_text,related_is_text,IS 302,,F033,bis_circulars (1).csv,,59,1.00,
REL-IS_ENT-0000243,STD-01090,IS 302 (Part 1),LEGAL,LEGAL-00129,,REFERENCED_BY,related_is_text,related_is_text,IS 302 (Part 1),,F033,bis_circulars (1).csv,,59,1.00,
REL-IS_ENT-0000244,STD-01413,IS 616,LEGAL,LEGAL-00129,,REFERENCED_BY,related_is_text,related_is_text,IS 616,,F033,bis_circulars (1).csv,,59,1.00,
REL-IS_ENT-0000245,STD-01561,IS 798,LEGAL,LEGAL-00129,,REFERENCED_BY,related_is_text,related_is_text,IS 798,,F033,bis_circulars (1).csv,,59,1.00,
REL-IS_ENT-0000246,STD-00780,IS 17439,LEGAL,LEGAL-00124,,REFERENCED_BY,related_is_text,related_is_text,IS 17439,,F033,bis_circulars (1).csv,,60,1.00,
REL-IS_ENT-0000247,STD-00243,IS 1293,LEGAL,LEGAL-00041,,REFERENCED_BY,related_is_text,related_is_text,IS 1293,,F033,bis_circulars (1).csv,,62,1.00,
REL-IS_ENT-0000248,STD-01561,IS 798,LEGAL,LEGAL-00123,,REFERENCED_BY,related_is_text,related_is_text,IS 798,,F033,bis_circulars (1).csv,,66,1.00,
REL-IS_ENT-0000249,STD-00268,IS 13252 (Part 1),LEGAL,LEGAL-00059,,REFERENCED_BY,related_is_text,related_is_text,IS 13252 (Part 1),,F033,bis_circulars (1).csv,,70,1.00,
REL-IS_ENT-0000250,STD-01402,IS 60669,LEGAL,LEGAL-00059,,REFERENCED_BY,related_is_text,related_is_text,IS 60669,,F033,bis_circulars (1).csv,,70,1.00,
REL-IS_ENT-0000251,STD-01413,IS 616,LEGAL,LEGAL-00059,,REFERENCED_BY,related_is_text,related_is_text,IS 616,,F033,bis_circulars (1).csv,,70,1.00,
REL-IS_ENT-0000252,STD-00048,IS 10322,LEGAL,LEGAL-00128,,REFERENCED_BY,related_is_text,related_is_text,IS 10322,,F033,bis_circulars (1).csv,,71,1.00,
REL-IS_ENT-0000253,STD-00050,IS 10322 (Part 5),LEGAL,LEGAL-00128,,REFERENCED_BY,related_is_text,related_is_text,IS 10322 (Part 5,,F033,bis_circulars (1).csv,,71,1.00,
REL-IS_ENT-0000254,STD-00050,IS 10322 (Part 5),LEGAL,LEGAL-00128,,REFERENCED_BY,related_is_text,related_is_text,IS 10322 (Part 5,,F033,bis_circulars (1).csv,,71,1.00,
REL-IS_ENT-0000255,STD-00050,IS 10322 (Part 5),LEGAL,LEGAL-00128,,REFERENCED_BY,related_is_text,related_is_text,IS 10322 (Part 5,,F033,bis_circulars (1).csv,,71,1.00,
REL-IS_ENT-0000256,STD-00268,IS 13252 (Part 1),LEGAL,LEGAL-00128,,REFERENCED_BY,related_is_text,related_is_text,IS 13252 (Part 1),,F033,bis_circulars (1).csv,,71,1.00,
REL-IS_ENT-0000257,STD-00366,IS 14286,LEGAL,LEGAL-00128,,REFERENCED_BY,related_is_text,related_is_text,IS 14286,,F033,bis_circulars (1).csv,,71,1.00,
REL-IS_ENT-0000258,STD-00568,IS 15885 (Part 2),LEGAL,LEGAL-00128,,REFERENCED_BY,related_is_text,related_is_text,IS 15885 (Part 2,,F033,bis_circulars (1).csv,,71,1.00,
REL-IS_ENT-0000259,STD-00593,IS 16046,LEGAL,LEGAL-00128,,REFERENCED_BY,related_is_text,related_is_text,IS 16046,,F033,bis_circulars (1).csv,,71,1.00,
REL-IS_ENT-0000260,STD-00594,IS 16046 (Part 1),LEGAL,LEGAL-00128,,REFERENCED_BY,related_is_text,related_is_text,IS 16046 (Part 1),,F033,bis_circulars (1).csv,,71,1.00,
REL-IS_ENT-0000261,STD-00595,IS 16046 (Part 2),LEGAL,LEGAL-00128,,REFERENCED_BY,related_is_text,related_is_text,IS 16046 (Part 2),,F033,bis_circulars (1).csv,,71,1.00,
REL-IS_ENT-0000262,STD-00600,IS 16077,LEGAL,LEGAL-00128,,REFERENCED_BY,related_is_text,related_is_text,IS 16077,,F033,bis_circulars (1).csv,,71,1.00,
REL-IS_ENT-0000263,STD-00610,IS 16102 (Part 1),LEGAL,LEGAL-00128,,REFERENCED_BY,related_is_text,related_is_text,IS 16102 (Part 1),,F033,bis_circulars (1).csv,,71,1.00,
REL-IS_ENT-0000264,STD-00612,IS 16103 (Part 1),LEGAL,LEGAL-00128,,REFERENCED_BY,related_is_text,related_is_text,IS 16103 (Part 1),,F033,bis_circulars (1).csv,,71,1.00,
REL-IS_ENT-0000265,STD-00631,IS 16221 (Part 2),LEGAL,LEGAL-00128,,REFERENCED_BY,related_is_text,related_is_text,IS 16221 (Part 2),,F033,bis_circulars (1).csv,,71,1.00,
REL-IS_ENT-0000266,STD-00636,IS 16242 (Part 1),LEGAL,LEGAL-00128,,REFERENCED_BY,related_is_text,related_is_text,IS 16242 (Part 1),,F033,bis_circulars (1).csv,,71,1.00,
REL-IS_ENT-0000267,STD-00639,IS 16270,LEGAL,LEGAL-00128,,REFERENCED_BY,related_is_text,related_is_text,IS 16270,,F033,bis_circulars (1).csv,,71,1.00,
REL-IS_ENT-0000268,STD-00644,IS 16333 (Part 3),LEGAL,LEGAL-00128,,REFERENCED_BY,related_is_text,related_is_text,IS 16333 (Part 3),,F033,bis_circulars (1).csv,,71,1.00,
REL-IS_ENT-0000269,STD-01089,IS 302,LEGAL,LEGAL-00128,,REFERENCED_BY,related_is_text,related_is_text,IS 302,,F033,bis_circulars (1).csv,,71,1.00,
REL-IS_ENT-0000270,STD-01090,IS 302 (Part 1),LEGAL,LEGAL-00128,,REFERENCED_BY,related_is_text,related_is_text,IS 302 (Part 1),,F033,bis_circulars (1).csv,,71,1.00,
REL-IS_ENT-0000271,STD-01413,IS 616,LEGAL,LEGAL-00128,,REFERENCED_BY,related_is_text,related_is_text,IS 616,,F033,bis_circulars (1).csv,,71,1.00,
REL-IS_ENT-0000272,STD-00612,IS 16103 (Part 1),LEGAL,LEGAL-00048,,REFERENCED_BY,related_is_text,related_is_text,IS 16103(Part 1),,F033,bis_circulars (1).csv,,72,1.00,
REL-IS_ENT-0000273,STD-01089,IS 302,LEGAL,LEGAL-00046,,REFERENCED_BY,related_is_text,related_is_text,IS 302,,F033,bis_circulars (1).csv,,73,1.00,
REL-IS_ENT-0000274,STD-01089,IS 302,LEGAL,LEGAL-00047,,REFERENCED_BY,related_is_text,related_is_text,IS 302,,F033,bis_circulars (1).csv,,74,1.00,
REL-IS_ENT-0000275,STD-00243,IS 1293,LEGAL,LEGAL-00051,,REFERENCED_BY,related_is_text,related_is_text,IS 1293,,F033,bis_circulars (1).csv,,75,1.00,
REL-IS_ENT-0000276,STD-00268,IS 13252 (Part 1),LEGAL,LEGAL-00051,,REFERENCED_BY,related_is_text,related_is_text,IS 13252(Part 1),,F033,bis_circulars (1).csv,,75,1.00,
REL-IS_ENT-0000277,STD-01468,IS 694,LEGAL,LEGAL-00051,,REFERENCED_BY,related_is_text,related_is_text,IS 694,,F033,bis_circulars (1).csv,,75,1.00,
REL-IS_ENT-0000278,STD-01738,IS 9968,LEGAL,LEGAL-00051,,REFERENCED_BY,related_is_text,related_is_text,IS 9968,,F033,bis_circulars (1).csv,,75,1.00,
REL-IS_ENT-0000279,STD-00243,IS 1293,LEGAL,LEGAL-00051,,REFERENCED_BY,related_is_text,related_is_text,IS1293,,F033,bis_circulars (1).csv,,75,1.00,
REL-IS_ENT-0000280,STD-00020,IS 10,LEGAL,LEGAL-00051,,REFERENCED_BY,related_is_text,related_is_text,is 10,,F033,bis_circulars (1).csv,,75,1.00,
REL-IS_ENT-0000281,STD-00979,IS 23,LEGAL,LEGAL-00051,,REFERENCED_BY,related_is_text,related_is_text,is 23,,F033,bis_circulars (1).csv,,75,1.00,
REL-IS_ENT-0000282,STD-00639,IS 16270,LEGAL,LEGAL-00049,,REFERENCED_BY,related_is_text,related_is_text,IS 16270,,F033,bis_circulars (1).csv,,77,1.00,
REL-IS_ENT-0000283,STD-00593,IS 16046,LEGAL,LEGAL-00103,,REFERENCED_BY,related_is_text,related_is_text,IS 16046,,F033,bis_circulars (1).csv,,78,1.00,
REL-IS_ENT-0000284,STD-00594,IS 16046 (Part 1),LEGAL,LEGAL-00103,,REFERENCED_BY,related_is_text,related_is_text,IS 16046 (Part 1),,F033,bis_circulars (1).csv,,78,1.00,
REL-IS_ENT-0000285,STD-00595,IS 16046 (Part 2),LEGAL,LEGAL-00103,,REFERENCED_BY,related_is_text,related_is_text,IS 16046 (Part 2),,F033,bis_circulars (1).csv,,78,1.00,
REL-IS_ENT-0000286,STD-00243,IS 1293,LEGAL,LEGAL-00107,,REFERENCED_BY,related_is_text,related_is_text,IS 1293,,F033,bis_circulars (1).csv,,79,1.00,
REL-IS_ENT-0000287,STD-00979,IS 23,LEGAL,LEGAL-00107,,REFERENCED_BY,related_is_text,related_is_text,is 23,,F033,bis_circulars (1).csv,,79,1.00,
REL-IS_ENT-0000288,STD-00048,IS 10322,LEGAL,LEGAL-00055,,REFERENCED_BY,related_is_text,related_is_text,IS 10322,,F033,bis_circulars (1).csv,,83,1.00,
REL-IS_ENT-0000289,STD-00267,IS 13252,LEGAL,LEGAL-00055,,REFERENCED_BY,related_is_text,related_is_text,IS 13252,,F033,bis_circulars (1).csv,,83,1.00,
REL-IS_ENT-0000290,STD-00267,IS 13252,LEGAL,LEGAL-00055,,REFERENCED_BY,related_is_text,related_is_text,IS 13252,,F033,bis_circulars (1).csv,,83,1.00,
REL-IS_ENT-0000291,STD-00611,IS 16103,LEGAL,LEGAL-00055,,REFERENCED_BY,related_is_text,related_is_text,IS 16103,,F033,bis_circulars (1).csv,,83,1.00,
REL-IS_ENT-0000292,STD-01089,IS 302,LEGAL,LEGAL-00055,,REFERENCED_BY,related_is_text,related_is_text,IS 302,,F033,bis_circulars (1).csv,,83,1.00,
REL-IS_ENT-0000293,STD-01413,IS 616,LEGAL,LEGAL-00055,,REFERENCED_BY,related_is_text,related_is_text,IS 616,,F033,bis_circulars (1).csv,,83,1.00,
REL-IS_ENT-0000294,STD-00090,IS 10842,LEGAL,LEGAL-00027,,REFERENCED_BY,related_is_text,related_is_text,IS 10842,,F033,bis_circulars (1).csv,,85,1.00,
REL-IS_ENT-0000295,STD-00100,IS 11037,LEGAL,LEGAL-00027,,REFERENCED_BY,related_is_text,related_is_text,IS 11037,,F033,bis_circulars (1).csv,,85,1.00,
REL-IS_ENT-0000296,STD-00184,IS 12227,LEGAL,LEGAL-00027,,REFERENCED_BY,related_is_text,related_is_text,IS 12227,,F033,bis_circulars (1).csv,,85,1.00,
REL-IS_ENT-0000297,STD-00217,IS 12640,LEGAL,LEGAL-00027,,REFERENCED_BY,related_is_text,related_is_text,IS 12640,,F033,bis_circulars (1).csv,,85,1.00,
REL-IS_ENT-0000298,STD-00243,IS 1293,LEGAL,LEGAL-00027,,REFERENCED_BY,related_is_text,related_is_text,IS 1293,,F033,bis_circulars (1).csv,,85,1.00,
REL-IS_ENT-0000299,STD-00289,IS 13428,LEGAL,LEGAL-00027,,REFERENCED_BY,related_is_text,related_is_text,IS 13428,,F033,bis_circulars (1).csv,,85,1.00,
REL-IS_ENT-0000300,STD-00316,IS 13703,LEGAL,LEGAL-00027,,REFERENCED_BY,related_is_text,related_is_text,IS 13703,,F033,bis_circulars (1).csv,,85,1.00,
REL-IS_ENT-0000301,STD-00366,IS 14286,LEGAL,LEGAL-00027,,REFERENCED_BY,related_is_text,related_is_text,IS 14286,,F033,bis_circulars (1).csv,,85,1.00,
REL-IS_ENT-0000302,STD-00467,IS 15111,LEGAL,LEGAL-00027,,REFERENCED_BY,related_is_text,related_is_text,IS 15111,,F033,bis_circulars (1).csv,,85,1.00,
REL-IS_ENT-0000303,STD-00479,IS 15298,LEGAL,LEGAL-00027,,REFERENCED_BY,related_is_text,related_is_text,IS 15298,,F033,bis_circulars (1).csv,,85,1.00,
REL-IS_ENT-0000304,STD-00505,IS 15462,LEGAL,LEGAL-00027,,REFERENCED_BY,related_is_text,related_is_text,IS 15462,,F033,bis_circulars (1).csv,,85,1.00,
REL-IS_ENT-0000305,STD-00533,IS 15658,LEGAL,LEGAL-00027,,REFERENCED_BY,related_is_text,related_is_text,IS 15658,,F033,bis_circulars (1).csv,,85,1.00,
REL-IS_ENT-0000306,STD-00593,IS 16046,LEGAL,LEGAL-00027,,REFERENCED_BY,related_is_text,related_is_text,IS 16046,,F033,bis_circulars (1).csv,,85,1.00,
REL-IS_ENT-0000307,STD-00600,IS 16077,LEGAL,LEGAL-00027,,REFERENCED_BY,related_is_text,related_is_text,IS 16077,,F033,bis_circulars (1).csv,,85,1.00,
REL-IS_ENT-0000308,STD-00619,IS 16169,LEGAL,LEGAL-00027,,REFERENCED_BY,related_is_text,related_is_text,IS 16169,,F033,bis_circulars (1).csv,,85,1.00,
REL-IS_ENT-0000309,STD-00775,IS 1741,LEGAL,LEGAL-00027,,REFERENCED_BY,related_is_text,related_is_text,IS 1741,,F033,bis_circulars (1).csv,,85,1.00,
REL-IS_ENT-0000310,STD-00982,IS 2347,LEGAL,LEGAL-00027,,REFERENCED_BY,related_is_text,related_is_text,IS 2347,,F033,bis_circulars (1).csv,,85,1.00,
REL-IS_ENT-0000311,STD-00997,IS 245,LEGAL,LEGAL-00027,,REFERENCED_BY,related_is_text,related_is_text,IS 245,,F033,bis_circulars (1).csv,,85,1.00,
REL-IS_ENT-0000312,STD-01014,IS 2553,LEGAL,LEGAL-00027,,REFERENCED_BY,related_is_text,related_is_text,IS 2553,,F033,bis_circulars (1).csv,,85,1.00,
REL-IS_ENT-0000313,STD-01195,IS 3976,LEGAL,LEGAL-00027,,REFERENCED_BY,related_is_text,related_is_text,IS 3976,,F033,bis_circulars (1).csv,,85,1.00,
REL-IS_ENT-0000314,STD-01220,IS 4151,LEGAL,LEGAL-00027,,REFERENCED_BY,related_is_text,related_is_text,IS 4151,,F033,bis_circulars (1).csv,,85,1.00,
REL-IS_ENT-0000315,STD-01344,IS 5382,LEGAL,LEGAL-00027,,REFERENCED_BY,related_is_text,related_is_text,IS 5382,,F033,bis_circulars (1).csv,,85,1.00,
REL-IS_ENT-0000316,STD-01346,IS 5405,LEGAL,LEGAL-00027,,REFERENCED_BY,related_is_text,related_is_text,IS 5405,,F033,bis_circulars (1).csv,,85,1.00,
REL-IS_ENT-0000317,STD-01561,IS 798,LEGAL,LEGAL-00027,,REFERENCED_BY,related_is_text,related_is_text,IS 798,,F033,bis_circulars (1).csv,,85,1.00,
REL-IS_ENT-0000318,STD-01607,IS 8472,LEGAL,LEGAL-00027,,REFERENCED_BY,related_is_text,related_is_text,IS 8472,,F033,bis_circulars (1).csv,,85,1.00,
REL-IS_ENT-0000319,STD-01609,IS 8481,LEGAL,LEGAL-00027,,REFERENCED_BY,related_is_text,related_is_text,IS 8481,,F033,bis_circulars (1).csv,,85,1.00,
REL-IS_ENT-0000320,STD-00593,IS 16046,LEGAL,LEGAL-00033,,REFERENCED_BY,related_is_text,related_is_text,IS 16046,,F033,bis_circulars (1).csv,,87,1.00,
REL-IS_ENT-0000321,STD-00243,IS 1293,LEGAL,LEGAL-00060,,REFERENCED_BY,related_is_text,related_is_text,IS 1293,,F033,bis_circulars (1).csv,,88,1.00,
REL-IS_ENT-0000322,STD-00566,IS 15884,LEGAL,LEGAL-00060,,REFERENCED_BY,related_is_text,related_is_text,IS 15884,,F033,bis_circulars (1).csv,,88,1.00,
REL-IS_ENT-0000323,STD-00593,IS 16046,LEGAL,LEGAL-00045,,REFERENCED_BY,related_is_text,related_is_text,IS 16046,,F033,bis_circulars (1).csv,,89,1.00,
REL-IS_ENT-0000324,STD-00594,IS 16046 (Part 1),LEGAL,LEGAL-00045,,REFERENCED_BY,related_is_text,related_is_text,IS 16046 (Part 1),,F033,bis_circulars (1).csv,,89,1.00,
REL-IS_ENT-0000325,STD-00595,IS 16046 (Part 2),LEGAL,LEGAL-00045,,REFERENCED_BY,related_is_text,related_is_text,IS 16046 (Part 2),,F033,bis_circulars (1).csv,,89,1.00,
REL-IS_ENT-0000326,STD-00593,IS 16046,LEGAL,LEGAL-00045,,REFERENCED_BY,related_is_text,related_is_text,IS 16046,,F033,bis_circulars (1).csv,,89,1.00,
REL-IS_ENT-0000327,STD-00596,IS 16047,LEGAL,LEGAL-00045,,REFERENCED_BY,related_is_text,related_is_text,IS 16047,,F033,bis_circulars (1).csv,,89,1.00,
REL-IS_ENT-0000328,STD-00598,IS 16048,LEGAL,LEGAL-00045,,REFERENCED_BY,related_is_text,related_is_text,IS 16048,,F033,bis_circulars (1).csv,,89,1.00,
REL-IS_ENT-0000329,STD-00593,IS 16046,LEGAL,LEGAL-00119,,REFERENCED_BY,related_is_text,related_is_text,IS 16046,,F033,bis_circulars (1).csv,,91,1.00,
REL-IS_ENT-0000330,STD-00594,IS 16046 (Part 1),LEGAL,LEGAL-00119,,REFERENCED_BY,related_is_text,related_is_text,IS 16046 (Part 1),,F033,bis_circulars (1).csv,,91,1.00,
REL-IS_ENT-0000331,STD-00595,IS 16046 (Part 2),LEGAL,LEGAL-00119,,REFERENCED_BY,related_is_text,related_is_text,IS 16046 (Part 2),,F033,bis_circulars (1).csv,,91,1.00,
REL-IS_ENT-0000332,STD-00593,IS 16046,LEGAL,LEGAL-00044,,REFERENCED_BY,related_is_text,related_is_text,IS 16046,,F033,bis_circulars (1).csv,,92,1.00,
REL-IS_ENT-0000333,STD-00593,IS 16046,LEGAL,LEGAL-00044,,REFERENCED_BY,related_is_text,related_is_text,IS 16046,,F033,bis_circulars (1).csv,,92,1.00,
REL-IS_ENT-0000334,STD-00596,IS 16047,LEGAL,LEGAL-00044,,REFERENCED_BY,related_is_text,related_is_text,IS 16047,,F033,bis_circulars (1).csv,,92,1.00,
REL-IS_ENT-0000335,STD-00598,IS 16048,LEGAL,LEGAL-00044,,REFERENCED_BY,related_is_text,related_is_text,IS 16048,,F033,bis_circulars (1).csv,,92,1.00,
REL-IS_ENT-0000336,STD-00644,IS 16333 (Part 3),LEGAL,LEGAL-00008,,REFERENCED_BY,related_is_text,related_is_text,IS 16333 (Part 3),,F033,bis_circulars (1).csv,,95,1.00,
REL-IS_ENT-0000337,STD-00644,IS 16333 (Part 3),LEGAL,LEGAL-00008,,REFERENCED_BY,related_is_text,related_is_text,IS 16333(Part 3),,F033,bis_circulars (1).csv,,95,1.00,
REL-IS_ENT-0000338,STD-00593,IS 16046,LEGAL,LEGAL-00137,,REFERENCED_BY,related_is_text,related_is_text,IS 16046,,F033,bis_circulars (1).csv,,97,1.00,
REL-IS_ENT-0000339,STD-00594,IS 16046 (Part 1),LEGAL,LEGAL-00137,,REFERENCED_BY,related_is_text,related_is_text,IS 16046 (Part 1),,F033,bis_circulars (1).csv,,97,1.00,
REL-IS_ENT-0000340,STD-00595,IS 16046 (Part 2),LEGAL,LEGAL-00137,,REFERENCED_BY,related_is_text,related_is_text,IS 16046 (Part 2),,F033,bis_circulars (1).csv,,97,1.00,
REL-IS_ENT-0000341,STD-00593,IS 16046,LEGAL,LEGAL-00137,,REFERENCED_BY,related_is_text,related_is_text,IS 16046,,F033,bis_circulars (1).csv,,97,1.00,
REL-IS_ENT-0000342,STD-00593,IS 16046,LEGAL,LEGAL-00137,,REFERENCED_BY,related_is_text,related_is_text,IS 16046,,F033,bis_circulars (1).csv,,97,1.00,
REL-IS_ENT-0000343,STD-00342,IS 14,LEGAL,LEGAL-00137,,REFERENCED_BY,related_is_text,related_is_text,is 14,,F033,bis_circulars (1).csv,,97,1.00,
REL-IS_ENT-0000344,STD-00050,IS 10322 (Part 5),LEGAL,LEGAL-00066,,REFERENCED_BY,related_is_text,related_is_text,IS 10322 (Part 5,,F033,bis_circulars (1).csv,,98,1.00,
REL-IS_ENT-0000345,STD-00848,IS 18,LEGAL,LEGAL-00066,,REFERENCED_BY,related_is_text,related_is_text,is 18,,F033,bis_circulars (1).csv,,98,1.00,
REL-IS_ENT-0000346,STD-00211,IS 12591,LEGAL,LEGAL-00063,,REFERENCED_BY,related_is_text,related_is_text,IS 12591,,F033,bis_circulars (1).csv,,104,1.00,
REL-IS_ENT-0000347,STD-00326,IS 138,LEGAL,LEGAL-00063,,REFERENCED_BY,related_is_text,related_is_text,IS 138,,F033,bis_circulars (1).csv,,104,1.00,
REL-IS_ENT-0000348,STD-00593,IS 16046,LEGAL,LEGAL-00063,,REFERENCED_BY,related_is_text,related_is_text,IS 16046,,F033,bis_circulars (1).csv,,104,1.00,
REL-IS_ENT-0000349,STD-00594,IS 16046 (Part 1),LEGAL,LEGAL-00063,,REFERENCED_BY,related_is_text,related_is_text,IS 16046 (Part 1),,F033,bis_circulars (1).csv,,104,1.00,
REL-IS_ENT-0000350,STD-00595,IS 16046 (Part 2),LEGAL,LEGAL-00063,,REFERENCED_BY,related_is_text,related_is_text,IS 16046 (Part 2),,F033,bis_circulars (1).csv,,104,1.00,
REL-IS_ENT-0000351,STD-00596,IS 16047,LEGAL,LEGAL-00063,,REFERENCED_BY,related_is_text,related_is_text,IS 16047,,F033,bis_circulars (1).csv,,104,1.00,
REL-IS_ENT-0000352,STD-00597,IS 16047 (Part 3),LEGAL,LEGAL-00063,,REFERENCED_BY,related_is_text,related_is_text,IS 16047 (Part 3),,F033,bis_circulars (1).csv,,104,1.00,
REL-IS_ENT-0000353,STD-00894,IS 1874,LEGAL,LEGAL-00063,,REFERENCED_BY,related_is_text,related_is_text,IS 1874,,F033,bis_circulars (1).csv,,104,1.00,
REL-IS_ENT-0000354,STD-00920,IS 1993,LEGAL,LEGAL-00063,,REFERENCED_BY,related_is_text,related_is_text,IS 1993,,F033,bis_circulars (1).csv,,104,1.00,
REL-IS_ENT-0000355,STD-01131,IS 3400 (Part 3),LEGAL,LEGAL-00063,,REFERENCED_BY,related_is_text,related_is_text,IS 3400 (Part 3),,F033,bis_circulars (1).csv,,104,1.00,
REL-IS_ENT-0000356,STD-01472,IS 7016 (Part 6),LEGAL,LEGAL-00063,,REFERENCED_BY,related_is_text,related_is_text,IS 7016 (Part 6),,F033,bis_circulars (1).csv,,104,1.00,
REL-IS_ENT-0000357,STD-01472,IS 7016 (Part 6),LEGAL,LEGAL-00063,,REFERENCED_BY,related_is_text,related_is_text,IS 7016 (Part 6,,F033,bis_circulars (1).csv,,104,1.00,
REL-IS_ENT-0000358,STD-01656,IS 9034,LEGAL,LEGAL-00063,,REFERENCED_BY,related_is_text,related_is_text,IS 9034,,F033,bis_circulars (1).csv,,104,1.00,
REL-IS_ENT-0000359,STD-01413,IS 616,LEGAL,LEGAL-00057,,REFERENCED_BY,related_is_text,related_is_text,IS 616,,F033,bis_circulars (1).csv,,107,1.00,
REL-IS_ENT-0000360,STD-01413,IS 616,LEGAL,LEGAL-00025,,REFERENCED_BY,related_is_text,related_is_text,IS 616,,F033,bis_circulars (1).csv,,108,1.00,
REL-IS_ENT-0000361,STD-01103,IS 31,LEGAL,LEGAL-00025,,REFERENCED_BY,related_is_text,related_is_text,is 31,,F033,bis_circulars (1).csv,,108,1.00,
REL-IS_ENT-0000362,STD-00021,IS 10001,LEGAL,LEGAL-00012,,REFERENCED_BY,related_is_text,related_is_text,IS 10001,,F033,bis_circulars (1).csv,,109,1.00,
REL-IS_ENT-0000363,STD-00022,IS 10025,LEGAL,LEGAL-00012,,REFERENCED_BY,related_is_text,related_is_text,IS 10025,,F033,bis_circulars (1).csv,,109,1.00,
REL-IS_ENT-0000364,STD-00024,IS 10065,LEGAL,LEGAL-00012,,REFERENCED_BY,related_is_text,related_is_text,IS 10065,,F033,bis_circulars (1).csv,,109,1.00,
REL-IS_ENT-0000365,STD-00025,IS 1007,LEGAL,LEGAL-00012,,REFERENCED_BY,related_is_text,related_is_text,IS 1007,,F033,bis_circulars (1).csv,,109,1.00,
REL-IS_ENT-0000366,STD-00026,IS 1008,LEGAL,LEGAL-00012,,REFERENCED_BY,related_is_text,related_is_text,IS 1008,,F033,bis_circulars (1).csv,,109,1.00,
REL-IS_ENT-0000367,STD-00027,IS 10080,LEGAL,LEGAL-00012,,REFERENCED_BY,related_is_text,related_is_text,IS 10080,,F033,bis_circulars (1).csv,,109,1.00,
REL-IS_ENT-0000368,STD-00028,IS 10086,LEGAL,LEGAL-00012,,REFERENCED_BY,related_is_text,related_is_text,IS 10086,,F033,bis_circulars (1).csv,,109,1.00,
REL-IS_ENT-0000369,STD-00032,IS 1011,LEGAL,LEGAL-00012,,REFERENCED_BY,related_is_text,related_is_text,IS 1011,,F033,bis_circulars (1).csv,,109,1.00,
REL-IS_ENT-0000370,STD-00034,IS 10124,LEGAL,LEGAL-00012,,REFERENCED_BY,related_is_text,related_is_text,IS 10124,,F033,bis_circulars (1).csv,,109,1.00,
REL-IS_ENT-0000371,STD-00034,IS 10124,LEGAL,LEGAL-00012,,REFERENCED_BY,related_is_text,related_is_text,IS 10124,,F033,bis_circulars (1).csv,,109,1.00,
REL-IS_ENT-0000372,STD-00036,IS 1015,LEGAL,LEGAL-00012,,REFERENCED_BY,related_is_text,related_is_text,IS 1015,,F033,bis_circulars (1).csv,,109,1.00,
REL-IS_ENT-0000373,STD-00040,IS 10212,LEGAL,LEGAL-00012,,REFERENCED_BY,related_is_text,related_is_text,IS 10212,,F033,bis_circulars (1).csv,,109,1.00,
REL-IS_ENT-0000374,STD-00041,IS 10228,LEGAL,LEGAL-00012,,REFERENCED_BY,related_is_text,related_is_text,IS 10228,,F033,bis_circulars (1).csv,,109,1.00,
REL-IS_ENT-0000375,STD-00042,IS 10238,LEGAL,LEGAL-00012,,REFERENCED_BY,related_is_text,related_is_text,IS 10238,,F033,bis_circulars (1).csv,,109,1.00,
REL-IS_ENT-0000376,STD-00043,IS 10243,LEGAL,LEGAL-00012,,REFERENCED_BY,related_is_text,related_is_text,IS 10243,,F033,bis_circulars (1).csv,,109,1.00,
REL-IS_ENT-0000377,STD-00044,IS 10245,LEGAL,LEGAL-00012,,REFERENCED_BY,related_is_text,related_is_text,IS 10245,,F033,bis_circulars (1).csv,,109,1.00,
REL-IS_ENT-0000378,STD-00044,IS 10245,LEGAL,LEGAL-00012,,REFERENCED_BY,related_is_text,related_is_text,IS 10245,,F033,bis_circulars (1).csv,,109,1.00,
REL-IS_ENT-0000379,STD-00045,IS 10264,LEGAL,LEGAL-00012,,REFERENCED_BY,related_is_text,related_is_text,IS 10264,,F033,bis_circulars (1).csv,,109,1.00,
REL-IS_ENT-0000380,STD-00047,IS 1030,LEGAL,LEGAL-00012,,REFERENCED_BY,related_is_text,related_is_text,IS 1030,,F033,bis_circulars (1).csv,,109,1.00,
REL-IS_ENT-0000381,STD-00048,IS 10322,LEGAL,LEGAL-00012,,REFERENCED_BY,related_is_text,related_is_text,IS 10322,,F033,bis_circulars (1).csv,,109,1.00,
REL-IS_ENT-0000382,STD-00051,IS 10325,LEGAL,LEGAL-00012,,REFERENCED_BY,related_is_text,related_is_text,IS 10325,,F033,bis_circulars (1).csv,,109,1.00,
REL-IS_ENT-0000383,STD-00053,IS 10350,LEGAL,LEGAL-00012,,REFERENCED_BY,related_is_text,related_is_text,IS 10350,,F033,bis_circulars (1).csv,,109,1.00,
REL-IS_ENT-0000384,STD-00054,IS 1038,LEGAL,LEGAL-00012,,REFERENCED_BY,related_is_text,related_is_text,IS 1038,,F033,bis_circulars (1).csv,,109,1.00,
REL-IS_ENT-0000385,STD-00060,IS 10508,LEGAL,LEGAL-00012,,REFERENCED_BY,related_is_text,related_is_text,IS 10508,,F033,bis_circulars (1).csv,,109,1.00,
REL-IS_ENT-0000386,STD-00061,IS 1051,LEGAL,LEGAL-00012,,REFERENCED_BY,related_is_text,related_is_text,IS 1051,,F033,bis_circulars (1).csv,,109,1.00,
REL-IS_ENT-0000387,STD-00062,IS 10532,LEGAL,LEGAL-00012,,REFERENCED_BY,related_is_text,related_is_text,IS 10532,,F033,bis_circulars (1).csv,,109,1.00,
REL-IS_ENT-0000388,STD-00063,IS 10577,LEGAL,LEGAL-00012,,REFERENCED_BY,related_is_text,related_is_text,IS 10577,,F033,bis_circulars (1).csv,,109,1.00,
REL-IS_ENT-0000389,STD-00064,IS 10592,LEGAL,LEGAL-00012,,REFERENCED_BY,related_is_text,related_is_text,IS 10592,,F033,bis_circulars (1).csv,,109,1.00,
REL-IS_ENT-0000390,STD-00065,IS 1061,LEGAL,LEGAL-00012,,REFERENCED_BY,related_is_text,related_is_text,IS 1061,,F033,bis_circulars (1).csv,,109,1.00,
REL-IS_ENT-0000391,STD-00067,IS 10617,LEGAL,LEGAL-00012,,REFERENCED_BY,related_is_text,related_is_text,IS 10617,,F033,bis_circulars (1).csv,,109,1.00,
REL-IS_ENT-0000392,STD-00071,IS 10647,LEGAL,LEGAL-00012,,REFERENCED_BY,related_is_text,related_is_text,IS 10647,,F033,bis_circulars (1).csv,,109,1.00,
REL-IS_ENT-0000393,STD-00072,IS 1065,LEGAL,LEGAL-00012,,REFERENCED_BY,related_is_text,related_is_text,IS 1065,,F033,bis_circulars (1).csv,,109,1.00,
REL-IS_ENT-0000394,STD-00073,IS 10658,LEGAL,LEGAL-00012,,REFERENCED_BY,related_is_text,related_is_text,IS 10658,,F033,bis_circulars (1).csv,,109,1.00,
REL-IS_ENT-0000395,STD-00074,IS 1069,LEGAL,LEGAL-00012,,REFERENCED_BY,related_is_text,related_is_text,IS 1069,,F033,bis_circulars (1).csv,,109,1.00,
REL-IS_ENT-0000396,STD-00076,IS 10701,LEGAL,LEGAL-00012,,REFERENCED_BY,related_is_text,related_is_text,IS 10701,,F033,bis_circulars (1).csv,,109,1.00,
REL-IS_ENT-0000397,STD-00077,IS 10702,LEGAL,LEGAL-00012,,REFERENCED_BY,related_is_text,related_is_text,IS 10702,,F033,bis_circulars (1).csv,,109,1.00,
REL-IS_ENT-0000398,STD-00078,IS 10748,LEGAL,LEGAL-00012,,REFERENCED_BY,related_is_text,related_is_text,IS 10748,,F033,bis_circulars (1).csv,,109,1.00,
REL-IS_ENT-0000399,STD-00079,IS 10758,LEGAL,LEGAL-00012,,REFERENCED_BY,related_is_text,related_is_text,IS 10758,,F033,bis_circulars (1).csv,,109,1.00,
REL-IS_ENT-0000400,STD-00082,IS 10775,LEGAL,LEGAL-00012,,REFERENCED_BY,related_is_text,related_is_text,IS 10775,,F033,bis_circulars (1).csv,,109,1.00,
REL-IS_ENT-0000401,STD-00083,IS 1079,LEGAL,LEGAL-00012,,REFERENCED_BY,related_is_text,related_is_text,IS 1079,,F033,bis_circulars (1).csv,,109,1.00,
REL-IS_ENT-0000402,STD-00085,IS 10805,LEGAL,LEGAL-00012,,REFERENCED_BY,related_is_text,related_is_text,IS 10805,,F033,bis_circulars (1).csv,,109,1.00,
REL-IS_ENT-0000403,STD-00088,IS 1084,LEGAL,LEGAL-00012,,REFERENCED_BY,related_is_text,related_is_text,IS 1084,,F033,bis_circulars (1).csv,,109,1.00,
REL-IS_ENT-0000404,STD-00091,IS 10889,LEGAL,LEGAL-00012,,REFERENCED_BY,related_is_text,related_is_text,IS 10889,,F033,bis_circulars (1).csv,,109,1.00,
REL-IS_ENT-0000405,STD-00093,IS 10908,LEGAL,LEGAL-00012,,REFERENCED_BY,related_is_text,related_is_text,IS 10908,,F033,bis_circulars (1).csv,,109,1.00,
REL-IS_ENT-0000406,STD-00097,IS 11006,LEGAL,LEGAL-00012,,REFERENCED_BY,related_is_text,related_is_text,IS 11006,,F033,bis_circulars (1).csv,,109,1.00,
REL-IS_ENT-0000407,STD-00098,IS 11010,LEGAL,LEGAL-00012,,REFERENCED_BY,related_is_text,related_is_text,IS 11010,,F033,bis_circulars (1).csv,,109,1.00,
REL-IS_ENT-0000408,STD-00100,IS 11037,LEGAL,LEGAL-00012,,REFERENCED_BY,related_is_text,related_is_text,IS 11037,,F033,bis_circulars (1).csv,,109,1.00,
REL-IS_ENT-0000409,STD-00102,IS 11087,LEGAL,LEGAL-00012,,REFERENCED_BY,related_is_text,related_is_text,IS 11087,,F033,bis_circulars (1).csv,,109,1.00,
REL-IS_ENT-0000410,STD-00103,IS 1109,LEGAL,LEGAL-00012,,REFERENCED_BY,related_is_text,related_is_text,IS 1109,,F033,bis_circulars (1).csv,,109,1.00,
REL-IS_ENT-0000411,STD-00105,IS 11169,LEGAL,LEGAL-00012,,REFERENCED_BY,related_is_text,related_is_text,IS 11169,,F033,bis_circulars (1).csv,,109,1.00,
REL-IS_ENT-0000412,STD-00108,IS 1117,LEGAL,LEGAL-00012,,REFERENCED_BY,related_is_text,related_is_text,IS 1117,,F033,bis_circulars (1).csv,,109,1.00,
REL-IS_ENT-0000413,STD-00109,IS 11170,LEGAL,LEGAL-00012,,REFERENCED_BY,related_is_text,related_is_text,IS 11170,,F033,bis_circulars (1).csv,,109,1.00,
REL-IS_ENT-0000414,STD-00110,IS 11188,LEGAL,LEGAL-00012,,REFERENCED_BY,related_is_text,related_is_text,IS 11188,,F033,bis_circulars (1).csv,,109,1.00,
REL-IS_ENT-0000415,STD-00112,IS 11226,LEGAL,LEGAL-00012,,REFERENCED_BY,related_is_text,related_is_text,IS 11226,,F033,bis_circulars (1).csv,,109,1.00,
REL-IS_ENT-0000416,STD-00113,IS 11241,LEGAL,LEGAL-00012,,REFERENCED_BY,related_is_text,related_is_text,IS 11241,,F033,bis_circulars (1).csv,,109,1.00,
REL-IS_ENT-0000417,STD-00114,IS 11279,LEGAL,LEGAL-00012,,REFERENCED_BY,related_is_text,related_is_text,IS 11279,,F033,bis_circulars (1).csv,,109,1.00,
REL-IS_ENT-0000418,STD-00116,IS 11313,LEGAL,LEGAL-00012,,REFERENCED_BY,related_is_text,related_is_text,IS 11313,,F033,bis_circulars (1).csv,,109,1.00,
REL-IS_ENT-0000419,STD-00121,IS 11378,LEGAL,LEGAL-00012,,REFERENCED_BY,related_is_text,related_is_text,IS 11378,,F033,bis_circulars (1).csv,,109,1.00,
REL-IS_ENT-0000420,STD-00122,IS 1144,LEGAL,LEGAL-00012,,REFERENCED_BY,related_is_text,related_is_text,IS 1144,,F033,bis_circulars (1).csv,,109,1.00,
REL-IS_ENT-0000421,STD-00123,IS 11459,LEGAL,LEGAL-00012,,REFERENCED_BY,related_is_text,related_is_text,IS 11459,,F033,bis_circulars (1).csv,,109,1.00,
REL-IS_ENT-0000422,STD-00125,IS 11501,LEGAL,LEGAL-00012,,REFERENCED_BY,related_is_text,related_is_text,IS 11501,,F033,bis_circulars (1).csv,,109,1.00,
REL-IS_ENT-0000423,STD-00126,IS 11513,LEGAL,LEGAL-00012,,REFERENCED_BY,related_is_text,related_is_text,IS 11513,,F033,bis_circulars (1).csv,,109,1.00,
REL-IS_ENT-0000424,STD-00127,IS 11536,LEGAL,LEGAL-00012,,REFERENCED_BY,related_is_text,related_is_text,IS 11536,,F033,bis_circulars (1).csv,,109,1.00,
REL-IS_ENT-0000425,STD-00129,IS 1155,LEGAL,LEGAL-00012,,REFERENCED_BY,related_is_text,related_is_text,IS 1155,,F033,bis_circulars (1).csv,,109,1.00,
REL-IS_ENT-0000426,STD-00130,IS 11552,LEGAL,LEGAL-00012,,REFERENCED_BY,related_is_text,related_is_text,IS 11552,,F033,bis_circulars (1).csv,,109,1.00,
REL-IS_ENT-0000427,STD-00132,IS 11569,LEGAL,LEGAL-00012,,REFERENCED_BY,related_is_text,related_is_text,IS 11569,,F033,bis_circulars (1).csv,,109,1.00,
REL-IS_ENT-0000428,STD-00133,IS 11584,LEGAL,LEGAL-00012,,REFERENCED_BY,related_is_text,related_is_text,IS 11584,,F033,bis_circulars (1).csv,,109,1.00,
REL-IS_ENT-0000429,STD-00135,IS 1159,LEGAL,LEGAL-00012,,REFERENCED_BY,related_is_text,related_is_text,IS 1159,,F033,bis_circulars (1).csv,,109,1.00,
REL-IS_ENT-0000430,STD-00136,IS 1161,LEGAL,LEGAL-00012,,REFERENCED_BY,related_is_text,related_is_text,IS 1161,,F033,bis_circulars (1).csv,,109,1.00,
REL-IS_ENT-0000431,STD-00137,IS 11646,LEGAL,LEGAL-00012,,REFERENCED_BY,related_is_text,related_is_text,IS 11646,,F033,bis_circulars (1).csv,,109,1.00,
REL-IS_ENT-0000432,STD-00137,IS 11646,LEGAL,LEGAL-00012,,REFERENCED_BY,related_is_text,related_is_text,IS 11646,,F033,bis_circulars (1).csv,,109,1.00,
REL-IS_ENT-0000433,STD-00138,IS 1165,LEGAL,LEGAL-00012,,REFERENCED_BY,related_is_text,related_is_text,IS 1165,,F033,bis_circulars (1).csv,,109,1.00,
REL-IS_ENT-0000434,STD-00139,IS 11652,LEGAL,LEGAL-00012,,REFERENCED_BY,related_is_text,related_is_text,IS 11652,,F033,bis_circulars (1).csv,,109,1.00,
REL-IS_ENT-0000435,STD-00141,IS 1166,LEGAL,LEGAL-00012,,REFERENCED_BY,related_is_text,related_is_text,IS 1166,,F033,bis_circulars (1).csv,,109,1.00,
REL-IS_ENT-0000436,STD-00142,IS 11673,LEGAL,LEGAL-00012,,REFERENCED_BY,related_is_text,related_is_text,IS 11673,,F033,bis_circulars (1).csv,,109,1.00,
REL-IS_ENT-0000437,STD-00146,IS 1170,LEGAL,LEGAL-00012,,REFERENCED_BY,related_is_text,related_is_text,IS 1170,,F033,bis_circulars (1).csv,,109,1.00,
REL-IS_ENT-0000438,STD-00147,IS 11708,LEGAL,LEGAL-00012,,REFERENCED_BY,related_is_text,related_is_text,IS 11708,,F033,bis_circulars (1).csv,,109,1.00,
REL-IS_ENT-0000439,STD-00149,IS 11722,LEGAL,LEGAL-00012,,REFERENCED_BY,related_is_text,related_is_text,IS 11722,,F033,bis_circulars (1).csv,,109,1.00,
REL-IS_ENT-0000440,STD-00151,IS 11785,LEGAL,LEGAL-00012,,REFERENCED_BY,related_is_text,related_is_text,IS 11785,,F033,bis_circulars (1).csv,,109,1.00,
REL-IS_ENT-0000441,STD-00152,IS 1180,LEGAL,LEGAL-00012,,REFERENCED_BY,related_is_text,related_is_text,IS 1180,,F033,bis_circulars (1).csv,,109,1.00,
REL-IS_ENT-0000442,STD-00154,IS 11833,LEGAL,LEGAL-00012,,REFERENCED_BY,related_is_text,related_is_text,IS 11833,,F033,bis_circulars (1).csv,,109,1.00,
REL-IS_ENT-0000443,STD-00155,IS 11879,LEGAL,LEGAL-00012,,REFERENCED_BY,related_is_text,related_is_text,IS 11879,,F033,bis_circulars (1).csv,,109,1.00,
REL-IS_ENT-0000444,STD-00157,IS 11928,LEGAL,LEGAL-00012,,REFERENCED_BY,related_is_text,related_is_text,IS 11928,,F033,bis_circulars (1).csv,,109,1.00,
REL-IS_ENT-0000445,STD-00162,IS 11995,LEGAL,LEGAL-00012,,REFERENCED_BY,related_is_text,related_is_text,IS 11995,,F033,bis_circulars (1).csv,,109,1.00,
REL-IS_ENT-0000446,STD-00163,IS 11997,LEGAL,LEGAL-00012,,REFERENCED_BY,related_is_text,related_is_text,IS 11997,,F033,bis_circulars (1).csv,,109,1.00,
REL-IS_ENT-0000447,STD-00164,IS 12016,LEGAL,LEGAL-00012,,REFERENCED_BY,related_is_text,related_is_text,IS 12016,,F033,bis_circulars (1).csv,,109,1.00,
REL-IS_ENT-0000448,STD-00173,IS 12109,LEGAL,LEGAL-00012,,REFERENCED_BY,related_is_text,related_is_text,IS 12109,,F033,bis_circulars (1).csv,,109,1.00,
REL-IS_ENT-0000449,STD-00181,IS 1221,LEGAL,LEGAL-00012,,REFERENCED_BY,related_is_text,related_is_text,IS 1221,,F033,bis_circulars (1).csv,,109,1.00,
REL-IS_ENT-0000450,STD-00183,IS 12225,LEGAL,LEGAL-00012,,REFERENCED_BY,related_is_text,related_is_text,IS 12225,,F033,bis_circulars (1).csv,,109,1.00,
REL-IS_ENT-0000451,STD-00184,IS 12227,LEGAL,LEGAL-00012,,REFERENCED_BY,related_is_text,related_is_text,IS 12227,,F033,bis_circulars (1).csv,,109,1.00,
REL-IS_ENT-0000452,STD-00185,IS 1223,LEGAL,LEGAL-00012,,REFERENCED_BY,related_is_text,related_is_text,IS 1223,,F033,bis_circulars (1).csv,,109,1.00,
REL-IS_ENT-0000453,STD-00186,IS 12232,LEGAL,LEGAL-00012,,REFERENCED_BY,related_is_text,related_is_text,IS 12232,,F033,bis_circulars (1).csv,,109,1.00,
REL-IS_ENT-0000454,STD-00187,IS 12234,LEGAL,LEGAL-00012,,REFERENCED_BY,related_is_text,related_is_text,IS 12234,,F033,bis_circulars (1).csv,,109,1.00,
REL-IS_ENT-0000455,STD-00190,IS 12254,LEGAL,LEGAL-00012,,REFERENCED_BY,related_is_text,related_is_text,IS 12254,,F033,bis_circulars (1).csv,,109,1.00,
REL-IS_ENT-0000456,STD-00193,IS 12299,LEGAL,LEGAL-00012,,REFERENCED_BY,related_is_text,related_is_text,IS 12299,,F033,bis_circulars (1).csv,,109,1.00,
REL-IS_ENT-0000457,STD-00194,IS 12330,LEGAL,LEGAL-00012,,REFERENCED_BY,related_is_text,related_is_text,IS 12330,,F033,bis_circulars (1).csv,,109,1.00,
REL-IS_ENT-0000458,STD-00195,IS 12337,LEGAL,LEGAL-00012,,REFERENCED_BY,related_is_text,related_is_text,IS 12337,,F033,bis_circulars (1).csv,,109,1.00,
REL-IS_ENT-0000459,STD-00197,IS 1237,LEGAL,LEGAL-00012,,REFERENCED_BY,related_is_text,related_is_text,IS 1237,,F033,bis_circulars (1).csv,,109,1.00,
REL-IS_ENT-0000460,STD-00198,IS 1239,LEGAL,LEGAL-00012,,REFERENCED_BY,related_is_text,related_is_text,IS 1239,,F033,bis_circulars (1).csv,,109,1.00,
REL-IS_ENT-0000461,STD-00198,IS 1239,LEGAL,LEGAL-00012,,REFERENCED_BY,related_is_text,related_is_text,IS 1239,,F033,bis_circulars (1).csv,,109,1.00,
REL-IS_ENT-0000462,STD-00199,IS 12406,LEGAL,LEGAL-00012,,REFERENCED_BY,related_is_text,related_is_text,IS 12406,,F033,bis_circulars (1).csv,,109,1.00,
REL-IS_ENT-0000463,STD-00201,IS 12427,LEGAL,LEGAL-00012,,REFERENCED_BY,related_is_text,related_is_text,IS 12427,,F033,bis_circulars (1).csv,,109,1.00,
REL-IS_ENT-0000464,STD-00202,IS 12444,LEGAL,LEGAL-00012,,REFERENCED_BY,related_is_text,related_is_text,IS 12444,,F033,bis_circulars (1).csv,,109,1.00,
REL-IS_ENT-0000465,STD-00203,IS 12463,LEGAL,LEGAL-00012,,REFERENCED_BY,related_is_text,related_is_text,IS 12463,,F033,bis_circulars (1).csv,,109,1.00,
REL-IS_ENT-0000466,STD-00204,IS 12492,LEGAL,LEGAL-00012,,REFERENCED_BY,related_is_text,related_is_text,IS 12492,,F033,bis_circulars (1).csv,,109,1.00,
REL-IS_ENT-0000467,STD-00205,IS 1251,LEGAL,LEGAL-00012,,REFERENCED_BY,related_is_text,related_is_text,IS 1251,,F033,bis_circulars (1).csv,,109,1.00,
REL-IS_ENT-0000468,STD-00208,IS 1258,LEGAL,LEGAL-00012,,REFERENCED_BY,related_is_text,related_is_text,IS 1258,,F033,bis_circulars (1).csv,,109,1.00,
REL-IS_ENT-0000469,STD-00209,IS 12585,LEGAL,LEGAL-00012,,REFERENCED_BY,related_is_text,related_is_text,IS 12585,,F033,bis_circulars (1).csv,,109,1.00,
REL-IS_ENT-0000470,STD-00210,IS 12586,LEGAL,LEGAL-00012,,REFERENCED_BY,related_is_text,related_is_text,IS 12586,,F033,bis_circulars (1).csv,,109,1.00,
REL-IS_ENT-0000471,STD-00211,IS 12591,LEGAL,LEGAL-00012,,REFERENCED_BY,related_is_text,related_is_text,IS 12591,,F033,bis_circulars (1).csv,,109,1.00,
REL-IS_ENT-0000472,STD-00212,IS 12592,LEGAL,LEGAL-00012,,REFERENCED_BY,related_is_text,related_is_text,IS 12592,,F033,bis_circulars (1).csv,,109,1.00,
REL-IS_ENT-0000473,STD-00213,IS 12594,LEGAL,LEGAL-00012,,REFERENCED_BY,related_is_text,related_is_text,IS 12594,,F033,bis_circulars (1).csv,,109,1.00,
REL-IS_ENT-0000474,STD-00215,IS 12615,LEGAL,LEGAL-00012,,REFERENCED_BY,related_is_text,related_is_text,IS 12615,,F033,bis_circulars (1).csv,,109,1.00,
REL-IS_ENT-0000475,STD-00217,IS 12640,LEGAL,LEGAL-00012,,REFERENCED_BY,related_is_text,related_is_text,IS 12640,,F033,bis_circulars (1).csv,,109,1.00,
REL-IS_ENT-0000476,STD-00217,IS 12640,LEGAL,LEGAL-00012,,REFERENCED_BY,related_is_text,related_is_text,IS 12640,,F033,bis_circulars (1).csv,,109,1.00,
REL-IS_ENT-0000477,STD-00218,IS 12650,LEGAL,LEGAL-00012,,REFERENCED_BY,related_is_text,related_is_text,IS 12650,,F033,bis_circulars (1).csv,,109,1.00,
REL-IS_ENT-0000478,STD-00219,IS 12664,LEGAL,LEGAL-00012,,REFERENCED_BY,related_is_text,related_is_text,IS 12664,,F033,bis_circulars (1).csv,,109,1.00,
REL-IS_ENT-0000479,STD-00220,IS 1269,LEGAL,LEGAL-00012,,REFERENCED_BY,related_is_text,related_is_text,IS 1269,,F033,bis_circulars (1).csv,,109,1.00,
REL-IS_ENT-0000480,STD-00220,IS 1269,LEGAL,LEGAL-00012,,REFERENCED_BY,related_is_text,related_is_text,IS 1269,,F033,bis_circulars (1).csv,,109,1.00,
REL-IS_ENT-0000481,STD-00221,IS 12701,LEGAL,LEGAL-00012,,REFERENCED_BY,related_is_text,related_is_text,IS 12701,,F033,bis_circulars (1).csv,,109,1.00,
REL-IS_ENT-0000482,STD-00222,IS 12709,LEGAL,LEGAL-00012,,REFERENCED_BY,related_is_text,related_is_text,IS 12709,,F033,bis_circulars (1).csv,,109,1.00,
REL-IS_ENT-0000483,STD-00224,IS 12751,LEGAL,LEGAL-00012,,REFERENCED_BY,related_is_text,related_is_text,IS 12751,,F033,bis_circulars (1).csv,,109,1.00,
REL-IS_ENT-0000484,STD-00225,IS 12766,LEGAL,LEGAL-00012,,REFERENCED_BY,related_is_text,related_is_text,IS 12766,,F033,bis_circulars (1).csv,,109,1.00,
REL-IS_ENT-0000485,STD-00226,IS 12776,LEGAL,LEGAL-00012,,REFERENCED_BY,related_is_text,related_is_text,IS 12776,,F033,bis_circulars (1).csv,,109,1.00,
REL-IS_ENT-0000486,STD-00227,IS 12785,LEGAL,LEGAL-00012,,REFERENCED_BY,related_is_text,related_is_text,IS 12785,,F033,bis_circulars (1).csv,,109,1.00,
REL-IS_ENT-0000487,STD-00228,IS 12786,LEGAL,LEGAL-00012,,REFERENCED_BY,related_is_text,related_is_text,IS 12786,,F033,bis_circulars (1).csv,,109,1.00,
REL-IS_ENT-0000488,STD-00230,IS 12817,LEGAL,LEGAL-00012,,REFERENCED_BY,related_is_text,related_is_text,IS 12817,,F033,bis_circulars (1).csv,,109,1.00,
REL-IS_ENT-0000489,STD-00231,IS 12818,LEGAL,LEGAL-00012,,REFERENCED_BY,related_is_text,related_is_text,IS 12818,,F033,bis_circulars (1).csv,,109,1.00,
REL-IS_ENT-0000490,STD-00232,IS 12823,LEGAL,LEGAL-00012,,REFERENCED_BY,related_is_text,related_is_text,IS 12823,,F033,bis_circulars (1).csv,,109,1.00,
REL-IS_ENT-0000491,STD-00235,IS 12866,LEGAL,LEGAL-00012,,REFERENCED_BY,related_is_text,related_is_text,IS 12866,,F033,bis_circulars (1).csv,,109,1.00,
REL-IS_ENT-0000492,STD-00236,IS 12894,LEGAL,LEGAL-00012,,REFERENCED_BY,related_is_text,related_is_text,IS 12894,,F033,bis_circulars (1).csv,,109,1.00,
REL-IS_ENT-0000493,STD-00238,IS 12912,LEGAL,LEGAL-00012,,REFERENCED_BY,related_is_text,related_is_text,IS 12912,,F033,bis_circulars (1).csv,,109,1.00,
REL-IS_ENT-0000494,STD-00239,IS 12913,LEGAL,LEGAL-00012,,REFERENCED_BY,related_is_text,related_is_text,IS 12913,,F033,bis_circulars (1).csv,,109,1.00,
REL-IS_ENT-0000495,STD-00240,IS 12916,LEGAL,LEGAL-00012,,REFERENCED_BY,related_is_text,related_is_text,IS 12916,,F033,bis_circulars (1).csv,,109,1.00,
REL-IS_ENT-0000496,STD-00243,IS 1293,LEGAL,LEGAL-00012,,REFERENCED_BY,related_is_text,related_is_text,IS 1293,,F033,bis_circulars (1).csv,,109,1.00,
REL-IS_ENT-0000497,STD-00244,IS 12931,LEGAL,LEGAL-00012,,REFERENCED_BY,related_is_text,related_is_text,IS 12931,,F033,bis_circulars (1).csv,,109,1.00,
REL-IS_ENT-0000498,STD-00245,IS 12933,LEGAL,LEGAL-00012,,REFERENCED_BY,related_is_text,related_is_text,IS 12933,,F033,bis_circulars (1).csv,,109,1.00,
REL-IS_ENT-0000499,STD-00246,IS 12950,LEGAL,LEGAL-00012,,REFERENCED_BY,related_is_text,related_is_text,IS 12950,,F033,bis_circulars (1).csv,,109,1.00,
REL-IS_ENT-0000500,STD-00247,IS 12981,LEGAL,LEGAL-00012,,REFERENCED_BY,related_is_text,related_is_text,IS 12981,,F033,bis_circulars (1).csv,,109,1.00,
REL-IS_ENT-0000501,STD-00248,IS 13000,LEGAL,LEGAL-00012,,REFERENCED_BY,related_is_text,related_is_text,IS 13000,,F033,bis_circulars (1).csv,,109,1.00,
REL-IS_ENT-0000502,STD-00250,IS 13010,LEGAL,LEGAL-00012,,REFERENCED_BY,related_is_text,related_is_text,IS 13010,,F033,bis_circulars (1).csv,,109,1.00,
REL-IS_ENT-0000503,STD-00251,IS 13021,LEGAL,LEGAL-00012,,REFERENCED_BY,related_is_text,related_is_text,IS 13021,,F033,bis_circulars (1).csv,,109,1.00,
REL-IS_ENT-0000504,STD-00251,IS 13021,LEGAL,LEGAL-00012,,REFERENCED_BY,related_is_text,related_is_text,IS 13021,,F033,bis_circulars (1).csv,,109,1.00,
REL-IS_ENT-0000505,STD-00252,IS 13049,LEGAL,LEGAL-00012,,REFERENCED_BY,related_is_text,related_is_text,IS 13049,,F033,bis_circulars (1).csv,,109,1.00,
REL-IS_ENT-0000506,STD-00253,IS 13095,LEGAL,LEGAL-00012,,REFERENCED_BY,related_is_text,related_is_text,IS 13095,,F033,bis_circulars (1).csv,,109,1.00,
REL-IS_ENT-0000507,STD-00254,IS 13098,LEGAL,LEGAL-00012,,REFERENCED_BY,related_is_text,related_is_text,IS 13098,,F033,bis_circulars (1).csv,,109,1.00,
REL-IS_ENT-0000508,STD-00255,IS 13114,LEGAL,LEGAL-00012,,REFERENCED_BY,related_is_text,related_is_text,IS 13114,,F033,bis_circulars (1).csv,,109,1.00,
REL-IS_ENT-0000509,STD-00256,IS 13152,LEGAL,LEGAL-00012,,REFERENCED_BY,related_is_text,related_is_text,IS 13152,,F033,bis_circulars (1).csv,,109,1.00,
REL-IS_ENT-0000510,STD-00259,IS 1319,LEGAL,LEGAL-00012,,REFERENCED_BY,related_is_text,related_is_text,IS 1319,,F033,bis_circulars (1).csv,,109,1.00,
REL-IS_ENT-0000511,STD-00260,IS 13209,LEGAL,LEGAL-00012,,REFERENCED_BY,related_is_text,related_is_text,IS 13209,,F033,bis_circulars (1).csv,,109,1.00,
REL-IS_ENT-0000512,STD-00262,IS 13213,LEGAL,LEGAL-00012,,REFERENCED_BY,related_is_text,related_is_text,IS 13213,,F033,bis_circulars (1).csv,,109,1.00,
REL-IS_ENT-0000513,STD-00261,IS 1321,LEGAL,LEGAL-00012,,REFERENCED_BY,related_is_text,related_is_text,IS 1321,,F033,bis_circulars (1).csv,,109,1.00,
REL-IS_ENT-0000514,STD-00264,IS 1322,LEGAL,LEGAL-00012,,REFERENCED_BY,related_is_text,related_is_text,IS 1322,,F033,bis_circulars (1).csv,,109,1.00,
REL-IS_ENT-0000515,STD-00269,IS 13258,LEGAL,LEGAL-00012,,REFERENCED_BY,related_is_text,related_is_text,IS 13258,,F033,bis_circulars (1).csv,,109,1.00,
REL-IS_ENT-0000516,STD-00271,IS 1328,LEGAL,LEGAL-00012,,REFERENCED_BY,related_is_text,related_is_text,IS 1328,,F033,bis_circulars (1).csv,,109,1.00,
REL-IS_ENT-0000517,STD-00273,IS 13334,LEGAL,LEGAL-00012,,REFERENCED_BY,related_is_text,related_is_text,IS 13334,,F033,bis_circulars (1).csv,,109,1.00,
REL-IS_ENT-0000518,STD-00273,IS 13334,LEGAL,LEGAL-00012,,REFERENCED_BY,related_is_text,related_is_text,IS 13334,,F033,bis_circulars (1).csv,,109,1.00,
REL-IS_ENT-0000519,STD-00274,IS 13340,LEGAL,LEGAL-00012,,REFERENCED_BY,related_is_text,related_is_text,IS 13340,,F033,bis_circulars (1).csv,,109,1.00,
REL-IS_ENT-0000520,STD-00279,IS 13382,LEGAL,LEGAL-00012,,REFERENCED_BY,related_is_text,related_is_text,IS 13382,,F033,bis_circulars (1).csv,,109,1.00,
REL-IS_ENT-0000521,STD-00281,IS 13385,LEGAL,LEGAL-00012,,REFERENCED_BY,related_is_text,related_is_text,IS 13385,,F033,bis_circulars (1).csv,,109,1.00,
REL-IS_ENT-0000522,STD-00282,IS 13386,LEGAL,LEGAL-00012,,REFERENCED_BY,related_is_text,related_is_text,IS 13386,,F033,bis_circulars (1).csv,,109,1.00,
REL-IS_ENT-0000523,STD-00272,IS 133,LEGAL,LEGAL-00012,,REFERENCED_BY,related_is_text,related_is_text,IS 133,,F033,bis_circulars (1).csv,,109,1.00,
REL-IS_ENT-0000524,STD-00285,IS 1341,LEGAL,LEGAL-00012,,REFERENCED_BY,related_is_text,related_is_text,IS 1341,,F033,bis_circulars (1).csv,,109,1.00,
REL-IS_ENT-0000525,STD-00288,IS 13422,LEGAL,LEGAL-00012,,REFERENCED_BY,related_is_text,related_is_text,IS 13422,,F033,bis_circulars (1).csv,,109,1.00,
REL-IS_ENT-0000526,STD-00289,IS 13428,LEGAL,LEGAL-00012,,REFERENCED_BY,related_is_text,related_is_text,IS 13428,,F033,bis_circulars (1).csv,,109,1.00,
REL-IS_ENT-0000527,STD-00290,IS 13429,LEGAL,LEGAL-00012,,REFERENCED_BY,related_is_text,related_is_text,IS 13429,,F033,bis_circulars (1).csv,,109,1.00,
REL-IS_ENT-0000528,STD-00293,IS 13457,LEGAL,LEGAL-00012,,REFERENCED_BY,related_is_text,related_is_text,IS 13457,,F033,bis_circulars (1).csv,,109,1.00,
REL-IS_ENT-0000529,STD-00294,IS 13466,LEGAL,LEGAL-00012,,REFERENCED_BY,related_is_text,related_is_text,IS 13466,,F033,bis_circulars (1).csv,,109,1.00,
REL-IS_ENT-0000530,STD-00295,IS 13487,LEGAL,LEGAL-00012,,REFERENCED_BY,related_is_text,related_is_text,IS 13487,,F033,bis_circulars (1).csv,,109,1.00,
REL-IS_ENT-0000531,STD-00296,IS 13488,LEGAL,LEGAL-00012,,REFERENCED_BY,related_is_text,related_is_text,IS 13488,,F033,bis_circulars (1).csv,,109,1.00,
REL-IS_ENT-0000532,STD-00297,IS 13502,LEGAL,LEGAL-00012,,REFERENCED_BY,related_is_text,related_is_text,IS 13502,,F033,bis_circulars (1).csv,,109,1.00,
REL-IS_ENT-0000533,STD-00299,IS 13584,LEGAL,LEGAL-00012,,REFERENCED_BY,related_is_text,related_is_text,IS 13584,,F033,bis_circulars (1).csv,,109,1.00,
REL-IS_ENT-0000534,STD-00300,IS 13585,LEGAL,LEGAL-00012,,REFERENCED_BY,related_is_text,related_is_text,IS 13585,,F033,bis_circulars (1).csv,,109,1.00,
REL-IS_ENT-0000535,STD-00301,IS 13592,LEGAL,LEGAL-00012,,REFERENCED_BY,related_is_text,related_is_text,IS 13592,,F033,bis_circulars (1).csv,,109,1.00,
REL-IS_ENT-0000536,STD-00304,IS 13620,LEGAL,LEGAL-00012,,REFERENCED_BY,related_is_text,related_is_text,IS 13620,,F033,bis_circulars (1).csv,,109,1.00,
REL-IS_ENT-0000537,STD-00305,IS 1363,LEGAL,LEGAL-00012,,REFERENCED_BY,related_is_text,related_is_text,IS 1363,,F033,bis_circulars (1).csv,,109,1.00,
REL-IS_ENT-0000538,STD-00305,IS 1363,LEGAL,LEGAL-00012,,REFERENCED_BY,related_is_text,related_is_text,IS 1363,,F033,bis_circulars (1).csv,,109,1.00,
REL-IS_ENT-0000539,STD-00305,IS 1363,LEGAL,LEGAL-00012,,REFERENCED_BY,related_is_text,related_is_text,IS 1363,,F033,bis_circulars (1).csv,,109,1.00,
REL-IS_ENT-0000540,STD-00307,IS 1364,LEGAL,LEGAL-00012,,REFERENCED_BY,related_is_text,related_is_text,IS 1364,,F033,bis_circulars (1).csv,,109,1.00,
REL-IS_ENT-0000541,STD-00313,IS 13692,LEGAL,LEGAL-00012,,REFERENCED_BY,related_is_text,related_is_text,IS 13692,,F033,bis_circulars (1).csv,,109,1.00,
REL-IS_ENT-0000542,STD-00314,IS 1370,LEGAL,LEGAL-00012,,REFERENCED_BY,related_is_text,related_is_text,IS 1370,,F033,bis_circulars (1).csv,,109,1.00,
REL-IS_ENT-0000543,STD-00316,IS 13703,LEGAL,LEGAL-00012,,REFERENCED_BY,related_is_text,related_is_text,IS 13703,,F033,bis_circulars (1).csv,,109,1.00,
REL-IS_ENT-0000544,STD-00318,IS 13714,LEGAL,LEGAL-00012,,REFERENCED_BY,related_is_text,related_is_text,IS 13714,,F033,bis_circulars (1).csv,,109,1.00,
REL-IS_ENT-0000545,STD-00319,IS 13730,LEGAL,LEGAL-00012,,REFERENCED_BY,related_is_text,related_is_text,IS 13730,,F033,bis_circulars (1).csv,,109,1.00,
REL-IS_ENT-0000546,STD-00319,IS 13730,LEGAL,LEGAL-00012,,REFERENCED_BY,related_is_text,related_is_text,IS 13730,,F033,bis_circulars (1).csv,,109,1.00,
REL-IS_ENT-0000547,STD-00319,IS 13730,LEGAL,LEGAL-00012,,REFERENCED_BY,related_is_text,related_is_text,IS 13730,,F033,bis_circulars (1).csv,,109,1.00,
REL-IS_ENT-0000548,STD-00319,IS 13730,LEGAL,LEGAL-00012,,REFERENCED_BY,related_is_text,related_is_text,IS 13730,,F033,bis_circulars (1).csv,,109,1.00,
REL-IS_ENT-0000549,STD-00320,IS 1374,LEGAL,LEGAL-00012,,REFERENCED_BY,related_is_text,related_is_text,IS 1374,,F033,bis_circulars (1).csv,,109,1.00,
REL-IS_ENT-0000550,STD-00323,IS 13779,LEGAL,LEGAL-00012,,REFERENCED_BY,related_is_text,related_is_text,IS 13779,,F033,bis_circulars (1).csv,,109,1.00,
REL-IS_ENT-0000551,STD-00324,IS 13785,LEGAL,LEGAL-00012,,REFERENCED_BY,related_is_text,related_is_text,IS 13785,,F033,bis_circulars (1).csv,,109,1.00,
REL-IS_ENT-0000552,STD-00325,IS 13787,LEGAL,LEGAL-00012,,REFERENCED_BY,related_is_text,related_is_text,IS 13787,,F033,bis_circulars (1).csv,,109,1.00,
REL-IS_ENT-0000553,STD-00327,IS 13801,LEGAL,LEGAL-00012,,REFERENCED_BY,related_is_text,related_is_text,IS 13801,,F033,bis_circulars (1).csv,,109,1.00,
REL-IS_ENT-0000554,STD-00328,IS 1381,LEGAL,LEGAL-00012,,REFERENCED_BY,related_is_text,related_is_text,IS 1381,,F033,bis_circulars (1).csv,,109,1.00,
REL-IS_ENT-0000555,STD-00336,IS 13947,LEGAL,LEGAL-00012,,REFERENCED_BY,related_is_text,related_is_text,IS 13947,,F033,bis_circulars (1).csv,,109,1.00,
REL-IS_ENT-0000556,STD-00336,IS 13947,LEGAL,LEGAL-00012,,REFERENCED_BY,related_is_text,related_is_text,IS 13947,,F033,bis_circulars (1).csv,,109,1.00,
REL-IS_ENT-0000557,STD-00338,IS 13958,LEGAL,LEGAL-00012,,REFERENCED_BY,related_is_text,related_is_text,IS 13958,,F033,bis_circulars (1).csv,,109,1.00,
REL-IS_ENT-0000558,STD-00339,IS 13983,LEGAL,LEGAL-00012,,REFERENCED_BY,related_is_text,related_is_text,IS 13983,,F033,bis_circulars (1).csv,,109,1.00,
REL-IS_ENT-0000559,STD-00341,IS 13997,LEGAL,LEGAL-00012,,REFERENCED_BY,related_is_text,related_is_text,IS 13997,,F033,bis_circulars (1).csv,,109,1.00,
REL-IS_ENT-0000560,STD-00343,IS 14106,LEGAL,LEGAL-00012,,REFERENCED_BY,related_is_text,related_is_text,IS 14106,,F033,bis_circulars (1).csv,,109,1.00,
REL-IS_ENT-0000561,STD-00345,IS 14151,LEGAL,LEGAL-00012,,REFERENCED_BY,related_is_text,related_is_text,IS 14151,,F033,bis_circulars (1).csv,,109,1.00,
REL-IS_ENT-0000562,STD-00345,IS 14151,LEGAL,LEGAL-00012,,REFERENCED_BY,related_is_text,related_is_text,IS 14151,,F033,bis_circulars (1).csv,,109,1.00,
REL-IS_ENT-0000563,STD-00347,IS 14158,LEGAL,LEGAL-00012,,REFERENCED_BY,related_is_text,related_is_text,IS 14158,,F033,bis_circulars (1).csv,,109,1.00,
REL-IS_ENT-0000564,STD-00348,IS 14166,LEGAL,LEGAL-00012,,REFERENCED_BY,related_is_text,related_is_text,IS 14166,,F033,bis_circulars (1).csv,,109,1.00,
REL-IS_ENT-0000565,STD-00352,IS 14182,LEGAL,LEGAL-00012,,REFERENCED_BY,related_is_text,related_is_text,IS 14182,,F033,bis_circulars (1).csv,,109,1.00,
REL-IS_ENT-0000566,STD-00353,IS 14183,LEGAL,LEGAL-00012,,REFERENCED_BY,related_is_text,related_is_text,IS 14183,,F033,bis_circulars (1).csv,,109,1.00,
REL-IS_ENT-0000567,STD-00354,IS 14184,LEGAL,LEGAL-00012,,REFERENCED_BY,related_is_text,related_is_text,IS 14184,,F033,bis_circulars (1).csv,,109,1.00,
REL-IS_ENT-0000568,STD-00355,IS 14186,LEGAL,LEGAL-00012,,REFERENCED_BY,related_is_text,related_is_text,IS 14186,,F033,bis_circulars (1).csv,,109,1.00,
REL-IS_ENT-0000569,STD-00356,IS 14203,LEGAL,LEGAL-00012,,REFERENCED_BY,related_is_text,related_is_text,IS 14203,,F033,bis_circulars (1).csv,,109,1.00,
REL-IS_ENT-0000570,STD-00357,IS 1422,LEGAL,LEGAL-00012,,REFERENCED_BY,related_is_text,related_is_text,IS 1422,,F033,bis_circulars (1).csv,,109,1.00,
REL-IS_ENT-0000571,STD-00358,IS 14220,LEGAL,LEGAL-00012,,REFERENCED_BY,related_is_text,related_is_text,IS 14220,,F033,bis_circulars (1).csv,,109,1.00,
REL-IS_ENT-0000572,STD-00360,IS 14246,LEGAL,LEGAL-00012,,REFERENCED_BY,related_is_text,related_is_text,IS 14246,,F033,bis_circulars (1).csv,,109,1.00,
REL-IS_ENT-0000573,STD-00361,IS 14252,LEGAL,LEGAL-00012,,REFERENCED_BY,related_is_text,related_is_text,IS 14252,,F033,bis_circulars (1).csv,,109,1.00,
REL-IS_ENT-0000574,STD-00362,IS 14255,LEGAL,LEGAL-00012,,REFERENCED_BY,related_is_text,related_is_text,IS 14255,,F033,bis_circulars (1).csv,,109,1.00,
REL-IS_ENT-0000575,STD-00363,IS 14261,LEGAL,LEGAL-00012,,REFERENCED_BY,related_is_text,related_is_text,IS 14261,,F033,bis_circulars (1).csv,,109,1.00,
REL-IS_ENT-0000576,STD-00364,IS 14268,LEGAL,LEGAL-00012,,REFERENCED_BY,related_is_text,related_is_text,IS 14268,,F033,bis_circulars (1).csv,,109,1.00,
REL-IS_ENT-0000577,STD-00365,IS 14276,LEGAL,LEGAL-00012,,REFERENCED_BY,related_is_text,related_is_text,IS 14276,,F033,bis_circulars (1).csv,,109,1.00,
REL-IS_ENT-0000578,STD-00369,IS 14300,LEGAL,LEGAL-00012,,REFERENCED_BY,related_is_text,related_is_text,IS 14300,,F033,bis_circulars (1).csv,,109,1.00,
REL-IS_ENT-0000579,STD-00374,IS 14333,LEGAL,LEGAL-00012,,REFERENCED_BY,related_is_text,related_is_text,IS 14333,,F033,bis_circulars (1).csv,,109,1.00,
REL-IS_ENT-0000580,STD-00375,IS 14394,LEGAL,LEGAL-00012,,REFERENCED_BY,related_is_text,related_is_text,IS 14394,,F033,bis_circulars (1).csv,,109,1.00,
REL-IS_ENT-0000581,STD-00376,IS 14399,LEGAL,LEGAL-00012,,REFERENCED_BY,related_is_text,related_is_text,IS 14399,,F033,bis_circulars (1).csv,,109,1.00,
REL-IS_ENT-0000582,STD-00377,IS 14402,LEGAL,LEGAL-00012,,REFERENCED_BY,related_is_text,related_is_text,IS 14402,,F033,bis_circulars (1).csv,,109,1.00,
REL-IS_ENT-0000583,STD-00379,IS 14411,LEGAL,LEGAL-00012,,REFERENCED_BY,related_is_text,related_is_text,IS 14411,,F033,bis_circulars (1).csv,,109,1.00,
REL-IS_ENT-0000584,STD-00380,IS 14429,LEGAL,LEGAL-00012,,REFERENCED_BY,related_is_text,related_is_text,IS 14429,,F033,bis_circulars (1).csv,,109,1.00,
REL-IS_ENT-0000585,STD-00381,IS 14433,LEGAL,LEGAL-00012,,REFERENCED_BY,related_is_text,related_is_text,IS 14433,,F033,bis_circulars (1).csv,,109,1.00,
REL-IS_ENT-0000586,STD-00384,IS 14443,LEGAL,LEGAL-00012,,REFERENCED_BY,related_is_text,related_is_text,IS 14443,,F033,bis_circulars (1).csv,,109,1.00,
REL-IS_ENT-0000587,STD-00385,IS 14483,LEGAL,LEGAL-00012,,REFERENCED_BY,related_is_text,related_is_text,IS 14483,,F033,bis_circulars (1).csv,,109,1.00,
REL-IS_ENT-0000588,STD-00386,IS 14490,LEGAL,LEGAL-00012,,REFERENCED_BY,related_is_text,related_is_text,IS 14490,,F033,bis_circulars (1).csv,,109,1.00,
REL-IS_ENT-0000589,STD-00389,IS 14494,LEGAL,LEGAL-00012,,REFERENCED_BY,related_is_text,related_is_text,IS 14494,,F033,bis_circulars (1).csv,,109,1.00,
REL-IS_ENT-0000590,STD-00391,IS 14506,LEGAL,LEGAL-00012,,REFERENCED_BY,related_is_text,related_is_text,IS 14506,,F033,bis_circulars (1).csv,,109,1.00,
REL-IS_ENT-0000591,STD-00392,IS 14510,LEGAL,LEGAL-00012,,REFERENCED_BY,related_is_text,related_is_text,IS 14510,,F033,bis_circulars (1).csv,,109,1.00,
REL-IS_ENT-0000592,STD-00394,IS 14543,LEGAL,LEGAL-00012,,REFERENCED_BY,related_is_text,related_is_text,IS 14543,,F033,bis_circulars (1).csv,,109,1.00,
REL-IS_ENT-0000593,STD-00395,IS 14544,LEGAL,LEGAL-00012,,REFERENCED_BY,related_is_text,related_is_text,IS 14544,,F033,bis_circulars (1).csv,,109,1.00,
REL-IS_ENT-0000594,STD-00396,IS 14550,LEGAL,LEGAL-00012,,REFERENCED_BY,related_is_text,related_is_text,IS 14550,,F033,bis_circulars (1).csv,,109,1.00,
REL-IS_ENT-0000595,STD-00397,IS 14552,LEGAL,LEGAL-00012,,REFERENCED_BY,related_is_text,related_is_text,IS 14552,,F033,bis_circulars (1).csv,,109,1.00,
REL-IS_ENT-0000596,STD-00398,IS 14561,LEGAL,LEGAL-00012,,REFERENCED_BY,related_is_text,related_is_text,IS 14561,,F033,bis_circulars (1).csv,,109,1.00,
REL-IS_ENT-0000597,STD-00400,IS 14587,LEGAL,LEGAL-00012,,REFERENCED_BY,related_is_text,related_is_text,IS 14587,,F033,bis_circulars (1).csv,,109,1.00,
REL-IS_ENT-0000598,STD-00401,IS 14605,LEGAL,LEGAL-00012,,REFERENCED_BY,related_is_text,related_is_text,IS 14605,,F033,bis_circulars (1).csv,,109,1.00,
REL-IS_ENT-0000599,STD-00402,IS 14606,LEGAL,LEGAL-00012,,REFERENCED_BY,related_is_text,related_is_text,IS 14606,,F033,bis_circulars (1).csv,,109,1.00,
REL-IS_ENT-0000600,STD-00403,IS 14609,LEGAL,LEGAL-00012,,REFERENCED_BY,related_is_text,related_is_text,IS 14609,,F033,bis_circulars (1).csv,,109,1.00,
REL-IS_ENT-0000601,STD-00404,IS 14611,LEGAL,LEGAL-00012,,REFERENCED_BY,related_is_text,related_is_text,IS 14611,,F033,bis_circulars (1).csv,,109,1.00,
REL-IS_ENT-0000602,STD-00405,IS 14613,LEGAL,LEGAL-00012,,REFERENCED_BY,related_is_text,related_is_text,IS 14613,,F033,bis_circulars (1).csv,,109,1.00,
REL-IS_ENT-0000603,STD-00406,IS 14616,LEGAL,LEGAL-00012,,REFERENCED_BY,related_is_text,related_is_text,IS 14616,,F033,bis_circulars (1).csv,,109,1.00,
REL-IS_ENT-0000604,STD-00407,IS 14625,LEGAL,LEGAL-00012,,REFERENCED_BY,related_is_text,related_is_text,IS 14625,,F033,bis_circulars (1).csv,,109,1.00,
REL-IS_ENT-0000605,STD-00408,IS 14650,LEGAL,LEGAL-00012,,REFERENCED_BY,related_is_text,related_is_text,IS 14650,,F033,bis_circulars (1).csv,,109,1.00,
REL-IS_ENT-0000606,STD-00412,IS 14697,LEGAL,LEGAL-00012,,REFERENCED_BY,related_is_text,related_is_text,IS 14697,,F033,bis_circulars (1).csv,,109,1.00,
REL-IS_ENT-0000607,STD-00414,IS 1470,LEGAL,LEGAL-00012,,REFERENCED_BY,related_is_text,related_is_text,IS 1470,,F033,bis_circulars (1).csv,,109,1.00,
REL-IS_ENT-0000608,STD-00420,IS 14724,LEGAL,LEGAL-00012,,REFERENCED_BY,related_is_text,related_is_text,IS 14724,,F033,bis_circulars (1).csv,,109,1.00,
REL-IS_ENT-0000609,STD-00421,IS 14735,LEGAL,LEGAL-00012,,REFERENCED_BY,related_is_text,related_is_text,IS 14735,,F033,bis_circulars (1).csv,,109,1.00,
REL-IS_ENT-0000610,STD-00423,IS 14743,LEGAL,LEGAL-00012,,REFERENCED_BY,related_is_text,related_is_text,IS 14743,,F033,bis_circulars (1).csv,,109,1.00,
REL-IS_ENT-0000611,STD-00424,IS 14746,LEGAL,LEGAL-00012,,REFERENCED_BY,related_is_text,related_is_text,IS 14746,,F033,bis_circulars (1).csv,,109,1.00,
REL-IS_ENT-0000612,STD-00426,IS 14756,LEGAL,LEGAL-00012,,REFERENCED_BY,related_is_text,related_is_text,IS 14756,,F033,bis_circulars (1).csv,,109,1.00,
REL-IS_ENT-0000613,STD-00425,IS 1475,LEGAL,LEGAL-00012,,REFERENCED_BY,related_is_text,related_is_text,IS 1475,,F033,bis_circulars (1).csv,,109,1.00,
REL-IS_ENT-0000614,STD-00427,IS 14768,LEGAL,LEGAL-00012,,REFERENCED_BY,related_is_text,related_is_text,IS 14768,,F033,bis_circulars (1).csv,,109,1.00,
REL-IS_ENT-0000615,STD-00428,IS 14769,LEGAL,LEGAL-00012,,REFERENCED_BY,related_is_text,related_is_text,IS 14769,,F033,bis_circulars (1).csv,,109,1.00,
REL-IS_ENT-0000616,STD-00429,IS 14772,LEGAL,LEGAL-00012,,REFERENCED_BY,related_is_text,related_is_text,IS 14772,,F033,bis_circulars (1).csv,,109,1.00,
REL-IS_ENT-0000617,STD-00430,IS 14806,LEGAL,LEGAL-00012,,REFERENCED_BY,related_is_text,related_is_text,IS 14806,,F033,bis_circulars (1).csv,,109,1.00,
REL-IS_ENT-0000618,STD-00431,IS 14807,LEGAL,LEGAL-00012,,REFERENCED_BY,related_is_text,related_is_text,IS 14807,,F033,bis_circulars (1).csv,,109,1.00,
REL-IS_ENT-0000619,STD-00434,IS 14845,LEGAL,LEGAL-00012,,REFERENCED_BY,related_is_text,related_is_text,IS 14845,,F033,bis_circulars (1).csv,,109,1.00,
REL-IS_ENT-0000620,STD-00435,IS 14846,LEGAL,LEGAL-00012,,REFERENCED_BY,related_is_text,related_is_text,IS 14846,,F033,bis_circulars (1).csv,,109,1.00,
REL-IS_ENT-0000621,STD-00436,IS 14855,LEGAL,LEGAL-00012,,REFERENCED_BY,related_is_text,related_is_text,IS 14855,,F033,bis_circulars (1).csv,,109,1.00,
REL-IS_ENT-0000622,STD-00438,IS 14862,LEGAL,LEGAL-00012,,REFERENCED_BY,related_is_text,related_is_text,IS 14862,,F033,bis_circulars (1).csv,,109,1.00,
REL-IS_ENT-0000623,STD-00439,IS 14871,LEGAL,LEGAL-00012,,REFERENCED_BY,related_is_text,related_is_text,IS 14871,,F033,bis_circulars (1).csv,,109,1.00,
REL-IS_ENT-0000624,STD-00440,IS 1488,LEGAL,LEGAL-00012,,REFERENCED_BY,related_is_text,related_is_text,IS 1488,,F033,bis_circulars (1).csv,,109,1.00,
REL-IS_ENT-0000625,STD-00441,IS 14885,LEGAL,LEGAL-00012,,REFERENCED_BY,related_is_text,related_is_text,IS 14885,,F033,bis_circulars (1).csv,,109,1.00,
REL-IS_ENT-0000626,STD-00442,IS 14887,LEGAL,LEGAL-00012,,REFERENCED_BY,related_is_text,related_is_text,IS 14887,,F033,bis_circulars (1).csv,,109,1.00,
REL-IS_ENT-0000627,STD-00446,IS 14898,LEGAL,LEGAL-00012,,REFERENCED_BY,related_is_text,related_is_text,IS 14898,,F033,bis_circulars (1).csv,,109,1.00,
REL-IS_ENT-0000628,STD-00447,IS 14899,LEGAL,LEGAL-00012,,REFERENCED_BY,related_is_text,related_is_text,IS 14899,,F033,bis_circulars (1).csv,,109,1.00,
REL-IS_ENT-0000629,STD-00443,IS 1489,LEGAL,LEGAL-00012,,REFERENCED_BY,related_is_text,related_is_text,IS 1489,,F033,bis_circulars (1).csv,,109,1.00,
REL-IS_ENT-0000630,STD-00443,IS 1489,LEGAL,LEGAL-00012,,REFERENCED_BY,related_is_text,related_is_text,IS 1489,,F033,bis_circulars (1).csv,,109,1.00,
REL-IS_ENT-0000631,STD-00448,IS 14900,LEGAL,LEGAL-00012,,REFERENCED_BY,related_is_text,related_is_text,IS 14900,,F033,bis_circulars (1).csv,,109,1.00,
REL-IS_ENT-0000632,STD-00450,IS 14927,LEGAL,LEGAL-00012,,REFERENCED_BY,related_is_text,related_is_text,IS 14927,,F033,bis_circulars (1).csv,,109,1.00,
REL-IS_ENT-0000633,STD-00451,IS 14928,LEGAL,LEGAL-00012,,REFERENCED_BY,related_is_text,related_is_text,IS 14928,,F033,bis_circulars (1).csv,,109,1.00,
REL-IS_ENT-0000634,STD-00452,IS 14929,LEGAL,LEGAL-00012,,REFERENCED_BY,related_is_text,related_is_text,IS 14929,,F033,bis_circulars (1).csv,,109,1.00,
REL-IS_ENT-0000635,STD-00453,IS 14930,LEGAL,LEGAL-00012,,REFERENCED_BY,related_is_text,related_is_text,IS 14930,,F033,bis_circulars (1).csv,,109,1.00,
REL-IS_ENT-0000636,STD-00455,IS 14933,LEGAL,LEGAL-00012,,REFERENCED_BY,related_is_text,related_is_text,IS 14933,,F033,bis_circulars (1).csv,,109,1.00,
REL-IS_ENT-0000637,STD-00456,IS 14951,LEGAL,LEGAL-00012,,REFERENCED_BY,related_is_text,related_is_text,IS 14951,,F033,bis_circulars (1).csv,,109,1.00,
REL-IS_ENT-0000638,STD-00457,IS 14968,LEGAL,LEGAL-00012,,REFERENCED_BY,related_is_text,related_is_text,IS 14968,,F033,bis_circulars (1).csv,,109,1.00,
REL-IS_ENT-0000639,STD-00461,IS 15041,LEGAL,LEGAL-00012,,REFERENCED_BY,related_is_text,related_is_text,IS 15041,,F033,bis_circulars (1).csv,,109,1.00,
REL-IS_ENT-0000640,STD-00462,IS 15058,LEGAL,LEGAL-00012,,REFERENCED_BY,related_is_text,related_is_text,IS 15058,,F033,bis_circulars (1).csv,,109,1.00,
REL-IS_ENT-0000641,STD-00463,IS 1507,LEGAL,LEGAL-00012,,REFERENCED_BY,related_is_text,related_is_text,IS 1507,,F033,bis_circulars (1).csv,,109,1.00,
REL-IS_ENT-0000642,STD-00464,IS 15073,LEGAL,LEGAL-00012,,REFERENCED_BY,related_is_text,related_is_text,IS 15073,,F033,bis_circulars (1).csv,,109,1.00,
REL-IS_ENT-0000643,STD-00465,IS 15100,LEGAL,LEGAL-00012,,REFERENCED_BY,related_is_text,related_is_text,IS 15100,,F033,bis_circulars (1).csv,,109,1.00,
REL-IS_ENT-0000644,STD-00467,IS 15111,LEGAL,LEGAL-00012,,REFERENCED_BY,related_is_text,related_is_text,IS 15111,,F033,bis_circulars (1).csv,,109,1.00,
REL-IS_ENT-0000645,STD-00467,IS 15111,LEGAL,LEGAL-00012,,REFERENCED_BY,related_is_text,related_is_text,IS 15111,,F033,bis_circulars (1).csv,,109,1.00,
REL-IS_ENT-0000646,STD-00468,IS 15138,LEGAL,LEGAL-00012,,REFERENCED_BY,related_is_text,related_is_text,IS 15138,,F033,bis_circulars (1).csv,,109,1.00,
REL-IS_ENT-0000647,STD-00469,IS 15155,LEGAL,LEGAL-00012,,REFERENCED_BY,related_is_text,related_is_text,IS 15155,,F033,bis_circulars (1).csv,,109,1.00,
REL-IS_ENT-0000648,STD-00471,IS 15160,LEGAL,LEGAL-00012,,REFERENCED_BY,related_is_text,related_is_text,IS 15160,,F033,bis_circulars (1).csv,,109,1.00,
REL-IS_ENT-0000649,STD-00472,IS 15182,LEGAL,LEGAL-00012,,REFERENCED_BY,related_is_text,related_is_text,IS 15182,,F033,bis_circulars (1).csv,,109,1.00,
REL-IS_ENT-0000650,STD-00473,IS 15219,LEGAL,LEGAL-00012,,REFERENCED_BY,related_is_text,related_is_text,IS 15219,,F033,bis_circulars (1).csv,,109,1.00,
REL-IS_ENT-0000651,STD-00474,IS 15227,LEGAL,LEGAL-00012,,REFERENCED_BY,related_is_text,related_is_text,IS 15227,,F033,bis_circulars (1).csv,,109,1.00,
REL-IS_ENT-0000652,STD-00475,IS 15228,LEGAL,LEGAL-00012,,REFERENCED_BY,related_is_text,related_is_text,IS 15228,,F033,bis_circulars (1).csv,,109,1.00,
REL-IS_ENT-0000653,STD-00476,IS 15236,LEGAL,LEGAL-00012,,REFERENCED_BY,related_is_text,related_is_text,IS 15236,,F033,bis_circulars (1).csv,,109,1.00,
REL-IS_ENT-0000654,STD-00477,IS 15240,LEGAL,LEGAL-00012,,REFERENCED_BY,related_is_text,related_is_text,IS 15240,,F033,bis_circulars (1).csv,,109,1.00,
REL-IS_ENT-0000655,STD-00478,IS 15265,LEGAL,LEGAL-00012,,REFERENCED_BY,related_is_text,related_is_text,IS 15265,,F033,bis_circulars (1).csv,,109,1.00,
REL-IS_ENT-0000656,STD-00479,IS 15298,LEGAL,LEGAL-00012,,REFERENCED_BY,related_is_text,related_is_text,IS 15298,,F033,bis_circulars (1).csv,,109,1.00,
REL-IS_ENT-0000657,STD-00479,IS 15298,LEGAL,LEGAL-00012,,REFERENCED_BY,related_is_text,related_is_text,IS 15298,,F033,bis_circulars (1).csv,,109,1.00,
REL-IS_ENT-0000658,STD-00479,IS 15298,LEGAL,LEGAL-00012,,REFERENCED_BY,related_is_text,related_is_text,IS 15298,,F033,bis_circulars (1).csv,,109,1.00,
REL-IS_ENT-0000659,STD-00482,IS 15322,LEGAL,LEGAL-00012,,REFERENCED_BY,related_is_text,related_is_text,IS 15322,,F033,bis_circulars (1).csv,,109,1.00,
REL-IS_ENT-0000660,STD-00483,IS 15323,LEGAL,LEGAL-00012,,REFERENCED_BY,related_is_text,related_is_text,IS 15323,,F033,bis_circulars (1).csv,,109,1.00,
REL-IS_ENT-0000661,STD-00484,IS 15328,LEGAL,LEGAL-00012,,REFERENCED_BY,related_is_text,related_is_text,IS 15328,,F033,bis_circulars (1).csv,,109,1.00,
REL-IS_ENT-0000662,STD-00485,IS 15335,LEGAL,LEGAL-00012,,REFERENCED_BY,related_is_text,related_is_text,IS 15335,,F033,bis_circulars (1).csv,,109,1.00,
REL-IS_ENT-0000663,STD-00486,IS 1534,LEGAL,LEGAL-00012,,REFERENCED_BY,related_is_text,related_is_text,IS 1534,,F033,bis_circulars (1).csv,,109,1.00,
REL-IS_ENT-0000664,STD-00487,IS 15351,LEGAL,LEGAL-00012,,REFERENCED_BY,related_is_text,related_is_text,IS 15351,,F033,bis_circulars (1).csv,,109,1.00,
REL-IS_ENT-0000665,STD-00488,IS 15354,LEGAL,LEGAL-00012,,REFERENCED_BY,related_is_text,related_is_text,IS 15354,,F033,bis_circulars (1).csv,,109,1.00,
REL-IS_ENT-0000666,STD-00492,IS 1536,LEGAL,LEGAL-00012,,REFERENCED_BY,related_is_text,related_is_text,IS 1536,,F033,bis_circulars (1).csv,,109,1.00,
REL-IS_ENT-0000667,STD-00493,IS 1537,LEGAL,LEGAL-00012,,REFERENCED_BY,related_is_text,related_is_text,IS 1537,,F033,bis_circulars (1).csv,,109,1.00,
REL-IS_ENT-0000668,STD-00494,IS 1538,LEGAL,LEGAL-00012,,REFERENCED_BY,related_is_text,related_is_text,IS 1538,,F033,bis_circulars (1).csv,,109,1.00,
REL-IS_ENT-0000669,STD-00495,IS 15380,LEGAL,LEGAL-00012,,REFERENCED_BY,related_is_text,related_is_text,IS 15380,,F033,bis_circulars (1).csv,,109,1.00,
REL-IS_ENT-0000670,STD-00496,IS 15391,LEGAL,LEGAL-00012,,REFERENCED_BY,related_is_text,related_is_text,IS 15391,,F033,bis_circulars (1).csv,,109,1.00,
REL-IS_ENT-0000671,STD-00499,IS 15410,LEGAL,LEGAL-00012,,REFERENCED_BY,related_is_text,related_is_text,IS 15410,,F033,bis_circulars (1).csv,,109,1.00,
REL-IS_ENT-0000672,STD-00502,IS 15449,LEGAL,LEGAL-00012,,REFERENCED_BY,related_is_text,related_is_text,IS 15449,,F033,bis_circulars (1).csv,,109,1.00,
REL-IS_ENT-0000673,STD-00504,IS 15450,LEGAL,LEGAL-00012,,REFERENCED_BY,related_is_text,related_is_text,IS 15450,,F033,bis_circulars (1).csv,,109,1.00,
REL-IS_ENT-0000674,STD-00505,IS 15462,LEGAL,LEGAL-00012,,REFERENCED_BY,related_is_text,related_is_text,IS 15462,,F033,bis_circulars (1).csv,,109,1.00,
REL-IS_ENT-0000675,STD-00506,IS 15476,LEGAL,LEGAL-00012,,REFERENCED_BY,related_is_text,related_is_text,IS 15476,,F033,bis_circulars (1).csv,,109,1.00,
REL-IS_ENT-0000676,STD-00507,IS 15477,LEGAL,LEGAL-00012,,REFERENCED_BY,related_is_text,related_is_text,IS 15477,,F033,bis_circulars (1).csv,,109,1.00,
REL-IS_ENT-0000677,STD-00508,IS 15489,LEGAL,LEGAL-00012,,REFERENCED_BY,related_is_text,related_is_text,IS 15489,,F033,bis_circulars (1).csv,,109,1.00,
REL-IS_ENT-0000678,STD-00509,IS 15490,LEGAL,LEGAL-00012,,REFERENCED_BY,related_is_text,related_is_text,IS 15490,,F033,bis_circulars (1).csv,,109,1.00,
REL-IS_ENT-0000679,STD-00510,IS 15500,LEGAL,LEGAL-00012,,REFERENCED_BY,related_is_text,related_is_text,IS 15500,,F033,bis_circulars (1).csv,,109,1.00,
REL-IS_ENT-0000680,STD-00510,IS 15500,LEGAL,LEGAL-00012,,REFERENCED_BY,related_is_text,related_is_text,IS 15500,,F033,bis_circulars (1).csv,,109,1.00,
REL-IS_ENT-0000681,STD-00510,IS 15500,LEGAL,LEGAL-00012,,REFERENCED_BY,related_is_text,related_is_text,IS 15500,,F033,bis_circulars (1).csv,,109,1.00,
REL-IS_ENT-0000682,STD-00510,IS 15500,LEGAL,LEGAL-00012,,REFERENCED_BY,related_is_text,related_is_text,IS 15500,,F033,bis_circulars (1).csv,,109,1.00,
REL-IS_ENT-0000683,STD-00510,IS 15500,LEGAL,LEGAL-00012,,REFERENCED_BY,related_is_text,related_is_text,IS 15500,,F033,bis_circulars (1).csv,,109,1.00,
REL-IS_ENT-0000684,STD-00510,IS 15500,LEGAL,LEGAL-00012,,REFERENCED_BY,related_is_text,related_is_text,IS 15500,,F033,bis_circulars (1).csv,,109,1.00,
REL-IS_ENT-0000685,STD-00511,IS 1551,LEGAL,LEGAL-00012,,REFERENCED_BY,related_is_text,related_is_text,IS 1551,,F033,bis_circulars (1).csv,,109,1.00,
REL-IS_ENT-0000686,STD-00512,IS 15511,LEGAL,LEGAL-00012,,REFERENCED_BY,related_is_text,related_is_text,IS 15511,,F033,bis_circulars (1).csv,,109,1.00,
REL-IS_ENT-0000687,STD-00513,IS 15532,LEGAL,LEGAL-00012,,REFERENCED_BY,related_is_text,related_is_text,IS 15532,,F033,bis_circulars (1).csv,,109,1.00,
REL-IS_ENT-0000688,STD-00514,IS 1554,LEGAL,LEGAL-00012,,REFERENCED_BY,related_is_text,related_is_text,IS 1554,,F033,bis_circulars (1).csv,,109,1.00,
REL-IS_ENT-0000689,STD-00514,IS 1554,LEGAL,LEGAL-00012,,REFERENCED_BY,related_is_text,related_is_text,IS 1554,,F033,bis_circulars (1).csv,,109,1.00,
REL-IS_ENT-0000690,STD-00516,IS 15558,LEGAL,LEGAL-00012,,REFERENCED_BY,related_is_text,related_is_text,IS 15558,,F033,bis_circulars (1).csv,,109,1.00,
REL-IS_ENT-0000691,STD-00517,IS 15559,LEGAL,LEGAL-00012,,REFERENCED_BY,related_is_text,related_is_text,IS 15559,,F033,bis_circulars (1).csv,,109,1.00,
REL-IS_ENT-0000692,STD-00518,IS 15573,LEGAL,LEGAL-00012,,REFERENCED_BY,related_is_text,related_is_text,IS 15573,,F033,bis_circulars (1).csv,,109,1.00,
REL-IS_ENT-0000693,STD-00519,IS 15601,LEGAL,LEGAL-00012,,REFERENCED_BY,related_is_text,related_is_text,IS 15601,,F033,bis_circulars (1).csv,,109,1.00,
REL-IS_ENT-0000694,STD-00521,IS 15603,LEGAL,LEGAL-00012,,REFERENCED_BY,related_is_text,related_is_text,IS 15603,,F033,bis_circulars (1).csv,,109,1.00,
REL-IS_ENT-0000695,STD-00525,IS 15622,LEGAL,LEGAL-00012,,REFERENCED_BY,related_is_text,related_is_text,IS 15622,,F033,bis_circulars (1).csv,,109,1.00,
REL-IS_ENT-0000696,STD-00527,IS 15627,LEGAL,LEGAL-00012,,REFERENCED_BY,related_is_text,related_is_text,IS 15627,,F033,bis_circulars (1).csv,,109,1.00,
REL-IS_ENT-0000697,STD-00528,IS 15633,LEGAL,LEGAL-00012,,REFERENCED_BY,related_is_text,related_is_text,IS 15633,,F033,bis_circulars (1).csv,,109,1.00,
REL-IS_ENT-0000698,STD-00529,IS 15636,LEGAL,LEGAL-00012,,REFERENCED_BY,related_is_text,related_is_text,IS 15636,,F033,bis_circulars (1).csv,,109,1.00,
REL-IS_ENT-0000699,STD-00531,IS 15647,LEGAL,LEGAL-00012,,REFERENCED_BY,related_is_text,related_is_text,IS 15647,,F033,bis_circulars (1).csv,,109,1.00,
REL-IS_ENT-0000700,STD-00532,IS 15652,LEGAL,LEGAL-00012,,REFERENCED_BY,related_is_text,related_is_text,IS 15652,,F033,bis_circulars (1).csv,,109,1.00,
REL-IS_ENT-0000701,STD-00533,IS 15658,LEGAL,LEGAL-00012,,REFERENCED_BY,related_is_text,related_is_text,IS 15658,,F033,bis_circulars (1).csv,,109,1.00,
REL-IS_ENT-0000702,STD-00535,IS 15683,LEGAL,LEGAL-00012,,REFERENCED_BY,related_is_text,related_is_text,IS 15683,,F033,bis_circulars (1).csv,,109,1.00,
REL-IS_ENT-0000703,STD-00536,IS 15692,LEGAL,LEGAL-00012,,REFERENCED_BY,related_is_text,related_is_text,IS 15692,,F033,bis_circulars (1).csv,,109,1.00,
REL-IS_ENT-0000704,STD-00537,IS 15694,LEGAL,LEGAL-00012,,REFERENCED_BY,related_is_text,related_is_text,IS 15694,,F033,bis_circulars (1).csv,,109,1.00,
REL-IS_ENT-0000705,STD-00543,IS 15757,LEGAL,LEGAL-00012,,REFERENCED_BY,related_is_text,related_is_text,IS 15757,,F033,bis_circulars (1).csv,,109,1.00,
REL-IS_ENT-0000706,STD-00546,IS 15778,LEGAL,LEGAL-00012,,REFERENCED_BY,related_is_text,related_is_text,IS 15778,,F033,bis_circulars (1).csv,,109,1.00,
REL-IS_ENT-0000707,STD-00547,IS 15786,LEGAL,LEGAL-00012,,REFERENCED_BY,related_is_text,related_is_text,IS 15786,,F033,bis_circulars (1).csv,,109,1.00,
REL-IS_ENT-0000708,STD-00548,IS 15787,LEGAL,LEGAL-00012,,REFERENCED_BY,related_is_text,related_is_text,IS 15787,,F033,bis_circulars (1).csv,,109,1.00,
REL-IS_ENT-0000709,STD-00549,IS 158,LEGAL,LEGAL-00012,,REFERENCED_BY,related_is_text,related_is_text,IS 158,,F033,bis_circulars (1).csv,,109,1.00,
REL-IS_ENT-0000710,STD-00550,IS 1580,LEGAL,LEGAL-00012,,REFERENCED_BY,related_is_text,related_is_text,IS 1580,,F033,bis_circulars (1).csv,,109,1.00,
REL-IS_ENT-0000711,STD-00551,IS 15801,LEGAL,LEGAL-00012,,REFERENCED_BY,related_is_text,related_is_text,IS 15801,,F033,bis_circulars (1).csv,,109,1.00,
REL-IS_ENT-0000712,STD-00555,IS 15833,LEGAL,LEGAL-00012,,REFERENCED_BY,related_is_text,related_is_text,IS 15833,,F033,bis_circulars (1).csv,,109,1.00,
REL-IS_ENT-0000713,STD-00556,IS 15834,LEGAL,LEGAL-00012,,REFERENCED_BY,related_is_text,related_is_text,IS 15834,,F033,bis_circulars (1).csv,,109,1.00,
REL-IS_ENT-0000714,STD-00561,IS 15848,LEGAL,LEGAL-00012,,REFERENCED_BY,related_is_text,related_is_text,IS 15848,,F033,bis_circulars (1).csv,,109,1.00,
REL-IS_ENT-0000715,STD-00562,IS 15852,LEGAL,LEGAL-00012,,REFERENCED_BY,related_is_text,related_is_text,IS 15852,,F033,bis_circulars (1).csv,,109,1.00,
REL-IS_ENT-0000716,STD-00563,IS 15853,LEGAL,LEGAL-00012,,REFERENCED_BY,related_is_text,related_is_text,IS 15853,,F033,bis_circulars (1).csv,,109,1.00,
REL-IS_ENT-0000717,STD-00566,IS 15884,LEGAL,LEGAL-00012,,REFERENCED_BY,related_is_text,related_is_text,IS 15884,,F033,bis_circulars (1).csv,,109,1.00,
REL-IS_ENT-0000718,STD-00570,IS 15905,LEGAL,LEGAL-00012,,REFERENCED_BY,related_is_text,related_is_text,IS 15905,,F033,bis_circulars (1).csv,,109,1.00,
REL-IS_ENT-0000719,STD-00571,IS 15907,LEGAL,LEGAL-00012,,REFERENCED_BY,related_is_text,related_is_text,IS 15907,,F033,bis_circulars (1).csv,,109,1.00,
REL-IS_ENT-0000720,STD-00572,IS 15909,LEGAL,LEGAL-00012,,REFERENCED_BY,related_is_text,related_is_text,IS 15909,,F033,bis_circulars (1).csv,,109,1.00,
REL-IS_ENT-0000721,STD-00573,IS 15911,LEGAL,LEGAL-00012,,REFERENCED_BY,related_is_text,related_is_text,IS 15911,,F033,bis_circulars (1).csv,,109,1.00,
REL-IS_ENT-0000722,STD-00574,IS 15914,LEGAL,LEGAL-00012,,REFERENCED_BY,related_is_text,related_is_text,IS 15914,,F033,bis_circulars (1).csv,,109,1.00,
REL-IS_ENT-0000723,STD-00575,IS 1592,LEGAL,LEGAL-00012,,REFERENCED_BY,related_is_text,related_is_text,IS 1592,,F033,bis_circulars (1).csv,,109,1.00,
REL-IS_ENT-0000724,STD-00578,IS 15939,LEGAL,LEGAL-00012,,REFERENCED_BY,related_is_text,related_is_text,IS 15939,,F033,bis_circulars (1).csv,,109,1.00,
REL-IS_ENT-0000725,STD-00581,IS 15961,LEGAL,LEGAL-00012,,REFERENCED_BY,related_is_text,related_is_text,IS 15961,,F033,bis_circulars (1).csv,,109,1.00,
REL-IS_ENT-0000726,STD-00582,IS 15962,LEGAL,LEGAL-00012,,REFERENCED_BY,related_is_text,related_is_text,IS 15962,,F033,bis_circulars (1).csv,,109,1.00,
REL-IS_ENT-0000727,STD-00583,IS 15965,LEGAL,LEGAL-00012,,REFERENCED_BY,related_is_text,related_is_text,IS 15965,,F033,bis_circulars (1).csv,,109,1.00,
REL-IS_ENT-0000728,STD-00586,IS 15997,LEGAL,LEGAL-00012,,REFERENCED_BY,related_is_text,related_is_text,IS 15997,,F033,bis_circulars (1).csv,,109,1.00,
REL-IS_ENT-0000729,STD-00588,IS 16008,LEGAL,LEGAL-00012,,REFERENCED_BY,related_is_text,related_is_text,IS 16008,,F033,bis_circulars (1).csv,,109,1.00,
REL-IS_ENT-0000730,STD-00588,IS 16008,LEGAL,LEGAL-00012,,REFERENCED_BY,related_is_text,related_is_text,IS 16008,,F033,bis_circulars (1).csv,,109,1.00,
REL-IS_ENT-0000731,STD-00591,IS 16014,LEGAL,LEGAL-00012,,REFERENCED_BY,related_is_text,related_is_text,IS 16014,,F033,bis_circulars (1).csv,,109,1.00,
REL-IS_ENT-0000732,STD-00603,IS 16088,LEGAL,LEGAL-00012,,REFERENCED_BY,related_is_text,related_is_text,IS 16088,,F033,bis_circulars (1).csv,,109,1.00,
REL-IS_ENT-0000733,STD-00606,IS 16098,LEGAL,LEGAL-00012,,REFERENCED_BY,related_is_text,related_is_text,IS 16098,,F033,bis_circulars (1).csv,,109,1.00,
REL-IS_ENT-0000734,STD-00606,IS 16098,LEGAL,LEGAL-00012,,REFERENCED_BY,related_is_text,related_is_text,IS 16098,,F033,bis_circulars (1).csv,,109,1.00,
REL-IS_ENT-0000735,STD-00608,IS 1610,LEGAL,LEGAL-00012,,REFERENCED_BY,related_is_text,related_is_text,IS 1610,,F033,bis_circulars (1).csv,,109,1.00,
REL-IS_ENT-0000736,STD-00609,IS 16102,LEGAL,LEGAL-00012,,REFERENCED_BY,related_is_text,related_is_text,IS 16102,,F033,bis_circulars (1).csv,,109,1.00,
REL-IS_ENT-0000737,STD-00611,IS 16103,LEGAL,LEGAL-00012,,REFERENCED_BY,related_is_text,related_is_text,IS 16103,,F033,bis_circulars (1).csv,,109,1.00,
REL-IS_ENT-0000738,STD-00614,IS 16111,LEGAL,LEGAL-00012,,REFERENCED_BY,related_is_text,related_is_text,IS 16111,,F033,bis_circulars (1).csv,,109,1.00,
REL-IS_ENT-0000739,STD-00616,IS 16127,LEGAL,LEGAL-00012,,REFERENCED_BY,related_is_text,related_is_text,IS 16127,,F033,bis_circulars (1).csv,,109,1.00,
REL-IS_ENT-0000740,STD-00617,IS 16131,LEGAL,LEGAL-00012,,REFERENCED_BY,related_is_text,related_is_text,IS 16131,,F033,bis_circulars (1).csv,,109,1.00,
REL-IS_ENT-0000741,STD-00618,IS 16145,LEGAL,LEGAL-00012,,REFERENCED_BY,related_is_text,related_is_text,IS 16145,,F033,bis_circulars (1).csv,,109,1.00,
REL-IS_ENT-0000742,STD-00621,IS 16176,LEGAL,LEGAL-00012,,REFERENCED_BY,related_is_text,related_is_text,IS 16176,,F033,bis_circulars (1).csv,,109,1.00,
REL-IS_ENT-0000743,STD-00622,IS 16186,LEGAL,LEGAL-00012,,REFERENCED_BY,related_is_text,related_is_text,IS 16186,,F033,bis_circulars (1).csv,,109,1.00,
REL-IS_ENT-0000744,STD-00624,IS 16190,LEGAL,LEGAL-00012,,REFERENCED_BY,related_is_text,related_is_text,IS 16190,,F033,bis_circulars (1).csv,,109,1.00,
REL-IS_ENT-0000745,STD-00628,IS 16208,LEGAL,LEGAL-00012,,REFERENCED_BY,related_is_text,related_is_text,IS 16208,,F033,bis_circulars (1).csv,,109,1.00,
REL-IS_ENT-0000746,STD-00633,IS 16232,LEGAL,LEGAL-00012,,REFERENCED_BY,related_is_text,related_is_text,IS 16232,,F033,bis_circulars (1).csv,,109,1.00,
REL-IS_ENT-0000747,STD-00638,IS 1626,LEGAL,LEGAL-00012,,REFERENCED_BY,related_is_text,related_is_text,IS 1626,,F033,bis_circulars (1).csv,,109,1.00,
REL-IS_ENT-0000748,STD-00641,IS 16289,LEGAL,LEGAL-00012,,REFERENCED_BY,related_is_text,related_is_text,IS 16289,,F033,bis_circulars (1).csv,,109,1.00,
REL-IS_ENT-0000749,STD-00646,IS 16352,LEGAL,LEGAL-00012,,REFERENCED_BY,related_is_text,related_is_text,IS 16352,,F033,bis_circulars (1).csv,,109,1.00,
REL-IS_ENT-0000750,STD-00655,IS 164,LEGAL,LEGAL-00012,,REFERENCED_BY,related_is_text,related_is_text,IS 164,,F033,bis_circulars (1).csv,,109,1.00,
REL-IS_ENT-0000751,STD-00656,IS 16415,LEGAL,LEGAL-00012,,REFERENCED_BY,related_is_text,related_is_text,IS 16415,,F033,bis_circulars (1).csv,,109,1.00,
REL-IS_ENT-0000752,STD-00661,IS 16513,LEGAL,LEGAL-00012,,REFERENCED_BY,related_is_text,related_is_text,IS 16513,,F033,bis_circulars (1).csv,,109,1.00,
REL-IS_ENT-0000753,STD-00666,IS 1656,LEGAL,LEGAL-00012,,REFERENCED_BY,related_is_text,related_is_text,IS 1656,,F033,bis_circulars (1).csv,,109,1.00,
REL-IS_ENT-0000754,STD-00667,IS 1658,LEGAL,LEGAL-00012,,REFERENCED_BY,related_is_text,related_is_text,IS 1658,,F033,bis_circulars (1).csv,,109,1.00,
REL-IS_ENT-0000755,STD-00669,IS 16585,LEGAL,LEGAL-00012,,REFERENCED_BY,related_is_text,related_is_text,IS 16585,,F033,bis_circulars (1).csv,,109,1.00,
REL-IS_ENT-0000756,STD-00670,IS 1659,LEGAL,LEGAL-00012,,REFERENCED_BY,related_is_text,related_is_text,IS 1659,,F033,bis_circulars (1).csv,,109,1.00,
REL-IS_ENT-0000757,STD-00671,IS 1660,LEGAL,LEGAL-00012,,REFERENCED_BY,related_is_text,related_is_text,IS 1660,,F033,bis_circulars (1).csv,,109,1.00,
REL-IS_ENT-0000758,STD-00675,IS 1664,LEGAL,LEGAL-00012,,REFERENCED_BY,related_is_text,related_is_text,IS 1664,,F033,bis_circulars (1).csv,,109,1.00,
REL-IS_ENT-0000759,STD-00696,IS 168,LEGAL,LEGAL-00012,,REFERENCED_BY,related_is_text,related_is_text,IS 168,,F033,bis_circulars (1).csv,,109,1.00,
REL-IS_ENT-0000760,STD-00705,IS 1694,LEGAL,LEGAL-00012,,REFERENCED_BY,related_is_text,related_is_text,IS 1694,,F033,bis_circulars (1).csv,,109,1.00,
REL-IS_ENT-0000761,STD-00709,IS 1695,LEGAL,LEGAL-00012,,REFERENCED_BY,related_is_text,related_is_text,IS 1695,,F033,bis_circulars (1).csv,,109,1.00,
REL-IS_ENT-0000762,STD-00710,IS 1697,LEGAL,LEGAL-00012,,REFERENCED_BY,related_is_text,related_is_text,IS 1697,,F033,bis_circulars (1).csv,,109,1.00,
REL-IS_ENT-0000763,STD-00711,IS 1698,LEGAL,LEGAL-00012,,REFERENCED_BY,related_is_text,related_is_text,IS 1698,,F033,bis_circulars (1).csv,,109,1.00,
REL-IS_ENT-0000764,STD-00721,IS 1703,LEGAL,LEGAL-00012,,REFERENCED_BY,related_is_text,related_is_text,IS 1703,,F033,bis_circulars (1).csv,,109,1.00,
REL-IS_ENT-0000765,STD-00734,IS 1709,LEGAL,LEGAL-00012,,REFERENCED_BY,related_is_text,related_is_text,IS 1709,,F033,bis_circulars (1).csv,,109,1.00,
REL-IS_ENT-0000766,STD-00736,IS 1710,LEGAL,LEGAL-00012,,REFERENCED_BY,related_is_text,related_is_text,IS 1710,,F033,bis_circulars (1).csv,,109,1.00,
REL-IS_ENT-0000767,STD-00746,IS 1726,LEGAL,LEGAL-00012,,REFERENCED_BY,related_is_text,related_is_text,IS 1726,,F033,bis_circulars (1).csv,,109,1.00,
REL-IS_ENT-0000768,STD-00755,IS 1729,LEGAL,LEGAL-00012,,REFERENCED_BY,related_is_text,related_is_text,IS 1729,,F033,bis_circulars (1).csv,,109,1.00,
REL-IS_ENT-0000769,STD-00775,IS 1741,LEGAL,LEGAL-00012,,REFERENCED_BY,related_is_text,related_is_text,IS 1741,,F033,bis_circulars (1).csv,,109,1.00,
REL-IS_ENT-0000770,STD-00783,IS 1746,LEGAL,LEGAL-00012,,REFERENCED_BY,related_is_text,related_is_text,IS 1746,,F033,bis_circulars (1).csv,,109,1.00,
REL-IS_ENT-0000771,STD-00785,IS 175,LEGAL,LEGAL-00012,,REFERENCED_BY,related_is_text,related_is_text,IS 175,,F033,bis_circulars (1).csv,,109,1.00,
REL-IS_ENT-0000772,STD-00803,IS 1759,LEGAL,LEGAL-00012,,REFERENCED_BY,related_is_text,related_is_text,IS 1759,,F033,bis_circulars (1).csv,,109,1.00,
REL-IS_ENT-0000773,STD-00818,IS 177,LEGAL,LEGAL-00012,,REFERENCED_BY,related_is_text,related_is_text,IS 177,,F033,bis_circulars (1).csv,,109,1.00,
REL-IS_ENT-0000774,STD-00830,IS 1783,LEGAL,LEGAL-00012,,REFERENCED_BY,related_is_text,related_is_text,IS 1783,,F033,bis_circulars (1).csv,,109,1.00,
REL-IS_ENT-0000775,STD-00830,IS 1783,LEGAL,LEGAL-00012,,REFERENCED_BY,related_is_text,related_is_text,IS 1783,,F033,bis_circulars (1).csv,,109,1.00,
REL-IS_ENT-0000776,STD-00831,IS 1784,LEGAL,LEGAL-00012,,REFERENCED_BY,related_is_text,related_is_text,IS 1784,,F033,bis_circulars (1).csv,,109,1.00,
REL-IS_ENT-0000777,STD-00832,IS 1785,LEGAL,LEGAL-00012,,REFERENCED_BY,related_is_text,related_is_text,IS 1785,,F033,bis_circulars (1).csv,,109,1.00,
REL-IS_ENT-0000778,STD-00832,IS 1785,LEGAL,LEGAL-00012,,REFERENCED_BY,related_is_text,related_is_text,IS 1785,,F033,bis_circulars (1).csv,,109,1.00,
REL-IS_ENT-0000779,STD-00833,IS 1786,LEGAL,LEGAL-00012,,REFERENCED_BY,related_is_text,related_is_text,IS 1786,,F033,bis_circulars (1).csv,,109,1.00,
REL-IS_ENT-0000780,STD-00849,IS 1804,LEGAL,LEGAL-00012,,REFERENCED_BY,related_is_text,related_is_text,IS 1804,,F033,bis_circulars (1).csv,,109,1.00,
REL-IS_ENT-0000781,STD-00850,IS 1806,LEGAL,LEGAL-00012,,REFERENCED_BY,related_is_text,related_is_text,IS 1806,,F033,bis_circulars (1).csv,,109,1.00,
REL-IS_ENT-0000782,STD-00859,IS 1824,LEGAL,LEGAL-00012,,REFERENCED_BY,related_is_text,related_is_text,IS 1824,,F033,bis_circulars (1).csv,,109,1.00,
REL-IS_ENT-0000783,STD-00860,IS 1825,LEGAL,LEGAL-00012,,REFERENCED_BY,related_is_text,related_is_text,IS 1825,,F033,bis_circulars (1).csv,,109,1.00,
REL-IS_ENT-0000784,STD-00862,IS 1827,LEGAL,LEGAL-00012,,REFERENCED_BY,related_is_text,related_is_text,IS 1827,,F033,bis_circulars (1).csv,,109,1.00,
REL-IS_ENT-0000785,STD-00865,IS 1832,LEGAL,LEGAL-00012,,REFERENCED_BY,related_is_text,related_is_text,IS 1832,,F033,bis_circulars (1).csv,,109,1.00,
REL-IS_ENT-0000786,STD-00866,IS 1834,LEGAL,LEGAL-00012,,REFERENCED_BY,related_is_text,related_is_text,IS 1834,,F033,bis_circulars (1).csv,,109,1.00,
REL-IS_ENT-0000787,STD-00869,IS 1838,LEGAL,LEGAL-00012,,REFERENCED_BY,related_is_text,related_is_text,IS 1838,,F033,bis_circulars (1).csv,,109,1.00,
REL-IS_ENT-0000788,STD-00869,IS 1838,LEGAL,LEGAL-00012,,REFERENCED_BY,related_is_text,related_is_text,IS 1838,,F033,bis_circulars (1).csv,,109,1.00,
REL-IS_ENT-0000789,STD-00878,IS 1848,LEGAL,LEGAL-00012,,REFERENCED_BY,related_is_text,related_is_text,IS 1848,,F033,bis_circulars (1).csv,,109,1.00,
REL-IS_ENT-0000790,STD-00886,IS 1855,LEGAL,LEGAL-00012,,REFERENCED_BY,related_is_text,related_is_text,IS 1855,,F033,bis_circulars (1).csv,,109,1.00,
REL-IS_ENT-0000791,STD-00887,IS 1856,LEGAL,LEGAL-00012,,REFERENCED_BY,related_is_text,related_is_text,IS 1856,,F033,bis_circulars (1).csv,,109,1.00,
REL-IS_ENT-0000792,STD-00895,IS 1875,LEGAL,LEGAL-00012,,REFERENCED_BY,related_is_text,related_is_text,IS 1875,,F033,bis_circulars (1).csv,,109,1.00,
REL-IS_ENT-0000793,STD-00897,IS 1879,LEGAL,LEGAL-00012,,REFERENCED_BY,related_is_text,related_is_text,IS 1879,,F033,bis_circulars (1).csv,,109,1.00,
REL-IS_ENT-0000794,STD-00900,IS 1884,LEGAL,LEGAL-00012,,REFERENCED_BY,related_is_text,related_is_text,IS 1884,,F033,bis_circulars (1).csv,,109,1.00,
REL-IS_ENT-0000795,STD-00902,IS 1891,LEGAL,LEGAL-00012,,REFERENCED_BY,related_is_text,related_is_text,IS 1891,,F033,bis_circulars (1).csv,,109,1.00,
REL-IS_ENT-0000796,STD-00905,IS 191,LEGAL,LEGAL-00012,,REFERENCED_BY,related_is_text,related_is_text,IS 191,,F033,bis_circulars (1).csv,,109,1.00,
REL-IS_ENT-0000797,STD-00906,IS 1912,LEGAL,LEGAL-00012,,REFERENCED_BY,related_is_text,related_is_text,IS 1912,,F033,bis_circulars (1).csv,,109,1.00,
REL-IS_ENT-0000798,STD-00907,IS 1919,LEGAL,LEGAL-00012,,REFERENCED_BY,related_is_text,related_is_text,IS 1919,,F033,bis_circulars (1).csv,,109,1.00,
REL-IS_ENT-0000799,STD-00911,IS 1929,LEGAL,LEGAL-00012,,REFERENCED_BY,related_is_text,related_is_text,IS 1929,,F033,bis_circulars (1).csv,,109,1.00,
REL-IS_ENT-0000800,STD-00914,IS 1932,LEGAL,LEGAL-00012,,REFERENCED_BY,related_is_text,related_is_text,IS 1932,,F033,bis_circulars (1).csv,,109,1.00,
REL-IS_ENT-0000801,STD-00915,IS 1943,LEGAL,LEGAL-00012,,REFERENCED_BY,related_is_text,related_is_text,IS 1943,,F033,bis_circulars (1).csv,,109,1.00,
REL-IS_ENT-0000802,STD-00917,IS 1970,LEGAL,LEGAL-00012,,REFERENCED_BY,related_is_text,related_is_text,IS 1970,,F033,bis_circulars (1).csv,,109,1.00,
REL-IS_ENT-0000803,STD-00918,IS 1971,LEGAL,LEGAL-00012,,REFERENCED_BY,related_is_text,related_is_text,IS 1971,,F033,bis_circulars (1).csv,,109,1.00,
REL-IS_ENT-0000804,STD-00919,IS 1989,LEGAL,LEGAL-00012,,REFERENCED_BY,related_is_text,related_is_text,IS 1989,,F033,bis_circulars (1).csv,,109,1.00,
REL-IS_ENT-0000805,STD-00919,IS 1989,LEGAL,LEGAL-00012,,REFERENCED_BY,related_is_text,related_is_text,IS 1989,,F033,bis_circulars (1).csv,,109,1.00,
REL-IS_ENT-0000806,STD-00920,IS 1993,LEGAL,LEGAL-00012,,REFERENCED_BY,related_is_text,related_is_text,IS 1993,,F033,bis_circulars (1).csv,,109,1.00,
REL-IS_ENT-0000807,STD-00921,IS 1997,LEGAL,LEGAL-00012,,REFERENCED_BY,related_is_text,related_is_text,IS 1997,,F033,bis_circulars (1).csv,,109,1.00,
REL-IS_ENT-0000808,STD-00923,IS 2002,LEGAL,LEGAL-00012,,REFERENCED_BY,related_is_text,related_is_text,IS 2002,,F033,bis_circulars (1).csv,,109,1.00,
REL-IS_ENT-0000809,STD-00924,IS 2004,LEGAL,LEGAL-00012,,REFERENCED_BY,related_is_text,related_is_text,IS 2004,,F033,bis_circulars (1).csv,,109,1.00,
REL-IS_ENT-0000810,STD-00928,IS 2028,LEGAL,LEGAL-00012,,REFERENCED_BY,related_is_text,related_is_text,IS 2028,,F033,bis_circulars (1).csv,,109,1.00,
REL-IS_ENT-0000811,STD-00929,IS 2029,LEGAL,LEGAL-00012,,REFERENCED_BY,related_is_text,related_is_text,IS 2029,,F033,bis_circulars (1).csv,,109,1.00,
REL-IS_ENT-0000812,STD-00930,IS 2036,LEGAL,LEGAL-00012,,REFERENCED_BY,related_is_text,related_is_text,IS 2036,,F033,bis_circulars (1).csv,,109,1.00,
REL-IS_ENT-0000813,STD-00931,IS 2039,LEGAL,LEGAL-00012,,REFERENCED_BY,related_is_text,related_is_text,IS 2039,,F033,bis_circulars (1).csv,,109,1.00,
REL-IS_ENT-0000814,STD-00933,IS 2041,LEGAL,LEGAL-00012,,REFERENCED_BY,related_is_text,related_is_text,IS 2041,,F033,bis_circulars (1).csv,,109,1.00,
REL-IS_ENT-0000815,STD-00934,IS 2046,LEGAL,LEGAL-00012,,REFERENCED_BY,related_is_text,related_is_text,IS 2046,,F033,bis_circulars (1).csv,,109,1.00,
REL-IS_ENT-0000816,STD-00932,IS 204,LEGAL,LEGAL-00012,,REFERENCED_BY,related_is_text,related_is_text,IS 204,,F033,bis_circulars (1).csv,,109,1.00,
REL-IS_ENT-0000817,STD-00932,IS 204,LEGAL,LEGAL-00012,,REFERENCED_BY,related_is_text,related_is_text,IS 204,,F033,bis_circulars (1).csv,,109,1.00,
REL-IS_ENT-0000818,STD-00935,IS 205,LEGAL,LEGAL-00012,,REFERENCED_BY,related_is_text,related_is_text,IS 205,,F033,bis_circulars (1).csv,,109,1.00,
REL-IS_ENT-0000819,STD-00936,IS 2052,LEGAL,LEGAL-00012,,REFERENCED_BY,related_is_text,related_is_text,IS 2052,,F033,bis_circulars (1).csv,,109,1.00,
REL-IS_ENT-0000820,STD-00938,IS 2061,LEGAL,LEGAL-00012,,REFERENCED_BY,related_is_text,related_is_text,IS 2061,,F033,bis_circulars (1).csv,,109,1.00,
REL-IS_ENT-0000821,STD-00939,IS 2062,LEGAL,LEGAL-00012,,REFERENCED_BY,related_is_text,related_is_text,IS 2062,,F033,bis_circulars (1).csv,,109,1.00,
REL-IS_ENT-0000822,STD-00942,IS 2074,LEGAL,LEGAL-00012,,REFERENCED_BY,related_is_text,related_is_text,IS 2074,,F033,bis_circulars (1).csv,,109,1.00,
REL-IS_ENT-0000823,STD-00943,IS 2076,LEGAL,LEGAL-00012,,REFERENCED_BY,related_is_text,related_is_text,IS 2076,,F033,bis_circulars (1).csv,,109,1.00,
REL-IS_ENT-0000824,STD-00944,IS 208,LEGAL,LEGAL-00012,,REFERENCED_BY,related_is_text,related_is_text,IS 208,,F033,bis_circulars (1).csv,,109,1.00,
REL-IS_ENT-0000825,STD-00946,IS 2082,LEGAL,LEGAL-00012,,REFERENCED_BY,related_is_text,related_is_text,IS 2082,,F033,bis_circulars (1).csv,,109,1.00,
REL-IS_ENT-0000826,STD-00949,IS 2089,LEGAL,LEGAL-00012,,REFERENCED_BY,related_is_text,related_is_text,IS 2089,,F033,bis_circulars (1).csv,,109,1.00,
REL-IS_ENT-0000827,STD-00952,IS 2095,LEGAL,LEGAL-00012,,REFERENCED_BY,related_is_text,related_is_text,IS 2095,,F033,bis_circulars (1).csv,,109,1.00,
REL-IS_ENT-0000828,STD-00954,IS 2096,LEGAL,LEGAL-00012,,REFERENCED_BY,related_is_text,related_is_text,IS 2096,,F033,bis_circulars (1).csv,,109,1.00,
REL-IS_ENT-0000829,STD-00955,IS 2097,LEGAL,LEGAL-00012,,REFERENCED_BY,related_is_text,related_is_text,IS 2097,,F033,bis_circulars (1).csv,,109,1.00,
REL-IS_ENT-0000830,STD-00956,IS 2098,LEGAL,LEGAL-00012,,REFERENCED_BY,related_is_text,related_is_text,IS 2098,,F033,bis_circulars (1).csv,,109,1.00,
REL-IS_ENT-0000831,STD-00957,IS 21,LEGAL,LEGAL-00012,,REFERENCED_BY,related_is_text,related_is_text,IS 21,,F033,bis_circulars (1).csv,,109,1.00,
REL-IS_ENT-0000832,STD-00958,IS 210,LEGAL,LEGAL-00012,,REFERENCED_BY,related_is_text,related_is_text,IS 210,,F033,bis_circulars (1).csv,,109,1.00,
REL-IS_ENT-0000833,STD-00962,IS 2124,LEGAL,LEGAL-00012,,REFERENCED_BY,related_is_text,related_is_text,IS 2124,,F033,bis_circulars (1).csv,,109,1.00,
REL-IS_ENT-0000834,STD-00963,IS 2141,LEGAL,LEGAL-00012,,REFERENCED_BY,related_is_text,related_is_text,IS 2141,,F033,bis_circulars (1).csv,,109,1.00,
REL-IS_ENT-0000835,STD-00964,IS 2142,LEGAL,LEGAL-00012,,REFERENCED_BY,related_is_text,related_is_text,IS 2142,,F033,bis_circulars (1).csv,,109,1.00,
REL-IS_ENT-0000836,STD-00967,IS 2185,LEGAL,LEGAL-00012,,REFERENCED_BY,related_is_text,related_is_text,IS 2185,,F033,bis_circulars (1).csv,,109,1.00,
REL-IS_ENT-0000837,STD-00967,IS 2185,LEGAL,LEGAL-00012,,REFERENCED_BY,related_is_text,related_is_text,IS 2185,,F033,bis_circulars (1).csv,,109,1.00,
REL-IS_ENT-0000838,STD-00969,IS 2202,LEGAL,LEGAL-00012,,REFERENCED_BY,related_is_text,related_is_text,IS 2202,,F033,bis_circulars (1).csv,,109,1.00,
REL-IS_ENT-0000839,STD-00971,IS 2215,LEGAL,LEGAL-00012,,REFERENCED_BY,related_is_text,related_is_text,IS 2215,,F033,bis_circulars (1).csv,,109,1.00,
REL-IS_ENT-0000840,STD-00974,IS 2257,LEGAL,LEGAL-00012,,REFERENCED_BY,related_is_text,related_is_text,IS 2257,,F033,bis_circulars (1).csv,,109,1.00,
REL-IS_ENT-0000841,STD-00975,IS 2266,LEGAL,LEGAL-00012,,REFERENCED_BY,related_is_text,related_is_text,IS 2266,,F033,bis_circulars (1).csv,,109,1.00,
REL-IS_ENT-0000842,STD-00980,IS 2312,LEGAL,LEGAL-00012,,REFERENCED_BY,related_is_text,related_is_text,IS 2312,,F033,bis_circulars (1).csv,,109,1.00,
REL-IS_ENT-0000843,STD-00981,IS 2339,LEGAL,LEGAL-00012,,REFERENCED_BY,related_is_text,related_is_text,IS 2339,,F033,bis_circulars (1).csv,,109,1.00,
REL-IS_ENT-0000844,STD-00982,IS 2347,LEGAL,LEGAL-00012,,REFERENCED_BY,related_is_text,related_is_text,IS 2347,,F033,bis_circulars (1).csv,,109,1.00,
REL-IS_ENT-0000845,STD-00983,IS 2358,LEGAL,LEGAL-00012,,REFERENCED_BY,related_is_text,related_is_text,IS 2358,,F033,bis_circulars (1).csv,,109,1.00,
REL-IS_ENT-0000846,STD-00984,IS 2365,LEGAL,LEGAL-00012,,REFERENCED_BY,related_is_text,related_is_text,IS 2365,,F033,bis_circulars (1).csv,,109,1.00,
REL-IS_ENT-0000847,STD-00985,IS 2373,LEGAL,LEGAL-00012,,REFERENCED_BY,related_is_text,related_is_text,IS 2373,,F033,bis_circulars (1).csv,,109,1.00,
REL-IS_ENT-0000848,STD-00987,IS 2386,LEGAL,LEGAL-00012,,REFERENCED_BY,related_is_text,related_is_text,IS 2386,,F033,bis_circulars (1).csv,,109,1.00,
REL-IS_ENT-0000849,STD-00988,IS 2396,LEGAL,LEGAL-00012,,REFERENCED_BY,related_is_text,related_is_text,IS 2396,,F033,bis_circulars (1).csv,,109,1.00,
REL-IS_ENT-0000850,STD-00990,IS 2403,LEGAL,LEGAL-00012,,REFERENCED_BY,related_is_text,related_is_text,IS 2403,,F033,bis_circulars (1).csv,,109,1.00,
REL-IS_ENT-0000851,STD-00991,IS 2404,LEGAL,LEGAL-00012,,REFERENCED_BY,related_is_text,related_is_text,IS 2404,,F033,bis_circulars (1).csv,,109,1.00,
REL-IS_ENT-0000852,STD-00993,IS 2414,LEGAL,LEGAL-00012,,REFERENCED_BY,related_is_text,related_is_text,IS 2414,,F033,bis_circulars (1).csv,,109,1.00,
REL-IS_ENT-0000853,STD-00994,IS 2415,LEGAL,LEGAL-00012,,REFERENCED_BY,related_is_text,related_is_text,IS 2415,,F033,bis_circulars (1).csv,,109,1.00,
REL-IS_ENT-0000854,STD-00995,IS 2418,LEGAL,LEGAL-00012,,REFERENCED_BY,related_is_text,related_is_text,IS 2418,,F033,bis_circulars (1).csv,,109,1.00,
REL-IS_ENT-0000855,STD-00997,IS 245,LEGAL,LEGAL-00012,,REFERENCED_BY,related_is_text,related_is_text,IS 245,,F033,bis_circulars (1).csv,,109,1.00,
REL-IS_ENT-0000856,STD-00998,IS 2465,LEGAL,LEGAL-00012,,REFERENCED_BY,related_is_text,related_is_text,IS 2465,,F033,bis_circulars (1).csv,,109,1.00,
REL-IS_ENT-0000857,STD-00999,IS 2494,LEGAL,LEGAL-00012,,REFERENCED_BY,related_is_text,related_is_text,IS 2494,,F033,bis_circulars (1).csv,,109,1.00,
REL-IS_ENT-0000858,STD-01003,IS 2508,LEGAL,LEGAL-00012,,REFERENCED_BY,related_is_text,related_is_text,IS 2508,,F033,bis_circulars (1).csv,,109,1.00,
REL-IS_ENT-0000859,STD-01004,IS 251,LEGAL,LEGAL-00012,,REFERENCED_BY,related_is_text,related_is_text,IS 251,,F033,bis_circulars (1).csv,,109,1.00,
REL-IS_ENT-0000860,STD-01005,IS 2512,LEGAL,LEGAL-00012,,REFERENCED_BY,related_is_text,related_is_text,IS 2512,,F033,bis_circulars (1).csv,,109,1.00,
REL-IS_ENT-0000861,STD-01006,IS 252,LEGAL,LEGAL-00012,,REFERENCED_BY,related_is_text,related_is_text,IS 252,,F033,bis_circulars (1).csv,,109,1.00,
REL-IS_ENT-0000862,STD-01007,IS 253,LEGAL,LEGAL-00012,,REFERENCED_BY,related_is_text,related_is_text,IS 253,,F033,bis_circulars (1).csv,,109,1.00,
REL-IS_ENT-0000863,STD-01010,IS 2546,LEGAL,LEGAL-00012,,REFERENCED_BY,related_is_text,related_is_text,IS 2546,,F033,bis_circulars (1).csv,,109,1.00,
REL-IS_ENT-0000864,STD-01011,IS 2547,LEGAL,LEGAL-00012,,REFERENCED_BY,related_is_text,related_is_text,IS 2547,,F033,bis_circulars (1).csv,,109,1.00,
REL-IS_ENT-0000865,STD-01012,IS 2548,LEGAL,LEGAL-00012,,REFERENCED_BY,related_is_text,related_is_text,IS 2548,,F033,bis_circulars (1).csv,,109,1.00,
REL-IS_ENT-0000866,STD-01013,IS 2552,LEGAL,LEGAL-00012,,REFERENCED_BY,related_is_text,related_is_text,IS 2552,,F033,bis_circulars (1).csv,,109,1.00,
REL-IS_ENT-0000867,STD-01014,IS 2553,LEGAL,LEGAL-00012,,REFERENCED_BY,related_is_text,related_is_text,IS 2553,,F033,bis_circulars (1).csv,,109,1.00,
REL-IS_ENT-0000868,STD-01014,IS 2553,LEGAL,LEGAL-00012,,REFERENCED_BY,related_is_text,related_is_text,IS 2553,,F033,bis_circulars (1).csv,,109,1.00,
REL-IS_ENT-0000869,STD-01017,IS 2556,LEGAL,LEGAL-00012,,REFERENCED_BY,related_is_text,related_is_text,IS 2556,,F033,bis_circulars (1).csv,,109,1.00,
REL-IS_ENT-0000870,STD-01017,IS 2556,LEGAL,LEGAL-00012,,REFERENCED_BY,related_is_text,related_is_text,IS 2556,,F033,bis_circulars (1).csv,,109,1.00,
REL-IS_ENT-0000871,STD-01017,IS 2556,LEGAL,LEGAL-00012,,REFERENCED_BY,related_is_text,related_is_text,IS 2556,,F033,bis_circulars (1).csv,,109,1.00,
REL-IS_ENT-0000872,STD-01017,IS 2556,LEGAL,LEGAL-00012,,REFERENCED_BY,related_is_text,related_is_text,IS 2556,,F033,bis_circulars (1).csv,,109,1.00,
REL-IS_ENT-0000873,STD-01017,IS 2556,LEGAL,LEGAL-00012,,REFERENCED_BY,related_is_text,related_is_text,IS 2556,,F033,bis_circulars (1).csv,,109,1.00,
REL-IS_ENT-0000874,STD-01017,IS 2556,LEGAL,LEGAL-00012,,REFERENCED_BY,related_is_text,related_is_text,IS 2556,,F033,bis_circulars (1).csv,,109,1.00,
REL-IS_ENT-0000875,STD-01017,IS 2556,LEGAL,LEGAL-00012,,REFERENCED_BY,related_is_text,related_is_text,IS 2556,,F033,bis_circulars (1).csv,,109,1.00,
REL-IS_ENT-0000876,STD-01017,IS 2556,LEGAL,LEGAL-00012,,REFERENCED_BY,related_is_text,related_is_text,IS 2556,,F033,bis_circulars (1).csv,,109,1.00,
REL-IS_ENT-0000877,STD-01017,IS 2556,LEGAL,LEGAL-00012,,REFERENCED_BY,related_is_text,related_is_text,IS 2556,,F033,bis_circulars (1).csv,,109,1.00,
REL-IS_ENT-0000878,STD-01017,IS 2556,LEGAL,LEGAL-00012,,REFERENCED_BY,related_is_text,related_is_text,IS 2556,,F033,bis_circulars (1).csv,,109,1.00,
REL-IS_ENT-0000879,STD-01017,IS 2556,LEGAL,LEGAL-00012,,REFERENCED_BY,related_is_text,related_is_text,IS 2556,,F033,bis_circulars (1).csv,,109,1.00,
REL-IS_ENT-0000880,STD-01017,IS 2556,LEGAL,LEGAL-00012,,REFERENCED_BY,related_is_text,related_is_text,IS 2556,,F033,bis_circulars (1).csv,,109,1.00,
REL-IS_ENT-0000881,STD-01017,IS 2556,LEGAL,LEGAL-00012,,REFERENCED_BY,related_is_text,related_is_text,IS 2556,,F033,bis_circulars (1).csv,,109,1.00,
REL-IS_ENT-0000882,STD-01017,IS 2556,LEGAL,LEGAL-00012,,REFERENCED_BY,related_is_text,related_is_text,IS 2556,,F033,bis_circulars (1).csv,,109,1.00,
REL-IS_ENT-0000883,STD-01018,IS 2557,LEGAL,LEGAL-00012,,REFERENCED_BY,related_is_text,related_is_text,IS 2557,,F033,bis_circulars (1).csv,,109,1.00,
REL-IS_ENT-0000884,STD-01019,IS 2558,LEGAL,LEGAL-00012,,REFERENCED_BY,related_is_text,related_is_text,IS 2558,,F033,bis_circulars (1).csv,,109,1.00,
REL-IS_ENT-0000885,STD-01020,IS 2566,LEGAL,LEGAL-00012,,REFERENCED_BY,related_is_text,related_is_text,IS 2566,,F033,bis_circulars (1).csv,,109,1.00,
REL-IS_ENT-0000886,STD-01021,IS 2567,LEGAL,LEGAL-00012,,REFERENCED_BY,related_is_text,related_is_text,IS 2567,,F033,bis_circulars (1).csv,,109,1.00,
REL-IS_ENT-0000887,STD-01022,IS 2568,LEGAL,LEGAL-00012,,REFERENCED_BY,related_is_text,related_is_text,IS 2568,,F033,bis_circulars (1).csv,,109,1.00,
REL-IS_ENT-0000888,STD-01023,IS 2569,LEGAL,LEGAL-00012,,REFERENCED_BY,related_is_text,related_is_text,IS 2569,,F033,bis_circulars (1).csv,,109,1.00,
REL-IS_ENT-0000889,STD-01024,IS 2573,LEGAL,LEGAL-00012,,REFERENCED_BY,related_is_text,related_is_text,IS 2573,,F033,bis_circulars (1).csv,,109,1.00,
REL-IS_ENT-0000890,STD-01025,IS 2581,LEGAL,LEGAL-00012,,REFERENCED_BY,related_is_text,related_is_text,IS 2581,,F033,bis_circulars (1).csv,,109,1.00,
REL-IS_ENT-0000891,STD-01029,IS 2593,LEGAL,LEGAL-00012,,REFERENCED_BY,related_is_text,related_is_text,IS 2593,,F033,bis_circulars (1).csv,,109,1.00,
REL-IS_ENT-0000892,STD-01030,IS 2596,LEGAL,LEGAL-00012,,REFERENCED_BY,related_is_text,related_is_text,IS 2596,,F033,bis_circulars (1).csv,,109,1.00,
REL-IS_ENT-0000893,STD-01032,IS 261,LEGAL,LEGAL-00012,,REFERENCED_BY,related_is_text,related_is_text,IS 261,,F033,bis_circulars (1).csv,,109,1.00,
REL-IS_ENT-0000894,STD-01034,IS 2619,LEGAL,LEGAL-00012,,REFERENCED_BY,related_is_text,related_is_text,IS 2619,,F033,bis_circulars (1).csv,,109,1.00,
REL-IS_ENT-0000895,STD-01035,IS 2641,LEGAL,LEGAL-00012,,REFERENCED_BY,related_is_text,related_is_text,IS 2641,,F033,bis_circulars (1).csv,,109,1.00,
REL-IS_ENT-0000896,STD-01036,IS 2645,LEGAL,LEGAL-00012,,REFERENCED_BY,related_is_text,related_is_text,IS 2645,,F033,bis_circulars (1).csv,,109,1.00,
REL-IS_ENT-0000897,STD-01037,IS 265,LEGAL,LEGAL-00012,,REFERENCED_BY,related_is_text,related_is_text,IS 265,,F033,bis_circulars (1).csv,,109,1.00,
REL-IS_ENT-0000898,STD-01038,IS 2653,LEGAL,LEGAL-00012,,REFERENCED_BY,related_is_text,related_is_text,IS 2653,,F033,bis_circulars (1).csv,,109,1.00,
REL-IS_ENT-0000899,STD-01039,IS 266,LEGAL,LEGAL-00012,,REFERENCED_BY,related_is_text,related_is_text,IS 266,,F033,bis_circulars (1).csv,,109,1.00,
REL-IS_ENT-0000900,STD-01040,IS 2681,LEGAL,LEGAL-00012,,REFERENCED_BY,related_is_text,related_is_text,IS 2681,,F033,bis_circulars (1).csv,,109,1.00,
REL-IS_ENT-0000901,STD-01041,IS 269,LEGAL,LEGAL-00012,,REFERENCED_BY,related_is_text,related_is_text,IS 269,,F033,bis_circulars (1).csv,,109,1.00,
REL-IS_ENT-0000902,STD-01042,IS 2692,LEGAL,LEGAL-00012,,REFERENCED_BY,related_is_text,related_is_text,IS 2692,,F033,bis_circulars (1).csv,,109,1.00,
REL-IS_ENT-0000903,STD-01044,IS 2705,LEGAL,LEGAL-00012,,REFERENCED_BY,related_is_text,related_is_text,IS 2705,,F033,bis_circulars (1).csv,,109,1.00,
REL-IS_ENT-0000904,STD-01045,IS 2712,LEGAL,LEGAL-00012,,REFERENCED_BY,related_is_text,related_is_text,IS 2712,,F033,bis_circulars (1).csv,,109,1.00,
REL-IS_ENT-0000905,STD-01046,IS 2713,LEGAL,LEGAL-00012,,REFERENCED_BY,related_is_text,related_is_text,IS 2713,,F033,bis_circulars (1).csv,,109,1.00,
REL-IS_ENT-0000906,STD-01047,IS 2721,LEGAL,LEGAL-00012,,REFERENCED_BY,related_is_text,related_is_text,IS 2721,,F033,bis_circulars (1).csv,,109,1.00,
REL-IS_ENT-0000907,STD-01049,IS 2730,LEGAL,LEGAL-00012,,REFERENCED_BY,related_is_text,related_is_text,IS 2730,,F033,bis_circulars (1).csv,,109,1.00,
REL-IS_ENT-0000908,STD-01051,IS 2745,LEGAL,LEGAL-00012,,REFERENCED_BY,related_is_text,related_is_text,IS 2745,,F033,bis_circulars (1).csv,,109,1.00,
REL-IS_ENT-0000909,STD-01052,IS 276,LEGAL,LEGAL-00012,,REFERENCED_BY,related_is_text,related_is_text,IS 276,,F033,bis_circulars (1).csv,,109,1.00,
REL-IS_ENT-0000910,STD-01054,IS 277,LEGAL,LEGAL-00012,,REFERENCED_BY,related_is_text,related_is_text,IS 277,,F033,bis_circulars (1).csv,,109,1.00,
REL-IS_ENT-0000911,STD-01057,IS 278,LEGAL,LEGAL-00012,,REFERENCED_BY,related_is_text,related_is_text,IS 278,,F033,bis_circulars (1).csv,,109,1.00,
REL-IS_ENT-0000912,STD-01059,IS 2785,LEGAL,LEGAL-00012,,REFERENCED_BY,related_is_text,related_is_text,IS 2785,,F033,bis_circulars (1).csv,,109,1.00,
REL-IS_ENT-0000913,STD-01061,IS 2791,LEGAL,LEGAL-00012,,REFERENCED_BY,related_is_text,related_is_text,IS 2791,,F033,bis_circulars (1).csv,,109,1.00,
REL-IS_ENT-0000914,STD-01062,IS 280,LEGAL,LEGAL-00012,,REFERENCED_BY,related_is_text,related_is_text,IS 280,,F033,bis_circulars (1).csv,,109,1.00,
REL-IS_ENT-0000915,STD-01063,IS 2802,LEGAL,LEGAL-00012,,REFERENCED_BY,related_is_text,related_is_text,IS 2802,,F033,bis_circulars (1).csv,,109,1.00,
REL-IS_ENT-0000916,STD-01064,IS 281,LEGAL,LEGAL-00012,,REFERENCED_BY,related_is_text,related_is_text,IS 281,,F033,bis_circulars (1).csv,,109,1.00,
REL-IS_ENT-0000917,STD-01066,IS 2830,LEGAL,LEGAL-00012,,REFERENCED_BY,related_is_text,related_is_text,IS 2830,,F033,bis_circulars (1).csv,,109,1.00,
REL-IS_ENT-0000918,STD-01067,IS 2831,LEGAL,LEGAL-00012,,REFERENCED_BY,related_is_text,related_is_text,IS 2831,,F033,bis_circulars (1).csv,,109,1.00,
REL-IS_ENT-0000919,STD-01070,IS 285,LEGAL,LEGAL-00012,,REFERENCED_BY,related_is_text,related_is_text,IS 285,,F033,bis_circulars (1).csv,,109,1.00,
REL-IS_ENT-0000920,STD-01071,IS 2871,LEGAL,LEGAL-00012,,REFERENCED_BY,related_is_text,related_is_text,IS 2871,,F033,bis_circulars (1).csv,,109,1.00,
REL-IS_ENT-0000921,STD-01072,IS 2878,LEGAL,LEGAL-00012,,REFERENCED_BY,related_is_text,related_is_text,IS 2878,,F033,bis_circulars (1).csv,,109,1.00,
REL-IS_ENT-0000922,STD-01073,IS 2879,LEGAL,LEGAL-00012,,REFERENCED_BY,related_is_text,related_is_text,IS 2879,,F033,bis_circulars (1).csv,,109,1.00,
REL-IS_ENT-0000923,STD-01074,IS 2888,LEGAL,LEGAL-00012,,REFERENCED_BY,related_is_text,related_is_text,IS 2888,,F033,bis_circulars (1).csv,,109,1.00,
REL-IS_ENT-0000924,STD-01078,IS 2923,LEGAL,LEGAL-00012,,REFERENCED_BY,related_is_text,related_is_text,IS 2923,,F033,bis_circulars (1).csv,,109,1.00,
REL-IS_ENT-0000925,STD-01079,IS 2925,LEGAL,LEGAL-00012,,REFERENCED_BY,related_is_text,related_is_text,IS 2925,,F033,bis_circulars (1).csv,,109,1.00,
REL-IS_ENT-0000926,STD-01080,IS 2932,LEGAL,LEGAL-00012,,REFERENCED_BY,related_is_text,related_is_text,IS 2932,,F033,bis_circulars (1).csv,,109,1.00,
REL-IS_ENT-0000927,STD-01081,IS 2933,LEGAL,LEGAL-00012,,REFERENCED_BY,related_is_text,related_is_text,IS 2933,,F033,bis_circulars (1).csv,,109,1.00,
REL-IS_ENT-0000928,STD-01083,IS 2980,LEGAL,LEGAL-00012,,REFERENCED_BY,related_is_text,related_is_text,IS 2980,,F033,bis_circulars (1).csv,,109,1.00,
REL-IS_ENT-0000929,STD-01084,IS 299,LEGAL,LEGAL-00012,,REFERENCED_BY,related_is_text,related_is_text,IS 299,,F033,bis_circulars (1).csv,,109,1.00,
REL-IS_ENT-0000930,STD-01085,IS 2993,LEGAL,LEGAL-00012,,REFERENCED_BY,related_is_text,related_is_text,IS 2993,,F033,bis_circulars (1).csv,,109,1.00,
REL-IS_ENT-0000931,STD-01086,IS 2997,LEGAL,LEGAL-00012,,REFERENCED_BY,related_is_text,related_is_text,IS 2997,,F033,bis_circulars (1).csv,,109,1.00,
REL-IS_ENT-0000932,STD-01088,IS 3017,LEGAL,LEGAL-00012,,REFERENCED_BY,related_is_text,related_is_text,IS 3017,,F033,bis_circulars (1).csv,,109,1.00,
REL-IS_ENT-0000933,STD-01092,IS 3024,LEGAL,LEGAL-00012,,REFERENCED_BY,related_is_text,related_is_text,IS 3024,,F033,bis_circulars (1).csv,,109,1.00,
REL-IS_ENT-0000934,STD-01089,IS 302,LEGAL,LEGAL-00012,,REFERENCED_BY,related_is_text,related_is_text,IS 302,,F033,bis_circulars (1).csv,,109,1.00,
REL-IS_ENT-0000935,STD-01094,IS 303,LEGAL,LEGAL-00012,,REFERENCED_BY,related_is_text,related_is_text,IS 303,,F033,bis_circulars (1).csv,,109,1.00,
REL-IS_ENT-0000936,STD-01096,IS 3055,LEGAL,LEGAL-00012,,REFERENCED_BY,related_is_text,related_is_text,IS 3055,,F033,bis_circulars (1).csv,,109,1.00,
REL-IS_ENT-0000937,STD-01096,IS 3055,LEGAL,LEGAL-00012,,REFERENCED_BY,related_is_text,related_is_text,IS 3055,,F033,bis_circulars (1).csv,,109,1.00,
REL-IS_ENT-0000938,STD-01097,IS 3062,LEGAL,LEGAL-00012,,REFERENCED_BY,related_is_text,related_is_text,IS 3062,,F033,bis_circulars (1).csv,,109,1.00,
REL-IS_ENT-0000939,STD-01099,IS 3074,LEGAL,LEGAL-00012,,REFERENCED_BY,related_is_text,related_is_text,IS 3074,,F033,bis_circulars (1).csv,,109,1.00,
REL-IS_ENT-0000940,STD-01100,IS 3087,LEGAL,LEGAL-00012,,REFERENCED_BY,related_is_text,related_is_text,IS 3087,,F033,bis_circulars (1).csv,,109,1.00,
REL-IS_ENT-0000941,STD-01101,IS 3097,LEGAL,LEGAL-00012,,REFERENCED_BY,related_is_text,related_is_text,IS 3097,,F033,bis_circulars (1).csv,,109,1.00,
REL-IS_ENT-0000942,STD-01102,IS 3099,LEGAL,LEGAL-00012,,REFERENCED_BY,related_is_text,related_is_text,IS 3099,,F033,bis_circulars (1).csv,,109,1.00,
REL-IS_ENT-0000943,STD-01104,IS 3104,LEGAL,LEGAL-00012,,REFERENCED_BY,related_is_text,related_is_text,IS 3104,,F033,bis_circulars (1).csv,,109,1.00,
REL-IS_ENT-0000944,STD-01105,IS 3118,LEGAL,LEGAL-00012,,REFERENCED_BY,related_is_text,related_is_text,IS 3118,,F033,bis_circulars (1).csv,,109,1.00,
REL-IS_ENT-0000945,STD-01106,IS 3119,LEGAL,LEGAL-00012,,REFERENCED_BY,related_is_text,related_is_text,IS 3119,,F033,bis_circulars (1).csv,,109,1.00,
REL-IS_ENT-0000946,STD-01108,IS 3181,LEGAL,LEGAL-00012,,REFERENCED_BY,related_is_text,related_is_text,IS 3181,,F033,bis_circulars (1).csv,,109,1.00,
REL-IS_ENT-0000947,STD-01109,IS 3183,LEGAL,LEGAL-00012,,REFERENCED_BY,related_is_text,related_is_text,IS 3183,,F033,bis_circulars (1).csv,,109,1.00,
REL-IS_ENT-0000948,STD-01112,IS 3196,LEGAL,LEGAL-00012,,REFERENCED_BY,related_is_text,related_is_text,IS 3196,,F033,bis_circulars (1).csv,,109,1.00,
REL-IS_ENT-0000949,STD-01112,IS 3196,LEGAL,LEGAL-00012,,REFERENCED_BY,related_is_text,related_is_text,IS 3196,,F033,bis_circulars (1).csv,,109,1.00,
REL-IS_ENT-0000950,STD-01112,IS 3196,LEGAL,LEGAL-00012,,REFERENCED_BY,related_is_text,related_is_text,IS 3196,,F033,bis_circulars (1).csv,,109,1.00,
REL-IS_ENT-0000951,STD-01115,IS 3224,LEGAL,LEGAL-00012,,REFERENCED_BY,related_is_text,related_is_text,IS 3224,,F033,bis_circulars (1).csv,,109,1.00,
REL-IS_ENT-0000952,STD-01116,IS 325,LEGAL,LEGAL-00012,,REFERENCED_BY,related_is_text,related_is_text,IS 325,,F033,bis_circulars (1).csv,,109,1.00,
REL-IS_ENT-0000953,STD-01120,IS 3308,LEGAL,LEGAL-00012,,REFERENCED_BY,related_is_text,related_is_text,IS 3308,,F033,bis_circulars (1).csv,,109,1.00,
REL-IS_ENT-0000954,STD-01121,IS 3309,LEGAL,LEGAL-00012,,REFERENCED_BY,related_is_text,related_is_text,IS 3309,,F033,bis_circulars (1).csv,,109,1.00,
REL-IS_ENT-0000955,STD-01124,IS 3319,LEGAL,LEGAL-00012,,REFERENCED_BY,related_is_text,related_is_text,IS 3319,,F033,bis_circulars (1).csv,,109,1.00,
REL-IS_ENT-0000956,STD-01125,IS 3323,LEGAL,LEGAL-00012,,REFERENCED_BY,related_is_text,related_is_text,IS 3323,,F033,bis_circulars (1).csv,,109,1.00,
REL-IS_ENT-0000957,STD-01126,IS 3327,LEGAL,LEGAL-00012,,REFERENCED_BY,related_is_text,related_is_text,IS 3327,,F033,bis_circulars (1).csv,,109,1.00,
REL-IS_ENT-0000958,STD-01127,IS 335,LEGAL,LEGAL-00012,,REFERENCED_BY,related_is_text,related_is_text,IS 335,,F033,bis_circulars (1).csv,,109,1.00,
REL-IS_ENT-0000959,STD-01129,IS 3383,LEGAL,LEGAL-00012,,REFERENCED_BY,related_is_text,related_is_text,IS 3383,,F033,bis_circulars (1).csv,,109,1.00,
REL-IS_ENT-0000960,STD-01130,IS 3390,LEGAL,LEGAL-00012,,REFERENCED_BY,related_is_text,related_is_text,IS 3390,,F033,bis_circulars (1).csv,,109,1.00,
REL-IS_ENT-0000961,STD-01132,IS 341,LEGAL,LEGAL-00012,,REFERENCED_BY,related_is_text,related_is_text,IS 341,,F033,bis_circulars (1).csv,,109,1.00,
REL-IS_ENT-0000962,STD-01133,IS 3419,LEGAL,LEGAL-00012,,REFERENCED_BY,related_is_text,related_is_text,IS 3419,,F033,bis_circulars (1).csv,,109,1.00,
REL-IS_ENT-0000963,STD-01135,IS 3443,LEGAL,LEGAL-00012,,REFERENCED_BY,related_is_text,related_is_text,IS 3443,,F033,bis_circulars (1).csv,,109,1.00,
REL-IS_ENT-0000964,STD-01138,IS 3450,LEGAL,LEGAL-00012,,REFERENCED_BY,related_is_text,related_is_text,IS 3450,,F033,bis_circulars (1).csv,,109,1.00,
REL-IS_ENT-0000965,STD-01139,IS 3459,LEGAL,LEGAL-00012,,REFERENCED_BY,related_is_text,related_is_text,IS 3459,,F033,bis_circulars (1).csv,,109,1.00,
REL-IS_ENT-0000966,STD-01140,IS 3462,LEGAL,LEGAL-00012,,REFERENCED_BY,related_is_text,related_is_text,IS 3462,,F033,bis_circulars (1).csv,,109,1.00,
REL-IS_ENT-0000967,STD-01141,IS 3466,LEGAL,LEGAL-00012,,REFERENCED_BY,related_is_text,related_is_text,IS 3466,,F033,bis_circulars (1).csv,,109,1.00,
REL-IS_ENT-0000968,STD-01142,IS 3470,LEGAL,LEGAL-00012,,REFERENCED_BY,related_is_text,related_is_text,IS 3470,,F033,bis_circulars (1).csv,,109,1.00,
REL-IS_ENT-0000969,STD-01143,IS 3502,LEGAL,LEGAL-00012,,REFERENCED_BY,related_is_text,related_is_text,IS 3502,,F033,bis_circulars (1).csv,,109,1.00,
REL-IS_ENT-0000970,STD-01144,IS 3513,LEGAL,LEGAL-00012,,REFERENCED_BY,related_is_text,related_is_text,IS 3513,,F033,bis_circulars (1).csv,,109,1.00,
REL-IS_ENT-0000971,STD-01145,IS 3521,LEGAL,LEGAL-00012,,REFERENCED_BY,related_is_text,related_is_text,IS 3521,,F033,bis_circulars (1).csv,,109,1.00,
REL-IS_ENT-0000972,STD-01146,IS 3549,LEGAL,LEGAL-00012,,REFERENCED_BY,related_is_text,related_is_text,IS 3549,,F033,bis_circulars (1).csv,,109,1.00,
REL-IS_ENT-0000973,STD-01147,IS 3564,LEGAL,LEGAL-00012,,REFERENCED_BY,related_is_text,related_is_text,IS 3564,,F033,bis_circulars (1).csv,,109,1.00,
REL-IS_ENT-0000974,STD-01150,IS 3575,LEGAL,LEGAL-00012,,REFERENCED_BY,related_is_text,related_is_text,IS 3575,,F033,bis_circulars (1).csv,,109,1.00,
REL-IS_ENT-0000975,STD-01151,IS 3589,LEGAL,LEGAL-00012,,REFERENCED_BY,related_is_text,related_is_text,IS 3589,,F033,bis_circulars (1).csv,,109,1.00,
REL-IS_ENT-0000976,STD-01152,IS 3601,LEGAL,LEGAL-00012,,REFERENCED_BY,related_is_text,related_is_text,IS 3601,,F033,bis_circulars (1).csv,,109,1.00,
REL-IS_ENT-0000977,STD-01154,IS 362,LEGAL,LEGAL-00012,,REFERENCED_BY,related_is_text,related_is_text,IS 362,,F033,bis_circulars (1).csv,,109,1.00,
REL-IS_ENT-0000978,STD-01155,IS 3623,LEGAL,LEGAL-00012,,REFERENCED_BY,related_is_text,related_is_text,IS 3623,,F033,bis_circulars (1).csv,,109,1.00,
REL-IS_ENT-0000979,STD-01156,IS 3626,LEGAL,LEGAL-00012,,REFERENCED_BY,related_is_text,related_is_text,IS 3626,,F033,bis_circulars (1).csv,,109,1.00,
REL-IS_ENT-0000980,STD-01157,IS 363,LEGAL,LEGAL-00012,,REFERENCED_BY,related_is_text,related_is_text,IS 363,,F033,bis_circulars (1).csv,,109,1.00,
REL-IS_ENT-0000981,STD-01160,IS 3650,LEGAL,LEGAL-00012,,REFERENCED_BY,related_is_text,related_is_text,IS 3650,,F033,bis_circulars (1).csv,,109,1.00,
REL-IS_ENT-0000982,STD-01161,IS 3652,LEGAL,LEGAL-00012,,REFERENCED_BY,related_is_text,related_is_text,IS 3652,,F033,bis_circulars (1).csv,,109,1.00,
REL-IS_ENT-0000983,STD-01162,IS 366,LEGAL,LEGAL-00012,,REFERENCED_BY,related_is_text,related_is_text,IS 366,,F033,bis_circulars (1).csv,,109,1.00,
REL-IS_ENT-0000984,STD-01164,IS 368,LEGAL,LEGAL-00012,,REFERENCED_BY,related_is_text,related_is_text,IS 368,,F033,bis_circulars (1).csv,,109,1.00,
REL-IS_ENT-0000985,STD-01165,IS 3686,LEGAL,LEGAL-00012,,REFERENCED_BY,related_is_text,related_is_text,IS 3686,,F033,bis_circulars (1).csv,,109,1.00,
REL-IS_ENT-0000986,STD-01166,IS 369,LEGAL,LEGAL-00012,,REFERENCED_BY,related_is_text,related_is_text,IS 369,,F033,bis_circulars (1).csv,,109,1.00,
REL-IS_ENT-0000987,STD-01167,IS 371,LEGAL,LEGAL-00012,,REFERENCED_BY,related_is_text,related_is_text,IS 371,,F033,bis_circulars (1).csv,,109,1.00,
REL-IS_ENT-0000988,STD-01169,IS 3725,LEGAL,LEGAL-00012,,REFERENCED_BY,related_is_text,related_is_text,IS 3725,,F033,bis_circulars (1).csv,,109,1.00,
REL-IS_ENT-0000989,STD-01170,IS 3735,LEGAL,LEGAL-00012,,REFERENCED_BY,related_is_text,related_is_text,IS 3735,,F033,bis_circulars (1).csv,,109,1.00,
REL-IS_ENT-0000990,STD-01171,IS 3736,LEGAL,LEGAL-00012,,REFERENCED_BY,related_is_text,related_is_text,IS 3736,,F033,bis_circulars (1).csv,,109,1.00,
REL-IS_ENT-0000991,STD-01172,IS 374,LEGAL,LEGAL-00012,,REFERENCED_BY,related_is_text,related_is_text,IS 374,,F033,bis_circulars (1).csv,,109,1.00,
REL-IS_ENT-0000992,STD-01173,IS 3745,LEGAL,LEGAL-00012,,REFERENCED_BY,related_is_text,related_is_text,IS 3745,,F033,bis_circulars (1).csv,,109,1.00,
REL-IS_ENT-0000993,STD-01175,IS 3757,LEGAL,LEGAL-00012,,REFERENCED_BY,related_is_text,related_is_text,IS 3757,,F033,bis_circulars (1).csv,,109,1.00,
REL-IS_ENT-0000994,STD-01176,IS 3768,LEGAL,LEGAL-00012,,REFERENCED_BY,related_is_text,related_is_text,IS 3768,,F033,bis_circulars (1).csv,,109,1.00,
REL-IS_ENT-0000995,STD-01177,IS 3812,LEGAL,LEGAL-00012,,REFERENCED_BY,related_is_text,related_is_text,IS 3812,,F033,bis_circulars (1).csv,,109,1.00,
REL-IS_ENT-0000996,STD-01178,IS 3818,LEGAL,LEGAL-00012,,REFERENCED_BY,related_is_text,related_is_text,IS 3818,,F033,bis_circulars (1).csv,,109,1.00,
REL-IS_ENT-0000997,STD-01179,IS 3829,LEGAL,LEGAL-00012,,REFERENCED_BY,related_is_text,related_is_text,IS 3829,,F033,bis_circulars (1).csv,,109,1.00,
REL-IS_ENT-0000998,STD-01179,IS 3829,LEGAL,LEGAL-00012,,REFERENCED_BY,related_is_text,related_is_text,IS 3829,,F033,bis_circulars (1).csv,,109,1.00,
REL-IS_ENT-0000999,STD-01179,IS 3829,LEGAL,LEGAL-00012,,REFERENCED_BY,related_is_text,related_is_text,IS 3829,,F033,bis_circulars (1).csv,,109,1.00,
REL-IS_ENT-0001000,STD-01181,IS 3830,LEGAL,LEGAL-00012,,REFERENCED_BY,related_is_text,related_is_text,IS 3830,,F033,bis_circulars (1).csv,,109,1.00,
REL-IS_ENT-0001001,STD-01182,IS 3831,LEGAL,LEGAL-00012,,REFERENCED_BY,related_is_text,related_is_text,IS 3831,,F033,bis_circulars (1).csv,,109,1.00,
REL-IS_ENT-0001002,STD-01183,IS 3832,LEGAL,LEGAL-00012,,REFERENCED_BY,related_is_text,related_is_text,IS 3832,,F033,bis_circulars (1).csv,,109,1.00,
REL-IS_ENT-0001003,STD-01185,IS 3854,LEGAL,LEGAL-00012,,REFERENCED_BY,related_is_text,related_is_text,IS 3854,,F033,bis_circulars (1).csv,,109,1.00,
REL-IS_ENT-0001004,STD-01188,IS 3899,LEGAL,LEGAL-00012,,REFERENCED_BY,related_is_text,related_is_text,IS 3899,,F033,bis_circulars (1).csv,,109,1.00,
REL-IS_ENT-0001005,STD-01189,IS 3902,LEGAL,LEGAL-00012,,REFERENCED_BY,related_is_text,related_is_text,IS 3902,,F033,bis_circulars (1).csv,,109,1.00,
REL-IS_ENT-0001006,STD-01190,IS 3903,LEGAL,LEGAL-00012,,REFERENCED_BY,related_is_text,related_is_text,IS 3903,,F033,bis_circulars (1).csv,,109,1.00,
REL-IS_ENT-0001007,STD-01191,IS 3906,LEGAL,LEGAL-00012,,REFERENCED_BY,related_is_text,related_is_text,IS 3906,,F033,bis_circulars (1).csv,,109,1.00,
REL-IS_ENT-0001008,STD-01194,IS 3975,LEGAL,LEGAL-00012,,REFERENCED_BY,related_is_text,related_is_text,IS 3975,,F033,bis_circulars (1).csv,,109,1.00,
REL-IS_ENT-0001009,STD-01195,IS 3976,LEGAL,LEGAL-00012,,REFERENCED_BY,related_is_text,related_is_text,IS 3976,,F033,bis_circulars (1).csv,,109,1.00,
REL-IS_ENT-0001010,STD-01199,IS 3989,LEGAL,LEGAL-00012,,REFERENCED_BY,related_is_text,related_is_text,IS 3989,,F033,bis_circulars (1).csv,,109,1.00,
REL-IS_ENT-0001011,STD-01196,IS 398,LEGAL,LEGAL-00012,,REFERENCED_BY,related_is_text,related_is_text,IS 398,,F033,bis_circulars (1).csv,,109,1.00,
REL-IS_ENT-0001012,STD-01196,IS 398,LEGAL,LEGAL-00012,,REFERENCED_BY,related_is_text,related_is_text,IS 398,,F033,bis_circulars (1).csv,,109,1.00,
REL-IS_ENT-0001013,STD-01196,IS 398,LEGAL,LEGAL-00012,,REFERENCED_BY,related_is_text,related_is_text,IS 398,,F033,bis_circulars (1).csv,,109,1.00,
REL-IS_ENT-0001014,STD-01196,IS 398,LEGAL,LEGAL-00012,,REFERENCED_BY,related_is_text,related_is_text,IS 398,,F033,bis_circulars (1).csv,,109,1.00,
REL-IS_ENT-0001015,STD-01200,IS 3992,LEGAL,LEGAL-00012,,REFERENCED_BY,related_is_text,related_is_text,IS 3992,,F033,bis_circulars (1).csv,,109,1.00,
REL-IS_ENT-0001016,STD-01201,IS 3993,LEGAL,LEGAL-00012,,REFERENCED_BY,related_is_text,related_is_text,IS 3993,,F033,bis_circulars (1).csv,,109,1.00,
REL-IS_ENT-0001017,STD-01202,IS 4003,LEGAL,LEGAL-00012,,REFERENCED_BY,related_is_text,related_is_text,IS 4003,,F033,bis_circulars (1).csv,,109,1.00,
REL-IS_ENT-0001018,STD-01202,IS 4003,LEGAL,LEGAL-00012,,REFERENCED_BY,related_is_text,related_is_text,IS 4003,,F033,bis_circulars (1).csv,,109,1.00,
REL-IS_ENT-0001019,STD-01209,IS 4035,LEGAL,LEGAL-00012,,REFERENCED_BY,related_is_text,related_is_text,IS 4035,,F033,bis_circulars (1).csv,,109,1.00,
REL-IS_ENT-0001020,STD-01210,IS 4038,LEGAL,LEGAL-00012,,REFERENCED_BY,related_is_text,related_is_text,IS 4038,,F033,bis_circulars (1).csv,,109,1.00,
REL-IS_ENT-0001021,STD-01214,IS 4109,LEGAL,LEGAL-00012,,REFERENCED_BY,related_is_text,related_is_text,IS 4109,,F033,bis_circulars (1).csv,,109,1.00,
REL-IS_ENT-0001022,STD-01215,IS 411,LEGAL,LEGAL-00012,,REFERENCED_BY,related_is_text,related_is_text,IS 411,,F033,bis_circulars (1).csv,,109,1.00,
REL-IS_ENT-0001023,STD-01217,IS 4123,LEGAL,LEGAL-00012,,REFERENCED_BY,related_is_text,related_is_text,IS 4123,,F033,bis_circulars (1).csv,,109,1.00,
REL-IS_ENT-0001024,STD-01218,IS 4135,LEGAL,LEGAL-00012,,REFERENCED_BY,related_is_text,related_is_text,IS 4135,,F033,bis_circulars (1).csv,,109,1.00,
REL-IS_ENT-0001025,STD-01219,IS 4148,LEGAL,LEGAL-00012,,REFERENCED_BY,related_is_text,related_is_text,IS 4148,,F033,bis_circulars (1).csv,,109,1.00,
REL-IS_ENT-0001026,STD-01220,IS 4151,LEGAL,LEGAL-00012,,REFERENCED_BY,related_is_text,related_is_text,IS 4151,,F033,bis_circulars (1).csv,,109,1.00,
REL-IS_ENT-0001027,STD-01221,IS 4159,LEGAL,LEGAL-00012,,REFERENCED_BY,related_is_text,related_is_text,IS 4159,,F033,bis_circulars (1).csv,,109,1.00,
REL-IS_ENT-0001028,STD-01223,IS 418,LEGAL,LEGAL-00012,,REFERENCED_BY,related_is_text,related_is_text,IS 418,,F033,bis_circulars (1).csv,,109,1.00,
REL-IS_ENT-0001029,STD-01224,IS 419,LEGAL,LEGAL-00012,,REFERENCED_BY,related_is_text,related_is_text,IS 419,,F033,bis_circulars (1).csv,,109,1.00,
REL-IS_ENT-0001030,STD-01225,IS 4199,LEGAL,LEGAL-00012,,REFERENCED_BY,related_is_text,related_is_text,IS 4199,,F033,bis_circulars (1).csv,,109,1.00,
REL-IS_ENT-0001031,STD-01229,IS 4246,LEGAL,LEGAL-00012,,REFERENCED_BY,related_is_text,related_is_text,IS 4246,,F033,bis_circulars (1).csv,,109,1.00,
REL-IS_ENT-0001032,STD-01230,IS 4250,LEGAL,LEGAL-00012,,REFERENCED_BY,related_is_text,related_is_text,IS 4250,,F033,bis_circulars (1).csv,,109,1.00,
REL-IS_ENT-0001033,STD-01231,IS 4266,LEGAL,LEGAL-00012,,REFERENCED_BY,related_is_text,related_is_text,IS 4266,,F033,bis_circulars (1).csv,,109,1.00,
REL-IS_ENT-0001034,STD-01232,IS 427,LEGAL,LEGAL-00012,,REFERENCED_BY,related_is_text,related_is_text,IS 427,,F033,bis_circulars (1).csv,,109,1.00,
REL-IS_ENT-0001035,STD-01233,IS 4270,LEGAL,LEGAL-00012,,REFERENCED_BY,related_is_text,related_is_text,IS 4270,,F033,bis_circulars (1).csv,,109,1.00,
REL-IS_ENT-0001036,STD-01236,IS 428,LEGAL,LEGAL-00012,,REFERENCED_BY,related_is_text,related_is_text,IS 428,,F033,bis_circulars (1).csv,,109,1.00,
REL-IS_ENT-0001037,STD-01237,IS 4283,LEGAL,LEGAL-00012,,REFERENCED_BY,related_is_text,related_is_text,IS 4283,,F033,bis_circulars (1).csv,,109,1.00,
REL-IS_ENT-0001038,STD-01240,IS 4308,LEGAL,LEGAL-00012,,REFERENCED_BY,related_is_text,related_is_text,IS 4308,,F033,bis_circulars (1).csv,,109,1.00,
REL-IS_ENT-0001039,STD-01242,IS 4320,LEGAL,LEGAL-00012,,REFERENCED_BY,related_is_text,related_is_text,IS 4320,,F033,bis_circulars (1).csv,,109,1.00,
REL-IS_ENT-0001040,STD-01243,IS 4328,LEGAL,LEGAL-00012,,REFERENCED_BY,related_is_text,related_is_text,IS 4328,,F033,bis_circulars (1).csv,,109,1.00,
REL-IS_ENT-0001041,STD-01241,IS 432,LEGAL,LEGAL-00012,,REFERENCED_BY,related_is_text,related_is_text,IS 432,,F033,bis_circulars (1).csv,,109,1.00,
REL-IS_ENT-0001042,STD-01241,IS 432,LEGAL,LEGAL-00012,,REFERENCED_BY,related_is_text,related_is_text,IS 432,,F033,bis_circulars (1).csv,,109,1.00,
REL-IS_ENT-0001043,STD-01244,IS 4351,LEGAL,LEGAL-00012,,REFERENCED_BY,related_is_text,related_is_text,IS 4351,,F033,bis_circulars (1).csv,,109,1.00,
REL-IS_ENT-0001044,STD-01245,IS 4355,LEGAL,LEGAL-00012,,REFERENCED_BY,related_is_text,related_is_text,IS 4355,,F033,bis_circulars (1).csv,,109,1.00,
REL-IS_ENT-0001045,STD-01247,IS 4375,LEGAL,LEGAL-00012,,REFERENCED_BY,related_is_text,related_is_text,IS 4375,,F033,bis_circulars (1).csv,,109,1.00,
REL-IS_ENT-0001046,STD-01249,IS 4381,LEGAL,LEGAL-00012,,REFERENCED_BY,related_is_text,related_is_text,IS 4381,,F033,bis_circulars (1).csv,,109,1.00,
REL-IS_ENT-0001047,STD-01251,IS 4398,LEGAL,LEGAL-00012,,REFERENCED_BY,related_is_text,related_is_text,IS 4398,,F033,bis_circulars (1).csv,,109,1.00,
REL-IS_ENT-0001048,STD-01252,IS 44,LEGAL,LEGAL-00012,,REFERENCED_BY,related_is_text,related_is_text,IS 44,,F033,bis_circulars (1).csv,,109,1.00,
REL-IS_ENT-0001049,STD-01256,IS 4432,LEGAL,LEGAL-00012,,REFERENCED_BY,related_is_text,related_is_text,IS 4432,,F033,bis_circulars (1).csv,,109,1.00,
REL-IS_ENT-0001050,STD-01257,IS 444,LEGAL,LEGAL-00012,,REFERENCED_BY,related_is_text,related_is_text,IS 444,,F033,bis_circulars (1).csv,,109,1.00,
REL-IS_ENT-0001051,STD-01258,IS 4447,LEGAL,LEGAL-00012,,REFERENCED_BY,related_is_text,related_is_text,IS 4447,,F033,bis_circulars (1).csv,,109,1.00,
REL-IS_ENT-0001052,STD-01259,IS 4448,LEGAL,LEGAL-00012,,REFERENCED_BY,related_is_text,related_is_text,IS 4448,,F033,bis_circulars (1).csv,,109,1.00,
REL-IS_ENT-0001053,STD-01260,IS 4454,LEGAL,LEGAL-00012,,REFERENCED_BY,related_is_text,related_is_text,IS 4454,,F033,bis_circulars (1).csv,,109,1.00,
REL-IS_ENT-0001054,STD-01264,IS 446,LEGAL,LEGAL-00012,,REFERENCED_BY,related_is_text,related_is_text,IS 446,,F033,bis_circulars (1).csv,,109,1.00,
REL-IS_ENT-0001055,STD-01265,IS 4467,LEGAL,LEGAL-00012,,REFERENCED_BY,related_is_text,related_is_text,IS 4467,,F033,bis_circulars (1).csv,,109,1.00,
REL-IS_ENT-0001056,STD-01266,IS 447,LEGAL,LEGAL-00012,,REFERENCED_BY,related_is_text,related_is_text,IS 447,,F033,bis_circulars (1).csv,,109,1.00,
REL-IS_ENT-0001057,STD-01267,IS 4505,LEGAL,LEGAL-00012,,REFERENCED_BY,related_is_text,related_is_text,IS 4505,,F033,bis_circulars (1).csv,,109,1.00,
REL-IS_ENT-0001058,STD-01268,IS 4508,LEGAL,LEGAL-00012,,REFERENCED_BY,related_is_text,related_is_text,IS 4508,,F033,bis_circulars (1).csv,,109,1.00,
REL-IS_ENT-0001059,STD-01269,IS 4509,LEGAL,LEGAL-00012,,REFERENCED_BY,related_is_text,related_is_text,IS 4509,,F033,bis_circulars (1).csv,,109,1.00,
REL-IS_ENT-0001060,STD-01270,IS 4521,LEGAL,LEGAL-00012,,REFERENCED_BY,related_is_text,related_is_text,IS 4521,,F033,bis_circulars (1).csv,,109,1.00,
REL-IS_ENT-0001061,STD-01272,IS 4533,LEGAL,LEGAL-00012,,REFERENCED_BY,related_is_text,related_is_text,IS 4533,,F033,bis_circulars (1).csv,,109,1.00,
REL-IS_ENT-0001062,STD-01273,IS 455,LEGAL,LEGAL-00012,,REFERENCED_BY,related_is_text,related_is_text,IS 455,,F033,bis_circulars (1).csv,,109,1.00,
REL-IS_ENT-0001063,STD-01277,IS 4572,LEGAL,LEGAL-00012,,REFERENCED_BY,related_is_text,related_is_text,IS 4572,,F033,bis_circulars (1).csv,,109,1.00,
REL-IS_ENT-0001064,STD-01279,IS 458,LEGAL,LEGAL-00012,,REFERENCED_BY,related_is_text,related_is_text,IS 458,,F033,bis_circulars (1).csv,,109,1.00,
REL-IS_ENT-0001065,STD-01281,IS 4588,LEGAL,LEGAL-00012,,REFERENCED_BY,related_is_text,related_is_text,IS 4588,,F033,bis_circulars (1).csv,,109,1.00,
REL-IS_ENT-0001066,STD-01282,IS 459,LEGAL,LEGAL-00012,,REFERENCED_BY,related_is_text,related_is_text,IS 459,,F033,bis_circulars (1).csv,,109,1.00,
REL-IS_ENT-0001067,STD-01283,IS 4605,LEGAL,LEGAL-00012,,REFERENCED_BY,related_is_text,related_is_text,IS 4605,,F033,bis_circulars (1).csv,,109,1.00,
REL-IS_ENT-0001068,STD-01285,IS 4654,LEGAL,LEGAL-00012,,REFERENCED_BY,related_is_text,related_is_text,IS 4654,,F033,bis_circulars (1).csv,,109,1.00,
REL-IS_ENT-0001069,STD-01288,IS 4684,LEGAL,LEGAL-00012,,REFERENCED_BY,related_is_text,related_is_text,IS 4684,,F033,bis_circulars (1).csv,,109,1.00,
REL-IS_ENT-0001070,STD-01289,IS 4751,LEGAL,LEGAL-00012,,REFERENCED_BY,related_is_text,related_is_text,IS 4751,,F033,bis_circulars (1).csv,,109,1.00,
REL-IS_ENT-0001071,STD-01290,IS 4752,LEGAL,LEGAL-00012,,REFERENCED_BY,related_is_text,related_is_text,IS 4752,,F033,bis_circulars (1).csv,,109,1.00,
REL-IS_ENT-0001072,STD-01291,IS 4761,LEGAL,LEGAL-00012,,REFERENCED_BY,related_is_text,related_is_text,IS 4761,,F033,bis_circulars (1).csv,,109,1.00,
REL-IS_ENT-0001073,STD-01292,IS 4766,LEGAL,LEGAL-00012,,REFERENCED_BY,related_is_text,related_is_text,IS 4766,,F033,bis_circulars (1).csv,,109,1.00,
REL-IS_ENT-0001074,STD-01293,IS 4783,LEGAL,LEGAL-00012,,REFERENCED_BY,related_is_text,related_is_text,IS 4783,,F033,bis_circulars (1).csv,,109,1.00,
REL-IS_ENT-0001075,STD-01294,IS 4808,LEGAL,LEGAL-00012,,REFERENCED_BY,related_is_text,related_is_text,IS 4808,,F033,bis_circulars (1).csv,,109,1.00,
REL-IS_ENT-0001076,STD-01296,IS 4835,LEGAL,LEGAL-00012,,REFERENCED_BY,related_is_text,related_is_text,IS 4835,,F033,bis_circulars (1).csv,,109,1.00,
REL-IS_ENT-0001077,STD-01297,IS 4860,LEGAL,LEGAL-00012,,REFERENCED_BY,related_is_text,related_is_text,IS 4860,,F033,bis_circulars (1).csv,,109,1.00,
REL-IS_ENT-0001078,STD-01300,IS 4923,LEGAL,LEGAL-00012,,REFERENCED_BY,related_is_text,related_is_text,IS 4923,,F033,bis_circulars (1).csv,,109,1.00,
REL-IS_ENT-0001079,STD-01303,IS 4947,LEGAL,LEGAL-00012,,REFERENCED_BY,related_is_text,related_is_text,IS 4947,,F033,bis_circulars (1).csv,,109,1.00,
REL-IS_ENT-0001080,STD-01304,IS 4948,LEGAL,LEGAL-00012,,REFERENCED_BY,related_is_text,related_is_text,IS 4948,,F033,bis_circulars (1).csv,,109,1.00,
REL-IS_ENT-0001081,STD-01305,IS 4964,LEGAL,LEGAL-00012,,REFERENCED_BY,related_is_text,related_is_text,IS 4964,,F033,bis_circulars (1).csv,,109,1.00,
REL-IS_ENT-0001082,STD-01306,IS 4984,LEGAL,LEGAL-00012,,REFERENCED_BY,related_is_text,related_is_text,IS 4984,,F033,bis_circulars (1).csv,,109,1.00,
REL-IS_ENT-0001083,STD-01307,IS 4985,LEGAL,LEGAL-00012,,REFERENCED_BY,related_is_text,related_is_text,IS 4985,,F033,bis_circulars (1).csv,,109,1.00,
REL-IS_ENT-0001084,STD-01308,IS 4989,LEGAL,LEGAL-00012,,REFERENCED_BY,related_is_text,related_is_text,IS 4989,,F033,bis_circulars (1).csv,,109,1.00,
REL-IS_ENT-0001085,STD-01308,IS 4989,LEGAL,LEGAL-00012,,REFERENCED_BY,related_is_text,related_is_text,IS 4989,,F033,bis_circulars (1).csv,,109,1.00,
REL-IS_ENT-0001086,STD-01309,IS 4990,LEGAL,LEGAL-00012,,REFERENCED_BY,related_is_text,related_is_text,IS 4990,,F033,bis_circulars (1).csv,,109,1.00,
REL-IS_ENT-0001087,STD-01312,IS 5022,LEGAL,LEGAL-00012,,REFERENCED_BY,related_is_text,related_is_text,IS 5022,,F033,bis_circulars (1).csv,,109,1.00,
REL-IS_ENT-0001088,STD-01313,IS 5029,LEGAL,LEGAL-00012,,REFERENCED_BY,related_is_text,related_is_text,IS 5029,,F033,bis_circulars (1).csv,,109,1.00,
REL-IS_ENT-0001089,STD-01314,IS 5035,LEGAL,LEGAL-00012,,REFERENCED_BY,related_is_text,related_is_text,IS 5035,,F033,bis_circulars (1).csv,,109,1.00,
REL-IS_ENT-0001090,STD-01317,IS 513,LEGAL,LEGAL-00012,,REFERENCED_BY,related_is_text,related_is_text,IS 513,,F033,bis_circulars (1).csv,,109,1.00,
REL-IS_ENT-0001091,STD-01318,IS 5135,LEGAL,LEGAL-00012,,REFERENCED_BY,related_is_text,related_is_text,IS 5135,,F033,bis_circulars (1).csv,,109,1.00,
REL-IS_ENT-0001092,STD-01317,IS 513,LEGAL,LEGAL-00012,,REFERENCED_BY,related_is_text,related_is_text,IS 513,,F033,bis_circulars (1).csv,,109,1.00,
REL-IS_ENT-0001093,STD-01317,IS 513,LEGAL,LEGAL-00012,,REFERENCED_BY,related_is_text,related_is_text,IS 513,,F033,bis_circulars (1).csv,,109,1.00,
REL-IS_ENT-0001094,STD-01319,IS 5143,LEGAL,LEGAL-00012,,REFERENCED_BY,related_is_text,related_is_text,IS 5143,,F033,bis_circulars (1).csv,,109,1.00,
REL-IS_ENT-0001095,STD-01326,IS 5175,LEGAL,LEGAL-00012,,REFERENCED_BY,related_is_text,related_is_text,IS 5175,,F033,bis_circulars (1).csv,,109,1.00,
REL-IS_ENT-0001096,STD-01328,IS 5191,LEGAL,LEGAL-00012,,REFERENCED_BY,related_is_text,related_is_text,IS 5191,,F033,bis_circulars (1).csv,,109,1.00,
REL-IS_ENT-0001097,STD-01329,IS 5204,LEGAL,LEGAL-00012,,REFERENCED_BY,related_is_text,related_is_text,IS 5204,,F033,bis_circulars (1).csv,,109,1.00,
REL-IS_ENT-0001098,STD-01330,IS 5206,LEGAL,LEGAL-00012,,REFERENCED_BY,related_is_text,related_is_text,IS 5206,,F033,bis_circulars (1).csv,,109,1.00,
REL-IS_ENT-0001099,STD-01331,IS 5244,LEGAL,LEGAL-00012,,REFERENCED_BY,related_is_text,related_is_text,IS 5244,,F033,bis_circulars (1).csv,,109,1.00,
REL-IS_ENT-0001100,STD-01332,IS 5277,LEGAL,LEGAL-00012,,REFERENCED_BY,related_is_text,related_is_text,IS 5277,,F033,bis_circulars (1).csv,,109,1.00,
REL-IS_ENT-0001101,STD-01333,IS 5278,LEGAL,LEGAL-00012,,REFERENCED_BY,related_is_text,related_is_text,IS 5278,,F033,bis_circulars (1).csv,,109,1.00,
REL-IS_ENT-0001102,STD-01334,IS 5279,LEGAL,LEGAL-00012,,REFERENCED_BY,related_is_text,related_is_text,IS 5279,,F033,bis_circulars (1).csv,,109,1.00,
REL-IS_ENT-0001103,STD-01336,IS 5290,LEGAL,LEGAL-00012,,REFERENCED_BY,related_is_text,related_is_text,IS 5290,,F033,bis_circulars (1).csv,,109,1.00,
REL-IS_ENT-0001104,STD-01337,IS 5291,LEGAL,LEGAL-00012,,REFERENCED_BY,related_is_text,related_is_text,IS 5291,,F033,bis_circulars (1).csv,,109,1.00,
REL-IS_ENT-0001105,STD-01339,IS 5312,LEGAL,LEGAL-00012,,REFERENCED_BY,related_is_text,related_is_text,IS 5312,,F033,bis_circulars (1).csv,,109,1.00,
REL-IS_ENT-0001106,STD-01340,IS 5342,LEGAL,LEGAL-00012,,REFERENCED_BY,related_is_text,related_is_text,IS 5342,,F033,bis_circulars (1).csv,,109,1.00,
REL-IS_ENT-0001107,STD-01341,IS 5346,LEGAL,LEGAL-00012,,REFERENCED_BY,related_is_text,related_is_text,IS 5346,,F033,bis_circulars (1).csv,,109,1.00,
REL-IS_ENT-0001108,STD-01344,IS 5382,LEGAL,LEGAL-00012,,REFERENCED_BY,related_is_text,related_is_text,IS 5382,,F033,bis_circulars (1).csv,,109,1.00,
REL-IS_ENT-0001109,STD-01345,IS 539,LEGAL,LEGAL-00012,,REFERENCED_BY,related_is_text,related_is_text,IS 539,,F033,bis_circulars (1).csv,,109,1.00,
REL-IS_ENT-0001110,STD-01346,IS 5405,LEGAL,LEGAL-00012,,REFERENCED_BY,related_is_text,related_is_text,IS 5405,,F033,bis_circulars (1).csv,,109,1.00,
REL-IS_ENT-0001111,STD-01348,IS 5410,LEGAL,LEGAL-00012,,REFERENCED_BY,related_is_text,related_is_text,IS 5410,,F033,bis_circulars (1).csv,,109,1.00,
REL-IS_ENT-0001112,STD-01351,IS 5430,LEGAL,LEGAL-00012,,REFERENCED_BY,related_is_text,related_is_text,IS 5430,,F033,bis_circulars (1).csv,,109,1.00,
REL-IS_ENT-0001113,STD-01353,IS 5456,LEGAL,LEGAL-00012,,REFERENCED_BY,related_is_text,related_is_text,IS 5456,,F033,bis_circulars (1).csv,,109,1.00,
REL-IS_ENT-0001114,STD-01355,IS 5470,LEGAL,LEGAL-00012,,REFERENCED_BY,related_is_text,related_is_text,IS 5470,,F033,bis_circulars (1).csv,,109,1.00,
REL-IS_ENT-0001115,STD-01358,IS 5487,LEGAL,LEGAL-00012,,REFERENCED_BY,related_is_text,related_is_text,IS 5487,,F033,bis_circulars (1).csv,,109,1.00,
REL-IS_ENT-0001116,STD-01361,IS 5504,LEGAL,LEGAL-00012,,REFERENCED_BY,related_is_text,related_is_text,IS 5504,,F033,bis_circulars (1).csv,,109,1.00,
REL-IS_ENT-0001117,STD-01362,IS 5509,LEGAL,LEGAL-00012,,REFERENCED_BY,related_is_text,related_is_text,IS 5509,,F033,bis_circulars (1).csv,,109,1.00,
REL-IS_ENT-0001118,STD-01360,IS 550,LEGAL,LEGAL-00012,,REFERENCED_BY,related_is_text,related_is_text,IS 550,,F033,bis_circulars (1).csv,,109,1.00,
REL-IS_ENT-0001119,STD-01363,IS 5513,LEGAL,LEGAL-00012,,REFERENCED_BY,related_is_text,related_is_text,IS 5513,,F033,bis_circulars (1).csv,,109,1.00,
REL-IS_ENT-0001120,STD-01364,IS 5514,LEGAL,LEGAL-00012,,REFERENCED_BY,related_is_text,related_is_text,IS 5514,,F033,bis_circulars (1).csv,,109,1.00,
REL-IS_ENT-0001121,STD-01365,IS 5516,LEGAL,LEGAL-00012,,REFERENCED_BY,related_is_text,related_is_text,IS 5516,,F033,bis_circulars (1).csv,,109,1.00,
REL-IS_ENT-0001122,STD-01366,IS 5517,LEGAL,LEGAL-00012,,REFERENCED_BY,related_is_text,related_is_text,IS 5517,,F033,bis_circulars (1).csv,,109,1.00,
REL-IS_ENT-0001123,STD-01368,IS 5522,LEGAL,LEGAL-00012,,REFERENCED_BY,related_is_text,related_is_text,IS 5522,,F033,bis_circulars (1).csv,,109,1.00,
REL-IS_ENT-0001124,STD-01369,IS 553,LEGAL,LEGAL-00012,,REFERENCED_BY,related_is_text,related_is_text,IS 553,,F033,bis_circulars (1).csv,,109,1.00,
REL-IS_ENT-0001125,STD-01370,IS 5531,LEGAL,LEGAL-00012,,REFERENCED_BY,related_is_text,related_is_text,IS 5531,,F033,bis_circulars (1).csv,,109,1.00,
REL-IS_ENT-0001126,STD-01373,IS 5557,LEGAL,LEGAL-00012,,REFERENCED_BY,related_is_text,related_is_text,IS 5557,,F033,bis_circulars (1).csv,,109,1.00,
REL-IS_ENT-0001127,STD-01374,IS 5604,LEGAL,LEGAL-00012,,REFERENCED_BY,related_is_text,related_is_text,IS 5604,,F033,bis_circulars (1).csv,,109,1.00,
REL-IS_ENT-0001128,STD-01375,IS 5631,LEGAL,LEGAL-00012,,REFERENCED_BY,related_is_text,related_is_text,IS 5631,,F033,bis_circulars (1).csv,,109,1.00,
REL-IS_ENT-0001129,STD-01377,IS 5672,LEGAL,LEGAL-00012,,REFERENCED_BY,related_is_text,related_is_text,IS 5672,,F033,bis_circulars (1).csv,,109,1.00,
REL-IS_ENT-0001130,STD-01378,IS 5676,LEGAL,LEGAL-00012,,REFERENCED_BY,related_is_text,related_is_text,IS 5676,,F033,bis_circulars (1).csv,,109,1.00,
REL-IS_ENT-0001131,STD-01379,IS 5679,LEGAL,LEGAL-00012,,REFERENCED_BY,related_is_text,related_is_text,IS 5679,,F033,bis_circulars (1).csv,,109,1.00,
REL-IS_ENT-0001132,STD-01381,IS 5719,LEGAL,LEGAL-00012,,REFERENCED_BY,related_is_text,related_is_text,IS 5719,,F033,bis_circulars (1).csv,,109,1.00,
REL-IS_ENT-0001133,STD-01382,IS 573,LEGAL,LEGAL-00012,,REFERENCED_BY,related_is_text,related_is_text,IS 573,,F033,bis_circulars (1).csv,,109,1.00,
REL-IS_ENT-0001134,STD-01384,IS 5820,LEGAL,LEGAL-00012,,REFERENCED_BY,related_is_text,related_is_text,IS 5820,,F033,bis_circulars (1).csv,,109,1.00,
REL-IS_ENT-0001135,STD-01386,IS 5852,LEGAL,LEGAL-00012,,REFERENCED_BY,related_is_text,related_is_text,IS 5852,,F033,bis_circulars (1).csv,,109,1.00,
REL-IS_ENT-0001136,STD-01387,IS 5872,LEGAL,LEGAL-00012,,REFERENCED_BY,related_is_text,related_is_text,IS 5872,,F033,bis_circulars (1).csv,,109,1.00,
REL-IS_ENT-0001137,STD-01388,IS 5884,LEGAL,LEGAL-00012,,REFERENCED_BY,related_is_text,related_is_text,IS 5884,,F033,bis_circulars (1).csv,,109,1.00,
REL-IS_ENT-0001138,STD-01390,IS 5950,LEGAL,LEGAL-00012,,REFERENCED_BY,related_is_text,related_is_text,IS 5950,,F033,bis_circulars (1).csv,,109,1.00,
REL-IS_ENT-0001139,STD-01391,IS 5982,LEGAL,LEGAL-00012,,REFERENCED_BY,related_is_text,related_is_text,IS 5982,,F033,bis_circulars (1).csv,,109,1.00,
REL-IS_ENT-0001140,STD-01392,IS 5983,LEGAL,LEGAL-00012,,REFERENCED_BY,related_is_text,related_is_text,IS 5983,,F033,bis_circulars (1).csv,,109,1.00,
REL-IS_ENT-0001141,STD-01393,IS 5986,LEGAL,LEGAL-00012,,REFERENCED_BY,related_is_text,related_is_text,IS 5986,,F033,bis_circulars (1).csv,,109,1.00,
REL-IS_ENT-0001142,STD-01394,IS 6003,LEGAL,LEGAL-00012,,REFERENCED_BY,related_is_text,related_is_text,IS 6003,,F033,bis_circulars (1).csv,,109,1.00,
REL-IS_ENT-0001143,STD-01395,IS 6006,LEGAL,LEGAL-00012,,REFERENCED_BY,related_is_text,related_is_text,IS 6006,,F033,bis_circulars (1).csv,,109,1.00,
REL-IS_ENT-0001144,STD-01397,IS 6014,LEGAL,LEGAL-00012,,REFERENCED_BY,related_is_text,related_is_text,IS 6014,,F033,bis_circulars (1).csv,,109,1.00,
REL-IS_ENT-0001145,STD-01398,IS 6022,LEGAL,LEGAL-00012,,REFERENCED_BY,related_is_text,related_is_text,IS 6022,,F033,bis_circulars (1).csv,,109,1.00,
REL-IS_ENT-0001146,STD-01399,IS 6031,LEGAL,LEGAL-00012,,REFERENCED_BY,related_is_text,related_is_text,IS 6031,,F033,bis_circulars (1).csv,,109,1.00,
REL-IS_ENT-0001147,STD-01400,IS 6046,LEGAL,LEGAL-00012,,REFERENCED_BY,related_is_text,related_is_text,IS 6046,,F033,bis_circulars (1).csv,,109,1.00,
REL-IS_ENT-0001148,STD-01401,IS 6047,LEGAL,LEGAL-00012,,REFERENCED_BY,related_is_text,related_is_text,IS 6047,,F033,bis_circulars (1).csv,,109,1.00,
REL-IS_ENT-0001149,STD-01404,IS 6073,LEGAL,LEGAL-00012,,REFERENCED_BY,related_is_text,related_is_text,IS 6073,,F033,bis_circulars (1).csv,,109,1.00,
REL-IS_ENT-0001150,STD-01410,IS 612,LEGAL,LEGAL-00012,,REFERENCED_BY,related_is_text,related_is_text,IS 612,,F033,bis_circulars (1).csv,,109,1.00,
REL-IS_ENT-0001151,STD-01412,IS 6149,LEGAL,LEGAL-00012,,REFERENCED_BY,related_is_text,related_is_text,IS 6149,,F033,bis_circulars (1).csv,,109,1.00,
REL-IS_ENT-0001152,STD-01414,IS 617,LEGAL,LEGAL-00012,,REFERENCED_BY,related_is_text,related_is_text,IS 617,,F033,bis_circulars (1).csv,,109,1.00,
REL-IS_ENT-0001153,STD-01417,IS 6218,LEGAL,LEGAL-00012,,REFERENCED_BY,related_is_text,related_is_text,IS 6218,,F033,bis_circulars (1).csv,,109,1.00,
REL-IS_ENT-0001154,STD-01418,IS 623,LEGAL,LEGAL-00012,,REFERENCED_BY,related_is_text,related_is_text,IS 623,,F033,bis_circulars (1).csv,,109,1.00,
REL-IS_ENT-0001155,STD-01419,IS 624,LEGAL,LEGAL-00012,,REFERENCED_BY,related_is_text,related_is_text,IS 624,,F033,bis_circulars (1).csv,,109,1.00,
REL-IS_ENT-0001156,STD-01420,IS 6240,LEGAL,LEGAL-00012,,REFERENCED_BY,related_is_text,related_is_text,IS 6240,,F033,bis_circulars (1).csv,,109,1.00,
REL-IS_ENT-0001157,STD-01421,IS 6312,LEGAL,LEGAL-00012,,REFERENCED_BY,related_is_text,related_is_text,IS 6312,,F033,bis_circulars (1).csv,,109,1.00,
REL-IS_ENT-0001158,STD-01422,IS 6315,LEGAL,LEGAL-00012,,REFERENCED_BY,related_is_text,related_is_text,IS 6315,,F033,bis_circulars (1).csv,,109,1.00,
REL-IS_ENT-0001159,STD-01424,IS 636,LEGAL,LEGAL-00012,,REFERENCED_BY,related_is_text,related_is_text,IS 636,,F033,bis_circulars (1).csv,,109,1.00,
REL-IS_ENT-0001160,STD-01426,IS 638,LEGAL,LEGAL-00012,,REFERENCED_BY,related_is_text,related_is_text,IS 638,,F033,bis_circulars (1).csv,,109,1.00,
REL-IS_ENT-0001161,STD-01427,IS 6385,LEGAL,LEGAL-00012,,REFERENCED_BY,related_is_text,related_is_text,IS 6385,,F033,bis_circulars (1).csv,,109,1.00,
REL-IS_ENT-0001162,STD-01428,IS 6392,LEGAL,LEGAL-00012,,REFERENCED_BY,related_is_text,related_is_text,IS 6392,,F033,bis_circulars (1).csv,,109,1.00,
REL-IS_ENT-0001163,STD-01429,IS 6406,LEGAL,LEGAL-00012,,REFERENCED_BY,related_is_text,related_is_text,IS 6406,,F033,bis_circulars (1).csv,,109,1.00,
REL-IS_ENT-0001164,STD-01430,IS 6419,LEGAL,LEGAL-00012,,REFERENCED_BY,related_is_text,related_is_text,IS 6419,,F033,bis_circulars (1).csv,,109,1.00,
REL-IS_ENT-0001165,STD-01431,IS 6438,LEGAL,LEGAL-00012,,REFERENCED_BY,related_is_text,related_is_text,IS 6438,,F033,bis_circulars (1).csv,,109,1.00,
REL-IS_ENT-0001166,STD-01432,IS 6444,LEGAL,LEGAL-00012,,REFERENCED_BY,related_is_text,related_is_text,IS 6444,,F033,bis_circulars (1).csv,,109,1.00,
REL-IS_ENT-0001167,STD-01434,IS 6452,LEGAL,LEGAL-00012,,REFERENCED_BY,related_is_text,related_is_text,IS 6452,,F033,bis_circulars (1).csv,,109,1.00,
REL-IS_ENT-0001168,STD-01435,IS 648,LEGAL,LEGAL-00012,,REFERENCED_BY,related_is_text,related_is_text,IS 648,,F033,bis_circulars (1).csv,,109,1.00,
REL-IS_ENT-0001169,STD-01436,IS 650,LEGAL,LEGAL-00012,,REFERENCED_BY,related_is_text,related_is_text,IS 650,,F033,bis_circulars (1).csv,,109,1.00,
REL-IS_ENT-0001170,STD-01437,IS 651,LEGAL,LEGAL-00012,,REFERENCED_BY,related_is_text,related_is_text,IS 651,,F033,bis_circulars (1).csv,,109,1.00,
REL-IS_ENT-0001171,STD-01443,IS 6593,LEGAL,LEGAL-00012,,REFERENCED_BY,related_is_text,related_is_text,IS 6593,,F033,bis_circulars (1).csv,,109,1.00,
REL-IS_ENT-0001172,STD-01444,IS 6595,LEGAL,LEGAL-00012,,REFERENCED_BY,related_is_text,related_is_text,IS 6595,,F033,bis_circulars (1).csv,,109,1.00,
REL-IS_ENT-0001173,STD-01444,IS 6595,LEGAL,LEGAL-00012,,REFERENCED_BY,related_is_text,related_is_text,IS 6595,,F033,bis_circulars (1).csv,,109,1.00,
REL-IS_ENT-0001174,STD-01447,IS 6623,LEGAL,LEGAL-00012,,REFERENCED_BY,related_is_text,related_is_text,IS 6623,,F033,bis_circulars (1).csv,,109,1.00,
REL-IS_ENT-0001175,STD-01448,IS 6649,LEGAL,LEGAL-00012,,REFERENCED_BY,related_is_text,related_is_text,IS 6649,,F033,bis_circulars (1).csv,,109,1.00,
REL-IS_ENT-0001176,STD-01451,IS 6685,LEGAL,LEGAL-00012,,REFERENCED_BY,related_is_text,related_is_text,IS 6685,,F033,bis_circulars (1).csv,,109,1.00,
REL-IS_ENT-0001177,STD-01452,IS 6701,LEGAL,LEGAL-00012,,REFERENCED_BY,related_is_text,related_is_text,IS 6701,,F033,bis_circulars (1).csv,,109,1.00,
REL-IS_ENT-0001178,STD-01458,IS 6760,LEGAL,LEGAL-00012,,REFERENCED_BY,related_is_text,related_is_text,IS 6760,,F033,bis_circulars (1).csv,,109,1.00,
REL-IS_ENT-0001179,STD-01459,IS 6803,LEGAL,LEGAL-00012,,REFERENCED_BY,related_is_text,related_is_text,IS 6803,,F033,bis_circulars (1).csv,,109,1.00,
REL-IS_ENT-0001180,STD-01461,IS 6901,LEGAL,LEGAL-00012,,REFERENCED_BY,related_is_text,related_is_text,IS 6901,,F033,bis_circulars (1).csv,,109,1.00,
REL-IS_ENT-0001181,STD-01463,IS 6908,LEGAL,LEGAL-00012,,REFERENCED_BY,related_is_text,related_is_text,IS 6908,,F033,bis_circulars (1).csv,,109,1.00,
REL-IS_ENT-0001182,STD-01464,IS 6909,LEGAL,LEGAL-00012,,REFERENCED_BY,related_is_text,related_is_text,IS 6909,,F033,bis_circulars (1).csv,,109,1.00,
REL-IS_ENT-0001183,STD-01465,IS 6911,LEGAL,LEGAL-00012,,REFERENCED_BY,related_is_text,related_is_text,IS 6911,,F033,bis_circulars (1).csv,,109,1.00,
REL-IS_ENT-0001184,STD-01468,IS 694,LEGAL,LEGAL-00012,,REFERENCED_BY,related_is_text,related_is_text,IS 694,,F033,bis_circulars (1).csv,,109,1.00,
REL-IS_ENT-0001185,STD-01470,IS 6956,LEGAL,LEGAL-00012,,REFERENCED_BY,related_is_text,related_is_text,IS 6956,,F033,bis_circulars (1).csv,,109,1.00,
REL-IS_ENT-0001186,STD-01473,IS 702,LEGAL,LEGAL-00012,,REFERENCED_BY,related_is_text,related_is_text,IS 702,,F033,bis_circulars (1).csv,,109,1.00,
REL-IS_ENT-0001187,STD-01474,IS 7021,LEGAL,LEGAL-00012,,REFERENCED_BY,related_is_text,related_is_text,IS 7021,,F033,bis_circulars (1).csv,,109,1.00,
REL-IS_ENT-0001188,STD-01475,IS 704,LEGAL,LEGAL-00012,,REFERENCED_BY,related_is_text,related_is_text,IS 704,,F033,bis_circulars (1).csv,,109,1.00,
REL-IS_ENT-0001189,STD-01477,IS 7058,LEGAL,LEGAL-00012,,REFERENCED_BY,related_is_text,related_is_text,IS 7058,,F033,bis_circulars (1).csv,,109,1.00,
REL-IS_ENT-0001190,STD-01478,IS 7079,LEGAL,LEGAL-00012,,REFERENCED_BY,related_is_text,related_is_text,IS 7079,,F033,bis_circulars (1).csv,,109,1.00,
REL-IS_ENT-0001191,STD-01479,IS 7083,LEGAL,LEGAL-00012,,REFERENCED_BY,related_is_text,related_is_text,IS 7083,,F033,bis_circulars (1).csv,,109,1.00,
REL-IS_ENT-0001192,STD-01480,IS 7092,LEGAL,LEGAL-00012,,REFERENCED_BY,related_is_text,related_is_text,IS 7092,,F033,bis_circulars (1).csv,,109,1.00,
REL-IS_ENT-0001193,STD-01481,IS 7098,LEGAL,LEGAL-00012,,REFERENCED_BY,related_is_text,related_is_text,IS 7098,,F033,bis_circulars (1).csv,,109,1.00,
REL-IS_ENT-0001194,STD-01481,IS 7098,LEGAL,LEGAL-00012,,REFERENCED_BY,related_is_text,related_is_text,IS 7098,,F033,bis_circulars (1).csv,,109,1.00,
REL-IS_ENT-0001195,STD-01481,IS 7098,LEGAL,LEGAL-00012,,REFERENCED_BY,related_is_text,related_is_text,IS 7098,,F033,bis_circulars (1).csv,,109,1.00,
REL-IS_ENT-0001196,STD-01483,IS 710,LEGAL,LEGAL-00012,,REFERENCED_BY,related_is_text,related_is_text,IS 710,,F033,bis_circulars (1).csv,,109,1.00,
REL-IS_ENT-0001197,STD-01484,IS 711,LEGAL,LEGAL-00012,,REFERENCED_BY,related_is_text,related_is_text,IS 711,,F033,bis_circulars (1).csv,,109,1.00,
REL-IS_ENT-0001198,STD-01485,IS 712,LEGAL,LEGAL-00012,,REFERENCED_BY,related_is_text,related_is_text,IS 712,,F033,bis_circulars (1).csv,,109,1.00,
REL-IS_ENT-0001199,STD-01486,IS 7123,LEGAL,LEGAL-00012,,REFERENCED_BY,related_is_text,related_is_text,IS 7123,,F033,bis_circulars (1).csv,,109,1.00,
REL-IS_ENT-0001200,STD-01490,IS 7142,LEGAL,LEGAL-00012,,REFERENCED_BY,related_is_text,related_is_text,IS 7142,,F033,bis_circulars (1).csv,,109,1.00,
REL-IS_ENT-0001201,STD-01492,IS 717,LEGAL,LEGAL-00012,,REFERENCED_BY,related_is_text,related_is_text,IS 717,,F033,bis_circulars (1).csv,,109,1.00,
REL-IS_ENT-0001202,STD-01495,IS 7181,LEGAL,LEGAL-00012,,REFERENCED_BY,related_is_text,related_is_text,IS 7181,,F033,bis_circulars (1).csv,,109,1.00,
REL-IS_ENT-0001203,STD-01497,IS 7224,LEGAL,LEGAL-00012,,REFERENCED_BY,related_is_text,related_is_text,IS 7224,,F033,bis_circulars (1).csv,,109,1.00,
REL-IS_ENT-0001204,STD-01499,IS 723,LEGAL,LEGAL-00012,,REFERENCED_BY,related_is_text,related_is_text,IS 723,,F033,bis_circulars (1).csv,,109,1.00,
REL-IS_ENT-0001205,STD-01500,IS 7231,LEGAL,LEGAL-00012,,REFERENCED_BY,related_is_text,related_is_text,IS 7231,,F033,bis_circulars (1).csv,,109,1.00,
REL-IS_ENT-0001206,STD-01501,IS 7283,LEGAL,LEGAL-00012,,REFERENCED_BY,related_is_text,related_is_text,IS 7283,,F033,bis_circulars (1).csv,,109,1.00,
REL-IS_ENT-0001207,STD-01502,IS 7285,LEGAL,LEGAL-00012,,REFERENCED_BY,related_is_text,related_is_text,IS 7285,,F033,bis_circulars (1).csv,,109,1.00,
REL-IS_ENT-0001208,STD-01503,IS 73,LEGAL,LEGAL-00012,,REFERENCED_BY,related_is_text,related_is_text,IS 73,,F033,bis_circulars (1).csv,,109,1.00,
REL-IS_ENT-0001209,STD-01505,IS 7312,LEGAL,LEGAL-00012,,REFERENCED_BY,related_is_text,related_is_text,IS 7312,,F033,bis_circulars (1).csv,,109,1.00,
REL-IS_ENT-0001210,STD-01509,IS 7347,LEGAL,LEGAL-00012,,REFERENCED_BY,related_is_text,related_is_text,IS 7347,,F033,bis_circulars (1).csv,,109,1.00,
REL-IS_ENT-0001211,STD-01512,IS 7372,LEGAL,LEGAL-00012,,REFERENCED_BY,related_is_text,related_is_text,IS 7372,,F033,bis_circulars (1).csv,,109,1.00,
REL-IS_ENT-0001212,STD-01513,IS 7378,LEGAL,LEGAL-00012,,REFERENCED_BY,related_is_text,related_is_text,IS 7378,,F033,bis_circulars (1).csv,,109,1.00,
REL-IS_ENT-0001213,STD-01517,IS 7402,LEGAL,LEGAL-00012,,REFERENCED_BY,related_is_text,related_is_text,IS 7402,,F033,bis_circulars (1).csv,,109,1.00,
REL-IS_ENT-0001214,STD-01518,IS 745,LEGAL,LEGAL-00012,,REFERENCED_BY,related_is_text,related_is_text,IS 745,,F033,bis_circulars (1).csv,,109,1.00,
REL-IS_ENT-0001215,STD-01519,IS 7452,LEGAL,LEGAL-00012,,REFERENCED_BY,related_is_text,related_is_text,IS 7452,,F033,bis_circulars (1).csv,,109,1.00,
REL-IS_ENT-0001216,STD-01520,IS 7454,LEGAL,LEGAL-00012,,REFERENCED_BY,related_is_text,related_is_text,IS 7454,,F033,bis_circulars (1).csv,,109,1.00,
REL-IS_ENT-0001217,STD-01521,IS 7466,LEGAL,LEGAL-00012,,REFERENCED_BY,related_is_text,related_is_text,IS 7466,,F033,bis_circulars (1).csv,,109,1.00,
REL-IS_ENT-0001218,STD-01528,IS 7532,LEGAL,LEGAL-00012,,REFERENCED_BY,related_is_text,related_is_text,IS 7532,,F033,bis_circulars (1).csv,,109,1.00,
REL-IS_ENT-0001219,STD-01530,IS 7538,LEGAL,LEGAL-00012,,REFERENCED_BY,related_is_text,related_is_text,IS 7538,,F033,bis_circulars (1).csv,,109,1.00,
REL-IS_ENT-0001220,STD-01532,IS 7577,LEGAL,LEGAL-00012,,REFERENCED_BY,related_is_text,related_is_text,IS 7577,,F033,bis_circulars (1).csv,,109,1.00,
REL-IS_ENT-0001221,STD-01533,IS 758,LEGAL,LEGAL-00012,,REFERENCED_BY,related_is_text,related_is_text,IS 758,,F033,bis_circulars (1).csv,,109,1.00,
REL-IS_ENT-0001222,STD-01534,IS 7593,LEGAL,LEGAL-00012,,REFERENCED_BY,related_is_text,related_is_text,IS 7593,,F033,bis_circulars (1).csv,,109,1.00,
REL-IS_ENT-0001223,STD-01536,IS 7620,LEGAL,LEGAL-00012,,REFERENCED_BY,related_is_text,related_is_text,IS 7620,,F033,bis_circulars (1).csv,,109,1.00,
REL-IS_ENT-0001224,STD-01537,IS 7652,LEGAL,LEGAL-00012,,REFERENCED_BY,related_is_text,related_is_text,IS 7652,,F033,bis_circulars (1).csv,,109,1.00,
REL-IS_ENT-0001225,STD-01538,IS 7653,LEGAL,LEGAL-00012,,REFERENCED_BY,related_is_text,related_is_text,IS 7653,,F033,bis_circulars (1).csv,,109,1.00,
REL-IS_ENT-0001226,STD-01541,IS 774,LEGAL,LEGAL-00012,,REFERENCED_BY,related_is_text,related_is_text,IS 774,,F033,bis_circulars (1).csv,,109,1.00,
REL-IS_ENT-0001227,STD-01542,IS 778,LEGAL,LEGAL-00012,,REFERENCED_BY,related_is_text,related_is_text,IS 778,,F033,bis_circulars (1).csv,,109,1.00,
REL-IS_ENT-0001228,STD-01543,IS 779,LEGAL,LEGAL-00012,,REFERENCED_BY,related_is_text,related_is_text,IS 779,,F033,bis_circulars (1).csv,,109,1.00,
REL-IS_ENT-0001229,STD-01544,IS 7809,LEGAL,LEGAL-00012,,REFERENCED_BY,related_is_text,related_is_text,IS 7809,,F033,bis_circulars (1).csv,,109,1.00,
REL-IS_ENT-0001230,STD-01545,IS 781,LEGAL,LEGAL-00012,,REFERENCED_BY,related_is_text,related_is_text,IS 781,,F033,bis_circulars (1).csv,,109,1.00,
REL-IS_ENT-0001231,STD-01547,IS 7834,LEGAL,LEGAL-00012,,REFERENCED_BY,related_is_text,related_is_text,IS 7834,,F033,bis_circulars (1).csv,,109,1.00,
REL-IS_ENT-0001232,STD-01547,IS 7834,LEGAL,LEGAL-00012,,REFERENCED_BY,related_is_text,related_is_text,IS 7834,,F033,bis_circulars (1).csv,,109,1.00,
REL-IS_ENT-0001233,STD-01547,IS 7834,LEGAL,LEGAL-00012,,REFERENCED_BY,related_is_text,related_is_text,IS 7834,,F033,bis_circulars (1).csv,,109,1.00,
REL-IS_ENT-0001234,STD-01547,IS 7834,LEGAL,LEGAL-00012,,REFERENCED_BY,related_is_text,related_is_text,IS 7834,,F033,bis_circulars (1).csv,,109,1.00,
REL-IS_ENT-0001235,STD-01549,IS 784,LEGAL,LEGAL-00012,,REFERENCED_BY,related_is_text,related_is_text,IS 784,,F033,bis_circulars (1).csv,,109,1.00,
REL-IS_ENT-0001236,STD-01553,IS 7887,LEGAL,LEGAL-00012,,REFERENCED_BY,related_is_text,related_is_text,IS 7887,,F033,bis_circulars (1).csv,,109,1.00,
REL-IS_ENT-0001237,STD-01554,IS 7898,LEGAL,LEGAL-00012,,REFERENCED_BY,related_is_text,related_is_text,IS 7898,,F033,bis_circulars (1).csv,,109,1.00,
REL-IS_ENT-0001238,STD-01556,IS 7903,LEGAL,LEGAL-00012,,REFERENCED_BY,related_is_text,related_is_text,IS 7903,,F033,bis_circulars (1).csv,,109,1.00,
REL-IS_ENT-0001239,STD-01557,IS 7904,LEGAL,LEGAL-00012,,REFERENCED_BY,related_is_text,related_is_text,IS 7904,,F033,bis_circulars (1).csv,,109,1.00,
REL-IS_ENT-0001240,STD-01558,IS 7933,LEGAL,LEGAL-00012,,REFERENCED_BY,related_is_text,related_is_text,IS 7933,,F033,bis_circulars (1).csv,,109,1.00,
REL-IS_ENT-0001241,STD-01559,IS 7948,LEGAL,LEGAL-00012,,REFERENCED_BY,related_is_text,related_is_text,IS 7948,,F033,bis_circulars (1).csv,,109,1.00,
REL-IS_ENT-0001242,STD-01560,IS 797,LEGAL,LEGAL-00012,,REFERENCED_BY,related_is_text,related_is_text,IS 797,,F033,bis_circulars (1).csv,,109,1.00,
REL-IS_ENT-0001243,STD-01562,IS 799,LEGAL,LEGAL-00012,,REFERENCED_BY,related_is_text,related_is_text,IS 799,,F033,bis_circulars (1).csv,,109,1.00,
REL-IS_ENT-0001244,STD-01565,IS 8025,LEGAL,LEGAL-00012,,REFERENCED_BY,related_is_text,related_is_text,IS 8025,,F033,bis_circulars (1).csv,,109,1.00,
REL-IS_ENT-0001245,STD-01566,IS 8028,LEGAL,LEGAL-00012,,REFERENCED_BY,related_is_text,related_is_text,IS 8028,,F033,bis_circulars (1).csv,,109,1.00,
REL-IS_ENT-0001246,STD-01567,IS 8034,LEGAL,LEGAL-00012,,REFERENCED_BY,related_is_text,related_is_text,IS 8034,,F033,bis_circulars (1).csv,,109,1.00,
REL-IS_ENT-0001247,STD-01568,IS 8035,LEGAL,LEGAL-00012,,REFERENCED_BY,related_is_text,related_is_text,IS 8035,,F033,bis_circulars (1).csv,,109,1.00,
REL-IS_ENT-0001248,STD-01569,IS 8041,LEGAL,LEGAL-00012,,REFERENCED_BY,related_is_text,related_is_text,IS 8041,,F033,bis_circulars (1).csv,,109,1.00,
REL-IS_ENT-0001249,STD-01570,IS 8042,LEGAL,LEGAL-00012,,REFERENCED_BY,related_is_text,related_is_text,IS 8042,,F033,bis_circulars (1).csv,,109,1.00,
REL-IS_ENT-0001250,STD-01575,IS 8074,LEGAL,LEGAL-00012,,REFERENCED_BY,related_is_text,related_is_text,IS 8074,,F033,bis_circulars (1).csv,,109,1.00,
REL-IS_ENT-0001251,STD-01576,IS 8086,LEGAL,LEGAL-00012,,REFERENCED_BY,related_is_text,related_is_text,IS 8086,,F033,bis_circulars (1).csv,,109,1.00,
REL-IS_ENT-0001252,STD-01577,IS 8088,LEGAL,LEGAL-00012,,REFERENCED_BY,related_is_text,related_is_text,IS 8088,,F033,bis_circulars (1).csv,,109,1.00,
REL-IS_ENT-0001253,STD-01579,IS 8110,LEGAL,LEGAL-00012,,REFERENCED_BY,related_is_text,related_is_text,IS 8110,,F033,bis_circulars (1).csv,,109,1.00,
REL-IS_ENT-0001254,STD-01581,IS 814,LEGAL,LEGAL-00012,,REFERENCED_BY,related_is_text,related_is_text,IS 814,,F033,bis_circulars (1).csv,,109,1.00,
REL-IS_ENT-0001255,STD-01582,IS 8144,LEGAL,LEGAL-00012,,REFERENCED_BY,related_is_text,related_is_text,IS 8144,,F033,bis_circulars (1).csv,,109,1.00,
REL-IS_ENT-0001256,STD-01586,IS 8229,LEGAL,LEGAL-00012,,REFERENCED_BY,related_is_text,related_is_text,IS 8229,,F033,bis_circulars (1).csv,,109,1.00,
REL-IS_ENT-0001257,STD-01587,IS 8249,LEGAL,LEGAL-00012,,REFERENCED_BY,related_is_text,related_is_text,IS 8249,,F033,bis_circulars (1).csv,,109,1.00,
REL-IS_ENT-0001258,STD-01588,IS 8275,LEGAL,LEGAL-00012,,REFERENCED_BY,related_is_text,related_is_text,IS 8275,,F033,bis_circulars (1).csv,,109,1.00,
REL-IS_ENT-0001259,STD-01589,IS 8291,LEGAL,LEGAL-00012,,REFERENCED_BY,related_is_text,related_is_text,IS 8291,,F033,bis_circulars (1).csv,,109,1.00,
REL-IS_ENT-0001260,STD-01590,IS 8309,LEGAL,LEGAL-00012,,REFERENCED_BY,related_is_text,related_is_text,IS 8309,,F033,bis_circulars (1).csv,,109,1.00,
REL-IS_ENT-0001261,STD-01591,IS 8329,LEGAL,LEGAL-00012,,REFERENCED_BY,related_is_text,related_is_text,IS 8329,,F033,bis_circulars (1).csv,,109,1.00,
REL-IS_ENT-0001262,STD-01596,IS 8391,LEGAL,LEGAL-00012,,REFERENCED_BY,related_is_text,related_is_text,IS 8391,,F033,bis_circulars (1).csv,,109,1.00,
REL-IS_ENT-0001263,STD-01598,IS 8418,LEGAL,LEGAL-00012,,REFERENCED_BY,related_is_text,related_is_text,IS 8418,,F033,bis_circulars (1).csv,,109,1.00,
REL-IS_ENT-0001264,STD-01599,IS 8421,LEGAL,LEGAL-00012,,REFERENCED_BY,related_is_text,related_is_text,IS 8421,,F033,bis_circulars (1).csv,,109,1.00,
REL-IS_ENT-0001265,STD-01600,IS 8423,LEGAL,LEGAL-00012,,REFERENCED_BY,related_is_text,related_is_text,IS 8423,,F033,bis_circulars (1).csv,,109,1.00,
REL-IS_ENT-0001266,STD-01602,IS 8442,LEGAL,LEGAL-00012,,REFERENCED_BY,related_is_text,related_is_text,IS 8442,,F033,bis_circulars (1).csv,,109,1.00,
REL-IS_ENT-0001267,STD-01603,IS 8446,LEGAL,LEGAL-00012,,REFERENCED_BY,related_is_text,related_is_text,IS 8446,,F033,bis_circulars (1).csv,,109,1.00,
REL-IS_ENT-0001268,STD-01604,IS 8448,LEGAL,LEGAL-00012,,REFERENCED_BY,related_is_text,related_is_text,IS 8448,,F033,bis_circulars (1).csv,,109,1.00,
REL-IS_ENT-0001269,STD-01605,IS 8462,LEGAL,LEGAL-00012,,REFERENCED_BY,related_is_text,related_is_text,IS 8462,,F033,bis_circulars (1).csv,,109,1.00,
REL-IS_ENT-0001270,STD-01606,IS 8471,LEGAL,LEGAL-00012,,REFERENCED_BY,related_is_text,related_is_text,IS 8471,,F033,bis_circulars (1).csv,,109,1.00,
REL-IS_ENT-0001271,STD-01606,IS 8471,LEGAL,LEGAL-00012,,REFERENCED_BY,related_is_text,related_is_text,IS 8471,,F033,bis_circulars (1).csv,,109,1.00,
REL-IS_ENT-0001272,STD-01607,IS 8472,LEGAL,LEGAL-00012,,REFERENCED_BY,related_is_text,related_is_text,IS 8472,,F033,bis_circulars (1).csv,,109,1.00,
REL-IS_ENT-0001273,STD-01608,IS 848,LEGAL,LEGAL-00012,,REFERENCED_BY,related_is_text,related_is_text,IS 848,,F033,bis_circulars (1).csv,,109,1.00,
REL-IS_ENT-0001274,STD-01609,IS 8481,LEGAL,LEGAL-00012,,REFERENCED_BY,related_is_text,related_is_text,IS 8481,,F033,bis_circulars (1).csv,,109,1.00,
REL-IS_ENT-0001275,STD-01611,IS 8498,LEGAL,LEGAL-00012,,REFERENCED_BY,related_is_text,related_is_text,IS 8498,,F033,bis_circulars (1).csv,,109,1.00,
REL-IS_ENT-0001276,STD-01618,IS 8598,LEGAL,LEGAL-00012,,REFERENCED_BY,related_is_text,related_is_text,IS 8598,,F033,bis_circulars (1).csv,,109,1.00,
REL-IS_ENT-0001277,STD-01619,IS 863,LEGAL,LEGAL-00012,,REFERENCED_BY,related_is_text,related_is_text,IS 863,,F033,bis_circulars (1).csv,,109,1.00,
REL-IS_ENT-0001278,STD-01621,IS 8654,LEGAL,LEGAL-00012,,REFERENCED_BY,related_is_text,related_is_text,IS 8654,,F033,bis_circulars (1).csv,,109,1.00,
REL-IS_ENT-0001279,STD-01624,IS 868,LEGAL,LEGAL-00012,,REFERENCED_BY,related_is_text,related_is_text,IS 868,,F033,bis_circulars (1).csv,,109,1.00,
REL-IS_ENT-0001280,STD-01627,IS 8707,LEGAL,LEGAL-00012,,REFERENCED_BY,related_is_text,related_is_text,IS 8707,,F033,bis_circulars (1).csv,,109,1.00,
REL-IS_ENT-0001281,STD-01628,IS 8708,LEGAL,LEGAL-00012,,REFERENCED_BY,related_is_text,related_is_text,IS 8708,,F033,bis_circulars (1).csv,,109,1.00,
REL-IS_ENT-0001282,STD-01629,IS 8737,LEGAL,LEGAL-00012,,REFERENCED_BY,related_is_text,related_is_text,IS 8737,,F033,bis_circulars (1).csv,,109,1.00,
REL-IS_ENT-0001283,STD-01631,IS 8749,LEGAL,LEGAL-00012,,REFERENCED_BY,related_is_text,related_is_text,IS 8749,,F033,bis_circulars (1).csv,,109,1.00,
REL-IS_ENT-0001284,STD-01633,IS 878,LEGAL,LEGAL-00012,,REFERENCED_BY,related_is_text,related_is_text,IS 878,,F033,bis_circulars (1).csv,,109,1.00,
REL-IS_ENT-0001285,STD-01634,IS 8783,LEGAL,LEGAL-00012,,REFERENCED_BY,related_is_text,related_is_text,IS 8783,,F033,bis_circulars (1).csv,,109,1.00,
REL-IS_ENT-0001286,STD-01636,IS 8794,LEGAL,LEGAL-00012,,REFERENCED_BY,related_is_text,related_is_text,IS 8794,,F033,bis_circulars (1).csv,,109,1.00,
REL-IS_ENT-0001287,STD-01637,IS 8808,LEGAL,LEGAL-00012,,REFERENCED_BY,related_is_text,related_is_text,IS 8808,,F033,bis_circulars (1).csv,,109,1.00,
REL-IS_ENT-0001288,STD-01639,IS 884,LEGAL,LEGAL-00012,,REFERENCED_BY,related_is_text,related_is_text,IS 884,,F033,bis_circulars (1).csv,,109,1.00,
REL-IS_ENT-0001289,STD-01641,IS 8887,LEGAL,LEGAL-00012,,REFERENCED_BY,related_is_text,related_is_text,IS 8887,,F033,bis_circulars (1).csv,,109,1.00,
REL-IS_ENT-0001290,STD-01643,IS 8931,LEGAL,LEGAL-00012,,REFERENCED_BY,related_is_text,related_is_text,IS 8931,,F033,bis_circulars (1).csv,,109,1.00,
REL-IS_ENT-0001291,STD-01644,IS 8944,LEGAL,LEGAL-00012,,REFERENCED_BY,related_is_text,related_is_text,IS 8944,,F033,bis_circulars (1).csv,,109,1.00,
REL-IS_ENT-0001292,STD-01645,IS 8951,LEGAL,LEGAL-00012,,REFERENCED_BY,related_is_text,related_is_text,IS 8951,,F033,bis_circulars (1).csv,,109,1.00,
REL-IS_ENT-0001293,STD-01646,IS 8952,LEGAL,LEGAL-00012,,REFERENCED_BY,related_is_text,related_is_text,IS 8952,,F033,bis_circulars (1).csv,,109,1.00,
REL-IS_ENT-0001294,STD-01647,IS 8960,LEGAL,LEGAL-00012,,REFERENCED_BY,related_is_text,related_is_text,IS 8960,,F033,bis_circulars (1).csv,,109,1.00,
REL-IS_ENT-0001295,STD-01649,IS 8978,LEGAL,LEGAL-00012,,REFERENCED_BY,related_is_text,related_is_text,IS 8978,,F033,bis_circulars (1).csv,,109,1.00,
REL-IS_ENT-0001296,STD-01650,IS 899,LEGAL,LEGAL-00012,,REFERENCED_BY,related_is_text,related_is_text,IS 899,,F033,bis_circulars (1).csv,,109,1.00,
REL-IS_ENT-0001297,STD-01653,IS 902,LEGAL,LEGAL-00012,,REFERENCED_BY,related_is_text,related_is_text,IS 902,,F033,bis_circulars (1).csv,,109,1.00,
REL-IS_ENT-0001298,STD-01654,IS 9020,LEGAL,LEGAL-00012,,REFERENCED_BY,related_is_text,related_is_text,IS 9020,,F033,bis_circulars (1).csv,,109,1.00,
REL-IS_ENT-0001299,STD-01655,IS 903,LEGAL,LEGAL-00012,,REFERENCED_BY,related_is_text,related_is_text,IS 903,,F033,bis_circulars (1).csv,,109,1.00,
REL-IS_ENT-0001300,STD-01660,IS 907,LEGAL,LEGAL-00012,,REFERENCED_BY,related_is_text,related_is_text,IS 907,,F033,bis_circulars (1).csv,,109,1.00,
REL-IS_ENT-0001301,STD-01661,IS 9079,LEGAL,LEGAL-00012,,REFERENCED_BY,related_is_text,related_is_text,IS 9079,,F033,bis_circulars (1).csv,,109,1.00,
REL-IS_ENT-0001302,STD-01665,IS 9103,LEGAL,LEGAL-00012,,REFERENCED_BY,related_is_text,related_is_text,IS 9103,,F033,bis_circulars (1).csv,,109,1.00,
REL-IS_ENT-0001303,STD-01666,IS 9128,LEGAL,LEGAL-00012,,REFERENCED_BY,related_is_text,related_is_text,IS 9128,,F033,bis_circulars (1).csv,,109,1.00,
REL-IS_ENT-0001304,STD-01668,IS 915,LEGAL,LEGAL-00012,,REFERENCED_BY,related_is_text,related_is_text,IS 915,,F033,bis_circulars (1).csv,,109,1.00,
REL-IS_ENT-0001305,STD-01669,IS 916,LEGAL,LEGAL-00012,,REFERENCED_BY,related_is_text,related_is_text,IS 916,,F033,bis_circulars (1).csv,,109,1.00,
REL-IS_ENT-0001306,STD-01670,IS 9165,LEGAL,LEGAL-00012,,REFERENCED_BY,related_is_text,related_is_text,IS 9165,,F033,bis_circulars (1).csv,,109,1.00,
REL-IS_ENT-0001307,STD-01671,IS 9167,LEGAL,LEGAL-00012,,REFERENCED_BY,related_is_text,related_is_text,IS 9167,,F033,bis_circulars (1).csv,,109,1.00,
REL-IS_ENT-0001308,STD-01676,IS 9271,LEGAL,LEGAL-00012,,REFERENCED_BY,related_is_text,related_is_text,IS 9271,,F033,bis_circulars (1).csv,,109,1.00,
REL-IS_ENT-0001309,STD-01677,IS 928,LEGAL,LEGAL-00012,,REFERENCED_BY,related_is_text,related_is_text,IS 928,,F033,bis_circulars (1).csv,,109,1.00,
REL-IS_ENT-0001310,STD-01678,IS 9281,LEGAL,LEGAL-00012,,REFERENCED_BY,related_is_text,related_is_text,IS 9281,,F033,bis_circulars (1).csv,,109,1.00,
REL-IS_ENT-0001311,STD-01678,IS 9281,LEGAL,LEGAL-00012,,REFERENCED_BY,related_is_text,related_is_text,IS 9281,,F033,bis_circulars (1).csv,,109,1.00,
REL-IS_ENT-0001312,STD-01679,IS 9282,LEGAL,LEGAL-00012,,REFERENCED_BY,related_is_text,related_is_text,IS 9282,,F033,bis_circulars (1).csv,,109,1.00,
REL-IS_ENT-0001313,STD-01680,IS 9283,LEGAL,LEGAL-00012,,REFERENCED_BY,related_is_text,related_is_text,IS 9283,,F033,bis_circulars (1).csv,,109,1.00,
REL-IS_ENT-0001314,STD-01682,IS 9295,LEGAL,LEGAL-00012,,REFERENCED_BY,related_is_text,related_is_text,IS 9295,,F033,bis_circulars (1).csv,,109,1.00,
REL-IS_ENT-0001315,STD-01683,IS 9354,LEGAL,LEGAL-00012,,REFERENCED_BY,related_is_text,related_is_text,IS 9354,,F033,bis_circulars (1).csv,,109,1.00,
REL-IS_ENT-0001316,STD-01685,IS 9356,LEGAL,LEGAL-00012,,REFERENCED_BY,related_is_text,related_is_text,IS 9356,,F033,bis_circulars (1).csv,,109,1.00,
REL-IS_ENT-0001317,STD-01686,IS 9359,LEGAL,LEGAL-00012,,REFERENCED_BY,related_is_text,related_is_text,IS 9359,,F033,bis_circulars (1).csv,,109,1.00,
REL-IS_ENT-0001318,STD-01687,IS 9360,LEGAL,LEGAL-00012,,REFERENCED_BY,related_is_text,related_is_text,IS 9360,,F033,bis_circulars (1).csv,,109,1.00,
REL-IS_ENT-0001319,STD-01689,IS 9395,LEGAL,LEGAL-00012,,REFERENCED_BY,related_is_text,related_is_text,IS 9395,,F033,bis_circulars (1).csv,,109,1.00,
REL-IS_ENT-0001320,STD-01694,IS 9471,LEGAL,LEGAL-00012,,REFERENCED_BY,related_is_text,related_is_text,IS 9471,,F033,bis_circulars (1).csv,,109,1.00,
REL-IS_ENT-0001321,STD-01694,IS 9471,LEGAL,LEGAL-00012,,REFERENCED_BY,related_is_text,related_is_text,IS 9471,,F033,bis_circulars (1).csv,,109,1.00,
REL-IS_ENT-0001322,STD-01694,IS 9471,LEGAL,LEGAL-00012,,REFERENCED_BY,related_is_text,related_is_text,IS 9471,,F033,bis_circulars (1).csv,,109,1.00,
REL-IS_ENT-0001323,STD-01694,IS 9471,LEGAL,LEGAL-00012,,REFERENCED_BY,related_is_text,related_is_text,IS 9471,,F033,bis_circulars (1).csv,,109,1.00,
REL-IS_ENT-0001324,STD-01694,IS 9471,LEGAL,LEGAL-00012,,REFERENCED_BY,related_is_text,related_is_text,IS 9471,,F033,bis_circulars (1).csv,,109,1.00,
REL-IS_ENT-0001325,STD-01694,IS 9471,LEGAL,LEGAL-00012,,REFERENCED_BY,related_is_text,related_is_text,IS 9471,,F033,bis_circulars (1).csv,,109,1.00,
REL-IS_ENT-0001326,STD-01695,IS 9473,LEGAL,LEGAL-00012,,REFERENCED_BY,related_is_text,related_is_text,IS 9473,,F033,bis_circulars (1).csv,,109,1.00,
REL-IS_ENT-0001327,STD-01699,IS 952,LEGAL,LEGAL-00012,,REFERENCED_BY,related_is_text,related_is_text,IS 952,,F033,bis_circulars (1).csv,,109,1.00,
REL-IS_ENT-0001328,STD-01700,IS 9523,LEGAL,LEGAL-00012,,REFERENCED_BY,related_is_text,related_is_text,IS 9523,,F033,bis_circulars (1).csv,,109,1.00,
REL-IS_ENT-0001329,STD-01701,IS 9532,LEGAL,LEGAL-00012,,REFERENCED_BY,related_is_text,related_is_text,IS 9532,,F033,bis_circulars (1).csv,,109,1.00,
REL-IS_ENT-0001330,STD-01702,IS 9537,LEGAL,LEGAL-00012,,REFERENCED_BY,related_is_text,related_is_text,IS 9537,,F033,bis_circulars (1).csv,,109,1.00,
REL-IS_ENT-0001331,STD-01702,IS 9537,LEGAL,LEGAL-00012,,REFERENCED_BY,related_is_text,related_is_text,IS 9537,,F033,bis_circulars (1).csv,,109,1.00,
REL-IS_ENT-0001332,STD-01702,IS 9537,LEGAL,LEGAL-00012,,REFERENCED_BY,related_is_text,related_is_text,IS 9537,,F033,bis_circulars (1).csv,,109,1.00,
REL-IS_ENT-0001333,STD-01703,IS 9550,LEGAL,LEGAL-00012,,REFERENCED_BY,related_is_text,related_is_text,IS 9550,,F033,bis_circulars (1).csv,,109,1.00,
REL-IS_ENT-0001334,STD-01704,IS 9562,LEGAL,LEGAL-00012,,REFERENCED_BY,related_is_text,related_is_text,IS 9562,,F033,bis_circulars (1).csv,,109,1.00,
REL-IS_ENT-0001335,STD-01706,IS 9573,LEGAL,LEGAL-00012,,REFERENCED_BY,related_is_text,related_is_text,IS 9573,,F033,bis_circulars (1).csv,,109,1.00,
REL-IS_ENT-0001336,STD-01710,IS 9585,LEGAL,LEGAL-00012,,REFERENCED_BY,related_is_text,related_is_text,IS 9585,,F033,bis_circulars (1).csv,,109,1.00,
REL-IS_ENT-0001337,STD-01714,IS 9665,LEGAL,LEGAL-00012,,REFERENCED_BY,related_is_text,related_is_text,IS 9665,,F033,bis_circulars (1).csv,,109,1.00,
REL-IS_ENT-0001338,STD-01717,IS 9738,LEGAL,LEGAL-00012,,REFERENCED_BY,related_is_text,related_is_text,IS 9738,,F033,bis_circulars (1).csv,,109,1.00,
REL-IS_ENT-0001339,STD-01720,IS 9758,LEGAL,LEGAL-00012,,REFERENCED_BY,related_is_text,related_is_text,IS 9758,,F033,bis_circulars (1).csv,,109,1.00,
REL-IS_ENT-0001340,STD-01721,IS 9762,LEGAL,LEGAL-00012,,REFERENCED_BY,related_is_text,related_is_text,IS 9762,,F033,bis_circulars (1).csv,,109,1.00,
REL-IS_ENT-0001341,STD-01722,IS 9763,LEGAL,LEGAL-00012,,REFERENCED_BY,related_is_text,related_is_text,IS 9763,,F033,bis_circulars (1).csv,,109,1.00,
REL-IS_ENT-0001342,STD-01723,IS 9798,LEGAL,LEGAL-00012,,REFERENCED_BY,related_is_text,related_is_text,IS 9798,,F033,bis_circulars (1).csv,,109,1.00,
REL-IS_ENT-0001343,STD-01724,IS 9825,LEGAL,LEGAL-00012,,REFERENCED_BY,related_is_text,related_is_text,IS 9825,,F033,bis_circulars (1).csv,,109,1.00,
REL-IS_ENT-0001344,STD-01726,IS 9836,LEGAL,LEGAL-00012,,REFERENCED_BY,related_is_text,related_is_text,IS 9836,,F033,bis_circulars (1).csv,,109,1.00,
REL-IS_ENT-0001345,STD-01727,IS 9857,LEGAL,LEGAL-00012,,REFERENCED_BY,related_is_text,related_is_text,IS 9857,,F033,bis_circulars (1).csv,,109,1.00,
REL-IS_ENT-0001346,STD-01735,IS 9890,LEGAL,LEGAL-00012,,REFERENCED_BY,related_is_text,related_is_text,IS 9890,,F033,bis_circulars (1).csv,,109,1.00,
REL-IS_ENT-0001347,STD-01736,IS 996,LEGAL,LEGAL-00012,,REFERENCED_BY,related_is_text,related_is_text,IS 996,,F033,bis_circulars (1).csv,,109,1.00,
REL-IS_ENT-0001348,STD-01738,IS 9968,LEGAL,LEGAL-00012,,REFERENCED_BY,related_is_text,related_is_text,IS 9968,,F033,bis_circulars (1).csv,,109,1.00,
REL-IS_ENT-0001349,STD-01738,IS 9968,LEGAL,LEGAL-00012,,REFERENCED_BY,related_is_text,related_is_text,IS 9968,,F033,bis_circulars (1).csv,,109,1.00,
REL-IS_ENT-0001350,STD-01739,IS 9972,LEGAL,LEGAL-00012,,REFERENCED_BY,related_is_text,related_is_text,IS 9972,,F033,bis_circulars (1).csv,,109,1.00,
REL-IS_ENT-0001351,STD-01741,IS 9974,LEGAL,LEGAL-00012,,REFERENCED_BY,related_is_text,related_is_text,IS 9974,,F033,bis_circulars (1).csv,,109,1.00,
REL-IS_ENT-0001352,STD-00972,IS 222,LEGAL,LEGAL-00012,,REFERENCED_BY,related_is_text,related_is_text,is 222,,F033,bis_circulars (1).csv,,109,1.00,
REL-IS_ENT-0001353,STD-00644,IS 16333 (Part 3),LEGAL,LEGAL-00105,,REFERENCED_BY,related_is_text,related_is_text,IS 16333 (Part 3),,F033,bis_circulars (1).csv,,110,1.00,
REL-IS_ENT-0001354,STD-00268,IS 13252 (Part 1),LEGAL,LEGAL-00105,,REFERENCED_BY,related_is_text,related_is_text,IS13252 (Part 1),,F033,bis_circulars (1).csv,,110,1.00,
REL-IS_ENT-0001355,STD-00644,IS 16333 (Part 3),LEGAL,LEGAL-00105,,REFERENCED_BY,related_is_text,related_is_text,IS16333 (Part 3),,F033,bis_circulars (1).csv,,110,1.00,
REL-IS_ENT-0001356,STD-00642,IS 16333,LEGAL,LEGAL-00108,,REFERENCED_BY,related_is_text,related_is_text,IS 16333,,F033,bis_circulars (1).csv,,112,1.00,
REL-IS_ENT-0001357,STD-00644,IS 16333 (Part 3),LEGAL,LEGAL-00108,,REFERENCED_BY,related_is_text,related_is_text,IS 16333 (Part 3),,F033,bis_circulars (1).csv,,112,1.00,
REL-IS_ENT-0001358,STD-00645,IS 16350,LEGAL,LEGAL-00108,,REFERENCED_BY,related_is_text,related_is_text,IS 16350,,F033,bis_circulars (1).csv,,112,1.00,
REL-IS_ENT-0001359,STD-01076,IS 29,LEGAL,LEGAL-00108,,REFERENCED_BY,related_is_text,related_is_text,is 29,,F033,bis_circulars (1).csv,,112,1.00,
REL-IS_ENT-0001360,STD-00048,IS 10322,LEGAL,LEGAL-00061,,REFERENCED_BY,related_is_text,related_is_text,IS 10322,,F033,bis_circulars (1).csv,,114,1.00,
REL-IS_ENT-0001361,STD-00268,IS 13252 (Part 1),LEGAL,LEGAL-00061,,REFERENCED_BY,related_is_text,related_is_text,IS 13252 (Part 1),,F033,bis_circulars (1).csv,,114,1.00,
REL-IS_ENT-0001362,STD-00636,IS 16242 (Part 1),LEGAL,LEGAL-00061,,REFERENCED_BY,related_is_text,related_is_text,IS 16242 (Part 1),,F033,bis_circulars (1).csv,,114,1.00,
REL-IS_ENT-0001363,STD-01090,IS 302 (Part 1),LEGAL,LEGAL-00061,,REFERENCED_BY,related_is_text,related_is_text,IS 302 (Part 1),,F033,bis_circulars (1).csv,,114,1.00,
REL-IS_ENT-0001364,STD-01413,IS 616,LEGAL,LEGAL-00061,,REFERENCED_BY,related_is_text,related_is_text,IS 616,,F033,bis_circulars (1).csv,,114,1.00,
REL-IS_ENT-0001365,STD-01413,IS 616,LEGAL,LEGAL-00090,,REFERENCED_BY,related_is_text,related_is_text,IS 616,,F033,bis_circulars (1).csv,,115,1.00,
REL-IS_ENT-0001366,STD-00048,IS 10322,LEGAL,LEGAL-00054,,REFERENCED_BY,related_is_text,related_is_text,IS 10322,,F033,bis_circulars (1).csv,,117,1.00,
REL-IS_ENT-0001367,STD-00268,IS 13252 (Part 1),LEGAL,LEGAL-00054,,REFERENCED_BY,related_is_text,related_is_text,IS 13252 (Part 1),,F033,bis_circulars (1).csv,,117,1.00,
REL-IS_ENT-0001368,STD-00636,IS 16242 (Part 1),LEGAL,LEGAL-00054,,REFERENCED_BY,related_is_text,related_is_text,IS 16242 (Part 1),,F033,bis_circulars (1).csv,,117,1.00,
REL-IS_ENT-0001369,STD-01090,IS 302 (Part 1),LEGAL,LEGAL-00054,,REFERENCED_BY,related_is_text,related_is_text,IS 302 (Part 1),,F033,bis_circulars (1).csv,,117,1.00,
REL-IS_ENT-0001370,STD-01413,IS 616,LEGAL,LEGAL-00054,,REFERENCED_BY,related_is_text,related_is_text,IS 616,,F033,bis_circulars (1).csv,,117,1.00,
REL-IS_ENT-0001371,STD-00268,IS 13252 (Part 1),LEGAL,LEGAL-00133,,REFERENCED_BY,related_is_text,related_is_text,IS 13252 (Part 1),,F033,bis_circulars (1).csv,,118,1.00,
REL-IS_ENT-0001372,STD-00268,IS 13252 (Part 1),LEGAL,LEGAL-00133,,REFERENCED_BY,related_is_text,related_is_text,IS 13252(Part 1),,F033,bis_circulars (1).csv,,118,1.00,
REL-IS_ENT-0001373,STD-00644,IS 16333 (Part 3),LEGAL,LEGAL-00133,,REFERENCED_BY,related_is_text,related_is_text,IS 16333 (Part 3),,F033,bis_circulars (1).csv,,118,1.00,
REL-IS_ENT-0001374,STD-00644,IS 16333 (Part 3),LEGAL,LEGAL-00133,,REFERENCED_BY,related_is_text,related_is_text,IS 16333(Part 3),,F033,bis_circulars (1).csv,,118,1.00,
REL-IS_ENT-0001375,STD-00267,IS 13252,LEGAL,LEGAL-00080,,REFERENCED_BY,related_is_text,related_is_text,IS 13252,,F033,bis_circulars (1).csv,,120,1.00,
REL-IS_ENT-0001376,STD-00268,IS 13252 (Part 1),LEGAL,LEGAL-00080,,REFERENCED_BY,related_is_text,related_is_text,IS 13252 (Part 1),,F033,bis_circulars (1).csv,,120,1.00,
REL-IS_ENT-0001377,STD-00268,IS 13252 (Part 1),LEGAL,LEGAL-00080,,REFERENCED_BY,related_is_text,related_is_text,IS 13252(Part 1),,F033,bis_circulars (1).csv,,120,1.00,
REL-IS_ENT-0001378,STD-00644,IS 16333 (Part 3),LEGAL,LEGAL-00080,,REFERENCED_BY,related_is_text,related_is_text,IS 16333 (Part 3),,F033,bis_circulars (1).csv,,120,1.00,
REL-IS_ENT-0001379,STD-00644,IS 16333 (Part 3),LEGAL,LEGAL-00080,,REFERENCED_BY,related_is_text,related_is_text,IS 16333 (Part3),,F033,bis_circulars (1).csv,,120,1.00,
REL-IS_ENT-0001380,STD-00644,IS 16333 (Part 3),LEGAL,LEGAL-00080,,REFERENCED_BY,related_is_text,related_is_text,IS 16333(Part 3),,F033,bis_circulars (1).csv,,120,1.00,
REL-IS_ENT-0001381,STD-00568,IS 15885 (Part 2),LEGAL,LEGAL-00030,,REFERENCED_BY,related_is_text,related_is_text,IS 15885 (Part 2,,F033,bis_circulars (1).csv,,121,1.00,
REL-IS_ENT-0001382,STD-00568,IS 15885 (Part 2),LEGAL,LEGAL-00030,,REFERENCED_BY,related_is_text,related_is_text,IS 15885(Part 2,,F033,bis_circulars (1).csv,,121,1.00,
REL-IS_ENT-0001383,STD-00268,IS 13252 (Part 1),LEGAL,LEGAL-00031,,REFERENCED_BY,related_is_text,related_is_text,IS 13252 (Part 1),,F033,bis_circulars (1).csv,,122,1.00,
REL-IS_ENT-0001384,STD-00268,IS 13252 (Part 1),LEGAL,LEGAL-00031,,REFERENCED_BY,related_is_text,related_is_text,IS 13252 (Part1),,F033,bis_circulars (1).csv,,122,1.00,
REL-IS_ENT-0001385,STD-00609,IS 16102,LEGAL,LEGAL-00168,,REFERENCED_BY,related_is_text,related_is_text,IS 16102,,F033,bis_circulars (1).csv,,123,1.00,
REL-IS_ENT-0001386,STD-00568,IS 15885 (Part 2),LEGAL,LEGAL-00067,,REFERENCED_BY,related_is_text,related_is_text,IS 15885 (Part 2,,F033,bis_circulars (1).csv,,124,1.00,
REL-IS_ENT-0001387,STD-00568,IS 15885 (Part 2),LEGAL,LEGAL-00067,,REFERENCED_BY,related_is_text,related_is_text,IS 15885(Part 2,,F033,bis_circulars (1).csv,,124,1.00,
REL-IS_ENT-0001388,STD-00609,IS 16102,LEGAL,LEGAL-00068,,REFERENCED_BY,related_is_text,related_is_text,IS 16102,,F033,bis_circulars (1).csv,,125,1.00,
REL-IS_ENT-0001389,STD-00610,IS 16102 (Part 1),LEGAL,LEGAL-00068,,REFERENCED_BY,related_is_text,related_is_text,IS 16102 (Part 1),,F033,bis_circulars (1).csv,,125,1.00,
REL-IS_ENT-0001390,STD-00610,IS 16102 (Part 1),LEGAL,LEGAL-00068,,REFERENCED_BY,related_is_text,related_is_text,IS 16102(Part 1),,F033,bis_circulars (1).csv,,125,1.00,
REL-IS_ENT-0001391,STD-01103,IS 31,LEGAL,LEGAL-00068,,REFERENCED_BY,related_is_text,related_is_text,is 31,,F033,bis_circulars (1).csv,,125,1.00,
REL-IS_ENT-0001392,STD-00593,IS 16046,LEGAL,LEGAL-00136,,REFERENCED_BY,related_is_text,related_is_text,IS 16046,,F033,bis_circulars (1).csv,,126,1.00,
REL-IS_ENT-0001393,STD-00593,IS 16046,LEGAL,LEGAL-00136,,REFERENCED_BY,related_is_text,related_is_text,IS 16046,,F033,bis_circulars (1).csv,,126,1.00,
REL-IS_ENT-0001394,STD-00593,IS 16046,LEGAL,LEGAL-00136,,REFERENCED_BY,related_is_text,related_is_text,IS16046,,F033,bis_circulars (1).csv,,126,1.00,
REL-IS_ENT-0001395,STD-00593,IS 16046,LEGAL,LEGAL-00028,,REFERENCED_BY,related_is_text,related_is_text,IS 16046,,F033,bis_circulars (1).csv,,128,1.00,
REL-IS_ENT-0001396,STD-00593,IS 16046,LEGAL,LEGAL-00028,,REFERENCED_BY,related_is_text,related_is_text,IS16046,,F033,bis_circulars (1).csv,,128,1.00,
REL-IS_ENT-0001397,STD-00267,IS 13252,LEGAL,LEGAL-00102,,REFERENCED_BY,related_is_text,related_is_text,IS 13252,,F033,bis_circulars (1).csv,,140,1.00,
REL-IS_ENT-0001398,STD-00268,IS 13252 (Part 1),LEGAL,LEGAL-00102,,REFERENCED_BY,related_is_text,related_is_text,IS 13252 (Part 1),,F033,bis_circulars (1).csv,,140,1.00,
REL-IS_ENT-0001399,STD-00268,IS 13252 (Part 1),LEGAL,LEGAL-00102,,REFERENCED_BY,related_is_text,related_is_text,IS 13252 (Part1),,F033,bis_circulars (1).csv,,140,1.00,
REL-IS_ENT-0001400,STD-00268,IS 13252 (Part 1),LEGAL,LEGAL-00102,,REFERENCED_BY,related_is_text,related_is_text,IS 13252(Part 1),,F033,bis_circulars (1).csv,,140,1.00,
REL-IS_ENT-0001401,STD-00268,IS 13252 (Part 1),LEGAL,LEGAL-00102,,REFERENCED_BY,related_is_text,related_is_text,IS 13252(Part1),,F033,bis_circulars (1).csv,,140,1.00,
REL-IS_ENT-0001402,STD-00593,IS 16046,LEGAL,LEGAL-00086,,REFERENCED_BY,related_is_text,related_is_text,IS 16046,,F033,bis_circulars (1).csv,,141,1.00,
REL-IS_ENT-0001403,STD-00593,IS 16046,LEGAL,LEGAL-00086,,REFERENCED_BY,related_is_text,related_is_text,IS16046,,F033,bis_circulars (1).csv,,141,1.00,
REL-IS_ENT-0001404,STD-00182,IS 1222,LEGAL,LEGAL-00100,,REFERENCED_BY,related_is_text,related_is_text,IS 1222,,F033,bis_circulars (1).csv,,148,1.00,
REL-IS_ENT-0001405,STD-00243,IS 1293,LEGAL,LEGAL-00034,,REFERENCED_BY,related_is_text,related_is_text,IS 1293,,F033,bis_circulars (1).csv,,153,1.00,
REL-IS_ENT-0001406,STD-00609,IS 16102,LEGAL,LEGAL-00070,,REFERENCED_BY,related_is_text,related_is_text,IS 16102,,F033,bis_circulars (1).csv,,154,1.00,
REL-IS_ENT-0001407,STD-01089,IS 302,LEGAL,LEGAL-00029,,REFERENCED_BY,related_is_text,related_is_text,IS 302,,F033,bis_circulars (1).csv,,156,1.00,
REL-IS_ENT-0001408,STD-00268,IS 13252 (Part 1),LEGAL,LEGAL-00069,,REFERENCED_BY,related_is_text,related_is_text,IS 13252 (Part 1),,F033,bis_circulars (1).csv,,158,1.00,
REL-IS_ENT-0001409,STD-01089,IS 302,LEGAL,LEGAL-00065,,REFERENCED_BY,related_is_text,related_is_text,IS 302,,F033,bis_circulars (1).csv,,159,1.00,
REL-IS_ENT-0001410,STD-01089,IS 302,LEGAL,LEGAL-00106,,REFERENCED_BY,related_is_text,related_is_text,IS 302,,F033,bis_circulars (1).csv,,160,1.00,
