file_id,original_filename,sheet_name,column_index,exact_column_name,normalized_column_name,data_type,semantic_type,total_rows,non_null_rows,null_rows,placeholder_null_rows,unique_count,duplicate_count,percentage_populated,percentage_informative,multivalue_ratio,is_multivalue_field,example_values
F001,05_scheme_ii.csv,05_scheme_ii,1,scheme_record_id,scheme_record_id,string,SCHEME_ID,78,78,0,0,78,0,100.0,100.0,0.0,NO,SCHII-0001 || SCHII-0002 || SCHII-0003
F001,05_scheme_ii.csv,05_scheme_ii,2,scheme_id,scheme_id,string,SCHEME_ID,78,78,0,0,1,77,100.0,100.0,0.0,NO,scheme_ii
F001,05_scheme_ii.csv,05_scheme_ii,3,scheme_label,scheme_label,string,SCHEME_NAME,78,78,0,0,1,77,100.0,100.0,0.0,NO,Scheme - II (Registration Scheme)
F001,05_scheme_ii.csv,05_scheme_ii,4,table_caption,table_caption,string,TITLE,78,78,0,0,4,74,100.0,100.0,0.987,YES,List of Electronics and IT Goods under 'Compulsory Registration Scheme || List of Electronics and IT Goods under 'Compulsory Registration Scheme || List of Electronics and IT Goods under 'Compulsory Registration Scheme
F001,05_scheme_ii.csv,05_scheme_ii,5,sr_no,sr_no,float,NUMERIC_OR_COUNT,78,78,0,0,65,13,100.0,100.0,0.0,NO,1 || 2 || 3
F001,05_scheme_ii.csv,05_scheme_ii,6,raw_is_number,raw_is_number,string,IS_NUMBER,78,78,0,0,34,44,100.0,100.0,0.0,NO,IS/IEC 62368: Part 1: 2023 || IS 302-2-25 || IS 302-2:26
F001,05_scheme_ii.csv,05_scheme_ii,7,canonical_is_number,canonical_is_number,string,IS_NUMBER,78,78,0,0,33,45,100.0,100.0,0.0,NO,IS/IEC 62368 (Part 1) || IS 302 (Part 2/Sec 25) || IS 302 (Part 2/Sec 26)
F001,05_scheme_ii.csv,05_scheme_ii,8,display_is_number,display_is_number,string,IS_NUMBER,78,78,0,0,34,44,100.0,100.0,0.0,NO,IS/IEC 62368 (Part 1) : 2023 || IS 302 (Part 2/Sec 25) || IS 302 (Part 2/Sec 26)
F001,05_scheme_ii.csv,05_scheme_ii,9,standard_year,standard_year,int,YEAR,78,78,0,17,10,51,100.0,78.21,0.0,NO,2023 || 2012 || 2013
F001,05_scheme_ii.csv,05_scheme_ii,10,title,title,string,TITLE,78,78,0,0,30,48,100.0,100.0,0.718,YES,"Audio/Video, Information and Communication Technology Equipment - Part || Audio/Video, Information and Communication Technology Equipment - Part || Audio/Video, Information and Communication Technology Equipment - Part"
F001,05_scheme_ii.csv,05_scheme_ii,11,product_name,product_name,string,PRODUCT_NAME,78,78,0,0,72,6,100.0,100.0,0.205,NO,Electronic Games (Video) || Laptop/Notebook/Tablets || Plasma/ LCD/LED Televisions of screen size 32″ & above
F001,05_scheme_ii.csv,05_scheme_ii,12,notified_by,notified_by,string,AUTHORITY_OR_PARTY,78,78,0,0,4,74,100.0,100.0,0.154,NO,Ministry Of Electronics And Information Technology || Ministry Of New and Renewable Energy || Ministry of Chemicals and Fertilizers
F001,05_scheme_ii.csv,05_scheme_ii,13,notification_reference,notification_reference,string,FREE_TEXT,78,78,0,62,14,2,100.0,20.51,1.0,YES,Electronics & Information Technology Goods (Requirements for Compulsor || Electronics & Information Technology Goods (Requirements for Compulsor || SO No. Nil dated 24th Oct 2016; Date of Implementation 1st July 2017; 
F001,05_scheme_ii.csv,05_scheme_ii,14,mandatory_voluntary,mandatory_voluntary,string,MANDATORY_FLAG,78,78,0,0,1,77,100.0,100.0,0.0,NO,MANDATORY
F001,05_scheme_ii.csv,05_scheme_ii,15,certification_type,certification_type,string,CERTIFICATION_TYPE,78,78,0,0,1,77,100.0,100.0,0.0,NO,SCHEME_II_REGISTRATION
F001,05_scheme_ii.csv,05_scheme_ii,16,source_id,source_id,string,PROVENANCE_META,78,78,0,0,1,77,100.0,100.0,0.0,NO,scheme_ii
F001,05_scheme_ii.csv,05_scheme_ii,17,source_URL,source_url,url,SOURCE_URL,78,78,0,0,1,77,100.0,100.0,0.0,NO,https://www.bis.gov.in/product-certification/products-under-compulsory || https://www.bis.gov.in/product-certification/products-under-compulsory || https://www.bis.gov.in/product-certification/products-under-compulsory
F001,05_scheme_ii.csv,05_scheme_ii,18,retrieval_timestamp,retrieval_timestamp,date,DATE,78,78,0,0,1,77,100.0,100.0,0.0,NO,2026-09-01T00:00:00Z
F001,05_scheme_ii.csv,05_scheme_ii,19,scraper_engine,scraper_engine,string,PROVENANCE_META,78,78,0,0,1,77,100.0,100.0,0.0,NO,firecrawl
F001,05_scheme_ii.csv,05_scheme_ii,20,extraction_method,extraction_method,string,PROVENANCE_META,78,78,0,0,1,77,100.0,100.0,0.0,NO,FIRECRAWL_JSON
F001,05_scheme_ii.csv,05_scheme_ii,21,record_status,record_status,string,STATUS,78,78,0,0,2,76,100.0,100.0,0.0,NO,SUCCESS || PARTIAL
F001,05_scheme_ii.csv,05_scheme_ii,22,missing_reason,missing_reason,string,MISSING_REASON,78,78,0,16,1,61,100.0,79.49,0.0,NO,NOT_EXPOSED_BY_SOURCE
F002,06_scheme_iv.csv,06_scheme_iv,1,scheme_record_id,scheme_record_id,string,SCHEME_ID,6,6,0,0,6,0,100.0,100.0,0.0,NO,SCHIV-0001 || SCHIV-0002 || SCHIV-0003
F002,06_scheme_iv.csv,06_scheme_iv,2,scheme_id,scheme_id,string,SCHEME_ID,6,6,0,0,1,5,100.0,100.0,0.0,NO,scheme_iv
F002,06_scheme_iv.csv,06_scheme_iv,3,scheme_label,scheme_label,string,SCHEME_NAME,6,6,0,0,1,5,100.0,100.0,0.0,NO,Scheme - IV ( Grant Of Certificate Of Conformity )
F002,06_scheme_iv.csv,06_scheme_iv,4,sr_no,sr_no,float,NUMERIC_OR_COUNT,6,6,0,0,2,4,100.0,100.0,0.0,NO,1. || 2.
F002,06_scheme_iv.csv,06_scheme_iv,5,raw_is_number,raw_is_number,string,IS_NUMBER,6,6,0,0,5,1,100.0,100.0,0.0,NO,IS 3024:2015 || IS 648:2006 || IS 16585 : 2016
F002,06_scheme_iv.csv,06_scheme_iv,6,canonical_is_number,canonical_is_number,string,IS_NUMBER,6,6,0,0,4,2,100.0,100.0,0.0,NO,IS 3024 || IS 648 || IS 16585
F002,06_scheme_iv.csv,06_scheme_iv,7,display_is_number,display_is_number,string,IS_NUMBER,6,6,0,0,5,1,100.0,100.0,0.0,NO,IS 3024 : 2015 || IS 648 : 2006 || IS 16585 : 2016
F002,06_scheme_iv.csv,06_scheme_iv,8,standard_year,standard_year,int,YEAR,6,6,0,0,5,1,100.0,100.0,0.0,NO,2015 || 2006 || 2016
F002,06_scheme_iv.csv,06_scheme_iv,9,title,title,empty,TITLE,6,6,0,6,0,0,100.0,0.0,0.0,NO,
F002,06_scheme_iv.csv,06_scheme_iv,10,product_name,product_name,string,PRODUCT_NAME,6,6,0,0,2,4,100.0,100.0,0.0,NO,Stampings/laminations/cores of transformers (with or without winding) || Requirement of Retro-Reflective Devices for Bicycles
F002,06_scheme_iv.csv,06_scheme_iv,11,specific_requirement,specific_requirement,string,DESCRIPTIVE_TEXT,6,6,0,0,3,3,100.0,100.0,0.667,YES,Made from BIS standard marked Grain Oriented Electrical Steel Sheet an || Made from BIS standard marked Grain Oriented Electrical Steel Sheet an || Made from BIS standard marked Grain Oriented Electrical Steel Sheet an
F002,06_scheme_iv.csv,06_scheme_iv,12,notified_by,notified_by,string,AUTHORITY_OR_PARTY,6,6,0,0,2,4,100.0,100.0,1.0,YES,"Steel and Steel Products (Quality Control) Order, 2020 || Bicycles- Retro Reflective Devices (Quality Control) Order, 2020"
F002,06_scheme_iv.csv,06_scheme_iv,13,notification_reference,notification_reference,string,FREE_TEXT,6,6,0,0,3,3,100.0,100.0,0.833,YES,"S.O. 1673(E), dated 27-05-2020 || S.O. 2290(E) dated 07/07/2020; Bicycles- Retro Reflective Devices (Qua || S.O. 2290(E) dated 07/07/2020"
F002,06_scheme_iv.csv,06_scheme_iv,14,notification_document_URL,notification_document_url,url,DOCUMENT_URL,6,6,0,0,2,4,100.0,100.0,0.0,NO,https://www.bis.gov.in/wp-content/uploads/2020/07/Steel-QCO-2020-dated || https://www.bis.gov.in/wp-content/uploads/2020/07/Steel-QCO-2020-dated || https://www.bis.gov.in/wp-content/uploads/2020/07/Steel-QCO-2020-dated
F002,06_scheme_iv.csv,06_scheme_iv,15,mandatory_voluntary,mandatory_voluntary,string,MANDATORY_FLAG,6,6,0,0,1,5,100.0,100.0,0.0,NO,MANDATORY
F002,06_scheme_iv.csv,06_scheme_iv,16,certification_type,certification_type,string,CERTIFICATION_TYPE,6,6,0,0,1,5,100.0,100.0,0.0,NO,SCHEME_IV
F002,06_scheme_iv.csv,06_scheme_iv,17,source_id,source_id,string,PROVENANCE_META,6,6,0,0,1,5,100.0,100.0,0.0,NO,scheme_iv
F002,06_scheme_iv.csv,06_scheme_iv,18,source_URL,source_url,url,SOURCE_URL,6,6,0,0,1,5,100.0,100.0,0.0,NO,https://www.bis.gov.in/product-certification/products-under-compulsory || https://www.bis.gov.in/product-certification/products-under-compulsory || https://www.bis.gov.in/product-certification/products-under-compulsory
F002,06_scheme_iv.csv,06_scheme_iv,19,retrieval_timestamp,retrieval_timestamp,date,DATE,6,6,0,0,1,5,100.0,100.0,0.0,NO,2026-09-01T00:00:00Z
F002,06_scheme_iv.csv,06_scheme_iv,20,scraper_engine,scraper_engine,string,PROVENANCE_META,6,6,0,0,1,5,100.0,100.0,0.0,NO,firecrawl
F002,06_scheme_iv.csv,06_scheme_iv,21,extraction_method,extraction_method,string,PROVENANCE_META,6,6,0,0,1,5,100.0,100.0,0.0,NO,FIRECRAWL_JSON
F002,06_scheme_iv.csv,06_scheme_iv,22,record_status,record_status,string,STATUS,6,6,0,0,2,4,100.0,100.0,0.0,NO,SUCCESS || DUPLICATE
F002,06_scheme_iv.csv,06_scheme_iv,23,missing_reason,missing_reason,string,MISSING_REASON,6,6,0,5,1,0,100.0,16.67,0.0,NO,NOT_APPLICABLE
F003,07_scheme_x.csv,07_scheme_x,1,scheme_record_id,scheme_record_id,string,SCHEME_ID,52,52,0,0,52,0,100.0,100.0,0.0,NO,SCHX-0001 || SCHX-0002 || SCHX-0003
F003,07_scheme_x.csv,07_scheme_x,2,scheme_id,scheme_id,string,SCHEME_ID,52,52,0,0,1,51,100.0,100.0,0.0,NO,scheme_x
F003,07_scheme_x.csv,07_scheme_x,3,scheme_label,scheme_label,string,SCHEME_NAME,52,52,0,0,2,50,100.0,100.0,0.385,YES,Scheme - X (Certification) || Machinery and Electrical Equipment covered under Omnibus Technical Reg || Machinery and Electrical Equipment covered under Omnibus Technical Reg
F003,07_scheme_x.csv,07_scheme_x,4,sr_no,sr_no,mixed(float|int|string),NUMERIC_OR_COUNT,52,52,0,0,49,3,100.0,100.0,0.0,NO,1.1 (a) || 1.1(b) || 1.2.(a)
F003,07_scheme_x.csv,07_scheme_x,5,raw_is_number,raw_is_number,string,IS_NUMBER,52,52,0,19,9,24,100.0,63.46,0.0,NO,IS/IEC 60947: Part 2:2016 || IS/IEC 60947: Part 3:2012 || IS/IEC 60947 : Part 4 : Sec 1 : 2018
F003,07_scheme_x.csv,07_scheme_x,6,canonical_is_number,canonical_is_number,string,IS_NUMBER,52,52,0,19,9,24,100.0,63.46,0.0,NO,IS/IEC 60947 (Part 2) || IS/IEC 60947 (Part 3) || IS/IEC 60947 (Part 4/Sec 1)
F003,07_scheme_x.csv,07_scheme_x,7,display_is_number,display_is_number,string,IS_NUMBER,52,52,0,19,9,24,100.0,63.46,0.0,NO,IS/IEC 60947 (Part 2) : 2016 || IS/IEC 60947 (Part 3) : 2012 || IS/IEC 60947 (Part 4/Sec 1) : 2018
F003,07_scheme_x.csv,07_scheme_x,8,standard_year,standard_year,int,YEAR,52,52,0,19,5,28,100.0,63.46,0.0,NO,2016 || 2012 || 2018
F003,07_scheme_x.csv,07_scheme_x,9,title,title,string,TITLE,52,52,0,22,9,21,100.0,57.69,1.0,YES,Low - Voltage Switchgear and Controlgear: Part 2 circuit - Breakers (F || Low - Voltage Switchgear and Controlgear: Part 2 circuit - Breakers (F || Low - Voltage Switchgear and Controlgear: Part 2 circuit - Breakers (F
F003,07_scheme_x.csv,07_scheme_x,10,product_name,product_name,string,PRODUCT_NAME,52,52,0,0,44,8,100.0,100.0,0.731,YES,"AC Circuit - Breakers (Category A)- All ratings upto 630 A, upto 440V  || AC Circuit - Breakers (Category - A)- All ratings above 630A , upto 44 || AC Circuit - Breakers (Category - A)- All ratings above 630A , upto 44"
F003,07_scheme_x.csv,07_scheme_x,11,specific_requirement,specific_requirement,string,DESCRIPTIVE_TEXT,52,52,0,20,22,10,100.0,61.54,0.219,NO,All test as per IS/IEC 60947 : Part 2 : 2016 except the test listed be || Electromagnetic compatibility(EMC) mentioned in Annex J and All test s || All test as per IS/IEC 60947 : Part 2 : 2016 except the test listed be
F003,07_scheme_x.csv,07_scheme_x,12,notified_by,notified_by,string,AUTHORITY_OR_PARTY,52,52,0,0,2,50,100.0,100.0,0.0,NO,Ministry of Heavy Industries || Government of India
F003,07_scheme_x.csv,07_scheme_x,13,notification_reference,notification_reference,string,FREE_TEXT,52,52,0,0,9,43,100.0,100.0,1.0,YES,"Electrical Equipment (Quality Control) Order, 2020 - S.O. 4044(E), dat || Deferment of upcoming phase implementation of the Electrical Equipment || Electrical Equipment (Quality Control) Second Amendment Order, 2024 - "
F003,07_scheme_x.csv,07_scheme_x,14,notification_document_URL,notification_document_url,url,DOCUMENT_URL,52,52,0,0,8,44,100.0,100.0,0.0,NO,https://www.bis.gov.in/wp-content/uploads/2025/05/Electrical-Equipment || https://www.bis.gov.in/wp-content/uploads/2025/11/Deferment-of-upcomin || https://www.bis.gov.in/wp-content/uploads/2025/05/Extension-of-impleme
F003,07_scheme_x.csv,07_scheme_x,15,mandatory_voluntary,mandatory_voluntary,string,MANDATORY_FLAG,52,52,0,0,1,51,100.0,100.0,0.0,NO,MANDATORY
F003,07_scheme_x.csv,07_scheme_x,16,certification_type,certification_type,string,CERTIFICATION_TYPE,52,52,0,0,1,51,100.0,100.0,0.0,NO,SCHEME_X
F003,07_scheme_x.csv,07_scheme_x,17,source_id,source_id,string,PROVENANCE_META,52,52,0,0,1,51,100.0,100.0,0.0,NO,scheme_x
F003,07_scheme_x.csv,07_scheme_x,18,source_URL,source_url,url,SOURCE_URL,52,52,0,0,1,51,100.0,100.0,0.0,NO,https://www.bis.gov.in/products-under-compulsory-certification-scheme- || https://www.bis.gov.in/products-under-compulsory-certification-scheme- || https://www.bis.gov.in/products-under-compulsory-certification-scheme-
F003,07_scheme_x.csv,07_scheme_x,19,retrieval_timestamp,retrieval_timestamp,date,DATE,52,52,0,0,1,51,100.0,100.0,0.0,NO,2026-09-01T00:00:00Z
F003,07_scheme_x.csv,07_scheme_x,20,scraper_engine,scraper_engine,string,PROVENANCE_META,52,52,0,0,1,51,100.0,100.0,0.0,NO,firecrawl
F003,07_scheme_x.csv,07_scheme_x,21,extraction_method,extraction_method,string,PROVENANCE_META,52,52,0,0,1,51,100.0,100.0,0.0,NO,FIRECRAWL_MARKDOWN
F003,07_scheme_x.csv,07_scheme_x,22,record_status,record_status,string,STATUS,52,52,0,0,2,50,100.0,100.0,0.0,NO,SUCCESS || PARTIAL
F003,07_scheme_x.csv,07_scheme_x,23,missing_reason,missing_reason,string,MISSING_REASON,52,52,0,29,1,22,100.0,44.23,0.0,NO,NOT_EXPOSED_BY_SOURCE
F004,17_source_conflicts.csv,17_source_conflicts,1,conflict_id,conflict_id,string,PRIMARY_KEY_ID,2,2,0,0,2,0,100.0,100.0,0.0,NO,CONF-0001 || CONF-0002
F004,17_source_conflicts.csv,17_source_conflicts,2,entity_type,entity_type,string,CATEGORY,2,2,0,0,1,1,100.0,100.0,0.0,NO,scheme_mapping
F004,17_source_conflicts.csv,17_source_conflicts,3,entity_key,entity_key,string,IS_RELATIONSHIP,2,2,0,0,1,1,100.0,100.0,1.0,YES,scheme_iv|IS 10613|Requirement of Retro-Reflective Devices for Bicycle || scheme_iv|IS 10613|Requirement of Retro-Reflective Devices for Bicycle
F004,17_source_conflicts.csv,17_source_conflicts,4,field_name,field_name,string,CATEGORY,2,2,0,0,2,0,100.0,100.0,0.0,NO,specific_requirement || standard_year
F004,17_source_conflicts.csv,17_source_conflicts,5,value_a,value_a,mixed(int|string),UNCLASSIFIED_STRING,2,2,0,0,2,0,100.0,100.0,0.0,NO,Clause 4.2.2 of IS 10613: 2023 || 2023
F004,17_source_conflicts.csv,17_source_conflicts,6,source_a_id,source_a_id,string,PRIMARY_KEY_ID,2,2,0,0,1,1,100.0,100.0,0.0,NO,scheme_iv
F004,17_source_conflicts.csv,17_source_conflicts,7,source_a_URL,source_a_url,url,URL,2,2,0,0,1,1,100.0,100.0,0.0,NO,https://www.bis.gov.in/product-certification/products-under-compulsory || https://www.bis.gov.in/product-certification/products-under-compulsory
F004,17_source_conflicts.csv,17_source_conflicts,8,value_b,value_b,mixed(int|string),UNCLASSIFIED_STRING,2,2,0,0,2,0,100.0,100.0,0.0,NO,Clause 4.14 of IS 10613: 2014 || 2014
F004,17_source_conflicts.csv,17_source_conflicts,9,source_b_id,source_b_id,string,PRIMARY_KEY_ID,2,2,0,0,1,1,100.0,100.0,0.0,NO,scheme_iv
F004,17_source_conflicts.csv,17_source_conflicts,10,source_b_URL,source_b_url,url,URL,2,2,0,0,1,1,100.0,100.0,0.0,NO,https://www.bis.gov.in/product-certification/products-under-compulsory || https://www.bis.gov.in/product-certification/products-under-compulsory
F004,17_source_conflicts.csv,17_source_conflicts,11,resolution_rule,resolution_rule,string,UNCLASSIFIED_STRING,2,2,0,0,1,1,100.0,100.0,0.0,NO,UNRESOLVED_BOTH_OFFICIAL_VALUES_PRESERVED
F004,17_source_conflicts.csv,17_source_conflicts,12,resolved_value,resolved_value,empty,EMPTY_COLUMN,2,2,0,2,0,0,100.0,0.0,0.0,NO,
F004,17_source_conflicts.csv,17_source_conflicts,13,detected_at,detected_at,date,DATE,2,2,0,0,1,1,100.0,100.0,0.0,NO,2026-09-01T00:00:00Z
F004,17_source_conflicts.csv,17_source_conflicts,14,notes,notes,string,DESCRIPTIVE_TEXT,2,2,0,0,2,0,100.0,100.0,1.0,YES,The same official BIS Scheme-IV page renders two tables for the same p || Revision year differs between the two tables on the same official page
F005,BIS_Combined_Testing_Master.xlsx,Combined_Testing_Master,1,test_id,test_id,string,TEST_ID,260,260,0,0,260,0,100.0,100.0,0.0,NO,T17631-01 || T17631-02 || T17631-03
F005,BIS_Combined_Testing_Master.xlsx,Combined_Testing_Master,2,test_name,test_name,string,TEST_NAME,260,260,0,0,156,104,100.0,100.0,0.035,NO,Design and Workmanship || Dimensions || Resistance to Mechanical Damage
F005,BIS_Combined_Testing_Master.xlsx,Combined_Testing_Master,3,parameter,parameter,string,TEST_NAME,260,260,0,0,197,63,100.0,100.0,0.027,NO,Construction/workmanship || Dimensions || Resistance to mechanical damage
F005,BIS_Combined_Testing_Master.xlsx,Combined_Testing_Master,4,method,method,string,TEST_METHOD,260,260,0,0,102,158,100.0,100.0,0.004,NO,Visual/standard method || Standard dimensional measurement || Standard method
F005,BIS_Combined_Testing_Master.xlsx,Combined_Testing_Master,5,method_standard,method_standard,string,TEST_METHOD,260,260,0,0,49,211,100.0,100.0,0.0,NO,IS 17631:2022 || IS 17632:2022 || IS 17633:2022
F005,BIS_Combined_Testing_Master.xlsx,Combined_Testing_Master,6,clause,clause,string,DOC_LOCATOR,260,260,0,0,50,210,100.0,100.0,0.004,NO,Cl.4 || Cl.5 || Cl.6.1(a)
F005,BIS_Combined_Testing_Master.xlsx,Combined_Testing_Master,7,sample_size,sample_size,string,NUMERIC_OR_COUNT,260,260,0,0,59,201,100.0,100.0,0.004,NO,As SIT || Material specimen || Leather specimen
F005,BIS_Combined_Testing_Master.xlsx,Combined_Testing_Master,8,frequency,frequency,string,UNCLASSIFIED_STRING,260,260,0,0,8,252,100.0,100.0,0.0,NO,As SIT || SIT || As per SIT
F005,BIS_Combined_Testing_Master.xlsx,Combined_Testing_Master,9,acceptance_criteria,acceptance_criteria,string,ACCEPTANCE_CRITERIA,260,260,0,0,104,156,100.0,100.0,0.004,NO,Conform to IS || Within prescribed tolerances || IS limits
F005,BIS_Combined_Testing_Master.xlsx,Combined_Testing_Master,10,required_equipment,required_equipment,string,UNCLASSIFIED_STRING,260,260,0,0,164,96,100.0,100.0,0.004,NO,Furniture inspection equipment || Vernier/caliper/steel scale || Specified furniture apparatus
F005,BIS_Combined_Testing_Master.xlsx,Combined_Testing_Master,11,remarks,remarks,string,DESCRIPTIVE_TEXT,260,260,0,0,46,214,100.0,100.0,0.004,NO,BIS LIMS lists this test || Factory test || —
F005,BIS_Combined_Testing_Master.xlsx,Combined_Testing_Master,12,source_URL,source_url,string,SOURCE_URL,260,260,0,0,13,247,100.0,100.0,0.0,NO,BIS LIMS IS 17631 || BIS LIMS IS 17632 || BIS LIMS IS 17633
F006,BIS_FAQs_Master.xlsx,BIS_FAQs_Master,1,faq_id,faq_id,string,PRIMARY_KEY_ID,98,98,0,0,98,0,100.0,100.0,0.0,NO,PC-FAQ-001 || PC-FAQ-002 || PC-FAQ-003
F006,BIS_FAQs_Master.xlsx,BIS_FAQs_Master,2,question,question,string,FAQ_QUESTION,98,98,0,0,98,0,100.0,100.0,0.041,NO,What is a BIS licence? || How can I find the Indian Standard for my product if I do not know the || Is BIS certification compulsory for my product?
F006,BIS_FAQs_Master.xlsx,BIS_FAQs_Master,3,answer,answer,string,FAQ_ANSWER,98,98,0,0,98,0,100.0,100.0,0.786,YES,"A BIS licence is a licence granted under Section 13 of the BIS Act, 20 || Search for the Indian Standard corresponding to the product through Ma || BIS certification is compulsory for products brought under compulsory "
F006,BIS_FAQs_Master.xlsx,BIS_FAQs_Master,4,category,category,string,CATEGORY,98,98,0,0,4,94,100.0,100.0,0.0,NO,Product Certification || FMCS || Hallmarking
F006,BIS_FAQs_Master.xlsx,BIS_FAQs_Master,5,related_IS,related_is,string,IS_RELATIONSHIP,98,98,0,0,24,74,100.0,100.0,0.041,NO,General || Applicable compulsory IS || Any applicable IS
F006,BIS_FAQs_Master.xlsx,BIS_FAQs_Master,6,related_product,related_product,string,PRODUCT_NAME,98,98,0,0,62,36,100.0,100.0,0.041,NO,Certified products || Any product || Product covered by compulsory certification
F006,BIS_FAQs_Master.xlsx,BIS_FAQs_Master,7,related_QCO,related_qco,string,QCO_REFERENCE,98,98,0,0,8,90,100.0,100.0,0.0,NO,— || Applicable QCO || Applicable QCO if mandatory
F006,BIS_FAQs_Master.xlsx,BIS_FAQs_Master,8,related_scheme,related_scheme,string,UNCLASSIFIED_STRING,98,98,0,0,4,94,100.0,100.0,0.0,NO,Scheme-I || Scheme-I/Scheme-X depending on product || FMCS
F006,BIS_FAQs_Master.xlsx,BIS_FAQs_Master,9,document_reference,document_reference,string,UNCLASSIFIED_STRING,98,98,0,0,79,19,100.0,100.0,0.071,NO,BIS Act 2016; Product Certification FAQ Q1 || Product Certification FAQ Q2 || Product Certification FAQ Q3
F006,BIS_FAQs_Master.xlsx,BIS_FAQs_Master,10,source_URL,source_url,url,SOURCE_URL,98,98,0,0,5,93,100.0,100.0,0.0,NO,https://www.bis.gov.in/product-certification/product-certification-faq || https://www.bis.gov.in/product-certification/product-certification-faq || https://www.bis.gov.in/product-certification/product-certification-faq
F007,BIS_Laboratory_Scopes.xlsx,BIS_Laboratory_Scopes,1,scope_id,scope_id,string,PRIMARY_KEY_ID,45,45,0,0,45,0,100.0,100.0,0.0,NO,SC-17631 || SC-17632 || SC-17633
F007,BIS_Laboratory_Scopes.xlsx,BIS_Laboratory_Scopes,2,lab_id,lab_id,string,LAB_ID,45,45,0,0,1,44,100.0,100.0,0.0,NO,LIMS-MULTIPLE
F007,BIS_Laboratory_Scopes.xlsx,BIS_Laboratory_Scopes,3,IS_number,is_number,string,IS_NUMBER,45,45,0,0,45,0,100.0,100.0,0.0,NO,IS 17631:2022 || IS 17632:2022 || IS 17633:2022
F007,BIS_Laboratory_Scopes.xlsx,BIS_Laboratory_Scopes,4,product,product,string,PRODUCT_NAME,45,45,0,0,45,0,100.0,100.0,0.267,NO,Work Chairs - Specification || General Purpose Chairs and Stools - Specification || Tables and Desks - Specification
F007,BIS_Laboratory_Scopes.xlsx,BIS_Laboratory_Scopes,5,test_name,test_name,string,TEST_NAME,45,45,0,0,38,7,100.0,100.0,0.733,YES,Multiple LIMS test facilities || Multiple cement tests || Chemical and physical cement tests
F007,BIS_Laboratory_Scopes.xlsx,BIS_Laboratory_Scopes,6,test_method,test_method,string,TEST_METHOD,45,45,0,0,45,0,100.0,100.0,0.0,NO,IS 17631:2022 || IS 17632:2022 || IS 17633:2022
F007,BIS_Laboratory_Scopes.xlsx,BIS_Laboratory_Scopes,7,clause,clause,string,DOC_LOCATOR,45,45,0,0,14,31,100.0,100.0,0.089,NO,"Multiple || 5.1, 6.1, 6.2.1, 6.3, 6.4 || 5.1 etc."
F007,BIS_Laboratory_Scopes.xlsx,BIS_Laboratory_Scopes,8,capability,capability,string,UNCLASSIFIED_STRING,45,45,0,0,24,21,100.0,100.0,0.044,NO,Multiple laboratories/test facilities || 15 laboratories currently listed || 14 laboratories currently listed
F007,BIS_Laboratory_Scopes.xlsx,BIS_Laboratory_Scopes,9,scope_status,scope_status,string,STATUS,45,45,0,0,5,40,100.0,100.0,0.022,NO,Active LIMS scope || Active framework || Active
F007,BIS_Laboratory_Scopes.xlsx,BIS_Laboratory_Scopes,10,scope_validity,scope_validity,string,DATE,45,45,0,0,1,44,100.0,100.0,0.0,NO,Laboratory-specific
F007,BIS_Laboratory_Scopes.xlsx,BIS_Laboratory_Scopes,11,testing_charge,testing_charge,string,FEE,45,45,0,0,1,44,100.0,100.0,0.0,NO,Laboratory-specific
F007,BIS_Laboratory_Scopes.xlsx,BIS_Laboratory_Scopes,12,source_URL,source_url,url,SOURCE_URL,45,45,0,0,32,13,100.0,100.0,0.0,NO,https://lims.bis.gov.in/home/search_is_number/?is_number__doc_no=17631 || https://lims.bis.gov.in/home/search_is_number/?is_number__doc_no=17632 || https://lims.bis.gov.in/home/search_is_number/?is_number__doc_no=17633
F008,BIS_Mandatory_Hallmarking_Orders.xlsx,Mandatory_Hallmarking_Orders,1,order_id,order_id,string,PRIMARY_KEY_ID,14,14,0,0,14,0,100.0,100.0,0.0,NO,HMO-2020-001 || HMO-2020-002 || HMO-2021-001
F008,BIS_Mandatory_Hallmarking_Orders.xlsx,Mandatory_Hallmarking_Orders,2,order_title,order_title,string,TITLE,14,14,0,0,14,0,100.0,100.0,1.0,YES,"Hallmarking of Gold Jewellery and Gold Artefacts Order, 2020 || Hallmarking of Gold Jewellery and Gold Artefacts (Amendment) Order, 20 || Hallmarking of Gold Jewellery and Gold Artefacts (Amendment) Order, 20"
F008,BIS_Mandatory_Hallmarking_Orders.xlsx,Mandatory_Hallmarking_Orders,3,order_number,order_number,string,UNCLASSIFIED_STRING,14,14,0,0,14,0,100.0,100.0,0.0,NO,S.O. 205(E) || S.O. 3513(E) || S.O. 2102(E)
F008,BIS_Mandatory_Hallmarking_Orders.xlsx,Mandatory_Hallmarking_Orders,4,metal,metal,string,CATEGORY,14,14,0,0,2,12,100.0,100.0,0.0,NO,Gold || Silver
F008,BIS_Mandatory_Hallmarking_Orders.xlsx,Mandatory_Hallmarking_Orders,5,fineness,fineness,string,IS_NUMBER,14,14,0,0,7,7,100.0,100.0,0.286,NO,"Gold jewellery and gold artefacts covered by the applicable BIS standa || Same as principal order || 14K/585, 18K/750 and 22K/916"
F008,BIS_Mandatory_Hallmarking_Orders.xlsx,Mandatory_Hallmarking_Orders,6,mandatory_status,mandatory_status,string,MANDATORY_FLAG,14,14,0,0,3,11,100.0,100.0,0.0,NO,Mandatory within the notified scope || Mandatory || Mandatory where brought under applicable mandatory hallmarking provisi
F008,BIS_Mandatory_Hallmarking_Orders.xlsx,Mandatory_Hallmarking_Orders,7,geographical_applicability,geographical_applicability,string,UNCLASSIFIED_STRING,14,14,0,0,9,5,100.0,100.0,0.071,NO,District-based applicability established through subsequent amendments || Same geographical framework as principal order || Same geographical framework
F008,BIS_Mandatory_Hallmarking_Orders.xlsx,Mandatory_Hallmarking_Orders,8,district_phase,district_phase,string,UNCLASSIFIED_STRING,14,14,0,0,14,0,100.0,100.0,0.071,NO,Principal Order || Pre-phased implementation || Pre-Phase-I transition
F008,BIS_Mandatory_Hallmarking_Orders.xlsx,Mandatory_Hallmarking_Orders,9,effective_date,effective_date,string,EFFECTIVE_DATE,14,14,0,0,14,0,100.0,100.0,0.143,NO,"15-Jan-2021 as originally provided, subsequently modified by amendment || 01-Jun-2021 || 16-Jun-2021"
F008,BIS_Mandatory_Hallmarking_Orders.xlsx,Mandatory_Hallmarking_Orders,10,amendment,amendment,string,FREE_TEXT,14,14,0,0,14,0,100.0,100.0,0.286,NO,Principal order establishing mandatory hallmarking framework || Changed commencement date of principal order from 15-Jan-2021 to 01-Ju || Further changed commencement date to 16-Jun-2021
F008,BIS_Mandatory_Hallmarking_Orders.xlsx,Mandatory_Hallmarking_Orders,11,exemption,exemption,string,UNCLASSIFIED_STRING,14,14,0,0,6,8,100.0,100.0,0.143,NO,Articles meant for export to foreign buyers according to specification || Principal-order exemptions continue || Export/re-import according to Government trade policy; articles intend
F008,BIS_Mandatory_Hallmarking_Orders.xlsx,Mandatory_Hallmarking_Orders,12,supersession,supersession,string,UNCLASSIFIED_STRING,14,14,0,0,10,4,100.0,100.0,0.286,NO,"Continues as principal order, subject to all subsequent amendments || Amends S.O. 205(E) || Amends S.O. 205(E), as amended by S.O. 3513(E)"
F008,BIS_Mandatory_Hallmarking_Orders.xlsx,Mandatory_Hallmarking_Orders,13,document_URL,document_url,string,DOCUMENT_URL,14,14,0,0,8,6,100.0,100.0,0.0,NO,Official BIS Order PDF || Official BIS amendment document || Official BIS QCO/amendment PDF
F008,BIS_Mandatory_Hallmarking_Orders.xlsx,Mandatory_Hallmarking_Orders,14,source_URL,source_url,url,SOURCE_URL,14,14,0,0,1,13,100.0,100.0,0.0,NO,https://www.bis.gov.in/hallmarking-overview/mandatory-hallmarking-orde || https://www.bis.gov.in/hallmarking-overview/mandatory-hallmarking-orde || https://www.bis.gov.in/hallmarking-overview/mandatory-hallmarking-orde
F009,BIS_Notifications_Master.xlsx,BIS_Notifications_Master,1,notification_id,notification_id,string,PRIMARY_KEY_ID,31,31,0,0,31,0,100.0,100.0,0.0,NO,NOTIF-FURN-001 || NOTIF-FURN-002 || NOTIF-FURN-003
F009,BIS_Notifications_Master.xlsx,BIS_Notifications_Master,2,notification_number,notification_number,string,UNCLASSIFIED_STRING,31,31,0,0,29,2,100.0,100.0,0.0,NO,S.O. 801(E) || S.O. 774(E) || S.O. 777(E)
F009,BIS_Notifications_Master.xlsx,BIS_Notifications_Master,3,title,title,string,TITLE,31,31,0,0,26,5,100.0,100.0,0.774,YES,"Furniture (Quality Control) Order, 2025 || Furniture QCO amendment || Transition Facilitation (Quality Control) Order, 2026"
F009,BIS_Notifications_Master.xlsx,BIS_Notifications_Master,4,type,type,string,CATEGORY,31,31,0,0,6,25,100.0,100.0,0.0,NO,Original QCO || Amendment || Transition
F009,BIS_Notifications_Master.xlsx,BIS_Notifications_Master,5,date,date,string,DATE,31,31,0,0,26,5,100.0,100.0,0.0,NO,13-Feb-2025 || 13-Feb-2026 || 02-Mar-2026
F009,BIS_Notifications_Master.xlsx,BIS_Notifications_Master,6,effective_date,effective_date,string,EFFECTIVE_DATE,31,31,0,0,12,19,100.0,100.0,0.097,NO,12 months after publication; MSME provisions differ || As stated || As specified
F009,BIS_Notifications_Master.xlsx,BIS_Notifications_Master,7,ministry,ministry,string,AUTHORITY_OR_PARTY,31,31,0,0,1,30,100.0,100.0,1.0,YES,Ministry of Commerce and Industry
F009,BIS_Notifications_Master.xlsx,BIS_Notifications_Master,8,department,department,string,AUTHORITY_OR_PARTY,31,31,0,0,1,30,100.0,100.0,0.0,NO,DPIIT
F009,BIS_Notifications_Master.xlsx,BIS_Notifications_Master,9,subject,subject,string,TITLE,31,31,0,0,28,3,100.0,100.0,0.0,NO,Mandatory Standard Mark for furniture || Modification of Furniture QCO provisions || Modification of implementation provisions
F009,BIS_Notifications_Master.xlsx,BIS_Notifications_Master,10,related_QCO,related_qco,string,QCO_REFERENCE,31,31,0,0,19,12,100.0,100.0,0.032,NO,Furniture QCO 2025 || Domestic Pressure Cooker QCO 2020 || Cement QCO 2003
F009,BIS_Notifications_Master.xlsx,BIS_Notifications_Master,11,related_IS,related_is,string,IS_RELATIONSHIP,31,31,0,0,20,11,100.0,100.0,0.226,NO,IS 17631–17636 || IS 2347 || IS 12330; IS 12600; IS 1489 P1/P2; IS 269; IS 455; IS 8041; IS 8042; I
F009,BIS_Notifications_Master.xlsx,BIS_Notifications_Master,12,related_amendment,related_amendment,string,UNCLASSIFIED_STRING,31,31,0,0,13,18,100.0,100.0,0.0,NO,— || Furniture QCO amendment || Transition
F009,BIS_Notifications_Master.xlsx,BIS_Notifications_Master,13,document_URL,document_url,string,DOCUMENT_URL,31,31,0,0,14,17,100.0,100.0,0.0,NO,https://bis.gov.in/wp-content/uploads/2025/02/Furniture-QCO-17-02-2025 || BIS Scheme-I || https://www.bis.gov.in/wp-content/uploads/2020/01/Pressure_cooker_QCO.
F009,BIS_Notifications_Master.xlsx,BIS_Notifications_Master,14,source_URL,source_url,string,SOURCE_URL,31,31,0,0,1,30,100.0,100.0,0.0,NO,BIS Scheme-I
F010,BIS_Product_Manuals_Master.xlsx,BIS_Product_Manuals,1,manual_id,manual_id,string,PRIMARY_KEY_ID,40,40,0,0,36,4,100.0,100.0,0.0,NO,PM/IS17631/1 || PM/IS17632/2/Jun25 || PM/IS17633/1/Dec22
F010,BIS_Product_Manuals_Master.xlsx,BIS_Product_Manuals,2,IS_number,is_number,string,IS_NUMBER,40,40,0,0,40,0,100.0,100.0,0.0,NO,IS 17631:2022 || IS 17632:2022 || IS 17633:2022
F010,BIS_Product_Manuals_Master.xlsx,BIS_Product_Manuals,3,product,product,string,PRODUCT_NAME,40,40,0,0,40,0,100.0,100.0,0.2,NO,Work Chairs || General Purpose Chairs and Stools || Tables and Desks
F010,BIS_Product_Manuals_Master.xlsx,BIS_Product_Manuals,4,manual_title,manual_title,string,TITLE,40,40,0,0,37,3,100.0,100.0,0.175,NO,Product Manual for Work Chairs According to IS 17631:2022 || Product Manual for General Purpose Chairs and Stools According to IS 1 || Product Manual for Tables and Desks According to IS 17633:2022
F010,BIS_Product_Manuals_Master.xlsx,BIS_Product_Manuals,5,version,version,mixed(int|string),UNCLASSIFIED_STRING,40,40,0,0,11,29,100.0,100.0,0.025,NO,1 / latest indexed manual || 2 || 1
F010,BIS_Product_Manuals_Master.xlsx,BIS_Product_Manuals,6,revision_date,revision_date,string,DATE,40,40,0,0,11,29,100.0,100.0,0.0,NO,Jun-2025 || Dec-2022* || Sep-2022
F010,BIS_Product_Manuals_Master.xlsx,BIS_Product_Manuals,7,scheme,scheme,string,SCHEME_NAME,40,40,0,0,1,39,100.0,100.0,0.0,NO,Scheme-I
F010,BIS_Product_Manuals_Master.xlsx,BIS_Product_Manuals,8,scope,scope,string,DESCRIPTIVE_TEXT,40,40,0,0,40,0,100.0,100.0,0.075,NO,Work chairs covered by IS 17631:2022 || Chairs/stools; Type 1 domestic and Type 2 institutional; defined model || Tables and desks
F010,BIS_Product_Manuals_Master.xlsx,BIS_Product_Manuals,9,raw_material_requirements,raw_material_requirements,string,UNCLASSIFIED_STRING,40,40,0,2,34,4,100.0,95.0,0.316,YES,As specified in IS; manufacturer declaration/control applicable || Nil stated in manual || As specified in IS/manual
F010,BIS_Product_Manuals_Master.xlsx,BIS_Product_Manuals,10,process_requirements,process_requirements,string,UNCLASSIFIED_STRING,40,40,0,0,40,0,100.0,100.0,0.575,YES,"Manufacturing/fabrication or ready-to-assemble requirements; design/wo || Manufacturing/fabrication or ready-to-assemble; design/workmanship con || Construction, workmanship and conformity to dimensional/performance re"
F010,BIS_Product_Manuals_Master.xlsx,BIS_Product_Manuals,11,testing_requirements,testing_requirements,string,UNCLASSIFIED_STRING,40,40,0,0,40,0,100.0,100.0,0.85,YES,"Dimensions, surface performance, stability/strength/durability as appl || Design/workmanship; dimensions; surface performance; stability, static || Dimensional, surface-performance, stability/strength/durability tests "
F010,BIS_Product_Manuals_Master.xlsx,BIS_Product_Manuals,12,sampling_guidelines,sampling_guidelines,string,UNCLASSIFIED_STRING,40,40,0,0,14,26,100.0,100.0,0.075,NO,See manual sampling section/annex || 2 chairs for dimensional/safety; material/fabric/leather pieces for su || See manual/annex
F010,BIS_Product_Manuals_Master.xlsx,BIS_Product_Manuals,13,test_equipment,test_equipment,string,UNCLASSIFIED_STRING,40,40,0,0,8,32,100.0,100.0,0.025,NO,"See Annex-B || Annex-B; micrometer, Vernier caliper, tape, steel scale, protractor pl || Annex-B"
F010,BIS_Product_Manuals_Master.xlsx,BIS_Product_Manuals,14,marking_requirements,marking_requirements,string,UNCLASSIFIED_STRING,40,40,0,0,18,22,100.0,100.0,0.225,NO,Standard Mark as per licence and IS requirements || Standard Mark on each product; IS 17632 Cl. 9; additional BIS certific || Standard Mark as per licence/IS
F010,BIS_Product_Manuals_Master.xlsx,BIS_Product_Manuals,15,SIT_STI,sit_sti,string,UNCLASSIFIED_STRING,40,40,0,0,8,32,100.0,100.0,0.05,NO,See Annex-C || Annex-C; quality assurance plan and routine/subcontracted testing || Annex-C
F010,BIS_Product_Manuals_Master.xlsx,BIS_Product_Manuals,16,grouping_guidelines,grouping_guidelines,string,UNCLASSIFIED_STRING,40,40,0,3,15,22,100.0,92.5,0.027,NO,See Annex-A || Same category/material/construction and dimensions within ±10% of lead || Annex-A
F010,BIS_Product_Manuals_Master.xlsx,BIS_Product_Manuals,17,licensing_requirements,licensing_requirements,string,UNCLASSIFIED_STRING,40,40,0,0,16,24,100.0,100.0,0.025,NO,BIS licence under Scheme-I; scope by product/model || Licence scope by product/type/category/model || Licence with defined product/model scope
F010,BIS_Product_Manuals_Master.xlsx,BIS_Product_Manuals,18,inspection_requirements,inspection_requirements,string,UNCLASSIFIED_STRING,40,40,0,0,14,26,100.0,100.0,0.3,NO,"Factory surveillance, testing and records as specified by manual || Rotation of models; in-house/common/subcontracted testing; test record || Factory inspection and surveillance with testing records"
F010,BIS_Product_Manuals_Master.xlsx,BIS_Product_Manuals,19,document_URL,document_url,string,DOCUMENT_URL,40,40,0,0,9,31,100.0,100.0,0.0,NO,BIS Product Manual PDF || BIS manual || BIS Circular / revised PM
F010,BIS_Product_Manuals_Master.xlsx,BIS_Product_Manuals,20,source_URL,source_url,string,SOURCE_URL,40,40,0,0,1,39,100.0,100.0,0.0,NO,BIS Product Manuals
F011,BIS_Products_Details.xlsx,Products_Details,1,product_id,product_id,string,PRODUCT_ID,40,40,0,0,40,0,100.0,100.0,0.0,NO,PROD_IS17631_CHAIRS || PROD_IS17632_CHAIRS || PROD_IS17633_TABLES
F011,BIS_Products_Details.xlsx,Products_Details,2,product_name,product_name,string,PRODUCT_NAME,40,40,0,0,40,0,100.0,100.0,0.225,NO,Work Chairs || General Purpose Chairs and Stools || Tables and Desks
F011,BIS_Products_Details.xlsx,Products_Details,3,alternate_names,alternate_names,string,PRODUCT_NAME,40,40,0,0,40,0,100.0,100.0,0.65,YES,"Office Chairs, Ergonomic Task Chairs, Desk Chairs || Side Chairs, Visitor Chairs, Dining Stools || Workstations, Office Desks, Study Tables"
F011,BIS_Products_Details.xlsx,Products_Details,4,category,category,string,CATEGORY,40,40,0,0,13,27,100.0,100.0,0.0,NO,Furniture || Mechanical & Domestic Goods || Civil Engineering
F011,BIS_Products_Details.xlsx,Products_Details,5,subcategory,subcategory,string,CATEGORY,40,40,0,0,17,23,100.0,100.0,0.0,NO,Seating Furniture || Office & Domestic Desks || Storage Furniture
F011,BIS_Products_Details.xlsx,Products_Details,6,description,description,string,DESCRIPTIVE_TEXT,40,40,0,0,40,0,100.0,100.0,0.925,YES,"Covers safety, strength, stability, durability, and ergonomic requirem || Specifies safety and strength specifications for general purpose non-o || Covers structural performance, stability, and load-bearing requirement"
F011,BIS_Products_Details.xlsx,Products_Details,7,keywords,keywords,string,DESCRIPTIVE_TEXT,40,40,0,0,40,0,100.0,100.0,1.0,YES,"work chair, office chair, ergonomic seating, task chair || general purpose chair, stools, visitor seating || tables, desks, office workstations, study table"
F011,BIS_Products_Details.xlsx,Products_Details,8,related_IS_numbers,related_is_numbers,string,IS_RELATIONSHIP,40,40,0,0,40,0,100.0,100.0,0.0,NO,IS 17631:2022 || IS 17632:2022 || IS 17633:2022
F011,BIS_Products_Details.xlsx,Products_Details,9,related_QCOs,related_qcos,string,QCO_REFERENCE,40,40,0,0,13,27,100.0,100.0,0.175,NO,Furniture (Quality Control) Order || Domestic Pressure Cooker (Quality Control) Order || Cement (Quality Control) Order
F011,BIS_Products_Details.xlsx,Products_Details,10,related_schemes,related_schemes,string,UNCLASSIFIED_STRING,40,40,0,0,1,39,100.0,100.0,0.0,NO,Scheme-I (ISI Mark)
F011,BIS_Products_Details.xlsx,Products_Details,11,source_URL,source_url,string,SOURCE_URL,40,40,0,0,2,38,100.0,100.0,0.0,NO,Product Specific Information || Products under Compulsory Certification
F012,BIS_Products_Full_Information.xlsx,Products_Details,1,product_id,product_id,string,PRODUCT_ID,40,40,0,0,40,0,100.0,100.0,0.0,NO,27280 (from standard record endpoint) || IS 17632:2022 || IS 17633:2022
F012,BIS_Products_Full_Information.xlsx,Products_Details,2,product_name,product_name,string,PRODUCT_NAME,40,40,0,0,40,0,100.0,100.0,0.275,NO,Work Chairs - Specification || General Purpose Chairs and Stools - Specification || Tables and Desks - Specification
F012,BIS_Products_Full_Information.xlsx,Products_Details,3,alternate_names,alternate_names,string,PRODUCT_NAME,40,40,0,0,37,3,100.0,100.0,0.4,YES,None / Not specified (Superseding IS: None) || None (New Standard superseding previous general seating standards) || None (New Standard)
F012,BIS_Products_Full_Information.xlsx,Products_Details,4,category,category,string,CATEGORY,40,40,0,0,18,22,100.0,100.0,0.075,NO,Civil Engineering Department (CED) || Mechanical Engineering Department (MED) || Civil Engineering / Construction Materials
F012,BIS_Products_Full_Information.xlsx,Products_Details,5,subcategory,subcategory,string,CATEGORY,40,40,0,0,26,14,100.0,100.0,0.025,NO,"CED 35 (Furniture Sectional Committee) || MED 33 (Utensils, Cutlery and Domestic Hardware Sectional Committee) || Hydraulic Binders / Special Portland Cements"
F012,BIS_Products_Full_Information.xlsx,Products_Details,6,description,description,string,DESCRIPTIVE_TEXT,40,40,0,0,40,0,100.0,100.0,1.0,YES,"IS 17631: 2022 deals with specifications for work chairs, which includ || Specifies performance, safety, strength, stability, and durability req || Covers safety, stability, strength, and structural performance require"
F012,BIS_Products_Full_Information.xlsx,Products_Details,7,keywords,keywords,string,DESCRIPTIVE_TEXT,40,40,0,0,40,0,100.0,100.0,1.0,YES,"Ergonomic office chairs, durable work chairs, adjustable chairs, offic || General purpose chairs, stools, seating furniture, chair stability, du || Tables, desks, office tables, study desks, stability testing, furnitur"
F012,BIS_Products_Full_Information.xlsx,Products_Details,8,related_IS_numbers,related_is_numbers,string,IS_RELATIONSHIP,40,40,0,0,38,2,100.0,100.0,0.775,YES,"IS 17631:2022 (Amendment: 1) || IS 17632:2022 (Amendment: 1), IS 17637 || IS 17633:2022 (Amendment: 1)"
F012,BIS_Products_Full_Information.xlsx,Products_Details,9,related_QCOs,related_qcos,string,QCO_REFERENCE,40,40,0,0,19,21,100.0,100.0,0.15,NO,2 Gazette Documents listed (Click to download section) || Furniture (Quality Control) Order || Furniture (Quality Control) Order (2 Gazette Documents)
F012,BIS_Products_Full_Information.xlsx,Products_Details,10,related_schemes,related_schemes,string,UNCLASSIFIED_STRING,40,40,0,0,7,33,100.0,100.0,0.175,NO,"Product Specification (Product Manual & SIT: 1, Active Licenses: 40, L || Product Specification (Scheme-I, ISI Mark) || Product Specification (Product Manual & SIT: 1, Active Licenses: 79, L"
F012,BIS_Products_Full_Information.xlsx,Products_Details,11,source_URL,source_url,string,SOURCE_URL,40,40,0,0,3,37,100.0,100.0,0.0,NO,Indian Standards - BIS Connect || Standard Details - Bureau of Indian Standards || BIS Connect - IS Details
F013,BIS_Products_Full_Information_v2.xlsx,Products_Details,1,product_id,product_id,string,PRODUCT_ID,40,40,0,0,40,0,100.0,100.0,0.0,NO,IS 17631:2022 || IS 17632:2022 || IS 17633:2022
F013,BIS_Products_Full_Information_v2.xlsx,Products_Details,2,product_name,product_name,string,PRODUCT_NAME,40,40,0,0,40,0,100.0,100.0,0.275,NO,Work Chairs - Specification || General Purpose Chairs and Stools - Specification || Tables and Desks - Specification
F013,BIS_Products_Full_Information_v2.xlsx,Products_Details,3,alternate_names,alternate_names,string,PRODUCT_NAME,40,40,0,0,37,3,100.0,100.0,0.4,YES,None / Not specified (Superseding IS: None) || None (New Standard superseding previous general seating standards) || None (New Standard)
F013,BIS_Products_Full_Information_v2.xlsx,Products_Details,4,category,category,string,CATEGORY,40,40,0,0,18,22,100.0,100.0,0.075,NO,Civil Engineering Department (CED) || Mechanical Engineering Department (MED) || Civil Engineering / Construction Materials
F013,BIS_Products_Full_Information_v2.xlsx,Products_Details,5,subcategory,subcategory,string,CATEGORY,40,40,0,0,26,14,100.0,100.0,0.025,NO,"CED 35 (Furniture Sectional Committee) || MED 33 (Utensils, Cutlery and Domestic Hardware Sectional Committee) || Hydraulic Binders / Special Portland Cements"
F013,BIS_Products_Full_Information_v2.xlsx,Products_Details,6,description,description,string,DESCRIPTIVE_TEXT,40,40,0,0,40,0,100.0,100.0,1.0,YES,"IT IS 17631: 2022 deals with specifications for work chairs, which inc || Specifies performance, safety, strength, stability, and durability req || Covers safety, stability, strength, and structural performance require"
F013,BIS_Products_Full_Information_v2.xlsx,Products_Details,7,keywords,keywords,string,DESCRIPTIVE_TEXT,40,40,0,0,40,0,100.0,100.0,1.0,YES,"Ergonomic office chairs, durable work chairs, adjustable chairs, offic || General purpose chairs, stools, seating furniture, chair stability, du || Tables, desks, office tables, study desks, stability testing, furnitur"
F013,BIS_Products_Full_Information_v2.xlsx,Products_Details,8,related_IS_numbers,related_is_numbers,string,IS_RELATIONSHIP,40,40,0,0,38,2,100.0,100.0,0.775,YES,"IS 17631:2022 (Amendment: 1) || IS 17632:2022 (Amendment: 1), IS 17637 || IS 17633:2022 (Amendment: 1)"
F013,BIS_Products_Full_Information_v2.xlsx,Products_Details,9,related_QCOs,related_qcos,string,QCO_REFERENCE,40,40,0,0,19,21,100.0,100.0,0.15,NO,2 Gazette Documents listed (Click to download section) || Furniture (Quality Control) Order || Furniture (Quality Control) Order (2 Gazette Documents)
F013,BIS_Products_Full_Information_v2.xlsx,Products_Details,10,related_schemes,related_schemes,string,UNCLASSIFIED_STRING,40,40,0,0,7,33,100.0,100.0,0.175,NO,"Product Specification (Product Manual & SIT: 1, Active Licenses: 40, L || Product Specification (Scheme-I, ISI Mark) || Product Specification (Product Manual & SIT: 1, Active Licenses: 79, L"
F013,BIS_Products_Full_Information_v2.xlsx,Products_Details,11,source_URL,source_url,string,SOURCE_URL,40,40,0,0,3,37,100.0,100.0,0.0,NO,Indian Standards - BIS Connect || Standard Details - Bureau of Indian Standards || BIS Connect - IS Details
F014,BIS_QCO-schema_2.xlsx,BIS_QCO-schema_2,1,qco_id,qco_id,string,QCO_ID,40,40,0,0,13,27,100.0,100.0,0.0,NO,QCO-FURNITURE-2025 || QCO-PRESSURE-COOKER-2020 || QCO-CEMENT-2003
F014,BIS_QCO-schema_2.xlsx,BIS_QCO-schema_2,2,qco_name,qco_name,string,QCO_REFERENCE,40,40,0,0,13,27,100.0,100.0,1.0,YES,"Furniture (Quality Control) Order, 2025 || Domestic Pressure Cooker (Quality Control) Order, 2020 || Cement (Quality Control) Order, 2003"
F014,BIS_QCO-schema_2.xlsx,BIS_QCO-schema_2,3,qco_number,qco_number,string,QCO_REFERENCE,40,40,0,0,1,39,100.0,100.0,0.0,NO,Not stated
F014,BIS_QCO-schema_2.xlsx,BIS_QCO-schema_2,4,product,product,string,PRODUCT_NAME,40,40,0,0,40,0,100.0,100.0,0.2,NO,Work chairs || General purpose chairs and stools || Tables and desks
F014,BIS_QCO-schema_2.xlsx,BIS_QCO-schema_2,5,IS_numbers,is_numbers,string,IS_RELATIONSHIP,40,40,0,0,40,0,100.0,100.0,0.0,NO,IS 17631:2022 || IS 17632:2022 || IS 17633:2022
F014,BIS_QCO-schema_2.xlsx,BIS_QCO-schema_2,6,notification_number,notification_number,string,UNCLASSIFIED_STRING,40,40,0,0,13,27,100.0,100.0,0.0,NO,S.O. 801(E) || S.O. 294(E) || S.O. 191(E)
F014,BIS_QCO-schema_2.xlsx,BIS_QCO-schema_2,7,notification_date,notification_date,string,DATE,40,40,0,0,13,27,100.0,100.0,0.0,NO,13-Feb-2025 || 21-Jan-2020 || 17-Feb-2003
F014,BIS_QCO-schema_2.xlsx,BIS_QCO-schema_2,8,effective_date,effective_date,string,EFFECTIVE_DATE,40,40,0,0,11,29,100.0,100.0,0.025,NO,14-Feb-2026 || 01-Aug-2020 || As applicable to latest notified IS edition
F014,BIS_QCO-schema_2.xlsx,BIS_QCO-schema_2,9,ministry,ministry,string,AUTHORITY_OR_PARTY,40,40,0,0,1,39,100.0,100.0,1.0,YES,Ministry of Commerce and Industry
F014,BIS_QCO-schema_2.xlsx,BIS_QCO-schema_2,10,department,department,string,AUTHORITY_OR_PARTY,40,40,0,0,2,38,100.0,100.0,0.025,NO,Department for Promotion of Industry and Internal Trade (DPIIT) || DPIIT
F014,BIS_QCO-schema_2.xlsx,BIS_QCO-schema_2,11,mandatory_status,mandatory_status,string,MANDATORY_FLAG,40,40,0,0,1,39,100.0,100.0,0.0,NO,Mandatory
F014,BIS_QCO-schema_2.xlsx,BIS_QCO-schema_2,12,schemes,schemes,string,SCHEME_NAME,40,40,0,0,1,39,100.0,100.0,0.0,NO,Scheme-I
F014,BIS_QCO-schema_2.xlsx,BIS_QCO-schema_2,13,scope,scope,string,DESCRIPTIVE_TEXT,40,40,0,0,40,0,100.0,100.0,0.275,NO,Work chairs || General purpose chairs and stools || Tables and desks
F014,BIS_QCO-schema_2.xlsx,BIS_QCO-schema_2,14,exclusions,exclusions,string,DESCRIPTIVE_TEXT,40,40,0,0,14,26,100.0,100.0,0.375,YES,Goods/articles manufactured domestically for export; exemptions/transi || Same QCO exclusions || Export and order-specific exemptions
F014,BIS_QCO-schema_2.xlsx,BIS_QCO-schema_2,15,amendments,amendments,string,UNCLASSIFIED_STRING,40,40,0,0,17,23,100.0,100.0,0.4,YES,"S.O. 774(E), 13-Feb-2026; S.O. 777(E), 13-Feb-2026; S.O. 1125(E), 02-M || S.O. 774(E); S.O. 777(E); S.O. 1125(E) || S.O. 2019(E), 23-Jun-2020"
F014,BIS_QCO-schema_2.xlsx,BIS_QCO-schema_2,16,extensions,extensions,string,UNCLASSIFIED_STRING,40,40,0,0,11,29,100.0,100.0,0.35,YES,"Transition Facilitation (Quality Control) Order, 2026, S.O. 3417(E), 2 || S.O. 3417(E), 25-Jun-2026 || Not separately stated"
F014,BIS_QCO-schema_2.xlsx,BIS_QCO-schema_2,17,deferments,deferments,string,UNCLASSIFIED_STRING,40,40,0,0,6,34,100.0,100.0,0.0,NO,Transition provisions for covered enterprises || Transition provisions || Not separately stated
F014,BIS_QCO-schema_2.xlsx,BIS_QCO-schema_2,18,corrigendas,corrigendas,string,UNCLASSIFIED_STRING,40,40,0,0,1,39,100.0,100.0,0.0,NO,Not separately stated
F014,BIS_QCO-schema_2.xlsx,BIS_QCO-schema_2,19,supersession,supersession,string,UNCLASSIFIED_STRING,40,40,0,0,8,32,100.0,100.0,0.075,NO,Not separately stated || Latest standard provision applies; BIS Scheme-I page currently display || Current Cement QCO
F014,BIS_QCO-schema_2.xlsx,BIS_QCO-schema_2,20,current_status,current_status,string,STATUS,40,40,0,0,3,37,100.0,100.0,0.025,NO,Active || QCO Active; supplied IS 2347:2023 should be retained as requested but  || Active QCO / current standard version differs from supplied year
F014,BIS_QCO-schema_2.xlsx,BIS_QCO-schema_2,21,official_document_URL,official_document_url,string,DOCUMENT_URL,40,40,0,0,11,29,100.0,100.0,0.05,NO,Furniture QCO 2025 || Pressure Cooker QCO || Cement QCO source
F014,BIS_QCO-schema_2.xlsx,BIS_QCO-schema_2,22,source_URL,source_url,string,SOURCE_URL,40,40,0,0,2,38,100.0,100.0,0.0,NO,BIS Scheme-I page || BIS Cement mandatory standards
F015,BIS_QCO_Master_Records (1).xlsx,QCO_Master_Records,1,qco_id,qco_id,int,QCO_ID,15,15,0,0,15,0,100.0,100.0,0.0,NO,1 || 2 || 3
F015,BIS_QCO_Master_Records (1).xlsx,QCO_Master_Records,2,qco_name,qco_name,string,QCO_REFERENCE,15,15,0,0,13,2,100.0,100.0,0.933,YES,"Furniture (Quality Control) Order, 2025 || Domestic Pressure Cooker (Quality Control) Order, 2020 || Cement (Quality Control) Order, 2003"
F015,BIS_QCO_Master_Records (1).xlsx,QCO_Master_Records,3,qco_number,qco_number,string,QCO_REFERENCE,15,15,0,0,13,2,100.0,100.0,0.0,NO,Notified 13 Feb 2025 || S.O. 294(E) || S.O. 191(E)
F015,BIS_QCO_Master_Records (1).xlsx,QCO_Master_Records,4,product,product,string,PRODUCT_NAME,15,15,0,0,15,0,100.0,100.0,0.333,YES,"Work Chairs, Desks, Tables, Storage Units, Beds, Bunk Beds || Domestic Pressure Cooker || Cement Varieties"
F015,BIS_QCO_Master_Records (1).xlsx,QCO_Master_Records,5,IS_numbers,is_numbers,string,IS_RELATIONSHIP,15,15,0,0,15,0,100.0,100.0,0.267,NO,"IS 17631:2022 to IS 17636:2022 || IS 2347:2017 / 2023 || IS 12330, IS 12600, IS 1489 (Pt 1 & 2), IS 269, IS 455, IS 8041, IS 80"
F015,BIS_QCO_Master_Records (1).xlsx,QCO_Master_Records,6,notification_number,notification_number,string,UNCLASSIFIED_STRING,15,15,0,0,13,2,100.0,100.0,0.0,NO,Notified 13 Feb 2025 || S.O. 294(E) || S.O. 191(E)
F015,BIS_QCO_Master_Records (1).xlsx,QCO_Master_Records,7,notification_date,notification_date,mixed(date|int|string),DATE,15,15,0,0,13,2,100.0,100.0,0.0,NO,13-02-2025 || 21-01-2020 || 17-02-2003
F015,BIS_QCO_Master_Records (1).xlsx,QCO_Master_Records,8,effective_date,effective_date,string,EFFECTIVE_DATE,15,15,0,14,1,0,100.0,6.67,0.0,NO,Staggered MSME dates
F015,BIS_QCO_Master_Records (1).xlsx,QCO_Master_Records,9,ministry,ministry,string,AUTHORITY_OR_PARTY,15,15,0,0,5,10,100.0,100.0,0.0,NO,Ministry of Commerce & Industry || Ministry of Petroleum & Natural Gas / DPIIT || Ministry of Steel / DPIIT
F015,BIS_QCO_Master_Records (1).xlsx,QCO_Master_Records,10,department,department,string,AUTHORITY_OR_PARTY,15,15,0,0,1,14,100.0,100.0,0.0,NO,DPIIT
F015,BIS_QCO_Master_Records (1).xlsx,QCO_Master_Records,11,mandatory_status,mandatory_status,string,MANDATORY_FLAG,15,15,0,0,1,14,100.0,100.0,0.0,NO,Mandatory
F015,BIS_QCO_Master_Records (1).xlsx,QCO_Master_Records,12,schemes,schemes,string,SCHEME_NAME,15,15,0,0,2,13,100.0,100.0,0.0,NO,Scheme I (ISI Mark) || Scheme I
F015,BIS_QCO_Master_Records (1).xlsx,QCO_Master_Records,13,scope,scope,string,DESCRIPTIVE_TEXT,15,15,0,0,15,0,100.0,100.0,0.667,YES,"Covers domestic/office furniture || Household cookers (1L to 22L capacity) || Covers all varieties of cement manufactured, imported, or sold in Indi"
F015,BIS_QCO_Master_Records (1).xlsx,QCO_Master_Records,14,exclusions,exclusions,string,DESCRIPTIVE_TEXT,15,15,0,7,8,0,100.0,53.33,0.0,NO,Excludes custom-built handcrafted non-commercial variants || Excludes large industrial autoclaves || No general retail exclusions
F015,BIS_QCO_Master_Records (1).xlsx,QCO_Master_Records,15,amendments,amendments,string,UNCLASSIFIED_STRING,15,15,0,7,6,2,100.0,53.33,0.0,NO,S.O. 2019(E) || S.O. 4277(E) || S.O. 1431(E)
F015,BIS_QCO_Master_Records (1).xlsx,QCO_Master_Records,16,extensions,extensions,string,UNCLASSIFIED_STRING,15,15,0,14,1,0,100.0,6.67,0.0,NO,Staggered MSME dates
F015,BIS_QCO_Master_Records (1).xlsx,QCO_Master_Records,17,deferments,deferments,empty,EMPTY_COLUMN,15,15,0,15,0,0,100.0,0.0,0.0,NO,
F015,BIS_QCO_Master_Records (1).xlsx,QCO_Master_Records,18,corrigendas,corrigendas,empty,EMPTY_COLUMN,15,15,0,15,0,0,100.0,0.0,0.0,NO,
F015,BIS_QCO_Master_Records (1).xlsx,QCO_Master_Records,19,supersession,supersession,string,UNCLASSIFIED_STRING,15,15,0,14,1,0,100.0,6.67,0.0,NO,Superseded earlier 2020 orders (S.O. 738(E))
F015,BIS_QCO_Master_Records (1).xlsx,QCO_Master_Records,20,current_status,current_status,string,STATUS,15,15,0,0,3,12,100.0,100.0,0.0,NO,Active / Notified || Active || Active / Draft
F015,BIS_QCO_Master_Records (1).xlsx,QCO_Master_Records,21,official_document_URL,official_document_url,string,DOCUMENT_URL,15,15,0,0,1,14,100.0,100.0,0.0,NO,BIS Compulsory Certification Scheme-I Portal
F015,BIS_QCO_Master_Records (1).xlsx,QCO_Master_Records,22,source_URL,source_url,string,SOURCE_URL,15,15,0,0,1,14,100.0,100.0,0.0,NO,BIS Portal
F016,BIS_QCO_Master_Records.xlsx,QCO_Master_Details,1,qco_id,qco_id,string,QCO_ID,3,3,0,0,3,0,100.0,100.0,0.0,NO,QCO-01 || QCO-02 || QCO-03
F016,BIS_QCO_Master_Records.xlsx,QCO_Master_Details,2,qco_name,qco_name,string,QCO_REFERENCE,3,3,0,0,3,0,100.0,100.0,0.0,NO,Domestic Pressure Cooker Quality Control Order || Toys Quality Control Order || Furniture Quality Control Order
F016,BIS_QCO_Master_Records.xlsx,QCO_Master_Details,3,qco_number,qco_number,string,QCO_REFERENCE,3,3,0,0,3,0,100.0,100.0,0.0,NO,S.O. 294(E) || S.O. 853(E) || Furniture QCO
F016,BIS_QCO_Master_Records.xlsx,QCO_Master_Details,4,product,product,string,PRODUCT_NAME,3,3,0,0,3,0,100.0,100.0,0.333,YES,"Domestic Pressure Cooker || Non-Electric & Electric Toys || Work Chairs, Tables, Storage Units, Beds"
F016,BIS_QCO_Master_Records.xlsx,QCO_Master_Details,5,IS_numbers,is_numbers,string,IS_RELATIONSHIP,3,3,0,0,3,0,100.0,100.0,0.667,YES,"IS 2347:2017 || IS 9873 (Parts 1, 2, 3, 4, 7, 9), IS 15644 || IS 17631:2022, IS 17632:2022"
F016,BIS_QCO_Master_Records.xlsx,QCO_Master_Details,6,notification_number,notification_number,string,UNCLASSIFIED_STRING,3,3,0,0,3,0,100.0,100.0,0.0,NO,S.O. 294(E) || S.O. 853(E) || Notified Gazette Order
F016,BIS_QCO_Master_Records.xlsx,QCO_Master_Details,7,notification_date,notification_date,mixed(date|string),DATE,3,3,0,0,3,0,100.0,100.0,0.0,NO,21-01-2020 || 25-02-2020 || As per publication
F016,BIS_QCO_Master_Records.xlsx,QCO_Master_Details,8,effective_date,effective_date,mixed(date|string),EFFECTIVE_DATE,3,3,0,0,3,0,100.0,100.0,0.0,NO,01-08-2020 || 01-09-2020 || 12 months post-publication
F016,BIS_QCO_Master_Records.xlsx,QCO_Master_Details,9,ministry,ministry,string,AUTHORITY_OR_PARTY,3,3,0,0,1,2,100.0,100.0,1.0,YES,Ministry of Commerce and Industry
F016,BIS_QCO_Master_Records.xlsx,QCO_Master_Details,10,department,department,string,AUTHORITY_OR_PARTY,3,3,0,0,1,2,100.0,100.0,1.0,YES,Department for Promotion of Industry and Internal Trade (DPIIT)
F016,BIS_QCO_Master_Records.xlsx,QCO_Master_Details,11,mandatory_status,mandatory_status,string,MANDATORY_FLAG,3,3,0,0,1,2,100.0,100.0,0.0,NO,Mandatory
F016,BIS_QCO_Master_Records.xlsx,QCO_Master_Details,12,schemes,schemes,string,SCHEME_NAME,3,3,0,0,1,2,100.0,100.0,0.0,NO,Scheme I (ISI Mark)
F016,BIS_QCO_Master_Records.xlsx,QCO_Master_Details,13,scope,scope,string,DESCRIPTIVE_TEXT,3,3,0,0,3,0,100.0,100.0,0.333,YES,Household pressure cookers with nominal capacities ranging from 1 litr || All toys intended for children under 14 years of age. || Domestic and office furniture items.
F016,BIS_QCO_Master_Records.xlsx,QCO_Master_Details,14,exclusions,exclusions,string,DESCRIPTIVE_TEXT,3,3,0,0,3,0,100.0,100.0,0.333,YES,Industrial autoclaves or non-cooking pressure vessels. || Goods manufactured strictly for export purposes. || Handcrafted custom non-commercial furniture and goods for export.
F016,BIS_QCO_Master_Records.xlsx,QCO_Master_Details,15,amendments,amendments,string,UNCLASSIFIED_STRING,3,3,0,1,2,0,100.0,66.67,0.0,NO,S.O. 2019(E) || S.O. 4277(E)
F016,BIS_QCO_Master_Records.xlsx,QCO_Master_Details,16,extensions,extensions,string,UNCLASSIFIED_STRING,3,3,0,0,3,0,100.0,100.0,0.0,NO,Notified standard transition timelines || Extended via subsequent notification orders || MSME 18-month exemption
F016,BIS_QCO_Master_Records.xlsx,QCO_Master_Details,17,deferments,deferments,empty,EMPTY_COLUMN,3,3,0,3,0,0,100.0,0.0,0.0,NO,
F016,BIS_QCO_Master_Records.xlsx,QCO_Master_Details,18,corrigendas,corrigendas,empty,EMPTY_COLUMN,3,3,0,3,0,0,100.0,0.0,0.0,NO,
F016,BIS_QCO_Master_Records.xlsx,QCO_Master_Details,19,supersession,supersession,empty,EMPTY_COLUMN,3,3,0,3,0,0,100.0,0.0,0.0,NO,
F016,BIS_QCO_Master_Records.xlsx,QCO_Master_Details,20,current_status,current_status,string,STATUS,3,3,0,0,1,2,100.0,100.0,0.0,NO,Active / Enforced
F016,BIS_QCO_Master_Records.xlsx,QCO_Master_Details,21,official_document_URL,official_document_url,string,DOCUMENT_URL,3,3,0,0,1,2,100.0,100.0,0.0,NO,BIS Compulsory Certification Scheme-I Portal
F016,BIS_QCO_Master_Records.xlsx,QCO_Master_Details,22,source_URL,source_url,string,SOURCE_URL,3,3,0,0,1,2,100.0,100.0,0.0,NO,BIS Portal
F017,BIS_QCO_Master_Records_v3.xlsx,QCO_Master_Records,1,qco_id,qco_id,string,QCO_ID,12,12,0,0,3,9,100.0,100.0,0.0,NO,QCO-FURN-01 || QCO-STEEL-02 || QCO-CEM-03
F017,BIS_QCO_Master_Records_v3.xlsx,QCO_Master_Records,2,qco_name,qco_name,string,QCO_REFERENCE,12,12,0,0,3,9,100.0,100.0,0.083,NO,Furniture (Quality Control) Order || Steel and Steel Products (Quality Control) Order || Cement (Quality Control) Order
F017,BIS_QCO_Master_Records_v3.xlsx,QCO_Master_Records,3,qco_number,qco_number,string,QCO_REFERENCE,12,12,0,0,3,9,100.0,100.0,0.0,NO,S.O. 5243(E) || S.O. 5134(E) || S.O. 191(E)
F017,BIS_QCO_Master_Records_v3.xlsx,QCO_Master_Records,4,product,product,string,PRODUCT_NAME,12,12,0,0,12,0,100.0,100.0,0.167,NO,"Work chairs, general purpose chairs and stools, tables, desks, storage || Stainless steel seamless and welded pipes and tubes || Sulphate Resisting Portland Cement"
F017,BIS_QCO_Master_Records_v3.xlsx,QCO_Master_Records,5,IS_numbers,is_numbers,string,IS_RELATIONSHIP,12,12,0,0,12,0,100.0,100.0,0.0,NO,IS 17631:2022 || IS 17875:2022 || IS 12330:1998
F017,BIS_QCO_Master_Records_v3.xlsx,QCO_Master_Records,6,notification_number,notification_number,string,UNCLASSIFIED_STRING,12,12,0,0,3,9,100.0,100.0,0.0,NO,S.O. 5243(E) || S.O. 5134(E) || S.O. 191(E)
F017,BIS_QCO_Master_Records_v3.xlsx,QCO_Master_Records,7,notification_date,notification_date,string,DATE,12,12,0,0,3,9,100.0,100.0,0.917,YES,"2024–2025 || November 20, 2025 || February 17, 2003"
F017,BIS_QCO_Master_Records_v3.xlsx,QCO_Master_Records,8,effective_date,effective_date,string,EFFECTIVE_DATE,12,12,0,0,3,9,100.0,100.0,0.083,NO,"February 14, 2026 || As per updated timelines || Immediate / Revised"
F017,BIS_QCO_Master_Records_v3.xlsx,QCO_Master_Records,9,ministry,ministry,string,AUTHORITY_OR_PARTY,12,12,0,0,2,10,100.0,100.0,0.917,YES,Ministry of Commerce and Industry || Ministry of Steel
F017,BIS_QCO_Master_Records_v3.xlsx,QCO_Master_Records,10,department,department,string,AUTHORITY_OR_PARTY,12,12,0,0,2,10,100.0,100.0,0.0,NO,DPIIT || Ministry of Steel
F017,BIS_QCO_Master_Records_v3.xlsx,QCO_Master_Records,11,mandatory_status,mandatory_status,string,MANDATORY_FLAG,12,12,0,0,1,11,100.0,100.0,0.0,NO,Mandatory
F017,BIS_QCO_Master_Records_v3.xlsx,QCO_Master_Records,12,schemes,schemes,string,SCHEME_NAME,12,12,0,0,1,11,100.0,100.0,0.0,NO,Scheme-I (ISI Mark)
F017,BIS_QCO_Master_Records_v3.xlsx,QCO_Master_Records,13,scope,scope,string,DESCRIPTIVE_TEXT,12,12,0,0,3,9,100.0,100.0,1.0,YES,"Fully assembled, fabricated, and ready-to-assemble domestic/office fur || Stainless steel pipes and tubes for fluid transmission and engineering || Construction and infrastructure hydraulic cements"
F017,BIS_QCO_Master_Records_v3.xlsx,QCO_Master_Records,14,exclusions,exclusions,string,DESCRIPTIVE_TEXT,12,12,0,0,3,9,100.0,100.0,0.0,NO,R&D purpose imports up to 200 items/year || Re-export purposes under self-declaration || Institutional export manufacturing under bond
F017,BIS_QCO_Master_Records_v3.xlsx,QCO_Master_Records,15,amendments,amendments,string,UNCLASSIFIED_STRING,12,12,0,0,3,9,100.0,100.0,0.167,NO,"Furniture Amendment Order, 2025/2026 || Steel Amendment Order, 2025 || Periodically updated"
F017,BIS_QCO_Master_Records_v3.xlsx,QCO_Master_Records,16,extensions,extensions,string,UNCLASSIFIED_STRING,12,12,0,0,3,9,100.0,100.0,0.083,NO,"MSEs extended to August 14, 2026 || Incremental extensions || Standard implementation"
F017,BIS_QCO_Master_Records_v3.xlsx,QCO_Master_Records,17,deferments,deferments,empty,EMPTY_COLUMN,12,12,0,12,0,0,100.0,0.0,0.0,NO,
F017,BIS_QCO_Master_Records_v3.xlsx,QCO_Master_Records,18,corrigendas,corrigendas,string,UNCLASSIFIED_STRING,12,12,0,1,2,9,100.0,91.67,0.0,NO,Periodic || Issued for standard years
F017,BIS_QCO_Master_Records_v3.xlsx,QCO_Master_Records,19,supersession,supersession,string,UNCLASSIFIED_STRING,12,12,0,0,3,9,100.0,100.0,0.0,NO,Expanded via amendments || Supersedes legacy steel orders || Replaces older editions
F017,BIS_QCO_Master_Records_v3.xlsx,QCO_Master_Records,20,current_status,current_status,string,STATUS,12,12,0,0,1,11,100.0,100.0,0.0,NO,Active
F017,BIS_QCO_Master_Records_v3.xlsx,QCO_Master_Records,21,official_document_URL,official_document_url,string,DOCUMENT_URL,12,12,0,0,2,10,100.0,100.0,0.0,NO,BIS || S.O. No. 191(E)
F017,BIS_QCO_Master_Records_v3.xlsx,QCO_Master_Records,22,source_URL,source_url,string,SOURCE_URL,12,12,0,0,1,11,100.0,100.0,0.0,NO,Bureau of Indian Standards
F018,BIS_QCO_Master_Scheme_1.xlsx,BIS_QCO_Master_Scheme_1,1,IS Number,is_number,string,IS_NUMBER,40,40,0,0,40,0,100.0,100.0,0.0,NO,IS 17631:2022 || IS 17632:2022 || IS 17633:2022
F018,BIS_QCO_Master_Scheme_1.xlsx,BIS_QCO_Master_Scheme_1,2,Product,product,string,PRODUCT_NAME,40,40,0,0,40,0,100.0,100.0,0.25,NO,Work Chairs || General Purpose Chairs and Stools || Tables and Desks
F018,BIS_QCO_Master_Scheme_1.xlsx,BIS_QCO_Master_Scheme_1,3,QCO / Order,qco_order,string,QCO_REFERENCE,40,40,0,0,12,28,100.0,100.0,0.975,YES,"Furniture (Quality Control) Order, 2025 / 2026 || Domestic Pressure Cooker (Quality Control) Order, 2020 || Cement (Quality Control) Order, 2003"
F018,BIS_QCO_Master_Scheme_1.xlsx,BIS_QCO_Master_Scheme_1,4,Ministry,ministry,string,AUTHORITY_OR_PARTY,40,40,0,0,4,36,100.0,100.0,0.95,YES,"Ministry of Commerce and Industry (DPIIT) || Ministry of Consumer Affairs, Food and Public Distribution || Ministry of Petroleum and Natural Gas / DPIIT"
F018,BIS_QCO_Master_Scheme_1.xlsx,BIS_QCO_Master_Scheme_1,5,Notification Number,notification_number,string,UNCLASSIFIED_STRING,40,40,0,0,11,29,100.0,100.0,0.35,YES,"Furniture (Quality Control) Amendment Order, 2026 || S.O. 294(E) || S.O. 191(E)"
F018,BIS_QCO_Master_Scheme_1.xlsx,BIS_QCO_Master_Scheme_1,6,Mandatory / Voluntary Status,mandatory_voluntary_status,string,MANDATORY_FLAG,40,40,0,0,1,39,100.0,100.0,0.0,NO,Mandatory (Scheme I - ISI Mark)
F018,BIS_QCO_Master_Scheme_1.xlsx,BIS_QCO_Master_Scheme_1,7,Effective / Implementation Date,effective_implementation_date,string,EFFECTIVE_DATE,40,40,0,0,12,28,100.0,100.0,0.775,YES,"February 14, 2026 (Large/Medium); August 14, 2026 (MSEs); March 2, 202 || February 14, 2026 (Large/Medium); August 14, 2026 (MSEs); March 2, 202 || February 14, 2026 (Large/Medium); August 14, 2026 (MSEs); March 2, 202"
F018,BIS_QCO_Master_Scheme_1.xlsx,BIS_QCO_Master_Scheme_1,8,Amendments & Extensions,amendments_extensions,string,UNCLASSIFIED_STRING,40,40,0,0,5,35,100.0,100.0,0.15,NO,Phased timelines for MSEs and specific R&D import provisions (up to 20 || Phased timelines for MSEs and specific R&D import provisions (up to 20 || Phased timelines for MSEs and specific R&D import provisions (up to 20
F018,BIS_QCO_Master_Scheme_1.xlsx,BIS_QCO_Master_Scheme_1,9,Exemptions,exemptions,string,UNCLASSIFIED_STRING,40,40,0,0,2,38,100.0,100.0,0.25,NO,— || Standard R&D and export exemptions as per BIS regulations.
F018,BIS_QCO_Master_Scheme_1.xlsx,BIS_QCO_Master_Scheme_1,10,Scope,scope,string,DESCRIPTIVE_TEXT,40,40,0,0,12,28,100.0,100.0,0.725,YES,"Covers indoor and outdoor furniture categories including work chairs,  || Covers indoor and outdoor furniture categories including work chairs,  || Covers indoor and outdoor furniture categories including work chairs, "
F018,BIS_QCO_Master_Scheme_1.xlsx,BIS_QCO_Master_Scheme_1,11,Source Gazette & URL,source_gazette_url,string,URL,40,40,0,0,11,29,100.0,100.0,0.0,NO,Official Gazette of India (No URLs provided in source tab for this QCO || Official Gazette of India (No URLs provided in source tab for this QCO || Official Gazette of India (No URLs provided in source tab for this QCO
F019,BIS_QCO_Summary.xlsx,QCO_Summary,1,Product / Standard (IS),product_standard_is,string,IS_NUMBER,35,35,0,0,35,0,100.0,100.0,0.229,NO,"IS 17631:2022 to IS 17636:2022 (Work Chairs, Desks, Tables, Storage Un || IS 2347:2017 / 2023 (Domestic Pressure Cooker) || IS 12330 (Sulphate Resisting Portland Cement)"
F019,BIS_QCO_Summary.xlsx,QCO_Summary,2,QCO Name / Identifier,qco_name_identifier,string,QCO_REFERENCE,35,35,0,0,13,22,100.0,100.0,0.971,YES,"Furniture (Quality Control) Order, 2025 || Domestic Pressure Cooker (Quality Control) Order, 2020 || Cement (Quality Control) Order, 2003"
F019,BIS_QCO_Summary.xlsx,QCO_Summary,3,Notification No. & Date,notification_no_date,string,DATE,35,35,0,0,13,22,100.0,100.0,0.0,NO,Notified 13 Feb 2025 || S.O. 294(E) (21-01-2020) || S.O. 191(E) (17-02-2003)
F019,BIS_QCO_Summary.xlsx,QCO_Summary,4,Ministry / Department,ministry_department,string,UNCLASSIFIED_STRING,35,35,0,0,5,30,100.0,100.0,0.0,NO,Ministry of Commerce & Industry (DPIIT) || Ministry of Petroleum & Natural Gas / DPIIT || Ministry of Steel / DPIIT
F019,BIS_QCO_Summary.xlsx,QCO_Summary,5,Scheme / Status,scheme_status,string,STATUS,35,35,0,0,2,33,100.0,100.0,0.0,NO,Scheme I (ISI Mark) / Mandatory || Scheme I / Mandatory
F019,BIS_QCO_Summary.xlsx,QCO_Summary,6,Key Scope / Exclusions / Amendments,key_scope_exclusions_amendments,string,FREE_TEXT,35,35,0,0,15,20,100.0,100.0,0.8,YES,"Covers domestic/office furniture; excludes custom-built handcrafted no || Household cookers (1L to 22L capacity). Amended via S.O. 2019(E) (23-0 || Covers all varieties of cement manufactured, imported, or sold in Indi"
F019,BIS_QCO_Summary.xlsx,QCO_Summary,7,Source / Document Link,source_document_link,string,UNCLASSIFIED_STRING,35,35,0,0,1,34,100.0,100.0,0.0,NO,BIS Compulsory Certification Scheme-I Portal
F020,BIS_Recognized_Laboratories.xlsx,BIS_Recognized_Labs,1,lab_id,lab_id,string,LAB_ID,15,15,0,0,15,0,100.0,100.0,0.0,NO,LAB-9139736 || LAB-8185906 || LAB-9164606
F020,BIS_Recognized_Laboratories.xlsx,BIS_Recognized_Labs,2,lab_code,lab_code,mixed(int|string),LAB_IDENTITY,15,15,0,0,14,1,100.0,100.0,0.0,NO,9139736 || 8185906 || 9164606
F020,BIS_Recognized_Laboratories.xlsx,BIS_Recognized_Labs,3,lab_name,lab_name,string,LAB_IDENTITY,15,15,0,0,15,0,100.0,100.0,0.333,YES,Sleen India Biz venture Private Limited || VERTEX TESTING LABORATORY PRIVATE LIMITED || JBS TESTING SOLUTIONS PVT LTD
F020,BIS_Recognized_Laboratories.xlsx,BIS_Recognized_Labs,4,address,address,string,ADDRESS,15,15,0,0,12,3,100.0,100.0,0.867,YES,"Agra, Uttar Pradesh || Ghaziabad, Uttar Pradesh || Jalandhar, Punjab"
F020,BIS_Recognized_Laboratories.xlsx,BIS_Recognized_Labs,5,city,city,string,LOCALITY,15,15,0,0,12,3,100.0,100.0,0.0,NO,Agra || Ghaziabad || Jalandhar
F020,BIS_Recognized_Laboratories.xlsx,BIS_Recognized_Labs,6,state,state,string,STATE,15,15,0,0,8,7,100.0,100.0,0.0,NO,Uttar Pradesh || Punjab || Haryana
F020,BIS_Recognized_Laboratories.xlsx,BIS_Recognized_Labs,7,district,district,string,LOCALITY,15,15,0,0,11,4,100.0,100.0,0.0,NO,Agra || Ghaziabad || Jalandhar
F020,BIS_Recognized_Laboratories.xlsx,BIS_Recognized_Labs,8,contact_person,contact_person,string,CONTACT,15,15,0,0,3,12,100.0,100.0,0.0,NO,Not displayed in IS result || BIS || —
F020,BIS_Recognized_Laboratories.xlsx,BIS_Recognized_Labs,9,contact_number,contact_number,mixed(int|string),CONTACT,15,15,0,0,2,13,100.0,100.0,0.0,NO,Not displayed || 9650466288
F020,BIS_Recognized_Laboratories.xlsx,BIS_Recognized_Labs,10,email,email,string,CONTACT,15,15,0,0,3,12,100.0,100.0,0.0,NO,Not displayed || ncbcrt2@gmail.com || ncbhcrt@rediffmail.com
F020,BIS_Recognized_Laboratories.xlsx,BIS_Recognized_Labs,11,recognition_status,recognition_status,string,STATUS,15,15,0,0,2,13,100.0,100.0,0.0,NO,BIS Recognized Laboratory || BIS Laboratory
F020,BIS_Recognized_Laboratories.xlsx,BIS_Recognized_Labs,12,validity,validity,string,DATE,15,15,0,0,7,8,100.0,100.0,0.0,NO,Current LIMS validity || 23-May-2028 || 10-Feb-2028
F020,BIS_Recognized_Laboratories.xlsx,BIS_Recognized_Labs,13,scope_URL,scope_url,string,DOCUMENT_URL,15,15,0,0,1,14,100.0,100.0,0.0,NO,BIS LIMS Scope
F020,BIS_Recognized_Laboratories.xlsx,BIS_Recognized_Labs,14,source_URL,source_url,string,SOURCE_URL,15,15,0,0,5,10,100.0,100.0,0.0,NO,https://lims.bis.gov.in/home/search_is_number/?is_number__doc_no=17636 || BIS LIMS || https://lims.bis.gov.in/home/search_is_number/?is_number__doc_no=2347
F021,BIS_Scheme_IV_FMCS.xlsx,BIS_FMCS_Scheme_IV,1,IS Number,is_number,string,IS_NUMBER,40,40,0,0,40,0,100.0,100.0,0.0,NO,IS 17631:2022 || IS 17632:2022 || IS 17633:2022
F021,BIS_Scheme_IV_FMCS.xlsx,BIS_FMCS_Scheme_IV,2,Product,product,string,PRODUCT_NAME,40,40,0,0,40,0,100.0,100.0,0.25,NO,Work Chairs || General Purpose Chairs and Stools || Tables and Desks
F021,BIS_Scheme_IV_FMCS.xlsx,BIS_FMCS_Scheme_IV,3,Scheme ID / Code,scheme_id_code,string,SCHEME_ID,40,40,0,0,1,39,100.0,100.0,0.0,NO,Scheme IV
F021,BIS_Scheme_IV_FMCS.xlsx,BIS_FMCS_Scheme_IV,4,Scheme Name,scheme_name,string,SCHEME_NAME,40,40,0,0,1,39,100.0,100.0,0.0,NO,Foreign Manufacturers Certification Scheme (FMCS) / Certificate of Con || Foreign Manufacturers Certification Scheme (FMCS) / Certificate of Con || Foreign Manufacturers Certification Scheme (FMCS) / Certificate of Con
F021,BIS_Scheme_IV_FMCS.xlsx,BIS_FMCS_Scheme_IV,5,Scheme Type,scheme_type,string,SCHEME_NAME,40,40,0,0,1,39,100.0,100.0,0.0,NO,Product Certification (Foreign / Overseas Manufacturers)
F021,BIS_Scheme_IV_FMCS.xlsx,BIS_FMCS_Scheme_IV,6,Certification Type,certification_type,string,CERTIFICATION_TYPE,40,40,0,0,1,39,100.0,100.0,0.0,NO,Certificate of Conformity (CoC) / Standard Mark (ISI)
F021,BIS_Scheme_IV_FMCS.xlsx,BIS_FMCS_Scheme_IV,7,Mandatory / Voluntary,mandatory_voluntary,string,MANDATORY_FLAG,40,40,0,0,1,39,100.0,100.0,0.0,NO,Mandatory (pursuant to respective Quality Control Orders - QCOs)
F021,BIS_Scheme_IV_FMCS.xlsx,BIS_FMCS_Scheme_IV,8,Scope,scope,string,DESCRIPTIVE_TEXT,40,40,0,0,1,39,100.0,100.0,1.0,YES,"Compliance evaluation, factory audits, and conformity verification for || Compliance evaluation, factory audits, and conformity verification for || Compliance evaluation, factory audits, and conformity verification for"
F021,BIS_Scheme_IV_FMCS.xlsx,BIS_FMCS_Scheme_IV,9,Requirements,requirements,string,DESCRIPTIVE_TEXT,40,40,0,0,1,39,100.0,100.0,1.0,YES,"Appointment of Authorized Indian Representative (AIR), submission of t || Appointment of Authorized Indian Representative (AIR), submission of t || Appointment of Authorized Indian Representative (AIR), submission of t"
F021,BIS_Scheme_IV_FMCS.xlsx,BIS_FMCS_Scheme_IV,10,Related QCO,related_qco,string,QCO_REFERENCE,40,40,0,0,1,39,100.0,100.0,1.0,YES,Steel and Steel Products QCO / Specific Ministry QCOs corresponding to || Steel and Steel Products QCO / Specific Ministry QCOs corresponding to || Steel and Steel Products QCO / Specific Ministry QCOs corresponding to
F021,BIS_Scheme_IV_FMCS.xlsx,BIS_FMCS_Scheme_IV,11,Related Product Manual,related_product_manual,string,UNCLASSIFIED_STRING,40,40,0,0,1,39,100.0,100.0,0.0,NO,Official BIS Product Manual specific to the respective Indian Standard || Official BIS Product Manual specific to the respective Indian Standard || Official BIS Product Manual specific to the respective Indian Standard
F021,BIS_Scheme_IV_FMCS.xlsx,BIS_FMCS_Scheme_IV,12,Related SIT,related_sit,string,FREE_TEXT,40,40,0,0,1,39,100.0,100.0,0.0,NO,Specific Guidelines for Testing (SIT) as outlined by the Bureau of Ind || Specific Guidelines for Testing (SIT) as outlined by the Bureau of Ind || Specific Guidelines for Testing (SIT) as outlined by the Bureau of Ind
F021,BIS_Scheme_IV_FMCS.xlsx,BIS_FMCS_Scheme_IV,13,Source URL,source_url,url,SOURCE_URL,40,40,0,0,1,39,100.0,100.0,0.0,NO,https://www.bis.gov.in/product-certification/products-under-compulsory || https://www.bis.gov.in/product-certification/products-under-compulsory || https://www.bis.gov.in/product-certification/products-under-compulsory
F022,BIS_Scheme_X_Industrial.xlsx,BIS_Scheme_X,1,IS Number,is_number,string,IS_RELATIONSHIP,5,5,0,0,5,0,100.0,100.0,0.4,YES,"IS/IEC 60947: Part 2:2016 || IS/IEC 60947: Part 3:2012 (with references to 2020 updates) || IS/IEC 60947: Part 4 (Sections 1, 2, and 3)"
F022,BIS_Scheme_X_Industrial.xlsx,BIS_Scheme_X,2,Product,product,string,PRODUCT_NAME,5,5,0,0,5,0,100.0,100.0,0.8,YES,"AC Circuit-Breakers (Category A & B) || Switches, Disconnectors, Switch-Disconnectors, and Fuse-Combination Un || Contactors and Motor-Starters (Electromechanical & Semiconductor)"
F022,BIS_Scheme_X_Industrial.xlsx,BIS_Scheme_X,3,Scheme ID,scheme_id,string,SCHEME_ID,5,5,0,0,1,4,100.0,100.0,0.0,NO,Scheme X
F022,BIS_Scheme_X_Industrial.xlsx,BIS_Scheme_X,4,Scheme Name,scheme_name,string,SCHEME_NAME,5,5,0,0,1,4,100.0,100.0,1.0,YES,BIS Scheme X Certification (Imports and Heavy Industrial / Electrical  || BIS Scheme X Certification (Imports and Heavy Industrial / Electrical  || BIS Scheme X Certification (Imports and Heavy Industrial / Electrical 
F022,BIS_Scheme_X_Industrial.xlsx,BIS_Scheme_X,5,Scheme Code,scheme_code,string,SCHEME_ID,5,5,0,0,1,4,100.0,100.0,0.0,NO,SCH-X-BIS
F022,BIS_Scheme_X_Industrial.xlsx,BIS_Scheme_X,6,Scheme Type,scheme_type,string,SCHEME_NAME,5,5,0,0,1,4,100.0,100.0,0.0,NO,Third-Party Conformity Assessment / Compulsory Certification
F022,BIS_Scheme_X_Industrial.xlsx,BIS_Scheme_X,7,Certification Type,certification_type,string,CERTIFICATION_TYPE,5,5,0,0,1,4,100.0,100.0,1.0,YES,Foreign Manufacturers Certification / Domestic Industrial Licensing (v || Foreign Manufacturers Certification / Domestic Industrial Licensing (v || Foreign Manufacturers Certification / Domestic Industrial Licensing (v
F022,BIS_Scheme_X_Industrial.xlsx,BIS_Scheme_X,8,Mandatory / Voluntary,mandatory_voluntary,string,MANDATORY_FLAG,5,5,0,0,2,3,100.0,100.0,0.0,NO,Mandatory || Mandatory under Omnibus Technical Regulations
F022,BIS_Scheme_X_Industrial.xlsx,BIS_Scheme_X,9,Scope,scope,string,DESCRIPTIVE_TEXT,5,5,0,0,5,0,100.0,100.0,1.0,YES,"Circuit-breakers for overcurrent protection in industrial and similar  || AC and DC utilization categories up to and above 630A, operating up to || Electromechanical contactors, motor-starters, soft starters, and semic"
F022,BIS_Scheme_X_Industrial.xlsx,BIS_Scheme_X,10,Requirements,requirements,string,DESCRIPTIVE_TEXT,5,5,0,0,5,0,100.0,100.0,1.0,YES,"Full verification testing covering thermal/short-circuit performance,  || Making and breaking capacity, mechanical/electrical endurance, and Cla || Operational performance limits, coil voltage thresholds, and thermal o"
F022,BIS_Scheme_X_Industrial.xlsx,BIS_Scheme_X,11,Related QCO,related_qco,string,QCO_REFERENCE,5,5,0,0,3,2,100.0,100.0,0.4,YES,"Electrical Equipment (Quality Control) Order, 2020 and subsequent amen || Electrical Equipment (Quality Control) Order || Machinery and Electrical Equipment Safety (Omnibus Technical Regulatio"
F022,BIS_Scheme_X_Industrial.xlsx,BIS_Scheme_X,12,Related Product Manual,related_product_manual,string,UNCLASSIFIED_STRING,5,5,0,0,5,0,100.0,100.0,0.2,NO,BIS Product Manual for Low-Voltage Switchgear and Controlgear || Product Specific Guidelines for Low Voltage Switchgear || BIS Manual for Motor-Starters & Contactors
F022,BIS_Scheme_X_Industrial.xlsx,BIS_Scheme_X,13,Related SIT,related_sit,string,UNCLASSIFIED_STRING,5,5,0,0,5,0,100.0,100.0,0.6,YES,Standard Inspection and Testing (SIT) scheme for switchgear components || SIT Guidelines for Switches and Fuses || SIT for Contactors
F022,BIS_Scheme_X_Industrial.xlsx,BIS_Scheme_X,14,Source URL,source_url,url,SOURCE_URL,5,5,0,0,1,4,100.0,100.0,0.0,NO,https://www.bis.gov.in/products-under-compulsory-certification-scheme- || https://www.bis.gov.in/products-under-compulsory-certification-scheme- || https://www.bis.gov.in/products-under-compulsory-certification-scheme-
F023,BIS_Scheme_X_Industrial_v2.xlsx,BIS_Scheme_X,1,IS Number,is_number,string,IS_RELATIONSHIP,5,5,0,0,5,0,100.0,100.0,0.4,YES,"IS/IEC 60947: Part 2:2016 || IS/IEC 60947: Part 3:2012 (with references to 2020 updates) || IS/IEC 60947: Part 4 (Sections 1, 2, and 3)"
F023,BIS_Scheme_X_Industrial_v2.xlsx,BIS_Scheme_X,2,Product,product,string,PRODUCT_NAME,5,5,0,0,5,0,100.0,100.0,0.8,YES,"AC Circuit-Breakers (Category A & B) || Switches, Disconnectors, Switch-Disconnectors, and Fuse-Combination Un || Contactors and Motor-Starters (Electromechanical & Semiconductor)"
F023,BIS_Scheme_X_Industrial_v2.xlsx,BIS_Scheme_X,3,Scheme ID,scheme_id,string,SCHEME_ID,5,5,0,0,1,4,100.0,100.0,0.0,NO,Scheme X
F023,BIS_Scheme_X_Industrial_v2.xlsx,BIS_Scheme_X,4,Scheme Name,scheme_name,string,SCHEME_NAME,5,5,0,0,1,4,100.0,100.0,1.0,YES,BIS Scheme X Certification (Imports and Heavy Industrial / Electrical  || BIS Scheme X Certification (Imports and Heavy Industrial / Electrical  || BIS Scheme X Certification (Imports and Heavy Industrial / Electrical 
F023,BIS_Scheme_X_Industrial_v2.xlsx,BIS_Scheme_X,5,Scheme Code,scheme_code,string,SCHEME_ID,5,5,0,0,1,4,100.0,100.0,0.0,NO,SCH-X-BIS
F023,BIS_Scheme_X_Industrial_v2.xlsx,BIS_Scheme_X,6,Scheme Type,scheme_type,string,SCHEME_NAME,5,5,0,0,1,4,100.0,100.0,0.0,NO,Third-Party Conformity Assessment / Compulsory Certification
F023,BIS_Scheme_X_Industrial_v2.xlsx,BIS_Scheme_X,7,Certification Type,certification_type,string,CERTIFICATION_TYPE,5,5,0,0,1,4,100.0,100.0,1.0,YES,Foreign Manufacturers Certification / Domestic Industrial Licensing (v || Foreign Manufacturers Certification / Domestic Industrial Licensing (v || Foreign Manufacturers Certification / Domestic Industrial Licensing (v
F023,BIS_Scheme_X_Industrial_v2.xlsx,BIS_Scheme_X,8,Mandatory / Voluntary,mandatory_voluntary,string,MANDATORY_FLAG,5,5,0,0,2,3,100.0,100.0,0.0,NO,Mandatory || Mandatory under Omnibus Technical Regulations
F023,BIS_Scheme_X_Industrial_v2.xlsx,BIS_Scheme_X,9,Scope,scope,string,DESCRIPTIVE_TEXT,5,5,0,0,5,0,100.0,100.0,1.0,YES,"Circuit-breakers for overcurrent protection in industrial and similar  || AC and DC utilization categories up to and above 630A, operating up to || Electromechanical contactors, motor-starters, soft starters, and semic"
F023,BIS_Scheme_X_Industrial_v2.xlsx,BIS_Scheme_X,10,Requirements,requirements,string,DESCRIPTIVE_TEXT,5,5,0,0,5,0,100.0,100.0,1.0,YES,"Full verification testing covering thermal/short-circuit performance,  || Making and breaking capacity, mechanical/electrical endurance, and Cla || Operational performance limits, coil voltage thresholds, and thermal o"
F023,BIS_Scheme_X_Industrial_v2.xlsx,BIS_Scheme_X,11,Related QCO,related_qco,string,QCO_REFERENCE,5,5,0,0,3,2,100.0,100.0,0.4,YES,"Electrical Equipment (Quality Control) Order, 2020 and subsequent amen || Electrical Equipment (Quality Control) Order || Machinery and Electrical Equipment Safety (Omnibus Technical Regulatio"
F023,BIS_Scheme_X_Industrial_v2.xlsx,BIS_Scheme_X,12,Related Product Manual,related_product_manual,string,UNCLASSIFIED_STRING,5,5,0,0,5,0,100.0,100.0,0.2,NO,BIS Product Manual for Low-Voltage Switchgear and Controlgear || Product Specific Guidelines for Low Voltage Switchgear || BIS Manual for Motor-Starters & Contactors
F023,BIS_Scheme_X_Industrial_v2.xlsx,BIS_Scheme_X,13,Related SIT,related_sit,string,UNCLASSIFIED_STRING,5,5,0,0,5,0,100.0,100.0,0.6,YES,Standard Inspection and Testing (SIT) scheme for switchgear components || SIT Guidelines for Switches and Fuses || SIT for Contactors
F023,BIS_Scheme_X_Industrial_v2.xlsx,BIS_Scheme_X,14,Source URL,source_url,url,SOURCE_URL,5,5,0,0,1,4,100.0,100.0,0.0,NO,https://www.bis.gov.in/products-under-compulsory-certification-scheme- || https://www.bis.gov.in/products-under-compulsory-certification-scheme- || https://www.bis.gov.in/products-under-compulsory-certification-scheme-
F024,BIS_Schemes_Master.xlsx,BIS_Schemes_Master,1,scheme_id,scheme_id,string,SCHEME_ID,40,40,0,0,1,39,100.0,100.0,0.0,NO,SCH-I
F024,BIS_Schemes_Master.xlsx,BIS_Schemes_Master,2,scheme_name,scheme_name,string,SCHEME_NAME,40,40,0,0,1,39,100.0,100.0,0.0,NO,Scheme – I (ISI Mark Scheme)
F024,BIS_Schemes_Master.xlsx,BIS_Schemes_Master,3,scheme_code,scheme_code,int,SCHEME_ID,40,40,0,0,1,39,100.0,100.0,0.0,NO,1
F024,BIS_Schemes_Master.xlsx,BIS_Schemes_Master,4,scheme_type,scheme_type,string,SCHEME_NAME,40,40,0,0,1,39,100.0,100.0,0.0,NO,Product Certification
F024,BIS_Schemes_Master.xlsx,BIS_Schemes_Master,5,certification_type,certification_type,string,CERTIFICATION_TYPE,40,40,0,0,1,39,100.0,100.0,0.0,NO,ISI Mark
F024,BIS_Schemes_Master.xlsx,BIS_Schemes_Master,6,product,product,string,PRODUCT_NAME,40,40,0,0,40,0,100.0,100.0,0.275,NO,Work Chairs || Chairs and Stools (General Purpose) || Tables and Desks
F024,BIS_Schemes_Master.xlsx,BIS_Schemes_Master,7,IS,is,string,IS_NUMBER,40,40,0,0,40,0,100.0,100.0,0.0,NO,IS 17631:2022 || IS 17632:2022 || IS 17633:2022
F024,BIS_Schemes_Master.xlsx,BIS_Schemes_Master,8,mandatory/voluntary,mandatory_voluntary,string,MANDATORY_FLAG,40,40,0,0,1,39,100.0,100.0,0.0,NO,Mandatory
F024,BIS_Schemes_Master.xlsx,BIS_Schemes_Master,9,scope,scope,string,DESCRIPTIVE_TEXT,40,40,0,0,40,0,100.0,100.0,0.575,YES,"Completely manufactured, fabricated, or ready-to-assemble work chairs || General purpose chairs and stools for adults (domestic and non-domesti || Tables and desks for seated, sit-stand, or standing use by adults"
F024,BIS_Schemes_Master.xlsx,BIS_Schemes_Master,10,requirements,requirements,string,DESCRIPTIVE_TEXT,40,40,0,0,40,0,100.0,100.0,1.0,YES,"Compliance with safety, strength, stability, durability, and ergonomic || Compliance with static load, impact, stability, and durability specifi || Compliance with performance, safety, strength, and stability requireme"
F024,BIS_Schemes_Master.xlsx,BIS_Schemes_Master,11,related_QCO,related_qco,string,QCO_REFERENCE,40,40,0,0,13,27,100.0,100.0,0.05,NO,Furniture (Quality Control) Order || Domestic Pressure Cooker (Quality Control) Order || Cement (Quality Control) Order
F024,BIS_Schemes_Master.xlsx,BIS_Schemes_Master,12,related_Product_Manual,related_product_manual,string,UNCLASSIFIED_STRING,40,40,0,0,19,21,100.0,100.0,0.05,NO,PM for Work Chairs || PM for Chairs and Stools || PM for Tables and Desks
F024,BIS_Schemes_Master.xlsx,BIS_Schemes_Master,13,related_SIT,related_sit,string,UNCLASSIFIED_STRING,40,40,0,0,10,30,100.0,100.0,0.0,NO,SIT for Furniture || SIT for Pressure Cookers || SIT for Cement
F024,BIS_Schemes_Master.xlsx,BIS_Schemes_Master,14,source_URL,source_url,string,SOURCE_URL,40,40,0,0,1,39,100.0,100.0,0.0,NO,Scheme – I (ISI Mark Scheme)
F025,BIS_Schemes_Master_Scheme_2.xlsx,BIS_Schemes_Master_Scheme_2,1,scheme_id,scheme_id,string,SCHEME_ID,40,40,0,0,1,39,100.0,100.0,0.0,NO,SCH-II
F025,BIS_Schemes_Master_Scheme_2.xlsx,BIS_Schemes_Master_Scheme_2,2,scheme_name,scheme_name,string,SCHEME_NAME,40,40,0,0,1,39,100.0,100.0,0.0,NO,Scheme – II (Conformity Assessment / Registration)
F025,BIS_Schemes_Master_Scheme_2.xlsx,BIS_Schemes_Master_Scheme_2,3,scheme_code,scheme_code,int,SCHEME_ID,40,40,0,0,1,39,100.0,100.0,0.0,NO,2
F025,BIS_Schemes_Master_Scheme_2.xlsx,BIS_Schemes_Master_Scheme_2,4,scheme_type,scheme_type,string,SCHEME_NAME,40,40,0,0,1,39,100.0,100.0,0.0,NO,Product Certification
F025,BIS_Schemes_Master_Scheme_2.xlsx,BIS_Schemes_Master_Scheme_2,5,certification_type,certification_type,string,CERTIFICATION_TYPE,40,40,0,0,1,39,100.0,100.0,0.0,NO,ISI Mark
F025,BIS_Schemes_Master_Scheme_2.xlsx,BIS_Schemes_Master_Scheme_2,6,product,product,string,PRODUCT_NAME,40,40,0,0,40,0,100.0,100.0,0.275,NO,Work Chairs || Chairs and Stools (General Purpose) || Tables and Desks
F025,BIS_Schemes_Master_Scheme_2.xlsx,BIS_Schemes_Master_Scheme_2,7,IS,is,string,IS_NUMBER,40,40,0,0,40,0,100.0,100.0,0.0,NO,IS 17631:2022 || IS 17632:2022 || IS 17633:2022
F025,BIS_Schemes_Master_Scheme_2.xlsx,BIS_Schemes_Master_Scheme_2,8,mandatory/voluntary,mandatory_voluntary,string,MANDATORY_FLAG,40,40,0,0,1,39,100.0,100.0,0.0,NO,Mandatory
F025,BIS_Schemes_Master_Scheme_2.xlsx,BIS_Schemes_Master_Scheme_2,9,scope,scope,string,DESCRIPTIVE_TEXT,40,40,0,0,40,0,100.0,100.0,0.575,YES,"Completely manufactured, fabricated, or ready-to-assemble work chairs || General purpose chairs and stools for adults (domestic and non-domesti || Tables and desks for seated, sit-stand, or standing use by adults"
F025,BIS_Schemes_Master_Scheme_2.xlsx,BIS_Schemes_Master_Scheme_2,10,requirements,requirements,string,DESCRIPTIVE_TEXT,40,40,0,0,40,0,100.0,100.0,1.0,YES,"Compliance with safety, strength, stability, durability, and ergonomic || Compliance with static load, impact, stability, and durability specifi || Compliance with performance, safety, strength, and stability requireme"
F025,BIS_Schemes_Master_Scheme_2.xlsx,BIS_Schemes_Master_Scheme_2,11,related_QCO,related_qco,string,QCO_REFERENCE,40,40,0,0,13,27,100.0,100.0,0.05,NO,Furniture (Quality Control) Order || Domestic Pressure Cooker (Quality Control) Order || Cement (Quality Control) Order
F025,BIS_Schemes_Master_Scheme_2.xlsx,BIS_Schemes_Master_Scheme_2,12,related_Product_Manual,related_product_manual,string,UNCLASSIFIED_STRING,40,40,0,0,19,21,100.0,100.0,0.05,NO,PM for Work Chairs || PM for Chairs and Stools || PM for Tables and Desks
F025,BIS_Schemes_Master_Scheme_2.xlsx,BIS_Schemes_Master_Scheme_2,13,related_SIT,related_sit,string,UNCLASSIFIED_STRING,40,40,0,0,10,30,100.0,100.0,0.0,NO,SIT for Furniture || SIT for Pressure Cookers || SIT for Cement
F025,BIS_Schemes_Master_Scheme_2.xlsx,BIS_Schemes_Master_Scheme_2,14,source_URL,source_url,string,SOURCE_URL,40,40,0,0,1,39,100.0,100.0,0.0,NO,Scheme – II (Conformity Assessment)
F026,BIS_Standards_Amendments.xlsx,BIS_Standards_Amendments,1,amendment_id,amendment_id,string,PRIMARY_KEY_ID,42,42,0,0,42,0,100.0,100.0,0.0,NO,AM-17631-00 || AM-17632-00 || AM-17633-01
F026,BIS_Standards_Amendments.xlsx,BIS_Standards_Amendments,2,parent_entity,parent_entity,string,IS_NUMBER,42,42,0,0,40,2,100.0,100.0,0.0,NO,IS 17631 || IS 17632 || IS 17633
F026,BIS_Standards_Amendments.xlsx,BIS_Standards_Amendments,3,original_version,original_version,string,IS_NUMBER,42,42,0,0,41,1,100.0,100.0,0.0,NO,IS 17631:2022 || IS 17632:2022 || IS 17633:2022
F026,BIS_Standards_Amendments.xlsx,BIS_Standards_Amendments,4,amendment_number,amendment_number,string,UNCLASSIFIED_STRING,42,42,0,0,12,30,100.0,100.0,0.0,NO,No separately verified amendment || Amendment No. 1 || Revision
F026,BIS_Standards_Amendments.xlsx,BIS_Standards_Amendments,5,amendment_date,amendment_date,mixed(int|string),DATE,42,42,0,0,15,27,100.0,100.0,0.0,NO,— || Jan-2026 || 2023
F026,BIS_Standards_Amendments.xlsx,BIS_Standards_Amendments,6,new_version,new_version,string,IS_NUMBER,42,42,0,0,42,0,100.0,100.0,0.0,NO,IS 17631:2022 || IS 17632:2022 || IS 17633:2022 + Amendment 1
F026,BIS_Standards_Amendments.xlsx,BIS_Standards_Amendments,7,effective_date,effective_date,string,EFFECTIVE_DATE,42,42,0,0,13,29,100.0,100.0,0.0,NO,Current || 09-Jan-2026 || Upon notification
F026,BIS_Standards_Amendments.xlsx,BIS_Standards_Amendments,8,superseded_document,superseded_document,string,UNCLASSIFIED_STRING,42,42,0,0,17,25,100.0,100.0,0.0,NO,— || IS 17633:2022 without amendment || IS 2347:2017
F026,BIS_Standards_Amendments.xlsx,BIS_Standards_Amendments,9,superseding_document,superseding_document,string,UNCLASSIFIED_STRING,42,42,0,0,12,30,100.0,100.0,0.0,NO,— || IS 17633:2022 Amendment 1 || IS 2347:2023
F026,BIS_Standards_Amendments.xlsx,BIS_Standards_Amendments,10,status,status,string,STATUS,42,42,0,0,9,33,100.0,100.0,0.0,NO,Current edition in requested dataset || Implemented || Current
F026,BIS_Standards_Amendments.xlsx,BIS_Standards_Amendments,11,source_URL,source_url,string,SOURCE_URL,42,42,0,0,15,27,100.0,100.0,0.0,NO,BIS Standards/Product Manual || BIS implementation circular || BIS Product Manual repository
F026,BIS_Standards_Amendments.xlsx,BIS_Standards_Amendments,12,document_URL,document_url,string,DOCUMENT_URL,42,42,0,0,19,23,100.0,100.0,0.0,NO,BIS Product Manual repository || BIS Circular — Amendment 1 || BIS Product Manuals
F027,BIS_Standards_Details_v2 (1).xlsx,BIS Standards,1,standard_id,standard_id,string,STANDARD_ID,40,40,0,0,40,0,100.0,100.0,0.0,NO,IS-17631-2022 || IS-17632-2022 || IS-17633-2022
F027,BIS_Standards_Details_v2 (1).xlsx,BIS Standards,2,IS number,is_number,string,IS_NUMBER,40,40,0,0,40,0,100.0,100.0,0.0,NO,IS 17631:2022 || IS 17632:2022 || IS 17633:2022
F027,BIS_Standards_Details_v2 (1).xlsx,BIS Standards,3,title,title,string,TITLE,40,40,0,0,40,0,100.0,100.0,0.2,NO,WORK CHAIRS - SPECIFICATION || GENERAL PURPOSE CHAIRS AND STOOLS - SPECIFICATION || TABLES AND DESKS - SPECIFICATION
F027,BIS_Standards_Details_v2 (1).xlsx,BIS Standards,4,year,year,int,YEAR,40,40,0,0,15,25,100.0,100.0,0.0,NO,2022 || 2023 || 1988
F027,BIS_Standards_Details_v2 (1).xlsx,BIS Standards,5,part/section,part_section,string,UNCLASSIFIED_STRING,40,40,0,7,5,28,100.0,82.5,0.0,NO,Single Standard || Part 1 || Part 2
F027,BIS_Standards_Details_v2 (1).xlsx,BIS Standards,6,revision,revision,string,UNCLASSIFIED_STRING,40,40,0,0,12,28,100.0,100.0,0.0,NO,Rev 00 || Rev 07 || First Revision
F027,BIS_Standards_Details_v2 (1).xlsx,BIS Standards,7,version,version,mixed(int|string),UNCLASSIFIED_STRING,40,40,0,0,21,19,100.0,100.0,0.0,NO,2022 || 2023 || v1.2 (Includes Amd 1–6)
F027,BIS_Standards_Details_v2 (1).xlsx,BIS Standards,8,publication date,publication_date,date,DATE,40,40,0,0,25,15,100.0,100.0,0.0,NO,2022-03-15 || 2023-08-10 || 1988-06-15
F027,BIS_Standards_Details_v2 (1).xlsx,BIS Standards,9,revision date,revision_date,mixed(date|string),DATE,40,40,0,6,10,24,100.0,85.0,0.0,NO,2023-08-10 || 2019-10-01 || 2020-04-12
F027,BIS_Standards_Details_v2 (1).xlsx,BIS Standards,10,reaffirmation/review date,reaffirmation_review_date,mixed(date|string),DATE,40,40,0,0,12,28,100.0,100.0,0.0,NO,2025 / Scheduled || 2025-11-01 || 2024-03-15
F027,BIS_Standards_Details_v2 (1).xlsx,BIS Standards,11,current status,current_status,string,STATUS,40,40,0,0,14,26,100.0,100.0,0.125,NO,Active (Mandatory under Furniture QCO) || Active (Mandatory) || Active / Mandatory (Cement QCO)
F027,BIS_Standards_Details_v2 (1).xlsx,BIS Standards,12,superseded standard,superseded_standard,string,IS_RELATIONSHIP,40,40,0,6,26,8,100.0,85.0,0.029,NO,None (New Standard) || None (Consolidated) || IS 2347:2017
F027,BIS_Standards_Details_v2 (1).xlsx,BIS Standards,13,superseding standard,superseding_standard,empty,IS_RELATIONSHIP,40,40,0,40,0,0,100.0,0.0,0.0,NO,
F027,BIS_Standards_Details_v2 (1).xlsx,BIS Standards,14,technical committee,technical_committee,string,UNCLASSIFIED_STRING,40,40,0,0,12,28,100.0,100.0,0.6,YES,"CED 35 (Furniture) || MED 33 (Utensils, Cutlery and Domestic Hardware) || CED 02 (Cement and Concrete Sectional Committee)"
F027,BIS_Standards_Details_v2 (1).xlsx,BIS Standards,15,subcommittee,subcommittee,string,UNCLASSIFIED_STRING,40,40,0,0,6,34,100.0,100.0,0.0,NO,CED 35:2 || CED 35:3 || CED 35:4
F027,BIS_Standards_Details_v2 (1).xlsx,BIS Standards,16,product/category,product_category,string,UNCLASSIFIED_STRING,40,40,0,0,39,1,100.0,100.0,0.15,NO,"Office Seating / Work Chairs || Seating Furniture / Chairs & Stools || Workstations, Tables & Desks"
F027,BIS_Standards_Details_v2 (1).xlsx,BIS Standards,17,degree of equivalence,degree_of_equivalence,string,UNCLASSIFIED_STRING,40,40,0,0,27,13,100.0,100.0,0.0,NO,Modified / Derived (ISO 21015 / EN 1335) || Modified (ISO 7173 / EN 16139) || Modified (ISO 21016 / EN 527)
F027,BIS_Standards_Details_v2 (1).xlsx,BIS Standards,18,official URL,official_url,string,URL,40,40,0,0,2,38,100.0,100.0,0.0,NO,https://standards.bis.gov.in/website || Published Standards
F027,BIS_Standards_Details_v2 (1).xlsx,BIS Standards,19,document URL,document_url,string,DOCUMENT_URL,40,40,0,0,2,38,100.0,100.0,0.0,NO,https://standards.bis.gov.in/website || Switch to old portal
F028,BIS_Standards_Details_v2.xlsx,BIS Standards,1,standard_id,standard_id,string,STANDARD_ID,40,40,0,0,40,0,100.0,100.0,0.0,NO,IS-17631-2022 || IS-17632-2022 || IS-17633-2022
F028,BIS_Standards_Details_v2.xlsx,BIS Standards,2,IS number,is_number,string,IS_NUMBER,40,40,0,0,40,0,100.0,100.0,0.0,NO,IS 17631:2022 || IS 17632:2022 || IS 17633:2022
F028,BIS_Standards_Details_v2.xlsx,BIS Standards,3,title,title,string,TITLE,40,40,0,0,40,0,100.0,100.0,0.2,NO,WORK CHAIRS - SPECIFICATION || GENERAL PURPOSE CHAIRS AND STOOLS - SPECIFICATION || TABLES AND DESKS - SPECIFICATION
F028,BIS_Standards_Details_v2.xlsx,BIS Standards,4,year,year,int,YEAR,40,40,0,0,15,25,100.0,100.0,0.0,NO,2022 || 2023 || 1988
F028,BIS_Standards_Details_v2.xlsx,BIS Standards,5,part/section,part_section,string,UNCLASSIFIED_STRING,40,40,0,7,5,28,100.0,82.5,0.0,NO,Single Standard || Part 1 || Part 2
F028,BIS_Standards_Details_v2.xlsx,BIS Standards,6,revision,revision,string,UNCLASSIFIED_STRING,40,40,0,0,12,28,100.0,100.0,0.0,NO,Rev 00 || Rev 07 || First Revision
F028,BIS_Standards_Details_v2.xlsx,BIS Standards,7,version,version,mixed(int|string),UNCLASSIFIED_STRING,40,40,0,0,21,19,100.0,100.0,0.0,NO,2022 || 2023 || v1.2 (Includes Amd 1–6)
F028,BIS_Standards_Details_v2.xlsx,BIS Standards,8,publication date,publication_date,date,DATE,40,40,0,0,25,15,100.0,100.0,0.0,NO,2022-03-15 || 2023-08-10 || 1988-06-15
F028,BIS_Standards_Details_v2.xlsx,BIS Standards,9,revision date,revision_date,mixed(date|string),DATE,40,40,0,6,10,24,100.0,85.0,0.0,NO,2023-08-10 || 2019-10-01 || 2020-04-12
F028,BIS_Standards_Details_v2.xlsx,BIS Standards,10,reaffirmation/review date,reaffirmation_review_date,mixed(date|string),DATE,40,40,0,0,12,28,100.0,100.0,0.0,NO,2025 / Scheduled || 2025-11-01 || 2024-03-15
F028,BIS_Standards_Details_v2.xlsx,BIS Standards,11,current status,current_status,string,STATUS,40,40,0,0,14,26,100.0,100.0,0.125,NO,Active (Mandatory under Furniture QCO) || Active (Mandatory) || Active / Mandatory (Cement QCO)
F028,BIS_Standards_Details_v2.xlsx,BIS Standards,12,superseded standard,superseded_standard,string,IS_RELATIONSHIP,40,40,0,6,26,8,100.0,85.0,0.029,NO,None (New Standard) || None (Consolidated) || IS 2347:2017
F028,BIS_Standards_Details_v2.xlsx,BIS Standards,13,superseding standard,superseding_standard,empty,IS_RELATIONSHIP,40,40,0,40,0,0,100.0,0.0,0.0,NO,
F028,BIS_Standards_Details_v2.xlsx,BIS Standards,14,technical committee,technical_committee,string,UNCLASSIFIED_STRING,40,40,0,0,12,28,100.0,100.0,0.6,YES,"CED 35 (Furniture) || MED 33 (Utensils, Cutlery and Domestic Hardware) || CED 02 (Cement and Concrete Sectional Committee)"
F028,BIS_Standards_Details_v2.xlsx,BIS Standards,15,subcommittee,subcommittee,string,UNCLASSIFIED_STRING,40,40,0,0,6,34,100.0,100.0,0.0,NO,CED 35:2 || CED 35:3 || CED 35:4
F028,BIS_Standards_Details_v2.xlsx,BIS Standards,16,product/category,product_category,string,UNCLASSIFIED_STRING,40,40,0,0,39,1,100.0,100.0,0.15,NO,"Office Seating / Work Chairs || Seating Furniture / Chairs & Stools || Workstations, Tables & Desks"
F028,BIS_Standards_Details_v2.xlsx,BIS Standards,17,degree of equivalence,degree_of_equivalence,string,UNCLASSIFIED_STRING,40,40,0,0,27,13,100.0,100.0,0.0,NO,Modified / Derived (ISO 21015 / EN 1335) || Modified (ISO 7173 / EN 16139) || Modified (ISO 21016 / EN 527)
F028,BIS_Standards_Details_v2.xlsx,BIS Standards,18,official URL,official_url,string,URL,40,40,0,0,2,38,100.0,100.0,0.0,NO,https://standards.bis.gov.in/website || Published Standards
F028,BIS_Standards_Details_v2.xlsx,BIS Standards,19,document URL,document_url,string,DOCUMENT_URL,40,40,0,0,2,38,100.0,100.0,0.0,NO,https://standards.bis.gov.in/website || Switch to old portal
F029,BIS_Standards_Details_v3.xlsx,BIS Standards,1,standard_id,standard_id,string,STANDARD_ID,40,40,0,0,40,0,100.0,100.0,0.0,NO,IS-17631-2022 || IS-17632-2022 || IS-17633-2022
F029,BIS_Standards_Details_v3.xlsx,BIS Standards,2,IS number,is_number,string,IS_NUMBER,40,40,0,0,40,0,100.0,100.0,0.0,NO,IS 17631:2022 || IS 17632:2022 || IS 17633:2022
F029,BIS_Standards_Details_v3.xlsx,BIS Standards,3,title,title,string,TITLE,40,40,0,0,40,0,100.0,100.0,0.2,NO,WORK CHAIRS - SPECIFICATION || GENERAL PURPOSE CHAIRS AND STOOLS - SPECIFICATION || TABLES AND DESKS - SPECIFICATION
F029,BIS_Standards_Details_v3.xlsx,BIS Standards,4,year,year,int,YEAR,40,40,0,0,15,25,100.0,100.0,0.0,NO,2022 || 2023 || 1988
F029,BIS_Standards_Details_v3.xlsx,BIS Standards,5,part/section,part_section,string,UNCLASSIFIED_STRING,40,40,0,7,5,28,100.0,82.5,0.0,NO,Single Standard || Part 1 || Part 2
F029,BIS_Standards_Details_v3.xlsx,BIS Standards,6,revision,revision,string,UNCLASSIFIED_STRING,40,40,0,0,12,28,100.0,100.0,0.0,NO,Rev 00 || Rev 07 || First Revision
F029,BIS_Standards_Details_v3.xlsx,BIS Standards,7,version,version,mixed(int|string),UNCLASSIFIED_STRING,40,40,0,0,21,19,100.0,100.0,0.0,NO,2022 || 2023 || v1.2 (Includes Amd 1–6)
F029,BIS_Standards_Details_v3.xlsx,BIS Standards,8,publication date,publication_date,date,DATE,40,40,0,0,25,15,100.0,100.0,0.0,NO,2022-03-15 || 2023-08-10 || 1988-06-15
F029,BIS_Standards_Details_v3.xlsx,BIS Standards,9,revision date,revision_date,mixed(date|string),DATE,40,40,0,6,10,24,100.0,85.0,0.0,NO,2023-08-10 || 2019-10-01 || 2020-04-12
F029,BIS_Standards_Details_v3.xlsx,BIS Standards,10,reaffirmation/review date,reaffirmation_review_date,mixed(date|string),DATE,40,40,0,0,12,28,100.0,100.0,0.0,NO,2025 / Scheduled || 2025-11-01 || 2024-03-15
F029,BIS_Standards_Details_v3.xlsx,BIS Standards,11,current status,current_status,string,STATUS,40,40,0,0,14,26,100.0,100.0,0.125,NO,Active (Mandatory under Furniture QCO) || Active (Mandatory) || Active / Mandatory (Cement QCO)
F029,BIS_Standards_Details_v3.xlsx,BIS Standards,12,superseded standard,superseded_standard,string,IS_RELATIONSHIP,40,40,0,6,26,8,100.0,85.0,0.029,NO,None (New Standard) || None (Consolidated) || IS 2347:2017
F029,BIS_Standards_Details_v3.xlsx,BIS Standards,13,superseding standard,superseding_standard,empty,IS_RELATIONSHIP,40,40,0,40,0,0,100.0,0.0,0.0,NO,
F029,BIS_Standards_Details_v3.xlsx,BIS Standards,14,technical committee,technical_committee,string,UNCLASSIFIED_STRING,40,40,0,0,12,28,100.0,100.0,0.6,YES,"CED 35 (Furniture) || MED 33 (Utensils, Cutlery and Domestic Hardware) || CED 02 (Cement and Concrete Sectional Committee)"
F029,BIS_Standards_Details_v3.xlsx,BIS Standards,15,subcommittee,subcommittee,string,UNCLASSIFIED_STRING,40,40,0,0,36,4,100.0,100.0,0.075,NO,CED 35:2 || CED 35:3 || CED 35:4
F029,BIS_Standards_Details_v3.xlsx,BIS Standards,16,product/category,product_category,string,UNCLASSIFIED_STRING,40,40,0,0,39,1,100.0,100.0,0.15,NO,"Office Seating / Work Chairs || Seating Furniture / Chairs & Stools || Workstations, Tables & Desks"
F029,BIS_Standards_Details_v3.xlsx,BIS Standards,17,degree of equivalence,degree_of_equivalence,string,UNCLASSIFIED_STRING,40,40,0,0,27,13,100.0,100.0,0.0,NO,Modified / Derived (ISO 21015 / EN 1335) || Modified (ISO 7173 / EN 16139) || Modified (ISO 21016 / EN 527)
F029,BIS_Standards_Details_v3.xlsx,BIS Standards,18,official URL,official_url,string,URL,40,40,0,0,2,38,100.0,100.0,0.0,NO,https://standards.bis.gov.in/website || Published Standards
F029,BIS_Standards_Details_v3.xlsx,BIS Standards,19,document URL,document_url,string,DOCUMENT_URL,40,40,0,0,2,38,100.0,100.0,0.0,NO,https://standards.bis.gov.in/website || Switch to old portal
F030,BIS_Standards_Intelligence_Master.xlsx,BIS_Standards_Intelligence,1,IS_number,is_number,string,IS_NUMBER,45,45,0,0,45,0,100.0,100.0,0.0,NO,IS 17631:2022 || IS 17632:2022 || IS 17633:2022
F030,BIS_Standards_Intelligence_Master.xlsx,BIS_Standards_Intelligence,2,product,product,string,PRODUCT_NAME,45,45,0,0,45,0,100.0,100.0,0.222,NO,Work Chairs || General Purpose Chairs and Stools || Tables and Desks
F030,BIS_Standards_Intelligence_Master.xlsx,BIS_Standards_Intelligence,3,scheme,scheme,string,SCHEME_NAME,45,45,0,0,4,41,100.0,100.0,0.0,NO,Scheme-I — BIS ISI Mark Certification || Scheme-I || Scheme-X / Electrical Equipment Quality Control Order
F030,BIS_Standards_Intelligence_Master.xlsx,BIS_Standards_Intelligence,4,eligibility,eligibility,string,UNCLASSIFIED_STRING,45,45,0,0,36,9,100.0,100.0,0.111,NO,"Manufacturer of Work Chairs conforming to IS 17631:2022 and, where com || Manufacturer of general-purpose chairs/stools conforming to IS 17632:2 || Manufacturer of tables/desks conforming to IS 17633:2022."
F030,BIS_Standards_Intelligence_Master.xlsx,BIS_Standards_Intelligence,5,application_procedure,application_procedure,string,UNCLASSIFIED_STRING,45,45,0,0,21,24,100.0,100.0,0.0,NO,Apply online through Manakonline → select IS 17631:2022 → submit appli || Online Manakonline application → technical/factory information → fee → || Online BIS application → factory/product assessment → testing → resolu
F030,BIS_Standards_Intelligence_Master.xlsx,BIS_Standards_Intelligence,6,required_documents,required_documents,string,FREE_TEXT,45,45,0,0,31,14,100.0,100.0,0.711,YES,"Application; manufacturer/factory details; IS/product details; manufac || Application; factory/manufacturing details; product specification/mode || Application, manufacturer details, product/model details, manufacturin"
F030,BIS_Standards_Intelligence_Master.xlsx,BIS_Standards_Intelligence,7,factory_requirements,factory_requirements,string,UNCLASSIFIED_STRING,45,45,0,0,33,12,100.0,100.0,0.422,YES,Manufacturing facility capable of producing conforming work chairs; co || Controlled furniture manufacturing; adequate inspection/QC; documented || Furniture manufacturing facility with controlled assembly/workmanship 
F030,BIS_Standards_Intelligence_Master.xlsx,BIS_Standards_Intelligence,8,infrastructure_requirements,infrastructure_requirements,string,UNCLASSIFIED_STRING,45,45,0,0,36,9,100.0,100.0,0.711,YES,"Furniture production machinery, dimensional/inspection equipment, stab || Furniture production equipment; measuring instruments; stability/stati || Production machinery, dimensional equipment, stability/load test equip"
F030,BIS_Standards_Intelligence_Master.xlsx,BIS_Standards_Intelligence,9,process_controls,process_controls,string,UNCLASSIFIED_STRING,45,45,0,0,35,10,100.0,100.0,0.822,YES,Control of raw/component materials; construction/workmanship; dimensio || Material receipt; construction; dimensions; joining/assembly; finishin || Raw material/component control; dimensions; construction; joining/asse
F030,BIS_Standards_Intelligence_Master.xlsx,BIS_Standards_Intelligence,10,quality_control,quality_control,string,UNCLASSIFIED_STRING,45,45,0,0,32,13,100.0,100.0,0.222,NO,Routine inspection and SIT controls; maintain test/inspection records; || Routine testing and inspection under SIT; maintain production/test rec || Routine inspection/testing according to IS 17633 SIT.
F030,BIS_Standards_Intelligence_Master.xlsx,BIS_Standards_Intelligence,11,testing,testing,string,FREE_TEXT,45,45,0,0,45,0,100.0,100.0,0.889,YES,"Product Manual covers design/workmanship, dimensions, stability, stati || Dimensions; surface performance; fabric/leather properties; overbalanc || Design/workmanship; dimensions; surface performance; stability under v"
F030,BIS_Standards_Intelligence_Master.xlsx,BIS_Standards_Intelligence,12,inspection,inspection,string,UNCLASSIFIED_STRING,45,45,0,0,17,28,100.0,100.0,0.444,YES,"BIS assesses manufacturing/testing infrastructure, records, process co || BIS verifies factory, production controls, QC and test facilities. || BIS factory inspection and verification of records/infrastructure."
F030,BIS_Standards_Intelligence_Master.xlsx,BIS_Standards_Intelligence,13,laboratory_testing,laboratory_testing,string,LAB_CAPABILITY,45,45,0,0,31,14,100.0,100.0,0.089,NO,Testing through manufacturer's facilities and/or BIS-recognized labora || Manufacturer/BIS-recognized laboratory according to SIT and certificat || In-house/recognized laboratory according to applicable SIT.
F030,BIS_Standards_Intelligence_Master.xlsx,BIS_Standards_Intelligence,14,conformity_assessment,conformity_assessment,string,UNCLASSIFIED_STRING,45,45,0,0,27,18,100.0,100.0,0.0,NO,Manufacturing capability + process/QC capability + testing capability  || Product conformity + manufacturing/testing capability + SIT compliance || Factory capability + QC/testing + product test conformity.
F030,BIS_Standards_Intelligence_Master.xlsx,BIS_Standards_Intelligence,15,licence_or_CoC_grant,licence_or_coc_grant,string,UNCLASSIFIED_STRING,45,45,0,0,11,34,100.0,100.0,0.0,NO,BIS Licence to use Standard Mark (ISI Mark) for the defined scope/mode || BIS ISI Mark licence with specified product/model scope. || ISI Mark licence.
F030,BIS_Standards_Intelligence_Master.xlsx,BIS_Standards_Intelligence,16,surveillance,surveillance,string,UNCLASSIFIED_STRING,45,45,0,0,16,29,100.0,100.0,0.422,YES,BIS factory surveillance; factory sample testing; market sample testin || BIS factory and market surveillance; sample testing where applicable. || Factory/market surveillance and product sample testing.
F030,BIS_Standards_Intelligence_Master.xlsx,BIS_Standards_Intelligence,17,renewal,renewal,string,UNCLASSIFIED_STRING,45,45,0,0,15,30,100.0,100.0,0.022,NO,Online renewal through Manakonline with production details and applica || Online Scheme-I renewal with production/fee information. || Manakonline Scheme-I renewal.
F030,BIS_Standards_Intelligence_Master.xlsx,BIS_Standards_Intelligence,18,scope_extension,scope_extension,string,UNCLASSIFIED_STRING,45,45,0,0,19,26,100.0,100.0,0.044,NO,Apply for inclusion/addition/deletion of models/varieties under applic || Inclusion/deletion of product varieties/models under applicable scope- || Product/model/variety inclusion according to scope-change process.
F030,BIS_Standards_Intelligence_Master.xlsx,BIS_Standards_Intelligence,19,retesting,retesting,string,UNCLASSIFIED_STRING,45,45,0,0,16,29,100.0,100.0,0.0,NO,Retesting under BIS retesting guidelines where permitted after non-con || Allowed according to BIS retesting procedure where applicable. || Under BIS retesting guidelines where permitted.
F030,BIS_Standards_Intelligence_Master.xlsx,BIS_Standards_Intelligence,20,fees,fees,string,FEE,45,45,0,0,13,32,100.0,100.0,0.111,NO,"Current Scheme-I FAQ: ₹1,000 application fee; ₹7,000 per man-day inspe || Scheme-I current general fees: ₹1,000 application; ₹7,000/man-day insp || Scheme-I current general fee structure."
F030,BIS_Standards_Intelligence_Master.xlsx,BIS_Standards_Intelligence,21,forms,forms,string,UNCLASSIFIED_STRING,45,45,0,0,16,29,100.0,100.0,0.356,YES,Manakonline application; BIS grant/renewal/scope-change/retesting form || Manakonline + BIS Scheme-I forms + PM/SIT-specific documents. || Manakonline + Scheme-I/product-specific documents.
F030,BIS_Standards_Intelligence_Master.xlsx,BIS_Standards_Intelligence,22,timelines,timelines,string,UNCLASSIFIED_STRING,45,45,0,0,15,30,100.0,100.0,0.333,YES,"BIS FAQ: average ~1 month for Option-2 and ~4 months for Option-1 from || Option-2 ~1 month average; Option-1 ~4 months average, subject to case || Option-2 approximately one month; Option-1 approximately four months o"
F030,BIS_Standards_Intelligence_Master.xlsx,BIS_Standards_Intelligence,23,source_URL,source_url,url,SOURCE_URL,45,45,0,0,2,43,100.0,100.0,0.0,NO,https://www.bis.gov.in/product-certification/product-certification-pro || https://www.bis.gov.in/product-certification/product-certification-pro || https://www.bis.gov.in/product-certification/product-certification-pro
F031,BIS_Standards_Scheme_Mapping.xlsx,BIS_Standards_Scheme_Mapping,1,IS Number,is_number,string,IS_NUMBER,36,36,0,0,36,0,100.0,100.0,0.0,NO,IS 17631:2022 || IS 17632:2022 || IS 17633:2022
F031,BIS_Standards_Scheme_Mapping.xlsx,BIS_Standards_Scheme_Mapping,2,group,group,string,CATEGORY,36,36,0,0,13,23,100.0,100.0,0.0,NO,Furniture || Domestic Pressure Cookers || Cement
F031,BIS_Standards_Scheme_Mapping.xlsx,BIS_Standards_Scheme_Mapping,3,certification_scheme_to_store,certification_scheme_to_store,string,SCHEME_NAME,36,36,0,0,2,34,100.0,100.0,0.0,NO,Scheme-II || Scheme-X / applicable EEQCO product-specific process
F031,BIS_Standards_Scheme_Mapping.xlsx,BIS_Standards_Scheme_Mapping,4,eligibility,eligibility,string,FREE_TEXT,36,36,0,0,2,34,100.0,100.0,1.0,YES,"Manufacturer whose product is covered by a BIS Indian Standard and, wh || Manufacturer whose product is covered by a BIS Indian Standard and, wh || Manufacturer whose product is covered by a BIS Indian Standard and, wh"
F031,BIS_Standards_Scheme_Mapping.xlsx,BIS_Standards_Scheme_Mapping,5,application_procedure,application_procedure,string,FREE_TEXT,36,36,0,0,2,34,100.0,100.0,1.0,YES,"Apply online through Manakonline; select the applicable product/IS, su || Apply online through Manakonline; select the applicable product/IS, su || Apply online through Manakonline; select the applicable product/IS, su"
F031,BIS_Standards_Scheme_Mapping.xlsx,BIS_Standards_Scheme_Mapping,6,required_documents,required_documents,string,FREE_TEXT,36,36,0,0,2,34,100.0,100.0,1.0,YES,Application; factory/manufacturing details; product and IS details; ma || Application; factory/manufacturing details; product and IS details; ma || Application; factory/manufacturing details; product and IS details; ma
F031,BIS_Standards_Scheme_Mapping.xlsx,BIS_Standards_Scheme_Mapping,7,factory_requirements,factory_requirements,string,FREE_TEXT,36,36,0,0,2,34,100.0,100.0,1.0,YES,Manufacturing premises capable of consistently producing conforming pr || Manufacturing premises capable of consistently producing conforming pr || Manufacturing premises capable of consistently producing conforming pr
F031,BIS_Standards_Scheme_Mapping.xlsx,BIS_Standards_Scheme_Mapping,8,infrastructure_requirements,infrastructure_requirements,string,FREE_TEXT,36,36,0,0,2,34,100.0,100.0,1.0,YES,"Appropriate machinery, production equipment, inspection facilities and || Appropriate machinery, production equipment, inspection facilities and || Appropriate machinery, production equipment, inspection facilities and"
F031,BIS_Standards_Scheme_Mapping.xlsx,BIS_Standards_Scheme_Mapping,9,process_controls,process_controls,string,FREE_TEXT,36,36,0,0,2,34,100.0,100.0,1.0,YES,Controls specified in the relevant Product Manual and SIT; control of  || Controls specified in the relevant Product Manual and SIT; control of  || Controls specified in the relevant Product Manual and SIT; control of 
F031,BIS_Standards_Scheme_Mapping.xlsx,BIS_Standards_Scheme_Mapping,10,quality_control,quality_control,string,FREE_TEXT,36,36,0,0,2,34,100.0,100.0,1.0,YES,Routine quality control according to applicable Product Manual/SIT; sa || Routine quality control according to applicable Product Manual/SIT; sa || Routine quality control according to applicable Product Manual/SIT; sa
F031,BIS_Standards_Scheme_Mapping.xlsx,BIS_Standards_Scheme_Mapping,11,testing,testing,string,FREE_TEXT,36,36,0,0,2,34,100.0,100.0,1.0,YES,"Product-specific tests according to applicable IS, Product Manual and  || Product-specific tests according to applicable IS, Product Manual and  || Product-specific tests according to applicable IS, Product Manual and "
F031,BIS_Standards_Scheme_Mapping.xlsx,BIS_Standards_Scheme_Mapping,12,inspection,inspection,string,FREE_TEXT,36,36,0,0,2,34,100.0,100.0,1.0,YES,BIS inspection of manufacturing and testing infrastructure; verificati || BIS inspection of manufacturing and testing infrastructure; verificati || BIS inspection of manufacturing and testing infrastructure; verificati
F031,BIS_Standards_Scheme_Mapping.xlsx,BIS_Standards_Scheme_Mapping,13,laboratory_testing,laboratory_testing,string,LAB_CAPABILITY,36,36,0,0,2,34,100.0,100.0,1.0,YES,BIS-recognized laboratories are used where external testing is prescri || BIS-recognized laboratories are used where external testing is prescri || BIS-recognized laboratories are used where external testing is prescri
F031,BIS_Standards_Scheme_Mapping.xlsx,BIS_Standards_Scheme_Mapping,14,conformity_assessment,conformity_assessment,string,FREE_TEXT,36,36,0,0,2,34,100.0,100.0,0.0,NO,Assessment of manufacturing capability + process/QC capability + testi || Assessment of manufacturing capability + process/QC capability + testi || Assessment of manufacturing capability + process/QC capability + testi
F031,BIS_Standards_Scheme_Mapping.xlsx,BIS_Standards_Scheme_Mapping,15,licence_or_CoC_grant,licence_or_coc_grant,string,FREE_TEXT,36,36,0,0,2,34,100.0,100.0,0.861,YES,BIS Licence to use Standard Mark (ISI Mark) after successful conformit || BIS Licence to use Standard Mark (ISI Mark) after successful conformit || BIS Licence to use Standard Mark (ISI Mark) after successful conformit
F031,BIS_Standards_Scheme_Mapping.xlsx,BIS_Standards_Scheme_Mapping,16,surveillance,surveillance,string,FREE_TEXT,36,36,0,0,2,34,100.0,100.0,1.0,YES,Factory surveillance and market surveillance according to BIS guidelin || Factory surveillance and market surveillance according to BIS guidelin || Factory surveillance and market surveillance according to BIS guidelin
F031,BIS_Standards_Scheme_Mapping.xlsx,BIS_Standards_Scheme_Mapping,17,renewal,renewal,string,FREE_TEXT,36,36,0,0,2,34,100.0,100.0,1.0,YES,"Apply through Manakonline before expiry; submit production details, ap || Apply through Manakonline before expiry; submit production details, ap || Apply through Manakonline before expiry; submit production details, ap"
F031,BIS_Standards_Scheme_Mapping.xlsx,BIS_Standards_Scheme_Mapping,18,scope_extension,scope_extension,string,FREE_TEXT,36,36,0,0,2,34,100.0,100.0,1.0,YES,Submit request through applicable BIS scope-change procedure; addition || Submit request through applicable BIS scope-change procedure; addition || Submit request through applicable BIS scope-change procedure; addition
F031,BIS_Standards_Scheme_Mapping.xlsx,BIS_Standards_Scheme_Mapping,19,retesting,retesting,string,FREE_TEXT,36,36,0,0,2,34,100.0,100.0,0.861,YES,BIS has separate retesting guidance. Retesting is used where permitted || BIS has separate retesting guidance. Retesting is used where permitted || BIS has separate retesting guidance. Retesting is used where permitted
F031,BIS_Standards_Scheme_Mapping.xlsx,BIS_Standards_Scheme_Mapping,20,fees,fees,string,FEE,36,36,0,0,2,34,100.0,100.0,1.0,YES,"Application fee: ₹1,000; inspection fee: ₹7,000 per man-day; annual li || Application fee: ₹1,000; inspection fee: ₹7,000 per man-day; annual li || Application fee: ₹1,000; inspection fee: ₹7,000 per man-day; annual li"
F031,BIS_Standards_Scheme_Mapping.xlsx,BIS_Standards_Scheme_Mapping,21,forms,forms,string,FREE_TEXT,36,36,0,0,2,34,100.0,100.0,1.0,YES,Application through Manakonline; BIS forms/guidelines applicable to gr || Application through Manakonline; BIS forms/guidelines applicable to gr || Application through Manakonline; BIS forms/guidelines applicable to gr
F031,BIS_Standards_Scheme_Mapping.xlsx,BIS_Standards_Scheme_Mapping,22,timeliness,timeliness,string,FREE_TEXT,36,36,0,0,2,34,100.0,100.0,1.0,YES,BIS FAQ states average grant time is generally about 1 month under Opt || BIS FAQ states average grant time is generally about 1 month under Opt || BIS FAQ states average grant time is generally about 1 month under Opt
F031,BIS_Standards_Scheme_Mapping.xlsx,BIS_Standards_Scheme_Mapping,23,source_URL,source_url,url,SOURCE_URL,36,36,0,0,2,34,100.0,100.0,0.0,NO,https://www.bis.gov.in/product-certification/product-certification-pro || https://www.bis.gov.in/product-certification/product-certification-pro || https://www.bis.gov.in/product-certification/product-certification-pro
F032,BIS_Testing_Parameters_Master.xlsx,BIS_Testing_Parameters,1,IS_number,is_number,string,IS_NUMBER,45,45,0,0,45,0,100.0,100.0,0.0,NO,IS 17631:2022 || IS 17632:2022 || IS 17633:2022
F032,BIS_Testing_Parameters_Master.xlsx,BIS_Testing_Parameters,2,product,product,string,PRODUCT_NAME,45,45,0,0,45,0,100.0,100.0,0.267,NO,Work Chairs || General Purpose Chairs and Stools || Tables and Desks
F032,BIS_Testing_Parameters_Master.xlsx,BIS_Testing_Parameters,3,test_name,test_name,string,TEST_NAME,45,45,0,0,44,1,100.0,100.0,0.978,YES,Design & Workmanship; Dimensions; Resistance to Mechanical Damage; Sur || Design & Workmanship; Dimensions; Stability; Strength; Surface Perform || Design & Workmanship; Dimensions; Stability; Strength; Surface Perform
F032,BIS_Testing_Parameters_Master.xlsx,BIS_Testing_Parameters,4,test_parameter,test_parameter,string,TEST_NAME,45,45,0,0,44,1,100.0,100.0,0.2,NO,Design/workmanship; dimensions; fabric/synthetic leather breaking load || Design; dimensions; resistance/mechanical and surface-performance char || Design/workmanship; dimensions; stability and strength; surface-perfor
F032,BIS_Testing_Parameters_Master.xlsx,BIS_Testing_Parameters,5,test_method,test_method,string,TEST_METHOD,45,45,0,0,45,0,100.0,100.0,0.022,NO,As per IS 17631 methods || As per IS 17632 || As per IS 17633
F032,BIS_Testing_Parameters_Master.xlsx,BIS_Testing_Parameters,6,test_method_standard,test_method_standard,string,TEST_METHOD,45,45,0,0,25,20,100.0,100.0,0.067,NO,IS 17631:2022 || IS 17632:2022 || IS 17633:2022
F032,BIS_Testing_Parameters_Master.xlsx,BIS_Testing_Parameters,7,clause,clause,string,DOC_LOCATOR,45,45,0,0,31,14,100.0,100.0,0.111,NO,"Cl 4, 5, 6.1, 6.2, 7.3, 7.4, 7.5 || Cl 4–7 || Cl 4, 5, 6, 7.2, 7.3"
F032,BIS_Testing_Parameters_Master.xlsx,BIS_Testing_Parameters,8,sample_size,sample_size,string,NUMERIC_OR_COUNT,45,45,0,0,15,30,100.0,100.0,0.111,NO,2 chairs for dimensional/safety; material/fabric/leather specimens for || Product/sample quantity as specified in Annex-C; control unit = same d || 2 tables/desks for dimensional and safety requirements; material cut p
F032,BIS_Testing_Parameters_Master.xlsx,BIS_Testing_Parameters,9,sampling_frequency,sampling_frequency,string,UNCLASSIFIED_STRING,45,45,0,0,12,33,100.0,100.0,0.0,NO,As defined in Annex-C || Annex-C Table 1 || Annex-C
F032,BIS_Testing_Parameters_Master.xlsx,BIS_Testing_Parameters,10,test_frequency,test_frequency,string,UNCLASSIFIED_STRING,45,45,0,0,25,20,100.0,100.0,0.0,NO,As defined in SIT Table 1 || Levels of control in Annex-C || Annex-C
F032,BIS_Testing_Parameters_Master.xlsx,BIS_Testing_Parameters,11,acceptance_criteria,acceptance_criteria,string,ACCEPTANCE_CRITERIA,45,45,0,0,38,7,100.0,100.0,0.067,NO,Each applicable characteristic shall conform to IS 17631 || Conformity with IS 17632 || All requirements of IS 17633
F032,BIS_Testing_Parameters_Master.xlsx,BIS_Testing_Parameters,12,required_equipment,required_equipment,string,UNCLASSIFIED_STRING,45,45,0,0,28,17,100.0,100.0,0.089,NO,Test equipment in Annex-B; includes dimensional tools and furniture te || Annex-B equipment || Annex-B
F032,BIS_Testing_Parameters_Master.xlsx,BIS_Testing_Parameters,13,laboratory_requirement,laboratory_requirement,string,LAB_CAPABILITY,45,45,0,0,28,17,100.0,100.0,0.111,NO,"Maintained, suitably equipped and staffed; calibration plan required || Laboratory maintained and suitably staffed; calibration plan || Laboratory and calibrated equipment as per manual"
F032,BIS_Testing_Parameters_Master.xlsx,BIS_Testing_Parameters,14,rejection_handling,rejection_handling,string,UNCLASSIFIED_STRING,45,45,0,0,39,6,100.0,100.0,0.289,NO,Non-conforming product disposed so BIS Act provisions are not violated || Dispose non-conforming product in accordance with BIS Act || Non-conforming product controlled/disposed under BIS requirements
F032,BIS_Testing_Parameters_Master.xlsx,BIS_Testing_Parameters,15,remarks,remarks,string,DESCRIPTIVE_TEXT,45,45,0,0,28,17,100.0,100.0,0.289,NO,"BIS LIMS currently shows these test clauses for IS 17631 || Entire production covered by licence is subject to prescribed control || Possible factory tests in one day: design/workmanship, dimensions, sta"
F032,BIS_Testing_Parameters_Master.xlsx,BIS_Testing_Parameters,16,source_document,source_document,string,UNCLASSIFIED_STRING,45,45,0,0,16,29,100.0,100.0,0.022,NO,Product Manual / SIT; LIMS test scope || Product Manual Annex-C || Product Manual
F032,BIS_Testing_Parameters_Master.xlsx,BIS_Testing_Parameters,17,source_page,source_page,string,UNCLASSIFIED_STRING,45,45,0,0,12,33,100.0,100.0,0.0,NO,Annex-C / LIMS || Annex-C || SIT annex
F032,BIS_Testing_Parameters_Master.xlsx,BIS_Testing_Parameters,18,source_URL,source_url,string,SOURCE_URL,45,22,23,0,5,17,48.89,48.89,0.0,NO,(BIS LIMS) || (Bureau of Indian Standards) || BIS Product Manual repository
F033,bis_circulars (1).csv,bis_circulars (1),1,circular_id,circular_id,string,PRIMARY_KEY_ID,160,160,0,0,160,0,100.0,100.0,0.0,NO,CIRC-13 Aug 2026-2315429064724185965 || CIRC-05 Aug 2026-7397787046034417519 || CIRC-05 Aug 2026-464797863225613663
F033,bis_circulars (1).csv,bis_circulars (1),2,circular_number,circular_number,empty,EMPTY_COLUMN,160,0,160,0,0,0,0.0,0.0,0.0,NO,
F033,bis_circulars (1).csv,bis_circulars (1),3,title,title,string,TITLE,160,160,0,0,158,2,100.0,100.0,0.225,NO,Guidance on product categories under Compulsory Registration Scheme (C || Extension in date of implementation of IS 16102 (Part 1)2026 || Extension in date of implementation of Revised Standards for LED Lumin
F033,bis_circulars (1).csv,bis_circulars (1),4,issuing_authority,issuing_authority,string,AUTHORITY_OR_PARTY,160,160,0,0,1,159,100.0,100.0,0.0,NO,Bureau of Indian Standards (BIS)
F033,bis_circulars (1).csv,bis_circulars (1),5,release_date,release_date,date,DATE,160,160,0,0,144,16,100.0,100.0,0.0,NO,13 Aug 2026 || 05 Aug 2026 || 22 Jul 2026
F033,bis_circulars (1).csv,bis_circulars (1),6,effective_date,effective_date,mixed(date|string),EFFECTIVE_DATE,160,38,122,0,30,8,23.75,23.75,0.0,NO,02 February 2027 || 26 April 2025 || 02 August 2026
F033,bis_circulars (1).csv,bis_circulars (1),7,subject,subject,string,TITLE,160,160,0,0,158,2,100.0,100.0,0.225,NO,Guidance on product categories under Compulsory Registration Scheme (C || Extension in date of implementation of IS 16102 (Part 1)2026 || Extension in date of implementation of Revised Standards for LED Lumin
F033,bis_circulars (1).csv,bis_circulars (1),8,related_IS,related_is,string,IS_RELATIONSHIP,160,90,70,0,64,26,56.25,56.25,0.611,YES,IS 16102 (Part 1) || IS 10322; IS 10322 (Part 5/Sec 1); IS 10322 (Part 5/Sec 2); IS 10322 ( || IS 18112
F033,bis_circulars (1).csv,bis_circulars (1),9,implementation_instructions,implementation_instructions,string,DESCRIPTIVE_TEXT,160,125,35,0,123,2,78.12,78.12,0.928,YES,"Applications for product Wearable Glasses such as Audio Glasses, Smart || BUREAU OF INDIAN STANDARDS Registration Department Our Ref: IS 16102 ( || BUREAU OF INDIAN STANDARDS Registration Department Our Ref: Reg./ IS 1"
F033,bis_circulars (1).csv,bis_circulars (1),10,document_URL,document_url,url,DOCUMENT_URL,160,160,0,0,158,2,100.0,100.0,0.0,NO,https://www.crsbis.in/BIS/app_srv/tdc/gl/docs/Guidance_on_product_cate || https://www.crsbis.in/BIS/app_srv/tdc/gl/docs/Extension_in_date_of_imp || https://www.crsbis.in/BIS/app_srv/tdc/gl/docs/Extension_in_date_of_imp
F033,bis_circulars (1).csv,bis_circulars (1),11,source_URL,source_url,url,SOURCE_URL,160,160,0,0,1,159,100.0,100.0,0.0,NO,https://www.crsbis.in/BIS/wtsnew.do
F034,bis_gazette_notification.csv,bis_gazette_notification,1,id,id,mixed(float|int|string),NUMERIC_OR_COUNT,1798,1674,124,0,836,838,93.1,93.1,0.029,NO,1. || 2. || 3.
F034,bis_gazette_notification.csv,bis_gazette_notification,2,related_IS,related_is,string,IS_RELATIONSHIP,1798,1400,398,0,700,700,77.86,77.86,0.0,NO,IS 12330 || IS 12600 || IS 1489 (भाग 1)
F034,bis_gazette_notification.csv,bis_gazette_notification,3,title,title,string,TITLE,1798,1400,398,0,731,669,77.86,77.86,0.131,NO,सल्फेट रोधी पोर्टलैंड सीमेंट || कम ताप पोर्टलैंड सीमेंट || पोर्टलैंड पोज़ोलाना सीमेंट – भाग 1 (फ्लाई ऐश आधारित)
F034,bis_gazette_notification.csv,bis_gazette_notification,4,__unnamed_3,unnamed_3,string,FREE_TEXT,1798,370,1428,0,191,179,20.58,20.58,1.0,YES,"1. सीमेंट (गुणवत्ता नियंत्रण) आदेश, 2003 एस.ओ. संख्या 191(E) दिनांक 17 || 2. विद्युत तार, केबल, उपकरण एवं सुरक्षा यंत्र और सहायक उपकरण (गुणवत्ता || 3. एस.ओ. 516(E), दिनांक 25 मई 1987"
F035,bis_laboratories.csv,bis_laboratories,1,lab_id,lab_id,int,LAB_ID,431,431,0,1,430,0,100.0,99.77,0.0,NO,8102006 || 8138306 || 6126316
F035,bis_laboratories.csv,bis_laboratories,2,lab_name,lab_name,string,LAB_IDENTITY,431,431,0,0,431,0,100.0,100.0,0.745,YES,"SIIR, Delhi Shriram Institute For Industrial Research || Testtex India Laboratories Private Limited, Noida || Intertek India Private Limited (Food Services), Hyderabad"
F035,bis_laboratories.csv,bis_laboratories,3,lab_type,lab_type,string,LAB_IDENTITY,431,431,0,0,1,430,100.0,100.0,0.0,NO,Recognized Lab
F035,bis_laboratories.csv,bis_laboratories,4,address,address,mixed(date|string),ADDRESS,431,431,0,1,430,0,100.0,99.77,1.0,YES,"19-University Road, Delhi 110007, Delhi, North, Delhi, India - 110007 || C - 57, Sector - 65, Noida, Gautam Buddha Nagar, Uttar Pradesh, India  || Plot No D-53, IDA, Phase-1, Jeedimetla,Qutubullapur Mandal, hyderabad,"
F035,bis_laboratories.csv,bis_laboratories,5,city,city,string,LOCALITY,431,430,1,0,103,327,99.77,99.77,0.0,NO,North || Gautam Buddha Nagar || Medchal Malkajgiri
F035,bis_laboratories.csv,bis_laboratories,6,state,state,string,STATE,431,430,1,0,25,405,99.77,99.77,0.0,NO,Delhi || Uttar Pradesh || Telangana
F035,bis_laboratories.csv,bis_laboratories,7,pin,pin,int,PINCODE,431,428,3,0,266,162,99.3,99.3,0.0,NO,110007 || 201301 || 500055
F035,bis_laboratories.csv,bis_laboratories,8,contact_details,contact_details,string,CONTACT,431,431,0,0,430,1,100.0,100.0,1.0,YES,Dr. Laxmi Rawat (Quality Manager); +91 011 35200445; laxmirawat@shrira || Amit Tiwari (Quality Manager); +91 7303 919463; labsindianoida@testtex || gandla krishnaiah; 9912463921; gandla.krishnaiah@intertek.com
F035,bis_laboratories.csv,bis_laboratories,9,accreditation_validity,accreditation_validity,string,DATE,431,431,0,67,272,92,100.0,84.45,1.0,YES,"31 Dec, 2026 || 31 Dec, 2029 || 18 Mar, 2028"
F035,bis_laboratories.csv,bis_laboratories,10,tested_IS_numbers,tested_is_numbers,string,IS_RELATIONSHIP,431,431,0,0,372,59,100.0,100.0,0.995,YES,IS 1011 (2002); IS 10508 (2020); IS 1065 : Part 1 (2019); IS 11997 (19 || IS 10702 (2023); IS 11226 (1993); IS 12254 (2021); IS 13893 (1994); IS || IS 13428 (2024)
F035,bis_laboratories.csv,bis_laboratories,11,source_URL,source_url,url,SOURCE_URL,431,20,411,0,20,0,4.64,4.64,0.0,NO,https://lims.bis.gov.in/home_lab_scope/15/ || https://lims.bis.gov.in/home_lab_scope/16/ || https://lims.bis.gov.in/home_lab_scope/18/
F036,bis_product_certification_faq (1).csv,bis_product_certification_faq (1),1,faq_id,faq_id,string,PRIMARY_KEY_ID,28,28,0,0,28,0,100.0,100.0,0.0,NO,FAQ-001 || FAQ-002 || FAQ-003
F036,bis_product_certification_faq (1).csv,bis_product_certification_faq (1),2,question,question,string,FAQ_QUESTION,28,28,0,0,28,0,100.0,100.0,0.214,NO,"Q 1 What is a licence? || Q.2 I am a manufacturer of a product and interested in applying for BI || Q.3 For which products, the BIS licence is compulsory? Or I am manufac"
F036,bis_product_certification_faq (1).csv,bis_product_certification_faq (1),3,answer,answer,string,FAQ_ANSWER,28,28,0,0,28,0,100.0,100.0,0.929,YES,Licence means a licence granted under Section 13 of BIS Act 2016 to us || You can search for the Indian Standard against a product at the URL:ht || Products are brought under compulsory certification by the Central Gov
F036,bis_product_certification_faq (1).csv,bis_product_certification_faq (1),4,category,category,string,CATEGORY,28,28,0,0,1,27,100.0,100.0,0.0,NO,Product Certification
F036,bis_product_certification_faq (1).csv,bis_product_certification_faq (1),5,related_IS,related_is,string,IS_RELATIONSHIP,28,28,0,0,1,27,100.0,100.0,0.0,NO,Applicable IS Standard
F036,bis_product_certification_faq (1).csv,bis_product_certification_faq (1),6,related_product,related_product,string,PRODUCT_NAME,28,28,0,0,1,27,100.0,100.0,0.0,NO,General
F036,bis_product_certification_faq (1).csv,bis_product_certification_faq (1),7,related_scheme,related_scheme,string,UNCLASSIFIED_STRING,28,28,0,0,1,27,100.0,100.0,0.0,NO,Scheme-I / Scheme-X
F036,bis_product_certification_faq (1).csv,bis_product_certification_faq (1),8,source_URL,source_url,url,SOURCE_URL,28,28,0,0,1,27,100.0,100.0,0.0,NO,https://www.bis.gov.in/product-certification/product-certification-faq || https://www.bis.gov.in/product-certification/product-certification-faq || https://www.bis.gov.in/product-certification/product-certification-faq
F037,bis_product_certifications.csv,bis_product_certifications,1,scheme_id,scheme_id,string,SCHEME_ID,71,71,0,0,3,68,100.0,100.0,0.0,NO,SCHEME-I || SCHEME-X || FOREIGN-MANUFACTURERS
F037,bis_product_certifications.csv,bis_product_certifications,2,scheme_name,scheme_name,string,SCHEME_NAME,71,71,0,0,3,68,100.0,100.0,0.0,NO,Scheme-I || Scheme-X || Foreign Manufacturers
F037,bis_product_certifications.csv,bis_product_certifications,3,guideline_title,guideline_title,string,TITLE,71,71,0,0,48,23,100.0,100.0,0.197,NO,SNAP || List of Products Under Simplified Procedure || Clarification on provisions of product manuals (size – 74 KB)
F037,bis_product_certifications.csv,bis_product_certifications,4,applicability,applicability,string,DESCRIPTIVE_TEXT,71,36,35,0,24,12,50.7,50.7,0.972,YES,"applicable for all products, except the following: i) DPIIT/PESO regul || applicable on such samples. 3 The schedule of Fees for Laboratory Reco || applicable for Inclusion Audit 7. Surveillance Audit Fee Nil 8. Audit "
F037,bis_product_certifications.csv,bis_product_certifications,5,application_procedure,application_procedure,string,FREE_TEXT,71,40,31,0,22,18,56.34,56.34,1.0,YES,applications for grant of licence. These measures are being introduced || applications for grant of licence. These measures are being introduced || application form for applying for recognition/ inclusion under LRS. Th
F037,bis_product_certifications.csv,bis_product_certifications,6,fee_structure,fee_structure,string,FEE,71,16,55,0,10,6,22.54,22.54,0.938,YES,application fee shall not be refunded or adjusted against any future a || Application Fee for initial recognition and renewal of recognition for || Application fee (in the form of Demand Draft or copy of online transac
F037,bis_product_certifications.csv,bis_product_certifications,7,inspection_testing_norm,inspection_testing_norm,string,FREE_TEXT,71,65,6,0,38,27,91.55,91.55,0.985,YES,"Conformity Assessment Laboratory Services Hallmarking Training Career  || Testing And Rating Safety Requirements -- Guide For Installation And O || testing resources like common facility, ii) Cluster based testing faci"
F037,bis_product_certifications.csv,bis_product_certifications,8,document_URL,document_url,url,DOCUMENT_URL,71,70,1,0,46,24,98.59,98.59,0.0,NO,https://www.bis.gov.in/wp-content/uploads/2023/05/SNPbookBilingual.pdf || https://www.bis.gov.in/wp-content/uploads/2021/04/List-of-Products-Und || https://www.bis.gov.in/wp-content/uploads/2025/12/In-house-Lab-Circula
F037,bis_product_certifications.csv,bis_product_certifications,9,source_URL,source_url,url,SOURCE_URL,71,71,0,0,8,63,100.0,100.0,0.0,NO,https://www.bis.gov.in/product-certification/product-specific-informat || https://www.bis.gov.in/product-certification/product-specific-informat || https://www.bis.gov.in/product-certification/product-specific-informat
F038,bis_topic17_hallmarking_centres.csv,bis_topic17_hallmarking_centres,1,centre_id,centre_id,string,CENTRE_ID,1658,1658,0,0,1658,0,100.0,100.0,0.0,NO,AHC-CRO-RAHC-R-110002 || AHC-CRO-RAHC-R-110006 || AHC-CRO-RAHC-R-110017
F038,bis_topic17_hallmarking_centres.csv,bis_topic17_hallmarking_centres,2,centre_name,centre_name,string,CENTRE_NAME,1658,1658,0,0,1401,257,100.0,100.0,0.042,NO,M/s Jalan Hallmarking Centre || SHRI SALASAR BALAJI HALLMARKING CENTRE || City Hallmarking Centre
F038,bis_topic17_hallmarking_centres.csv,bis_topic17_hallmarking_centres,3,centre_code,centre_code,string,CENTRE_ID,1658,1658,0,0,1658,0,100.0,100.0,0.0,NO,CRO/RAHC/R-110002 || CRO/RAHC/R-110006 || CRO/RAHC/R-110017
F038,bis_topic17_hallmarking_centres.csv,bis_topic17_hallmarking_centres,4,address,address,mixed(date|string),ADDRESS,1658,1658,0,0,1566,92,100.0,100.0,1.0,YES,"II-C/16 Lajpat Nagar Central Market New Delhi, SOUTH DELHI, LAJPAT NAG || 1189 JORAWAR BHAWAN,2nd FLOOR PARTANIO KA RASTAJOHARI BAZAR, JAIPUR, J || 2780/20, 1st Floor, Beadon Pura,Karol Bagh, New Delhi, CENTRAL DELHI, "
F038,bis_topic17_hallmarking_centres.csv,bis_topic17_hallmarking_centres,5,city,city,string,LOCALITY,1658,1658,0,0,738,920,100.0,100.0,0.0,NO,LAJPAT NAGAR (SOUTH DELHI) || JAIPUR CITY || KAROL BAGH
F038,bis_topic17_hallmarking_centres.csv,bis_topic17_hallmarking_centres,6,district,district,mixed(int|string),LOCALITY,1658,1658,0,0,371,1287,100.0,100.0,0.0,NO,SOUTH DELHI || JAIPUR || CENTRAL DELHI
F038,bis_topic17_hallmarking_centres.csv,bis_topic17_hallmarking_centres,7,state,state,string,STATE,1658,1658,0,0,26,1632,100.0,100.0,0.0,NO,DELHI || RAJASTHAN || MADHYA PRADESH
F038,bis_topic17_hallmarking_centres.csv,bis_topic17_hallmarking_centres,8,pin,pin,int,PINCODE,1658,1658,0,0,707,951,100.0,100.0,0.0,NO,110025 || 302003 || 110005
F038,bis_topic17_hallmarking_centres.csv,bis_topic17_hallmarking_centres,9,recognition_status,recognition_status,string,STATUS,1658,1658,0,0,4,1654,100.0,100.0,0.0,NO,ACTIVE || SUSPENDED || OTHER-DEFERMENT LETTER GENERATED
F038,bis_topic17_hallmarking_centres.csv,bis_topic17_hallmarking_centres,10,recognition_status_raw,recognition_status_raw,string,UNCLASSIFIED_STRING,1658,1658,0,0,5,1653,100.0,100.0,0.0,NO,Operative || Under Suspension || Under Suspension(Gold Only)
F038,bis_topic17_hallmarking_centres.csv,bis_topic17_hallmarking_centres,11,validity,validity,date,DATE,1658,1658,0,0,836,822,100.0,100.0,0.0,NO,31/07/2028 || 21/01/2028 || 10/04/2029
F038,bis_topic17_hallmarking_centres.csv,bis_topic17_hallmarking_centres,12,scope,scope,string,DESCRIPTIVE_TEXT,1658,1658,0,0,34,1624,100.0,100.0,0.132,NO,"Yellow Gold,Silver Hallmarking || Gold & Silver Both Hallmarking || Yellow Gold Hallmarking"
F038,bis_topic17_hallmarking_centres.csv,bis_topic17_hallmarking_centres,13,services,services,string,UNCLASSIFIED_STRING,1658,1658,0,0,1,1657,100.0,100.0,0.0,NO,Assaying & Hallmarking
F038,bis_topic17_hallmarking_centres.csv,bis_topic17_hallmarking_centres,14,source_URL,source_url,url,SOURCE_URL,1658,1658,0,0,1,1657,100.0,100.0,0.0,NO,https://www.manakonline.in/MANAK/AHCListForWebsite
F039,bis_topic17_hallmarking_centres_cancelled_suspended.csv,bis_topic17_hallmarking_centres_cancelled_suspended,1,centre_id,centre_id,string,CENTRE_ID,722,722,0,0,722,0,100.0,100.0,0.0,NO,AHC-CRO-RAHC-R-110034 || AHC-CRO-RAHC-R-110043 || AHC-CRO-RAHC-R-110044
F039,bis_topic17_hallmarking_centres_cancelled_suspended.csv,bis_topic17_hallmarking_centres_cancelled_suspended,2,centre_name,centre_name,string,CENTRE_NAME,722,722,0,0,675,47,100.0,100.0,0.004,NO,SHREERAM HALLMARKING CENTRE || M/S AASTHA ASSAYING & HALLMARKING CENTRE || KATARIA FASHION HALLMARKING CENTRE
F039,bis_topic17_hallmarking_centres_cancelled_suspended.csv,bis_topic17_hallmarking_centres_cancelled_suspended,3,centre_code,centre_code,string,CENTRE_ID,722,722,0,0,722,0,100.0,100.0,0.0,NO,CRO/RAHC/R-110034 || CRO/RAHC/R-110043 || CRO/RAHC/R-110044
F039,bis_topic17_hallmarking_centres_cancelled_suspended.csv,bis_topic17_hallmarking_centres_cancelled_suspended,4,address,address,mixed(date|string),ADDRESS,722,722,0,0,714,8,100.0,100.0,1.0,YES,"50,BADA SARAFA50,BADA SARAFA, INDORE, INDORE CLOTH MARKET, MADHYA PRAD || 1733, 3RD FLOOR DARIBA KALAN, CHANDNI CHOWK, DELHI, NORTH DELHI, CHAND || 19, CHANDNI CHOWK, RATLAMRATLAM , M.P., RATLAM, RATLAM CITY, MADHYA PR"
F039,bis_topic17_hallmarking_centres_cancelled_suspended.csv,bis_topic17_hallmarking_centres_cancelled_suspended,5,city,city,string,LOCALITY,722,722,0,0,415,307,100.0,100.0,0.0,NO,INDORE CLOTH MARKET || CHANDNI CHOWK || RATLAM CITY
F039,bis_topic17_hallmarking_centres_cancelled_suspended.csv,bis_topic17_hallmarking_centres_cancelled_suspended,6,district,district,mixed(date|string),LOCALITY,722,722,0,0,268,454,100.0,100.0,0.0,NO,INDORE || NORTH DELHI || RATLAM
F039,bis_topic17_hallmarking_centres_cancelled_suspended.csv,bis_topic17_hallmarking_centres_cancelled_suspended,7,state,state,string,STATE,722,722,0,0,25,697,100.0,100.0,0.0,NO,MADHYA PRADESH || DELHI || UTTAR PRADESH
F039,bis_topic17_hallmarking_centres_cancelled_suspended.csv,bis_topic17_hallmarking_centres_cancelled_suspended,8,pin,pin,int,PINCODE,722,722,0,1,395,326,100.0,99.86,0.0,NO,452002 || 110006 || 457001
F039,bis_topic17_hallmarking_centres_cancelled_suspended.csv,bis_topic17_hallmarking_centres_cancelled_suspended,9,recognition_status,recognition_status,string,STATUS,722,722,0,0,2,720,100.0,100.0,0.0,NO,CANCELLED || SUSPENDED
F039,bis_topic17_hallmarking_centres_cancelled_suspended.csv,bis_topic17_hallmarking_centres_cancelled_suspended,10,recognition_status_raw,recognition_status_raw,string,UNCLASSIFIED_STRING,722,722,0,0,2,720,100.0,100.0,0.0,NO,CANCELLED || UNDER SUSPENSION
F039,bis_topic17_hallmarking_centres_cancelled_suspended.csv,bis_topic17_hallmarking_centres_cancelled_suspended,11,validity,validity,string,DATE,722,722,0,0,449,273,100.0,100.0,0.0,NO,Cancelled on 30/04/2026 || Cancelled on 06/03/2023 || Cancelled on 06/06/2025
F039,bis_topic17_hallmarking_centres_cancelled_suspended.csv,bis_topic17_hallmarking_centres_cancelled_suspended,12,suspended_cancelled_date,suspended_cancelled_date,date,DATE,722,722,0,0,416,306,100.0,100.0,0.0,NO,30/04/2026 || 06/03/2023 || 06/06/2025
F039,bis_topic17_hallmarking_centres_cancelled_suspended.csv,bis_topic17_hallmarking_centres_cancelled_suspended,13,scope,scope,empty,DESCRIPTIVE_TEXT,722,722,0,722,0,0,100.0,0.0,0.0,NO,
F039,bis_topic17_hallmarking_centres_cancelled_suspended.csv,bis_topic17_hallmarking_centres_cancelled_suspended,14,services,services,string,UNCLASSIFIED_STRING,722,722,0,0,1,721,100.0,100.0,0.0,NO,Assaying & Hallmarking
F039,bis_topic17_hallmarking_centres_cancelled_suspended.csv,bis_topic17_hallmarking_centres_cancelled_suspended,15,region,region,string,LOCALITY,722,722,0,0,5,717,100.0,100.0,0.0,NO,CRO || WRO || NRO
F039,bis_topic17_hallmarking_centres_cancelled_suspended.csv,bis_topic17_hallmarking_centres_cancelled_suspended,16,centre_type,centre_type,string,CATEGORY,722,722,0,0,1,721,100.0,100.0,0.0,NO,AHC
F039,bis_topic17_hallmarking_centres_cancelled_suspended.csv,bis_topic17_hallmarking_centres_cancelled_suspended,17,source_URL,source_url,url,SOURCE_URL,722,722,0,0,1,721,100.0,100.0,0.0,NO,https://huid.manakonline.in/MANAK/AHCSuspendCancelledAppsForWebsite
F040,data__raw__fmcs_all_fmcs_list_raw.csv,data__raw__fmcs_all_fmcs_list_raw,1,s_no,s_no,int,NUMERIC_OR_COUNT,3135,3135,0,0,3135,0,100.0,100.0,0.0,NO,1 || 2 || 3
F040,data__raw__fmcs_all_fmcs_list_raw.csv,data__raw__fmcs_all_fmcs_list_raw,2,cml_no_raw,cml_no_raw,int,LICENCE_IDENTITY,3135,3135,0,0,3135,0,100.0,100.0,0.0,NO,4100295185 || 4100331668 || 4006840
F040,data__raw__fmcs_all_fmcs_list_raw.csv,data__raw__fmcs_all_fmcs_list_raw,3,name_address_raw,name_address_raw,string,ADDRESS,3135,3135,0,0,2927,208,100.0,100.0,1.0,YES,"Meyer Aluminium (Thailand) Co. Ltd., | Address : 38/32 Moo 5, Laem Cha || Korea Zinc Co., Ltd. Onsan Complex | Address : 139, Ljin-ro, Onsan-eup || Crown Cement PLC | Address : West Mukterpur | Munshigonj | Bangladesh-"
F040,data__raw__fmcs_all_fmcs_list_raw.csv,data__raw__fmcs_all_fmcs_list_raw,4,validity_date_raw,validity_date_raw,string,DATE,3135,3135,0,0,744,2391,100.0,100.0,0.0,NO,05-FEB-27 00:00:00 || 21-APR-27 00:00:00 || 31-JUL-27 00:00:00
F040,data__raw__fmcs_all_fmcs_list_raw.csv,data__raw__fmcs_all_fmcs_list_raw,5,standard_no_raw,standard_no_raw,string,IS_NUMBER,3135,3135,0,0,423,2712,100.0,100.0,0.0,NO,IS 21 : 1992 || IS 27:2023 || IS 269 : 2015
F040,data__raw__fmcs_all_fmcs_list_raw.csv,data__raw__fmcs_all_fmcs_list_raw,6,status_raw,status_raw,string,UNCLASSIFIED_STRING,3135,3135,0,0,3,3132,100.0,100.0,0.0,NO,Operative || Deferred || Under Stop Marking
F040,data__raw__fmcs_all_fmcs_list_raw.csv,data__raw__fmcs_all_fmcs_list_raw,7,variety_brand_raw,variety_brand_raw,string,PRODUCT_NAME,3135,3135,0,0,2325,810,100.0,100.0,0.635,YES,a. Name of Product: Wrought Aluminium and Aluminium Alloys for Manufac || Name of the product: Primary Lead Grade: Pb99.995 : || Ordinary Portland Cement - 53 Grade and 43 Grade :
F040,data__raw__fmcs_all_fmcs_list_raw.csv,data__raw__fmcs_all_fmcs_list_raw,8,source_URL,source_url,url,SOURCE_URL,3135,3135,0,0,1,3134,100.0,100.0,0.0,NO,https://www.services.bis.gov.in/php/BIS_2.0/fmcs/All_fmcs_list.php
F040,data__raw__fmcs_all_fmcs_list_raw.csv,data__raw__fmcs_all_fmcs_list_raw,9,retrieved_at,retrieved_at,date,DATE,3135,3135,0,0,1,3134,100.0,100.0,0.0,NO,2026-08-31
F041,output__extraction_log.csv,output__extraction_log,1,url,url,string,URL,12,12,0,0,12,0,100.0,100.0,0.0,NO,https://www.bis.gov.in/fmcs/ || BATCH: 16 FMCS section pages in a single request || https://www.bis.gov.in/* (all bis.gov.in fetches)
F041,output__extraction_log.csv,output__extraction_log,2,error_type,error_type,string,MISSING_REASON,12,12,0,0,9,3,100.0,100.0,0.0,NO,REDIRECT_TO_UNINTENDED_LANGUAGE || TOOL_TIMEOUT || CROSS_ORIGIN_FETCH_FAILURE
F041,output__extraction_log.csv,output__extraction_log,3,timestamp,timestamp,date,DATE,12,12,0,0,1,11,100.0,100.0,0.0,NO,2026-08-31
F041,output__extraction_log.csv,output__extraction_log,4,retry_count,retry_count,int,PROVENANCE_META,12,12,0,0,2,10,100.0,100.0,0.0,NO,0 || 1
F041,output__extraction_log.csv,output__extraction_log,5,outcome,outcome,string,STATUS,12,12,0,0,6,6,100.0,100.0,0.0,NO,RESOLVED || UNRESOLVED_AT_SOURCE || ABANDONED_THIS_PASS
F041,output__extraction_log.csv,output__extraction_log,6,notes,notes,string,DESCRIPTIVE_TEXT,12,12,0,0,12,0,100.0,100.0,0.917,YES,"Requesting /fmcs/ redirected to ?lang=hi and served Hindi content. All || One batched in-page fetch of all 16 FMCS pages with 400 ms delays exce || After the timeout the automation context was left on about:blank, so e"
F042,output__fmcs_country_coverage.csv,output__fmcs_country_coverage,1,country,country,string,COUNTRY,74,74,0,0,74,0,100.0,100.0,0.014,NO,Albania || Australia || Austria
F042,output__fmcs_country_coverage.csv,output__fmcs_country_coverage,2,manufacturer_count,manufacturer_count,int,NUMERIC_OR_COUNT,74,74,0,0,36,38,100.0,100.0,0.0,NO,2 || 1 || 20
F042,output__fmcs_country_coverage.csv,output__fmcs_country_coverage,3,licence_count,licence_count,int,NUMERIC_OR_COUNT,74,74,0,0,39,35,100.0,100.0,0.0,NO,2 || 1 || 23
F043,output__fmcs_is_coverage.csv,output__fmcs_is_coverage,1,IS_number,is_number,string,IS_NUMBER,423,423,0,0,423,0,100.0,100.0,0.002,NO,IS 10116 : 2015 || IS 10151 : 1982 || IS 10325 : 2000
F043,output__fmcs_is_coverage.csv,output__fmcs_is_coverage,2,manufacturer_count,manufacturer_count,int,NUMERIC_OR_COUNT,423,423,0,0,42,381,100.0,100.0,0.0,NO,1 || 2 || 4
F043,output__fmcs_is_coverage.csv,output__fmcs_is_coverage,3,licence_count,licence_count,int,NUMERIC_OR_COUNT,423,423,0,0,40,383,100.0,100.0,0.0,NO,1 || 2 || 4
F044,output__source_inventory.csv,output__source_inventory,1,url,url,url,URL,46,46,0,0,45,1,100.0,100.0,0.0,NO,https://www.services.bis.gov.in/php/BIS_2.0/fmcs/All_fmcs_list.php || https://www.bis.gov.in/fmcs/?lang=en || https://www.bis.gov.in/fmcs/fmcs-overview/?lang=en
F044,output__source_inventory.csv,output__source_inventory,2,source_type,source_type,string,PROVENANCE_META,46,46,0,0,4,42,100.0,100.0,0.0,NO,OFFICIAL_DATABASE || OFFICIAL_WEBPAGE || OFFICIAL_DOCUMENT
F044,output__source_inventory.csv,output__source_inventory,3,source_title,source_title,string,PROVENANCE_META,46,46,0,0,46,0,100.0,100.0,0.0,NO,All FMCS list || FMCS landing page || Overview - FMCS
F044,output__source_inventory.csv,output__source_inventory,4,http_status,http_status,int,STATUS,46,46,0,0,1,45,100.0,100.0,0.0,NO,200
F044,output__source_inventory.csv,output__source_inventory,5,content_type,content_type,string,PROVENANCE_META,46,46,0,0,3,43,100.0,100.0,0.043,NO,text/html || application/pdf || text/html; charset=UTF-8
F044,output__source_inventory.csv,output__source_inventory,6,bytes,bytes,int,PROVENANCE_META,46,46,0,19,21,6,100.0,58.7,0.0,NO,910009 || 8754 || 8284
F044,output__source_inventory.csv,output__source_inventory,7,last_modified,last_modified,string,UNCLASSIFIED_STRING,46,46,0,21,8,17,100.0,54.35,1.0,YES,"Mon, 29 Jun 2026 12:27:55 GMT || Mon, 29 Jun 2026 12:28:43 GMT || Mon, 29 Jun 2026 12:27:56 GMT"
F044,output__source_inventory.csv,output__source_inventory,8,sha256,sha256,string,CONTENT_HASH,46,46,0,21,20,5,100.0,54.35,0.0,NO,3d15850b2863091ffe20a18183ca33332ded340c30fe3b6b57c3cf5a499c69a7 || 9a54cdabe41f30ce52859eaa7b65f41bb6c62031bc60abd8153bc0356523a221 || 4cd322f2e886902d822522de29fb3e39184f0d8c8f6e5e3c225c19fb67065563
F044,output__source_inventory.csv,output__source_inventory,9,dedup_status,dedup_status,string,STATUS,46,46,0,0,4,42,100.0,100.0,0.0,NO,PRIMARY || CANONICAL || DUPLICATE_BYTE_IDENTICAL
F044,output__source_inventory.csv,output__source_inventory,10,canonical_document_id,canonical_document_id,string,PRIMARY_KEY_ID,46,46,0,19,22,5,100.0,58.7,0.0,NO,DOC-FMCS-FORM-V-APPLICATION || DOC-FMCS-FORM-VI-AIR-NOMINATION || DOC-FMCS-NOMINATION-FORM
F044,output__source_inventory.csv,output__source_inventory,11,retrieved_at,retrieved_at,date,DATE,46,46,0,0,1,45,100.0,100.0,0.0,NO,2026-08-31
F044,output__source_inventory.csv,output__source_inventory,12,notes,notes,string,DESCRIPTIVE_TEXT,46,46,0,8,31,7,100.0,82.61,0.868,YES,Client-side jQuery DataTable; entire result set (3135 rows) delivered  || Root of the FMCS section; ?lang=en required because /fmcs/ redirects t || States licence can be granted for all products for which an Indian Sta
F045,output__topic18_fmcs_manufacturers.csv,output__topic18_fmcs_manufacturers,1,manufacturer_id,manufacturer_id,string,LICENCE_IDENTITY,3135,3135,0,0,3135,0,100.0,100.0,0.0,NO,FMCS-CML-4100295185 || FMCS-CML-4100331668 || FMCS-CML-4006840
F045,output__topic18_fmcs_manufacturers.csv,output__topic18_fmcs_manufacturers,2,manufacturer,manufacturer,string,AUTHORITY_OR_PARTY,3135,3135,0,0,2312,823,100.0,100.0,0.143,NO,"Meyer Aluminium (Thailand) Co. Ltd. || Korea Zinc Co., Ltd. Onsan Complex || Crown Cement PLC"
F045,output__topic18_fmcs_manufacturers.csv,output__topic18_fmcs_manufacturers,3,country,country,string,COUNTRY,3135,3135,0,0,74,3061,100.0,100.0,0.0,NO,Thailand || South Korea || Bangladesh
F045,output__topic18_fmcs_manufacturers.csv,output__topic18_fmcs_manufacturers,4,factory,factory,mixed(date|string),ADDRESS,3135,3135,0,2,2860,273,100.0,99.94,0.898,YES,"38/32 Moo 5, Laem Chabang Industrial Estate, Sriracha, Chonburi || 139, Ljin-ro, Onsan-eup, Ulju-gun, Ulsan || West Mukterpur, Dhaka"
F045,output__topic18_fmcs_manufacturers.csv,output__topic18_fmcs_manufacturers,5,IS_number,is_number,string,IS_NUMBER,3135,3135,0,0,423,2712,100.0,100.0,0.0,NO,IS 21 : 1992 || IS 27:2023 || IS 269 : 2015
F045,output__topic18_fmcs_manufacturers.csv,output__topic18_fmcs_manufacturers,6,product,product,string,PRODUCT_NAME,3135,3135,0,106,2324,705,100.0,96.62,0.653,YES,a. Name of Product: Wrought Aluminium and Aluminium Alloys for Manufac || Name of the product: Primary Lead Grade: Pb99.995 : || Ordinary Portland Cement - 53 Grade and 43 Grade :
F045,output__topic18_fmcs_manufacturers.csv,output__topic18_fmcs_manufacturers,7,eligibility,eligibility,string,FREE_TEXT,3135,3135,0,0,1,3134,100.0,100.0,1.0,YES,"The manufacturers, which have their factory location outside India can || The manufacturers, which have their factory location outside India can || The manufacturers, which have their factory location outside India can"
F045,output__topic18_fmcs_manufacturers.csv,output__topic18_fmcs_manufacturers,8,machinery_requirements,machinery_requirements,string,FREE_TEXT,3135,3135,0,0,1,3134,100.0,100.0,1.0,YES,have all manufacturing machineries/facilities at their factory premise || have all manufacturing machineries/facilities at their factory premise || have all manufacturing machineries/facilities at their factory premise
F045,output__topic18_fmcs_manufacturers.csv,output__topic18_fmcs_manufacturers,9,testing_facilities,testing_facilities,string,LAB_CAPABILITY,3135,3135,0,0,1,3134,100.0,100.0,1.0,YES,have all arrangements/equipments in their factory premises for testing || have all arrangements/equipments in their factory premises for testing || have all arrangements/equipments in their factory premises for testing
F045,output__topic18_fmcs_manufacturers.csv,output__topic18_fmcs_manufacturers,10,competent_personnel,competent_personnel,string,FREE_TEXT,3135,3135,0,0,1,3134,100.0,100.0,1.0,YES,have competent testing personnel in their lab to test the product(s) a || have competent testing personnel in their lab to test the product(s) a || have competent testing personnel in their lab to test the product(s) a
F045,output__topic18_fmcs_manufacturers.csv,output__topic18_fmcs_manufacturers,11,AIR,air,string,FREE_TEXT,3135,3135,0,0,1,3134,100.0,100.0,1.0,YES,The Authorized Indian Representative (AIR) shall be an Indian resident || The Authorized Indian Representative (AIR) shall be an Indian resident || The Authorized Indian Representative (AIR) shall be an Indian resident
F045,output__topic18_fmcs_manufacturers.csv,output__topic18_fmcs_manufacturers,12,application_requirements,application_requirements,string,FREE_TEXT,3135,3135,0,0,1,3134,100.0,100.0,1.0,YES,Fill-up the prescribed Application Form alongwith necessary documentat || Fill-up the prescribed Application Form alongwith necessary documentat || Fill-up the prescribed Application Form alongwith necessary documentat
F045,output__topic18_fmcs_manufacturers.csv,output__topic18_fmcs_manufacturers,13,fees,fees,string,FEE,3135,3135,0,0,1,3134,100.0,100.0,1.0,YES,Applicant would be required to pay licence fee; advance minimum markin || Applicant would be required to pay licence fee; advance minimum markin || Applicant would be required to pay licence fee; advance minimum markin
F045,output__topic18_fmcs_manufacturers.csv,output__topic18_fmcs_manufacturers,14,licence,licence,int,LICENCE_IDENTITY,3135,3135,0,0,3135,0,100.0,100.0,0.0,NO,4100295185 || 4100331668 || 4006840
F045,output__topic18_fmcs_manufacturers.csv,output__topic18_fmcs_manufacturers,15,licence_status,licence_status,string,STATUS,3135,3135,0,0,3,3132,100.0,100.0,0.0,NO,Operative || Deferred || Under Stop Marking
F045,output__topic18_fmcs_manufacturers.csv,output__topic18_fmcs_manufacturers,16,documents,documents,string,FREE_TEXT,3135,3135,0,0,1,3134,100.0,100.0,0.0,NO,DOC-FMCS-FORM-V-APPLICATION;DOC-FMCS-FORM-VI-AIR-NOMINATION;DOC-FMCS-N || DOC-FMCS-FORM-V-APPLICATION;DOC-FMCS-FORM-VI-AIR-NOMINATION;DOC-FMCS-N || DOC-FMCS-FORM-V-APPLICATION;DOC-FMCS-FORM-VI-AIR-NOMINATION;DOC-FMCS-N
F045,output__topic18_fmcs_manufacturers.csv,output__topic18_fmcs_manufacturers,17,source_URL,source_url,url,SOURCE_URL,3135,3135,0,0,1,3134,100.0,100.0,0.0,NO,https://www.services.bis.gov.in/php/BIS_2.0/fmcs/All_fmcs_list.php
F046,output__topic19_official_documents.csv,output__topic19_official_documents,1,document_id,document_id,string,PRIMARY_KEY_ID,22,22,0,0,22,0,100.0,100.0,0.0,NO,DOC-FMCS-FORM-V-APPLICATION || DOC-FMCS-FORM-VI-AIR-NOMINATION || DOC-FMCS-NOMINATION-FORM
F046,output__topic19_official_documents.csv,output__topic19_official_documents,2,document_title,document_title,string,TITLE,22,22,0,0,22,0,100.0,100.0,0.091,NO,Application for grant of licence (Form V) || Nomination of Authorized Indian Representative (AIR) - Form VI || Form for Nomination
F046,output__topic19_official_documents.csv,output__topic19_official_documents,3,document_type,document_type,string,CATEGORY,22,22,0,0,5,17,100.0,100.0,0.0,NO,Application Form || FMCS Form || Official licence-related document
F046,output__topic19_official_documents.csv,output__topic19_official_documents,4,IS_number,is_number,empty,IS_NUMBER,22,22,0,22,0,0,100.0,0.0,0.0,NO,
F046,output__topic19_official_documents.csv,output__topic19_official_documents,5,product,product,empty,PRODUCT_NAME,22,22,0,22,0,0,100.0,0.0,0.0,NO,
F046,output__topic19_official_documents.csv,output__topic19_official_documents,6,scheme,scheme,string,SCHEME_NAME,22,22,0,0,1,21,100.0,100.0,1.0,YES,"FMCS - Scheme-I (BIS (Conformity Assessment) Regulations, 2018)"
F046,output__topic19_official_documents.csv,output__topic19_official_documents,7,QCO,qco,empty,QCO_REFERENCE,22,22,0,22,0,0,100.0,0.0,0.0,NO,
F046,output__topic19_official_documents.csv,output__topic19_official_documents,8,version,version,empty,EMPTY_COLUMN,22,22,0,22,0,0,100.0,0.0,0.0,NO,
F046,output__topic19_official_documents.csv,output__topic19_official_documents,9,date,date,empty,DATE,22,22,0,22,0,0,100.0,0.0,0.0,NO,
F046,output__topic19_official_documents.csv,output__topic19_official_documents,10,effective_date,effective_date,empty,EFFECTIVE_DATE,22,22,0,22,0,0,100.0,0.0,0.0,NO,
F046,output__topic19_official_documents.csv,output__topic19_official_documents,11,source_URL,source_url,url,SOURCE_URL,22,22,0,0,8,14,100.0,100.0,0.0,NO,https://www.bis.gov.in/fmcs/forms-and-formats/?lang=en || https://www.bis.gov.in/fmcs/certification-process/nomination-of-air/?l || https://www.bis.gov.in/fmcs/renewal-of-licence/?lang=en
F046,output__topic19_official_documents.csv,output__topic19_official_documents,12,download_URL,download_url,url,DOCUMENT_URL,22,22,0,0,21,1,100.0,100.0,0.0,NO,https://www.bis.gov.in/wp-content/uploads/2019/04/Application-Form-V.p || https://www.bis.gov.in/wp-content/uploads/2019/04/AIR1-Form-VI.pdf || https://www.bis.gov.in/wp-content/uploads/2018/11/FormforNomination.pd
F046,output__topic19_official_documents.csv,output__topic19_official_documents,13,local_file,local_file,empty,EMPTY_COLUMN,22,22,0,22,0,0,100.0,0.0,0.0,NO,
F046,output__topic19_official_documents.csv,output__topic19_official_documents,14,SHA256,sha256,string,CONTENT_HASH,22,22,0,2,20,0,100.0,90.91,0.0,NO,3d15850b2863091ffe20a18183ca33332ded340c30fe3b6b57c3cf5a499c69a7 || 9a54cdabe41f30ce52859eaa7b65f41bb6c62031bc60abd8153bc0356523a221 || 4cd322f2e886902d822522de29fb3e39184f0d8c8f6e5e3c225c19fb67065563
F046,output__topic19_official_documents.csv,output__topic19_official_documents,15,page_count,page_count,int,NUMERIC_OR_COUNT,22,22,0,2,6,14,100.0,90.91,0.0,NO,2 || 1 || 6
F046,output__topic19_official_documents.csv,output__topic19_official_documents,16,access_status,access_status,string,STATUS,22,22,0,0,2,20,100.0,100.0,0.0,NO,ACCESSIBLE_NOT_DOWNLOADED || NOT_FOUND
F046,output__topic19_official_documents.csv,output__topic19_official_documents,17,license/access_restriction,license_access_restriction,string,FREE_TEXT,22,22,0,2,1,19,100.0,90.91,1.0,YES,publicly accessible; retrieved over HTTPS without login; no explicit l || publicly accessible; retrieved over HTTPS without login; no explicit l || publicly accessible; retrieved over HTTPS without login; no explicit l
F047,output__topic20_provenance.csv,output__topic20_provenance,1,record_id,record_id,string,PRIMARY_KEY_ID,44154,44154,0,0,3157,40997,100.0,100.0,0.0,NO,FMCS-CML-4100295185 || FMCS-CML-4100331668 || FMCS-CML-4006840
F047,output__topic20_provenance.csv,output__topic20_provenance,2,entity_type,entity_type,string,CATEGORY,44154,44154,0,0,2,44152,100.0,100.0,0.0,NO,fmcs_manufacturer || official_document
F047,output__topic20_provenance.csv,output__topic20_provenance,3,field_name,field_name,string,CATEGORY,44154,44154,0,0,24,44130,100.0,100.0,0.0,NO,manufacturer || country || factory
F047,output__topic20_provenance.csv,output__topic20_provenance,4,field_value,field_value,mixed(int|string),FREE_TEXT,44154,44154,0,240,11191,32723,100.0,99.46,0.623,YES,"Meyer Aluminium (Thailand) Co. Ltd. || Thailand || 38/32 Moo 5, Laem Chabang Industrial Estate, Sriracha, Chonburi"
F047,output__topic20_provenance.csv,output__topic20_provenance,5,source_URL,source_url,url,SOURCE_URL,44154,44154,0,0,10,44144,100.0,100.0,0.0,NO,https://www.services.bis.gov.in/php/BIS_2.0/fmcs/All_fmcs_list.php || https://www.bis.gov.in/fmcs/certification-process/who-can-apply/?lang= || https://www.bis.gov.in/fmcs/certification-process/who-can-apply/?lang=
F047,output__topic20_provenance.csv,output__topic20_provenance,6,source_title,source_title,string,PROVENANCE_META,44154,44154,0,0,10,44144,100.0,100.0,0.0,NO,All FMCS list || Who can apply - FMCS || Nomination of AIR - FMCS
F047,output__topic20_provenance.csv,output__topic20_provenance,7,source_type,source_type,string,PROVENANCE_META,44154,44154,0,0,3,44151,100.0,100.0,0.0,NO,OFFICIAL_DATABASE || OFFICIAL_WEBPAGE || OFFICIAL_DOCUMENT
F047,output__topic20_provenance.csv,output__topic20_provenance,8,document_id,document_id,string,PRIMARY_KEY_ID,44154,44154,0,43890,22,242,100.0,0.6,0.0,NO,DOC-FMCS-FORM-V-APPLICATION || DOC-FMCS-FORM-VI-AIR-NOMINATION || DOC-FMCS-NOMINATION-FORM
F047,output__topic20_provenance.csv,output__topic20_provenance,9,document_title,document_title,string,TITLE,44154,44154,0,43890,22,242,100.0,0.6,0.091,NO,Application for grant of licence (Form V) || Nomination of Authorized Indian Representative (AIR) - Form VI || Form for Nomination
F047,output__topic20_provenance.csv,output__topic20_provenance,10,page,page,empty,DOC_LOCATOR,44154,44154,0,44154,0,0,100.0,0.0,0.0,NO,
F047,output__topic20_provenance.csv,output__topic20_provenance,11,section,section,string,DOC_LOCATOR,44154,44154,0,154,14,43986,100.0,99.65,0.143,NO,"Table column: Name & Address || Table column: Name & Address, Country line || Table column: Name & Address, Address and City lines"
F047,output__topic20_provenance.csv,output__topic20_provenance,12,clause,clause,string,DOC_LOCATOR,44154,44154,0,41019,1,3134,100.0,7.1,0.0,NO,a) to j)
F047,output__topic20_provenance.csv,output__topic20_provenance,13,version,version,string,IS_NUMBER,44154,44154,0,41019,423,2712,100.0,7.1,0.0,NO,IS 21 : 1992 || IS 27:2023 || IS 269 : 2015
F047,output__topic20_provenance.csv,output__topic20_provenance,14,effective_date,effective_date,string,EFFECTIVE_DATE,44154,44154,0,15939,748,27467,100.0,63.9,0.777,YES,"05-FEB-27 00:00:00 || Last Updated on December 23, 2025 || Last Updated on February 5, 2026"
F047,output__topic20_provenance.csv,output__topic20_provenance,15,document_hash,document_hash,string,CONTENT_HASH,44154,44154,0,43914,20,220,100.0,0.54,0.0,NO,3d15850b2863091ffe20a18183ca33332ded340c30fe3b6b57c3cf5a499c69a7 || 9a54cdabe41f30ce52859eaa7b65f41bb6c62031bc60abd8153bc0356523a221 || 4cd322f2e886902d822522de29fb3e39184f0d8c8f6e5e3c225c19fb67065563
F047,output__topic20_provenance.csv,output__topic20_provenance,16,retrieval_timestamp,retrieval_timestamp,date,DATE,44154,44154,0,0,1,44153,100.0,100.0,0.0,NO,2026-08-31T00:00:00Z
F047,output__topic20_provenance.csv,output__topic20_provenance,17,evidence_text,evidence_text,string,PROVENANCE_META,44154,44154,0,0,8911,35243,100.0,100.0,0.553,YES,"Name & Address cell: Meyer Aluminium (Thailand) Co. Ltd., | Address :  || Country : Thailand || Name & Address cell: Meyer Aluminium (Thailand) Co. Ltd., | Address : "
F047,output__topic20_provenance.csv,output__topic20_provenance,18,verification_status,verification_status,string,STATUS,44154,44154,0,0,4,44150,100.0,100.0,0.0,NO,VERIFIED_OFFICIAL_DATABASE || VERIFIED_OFFICIAL || UNVERIFIED
F047,output__topic20_provenance.csv,output__topic20_provenance,19,confidence,confidence,string,PROVENANCE_META,44154,44154,0,0,3,44151,100.0,100.0,0.0,NO,HIGH || MEDIUM || LOW
F048,output__unresolved_records.csv,output__unresolved_records,1,record_id,record_id,string,PRIMARY_KEY_ID,22,22,0,0,14,8,100.0,100.0,0.0,NO,ALL-FMCS-RECORDS || 106-FMCS-RECORDS || 2-FMCS-RECORDS
F048,output__unresolved_records.csv,output__unresolved_records,2,entity_type,entity_type,string,CATEGORY,22,22,0,0,4,18,100.0,100.0,0.0,NO,fmcs_manufacturer || official_document || provenance
F048,output__unresolved_records.csv,output__unresolved_records,3,field_name,field_name,string,CATEGORY,22,22,0,0,16,6,100.0,100.0,0.0,NO,AIR || fees || machinery_requirements
F048,output__unresolved_records.csv,output__unresolved_records,4,reason,reason,string,MISSING_REASON,22,22,0,0,22,0,100.0,100.0,0.864,YES,BIS does not publish the identity of the Authorized Indian Representat || BIS does not publish the fee actually paid or assessed for an individu || Product-specific and per-factory machinery is declared by the applican
F048,output__unresolved_records.csv,output__unresolved_records,5,attempted_source_URL,attempted_source_url,url,URL,22,22,0,3,7,12,100.0,86.36,0.0,NO,https://www.services.bis.gov.in/php/BIS_2.0/fmcs/All_fmcs_list.php || https://www.bis.gov.in/fmcs/fmcs-fee/?lang=en || https://www.bis.gov.in/fmcs/certification-process/who-can-apply/?lang=
F048,output__unresolved_records.csv,output__unresolved_records,6,resolution_needed,resolution_needed,string,MISSING_REASON,22,22,0,0,20,2,100.0,100.0,0.545,YES,Requires a BIS source that publishes AIR per licence; none found on of || Per-licence fee is not public information; leave as scheme-level || Would require the IS-specific Product Manual / Scheme of Inspection an
