pair_id,file_a,sheet_a,file_id_a,file_b,sheet_b,file_id_b,domain_a,domain_b,phase1_candidate_group,rows_a,rows_b,columns_a,columns_b,common_columns,unique_columns_a,unique_columns_b,column_jaccard,schema_verdict,common_rows,unique_rows_a,unique_rows_b,row_jaccard,similarity_score,projection_width,row_metric_reliability,identical_bytes,identical_row_multiset,identical_row_order,common_IS_numbers,unique_IS_numbers_a,unique_IS_numbers_b,IS_jaccard,common_products,unique_products_a,unique_products_b,product_jaccard,common_qcos,unique_qcos_a,unique_qcos_b,common_schemes,unique_schemes_a,unique_schemes_b,scheme_jaccard,common_labs,common_documents,entity_jaccard_max,common_urls,unique_urls_a,unique_urls_b,years_a,years_b,populated_cells_a,populated_cells_b,record_key_column,key_candidates,key_selection_note,entity_identity_verdict,common_records_by_key,unique_records_a_by_key,unique_records_b_by_key,record_key_jaccard,sample_records_only_in_a,sample_records_only_in_b,is_columns_a,is_columns_b,conflicts,conflicting_columns,unique_rows_a_1based,unique_rows_b_1based,common_column_list,unique_a_list,unique_b_list,sample_unique_is_a,sample_unique_is_b,sample_unique_scheme_a,sample_unique_scheme_b
DC-0000,05_scheme_ii.csv,05_scheme_ii,F001,06_scheme_iv.csv,06_scheme_iv,F002,05_SCHEME_II_CRS,06_SCHEME_IV_COC,SINGLETON,78,6,22,23,21,1,2,0.875,SCHEMA_SUBSTANTIALLY_IDENTICAL,0,78,6,0.0,0.3062,21,RELIABLE,NO,NO,NO,0,27,4,0.0,0,98,4,0.0,0,0,0,0,2,2,0.0,0,0,0.0,0,1,3,2026,2026,1621,127,scheme_record_id,scheme_record_id,"NO_SHARED_KEY_VALUES; candidates unique per file but disjoint (scheme_record_id) - identity must be re-derived in Phase 3 from entity columns, NOT from these surrogates",KEY_DISJOINT_NO_ENTITY_EVIDENCE,0,78,6,0.0,schii-0001; schii-0002; schii-0003; schii-0004; schii-0005; schii-0006 …(+72),schiv-0001; schiv-0002; schiv-0003; schiv-0004; schiv-0005; schiv-0006,canonical_is_number; display_is_number; raw_is_number; standard_year,canonical_is_number; display_is_number; raw_is_number; standard_year,0,,10; 11; 12; 13; 14; 15; 16; 17; 18; 19; 2; 20; 21; 22; 23; 24; 25; 26; 27; 28; 29; 3; 30; 31; 32 …(+53),2; 3; 4; 5; 6; 7,canonical_is_number; certification_type; display_is_number; extraction_method; mandatory_voluntary; missing_reason; notification_reference; notified_by; product_name; raw_is_number; record_status; retrieval_timestamp; scheme_id; scheme_label; scheme_record_id; scraper_engine; source_id; source_url; sr_no; standard_year; title,table_caption,notification_document_url; specific_requirement,IS 10322 (Part 5); IS 10322 (Part 5) (Sec 9); IS 12171; IS 14286; IS 15885 (Part 2); IS 16046; IS 16077; IS 16102 (Part 1) …(+19),IS 10613; IS 16585; IS 3024; IS 648,scheme ii; scheme ii registration scheme,scheme iv; scheme iv grant of certificate of conformity
DC-0001,05_scheme_ii.csv,05_scheme_ii,F001,07_scheme_x.csv,07_scheme_x,F003,05_SCHEME_II_CRS,07_SCHEME_X,SINGLETON,78,52,22,23,21,1,2,0.875,SCHEMA_SUBSTANTIALLY_IDENTICAL,0,78,52,0.0,0.3062,21,RELIABLE,NO,NO,NO,0,27,6,0.0,0,98,77,0.0,0,0,0,0,2,4,0.0,0,0,0.0,0,1,9,2026,2026,1621,1049,scheme_record_id,scheme_record_id,"NO_SHARED_KEY_VALUES; candidates unique per file but disjoint (scheme_record_id) - identity must be re-derived in Phase 3 from entity columns, NOT from these surrogates",KEY_DISJOINT_NO_ENTITY_EVIDENCE,0,78,52,0.0,schii-0001; schii-0002; schii-0003; schii-0004; schii-0005; schii-0006 …(+72),schx-0001; schx-0002; schx-0003; schx-0004; schx-0005; schx-0006 …(+46),canonical_is_number; display_is_number; raw_is_number; standard_year,canonical_is_number; display_is_number; raw_is_number; standard_year,0,,10; 11; 12; 13; 14; 15; 16; 17; 18; 19; 2; 20; 21; 22; 23; 24; 25; 26; 27; 28; 29; 3; 30; 31; 32 …(+53),10; 11; 12; 13; 14; 15; 16; 17; 18; 19; 2; 20; 21; 22; 23; 24; 25; 26; 27; 28; 29; 3; 30; 31; 32 …(+27),canonical_is_number; certification_type; display_is_number; extraction_method; mandatory_voluntary; missing_reason; notification_reference; notified_by; product_name; raw_is_number; record_status; retrieval_timestamp; scheme_id; scheme_label; scheme_record_id; scraper_engine; source_id; source_url; sr_no; standard_year; title,table_caption,notification_document_url; specific_requirement,IS 10322 (Part 5); IS 10322 (Part 5) (Sec 9); IS 12171; IS 14286; IS 15885 (Part 2); IS 16046; IS 16077; IS 16102 (Part 1) …(+19),IS 16189; IS/IEC 60947; IS/IEC 60947 (Part 2); IS/IEC 60947 (Part 3); IS/IEC 60947 (Part 4); IS/IEC 60947 (Part 5),scheme ii; scheme ii registration scheme,electrical equipment covered under omnibus technical regulation; machinery; scheme x; scheme x certification
DC-0002,05_scheme_ii.csv,05_scheme_ii,F001,BIS_Schemes_Master_Scheme_2.xlsx,BIS_Schemes_Master_Scheme_2,F025,05_SCHEME_II_CRS,05_SCHEME_II_CRS,SINGLETON / NAMECAND-005,78,40,22,14,4,18,10,0.125,SCHEMA_WEAK_OVERLAP,0,78,40,0.0,0.0437,4,LOW_PROJECTION_WIDTH,NO,NO,NO,0,27,0,0.0,1,97,73,0.0058,0,0,14,0,2,4,0.0,0,0,0.0058,0,1,0,2026,,1621,560,,,,NO_KEY_AVAILABLE,-1,-1,-1,0.0,NO_SHARED_RECORD_KEY,NO_SHARED_RECORD_KEY,canonical_is_number; display_is_number; raw_is_number; standard_year,,0,,10; 11; 12; 13; 14; 15; 16; 17; 18; 19; 2; 20; 21; 22; 23; 24; 25; 26; 27; 28; 29; 3; 30; 31; 32 …(+53),10; 11; 12; 13; 14; 15; 16; 17; 18; 19; 2; 20; 21; 22; 23; 24; 25; 26; 27; 28; 29; 3; 30; 31; 32 …(+15),certification_type; mandatory_voluntary; scheme_id; source_url,canonical_is_number; display_is_number; extraction_method; missing_reason; notification_reference; notified_by; product_name; raw_is_number; record_status; retrieval_timestamp; scheme_label; scheme_record_id; scraper_engine; source_id; sr_no …(+3),is; product; related_product_manual; related_qco; related_sit; requirements; scheme_code; scheme_name; scheme_type; scope,IS 10322 (Part 5); IS 10322 (Part 5) (Sec 9); IS 12171; IS 14286; IS 15885 (Part 2); IS 16046; IS 16077; IS 16102 (Part 1) …(+19),,scheme ii; scheme ii registration scheme,product certification; registration; sch ii; scheme ii conformity assessment
DC-0003,06_scheme_iv.csv,06_scheme_iv,F002,07_scheme_x.csv,07_scheme_x,F003,06_SCHEME_IV_COC,07_SCHEME_X,SINGLETON,6,52,23,23,23,0,0,1.0,SCHEMA_IDENTICAL,0,6,52,0.0,0.35,23,RELIABLE,NO,NO,NO,0,4,6,0.0,0,4,77,0.0,0,0,0,0,2,4,0.0,0,0,0.0,0,3,9,2026,2026,127,1049,scheme_record_id,scheme_record_id,"NO_SHARED_KEY_VALUES; candidates unique per file but disjoint (scheme_record_id) - identity must be re-derived in Phase 3 from entity columns, NOT from these surrogates",KEY_DISJOINT_NO_ENTITY_EVIDENCE,0,6,52,0.0,schiv-0001; schiv-0002; schiv-0003; schiv-0004; schiv-0005; schiv-0006,schx-0001; schx-0002; schx-0003; schx-0004; schx-0005; schx-0006 …(+46),canonical_is_number; display_is_number; raw_is_number; standard_year,canonical_is_number; display_is_number; raw_is_number; standard_year,0,,2; 3; 4; 5; 6; 7,10; 11; 12; 13; 14; 15; 16; 17; 18; 19; 2; 20; 21; 22; 23; 24; 25; 26; 27; 28; 29; 3; 30; 31; 32 …(+27),canonical_is_number; certification_type; display_is_number; extraction_method; mandatory_voluntary; missing_reason; notification_document_url; notification_reference; notified_by; product_name; raw_is_number; record_status; retrieval_timestamp; scheme_id; scheme_label; scheme_record_id; scraper_engine; source_id; source_url; specific_requirement; sr_no; standard_year; title,,,IS 10613; IS 16585; IS 3024; IS 648,IS 16189; IS/IEC 60947; IS/IEC 60947 (Part 2); IS/IEC 60947 (Part 3); IS/IEC 60947 (Part 4); IS/IEC 60947 (Part 5),scheme iv; scheme iv grant of certificate of conformity,electrical equipment covered under omnibus technical regulation; machinery; scheme x; scheme x certification
DC-0004,07_scheme_x.csv,07_scheme_x,F003,BIS_Scheme_X_Industrial.xlsx,BIS_Scheme_X,F022,07_SCHEME_X,07_SCHEME_X,SINGLETON / CONTENTDUP-002,52,5,23,14,4,19,10,0.1212,SCHEMA_WEAK_OVERLAP,0,52,5,0.0,0.0424,4,LOW_PROJECTION_WIDTH,NO,NO,NO,2,4,0,0.3333,1,76,33,0.0091,0,0,10,1,3,6,0.1,0,0,0.3333,1,8,0,2026,,1049,70,,,,SAME_ENTITIES_DIFFERENT_KEY_NAMESPACE,-1,-1,-1,0.0,NO_SHARED_RECORD_KEY,NO_SHARED_RECORD_KEY,canonical_is_number; display_is_number; raw_is_number; standard_year,is_number,0,,10; 11; 12; 13; 14; 15; 16; 17; 18; 19; 2; 20; 21; 22; 23; 24; 25; 26; 27; 28; 29; 3; 30; 31; 32 …(+27),2; 3; 4; 5; 6,certification_type; mandatory_voluntary; scheme_id; source_url,canonical_is_number; display_is_number; extraction_method; missing_reason; notification_document_url; notification_reference; notified_by; product_name; raw_is_number; record_status; retrieval_timestamp; scheme_label; scheme_record_id; scraper_engine; source_id …(+4),is_number; product; related_product_manual; related_qco; related_sit; requirements; scheme_code; scheme_name; scheme_type; scope,IS/IEC 60947 (Part 2); IS/IEC 60947 (Part 3); IS/IEC 60947 (Part 4); IS/IEC 60947 (Part 5),,electrical equipment covered under omnibus technical regulation; machinery; scheme x certification,bis scheme x certification imports; compulsory certification; electrical product regulation; heavy industrial; sch x bis; third party conformity assessment
DC-0005,07_scheme_x.csv,07_scheme_x,F003,BIS_Scheme_X_Industrial_v2.xlsx,BIS_Scheme_X,F023,07_SCHEME_X,07_SCHEME_X,SINGLETON / CONTENTDUP-002,52,5,23,14,4,19,10,0.1212,SCHEMA_WEAK_OVERLAP,0,52,5,0.0,0.0424,4,LOW_PROJECTION_WIDTH,NO,NO,NO,2,4,0,0.3333,1,76,33,0.0091,0,0,10,1,3,6,0.1,0,0,0.3333,1,8,0,2026,,1049,70,,,,SAME_ENTITIES_DIFFERENT_KEY_NAMESPACE,-1,-1,-1,0.0,NO_SHARED_RECORD_KEY,NO_SHARED_RECORD_KEY,canonical_is_number; display_is_number; raw_is_number; standard_year,is_number,0,,10; 11; 12; 13; 14; 15; 16; 17; 18; 19; 2; 20; 21; 22; 23; 24; 25; 26; 27; 28; 29; 3; 30; 31; 32 …(+27),2; 3; 4; 5; 6,certification_type; mandatory_voluntary; scheme_id; source_url,canonical_is_number; display_is_number; extraction_method; missing_reason; notification_document_url; notification_reference; notified_by; product_name; raw_is_number; record_status; retrieval_timestamp; scheme_label; scheme_record_id; scraper_engine; source_id …(+4),is_number; product; related_product_manual; related_qco; related_sit; requirements; scheme_code; scheme_name; scheme_type; scope,IS/IEC 60947 (Part 2); IS/IEC 60947 (Part 3); IS/IEC 60947 (Part 4); IS/IEC 60947 (Part 5),,electrical equipment covered under omnibus technical regulation; machinery; scheme x certification,bis scheme x certification imports; compulsory certification; electrical product regulation; heavy industrial; sch x bis; third party conformity assessment
DC-0006,BIS_Combined_Testing_Master.xlsx,Combined_Testing_Master,F005,BIS_Laboratory_Scopes.xlsx,BIS_Laboratory_Scopes,F007,10_TESTING,13_LAB_SERVICES,SINGLETON,260,45,12,12,3,9,9,0.1429,SCHEMA_WEAK_OVERLAP,0,260,45,0.0,0.05,3,LOW_PROJECTION_WIDTH,NO,NO,NO,40,6,4,0.8,0,0,60,0.0,0,0,0,0,0,0,0.0,0,0,0.8,0,0,32,,,3120,540,,,,SAME_ENTITIES_DIFFERENT_KEY_NAMESPACE,-1,-1,-1,0.0,NO_SHARED_RECORD_KEY,NO_SHARED_RECORD_KEY,method_standard,is_number,0,,10; 100; 101; 102; 103; 104; 105; 106; 107; 108; 109; 11; 110; 111; 112; 113; 114; 115; 116; 117; 118; 119; 12; 120; 121 …(+235),10; 11; 12; 13; 14; 15; 16; 17; 18; 19; 2; 20; 21; 22; 23; 24; 25; 26; 27; 28; 29; 3; 30; 31; 32 …(+20),clause; source_url; test_name,acceptance_criteria; frequency; method; method_standard; parameter; remarks; required_equipment; sample_size; test_id,capability; is_number; lab_id; product; scope_id; scope_status; scope_validity; test_method; testing_charge,IS 14900; IS 2553; IS/IEC 60947-2; IS/IEC 60947-3; IS/IEC 60947-4; IS/IEC 60947-5,IS/IEC 60947 (Part 2); IS/IEC 60947 (Part 3); IS/IEC 60947 (Part 4); IS/IEC 60947 (Part 5),,
DC-0007,BIS_Combined_Testing_Master.xlsx,Combined_Testing_Master,F005,BIS_Notifications_Master.xlsx,BIS_Notifications_Master,F009,10_TESTING,16_ACT_RULES_REGULATIONS,SINGLETON,260,31,12,14,1,11,13,0.04,SCHEMA_WEAK_OVERLAP,0,260,31,0.0,0.014,1,LOW_PROJECTION_WIDTH,NO,NO,NO,21,25,5,0.4118,0,0,0,0.0,0,0,20,0,0,0,0.0,0,0,0.4118,0,0,12,,,3120,434,,,,SAME_ENTITIES_DIFFERENT_KEY_NAMESPACE,-1,-1,-1,0.0,NO_SHARED_RECORD_KEY,NO_SHARED_RECORD_KEY,method_standard,related_is,0,,10; 100; 101; 102; 103; 104; 105; 106; 107; 108; 109; 11; 110; 111; 112; 113; 114; 115; 116; 117; 118; 119; 12; 120; 121 …(+235),10; 11; 12; 13; 14; 15; 16; 17; 18; 19; 2; 20; 21; 22; 23; 24; 25; 26; 27; 28; 29; 3; 30; 31; 32 …(+6),source_url,acceptance_criteria; clause; frequency; method; method_standard; parameter; remarks; required_equipment; sample_size; test_id; test_name,date; department; document_url; effective_date; ministry; notification_id; notification_number; related_amendment; related_is; related_qco; subject; title; type,IS 1489 (Part 1); IS 1489 (Part 2); IS 14900; IS 15844 (Part 1); IS 15844 (Part 2); IS 15844 (Part 3); IS 17043 (Part 1); IS 17043 (Part 2) …(+17),IS 1489; IS 15844; IS 17043; IS 9573; IS 9873,,
DC-0008,BIS_Combined_Testing_Master.xlsx,Combined_Testing_Master,F005,BIS_Product_Manuals_Master.xlsx,BIS_Product_Manuals,F010,10_TESTING,09_PRODUCT_MANUALS,SINGLETON,260,40,12,20,1,11,19,0.0323,SCHEMA_WEAK_OVERLAP,18,242,22,0.0638,0.0113,1,LOW_PROJECTION_WIDTH,NO,NO,NO,40,6,0,0.8696,0,0,50,0.0,0,0,0,0,0,1,0.0,0,0,0.8696,0,0,0,,,3120,795,,,,SAME_ENTITIES_DIFFERENT_KEY_NAMESPACE,-1,-1,-1,0.0,NO_SHARED_RECORD_KEY,NO_SHARED_RECORD_KEY,method_standard,is_number,0,,10; 100; 101; 102; 103; 104; 105; 106; 107; 108; 109; 11; 110; 111; 112; 113; 114; 115; 116; 117; 118; 119; 12; 120; 121 …(+217),,source_url,acceptance_criteria; clause; frequency; method; method_standard; parameter; remarks; required_equipment; sample_size; test_id; test_name,document_url; grouping_guidelines; inspection_requirements; is_number; licensing_requirements; manual_id; manual_title; marking_requirements; process_requirements; product; raw_material_requirements; revision_date; sampling_guidelines; scheme; scope …(+4),IS 14900; IS 2553; IS/IEC 60947-2; IS/IEC 60947-3; IS/IEC 60947-4; IS/IEC 60947-5,,,scheme i
DC-0009,BIS_Combined_Testing_Master.xlsx,Combined_Testing_Master,F005,BIS_Products_Details.xlsx,Products_Details,F011,10_TESTING,02_PRODUCTS,SINGLETON,260,40,12,11,1,11,10,0.0455,SCHEMA_WEAK_OVERLAP,0,260,40,0.0,0.0159,1,LOW_PROJECTION_WIDTH,NO,NO,NO,40,6,0,0.8696,0,0,88,0.0,0,0,15,0,0,1,0.0,0,0,0.8696,0,0,0,,,3120,440,,,,SAME_ENTITIES_DIFFERENT_KEY_NAMESPACE,-1,-1,-1,0.0,NO_SHARED_RECORD_KEY,NO_SHARED_RECORD_KEY,method_standard,related_is_numbers,0,,10; 100; 101; 102; 103; 104; 105; 106; 107; 108; 109; 11; 110; 111; 112; 113; 114; 115; 116; 117; 118; 119; 12; 120; 121 …(+235),10; 11; 12; 13; 14; 15; 16; 17; 18; 19; 2; 20; 21; 22; 23; 24; 25; 26; 27; 28; 29; 3; 30; 31; 32 …(+15),source_url,acceptance_criteria; clause; frequency; method; method_standard; parameter; remarks; required_equipment; sample_size; test_id; test_name,alternate_names; category; description; keywords; product_id; product_name; related_is_numbers; related_qcos; related_schemes; subcategory,IS 14900; IS 2553; IS/IEC 60947-2; IS/IEC 60947-3; IS/IEC 60947-4; IS/IEC 60947-5,,,scheme i isi mark
DC-0010,BIS_Combined_Testing_Master.xlsx,Combined_Testing_Master,F005,BIS_Products_Full_Information.xlsx,Products_Details,F012,10_TESTING,02_PRODUCTS,SINGLETON / NAMECAND-003,260,40,12,11,1,11,10,0.0455,SCHEMA_WEAK_OVERLAP,0,260,40,0.0,0.0159,1,LOW_PROJECTION_WIDTH,NO,NO,NO,29,17,22,0.4265,0,0,101,0.0,0,0,25,0,0,12,0.0,0,0,0.4265,0,0,0,,,3120,440,,,,SAME_ENTITIES_DIFFERENT_KEY_NAMESPACE,-1,-1,-1,0.0,NO_SHARED_RECORD_KEY,NO_SHARED_RECORD_KEY,method_standard,related_is_numbers,0,,10; 100; 101; 102; 103; 104; 105; 106; 107; 108; 109; 11; 110; 111; 112; 113; 114; 115; 116; 117; 118; 119; 12; 120; 121 …(+235),10; 11; 12; 13; 14; 15; 16; 17; 18; 19; 2; 20; 21; 22; 23; 24; 25; 26; 27; 28; 29; 3; 30; 31; 32 …(+15),source_url,acceptance_criteria; clause; frequency; method; method_standard; parameter; remarks; required_equipment; sample_size; test_id; test_name,alternate_names; category; description; keywords; product_id; product_name; related_is_numbers; related_qcos; related_schemes; subcategory,IS 12330; IS 12600; IS 15298 (Part 2); IS 15392; IS 16415; IS 17037; IS 2083; IS 302 (Part 1) …(+9),IS 10322; IS 10702; IS 12089; IS 12254; IS 1254; IS 1489; IS 15298 (Part 1); IS 15844 …(+14),,440 licenses; active licenses 40; active licenses 79; bis scheme i isi mark; bis scheme i isi mark certification scheme; bis scheme i isi mark scheme …(+6)
DC-0011,BIS_Combined_Testing_Master.xlsx,Combined_Testing_Master,F005,BIS_Products_Full_Information_v2.xlsx,Products_Details,F013,10_TESTING,02_PRODUCTS,SINGLETON / NAMECAND-003,260,40,12,11,1,11,10,0.0455,SCHEMA_WEAK_OVERLAP,0,260,40,0.0,0.0159,1,LOW_PROJECTION_WIDTH,NO,NO,NO,29,17,22,0.4265,0,0,101,0.0,0,0,25,0,0,12,0.0,0,0,0.4265,0,0,0,,,3120,440,,,,SAME_ENTITIES_DIFFERENT_KEY_NAMESPACE,-1,-1,-1,0.0,NO_SHARED_RECORD_KEY,NO_SHARED_RECORD_KEY,method_standard,related_is_numbers,0,,10; 100; 101; 102; 103; 104; 105; 106; 107; 108; 109; 11; 110; 111; 112; 113; 114; 115; 116; 117; 118; 119; 12; 120; 121 …(+235),10; 11; 12; 13; 14; 15; 16; 17; 18; 19; 2; 20; 21; 22; 23; 24; 25; 26; 27; 28; 29; 3; 30; 31; 32 …(+15),source_url,acceptance_criteria; clause; frequency; method; method_standard; parameter; remarks; required_equipment; sample_size; test_id; test_name,alternate_names; category; description; keywords; product_id; product_name; related_is_numbers; related_qcos; related_schemes; subcategory,IS 12330; IS 12600; IS 15298 (Part 2); IS 15392; IS 16415; IS 17037; IS 2083; IS 302 (Part 1) …(+9),IS 10322; IS 10702; IS 12089; IS 12254; IS 1254; IS 1489; IS 15298 (Part 1); IS 15844 …(+14),,440 licenses; active licenses 40; active licenses 79; bis scheme i isi mark; bis scheme i isi mark certification scheme; bis scheme i isi mark scheme …(+6)
DC-0012,BIS_Combined_Testing_Master.xlsx,Combined_Testing_Master,F005,BIS_QCO-schema_2.xlsx,BIS_QCO-schema_2,F014,10_TESTING,03_QCO,SINGLETON,260,40,12,22,1,11,21,0.0303,SCHEMA_WEAK_OVERLAP,0,260,40,0.0,0.0106,1,LOW_PROJECTION_WIDTH,NO,NO,NO,40,6,0,0.8696,0,0,49,0.0,0,0,36,0,0,1,0.0,0,0,0.8696,0,0,0,,,3120,880,,,,SAME_ENTITIES_DIFFERENT_KEY_NAMESPACE,-1,-1,-1,0.0,NO_SHARED_RECORD_KEY,NO_SHARED_RECORD_KEY,method_standard,is_numbers,0,,10; 100; 101; 102; 103; 104; 105; 106; 107; 108; 109; 11; 110; 111; 112; 113; 114; 115; 116; 117; 118; 119; 12; 120; 121 …(+235),10; 11; 12; 13; 14; 15; 16; 17; 18; 19; 2; 20; 21; 22; 23; 24; 25; 26; 27; 28; 29; 3; 30; 31; 32 …(+15),source_url,acceptance_criteria; clause; frequency; method; method_standard; parameter; remarks; required_equipment; sample_size; test_id; test_name,amendments; corrigendas; current_status; deferments; department; effective_date; exclusions; extensions; is_numbers; mandatory_status; ministry; notification_date; notification_number; official_document_url; product …(+6),IS 14900; IS 2553; IS/IEC 60947-2; IS/IEC 60947-3; IS/IEC 60947-4; IS/IEC 60947-5,,,scheme i
DC-0013,BIS_Combined_Testing_Master.xlsx,Combined_Testing_Master,F005,BIS_QCO_Master_Records (1).xlsx,QCO_Master_Records,F015,10_TESTING,03_QCO,SINGLETON / NAMECAND-004,260,15,12,22,1,11,21,0.0303,SCHEMA_WEAK_OVERLAP,0,260,15,0.0,0.0106,1,LOW_PROJECTION_WIDTH,NO,NO,NO,26,20,1,0.5532,0,0,27,0.0,0,0,41,0,0,2,0.0,0,0,0.5532,0,0,0,,2003; 2020; 2021; 2024; 2025,3120,244,,,,SAME_ENTITIES_DIFFERENT_KEY_NAMESPACE,-1,-1,-1,0.0,NO_SHARED_RECORD_KEY,NO_SHARED_RECORD_KEY,method_standard,is_numbers,0,,10; 100; 101; 102; 103; 104; 105; 106; 107; 108; 109; 11; 110; 111; 112; 113; 114; 115; 116; 117; 118; 119; 12; 120; 121 …(+235),10; 11; 12; 13; 14; 15; 16; 2; 3; 4; 5; 6; 7; 8; 9,source_url,acceptance_criteria; clause; frequency; method; method_standard; parameter; remarks; required_equipment; sample_size; test_id; test_name,amendments; corrigendas; current_status; deferments; department; effective_date; exclusions; extensions; is_numbers; mandatory_status; ministry; notification_date; notification_number; official_document_url; product …(+6),IS 1489 (Part 2); IS 14900; IS 15844 (Part 2); IS 15844 (Part 3); IS 17043 (Part 2); IS 17632; IS 17633; IS 17634 …(+12),IS 9873,,scheme i; scheme i isi mark
DC-0014,BIS_Combined_Testing_Master.xlsx,Combined_Testing_Master,F005,BIS_QCO_Master_Scheme_1.xlsx,BIS_QCO_Master_Scheme_1,F018,10_TESTING,03_QCO,SINGLETON,260,40,12,11,0,12,11,0.0,SCHEMA_DISJOINT,0,0,0,0.0,0.0,0,LOW_PROJECTION_WIDTH,NO,NO,NO,40,6,0,0.8696,0,0,52,0.0,0,0,22,0,0,0,0.0,0,0,0.8696,0,0,0,,,3120,440,,,,SAME_ENTITIES_DIFFERENT_KEY_NAMESPACE,-1,-1,-1,0.0,NO_SHARED_RECORD_KEY,NO_SHARED_RECORD_KEY,method_standard,is_number,0,,10; 100; 101; 102; 103; 104; 105; 106; 107; 108; 109; 11; 110; 111; 112; 113; 114; 115; 116; 117; 118; 119; 12; 120; 121 …(+235),10; 11; 12; 13; 14; 15; 16; 17; 18; 19; 2; 20; 21; 22; 23; 24; 25; 26; 27; 28; 29; 3; 30; 31; 32 …(+15),,acceptance_criteria; clause; frequency; method; method_standard; parameter; remarks; required_equipment; sample_size; source_url; test_id; test_name,amendments_extensions; effective_implementation_date; exemptions; is_number; mandatory_voluntary_status; ministry; notification_number; product; qco_order; scope; source_gazette_url,IS 14900; IS 2553; IS/IEC 60947-2; IS/IEC 60947-3; IS/IEC 60947-4; IS/IEC 60947-5,,,
DC-0015,BIS_Combined_Testing_Master.xlsx,Combined_Testing_Master,F005,BIS_QCO_Summary.xlsx,QCO_Summary,F019,10_TESTING,03_QCO,SINGLETON,260,35,12,7,0,12,7,0.0,SCHEMA_DISJOINT,0,0,0,0.0,0.0,0,LOW_PROJECTION_WIDTH,NO,NO,NO,36,10,0,0.7826,0,0,0,0.0,0,0,20,0,0,0,0.0,0,0,0.7826,0,0,0,,2003; 2020; 2021; 2024,3120,245,,,,SAME_ENTITIES_DIFFERENT_KEY_NAMESPACE,-1,-1,-1,0.0,NO_SHARED_RECORD_KEY,NO_SHARED_RECORD_KEY,method_standard,product_standard_is,0,,10; 100; 101; 102; 103; 104; 105; 106; 107; 108; 109; 11; 110; 111; 112; 113; 114; 115; 116; 117; 118; 119; 12; 120; 121 …(+235),10; 11; 12; 13; 14; 15; 16; 17; 18; 19; 2; 20; 21; 22; 23; 24; 25; 26; 27; 28; 29; 3; 30; 31; 32 …(+10),,acceptance_criteria; clause; frequency; method; method_standard; parameter; remarks; required_equipment; sample_size; source_url; test_id; test_name,key_scope_exclusions_amendments; ministry_department; notification_no_date; product_standard_is; qco_name_identifier; scheme_status; source_document_link,IS 14900; IS 17632; IS 17633; IS 17634; IS 17635; IS 2553; IS/IEC 60947-2; IS/IEC 60947-3 …(+2),,,
DC-0016,BIS_Combined_Testing_Master.xlsx,Combined_Testing_Master,F005,BIS_Scheme_IV_FMCS.xlsx,BIS_FMCS_Scheme_IV,F021,10_TESTING,22_FMCS,SINGLETON,260,40,12,13,1,11,12,0.0417,SCHEMA_WEAK_OVERLAP,0,260,40,0.0,0.0146,1,LOW_PROJECTION_WIDTH,NO,NO,NO,40,6,0,0.8696,0,0,53,0.0,0,0,3,0,0,5,0.0,0,0,0.8696,0,0,1,,,3120,520,,,,SAME_ENTITIES_DIFFERENT_KEY_NAMESPACE,-1,-1,-1,0.0,NO_SHARED_RECORD_KEY,NO_SHARED_RECORD_KEY,method_standard,is_number,0,,10; 100; 101; 102; 103; 104; 105; 106; 107; 108; 109; 11; 110; 111; 112; 113; 114; 115; 116; 117; 118; 119; 12; 120; 121 …(+235),10; 11; 12; 13; 14; 15; 16; 17; 18; 19; 2; 20; 21; 22; 23; 24; 25; 26; 27; 28; 29; 3; 30; 31; 32 …(+15),source_url,acceptance_criteria; clause; frequency; method; method_standard; parameter; remarks; required_equipment; sample_size; test_id; test_name,certification_type; is_number; mandatory_voluntary; product; related_product_manual; related_qco; related_sit; requirements; scheme_id_code; scheme_name; scheme_type; scope,IS 14900; IS 2553; IS/IEC 60947-2; IS/IEC 60947-3; IS/IEC 60947-4; IS/IEC 60947-5,,,certificate of conformity; foreign manufacturers certification scheme fmcs; overseas manufacturers; product certification foreign; scheme iv
DC-0017,BIS_Combined_Testing_Master.xlsx,Combined_Testing_Master,F005,BIS_Standards_Details_v2 (1).xlsx,BIS Standards,F027,10_TESTING,01_KNOW_YOUR_STANDARD,SINGLETON / EXACTDUP-001,260,40,12,19,0,12,19,0.0,SCHEMA_DISJOINT,0,0,0,0.0,0.0,0,LOW_PROJECTION_WIDTH,NO,NO,NO,40,6,5,0.7843,0,0,50,0.0,0,0,0,0,0,0,0.0,0,0,0.7843,0,0,1,,1987; 1988; 1989; 1990; 1991; 2003; 2006; 2015 …(+10),3120,701,,,,SAME_ENTITIES_DIFFERENT_KEY_NAMESPACE,-1,-1,-1,0.0,NO_SHARED_RECORD_KEY,NO_SHARED_RECORD_KEY,method_standard,is_number; standard_id; superseded_standard; superseding_standard,0,,10; 100; 101; 102; 103; 104; 105; 106; 107; 108; 109; 11; 110; 111; 112; 113; 114; 115; 116; 117; 118; 119; 12; 120; 121 …(+235),10; 11; 12; 13; 14; 15; 16; 17; 18; 19; 2; 20; 21; 22; 23; 24; 25; 26; 27; 28; 29; 3; 30; 31; 32 …(+15),,acceptance_criteria; clause; frequency; method; method_standard; parameter; remarks; required_equipment; sample_size; source_url; test_id; test_name,current_status; degree_of_equivalence; document_url; is_number; official_url; part_section; product_category; publication_date; reaffirmation_review_date; revision; revision_date; standard_id; subcommittee; superseded_standard; superseding_standard …(+4),IS 14900; IS 2553; IS/IEC 60947-2; IS/IEC 60947-3; IS/IEC 60947-4; IS/IEC 60947-5,IS 12269; IS 15844; IS 17043; IS 8112; IS 9573,,
DC-0018,BIS_Combined_Testing_Master.xlsx,Combined_Testing_Master,F005,BIS_Standards_Details_v2.xlsx,BIS Standards,F028,10_TESTING,01_KNOW_YOUR_STANDARD,SINGLETON / EXACTDUP-001,260,40,12,19,0,12,19,0.0,SCHEMA_DISJOINT,0,0,0,0.0,0.0,0,LOW_PROJECTION_WIDTH,NO,NO,NO,40,6,5,0.7843,0,0,50,0.0,0,0,0,0,0,0,0.0,0,0,0.7843,0,0,1,,1987; 1988; 1989; 1990; 1991; 2003; 2006; 2015 …(+10),3120,701,,,,SAME_ENTITIES_DIFFERENT_KEY_NAMESPACE,-1,-1,-1,0.0,NO_SHARED_RECORD_KEY,NO_SHARED_RECORD_KEY,method_standard,is_number; standard_id; superseded_standard; superseding_standard,0,,10; 100; 101; 102; 103; 104; 105; 106; 107; 108; 109; 11; 110; 111; 112; 113; 114; 115; 116; 117; 118; 119; 12; 120; 121 …(+235),10; 11; 12; 13; 14; 15; 16; 17; 18; 19; 2; 20; 21; 22; 23; 24; 25; 26; 27; 28; 29; 3; 30; 31; 32 …(+15),,acceptance_criteria; clause; frequency; method; method_standard; parameter; remarks; required_equipment; sample_size; source_url; test_id; test_name,current_status; degree_of_equivalence; document_url; is_number; official_url; part_section; product_category; publication_date; reaffirmation_review_date; revision; revision_date; standard_id; subcommittee; superseded_standard; superseding_standard …(+4),IS 14900; IS 2553; IS/IEC 60947-2; IS/IEC 60947-3; IS/IEC 60947-4; IS/IEC 60947-5,IS 12269; IS 15844; IS 17043; IS 8112; IS 9573,,
DC-0019,BIS_Combined_Testing_Master.xlsx,Combined_Testing_Master,F005,BIS_Standards_Details_v3.xlsx,BIS Standards,F029,10_TESTING,01_KNOW_YOUR_STANDARD,SINGLETON,260,40,12,19,0,12,19,0.0,SCHEMA_DISJOINT,0,0,0,0.0,0.0,0,LOW_PROJECTION_WIDTH,NO,NO,NO,40,6,5,0.7843,0,0,50,0.0,0,0,0,0,0,0,0.0,0,0,0.7843,0,0,1,,1987; 1988; 1989; 1990; 1991; 2003; 2006; 2015 …(+10),3120,701,,,,SAME_ENTITIES_DIFFERENT_KEY_NAMESPACE,-1,-1,-1,0.0,NO_SHARED_RECORD_KEY,NO_SHARED_RECORD_KEY,method_standard,is_number; standard_id; superseded_standard; superseding_standard,0,,10; 100; 101; 102; 103; 104; 105; 106; 107; 108; 109; 11; 110; 111; 112; 113; 114; 115; 116; 117; 118; 119; 12; 120; 121 …(+235),10; 11; 12; 13; 14; 15; 16; 17; 18; 19; 2; 20; 21; 22; 23; 24; 25; 26; 27; 28; 29; 3; 30; 31; 32 …(+15),,acceptance_criteria; clause; frequency; method; method_standard; parameter; remarks; required_equipment; sample_size; source_url; test_id; test_name,current_status; degree_of_equivalence; document_url; is_number; official_url; part_section; product_category; publication_date; reaffirmation_review_date; revision; revision_date; standard_id; subcommittee; superseded_standard; superseding_standard …(+4),IS 14900; IS 2553; IS/IEC 60947-2; IS/IEC 60947-3; IS/IEC 60947-4; IS/IEC 60947-5,IS 12269; IS 15844; IS 17043; IS 8112; IS 9573,,
DC-0020,BIS_Combined_Testing_Master.xlsx,Combined_Testing_Master,F005,BIS_Standards_Intelligence_Master.xlsx,BIS_Standards_Intelligence,F030,10_TESTING,08_PRODUCT_SPECIFIC,SINGLETON,260,45,12,23,1,11,22,0.0294,SCHEMA_WEAK_OVERLAP,0,260,45,0.0,0.0103,1,LOW_PROJECTION_WIDTH,NO,NO,NO,40,6,4,0.8,0,0,58,0.0,0,0,0,0,0,5,0.0,0,0,0.8,0,0,2,,,3120,1035,,,,SAME_ENTITIES_DIFFERENT_KEY_NAMESPACE,-1,-1,-1,0.0,NO_SHARED_RECORD_KEY,NO_SHARED_RECORD_KEY,method_standard,is_number,0,,10; 100; 101; 102; 103; 104; 105; 106; 107; 108; 109; 11; 110; 111; 112; 113; 114; 115; 116; 117; 118; 119; 12; 120; 121 …(+235),10; 11; 12; 13; 14; 15; 16; 17; 18; 19; 2; 20; 21; 22; 23; 24; 25; 26; 27; 28; 29; 3; 30; 31; 32 …(+20),source_url,acceptance_criteria; clause; frequency; method; method_standard; parameter; remarks; required_equipment; sample_size; test_id; test_name,application_procedure; conformity_assessment; eligibility; factory_requirements; fees; forms; infrastructure_requirements; inspection; is_number; laboratory_testing; licence_or_coc_grant; process_controls; product; quality_control; renewal …(+7),IS 14900; IS 2553; IS/IEC 60947-2; IS/IEC 60947-3; IS/IEC 60947-4; IS/IEC 60947-5,IS/IEC 60947 (Part 2); IS/IEC 60947 (Part 3); IS/IEC 60947 (Part 4); IS/IEC 60947 (Part 5),,eeqco; electrical equipment quality control order; scheme i; scheme i bis isi mark certification; scheme x
DC-0021,BIS_Combined_Testing_Master.xlsx,Combined_Testing_Master,F005,BIS_Standards_Scheme_Mapping.xlsx,BIS_Standards_Scheme_Mapping,F031,10_TESTING,08_PRODUCT_SPECIFIC,SINGLETON,260,36,12,23,1,11,22,0.0294,SCHEMA_WEAK_OVERLAP,0,260,36,0.0,0.0103,1,LOW_PROJECTION_WIDTH,NO,NO,NO,26,20,9,0.4727,0,0,0,0.0,0,0,0,0,0,3,0.0,0,0,0.4727,0,0,2,,,3120,828,,,,SAME_ENTITIES_DIFFERENT_KEY_NAMESPACE,-1,-1,-1,0.0,NO_SHARED_RECORD_KEY,NO_SHARED_RECORD_KEY,method_standard,is_number,0,,10; 100; 101; 102; 103; 104; 105; 106; 107; 108; 109; 11; 110; 111; 112; 113; 114; 115; 116; 117; 118; 119; 12; 120; 121 …(+235),10; 11; 12; 13; 14; 15; 16; 17; 18; 19; 2; 20; 21; 22; 23; 24; 25; 26; 27; 28; 29; 3; 30; 31; 32 …(+11),source_url,acceptance_criteria; clause; frequency; method; method_standard; parameter; remarks; required_equipment; sample_size; test_id; test_name,application_procedure; certification_scheme_to_store; conformity_assessment; eligibility; factory_requirements; fees; forms; group; infrastructure_requirements; inspection; is_number; laboratory_testing; licence_or_coc_grant; process_controls; quality_control …(+7),IS 1489 (Part 1); IS 1489 (Part 2); IS 14900; IS 15844 (Part 1); IS 15844 (Part 2); IS 15844 (Part 3); IS 17043 (Part 1); IS 17043 (Part 2) …(+12),IS 1489; IS 15844; IS 17043; IS 9573; IS 9873; IS/IEC 60947 (Part 2); IS/IEC 60947 (Part 3); IS/IEC 60947 (Part 4) …(+1),,applicable eeqco product specific process; scheme ii; scheme x
DC-0022,BIS_Combined_Testing_Master.xlsx,Combined_Testing_Master,F005,BIS_Testing_Parameters_Master.xlsx,BIS_Testing_Parameters,F032,10_TESTING,10_TESTING,SINGLETON,260,45,12,18,7,5,11,0.3043,SCHEMA_OVERLAP,0,260,45,0.0,0.1065,7,RELIABLE,NO,NO,NO,40,6,4,0.8,0,0,59,0.0,0,0,0,0,0,0,0.0,0,0,0.8,0,0,0,,,3120,787,,,,SAME_ENTITIES_DIFFERENT_KEY_NAMESPACE,-1,-1,-1,0.0,NO_SHARED_RECORD_KEY,NO_SHARED_RECORD_KEY,method_standard,is_number; test_method_standard,0,,10; 100; 101; 102; 103; 104; 105; 106; 107; 108; 109; 11; 110; 111; 112; 113; 114; 115; 116; 117; 118; 119; 12; 120; 121 …(+235),10; 11; 12; 13; 14; 15; 16; 17; 18; 19; 2; 20; 21; 22; 23; 24; 25; 26; 27; 28; 29; 3; 30; 31; 32 …(+20),acceptance_criteria; clause; remarks; required_equipment; sample_size; source_url; test_name,frequency; method; method_standard; parameter; test_id,is_number; laboratory_requirement; product; rejection_handling; sampling_frequency; source_document; source_page; test_frequency; test_method; test_method_standard; test_parameter,IS 14900; IS 2553; IS/IEC 60947-2; IS/IEC 60947-3; IS/IEC 60947-4; IS/IEC 60947-5,IS/IEC 60947 (Part 2); IS/IEC 60947 (Part 3); IS/IEC 60947 (Part 4); IS/IEC 60947 (Part 5),,
DC-0023,BIS_FAQs_Master.xlsx,BIS_FAQs_Master,F006,bis_product_certification_faq (1).csv,bis_product_certification_faq (1),F036,12_CERTIFICATION_FAQ,12_CERTIFICATION_FAQ,SINGLETON,98,28,10,8,8,2,0,0.8,SCHEMA_SUBSET,0,98,28,0.0,0.28,8,RELIABLE,NO,NO,NO,0,6,0,0.0,0,59,1,0.0,0,7,0,1,3,1,0.2,0,0,0.2,0,5,1,,,980,224,answer,answer; faq_id; question,"NO_SHARED_KEY_VALUES; candidates unique per file but disjoint (answer; faq_id; question) - identity must be re-derived in Phase 3 from entity columns, NOT from these surrogates",KEY_DISJOINT_NO_ENTITY_EVIDENCE,0,98,28,0.0,"a bis licence can be cancelled under regulation 11 of the bis (conformity assessment) regulations, 2018.; a bis licence can be suspended under paragraph 11 of scheme-i and regulation 10 of the bis (conformity assessment) regulations, 2018.; a bis licence is a licence granted under section 13 of the bis act, 2016 to use a specified standard mark on goods or articles that conform to a standard.; a maximum of five off-site centres may be set up within a 100 km radius by each parent a&h centre having a fire-assay laboratory in districts not covered under mandatory hallmarking.; a scheme-i licence may initially be granted for up to two years and is valid only for the varieties included in the licence scope. renewal may extend the licence up to five years from its last validity date, subject to applicable requirements and fees.; an assaying centre meeting is 15820:2009 requirements for gold/silver jewellery/artefacts must apply online through manakonline. bis grants recognition after verifying infrastructure, quality-management system and trained/competent manpower. …(+92)","a.bis accepts application for product certification in online mode only (including all payments). to submit your application, please visit our online portal,www.manakonlinein before registering in the portal, you are advised to go through applicant user manual, faqs related to portal athttps://www.manakonline.in/manak/implinks; after grant of licence to a manufacturer, bis carries out surprise factory surveillance inspections through visit to the factory by certification officers of bis or by personnel of the agents appointed by bis as per rule 33 of bis rules, 2018. during such visits, it is verified that the manufacturer continues to maintain the manufacturing infrastructure, process controls, quality control and testing capabilities and conformity of the product to the relevant standard(s). testing of the product samples in factory is also witnessed during such visits.sample of isi marked product is also drawn from the factory for verifying conformity to relevant iss through third party laboratory testing. bis also carries out market surveillance through purchase of samples of isi marked product for verifying conformity of the product to relevant iss through third party laboratory testing.; average time taken for grant of licence under option-2 is generally one month and under option-1 four months from the date of receipt of complete application and its recording. itmay vary for reasons like delay in response to queries raised, if any; organizing inspection(s); sample deposition, and fee dues, etc.; bis certification under scheme-i may be granted initially upto two years which is valid only for the varieties mentioned in the licence. for extension of validity, application with requisite fee and documents under the existing licence is required to be submitted. licence may be renewed up to five years from the last date of validity of licence.; bis licence holder is required to extend co-operation to the certification officers of bis or personnel of the agents appointed by bis to carry out surveillance inspection. the licence holder shall also share relevant records and information sought . he would also facilitate testing in the factory and drawl of samples for independent testing in third party lab. the licence holder shall be required to deposit samples to the designated laboratory as per advice of the officer; bis licence holder is required to inform bis of its intentions of shifting of the manufacturing unit to a new address with relevant documents for the new premises similar to the documents submitted at the time of application to bis for grant of licence. the licensee on its own shall suspend the use of the standard mark under intimation to the bureau on relocation of manufacturing unit to new premises. the revocation of suspension may be done by the bureau after verification of the old premises and verification of production process at new premises as per provision of paragraph 11 (3) & (4) of scheme i of bis (conformity assessment) regulations, 2018. …(+22)",related_is,related_is,0,,10; 11; 12; 13; 14; 15; 16; 17; 18; 19; 2; 20; 21; 22; 23; 24; 25; 26; 27; 28; 29; 3; 30; 31; 32 …(+73),10; 11; 12; 13; 14; 15; 16; 17; 18; 19; 2; 20; 21; 22; 23; 24; 25; 26; 27; 28; 29; 3; 4; 5; 6 …(+3),answer; category; faq_id; question; related_is; related_product; related_scheme; source_url,document_reference; related_qco,,IS 1417; IS 1418; IS 15820; IS 17278; IS 2112; IS 2113,,fmcs; hallmarking; scheme x depending on product,scheme x
DC-0024,BIS_Laboratory_Scopes.xlsx,BIS_Laboratory_Scopes,F007,BIS_Notifications_Master.xlsx,BIS_Notifications_Master,F009,13_LAB_SERVICES,16_ACT_RULES_REGULATIONS,SINGLETON,45,31,12,14,1,11,13,0.04,SCHEMA_WEAK_OVERLAP,0,45,31,0.0,0.014,1,LOW_PROJECTION_WIDTH,NO,NO,NO,20,24,6,0.4,0,60,0,0.0,0,0,20,0,0,0,0.0,0,0,0.4,0,32,12,,,540,434,,,,SAME_ENTITIES_DIFFERENT_KEY_NAMESPACE,-1,-1,-1,0.0,NO_SHARED_RECORD_KEY,NO_SHARED_RECORD_KEY,is_number,related_is,0,,10; 11; 12; 13; 14; 15; 16; 17; 18; 19; 2; 20; 21; 22; 23; 24; 25; 26; 27; 28; 29; 3; 30; 31; 32 …(+20),10; 11; 12; 13; 14; 15; 16; 17; 18; 19; 2; 20; 21; 22; 23; 24; 25; 26; 27; 28; 29; 3; 30; 31; 32 …(+6),source_url,capability; clause; is_number; lab_id; product; scope_id; scope_status; scope_validity; test_method; test_name; testing_charge,date; department; document_url; effective_date; ministry; notification_id; notification_number; related_amendment; related_is; related_qco; subject; title; type,IS 1489 (Part 1); IS 1489 (Part 2); IS 15844 (Part 1); IS 15844 (Part 2); IS 15844 (Part 3); IS 17043 (Part 1); IS 17043 (Part 2); IS 17632 …(+16),IS 1489; IS 15844; IS 17043; IS 2553; IS 9573; IS 9873,,
DC-0025,BIS_Laboratory_Scopes.xlsx,BIS_Laboratory_Scopes,F007,BIS_Product_Manuals_Master.xlsx,BIS_Product_Manuals,F010,13_LAB_SERVICES,09_PRODUCT_MANUALS,SINGLETON,45,40,12,20,3,9,17,0.1034,SCHEMA_WEAK_OVERLAP,0,45,40,0.0,0.0362,3,LOW_PROJECTION_WIDTH,NO,NO,NO,40,4,0,0.9091,34,26,16,0.4474,0,0,0,0,0,1,0.0,0,0,0.9091,0,32,0,,,540,795,is_number,is_number; product,,KEY_LINKED,39,6,1,0.8478,is 15298 (part 2):2016; is/iec 60947 part 2:2016; is/iec 60947 part 3:2012*; is/iec 60947 part 4-1; is/iec 60947 part 5-1; is/iec 60947 part 5-5,is 15298 (part 2):2016**,is_number,is_number,65,product; source_url,10; 11; 12; 13; 14; 15; 16; 17; 18; 19; 2; 20; 21; 22; 23; 24; 25; 26; 27; 28; 29; 3; 30; 31; 32 …(+20),10; 11; 12; 13; 14; 15; 16; 17; 18; 19; 2; 20; 21; 22; 23; 24; 25; 26; 27; 28; 29; 3; 30; 31; 32 …(+15),is_number; product; source_url,capability; clause; lab_id; scope_id; scope_status; scope_validity; test_method; test_name; testing_charge,document_url; grouping_guidelines; inspection_requirements; licensing_requirements; manual_id; manual_title; marking_requirements; process_requirements; raw_material_requirements; revision_date; sampling_guidelines; scheme; scope; sit_sti; test_equipment …(+2),IS/IEC 60947 (Part 2); IS/IEC 60947 (Part 3); IS/IEC 60947 (Part 4); IS/IEC 60947 (Part 5),,,scheme i
DC-0026,BIS_Laboratory_Scopes.xlsx,BIS_Laboratory_Scopes,F007,BIS_Products_Details.xlsx,Products_Details,F011,13_LAB_SERVICES,02_PRODUCTS,SINGLETON,45,40,12,11,1,11,10,0.0455,SCHEMA_WEAK_OVERLAP,0,45,40,0.0,0.0159,1,LOW_PROJECTION_WIDTH,NO,NO,NO,40,4,0,0.9091,8,52,80,0.0571,0,0,15,0,0,1,0.0,0,0,0.9091,0,32,0,,,540,440,,,,SAME_ENTITIES_DIFFERENT_KEY_NAMESPACE,-1,-1,-1,0.0,NO_SHARED_RECORD_KEY,NO_SHARED_RECORD_KEY,is_number,related_is_numbers,0,,10; 11; 12; 13; 14; 15; 16; 17; 18; 19; 2; 20; 21; 22; 23; 24; 25; 26; 27; 28; 29; 3; 30; 31; 32 …(+20),10; 11; 12; 13; 14; 15; 16; 17; 18; 19; 2; 20; 21; 22; 23; 24; 25; 26; 27; 28; 29; 3; 30; 31; 32 …(+15),source_url,capability; clause; is_number; lab_id; product; scope_id; scope_status; scope_validity; test_method; test_name; testing_charge,alternate_names; category; description; keywords; product_id; product_name; related_is_numbers; related_qcos; related_schemes; subcategory,IS/IEC 60947 (Part 2); IS/IEC 60947 (Part 3); IS/IEC 60947 (Part 4); IS/IEC 60947 (Part 5),,,scheme i isi mark
DC-0027,BIS_Laboratory_Scopes.xlsx,BIS_Laboratory_Scopes,F007,BIS_Products_Full_Information.xlsx,Products_Details,F012,13_LAB_SERVICES,02_PRODUCTS,SINGLETON / NAMECAND-003,45,40,12,11,1,11,10,0.0455,SCHEMA_WEAK_OVERLAP,0,45,40,0.0,0.0159,1,LOW_PROJECTION_WIDTH,NO,NO,NO,27,17,24,0.3971,20,40,81,0.1418,0,0,25,0,0,12,0.0,0,0,0.3971,0,32,0,,,540,440,,,,SAME_ENTITIES_DIFFERENT_KEY_NAMESPACE,-1,-1,-1,0.0,NO_SHARED_RECORD_KEY,NO_SHARED_RECORD_KEY,is_number,related_is_numbers,0,,10; 11; 12; 13; 14; 15; 16; 17; 18; 19; 2; 20; 21; 22; 23; 24; 25; 26; 27; 28; 29; 3; 30; 31; 32 …(+20),10; 11; 12; 13; 14; 15; 16; 17; 18; 19; 2; 20; 21; 22; 23; 24; 25; 26; 27; 28; 29; 3; 30; 31; 32 …(+15),source_url,capability; clause; is_number; lab_id; product; scope_id; scope_status; scope_validity; test_method; test_name; testing_charge,alternate_names; category; description; keywords; product_id; product_name; related_is_numbers; related_qcos; related_schemes; subcategory,IS 12330; IS 12600; IS 15298 (Part 2); IS 15392; IS 16415; IS 17037; IS 2083; IS 302 (Part 1) …(+9),IS 10322; IS 10702; IS 12089; IS 12254; IS 1254; IS 1489; IS 14900; IS 15298 (Part 1) …(+16),,440 licenses; active licenses 40; active licenses 79; bis scheme i isi mark; bis scheme i isi mark certification scheme; bis scheme i isi mark scheme …(+6)
DC-0028,BIS_Laboratory_Scopes.xlsx,BIS_Laboratory_Scopes,F007,BIS_Products_Full_Information_v2.xlsx,Products_Details,F013,13_LAB_SERVICES,02_PRODUCTS,SINGLETON / NAMECAND-003,45,40,12,11,1,11,10,0.0455,SCHEMA_WEAK_OVERLAP,0,45,40,0.0,0.0159,1,LOW_PROJECTION_WIDTH,NO,NO,NO,27,17,24,0.3971,20,40,81,0.1418,0,0,25,0,0,12,0.0,0,0,0.3971,0,32,0,,,540,440,,,,SAME_ENTITIES_DIFFERENT_KEY_NAMESPACE,-1,-1,-1,0.0,NO_SHARED_RECORD_KEY,NO_SHARED_RECORD_KEY,is_number,related_is_numbers,0,,10; 11; 12; 13; 14; 15; 16; 17; 18; 19; 2; 20; 21; 22; 23; 24; 25; 26; 27; 28; 29; 3; 30; 31; 32 …(+20),10; 11; 12; 13; 14; 15; 16; 17; 18; 19; 2; 20; 21; 22; 23; 24; 25; 26; 27; 28; 29; 3; 30; 31; 32 …(+15),source_url,capability; clause; is_number; lab_id; product; scope_id; scope_status; scope_validity; test_method; test_name; testing_charge,alternate_names; category; description; keywords; product_id; product_name; related_is_numbers; related_qcos; related_schemes; subcategory,IS 12330; IS 12600; IS 15298 (Part 2); IS 15392; IS 16415; IS 17037; IS 2083; IS 302 (Part 1) …(+9),IS 10322; IS 10702; IS 12089; IS 12254; IS 1254; IS 1489; IS 14900; IS 15298 (Part 1) …(+16),,440 licenses; active licenses 40; active licenses 79; bis scheme i isi mark; bis scheme i isi mark certification scheme; bis scheme i isi mark scheme …(+6)
DC-0029,BIS_Laboratory_Scopes.xlsx,BIS_Laboratory_Scopes,F007,BIS_QCO-schema_2.xlsx,BIS_QCO-schema_2,F014,13_LAB_SERVICES,03_QCO,SINGLETON,45,40,12,22,2,10,20,0.0625,SCHEMA_WEAK_OVERLAP,0,45,40,0.0,0.0219,2,LOW_PROJECTION_WIDTH,NO,NO,NO,40,4,0,0.9091,24,36,25,0.2824,0,0,36,0,0,1,0.0,0,0,0.9091,0,32,0,,,540,880,product,product,,KEY_LINKED,11,34,29,0.1486,anti riot shoes; beds - specification; bunk beds - specification; circuit breakers; composite cement - specification; contactors and motor starters …(+28),all electrical appliances; antiriot shoes; beds; bunk beds; composite cement; domestic pressure cooker …(+23),is_number,is_numbers,11,source_url,10; 11; 12; 13; 14; 15; 16; 17; 18; 19; 2; 20; 21; 22; 23; 24; 25; 26; 27; 28; 29; 3; 30; 31; 32 …(+20),10; 11; 12; 13; 14; 15; 16; 17; 18; 19; 2; 20; 21; 22; 23; 24; 25; 26; 27; 28; 29; 3; 30; 31; 32 …(+15),product; source_url,capability; clause; is_number; lab_id; scope_id; scope_status; scope_validity; test_method; test_name; testing_charge,amendments; corrigendas; current_status; deferments; department; effective_date; exclusions; extensions; is_numbers; mandatory_status; ministry; notification_date; notification_number; official_document_url; qco_id …(+5),IS/IEC 60947 (Part 2); IS/IEC 60947 (Part 3); IS/IEC 60947 (Part 4); IS/IEC 60947 (Part 5),,,scheme i
DC-0030,BIS_Laboratory_Scopes.xlsx,BIS_Laboratory_Scopes,F007,BIS_QCO_Master_Records (1).xlsx,QCO_Master_Records,F015,13_LAB_SERVICES,03_QCO,SINGLETON / NAMECAND-004,45,15,12,22,2,10,20,0.0625,SCHEMA_WEAK_OVERLAP,0,45,15,0.0,0.0219,2,LOW_PROJECTION_WIDTH,NO,NO,NO,26,18,1,0.5778,7,53,20,0.0875,0,0,41,0,0,2,0.0,0,0,0.5778,0,32,0,,2003; 2020; 2021; 2024; 2025,540,244,product,product,,KEY_LINKED,2,43,13,0.0345,aluminium and aluminium alloy bare foil for food packaging; anti riot shoes; beds - specification; bunk beds - specification; circuit breakers; composite cement - specification …(+37),aluminium and alloy bare foil for food packaging; cement varieties; domestic pressure cooker; flashlights / portable torches; rubber hose for lpg - industrial & domestic; safety footwear …(+7),is_number,is_numbers,2,source_url,10; 11; 12; 13; 14; 15; 16; 17; 18; 19; 2; 20; 21; 22; 23; 24; 25; 26; 27; 28; 29; 3; 30; 31; 32 …(+20),10; 11; 12; 13; 14; 15; 16; 2; 3; 4; 5; 6; 7; 8; 9,product; source_url,capability; clause; is_number; lab_id; scope_id; scope_status; scope_validity; test_method; test_name; testing_charge,amendments; corrigendas; current_status; deferments; department; effective_date; exclusions; extensions; is_numbers; mandatory_status; ministry; notification_date; notification_number; official_document_url; qco_id …(+5),IS 1489 (Part 2); IS 15844 (Part 2); IS 15844 (Part 3); IS 17043 (Part 2); IS 17632; IS 17633; IS 17634; IS 17635 …(+10),IS 9873,,scheme i; scheme i isi mark
DC-0031,BIS_Laboratory_Scopes.xlsx,BIS_Laboratory_Scopes,F007,BIS_QCO_Master_Scheme_1.xlsx,BIS_QCO_Master_Scheme_1,F018,13_LAB_SERVICES,03_QCO,SINGLETON,45,40,12,11,2,10,9,0.0952,SCHEMA_WEAK_OVERLAP,8,37,32,0.1039,0.0333,2,LOW_PROJECTION_WIDTH,NO,NO,NO,40,4,0,0.9091,29,31,23,0.3494,0,0,22,0,0,0,0.0,0,0,0.9091,0,32,0,,,540,440,is_number,is_number; product,,KEY_LINKED,38,7,2,0.8085,is 12330:1998*; is 9873 (part 1):2012*; is/iec 60947 part 2:2016; is/iec 60947 part 3:2012*; is/iec 60947 part 4-1; is/iec 60947 part 5-1 …(+1),is 12330:1998; is 9873 (part 1):2012 / 2018,is_number,is_number,30,product,11; 12; 13; 14; 15; 16; 18; 19; 2; 20; 21; 22; 25; 26; 27; 28; 3; 30; 31; 32; 33; 34; 35; 36; 38 …(+12),11; 12; 13; 14; 15; 16; 18; 19; 2; 20; 21; 22; 25; 26; 27; 28; 3; 30; 31; 32; 33; 34; 35; 36; 38 …(+7),is_number; product,capability; clause; lab_id; scope_id; scope_status; scope_validity; source_url; test_method; test_name; testing_charge,amendments_extensions; effective_implementation_date; exemptions; mandatory_voluntary_status; ministry; notification_number; qco_order; scope; source_gazette_url,IS/IEC 60947 (Part 2); IS/IEC 60947 (Part 3); IS/IEC 60947 (Part 4); IS/IEC 60947 (Part 5),,,
DC-0032,BIS_Laboratory_Scopes.xlsx,BIS_Laboratory_Scopes,F007,BIS_QCO_Summary.xlsx,QCO_Summary,F019,13_LAB_SERVICES,03_QCO,SINGLETON,45,35,12,7,0,12,7,0.0,SCHEMA_DISJOINT,0,0,0,0.0,0.0,0,LOW_PROJECTION_WIDTH,NO,NO,NO,36,8,0,0.8182,0,60,0,0.0,0,0,20,0,0,0,0.0,0,0,0.8182,0,32,0,,2003; 2020; 2021; 2024,540,245,,,,SAME_ENTITIES_DIFFERENT_KEY_NAMESPACE,-1,-1,-1,0.0,NO_SHARED_RECORD_KEY,NO_SHARED_RECORD_KEY,is_number,product_standard_is,0,,10; 11; 12; 13; 14; 15; 16; 17; 18; 19; 2; 20; 21; 22; 23; 24; 25; 26; 27; 28; 29; 3; 30; 31; 32 …(+20),10; 11; 12; 13; 14; 15; 16; 17; 18; 19; 2; 20; 21; 22; 23; 24; 25; 26; 27; 28; 29; 3; 30; 31; 32 …(+10),,capability; clause; is_number; lab_id; product; scope_id; scope_status; scope_validity; source_url; test_method; test_name; testing_charge,key_scope_exclusions_amendments; ministry_department; notification_no_date; product_standard_is; qco_name_identifier; scheme_status; source_document_link,IS 17632; IS 17633; IS 17634; IS 17635; IS/IEC 60947 (Part 2); IS/IEC 60947 (Part 3); IS/IEC 60947 (Part 4); IS/IEC 60947 (Part 5),,,
DC-0033,BIS_Laboratory_Scopes.xlsx,BIS_Laboratory_Scopes,F007,BIS_Scheme_IV_FMCS.xlsx,BIS_FMCS_Scheme_IV,F021,13_LAB_SERVICES,22_FMCS,SINGLETON,45,40,12,13,3,9,10,0.1364,SCHEMA_WEAK_OVERLAP,0,45,40,0.0,0.0477,3,LOW_PROJECTION_WIDTH,NO,NO,NO,40,4,0,0.9091,29,31,24,0.3452,0,0,3,0,0,5,0.0,0,0,0.9091,0,32,1,,,540,520,is_number,is_number; product,,KEY_LINKED,38,7,2,0.8085,is 12330:1998*; is 9873 (part 1):2012*; is/iec 60947 part 2:2016; is/iec 60947 part 3:2012*; is/iec 60947 part 4-1; is/iec 60947 part 5-1 …(+1),is 12330:1998; is 9873 (part 1):2012 / 2018,is_number,is_number,68,product; source_url,10; 11; 12; 13; 14; 15; 16; 17; 18; 19; 2; 20; 21; 22; 23; 24; 25; 26; 27; 28; 29; 3; 30; 31; 32 …(+20),10; 11; 12; 13; 14; 15; 16; 17; 18; 19; 2; 20; 21; 22; 23; 24; 25; 26; 27; 28; 29; 3; 30; 31; 32 …(+15),is_number; product; source_url,capability; clause; lab_id; scope_id; scope_status; scope_validity; test_method; test_name; testing_charge,certification_type; mandatory_voluntary; related_product_manual; related_qco; related_sit; requirements; scheme_id_code; scheme_name; scheme_type; scope,IS/IEC 60947 (Part 2); IS/IEC 60947 (Part 3); IS/IEC 60947 (Part 4); IS/IEC 60947 (Part 5),,,certificate of conformity; foreign manufacturers certification scheme fmcs; overseas manufacturers; product certification foreign; scheme iv
DC-0034,BIS_Laboratory_Scopes.xlsx,BIS_Laboratory_Scopes,F007,BIS_Standards_Details_v2 (1).xlsx,BIS Standards,F027,13_LAB_SERVICES,01_KNOW_YOUR_STANDARD,SINGLETON / EXACTDUP-001,45,40,12,19,1,11,18,0.0333,SCHEMA_WEAK_OVERLAP,38,7,2,0.8085,0.0117,1,LOW_PROJECTION_WIDTH,NO,NO,NO,40,4,5,0.8163,0,60,50,0.0,0,0,0,0,0,0,0.0,0,0,0.8163,0,32,1,,1987; 1988; 1989; 1990; 1991; 2003; 2006; 2015 …(+10),540,701,is_number,is_number,,KEY_LINKED,38,7,2,0.8085,is 12330:1998*; is 9873 (part 1):2012*; is/iec 60947 part 2:2016; is/iec 60947 part 3:2012*; is/iec 60947 part 4-1; is/iec 60947 part 5-1 …(+1),is 12330:1988; is 9873 (part 1):2018,is_number,is_number; standard_id; superseded_standard; superseding_standard,0,,19; 42; 43; 44; 45; 46; 9,19; 9,is_number,capability; clause; lab_id; product; scope_id; scope_status; scope_validity; source_url; test_method; test_name; testing_charge,current_status; degree_of_equivalence; document_url; official_url; part_section; product_category; publication_date; reaffirmation_review_date; revision; revision_date; standard_id; subcommittee; superseded_standard; superseding_standard; technical_committee …(+3),IS/IEC 60947 (Part 2); IS/IEC 60947 (Part 3); IS/IEC 60947 (Part 4); IS/IEC 60947 (Part 5),IS 12269; IS 15844; IS 17043; IS 8112; IS 9573,,
DC-0035,BIS_Laboratory_Scopes.xlsx,BIS_Laboratory_Scopes,F007,BIS_Standards_Details_v2.xlsx,BIS Standards,F028,13_LAB_SERVICES,01_KNOW_YOUR_STANDARD,SINGLETON / EXACTDUP-001,45,40,12,19,1,11,18,0.0333,SCHEMA_WEAK_OVERLAP,38,7,2,0.8085,0.0117,1,LOW_PROJECTION_WIDTH,NO,NO,NO,40,4,5,0.8163,0,60,50,0.0,0,0,0,0,0,0,0.0,0,0,0.8163,0,32,1,,1987; 1988; 1989; 1990; 1991; 2003; 2006; 2015 …(+10),540,701,is_number,is_number,,KEY_LINKED,38,7,2,0.8085,is 12330:1998*; is 9873 (part 1):2012*; is/iec 60947 part 2:2016; is/iec 60947 part 3:2012*; is/iec 60947 part 4-1; is/iec 60947 part 5-1 …(+1),is 12330:1988; is 9873 (part 1):2018,is_number,is_number; standard_id; superseded_standard; superseding_standard,0,,19; 42; 43; 44; 45; 46; 9,19; 9,is_number,capability; clause; lab_id; product; scope_id; scope_status; scope_validity; source_url; test_method; test_name; testing_charge,current_status; degree_of_equivalence; document_url; official_url; part_section; product_category; publication_date; reaffirmation_review_date; revision; revision_date; standard_id; subcommittee; superseded_standard; superseding_standard; technical_committee …(+3),IS/IEC 60947 (Part 2); IS/IEC 60947 (Part 3); IS/IEC 60947 (Part 4); IS/IEC 60947 (Part 5),IS 12269; IS 15844; IS 17043; IS 8112; IS 9573,,
DC-0036,BIS_Laboratory_Scopes.xlsx,BIS_Laboratory_Scopes,F007,BIS_Standards_Details_v3.xlsx,BIS Standards,F029,13_LAB_SERVICES,01_KNOW_YOUR_STANDARD,SINGLETON,45,40,12,19,1,11,18,0.0333,SCHEMA_WEAK_OVERLAP,38,7,2,0.8085,0.0117,1,LOW_PROJECTION_WIDTH,NO,NO,NO,40,4,5,0.8163,0,60,50,0.0,0,0,0,0,0,0,0.0,0,0,0.8163,0,32,1,,1987; 1988; 1989; 1990; 1991; 2003; 2006; 2015 …(+10),540,701,is_number,is_number,,KEY_LINKED,38,7,2,0.8085,is 12330:1998*; is 9873 (part 1):2012*; is/iec 60947 part 2:2016; is/iec 60947 part 3:2012*; is/iec 60947 part 4-1; is/iec 60947 part 5-1 …(+1),is 12330:1988; is 9873 (part 1):2018,is_number,is_number; standard_id; superseded_standard; superseding_standard,0,,19; 42; 43; 44; 45; 46; 9,19; 9,is_number,capability; clause; lab_id; product; scope_id; scope_status; scope_validity; source_url; test_method; test_name; testing_charge,current_status; degree_of_equivalence; document_url; official_url; part_section; product_category; publication_date; reaffirmation_review_date; revision; revision_date; standard_id; subcommittee; superseded_standard; superseding_standard; technical_committee …(+3),IS/IEC 60947 (Part 2); IS/IEC 60947 (Part 3); IS/IEC 60947 (Part 4); IS/IEC 60947 (Part 5),IS 12269; IS 15844; IS 17043; IS 8112; IS 9573,,
DC-0037,BIS_Laboratory_Scopes.xlsx,BIS_Laboratory_Scopes,F007,BIS_Standards_Intelligence_Master.xlsx,BIS_Standards_Intelligence,F030,13_LAB_SERVICES,08_PRODUCT_SPECIFIC,SINGLETON,45,45,12,23,3,9,20,0.0938,SCHEMA_WEAK_OVERLAP,0,45,45,0.0,0.0328,3,LOW_PROJECTION_WIDTH,NO,NO,NO,44,0,0,1.0,41,19,17,0.5325,0,0,0,0,0,5,0.0,0,0,1.0,0,32,2,,,540,1035,is_number,is_number; product,,KEY_LINKED,38,7,7,0.7308,is 12330:1998*; is 9873 (part 1):2012*; is/iec 60947 part 2:2016; is/iec 60947 part 3:2012*; is/iec 60947 part 4-1; is/iec 60947 part 5-1 …(+1),is 12330:1998; is 9873 (part 1):2012; is/iec 60947 (part 2):2016; is/iec 60947 (part 3):2012; is/iec 60947 (part 4-1); is/iec 60947 (part 5-1) …(+1),is_number,is_number,65,product; source_url,10; 11; 12; 13; 14; 15; 16; 17; 18; 19; 2; 20; 21; 22; 23; 24; 25; 26; 27; 28; 29; 3; 30; 31; 32 …(+20),10; 11; 12; 13; 14; 15; 16; 17; 18; 19; 2; 20; 21; 22; 23; 24; 25; 26; 27; 28; 29; 3; 30; 31; 32 …(+20),is_number; product; source_url,capability; clause; lab_id; scope_id; scope_status; scope_validity; test_method; test_name; testing_charge,application_procedure; conformity_assessment; eligibility; factory_requirements; fees; forms; infrastructure_requirements; inspection; laboratory_testing; licence_or_coc_grant; process_controls; quality_control; renewal; required_documents; retesting …(+5),,,,eeqco; electrical equipment quality control order; scheme i; scheme i bis isi mark certification; scheme x
DC-0038,BIS_Laboratory_Scopes.xlsx,BIS_Laboratory_Scopes,F007,BIS_Standards_Scheme_Mapping.xlsx,BIS_Standards_Scheme_Mapping,F031,13_LAB_SERVICES,08_PRODUCT_SPECIFIC,SINGLETON,45,36,12,23,2,10,21,0.0606,SCHEMA_WEAK_OVERLAP,0,45,36,0.0,0.0212,2,LOW_PROJECTION_WIDTH,NO,NO,NO,29,15,6,0.58,0,60,0,0.0,0,0,0,0,0,3,0.0,0,0,0.58,0,32,2,,,540,828,is_number,is_number,,KEY_LINKED,26,19,10,0.4727,is 12330:1998*; is 1489 (part 1):2015; is 1489 (part 2):2015; is 15298 (part 2):2016; is 15844 (part 1):2023; is 15844 (part 2):2023 …(+13),is 12330 / cement standards; is 1489 parts 1 & 2; is 15298 part 2:2016; is 15844 parts 1–3; is 17043 parts 1–2; is 2553 parts 1 & 2 …(+4),is_number,is_number,26,source_url,10; 11; 12; 13; 14; 15; 16; 17; 18; 19; 2; 20; 21; 22; 23; 24; 25; 26; 27; 28; 29; 3; 30; 31; 32 …(+20),10; 11; 12; 13; 14; 15; 16; 17; 18; 19; 2; 20; 21; 22; 23; 24; 25; 26; 27; 28; 29; 3; 30; 31; 32 …(+11),is_number; source_url,capability; clause; lab_id; product; scope_id; scope_status; scope_validity; test_method; test_name; testing_charge,application_procedure; certification_scheme_to_store; conformity_assessment; eligibility; factory_requirements; fees; forms; group; infrastructure_requirements; inspection; laboratory_testing; licence_or_coc_grant; process_controls; quality_control; renewal …(+6),IS 1489 (Part 1); IS 1489 (Part 2); IS 15844 (Part 1); IS 15844 (Part 2); IS 15844 (Part 3); IS 17043 (Part 1); IS 17043 (Part 2); IS 2553 (Part 1) …(+7),IS 1489; IS 15844; IS 17043; IS 2553; IS 9573; IS 9873,,applicable eeqco product specific process; scheme ii; scheme x
DC-0039,BIS_Laboratory_Scopes.xlsx,BIS_Laboratory_Scopes,F007,BIS_Testing_Parameters_Master.xlsx,BIS_Testing_Parameters,F032,13_LAB_SERVICES,10_TESTING,SINGLETON,45,45,12,18,6,6,12,0.25,SCHEMA_OVERLAP,0,45,45,0.0,0.0875,6,RELIABLE,NO,NO,NO,44,0,0,1.0,37,23,22,0.4512,0,0,0,0,0,0,0.0,0,0,1.0,0,32,0,,,540,787,is_number,is_number; product; test_method,,KEY_LINKED,40,5,5,0.8,is/iec 60947 part 2:2016; is/iec 60947 part 3:2012*; is/iec 60947 part 4-1; is/iec 60947 part 5-1; is/iec 60947 part 5-5,is/iec 60947 (part 2):2016; is/iec 60947 (part 3):2012*; is/iec 60947 (part 4-1); is/iec 60947 (part 5-1); is/iec 60947 (part 5-5),is_number,is_number; test_method_standard,151,clause; product; source_url; test_method; test_name,10; 11; 12; 13; 14; 15; 16; 17; 18; 19; 2; 20; 21; 22; 23; 24; 25; 26; 27; 28; 29; 3; 30; 31; 32 …(+20),10; 11; 12; 13; 14; 15; 16; 17; 18; 19; 2; 20; 21; 22; 23; 24; 25; 26; 27; 28; 29; 3; 30; 31; 32 …(+20),clause; is_number; product; source_url; test_method; test_name,capability; lab_id; scope_id; scope_status; scope_validity; testing_charge,acceptance_criteria; laboratory_requirement; rejection_handling; remarks; required_equipment; sample_size; sampling_frequency; source_document; source_page; test_frequency; test_method_standard; test_parameter,,,,
DC-0040,BIS_Notifications_Master.xlsx,BIS_Notifications_Master,F009,BIS_Product_Manuals_Master.xlsx,BIS_Product_Manuals,F010,16_ACT_RULES_REGULATIONS,09_PRODUCT_MANUALS,SINGLETON,31,40,14,20,2,12,18,0.0625,SCHEMA_WEAK_OVERLAP,0,31,40,0.0,0.0219,2,LOW_PROJECTION_WIDTH,NO,NO,NO,20,6,20,0.4348,0,0,50,0.0,0,20,0,0,0,1,0.0,0,0,0.4348,0,12,0,,,434,795,,,,SAME_ENTITIES_DIFFERENT_KEY_NAMESPACE,-1,-1,-1,0.0,NO_SHARED_RECORD_KEY,NO_SHARED_RECORD_KEY,related_is,is_number,0,,10; 11; 12; 13; 14; 15; 16; 17; 18; 19; 2; 20; 21; 22; 23; 24; 25; 26; 27; 28; 29; 3; 30; 31; 32 …(+6),10; 11; 12; 13; 14; 15; 16; 17; 18; 19; 2; 20; 21; 22; 23; 24; 25; 26; 27; 28; 29; 3; 30; 31; 32 …(+15),document_url; source_url,date; department; effective_date; ministry; notification_id; notification_number; related_amendment; related_is; related_qco; subject; title; type,grouping_guidelines; inspection_requirements; is_number; licensing_requirements; manual_id; manual_title; marking_requirements; process_requirements; product; raw_material_requirements; revision_date; sampling_guidelines; scheme; scope; sit_sti …(+3),IS 1489; IS 15844; IS 17043; IS 2553; IS 9573; IS 9873,IS 1489 (Part 1); IS 1489 (Part 2); IS 15844 (Part 1); IS 15844 (Part 2); IS 15844 (Part 3); IS 17043 (Part 1); IS 17043 (Part 2); IS 17632 …(+12),,scheme i
DC-0041,BIS_Notifications_Master.xlsx,BIS_Notifications_Master,F009,BIS_Products_Details.xlsx,Products_Details,F011,16_ACT_RULES_REGULATIONS,02_PRODUCTS,SINGLETON,31,40,14,11,1,13,10,0.0417,SCHEMA_WEAK_OVERLAP,0,31,40,0.0,0.0146,1,LOW_PROJECTION_WIDTH,NO,NO,NO,20,6,20,0.4348,0,0,88,0.0,0,20,15,0,0,1,0.0,0,0,0.4348,0,12,0,,,434,440,,,,SAME_ENTITIES_DIFFERENT_KEY_NAMESPACE,-1,-1,-1,0.0,NO_SHARED_RECORD_KEY,NO_SHARED_RECORD_KEY,related_is,related_is_numbers,0,,10; 11; 12; 13; 14; 15; 16; 17; 18; 19; 2; 20; 21; 22; 23; 24; 25; 26; 27; 28; 29; 3; 30; 31; 32 …(+6),10; 11; 12; 13; 14; 15; 16; 17; 18; 19; 2; 20; 21; 22; 23; 24; 25; 26; 27; 28; 29; 3; 30; 31; 32 …(+15),source_url,date; department; document_url; effective_date; ministry; notification_id; notification_number; related_amendment; related_is; related_qco; subject; title; type,alternate_names; category; description; keywords; product_id; product_name; related_is_numbers; related_qcos; related_schemes; subcategory,IS 1489; IS 15844; IS 17043; IS 2553; IS 9573; IS 9873,IS 1489 (Part 1); IS 1489 (Part 2); IS 15844 (Part 1); IS 15844 (Part 2); IS 15844 (Part 3); IS 17043 (Part 1); IS 17043 (Part 2); IS 17632 …(+12),,scheme i isi mark
DC-0042,BIS_Notifications_Master.xlsx,BIS_Notifications_Master,F009,BIS_QCO-schema_2.xlsx,BIS_QCO-schema_2,F014,16_ACT_RULES_REGULATIONS,03_QCO,SINGLETON,31,40,14,22,5,9,17,0.1613,SCHEMA_WEAK_OVERLAP,0,31,40,0.0,0.0565,5,LOW_PROJECTION_WIDTH,NO,NO,NO,20,6,20,0.4348,0,0,49,0.0,1,19,35,0,0,1,0.0,0,13,0.4483,0,12,0,,,434,880,,,,SAME_ENTITIES_DIFFERENT_KEY_NAMESPACE,-1,-1,-1,0.0,NO_SHARED_RECORD_KEY,NO_SHARED_RECORD_KEY,related_is,is_numbers,0,,10; 11; 12; 13; 14; 15; 16; 17; 18; 19; 2; 20; 21; 22; 23; 24; 25; 26; 27; 28; 29; 3; 30; 31; 32 …(+6),10; 11; 12; 13; 14; 15; 16; 17; 18; 19; 2; 20; 21; 22; 23; 24; 25; 26; 27; 28; 29; 3; 30; 31; 32 …(+15),department; effective_date; ministry; notification_number; source_url,date; document_url; notification_id; related_amendment; related_is; related_qco; subject; title; type,amendments; corrigendas; current_status; deferments; exclusions; extensions; is_numbers; mandatory_status; notification_date; official_document_url; product; qco_id; qco_name; qco_number; schemes …(+2),IS 1489; IS 15844; IS 17043; IS 2553; IS 9573; IS 9873,IS 1489 (Part 1); IS 1489 (Part 2); IS 15844 (Part 1); IS 15844 (Part 2); IS 15844 (Part 3); IS 17043 (Part 1); IS 17043 (Part 2); IS 17632 …(+12),,scheme i
DC-0043,BIS_Notifications_Master.xlsx,BIS_Notifications_Master,F009,BIS_QCO_Master_Records (1).xlsx,QCO_Master_Records,F015,16_ACT_RULES_REGULATIONS,03_QCO,SINGLETON / NAMECAND-004,31,15,14,22,5,9,17,0.1613,SCHEMA_WEAK_OVERLAP,0,31,15,0.0,0.0565,5,LOW_PROJECTION_WIDTH,NO,NO,NO,21,5,6,0.6562,0,0,27,0.0,1,19,40,0,0,2,0.0,0,9,0.6562,0,12,0,,2003; 2020; 2021; 2024; 2025,434,244,,,,SAME_ENTITIES_DIFFERENT_KEY_NAMESPACE,-1,-1,-1,0.0,NO_SHARED_RECORD_KEY,NO_SHARED_RECORD_KEY,related_is,is_numbers,0,,10; 11; 12; 13; 14; 15; 16; 17; 18; 19; 2; 20; 21; 22; 23; 24; 25; 26; 27; 28; 29; 3; 30; 31; 32 …(+6),10; 11; 12; 13; 14; 15; 16; 2; 3; 4; 5; 6; 7; 8; 9,department; effective_date; ministry; notification_number; source_url,date; document_url; notification_id; related_amendment; related_is; related_qco; subject; title; type,amendments; corrigendas; current_status; deferments; exclusions; extensions; is_numbers; mandatory_status; notification_date; official_document_url; product; qco_id; qco_name; qco_number; schemes …(+2),IS 1489; IS 15844; IS 17043; IS 2553; IS 9573,IS 1489 (Part 1); IS 15844 (Part 1); IS 17043 (Part 1); IS 17636; IS 2553 (Part 1); IS 9573 (Part 1),,scheme i; scheme i isi mark
DC-0044,BIS_Notifications_Master.xlsx,BIS_Notifications_Master,F009,BIS_QCO_Master_Records_v3.xlsx,QCO_Master_Records,F017,16_ACT_RULES_REGULATIONS,03_QCO,SINGLETON / NAMECAND-004,31,12,14,22,5,9,17,0.1613,SCHEMA_WEAK_OVERLAP,0,31,12,0.0,0.0565,5,LOW_PROJECTION_WIDTH,NO,NO,NO,10,16,2,0.3571,0,0,21,0.0,0,20,10,0,0,1,0.0,0,1,0.3571,0,12,0,,,434,251,,,,SAME_ENTITIES_DIFFERENT_KEY_NAMESPACE,-1,-1,-1,0.0,NO_SHARED_RECORD_KEY,NO_SHARED_RECORD_KEY,related_is,is_numbers,0,,10; 11; 12; 13; 14; 15; 16; 17; 18; 19; 2; 20; 21; 22; 23; 24; 25; 26; 27; 28; 29; 3; 30; 31; 32 …(+6),10; 11; 12; 13; 2; 3; 4; 5; 6; 7; 8; 9,department; effective_date; ministry; notification_number; source_url,date; document_url; notification_id; related_amendment; related_is; related_qco; subject; title; type,amendments; corrigendas; current_status; deferments; exclusions; extensions; is_numbers; mandatory_status; notification_date; official_document_url; product; qco_id; qco_name; qco_number; schemes …(+2),IS 1489; IS 15298 (Part 2); IS 15392; IS 15644; IS 15844; IS 17012; IS 17037; IS 17043 …(+8),IS 1489 (Part 1); IS 1489 (Part 2),,scheme i isi mark
DC-0045,BIS_Notifications_Master.xlsx,BIS_Notifications_Master,F009,BIS_QCO_Master_Scheme_1.xlsx,BIS_QCO_Master_Scheme_1,F018,16_ACT_RULES_REGULATIONS,03_QCO,SINGLETON,31,40,14,11,2,12,9,0.087,SCHEMA_WEAK_OVERLAP,0,31,40,0.0,0.0304,2,LOW_PROJECTION_WIDTH,NO,NO,NO,20,6,20,0.4348,0,0,52,0.0,0,20,22,0,0,0,0.0,0,6,0.4348,0,12,0,,,434,440,,,,SAME_ENTITIES_DIFFERENT_KEY_NAMESPACE,-1,-1,-1,0.0,NO_SHARED_RECORD_KEY,NO_SHARED_RECORD_KEY,related_is,is_number,0,,10; 11; 12; 13; 14; 15; 16; 17; 18; 19; 2; 20; 21; 22; 23; 24; 25; 26; 27; 28; 29; 3; 30; 31; 32 …(+6),10; 11; 12; 13; 14; 15; 16; 17; 18; 19; 2; 20; 21; 22; 23; 24; 25; 26; 27; 28; 29; 3; 30; 31; 32 …(+15),ministry; notification_number,date; department; document_url; effective_date; notification_id; related_amendment; related_is; related_qco; source_url; subject; title; type,amendments_extensions; effective_implementation_date; exemptions; is_number; mandatory_voluntary_status; product; qco_order; scope; source_gazette_url,IS 1489; IS 15844; IS 17043; IS 2553; IS 9573; IS 9873,IS 1489 (Part 1); IS 1489 (Part 2); IS 15844 (Part 1); IS 15844 (Part 2); IS 15844 (Part 3); IS 17043 (Part 1); IS 17043 (Part 2); IS 17632 …(+12),,
DC-0046,BIS_Notifications_Master.xlsx,BIS_Notifications_Master,F009,BIS_QCO_Summary.xlsx,QCO_Summary,F019,16_ACT_RULES_REGULATIONS,03_QCO,SINGLETON,31,35,14,7,0,14,7,0.0,SCHEMA_DISJOINT,0,0,0,0.0,0.0,0,LOW_PROJECTION_WIDTH,NO,NO,NO,20,6,16,0.4762,0,0,0,0.0,1,19,19,0,0,0,0.0,0,0,0.4762,0,12,0,,2003; 2020; 2021; 2024,434,245,,,,SAME_ENTITIES_DIFFERENT_KEY_NAMESPACE,-1,-1,-1,0.0,NO_SHARED_RECORD_KEY,NO_SHARED_RECORD_KEY,related_is,product_standard_is,0,,10; 11; 12; 13; 14; 15; 16; 17; 18; 19; 2; 20; 21; 22; 23; 24; 25; 26; 27; 28; 29; 3; 30; 31; 32 …(+6),10; 11; 12; 13; 14; 15; 16; 17; 18; 19; 2; 20; 21; 22; 23; 24; 25; 26; 27; 28; 29; 3; 30; 31; 32 …(+10),,date; department; document_url; effective_date; ministry; notification_id; notification_number; related_amendment; related_is; related_qco; source_url; subject; title; type,key_scope_exclusions_amendments; ministry_department; notification_no_date; product_standard_is; qco_name_identifier; scheme_status; source_document_link,IS 1489; IS 15844; IS 17043; IS 2553; IS 9573; IS 9873,IS 1489 (Part 1); IS 1489 (Part 2); IS 15844 (Part 1); IS 15844 (Part 2); IS 15844 (Part 3); IS 17043 (Part 1); IS 17043 (Part 2); IS 17636 …(+8),,
DC-0047,BIS_Notifications_Master.xlsx,BIS_Notifications_Master,F009,BIS_Scheme_IV_FMCS.xlsx,BIS_FMCS_Scheme_IV,F021,16_ACT_RULES_REGULATIONS,22_FMCS,SINGLETON,31,40,14,13,2,12,11,0.08,SCHEMA_WEAK_OVERLAP,0,31,40,0.0,0.028,2,LOW_PROJECTION_WIDTH,NO,NO,NO,20,6,20,0.4348,0,0,53,0.0,0,20,3,0,0,5,0.0,0,0,0.4348,0,12,1,,,434,520,,,,SAME_ENTITIES_DIFFERENT_KEY_NAMESPACE,-1,-1,-1,0.0,NO_SHARED_RECORD_KEY,NO_SHARED_RECORD_KEY,related_is,is_number,0,,10; 11; 12; 13; 14; 15; 16; 17; 18; 19; 2; 20; 21; 22; 23; 24; 25; 26; 27; 28; 29; 3; 30; 31; 32 …(+6),10; 11; 12; 13; 14; 15; 16; 17; 18; 19; 2; 20; 21; 22; 23; 24; 25; 26; 27; 28; 29; 3; 30; 31; 32 …(+15),related_qco; source_url,date; department; document_url; effective_date; ministry; notification_id; notification_number; related_amendment; related_is; subject; title; type,certification_type; is_number; mandatory_voluntary; product; related_product_manual; related_sit; requirements; scheme_id_code; scheme_name; scheme_type; scope,IS 1489; IS 15844; IS 17043; IS 2553; IS 9573; IS 9873,IS 1489 (Part 1); IS 1489 (Part 2); IS 15844 (Part 1); IS 15844 (Part 2); IS 15844 (Part 3); IS 17043 (Part 1); IS 17043 (Part 2); IS 17632 …(+12),,certificate of conformity; foreign manufacturers certification scheme fmcs; overseas manufacturers; product certification foreign; scheme iv
DC-0048,BIS_Notifications_Master.xlsx,BIS_Notifications_Master,F009,BIS_Standards_Details_v2 (1).xlsx,BIS Standards,F027,16_ACT_RULES_REGULATIONS,01_KNOW_YOUR_STANDARD,SINGLETON / EXACTDUP-001,31,40,14,19,2,12,17,0.0645,SCHEMA_WEAK_OVERLAP,0,31,40,0.0,0.0226,2,LOW_PROJECTION_WIDTH,NO,NO,NO,23,3,22,0.4792,0,0,50,0.0,0,20,0,0,0,0,0.0,0,0,0.4792,0,12,1,,1987; 1988; 1989; 1990; 1991; 2003; 2006; 2015 …(+10),434,701,,,,SAME_ENTITIES_DIFFERENT_KEY_NAMESPACE,-1,-1,-1,0.0,NO_SHARED_RECORD_KEY,NO_SHARED_RECORD_KEY,related_is,is_number; standard_id; superseded_standard; superseding_standard,0,,10; 11; 12; 13; 14; 15; 16; 17; 18; 19; 2; 20; 21; 22; 23; 24; 25; 26; 27; 28; 29; 3; 30; 31; 32 …(+6),10; 11; 12; 13; 14; 15; 16; 17; 18; 19; 2; 20; 21; 22; 23; 24; 25; 26; 27; 28; 29; 3; 30; 31; 32 …(+15),document_url; title,date; department; effective_date; ministry; notification_id; notification_number; related_amendment; related_is; related_qco; source_url; subject; type,current_status; degree_of_equivalence; is_number; official_url; part_section; product_category; publication_date; reaffirmation_review_date; revision; revision_date; standard_id; subcommittee; superseded_standard; superseding_standard; technical_committee …(+2),IS 1489; IS 2553; IS 9873,IS 12269; IS 1489 (Part 1); IS 1489 (Part 2); IS 15844 (Part 1); IS 15844 (Part 2); IS 15844 (Part 3); IS 17043 (Part 1); IS 17043 (Part 2) …(+14),,
DC-0049,BIS_Notifications_Master.xlsx,BIS_Notifications_Master,F009,BIS_Standards_Details_v2.xlsx,BIS Standards,F028,16_ACT_RULES_REGULATIONS,01_KNOW_YOUR_STANDARD,SINGLETON / EXACTDUP-001,31,40,14,19,2,12,17,0.0645,SCHEMA_WEAK_OVERLAP,0,31,40,0.0,0.0226,2,LOW_PROJECTION_WIDTH,NO,NO,NO,23,3,22,0.4792,0,0,50,0.0,0,20,0,0,0,0,0.0,0,0,0.4792,0,12,1,,1987; 1988; 1989; 1990; 1991; 2003; 2006; 2015 …(+10),434,701,,,,SAME_ENTITIES_DIFFERENT_KEY_NAMESPACE,-1,-1,-1,0.0,NO_SHARED_RECORD_KEY,NO_SHARED_RECORD_KEY,related_is,is_number; standard_id; superseded_standard; superseding_standard,0,,10; 11; 12; 13; 14; 15; 16; 17; 18; 19; 2; 20; 21; 22; 23; 24; 25; 26; 27; 28; 29; 3; 30; 31; 32 …(+6),10; 11; 12; 13; 14; 15; 16; 17; 18; 19; 2; 20; 21; 22; 23; 24; 25; 26; 27; 28; 29; 3; 30; 31; 32 …(+15),document_url; title,date; department; effective_date; ministry; notification_id; notification_number; related_amendment; related_is; related_qco; source_url; subject; type,current_status; degree_of_equivalence; is_number; official_url; part_section; product_category; publication_date; reaffirmation_review_date; revision; revision_date; standard_id; subcommittee; superseded_standard; superseding_standard; technical_committee …(+2),IS 1489; IS 2553; IS 9873,IS 12269; IS 1489 (Part 1); IS 1489 (Part 2); IS 15844 (Part 1); IS 15844 (Part 2); IS 15844 (Part 3); IS 17043 (Part 1); IS 17043 (Part 2) …(+14),,
DC-0050,BIS_Notifications_Master.xlsx,BIS_Notifications_Master,F009,BIS_Standards_Details_v3.xlsx,BIS Standards,F029,16_ACT_RULES_REGULATIONS,01_KNOW_YOUR_STANDARD,SINGLETON,31,40,14,19,2,12,17,0.0645,SCHEMA_WEAK_OVERLAP,0,31,40,0.0,0.0226,2,LOW_PROJECTION_WIDTH,NO,NO,NO,23,3,22,0.4792,0,0,50,0.0,0,20,0,0,0,0,0.0,0,0,0.4792,0,12,1,,1987; 1988; 1989; 1990; 1991; 2003; 2006; 2015 …(+10),434,701,,,,SAME_ENTITIES_DIFFERENT_KEY_NAMESPACE,-1,-1,-1,0.0,NO_SHARED_RECORD_KEY,NO_SHARED_RECORD_KEY,related_is,is_number; standard_id; superseded_standard; superseding_standard,0,,10; 11; 12; 13; 14; 15; 16; 17; 18; 19; 2; 20; 21; 22; 23; 24; 25; 26; 27; 28; 29; 3; 30; 31; 32 …(+6),10; 11; 12; 13; 14; 15; 16; 17; 18; 19; 2; 20; 21; 22; 23; 24; 25; 26; 27; 28; 29; 3; 30; 31; 32 …(+15),document_url; title,date; department; effective_date; ministry; notification_id; notification_number; related_amendment; related_is; related_qco; source_url; subject; type,current_status; degree_of_equivalence; is_number; official_url; part_section; product_category; publication_date; reaffirmation_review_date; revision; revision_date; standard_id; subcommittee; superseded_standard; superseding_standard; technical_committee …(+2),IS 1489; IS 2553; IS 9873,IS 12269; IS 1489 (Part 1); IS 1489 (Part 2); IS 15844 (Part 1); IS 15844 (Part 2); IS 15844 (Part 3); IS 17043 (Part 1); IS 17043 (Part 2) …(+14),,
DC-0051,BIS_Notifications_Master.xlsx,BIS_Notifications_Master,F009,BIS_Standards_Intelligence_Master.xlsx,BIS_Standards_Intelligence,F030,16_ACT_RULES_REGULATIONS,08_PRODUCT_SPECIFIC,SINGLETON,31,45,14,23,1,13,22,0.0278,SCHEMA_WEAK_OVERLAP,0,31,45,0.0,0.0097,1,LOW_PROJECTION_WIDTH,NO,NO,NO,20,6,24,0.4,0,0,58,0.0,0,20,0,0,0,5,0.0,0,0,0.4,0,12,2,,,434,1035,,,,SAME_ENTITIES_DIFFERENT_KEY_NAMESPACE,-1,-1,-1,0.0,NO_SHARED_RECORD_KEY,NO_SHARED_RECORD_KEY,related_is,is_number,0,,10; 11; 12; 13; 14; 15; 16; 17; 18; 19; 2; 20; 21; 22; 23; 24; 25; 26; 27; 28; 29; 3; 30; 31; 32 …(+6),10; 11; 12; 13; 14; 15; 16; 17; 18; 19; 2; 20; 21; 22; 23; 24; 25; 26; 27; 28; 29; 3; 30; 31; 32 …(+20),source_url,date; department; document_url; effective_date; ministry; notification_id; notification_number; related_amendment; related_is; related_qco; subject; title; type,application_procedure; conformity_assessment; eligibility; factory_requirements; fees; forms; infrastructure_requirements; inspection; is_number; laboratory_testing; licence_or_coc_grant; process_controls; product; quality_control; renewal …(+7),IS 1489; IS 15844; IS 17043; IS 2553; IS 9573; IS 9873,IS 1489 (Part 1); IS 1489 (Part 2); IS 15844 (Part 1); IS 15844 (Part 2); IS 15844 (Part 3); IS 17043 (Part 1); IS 17043 (Part 2); IS 17632 …(+16),,eeqco; electrical equipment quality control order; scheme i; scheme i bis isi mark certification; scheme x
DC-0052,BIS_Notifications_Master.xlsx,BIS_Notifications_Master,F009,BIS_Standards_Scheme_Mapping.xlsx,BIS_Standards_Scheme_Mapping,F031,16_ACT_RULES_REGULATIONS,08_PRODUCT_SPECIFIC,SINGLETON,31,36,14,23,1,13,22,0.0278,SCHEMA_WEAK_OVERLAP,0,31,36,0.0,0.0097,1,LOW_PROJECTION_WIDTH,NO,NO,NO,26,0,9,0.7429,0,0,0,0.0,0,20,0,0,0,3,0.0,0,0,0.7429,0,12,2,,,434,828,,,,SAME_ENTITIES_DIFFERENT_KEY_NAMESPACE,-1,-1,-1,0.0,NO_SHARED_RECORD_KEY,NO_SHARED_RECORD_KEY,related_is,is_number,0,,10; 11; 12; 13; 14; 15; 16; 17; 18; 19; 2; 20; 21; 22; 23; 24; 25; 26; 27; 28; 29; 3; 30; 31; 32 …(+6),10; 11; 12; 13; 14; 15; 16; 17; 18; 19; 2; 20; 21; 22; 23; 24; 25; 26; 27; 28; 29; 3; 30; 31; 32 …(+11),source_url,date; department; document_url; effective_date; ministry; notification_id; notification_number; related_amendment; related_is; related_qco; subject; title; type,application_procedure; certification_scheme_to_store; conformity_assessment; eligibility; factory_requirements; fees; forms; group; infrastructure_requirements; inspection; is_number; laboratory_testing; licence_or_coc_grant; process_controls; quality_control …(+7),,IS 17632; IS 17633; IS 17634; IS 17635; IS 17636; IS/IEC 60947 (Part 2); IS/IEC 60947 (Part 3); IS/IEC 60947 (Part 4) …(+1),,applicable eeqco product specific process; scheme ii; scheme x
DC-0053,BIS_Notifications_Master.xlsx,BIS_Notifications_Master,F009,BIS_Testing_Parameters_Master.xlsx,BIS_Testing_Parameters,F032,16_ACT_RULES_REGULATIONS,10_TESTING,SINGLETON,31,45,14,18,1,13,17,0.0323,SCHEMA_WEAK_OVERLAP,0,31,22,0.0,0.0113,1,LOW_PROJECTION_WIDTH,NO,NO,NO,20,6,24,0.4,0,0,59,0.0,0,20,0,0,0,0,0.0,0,0,0.4,0,12,0,,,434,787,,,,SAME_ENTITIES_DIFFERENT_KEY_NAMESPACE,-1,-1,-1,0.0,NO_SHARED_RECORD_KEY,NO_SHARED_RECORD_KEY,related_is,is_number; test_method_standard,0,,10; 11; 12; 13; 14; 15; 16; 17; 18; 19; 2; 20; 21; 22; 23; 24; 25; 26; 27; 28; 29; 3; 30; 31; 32 …(+6),10; 11; 12; 13; 14; 15; 16; 17; 18; 2; 3; 4; 42; 43; 44; 45; 46; 5; 6; 7; 8; 9,source_url,date; department; document_url; effective_date; ministry; notification_id; notification_number; related_amendment; related_is; related_qco; subject; title; type,acceptance_criteria; clause; is_number; laboratory_requirement; product; rejection_handling; remarks; required_equipment; sample_size; sampling_frequency; source_document; source_page; test_frequency; test_method; test_method_standard …(+2),IS 1489; IS 15844; IS 17043; IS 2553; IS 9573; IS 9873,IS 1489 (Part 1); IS 1489 (Part 2); IS 15844 (Part 1); IS 15844 (Part 2); IS 15844 (Part 3); IS 17043 (Part 1); IS 17043 (Part 2); IS 17632 …(+16),,
DC-0054,BIS_Notifications_Master.xlsx,BIS_Notifications_Master,F009,bis_circulars (1).csv,bis_circulars (1),F033,16_ACT_RULES_REGULATIONS,16_ACT_RULES_REGULATIONS,SINGLETON,31,160,14,11,6,8,5,0.3158,SCHEMA_OVERLAP,0,31,160,0.0,0.1105,6,RELIABLE,NO,NO,NO,11,15,962,0.0111,0,0,0,0.0,0,20,0,0,0,0,0.0,0,0,0.0111,0,12,159,,,434,1373,,,,NO_KEY_AVAILABLE,-1,-1,-1,0.0,NO_SHARED_RECORD_KEY,NO_SHARED_RECORD_KEY,related_is,related_is,0,,10; 11; 12; 13; 14; 15; 16; 17; 18; 19; 2; 20; 21; 22; 23; 24; 25; 26; 27; 28; 29; 3; 30; 31; 32 …(+6),10; 100; 101; 102; 103; 104; 105; 106; 107; 108; 109; 11; 110; 111; 112; 113; 114; 115; 116; 117; 118; 119; 12; 120; 121 …(+135),document_url; effective_date; related_is; source_url; subject; title,date; department; ministry; notification_id; notification_number; related_amendment; related_qco; type,circular_id; circular_number; implementation_instructions; issuing_authority; release_date,IS 12600; IS 15298 (Part 2); IS 15392; IS 15644; IS 15844; IS 17012; IS 17037; IS 17043 …(+7),IS 10; IS 10001; IS 10025; IS 10065; IS 1007; IS 1008; IS 10080; IS 10086 …(+954),,
DC-0055,BIS_Notifications_Master.xlsx,BIS_Notifications_Master,F009,bis_gazette_notification.csv,bis_gazette_notification,F034,16_ACT_RULES_REGULATIONS,16_ACT_RULES_REGULATIONS,SINGLETON,31,1798,14,4,2,12,2,0.125,SCHEMA_WEAK_OVERLAP,0,31,1400,0.0,0.0437,2,LOW_PROJECTION_WIDTH,NO,NO,NO,21,5,594,0.0339,0,0,0,0.0,0,20,0,0,0,0,0.0,0,0,0.0339,0,12,0,,,434,4844,,,,NO_KEY_AVAILABLE,-1,-1,-1,0.0,NO_SHARED_RECORD_KEY,NO_SHARED_RECORD_KEY,related_is,related_is,0,,10; 11; 12; 13; 14; 15; 16; 17; 18; 19; 2; 20; 21; 22; 23; 24; 25; 26; 27; 28; 29; 3; 30; 31; 32 …(+6),10; 100; 1000; 1001; 1002; 1003; 1004; 1005; 1006; 1007; 1008; 1009; 101; 1010; 1011; 1012; 1013; 1014; 1015; 1016; 1017; 1018; 1019; 102; 1020 …(+1375),related_is; title,date; department; document_url; effective_date; ministry; notification_id; notification_number; related_amendment; related_qco; source_url; subject; type,id; unnamed_3,IS 15298 (Part 2); IS 15644; IS 2553; IS 2835; IS 302 (Part 1),IS 10109; IS 10116; IS 1019; IS 10238; IS 1029; IS 10325; IS 10617; IS 10631 …(+586),,
DC-0056,BIS_Product_Manuals_Master.xlsx,BIS_Product_Manuals,F010,BIS_Products_Details.xlsx,Products_Details,F011,09_PRODUCT_MANUALS,02_PRODUCTS,SINGLETON,40,40,20,11,1,19,10,0.0333,SCHEMA_WEAK_OVERLAP,0,40,40,0.0,0.0117,1,LOW_PROJECTION_WIDTH,NO,NO,NO,40,0,0,1.0,18,32,70,0.15,0,0,15,0,1,1,0.0,0,0,1.0,0,0,0,,,795,440,,,,SAME_ENTITIES_DIFFERENT_KEY_NAMESPACE,-1,-1,-1,0.0,NO_SHARED_RECORD_KEY,NO_SHARED_RECORD_KEY,is_number,related_is_numbers,0,,10; 11; 12; 13; 14; 15; 16; 17; 18; 19; 2; 20; 21; 22; 23; 24; 25; 26; 27; 28; 29; 3; 30; 31; 32 …(+15),10; 11; 12; 13; 14; 15; 16; 17; 18; 19; 2; 20; 21; 22; 23; 24; 25; 26; 27; 28; 29; 3; 30; 31; 32 …(+15),source_url,document_url; grouping_guidelines; inspection_requirements; is_number; licensing_requirements; manual_id; manual_title; marking_requirements; process_requirements; product; raw_material_requirements; revision_date; sampling_guidelines; scheme; scope …(+4),alternate_names; category; description; keywords; product_id; product_name; related_is_numbers; related_qcos; related_schemes; subcategory,,,scheme i,scheme i isi mark
DC-0057,BIS_Product_Manuals_Master.xlsx,BIS_Product_Manuals,F010,BIS_Products_Full_Information.xlsx,Products_Details,F012,09_PRODUCT_MANUALS,02_PRODUCTS,SINGLETON / NAMECAND-003,40,40,20,11,1,19,10,0.0333,SCHEMA_WEAK_OVERLAP,0,40,40,0.0,0.0117,1,LOW_PROJECTION_WIDTH,NO,NO,NO,27,13,24,0.4219,10,40,91,0.0709,0,0,25,0,1,12,0.0,0,0,0.4219,0,0,0,,,795,440,,,,SAME_ENTITIES_DIFFERENT_KEY_NAMESPACE,-1,-1,-1,0.0,NO_SHARED_RECORD_KEY,NO_SHARED_RECORD_KEY,is_number,related_is_numbers,0,,10; 11; 12; 13; 14; 15; 16; 17; 18; 19; 2; 20; 21; 22; 23; 24; 25; 26; 27; 28; 29; 3; 30; 31; 32 …(+15),10; 11; 12; 13; 14; 15; 16; 17; 18; 19; 2; 20; 21; 22; 23; 24; 25; 26; 27; 28; 29; 3; 30; 31; 32 …(+15),source_url,document_url; grouping_guidelines; inspection_requirements; is_number; licensing_requirements; manual_id; manual_title; marking_requirements; process_requirements; product; raw_material_requirements; revision_date; sampling_guidelines; scheme; scope …(+4),alternate_names; category; description; keywords; product_id; product_name; related_is_numbers; related_qcos; related_schemes; subcategory,IS 12330; IS 12600; IS 15298 (Part 2); IS 15392; IS 16415; IS 17037; IS 2083; IS 302 (Part 1) …(+5),IS 10322; IS 10702; IS 12089; IS 12254; IS 1254; IS 1489; IS 14900; IS 15298 (Part 1) …(+16),scheme i,440 licenses; active licenses 40; active licenses 79; bis scheme i isi mark; bis scheme i isi mark certification scheme; bis scheme i isi mark scheme …(+6)
DC-0058,BIS_Product_Manuals_Master.xlsx,BIS_Product_Manuals,F010,BIS_Products_Full_Information_v2.xlsx,Products_Details,F013,09_PRODUCT_MANUALS,02_PRODUCTS,SINGLETON / NAMECAND-003,40,40,20,11,1,19,10,0.0333,SCHEMA_WEAK_OVERLAP,0,40,40,0.0,0.0117,1,LOW_PROJECTION_WIDTH,NO,NO,NO,27,13,24,0.4219,10,40,91,0.0709,0,0,25,0,1,12,0.0,0,0,0.4219,0,0,0,,,795,440,,,,SAME_ENTITIES_DIFFERENT_KEY_NAMESPACE,-1,-1,-1,0.0,NO_SHARED_RECORD_KEY,NO_SHARED_RECORD_KEY,is_number,related_is_numbers,0,,10; 11; 12; 13; 14; 15; 16; 17; 18; 19; 2; 20; 21; 22; 23; 24; 25; 26; 27; 28; 29; 3; 30; 31; 32 …(+15),10; 11; 12; 13; 14; 15; 16; 17; 18; 19; 2; 20; 21; 22; 23; 24; 25; 26; 27; 28; 29; 3; 30; 31; 32 …(+15),source_url,document_url; grouping_guidelines; inspection_requirements; is_number; licensing_requirements; manual_id; manual_title; marking_requirements; process_requirements; product; raw_material_requirements; revision_date; sampling_guidelines; scheme; scope …(+4),alternate_names; category; description; keywords; product_id; product_name; related_is_numbers; related_qcos; related_schemes; subcategory,IS 12330; IS 12600; IS 15298 (Part 2); IS 15392; IS 16415; IS 17037; IS 2083; IS 302 (Part 1) …(+5),IS 10322; IS 10702; IS 12089; IS 12254; IS 1254; IS 1489; IS 14900; IS 15298 (Part 1) …(+16),scheme i,440 licenses; active licenses 40; active licenses 79; bis scheme i isi mark; bis scheme i isi mark certification scheme; bis scheme i isi mark scheme …(+6)
DC-0059,BIS_Product_Manuals_Master.xlsx,BIS_Product_Manuals,F010,BIS_QCO-schema_2.xlsx,BIS_QCO-schema_2,F014,09_PRODUCT_MANUALS,03_QCO,SINGLETON,40,40,20,22,3,17,19,0.0769,SCHEMA_WEAK_OVERLAP,0,40,40,0.0,0.0269,3,LOW_PROJECTION_WIDTH,NO,NO,NO,40,0,0,1.0,36,14,13,0.5714,0,0,36,1,0,0,1.0,0,0,1.0,0,0,0,,,795,880,product,product; scope,,KEY_LINKED,26,14,14,0.4815,anti riot shoes; portland pozzolana cement — calcined clay based; portland pozzolana cement — fly ash based; rubber hose for lpg — domestic/commercial application; safety footwear; safety glass for road transport …(+8),all electrical appliances; antiriot shoes; personal protective equipment — safety footwear; portland pozzolana cement — part 1 fly-ash based; portland pozzolana cement — part 2 calcined clay based; rubber hose for lpg — domestic and commercial application …(+8),is_number,is_numbers,38,scope; source_url,10; 11; 12; 13; 14; 15; 16; 17; 18; 19; 2; 20; 21; 22; 23; 24; 25; 26; 27; 28; 29; 3; 30; 31; 32 …(+15),10; 11; 12; 13; 14; 15; 16; 17; 18; 19; 2; 20; 21; 22; 23; 24; 25; 26; 27; 28; 29; 3; 30; 31; 32 …(+15),product; scope; source_url,document_url; grouping_guidelines; inspection_requirements; is_number; licensing_requirements; manual_id; manual_title; marking_requirements; process_requirements; raw_material_requirements; revision_date; sampling_guidelines; scheme; sit_sti; test_equipment …(+2),amendments; corrigendas; current_status; deferments; department; effective_date; exclusions; extensions; is_numbers; mandatory_status; ministry; notification_date; notification_number; official_document_url; qco_id …(+4),,,,
DC-0060,BIS_Product_Manuals_Master.xlsx,BIS_Product_Manuals,F010,BIS_QCO_Master_Records (1).xlsx,QCO_Master_Records,F015,09_PRODUCT_MANUALS,03_QCO,SINGLETON / NAMECAND-004,40,15,20,22,3,17,19,0.0769,SCHEMA_WEAK_OVERLAP,0,40,15,0.0,0.0269,3,LOW_PROJECTION_WIDTH,NO,NO,NO,26,14,1,0.6341,14,36,13,0.2222,0,0,41,1,0,1,0.5,0,0,0.6341,0,0,0,,2003; 2020; 2021; 2024; 2025,795,244,product,product; scope,SURROGATE_KEY_DEMOTED_ZERO_VALUE_OVERLAP: scope,KEY_LINKED,4,36,11,0.0784,aluminium and aluminium alloy bare foil for food packaging; anti riot shoes; beds; bunk beds; composite cement; flashlight …(+30),aluminium and alloy bare foil for food packaging; cement varieties; flashlights / portable torches; rubber hose for lpg - industrial & domestic; safety glass: architectural & road transport; safety of household and similar electrical appliances …(+5),is_number,is_numbers,8,scope; source_url,10; 11; 12; 13; 14; 15; 16; 17; 18; 19; 2; 20; 21; 22; 23; 24; 25; 26; 27; 28; 29; 3; 30; 31; 32 …(+15),10; 11; 12; 13; 14; 15; 16; 2; 3; 4; 5; 6; 7; 8; 9,product; scope; source_url,document_url; grouping_guidelines; inspection_requirements; is_number; licensing_requirements; manual_id; manual_title; marking_requirements; process_requirements; raw_material_requirements; revision_date; sampling_guidelines; scheme; sit_sti; test_equipment …(+2),amendments; corrigendas; current_status; deferments; department; effective_date; exclusions; extensions; is_numbers; mandatory_status; ministry; notification_date; notification_number; official_document_url; qco_id …(+4),IS 1489 (Part 2); IS 15844 (Part 2); IS 15844 (Part 3); IS 17043 (Part 2); IS 17632; IS 17633; IS 17634; IS 17635 …(+6),IS 9873,,scheme i isi mark
DC-0061,BIS_Product_Manuals_Master.xlsx,BIS_Product_Manuals,F010,BIS_QCO_Master_Records_v3.xlsx,QCO_Master_Records,F017,09_PRODUCT_MANUALS,03_QCO,SINGLETON / NAMECAND-004,40,12,20,22,3,17,19,0.0769,SCHEMA_WEAK_OVERLAP,0,40,12,0.0,0.0269,3,LOW_PROJECTION_WIDTH,NO,NO,NO,12,28,0,0.3,16,34,5,0.2909,0,0,10,0,1,1,0.0,0,0,0.3,0,0,0,,,795,251,product,product,,KEY_LINKED,8,32,4,0.1818,aluminium and aluminium alloy bare foil for food packaging; anti riot shoes; beds; bunk beds; domestic pressure cooker; flashlight …(+26),"portland pozzolana cement - part 1 fly-ash based; portland pozzolana cement - part 2 calcined clay based; stainless steel seamless and welded pipes and tubes; work chairs, general purpose chairs and stools, tables, desks, storage units, beds, and bunk beds",is_number,is_numbers,16,scope; source_url,10; 11; 12; 13; 14; 15; 16; 17; 18; 19; 2; 20; 21; 22; 23; 24; 25; 26; 27; 28; 29; 3; 30; 31; 32 …(+15),10; 11; 12; 13; 2; 3; 4; 5; 6; 7; 8; 9,product; scope; source_url,document_url; grouping_guidelines; inspection_requirements; is_number; licensing_requirements; manual_id; manual_title; marking_requirements; process_requirements; raw_material_requirements; revision_date; sampling_guidelines; scheme; sit_sti; test_equipment …(+2),amendments; corrigendas; current_status; deferments; department; effective_date; exclusions; extensions; is_numbers; mandatory_status; ministry; notification_date; notification_number; official_document_url; qco_id …(+4),IS 15298 (Part 2); IS 15392; IS 15644; IS 15844 (Part 1); IS 15844 (Part 2); IS 15844 (Part 3); IS 17012; IS 17037 …(+20),,scheme i,scheme i isi mark
DC-0062,BIS_Product_Manuals_Master.xlsx,BIS_Product_Manuals,F010,BIS_QCO_Master_Scheme_1.xlsx,BIS_QCO_Master_Scheme_1,F018,09_PRODUCT_MANUALS,03_QCO,SINGLETON,40,40,20,11,3,17,8,0.1071,SCHEMA_WEAK_OVERLAP,0,40,40,0.0,0.0375,3,LOW_PROJECTION_WIDTH,NO,NO,NO,40,0,0,1.0,38,12,14,0.5938,0,0,22,0,1,0,0.0,0,0,1.0,0,0,0,,,795,440,is_number,is_number; product,,KEY_LINKED,37,3,3,0.8605,is 12330:1998*; is 15298 (part 2):2016**; is 9873 (part 1):2012*,is 12330:1998; is 15298 (part 2):2016; is 9873 (part 1):2012 / 2018,is_number,is_number,54,product; scope,10; 11; 12; 13; 14; 15; 16; 17; 18; 19; 2; 20; 21; 22; 23; 24; 25; 26; 27; 28; 29; 3; 30; 31; 32 …(+15),10; 11; 12; 13; 14; 15; 16; 17; 18; 19; 2; 20; 21; 22; 23; 24; 25; 26; 27; 28; 29; 3; 30; 31; 32 …(+15),is_number; product; scope,document_url; grouping_guidelines; inspection_requirements; licensing_requirements; manual_id; manual_title; marking_requirements; process_requirements; raw_material_requirements; revision_date; sampling_guidelines; scheme; sit_sti; source_url; test_equipment …(+2),amendments_extensions; effective_implementation_date; exemptions; mandatory_voluntary_status; ministry; notification_number; qco_order; source_gazette_url,,,scheme i,
DC-0063,BIS_Product_Manuals_Master.xlsx,BIS_Product_Manuals,F010,BIS_QCO_Summary.xlsx,QCO_Summary,F019,09_PRODUCT_MANUALS,03_QCO,SINGLETON,40,35,20,7,0,20,7,0.0,SCHEMA_DISJOINT,0,0,0,0.0,0.0,0,LOW_PROJECTION_WIDTH,NO,NO,NO,36,4,0,0.9,0,50,0,0.0,0,0,20,0,1,0,0.0,0,0,0.9,0,0,0,,2003; 2020; 2021; 2024,795,245,,,,SAME_ENTITIES_DIFFERENT_KEY_NAMESPACE,-1,-1,-1,0.0,NO_SHARED_RECORD_KEY,NO_SHARED_RECORD_KEY,is_number,product_standard_is,0,,10; 11; 12; 13; 14; 15; 16; 17; 18; 19; 2; 20; 21; 22; 23; 24; 25; 26; 27; 28; 29; 3; 30; 31; 32 …(+15),10; 11; 12; 13; 14; 15; 16; 17; 18; 19; 2; 20; 21; 22; 23; 24; 25; 26; 27; 28; 29; 3; 30; 31; 32 …(+10),,document_url; grouping_guidelines; inspection_requirements; is_number; licensing_requirements; manual_id; manual_title; marking_requirements; process_requirements; product; raw_material_requirements; revision_date; sampling_guidelines; scheme; scope …(+5),key_scope_exclusions_amendments; ministry_department; notification_no_date; product_standard_is; qco_name_identifier; scheme_status; source_document_link,IS 17632; IS 17633; IS 17634; IS 17635,,scheme i,
DC-0064,BIS_Product_Manuals_Master.xlsx,BIS_Product_Manuals,F010,BIS_Scheme_IV_FMCS.xlsx,BIS_FMCS_Scheme_IV,F021,09_PRODUCT_MANUALS,22_FMCS,SINGLETON,40,40,20,13,4,16,9,0.1379,SCHEMA_WEAK_OVERLAP,0,40,40,0.0,0.0483,4,LOW_PROJECTION_WIDTH,NO,NO,NO,40,0,0,1.0,37,13,16,0.5606,0,0,3,0,1,5,0.0,0,0,1.0,0,0,1,,,795,520,is_number,is_number; product,,KEY_LINKED,37,3,3,0.8605,is 12330:1998*; is 15298 (part 2):2016**; is 9873 (part 1):2012*,is 12330:1998; is 15298 (part 2):2016; is 9873 (part 1):2012 / 2018,is_number,is_number,92,product; scope; source_url,10; 11; 12; 13; 14; 15; 16; 17; 18; 19; 2; 20; 21; 22; 23; 24; 25; 26; 27; 28; 29; 3; 30; 31; 32 …(+15),10; 11; 12; 13; 14; 15; 16; 17; 18; 19; 2; 20; 21; 22; 23; 24; 25; 26; 27; 28; 29; 3; 30; 31; 32 …(+15),is_number; product; scope; source_url,document_url; grouping_guidelines; inspection_requirements; licensing_requirements; manual_id; manual_title; marking_requirements; process_requirements; raw_material_requirements; revision_date; sampling_guidelines; scheme; sit_sti; test_equipment; testing_requirements …(+1),certification_type; mandatory_voluntary; related_product_manual; related_qco; related_sit; requirements; scheme_id_code; scheme_name; scheme_type,,,scheme i,certificate of conformity; foreign manufacturers certification scheme fmcs; overseas manufacturers; product certification foreign; scheme iv
DC-0065,BIS_Product_Manuals_Master.xlsx,BIS_Product_Manuals,F010,BIS_Schemes_Master.xlsx,BIS_Schemes_Master,F024,09_PRODUCT_MANUALS,04_SCHEME_I,SINGLETON / NAMECAND-005,40,40,20,14,3,17,11,0.0968,SCHEMA_WEAK_OVERLAP,0,40,40,0.0,0.0339,3,LOW_PROJECTION_WIDTH,NO,NO,NO,0,40,0,0.0,34,16,40,0.3778,0,0,14,0,1,3,0.0,0,0,0.3778,0,0,0,,,795,560,product,product; scope,SURROGATE_KEY_DEMOTED_ZERO_VALUE_OVERLAP: scope,KEY_LINKED,21,19,19,0.3559,anti riot shoes; flashlight; general purpose chairs and stools; ordinary portland cement; portland pozzolana cement — calcined clay based; portland pozzolana cement — fly ash based …(+13),"antiriot shoes; chairs and stools (general purpose); flashlights / portable lighting devices; general safety requirements for household and similar electrical appliances; ordinary portland cement (33, 43, 53 grades); personal protective equipment – safety footwear …(+13)",is_number,,42,scope; source_url,10; 11; 12; 13; 14; 15; 16; 17; 18; 19; 2; 20; 21; 22; 23; 24; 25; 26; 27; 28; 29; 3; 30; 31; 32 …(+15),10; 11; 12; 13; 14; 15; 16; 17; 18; 19; 2; 20; 21; 22; 23; 24; 25; 26; 27; 28; 29; 3; 30; 31; 32 …(+15),product; scope; source_url,document_url; grouping_guidelines; inspection_requirements; is_number; licensing_requirements; manual_id; manual_title; marking_requirements; process_requirements; raw_material_requirements; revision_date; sampling_guidelines; scheme; sit_sti; test_equipment …(+2),certification_type; is; mandatory_voluntary; related_product_manual; related_qco; related_sit; requirements; scheme_code; scheme_id; scheme_name; scheme_type,IS 12330; IS 12600; IS 1489 (Part 1); IS 1489 (Part 2); IS 15298 (Part 2); IS 15392; IS 15644; IS 15844 (Part 1) …(+32),,scheme i,product certification; sch i; scheme i isi mark scheme
DC-0066,BIS_Product_Manuals_Master.xlsx,BIS_Product_Manuals,F010,BIS_Schemes_Master_Scheme_2.xlsx,BIS_Schemes_Master_Scheme_2,F025,09_PRODUCT_MANUALS,05_SCHEME_II_CRS,SINGLETON / NAMECAND-005,40,40,20,14,3,17,11,0.0968,SCHEMA_WEAK_OVERLAP,0,40,40,0.0,0.0339,3,LOW_PROJECTION_WIDTH,NO,NO,NO,0,40,0,0.0,34,16,40,0.3778,0,0,14,0,1,4,0.0,0,0,0.3778,0,0,0,,,795,560,product,product; scope,SURROGATE_KEY_DEMOTED_ZERO_VALUE_OVERLAP: scope,KEY_LINKED,21,19,19,0.3559,anti riot shoes; flashlight; general purpose chairs and stools; ordinary portland cement; portland pozzolana cement — calcined clay based; portland pozzolana cement — fly ash based …(+13),"antiriot shoes; chairs and stools (general purpose); flashlights / portable lighting devices; general safety requirements for household and similar electrical appliances; ordinary portland cement (33, 43, 53 grades); personal protective equipment – safety footwear …(+13)",is_number,,42,scope; source_url,10; 11; 12; 13; 14; 15; 16; 17; 18; 19; 2; 20; 21; 22; 23; 24; 25; 26; 27; 28; 29; 3; 30; 31; 32 …(+15),10; 11; 12; 13; 14; 15; 16; 17; 18; 19; 2; 20; 21; 22; 23; 24; 25; 26; 27; 28; 29; 3; 30; 31; 32 …(+15),product; scope; source_url,document_url; grouping_guidelines; inspection_requirements; is_number; licensing_requirements; manual_id; manual_title; marking_requirements; process_requirements; raw_material_requirements; revision_date; sampling_guidelines; scheme; sit_sti; test_equipment …(+2),certification_type; is; mandatory_voluntary; related_product_manual; related_qco; related_sit; requirements; scheme_code; scheme_id; scheme_name; scheme_type,IS 12330; IS 12600; IS 1489 (Part 1); IS 1489 (Part 2); IS 15298 (Part 2); IS 15392; IS 15644; IS 15844 (Part 1) …(+32),,scheme i,product certification; registration; sch ii; scheme ii conformity assessment
DC-0067,BIS_Product_Manuals_Master.xlsx,BIS_Product_Manuals,F010,BIS_Standards_Details_v2 (1).xlsx,BIS Standards,F027,09_PRODUCT_MANUALS,01_KNOW_YOUR_STANDARD,SINGLETON / EXACTDUP-001,40,40,20,19,4,16,15,0.1143,SCHEMA_WEAK_OVERLAP,0,40,40,0.0,0.04,4,LOW_PROJECTION_WIDTH,NO,NO,NO,40,0,5,0.8889,1,49,49,0.0101,0,0,0,0,1,0,0.0,0,0,0.8889,0,0,1,,1987; 1988; 1989; 1990; 1991; 2003; 2006; 2015 …(+10),795,701,is_number,is_number,,KEY_LINKED,37,3,3,0.8605,is 12330:1998*; is 15298 (part 2):2016**; is 9873 (part 1):2012*,is 12330:1988; is 15298 (part 2):2016; is 9873 (part 1):2018,is_number,is_number; standard_id; superseded_standard; superseding_standard,92,document_url; revision_date; version,10; 11; 12; 13; 14; 15; 16; 17; 18; 19; 2; 20; 21; 22; 23; 24; 25; 26; 27; 28; 29; 3; 30; 31; 32 …(+15),10; 11; 12; 13; 14; 15; 16; 17; 18; 19; 2; 20; 21; 22; 23; 24; 25; 26; 27; 28; 29; 3; 30; 31; 32 …(+15),document_url; is_number; revision_date; version,grouping_guidelines; inspection_requirements; licensing_requirements; manual_id; manual_title; marking_requirements; process_requirements; product; raw_material_requirements; sampling_guidelines; scheme; scope; sit_sti; source_url; test_equipment …(+1),current_status; degree_of_equivalence; official_url; part_section; product_category; publication_date; reaffirmation_review_date; revision; standard_id; subcommittee; superseded_standard; superseding_standard; technical_committee; title; year,,IS 12269; IS 15844; IS 17043; IS 8112; IS 9573,scheme i,
DC-0068,BIS_Product_Manuals_Master.xlsx,BIS_Product_Manuals,F010,BIS_Standards_Details_v2.xlsx,BIS Standards,F028,09_PRODUCT_MANUALS,01_KNOW_YOUR_STANDARD,SINGLETON / EXACTDUP-001,40,40,20,19,4,16,15,0.1143,SCHEMA_WEAK_OVERLAP,0,40,40,0.0,0.04,4,LOW_PROJECTION_WIDTH,NO,NO,NO,40,0,5,0.8889,1,49,49,0.0101,0,0,0,0,1,0,0.0,0,0,0.8889,0,0,1,,1987; 1988; 1989; 1990; 1991; 2003; 2006; 2015 …(+10),795,701,is_number,is_number,,KEY_LINKED,37,3,3,0.8605,is 12330:1998*; is 15298 (part 2):2016**; is 9873 (part 1):2012*,is 12330:1988; is 15298 (part 2):2016; is 9873 (part 1):2018,is_number,is_number; standard_id; superseded_standard; superseding_standard,92,document_url; revision_date; version,10; 11; 12; 13; 14; 15; 16; 17; 18; 19; 2; 20; 21; 22; 23; 24; 25; 26; 27; 28; 29; 3; 30; 31; 32 …(+15),10; 11; 12; 13; 14; 15; 16; 17; 18; 19; 2; 20; 21; 22; 23; 24; 25; 26; 27; 28; 29; 3; 30; 31; 32 …(+15),document_url; is_number; revision_date; version,grouping_guidelines; inspection_requirements; licensing_requirements; manual_id; manual_title; marking_requirements; process_requirements; product; raw_material_requirements; sampling_guidelines; scheme; scope; sit_sti; source_url; test_equipment …(+1),current_status; degree_of_equivalence; official_url; part_section; product_category; publication_date; reaffirmation_review_date; revision; standard_id; subcommittee; superseded_standard; superseding_standard; technical_committee; title; year,,IS 12269; IS 15844; IS 17043; IS 8112; IS 9573,scheme i,
DC-0069,BIS_Product_Manuals_Master.xlsx,BIS_Product_Manuals,F010,BIS_Standards_Details_v3.xlsx,BIS Standards,F029,09_PRODUCT_MANUALS,01_KNOW_YOUR_STANDARD,SINGLETON,40,40,20,19,4,16,15,0.1143,SCHEMA_WEAK_OVERLAP,0,40,40,0.0,0.04,4,LOW_PROJECTION_WIDTH,NO,NO,NO,40,0,5,0.8889,1,49,49,0.0101,0,0,0,0,1,0,0.0,0,0,0.8889,0,0,1,,1987; 1988; 1989; 1990; 1991; 2003; 2006; 2015 …(+10),795,701,is_number,is_number,,KEY_LINKED,37,3,3,0.8605,is 12330:1998*; is 15298 (part 2):2016**; is 9873 (part 1):2012*,is 12330:1988; is 15298 (part 2):2016; is 9873 (part 1):2018,is_number,is_number; standard_id; superseded_standard; superseding_standard,92,document_url; revision_date; version,10; 11; 12; 13; 14; 15; 16; 17; 18; 19; 2; 20; 21; 22; 23; 24; 25; 26; 27; 28; 29; 3; 30; 31; 32 …(+15),10; 11; 12; 13; 14; 15; 16; 17; 18; 19; 2; 20; 21; 22; 23; 24; 25; 26; 27; 28; 29; 3; 30; 31; 32 …(+15),document_url; is_number; revision_date; version,grouping_guidelines; inspection_requirements; licensing_requirements; manual_id; manual_title; marking_requirements; process_requirements; product; raw_material_requirements; sampling_guidelines; scheme; scope; sit_sti; source_url; test_equipment …(+1),current_status; degree_of_equivalence; official_url; part_section; product_category; publication_date; reaffirmation_review_date; revision; standard_id; subcommittee; superseded_standard; superseding_standard; technical_committee; title; year,,IS 12269; IS 15844; IS 17043; IS 8112; IS 9573,scheme i,
DC-0070,BIS_Product_Manuals_Master.xlsx,BIS_Product_Manuals,F010,BIS_Standards_Intelligence_Master.xlsx,BIS_Standards_Intelligence,F030,09_PRODUCT_MANUALS,08_PRODUCT_SPECIFIC,SINGLETON,40,45,20,23,4,16,19,0.1026,SCHEMA_WEAK_OVERLAP,0,40,45,0.0,0.0359,4,LOW_PROJECTION_WIDTH,NO,NO,NO,40,0,4,0.9091,45,5,13,0.7143,0,0,0,1,0,4,0.2,0,0,0.9091,0,0,2,,,795,1035,is_number,is_number; product,,KEY_LINKED,37,3,8,0.7708,is 12330:1998*; is 15298 (part 2):2016**; is 9873 (part 1):2012*,is 12330:1998; is 15298 (part 2):2016; is 9873 (part 1):2012; is/iec 60947 (part 2):2016; is/iec 60947 (part 3):2012; is/iec 60947 (part 4-1) …(+2),is_number,is_number,41,product; scheme; source_url,10; 11; 12; 13; 14; 15; 16; 17; 18; 19; 2; 20; 21; 22; 23; 24; 25; 26; 27; 28; 29; 3; 30; 31; 32 …(+15),10; 11; 12; 13; 14; 15; 16; 17; 18; 19; 2; 20; 21; 22; 23; 24; 25; 26; 27; 28; 29; 3; 30; 31; 32 …(+20),is_number; product; scheme; source_url,document_url; grouping_guidelines; inspection_requirements; licensing_requirements; manual_id; manual_title; marking_requirements; process_requirements; raw_material_requirements; revision_date; sampling_guidelines; scope; sit_sti; test_equipment; testing_requirements …(+1),application_procedure; conformity_assessment; eligibility; factory_requirements; fees; forms; infrastructure_requirements; inspection; laboratory_testing; licence_or_coc_grant; process_controls; quality_control; renewal; required_documents; retesting …(+4),,IS/IEC 60947 (Part 2); IS/IEC 60947 (Part 3); IS/IEC 60947 (Part 4); IS/IEC 60947 (Part 5),,eeqco; electrical equipment quality control order; scheme i bis isi mark certification; scheme x
DC-0071,BIS_Product_Manuals_Master.xlsx,BIS_Product_Manuals,F010,BIS_Standards_Scheme_Mapping.xlsx,BIS_Standards_Scheme_Mapping,F031,09_PRODUCT_MANUALS,08_PRODUCT_SPECIFIC,SINGLETON,40,36,20,23,2,18,21,0.0488,SCHEMA_WEAK_OVERLAP,0,40,36,0.0,0.0171,2,LOW_PROJECTION_WIDTH,NO,NO,NO,25,15,10,0.5,0,50,0,0.0,0,0,0,0,1,3,0.0,0,0,0.5,0,0,2,,,795,828,is_number,is_number,,KEY_LINKED,22,18,14,0.4074,is 12330:1998*; is 1489 (part 1):2015; is 1489 (part 2):2015; is 15298 (part 2):2016**; is 15844 (part 1):2023; is 15844 (part 2):2023 …(+12),is 12330 / cement standards; is 1489 parts 1 & 2; is 15298 part 2:2016; is 15844 parts 1–3; is 17043 parts 1–2; is 2553 parts 1 & 2 …(+8),is_number,is_number,22,source_url,10; 11; 12; 13; 14; 15; 16; 17; 18; 19; 2; 20; 21; 22; 23; 24; 25; 26; 27; 28; 29; 3; 30; 31; 32 …(+15),10; 11; 12; 13; 14; 15; 16; 17; 18; 19; 2; 20; 21; 22; 23; 24; 25; 26; 27; 28; 29; 3; 30; 31; 32 …(+11),is_number; source_url,document_url; grouping_guidelines; inspection_requirements; licensing_requirements; manual_id; manual_title; marking_requirements; process_requirements; product; raw_material_requirements; revision_date; sampling_guidelines; scheme; scope; sit_sti …(+3),application_procedure; certification_scheme_to_store; conformity_assessment; eligibility; factory_requirements; fees; forms; group; infrastructure_requirements; inspection; laboratory_testing; licence_or_coc_grant; process_controls; quality_control; renewal …(+6),IS 1489 (Part 1); IS 1489 (Part 2); IS 15844 (Part 1); IS 15844 (Part 2); IS 15844 (Part 3); IS 17043 (Part 1); IS 17043 (Part 2); IS 2553 (Part 1) …(+7),IS 1489; IS 15844; IS 17043; IS 2553; IS 9573; IS 9873; IS/IEC 60947 (Part 2); IS/IEC 60947 (Part 3) …(+2),scheme i,applicable eeqco product specific process; scheme ii; scheme x
DC-0072,BIS_Product_Manuals_Master.xlsx,BIS_Product_Manuals,F010,BIS_Testing_Parameters_Master.xlsx,BIS_Testing_Parameters,F032,09_PRODUCT_MANUALS,10_TESTING,SINGLETON,40,45,20,18,3,17,15,0.0857,SCHEMA_WEAK_OVERLAP,1,39,44,0.0119,0.03,3,LOW_PROJECTION_WIDTH,NO,NO,NO,40,0,4,0.9091,45,5,14,0.7031,0,0,0,0,1,0,0.0,0,0,0.9091,0,0,0,,,795,787,is_number,is_number; product,,KEY_LINKED,39,1,6,0.8478,is 15298 (part 2):2016**,is 15298 (part 2):2016; is/iec 60947 (part 2):2016; is/iec 60947 (part 3):2012*; is/iec 60947 (part 4-1); is/iec 60947 (part 5-1); is/iec 60947 (part 5-5),is_number,is_number; test_method_standard,20,product; source_url,10; 11; 12; 13; 14; 15; 16; 18; 19; 2; 20; 21; 22; 23; 24; 25; 26; 27; 28; 29; 3; 30; 31; 32; 33 …(+14),10; 11; 12; 13; 14; 15; 16; 18; 19; 2; 20; 21; 22; 23; 24; 25; 26; 27; 28; 29; 3; 30; 31; 32; 33 …(+19),is_number; product; source_url,document_url; grouping_guidelines; inspection_requirements; licensing_requirements; manual_id; manual_title; marking_requirements; process_requirements; raw_material_requirements; revision_date; sampling_guidelines; scheme; scope; sit_sti; test_equipment …(+2),acceptance_criteria; clause; laboratory_requirement; rejection_handling; remarks; required_equipment; sample_size; sampling_frequency; source_document; source_page; test_frequency; test_method; test_method_standard; test_name; test_parameter,,IS/IEC 60947 (Part 2); IS/IEC 60947 (Part 3); IS/IEC 60947 (Part 4); IS/IEC 60947 (Part 5),scheme i,
DC-0073,BIS_Product_Manuals_Master.xlsx,BIS_Product_Manuals,F010,bis_product_certification_faq (1).csv,bis_product_certification_faq (1),F036,09_PRODUCT_MANUALS,12_CERTIFICATION_FAQ,SINGLETON,40,28,20,8,1,19,7,0.037,SCHEMA_WEAK_OVERLAP,0,40,28,0.0,0.0129,1,LOW_PROJECTION_WIDTH,NO,NO,NO,0,40,0,0.0,0,50,1,0.0,0,0,0,1,0,1,0.5,0,0,0.5,0,0,1,,,795,224,,,,SAME_ENTITIES_DIFFERENT_KEY_NAMESPACE,-1,-1,-1,0.0,NO_SHARED_RECORD_KEY,NO_SHARED_RECORD_KEY,is_number,related_is,0,,10; 11; 12; 13; 14; 15; 16; 17; 18; 19; 2; 20; 21; 22; 23; 24; 25; 26; 27; 28; 29; 3; 30; 31; 32 …(+15),10; 11; 12; 13; 14; 15; 16; 17; 18; 19; 2; 20; 21; 22; 23; 24; 25; 26; 27; 28; 29; 3; 4; 5; 6 …(+3),source_url,document_url; grouping_guidelines; inspection_requirements; is_number; licensing_requirements; manual_id; manual_title; marking_requirements; process_requirements; product; raw_material_requirements; revision_date; sampling_guidelines; scheme; scope …(+4),answer; category; faq_id; question; related_is; related_product; related_scheme,IS 12330; IS 12600; IS 1489 (Part 1); IS 1489 (Part 2); IS 15298 (Part 2); IS 15392; IS 15644; IS 15844 (Part 1) …(+32),,,scheme x
DC-0074,BIS_Product_Manuals_Master.xlsx,BIS_Product_Manuals,F010,bis_product_certifications.csv,bis_product_certifications,F037,09_PRODUCT_MANUALS,11_CERTIFICATION_PROCESS,SINGLETON,40,71,20,9,2,18,7,0.0741,SCHEMA_WEAK_OVERLAP,0,40,71,0.0,0.0259,2,LOW_PROJECTION_WIDTH,NO,NO,NO,0,40,0,0.0,0,50,0,0.0,0,0,0,1,0,2,0.3333,0,0,0.3333,0,0,54,,,795,511,,,,SAME_ENTITIES_DIFFERENT_KEY_NAMESPACE,-1,-1,-1,0.0,NO_SHARED_RECORD_KEY,NO_SHARED_RECORD_KEY,is_number,,0,,10; 11; 12; 13; 14; 15; 16; 17; 18; 19; 2; 20; 21; 22; 23; 24; 25; 26; 27; 28; 29; 3; 30; 31; 32 …(+15),10; 11; 12; 13; 14; 15; 16; 17; 18; 19; 2; 20; 21; 22; 23; 24; 25; 26; 27; 28; 29; 3; 30; 31; 32 …(+46),document_url; source_url,grouping_guidelines; inspection_requirements; is_number; licensing_requirements; manual_id; manual_title; marking_requirements; process_requirements; product; raw_material_requirements; revision_date; sampling_guidelines; scheme; scope; sit_sti …(+3),applicability; application_procedure; fee_structure; guideline_title; inspection_testing_norm; scheme_id; scheme_name,IS 12330; IS 12600; IS 1489 (Part 1); IS 1489 (Part 2); IS 15298 (Part 2); IS 15392; IS 15644; IS 15844 (Part 1) …(+32),,,foreign manufacturers; scheme x
DC-0075,BIS_Products_Details.xlsx,Products_Details,F011,BIS_Products_Full_Information.xlsx,Products_Details,F012,02_PRODUCTS,02_PRODUCTS,SINGLETON / NAMECAND-003,40,40,11,11,11,0,0,1.0,SCHEMA_IDENTICAL,0,40,40,0.0,0.35,11,RELIABLE,NO,NO,NO,27,13,24,0.4219,12,76,89,0.0678,6,9,19,0,1,12,0.0,0,0,0.4219,0,0,0,,,440,440,related_is_numbers,description; keywords; product_id; product_name; related_is_numbers,SURROGATE_KEY_DEMOTED_ZERO_VALUE_OVERLAP: description; keywords; product_id,KEY_LINKED,2,38,36,0.0263,is 12330:1998; is 12600:1989; is 1489 (part 1):2015; is 1489 (part 2):2015; is 15298 (part 2):2016; is 15392:2003 …(+32),"is 10322, is 302; is 12254, is 17012; is 1489 (part 1), is 4031, is 4032; is 1489 (part 2), is 3812, is 4031, is 269; is 15298 (part 1, 3, 4); is 15844 (part 1), is 15844 (part 2) …(+30)",related_is_numbers,related_is_numbers,18,alternate_names; category; description; keywords; product_id; product_name; related_schemes; source_url; subcategory,10; 11; 12; 13; 14; 15; 16; 17; 18; 19; 2; 20; 21; 22; 23; 24; 25; 26; 27; 28; 29; 3; 30; 31; 32 …(+15),10; 11; 12; 13; 14; 15; 16; 17; 18; 19; 2; 20; 21; 22; 23; 24; 25; 26; 27; 28; 29; 3; 30; 31; 32 …(+15),alternate_names; category; description; keywords; product_id; product_name; related_is_numbers; related_qcos; related_schemes; source_url; subcategory,,,IS 12330; IS 12600; IS 15298 (Part 2); IS 15392; IS 16415; IS 17037; IS 2083; IS 302 (Part 1) …(+5),IS 10322; IS 10702; IS 12089; IS 12254; IS 1254; IS 1489; IS 14900; IS 15298 (Part 1) …(+16),scheme i isi mark,440 licenses; active licenses 40; active licenses 79; bis scheme i isi mark; bis scheme i isi mark certification scheme; bis scheme i isi mark scheme …(+6)
DC-0076,BIS_Products_Details.xlsx,Products_Details,F011,BIS_Products_Full_Information_v2.xlsx,Products_Details,F013,02_PRODUCTS,02_PRODUCTS,SINGLETON / NAMECAND-003,40,40,11,11,11,0,0,1.0,SCHEMA_IDENTICAL,0,40,40,0.0,0.35,11,RELIABLE,NO,NO,NO,27,13,24,0.4219,12,76,89,0.0678,6,9,19,0,1,12,0.0,0,0,0.4219,0,0,0,,,440,440,related_is_numbers,description; keywords; product_id; product_name; related_is_numbers,SURROGATE_KEY_DEMOTED_ZERO_VALUE_OVERLAP: description; keywords; product_id,KEY_LINKED,2,38,36,0.0263,is 12330:1998; is 12600:1989; is 1489 (part 1):2015; is 1489 (part 2):2015; is 15298 (part 2):2016; is 15392:2003 …(+32),"is 10322, is 302; is 12254, is 17012; is 1489 (part 1), is 4031, is 4032; is 1489 (part 2), is 3812, is 4031, is 269; is 15298 (part 1, 3, 4); is 15844 (part 1), is 15844 (part 2) …(+30)",related_is_numbers,related_is_numbers,18,alternate_names; category; description; keywords; product_id; product_name; related_schemes; source_url; subcategory,10; 11; 12; 13; 14; 15; 16; 17; 18; 19; 2; 20; 21; 22; 23; 24; 25; 26; 27; 28; 29; 3; 30; 31; 32 …(+15),10; 11; 12; 13; 14; 15; 16; 17; 18; 19; 2; 20; 21; 22; 23; 24; 25; 26; 27; 28; 29; 3; 30; 31; 32 …(+15),alternate_names; category; description; keywords; product_id; product_name; related_is_numbers; related_qcos; related_schemes; source_url; subcategory,,,IS 12330; IS 12600; IS 15298 (Part 2); IS 15392; IS 16415; IS 17037; IS 2083; IS 302 (Part 1) …(+5),IS 10322; IS 10702; IS 12089; IS 12254; IS 1254; IS 1489; IS 14900; IS 15298 (Part 1) …(+16),scheme i isi mark,440 licenses; active licenses 40; active licenses 79; bis scheme i isi mark; bis scheme i isi mark certification scheme; bis scheme i isi mark scheme …(+6)
DC-0077,BIS_Products_Details.xlsx,Products_Details,F011,BIS_QCO-schema_2.xlsx,BIS_QCO-schema_2,F014,02_PRODUCTS,03_QCO,SINGLETON,40,40,11,22,1,10,21,0.0312,SCHEMA_WEAK_OVERLAP,0,40,40,0.0,0.0109,1,LOW_PROJECTION_WIDTH,NO,NO,NO,40,0,0,1.0,20,68,29,0.1709,6,9,30,0,1,1,0.0,0,0,1.0,0,0,0,,,440,880,,,,SAME_ENTITIES_DIFFERENT_KEY_NAMESPACE,-1,-1,-1,0.0,NO_SHARED_RECORD_KEY,NO_SHARED_RECORD_KEY,related_is_numbers,is_numbers,0,,10; 11; 12; 13; 14; 15; 16; 17; 18; 19; 2; 20; 21; 22; 23; 24; 25; 26; 27; 28; 29; 3; 30; 31; 32 …(+15),10; 11; 12; 13; 14; 15; 16; 17; 18; 19; 2; 20; 21; 22; 23; 24; 25; 26; 27; 28; 29; 3; 30; 31; 32 …(+15),source_url,alternate_names; category; description; keywords; product_id; product_name; related_is_numbers; related_qcos; related_schemes; subcategory,amendments; corrigendas; current_status; deferments; department; effective_date; exclusions; extensions; is_numbers; mandatory_status; ministry; notification_date; notification_number; official_document_url; product …(+6),,,scheme i isi mark,scheme i
DC-0078,BIS_Products_Details.xlsx,Products_Details,F011,BIS_QCO_Master_Records (1).xlsx,QCO_Master_Records,F015,02_PRODUCTS,03_QCO,SINGLETON / NAMECAND-004,40,15,11,22,1,10,21,0.0312,SCHEMA_WEAK_OVERLAP,0,40,15,0.0,0.0109,1,LOW_PROJECTION_WIDTH,NO,NO,NO,26,14,1,0.6341,9,79,18,0.0849,6,9,35,1,0,1,0.5,0,0,0.6341,0,0,0,,2003; 2020; 2021; 2024; 2025,440,244,,,,SAME_ENTITIES_DIFFERENT_KEY_NAMESPACE,-1,-1,-1,0.0,NO_SHARED_RECORD_KEY,NO_SHARED_RECORD_KEY,related_is_numbers,is_numbers,0,,10; 11; 12; 13; 14; 15; 16; 17; 18; 19; 2; 20; 21; 22; 23; 24; 25; 26; 27; 28; 29; 3; 30; 31; 32 …(+15),10; 11; 12; 13; 14; 15; 16; 2; 3; 4; 5; 6; 7; 8; 9,source_url,alternate_names; category; description; keywords; product_id; product_name; related_is_numbers; related_qcos; related_schemes; subcategory,amendments; corrigendas; current_status; deferments; department; effective_date; exclusions; extensions; is_numbers; mandatory_status; ministry; notification_date; notification_number; official_document_url; product …(+6),IS 1489 (Part 2); IS 15844 (Part 2); IS 15844 (Part 3); IS 17043 (Part 2); IS 17632; IS 17633; IS 17634; IS 17635 …(+6),IS 9873,,scheme i
DC-0079,BIS_Products_Details.xlsx,Products_Details,F011,BIS_QCO_Master_Records.xlsx,QCO_Master_Details,F016,02_PRODUCTS,03_QCO,SINGLETON / NAMECAND-004,40,3,11,22,1,10,21,0.0312,SCHEMA_WEAK_OVERLAP,0,40,3,0.0,0.0109,1,LOW_PROJECTION_WIDTH,NO,NO,NO,4,36,1,0.0976,4,84,2,0.0444,3,12,6,1,0,0,1.0,0,0,1.0,0,0,0,,2020,440,56,,,,SAME_ENTITIES_DIFFERENT_KEY_NAMESPACE,-1,-1,-1,0.0,NO_SHARED_RECORD_KEY,NO_SHARED_RECORD_KEY,related_is_numbers,is_numbers,0,,10; 11; 12; 13; 14; 15; 16; 17; 18; 19; 2; 20; 21; 22; 23; 24; 25; 26; 27; 28; 29; 3; 30; 31; 32 …(+15),2; 3; 4,source_url,alternate_names; category; description; keywords; product_id; product_name; related_is_numbers; related_qcos; related_schemes; subcategory,amendments; corrigendas; current_status; deferments; department; effective_date; exclusions; extensions; is_numbers; mandatory_status; ministry; notification_date; notification_number; official_document_url; product …(+6),IS 12330; IS 12600; IS 1489 (Part 1); IS 1489 (Part 2); IS 15298 (Part 2); IS 15392; IS 15844 (Part 1); IS 15844 (Part 2) …(+28),IS 9873,,
DC-0080,BIS_Products_Details.xlsx,Products_Details,F011,BIS_QCO_Master_Records_v3.xlsx,QCO_Master_Records,F017,02_PRODUCTS,03_QCO,SINGLETON / NAMECAND-004,40,12,11,22,1,10,21,0.0312,SCHEMA_WEAK_OVERLAP,0,40,12,0.0,0.0109,1,LOW_PROJECTION_WIDTH,NO,NO,NO,12,28,0,0.3,17,71,4,0.1848,2,13,8,1,0,0,1.0,0,0,1.0,0,0,0,,,440,251,,,,SAME_ENTITIES_DIFFERENT_KEY_NAMESPACE,-1,-1,-1,0.0,NO_SHARED_RECORD_KEY,NO_SHARED_RECORD_KEY,related_is_numbers,is_numbers,0,,10; 11; 12; 13; 14; 15; 16; 17; 18; 19; 2; 20; 21; 22; 23; 24; 25; 26; 27; 28; 29; 3; 30; 31; 32 …(+15),10; 11; 12; 13; 2; 3; 4; 5; 6; 7; 8; 9,source_url,alternate_names; category; description; keywords; product_id; product_name; related_is_numbers; related_qcos; related_schemes; subcategory,amendments; corrigendas; current_status; deferments; department; effective_date; exclusions; extensions; is_numbers; mandatory_status; ministry; notification_date; notification_number; official_document_url; product …(+6),IS 15298 (Part 2); IS 15392; IS 15644; IS 15844 (Part 1); IS 15844 (Part 2); IS 15844 (Part 3); IS 17012; IS 17037 …(+20),,,
DC-0081,BIS_Products_Details.xlsx,Products_Details,F011,BIS_QCO_Master_Scheme_1.xlsx,BIS_QCO_Master_Scheme_1,F018,02_PRODUCTS,03_QCO,SINGLETON,40,40,11,11,0,11,11,0.0,SCHEMA_DISJOINT,0,0,0,0.0,0.0,0,LOW_PROJECTION_WIDTH,NO,NO,NO,40,0,0,1.0,20,68,32,0.1667,5,10,17,0,1,0,0.0,0,0,1.0,0,0,0,,,440,440,,,,SAME_ENTITIES_DIFFERENT_KEY_NAMESPACE,-1,-1,-1,0.0,NO_SHARED_RECORD_KEY,NO_SHARED_RECORD_KEY,related_is_numbers,is_number,0,,10; 11; 12; 13; 14; 15; 16; 17; 18; 19; 2; 20; 21; 22; 23; 24; 25; 26; 27; 28; 29; 3; 30; 31; 32 …(+15),10; 11; 12; 13; 14; 15; 16; 17; 18; 19; 2; 20; 21; 22; 23; 24; 25; 26; 27; 28; 29; 3; 30; 31; 32 …(+15),,alternate_names; category; description; keywords; product_id; product_name; related_is_numbers; related_qcos; related_schemes; source_url; subcategory,amendments_extensions; effective_implementation_date; exemptions; is_number; mandatory_voluntary_status; ministry; notification_number; product; qco_order; scope; source_gazette_url,,,scheme i isi mark,
DC-0082,BIS_Products_Details.xlsx,Products_Details,F011,BIS_QCO_Summary.xlsx,QCO_Summary,F019,02_PRODUCTS,03_QCO,SINGLETON,40,35,11,7,0,11,7,0.0,SCHEMA_DISJOINT,0,0,0,0.0,0.0,0,LOW_PROJECTION_WIDTH,NO,NO,NO,36,4,0,0.9,0,88,0,0.0,6,9,14,0,1,0,0.0,0,0,0.9,0,0,0,,2003; 2020; 2021; 2024,440,245,,,,SAME_ENTITIES_DIFFERENT_KEY_NAMESPACE,-1,-1,-1,0.0,NO_SHARED_RECORD_KEY,NO_SHARED_RECORD_KEY,related_is_numbers,product_standard_is,0,,10; 11; 12; 13; 14; 15; 16; 17; 18; 19; 2; 20; 21; 22; 23; 24; 25; 26; 27; 28; 29; 3; 30; 31; 32 …(+15),10; 11; 12; 13; 14; 15; 16; 17; 18; 19; 2; 20; 21; 22; 23; 24; 25; 26; 27; 28; 29; 3; 30; 31; 32 …(+10),,alternate_names; category; description; keywords; product_id; product_name; related_is_numbers; related_qcos; related_schemes; source_url; subcategory,key_scope_exclusions_amendments; ministry_department; notification_no_date; product_standard_is; qco_name_identifier; scheme_status; source_document_link,IS 17632; IS 17633; IS 17634; IS 17635,,scheme i isi mark,
DC-0083,BIS_Products_Details.xlsx,Products_Details,F011,BIS_Scheme_IV_FMCS.xlsx,BIS_FMCS_Scheme_IV,F021,02_PRODUCTS,22_FMCS,SINGLETON,40,40,11,13,1,10,12,0.0435,SCHEMA_WEAK_OVERLAP,0,40,40,0.0,0.0152,1,LOW_PROJECTION_WIDTH,NO,NO,NO,40,0,0,1.0,21,67,32,0.175,0,15,3,0,1,5,0.0,0,0,1.0,0,0,1,,,440,520,,,,SAME_ENTITIES_DIFFERENT_KEY_NAMESPACE,-1,-1,-1,0.0,NO_SHARED_RECORD_KEY,NO_SHARED_RECORD_KEY,related_is_numbers,is_number,0,,10; 11; 12; 13; 14; 15; 16; 17; 18; 19; 2; 20; 21; 22; 23; 24; 25; 26; 27; 28; 29; 3; 30; 31; 32 …(+15),10; 11; 12; 13; 14; 15; 16; 17; 18; 19; 2; 20; 21; 22; 23; 24; 25; 26; 27; 28; 29; 3; 30; 31; 32 …(+15),source_url,alternate_names; category; description; keywords; product_id; product_name; related_is_numbers; related_qcos; related_schemes; subcategory,certification_type; is_number; mandatory_voluntary; product; related_product_manual; related_qco; related_sit; requirements; scheme_id_code; scheme_name; scheme_type; scope,,,scheme i isi mark,certificate of conformity; foreign manufacturers certification scheme fmcs; overseas manufacturers; product certification foreign; scheme iv
DC-0084,BIS_Products_Details.xlsx,Products_Details,F011,BIS_Standards_Details_v2 (1).xlsx,BIS Standards,F027,02_PRODUCTS,01_KNOW_YOUR_STANDARD,SINGLETON / EXACTDUP-001,40,40,11,19,0,11,19,0.0,SCHEMA_DISJOINT,0,0,0,0.0,0.0,0,LOW_PROJECTION_WIDTH,NO,NO,NO,40,0,5,0.8889,1,87,49,0.0073,0,15,0,0,1,0,0.0,0,0,0.8889,0,0,1,,1987; 1988; 1989; 1990; 1991; 2003; 2006; 2015 …(+10),440,701,,,,SAME_ENTITIES_DIFFERENT_KEY_NAMESPACE,-1,-1,-1,0.0,NO_SHARED_RECORD_KEY,NO_SHARED_RECORD_KEY,related_is_numbers,is_number; standard_id; superseded_standard; superseding_standard,0,,10; 11; 12; 13; 14; 15; 16; 17; 18; 19; 2; 20; 21; 22; 23; 24; 25; 26; 27; 28; 29; 3; 30; 31; 32 …(+15),10; 11; 12; 13; 14; 15; 16; 17; 18; 19; 2; 20; 21; 22; 23; 24; 25; 26; 27; 28; 29; 3; 30; 31; 32 …(+15),,alternate_names; category; description; keywords; product_id; product_name; related_is_numbers; related_qcos; related_schemes; source_url; subcategory,current_status; degree_of_equivalence; document_url; is_number; official_url; part_section; product_category; publication_date; reaffirmation_review_date; revision; revision_date; standard_id; subcommittee; superseded_standard; superseding_standard …(+4),,IS 12269; IS 15844; IS 17043; IS 8112; IS 9573,scheme i isi mark,
DC-0085,BIS_Products_Details.xlsx,Products_Details,F011,BIS_Standards_Details_v2.xlsx,BIS Standards,F028,02_PRODUCTS,01_KNOW_YOUR_STANDARD,SINGLETON / EXACTDUP-001,40,40,11,19,0,11,19,0.0,SCHEMA_DISJOINT,0,0,0,0.0,0.0,0,LOW_PROJECTION_WIDTH,NO,NO,NO,40,0,5,0.8889,1,87,49,0.0073,0,15,0,0,1,0,0.0,0,0,0.8889,0,0,1,,1987; 1988; 1989; 1990; 1991; 2003; 2006; 2015 …(+10),440,701,,,,SAME_ENTITIES_DIFFERENT_KEY_NAMESPACE,-1,-1,-1,0.0,NO_SHARED_RECORD_KEY,NO_SHARED_RECORD_KEY,related_is_numbers,is_number; standard_id; superseded_standard; superseding_standard,0,,10; 11; 12; 13; 14; 15; 16; 17; 18; 19; 2; 20; 21; 22; 23; 24; 25; 26; 27; 28; 29; 3; 30; 31; 32 …(+15),10; 11; 12; 13; 14; 15; 16; 17; 18; 19; 2; 20; 21; 22; 23; 24; 25; 26; 27; 28; 29; 3; 30; 31; 32 …(+15),,alternate_names; category; description; keywords; product_id; product_name; related_is_numbers; related_qcos; related_schemes; source_url; subcategory,current_status; degree_of_equivalence; document_url; is_number; official_url; part_section; product_category; publication_date; reaffirmation_review_date; revision; revision_date; standard_id; subcommittee; superseded_standard; superseding_standard …(+4),,IS 12269; IS 15844; IS 17043; IS 8112; IS 9573,scheme i isi mark,
DC-0086,BIS_Products_Details.xlsx,Products_Details,F011,BIS_Standards_Details_v3.xlsx,BIS Standards,F029,02_PRODUCTS,01_KNOW_YOUR_STANDARD,SINGLETON,40,40,11,19,0,11,19,0.0,SCHEMA_DISJOINT,0,0,0,0.0,0.0,0,LOW_PROJECTION_WIDTH,NO,NO,NO,40,0,5,0.8889,1,87,49,0.0073,0,15,0,0,1,0,0.0,0,0,0.8889,0,0,1,,1987; 1988; 1989; 1990; 1991; 2003; 2006; 2015 …(+10),440,701,,,,SAME_ENTITIES_DIFFERENT_KEY_NAMESPACE,-1,-1,-1,0.0,NO_SHARED_RECORD_KEY,NO_SHARED_RECORD_KEY,related_is_numbers,is_number; standard_id; superseded_standard; superseding_standard,0,,10; 11; 12; 13; 14; 15; 16; 17; 18; 19; 2; 20; 21; 22; 23; 24; 25; 26; 27; 28; 29; 3; 30; 31; 32 …(+15),10; 11; 12; 13; 14; 15; 16; 17; 18; 19; 2; 20; 21; 22; 23; 24; 25; 26; 27; 28; 29; 3; 30; 31; 32 …(+15),,alternate_names; category; description; keywords; product_id; product_name; related_is_numbers; related_qcos; related_schemes; source_url; subcategory,current_status; degree_of_equivalence; document_url; is_number; official_url; part_section; product_category; publication_date; reaffirmation_review_date; revision; revision_date; standard_id; subcommittee; superseded_standard; superseding_standard …(+4),,IS 12269; IS 15844; IS 17043; IS 8112; IS 9573,scheme i isi mark,
DC-0087,BIS_Products_Details.xlsx,Products_Details,F011,BIS_Standards_Intelligence_Master.xlsx,BIS_Standards_Intelligence,F030,02_PRODUCTS,08_PRODUCT_SPECIFIC,SINGLETON,40,45,11,23,1,10,22,0.0303,SCHEMA_WEAK_OVERLAP,0,40,45,0.0,0.0106,1,LOW_PROJECTION_WIDTH,NO,NO,NO,40,0,4,0.9091,17,71,41,0.1318,0,15,0,0,1,5,0.0,0,0,0.9091,0,0,2,,,440,1035,,,,SAME_ENTITIES_DIFFERENT_KEY_NAMESPACE,-1,-1,-1,0.0,NO_SHARED_RECORD_KEY,NO_SHARED_RECORD_KEY,related_is_numbers,is_number,0,,10; 11; 12; 13; 14; 15; 16; 17; 18; 19; 2; 20; 21; 22; 23; 24; 25; 26; 27; 28; 29; 3; 30; 31; 32 …(+15),10; 11; 12; 13; 14; 15; 16; 17; 18; 19; 2; 20; 21; 22; 23; 24; 25; 26; 27; 28; 29; 3; 30; 31; 32 …(+20),source_url,alternate_names; category; description; keywords; product_id; product_name; related_is_numbers; related_qcos; related_schemes; subcategory,application_procedure; conformity_assessment; eligibility; factory_requirements; fees; forms; infrastructure_requirements; inspection; is_number; laboratory_testing; licence_or_coc_grant; process_controls; product; quality_control; renewal …(+7),,IS/IEC 60947 (Part 2); IS/IEC 60947 (Part 3); IS/IEC 60947 (Part 4); IS/IEC 60947 (Part 5),scheme i isi mark,eeqco; electrical equipment quality control order; scheme i; scheme i bis isi mark certification; scheme x
DC-0088,BIS_Products_Details.xlsx,Products_Details,F011,BIS_Standards_Scheme_Mapping.xlsx,BIS_Standards_Scheme_Mapping,F031,02_PRODUCTS,08_PRODUCT_SPECIFIC,SINGLETON,40,36,11,23,1,10,22,0.0303,SCHEMA_WEAK_OVERLAP,0,40,36,0.0,0.0106,1,LOW_PROJECTION_WIDTH,NO,NO,NO,25,15,10,0.5,0,88,0,0.0,0,15,0,0,1,3,0.0,0,0,0.5,0,0,2,,,440,828,,,,SAME_ENTITIES_DIFFERENT_KEY_NAMESPACE,-1,-1,-1,0.0,NO_SHARED_RECORD_KEY,NO_SHARED_RECORD_KEY,related_is_numbers,is_number,0,,10; 11; 12; 13; 14; 15; 16; 17; 18; 19; 2; 20; 21; 22; 23; 24; 25; 26; 27; 28; 29; 3; 30; 31; 32 …(+15),10; 11; 12; 13; 14; 15; 16; 17; 18; 19; 2; 20; 21; 22; 23; 24; 25; 26; 27; 28; 29; 3; 30; 31; 32 …(+11),source_url,alternate_names; category; description; keywords; product_id; product_name; related_is_numbers; related_qcos; related_schemes; subcategory,application_procedure; certification_scheme_to_store; conformity_assessment; eligibility; factory_requirements; fees; forms; group; infrastructure_requirements; inspection; is_number; laboratory_testing; licence_or_coc_grant; process_controls; quality_control …(+7),IS 1489 (Part 1); IS 1489 (Part 2); IS 15844 (Part 1); IS 15844 (Part 2); IS 15844 (Part 3); IS 17043 (Part 1); IS 17043 (Part 2); IS 2553 (Part 1) …(+7),IS 1489; IS 15844; IS 17043; IS 2553; IS 9573; IS 9873; IS/IEC 60947 (Part 2); IS/IEC 60947 (Part 3) …(+2),scheme i isi mark,applicable eeqco product specific process; scheme ii; scheme x
DC-0089,BIS_Products_Details.xlsx,Products_Details,F011,BIS_Testing_Parameters_Master.xlsx,BIS_Testing_Parameters,F032,02_PRODUCTS,10_TESTING,SINGLETON,40,45,11,18,1,10,17,0.0357,SCHEMA_WEAK_OVERLAP,0,40,22,0.0,0.0125,1,LOW_PROJECTION_WIDTH,NO,NO,NO,40,0,4,0.9091,17,71,42,0.1308,0,15,0,0,1,0,0.0,0,0,0.9091,0,0,0,,,440,787,,,,SAME_ENTITIES_DIFFERENT_KEY_NAMESPACE,-1,-1,-1,0.0,NO_SHARED_RECORD_KEY,NO_SHARED_RECORD_KEY,related_is_numbers,is_number; test_method_standard,0,,10; 11; 12; 13; 14; 15; 16; 17; 18; 19; 2; 20; 21; 22; 23; 24; 25; 26; 27; 28; 29; 3; 30; 31; 32 …(+15),10; 11; 12; 13; 14; 15; 16; 17; 18; 2; 3; 4; 42; 43; 44; 45; 46; 5; 6; 7; 8; 9,source_url,alternate_names; category; description; keywords; product_id; product_name; related_is_numbers; related_qcos; related_schemes; subcategory,acceptance_criteria; clause; is_number; laboratory_requirement; product; rejection_handling; remarks; required_equipment; sample_size; sampling_frequency; source_document; source_page; test_frequency; test_method; test_method_standard …(+2),,IS/IEC 60947 (Part 2); IS/IEC 60947 (Part 3); IS/IEC 60947 (Part 4); IS/IEC 60947 (Part 5),scheme i isi mark,
DC-0090,BIS_Products_Full_Information.xlsx,Products_Details,F012,BIS_Products_Full_Information_v2.xlsx,Products_Details,F013,02_PRODUCTS,02_PRODUCTS,NAMECAND-003,40,40,11,11,11,0,0,1.0,SCHEMA_IDENTICAL,38,2,2,0.9048,0.9381,11,RELIABLE,NO,NO,NO,51,0,0,1.0,100,1,1,0.9804,25,0,0,12,0,0,1.0,0,0,1.0,0,0,0,,,440,440,product_name,description; keywords; product_id; product_name; related_is_numbers,,KEY_LINKED,40,0,0,1.0,,,related_is_numbers,related_is_numbers,3,description; product_id,2; 39,2; 39,alternate_names; category; description; keywords; product_id; product_name; related_is_numbers; related_qcos; related_schemes; source_url; subcategory,,,,,,
DC-0091,BIS_Products_Full_Information.xlsx,Products_Details,F012,BIS_QCO-schema_2.xlsx,BIS_QCO-schema_2,F014,02_PRODUCTS,03_QCO,NAMECAND-003 / SINGLETON,40,40,11,22,1,10,21,0.0312,SCHEMA_WEAK_OVERLAP,0,40,40,0.0,0.0109,1,LOW_PROJECTION_WIDTH,NO,NO,NO,27,24,13,0.4219,11,90,38,0.0791,9,16,27,0,12,1,0.0,0,0,0.4219,0,0,0,,,440,880,,,,SAME_ENTITIES_DIFFERENT_KEY_NAMESPACE,-1,-1,-1,0.0,NO_SHARED_RECORD_KEY,NO_SHARED_RECORD_KEY,related_is_numbers,is_numbers,0,,10; 11; 12; 13; 14; 15; 16; 17; 18; 19; 2; 20; 21; 22; 23; 24; 25; 26; 27; 28; 29; 3; 30; 31; 32 …(+15),10; 11; 12; 13; 14; 15; 16; 17; 18; 19; 2; 20; 21; 22; 23; 24; 25; 26; 27; 28; 29; 3; 30; 31; 32 …(+15),source_url,alternate_names; category; description; keywords; product_id; product_name; related_is_numbers; related_qcos; related_schemes; subcategory,amendments; corrigendas; current_status; deferments; department; effective_date; exclusions; extensions; is_numbers; mandatory_status; ministry; notification_date; notification_number; official_document_url; product …(+6),IS 10322; IS 10702; IS 12089; IS 12254; IS 1254; IS 1489; IS 14900; IS 15298 (Part 1) …(+16),IS 12330; IS 12600; IS 15298 (Part 2); IS 15392; IS 16415; IS 17037; IS 2083; IS 302 (Part 1) …(+5),440 licenses; active licenses 40; active licenses 79; bis scheme i isi mark; bis scheme i isi mark certification scheme; bis scheme i isi mark scheme …(+6),scheme i
DC-0092,BIS_Products_Full_Information.xlsx,Products_Details,F012,BIS_QCO_Master_Scheme_1.xlsx,BIS_QCO_Master_Scheme_1,F018,02_PRODUCTS,03_QCO,NAMECAND-003 / SINGLETON,40,40,11,11,0,11,11,0.0,SCHEMA_DISJOINT,0,0,0,0.0,0.0,0,LOW_PROJECTION_WIDTH,NO,NO,NO,27,24,13,0.4219,11,90,41,0.0775,5,20,17,0,12,0,0.0,0,0,0.4219,0,0,0,,,440,440,,,,SAME_ENTITIES_DIFFERENT_KEY_NAMESPACE,-1,-1,-1,0.0,NO_SHARED_RECORD_KEY,NO_SHARED_RECORD_KEY,related_is_numbers,is_number,0,,10; 11; 12; 13; 14; 15; 16; 17; 18; 19; 2; 20; 21; 22; 23; 24; 25; 26; 27; 28; 29; 3; 30; 31; 32 …(+15),10; 11; 12; 13; 14; 15; 16; 17; 18; 19; 2; 20; 21; 22; 23; 24; 25; 26; 27; 28; 29; 3; 30; 31; 32 …(+15),,alternate_names; category; description; keywords; product_id; product_name; related_is_numbers; related_qcos; related_schemes; source_url; subcategory,amendments_extensions; effective_implementation_date; exemptions; is_number; mandatory_voluntary_status; ministry; notification_number; product; qco_order; scope; source_gazette_url,IS 10322; IS 10702; IS 12089; IS 12254; IS 1254; IS 1489; IS 14900; IS 15298 (Part 1) …(+16),IS 12330; IS 12600; IS 15298 (Part 2); IS 15392; IS 16415; IS 17037; IS 2083; IS 302 (Part 1) …(+5),440 licenses; active licenses 40; active licenses 79; bis scheme i isi mark; bis scheme i isi mark certification scheme; bis scheme i isi mark scheme …(+6),
DC-0093,BIS_Products_Full_Information.xlsx,Products_Details,F012,BIS_QCO_Summary.xlsx,QCO_Summary,F019,02_PRODUCTS,03_QCO,NAMECAND-003 / SINGLETON,40,35,11,7,0,11,7,0.0,SCHEMA_DISJOINT,0,0,0,0.0,0.0,0,LOW_PROJECTION_WIDTH,NO,NO,NO,23,28,13,0.3594,0,101,0,0.0,7,18,13,0,12,0,0.0,0,0,0.3594,0,0,0,,2003; 2020; 2021; 2024,440,245,,,,SAME_ENTITIES_DIFFERENT_KEY_NAMESPACE,-1,-1,-1,0.0,NO_SHARED_RECORD_KEY,NO_SHARED_RECORD_KEY,related_is_numbers,product_standard_is,0,,10; 11; 12; 13; 14; 15; 16; 17; 18; 19; 2; 20; 21; 22; 23; 24; 25; 26; 27; 28; 29; 3; 30; 31; 32 …(+15),10; 11; 12; 13; 14; 15; 16; 17; 18; 19; 2; 20; 21; 22; 23; 24; 25; 26; 27; 28; 29; 3; 30; 31; 32 …(+10),,alternate_names; category; description; keywords; product_id; product_name; related_is_numbers; related_qcos; related_schemes; source_url; subcategory,key_scope_exclusions_amendments; ministry_department; notification_no_date; product_standard_is; qco_name_identifier; scheme_status; source_document_link,IS 10322; IS 10702; IS 12089; IS 12254; IS 1254; IS 1489; IS 14900; IS 15298 (Part 1) …(+20),IS 12330; IS 12600; IS 15298 (Part 2); IS 15392; IS 16415; IS 17037; IS 2083; IS 302 (Part 1) …(+5),440 licenses; active licenses 40; active licenses 79; bis scheme i isi mark; bis scheme i isi mark certification scheme; bis scheme i isi mark scheme …(+6),
DC-0094,BIS_Products_Full_Information.xlsx,Products_Details,F012,BIS_Scheme_IV_FMCS.xlsx,BIS_FMCS_Scheme_IV,F021,02_PRODUCTS,22_FMCS,NAMECAND-003 / SINGLETON,40,40,11,13,1,10,12,0.0435,SCHEMA_WEAK_OVERLAP,0,40,40,0.0,0.0152,1,LOW_PROJECTION_WIDTH,NO,NO,NO,27,24,13,0.4219,11,90,42,0.0769,0,25,3,0,12,5,0.0,0,0,0.4219,0,0,1,,,440,520,,,,SAME_ENTITIES_DIFFERENT_KEY_NAMESPACE,-1,-1,-1,0.0,NO_SHARED_RECORD_KEY,NO_SHARED_RECORD_KEY,related_is_numbers,is_number,0,,10; 11; 12; 13; 14; 15; 16; 17; 18; 19; 2; 20; 21; 22; 23; 24; 25; 26; 27; 28; 29; 3; 30; 31; 32 …(+15),10; 11; 12; 13; 14; 15; 16; 17; 18; 19; 2; 20; 21; 22; 23; 24; 25; 26; 27; 28; 29; 3; 30; 31; 32 …(+15),source_url,alternate_names; category; description; keywords; product_id; product_name; related_is_numbers; related_qcos; related_schemes; subcategory,certification_type; is_number; mandatory_voluntary; product; related_product_manual; related_qco; related_sit; requirements; scheme_id_code; scheme_name; scheme_type; scope,IS 10322; IS 10702; IS 12089; IS 12254; IS 1254; IS 1489; IS 14900; IS 15298 (Part 1) …(+16),IS 12330; IS 12600; IS 15298 (Part 2); IS 15392; IS 16415; IS 17037; IS 2083; IS 302 (Part 1) …(+5),440 licenses; active licenses 40; active licenses 79; bis scheme i isi mark; bis scheme i isi mark certification scheme; bis scheme i isi mark scheme …(+6),certificate of conformity; foreign manufacturers certification scheme fmcs; overseas manufacturers; product certification foreign; scheme iv
DC-0095,BIS_Products_Full_Information.xlsx,Products_Details,F012,BIS_Standards_Details_v2 (1).xlsx,BIS Standards,F027,02_PRODUCTS,01_KNOW_YOUR_STANDARD,NAMECAND-003 / EXACTDUP-001,40,40,11,19,0,11,19,0.0,SCHEMA_DISJOINT,0,0,0,0.0,0.0,0,LOW_PROJECTION_WIDTH,NO,NO,NO,28,23,17,0.4118,0,101,50,0.0,0,25,0,0,12,0,0.0,0,0,0.4118,0,0,1,,1987; 1988; 1989; 1990; 1991; 2003; 2006; 2015 …(+10),440,701,,,,SAME_ENTITIES_DIFFERENT_KEY_NAMESPACE,-1,-1,-1,0.0,NO_SHARED_RECORD_KEY,NO_SHARED_RECORD_KEY,related_is_numbers,is_number; standard_id; superseded_standard; superseding_standard,0,,10; 11; 12; 13; 14; 15; 16; 17; 18; 19; 2; 20; 21; 22; 23; 24; 25; 26; 27; 28; 29; 3; 30; 31; 32 …(+15),10; 11; 12; 13; 14; 15; 16; 17; 18; 19; 2; 20; 21; 22; 23; 24; 25; 26; 27; 28; 29; 3; 30; 31; 32 …(+15),,alternate_names; category; description; keywords; product_id; product_name; related_is_numbers; related_qcos; related_schemes; source_url; subcategory,current_status; degree_of_equivalence; document_url; is_number; official_url; part_section; product_category; publication_date; reaffirmation_review_date; revision; revision_date; standard_id; subcommittee; superseded_standard; superseding_standard …(+4),IS 10322; IS 10702; IS 12089; IS 12254; IS 1254; IS 1489; IS 14900; IS 15298 (Part 1) …(+15),IS 12269; IS 12330; IS 12600; IS 15298 (Part 2); IS 15392; IS 16415; IS 17037; IS 17043 …(+9),440 licenses; active licenses 40; active licenses 79; bis scheme i isi mark; bis scheme i isi mark certification scheme; bis scheme i isi mark scheme …(+6),
DC-0096,BIS_Products_Full_Information.xlsx,Products_Details,F012,BIS_Standards_Details_v2.xlsx,BIS Standards,F028,02_PRODUCTS,01_KNOW_YOUR_STANDARD,NAMECAND-003 / EXACTDUP-001,40,40,11,19,0,11,19,0.0,SCHEMA_DISJOINT,0,0,0,0.0,0.0,0,LOW_PROJECTION_WIDTH,NO,NO,NO,28,23,17,0.4118,0,101,50,0.0,0,25,0,0,12,0,0.0,0,0,0.4118,0,0,1,,1987; 1988; 1989; 1990; 1991; 2003; 2006; 2015 …(+10),440,701,,,,SAME_ENTITIES_DIFFERENT_KEY_NAMESPACE,-1,-1,-1,0.0,NO_SHARED_RECORD_KEY,NO_SHARED_RECORD_KEY,related_is_numbers,is_number; standard_id; superseded_standard; superseding_standard,0,,10; 11; 12; 13; 14; 15; 16; 17; 18; 19; 2; 20; 21; 22; 23; 24; 25; 26; 27; 28; 29; 3; 30; 31; 32 …(+15),10; 11; 12; 13; 14; 15; 16; 17; 18; 19; 2; 20; 21; 22; 23; 24; 25; 26; 27; 28; 29; 3; 30; 31; 32 …(+15),,alternate_names; category; description; keywords; product_id; product_name; related_is_numbers; related_qcos; related_schemes; source_url; subcategory,current_status; degree_of_equivalence; document_url; is_number; official_url; part_section; product_category; publication_date; reaffirmation_review_date; revision; revision_date; standard_id; subcommittee; superseded_standard; superseding_standard …(+4),IS 10322; IS 10702; IS 12089; IS 12254; IS 1254; IS 1489; IS 14900; IS 15298 (Part 1) …(+15),IS 12269; IS 12330; IS 12600; IS 15298 (Part 2); IS 15392; IS 16415; IS 17037; IS 17043 …(+9),440 licenses; active licenses 40; active licenses 79; bis scheme i isi mark; bis scheme i isi mark certification scheme; bis scheme i isi mark scheme …(+6),
DC-0097,BIS_Products_Full_Information.xlsx,Products_Details,F012,BIS_Standards_Details_v3.xlsx,BIS Standards,F029,02_PRODUCTS,01_KNOW_YOUR_STANDARD,NAMECAND-003 / SINGLETON,40,40,11,19,0,11,19,0.0,SCHEMA_DISJOINT,0,0,0,0.0,0.0,0,LOW_PROJECTION_WIDTH,NO,NO,NO,28,23,17,0.4118,0,101,50,0.0,0,25,0,0,12,0,0.0,0,0,0.4118,0,0,1,,1987; 1988; 1989; 1990; 1991; 2003; 2006; 2015 …(+10),440,701,,,,SAME_ENTITIES_DIFFERENT_KEY_NAMESPACE,-1,-1,-1,0.0,NO_SHARED_RECORD_KEY,NO_SHARED_RECORD_KEY,related_is_numbers,is_number; standard_id; superseded_standard; superseding_standard,0,,10; 11; 12; 13; 14; 15; 16; 17; 18; 19; 2; 20; 21; 22; 23; 24; 25; 26; 27; 28; 29; 3; 30; 31; 32 …(+15),10; 11; 12; 13; 14; 15; 16; 17; 18; 19; 2; 20; 21; 22; 23; 24; 25; 26; 27; 28; 29; 3; 30; 31; 32 …(+15),,alternate_names; category; description; keywords; product_id; product_name; related_is_numbers; related_qcos; related_schemes; source_url; subcategory,current_status; degree_of_equivalence; document_url; is_number; official_url; part_section; product_category; publication_date; reaffirmation_review_date; revision; revision_date; standard_id; subcommittee; superseded_standard; superseding_standard …(+4),IS 10322; IS 10702; IS 12089; IS 12254; IS 1254; IS 1489; IS 14900; IS 15298 (Part 1) …(+15),IS 12269; IS 12330; IS 12600; IS 15298 (Part 2); IS 15392; IS 16415; IS 17037; IS 17043 …(+9),440 licenses; active licenses 40; active licenses 79; bis scheme i isi mark; bis scheme i isi mark certification scheme; bis scheme i isi mark scheme …(+6),
DC-0098,BIS_Products_Full_Information.xlsx,Products_Details,F012,BIS_Standards_Intelligence_Master.xlsx,BIS_Standards_Intelligence,F030,02_PRODUCTS,08_PRODUCT_SPECIFIC,NAMECAND-003 / SINGLETON,40,45,11,23,1,10,22,0.0303,SCHEMA_WEAK_OVERLAP,0,40,45,0.0,0.0106,1,LOW_PROJECTION_WIDTH,NO,NO,NO,27,24,17,0.3971,9,92,49,0.06,0,25,0,0,12,5,0.0,0,0,0.3971,0,0,2,,,440,1035,,,,SAME_ENTITIES_DIFFERENT_KEY_NAMESPACE,-1,-1,-1,0.0,NO_SHARED_RECORD_KEY,NO_SHARED_RECORD_KEY,related_is_numbers,is_number,0,,10; 11; 12; 13; 14; 15; 16; 17; 18; 19; 2; 20; 21; 22; 23; 24; 25; 26; 27; 28; 29; 3; 30; 31; 32 …(+15),10; 11; 12; 13; 14; 15; 16; 17; 18; 19; 2; 20; 21; 22; 23; 24; 25; 26; 27; 28; 29; 3; 30; 31; 32 …(+20),source_url,alternate_names; category; description; keywords; product_id; product_name; related_is_numbers; related_qcos; related_schemes; subcategory,application_procedure; conformity_assessment; eligibility; factory_requirements; fees; forms; infrastructure_requirements; inspection; is_number; laboratory_testing; licence_or_coc_grant; process_controls; product; quality_control; renewal …(+7),IS 10322; IS 10702; IS 12089; IS 12254; IS 1254; IS 1489; IS 14900; IS 15298 (Part 1) …(+16),IS 12330; IS 12600; IS 15298 (Part 2); IS 15392; IS 16415; IS 17037; IS 2083; IS 302 (Part 1) …(+9),440 licenses; active licenses 40; active licenses 79; bis scheme i isi mark; bis scheme i isi mark certification scheme; bis scheme i isi mark scheme …(+6),eeqco; electrical equipment quality control order; scheme i; scheme i bis isi mark certification; scheme x
DC-0099,BIS_Products_Full_Information.xlsx,Products_Details,F012,BIS_Testing_Parameters_Master.xlsx,BIS_Testing_Parameters,F032,02_PRODUCTS,10_TESTING,NAMECAND-003 / SINGLETON,40,45,11,18,1,10,17,0.0357,SCHEMA_WEAK_OVERLAP,0,40,22,0.0,0.0125,1,LOW_PROJECTION_WIDTH,NO,NO,NO,27,24,17,0.3971,9,92,50,0.0596,0,25,0,0,12,0,0.0,0,0,0.3971,0,0,0,,,440,787,,,,SAME_ENTITIES_DIFFERENT_KEY_NAMESPACE,-1,-1,-1,0.0,NO_SHARED_RECORD_KEY,NO_SHARED_RECORD_KEY,related_is_numbers,is_number; test_method_standard,0,,10; 11; 12; 13; 14; 15; 16; 17; 18; 19; 2; 20; 21; 22; 23; 24; 25; 26; 27; 28; 29; 3; 30; 31; 32 …(+15),10; 11; 12; 13; 14; 15; 16; 17; 18; 2; 3; 4; 42; 43; 44; 45; 46; 5; 6; 7; 8; 9,source_url,alternate_names; category; description; keywords; product_id; product_name; related_is_numbers; related_qcos; related_schemes; subcategory,acceptance_criteria; clause; is_number; laboratory_requirement; product; rejection_handling; remarks; required_equipment; sample_size; sampling_frequency; source_document; source_page; test_frequency; test_method; test_method_standard …(+2),IS 10322; IS 10702; IS 12089; IS 12254; IS 1254; IS 1489; IS 14900; IS 15298 (Part 1) …(+16),IS 12330; IS 12600; IS 15298 (Part 2); IS 15392; IS 16415; IS 17037; IS 2083; IS 302 (Part 1) …(+9),440 licenses; active licenses 40; active licenses 79; bis scheme i isi mark; bis scheme i isi mark certification scheme; bis scheme i isi mark scheme …(+6),
DC-0100,BIS_Products_Full_Information_v2.xlsx,Products_Details,F013,BIS_QCO-schema_2.xlsx,BIS_QCO-schema_2,F014,02_PRODUCTS,03_QCO,NAMECAND-003 / SINGLETON,40,40,11,22,1,10,21,0.0312,SCHEMA_WEAK_OVERLAP,0,40,40,0.0,0.0109,1,LOW_PROJECTION_WIDTH,NO,NO,NO,27,24,13,0.4219,11,90,38,0.0791,9,16,27,0,12,1,0.0,0,0,0.4219,0,0,0,,,440,880,,,,SAME_ENTITIES_DIFFERENT_KEY_NAMESPACE,-1,-1,-1,0.0,NO_SHARED_RECORD_KEY,NO_SHARED_RECORD_KEY,related_is_numbers,is_numbers,0,,10; 11; 12; 13; 14; 15; 16; 17; 18; 19; 2; 20; 21; 22; 23; 24; 25; 26; 27; 28; 29; 3; 30; 31; 32 …(+15),10; 11; 12; 13; 14; 15; 16; 17; 18; 19; 2; 20; 21; 22; 23; 24; 25; 26; 27; 28; 29; 3; 30; 31; 32 …(+15),source_url,alternate_names; category; description; keywords; product_id; product_name; related_is_numbers; related_qcos; related_schemes; subcategory,amendments; corrigendas; current_status; deferments; department; effective_date; exclusions; extensions; is_numbers; mandatory_status; ministry; notification_date; notification_number; official_document_url; product …(+6),IS 10322; IS 10702; IS 12089; IS 12254; IS 1254; IS 1489; IS 14900; IS 15298 (Part 1) …(+16),IS 12330; IS 12600; IS 15298 (Part 2); IS 15392; IS 16415; IS 17037; IS 2083; IS 302 (Part 1) …(+5),440 licenses; active licenses 40; active licenses 79; bis scheme i isi mark; bis scheme i isi mark certification scheme; bis scheme i isi mark scheme …(+6),scheme i
DC-0101,BIS_Products_Full_Information_v2.xlsx,Products_Details,F013,BIS_QCO_Master_Scheme_1.xlsx,BIS_QCO_Master_Scheme_1,F018,02_PRODUCTS,03_QCO,NAMECAND-003 / SINGLETON,40,40,11,11,0,11,11,0.0,SCHEMA_DISJOINT,0,0,0,0.0,0.0,0,LOW_PROJECTION_WIDTH,NO,NO,NO,27,24,13,0.4219,11,90,41,0.0775,5,20,17,0,12,0,0.0,0,0,0.4219,0,0,0,,,440,440,,,,SAME_ENTITIES_DIFFERENT_KEY_NAMESPACE,-1,-1,-1,0.0,NO_SHARED_RECORD_KEY,NO_SHARED_RECORD_KEY,related_is_numbers,is_number,0,,10; 11; 12; 13; 14; 15; 16; 17; 18; 19; 2; 20; 21; 22; 23; 24; 25; 26; 27; 28; 29; 3; 30; 31; 32 …(+15),10; 11; 12; 13; 14; 15; 16; 17; 18; 19; 2; 20; 21; 22; 23; 24; 25; 26; 27; 28; 29; 3; 30; 31; 32 …(+15),,alternate_names; category; description; keywords; product_id; product_name; related_is_numbers; related_qcos; related_schemes; source_url; subcategory,amendments_extensions; effective_implementation_date; exemptions; is_number; mandatory_voluntary_status; ministry; notification_number; product; qco_order; scope; source_gazette_url,IS 10322; IS 10702; IS 12089; IS 12254; IS 1254; IS 1489; IS 14900; IS 15298 (Part 1) …(+16),IS 12330; IS 12600; IS 15298 (Part 2); IS 15392; IS 16415; IS 17037; IS 2083; IS 302 (Part 1) …(+5),440 licenses; active licenses 40; active licenses 79; bis scheme i isi mark; bis scheme i isi mark certification scheme; bis scheme i isi mark scheme …(+6),
DC-0102,BIS_Products_Full_Information_v2.xlsx,Products_Details,F013,BIS_QCO_Summary.xlsx,QCO_Summary,F019,02_PRODUCTS,03_QCO,NAMECAND-003 / SINGLETON,40,35,11,7,0,11,7,0.0,SCHEMA_DISJOINT,0,0,0,0.0,0.0,0,LOW_PROJECTION_WIDTH,NO,NO,NO,23,28,13,0.3594,0,101,0,0.0,7,18,13,0,12,0,0.0,0,0,0.3594,0,0,0,,2003; 2020; 2021; 2024,440,245,,,,SAME_ENTITIES_DIFFERENT_KEY_NAMESPACE,-1,-1,-1,0.0,NO_SHARED_RECORD_KEY,NO_SHARED_RECORD_KEY,related_is_numbers,product_standard_is,0,,10; 11; 12; 13; 14; 15; 16; 17; 18; 19; 2; 20; 21; 22; 23; 24; 25; 26; 27; 28; 29; 3; 30; 31; 32 …(+15),10; 11; 12; 13; 14; 15; 16; 17; 18; 19; 2; 20; 21; 22; 23; 24; 25; 26; 27; 28; 29; 3; 30; 31; 32 …(+10),,alternate_names; category; description; keywords; product_id; product_name; related_is_numbers; related_qcos; related_schemes; source_url; subcategory,key_scope_exclusions_amendments; ministry_department; notification_no_date; product_standard_is; qco_name_identifier; scheme_status; source_document_link,IS 10322; IS 10702; IS 12089; IS 12254; IS 1254; IS 1489; IS 14900; IS 15298 (Part 1) …(+20),IS 12330; IS 12600; IS 15298 (Part 2); IS 15392; IS 16415; IS 17037; IS 2083; IS 302 (Part 1) …(+5),440 licenses; active licenses 40; active licenses 79; bis scheme i isi mark; bis scheme i isi mark certification scheme; bis scheme i isi mark scheme …(+6),
DC-0103,BIS_Products_Full_Information_v2.xlsx,Products_Details,F013,BIS_Scheme_IV_FMCS.xlsx,BIS_FMCS_Scheme_IV,F021,02_PRODUCTS,22_FMCS,NAMECAND-003 / SINGLETON,40,40,11,13,1,10,12,0.0435,SCHEMA_WEAK_OVERLAP,0,40,40,0.0,0.0152,1,LOW_PROJECTION_WIDTH,NO,NO,NO,27,24,13,0.4219,11,90,42,0.0769,0,25,3,0,12,5,0.0,0,0,0.4219,0,0,1,,,440,520,,,,SAME_ENTITIES_DIFFERENT_KEY_NAMESPACE,-1,-1,-1,0.0,NO_SHARED_RECORD_KEY,NO_SHARED_RECORD_KEY,related_is_numbers,is_number,0,,10; 11; 12; 13; 14; 15; 16; 17; 18; 19; 2; 20; 21; 22; 23; 24; 25; 26; 27; 28; 29; 3; 30; 31; 32 …(+15),10; 11; 12; 13; 14; 15; 16; 17; 18; 19; 2; 20; 21; 22; 23; 24; 25; 26; 27; 28; 29; 3; 30; 31; 32 …(+15),source_url,alternate_names; category; description; keywords; product_id; product_name; related_is_numbers; related_qcos; related_schemes; subcategory,certification_type; is_number; mandatory_voluntary; product; related_product_manual; related_qco; related_sit; requirements; scheme_id_code; scheme_name; scheme_type; scope,IS 10322; IS 10702; IS 12089; IS 12254; IS 1254; IS 1489; IS 14900; IS 15298 (Part 1) …(+16),IS 12330; IS 12600; IS 15298 (Part 2); IS 15392; IS 16415; IS 17037; IS 2083; IS 302 (Part 1) …(+5),440 licenses; active licenses 40; active licenses 79; bis scheme i isi mark; bis scheme i isi mark certification scheme; bis scheme i isi mark scheme …(+6),certificate of conformity; foreign manufacturers certification scheme fmcs; overseas manufacturers; product certification foreign; scheme iv
DC-0104,BIS_Products_Full_Information_v2.xlsx,Products_Details,F013,BIS_Standards_Details_v2 (1).xlsx,BIS Standards,F027,02_PRODUCTS,01_KNOW_YOUR_STANDARD,NAMECAND-003 / EXACTDUP-001,40,40,11,19,0,11,19,0.0,SCHEMA_DISJOINT,0,0,0,0.0,0.0,0,LOW_PROJECTION_WIDTH,NO,NO,NO,28,23,17,0.4118,0,101,50,0.0,0,25,0,0,12,0,0.0,0,0,0.4118,0,0,1,,1987; 1988; 1989; 1990; 1991; 2003; 2006; 2015 …(+10),440,701,,,,SAME_ENTITIES_DIFFERENT_KEY_NAMESPACE,-1,-1,-1,0.0,NO_SHARED_RECORD_KEY,NO_SHARED_RECORD_KEY,related_is_numbers,is_number; standard_id; superseded_standard; superseding_standard,0,,10; 11; 12; 13; 14; 15; 16; 17; 18; 19; 2; 20; 21; 22; 23; 24; 25; 26; 27; 28; 29; 3; 30; 31; 32 …(+15),10; 11; 12; 13; 14; 15; 16; 17; 18; 19; 2; 20; 21; 22; 23; 24; 25; 26; 27; 28; 29; 3; 30; 31; 32 …(+15),,alternate_names; category; description; keywords; product_id; product_name; related_is_numbers; related_qcos; related_schemes; source_url; subcategory,current_status; degree_of_equivalence; document_url; is_number; official_url; part_section; product_category; publication_date; reaffirmation_review_date; revision; revision_date; standard_id; subcommittee; superseded_standard; superseding_standard …(+4),IS 10322; IS 10702; IS 12089; IS 12254; IS 1254; IS 1489; IS 14900; IS 15298 (Part 1) …(+15),IS 12269; IS 12330; IS 12600; IS 15298 (Part 2); IS 15392; IS 16415; IS 17037; IS 17043 …(+9),440 licenses; active licenses 40; active licenses 79; bis scheme i isi mark; bis scheme i isi mark certification scheme; bis scheme i isi mark scheme …(+6),
DC-0105,BIS_Products_Full_Information_v2.xlsx,Products_Details,F013,BIS_Standards_Details_v2.xlsx,BIS Standards,F028,02_PRODUCTS,01_KNOW_YOUR_STANDARD,NAMECAND-003 / EXACTDUP-001,40,40,11,19,0,11,19,0.0,SCHEMA_DISJOINT,0,0,0,0.0,0.0,0,LOW_PROJECTION_WIDTH,NO,NO,NO,28,23,17,0.4118,0,101,50,0.0,0,25,0,0,12,0,0.0,0,0,0.4118,0,0,1,,1987; 1988; 1989; 1990; 1991; 2003; 2006; 2015 …(+10),440,701,,,,SAME_ENTITIES_DIFFERENT_KEY_NAMESPACE,-1,-1,-1,0.0,NO_SHARED_RECORD_KEY,NO_SHARED_RECORD_KEY,related_is_numbers,is_number; standard_id; superseded_standard; superseding_standard,0,,10; 11; 12; 13; 14; 15; 16; 17; 18; 19; 2; 20; 21; 22; 23; 24; 25; 26; 27; 28; 29; 3; 30; 31; 32 …(+15),10; 11; 12; 13; 14; 15; 16; 17; 18; 19; 2; 20; 21; 22; 23; 24; 25; 26; 27; 28; 29; 3; 30; 31; 32 …(+15),,alternate_names; category; description; keywords; product_id; product_name; related_is_numbers; related_qcos; related_schemes; source_url; subcategory,current_status; degree_of_equivalence; document_url; is_number; official_url; part_section; product_category; publication_date; reaffirmation_review_date; revision; revision_date; standard_id; subcommittee; superseded_standard; superseding_standard …(+4),IS 10322; IS 10702; IS 12089; IS 12254; IS 1254; IS 1489; IS 14900; IS 15298 (Part 1) …(+15),IS 12269; IS 12330; IS 12600; IS 15298 (Part 2); IS 15392; IS 16415; IS 17037; IS 17043 …(+9),440 licenses; active licenses 40; active licenses 79; bis scheme i isi mark; bis scheme i isi mark certification scheme; bis scheme i isi mark scheme …(+6),
DC-0106,BIS_Products_Full_Information_v2.xlsx,Products_Details,F013,BIS_Standards_Details_v3.xlsx,BIS Standards,F029,02_PRODUCTS,01_KNOW_YOUR_STANDARD,NAMECAND-003 / SINGLETON,40,40,11,19,0,11,19,0.0,SCHEMA_DISJOINT,0,0,0,0.0,0.0,0,LOW_PROJECTION_WIDTH,NO,NO,NO,28,23,17,0.4118,0,101,50,0.0,0,25,0,0,12,0,0.0,0,0,0.4118,0,0,1,,1987; 1988; 1989; 1990; 1991; 2003; 2006; 2015 …(+10),440,701,,,,SAME_ENTITIES_DIFFERENT_KEY_NAMESPACE,-1,-1,-1,0.0,NO_SHARED_RECORD_KEY,NO_SHARED_RECORD_KEY,related_is_numbers,is_number; standard_id; superseded_standard; superseding_standard,0,,10; 11; 12; 13; 14; 15; 16; 17; 18; 19; 2; 20; 21; 22; 23; 24; 25; 26; 27; 28; 29; 3; 30; 31; 32 …(+15),10; 11; 12; 13; 14; 15; 16; 17; 18; 19; 2; 20; 21; 22; 23; 24; 25; 26; 27; 28; 29; 3; 30; 31; 32 …(+15),,alternate_names; category; description; keywords; product_id; product_name; related_is_numbers; related_qcos; related_schemes; source_url; subcategory,current_status; degree_of_equivalence; document_url; is_number; official_url; part_section; product_category; publication_date; reaffirmation_review_date; revision; revision_date; standard_id; subcommittee; superseded_standard; superseding_standard …(+4),IS 10322; IS 10702; IS 12089; IS 12254; IS 1254; IS 1489; IS 14900; IS 15298 (Part 1) …(+15),IS 12269; IS 12330; IS 12600; IS 15298 (Part 2); IS 15392; IS 16415; IS 17037; IS 17043 …(+9),440 licenses; active licenses 40; active licenses 79; bis scheme i isi mark; bis scheme i isi mark certification scheme; bis scheme i isi mark scheme …(+6),
DC-0107,BIS_Products_Full_Information_v2.xlsx,Products_Details,F013,BIS_Standards_Intelligence_Master.xlsx,BIS_Standards_Intelligence,F030,02_PRODUCTS,08_PRODUCT_SPECIFIC,NAMECAND-003 / SINGLETON,40,45,11,23,1,10,22,0.0303,SCHEMA_WEAK_OVERLAP,0,40,45,0.0,0.0106,1,LOW_PROJECTION_WIDTH,NO,NO,NO,27,24,17,0.3971,9,92,49,0.06,0,25,0,0,12,5,0.0,0,0,0.3971,0,0,2,,,440,1035,,,,SAME_ENTITIES_DIFFERENT_KEY_NAMESPACE,-1,-1,-1,0.0,NO_SHARED_RECORD_KEY,NO_SHARED_RECORD_KEY,related_is_numbers,is_number,0,,10; 11; 12; 13; 14; 15; 16; 17; 18; 19; 2; 20; 21; 22; 23; 24; 25; 26; 27; 28; 29; 3; 30; 31; 32 …(+15),10; 11; 12; 13; 14; 15; 16; 17; 18; 19; 2; 20; 21; 22; 23; 24; 25; 26; 27; 28; 29; 3; 30; 31; 32 …(+20),source_url,alternate_names; category; description; keywords; product_id; product_name; related_is_numbers; related_qcos; related_schemes; subcategory,application_procedure; conformity_assessment; eligibility; factory_requirements; fees; forms; infrastructure_requirements; inspection; is_number; laboratory_testing; licence_or_coc_grant; process_controls; product; quality_control; renewal …(+7),IS 10322; IS 10702; IS 12089; IS 12254; IS 1254; IS 1489; IS 14900; IS 15298 (Part 1) …(+16),IS 12330; IS 12600; IS 15298 (Part 2); IS 15392; IS 16415; IS 17037; IS 2083; IS 302 (Part 1) …(+9),440 licenses; active licenses 40; active licenses 79; bis scheme i isi mark; bis scheme i isi mark certification scheme; bis scheme i isi mark scheme …(+6),eeqco; electrical equipment quality control order; scheme i; scheme i bis isi mark certification; scheme x
DC-0108,BIS_Products_Full_Information_v2.xlsx,Products_Details,F013,BIS_Testing_Parameters_Master.xlsx,BIS_Testing_Parameters,F032,02_PRODUCTS,10_TESTING,NAMECAND-003 / SINGLETON,40,45,11,18,1,10,17,0.0357,SCHEMA_WEAK_OVERLAP,0,40,22,0.0,0.0125,1,LOW_PROJECTION_WIDTH,NO,NO,NO,27,24,17,0.3971,9,92,50,0.0596,0,25,0,0,12,0,0.0,0,0,0.3971,0,0,0,,,440,787,,,,SAME_ENTITIES_DIFFERENT_KEY_NAMESPACE,-1,-1,-1,0.0,NO_SHARED_RECORD_KEY,NO_SHARED_RECORD_KEY,related_is_numbers,is_number; test_method_standard,0,,10; 11; 12; 13; 14; 15; 16; 17; 18; 19; 2; 20; 21; 22; 23; 24; 25; 26; 27; 28; 29; 3; 30; 31; 32 …(+15),10; 11; 12; 13; 14; 15; 16; 17; 18; 2; 3; 4; 42; 43; 44; 45; 46; 5; 6; 7; 8; 9,source_url,alternate_names; category; description; keywords; product_id; product_name; related_is_numbers; related_qcos; related_schemes; subcategory,acceptance_criteria; clause; is_number; laboratory_requirement; product; rejection_handling; remarks; required_equipment; sample_size; sampling_frequency; source_document; source_page; test_frequency; test_method; test_method_standard …(+2),IS 10322; IS 10702; IS 12089; IS 12254; IS 1254; IS 1489; IS 14900; IS 15298 (Part 1) …(+16),IS 12330; IS 12600; IS 15298 (Part 2); IS 15392; IS 16415; IS 17037; IS 2083; IS 302 (Part 1) …(+9),440 licenses; active licenses 40; active licenses 79; bis scheme i isi mark; bis scheme i isi mark certification scheme; bis scheme i isi mark scheme …(+6),
DC-0109,BIS_QCO-schema_2.xlsx,BIS_QCO-schema_2,F014,BIS_QCO_Master_Records (1).xlsx,QCO_Master_Records,F015,03_QCO,03_QCO,SINGLETON / NAMECAND-004,40,15,22,22,22,0,0,1.0,SCHEMA_IDENTICAL,0,40,15,0.0,0.35,22,RELIABLE,NO,NO,NO,26,14,1,0.6341,11,38,16,0.1692,14,22,27,1,0,1,0.5,0,9,0.6341,0,0,0,,2003; 2020; 2021; 2024; 2025,880,244,is_numbers,is_numbers; product; scope,SURROGATE_KEY_DEMOTED_ZERO_VALUE_OVERLAP: scope,KEY_LINKED,6,34,9,0.1224,is 12330:1998; is 12600:1989; is 1489 (part 1):2015; is 1489 (part 2):2015; is 15844 (part 1):2023; is 15844 (part 2):2023 …(+28),"is 12330, is 12600, is 1489 (pt 1 & 2), is 269, is 455, is 8041, is 8042, is 8043, is 16415; is 15844 (part 1, 2, 3); is 17012:2018, is 17037:2018, is 17043 (pt 1 & 2); is 17631:2022 to is 17636:2022; is 17875:2022 & is 17876:2022; is 2347:2017 / 2023 …(+3)",is_numbers,is_numbers,64,amendments; exclusions; ministry; notification_date; notification_number; official_document_url; product; qco_id; qco_name; qco_number …(+4),10; 11; 12; 13; 14; 15; 16; 17; 18; 19; 2; 20; 21; 22; 23; 24; 25; 26; 27; 28; 29; 3; 30; 31; 32 …(+15),10; 11; 12; 13; 14; 15; 16; 2; 3; 4; 5; 6; 7; 8; 9,amendments; corrigendas; current_status; deferments; department; effective_date; exclusions; extensions; is_numbers; mandatory_status; ministry; notification_date; notification_number; official_document_url; product; qco_id; qco_name; qco_number; schemes; scope; source_url; supersession,,,IS 1489 (Part 2); IS 15844 (Part 2); IS 15844 (Part 3); IS 17043 (Part 2); IS 17632; IS 17633; IS 17634; IS 17635 …(+6),IS 9873,,scheme i isi mark
DC-0110,BIS_QCO-schema_2.xlsx,BIS_QCO-schema_2,F014,BIS_QCO_Master_Records.xlsx,QCO_Master_Details,F016,03_QCO,03_QCO,SINGLETON / NAMECAND-004,40,3,22,22,22,0,0,1.0,SCHEMA_IDENTICAL,0,40,3,0.0,0.35,22,RELIABLE,NO,NO,NO,4,36,1,0.0976,5,44,1,0.1,3,33,6,0,1,1,0.0,0,2,0.1429,0,0,0,,2020,880,56,product,is_numbers; product; scope,SURROGATE_KEY_DEMOTED_ZERO_VALUE_OVERLAP: is_numbers; scope,KEY_LINKED,1,39,2,0.0238,all electrical appliances; aluminium and aluminium alloy bare foil for food packaging; antiriot shoes; beds; bunk beds; composite cement …(+33),"non-electric & electric toys; work chairs, tables, storage units, beds",is_numbers,is_numbers,15,amendments; current_status; department; effective_date; exclusions; extensions; is_numbers; notification_date; official_document_url; qco_id …(+5),10; 11; 12; 13; 14; 15; 16; 17; 18; 19; 2; 20; 21; 22; 23; 24; 25; 26; 27; 28; 29; 3; 30; 31; 32 …(+15),2; 3; 4,amendments; corrigendas; current_status; deferments; department; effective_date; exclusions; extensions; is_numbers; mandatory_status; ministry; notification_date; notification_number; official_document_url; product; qco_id; qco_name; qco_number; schemes; scope; source_url; supersession,,,IS 12330; IS 12600; IS 1489 (Part 1); IS 1489 (Part 2); IS 15298 (Part 2); IS 15392; IS 15844 (Part 1); IS 15844 (Part 2) …(+28),IS 9873,scheme i,scheme i isi mark
DC-0111,BIS_QCO-schema_2.xlsx,BIS_QCO-schema_2,F014,BIS_QCO_Master_Records_v3.xlsx,QCO_Master_Records,F017,03_QCO,03_QCO,SINGLETON / NAMECAND-004,40,12,22,22,22,0,0,1.0,SCHEMA_IDENTICAL,0,40,12,0.0,0.35,22,RELIABLE,NO,NO,NO,12,28,0,0.3,18,31,3,0.3462,2,34,8,0,1,1,0.0,0,1,0.3462,0,0,0,,,880,251,is_numbers,is_numbers; product,,KEY_LINKED,12,28,0,0.3,is 15298 (part 2):2016; is 15392:2003; is 15644:2006; is 15844 (part 1):2023; is 15844 (part 2):2023; is 15844 (part 3):2024 …(+22),,is_numbers,is_numbers,176,amendments; corrigendas; department; effective_date; exclusions; extensions; ministry; notification_date; notification_number; official_document_url …(+8),10; 11; 12; 13; 14; 15; 16; 17; 18; 19; 2; 20; 21; 22; 23; 24; 25; 26; 27; 28; 29; 3; 30; 31; 32 …(+15),10; 11; 12; 13; 2; 3; 4; 5; 6; 7; 8; 9,amendments; corrigendas; current_status; deferments; department; effective_date; exclusions; extensions; is_numbers; mandatory_status; ministry; notification_date; notification_number; official_document_url; product; qco_id; qco_name; qco_number; schemes; scope; source_url; supersession,,,IS 15298 (Part 2); IS 15392; IS 15644; IS 15844 (Part 1); IS 15844 (Part 2); IS 15844 (Part 3); IS 17012; IS 17037 …(+20),,scheme i,scheme i isi mark
DC-0112,BIS_QCO-schema_2.xlsx,BIS_QCO-schema_2,F014,BIS_QCO_Master_Scheme_1.xlsx,BIS_QCO_Master_Scheme_1,F018,03_QCO,03_QCO,SINGLETON,40,40,22,11,4,18,7,0.1379,SCHEMA_WEAK_OVERLAP,0,40,40,0.0,0.0483,4,LOW_PROJECTION_WIDTH,NO,NO,NO,40,0,0,1.0,36,13,16,0.5538,15,21,7,0,1,0,0.0,0,6,1.0,0,0,0,,,880,440,product,product,,KEY_LINKED,25,15,15,0.4545,all electrical appliances; flashlight; personal protective equipment — safety footwear; portland pozzolana cement — part 1 fly-ash based; portland pozzolana cement — part 2 calcined clay based; rubber hose for lpg — domestic and commercial application …(+9),flashlight: specification; personal protective equipment: safety footwear; portland pozzolana cement (calcined clay based); portland pozzolana cement (fly-ash based); rubber hose for liquefied petroleum gas (lpg): domestic and commercial application; rubber hose for liquefied petroleum gas (lpg): industrial application …(+9),is_numbers,is_number,64,ministry; notification_number; scope,10; 11; 12; 13; 14; 15; 16; 17; 18; 19; 2; 20; 21; 22; 23; 24; 25; 26; 27; 28; 29; 3; 30; 31; 32 …(+15),10; 11; 12; 13; 14; 15; 16; 17; 18; 19; 2; 20; 21; 22; 23; 24; 25; 26; 27; 28; 29; 3; 30; 31; 32 …(+15),ministry; notification_number; product; scope,amendments; corrigendas; current_status; deferments; department; effective_date; exclusions; extensions; is_numbers; mandatory_status; notification_date; official_document_url; qco_id; qco_name; qco_number …(+3),amendments_extensions; effective_implementation_date; exemptions; is_number; mandatory_voluntary_status; qco_order; source_gazette_url,,,scheme i,
DC-0113,BIS_QCO-schema_2.xlsx,BIS_QCO-schema_2,F014,BIS_QCO_Summary.xlsx,QCO_Summary,F019,03_QCO,03_QCO,SINGLETON,40,35,22,7,0,22,7,0.0,SCHEMA_DISJOINT,0,0,0,0.0,0.0,0,LOW_PROJECTION_WIDTH,NO,NO,NO,36,4,0,0.9,0,49,0,0.0,14,22,6,0,1,0,0.0,0,0,0.9,0,0,0,,2003; 2020; 2021; 2024,880,245,,,,SAME_ENTITIES_DIFFERENT_KEY_NAMESPACE,-1,-1,-1,0.0,NO_SHARED_RECORD_KEY,NO_SHARED_RECORD_KEY,is_numbers,product_standard_is,0,,10; 11; 12; 13; 14; 15; 16; 17; 18; 19; 2; 20; 21; 22; 23; 24; 25; 26; 27; 28; 29; 3; 30; 31; 32 …(+15),10; 11; 12; 13; 14; 15; 16; 17; 18; 19; 2; 20; 21; 22; 23; 24; 25; 26; 27; 28; 29; 3; 30; 31; 32 …(+10),,amendments; corrigendas; current_status; deferments; department; effective_date; exclusions; extensions; is_numbers; mandatory_status; ministry; notification_date; notification_number; official_document_url; product …(+7),key_scope_exclusions_amendments; ministry_department; notification_no_date; product_standard_is; qco_name_identifier; scheme_status; source_document_link,IS 17632; IS 17633; IS 17634; IS 17635,,scheme i,
DC-0114,BIS_QCO-schema_2.xlsx,BIS_QCO-schema_2,F014,BIS_Scheme_IV_FMCS.xlsx,BIS_FMCS_Scheme_IV,F021,03_QCO,22_FMCS,SINGLETON,40,40,22,13,3,19,10,0.0938,SCHEMA_WEAK_OVERLAP,0,40,40,0.0,0.0328,3,LOW_PROJECTION_WIDTH,NO,NO,NO,40,0,0,1.0,35,14,18,0.5224,0,36,3,0,1,5,0.0,0,0,1.0,0,0,1,,,880,520,product,product,,KEY_LINKED,24,16,16,0.4286,all electrical appliances; domestic pressure cooker; flashlight; personal protective equipment — safety footwear; portland pozzolana cement — part 1 fly-ash based; portland pozzolana cement — part 2 calcined clay based …(+10),domestic pressure cookers; flashlight: specification; personal protective equipment: safety footwear; portland pozzolana cement (calcined clay based); portland pozzolana cement (fly-ash based); rubber hose for liquefied petroleum gas (lpg): domestic and commercial application …(+10),is_numbers,is_number,48,scope; source_url,10; 11; 12; 13; 14; 15; 16; 17; 18; 19; 2; 20; 21; 22; 23; 24; 25; 26; 27; 28; 29; 3; 30; 31; 32 …(+15),10; 11; 12; 13; 14; 15; 16; 17; 18; 19; 2; 20; 21; 22; 23; 24; 25; 26; 27; 28; 29; 3; 30; 31; 32 …(+15),product; scope; source_url,amendments; corrigendas; current_status; deferments; department; effective_date; exclusions; extensions; is_numbers; mandatory_status; ministry; notification_date; notification_number; official_document_url; qco_id …(+4),certification_type; is_number; mandatory_voluntary; related_product_manual; related_qco; related_sit; requirements; scheme_id_code; scheme_name; scheme_type,,,scheme i,certificate of conformity; foreign manufacturers certification scheme fmcs; overseas manufacturers; product certification foreign; scheme iv
DC-0115,BIS_QCO-schema_2.xlsx,BIS_QCO-schema_2,F014,BIS_Schemes_Master.xlsx,BIS_Schemes_Master,F024,03_QCO,04_SCHEME_I,SINGLETON / NAMECAND-005,40,40,22,14,3,19,11,0.0909,SCHEMA_WEAK_OVERLAP,0,40,40,0.0,0.0318,3,LOW_PROJECTION_WIDTH,NO,NO,NO,0,40,0,0.0,39,10,35,0.4643,7,29,7,0,1,3,0.0,0,0,0.4643,0,0,0,,,880,560,product,product; scope,SURROGATE_KEY_DEMOTED_ZERO_VALUE_OVERLAP: scope,KEY_LINKED,23,17,17,0.4035,all electrical appliances; flashlight; general purpose chairs and stools; ordinary portland cement; personal protective equipment — safety footwear; portland pozzolana cement — part 1 fly-ash based …(+11),"chairs and stools (general purpose); flashlights / portable lighting devices; general safety requirements for household and similar electrical appliances; ordinary portland cement (33, 43, 53 grades); personal protective equipment – safety footwear; portland pozzolana cement - part 1 (fly-ash based) …(+11)",is_numbers,,46,scope; source_url,10; 11; 12; 13; 14; 15; 16; 17; 18; 19; 2; 20; 21; 22; 23; 24; 25; 26; 27; 28; 29; 3; 30; 31; 32 …(+15),10; 11; 12; 13; 14; 15; 16; 17; 18; 19; 2; 20; 21; 22; 23; 24; 25; 26; 27; 28; 29; 3; 30; 31; 32 …(+15),product; scope; source_url,amendments; corrigendas; current_status; deferments; department; effective_date; exclusions; extensions; is_numbers; mandatory_status; ministry; notification_date; notification_number; official_document_url; qco_id …(+4),certification_type; is; mandatory_voluntary; related_product_manual; related_qco; related_sit; requirements; scheme_code; scheme_id; scheme_name; scheme_type,IS 12330; IS 12600; IS 1489 (Part 1); IS 1489 (Part 2); IS 15298 (Part 2); IS 15392; IS 15644; IS 15844 (Part 1) …(+32),,scheme i,product certification; sch i; scheme i isi mark scheme
DC-0116,BIS_QCO-schema_2.xlsx,BIS_QCO-schema_2,F014,BIS_Schemes_Master_Scheme_2.xlsx,BIS_Schemes_Master_Scheme_2,F025,03_QCO,05_SCHEME_II_CRS,SINGLETON / NAMECAND-005,40,40,22,14,3,19,11,0.0909,SCHEMA_WEAK_OVERLAP,0,40,40,0.0,0.0318,3,LOW_PROJECTION_WIDTH,NO,NO,NO,0,40,0,0.0,39,10,35,0.4643,7,29,7,0,1,4,0.0,0,0,0.4643,0,0,0,,,880,560,product,product; scope,SURROGATE_KEY_DEMOTED_ZERO_VALUE_OVERLAP: scope,KEY_LINKED,23,17,17,0.4035,all electrical appliances; flashlight; general purpose chairs and stools; ordinary portland cement; personal protective equipment — safety footwear; portland pozzolana cement — part 1 fly-ash based …(+11),"chairs and stools (general purpose); flashlights / portable lighting devices; general safety requirements for household and similar electrical appliances; ordinary portland cement (33, 43, 53 grades); personal protective equipment – safety footwear; portland pozzolana cement - part 1 (fly-ash based) …(+11)",is_numbers,,46,scope; source_url,10; 11; 12; 13; 14; 15; 16; 17; 18; 19; 2; 20; 21; 22; 23; 24; 25; 26; 27; 28; 29; 3; 30; 31; 32 …(+15),10; 11; 12; 13; 14; 15; 16; 17; 18; 19; 2; 20; 21; 22; 23; 24; 25; 26; 27; 28; 29; 3; 30; 31; 32 …(+15),product; scope; source_url,amendments; corrigendas; current_status; deferments; department; effective_date; exclusions; extensions; is_numbers; mandatory_status; ministry; notification_date; notification_number; official_document_url; qco_id …(+4),certification_type; is; mandatory_voluntary; related_product_manual; related_qco; related_sit; requirements; scheme_code; scheme_id; scheme_name; scheme_type,IS 12330; IS 12600; IS 1489 (Part 1); IS 1489 (Part 2); IS 15298 (Part 2); IS 15392; IS 15644; IS 15844 (Part 1) …(+32),,scheme i,product certification; registration; sch ii; scheme ii conformity assessment
DC-0117,BIS_QCO-schema_2.xlsx,BIS_QCO-schema_2,F014,BIS_Standards_Details_v2 (1).xlsx,BIS Standards,F027,03_QCO,01_KNOW_YOUR_STANDARD,SINGLETON / EXACTDUP-001,40,40,22,19,1,21,18,0.025,SCHEMA_WEAK_OVERLAP,0,40,40,0.0,0.0087,1,LOW_PROJECTION_WIDTH,NO,NO,NO,40,0,5,0.8889,1,48,49,0.0102,0,36,0,0,1,0,0.0,0,0,0.8889,0,0,1,,1987; 1988; 1989; 1990; 1991; 2003; 2006; 2015 …(+10),880,701,,,,SAME_ENTITIES_DIFFERENT_KEY_NAMESPACE,-1,-1,-1,0.0,NO_SHARED_RECORD_KEY,NO_SHARED_RECORD_KEY,is_numbers,is_number; standard_id; superseded_standard; superseding_standard,0,,10; 11; 12; 13; 14; 15; 16; 17; 18; 19; 2; 20; 21; 22; 23; 24; 25; 26; 27; 28; 29; 3; 30; 31; 32 …(+15),10; 11; 12; 13; 14; 15; 16; 17; 18; 19; 2; 20; 21; 22; 23; 24; 25; 26; 27; 28; 29; 3; 30; 31; 32 …(+15),current_status,amendments; corrigendas; deferments; department; effective_date; exclusions; extensions; is_numbers; mandatory_status; ministry; notification_date; notification_number; official_document_url; product; qco_id …(+6),degree_of_equivalence; document_url; is_number; official_url; part_section; product_category; publication_date; reaffirmation_review_date; revision; revision_date; standard_id; subcommittee; superseded_standard; superseding_standard; technical_committee …(+3),,IS 12269; IS 15844; IS 17043; IS 8112; IS 9573,scheme i,
DC-0118,BIS_QCO-schema_2.xlsx,BIS_QCO-schema_2,F014,BIS_Standards_Details_v2.xlsx,BIS Standards,F028,03_QCO,01_KNOW_YOUR_STANDARD,SINGLETON / EXACTDUP-001,40,40,22,19,1,21,18,0.025,SCHEMA_WEAK_OVERLAP,0,40,40,0.0,0.0087,1,LOW_PROJECTION_WIDTH,NO,NO,NO,40,0,5,0.8889,1,48,49,0.0102,0,36,0,0,1,0,0.0,0,0,0.8889,0,0,1,,1987; 1988; 1989; 1990; 1991; 2003; 2006; 2015 …(+10),880,701,,,,SAME_ENTITIES_DIFFERENT_KEY_NAMESPACE,-1,-1,-1,0.0,NO_SHARED_RECORD_KEY,NO_SHARED_RECORD_KEY,is_numbers,is_number; standard_id; superseded_standard; superseding_standard,0,,10; 11; 12; 13; 14; 15; 16; 17; 18; 19; 2; 20; 21; 22; 23; 24; 25; 26; 27; 28; 29; 3; 30; 31; 32 …(+15),10; 11; 12; 13; 14; 15; 16; 17; 18; 19; 2; 20; 21; 22; 23; 24; 25; 26; 27; 28; 29; 3; 30; 31; 32 …(+15),current_status,amendments; corrigendas; deferments; department; effective_date; exclusions; extensions; is_numbers; mandatory_status; ministry; notification_date; notification_number; official_document_url; product; qco_id …(+6),degree_of_equivalence; document_url; is_number; official_url; part_section; product_category; publication_date; reaffirmation_review_date; revision; revision_date; standard_id; subcommittee; superseded_standard; superseding_standard; technical_committee …(+3),,IS 12269; IS 15844; IS 17043; IS 8112; IS 9573,scheme i,
DC-0119,BIS_QCO-schema_2.xlsx,BIS_QCO-schema_2,F014,BIS_Standards_Details_v3.xlsx,BIS Standards,F029,03_QCO,01_KNOW_YOUR_STANDARD,SINGLETON,40,40,22,19,1,21,18,0.025,SCHEMA_WEAK_OVERLAP,0,40,40,0.0,0.0087,1,LOW_PROJECTION_WIDTH,NO,NO,NO,40,0,5,0.8889,1,48,49,0.0102,0,36,0,0,1,0,0.0,0,0,0.8889,0,0,1,,1987; 1988; 1989; 1990; 1991; 2003; 2006; 2015 …(+10),880,701,,,,SAME_ENTITIES_DIFFERENT_KEY_NAMESPACE,-1,-1,-1,0.0,NO_SHARED_RECORD_KEY,NO_SHARED_RECORD_KEY,is_numbers,is_number; standard_id; superseded_standard; superseding_standard,0,,10; 11; 12; 13; 14; 15; 16; 17; 18; 19; 2; 20; 21; 22; 23; 24; 25; 26; 27; 28; 29; 3; 30; 31; 32 …(+15),10; 11; 12; 13; 14; 15; 16; 17; 18; 19; 2; 20; 21; 22; 23; 24; 25; 26; 27; 28; 29; 3; 30; 31; 32 …(+15),current_status,amendments; corrigendas; deferments; department; effective_date; exclusions; extensions; is_numbers; mandatory_status; ministry; notification_date; notification_number; official_document_url; product; qco_id …(+6),degree_of_equivalence; document_url; is_number; official_url; part_section; product_category; publication_date; reaffirmation_review_date; revision; revision_date; standard_id; subcommittee; superseded_standard; superseding_standard; technical_committee …(+3),,IS 12269; IS 15844; IS 17043; IS 8112; IS 9573,scheme i,
DC-0120,BIS_QCO-schema_2.xlsx,BIS_QCO-schema_2,F014,BIS_Standards_Intelligence_Master.xlsx,BIS_Standards_Intelligence,F030,03_QCO,08_PRODUCT_SPECIFIC,SINGLETON,40,45,22,23,2,20,21,0.0465,SCHEMA_WEAK_OVERLAP,0,40,45,0.0,0.0163,2,LOW_PROJECTION_WIDTH,NO,NO,NO,40,0,4,0.9091,34,15,24,0.4658,0,36,0,1,0,4,0.2,0,0,0.9091,0,0,2,,,880,1035,product,product,,KEY_LINKED,26,14,19,0.4407,"all electrical appliances; antiriot shoes; portland pozzolana cement — part 1 fly-ash based; portland pozzolana cement — part 2 calcined clay based; rubber hose for lpg — domestic and commercial application; safety glass — architecture, building and general uses …(+8)",anti-riot shoes; circuit breakers; contactors and motor starters; electrical emergency stop devices; electromechanical control circuit devices; household and similar electrical appliances — general requirements …(+13),is_numbers,is_number,26,source_url,10; 11; 12; 13; 14; 15; 16; 17; 18; 19; 2; 20; 21; 22; 23; 24; 25; 26; 27; 28; 29; 3; 30; 31; 32 …(+15),10; 11; 12; 13; 14; 15; 16; 17; 18; 19; 2; 20; 21; 22; 23; 24; 25; 26; 27; 28; 29; 3; 30; 31; 32 …(+20),product; source_url,amendments; corrigendas; current_status; deferments; department; effective_date; exclusions; extensions; is_numbers; mandatory_status; ministry; notification_date; notification_number; official_document_url; qco_id …(+5),application_procedure; conformity_assessment; eligibility; factory_requirements; fees; forms; infrastructure_requirements; inspection; is_number; laboratory_testing; licence_or_coc_grant; process_controls; quality_control; renewal; required_documents …(+6),,IS/IEC 60947 (Part 2); IS/IEC 60947 (Part 3); IS/IEC 60947 (Part 4); IS/IEC 60947 (Part 5),,eeqco; electrical equipment quality control order; scheme i bis isi mark certification; scheme x
DC-0121,BIS_QCO-schema_2.xlsx,BIS_QCO-schema_2,F014,BIS_Standards_Scheme_Mapping.xlsx,BIS_Standards_Scheme_Mapping,F031,03_QCO,08_PRODUCT_SPECIFIC,SINGLETON,40,36,22,23,1,21,22,0.0227,SCHEMA_WEAK_OVERLAP,0,40,36,0.0,0.0079,1,LOW_PROJECTION_WIDTH,NO,NO,NO,25,15,10,0.5,0,49,0,0.0,0,36,0,0,1,3,0.0,0,0,0.5,0,0,2,,,880,828,,,,SAME_ENTITIES_DIFFERENT_KEY_NAMESPACE,-1,-1,-1,0.0,NO_SHARED_RECORD_KEY,NO_SHARED_RECORD_KEY,is_numbers,is_number,0,,10; 11; 12; 13; 14; 15; 16; 17; 18; 19; 2; 20; 21; 22; 23; 24; 25; 26; 27; 28; 29; 3; 30; 31; 32 …(+15),10; 11; 12; 13; 14; 15; 16; 17; 18; 19; 2; 20; 21; 22; 23; 24; 25; 26; 27; 28; 29; 3; 30; 31; 32 …(+11),source_url,amendments; corrigendas; current_status; deferments; department; effective_date; exclusions; extensions; is_numbers; mandatory_status; ministry; notification_date; notification_number; official_document_url; product …(+6),application_procedure; certification_scheme_to_store; conformity_assessment; eligibility; factory_requirements; fees; forms; group; infrastructure_requirements; inspection; is_number; laboratory_testing; licence_or_coc_grant; process_controls; quality_control …(+7),IS 1489 (Part 1); IS 1489 (Part 2); IS 15844 (Part 1); IS 15844 (Part 2); IS 15844 (Part 3); IS 17043 (Part 1); IS 17043 (Part 2); IS 2553 (Part 1) …(+7),IS 1489; IS 15844; IS 17043; IS 2553; IS 9573; IS 9873; IS/IEC 60947 (Part 2); IS/IEC 60947 (Part 3) …(+2),scheme i,applicable eeqco product specific process; scheme ii; scheme x
DC-0122,BIS_QCO-schema_2.xlsx,BIS_QCO-schema_2,F014,BIS_Testing_Parameters_Master.xlsx,BIS_Testing_Parameters,F032,03_QCO,10_TESTING,SINGLETON,40,45,22,18,2,20,16,0.0526,SCHEMA_WEAK_OVERLAP,0,40,45,0.0,0.0184,2,LOW_PROJECTION_WIDTH,NO,NO,NO,40,0,4,0.9091,34,15,25,0.4595,0,36,0,0,1,0,0.0,0,0,0.9091,0,0,0,,,880,787,product,product,,KEY_LINKED,26,14,19,0.4407,"all electrical appliances; antiriot shoes; portland pozzolana cement — part 1 fly-ash based; portland pozzolana cement — part 2 calcined clay based; rubber hose for lpg — domestic and commercial application; safety glass — architecture, building and general uses …(+8)",anti-riot shoes; contactors and motor-starters; electrical emergency stop devices with mechanical latching function; electromechanical control circuit devices and switching elements; household and similar electrical appliances — general requirements; low-voltage switchgear and controlgear — circuit breakers …(+13),is_numbers,is_number; test_method_standard,15,source_url,10; 11; 12; 13; 14; 15; 16; 17; 18; 19; 2; 20; 21; 22; 23; 24; 25; 26; 27; 28; 29; 3; 30; 31; 32 …(+15),10; 11; 12; 13; 14; 15; 16; 17; 18; 19; 2; 20; 21; 22; 23; 24; 25; 26; 27; 28; 29; 3; 30; 31; 32 …(+20),product; source_url,amendments; corrigendas; current_status; deferments; department; effective_date; exclusions; extensions; is_numbers; mandatory_status; ministry; notification_date; notification_number; official_document_url; qco_id …(+5),acceptance_criteria; clause; is_number; laboratory_requirement; rejection_handling; remarks; required_equipment; sample_size; sampling_frequency; source_document; source_page; test_frequency; test_method; test_method_standard; test_name …(+1),,IS/IEC 60947 (Part 2); IS/IEC 60947 (Part 3); IS/IEC 60947 (Part 4); IS/IEC 60947 (Part 5),scheme i,
DC-0123,BIS_QCO-schema_2.xlsx,BIS_QCO-schema_2,F014,bis_product_certification_faq (1).csv,bis_product_certification_faq (1),F036,03_QCO,12_CERTIFICATION_FAQ,SINGLETON,40,28,22,8,1,21,7,0.0345,SCHEMA_WEAK_OVERLAP,0,40,28,0.0,0.0121,1,LOW_PROJECTION_WIDTH,NO,NO,NO,0,40,0,0.0,0,49,1,0.0,0,36,0,1,0,1,0.5,0,0,0.5,0,0,1,,,880,224,,,,SAME_ENTITIES_DIFFERENT_KEY_NAMESPACE,-1,-1,-1,0.0,NO_SHARED_RECORD_KEY,NO_SHARED_RECORD_KEY,is_numbers,related_is,0,,10; 11; 12; 13; 14; 15; 16; 17; 18; 19; 2; 20; 21; 22; 23; 24; 25; 26; 27; 28; 29; 3; 30; 31; 32 …(+15),10; 11; 12; 13; 14; 15; 16; 17; 18; 19; 2; 20; 21; 22; 23; 24; 25; 26; 27; 28; 29; 3; 4; 5; 6 …(+3),source_url,amendments; corrigendas; current_status; deferments; department; effective_date; exclusions; extensions; is_numbers; mandatory_status; ministry; notification_date; notification_number; official_document_url; product …(+6),answer; category; faq_id; question; related_is; related_product; related_scheme,IS 12330; IS 12600; IS 1489 (Part 1); IS 1489 (Part 2); IS 15298 (Part 2); IS 15392; IS 15644; IS 15844 (Part 1) …(+32),,,scheme x
DC-0124,BIS_QCO-schema_2.xlsx,BIS_QCO-schema_2,F014,bis_product_certifications.csv,bis_product_certifications,F037,03_QCO,11_CERTIFICATION_PROCESS,SINGLETON,40,71,22,9,1,21,8,0.0333,SCHEMA_WEAK_OVERLAP,0,40,71,0.0,0.0117,1,LOW_PROJECTION_WIDTH,NO,NO,NO,0,40,0,0.0,0,49,0,0.0,0,36,0,1,0,2,0.3333,0,0,0.3333,0,0,54,,,880,511,,,,SAME_ENTITIES_DIFFERENT_KEY_NAMESPACE,-1,-1,-1,0.0,NO_SHARED_RECORD_KEY,NO_SHARED_RECORD_KEY,is_numbers,,0,,10; 11; 12; 13; 14; 15; 16; 17; 18; 19; 2; 20; 21; 22; 23; 24; 25; 26; 27; 28; 29; 3; 30; 31; 32 …(+15),10; 11; 12; 13; 14; 15; 16; 17; 18; 19; 2; 20; 21; 22; 23; 24; 25; 26; 27; 28; 29; 3; 30; 31; 32 …(+46),source_url,amendments; corrigendas; current_status; deferments; department; effective_date; exclusions; extensions; is_numbers; mandatory_status; ministry; notification_date; notification_number; official_document_url; product …(+6),applicability; application_procedure; document_url; fee_structure; guideline_title; inspection_testing_norm; scheme_id; scheme_name,IS 12330; IS 12600; IS 1489 (Part 1); IS 1489 (Part 2); IS 15298 (Part 2); IS 15392; IS 15644; IS 15844 (Part 1) …(+32),,,foreign manufacturers; scheme x
DC-0125,BIS_QCO_Master_Records (1).xlsx,QCO_Master_Records,F015,BIS_QCO_Master_Records.xlsx,QCO_Master_Details,F016,03_QCO,03_QCO,NAMECAND-004,15,3,22,22,22,0,0,1.0,SCHEMA_IDENTICAL,0,15,3,0.0,0.35,22,RELIABLE,NO,NO,NO,4,23,1,0.1429,5,22,1,0.1786,5,36,4,1,1,0,0.5,0,2,0.5,0,0,0,2003; 2020; 2021; 2024; 2025,2020,244,56,product,is_numbers; product; qco_id; scope,SURROGATE_KEY_DEMOTED_ZERO_VALUE_OVERLAP: is_numbers; qco_id; scope,KEY_LINKED,1,14,2,0.0588,aluminium and alloy bare foil for food packaging; cement varieties; flashlights / portable torches; flat transparent sheet glass; rubber hose for lpg - industrial & domestic; safety footwear …(+8),"non-electric & electric toys; work chairs, tables, storage units, beds",is_numbers,is_numbers,9,current_status; department; exclusions; is_numbers; ministry; qco_id; qco_name; schemes; scope,10; 11; 12; 13; 14; 15; 16; 2; 3; 4; 5; 6; 7; 8; 9,2; 3; 4,amendments; corrigendas; current_status; deferments; department; effective_date; exclusions; extensions; is_numbers; mandatory_status; ministry; notification_date; notification_number; official_document_url; product; qco_id; qco_name; qco_number; schemes; scope; source_url; supersession,,,IS 12330; IS 12600; IS 1489 (Part 1); IS 15298 (Part 2); IS 15392; IS 15844 (Part 1); IS 16415; IS 17012 …(+15),IS 17632,scheme i,
DC-0126,BIS_QCO_Master_Records (1).xlsx,QCO_Master_Records,F015,BIS_QCO_Master_Records_v3.xlsx,QCO_Master_Records,F017,03_QCO,03_QCO,NAMECAND-004,15,12,22,22,22,0,0,1.0,SCHEMA_IDENTICAL,0,15,12,0.0,0.35,22,RELIABLE,NO,NO,NO,11,16,1,0.3929,6,21,15,0.1429,3,38,7,1,1,0,0.5,0,1,0.5,0,0,0,2003; 2020; 2021; 2024; 2025,,244,251,product,is_numbers; product,"NO_SHARED_KEY_VALUES; candidates unique per file but disjoint (is_numbers; product) - identity must be re-derived in Phase 3 from entity columns, NOT from these surrogates",SAME_ENTITIES_DIFFERENT_KEY_NAMESPACE,0,15,12,0.0,aluminium and alloy bare foil for food packaging; cement varieties; domestic pressure cooker; flashlights / portable torches; flat transparent sheet glass; rubber hose for lpg - industrial & domestic …(+9),composite cement; hydrophobic portland cement; low heat portland cement; ordinary portland cement; portland pozzolana cement - part 1 fly-ash based; portland pozzolana cement - part 2 calcined clay based …(+6),is_numbers,is_numbers,0,,10; 11; 12; 13; 14; 15; 16; 2; 3; 4; 5; 6; 7; 8; 9,10; 11; 12; 13; 2; 3; 4; 5; 6; 7; 8; 9,amendments; corrigendas; current_status; deferments; department; effective_date; exclusions; extensions; is_numbers; mandatory_status; ministry; notification_date; notification_number; official_document_url; product; qco_id; qco_name; qco_number; schemes; scope; source_url; supersession,,,IS 15298 (Part 2); IS 15392; IS 15644; IS 15844 (Part 1); IS 17012; IS 17037; IS 17043 (Part 1); IS 17636 …(+8),IS 1489 (Part 2),scheme i,
DC-0127,BIS_QCO_Master_Records (1).xlsx,QCO_Master_Records,F015,BIS_QCO_Master_Scheme_1.xlsx,BIS_QCO_Master_Scheme_1,F018,03_QCO,03_QCO,NAMECAND-004 / SINGLETON,15,40,22,11,4,18,7,0.1379,SCHEMA_WEAK_OVERLAP,0,15,40,0.0,0.0483,4,LOW_PROJECTION_WIDTH,NO,NO,NO,26,1,14,0.6341,12,15,40,0.1791,12,29,10,0,2,0,0.0,0,6,0.6341,0,0,0,2003; 2020; 2021; 2024; 2025,,244,440,product,product,,KEY_LINKED,3,12,37,0.0577,aluminium and alloy bare foil for food packaging; cement varieties; flashlights / portable torches; rubber hose for lpg - industrial & domestic; safety footwear; safety glass: architectural & road transport …(+6),aluminium and aluminium alloy bare foil for food packaging; antiriot shoes; beds; bunk beds; composite cement; flashlight: specification …(+31),is_numbers,is_number,7,ministry; notification_number; scope,10; 11; 12; 13; 14; 15; 16; 2; 3; 4; 5; 6; 7; 8; 9,10; 11; 12; 13; 14; 15; 16; 17; 18; 19; 2; 20; 21; 22; 23; 24; 25; 26; 27; 28; 29; 3; 30; 31; 32 …(+15),ministry; notification_number; product; scope,amendments; corrigendas; current_status; deferments; department; effective_date; exclusions; extensions; is_numbers; mandatory_status; notification_date; official_document_url; qco_id; qco_name; qco_number …(+3),amendments_extensions; effective_implementation_date; exemptions; is_number; mandatory_voluntary_status; qco_order; source_gazette_url,IS 9873,IS 1489 (Part 2); IS 15844 (Part 2); IS 15844 (Part 3); IS 17043 (Part 2); IS 17632; IS 17633; IS 17634; IS 17635 …(+6),scheme i; scheme i isi mark,
DC-0128,BIS_QCO_Master_Records (1).xlsx,QCO_Master_Records,F015,BIS_QCO_Summary.xlsx,QCO_Summary,F019,03_QCO,03_QCO,NAMECAND-004 / SINGLETON,15,35,22,7,0,22,7,0.0,SCHEMA_DISJOINT,0,0,0,0.0,0.0,0,LOW_PROJECTION_WIDTH,NO,NO,NO,26,1,10,0.7027,0,27,0,0.0,20,21,0,0,2,0,0.0,0,2,0.7027,0,0,0,2003; 2020; 2021; 2024; 2025,2003; 2020; 2021; 2024,244,245,,,,SAME_ENTITIES_DIFFERENT_KEY_NAMESPACE,-1,-1,-1,0.0,NO_SHARED_RECORD_KEY,NO_SHARED_RECORD_KEY,is_numbers,product_standard_is,0,,10; 11; 12; 13; 14; 15; 16; 2; 3; 4; 5; 6; 7; 8; 9,10; 11; 12; 13; 14; 15; 16; 17; 18; 19; 2; 20; 21; 22; 23; 24; 25; 26; 27; 28; 29; 3; 30; 31; 32 …(+10),,amendments; corrigendas; current_status; deferments; department; effective_date; exclusions; extensions; is_numbers; mandatory_status; ministry; notification_date; notification_number; official_document_url; product …(+7),key_scope_exclusions_amendments; ministry_department; notification_no_date; product_standard_is; qco_name_identifier; scheme_status; source_document_link,IS 9873,IS 1489 (Part 2); IS 15844 (Part 2); IS 15844 (Part 3); IS 17043 (Part 2); IS 2553 (Part 2); IS 9573 (Part 2); IS 9873 (Part 1); IS 9873 (Part 2) …(+2),scheme i; scheme i isi mark,
DC-0129,BIS_QCO_Master_Records (1).xlsx,QCO_Master_Records,F015,BIS_Scheme_IV_FMCS.xlsx,BIS_FMCS_Scheme_IV,F021,03_QCO,22_FMCS,NAMECAND-004 / SINGLETON,15,40,22,13,3,19,10,0.0938,SCHEMA_WEAK_OVERLAP,0,15,40,0.0,0.0328,3,LOW_PROJECTION_WIDTH,NO,NO,NO,26,1,14,0.6341,11,16,42,0.1594,0,41,3,0,2,5,0.0,0,0,0.6341,0,0,1,2003; 2020; 2021; 2024; 2025,,244,520,product,product,,KEY_LINKED,2,13,38,0.0377,aluminium and alloy bare foil for food packaging; cement varieties; domestic pressure cooker; flashlights / portable torches; rubber hose for lpg - industrial & domestic; safety footwear …(+7),aluminium and aluminium alloy bare foil for food packaging; antiriot shoes; beds; bunk beds; composite cement; domestic pressure cookers …(+32),is_numbers,is_number,4,scope; source_url,10; 11; 12; 13; 14; 15; 16; 2; 3; 4; 5; 6; 7; 8; 9,10; 11; 12; 13; 14; 15; 16; 17; 18; 19; 2; 20; 21; 22; 23; 24; 25; 26; 27; 28; 29; 3; 30; 31; 32 …(+15),product; scope; source_url,amendments; corrigendas; current_status; deferments; department; effective_date; exclusions; extensions; is_numbers; mandatory_status; ministry; notification_date; notification_number; official_document_url; qco_id …(+4),certification_type; is_number; mandatory_voluntary; related_product_manual; related_qco; related_sit; requirements; scheme_id_code; scheme_name; scheme_type,IS 9873,IS 1489 (Part 2); IS 15844 (Part 2); IS 15844 (Part 3); IS 17043 (Part 2); IS 17632; IS 17633; IS 17634; IS 17635 …(+6),scheme i; scheme i isi mark,certificate of conformity; foreign manufacturers certification scheme fmcs; overseas manufacturers; product certification foreign; scheme iv
DC-0130,BIS_QCO_Master_Records (1).xlsx,QCO_Master_Records,F015,BIS_Standards_Details_v2 (1).xlsx,BIS Standards,F027,03_QCO,01_KNOW_YOUR_STANDARD,NAMECAND-004 / EXACTDUP-001,15,40,22,19,1,21,18,0.025,SCHEMA_WEAK_OVERLAP,0,15,40,0.0,0.0087,1,LOW_PROJECTION_WIDTH,NO,NO,NO,26,1,19,0.5652,1,26,49,0.0132,0,41,0,0,2,0,0.0,0,0,0.5652,0,0,1,2003; 2020; 2021; 2024; 2025,1987; 1988; 1989; 1990; 1991; 2003; 2006; 2015 …(+10),244,701,,,,SAME_ENTITIES_DIFFERENT_KEY_NAMESPACE,-1,-1,-1,0.0,NO_SHARED_RECORD_KEY,NO_SHARED_RECORD_KEY,is_numbers,is_number; standard_id; superseded_standard; superseding_standard,0,,10; 11; 12; 13; 14; 15; 16; 2; 3; 4; 5; 6; 7; 8; 9,10; 11; 12; 13; 14; 15; 16; 17; 18; 19; 2; 20; 21; 22; 23; 24; 25; 26; 27; 28; 29; 3; 30; 31; 32 …(+15),current_status,amendments; corrigendas; deferments; department; effective_date; exclusions; extensions; is_numbers; mandatory_status; ministry; notification_date; notification_number; official_document_url; product; qco_id …(+6),degree_of_equivalence; document_url; is_number; official_url; part_section; product_category; publication_date; reaffirmation_review_date; revision; revision_date; standard_id; subcommittee; superseded_standard; superseding_standard; technical_committee …(+3),IS 9873,IS 12269; IS 1489 (Part 2); IS 15844; IS 15844 (Part 2); IS 15844 (Part 3); IS 17043; IS 17043 (Part 2); IS 17632 …(+11),scheme i; scheme i isi mark,
DC-0131,BIS_QCO_Master_Records (1).xlsx,QCO_Master_Records,F015,BIS_Standards_Details_v2.xlsx,BIS Standards,F028,03_QCO,01_KNOW_YOUR_STANDARD,NAMECAND-004 / EXACTDUP-001,15,40,22,19,1,21,18,0.025,SCHEMA_WEAK_OVERLAP,0,15,40,0.0,0.0087,1,LOW_PROJECTION_WIDTH,NO,NO,NO,26,1,19,0.5652,1,26,49,0.0132,0,41,0,0,2,0,0.0,0,0,0.5652,0,0,1,2003; 2020; 2021; 2024; 2025,1987; 1988; 1989; 1990; 1991; 2003; 2006; 2015 …(+10),244,701,,,,SAME_ENTITIES_DIFFERENT_KEY_NAMESPACE,-1,-1,-1,0.0,NO_SHARED_RECORD_KEY,NO_SHARED_RECORD_KEY,is_numbers,is_number; standard_id; superseded_standard; superseding_standard,0,,10; 11; 12; 13; 14; 15; 16; 2; 3; 4; 5; 6; 7; 8; 9,10; 11; 12; 13; 14; 15; 16; 17; 18; 19; 2; 20; 21; 22; 23; 24; 25; 26; 27; 28; 29; 3; 30; 31; 32 …(+15),current_status,amendments; corrigendas; deferments; department; effective_date; exclusions; extensions; is_numbers; mandatory_status; ministry; notification_date; notification_number; official_document_url; product; qco_id …(+6),degree_of_equivalence; document_url; is_number; official_url; part_section; product_category; publication_date; reaffirmation_review_date; revision; revision_date; standard_id; subcommittee; superseded_standard; superseding_standard; technical_committee …(+3),IS 9873,IS 12269; IS 1489 (Part 2); IS 15844; IS 15844 (Part 2); IS 15844 (Part 3); IS 17043; IS 17043 (Part 2); IS 17632 …(+11),scheme i; scheme i isi mark,
DC-0132,BIS_QCO_Master_Records (1).xlsx,QCO_Master_Records,F015,BIS_Standards_Details_v3.xlsx,BIS Standards,F029,03_QCO,01_KNOW_YOUR_STANDARD,NAMECAND-004 / SINGLETON,15,40,22,19,1,21,18,0.025,SCHEMA_WEAK_OVERLAP,0,15,40,0.0,0.0087,1,LOW_PROJECTION_WIDTH,NO,NO,NO,26,1,19,0.5652,1,26,49,0.0132,0,41,0,0,2,0,0.0,0,0,0.5652,0,0,1,2003; 2020; 2021; 2024; 2025,1987; 1988; 1989; 1990; 1991; 2003; 2006; 2015 …(+10),244,701,,,,SAME_ENTITIES_DIFFERENT_KEY_NAMESPACE,-1,-1,-1,0.0,NO_SHARED_RECORD_KEY,NO_SHARED_RECORD_KEY,is_numbers,is_number; standard_id; superseded_standard; superseding_standard,0,,10; 11; 12; 13; 14; 15; 16; 2; 3; 4; 5; 6; 7; 8; 9,10; 11; 12; 13; 14; 15; 16; 17; 18; 19; 2; 20; 21; 22; 23; 24; 25; 26; 27; 28; 29; 3; 30; 31; 32 …(+15),current_status,amendments; corrigendas; deferments; department; effective_date; exclusions; extensions; is_numbers; mandatory_status; ministry; notification_date; notification_number; official_document_url; product; qco_id …(+6),degree_of_equivalence; document_url; is_number; official_url; part_section; product_category; publication_date; reaffirmation_review_date; revision; revision_date; standard_id; subcommittee; superseded_standard; superseding_standard; technical_committee …(+3),IS 9873,IS 12269; IS 1489 (Part 2); IS 15844; IS 15844 (Part 2); IS 15844 (Part 3); IS 17043; IS 17043 (Part 2); IS 17632 …(+11),scheme i; scheme i isi mark,
DC-0133,BIS_QCO_Master_Records (1).xlsx,QCO_Master_Records,F015,BIS_Standards_Intelligence_Master.xlsx,BIS_Standards_Intelligence,F030,03_QCO,08_PRODUCT_SPECIFIC,NAMECAND-004 / SINGLETON,15,45,22,23,2,20,21,0.0465,SCHEMA_WEAK_OVERLAP,0,15,45,0.0,0.0163,2,LOW_PROJECTION_WIDTH,NO,NO,NO,26,1,18,0.5778,12,15,46,0.1644,0,41,0,1,1,4,0.1667,0,0,0.5778,0,0,2,2003; 2020; 2021; 2024; 2025,,244,1035,product,product,,KEY_LINKED,3,12,42,0.0526,aluminium and alloy bare foil for food packaging; cement varieties; flashlights / portable torches; rubber hose for lpg - industrial & domestic; safety footwear; safety glass: architectural & road transport …(+6),aluminium and aluminium alloy bare foil for food packaging; anti-riot shoes; beds; bunk beds; circuit breakers; composite cement …(+36),is_numbers,is_number,3,source_url,10; 11; 12; 13; 14; 15; 16; 2; 3; 4; 5; 6; 7; 8; 9,10; 11; 12; 13; 14; 15; 16; 17; 18; 19; 2; 20; 21; 22; 23; 24; 25; 26; 27; 28; 29; 3; 30; 31; 32 …(+20),product; source_url,amendments; corrigendas; current_status; deferments; department; effective_date; exclusions; extensions; is_numbers; mandatory_status; ministry; notification_date; notification_number; official_document_url; qco_id …(+5),application_procedure; conformity_assessment; eligibility; factory_requirements; fees; forms; infrastructure_requirements; inspection; is_number; laboratory_testing; licence_or_coc_grant; process_controls; quality_control; renewal; required_documents …(+6),IS 9873,IS 1489 (Part 2); IS 15844 (Part 2); IS 15844 (Part 3); IS 17043 (Part 2); IS 17632; IS 17633; IS 17634; IS 17635 …(+10),scheme i isi mark,eeqco; electrical equipment quality control order; scheme i bis isi mark certification; scheme x
DC-0134,BIS_QCO_Master_Records (1).xlsx,QCO_Master_Records,F015,BIS_Standards_Scheme_Mapping.xlsx,BIS_Standards_Scheme_Mapping,F031,03_QCO,08_PRODUCT_SPECIFIC,NAMECAND-004 / SINGLETON,15,36,22,23,1,21,22,0.0227,SCHEMA_WEAK_OVERLAP,0,15,36,0.0,0.0079,1,LOW_PROJECTION_WIDTH,NO,NO,NO,22,5,13,0.55,0,27,0,0.0,0,41,0,0,2,3,0.0,0,0,0.55,0,0,2,2003; 2020; 2021; 2024; 2025,,244,828,,,,SAME_ENTITIES_DIFFERENT_KEY_NAMESPACE,-1,-1,-1,0.0,NO_SHARED_RECORD_KEY,NO_SHARED_RECORD_KEY,is_numbers,is_number,0,,10; 11; 12; 13; 14; 15; 16; 2; 3; 4; 5; 6; 7; 8; 9,10; 11; 12; 13; 14; 15; 16; 17; 18; 19; 2; 20; 21; 22; 23; 24; 25; 26; 27; 28; 29; 3; 30; 31; 32 …(+11),source_url,amendments; corrigendas; current_status; deferments; department; effective_date; exclusions; extensions; is_numbers; mandatory_status; ministry; notification_date; notification_number; official_document_url; product …(+6),application_procedure; certification_scheme_to_store; conformity_assessment; eligibility; factory_requirements; fees; forms; group; infrastructure_requirements; inspection; is_number; laboratory_testing; licence_or_coc_grant; process_controls; quality_control …(+7),IS 1489 (Part 1); IS 15844 (Part 1); IS 17043 (Part 1); IS 2553 (Part 1); IS 9573 (Part 1),IS 1489; IS 15844; IS 17043; IS 17632; IS 17633; IS 17634; IS 17635; IS 2553 …(+5),scheme i; scheme i isi mark,applicable eeqco product specific process; scheme ii; scheme x
DC-0135,BIS_QCO_Master_Records (1).xlsx,QCO_Master_Records,F015,BIS_Testing_Parameters_Master.xlsx,BIS_Testing_Parameters,F032,03_QCO,10_TESTING,NAMECAND-004 / SINGLETON,15,45,22,18,2,20,16,0.0526,SCHEMA_WEAK_OVERLAP,0,15,45,0.0,0.0184,2,LOW_PROJECTION_WIDTH,NO,NO,NO,26,1,18,0.5778,12,15,47,0.1622,0,41,0,0,2,0,0.0,0,0,0.5778,0,0,0,2003; 2020; 2021; 2024; 2025,,244,787,product,product,,KEY_LINKED,3,12,42,0.0526,aluminium and alloy bare foil for food packaging; cement varieties; flashlights / portable torches; rubber hose for lpg - industrial & domestic; safety footwear; safety glass: architectural & road transport …(+6),aluminium and aluminium alloy bare foil for food packaging; anti-riot shoes; beds; bunk beds; composite cement; contactors and motor-starters …(+36),is_numbers,is_number; test_method_standard,1,source_url,10; 11; 12; 13; 14; 15; 16; 2; 3; 4; 5; 6; 7; 8; 9,10; 11; 12; 13; 14; 15; 16; 17; 18; 19; 2; 20; 21; 22; 23; 24; 25; 26; 27; 28; 29; 3; 30; 31; 32 …(+20),product; source_url,amendments; corrigendas; current_status; deferments; department; effective_date; exclusions; extensions; is_numbers; mandatory_status; ministry; notification_date; notification_number; official_document_url; qco_id …(+5),acceptance_criteria; clause; is_number; laboratory_requirement; rejection_handling; remarks; required_equipment; sample_size; sampling_frequency; source_document; source_page; test_frequency; test_method; test_method_standard; test_name …(+1),IS 9873,IS 1489 (Part 2); IS 15844 (Part 2); IS 15844 (Part 3); IS 17043 (Part 2); IS 17632; IS 17633; IS 17634; IS 17635 …(+10),scheme i; scheme i isi mark,
DC-0136,BIS_QCO_Master_Records (1).xlsx,QCO_Master_Records,F015,bis_product_certification_faq (1).csv,bis_product_certification_faq (1),F036,03_QCO,12_CERTIFICATION_FAQ,NAMECAND-004 / SINGLETON,15,28,22,8,1,21,7,0.0345,SCHEMA_WEAK_OVERLAP,0,15,28,0.0,0.0121,1,LOW_PROJECTION_WIDTH,NO,NO,NO,0,27,0,0.0,0,27,1,0.0,0,41,0,1,1,1,0.3333,0,0,0.3333,0,0,1,2003; 2020; 2021; 2024; 2025,,244,224,,,,SAME_ENTITIES_DIFFERENT_KEY_NAMESPACE,-1,-1,-1,0.0,NO_SHARED_RECORD_KEY,NO_SHARED_RECORD_KEY,is_numbers,related_is,0,,10; 11; 12; 13; 14; 15; 16; 2; 3; 4; 5; 6; 7; 8; 9,10; 11; 12; 13; 14; 15; 16; 17; 18; 19; 2; 20; 21; 22; 23; 24; 25; 26; 27; 28; 29; 3; 4; 5; 6 …(+3),source_url,amendments; corrigendas; current_status; deferments; department; effective_date; exclusions; extensions; is_numbers; mandatory_status; ministry; notification_date; notification_number; official_document_url; product …(+6),answer; category; faq_id; question; related_is; related_product; related_scheme,IS 12330; IS 12600; IS 1489 (Part 1); IS 15298 (Part 2); IS 15392; IS 15644; IS 15844 (Part 1); IS 16415 …(+19),,scheme i isi mark,scheme x
DC-0137,BIS_QCO_Master_Records.xlsx,QCO_Master_Details,F016,BIS_QCO_Master_Records_v3.xlsx,QCO_Master_Records,F017,03_QCO,03_QCO,NAMECAND-004,3,12,22,22,22,0,0,1.0,SCHEMA_IDENTICAL,0,3,12,0.0,0.35,22,RELIABLE,NO,NO,NO,1,4,11,0.0625,4,2,17,0.1739,1,8,9,1,0,0,1.0,0,0,1.0,0,0,0,2020,,56,251,product,is_numbers; product,"NO_SHARED_KEY_VALUES; candidates unique per file but disjoint (is_numbers; product) - identity must be re-derived in Phase 3 from entity columns, NOT from these surrogates",SAME_ENTITIES_DIFFERENT_KEY_NAMESPACE,0,3,12,0.0,"domestic pressure cooker; non-electric & electric toys; work chairs, tables, storage units, beds",composite cement; hydrophobic portland cement; low heat portland cement; ordinary portland cement; portland pozzolana cement - part 1 fly-ash based; portland pozzolana cement - part 2 calcined clay based …(+6),is_numbers,is_numbers,0,,2; 3; 4,10; 11; 12; 13; 2; 3; 4; 5; 6; 7; 8; 9,amendments; corrigendas; current_status; deferments; department; effective_date; exclusions; extensions; is_numbers; mandatory_status; ministry; notification_date; notification_number; official_document_url; product; qco_id; qco_name; qco_number; schemes; scope; source_url; supersession,,,IS 15644; IS 17632; IS 2347; IS 9873,IS 12330; IS 12600; IS 1489 (Part 1); IS 1489 (Part 2); IS 16415; IS 17875; IS 269; IS 455 …(+3),,
DC-0138,BIS_QCO_Master_Records.xlsx,QCO_Master_Details,F016,BIS_QCO_Master_Scheme_1.xlsx,BIS_QCO_Master_Scheme_1,F018,03_QCO,03_QCO,NAMECAND-004 / SINGLETON,3,40,22,11,4,18,7,0.1379,SCHEMA_WEAK_OVERLAP,0,3,40,0.0,0.0483,4,LOW_PROJECTION_WIDTH,NO,NO,NO,4,1,36,0.0976,5,1,47,0.0943,3,6,19,0,1,0,0.0,0,2,0.1818,0,0,0,2020,,56,440,product,product,,KEY_LINKED,1,2,39,0.0238,"non-electric & electric toys; work chairs, tables, storage units, beds",aluminium and aluminium alloy bare foil for food packaging; antiriot shoes; beds; bunk beds; composite cement; flashlight: specification …(+33),is_numbers,is_number,2,ministry; scope,2; 3; 4,10; 11; 12; 13; 14; 15; 16; 17; 18; 19; 2; 20; 21; 22; 23; 24; 25; 26; 27; 28; 29; 3; 30; 31; 32 …(+15),ministry; notification_number; product; scope,amendments; corrigendas; current_status; deferments; department; effective_date; exclusions; extensions; is_numbers; mandatory_status; notification_date; official_document_url; qco_id; qco_name; qco_number …(+3),amendments_extensions; effective_implementation_date; exemptions; is_number; mandatory_voluntary_status; qco_order; source_gazette_url,IS 9873,IS 12330; IS 12600; IS 1489 (Part 1); IS 1489 (Part 2); IS 15298 (Part 2); IS 15392; IS 15844 (Part 1); IS 15844 (Part 2) …(+28),scheme i isi mark,
DC-0139,BIS_QCO_Master_Records.xlsx,QCO_Master_Details,F016,BIS_QCO_Summary.xlsx,QCO_Summary,F019,03_QCO,03_QCO,NAMECAND-004 / SINGLETON,3,35,22,7,0,22,7,0.0,SCHEMA_DISJOINT,0,0,0,0.0,0.0,0,LOW_PROJECTION_WIDTH,NO,NO,NO,3,2,33,0.0789,0,6,0,0.0,3,6,17,0,1,0,0.0,0,0,0.1154,0,0,0,2020,2003; 2020; 2021; 2024,56,245,,,,NO_KEY_AVAILABLE,-1,-1,-1,0.0,NO_SHARED_RECORD_KEY,NO_SHARED_RECORD_KEY,is_numbers,product_standard_is,0,,2; 3; 4,10; 11; 12; 13; 14; 15; 16; 17; 18; 19; 2; 20; 21; 22; 23; 24; 25; 26; 27; 28; 29; 3; 30; 31; 32 …(+10),,amendments; corrigendas; current_status; deferments; department; effective_date; exclusions; extensions; is_numbers; mandatory_status; ministry; notification_date; notification_number; official_document_url; product …(+7),key_scope_exclusions_amendments; ministry_department; notification_no_date; product_standard_is; qco_name_identifier; scheme_status; source_document_link,IS 17632; IS 9873,IS 12330; IS 12600; IS 1489 (Part 1); IS 1489 (Part 2); IS 15298 (Part 2); IS 15392; IS 15844 (Part 1); IS 15844 (Part 2) …(+25),scheme i isi mark,
DC-0140,BIS_QCO_Master_Records_v3.xlsx,QCO_Master_Records,F017,BIS_QCO_Master_Scheme_1.xlsx,BIS_QCO_Master_Scheme_1,F018,03_QCO,03_QCO,NAMECAND-004 / SINGLETON,12,40,22,11,4,18,7,0.1379,SCHEMA_WEAK_OVERLAP,0,12,40,0.0,0.0483,4,LOW_PROJECTION_WIDTH,NO,NO,NO,12,0,28,0.3,17,4,35,0.3036,3,7,19,0,1,0,0.0,0,1,0.3036,0,0,0,,,251,440,product,product,,KEY_LINKED,8,4,32,0.1818,"portland pozzolana cement - part 1 fly-ash based; portland pozzolana cement - part 2 calcined clay based; stainless steel seamless and welded pipes and tubes; work chairs, general purpose chairs and stools, tables, desks, storage units, beds, and bunk beds",aluminium and aluminium alloy bare foil for food packaging; antiriot shoes; beds; bunk beds; domestic pressure cooker; flashlight: specification …(+26),is_numbers,is_number,16,ministry; scope,10; 11; 12; 13; 2; 3; 4; 5; 6; 7; 8; 9,10; 11; 12; 13; 14; 15; 16; 17; 18; 19; 2; 20; 21; 22; 23; 24; 25; 26; 27; 28; 29; 3; 30; 31; 32 …(+15),ministry; notification_number; product; scope,amendments; corrigendas; current_status; deferments; department; effective_date; exclusions; extensions; is_numbers; mandatory_status; notification_date; official_document_url; qco_id; qco_name; qco_number …(+3),amendments_extensions; effective_implementation_date; exemptions; is_number; mandatory_voluntary_status; qco_order; source_gazette_url,,IS 15298 (Part 2); IS 15392; IS 15644; IS 15844 (Part 1); IS 15844 (Part 2); IS 15844 (Part 3); IS 17012; IS 17037 …(+20),scheme i isi mark,
DC-0141,BIS_QCO_Master_Records_v3.xlsx,QCO_Master_Records,F017,BIS_QCO_Summary.xlsx,QCO_Summary,F019,03_QCO,03_QCO,NAMECAND-004 / SINGLETON,12,35,22,7,0,22,7,0.0,SCHEMA_DISJOINT,0,0,0,0.0,0.0,0,LOW_PROJECTION_WIDTH,NO,NO,NO,12,0,24,0.3333,0,21,0,0.0,2,8,18,0,1,0,0.0,0,0,0.3333,0,0,0,,2003; 2020; 2021; 2024,251,245,,,,SAME_ENTITIES_DIFFERENT_KEY_NAMESPACE,-1,-1,-1,0.0,NO_SHARED_RECORD_KEY,NO_SHARED_RECORD_KEY,is_numbers,product_standard_is,0,,10; 11; 12; 13; 2; 3; 4; 5; 6; 7; 8; 9,10; 11; 12; 13; 14; 15; 16; 17; 18; 19; 2; 20; 21; 22; 23; 24; 25; 26; 27; 28; 29; 3; 30; 31; 32 …(+10),,amendments; corrigendas; current_status; deferments; department; effective_date; exclusions; extensions; is_numbers; mandatory_status; ministry; notification_date; notification_number; official_document_url; product …(+7),key_scope_exclusions_amendments; ministry_department; notification_no_date; product_standard_is; qco_name_identifier; scheme_status; source_document_link,,IS 15298 (Part 2); IS 15392; IS 15644; IS 15844 (Part 1); IS 15844 (Part 2); IS 15844 (Part 3); IS 17012; IS 17037 …(+16),scheme i isi mark,
DC-0142,BIS_QCO_Master_Records_v3.xlsx,QCO_Master_Records,F017,BIS_Scheme_IV_FMCS.xlsx,BIS_FMCS_Scheme_IV,F021,03_QCO,22_FMCS,NAMECAND-004 / SINGLETON,12,40,22,13,3,19,10,0.0938,SCHEMA_WEAK_OVERLAP,0,12,40,0.0,0.0328,3,LOW_PROJECTION_WIDTH,NO,NO,NO,12,0,28,0.3,17,4,36,0.2982,1,9,2,0,1,5,0.0,0,0,0.3,0,0,1,,,251,520,product,product,,KEY_LINKED,8,4,32,0.1818,"portland pozzolana cement - part 1 fly-ash based; portland pozzolana cement - part 2 calcined clay based; stainless steel seamless and welded pipes and tubes; work chairs, general purpose chairs and stools, tables, desks, storage units, beds, and bunk beds",aluminium and aluminium alloy bare foil for food packaging; antiriot shoes; beds; bunk beds; domestic pressure cookers; flashlight: specification …(+26),is_numbers,is_number,16,scope; source_url,10; 11; 12; 13; 2; 3; 4; 5; 6; 7; 8; 9,10; 11; 12; 13; 14; 15; 16; 17; 18; 19; 2; 20; 21; 22; 23; 24; 25; 26; 27; 28; 29; 3; 30; 31; 32 …(+15),product; scope; source_url,amendments; corrigendas; current_status; deferments; department; effective_date; exclusions; extensions; is_numbers; mandatory_status; ministry; notification_date; notification_number; official_document_url; qco_id …(+4),certification_type; is_number; mandatory_voluntary; related_product_manual; related_qco; related_sit; requirements; scheme_id_code; scheme_name; scheme_type,,IS 15298 (Part 2); IS 15392; IS 15644; IS 15844 (Part 1); IS 15844 (Part 2); IS 15844 (Part 3); IS 17012; IS 17037 …(+20),scheme i isi mark,certificate of conformity; foreign manufacturers certification scheme fmcs; overseas manufacturers; product certification foreign; scheme iv
DC-0143,BIS_QCO_Master_Scheme_1.xlsx,BIS_QCO_Master_Scheme_1,F018,BIS_QCO_Summary.xlsx,QCO_Summary,F019,03_QCO,03_QCO,SINGLETON,40,35,11,7,0,11,7,0.0,SCHEMA_DISJOINT,0,0,0,0.0,0.0,0,LOW_PROJECTION_WIDTH,NO,NO,NO,36,4,0,0.9,0,52,0,0.0,12,10,8,0,0,0,0.0,0,0,0.9,0,0,0,,2003; 2020; 2021; 2024,440,245,,,,SAME_ENTITIES_DIFFERENT_KEY_NAMESPACE,-1,-1,-1,0.0,NO_SHARED_RECORD_KEY,NO_SHARED_RECORD_KEY,is_number,product_standard_is,0,,10; 11; 12; 13; 14; 15; 16; 17; 18; 19; 2; 20; 21; 22; 23; 24; 25; 26; 27; 28; 29; 3; 30; 31; 32 …(+15),10; 11; 12; 13; 14; 15; 16; 17; 18; 19; 2; 20; 21; 22; 23; 24; 25; 26; 27; 28; 29; 3; 30; 31; 32 …(+10),,amendments_extensions; effective_implementation_date; exemptions; is_number; mandatory_voluntary_status; ministry; notification_number; product; qco_order; scope; source_gazette_url,key_scope_exclusions_amendments; ministry_department; notification_no_date; product_standard_is; qco_name_identifier; scheme_status; source_document_link,IS 17632; IS 17633; IS 17634; IS 17635,,,
DC-0144,BIS_QCO_Master_Scheme_1.xlsx,BIS_QCO_Master_Scheme_1,F018,BIS_Scheme_IV_FMCS.xlsx,BIS_FMCS_Scheme_IV,F021,03_QCO,22_FMCS,SINGLETON,40,40,11,13,3,8,10,0.1429,SCHEMA_WEAK_OVERLAP,0,40,40,0.0,0.05,3,LOW_PROJECTION_WIDTH,NO,NO,NO,40,0,0,1.0,51,1,2,0.9444,1,21,2,0,0,5,0.0,0,0,1.0,0,0,1,,,440,520,is_number,is_number; product,,KEY_LINKED,40,0,0,1.0,,,is_number,is_number,41,product; scope,10; 11; 12; 13; 14; 15; 16; 17; 18; 19; 2; 20; 21; 22; 23; 24; 25; 26; 27; 28; 29; 3; 30; 31; 32 …(+15),10; 11; 12; 13; 14; 15; 16; 17; 18; 19; 2; 20; 21; 22; 23; 24; 25; 26; 27; 28; 29; 3; 30; 31; 32 …(+15),is_number; product; scope,amendments_extensions; effective_implementation_date; exemptions; mandatory_voluntary_status; ministry; notification_number; qco_order; source_gazette_url,certification_type; mandatory_voluntary; related_product_manual; related_qco; related_sit; requirements; scheme_id_code; scheme_name; scheme_type; source_url,,,,certificate of conformity; foreign manufacturers certification scheme fmcs; overseas manufacturers; product certification foreign; scheme iv
DC-0145,BIS_QCO_Master_Scheme_1.xlsx,BIS_QCO_Master_Scheme_1,F018,BIS_Schemes_Master.xlsx,BIS_Schemes_Master,F024,03_QCO,04_SCHEME_I,SINGLETON / NAMECAND-005,40,40,11,14,2,9,12,0.087,SCHEMA_WEAK_OVERLAP,0,40,40,0.0,0.0304,2,LOW_PROJECTION_WIDTH,NO,NO,NO,0,40,0,0.0,35,17,39,0.3846,7,15,7,0,0,3,0.0,0,0,0.3846,0,0,0,,,440,560,product,product,,KEY_LINKED,21,19,19,0.3559,flashlight: specification; general purpose chairs and stools; ordinary portland cement; personal protective equipment: safety footwear; portland pozzolana cement (calcined clay based); portland pozzolana cement (fly-ash based) …(+13),"chairs and stools (general purpose); flashlights / portable lighting devices; general safety requirements for household and similar electrical appliances; ordinary portland cement (33, 43, 53 grades); personal protective equipment – safety footwear; portland pozzolana cement - part 1 (fly-ash based) …(+13)",is_number,,21,scope,10; 11; 12; 13; 14; 15; 16; 17; 18; 19; 2; 20; 21; 22; 23; 24; 25; 26; 27; 28; 29; 3; 30; 31; 32 …(+15),10; 11; 12; 13; 14; 15; 16; 17; 18; 19; 2; 20; 21; 22; 23; 24; 25; 26; 27; 28; 29; 3; 30; 31; 32 …(+15),product; scope,amendments_extensions; effective_implementation_date; exemptions; is_number; mandatory_voluntary_status; ministry; notification_number; qco_order; source_gazette_url,certification_type; is; mandatory_voluntary; related_product_manual; related_qco; related_sit; requirements; scheme_code; scheme_id; scheme_name; scheme_type; source_url,IS 12330; IS 12600; IS 1489 (Part 1); IS 1489 (Part 2); IS 15298 (Part 2); IS 15392; IS 15644; IS 15844 (Part 1) …(+32),,,product certification; sch i; scheme i isi mark scheme
DC-0146,BIS_QCO_Master_Scheme_1.xlsx,BIS_QCO_Master_Scheme_1,F018,BIS_Schemes_Master_Scheme_2.xlsx,BIS_Schemes_Master_Scheme_2,F025,03_QCO,05_SCHEME_II_CRS,SINGLETON / NAMECAND-005,40,40,11,14,2,9,12,0.087,SCHEMA_WEAK_OVERLAP,0,40,40,0.0,0.0304,2,LOW_PROJECTION_WIDTH,NO,NO,NO,0,40,0,0.0,35,17,39,0.3846,7,15,7,0,0,4,0.0,0,0,0.3846,0,0,0,,,440,560,product,product,,KEY_LINKED,21,19,19,0.3559,flashlight: specification; general purpose chairs and stools; ordinary portland cement; personal protective equipment: safety footwear; portland pozzolana cement (calcined clay based); portland pozzolana cement (fly-ash based) …(+13),"chairs and stools (general purpose); flashlights / portable lighting devices; general safety requirements for household and similar electrical appliances; ordinary portland cement (33, 43, 53 grades); personal protective equipment – safety footwear; portland pozzolana cement - part 1 (fly-ash based) …(+13)",is_number,,21,scope,10; 11; 12; 13; 14; 15; 16; 17; 18; 19; 2; 20; 21; 22; 23; 24; 25; 26; 27; 28; 29; 3; 30; 31; 32 …(+15),10; 11; 12; 13; 14; 15; 16; 17; 18; 19; 2; 20; 21; 22; 23; 24; 25; 26; 27; 28; 29; 3; 30; 31; 32 …(+15),product; scope,amendments_extensions; effective_implementation_date; exemptions; is_number; mandatory_voluntary_status; ministry; notification_number; qco_order; source_gazette_url,certification_type; is; mandatory_voluntary; related_product_manual; related_qco; related_sit; requirements; scheme_code; scheme_id; scheme_name; scheme_type; source_url,IS 12330; IS 12600; IS 1489 (Part 1); IS 1489 (Part 2); IS 15298 (Part 2); IS 15392; IS 15644; IS 15844 (Part 1) …(+32),,,product certification; registration; sch ii; scheme ii conformity assessment
DC-0147,BIS_QCO_Master_Scheme_1.xlsx,BIS_QCO_Master_Scheme_1,F018,BIS_Standards_Details_v2 (1).xlsx,BIS Standards,F027,03_QCO,01_KNOW_YOUR_STANDARD,SINGLETON / EXACTDUP-001,40,40,11,19,1,10,18,0.0345,SCHEMA_WEAK_OVERLAP,38,2,2,0.9048,0.0121,1,LOW_PROJECTION_WIDTH,NO,NO,NO,40,0,5,0.8889,1,51,49,0.0099,0,22,0,0,0,0,0.0,0,0,0.8889,0,0,1,,1987; 1988; 1989; 1990; 1991; 2003; 2006; 2015 …(+10),440,701,is_number,is_number,,KEY_LINKED,38,2,2,0.9048,is 12330:1998; is 9873 (part 1):2012 / 2018,is 12330:1988; is 9873 (part 1):2018,is_number,is_number; standard_id; superseded_standard; superseding_standard,0,,19; 9,19; 9,is_number,amendments_extensions; effective_implementation_date; exemptions; mandatory_voluntary_status; ministry; notification_number; product; qco_order; scope; source_gazette_url,current_status; degree_of_equivalence; document_url; official_url; part_section; product_category; publication_date; reaffirmation_review_date; revision; revision_date; standard_id; subcommittee; superseded_standard; superseding_standard; technical_committee …(+3),,IS 12269; IS 15844; IS 17043; IS 8112; IS 9573,,
DC-0148,BIS_QCO_Master_Scheme_1.xlsx,BIS_QCO_Master_Scheme_1,F018,BIS_Standards_Details_v2.xlsx,BIS Standards,F028,03_QCO,01_KNOW_YOUR_STANDARD,SINGLETON / EXACTDUP-001,40,40,11,19,1,10,18,0.0345,SCHEMA_WEAK_OVERLAP,38,2,2,0.9048,0.0121,1,LOW_PROJECTION_WIDTH,NO,NO,NO,40,0,5,0.8889,1,51,49,0.0099,0,22,0,0,0,0,0.0,0,0,0.8889,0,0,1,,1987; 1988; 1989; 1990; 1991; 2003; 2006; 2015 …(+10),440,701,is_number,is_number,,KEY_LINKED,38,2,2,0.9048,is 12330:1998; is 9873 (part 1):2012 / 2018,is 12330:1988; is 9873 (part 1):2018,is_number,is_number; standard_id; superseded_standard; superseding_standard,0,,19; 9,19; 9,is_number,amendments_extensions; effective_implementation_date; exemptions; mandatory_voluntary_status; ministry; notification_number; product; qco_order; scope; source_gazette_url,current_status; degree_of_equivalence; document_url; official_url; part_section; product_category; publication_date; reaffirmation_review_date; revision; revision_date; standard_id; subcommittee; superseded_standard; superseding_standard; technical_committee …(+3),,IS 12269; IS 15844; IS 17043; IS 8112; IS 9573,,
DC-0149,BIS_QCO_Master_Scheme_1.xlsx,BIS_QCO_Master_Scheme_1,F018,BIS_Standards_Details_v3.xlsx,BIS Standards,F029,03_QCO,01_KNOW_YOUR_STANDARD,SINGLETON,40,40,11,19,1,10,18,0.0345,SCHEMA_WEAK_OVERLAP,38,2,2,0.9048,0.0121,1,LOW_PROJECTION_WIDTH,NO,NO,NO,40,0,5,0.8889,1,51,49,0.0099,0,22,0,0,0,0,0.0,0,0,0.8889,0,0,1,,1987; 1988; 1989; 1990; 1991; 2003; 2006; 2015 …(+10),440,701,is_number,is_number,,KEY_LINKED,38,2,2,0.9048,is 12330:1998; is 9873 (part 1):2012 / 2018,is 12330:1988; is 9873 (part 1):2018,is_number,is_number; standard_id; superseded_standard; superseding_standard,0,,19; 9,19; 9,is_number,amendments_extensions; effective_implementation_date; exemptions; mandatory_voluntary_status; ministry; notification_number; product; qco_order; scope; source_gazette_url,current_status; degree_of_equivalence; document_url; official_url; part_section; product_category; publication_date; reaffirmation_review_date; revision; revision_date; standard_id; subcommittee; superseded_standard; superseding_standard; technical_committee …(+3),,IS 12269; IS 15844; IS 17043; IS 8112; IS 9573,,
DC-0150,BIS_QCO_Master_Scheme_1.xlsx,BIS_QCO_Master_Scheme_1,F018,BIS_Standards_Intelligence_Master.xlsx,BIS_Standards_Intelligence,F030,03_QCO,08_PRODUCT_SPECIFIC,SINGLETON,40,45,11,23,2,9,21,0.0625,SCHEMA_WEAK_OVERLAP,21,19,24,0.3281,0.0219,2,LOW_PROJECTION_WIDTH,NO,NO,NO,40,0,4,0.9091,37,15,21,0.5068,0,22,0,0,0,5,0.0,0,0,0.9091,0,0,2,,,440,1035,is_number,is_number; product,,KEY_LINKED,39,1,6,0.8478,is 9873 (part 1):2012 / 2018,is 9873 (part 1):2012; is/iec 60947 (part 2):2016; is/iec 60947 (part 3):2012; is/iec 60947 (part 4-1); is/iec 60947 (part 5-1); is/iec 60947 (part 5-5),is_number,is_number,18,product,11; 12; 19; 20; 21; 22; 25; 26; 27; 28; 30; 31; 32; 33; 34; 35; 36; 38; 41,11; 12; 19; 20; 21; 22; 25; 26; 27; 28; 30; 31; 32; 33; 34; 35; 36; 38; 41; 42; 43; 44; 45; 46,is_number; product,amendments_extensions; effective_implementation_date; exemptions; mandatory_voluntary_status; ministry; notification_number; qco_order; scope; source_gazette_url,application_procedure; conformity_assessment; eligibility; factory_requirements; fees; forms; infrastructure_requirements; inspection; laboratory_testing; licence_or_coc_grant; process_controls; quality_control; renewal; required_documents; retesting …(+6),,IS/IEC 60947 (Part 2); IS/IEC 60947 (Part 3); IS/IEC 60947 (Part 4); IS/IEC 60947 (Part 5),,eeqco; electrical equipment quality control order; scheme i; scheme i bis isi mark certification; scheme x
DC-0151,BIS_QCO_Master_Scheme_1.xlsx,BIS_QCO_Master_Scheme_1,F018,BIS_Standards_Scheme_Mapping.xlsx,BIS_Standards_Scheme_Mapping,F031,03_QCO,08_PRODUCT_SPECIFIC,SINGLETON,40,36,11,23,1,10,22,0.0303,SCHEMA_WEAK_OVERLAP,22,18,14,0.4074,0.0106,1,LOW_PROJECTION_WIDTH,NO,NO,NO,25,15,10,0.5,0,52,0,0.0,0,22,0,0,0,3,0.0,0,0,0.5,0,0,2,,,440,828,is_number,is_number,,KEY_LINKED,22,18,14,0.4074,is 12330:1998; is 1489 (part 1):2015; is 1489 (part 2):2015; is 15298 (part 2):2016; is 15844 (part 1):2023; is 15844 (part 2):2023 …(+12),is 12330 / cement standards; is 1489 parts 1 & 2; is 15298 part 2:2016; is 15844 parts 1–3; is 17043 parts 1–2; is 2553 parts 1 & 2 …(+8),is_number,is_number,0,,11; 12; 19; 20; 21; 22; 25; 26; 27; 28; 33; 34; 35; 36; 39; 40; 41; 9,11; 18; 21; 22; 27; 28; 31; 32; 33; 34; 35; 36; 37; 9,is_number,amendments_extensions; effective_implementation_date; exemptions; mandatory_voluntary_status; ministry; notification_number; product; qco_order; scope; source_gazette_url,application_procedure; certification_scheme_to_store; conformity_assessment; eligibility; factory_requirements; fees; forms; group; infrastructure_requirements; inspection; laboratory_testing; licence_or_coc_grant; process_controls; quality_control; renewal …(+7),IS 1489 (Part 1); IS 1489 (Part 2); IS 15844 (Part 1); IS 15844 (Part 2); IS 15844 (Part 3); IS 17043 (Part 1); IS 17043 (Part 2); IS 2553 (Part 1) …(+7),IS 1489; IS 15844; IS 17043; IS 2553; IS 9573; IS 9873; IS/IEC 60947 (Part 2); IS/IEC 60947 (Part 3) …(+2),,applicable eeqco product specific process; scheme ii; scheme x
DC-0152,BIS_QCO_Master_Scheme_1.xlsx,BIS_QCO_Master_Scheme_1,F018,BIS_Testing_Parameters_Master.xlsx,BIS_Testing_Parameters,F032,03_QCO,10_TESTING,SINGLETON,40,45,11,18,2,9,16,0.0741,SCHEMA_WEAK_OVERLAP,20,20,25,0.3077,0.0259,2,LOW_PROJECTION_WIDTH,NO,NO,NO,40,0,4,0.9091,37,15,22,0.5,0,22,0,0,0,0,0.0,0,0,0.9091,0,0,0,,,440,787,is_number,is_number; product,,KEY_LINKED,38,2,7,0.8085,is 12330:1998; is 9873 (part 1):2012 / 2018,is 12330:1998*; is 9873 (part 1):2012*; is/iec 60947 (part 2):2016; is/iec 60947 (part 3):2012*; is/iec 60947 (part 4-1); is/iec 60947 (part 5-1) …(+1),is_number,is_number; test_method_standard,18,product,11; 12; 19; 20; 21; 22; 25; 26; 27; 28; 30; 31; 32; 33; 34; 35; 36; 38; 41; 9,11; 12; 19; 20; 21; 22; 25; 26; 27; 28; 30; 31; 32; 33; 34; 35; 36; 38; 41; 42; 43; 44; 45; 46; 9,is_number; product,amendments_extensions; effective_implementation_date; exemptions; mandatory_voluntary_status; ministry; notification_number; qco_order; scope; source_gazette_url,acceptance_criteria; clause; laboratory_requirement; rejection_handling; remarks; required_equipment; sample_size; sampling_frequency; source_document; source_page; source_url; test_frequency; test_method; test_method_standard; test_name …(+1),,IS/IEC 60947 (Part 2); IS/IEC 60947 (Part 3); IS/IEC 60947 (Part 4); IS/IEC 60947 (Part 5),,
DC-0153,BIS_QCO_Summary.xlsx,QCO_Summary,F019,BIS_Scheme_IV_FMCS.xlsx,BIS_FMCS_Scheme_IV,F021,03_QCO,22_FMCS,SINGLETON,35,40,7,13,0,7,13,0.0,SCHEMA_DISJOINT,0,0,0,0.0,0.0,0,LOW_PROJECTION_WIDTH,NO,NO,NO,36,0,4,0.9,0,0,53,0.0,0,20,3,0,0,5,0.0,0,0,0.9,0,0,1,2003; 2020; 2021; 2024,,245,520,,,,SAME_ENTITIES_DIFFERENT_KEY_NAMESPACE,-1,-1,-1,0.0,NO_SHARED_RECORD_KEY,NO_SHARED_RECORD_KEY,product_standard_is,is_number,0,,10; 11; 12; 13; 14; 15; 16; 17; 18; 19; 2; 20; 21; 22; 23; 24; 25; 26; 27; 28; 29; 3; 30; 31; 32 …(+10),10; 11; 12; 13; 14; 15; 16; 17; 18; 19; 2; 20; 21; 22; 23; 24; 25; 26; 27; 28; 29; 3; 30; 31; 32 …(+15),,key_scope_exclusions_amendments; ministry_department; notification_no_date; product_standard_is; qco_name_identifier; scheme_status; source_document_link,certification_type; is_number; mandatory_voluntary; product; related_product_manual; related_qco; related_sit; requirements; scheme_id_code; scheme_name; scheme_type; scope; source_url,,IS 17632; IS 17633; IS 17634; IS 17635,,certificate of conformity; foreign manufacturers certification scheme fmcs; overseas manufacturers; product certification foreign; scheme iv
DC-0154,BIS_QCO_Summary.xlsx,QCO_Summary,F019,BIS_Schemes_Master.xlsx,BIS_Schemes_Master,F024,03_QCO,04_SCHEME_I,SINGLETON / NAMECAND-005,35,40,7,14,0,7,14,0.0,SCHEMA_DISJOINT,0,0,0,0.0,0.0,0,LOW_PROJECTION_WIDTH,NO,NO,NO,0,36,0,0.0,0,0,74,0.0,8,12,6,0,0,3,0.0,0,0,0.3077,0,0,0,2003; 2020; 2021; 2024,,245,560,,,,SAME_ENTITIES_DIFFERENT_KEY_NAMESPACE,-1,-1,-1,0.0,NO_SHARED_RECORD_KEY,NO_SHARED_RECORD_KEY,product_standard_is,,0,,10; 11; 12; 13; 14; 15; 16; 17; 18; 19; 2; 20; 21; 22; 23; 24; 25; 26; 27; 28; 29; 3; 30; 31; 32 …(+10),10; 11; 12; 13; 14; 15; 16; 17; 18; 19; 2; 20; 21; 22; 23; 24; 25; 26; 27; 28; 29; 3; 30; 31; 32 …(+15),,key_scope_exclusions_amendments; ministry_department; notification_no_date; product_standard_is; qco_name_identifier; scheme_status; source_document_link,certification_type; is; mandatory_voluntary; product; related_product_manual; related_qco; related_sit; requirements; scheme_code; scheme_id; scheme_name; scheme_type; scope; source_url,IS 12330; IS 12600; IS 1489 (Part 1); IS 1489 (Part 2); IS 15298 (Part 2); IS 15392; IS 15644; IS 15844 (Part 1) …(+28),,,product certification; sch i; scheme i isi mark scheme
DC-0155,BIS_QCO_Summary.xlsx,QCO_Summary,F019,BIS_Schemes_Master_Scheme_2.xlsx,BIS_Schemes_Master_Scheme_2,F025,03_QCO,05_SCHEME_II_CRS,SINGLETON / NAMECAND-005,35,40,7,14,0,7,14,0.0,SCHEMA_DISJOINT,0,0,0,0.0,0.0,0,LOW_PROJECTION_WIDTH,NO,NO,NO,0,36,0,0.0,0,0,74,0.0,8,12,6,0,0,4,0.0,0,0,0.3077,0,0,0,2003; 2020; 2021; 2024,,245,560,,,,SAME_ENTITIES_DIFFERENT_KEY_NAMESPACE,-1,-1,-1,0.0,NO_SHARED_RECORD_KEY,NO_SHARED_RECORD_KEY,product_standard_is,,0,,10; 11; 12; 13; 14; 15; 16; 17; 18; 19; 2; 20; 21; 22; 23; 24; 25; 26; 27; 28; 29; 3; 30; 31; 32 …(+10),10; 11; 12; 13; 14; 15; 16; 17; 18; 19; 2; 20; 21; 22; 23; 24; 25; 26; 27; 28; 29; 3; 30; 31; 32 …(+15),,key_scope_exclusions_amendments; ministry_department; notification_no_date; product_standard_is; qco_name_identifier; scheme_status; source_document_link,certification_type; is; mandatory_voluntary; product; related_product_manual; related_qco; related_sit; requirements; scheme_code; scheme_id; scheme_name; scheme_type; scope; source_url,IS 12330; IS 12600; IS 1489 (Part 1); IS 1489 (Part 2); IS 15298 (Part 2); IS 15392; IS 15644; IS 15844 (Part 1) …(+28),,,product certification; registration; sch ii; scheme ii conformity assessment
DC-0156,BIS_QCO_Summary.xlsx,QCO_Summary,F019,BIS_Standards_Details_v2 (1).xlsx,BIS Standards,F027,03_QCO,01_KNOW_YOUR_STANDARD,SINGLETON / EXACTDUP-001,35,40,7,19,0,7,19,0.0,SCHEMA_DISJOINT,0,0,0,0.0,0.0,0,LOW_PROJECTION_WIDTH,NO,NO,NO,36,0,9,0.8,0,0,50,0.0,0,20,0,0,0,0,0.0,0,0,0.8,0,0,1,2003; 2020; 2021; 2024,1987; 1988; 1989; 1990; 1991; 2003; 2006; 2015 …(+10),245,701,,,,SAME_ENTITIES_DIFFERENT_KEY_NAMESPACE,-1,-1,-1,0.0,NO_SHARED_RECORD_KEY,NO_SHARED_RECORD_KEY,product_standard_is,is_number; standard_id; superseded_standard; superseding_standard,0,,10; 11; 12; 13; 14; 15; 16; 17; 18; 19; 2; 20; 21; 22; 23; 24; 25; 26; 27; 28; 29; 3; 30; 31; 32 …(+10),10; 11; 12; 13; 14; 15; 16; 17; 18; 19; 2; 20; 21; 22; 23; 24; 25; 26; 27; 28; 29; 3; 30; 31; 32 …(+15),,key_scope_exclusions_amendments; ministry_department; notification_no_date; product_standard_is; qco_name_identifier; scheme_status; source_document_link,current_status; degree_of_equivalence; document_url; is_number; official_url; part_section; product_category; publication_date; reaffirmation_review_date; revision; revision_date; standard_id; subcommittee; superseded_standard; superseding_standard …(+4),,IS 12269; IS 15844; IS 17043; IS 17632; IS 17633; IS 17634; IS 17635; IS 8112 …(+1),,
DC-0157,BIS_QCO_Summary.xlsx,QCO_Summary,F019,BIS_Standards_Details_v2.xlsx,BIS Standards,F028,03_QCO,01_KNOW_YOUR_STANDARD,SINGLETON / EXACTDUP-001,35,40,7,19,0,7,19,0.0,SCHEMA_DISJOINT,0,0,0,0.0,0.0,0,LOW_PROJECTION_WIDTH,NO,NO,NO,36,0,9,0.8,0,0,50,0.0,0,20,0,0,0,0,0.0,0,0,0.8,0,0,1,2003; 2020; 2021; 2024,1987; 1988; 1989; 1990; 1991; 2003; 2006; 2015 …(+10),245,701,,,,SAME_ENTITIES_DIFFERENT_KEY_NAMESPACE,-1,-1,-1,0.0,NO_SHARED_RECORD_KEY,NO_SHARED_RECORD_KEY,product_standard_is,is_number; standard_id; superseded_standard; superseding_standard,0,,10; 11; 12; 13; 14; 15; 16; 17; 18; 19; 2; 20; 21; 22; 23; 24; 25; 26; 27; 28; 29; 3; 30; 31; 32 …(+10),10; 11; 12; 13; 14; 15; 16; 17; 18; 19; 2; 20; 21; 22; 23; 24; 25; 26; 27; 28; 29; 3; 30; 31; 32 …(+15),,key_scope_exclusions_amendments; ministry_department; notification_no_date; product_standard_is; qco_name_identifier; scheme_status; source_document_link,current_status; degree_of_equivalence; document_url; is_number; official_url; part_section; product_category; publication_date; reaffirmation_review_date; revision; revision_date; standard_id; subcommittee; superseded_standard; superseding_standard …(+4),,IS 12269; IS 15844; IS 17043; IS 17632; IS 17633; IS 17634; IS 17635; IS 8112 …(+1),,
DC-0158,BIS_QCO_Summary.xlsx,QCO_Summary,F019,BIS_Standards_Details_v3.xlsx,BIS Standards,F029,03_QCO,01_KNOW_YOUR_STANDARD,SINGLETON,35,40,7,19,0,7,19,0.0,SCHEMA_DISJOINT,0,0,0,0.0,0.0,0,LOW_PROJECTION_WIDTH,NO,NO,NO,36,0,9,0.8,0,0,50,0.0,0,20,0,0,0,0,0.0,0,0,0.8,0,0,1,2003; 2020; 2021; 2024,1987; 1988; 1989; 1990; 1991; 2003; 2006; 2015 …(+10),245,701,,,,SAME_ENTITIES_DIFFERENT_KEY_NAMESPACE,-1,-1,-1,0.0,NO_SHARED_RECORD_KEY,NO_SHARED_RECORD_KEY,product_standard_is,is_number; standard_id; superseded_standard; superseding_standard,0,,10; 11; 12; 13; 14; 15; 16; 17; 18; 19; 2; 20; 21; 22; 23; 24; 25; 26; 27; 28; 29; 3; 30; 31; 32 …(+10),10; 11; 12; 13; 14; 15; 16; 17; 18; 19; 2; 20; 21; 22; 23; 24; 25; 26; 27; 28; 29; 3; 30; 31; 32 …(+15),,key_scope_exclusions_amendments; ministry_department; notification_no_date; product_standard_is; qco_name_identifier; scheme_status; source_document_link,current_status; degree_of_equivalence; document_url; is_number; official_url; part_section; product_category; publication_date; reaffirmation_review_date; revision; revision_date; standard_id; subcommittee; superseded_standard; superseding_standard …(+4),,IS 12269; IS 15844; IS 17043; IS 17632; IS 17633; IS 17634; IS 17635; IS 8112 …(+1),,
DC-0159,BIS_QCO_Summary.xlsx,QCO_Summary,F019,BIS_Standards_Intelligence_Master.xlsx,BIS_Standards_Intelligence,F030,03_QCO,08_PRODUCT_SPECIFIC,SINGLETON,35,45,7,23,0,7,23,0.0,SCHEMA_DISJOINT,0,0,0,0.0,0.0,0,LOW_PROJECTION_WIDTH,NO,NO,NO,36,0,8,0.8182,0,0,58,0.0,0,20,0,0,0,5,0.0,0,0,0.8182,0,0,2,2003; 2020; 2021; 2024,,245,1035,,,,SAME_ENTITIES_DIFFERENT_KEY_NAMESPACE,-1,-1,-1,0.0,NO_SHARED_RECORD_KEY,NO_SHARED_RECORD_KEY,product_standard_is,is_number,0,,10; 11; 12; 13; 14; 15; 16; 17; 18; 19; 2; 20; 21; 22; 23; 24; 25; 26; 27; 28; 29; 3; 30; 31; 32 …(+10),10; 11; 12; 13; 14; 15; 16; 17; 18; 19; 2; 20; 21; 22; 23; 24; 25; 26; 27; 28; 29; 3; 30; 31; 32 …(+20),,key_scope_exclusions_amendments; ministry_department; notification_no_date; product_standard_is; qco_name_identifier; scheme_status; source_document_link,application_procedure; conformity_assessment; eligibility; factory_requirements; fees; forms; infrastructure_requirements; inspection; is_number; laboratory_testing; licence_or_coc_grant; process_controls; product; quality_control; renewal …(+8),,IS 17632; IS 17633; IS 17634; IS 17635; IS/IEC 60947 (Part 2); IS/IEC 60947 (Part 3); IS/IEC 60947 (Part 4); IS/IEC 60947 (Part 5),,eeqco; electrical equipment quality control order; scheme i; scheme i bis isi mark certification; scheme x
DC-0160,BIS_QCO_Summary.xlsx,QCO_Summary,F019,BIS_Standards_Scheme_Mapping.xlsx,BIS_Standards_Scheme_Mapping,F031,03_QCO,08_PRODUCT_SPECIFIC,SINGLETON,35,36,7,23,0,7,23,0.0,SCHEMA_DISJOINT,0,0,0,0.0,0.0,0,LOW_PROJECTION_WIDTH,NO,NO,NO,21,15,14,0.42,0,0,0,0.0,0,20,0,0,0,3,0.0,0,0,0.42,0,0,2,2003; 2020; 2021; 2024,,245,828,,,,SAME_ENTITIES_DIFFERENT_KEY_NAMESPACE,-1,-1,-1,0.0,NO_SHARED_RECORD_KEY,NO_SHARED_RECORD_KEY,product_standard_is,is_number,0,,10; 11; 12; 13; 14; 15; 16; 17; 18; 19; 2; 20; 21; 22; 23; 24; 25; 26; 27; 28; 29; 3; 30; 31; 32 …(+10),10; 11; 12; 13; 14; 15; 16; 17; 18; 19; 2; 20; 21; 22; 23; 24; 25; 26; 27; 28; 29; 3; 30; 31; 32 …(+11),,key_scope_exclusions_amendments; ministry_department; notification_no_date; product_standard_is; qco_name_identifier; scheme_status; source_document_link,application_procedure; certification_scheme_to_store; conformity_assessment; eligibility; factory_requirements; fees; forms; group; infrastructure_requirements; inspection; is_number; laboratory_testing; licence_or_coc_grant; process_controls; quality_control …(+8),IS 1489 (Part 1); IS 1489 (Part 2); IS 15844 (Part 1); IS 15844 (Part 2); IS 15844 (Part 3); IS 17043 (Part 1); IS 17043 (Part 2); IS 2553 (Part 1) …(+7),IS 1489; IS 15844; IS 17043; IS 17632; IS 17633; IS 17634; IS 17635; IS 2553 …(+6),,applicable eeqco product specific process; scheme ii; scheme x
DC-0161,BIS_QCO_Summary.xlsx,QCO_Summary,F019,BIS_Testing_Parameters_Master.xlsx,BIS_Testing_Parameters,F032,03_QCO,10_TESTING,SINGLETON,35,45,7,18,0,7,18,0.0,SCHEMA_DISJOINT,0,0,0,0.0,0.0,0,LOW_PROJECTION_WIDTH,NO,NO,NO,36,0,8,0.8182,0,0,59,0.0,0,20,0,0,0,0,0.0,0,0,0.8182,0,0,0,2003; 2020; 2021; 2024,,245,787,,,,SAME_ENTITIES_DIFFERENT_KEY_NAMESPACE,-1,-1,-1,0.0,NO_SHARED_RECORD_KEY,NO_SHARED_RECORD_KEY,product_standard_is,is_number; test_method_standard,0,,10; 11; 12; 13; 14; 15; 16; 17; 18; 19; 2; 20; 21; 22; 23; 24; 25; 26; 27; 28; 29; 3; 30; 31; 32 …(+10),10; 11; 12; 13; 14; 15; 16; 17; 18; 19; 2; 20; 21; 22; 23; 24; 25; 26; 27; 28; 29; 3; 30; 31; 32 …(+20),,key_scope_exclusions_amendments; ministry_department; notification_no_date; product_standard_is; qco_name_identifier; scheme_status; source_document_link,acceptance_criteria; clause; is_number; laboratory_requirement; product; rejection_handling; remarks; required_equipment; sample_size; sampling_frequency; source_document; source_page; source_url; test_frequency; test_method …(+3),,IS 17632; IS 17633; IS 17634; IS 17635; IS/IEC 60947 (Part 2); IS/IEC 60947 (Part 3); IS/IEC 60947 (Part 4); IS/IEC 60947 (Part 5),,
DC-0162,BIS_Recognized_Laboratories.xlsx,BIS_Recognized_Labs,F020,bis_laboratories.csv,bis_laboratories,F035,14_LIMS_LABS,14_LIMS_LABS,SINGLETON,15,431,14,11,6,8,5,0.3158,SCHEMA_OVERLAP,0,15,431,0.0,0.1105,6,RELIABLE,NO,NO,NO,0,0,1093,0.0,0,0,0,0.0,0,0,0,0,0,0,0.0,26,0,0.025,0,4,20,,,210,4256,lab_name,lab_id; lab_name,SURROGATE_KEY_DEMOTED_ZERO_VALUE_OVERLAP: lab_id,KEY_LINKED,2,13,429,0.0045,"ace test labs & metrology pvt. ltd.; atharva laboratories pvt. ltd.; atmy analytical labs private limited (unit-2); bharat test house pvt. ltd.; bis, eastern regional laboratory (erl); bis, guwahati branch laboratory (gbl) …(+7)","(arohatech) logiclink; (deferred)cotton association of india, cotton testing and research laboratory, ahmedabad; (deferred)cotton association of india, cotton testing and research laboratory, bathinda; (deferred)cotton association of india, cotton testing and research laboratory, khargone; (deferred)wakefield inspection services india pvt. ltd, mumbai; aa electro magnetic laboratory pvt ltd, gurugram …(+423)",,tested_is_numbers,8,address; city; lab_id; state,10; 11; 12; 13; 14; 15; 16; 2; 3; 4; 5; 6; 7; 8; 9,10; 100; 101; 102; 103; 104; 105; 106; 107; 108; 109; 11; 110; 111; 112; 113; 114; 115; 116; 117; 118; 119; 12; 120; 121 …(+406),address; city; lab_id; lab_name; source_url; state,contact_number; contact_person; district; email; lab_code; recognition_status; scope_url; validity,accreditation_validity; contact_details; lab_type; pin; tested_is_numbers,,IS 10001; IS 1005; IS 1008; IS 1009; IS 1010; IS 1011; IS 10116; IS 10124 …(+1085),,
DC-0163,BIS_Recognized_Laboratories.xlsx,BIS_Recognized_Labs,F020,bis_topic17_hallmarking_centres.csv,bis_topic17_hallmarking_centres,F038,14_LIMS_LABS,20_HALLMARKING_CENTRES,SINGLETON,15,1658,14,14,7,7,7,0.3333,SCHEMA_OVERLAP,0,15,1658,0.0,0.1167,7,RELIABLE,NO,NO,NO,0,0,0,0.0,0,0,0,0.0,0,0,0,0,0,0,0.0,0,0,0.0,0,4,1,,,210,23212,,,,NO_KEY_AVAILABLE,-1,-1,-1,0.0,NO_SHARED_RECORD_KEY,NO_SHARED_RECORD_KEY,,,0,,10; 11; 12; 13; 14; 15; 16; 2; 3; 4; 5; 6; 7; 8; 9,10; 100; 1000; 1001; 1002; 1003; 1004; 1005; 1006; 1007; 1008; 1009; 101; 1010; 1011; 1012; 1013; 1014; 1015; 1016; 1017; 1018; 1019; 102; 1020 …(+1633),address; city; district; recognition_status; source_url; state; validity,contact_number; contact_person; email; lab_code; lab_id; lab_name; scope_url,centre_code; centre_id; centre_name; pin; recognition_status_raw; scope; services,,,,
DC-0164,BIS_Recognized_Laboratories.xlsx,BIS_Recognized_Labs,F020,bis_topic17_hallmarking_centres_cancelled_suspended.csv,bis_topic17_hallmarking_centres_cancelled_suspended,F039,14_LIMS_LABS,20_HALLMARKING_CENTRES,SINGLETON,15,722,14,17,7,7,10,0.2917,SCHEMA_OVERLAP,0,15,722,0.0,0.1021,7,RELIABLE,NO,NO,NO,0,0,0,0.0,0,0,0,0.0,0,0,0,0,0,0,0.0,0,0,0.0,0,4,1,,2021; 2022; 2023; 2024; 2025; 2026,210,11551,,,,NO_KEY_AVAILABLE,-1,-1,-1,0.0,NO_SHARED_RECORD_KEY,NO_SHARED_RECORD_KEY,,,0,,10; 11; 12; 13; 14; 15; 16; 2; 3; 4; 5; 6; 7; 8; 9,10; 100; 101; 102; 103; 104; 105; 106; 107; 108; 109; 11; 110; 111; 112; 113; 114; 115; 116; 117; 118; 119; 12; 120; 121 …(+697),address; city; district; recognition_status; source_url; state; validity,contact_number; contact_person; email; lab_code; lab_id; lab_name; scope_url,centre_code; centre_id; centre_name; centre_type; pin; recognition_status_raw; region; scope; services; suspended_cancelled_date,,,,
DC-0165,BIS_Scheme_IV_FMCS.xlsx,BIS_FMCS_Scheme_IV,F021,BIS_Scheme_X_Industrial.xlsx,BIS_Scheme_X,F022,22_FMCS,07_SCHEME_X,SINGLETON / CONTENTDUP-002,40,5,13,14,12,1,2,0.8,SCHEMA_SUBSTANTIALLY_IDENTICAL,0,40,5,0.0,0.28,12,RELIABLE,NO,NO,NO,0,40,2,0.0,0,53,34,0.0,0,3,10,0,5,7,0.0,0,0,0.0,0,1,1,,,520,70,product,is_number; product,"NO_SHARED_KEY_VALUES; candidates unique per file but disjoint (is_number; product) - identity must be re-derived in Phase 3 from entity columns, NOT from these surrogates",KEY_DISJOINT_NO_ENTITY_EVIDENCE,0,40,5,0.0,aluminium and aluminium alloy bare foil for food packaging; antiriot shoes; beds; bunk beds; composite cement; domestic pressure cookers …(+34),"ac circuit-breakers (category a & b); contactors and motor-starters (electromechanical & semiconductor); control circuit devices and proximity switches; pumps, compressors, furnaces, centrifuges, cranes, earthmoving/mining machinery, weaving/textile looms, machine tools, rubber/plastics machinery, gearboxes, rotary electrical machines, diesel generators, transformers, power semiconductor converters, and switchgear/controlgear (>1000v & <=1000v); switches, disconnectors, switch-disconnectors, and fuse-combination units",is_number,is_number,0,,10; 11; 12; 13; 14; 15; 16; 17; 18; 19; 2; 20; 21; 22; 23; 24; 25; 26; 27; 28; 29; 3; 30; 31; 32 …(+15),2; 3; 4; 5; 6,certification_type; is_number; mandatory_voluntary; product; related_product_manual; related_qco; related_sit; requirements; scheme_name; scheme_type; scope; source_url,scheme_id_code,scheme_code; scheme_id,IS 12330; IS 12600; IS 1489 (Part 1); IS 1489 (Part 2); IS 15298 (Part 2); IS 15392; IS 15644; IS 15844 (Part 1) …(+32),IS 16189; IS/IEC 60947,certificate of conformity; foreign manufacturers certification scheme fmcs; overseas manufacturers; product certification foreign; scheme iv,bis scheme x certification imports; compulsory certification; electrical product regulation; heavy industrial; sch x bis; scheme x …(+1)
DC-0166,BIS_Scheme_IV_FMCS.xlsx,BIS_FMCS_Scheme_IV,F021,BIS_Scheme_X_Industrial_v2.xlsx,BIS_Scheme_X,F023,22_FMCS,07_SCHEME_X,SINGLETON / CONTENTDUP-002,40,5,13,14,12,1,2,0.8,SCHEMA_SUBSTANTIALLY_IDENTICAL,0,40,5,0.0,0.28,12,RELIABLE,NO,NO,NO,0,40,2,0.0,0,53,34,0.0,0,3,10,0,5,7,0.0,0,0,0.0,0,1,1,,,520,70,product,is_number; product,"NO_SHARED_KEY_VALUES; candidates unique per file but disjoint (is_number; product) - identity must be re-derived in Phase 3 from entity columns, NOT from these surrogates",KEY_DISJOINT_NO_ENTITY_EVIDENCE,0,40,5,0.0,aluminium and aluminium alloy bare foil for food packaging; antiriot shoes; beds; bunk beds; composite cement; domestic pressure cookers …(+34),"ac circuit-breakers (category a & b); contactors and motor-starters (electromechanical & semiconductor); control circuit devices and proximity switches; pumps, compressors, furnaces, centrifuges, cranes, earthmoving/mining machinery, weaving/textile looms, machine tools, rubber/plastics machinery, gearboxes, rotary electrical machines, diesel generators, transformers, power semiconductor converters, and switchgear/controlgear (>1000v & <=1000v); switches, disconnectors, switch-disconnectors, and fuse-combination units",is_number,is_number,0,,10; 11; 12; 13; 14; 15; 16; 17; 18; 19; 2; 20; 21; 22; 23; 24; 25; 26; 27; 28; 29; 3; 30; 31; 32 …(+15),2; 3; 4; 5; 6,certification_type; is_number; mandatory_voluntary; product; related_product_manual; related_qco; related_sit; requirements; scheme_name; scheme_type; scope; source_url,scheme_id_code,scheme_code; scheme_id,IS 12330; IS 12600; IS 1489 (Part 1); IS 1489 (Part 2); IS 15298 (Part 2); IS 15392; IS 15644; IS 15844 (Part 1) …(+32),IS 16189; IS/IEC 60947,certificate of conformity; foreign manufacturers certification scheme fmcs; overseas manufacturers; product certification foreign; scheme iv,bis scheme x certification imports; compulsory certification; electrical product regulation; heavy industrial; sch x bis; scheme x …(+1)
DC-0167,BIS_Scheme_IV_FMCS.xlsx,BIS_FMCS_Scheme_IV,F021,BIS_Schemes_Master.xlsx,BIS_Schemes_Master,F024,22_FMCS,04_SCHEME_I,SINGLETON / NAMECAND-005,40,40,13,14,11,2,3,0.6875,SCHEMA_SUBSTANTIALLY_IDENTICAL,0,40,40,0.0,0.2406,11,RELIABLE,NO,NO,NO,0,40,0,0.0,34,19,40,0.3656,0,3,14,0,5,3,0.0,0,0,0.3656,0,1,0,,,520,560,product,product,,KEY_LINKED,20,20,20,0.3333,domestic pressure cookers; flashlight: specification; general purpose chairs and stools; ordinary portland cement; personal protective equipment: safety footwear; portland pozzolana cement (calcined clay based) …(+14),"chairs and stools (general purpose); domestic pressure cooker; flashlights / portable lighting devices; general safety requirements for household and similar electrical appliances; ordinary portland cement (33, 43, 53 grades); personal protective equipment – safety footwear …(+14)",is_number,,200,certification_type; mandatory_voluntary; related_product_manual; related_qco; related_sit; requirements; scheme_name; scheme_type; scope; source_url,10; 11; 12; 13; 14; 15; 16; 17; 18; 19; 2; 20; 21; 22; 23; 24; 25; 26; 27; 28; 29; 3; 30; 31; 32 …(+15),10; 11; 12; 13; 14; 15; 16; 17; 18; 19; 2; 20; 21; 22; 23; 24; 25; 26; 27; 28; 29; 3; 30; 31; 32 …(+15),certification_type; mandatory_voluntary; product; related_product_manual; related_qco; related_sit; requirements; scheme_name; scheme_type; scope; source_url,is_number; scheme_id_code,is; scheme_code; scheme_id,IS 12330; IS 12600; IS 1489 (Part 1); IS 1489 (Part 2); IS 15298 (Part 2); IS 15392; IS 15644; IS 15844 (Part 1) …(+32),,certificate of conformity; foreign manufacturers certification scheme fmcs; overseas manufacturers; product certification foreign; scheme iv,product certification; sch i; scheme i isi mark scheme
DC-0168,BIS_Scheme_IV_FMCS.xlsx,BIS_FMCS_Scheme_IV,F021,BIS_Schemes_Master_Scheme_2.xlsx,BIS_Schemes_Master_Scheme_2,F025,22_FMCS,05_SCHEME_II_CRS,SINGLETON / NAMECAND-005,40,40,13,14,11,2,3,0.6875,SCHEMA_SUBSTANTIALLY_IDENTICAL,0,40,40,0.0,0.2406,11,RELIABLE,NO,NO,NO,0,40,0,0.0,34,19,40,0.3656,0,3,14,0,5,4,0.0,0,0,0.3656,0,1,0,,,520,560,product,product,,KEY_LINKED,20,20,20,0.3333,domestic pressure cookers; flashlight: specification; general purpose chairs and stools; ordinary portland cement; personal protective equipment: safety footwear; portland pozzolana cement (calcined clay based) …(+14),"chairs and stools (general purpose); domestic pressure cooker; flashlights / portable lighting devices; general safety requirements for household and similar electrical appliances; ordinary portland cement (33, 43, 53 grades); personal protective equipment – safety footwear …(+14)",is_number,,200,certification_type; mandatory_voluntary; related_product_manual; related_qco; related_sit; requirements; scheme_name; scheme_type; scope; source_url,10; 11; 12; 13; 14; 15; 16; 17; 18; 19; 2; 20; 21; 22; 23; 24; 25; 26; 27; 28; 29; 3; 30; 31; 32 …(+15),10; 11; 12; 13; 14; 15; 16; 17; 18; 19; 2; 20; 21; 22; 23; 24; 25; 26; 27; 28; 29; 3; 30; 31; 32 …(+15),certification_type; mandatory_voluntary; product; related_product_manual; related_qco; related_sit; requirements; scheme_name; scheme_type; scope; source_url,is_number; scheme_id_code,is; scheme_code; scheme_id,IS 12330; IS 12600; IS 1489 (Part 1); IS 1489 (Part 2); IS 15298 (Part 2); IS 15392; IS 15644; IS 15844 (Part 1) …(+32),,certificate of conformity; foreign manufacturers certification scheme fmcs; overseas manufacturers; product certification foreign; scheme iv,product certification; registration; sch ii; scheme ii conformity assessment
DC-0169,BIS_Scheme_IV_FMCS.xlsx,BIS_FMCS_Scheme_IV,F021,BIS_Standards_Details_v2 (1).xlsx,BIS Standards,F027,22_FMCS,01_KNOW_YOUR_STANDARD,SINGLETON / EXACTDUP-001,40,40,13,19,1,12,18,0.0323,SCHEMA_WEAK_OVERLAP,38,2,2,0.9048,0.0113,1,LOW_PROJECTION_WIDTH,NO,NO,NO,40,0,5,0.8889,1,52,49,0.0098,0,3,0,0,5,0,0.0,0,0,0.8889,0,1,1,,1987; 1988; 1989; 1990; 1991; 2003; 2006; 2015 …(+10),520,701,is_number,is_number,,KEY_LINKED,38,2,2,0.9048,is 12330:1998; is 9873 (part 1):2012 / 2018,is 12330:1988; is 9873 (part 1):2018,is_number,is_number; standard_id; superseded_standard; superseding_standard,0,,19; 9,19; 9,is_number,certification_type; mandatory_voluntary; product; related_product_manual; related_qco; related_sit; requirements; scheme_id_code; scheme_name; scheme_type; scope; source_url,current_status; degree_of_equivalence; document_url; official_url; part_section; product_category; publication_date; reaffirmation_review_date; revision; revision_date; standard_id; subcommittee; superseded_standard; superseding_standard; technical_committee …(+3),,IS 12269; IS 15844; IS 17043; IS 8112; IS 9573,certificate of conformity; foreign manufacturers certification scheme fmcs; overseas manufacturers; product certification foreign; scheme iv,
DC-0170,BIS_Scheme_IV_FMCS.xlsx,BIS_FMCS_Scheme_IV,F021,BIS_Standards_Details_v2.xlsx,BIS Standards,F028,22_FMCS,01_KNOW_YOUR_STANDARD,SINGLETON / EXACTDUP-001,40,40,13,19,1,12,18,0.0323,SCHEMA_WEAK_OVERLAP,38,2,2,0.9048,0.0113,1,LOW_PROJECTION_WIDTH,NO,NO,NO,40,0,5,0.8889,1,52,49,0.0098,0,3,0,0,5,0,0.0,0,0,0.8889,0,1,1,,1987; 1988; 1989; 1990; 1991; 2003; 2006; 2015 …(+10),520,701,is_number,is_number,,KEY_LINKED,38,2,2,0.9048,is 12330:1998; is 9873 (part 1):2012 / 2018,is 12330:1988; is 9873 (part 1):2018,is_number,is_number; standard_id; superseded_standard; superseding_standard,0,,19; 9,19; 9,is_number,certification_type; mandatory_voluntary; product; related_product_manual; related_qco; related_sit; requirements; scheme_id_code; scheme_name; scheme_type; scope; source_url,current_status; degree_of_equivalence; document_url; official_url; part_section; product_category; publication_date; reaffirmation_review_date; revision; revision_date; standard_id; subcommittee; superseded_standard; superseding_standard; technical_committee …(+3),,IS 12269; IS 15844; IS 17043; IS 8112; IS 9573,certificate of conformity; foreign manufacturers certification scheme fmcs; overseas manufacturers; product certification foreign; scheme iv,
DC-0171,BIS_Scheme_IV_FMCS.xlsx,BIS_FMCS_Scheme_IV,F021,BIS_Standards_Details_v3.xlsx,BIS Standards,F029,22_FMCS,01_KNOW_YOUR_STANDARD,SINGLETON,40,40,13,19,1,12,18,0.0323,SCHEMA_WEAK_OVERLAP,38,2,2,0.9048,0.0113,1,LOW_PROJECTION_WIDTH,NO,NO,NO,40,0,5,0.8889,1,52,49,0.0098,0,3,0,0,5,0,0.0,0,0,0.8889,0,1,1,,1987; 1988; 1989; 1990; 1991; 2003; 2006; 2015 …(+10),520,701,is_number,is_number,,KEY_LINKED,38,2,2,0.9048,is 12330:1998; is 9873 (part 1):2012 / 2018,is 12330:1988; is 9873 (part 1):2018,is_number,is_number; standard_id; superseded_standard; superseding_standard,0,,19; 9,19; 9,is_number,certification_type; mandatory_voluntary; product; related_product_manual; related_qco; related_sit; requirements; scheme_id_code; scheme_name; scheme_type; scope; source_url,current_status; degree_of_equivalence; document_url; official_url; part_section; product_category; publication_date; reaffirmation_review_date; revision; revision_date; standard_id; subcommittee; superseded_standard; superseding_standard; technical_committee …(+3),,IS 12269; IS 15844; IS 17043; IS 8112; IS 9573,certificate of conformity; foreign manufacturers certification scheme fmcs; overseas manufacturers; product certification foreign; scheme iv,
DC-0172,BIS_Scheme_IV_FMCS.xlsx,BIS_FMCS_Scheme_IV,F021,BIS_Standards_Intelligence_Master.xlsx,BIS_Standards_Intelligence,F030,22_FMCS,08_PRODUCT_SPECIFIC,SINGLETON,40,45,13,23,3,10,20,0.0909,SCHEMA_WEAK_OVERLAP,0,40,45,0.0,0.0318,3,LOW_PROJECTION_WIDTH,NO,NO,NO,40,0,4,0.9091,36,17,22,0.48,0,3,0,0,5,5,0.0,0,0,0.9091,0,1,2,,,520,1035,is_number,is_number; product,,KEY_LINKED,39,1,6,0.8478,is 9873 (part 1):2012 / 2018,is 9873 (part 1):2012; is/iec 60947 (part 2):2016; is/iec 60947 (part 3):2012; is/iec 60947 (part 4-1); is/iec 60947 (part 5-1); is/iec 60947 (part 5-5),is_number,is_number,58,product; source_url,10; 11; 12; 13; 14; 15; 16; 17; 18; 19; 2; 20; 21; 22; 23; 24; 25; 26; 27; 28; 29; 3; 30; 31; 32 …(+15),10; 11; 12; 13; 14; 15; 16; 17; 18; 19; 2; 20; 21; 22; 23; 24; 25; 26; 27; 28; 29; 3; 30; 31; 32 …(+20),is_number; product; source_url,certification_type; mandatory_voluntary; related_product_manual; related_qco; related_sit; requirements; scheme_id_code; scheme_name; scheme_type; scope,application_procedure; conformity_assessment; eligibility; factory_requirements; fees; forms; infrastructure_requirements; inspection; laboratory_testing; licence_or_coc_grant; process_controls; quality_control; renewal; required_documents; retesting …(+5),,IS/IEC 60947 (Part 2); IS/IEC 60947 (Part 3); IS/IEC 60947 (Part 4); IS/IEC 60947 (Part 5),certificate of conformity; foreign manufacturers certification scheme fmcs; overseas manufacturers; product certification foreign; scheme iv,eeqco; electrical equipment quality control order; scheme i; scheme i bis isi mark certification; scheme x
DC-0173,BIS_Scheme_IV_FMCS.xlsx,BIS_FMCS_Scheme_IV,F021,BIS_Standards_Scheme_Mapping.xlsx,BIS_Standards_Scheme_Mapping,F031,22_FMCS,08_PRODUCT_SPECIFIC,SINGLETON,40,36,13,23,2,11,21,0.0588,SCHEMA_WEAK_OVERLAP,0,40,36,0.0,0.0206,2,LOW_PROJECTION_WIDTH,NO,NO,NO,25,15,10,0.5,0,53,0,0.0,0,3,0,0,5,3,0.0,0,0,0.5,0,1,2,,,520,828,is_number,is_number,,KEY_LINKED,22,18,14,0.4074,is 12330:1998; is 1489 (part 1):2015; is 1489 (part 2):2015; is 15298 (part 2):2016; is 15844 (part 1):2023; is 15844 (part 2):2023 …(+12),is 12330 / cement standards; is 1489 parts 1 & 2; is 15298 part 2:2016; is 15844 parts 1–3; is 17043 parts 1–2; is 2553 parts 1 & 2 …(+8),is_number,is_number,22,source_url,10; 11; 12; 13; 14; 15; 16; 17; 18; 19; 2; 20; 21; 22; 23; 24; 25; 26; 27; 28; 29; 3; 30; 31; 32 …(+15),10; 11; 12; 13; 14; 15; 16; 17; 18; 19; 2; 20; 21; 22; 23; 24; 25; 26; 27; 28; 29; 3; 30; 31; 32 …(+11),is_number; source_url,certification_type; mandatory_voluntary; product; related_product_manual; related_qco; related_sit; requirements; scheme_id_code; scheme_name; scheme_type; scope,application_procedure; certification_scheme_to_store; conformity_assessment; eligibility; factory_requirements; fees; forms; group; infrastructure_requirements; inspection; laboratory_testing; licence_or_coc_grant; process_controls; quality_control; renewal …(+6),IS 1489 (Part 1); IS 1489 (Part 2); IS 15844 (Part 1); IS 15844 (Part 2); IS 15844 (Part 3); IS 17043 (Part 1); IS 17043 (Part 2); IS 2553 (Part 1) …(+7),IS 1489; IS 15844; IS 17043; IS 2553; IS 9573; IS 9873; IS/IEC 60947 (Part 2); IS/IEC 60947 (Part 3) …(+2),certificate of conformity; foreign manufacturers certification scheme fmcs; overseas manufacturers; product certification foreign; scheme iv,applicable eeqco product specific process; scheme ii; scheme x
DC-0174,BIS_Scheme_IV_FMCS.xlsx,BIS_FMCS_Scheme_IV,F021,BIS_Testing_Parameters_Master.xlsx,BIS_Testing_Parameters,F032,22_FMCS,10_TESTING,SINGLETON,40,45,13,18,3,10,15,0.1071,SCHEMA_WEAK_OVERLAP,0,40,45,0.0,0.0375,3,LOW_PROJECTION_WIDTH,NO,NO,NO,40,0,4,0.9091,36,17,23,0.4737,0,3,0,0,5,0,0.0,0,0,0.9091,0,1,0,,,520,787,is_number,is_number; product,,KEY_LINKED,38,2,7,0.8085,is 12330:1998; is 9873 (part 1):2012 / 2018,is 12330:1998*; is 9873 (part 1):2012*; is/iec 60947 (part 2):2016; is/iec 60947 (part 3):2012*; is/iec 60947 (part 4-1); is/iec 60947 (part 5-1) …(+1),is_number,is_number; test_method_standard,35,product; source_url,10; 11; 12; 13; 14; 15; 16; 17; 18; 19; 2; 20; 21; 22; 23; 24; 25; 26; 27; 28; 29; 3; 30; 31; 32 …(+15),10; 11; 12; 13; 14; 15; 16; 17; 18; 19; 2; 20; 21; 22; 23; 24; 25; 26; 27; 28; 29; 3; 30; 31; 32 …(+20),is_number; product; source_url,certification_type; mandatory_voluntary; related_product_manual; related_qco; related_sit; requirements; scheme_id_code; scheme_name; scheme_type; scope,acceptance_criteria; clause; laboratory_requirement; rejection_handling; remarks; required_equipment; sample_size; sampling_frequency; source_document; source_page; test_frequency; test_method; test_method_standard; test_name; test_parameter,,IS/IEC 60947 (Part 2); IS/IEC 60947 (Part 3); IS/IEC 60947 (Part 4); IS/IEC 60947 (Part 5),certificate of conformity; foreign manufacturers certification scheme fmcs; overseas manufacturers; product certification foreign; scheme iv,
DC-0175,BIS_Scheme_IV_FMCS.xlsx,BIS_FMCS_Scheme_IV,F021,data__raw__fmcs_all_fmcs_list_raw.csv,data__raw__fmcs_all_fmcs_list_raw,F040,22_FMCS,22_FMCS,SINGLETON,40,3135,13,9,1,12,8,0.0476,SCHEMA_WEAK_OVERLAP,0,40,3135,0.0,0.0167,1,LOW_PROJECTION_WIDTH,NO,NO,NO,19,21,322,0.0525,0,53,0,0.0,0,3,0,0,5,0,0.0,0,0,0.0525,0,1,1,,2026,520,28215,,,,NO_KEY_AVAILABLE,-1,-1,-1,0.0,NO_SHARED_RECORD_KEY,NO_SHARED_RECORD_KEY,is_number,standard_no_raw,0,,10; 11; 12; 13; 14; 15; 16; 17; 18; 19; 2; 20; 21; 22; 23; 24; 25; 26; 27; 28; 29; 3; 30; 31; 32 …(+15),10; 100; 1000; 1001; 1002; 1003; 1004; 1005; 1006; 1007; 1008; 1009; 101; 1010; 1011; 1012; 1013; 1014; 1015; 1016; 1017; 1018; 1019; 102; 1020 …(+3110),source_url,certification_type; is_number; mandatory_voluntary; product; related_product_manual; related_qco; related_sit; requirements; scheme_id_code; scheme_name; scheme_type; scope,cml_no_raw; name_address_raw; retrieved_at; s_no; standard_no_raw; status_raw; validity_date_raw; variety_brand_raw,IS 12330; IS 12600; IS 1489 (Part 1); IS 1489 (Part 2); IS 15298 (Part 2); IS 17012; IS 17037; IS 17043 (Part 1) …(+13),IS 10116; IS 10151; IS 10325; IS 10613; IS 10617; IS 10702; IS 10748; IS 10773 …(+314),certificate of conformity; foreign manufacturers certification scheme fmcs; overseas manufacturers; product certification foreign; scheme iv,
DC-0176,BIS_Scheme_IV_FMCS.xlsx,BIS_FMCS_Scheme_IV,F021,output__fmcs_country_coverage.csv,output__fmcs_country_coverage,F042,22_FMCS,22_FMCS,SINGLETON,40,74,13,3,0,13,3,0.0,SCHEMA_DISJOINT,0,0,0,0.0,0.0,0,LOW_PROJECTION_WIDTH,NO,NO,NO,0,40,0,0.0,0,53,0,0.0,0,3,0,0,5,0,0.0,0,0,0.0,0,1,0,,,520,222,,,,NO_KEY_AVAILABLE,-1,-1,-1,0.0,NO_SHARED_RECORD_KEY,NO_SHARED_RECORD_KEY,is_number,,0,,10; 11; 12; 13; 14; 15; 16; 17; 18; 19; 2; 20; 21; 22; 23; 24; 25; 26; 27; 28; 29; 3; 30; 31; 32 …(+15),10; 11; 12; 13; 14; 15; 16; 17; 18; 19; 2; 20; 21; 22; 23; 24; 25; 26; 27; 28; 29; 3; 30; 31; 32 …(+49),,certification_type; is_number; mandatory_voluntary; product; related_product_manual; related_qco; related_sit; requirements; scheme_id_code; scheme_name; scheme_type; scope; source_url,country; licence_count; manufacturer_count,IS 12330; IS 12600; IS 1489 (Part 1); IS 1489 (Part 2); IS 15298 (Part 2); IS 15392; IS 15644; IS 15844 (Part 1) …(+32),,certificate of conformity; foreign manufacturers certification scheme fmcs; overseas manufacturers; product certification foreign; scheme iv,
DC-0177,BIS_Scheme_IV_FMCS.xlsx,BIS_FMCS_Scheme_IV,F021,output__fmcs_is_coverage.csv,output__fmcs_is_coverage,F043,22_FMCS,22_FMCS,SINGLETON,40,423,13,3,1,12,2,0.0667,SCHEMA_WEAK_OVERLAP,3,37,420,0.0065,0.0233,1,LOW_PROJECTION_WIDTH,NO,NO,NO,19,21,322,0.0525,0,53,0,0.0,0,3,0,0,5,0,0.0,0,0,0.0525,0,1,0,,,520,1269,is_number,is_number,,KEY_LINKED,3,37,420,0.0065,is 12330:1998; is 12600:1989; is 1489 (part 1):2015; is 1489 (part 2):2015; is 15298 (part 2):2016; is 15392:2003 …(+31),is 10116 : 2015; is 10151 : 1982; is 10325 : 2000; is 10613 : 2014; is 10613 : 2023; is 10617 : 2018 …(+414),is_number,is_number,0,,10; 11; 12; 13; 14; 15; 16; 17; 18; 19; 2; 20; 21; 22; 23; 24; 25; 26; 27; 28; 29; 3; 31; 32; 33 …(+12),10; 100; 101; 102; 103; 104; 105; 106; 107; 108; 109; 11; 110; 111; 112; 113; 114; 115; 116; 117; 118; 119; 12; 120; 121 …(+395),is_number,certification_type; mandatory_voluntary; product; related_product_manual; related_qco; related_sit; requirements; scheme_id_code; scheme_name; scheme_type; scope; source_url,licence_count; manufacturer_count,IS 12330; IS 12600; IS 1489 (Part 1); IS 1489 (Part 2); IS 15298 (Part 2); IS 17012; IS 17037; IS 17043 (Part 1) …(+13),IS 10116; IS 10151; IS 10325; IS 10613; IS 10617; IS 10702; IS 10748; IS 10773 …(+314),certificate of conformity; foreign manufacturers certification scheme fmcs; overseas manufacturers; product certification foreign; scheme iv,
DC-0178,BIS_Scheme_IV_FMCS.xlsx,BIS_FMCS_Scheme_IV,F021,output__topic18_fmcs_manufacturers.csv,output__topic18_fmcs_manufacturers,F045,22_FMCS,22_FMCS,SINGLETON,40,3135,13,17,3,10,14,0.1111,SCHEMA_WEAK_OVERLAP,0,40,3135,0.0,0.0389,3,LOW_PROJECTION_WIDTH,NO,NO,NO,19,21,322,0.0525,11,42,3882,0.0028,0,3,0,0,5,0,0.0,0,0,0.0525,0,1,1,,,520,53187,,,,NO_KEY_AVAILABLE,-1,-1,-1,0.0,NO_SHARED_RECORD_KEY,NO_SHARED_RECORD_KEY,is_number,is_number,0,,10; 11; 12; 13; 14; 15; 16; 17; 18; 19; 2; 20; 21; 22; 23; 24; 25; 26; 27; 28; 29; 3; 30; 31; 32 …(+15),10; 100; 1000; 1001; 1002; 1003; 1004; 1005; 1006; 1007; 1008; 1009; 101; 1010; 1011; 1012; 1013; 1014; 1015; 1016; 1017; 1018; 1019; 102; 1020 …(+3110),is_number; product; source_url,certification_type; mandatory_voluntary; related_product_manual; related_qco; related_sit; requirements; scheme_id_code; scheme_name; scheme_type; scope,air; application_requirements; competent_personnel; country; documents; eligibility; factory; fees; licence; licence_status; machinery_requirements; manufacturer; manufacturer_id; testing_facilities,IS 12330; IS 12600; IS 1489 (Part 1); IS 1489 (Part 2); IS 15298 (Part 2); IS 17012; IS 17037; IS 17043 (Part 1) …(+13),IS 10116; IS 10151; IS 10325; IS 10613; IS 10617; IS 10702; IS 10748; IS 10773 …(+314),certificate of conformity; foreign manufacturers certification scheme fmcs; overseas manufacturers; product certification foreign; scheme iv,
DC-0179,BIS_Scheme_IV_FMCS.xlsx,BIS_FMCS_Scheme_IV,F021,output__topic19_official_documents.csv,output__topic19_official_documents,F046,22_FMCS,22_FMCS,SINGLETON,40,22,13,17,3,10,14,0.1111,SCHEMA_WEAK_OVERLAP,0,40,22,0.0,0.0389,3,LOW_PROJECTION_WIDTH,NO,NO,NO,0,40,0,0.0,0,53,0,0.0,0,3,0,0,5,2,0.0,0,0,0.0,0,1,29,,,520,214,,,,NO_KEY_AVAILABLE,-1,-1,-1,0.0,NO_SHARED_RECORD_KEY,NO_SHARED_RECORD_KEY,is_number,is_number,0,,10; 11; 12; 13; 14; 15; 16; 17; 18; 19; 2; 20; 21; 22; 23; 24; 25; 26; 27; 28; 29; 3; 30; 31; 32 …(+15),10; 11; 12; 13; 14; 15; 16; 17; 18; 19; 2; 20; 21; 22; 23; 3; 4; 5; 6; 7; 8; 9,is_number; product; source_url,certification_type; mandatory_voluntary; related_product_manual; related_qco; related_sit; requirements; scheme_id_code; scheme_name; scheme_type; scope,access_status; date; document_id; document_title; document_type; download_url; effective_date; license_access_restriction; local_file; page_count; qco; scheme; sha256; version,IS 12330; IS 12600; IS 1489 (Part 1); IS 1489 (Part 2); IS 15298 (Part 2); IS 15392; IS 15644; IS 15844 (Part 1) …(+32),,certificate of conformity; foreign manufacturers certification scheme fmcs; overseas manufacturers; product certification foreign; scheme iv,2018; fmcs scheme i bis conformity assessment regulations
DC-0180,BIS_Scheme_X_Industrial.xlsx,BIS_Scheme_X,F022,BIS_Scheme_X_Industrial_v2.xlsx,BIS_Scheme_X,F023,07_SCHEME_X,07_SCHEME_X,CONTENTDUP-002,5,5,14,14,14,0,0,1.0,SCHEMA_IDENTICAL,5,0,0,1.0,1.0,14,RELIABLE,NO,YES,YES,2,0,0,1.0,34,0,0,1.0,10,0,0,7,0,0,1.0,0,0,1.0,1,0,0,,,70,70,product,is_number; product; related_product_manual; related_sit; requirements; scope,,KEY_LINKED,5,0,0,1.0,,,is_number,is_number,0,,,,certification_type; is_number; mandatory_voluntary; product; related_product_manual; related_qco; related_sit; requirements; scheme_code; scheme_id; scheme_name; scheme_type; scope; source_url,,,,,,
DC-0181,BIS_Scheme_X_Industrial.xlsx,BIS_Scheme_X,F022,BIS_Schemes_Master.xlsx,BIS_Schemes_Master,F024,07_SCHEME_X,04_SCHEME_I,CONTENTDUP-002 / NAMECAND-005,5,40,14,14,13,1,1,0.8667,SCHEMA_SUBSTANTIALLY_IDENTICAL,0,5,40,0.0,0.3033,13,RELIABLE,NO,NO,NO,0,2,0,0.0,0,34,74,0.0,0,10,14,0,7,3,0.0,0,0,0.0,0,1,0,,,70,560,product,product; requirements; scope,"NO_SHARED_KEY_VALUES; candidates unique per file but disjoint (product; requirements; scope) - identity must be re-derived in Phase 3 from entity columns, NOT from these surrogates",KEY_DISJOINT_NO_ENTITY_EVIDENCE,0,5,40,0.0,"ac circuit-breakers (category a & b); contactors and motor-starters (electromechanical & semiconductor); control circuit devices and proximity switches; pumps, compressors, furnaces, centrifuges, cranes, earthmoving/mining machinery, weaving/textile looms, machine tools, rubber/plastics machinery, gearboxes, rotary electrical machines, diesel generators, transformers, power semiconductor converters, and switchgear/controlgear (>1000v & <=1000v); switches, disconnectors, switch-disconnectors, and fuse-combination units",aluminium and aluminium alloy bare foil for food packaging; antiriot shoes; beds; bunk beds; chairs and stools (general purpose); composite cement …(+34),is_number,,0,,2; 3; 4; 5; 6,10; 11; 12; 13; 14; 15; 16; 17; 18; 19; 2; 20; 21; 22; 23; 24; 25; 26; 27; 28; 29; 3; 30; 31; 32 …(+15),certification_type; mandatory_voluntary; product; related_product_manual; related_qco; related_sit; requirements; scheme_code; scheme_id; scheme_name; scheme_type; scope; source_url,is_number,is,IS 16189; IS/IEC 60947,,bis scheme x certification imports; compulsory certification; electrical product regulation; heavy industrial; sch x bis; scheme x …(+1),product certification; sch i; scheme i isi mark scheme
DC-0182,BIS_Scheme_X_Industrial.xlsx,BIS_Scheme_X,F022,BIS_Schemes_Master_Scheme_2.xlsx,BIS_Schemes_Master_Scheme_2,F025,07_SCHEME_X,05_SCHEME_II_CRS,CONTENTDUP-002 / NAMECAND-005,5,40,14,14,13,1,1,0.8667,SCHEMA_SUBSTANTIALLY_IDENTICAL,0,5,40,0.0,0.3033,13,RELIABLE,NO,NO,NO,0,2,0,0.0,0,34,74,0.0,0,10,14,0,7,4,0.0,0,0,0.0,0,1,0,,,70,560,product,product; requirements; scope,"NO_SHARED_KEY_VALUES; candidates unique per file but disjoint (product; requirements; scope) - identity must be re-derived in Phase 3 from entity columns, NOT from these surrogates",KEY_DISJOINT_NO_ENTITY_EVIDENCE,0,5,40,0.0,"ac circuit-breakers (category a & b); contactors and motor-starters (electromechanical & semiconductor); control circuit devices and proximity switches; pumps, compressors, furnaces, centrifuges, cranes, earthmoving/mining machinery, weaving/textile looms, machine tools, rubber/plastics machinery, gearboxes, rotary electrical machines, diesel generators, transformers, power semiconductor converters, and switchgear/controlgear (>1000v & <=1000v); switches, disconnectors, switch-disconnectors, and fuse-combination units",aluminium and aluminium alloy bare foil for food packaging; antiriot shoes; beds; bunk beds; chairs and stools (general purpose); composite cement …(+34),is_number,,0,,2; 3; 4; 5; 6,10; 11; 12; 13; 14; 15; 16; 17; 18; 19; 2; 20; 21; 22; 23; 24; 25; 26; 27; 28; 29; 3; 30; 31; 32 …(+15),certification_type; mandatory_voluntary; product; related_product_manual; related_qco; related_sit; requirements; scheme_code; scheme_id; scheme_name; scheme_type; scope; source_url,is_number,is,IS 16189; IS/IEC 60947,,bis scheme x certification imports; compulsory certification; electrical product regulation; heavy industrial; sch x bis; scheme x …(+1),product certification; registration; sch ii; scheme ii conformity assessment
DC-0183,BIS_Scheme_X_Industrial_v2.xlsx,BIS_Scheme_X,F023,BIS_Schemes_Master.xlsx,BIS_Schemes_Master,F024,07_SCHEME_X,04_SCHEME_I,CONTENTDUP-002 / NAMECAND-005,5,40,14,14,13,1,1,0.8667,SCHEMA_SUBSTANTIALLY_IDENTICAL,0,5,40,0.0,0.3033,13,RELIABLE,NO,NO,NO,0,2,0,0.0,0,34,74,0.0,0,10,14,0,7,3,0.0,0,0,0.0,0,1,0,,,70,560,product,product; requirements; scope,"NO_SHARED_KEY_VALUES; candidates unique per file but disjoint (product; requirements; scope) - identity must be re-derived in Phase 3 from entity columns, NOT from these surrogates",KEY_DISJOINT_NO_ENTITY_EVIDENCE,0,5,40,0.0,"ac circuit-breakers (category a & b); contactors and motor-starters (electromechanical & semiconductor); control circuit devices and proximity switches; pumps, compressors, furnaces, centrifuges, cranes, earthmoving/mining machinery, weaving/textile looms, machine tools, rubber/plastics machinery, gearboxes, rotary electrical machines, diesel generators, transformers, power semiconductor converters, and switchgear/controlgear (>1000v & <=1000v); switches, disconnectors, switch-disconnectors, and fuse-combination units",aluminium and aluminium alloy bare foil for food packaging; antiriot shoes; beds; bunk beds; chairs and stools (general purpose); composite cement …(+34),is_number,,0,,2; 3; 4; 5; 6,10; 11; 12; 13; 14; 15; 16; 17; 18; 19; 2; 20; 21; 22; 23; 24; 25; 26; 27; 28; 29; 3; 30; 31; 32 …(+15),certification_type; mandatory_voluntary; product; related_product_manual; related_qco; related_sit; requirements; scheme_code; scheme_id; scheme_name; scheme_type; scope; source_url,is_number,is,IS 16189; IS/IEC 60947,,bis scheme x certification imports; compulsory certification; electrical product regulation; heavy industrial; sch x bis; scheme x …(+1),product certification; sch i; scheme i isi mark scheme
DC-0184,BIS_Scheme_X_Industrial_v2.xlsx,BIS_Scheme_X,F023,BIS_Schemes_Master_Scheme_2.xlsx,BIS_Schemes_Master_Scheme_2,F025,07_SCHEME_X,05_SCHEME_II_CRS,CONTENTDUP-002 / NAMECAND-005,5,40,14,14,13,1,1,0.8667,SCHEMA_SUBSTANTIALLY_IDENTICAL,0,5,40,0.0,0.3033,13,RELIABLE,NO,NO,NO,0,2,0,0.0,0,34,74,0.0,0,10,14,0,7,4,0.0,0,0,0.0,0,1,0,,,70,560,product,product; requirements; scope,"NO_SHARED_KEY_VALUES; candidates unique per file but disjoint (product; requirements; scope) - identity must be re-derived in Phase 3 from entity columns, NOT from these surrogates",KEY_DISJOINT_NO_ENTITY_EVIDENCE,0,5,40,0.0,"ac circuit-breakers (category a & b); contactors and motor-starters (electromechanical & semiconductor); control circuit devices and proximity switches; pumps, compressors, furnaces, centrifuges, cranes, earthmoving/mining machinery, weaving/textile looms, machine tools, rubber/plastics machinery, gearboxes, rotary electrical machines, diesel generators, transformers, power semiconductor converters, and switchgear/controlgear (>1000v & <=1000v); switches, disconnectors, switch-disconnectors, and fuse-combination units",aluminium and aluminium alloy bare foil for food packaging; antiriot shoes; beds; bunk beds; chairs and stools (general purpose); composite cement …(+34),is_number,,0,,2; 3; 4; 5; 6,10; 11; 12; 13; 14; 15; 16; 17; 18; 19; 2; 20; 21; 22; 23; 24; 25; 26; 27; 28; 29; 3; 30; 31; 32 …(+15),certification_type; mandatory_voluntary; product; related_product_manual; related_qco; related_sit; requirements; scheme_code; scheme_id; scheme_name; scheme_type; scope; source_url,is_number,is,IS 16189; IS/IEC 60947,,bis scheme x certification imports; compulsory certification; electrical product regulation; heavy industrial; sch x bis; scheme x …(+1),product certification; registration; sch ii; scheme ii conformity assessment
DC-0185,BIS_Schemes_Master.xlsx,BIS_Schemes_Master,F024,BIS_Schemes_Master_Scheme_2.xlsx,BIS_Schemes_Master_Scheme_2,F025,04_SCHEME_I,05_SCHEME_II_CRS,NAMECAND-005,40,40,14,14,14,0,0,1.0,SCHEMA_IDENTICAL,0,40,40,0.0,0.35,14,RELIABLE,NO,NO,NO,0,0,0,0.0,74,0,0,1.0,14,0,0,1,2,3,0.1667,0,0,1.0,0,0,0,,,560,560,product,is; product; requirements; scope,,KEY_LINKED,40,0,0,1.0,,,,,160,scheme_code; scheme_id; scheme_name; source_url,10; 11; 12; 13; 14; 15; 16; 17; 18; 19; 2; 20; 21; 22; 23; 24; 25; 26; 27; 28; 29; 3; 30; 31; 32 …(+15),10; 11; 12; 13; 14; 15; 16; 17; 18; 19; 2; 20; 21; 22; 23; 24; 25; 26; 27; 28; 29; 3; 30; 31; 32 …(+15),certification_type; is; mandatory_voluntary; product; related_product_manual; related_qco; related_sit; requirements; scheme_code; scheme_id; scheme_name; scheme_type; scope; source_url,,,,,sch i; scheme i isi mark scheme,registration; sch ii; scheme ii conformity assessment
DC-0186,BIS_Schemes_Master.xlsx,BIS_Schemes_Master,F024,BIS_Standards_Intelligence_Master.xlsx,BIS_Standards_Intelligence,F030,04_SCHEME_I,08_PRODUCT_SPECIFIC,NAMECAND-005 / SINGLETON,40,45,14,23,2,12,21,0.0571,SCHEMA_WEAK_OVERLAP,0,40,45,0.0,0.02,2,LOW_PROJECTION_WIDTH,NO,NO,NO,0,0,44,0.0,33,41,25,0.3333,0,14,0,0,3,5,0.0,0,0,0.3333,0,0,2,,,560,1035,product,product,,KEY_LINKED,21,19,24,0.3281,"antiriot shoes; chairs and stools (general purpose); flashlights / portable lighting devices; general safety requirements for household and similar electrical appliances; ordinary portland cement (33, 43, 53 grades); personal protective equipment – safety footwear …(+13)",anti-riot shoes; circuit breakers; contactors and motor starters; electrical emergency stop devices; electromechanical control circuit devices; flashlight …(+18),,is_number,21,source_url,10; 11; 12; 13; 14; 15; 16; 17; 18; 19; 2; 20; 21; 22; 23; 24; 25; 26; 27; 28; 29; 3; 30; 31; 32 …(+15),10; 11; 12; 13; 14; 15; 16; 17; 18; 19; 2; 20; 21; 22; 23; 24; 25; 26; 27; 28; 29; 3; 30; 31; 32 …(+20),product; source_url,certification_type; is; mandatory_voluntary; related_product_manual; related_qco; related_sit; requirements; scheme_code; scheme_id; scheme_name; scheme_type; scope,application_procedure; conformity_assessment; eligibility; factory_requirements; fees; forms; infrastructure_requirements; inspection; is_number; laboratory_testing; licence_or_coc_grant; process_controls; quality_control; renewal; required_documents …(+6),,IS 12330; IS 12600; IS 1489 (Part 1); IS 1489 (Part 2); IS 15298 (Part 2); IS 15392; IS 15644; IS 15844 (Part 1) …(+36),product certification; sch i; scheme i isi mark scheme,eeqco; electrical equipment quality control order; scheme i; scheme i bis isi mark certification; scheme x
DC-0187,BIS_Schemes_Master.xlsx,BIS_Schemes_Master,F024,BIS_Testing_Parameters_Master.xlsx,BIS_Testing_Parameters,F032,04_SCHEME_I,10_TESTING,NAMECAND-005 / SINGLETON,40,45,14,18,2,12,16,0.0667,SCHEMA_WEAK_OVERLAP,0,40,45,0.0,0.0233,2,LOW_PROJECTION_WIDTH,NO,NO,NO,0,0,44,0.0,33,41,26,0.33,0,14,0,0,3,0,0.0,0,0,0.33,0,0,0,,,560,787,product,product,,KEY_LINKED,21,19,24,0.3281,"antiriot shoes; chairs and stools (general purpose); flashlights / portable lighting devices; general safety requirements for household and similar electrical appliances; ordinary portland cement (33, 43, 53 grades); personal protective equipment – safety footwear …(+13)",anti-riot shoes; contactors and motor-starters; electrical emergency stop devices with mechanical latching function; electromechanical control circuit devices and switching elements; flashlight; general purpose chairs and stools …(+18),,is_number; test_method_standard,13,source_url,10; 11; 12; 13; 14; 15; 16; 17; 18; 19; 2; 20; 21; 22; 23; 24; 25; 26; 27; 28; 29; 3; 30; 31; 32 …(+15),10; 11; 12; 13; 14; 15; 16; 17; 18; 19; 2; 20; 21; 22; 23; 24; 25; 26; 27; 28; 29; 3; 30; 31; 32 …(+20),product; source_url,certification_type; is; mandatory_voluntary; related_product_manual; related_qco; related_sit; requirements; scheme_code; scheme_id; scheme_name; scheme_type; scope,acceptance_criteria; clause; is_number; laboratory_requirement; rejection_handling; remarks; required_equipment; sample_size; sampling_frequency; source_document; source_page; test_frequency; test_method; test_method_standard; test_name …(+1),,IS 12330; IS 12600; IS 1489 (Part 1); IS 1489 (Part 2); IS 15298 (Part 2); IS 15392; IS 15644; IS 15844 (Part 1) …(+36),product certification; sch i; scheme i isi mark scheme,
DC-0188,BIS_Schemes_Master_Scheme_2.xlsx,BIS_Schemes_Master_Scheme_2,F025,BIS_Standards_Intelligence_Master.xlsx,BIS_Standards_Intelligence,F030,05_SCHEME_II_CRS,08_PRODUCT_SPECIFIC,NAMECAND-005 / SINGLETON,40,45,14,23,2,12,21,0.0571,SCHEMA_WEAK_OVERLAP,0,40,45,0.0,0.02,2,LOW_PROJECTION_WIDTH,NO,NO,NO,0,0,44,0.0,33,41,25,0.3333,0,14,0,0,4,5,0.0,0,0,0.3333,0,0,2,,,560,1035,product,product,,KEY_LINKED,21,19,24,0.3281,"antiriot shoes; chairs and stools (general purpose); flashlights / portable lighting devices; general safety requirements for household and similar electrical appliances; ordinary portland cement (33, 43, 53 grades); personal protective equipment – safety footwear …(+13)",anti-riot shoes; circuit breakers; contactors and motor starters; electrical emergency stop devices; electromechanical control circuit devices; flashlight …(+18),,is_number,21,source_url,10; 11; 12; 13; 14; 15; 16; 17; 18; 19; 2; 20; 21; 22; 23; 24; 25; 26; 27; 28; 29; 3; 30; 31; 32 …(+15),10; 11; 12; 13; 14; 15; 16; 17; 18; 19; 2; 20; 21; 22; 23; 24; 25; 26; 27; 28; 29; 3; 30; 31; 32 …(+20),product; source_url,certification_type; is; mandatory_voluntary; related_product_manual; related_qco; related_sit; requirements; scheme_code; scheme_id; scheme_name; scheme_type; scope,application_procedure; conformity_assessment; eligibility; factory_requirements; fees; forms; infrastructure_requirements; inspection; is_number; laboratory_testing; licence_or_coc_grant; process_controls; quality_control; renewal; required_documents …(+6),,IS 12330; IS 12600; IS 1489 (Part 1); IS 1489 (Part 2); IS 15298 (Part 2); IS 15392; IS 15644; IS 15844 (Part 1) …(+36),product certification; registration; sch ii; scheme ii conformity assessment,eeqco; electrical equipment quality control order; scheme i; scheme i bis isi mark certification; scheme x
DC-0189,BIS_Schemes_Master_Scheme_2.xlsx,BIS_Schemes_Master_Scheme_2,F025,BIS_Testing_Parameters_Master.xlsx,BIS_Testing_Parameters,F032,05_SCHEME_II_CRS,10_TESTING,NAMECAND-005 / SINGLETON,40,45,14,18,2,12,16,0.0667,SCHEMA_WEAK_OVERLAP,0,40,45,0.0,0.0233,2,LOW_PROJECTION_WIDTH,NO,NO,NO,0,0,44,0.0,33,41,26,0.33,0,14,0,0,4,0,0.0,0,0,0.33,0,0,0,,,560,787,product,product,,KEY_LINKED,21,19,24,0.3281,"antiriot shoes; chairs and stools (general purpose); flashlights / portable lighting devices; general safety requirements for household and similar electrical appliances; ordinary portland cement (33, 43, 53 grades); personal protective equipment – safety footwear …(+13)",anti-riot shoes; contactors and motor-starters; electrical emergency stop devices with mechanical latching function; electromechanical control circuit devices and switching elements; flashlight; general purpose chairs and stools …(+18),,is_number; test_method_standard,13,source_url,10; 11; 12; 13; 14; 15; 16; 17; 18; 19; 2; 20; 21; 22; 23; 24; 25; 26; 27; 28; 29; 3; 30; 31; 32 …(+15),10; 11; 12; 13; 14; 15; 16; 17; 18; 19; 2; 20; 21; 22; 23; 24; 25; 26; 27; 28; 29; 3; 30; 31; 32 …(+20),product; source_url,certification_type; is; mandatory_voluntary; related_product_manual; related_qco; related_sit; requirements; scheme_code; scheme_id; scheme_name; scheme_type; scope,acceptance_criteria; clause; is_number; laboratory_requirement; rejection_handling; remarks; required_equipment; sample_size; sampling_frequency; source_document; source_page; test_frequency; test_method; test_method_standard; test_name …(+1),,IS 12330; IS 12600; IS 1489 (Part 1); IS 1489 (Part 2); IS 15298 (Part 2); IS 15392; IS 15644; IS 15844 (Part 1) …(+36),product certification; registration; sch ii; scheme ii conformity assessment,
DC-0190,BIS_Standards_Amendments.xlsx,BIS_Standards_Amendments,F026,BIS_Standards_Details_v2 (1).xlsx,BIS Standards,F027,01_KNOW_YOUR_STANDARD,01_KNOW_YOUR_STANDARD,SINGLETON / EXACTDUP-001,42,40,12,19,1,11,18,0.0333,SCHEMA_WEAK_OVERLAP,0,42,40,0.0,0.0117,1,LOW_PROJECTION_WIDTH,NO,NO,NO,0,0,45,0.0,0,0,50,0.0,0,0,0,0,0,0,0.0,0,0,0.0,0,0,1,,1987; 1988; 1989; 1990; 1991; 2003; 2006; 2015 …(+10),504,701,,,,NO_KEY_AVAILABLE,-1,-1,-1,0.0,NO_SHARED_RECORD_KEY,NO_SHARED_RECORD_KEY,,is_number; standard_id; superseded_standard; superseding_standard,0,,10; 11; 12; 13; 14; 15; 16; 17; 18; 19; 2; 20; 21; 22; 23; 24; 25; 26; 27; 28; 29; 3; 30; 31; 32 …(+17),10; 11; 12; 13; 14; 15; 16; 17; 18; 19; 2; 20; 21; 22; 23; 24; 25; 26; 27; 28; 29; 3; 30; 31; 32 …(+15),document_url,amendment_date; amendment_id; amendment_number; effective_date; new_version; original_version; parent_entity; source_url; status; superseded_document; superseding_document,current_status; degree_of_equivalence; is_number; official_url; part_section; product_category; publication_date; reaffirmation_review_date; revision; revision_date; standard_id; subcommittee; superseded_standard; superseding_standard; technical_committee …(+3),,IS 12269; IS 12330; IS 12600; IS 1489 (Part 1); IS 1489 (Part 2); IS 15298 (Part 2); IS 15392; IS 15644 …(+37),,
DC-0191,BIS_Standards_Amendments.xlsx,BIS_Standards_Amendments,F026,BIS_Standards_Details_v2.xlsx,BIS Standards,F028,01_KNOW_YOUR_STANDARD,01_KNOW_YOUR_STANDARD,SINGLETON / EXACTDUP-001,42,40,12,19,1,11,18,0.0333,SCHEMA_WEAK_OVERLAP,0,42,40,0.0,0.0117,1,LOW_PROJECTION_WIDTH,NO,NO,NO,0,0,45,0.0,0,0,50,0.0,0,0,0,0,0,0,0.0,0,0,0.0,0,0,1,,1987; 1988; 1989; 1990; 1991; 2003; 2006; 2015 …(+10),504,701,,,,NO_KEY_AVAILABLE,-1,-1,-1,0.0,NO_SHARED_RECORD_KEY,NO_SHARED_RECORD_KEY,,is_number; standard_id; superseded_standard; superseding_standard,0,,10; 11; 12; 13; 14; 15; 16; 17; 18; 19; 2; 20; 21; 22; 23; 24; 25; 26; 27; 28; 29; 3; 30; 31; 32 …(+17),10; 11; 12; 13; 14; 15; 16; 17; 18; 19; 2; 20; 21; 22; 23; 24; 25; 26; 27; 28; 29; 3; 30; 31; 32 …(+15),document_url,amendment_date; amendment_id; amendment_number; effective_date; new_version; original_version; parent_entity; source_url; status; superseded_document; superseding_document,current_status; degree_of_equivalence; is_number; official_url; part_section; product_category; publication_date; reaffirmation_review_date; revision; revision_date; standard_id; subcommittee; superseded_standard; superseding_standard; technical_committee …(+3),,IS 12269; IS 12330; IS 12600; IS 1489 (Part 1); IS 1489 (Part 2); IS 15298 (Part 2); IS 15392; IS 15644 …(+37),,
DC-0192,BIS_Standards_Amendments.xlsx,BIS_Standards_Amendments,F026,BIS_Standards_Details_v3.xlsx,BIS Standards,F029,01_KNOW_YOUR_STANDARD,01_KNOW_YOUR_STANDARD,SINGLETON,42,40,12,19,1,11,18,0.0333,SCHEMA_WEAK_OVERLAP,0,42,40,0.0,0.0117,1,LOW_PROJECTION_WIDTH,NO,NO,NO,0,0,45,0.0,0,0,50,0.0,0,0,0,0,0,0,0.0,0,0,0.0,0,0,1,,1987; 1988; 1989; 1990; 1991; 2003; 2006; 2015 …(+10),504,701,,,,NO_KEY_AVAILABLE,-1,-1,-1,0.0,NO_SHARED_RECORD_KEY,NO_SHARED_RECORD_KEY,,is_number; standard_id; superseded_standard; superseding_standard,0,,10; 11; 12; 13; 14; 15; 16; 17; 18; 19; 2; 20; 21; 22; 23; 24; 25; 26; 27; 28; 29; 3; 30; 31; 32 …(+17),10; 11; 12; 13; 14; 15; 16; 17; 18; 19; 2; 20; 21; 22; 23; 24; 25; 26; 27; 28; 29; 3; 30; 31; 32 …(+15),document_url,amendment_date; amendment_id; amendment_number; effective_date; new_version; original_version; parent_entity; source_url; status; superseded_document; superseding_document,current_status; degree_of_equivalence; is_number; official_url; part_section; product_category; publication_date; reaffirmation_review_date; revision; revision_date; standard_id; subcommittee; superseded_standard; superseding_standard; technical_committee …(+3),,IS 12269; IS 12330; IS 12600; IS 1489 (Part 1); IS 1489 (Part 2); IS 15298 (Part 2); IS 15392; IS 15644 …(+37),,
DC-0193,BIS_Standards_Details_v2 (1).xlsx,BIS Standards,F027,BIS_Standards_Details_v2.xlsx,BIS Standards,F028,01_KNOW_YOUR_STANDARD,01_KNOW_YOUR_STANDARD,EXACTDUP-001,40,40,19,19,19,0,0,1.0,SCHEMA_IDENTICAL,40,0,0,1.0,1.0,19,RELIABLE,YES,YES,YES,45,0,0,1.0,50,0,0,1.0,0,0,0,0,0,0,0.0,0,0,1.0,1,0,0,1987; 1988; 1989; 1990; 1991; 2003; 2006; 2015 …(+10),1987; 1988; 1989; 1990; 1991; 2003; 2006; 2015 …(+10),701,701,is_number,is_number; product_category; standard_id; title,,KEY_LINKED,40,0,0,1.0,,,is_number; standard_id; superseded_standard; superseding_standard,is_number; standard_id; superseded_standard; superseding_standard,0,,,,current_status; degree_of_equivalence; document_url; is_number; official_url; part_section; product_category; publication_date; reaffirmation_review_date; revision; revision_date; standard_id; subcommittee; superseded_standard; superseding_standard; technical_committee; title; version; year,,,,,,
DC-0194,BIS_Standards_Details_v2 (1).xlsx,BIS Standards,F027,BIS_Standards_Details_v3.xlsx,BIS Standards,F029,01_KNOW_YOUR_STANDARD,01_KNOW_YOUR_STANDARD,EXACTDUP-001 / SINGLETON,40,40,19,19,19,0,0,1.0,SCHEMA_IDENTICAL,9,31,31,0.1268,0.4324,19,RELIABLE,NO,NO,NO,45,0,0,1.0,50,0,0,1.0,0,0,0,0,0,0,0.0,0,0,1.0,1,0,0,1987; 1988; 1989; 1990; 1991; 2003; 2006; 2015 …(+10),1987; 1988; 1989; 1990; 1991; 2003; 2006; 2015 …(+10),701,701,is_number,is_number; product_category; standard_id; title,,KEY_LINKED,40,0,0,1.0,,,is_number; standard_id; superseded_standard; superseding_standard,is_number; standard_id; superseded_standard; superseding_standard,31,subcommittee,10; 11; 12; 13; 14; 15; 16; 17; 18; 19; 20; 21; 22; 23; 24; 25; 26; 27; 28; 29; 30; 31; 34; 35; 36 …(+6),10; 11; 12; 13; 14; 15; 16; 17; 18; 19; 20; 21; 22; 23; 24; 25; 26; 27; 28; 29; 30; 31; 34; 35; 36 …(+6),current_status; degree_of_equivalence; document_url; is_number; official_url; part_section; product_category; publication_date; reaffirmation_review_date; revision; revision_date; standard_id; subcommittee; superseded_standard; superseding_standard; technical_committee; title; version; year,,,,,,
DC-0195,BIS_Standards_Details_v2 (1).xlsx,BIS Standards,F027,BIS_Standards_Intelligence_Master.xlsx,BIS_Standards_Intelligence,F030,01_KNOW_YOUR_STANDARD,08_PRODUCT_SPECIFIC,EXACTDUP-001 / SINGLETON,40,45,19,23,1,18,22,0.0244,SCHEMA_WEAK_OVERLAP,38,2,7,0.8085,0.0085,1,LOW_PROJECTION_WIDTH,NO,NO,NO,40,5,4,0.8163,1,49,57,0.0093,0,0,0,0,0,5,0.0,0,0,0.8163,0,1,2,1987; 1988; 1989; 1990; 1991; 2003; 2006; 2015 …(+10),,701,1035,is_number,is_number,,KEY_LINKED,38,2,7,0.8085,is 12330:1988; is 9873 (part 1):2018,is 12330:1998; is 9873 (part 1):2012; is/iec 60947 (part 2):2016; is/iec 60947 (part 3):2012; is/iec 60947 (part 4-1); is/iec 60947 (part 5-1) …(+1),is_number; standard_id; superseded_standard; superseding_standard,is_number,0,,19; 9,19; 42; 43; 44; 45; 46; 9,is_number,current_status; degree_of_equivalence; document_url; official_url; part_section; product_category; publication_date; reaffirmation_review_date; revision; revision_date; standard_id; subcommittee; superseded_standard; superseding_standard; technical_committee …(+3),application_procedure; conformity_assessment; eligibility; factory_requirements; fees; forms; infrastructure_requirements; inspection; laboratory_testing; licence_or_coc_grant; process_controls; product; quality_control; renewal; required_documents …(+7),IS 12269; IS 15844; IS 17043; IS 8112; IS 9573,IS/IEC 60947 (Part 2); IS/IEC 60947 (Part 3); IS/IEC 60947 (Part 4); IS/IEC 60947 (Part 5),,eeqco; electrical equipment quality control order; scheme i; scheme i bis isi mark certification; scheme x
DC-0196,BIS_Standards_Details_v2 (1).xlsx,BIS Standards,F027,BIS_Standards_Scheme_Mapping.xlsx,BIS_Standards_Scheme_Mapping,F031,01_KNOW_YOUR_STANDARD,08_PRODUCT_SPECIFIC,EXACTDUP-001 / SINGLETON,40,36,19,23,1,18,22,0.0244,SCHEMA_WEAK_OVERLAP,22,18,14,0.4074,0.0085,1,LOW_PROJECTION_WIDTH,NO,NO,NO,28,17,7,0.5385,0,50,0,0.0,0,0,0,0,0,3,0.0,0,0,0.5385,0,1,2,1987; 1988; 1989; 1990; 1991; 2003; 2006; 2015 …(+10),,701,828,is_number,is_number,,KEY_LINKED,22,18,14,0.4074,is 12330:1988; is 1489 (part 1):2015; is 1489 (part 2):2015; is 15298 (part 2):2016; is 15844 (part 1):2023; is 15844 (part 2):2023 …(+12),is 12330 / cement standards; is 1489 parts 1 & 2; is 15298 part 2:2016; is 15844 parts 1–3; is 17043 parts 1–2; is 2553 parts 1 & 2 …(+8),is_number; standard_id; superseded_standard; superseding_standard,is_number,0,,11; 12; 19; 20; 21; 22; 25; 26; 27; 28; 33; 34; 35; 36; 39; 40; 41; 9,11; 18; 21; 22; 27; 28; 31; 32; 33; 34; 35; 36; 37; 9,is_number,current_status; degree_of_equivalence; document_url; official_url; part_section; product_category; publication_date; reaffirmation_review_date; revision; revision_date; standard_id; subcommittee; superseded_standard; superseding_standard; technical_committee …(+3),application_procedure; certification_scheme_to_store; conformity_assessment; eligibility; factory_requirements; fees; forms; group; infrastructure_requirements; inspection; laboratory_testing; licence_or_coc_grant; process_controls; quality_control; renewal …(+7),IS 12269; IS 1489 (Part 1); IS 1489 (Part 2); IS 15844 (Part 1); IS 15844 (Part 2); IS 15844 (Part 3); IS 17043 (Part 1); IS 17043 (Part 2) …(+9),IS 1489; IS 2553; IS 9873; IS/IEC 60947 (Part 2); IS/IEC 60947 (Part 3); IS/IEC 60947 (Part 4); IS/IEC 60947 (Part 5),,applicable eeqco product specific process; scheme ii; scheme x
DC-0197,BIS_Standards_Details_v2 (1).xlsx,BIS Standards,F027,BIS_Testing_Parameters_Master.xlsx,BIS_Testing_Parameters,F032,01_KNOW_YOUR_STANDARD,10_TESTING,EXACTDUP-001 / SINGLETON,40,45,19,18,1,18,17,0.0278,SCHEMA_WEAK_OVERLAP,38,2,7,0.8085,0.0097,1,LOW_PROJECTION_WIDTH,NO,NO,NO,40,5,4,0.8163,1,49,58,0.0093,0,0,0,0,0,0,0.0,0,0,0.8163,0,1,0,1987; 1988; 1989; 1990; 1991; 2003; 2006; 2015 …(+10),,701,787,is_number,is_number,,KEY_LINKED,38,2,7,0.8085,is 12330:1988; is 9873 (part 1):2018,is 12330:1998*; is 9873 (part 1):2012*; is/iec 60947 (part 2):2016; is/iec 60947 (part 3):2012*; is/iec 60947 (part 4-1); is/iec 60947 (part 5-1) …(+1),is_number; standard_id; superseded_standard; superseding_standard,is_number; test_method_standard,0,,19; 9,19; 42; 43; 44; 45; 46; 9,is_number,current_status; degree_of_equivalence; document_url; official_url; part_section; product_category; publication_date; reaffirmation_review_date; revision; revision_date; standard_id; subcommittee; superseded_standard; superseding_standard; technical_committee …(+3),acceptance_criteria; clause; laboratory_requirement; product; rejection_handling; remarks; required_equipment; sample_size; sampling_frequency; source_document; source_page; source_url; test_frequency; test_method; test_method_standard …(+2),IS 12269; IS 15844; IS 17043; IS 8112; IS 9573,IS/IEC 60947 (Part 2); IS/IEC 60947 (Part 3); IS/IEC 60947 (Part 4); IS/IEC 60947 (Part 5),,
DC-0198,BIS_Standards_Details_v2.xlsx,BIS Standards,F028,BIS_Standards_Details_v3.xlsx,BIS Standards,F029,01_KNOW_YOUR_STANDARD,01_KNOW_YOUR_STANDARD,EXACTDUP-001 / SINGLETON,40,40,19,19,19,0,0,1.0,SCHEMA_IDENTICAL,9,31,31,0.1268,0.4324,19,RELIABLE,NO,NO,NO,45,0,0,1.0,50,0,0,1.0,0,0,0,0,0,0,0.0,0,0,1.0,1,0,0,1987; 1988; 1989; 1990; 1991; 2003; 2006; 2015 …(+10),1987; 1988; 1989; 1990; 1991; 2003; 2006; 2015 …(+10),701,701,is_number,is_number; product_category; standard_id; title,,KEY_LINKED,40,0,0,1.0,,,is_number; standard_id; superseded_standard; superseding_standard,is_number; standard_id; superseded_standard; superseding_standard,31,subcommittee,10; 11; 12; 13; 14; 15; 16; 17; 18; 19; 20; 21; 22; 23; 24; 25; 26; 27; 28; 29; 30; 31; 34; 35; 36 …(+6),10; 11; 12; 13; 14; 15; 16; 17; 18; 19; 20; 21; 22; 23; 24; 25; 26; 27; 28; 29; 30; 31; 34; 35; 36 …(+6),current_status; degree_of_equivalence; document_url; is_number; official_url; part_section; product_category; publication_date; reaffirmation_review_date; revision; revision_date; standard_id; subcommittee; superseded_standard; superseding_standard; technical_committee; title; version; year,,,,,,
DC-0199,BIS_Standards_Details_v2.xlsx,BIS Standards,F028,BIS_Standards_Intelligence_Master.xlsx,BIS_Standards_Intelligence,F030,01_KNOW_YOUR_STANDARD,08_PRODUCT_SPECIFIC,EXACTDUP-001 / SINGLETON,40,45,19,23,1,18,22,0.0244,SCHEMA_WEAK_OVERLAP,38,2,7,0.8085,0.0085,1,LOW_PROJECTION_WIDTH,NO,NO,NO,40,5,4,0.8163,1,49,57,0.0093,0,0,0,0,0,5,0.0,0,0,0.8163,0,1,2,1987; 1988; 1989; 1990; 1991; 2003; 2006; 2015 …(+10),,701,1035,is_number,is_number,,KEY_LINKED,38,2,7,0.8085,is 12330:1988; is 9873 (part 1):2018,is 12330:1998; is 9873 (part 1):2012; is/iec 60947 (part 2):2016; is/iec 60947 (part 3):2012; is/iec 60947 (part 4-1); is/iec 60947 (part 5-1) …(+1),is_number; standard_id; superseded_standard; superseding_standard,is_number,0,,19; 9,19; 42; 43; 44; 45; 46; 9,is_number,current_status; degree_of_equivalence; document_url; official_url; part_section; product_category; publication_date; reaffirmation_review_date; revision; revision_date; standard_id; subcommittee; superseded_standard; superseding_standard; technical_committee …(+3),application_procedure; conformity_assessment; eligibility; factory_requirements; fees; forms; infrastructure_requirements; inspection; laboratory_testing; licence_or_coc_grant; process_controls; product; quality_control; renewal; required_documents …(+7),IS 12269; IS 15844; IS 17043; IS 8112; IS 9573,IS/IEC 60947 (Part 2); IS/IEC 60947 (Part 3); IS/IEC 60947 (Part 4); IS/IEC 60947 (Part 5),,eeqco; electrical equipment quality control order; scheme i; scheme i bis isi mark certification; scheme x
DC-0200,BIS_Standards_Details_v2.xlsx,BIS Standards,F028,BIS_Standards_Scheme_Mapping.xlsx,BIS_Standards_Scheme_Mapping,F031,01_KNOW_YOUR_STANDARD,08_PRODUCT_SPECIFIC,EXACTDUP-001 / SINGLETON,40,36,19,23,1,18,22,0.0244,SCHEMA_WEAK_OVERLAP,22,18,14,0.4074,0.0085,1,LOW_PROJECTION_WIDTH,NO,NO,NO,28,17,7,0.5385,0,50,0,0.0,0,0,0,0,0,3,0.0,0,0,0.5385,0,1,2,1987; 1988; 1989; 1990; 1991; 2003; 2006; 2015 …(+10),,701,828,is_number,is_number,,KEY_LINKED,22,18,14,0.4074,is 12330:1988; is 1489 (part 1):2015; is 1489 (part 2):2015; is 15298 (part 2):2016; is 15844 (part 1):2023; is 15844 (part 2):2023 …(+12),is 12330 / cement standards; is 1489 parts 1 & 2; is 15298 part 2:2016; is 15844 parts 1–3; is 17043 parts 1–2; is 2553 parts 1 & 2 …(+8),is_number; standard_id; superseded_standard; superseding_standard,is_number,0,,11; 12; 19; 20; 21; 22; 25; 26; 27; 28; 33; 34; 35; 36; 39; 40; 41; 9,11; 18; 21; 22; 27; 28; 31; 32; 33; 34; 35; 36; 37; 9,is_number,current_status; degree_of_equivalence; document_url; official_url; part_section; product_category; publication_date; reaffirmation_review_date; revision; revision_date; standard_id; subcommittee; superseded_standard; superseding_standard; technical_committee …(+3),application_procedure; certification_scheme_to_store; conformity_assessment; eligibility; factory_requirements; fees; forms; group; infrastructure_requirements; inspection; laboratory_testing; licence_or_coc_grant; process_controls; quality_control; renewal …(+7),IS 12269; IS 1489 (Part 1); IS 1489 (Part 2); IS 15844 (Part 1); IS 15844 (Part 2); IS 15844 (Part 3); IS 17043 (Part 1); IS 17043 (Part 2) …(+9),IS 1489; IS 2553; IS 9873; IS/IEC 60947 (Part 2); IS/IEC 60947 (Part 3); IS/IEC 60947 (Part 4); IS/IEC 60947 (Part 5),,applicable eeqco product specific process; scheme ii; scheme x
DC-0201,BIS_Standards_Details_v2.xlsx,BIS Standards,F028,BIS_Testing_Parameters_Master.xlsx,BIS_Testing_Parameters,F032,01_KNOW_YOUR_STANDARD,10_TESTING,EXACTDUP-001 / SINGLETON,40,45,19,18,1,18,17,0.0278,SCHEMA_WEAK_OVERLAP,38,2,7,0.8085,0.0097,1,LOW_PROJECTION_WIDTH,NO,NO,NO,40,5,4,0.8163,1,49,58,0.0093,0,0,0,0,0,0,0.0,0,0,0.8163,0,1,0,1987; 1988; 1989; 1990; 1991; 2003; 2006; 2015 …(+10),,701,787,is_number,is_number,,KEY_LINKED,38,2,7,0.8085,is 12330:1988; is 9873 (part 1):2018,is 12330:1998*; is 9873 (part 1):2012*; is/iec 60947 (part 2):2016; is/iec 60947 (part 3):2012*; is/iec 60947 (part 4-1); is/iec 60947 (part 5-1) …(+1),is_number; standard_id; superseded_standard; superseding_standard,is_number; test_method_standard,0,,19; 9,19; 42; 43; 44; 45; 46; 9,is_number,current_status; degree_of_equivalence; document_url; official_url; part_section; product_category; publication_date; reaffirmation_review_date; revision; revision_date; standard_id; subcommittee; superseded_standard; superseding_standard; technical_committee …(+3),acceptance_criteria; clause; laboratory_requirement; product; rejection_handling; remarks; required_equipment; sample_size; sampling_frequency; source_document; source_page; source_url; test_frequency; test_method; test_method_standard …(+2),IS 12269; IS 15844; IS 17043; IS 8112; IS 9573,IS/IEC 60947 (Part 2); IS/IEC 60947 (Part 3); IS/IEC 60947 (Part 4); IS/IEC 60947 (Part 5),,
DC-0202,BIS_Standards_Details_v3.xlsx,BIS Standards,F029,BIS_Standards_Intelligence_Master.xlsx,BIS_Standards_Intelligence,F030,01_KNOW_YOUR_STANDARD,08_PRODUCT_SPECIFIC,SINGLETON,40,45,19,23,1,18,22,0.0244,SCHEMA_WEAK_OVERLAP,38,2,7,0.8085,0.0085,1,LOW_PROJECTION_WIDTH,NO,NO,NO,40,5,4,0.8163,1,49,57,0.0093,0,0,0,0,0,5,0.0,0,0,0.8163,0,1,2,1987; 1988; 1989; 1990; 1991; 2003; 2006; 2015 …(+10),,701,1035,is_number,is_number,,KEY_LINKED,38,2,7,0.8085,is 12330:1988; is 9873 (part 1):2018,is 12330:1998; is 9873 (part 1):2012; is/iec 60947 (part 2):2016; is/iec 60947 (part 3):2012; is/iec 60947 (part 4-1); is/iec 60947 (part 5-1) …(+1),is_number; standard_id; superseded_standard; superseding_standard,is_number,0,,19; 9,19; 42; 43; 44; 45; 46; 9,is_number,current_status; degree_of_equivalence; document_url; official_url; part_section; product_category; publication_date; reaffirmation_review_date; revision; revision_date; standard_id; subcommittee; superseded_standard; superseding_standard; technical_committee …(+3),application_procedure; conformity_assessment; eligibility; factory_requirements; fees; forms; infrastructure_requirements; inspection; laboratory_testing; licence_or_coc_grant; process_controls; product; quality_control; renewal; required_documents …(+7),IS 12269; IS 15844; IS 17043; IS 8112; IS 9573,IS/IEC 60947 (Part 2); IS/IEC 60947 (Part 3); IS/IEC 60947 (Part 4); IS/IEC 60947 (Part 5),,eeqco; electrical equipment quality control order; scheme i; scheme i bis isi mark certification; scheme x
DC-0203,BIS_Standards_Details_v3.xlsx,BIS Standards,F029,BIS_Standards_Scheme_Mapping.xlsx,BIS_Standards_Scheme_Mapping,F031,01_KNOW_YOUR_STANDARD,08_PRODUCT_SPECIFIC,SINGLETON,40,36,19,23,1,18,22,0.0244,SCHEMA_WEAK_OVERLAP,22,18,14,0.4074,0.0085,1,LOW_PROJECTION_WIDTH,NO,NO,NO,28,17,7,0.5385,0,50,0,0.0,0,0,0,0,0,3,0.0,0,0,0.5385,0,1,2,1987; 1988; 1989; 1990; 1991; 2003; 2006; 2015 …(+10),,701,828,is_number,is_number,,KEY_LINKED,22,18,14,0.4074,is 12330:1988; is 1489 (part 1):2015; is 1489 (part 2):2015; is 15298 (part 2):2016; is 15844 (part 1):2023; is 15844 (part 2):2023 …(+12),is 12330 / cement standards; is 1489 parts 1 & 2; is 15298 part 2:2016; is 15844 parts 1–3; is 17043 parts 1–2; is 2553 parts 1 & 2 …(+8),is_number; standard_id; superseded_standard; superseding_standard,is_number,0,,11; 12; 19; 20; 21; 22; 25; 26; 27; 28; 33; 34; 35; 36; 39; 40; 41; 9,11; 18; 21; 22; 27; 28; 31; 32; 33; 34; 35; 36; 37; 9,is_number,current_status; degree_of_equivalence; document_url; official_url; part_section; product_category; publication_date; reaffirmation_review_date; revision; revision_date; standard_id; subcommittee; superseded_standard; superseding_standard; technical_committee …(+3),application_procedure; certification_scheme_to_store; conformity_assessment; eligibility; factory_requirements; fees; forms; group; infrastructure_requirements; inspection; laboratory_testing; licence_or_coc_grant; process_controls; quality_control; renewal …(+7),IS 12269; IS 1489 (Part 1); IS 1489 (Part 2); IS 15844 (Part 1); IS 15844 (Part 2); IS 15844 (Part 3); IS 17043 (Part 1); IS 17043 (Part 2) …(+9),IS 1489; IS 2553; IS 9873; IS/IEC 60947 (Part 2); IS/IEC 60947 (Part 3); IS/IEC 60947 (Part 4); IS/IEC 60947 (Part 5),,applicable eeqco product specific process; scheme ii; scheme x
DC-0204,BIS_Standards_Details_v3.xlsx,BIS Standards,F029,BIS_Testing_Parameters_Master.xlsx,BIS_Testing_Parameters,F032,01_KNOW_YOUR_STANDARD,10_TESTING,SINGLETON,40,45,19,18,1,18,17,0.0278,SCHEMA_WEAK_OVERLAP,38,2,7,0.8085,0.0097,1,LOW_PROJECTION_WIDTH,NO,NO,NO,40,5,4,0.8163,1,49,58,0.0093,0,0,0,0,0,0,0.0,0,0,0.8163,0,1,0,1987; 1988; 1989; 1990; 1991; 2003; 2006; 2015 …(+10),,701,787,is_number,is_number,,KEY_LINKED,38,2,7,0.8085,is 12330:1988; is 9873 (part 1):2018,is 12330:1998*; is 9873 (part 1):2012*; is/iec 60947 (part 2):2016; is/iec 60947 (part 3):2012*; is/iec 60947 (part 4-1); is/iec 60947 (part 5-1) …(+1),is_number; standard_id; superseded_standard; superseding_standard,is_number; test_method_standard,0,,19; 9,19; 42; 43; 44; 45; 46; 9,is_number,current_status; degree_of_equivalence; document_url; official_url; part_section; product_category; publication_date; reaffirmation_review_date; revision; revision_date; standard_id; subcommittee; superseded_standard; superseding_standard; technical_committee …(+3),acceptance_criteria; clause; laboratory_requirement; product; rejection_handling; remarks; required_equipment; sample_size; sampling_frequency; source_document; source_page; source_url; test_frequency; test_method; test_method_standard …(+2),IS 12269; IS 15844; IS 17043; IS 8112; IS 9573,IS/IEC 60947 (Part 2); IS/IEC 60947 (Part 3); IS/IEC 60947 (Part 4); IS/IEC 60947 (Part 5),,
DC-0205,BIS_Standards_Intelligence_Master.xlsx,BIS_Standards_Intelligence,F030,BIS_Standards_Scheme_Mapping.xlsx,BIS_Standards_Scheme_Mapping,F031,08_PRODUCT_SPECIFIC,08_PRODUCT_SPECIFIC,SINGLETON,45,36,23,23,20,3,3,0.7692,SCHEMA_SUBSTANTIALLY_IDENTICAL,0,45,36,0.0,0.2692,20,RELIABLE,NO,NO,NO,29,15,6,0.58,0,58,0,0.0,0,0,0,1,4,2,0.1429,0,0,0.58,1,1,1,,,1035,828,is_number,is_number,,KEY_LINKED,22,23,14,0.3729,is 12330:1998; is 1489 (part 1):2015; is 1489 (part 2):2015; is 15298 (part 2):2016; is 15844 (part 1):2023; is 15844 (part 2):2023 …(+17),is 12330 / cement standards; is 1489 parts 1 & 2; is 15298 part 2:2016; is 15844 parts 1–3; is 17043 parts 1–2; is 2553 parts 1 & 2 …(+8),is_number,is_number,396,application_procedure; conformity_assessment; eligibility; factory_requirements; fees; forms; infrastructure_requirements; inspection; laboratory_testing; licence_or_coc_grant …(+8),10; 11; 12; 13; 14; 15; 16; 17; 18; 19; 2; 20; 21; 22; 23; 24; 25; 26; 27; 28; 29; 3; 30; 31; 32 …(+20),10; 11; 12; 13; 14; 15; 16; 17; 18; 19; 2; 20; 21; 22; 23; 24; 25; 26; 27; 28; 29; 3; 30; 31; 32 …(+11),application_procedure; conformity_assessment; eligibility; factory_requirements; fees; forms; infrastructure_requirements; inspection; is_number; laboratory_testing; licence_or_coc_grant; process_controls; quality_control; renewal; required_documents; retesting; scope_extension; source_url; surveillance; testing,product; scheme; timelines,certification_scheme_to_store; group; timeliness,IS 1489 (Part 1); IS 1489 (Part 2); IS 15844 (Part 1); IS 15844 (Part 2); IS 15844 (Part 3); IS 17043 (Part 1); IS 17043 (Part 2); IS 2553 (Part 1) …(+7),IS 1489; IS 15844; IS 17043; IS 2553; IS 9573; IS 9873,eeqco; electrical equipment quality control order; scheme i; scheme i bis isi mark certification,applicable eeqco product specific process; scheme ii
DC-0206,BIS_Standards_Intelligence_Master.xlsx,BIS_Standards_Intelligence,F030,BIS_Testing_Parameters_Master.xlsx,BIS_Testing_Parameters,F032,08_PRODUCT_SPECIFIC,10_TESTING,SINGLETON,45,45,23,18,3,20,15,0.0789,SCHEMA_WEAK_OVERLAP,0,45,45,0.0,0.0276,3,LOW_PROJECTION_WIDTH,NO,NO,NO,44,0,0,1.0,54,4,5,0.8571,0,0,0,0,5,0,0.0,0,0,1.0,0,2,0,,,1035,787,is_number,is_number; product,,KEY_LINKED,42,3,3,0.875,is 12330:1998; is 9873 (part 1):2012; is/iec 60947 (part 3):2012,is 12330:1998*; is 9873 (part 1):2012*; is/iec 60947 (part 3):2012*,is_number,is_number; test_method_standard,24,product; source_url,10; 11; 12; 13; 14; 15; 16; 17; 18; 19; 2; 20; 21; 22; 23; 24; 25; 26; 27; 28; 29; 3; 30; 31; 32 …(+20),10; 11; 12; 13; 14; 15; 16; 17; 18; 19; 2; 20; 21; 22; 23; 24; 25; 26; 27; 28; 29; 3; 30; 31; 32 …(+20),is_number; product; source_url,application_procedure; conformity_assessment; eligibility; factory_requirements; fees; forms; infrastructure_requirements; inspection; laboratory_testing; licence_or_coc_grant; process_controls; quality_control; renewal; required_documents; retesting …(+5),acceptance_criteria; clause; laboratory_requirement; rejection_handling; remarks; required_equipment; sample_size; sampling_frequency; source_document; source_page; test_frequency; test_method; test_method_standard; test_name; test_parameter,,,eeqco; electrical equipment quality control order; scheme i; scheme i bis isi mark certification; scheme x,
DC-0207,BIS_Standards_Intelligence_Master.xlsx,BIS_Standards_Intelligence,F030,bis_product_certification_faq (1).csv,bis_product_certification_faq (1),F036,08_PRODUCT_SPECIFIC,12_CERTIFICATION_FAQ,SINGLETON,45,28,23,8,1,22,7,0.0333,SCHEMA_WEAK_OVERLAP,0,45,28,0.0,0.0117,1,LOW_PROJECTION_WIDTH,NO,NO,NO,0,44,0,0.0,0,58,1,0.0,0,0,0,2,3,0,0.4,0,0,0.4,0,2,1,,,1035,224,,,,SAME_ENTITIES_DIFFERENT_KEY_NAMESPACE,-1,-1,-1,0.0,NO_SHARED_RECORD_KEY,NO_SHARED_RECORD_KEY,is_number,related_is,0,,10; 11; 12; 13; 14; 15; 16; 17; 18; 19; 2; 20; 21; 22; 23; 24; 25; 26; 27; 28; 29; 3; 30; 31; 32 …(+20),10; 11; 12; 13; 14; 15; 16; 17; 18; 19; 2; 20; 21; 22; 23; 24; 25; 26; 27; 28; 29; 3; 4; 5; 6 …(+3),source_url,application_procedure; conformity_assessment; eligibility; factory_requirements; fees; forms; infrastructure_requirements; inspection; is_number; laboratory_testing; licence_or_coc_grant; process_controls; product; quality_control; renewal …(+7),answer; category; faq_id; question; related_is; related_product; related_scheme,IS 12330; IS 12600; IS 1489 (Part 1); IS 1489 (Part 2); IS 15298 (Part 2); IS 15392; IS 15644; IS 15844 (Part 1) …(+36),,eeqco; electrical equipment quality control order; scheme i bis isi mark certification,
DC-0208,BIS_Standards_Intelligence_Master.xlsx,BIS_Standards_Intelligence,F030,bis_product_certifications.csv,bis_product_certifications,F037,08_PRODUCT_SPECIFIC,11_CERTIFICATION_PROCESS,SINGLETON,45,71,23,9,2,21,7,0.0667,SCHEMA_WEAK_OVERLAP,0,45,71,0.0,0.0233,2,LOW_PROJECTION_WIDTH,NO,NO,NO,0,44,0,0.0,0,58,0,0.0,0,0,0,2,3,1,0.3333,0,0,0.3333,0,2,54,,,1035,511,,,,SAME_ENTITIES_DIFFERENT_KEY_NAMESPACE,-1,-1,-1,0.0,NO_SHARED_RECORD_KEY,NO_SHARED_RECORD_KEY,is_number,,0,,10; 11; 12; 13; 14; 15; 16; 17; 18; 19; 2; 20; 21; 22; 23; 24; 25; 26; 27; 28; 29; 3; 30; 31; 32 …(+20),10; 11; 12; 13; 14; 15; 16; 17; 18; 19; 2; 20; 21; 22; 23; 24; 25; 26; 27; 28; 29; 3; 30; 31; 32 …(+46),application_procedure; source_url,conformity_assessment; eligibility; factory_requirements; fees; forms; infrastructure_requirements; inspection; is_number; laboratory_testing; licence_or_coc_grant; process_controls; product; quality_control; renewal; required_documents …(+6),applicability; document_url; fee_structure; guideline_title; inspection_testing_norm; scheme_id; scheme_name,IS 12330; IS 12600; IS 1489 (Part 1); IS 1489 (Part 2); IS 15298 (Part 2); IS 15392; IS 15644; IS 15844 (Part 1) …(+36),,eeqco; electrical equipment quality control order; scheme i bis isi mark certification,foreign manufacturers
DC-0209,BIS_Standards_Scheme_Mapping.xlsx,BIS_Standards_Scheme_Mapping,F031,BIS_Testing_Parameters_Master.xlsx,BIS_Testing_Parameters,F032,08_PRODUCT_SPECIFIC,10_TESTING,SINGLETON,36,45,23,18,2,21,16,0.0513,SCHEMA_WEAK_OVERLAP,0,36,45,0.0,0.018,2,LOW_PROJECTION_WIDTH,NO,NO,NO,29,6,15,0.58,0,0,59,0.0,0,0,0,0,3,0,0.0,0,0,0.58,0,2,0,,,828,787,is_number,is_number,,KEY_LINKED,22,14,23,0.3729,is 12330 / cement standards; is 1489 parts 1 & 2; is 15298 part 2:2016; is 15844 parts 1–3; is 17043 parts 1–2; is 2553 parts 1 & 2 …(+8),is 12330:1998*; is 1489 (part 1):2015; is 1489 (part 2):2015; is 15298 (part 2):2016; is 15844 (part 1):2023; is 15844 (part 2):2023 …(+17),is_number,is_number; test_method_standard,14,source_url,10; 11; 12; 13; 14; 15; 16; 17; 18; 19; 2; 20; 21; 22; 23; 24; 25; 26; 27; 28; 29; 3; 30; 31; 32 …(+11),10; 11; 12; 13; 14; 15; 16; 17; 18; 19; 2; 20; 21; 22; 23; 24; 25; 26; 27; 28; 29; 3; 30; 31; 32 …(+20),is_number; source_url,application_procedure; certification_scheme_to_store; conformity_assessment; eligibility; factory_requirements; fees; forms; group; infrastructure_requirements; inspection; laboratory_testing; licence_or_coc_grant; process_controls; quality_control; renewal …(+6),acceptance_criteria; clause; laboratory_requirement; product; rejection_handling; remarks; required_equipment; sample_size; sampling_frequency; source_document; source_page; test_frequency; test_method; test_method_standard; test_name …(+1),IS 1489; IS 15844; IS 17043; IS 2553; IS 9573; IS 9873,IS 1489 (Part 1); IS 1489 (Part 2); IS 15844 (Part 1); IS 15844 (Part 2); IS 15844 (Part 3); IS 17043 (Part 1); IS 17043 (Part 2); IS 2553 (Part 1) …(+7),applicable eeqco product specific process; scheme ii; scheme x,
DC-0210,bis_circulars (1).csv,bis_circulars (1),F033,bis_gazette_notification.csv,bis_gazette_notification,F034,16_ACT_RULES_REGULATIONS,16_ACT_RULES_REGULATIONS,SINGLETON,160,1798,11,4,2,9,2,0.1538,SCHEMA_WEAK_OVERLAP,0,160,1400,0.0,0.0538,2,LOW_PROJECTION_WIDTH,NO,NO,NO,276,697,339,0.2104,0,0,0,0.0,0,0,0,0,0,0,0.0,0,0,0.2104,0,159,0,,,1373,4844,,,,NO_KEY_AVAILABLE,-1,-1,-1,0.0,NO_SHARED_RECORD_KEY,NO_SHARED_RECORD_KEY,related_is,related_is,0,,10; 100; 101; 102; 103; 104; 105; 106; 107; 108; 109; 11; 110; 111; 112; 113; 114; 115; 116; 117; 118; 119; 12; 120; 121 …(+135),10; 100; 1000; 1001; 1002; 1003; 1004; 1005; 1006; 1007; 1008; 1009; 101; 1010; 1011; 1012; 1013; 1014; 1015; 1016; 1017; 1018; 1019; 102; 1020 …(+1375),related_is; title,circular_id; circular_number; document_url; effective_date; implementation_instructions; issuing_authority; release_date; source_url; subject,id; unnamed_3,IS 10; IS 10001; IS 10025; IS 10065; IS 1007; IS 1008; IS 10080; IS 10086 …(+689),IS 10109; IS 10116; IS 1019; IS 1029; IS 10631; IS 10632 (Part 2); IS 10632 (Part 3); IS 10773 …(+331),,
DC-0211,bis_circulars (1).csv,bis_circulars (1),F033,bis_laboratories.csv,bis_laboratories,F035,16_ACT_RULES_REGULATIONS,14_LIMS_LABS,SINGLETON,160,431,11,11,1,10,10,0.0476,SCHEMA_WEAK_OVERLAP,0,160,20,0.0,0.0167,1,LOW_PROJECTION_WIDTH,NO,NO,NO,563,410,530,0.3746,0,0,0,0.0,0,0,0,0,0,0,0.0,0,0,0.3746,0,159,20,,,1373,4256,,,,SAME_ENTITIES_DIFFERENT_KEY_NAMESPACE,-1,-1,-1,0.0,NO_SHARED_RECORD_KEY,NO_SHARED_RECORD_KEY,related_is,tested_is_numbers,0,,10; 100; 101; 102; 103; 104; 105; 106; 107; 108; 109; 11; 110; 111; 112; 113; 114; 115; 116; 117; 118; 119; 12; 120; 121 …(+135),10; 11; 12; 13; 14; 15; 16; 17; 18; 19; 2; 20; 21; 3; 4; 5; 6; 7; 8; 9,source_url,circular_id; circular_number; document_url; effective_date; implementation_instructions; issuing_authority; related_is; release_date; subject; title,accreditation_validity; address; city; contact_details; lab_id; lab_name; lab_type; pin; state; tested_is_numbers,IS 10; IS 10025; IS 10065; IS 1007; IS 10080; IS 10086; IS 1015; IS 10243 …(+402),IS 1005; IS 1009; IS 1010; IS 10116; IS 10146; IS 10151; IS 10175; IS 1029 …(+522),,
DC-0212,bis_gazette_notification.csv,bis_gazette_notification,F034,bis_laboratories.csv,bis_laboratories,F035,16_ACT_RULES_REGULATIONS,14_LIMS_LABS,SINGLETON,1798,431,4,11,0,4,11,0.0,SCHEMA_DISJOINT,0,0,0,0.0,0.0,0,LOW_PROJECTION_WIDTH,NO,NO,NO,417,198,676,0.323,0,0,0,0.0,0,0,0,0,0,0,0.0,0,0,0.323,0,0,20,,,4844,4256,,,,SAME_ENTITIES_DIFFERENT_KEY_NAMESPACE,-1,-1,-1,0.0,NO_SHARED_RECORD_KEY,NO_SHARED_RECORD_KEY,related_is,tested_is_numbers,0,,10; 100; 1000; 1001; 1002; 1003; 1004; 1005; 1006; 1007; 1008; 1009; 101; 1010; 1011; 1012; 1013; 1014; 1015; 1016; 1017; 1018; 1019; 102; 1020 …(+1773),10; 100; 101; 102; 103; 104; 105; 106; 107; 108; 109; 11; 110; 111; 112; 113; 114; 115; 116; 117; 118; 119; 12; 120; 121 …(+406),,id; related_is; title; unnamed_3,accreditation_validity; address; city; contact_details; lab_id; lab_name; lab_type; pin; source_url; state; tested_is_numbers,IS 10109; IS 1019; IS 10617; IS 10631; IS 10632 (Part 2); IS 10632 (Part 3); IS 10794; IS 1084 …(+190),IS 10001; IS 1005; IS 1008; IS 1009; IS 1010; IS 1011; IS 10124; IS 10146 …(+668),,
DC-0213,bis_gazette_notification.csv,bis_gazette_notification,F034,data__raw__fmcs_all_fmcs_list_raw.csv,data__raw__fmcs_all_fmcs_list_raw,F040,16_ACT_RULES_REGULATIONS,22_FMCS,SINGLETON,1798,3135,4,9,0,4,9,0.0,SCHEMA_DISJOINT,0,0,0,0.0,0.0,0,LOW_PROJECTION_WIDTH,NO,NO,NO,249,366,92,0.3522,0,0,0,0.0,0,0,0,0,0,0,0.0,0,0,0.3522,0,0,1,,2026,4844,28215,,,,SAME_ENTITIES_DIFFERENT_KEY_NAMESPACE,-1,-1,-1,0.0,NO_SHARED_RECORD_KEY,NO_SHARED_RECORD_KEY,related_is,standard_no_raw,0,,10; 100; 1000; 1001; 1002; 1003; 1004; 1005; 1006; 1007; 1008; 1009; 101; 1010; 1011; 1012; 1013; 1014; 1015; 1016; 1017; 1018; 1019; 102; 1020 …(+1773),10; 100; 1000; 1001; 1002; 1003; 1004; 1005; 1006; 1007; 1008; 1009; 101; 1010; 1011; 1012; 1013; 1014; 1015; 1016; 1017; 1018; 1019; 102; 1020 …(+3110),,id; related_is; title; unnamed_3,cml_no_raw; name_address_raw; retrieved_at; s_no; source_url; standard_no_raw; status_raw; validity_date_raw; variety_brand_raw,IS 10109; IS 1019; IS 10238; IS 1029; IS 10631; IS 10632 (Part 2); IS 10632 (Part 3); IS 10701 …(+358),IS 10151; IS 10613; IS 10910; IS 11169; IS 11356 (Part 1); IS 11356 (Part 2); IS 12818; IS 13095 …(+84),,
DC-0214,bis_gazette_notification.csv,bis_gazette_notification,F034,output__fmcs_is_coverage.csv,output__fmcs_is_coverage,F043,16_ACT_RULES_REGULATIONS,22_FMCS,SINGLETON,1798,423,4,3,0,4,3,0.0,SCHEMA_DISJOINT,0,0,0,0.0,0.0,0,LOW_PROJECTION_WIDTH,NO,NO,NO,249,366,92,0.3522,0,0,0,0.0,0,0,0,0,0,0,0.0,0,0,0.3522,0,0,0,,,4844,1269,,,,SAME_ENTITIES_DIFFERENT_KEY_NAMESPACE,-1,-1,-1,0.0,NO_SHARED_RECORD_KEY,NO_SHARED_RECORD_KEY,related_is,is_number,0,,10; 100; 1000; 1001; 1002; 1003; 1004; 1005; 1006; 1007; 1008; 1009; 101; 1010; 1011; 1012; 1013; 1014; 1015; 1016; 1017; 1018; 1019; 102; 1020 …(+1773),10; 100; 101; 102; 103; 104; 105; 106; 107; 108; 109; 11; 110; 111; 112; 113; 114; 115; 116; 117; 118; 119; 12; 120; 121 …(+398),,id; related_is; title; unnamed_3,is_number; licence_count; manufacturer_count,IS 10109; IS 1019; IS 10238; IS 1029; IS 10631; IS 10632 (Part 2); IS 10632 (Part 3); IS 10701 …(+358),IS 10151; IS 10613; IS 10910; IS 11169; IS 11356 (Part 1); IS 11356 (Part 2); IS 12818; IS 13095 …(+84),,
DC-0215,bis_gazette_notification.csv,bis_gazette_notification,F034,output__topic18_fmcs_manufacturers.csv,output__topic18_fmcs_manufacturers,F045,16_ACT_RULES_REGULATIONS,22_FMCS,SINGLETON,1798,3135,4,17,0,4,17,0.0,SCHEMA_DISJOINT,0,0,0,0.0,0.0,0,LOW_PROJECTION_WIDTH,NO,NO,NO,249,366,92,0.3522,0,0,3893,0.0,0,0,0,0,0,0,0.0,0,0,0.3522,0,0,1,,,4844,53187,,,,SAME_ENTITIES_DIFFERENT_KEY_NAMESPACE,-1,-1,-1,0.0,NO_SHARED_RECORD_KEY,NO_SHARED_RECORD_KEY,related_is,is_number,0,,10; 100; 1000; 1001; 1002; 1003; 1004; 1005; 1006; 1007; 1008; 1009; 101; 1010; 1011; 1012; 1013; 1014; 1015; 1016; 1017; 1018; 1019; 102; 1020 …(+1773),10; 100; 1000; 1001; 1002; 1003; 1004; 1005; 1006; 1007; 1008; 1009; 101; 1010; 1011; 1012; 1013; 1014; 1015; 1016; 1017; 1018; 1019; 102; 1020 …(+3110),,id; related_is; title; unnamed_3,air; application_requirements; competent_personnel; country; documents; eligibility; factory; fees; is_number; licence; licence_status; machinery_requirements; manufacturer; manufacturer_id; product …(+2),IS 10109; IS 1019; IS 10238; IS 1029; IS 10631; IS 10632 (Part 2); IS 10632 (Part 3); IS 10701 …(+358),IS 10151; IS 10613; IS 10910; IS 11169; IS 11356 (Part 1); IS 11356 (Part 2); IS 12818; IS 13095 …(+84),,
DC-0216,bis_laboratories.csv,bis_laboratories,F035,bis_topic17_hallmarking_centres.csv,bis_topic17_hallmarking_centres,F038,14_LIMS_LABS,20_HALLMARKING_CENTRES,SINGLETON,431,1658,11,14,5,6,9,0.25,SCHEMA_OVERLAP,0,430,1658,0.0,0.0875,5,LOW_PROJECTION_WIDTH,NO,NO,NO,0,1093,0,0.0,0,0,0,0.0,0,0,0,0,0,0,0.0,0,0,0.0,0,20,1,,,4256,23212,,,,NO_KEY_AVAILABLE,-1,-1,-1,0.0,NO_SHARED_RECORD_KEY,NO_SHARED_RECORD_KEY,tested_is_numbers,,0,,10; 100; 101; 102; 103; 104; 105; 106; 107; 108; 109; 11; 110; 111; 112; 113; 114; 115; 116; 117; 118; 119; 12; 120; 121 …(+405),10; 100; 1000; 1001; 1002; 1003; 1004; 1005; 1006; 1007; 1008; 1009; 101; 1010; 1011; 1012; 1013; 1014; 1015; 1016; 1017; 1018; 1019; 102; 1020 …(+1633),address; city; pin; source_url; state,accreditation_validity; contact_details; lab_id; lab_name; lab_type; tested_is_numbers,centre_code; centre_id; centre_name; district; recognition_status; recognition_status_raw; scope; services; validity,IS 10001; IS 1005; IS 1008; IS 1009; IS 1010; IS 1011; IS 10116; IS 10124 …(+1085),,,
DC-0217,bis_product_certification_faq (1).csv,bis_product_certification_faq (1),F036,bis_product_certifications.csv,bis_product_certifications,F037,12_CERTIFICATION_FAQ,11_CERTIFICATION_PROCESS,SINGLETON,28,71,8,9,1,7,8,0.0625,SCHEMA_WEAK_OVERLAP,0,28,71,0.0,0.0219,1,LOW_PROJECTION_WIDTH,NO,NO,NO,0,0,0,0.0,0,1,0,0.0,0,0,0,2,0,1,0.6667,0,0,0.6667,0,1,54,,,224,511,,,,SAME_ENTITIES_DIFFERENT_KEY_NAMESPACE,-1,-1,-1,0.0,NO_SHARED_RECORD_KEY,NO_SHARED_RECORD_KEY,related_is,,0,,10; 11; 12; 13; 14; 15; 16; 17; 18; 19; 2; 20; 21; 22; 23; 24; 25; 26; 27; 28; 29; 3; 4; 5; 6 …(+3),10; 11; 12; 13; 14; 15; 16; 17; 18; 19; 2; 20; 21; 22; 23; 24; 25; 26; 27; 28; 29; 3; 30; 31; 32 …(+46),source_url,answer; category; faq_id; question; related_is; related_product; related_scheme,applicability; application_procedure; document_url; fee_structure; guideline_title; inspection_testing_norm; scheme_id; scheme_name,,,,foreign manufacturers
DC-0218,bis_topic17_hallmarking_centres.csv,bis_topic17_hallmarking_centres,F038,bis_topic17_hallmarking_centres_cancelled_suspended.csv,bis_topic17_hallmarking_centres_cancelled_suspended,F039,20_HALLMARKING_CENTRES,20_HALLMARKING_CENTRES,SINGLETON,1658,722,14,17,14,0,3,0.8235,SCHEMA_SUBSET,0,1658,722,0.0,0.2882,14,RELIABLE,NO,NO,NO,0,0,0,0.0,0,0,0,0.0,0,0,0,0,0,0,0.0,0,0,0.0,0,1,1,,2021; 2022; 2023; 2024; 2025; 2026,23212,11551,centre_id,centre_code; centre_id,,KEY_LINKED,136,1522,586,0.0606,ahc-cro-rahc-r-110002; ahc-cro-rahc-r-110006; ahc-cro-rahc-r-110017; ahc-cro-rahc-r-110031; ahc-cro-rahc-r-110033; ahc-cro-rahc-r-110041 …(+1516),ahc-cro-rahc-r-110034; ahc-cro-rahc-r-110043; ahc-cro-rahc-r-110044; ahc-cro-rahc-r-110047; ahc-cro-rahc-r-110057; ahc-cro-rahc-r-110060 …(+580),,,273,address; source_url; validity,10; 100; 1000; 1001; 1002; 1003; 1004; 1005; 1006; 1007; 1008; 1009; 101; 1010; 1011; 1012; 1013; 1014; 1015; 1016; 1017; 1018; 1019; 102; 1020 …(+1633),10; 100; 101; 102; 103; 104; 105; 106; 107; 108; 109; 11; 110; 111; 112; 113; 114; 115; 116; 117; 118; 119; 12; 120; 121 …(+697),address; centre_code; centre_id; centre_name; city; district; pin; recognition_status; recognition_status_raw; scope; services; source_url; state; validity,,centre_type; region; suspended_cancelled_date,,,,
DC-0219,data__raw__fmcs_all_fmcs_list_raw.csv,data__raw__fmcs_all_fmcs_list_raw,F040,output__fmcs_country_coverage.csv,output__fmcs_country_coverage,F042,22_FMCS,22_FMCS,SINGLETON,3135,74,9,3,0,9,3,0.0,SCHEMA_DISJOINT,0,0,0,0.0,0.0,0,LOW_PROJECTION_WIDTH,NO,NO,NO,0,341,0,0.0,0,0,0,0.0,0,0,0,0,0,0,0.0,0,0,0.0,0,1,0,2026,,28215,222,,,,NO_KEY_AVAILABLE,-1,-1,-1,0.0,NO_SHARED_RECORD_KEY,NO_SHARED_RECORD_KEY,standard_no_raw,,0,,10; 100; 1000; 1001; 1002; 1003; 1004; 1005; 1006; 1007; 1008; 1009; 101; 1010; 1011; 1012; 1013; 1014; 1015; 1016; 1017; 1018; 1019; 102; 1020 …(+3110),10; 11; 12; 13; 14; 15; 16; 17; 18; 19; 2; 20; 21; 22; 23; 24; 25; 26; 27; 28; 29; 3; 30; 31; 32 …(+49),,cml_no_raw; name_address_raw; retrieved_at; s_no; source_url; standard_no_raw; status_raw; validity_date_raw; variety_brand_raw,country; licence_count; manufacturer_count,IS 10116; IS 10151; IS 10325; IS 10613; IS 10617; IS 10702; IS 10748; IS 10773 …(+333),,,
DC-0220,data__raw__fmcs_all_fmcs_list_raw.csv,data__raw__fmcs_all_fmcs_list_raw,F040,output__fmcs_is_coverage.csv,output__fmcs_is_coverage,F043,22_FMCS,22_FMCS,SINGLETON,3135,423,9,3,0,9,3,0.0,SCHEMA_DISJOINT,0,0,0,0.0,0.0,0,LOW_PROJECTION_WIDTH,NO,NO,NO,341,0,0,1.0,0,0,0,0.0,0,0,0,0,0,0,0.0,0,0,1.0,0,1,0,2026,,28215,1269,,,,SAME_ENTITIES_DIFFERENT_KEY_NAMESPACE,-1,-1,-1,0.0,NO_SHARED_RECORD_KEY,NO_SHARED_RECORD_KEY,standard_no_raw,is_number,0,,10; 100; 1000; 1001; 1002; 1003; 1004; 1005; 1006; 1007; 1008; 1009; 101; 1010; 1011; 1012; 1013; 1014; 1015; 1016; 1017; 1018; 1019; 102; 1020 …(+3110),10; 100; 101; 102; 103; 104; 105; 106; 107; 108; 109; 11; 110; 111; 112; 113; 114; 115; 116; 117; 118; 119; 12; 120; 121 …(+398),,cml_no_raw; name_address_raw; retrieved_at; s_no; source_url; standard_no_raw; status_raw; validity_date_raw; variety_brand_raw,is_number; licence_count; manufacturer_count,,,,
DC-0221,data__raw__fmcs_all_fmcs_list_raw.csv,data__raw__fmcs_all_fmcs_list_raw,F040,output__topic18_fmcs_manufacturers.csv,output__topic18_fmcs_manufacturers,F045,22_FMCS,22_FMCS,SINGLETON,3135,3135,9,17,1,8,16,0.04,SCHEMA_WEAK_OVERLAP,3135,0,0,1.0,0.014,1,LOW_PROJECTION_WIDTH,NO,NO,NO,341,0,0,1.0,0,0,3893,0.0,0,0,0,0,0,0,0.0,0,0,1.0,1,0,0,2026,,28215,53187,,,,SAME_ENTITIES_DIFFERENT_KEY_NAMESPACE,-1,-1,-1,0.0,NO_SHARED_RECORD_KEY,NO_SHARED_RECORD_KEY,standard_no_raw,is_number,0,,,,source_url,cml_no_raw; name_address_raw; retrieved_at; s_no; standard_no_raw; status_raw; validity_date_raw; variety_brand_raw,air; application_requirements; competent_personnel; country; documents; eligibility; factory; fees; is_number; licence; licence_status; machinery_requirements; manufacturer; manufacturer_id; product …(+1),,,,
DC-0222,data__raw__fmcs_all_fmcs_list_raw.csv,data__raw__fmcs_all_fmcs_list_raw,F040,output__topic19_official_documents.csv,output__topic19_official_documents,F046,22_FMCS,22_FMCS,SINGLETON,3135,22,9,17,1,8,16,0.04,SCHEMA_WEAK_OVERLAP,0,3135,22,0.0,0.014,1,LOW_PROJECTION_WIDTH,NO,NO,NO,0,341,0,0.0,0,0,0,0.0,0,0,0,0,0,2,0.0,0,0,0.0,0,1,29,2026,,28215,214,,,,NO_KEY_AVAILABLE,-1,-1,-1,0.0,NO_SHARED_RECORD_KEY,NO_SHARED_RECORD_KEY,standard_no_raw,is_number,0,,10; 100; 1000; 1001; 1002; 1003; 1004; 1005; 1006; 1007; 1008; 1009; 101; 1010; 1011; 1012; 1013; 1014; 1015; 1016; 1017; 1018; 1019; 102; 1020 …(+3110),10; 11; 12; 13; 14; 15; 16; 17; 18; 19; 2; 20; 21; 22; 23; 3; 4; 5; 6; 7; 8; 9,source_url,cml_no_raw; name_address_raw; retrieved_at; s_no; standard_no_raw; status_raw; validity_date_raw; variety_brand_raw,access_status; date; document_id; document_title; document_type; download_url; effective_date; is_number; license_access_restriction; local_file; page_count; product; qco; scheme; sha256 …(+1),IS 10116; IS 10151; IS 10325; IS 10613; IS 10617; IS 10702; IS 10748; IS 10773 …(+333),,,2018; fmcs scheme i bis conformity assessment regulations
DC-0223,output__fmcs_country_coverage.csv,output__fmcs_country_coverage,F042,output__fmcs_is_coverage.csv,output__fmcs_is_coverage,F043,22_FMCS,22_FMCS,SINGLETON,74,423,3,3,2,1,1,0.5,SCHEMA_OVERLAP,39,35,384,0.0852,0.175,2,LOW_PROJECTION_WIDTH,NO,NO,NO,0,0,341,0.0,0,0,0,0.0,0,0,0,0,0,0,0.0,0,0,0.0,0,0,0,,,222,1269,,,,NO_KEY_AVAILABLE,-1,-1,-1,0.0,NO_SHARED_RECORD_KEY,NO_SHARED_RECORD_KEY,,is_number,0,,11; 13; 16; 17; 20; 21; 23; 25; 26; 27; 28; 32; 34; 35; 4; 40; 45; 49; 52; 53; 55; 58; 59; 6; 60 …(+10),103; 106; 107; 11; 115; 119; 120; 121; 122; 123; 129; 13; 130; 131; 134; 135; 156; 159; 16; 161; 162; 165; 168; 17; 173 …(+100),licence_count; manufacturer_count,country,is_number,,IS 10116; IS 10151; IS 10325; IS 10613; IS 10617; IS 10702; IS 10748; IS 10773 …(+333),,
DC-0224,output__fmcs_country_coverage.csv,output__fmcs_country_coverage,F042,output__topic18_fmcs_manufacturers.csv,output__topic18_fmcs_manufacturers,F045,22_FMCS,22_FMCS,SINGLETON,74,3135,3,17,1,2,16,0.0526,SCHEMA_WEAK_OVERLAP,74,0,3061,0.0236,0.0184,1,LOW_PROJECTION_WIDTH,NO,NO,NO,0,0,341,0.0,0,0,3893,0.0,0,0,0,0,0,0,0.0,0,0,0.0,0,0,1,,,222,53187,,,,NO_KEY_AVAILABLE,-1,-1,-1,0.0,NO_SHARED_RECORD_KEY,NO_SHARED_RECORD_KEY,,is_number,0,,,,country,licence_count; manufacturer_count,air; application_requirements; competent_personnel; documents; eligibility; factory; fees; is_number; licence; licence_status; machinery_requirements; manufacturer; manufacturer_id; product; source_url …(+1),,IS 10116; IS 10151; IS 10325; IS 10613; IS 10617; IS 10702; IS 10748; IS 10773 …(+333),,
DC-0225,output__fmcs_country_coverage.csv,output__fmcs_country_coverage,F042,output__topic19_official_documents.csv,output__topic19_official_documents,F046,22_FMCS,22_FMCS,SINGLETON,74,22,3,17,0,3,17,0.0,SCHEMA_DISJOINT,0,0,0,0.0,0.0,0,LOW_PROJECTION_WIDTH,NO,NO,NO,0,0,0,0.0,0,0,0,0.0,0,0,0,0,0,2,0.0,0,0,0.0,0,0,29,,,222,214,,,,NO_KEY_AVAILABLE,-1,-1,-1,0.0,NO_SHARED_RECORD_KEY,NO_SHARED_RECORD_KEY,,is_number,0,,10; 11; 12; 13; 14; 15; 16; 17; 18; 19; 2; 20; 21; 22; 23; 24; 25; 26; 27; 28; 29; 3; 30; 31; 32 …(+49),10; 11; 12; 13; 14; 15; 16; 17; 18; 19; 2; 20; 21; 22; 23; 3; 4; 5; 6; 7; 8; 9,,country; licence_count; manufacturer_count,access_status; date; document_id; document_title; document_type; download_url; effective_date; is_number; license_access_restriction; local_file; page_count; product; qco; scheme; sha256 …(+2),,,,2018; fmcs scheme i bis conformity assessment regulations
DC-0226,output__fmcs_is_coverage.csv,output__fmcs_is_coverage,F043,output__topic18_fmcs_manufacturers.csv,output__topic18_fmcs_manufacturers,F045,22_FMCS,22_FMCS,SINGLETON,423,3135,3,17,1,2,16,0.0526,SCHEMA_WEAK_OVERLAP,423,0,2712,0.1349,0.0184,1,LOW_PROJECTION_WIDTH,NO,NO,NO,341,0,0,1.0,0,0,3893,0.0,0,0,0,0,0,0,0.0,0,0,1.0,0,0,1,,,1269,53187,,,,SAME_ENTITIES_DIFFERENT_KEY_NAMESPACE,-1,-1,-1,0.0,NO_SHARED_RECORD_KEY,NO_SHARED_RECORD_KEY,is_number,is_number,0,,,,is_number,licence_count; manufacturer_count,air; application_requirements; competent_personnel; country; documents; eligibility; factory; fees; licence; licence_status; machinery_requirements; manufacturer; manufacturer_id; product; source_url …(+1),,,,
DC-0227,output__fmcs_is_coverage.csv,output__fmcs_is_coverage,F043,output__topic19_official_documents.csv,output__topic19_official_documents,F046,22_FMCS,22_FMCS,SINGLETON,423,22,3,17,1,2,16,0.0526,SCHEMA_WEAK_OVERLAP,0,423,0,0.0,0.0184,1,LOW_PROJECTION_WIDTH,NO,NO,NO,0,341,0,0.0,0,0,0,0.0,0,0,0,0,0,2,0.0,0,0,0.0,0,0,29,,,1269,214,,,,NO_KEY_AVAILABLE,-1,-1,-1,0.0,NO_SHARED_RECORD_KEY,NO_SHARED_RECORD_KEY,is_number,is_number,0,,10; 100; 101; 102; 103; 104; 105; 106; 107; 108; 109; 11; 110; 111; 112; 113; 114; 115; 116; 117; 118; 119; 12; 120; 121 …(+398),,is_number,licence_count; manufacturer_count,access_status; date; document_id; document_title; document_type; download_url; effective_date; license_access_restriction; local_file; page_count; product; qco; scheme; sha256; source_url …(+1),IS 10116; IS 10151; IS 10325; IS 10613; IS 10617; IS 10702; IS 10748; IS 10773 …(+333),,,2018; fmcs scheme i bis conformity assessment regulations
DC-0228,output__source_inventory.csv,output__source_inventory,F044,output__topic19_official_documents.csv,output__topic19_official_documents,F046,OTHER_RELEVANT,22_FMCS,SINGLETON,46,22,12,17,1,11,16,0.0357,SCHEMA_WEAK_OVERLAP,20,5,0,0.8,0.0125,1,LOW_PROJECTION_WIDTH,NO,NO,NO,0,0,0,0.0,0,0,0,0.0,0,0,0,0,0,2,0.0,0,22,0.449,29,16,0,2026,,464,214,,,,SAME_ENTITIES_DIFFERENT_KEY_NAMESPACE,-1,-1,-1,0.0,NO_SHARED_RECORD_KEY,NO_SHARED_RECORD_KEY,,is_number,0,,,,sha256,bytes; canonical_document_id; content_type; dedup_status; http_status; last_modified; notes; retrieved_at; source_title; source_type; url,access_status; date; document_id; document_title; document_type; download_url; effective_date; is_number; license_access_restriction; local_file; page_count; product; qco; scheme; source_url …(+1),,,,2018; fmcs scheme i bis conformity assessment regulations
DC-0229,output__source_inventory.csv,output__source_inventory,F044,output__topic20_provenance.csv,output__topic20_provenance,F047,OTHER_RELEVANT,OTHER_RELEVANT,SINGLETON,46,44154,12,19,2,10,17,0.069,SCHEMA_WEAK_OVERLAP,2,44,44152,0.0,0.0242,2,LOW_PROJECTION_WIDTH,NO,NO,NO,0,0,0,0.0,0,0,0,0.0,0,0,0,0,0,0,0.0,0,22,0.3438,10,35,0,2026,2026,464,564707,,,,SAME_ENTITIES_DIFFERENT_KEY_NAMESPACE,-1,-1,-1,0.0,NO_SHARED_RECORD_KEY,NO_SHARED_RECORD_KEY,,,0,,10; 11; 12; 13; 14; 15; 16; 17; 19; 20; 21; 22; 23; 24; 25; 26; 27; 28; 29; 3; 30; 31; 32; 33; 34 …(+19),10; 10005; 10006; 10007; 10008; 10009; 10010; 10011; 10019; 10020; 10021; 10022; 10023; 10024; 10025; 1003; 10033; 10034; 10035; 10036; 10037; 10038; 10039; 1004; 10047 …(+22162),source_title; source_type,bytes; canonical_document_id; content_type; dedup_status; http_status; last_modified; notes; retrieved_at; sha256; url,clause; confidence; document_hash; document_id; document_title; effective_date; entity_type; evidence_text; field_name; field_value; page; record_id; retrieval_timestamp; section; source_url …(+2),,,,
DC-0230,output__topic18_fmcs_manufacturers.csv,output__topic18_fmcs_manufacturers,F045,output__topic19_official_documents.csv,output__topic19_official_documents,F046,22_FMCS,22_FMCS,SINGLETON,3135,22,17,17,3,14,14,0.0968,SCHEMA_WEAK_OVERLAP,0,3135,22,0.0,0.0339,3,LOW_PROJECTION_WIDTH,NO,NO,NO,0,341,0,0.0,0,3893,0,0.0,0,0,0,0,0,2,0.0,0,0,0.0,0,1,29,,,53187,214,,,,NO_KEY_AVAILABLE,-1,-1,-1,0.0,NO_SHARED_RECORD_KEY,NO_SHARED_RECORD_KEY,is_number,is_number,0,,10; 100; 1000; 1001; 1002; 1003; 1004; 1005; 1006; 1007; 1008; 1009; 101; 1010; 1011; 1012; 1013; 1014; 1015; 1016; 1017; 1018; 1019; 102; 1020 …(+3110),10; 11; 12; 13; 14; 15; 16; 17; 18; 19; 2; 20; 21; 22; 23; 3; 4; 5; 6; 7; 8; 9,is_number; product; source_url,air; application_requirements; competent_personnel; country; documents; eligibility; factory; fees; licence; licence_status; machinery_requirements; manufacturer; manufacturer_id; testing_facilities,access_status; date; document_id; document_title; document_type; download_url; effective_date; license_access_restriction; local_file; page_count; qco; scheme; sha256; version,IS 10116; IS 10151; IS 10325; IS 10613; IS 10617; IS 10702; IS 10748; IS 10773 …(+333),,,2018; fmcs scheme i bis conformity assessment regulations
DC-0231,output__topic19_official_documents.csv,output__topic19_official_documents,F046,output__topic20_provenance.csv,output__topic20_provenance,F047,22_FMCS,OTHER_RELEVANT,SINGLETON,22,44154,17,19,5,12,14,0.1613,SCHEMA_WEAK_OVERLAP,22,0,44132,0.0005,0.0565,5,LOW_PROJECTION_WIDTH,NO,NO,NO,0,0,0,0.0,0,0,0,0.0,0,0,0,0,2,0,0.0,0,44,0.6377,8,21,2,,2026,214,564707,,,,SAME_ENTITIES_DIFFERENT_KEY_NAMESPACE,-1,-1,-1,0.0,NO_SHARED_RECORD_KEY,NO_SHARED_RECORD_KEY,is_number,,0,,,10; 100; 1000; 10000; 10001; 10002; 10003; 10004; 10005; 10006; 10007; 10008; 10009; 1001; 10010; 10011; 10012; 10013; 10014; 10015; 10016; 10017; 10018; 10019; 1002 …(+43865),document_id; document_title; effective_date; source_url; version,access_status; date; document_type; download_url; is_number; license_access_restriction; local_file; page_count; product; qco; scheme; sha256,clause; confidence; document_hash; entity_type; evidence_text; field_name; field_value; page; record_id; retrieval_timestamp; section; source_title; source_type; verification_status,,,2018; fmcs scheme i bis conformity assessment regulations,
