group_id,file_a,file_b,duplicate_type,similarity_score,common_rows,unique_rows_a,unique_rows_b,common_IS_numbers,unique_IS_numbers_a,unique_IS_numbers_b,common_columns,unique_columns_a,unique_columns_b,conflicts,decision,decision_reason,recommended_canonical_file,records_to_merge,records_to_archive,requires_review,detection_level,record_key_column,common_records_by_key,unique_records_a_by_key,unique_records_b_by_key,record_key_jaccard,entity_identity_verdict,entity_discriminator_columns,homonym_columns_do_not_union,attribute_sets_comparable,row_metric_reliability,schema_verdict,identical_bytes,identical_row_multiset,version_direction_evidence,pair_id
DG-0000,05_scheme_ii.csv,06_scheme_iv.csv,DIFFERENT_ENTITY,0.3062,0,78,6,0,27,4,21,1,2,0,DIFFERENT_ENTITY,"Checked and cleared as a false duplicate candidate: no shared record key values and entity overlap only 0.00. Schema resemblance (SCHEMA_SUBSTANTIALLY_IDENTICAL, column Jaccard 0.875) is structural, not evidence of shared records.",BOTH_KEEP_SEPARATE,0,0,NO,L3,scheme_record_id,0,78,6,0.0,KEY_DISJOINT_NO_ENTITY_EVIDENCE,,,YES,RELIABLE,SCHEMA_SUBSTANTIALLY_IDENTICAL,NO,NO,NO_CONFLICTS_TO_JUDGE_DIRECTION_FROM,DC-0000
DG-0001,05_scheme_ii.csv,07_scheme_x.csv,DIFFERENT_ENTITY,0.3062,0,78,52,0,27,6,21,1,2,0,DIFFERENT_ENTITY,"Checked and cleared as a false duplicate candidate: no shared record key values and entity overlap only 0.00. Schema resemblance (SCHEMA_SUBSTANTIALLY_IDENTICAL, column Jaccard 0.875) is structural, not evidence of shared records.",BOTH_KEEP_SEPARATE,0,0,NO,L3,scheme_record_id,0,78,52,0.0,KEY_DISJOINT_NO_ENTITY_EVIDENCE,,,YES,RELIABLE,SCHEMA_SUBSTANTIALLY_IDENTICAL,NO,NO,NO_CONFLICTS_TO_JUDGE_DIRECTION_FROM,DC-0001
DG-0002,05_scheme_ii.csv,BIS_Schemes_Master_Scheme_2.xlsx,DIFFERENT_ENTITY,0.0437,0,78,40,0,27,0,4,18,10,0,DIFFERENT_ENTITY,"Checked and cleared as a false duplicate candidate: no shared record key values and entity overlap only 0.01. Schema resemblance (SCHEMA_WEAK_OVERLAP, column Jaccard 0.125) is structural, not evidence of shared records.",BOTH_KEEP_SEPARATE,0,0,NO,L3,,-1,-1,-1,0.0,NO_KEY_AVAILABLE,,,NO,LOW_PROJECTION_WIDTH,SCHEMA_WEAK_OVERLAP,NO,NO,NO_CONFLICTS_TO_JUDGE_DIRECTION_FROM,DC-0002
DG-0003,06_scheme_iv.csv,07_scheme_x.csv,DIFFERENT_ENTITY,0.35,0,6,52,0,4,6,23,0,0,0,DIFFERENT_ENTITY,"Checked and cleared as a false duplicate candidate: no shared record key values and entity overlap only 0.00. Schema resemblance (SCHEMA_IDENTICAL, column Jaccard 1.0) is structural, not evidence of shared records.",BOTH_KEEP_SEPARATE,0,0,NO,L3,scheme_record_id,0,6,52,0.0,KEY_DISJOINT_NO_ENTITY_EVIDENCE,,,YES,RELIABLE,SCHEMA_IDENTICAL,NO,NO,NO_CONFLICTS_TO_JUDGE_DIRECTION_FROM,DC-0003
DG-0004,07_scheme_x.csv,BIS_Scheme_X_Industrial.xlsx,COMPLEMENTARY,0.0424,0,52,5,2,4,0,4,19,10,0,COMPLEMENTARY,"No shared value in any candidate key column (none qualified), yet entity overlap reaches 0.33 - the files describe overlapping entities under different identifier namespaces. Identity must be re-derived in Phase 3 from the entity columns before any merge; keying on the existing surrogate would duplicate every shared entity. The two files share their subjects but not their attributes (SCHEMA_WEAK_OVERLAP, column Jaccard 0.1212, 4 shared of 23/14 columns), so they describe different attributes of the same subjects. Union them side by side on the subject key; neither attribute set may be dropped.",MERGE_AFTER_REKEY,57,0,YES,L4,,-1,-1,-1,0.0,SAME_ENTITIES_DIFFERENT_KEY_NAMESPACE,,,NO,LOW_PROJECTION_WIDTH,SCHEMA_WEAK_OVERLAP,NO,NO,NO_CONFLICTS_TO_JUDGE_DIRECTION_FROM,DC-0004
DG-0005,07_scheme_x.csv,BIS_Scheme_X_Industrial_v2.xlsx,COMPLEMENTARY,0.0424,0,52,5,2,4,0,4,19,10,0,COMPLEMENTARY,"No shared value in any candidate key column (none qualified), yet entity overlap reaches 0.33 - the files describe overlapping entities under different identifier namespaces. Identity must be re-derived in Phase 3 from the entity columns before any merge; keying on the existing surrogate would duplicate every shared entity. The two files share their subjects but not their attributes (SCHEMA_WEAK_OVERLAP, column Jaccard 0.1212, 4 shared of 23/14 columns), so they describe different attributes of the same subjects. Union them side by side on the subject key; neither attribute set may be dropped.",MERGE_AFTER_REKEY,57,0,YES,L4,,-1,-1,-1,0.0,SAME_ENTITIES_DIFFERENT_KEY_NAMESPACE,,,NO,LOW_PROJECTION_WIDTH,SCHEMA_WEAK_OVERLAP,NO,NO,NO_CONFLICTS_TO_JUDGE_DIRECTION_FROM,DC-0005
DG-0006,BIS_Combined_Testing_Master.xlsx,BIS_Laboratory_Scopes.xlsx,COMPLEMENTARY,0.05,0,260,45,40,6,4,3,9,9,0,COMPLEMENTARY,"No shared value in any candidate key column (none qualified), yet entity overlap reaches 0.80 - the files describe overlapping entities under different identifier namespaces. Identity must be re-derived in Phase 3 from the entity columns before any merge; keying on the existing surrogate would duplicate every shared entity. The two files share their subjects but not their attributes (SCHEMA_WEAK_OVERLAP, column Jaccard 0.1429, 3 shared of 12/12 columns), so they describe different attributes of the same subjects. Union them side by side on the subject key; neither attribute set may be dropped.",MERGE_AFTER_REKEY,305,0,YES,L4,,-1,-1,-1,0.0,SAME_ENTITIES_DIFFERENT_KEY_NAMESPACE,,,NO,LOW_PROJECTION_WIDTH,SCHEMA_WEAK_OVERLAP,NO,NO,NO_CONFLICTS_TO_JUDGE_DIRECTION_FROM,DC-0006
DG-0007,BIS_Combined_Testing_Master.xlsx,BIS_Notifications_Master.xlsx,COMPLEMENTARY,0.014,0,260,31,21,25,5,1,11,13,0,COMPLEMENTARY,"No shared value in any candidate key column (none qualified), yet entity overlap reaches 0.41 - the files describe overlapping entities under different identifier namespaces. Identity must be re-derived in Phase 3 from the entity columns before any merge; keying on the existing surrogate would duplicate every shared entity. The two files share their subjects but not their attributes (SCHEMA_WEAK_OVERLAP, column Jaccard 0.04, 1 shared of 12/14 columns), so they describe different attributes of the same subjects. Union them side by side on the subject key; neither attribute set may be dropped.",MERGE_AFTER_REKEY,291,0,YES,L4,,-1,-1,-1,0.0,SAME_ENTITIES_DIFFERENT_KEY_NAMESPACE,,,NO,LOW_PROJECTION_WIDTH,SCHEMA_WEAK_OVERLAP,NO,NO,NO_CONFLICTS_TO_JUDGE_DIRECTION_FROM,DC-0007
DG-0008,BIS_Combined_Testing_Master.xlsx,BIS_Product_Manuals_Master.xlsx,COMPLEMENTARY,0.0113,18,242,22,40,6,0,1,11,19,0,COMPLEMENTARY,"No shared value in any candidate key column (none qualified), yet entity overlap reaches 0.87 - the files describe overlapping entities under different identifier namespaces. Identity must be re-derived in Phase 3 from the entity columns before any merge; keying on the existing surrogate would duplicate every shared entity. The two files share their subjects but not their attributes (SCHEMA_WEAK_OVERLAP, column Jaccard 0.0323, 1 shared of 12/20 columns), so they describe different attributes of the same subjects. Union them side by side on the subject key; neither attribute set may be dropped.",MERGE_AFTER_REKEY,300,0,YES,L4,,-1,-1,-1,0.0,SAME_ENTITIES_DIFFERENT_KEY_NAMESPACE,,,NO,LOW_PROJECTION_WIDTH,SCHEMA_WEAK_OVERLAP,NO,NO,NO_CONFLICTS_TO_JUDGE_DIRECTION_FROM,DC-0008
DG-0009,BIS_Combined_Testing_Master.xlsx,BIS_Products_Details.xlsx,COMPLEMENTARY,0.0159,0,260,40,40,6,0,1,11,10,0,COMPLEMENTARY,"No shared value in any candidate key column (none qualified), yet entity overlap reaches 0.87 - the files describe overlapping entities under different identifier namespaces. Identity must be re-derived in Phase 3 from the entity columns before any merge; keying on the existing surrogate would duplicate every shared entity. The two files share their subjects but not their attributes (SCHEMA_WEAK_OVERLAP, column Jaccard 0.0455, 1 shared of 12/11 columns), so they describe different attributes of the same subjects. Union them side by side on the subject key; neither attribute set may be dropped.",MERGE_AFTER_REKEY,300,0,YES,L4,,-1,-1,-1,0.0,SAME_ENTITIES_DIFFERENT_KEY_NAMESPACE,,,NO,LOW_PROJECTION_WIDTH,SCHEMA_WEAK_OVERLAP,NO,NO,NO_CONFLICTS_TO_JUDGE_DIRECTION_FROM,DC-0009
DG-0010,BIS_Combined_Testing_Master.xlsx,BIS_Products_Full_Information.xlsx,COMPLEMENTARY,0.0159,0,260,40,29,17,22,1,11,10,0,COMPLEMENTARY,"No shared value in any candidate key column (none qualified), yet entity overlap reaches 0.43 - the files describe overlapping entities under different identifier namespaces. Identity must be re-derived in Phase 3 from the entity columns before any merge; keying on the existing surrogate would duplicate every shared entity. The two files share their subjects but not their attributes (SCHEMA_WEAK_OVERLAP, column Jaccard 0.0455, 1 shared of 12/11 columns), so they describe different attributes of the same subjects. Union them side by side on the subject key; neither attribute set may be dropped.",MERGE_AFTER_REKEY,300,0,YES,L4,,-1,-1,-1,0.0,SAME_ENTITIES_DIFFERENT_KEY_NAMESPACE,,,NO,LOW_PROJECTION_WIDTH,SCHEMA_WEAK_OVERLAP,NO,NO,NO_CONFLICTS_TO_JUDGE_DIRECTION_FROM,DC-0010
DG-0011,BIS_Combined_Testing_Master.xlsx,BIS_Products_Full_Information_v2.xlsx,COMPLEMENTARY,0.0159,0,260,40,29,17,22,1,11,10,0,COMPLEMENTARY,"No shared value in any candidate key column (none qualified), yet entity overlap reaches 0.43 - the files describe overlapping entities under different identifier namespaces. Identity must be re-derived in Phase 3 from the entity columns before any merge; keying on the existing surrogate would duplicate every shared entity. The two files share their subjects but not their attributes (SCHEMA_WEAK_OVERLAP, column Jaccard 0.0455, 1 shared of 12/11 columns), so they describe different attributes of the same subjects. Union them side by side on the subject key; neither attribute set may be dropped.",MERGE_AFTER_REKEY,300,0,YES,L4,,-1,-1,-1,0.0,SAME_ENTITIES_DIFFERENT_KEY_NAMESPACE,,,NO,LOW_PROJECTION_WIDTH,SCHEMA_WEAK_OVERLAP,NO,NO,NO_CONFLICTS_TO_JUDGE_DIRECTION_FROM,DC-0011
DG-0012,BIS_Combined_Testing_Master.xlsx,BIS_QCO-schema_2.xlsx,COMPLEMENTARY,0.0106,0,260,40,40,6,0,1,11,21,0,COMPLEMENTARY,"No shared value in any candidate key column (none qualified), yet entity overlap reaches 0.87 - the files describe overlapping entities under different identifier namespaces. Identity must be re-derived in Phase 3 from the entity columns before any merge; keying on the existing surrogate would duplicate every shared entity. The two files share their subjects but not their attributes (SCHEMA_WEAK_OVERLAP, column Jaccard 0.0303, 1 shared of 12/22 columns), so they describe different attributes of the same subjects. Union them side by side on the subject key; neither attribute set may be dropped.",MERGE_AFTER_REKEY,300,0,YES,L4,,-1,-1,-1,0.0,SAME_ENTITIES_DIFFERENT_KEY_NAMESPACE,,,NO,LOW_PROJECTION_WIDTH,SCHEMA_WEAK_OVERLAP,NO,NO,NO_CONFLICTS_TO_JUDGE_DIRECTION_FROM,DC-0012
DG-0013,BIS_Combined_Testing_Master.xlsx,BIS_QCO_Master_Records (1).xlsx,COMPLEMENTARY,0.0106,0,260,15,26,20,1,1,11,21,0,COMPLEMENTARY,"No shared value in any candidate key column (none qualified), yet entity overlap reaches 0.55 - the files describe overlapping entities under different identifier namespaces. Identity must be re-derived in Phase 3 from the entity columns before any merge; keying on the existing surrogate would duplicate every shared entity. The two files share their subjects but not their attributes (SCHEMA_WEAK_OVERLAP, column Jaccard 0.0303, 1 shared of 12/22 columns), so they describe different attributes of the same subjects. Union them side by side on the subject key; neither attribute set may be dropped.",MERGE_AFTER_REKEY,275,0,YES,L4,,-1,-1,-1,0.0,SAME_ENTITIES_DIFFERENT_KEY_NAMESPACE,,,NO,LOW_PROJECTION_WIDTH,SCHEMA_WEAK_OVERLAP,NO,NO,NO_CONFLICTS_TO_JUDGE_DIRECTION_FROM,DC-0013
DG-0014,BIS_Combined_Testing_Master.xlsx,BIS_QCO_Master_Scheme_1.xlsx,COMPLEMENTARY,0.0,0,0,0,40,6,0,0,12,11,0,COMPLEMENTARY,"No shared value in any candidate key column (none qualified), yet entity overlap reaches 0.87 - the files describe overlapping entities under different identifier namespaces. Identity must be re-derived in Phase 3 from the entity columns before any merge; keying on the existing surrogate would duplicate every shared entity. The two files share their subjects but not their attributes (SCHEMA_DISJOINT, column Jaccard 0.0, 0 shared of 12/11 columns), so they describe different attributes of the same subjects. Union them side by side on the subject key; neither attribute set may be dropped.",MERGE_AFTER_REKEY,300,0,YES,L4,,-1,-1,-1,0.0,SAME_ENTITIES_DIFFERENT_KEY_NAMESPACE,,,NO,LOW_PROJECTION_WIDTH,SCHEMA_DISJOINT,NO,NO,NO_CONFLICTS_TO_JUDGE_DIRECTION_FROM,DC-0014
DG-0015,BIS_Combined_Testing_Master.xlsx,BIS_QCO_Summary.xlsx,COMPLEMENTARY,0.0,0,0,0,36,10,0,0,12,7,0,COMPLEMENTARY,"No shared value in any candidate key column (none qualified), yet entity overlap reaches 0.78 - the files describe overlapping entities under different identifier namespaces. Identity must be re-derived in Phase 3 from the entity columns before any merge; keying on the existing surrogate would duplicate every shared entity. The two files share their subjects but not their attributes (SCHEMA_DISJOINT, column Jaccard 0.0, 0 shared of 12/7 columns), so they describe different attributes of the same subjects. Union them side by side on the subject key; neither attribute set may be dropped.",MERGE_AFTER_REKEY,295,0,YES,L4,,-1,-1,-1,0.0,SAME_ENTITIES_DIFFERENT_KEY_NAMESPACE,,,NO,LOW_PROJECTION_WIDTH,SCHEMA_DISJOINT,NO,NO,NO_CONFLICTS_TO_JUDGE_DIRECTION_FROM,DC-0015
DG-0016,BIS_Combined_Testing_Master.xlsx,BIS_Scheme_IV_FMCS.xlsx,COMPLEMENTARY,0.0146,0,260,40,40,6,0,1,11,12,0,COMPLEMENTARY,"No shared value in any candidate key column (none qualified), yet entity overlap reaches 0.87 - the files describe overlapping entities under different identifier namespaces. Identity must be re-derived in Phase 3 from the entity columns before any merge; keying on the existing surrogate would duplicate every shared entity. The two files share their subjects but not their attributes (SCHEMA_WEAK_OVERLAP, column Jaccard 0.0417, 1 shared of 12/13 columns), so they describe different attributes of the same subjects. Union them side by side on the subject key; neither attribute set may be dropped.",MERGE_AFTER_REKEY,300,0,YES,L4,,-1,-1,-1,0.0,SAME_ENTITIES_DIFFERENT_KEY_NAMESPACE,,,NO,LOW_PROJECTION_WIDTH,SCHEMA_WEAK_OVERLAP,NO,NO,NO_CONFLICTS_TO_JUDGE_DIRECTION_FROM,DC-0016
DG-0017,BIS_Combined_Testing_Master.xlsx,BIS_Standards_Details_v2 (1).xlsx,COMPLEMENTARY,0.0,0,0,0,40,6,5,0,12,19,0,COMPLEMENTARY,"No shared value in any candidate key column (none qualified), yet entity overlap reaches 0.78 - the files describe overlapping entities under different identifier namespaces. Identity must be re-derived in Phase 3 from the entity columns before any merge; keying on the existing surrogate would duplicate every shared entity. The two files share their subjects but not their attributes (SCHEMA_DISJOINT, column Jaccard 0.0, 0 shared of 12/19 columns), so they describe different attributes of the same subjects. Union them side by side on the subject key; neither attribute set may be dropped.",MERGE_AFTER_REKEY,300,0,YES,L4,,-1,-1,-1,0.0,SAME_ENTITIES_DIFFERENT_KEY_NAMESPACE,,,NO,LOW_PROJECTION_WIDTH,SCHEMA_DISJOINT,NO,NO,NO_CONFLICTS_TO_JUDGE_DIRECTION_FROM,DC-0017
DG-0018,BIS_Combined_Testing_Master.xlsx,BIS_Standards_Details_v2.xlsx,COMPLEMENTARY,0.0,0,0,0,40,6,5,0,12,19,0,COMPLEMENTARY,"No shared value in any candidate key column (none qualified), yet entity overlap reaches 0.78 - the files describe overlapping entities under different identifier namespaces. Identity must be re-derived in Phase 3 from the entity columns before any merge; keying on the existing surrogate would duplicate every shared entity. The two files share their subjects but not their attributes (SCHEMA_DISJOINT, column Jaccard 0.0, 0 shared of 12/19 columns), so they describe different attributes of the same subjects. Union them side by side on the subject key; neither attribute set may be dropped.",MERGE_AFTER_REKEY,300,0,YES,L4,,-1,-1,-1,0.0,SAME_ENTITIES_DIFFERENT_KEY_NAMESPACE,,,NO,LOW_PROJECTION_WIDTH,SCHEMA_DISJOINT,NO,NO,NO_CONFLICTS_TO_JUDGE_DIRECTION_FROM,DC-0018
DG-0019,BIS_Combined_Testing_Master.xlsx,BIS_Standards_Details_v3.xlsx,COMPLEMENTARY,0.0,0,0,0,40,6,5,0,12,19,0,COMPLEMENTARY,"No shared value in any candidate key column (none qualified), yet entity overlap reaches 0.78 - the files describe overlapping entities under different identifier namespaces. Identity must be re-derived in Phase 3 from the entity columns before any merge; keying on the existing surrogate would duplicate every shared entity. The two files share their subjects but not their attributes (SCHEMA_DISJOINT, column Jaccard 0.0, 0 shared of 12/19 columns), so they describe different attributes of the same subjects. Union them side by side on the subject key; neither attribute set may be dropped.",MERGE_AFTER_REKEY,300,0,YES,L4,,-1,-1,-1,0.0,SAME_ENTITIES_DIFFERENT_KEY_NAMESPACE,,,NO,LOW_PROJECTION_WIDTH,SCHEMA_DISJOINT,NO,NO,NO_CONFLICTS_TO_JUDGE_DIRECTION_FROM,DC-0019
DG-0020,BIS_Combined_Testing_Master.xlsx,BIS_Standards_Intelligence_Master.xlsx,COMPLEMENTARY,0.0103,0,260,45,40,6,4,1,11,22,0,COMPLEMENTARY,"No shared value in any candidate key column (none qualified), yet entity overlap reaches 0.80 - the files describe overlapping entities under different identifier namespaces. Identity must be re-derived in Phase 3 from the entity columns before any merge; keying on the existing surrogate would duplicate every shared entity. The two files share their subjects but not their attributes (SCHEMA_WEAK_OVERLAP, column Jaccard 0.0294, 1 shared of 12/23 columns), so they describe different attributes of the same subjects. Union them side by side on the subject key; neither attribute set may be dropped.",MERGE_AFTER_REKEY,305,0,YES,L4,,-1,-1,-1,0.0,SAME_ENTITIES_DIFFERENT_KEY_NAMESPACE,,,NO,LOW_PROJECTION_WIDTH,SCHEMA_WEAK_OVERLAP,NO,NO,NO_CONFLICTS_TO_JUDGE_DIRECTION_FROM,DC-0020
DG-0021,BIS_Combined_Testing_Master.xlsx,BIS_Standards_Scheme_Mapping.xlsx,COMPLEMENTARY,0.0103,0,260,36,26,20,9,1,11,22,0,COMPLEMENTARY,"No shared value in any candidate key column (none qualified), yet entity overlap reaches 0.47 - the files describe overlapping entities under different identifier namespaces. Identity must be re-derived in Phase 3 from the entity columns before any merge; keying on the existing surrogate would duplicate every shared entity. The two files share their subjects but not their attributes (SCHEMA_WEAK_OVERLAP, column Jaccard 0.0294, 1 shared of 12/23 columns), so they describe different attributes of the same subjects. Union them side by side on the subject key; neither attribute set may be dropped.",MERGE_AFTER_REKEY,296,0,YES,L4,,-1,-1,-1,0.0,SAME_ENTITIES_DIFFERENT_KEY_NAMESPACE,,,NO,LOW_PROJECTION_WIDTH,SCHEMA_WEAK_OVERLAP,NO,NO,NO_CONFLICTS_TO_JUDGE_DIRECTION_FROM,DC-0021
DG-0022,BIS_Combined_Testing_Master.xlsx,BIS_Testing_Parameters_Master.xlsx,COMPLEMENTARY,0.1065,0,260,45,40,6,4,7,5,11,0,COMPLEMENTARY,"No shared value in any candidate key column (none qualified), yet entity overlap reaches 0.80 - the files describe overlapping entities under different identifier namespaces. Identity must be re-derived in Phase 3 from the entity columns before any merge; keying on the existing surrogate would duplicate every shared entity. The two files share their subjects but not their attributes (SCHEMA_OVERLAP, column Jaccard 0.3043, 7 shared of 12/18 columns), so they describe different attributes of the same subjects. Union them side by side on the subject key; neither attribute set may be dropped.",MERGE_AFTER_REKEY,305,0,YES,L4,,-1,-1,-1,0.0,SAME_ENTITIES_DIFFERENT_KEY_NAMESPACE,,,NO,RELIABLE,SCHEMA_OVERLAP,NO,NO,NO_CONFLICTS_TO_JUDGE_DIRECTION_FROM,DC-0022
DG-0023,BIS_FAQs_Master.xlsx,bis_product_certification_faq (1).csv,REQUIRES_REVIEW,0.28,0,98,28,0,6,0,8,2,0,0,REQUIRES_REVIEW,"Evidence does not settle this pair: key overlap 0, entity overlap 0.20, schema SCHEMA_SUBSET, conflicts 0, row metric RELIABLE. Deliberately left unresolved rather than guessed.",UNDECIDED_REVIEW_REQUIRED,0,0,YES,L4,answer,0,98,28,0.0,KEY_DISJOINT_NO_ENTITY_EVIDENCE,,,YES,RELIABLE,SCHEMA_SUBSET,NO,NO,NO_CONFLICTS_TO_JUDGE_DIRECTION_FROM,DC-0023
DG-0024,BIS_Laboratory_Scopes.xlsx,BIS_Notifications_Master.xlsx,COMPLEMENTARY,0.014,0,45,31,20,24,6,1,11,13,0,COMPLEMENTARY,"No shared value in any candidate key column (none qualified), yet entity overlap reaches 0.40 - the files describe overlapping entities under different identifier namespaces. Identity must be re-derived in Phase 3 from the entity columns before any merge; keying on the existing surrogate would duplicate every shared entity. The two files share their subjects but not their attributes (SCHEMA_WEAK_OVERLAP, column Jaccard 0.04, 1 shared of 12/14 columns), so they describe different attributes of the same subjects. Union them side by side on the subject key; neither attribute set may be dropped.",MERGE_AFTER_REKEY,76,0,YES,L4,,-1,-1,-1,0.0,SAME_ENTITIES_DIFFERENT_KEY_NAMESPACE,,,NO,LOW_PROJECTION_WIDTH,SCHEMA_WEAK_OVERLAP,NO,NO,NO_CONFLICTS_TO_JUDGE_DIRECTION_FROM,DC-0024
DG-0025,BIS_Laboratory_Scopes.xlsx,BIS_Product_Manuals_Master.xlsx,COMPLEMENTARY,0.0362,0,45,40,40,4,0,3,9,17,65,COMPLEMENTARY,"39 of 46 records are shared on `is_number` (key Jaccard 0.85; 6 unique to A, 1 to B). The two files share their subjects but not their attributes (SCHEMA_WEAK_OVERLAP, column Jaccard 0.1034, 3 shared of 12/20 columns), so they describe different attributes of the same subjects. Union them side by side on the subject key; neither attribute set may be dropped. Column name(s) source_url disagree on essentially every matched record while both sides hold real values - one name carrying two different meanings. Phase 3 must SPLIT these into per-source fields, not union them.",MERGE_UNION,46,0,YES,L4,is_number,39,6,1,0.8478,KEY_LINKED,,source_url,NO,LOW_PROJECTION_WIDTH,SCHEMA_WEAK_OVERLAP,NO,NO,REPAIR: A carries a raw-scrape artefact in 39 conflicting cells that B has replaced with a clean value,DC-0025
DG-0026,BIS_Laboratory_Scopes.xlsx,BIS_Products_Details.xlsx,COMPLEMENTARY,0.0159,0,45,40,40,4,0,1,11,10,0,COMPLEMENTARY,"No shared value in any candidate key column (none qualified), yet entity overlap reaches 0.91 - the files describe overlapping entities under different identifier namespaces. Identity must be re-derived in Phase 3 from the entity columns before any merge; keying on the existing surrogate would duplicate every shared entity. The two files share their subjects but not their attributes (SCHEMA_WEAK_OVERLAP, column Jaccard 0.0455, 1 shared of 12/11 columns), so they describe different attributes of the same subjects. Union them side by side on the subject key; neither attribute set may be dropped.",MERGE_AFTER_REKEY,85,0,YES,L4,,-1,-1,-1,0.0,SAME_ENTITIES_DIFFERENT_KEY_NAMESPACE,,,NO,LOW_PROJECTION_WIDTH,SCHEMA_WEAK_OVERLAP,NO,NO,NO_CONFLICTS_TO_JUDGE_DIRECTION_FROM,DC-0026
DG-0027,BIS_Laboratory_Scopes.xlsx,BIS_Products_Full_Information.xlsx,COMPLEMENTARY,0.0159,0,45,40,27,17,24,1,11,10,0,COMPLEMENTARY,"No shared value in any candidate key column (none qualified), yet entity overlap reaches 0.40 - the files describe overlapping entities under different identifier namespaces. Identity must be re-derived in Phase 3 from the entity columns before any merge; keying on the existing surrogate would duplicate every shared entity. The two files share their subjects but not their attributes (SCHEMA_WEAK_OVERLAP, column Jaccard 0.0455, 1 shared of 12/11 columns), so they describe different attributes of the same subjects. Union them side by side on the subject key; neither attribute set may be dropped.",MERGE_AFTER_REKEY,85,0,YES,L4,,-1,-1,-1,0.0,SAME_ENTITIES_DIFFERENT_KEY_NAMESPACE,,,NO,LOW_PROJECTION_WIDTH,SCHEMA_WEAK_OVERLAP,NO,NO,NO_CONFLICTS_TO_JUDGE_DIRECTION_FROM,DC-0027
DG-0028,BIS_Laboratory_Scopes.xlsx,BIS_Products_Full_Information_v2.xlsx,COMPLEMENTARY,0.0159,0,45,40,27,17,24,1,11,10,0,COMPLEMENTARY,"No shared value in any candidate key column (none qualified), yet entity overlap reaches 0.40 - the files describe overlapping entities under different identifier namespaces. Identity must be re-derived in Phase 3 from the entity columns before any merge; keying on the existing surrogate would duplicate every shared entity. The two files share their subjects but not their attributes (SCHEMA_WEAK_OVERLAP, column Jaccard 0.0455, 1 shared of 12/11 columns), so they describe different attributes of the same subjects. Union them side by side on the subject key; neither attribute set may be dropped.",MERGE_AFTER_REKEY,85,0,YES,L4,,-1,-1,-1,0.0,SAME_ENTITIES_DIFFERENT_KEY_NAMESPACE,,,NO,LOW_PROJECTION_WIDTH,SCHEMA_WEAK_OVERLAP,NO,NO,NO_CONFLICTS_TO_JUDGE_DIRECTION_FROM,DC-0028
DG-0029,BIS_Laboratory_Scopes.xlsx,BIS_QCO-schema_2.xlsx,COMPLEMENTARY,0.0219,0,45,40,40,4,0,2,10,20,11,COMPLEMENTARY,"11 of 74 records are shared on `product` (key Jaccard 0.15; 34 unique to A, 29 to B). The two files share their subjects but not their attributes (SCHEMA_WEAK_OVERLAP, column Jaccard 0.0625, 2 shared of 12/22 columns), so they describe different attributes of the same subjects. Union them side by side on the subject key; neither attribute set may be dropped. Column name(s) source_url disagree on essentially every matched record while both sides hold real values - one name carrying two different meanings. Phase 3 must SPLIT these into per-source fields, not union them.",MERGE_UNION,74,0,YES,L4,product,11,34,29,0.1486,KEY_LINKED,,source_url,NO,LOW_PROJECTION_WIDTH,SCHEMA_WEAK_OVERLAP,NO,NO,REPAIR: A carries a raw-scrape artefact in 11 conflicting cells that B has replaced with a clean value,DC-0029
DG-0030,BIS_Laboratory_Scopes.xlsx,BIS_QCO_Master_Records (1).xlsx,COMPLEMENTARY,0.0219,0,45,15,26,18,1,2,10,20,2,COMPLEMENTARY,"2 of 58 records are shared on `product` (key Jaccard 0.03; 43 unique to A, 13 to B). The two files share their subjects but not their attributes (SCHEMA_WEAK_OVERLAP, column Jaccard 0.0625, 2 shared of 12/22 columns), so they describe different attributes of the same subjects. Union them side by side on the subject key; neither attribute set may be dropped.",MERGE_UNION,58,0,YES,L4,product,2,43,13,0.0345,KEY_LINKED,,,NO,LOW_PROJECTION_WIDTH,SCHEMA_WEAK_OVERLAP,NO,NO,REPAIR: A carries a raw-scrape artefact in 2 conflicting cells that B has replaced with a clean value,DC-0030
DG-0031,BIS_Laboratory_Scopes.xlsx,BIS_QCO_Master_Scheme_1.xlsx,COMPLEMENTARY,0.0333,8,37,32,40,4,0,2,10,9,30,COMPLEMENTARY,"38 of 47 records are shared on `is_number` (key Jaccard 0.81; 7 unique to A, 2 to B). The two files share their subjects but not their attributes (SCHEMA_WEAK_OVERLAP, column Jaccard 0.0952, 2 shared of 12/11 columns), so they describe different attributes of the same subjects. Union them side by side on the subject key; neither attribute set may be dropped.",MERGE_UNION,47,0,YES,L4,is_number,38,7,2,0.8085,KEY_LINKED,,,NO,LOW_PROJECTION_WIDTH,SCHEMA_WEAK_OVERLAP,NO,NO,"INCONCLUSIVE: 30 conflicts, both sides carry real values (a_blank=0 b_blank=0 a_artefact=0 b_artefact=0) - no side is demonstrably the later revision",DC-0031
DG-0032,BIS_Laboratory_Scopes.xlsx,BIS_QCO_Summary.xlsx,COMPLEMENTARY,0.0,0,0,0,36,8,0,0,12,7,0,COMPLEMENTARY,"No shared value in any candidate key column (none qualified), yet entity overlap reaches 0.82 - the files describe overlapping entities under different identifier namespaces. Identity must be re-derived in Phase 3 from the entity columns before any merge; keying on the existing surrogate would duplicate every shared entity. The two files share their subjects but not their attributes (SCHEMA_DISJOINT, column Jaccard 0.0, 0 shared of 12/7 columns), so they describe different attributes of the same subjects. Union them side by side on the subject key; neither attribute set may be dropped.",MERGE_AFTER_REKEY,80,0,YES,L4,,-1,-1,-1,0.0,SAME_ENTITIES_DIFFERENT_KEY_NAMESPACE,,,NO,LOW_PROJECTION_WIDTH,SCHEMA_DISJOINT,NO,NO,NO_CONFLICTS_TO_JUDGE_DIRECTION_FROM,DC-0032
DG-0033,BIS_Laboratory_Scopes.xlsx,BIS_Scheme_IV_FMCS.xlsx,COMPLEMENTARY,0.0477,0,45,40,40,4,0,3,9,10,68,COMPLEMENTARY,"38 of 47 records are shared on `is_number` (key Jaccard 0.81; 7 unique to A, 2 to B). The two files share their subjects but not their attributes (SCHEMA_WEAK_OVERLAP, column Jaccard 0.1364, 3 shared of 12/13 columns), so they describe different attributes of the same subjects. Union them side by side on the subject key; neither attribute set may be dropped. Column name(s) source_url disagree on essentially every matched record while both sides hold real values - one name carrying two different meanings. Phase 3 must SPLIT these into per-source fields, not union them.",MERGE_UNION,47,0,YES,L4,is_number,38,7,2,0.8085,KEY_LINKED,,source_url,NO,LOW_PROJECTION_WIDTH,SCHEMA_WEAK_OVERLAP,NO,NO,REPAIR: A carries a raw-scrape artefact in 38 conflicting cells that B has replaced with a clean value,DC-0033
DG-0034,BIS_Laboratory_Scopes.xlsx,BIS_Standards_Details_v2 (1).xlsx,COMPLEMENTARY,0.0117,38,7,2,40,4,5,1,11,18,0,COMPLEMENTARY,"38 of 47 records are shared on `is_number` (key Jaccard 0.81; 7 unique to A, 2 to B). The two files share their subjects but not their attributes (SCHEMA_WEAK_OVERLAP, column Jaccard 0.0333, 1 shared of 12/19 columns), so they describe different attributes of the same subjects. Union them side by side on the subject key; neither attribute set may be dropped.",MERGE_UNION,47,0,YES,L4,is_number,38,7,2,0.8085,KEY_LINKED,,,NO,LOW_PROJECTION_WIDTH,SCHEMA_WEAK_OVERLAP,NO,NO,NO_CONFLICTS_TO_JUDGE_DIRECTION_FROM,DC-0034
DG-0035,BIS_Laboratory_Scopes.xlsx,BIS_Standards_Details_v2.xlsx,COMPLEMENTARY,0.0117,38,7,2,40,4,5,1,11,18,0,COMPLEMENTARY,"38 of 47 records are shared on `is_number` (key Jaccard 0.81; 7 unique to A, 2 to B). The two files share their subjects but not their attributes (SCHEMA_WEAK_OVERLAP, column Jaccard 0.0333, 1 shared of 12/19 columns), so they describe different attributes of the same subjects. Union them side by side on the subject key; neither attribute set may be dropped.",MERGE_UNION,47,0,YES,L4,is_number,38,7,2,0.8085,KEY_LINKED,,,NO,LOW_PROJECTION_WIDTH,SCHEMA_WEAK_OVERLAP,NO,NO,NO_CONFLICTS_TO_JUDGE_DIRECTION_FROM,DC-0035
DG-0036,BIS_Laboratory_Scopes.xlsx,BIS_Standards_Details_v3.xlsx,COMPLEMENTARY,0.0117,38,7,2,40,4,5,1,11,18,0,COMPLEMENTARY,"38 of 47 records are shared on `is_number` (key Jaccard 0.81; 7 unique to A, 2 to B). The two files share their subjects but not their attributes (SCHEMA_WEAK_OVERLAP, column Jaccard 0.0333, 1 shared of 12/19 columns), so they describe different attributes of the same subjects. Union them side by side on the subject key; neither attribute set may be dropped.",MERGE_UNION,47,0,YES,L4,is_number,38,7,2,0.8085,KEY_LINKED,,,NO,LOW_PROJECTION_WIDTH,SCHEMA_WEAK_OVERLAP,NO,NO,NO_CONFLICTS_TO_JUDGE_DIRECTION_FROM,DC-0036
DG-0037,BIS_Laboratory_Scopes.xlsx,BIS_Standards_Intelligence_Master.xlsx,COMPLEMENTARY,0.0328,0,45,45,44,0,0,3,9,20,65,COMPLEMENTARY,"38 of 52 records are shared on `is_number` (key Jaccard 0.73; 7 unique to A, 7 to B). The two files share their subjects but not their attributes (SCHEMA_WEAK_OVERLAP, column Jaccard 0.0938, 3 shared of 12/23 columns), so they describe different attributes of the same subjects. Union them side by side on the subject key; neither attribute set may be dropped.",MERGE_UNION,52,0,YES,L4,is_number,38,7,7,0.7308,KEY_LINKED,,,NO,LOW_PROJECTION_WIDTH,SCHEMA_WEAK_OVERLAP,NO,NO,REPAIR: A carries a raw-scrape artefact in 38 conflicting cells that B has replaced with a clean value,DC-0037
DG-0038,BIS_Laboratory_Scopes.xlsx,BIS_Standards_Scheme_Mapping.xlsx,COMPLEMENTARY,0.0212,0,45,36,29,15,6,2,10,21,26,COMPLEMENTARY,"26 of 55 records are shared on `is_number` (key Jaccard 0.47; 19 unique to A, 10 to B). The two files share their subjects but not their attributes (SCHEMA_WEAK_OVERLAP, column Jaccard 0.0606, 2 shared of 12/23 columns), so they describe different attributes of the same subjects. Union them side by side on the subject key; neither attribute set may be dropped. Column name(s) source_url disagree on essentially every matched record while both sides hold real values - one name carrying two different meanings. Phase 3 must SPLIT these into per-source fields, not union them.",MERGE_UNION,55,0,YES,L4,is_number,26,19,10,0.4727,KEY_LINKED,,source_url,NO,LOW_PROJECTION_WIDTH,SCHEMA_WEAK_OVERLAP,NO,NO,REPAIR: A carries a raw-scrape artefact in 26 conflicting cells that B has replaced with a clean value,DC-0038
DG-0039,BIS_Laboratory_Scopes.xlsx,BIS_Testing_Parameters_Master.xlsx,COMPLEMENTARY,0.0875,0,45,45,44,0,0,6,6,12,151,COMPLEMENTARY,"40 of 50 records are shared on `is_number` (key Jaccard 0.80; 5 unique to A, 5 to B). The two files share their subjects but not their attributes (SCHEMA_OVERLAP, column Jaccard 0.25, 6 shared of 12/18 columns), so they describe different attributes of the same subjects. Union them side by side on the subject key; neither attribute set may be dropped.",MERGE_UNION,50,0,YES,L4,is_number,40,5,5,0.8,KEY_LINKED,,,NO,RELIABLE,SCHEMA_OVERLAP,NO,NO,REPAIR: A carries a raw-scrape artefact in 17 conflicting cells that B has replaced with a clean value,DC-0039
DG-0040,BIS_Notifications_Master.xlsx,BIS_Product_Manuals_Master.xlsx,COMPLEMENTARY,0.0219,0,31,40,20,6,20,2,12,18,0,COMPLEMENTARY,"No shared value in any candidate key column (none qualified), yet entity overlap reaches 0.43 - the files describe overlapping entities under different identifier namespaces. Identity must be re-derived in Phase 3 from the entity columns before any merge; keying on the existing surrogate would duplicate every shared entity. The two files share their subjects but not their attributes (SCHEMA_WEAK_OVERLAP, column Jaccard 0.0625, 2 shared of 14/20 columns), so they describe different attributes of the same subjects. Union them side by side on the subject key; neither attribute set may be dropped.",MERGE_AFTER_REKEY,71,0,YES,L4,,-1,-1,-1,0.0,SAME_ENTITIES_DIFFERENT_KEY_NAMESPACE,,,NO,LOW_PROJECTION_WIDTH,SCHEMA_WEAK_OVERLAP,NO,NO,NO_CONFLICTS_TO_JUDGE_DIRECTION_FROM,DC-0040
DG-0041,BIS_Notifications_Master.xlsx,BIS_Products_Details.xlsx,COMPLEMENTARY,0.0146,0,31,40,20,6,20,1,13,10,0,COMPLEMENTARY,"No shared value in any candidate key column (none qualified), yet entity overlap reaches 0.43 - the files describe overlapping entities under different identifier namespaces. Identity must be re-derived in Phase 3 from the entity columns before any merge; keying on the existing surrogate would duplicate every shared entity. The two files share their subjects but not their attributes (SCHEMA_WEAK_OVERLAP, column Jaccard 0.0417, 1 shared of 14/11 columns), so they describe different attributes of the same subjects. Union them side by side on the subject key; neither attribute set may be dropped.",MERGE_AFTER_REKEY,71,0,YES,L4,,-1,-1,-1,0.0,SAME_ENTITIES_DIFFERENT_KEY_NAMESPACE,,,NO,LOW_PROJECTION_WIDTH,SCHEMA_WEAK_OVERLAP,NO,NO,NO_CONFLICTS_TO_JUDGE_DIRECTION_FROM,DC-0041
DG-0042,BIS_Notifications_Master.xlsx,BIS_QCO-schema_2.xlsx,COMPLEMENTARY,0.0565,0,31,40,20,6,20,5,9,17,0,COMPLEMENTARY,"No shared value in any candidate key column (none qualified), yet entity overlap reaches 0.45 - the files describe overlapping entities under different identifier namespaces. Identity must be re-derived in Phase 3 from the entity columns before any merge; keying on the existing surrogate would duplicate every shared entity. The two files share their subjects but not their attributes (SCHEMA_WEAK_OVERLAP, column Jaccard 0.1613, 5 shared of 14/22 columns), so they describe different attributes of the same subjects. Union them side by side on the subject key; neither attribute set may be dropped.",MERGE_AFTER_REKEY,71,0,YES,L4,,-1,-1,-1,0.0,SAME_ENTITIES_DIFFERENT_KEY_NAMESPACE,,,NO,LOW_PROJECTION_WIDTH,SCHEMA_WEAK_OVERLAP,NO,NO,NO_CONFLICTS_TO_JUDGE_DIRECTION_FROM,DC-0042
DG-0043,BIS_Notifications_Master.xlsx,BIS_QCO_Master_Records (1).xlsx,COMPLEMENTARY,0.0565,0,31,15,21,5,6,5,9,17,0,COMPLEMENTARY,"No shared value in any candidate key column (none qualified), yet entity overlap reaches 0.66 - the files describe overlapping entities under different identifier namespaces. Identity must be re-derived in Phase 3 from the entity columns before any merge; keying on the existing surrogate would duplicate every shared entity. The two files share their subjects but not their attributes (SCHEMA_WEAK_OVERLAP, column Jaccard 0.1613, 5 shared of 14/22 columns), so they describe different attributes of the same subjects. Union them side by side on the subject key; neither attribute set may be dropped.",MERGE_AFTER_REKEY,46,0,YES,L4,,-1,-1,-1,0.0,SAME_ENTITIES_DIFFERENT_KEY_NAMESPACE,,,NO,LOW_PROJECTION_WIDTH,SCHEMA_WEAK_OVERLAP,NO,NO,NO_CONFLICTS_TO_JUDGE_DIRECTION_FROM,DC-0043
DG-0044,BIS_Notifications_Master.xlsx,BIS_QCO_Master_Records_v3.xlsx,COMPLEMENTARY,0.0565,0,31,12,10,16,2,5,9,17,0,COMPLEMENTARY,"No shared value in any candidate key column (none qualified), yet entity overlap reaches 0.36 - the files describe overlapping entities under different identifier namespaces. Identity must be re-derived in Phase 3 from the entity columns before any merge; keying on the existing surrogate would duplicate every shared entity. The two files share their subjects but not their attributes (SCHEMA_WEAK_OVERLAP, column Jaccard 0.1613, 5 shared of 14/22 columns), so they describe different attributes of the same subjects. Union them side by side on the subject key; neither attribute set may be dropped.",MERGE_AFTER_REKEY,43,0,YES,L4,,-1,-1,-1,0.0,SAME_ENTITIES_DIFFERENT_KEY_NAMESPACE,,,NO,LOW_PROJECTION_WIDTH,SCHEMA_WEAK_OVERLAP,NO,NO,NO_CONFLICTS_TO_JUDGE_DIRECTION_FROM,DC-0044
DG-0045,BIS_Notifications_Master.xlsx,BIS_QCO_Master_Scheme_1.xlsx,COMPLEMENTARY,0.0304,0,31,40,20,6,20,2,12,9,0,COMPLEMENTARY,"No shared value in any candidate key column (none qualified), yet entity overlap reaches 0.43 - the files describe overlapping entities under different identifier namespaces. Identity must be re-derived in Phase 3 from the entity columns before any merge; keying on the existing surrogate would duplicate every shared entity. The two files share their subjects but not their attributes (SCHEMA_WEAK_OVERLAP, column Jaccard 0.087, 2 shared of 14/11 columns), so they describe different attributes of the same subjects. Union them side by side on the subject key; neither attribute set may be dropped.",MERGE_AFTER_REKEY,71,0,YES,L4,,-1,-1,-1,0.0,SAME_ENTITIES_DIFFERENT_KEY_NAMESPACE,,,NO,LOW_PROJECTION_WIDTH,SCHEMA_WEAK_OVERLAP,NO,NO,NO_CONFLICTS_TO_JUDGE_DIRECTION_FROM,DC-0045
DG-0046,BIS_Notifications_Master.xlsx,BIS_QCO_Summary.xlsx,COMPLEMENTARY,0.0,0,0,0,20,6,16,0,14,7,0,COMPLEMENTARY,"No shared value in any candidate key column (none qualified), yet entity overlap reaches 0.48 - the files describe overlapping entities under different identifier namespaces. Identity must be re-derived in Phase 3 from the entity columns before any merge; keying on the existing surrogate would duplicate every shared entity. The two files share their subjects but not their attributes (SCHEMA_DISJOINT, column Jaccard 0.0, 0 shared of 14/7 columns), so they describe different attributes of the same subjects. Union them side by side on the subject key; neither attribute set may be dropped.",MERGE_AFTER_REKEY,66,0,YES,L4,,-1,-1,-1,0.0,SAME_ENTITIES_DIFFERENT_KEY_NAMESPACE,,,NO,LOW_PROJECTION_WIDTH,SCHEMA_DISJOINT,NO,NO,NO_CONFLICTS_TO_JUDGE_DIRECTION_FROM,DC-0046
DG-0047,BIS_Notifications_Master.xlsx,BIS_Scheme_IV_FMCS.xlsx,COMPLEMENTARY,0.028,0,31,40,20,6,20,2,12,11,0,COMPLEMENTARY,"No shared value in any candidate key column (none qualified), yet entity overlap reaches 0.43 - the files describe overlapping entities under different identifier namespaces. Identity must be re-derived in Phase 3 from the entity columns before any merge; keying on the existing surrogate would duplicate every shared entity. The two files share their subjects but not their attributes (SCHEMA_WEAK_OVERLAP, column Jaccard 0.08, 2 shared of 14/13 columns), so they describe different attributes of the same subjects. Union them side by side on the subject key; neither attribute set may be dropped.",MERGE_AFTER_REKEY,71,0,YES,L4,,-1,-1,-1,0.0,SAME_ENTITIES_DIFFERENT_KEY_NAMESPACE,,,NO,LOW_PROJECTION_WIDTH,SCHEMA_WEAK_OVERLAP,NO,NO,NO_CONFLICTS_TO_JUDGE_DIRECTION_FROM,DC-0047
DG-0048,BIS_Notifications_Master.xlsx,BIS_Standards_Details_v2 (1).xlsx,COMPLEMENTARY,0.0226,0,31,40,23,3,22,2,12,17,0,COMPLEMENTARY,"No shared value in any candidate key column (none qualified), yet entity overlap reaches 0.48 - the files describe overlapping entities under different identifier namespaces. Identity must be re-derived in Phase 3 from the entity columns before any merge; keying on the existing surrogate would duplicate every shared entity. The two files share their subjects but not their attributes (SCHEMA_WEAK_OVERLAP, column Jaccard 0.0645, 2 shared of 14/19 columns), so they describe different attributes of the same subjects. Union them side by side on the subject key; neither attribute set may be dropped.",MERGE_AFTER_REKEY,71,0,YES,L4,,-1,-1,-1,0.0,SAME_ENTITIES_DIFFERENT_KEY_NAMESPACE,,,NO,LOW_PROJECTION_WIDTH,SCHEMA_WEAK_OVERLAP,NO,NO,NO_CONFLICTS_TO_JUDGE_DIRECTION_FROM,DC-0048
DG-0049,BIS_Notifications_Master.xlsx,BIS_Standards_Details_v2.xlsx,COMPLEMENTARY,0.0226,0,31,40,23,3,22,2,12,17,0,COMPLEMENTARY,"No shared value in any candidate key column (none qualified), yet entity overlap reaches 0.48 - the files describe overlapping entities under different identifier namespaces. Identity must be re-derived in Phase 3 from the entity columns before any merge; keying on the existing surrogate would duplicate every shared entity. The two files share their subjects but not their attributes (SCHEMA_WEAK_OVERLAP, column Jaccard 0.0645, 2 shared of 14/19 columns), so they describe different attributes of the same subjects. Union them side by side on the subject key; neither attribute set may be dropped.",MERGE_AFTER_REKEY,71,0,YES,L4,,-1,-1,-1,0.0,SAME_ENTITIES_DIFFERENT_KEY_NAMESPACE,,,NO,LOW_PROJECTION_WIDTH,SCHEMA_WEAK_OVERLAP,NO,NO,NO_CONFLICTS_TO_JUDGE_DIRECTION_FROM,DC-0049
DG-0050,BIS_Notifications_Master.xlsx,BIS_Standards_Details_v3.xlsx,COMPLEMENTARY,0.0226,0,31,40,23,3,22,2,12,17,0,COMPLEMENTARY,"No shared value in any candidate key column (none qualified), yet entity overlap reaches 0.48 - the files describe overlapping entities under different identifier namespaces. Identity must be re-derived in Phase 3 from the entity columns before any merge; keying on the existing surrogate would duplicate every shared entity. The two files share their subjects but not their attributes (SCHEMA_WEAK_OVERLAP, column Jaccard 0.0645, 2 shared of 14/19 columns), so they describe different attributes of the same subjects. Union them side by side on the subject key; neither attribute set may be dropped.",MERGE_AFTER_REKEY,71,0,YES,L4,,-1,-1,-1,0.0,SAME_ENTITIES_DIFFERENT_KEY_NAMESPACE,,,NO,LOW_PROJECTION_WIDTH,SCHEMA_WEAK_OVERLAP,NO,NO,NO_CONFLICTS_TO_JUDGE_DIRECTION_FROM,DC-0050
DG-0051,BIS_Notifications_Master.xlsx,BIS_Standards_Intelligence_Master.xlsx,COMPLEMENTARY,0.0097,0,31,45,20,6,24,1,13,22,0,COMPLEMENTARY,"No shared value in any candidate key column (none qualified), yet entity overlap reaches 0.40 - the files describe overlapping entities under different identifier namespaces. Identity must be re-derived in Phase 3 from the entity columns before any merge; keying on the existing surrogate would duplicate every shared entity. The two files share their subjects but not their attributes (SCHEMA_WEAK_OVERLAP, column Jaccard 0.0278, 1 shared of 14/23 columns), so they describe different attributes of the same subjects. Union them side by side on the subject key; neither attribute set may be dropped.",MERGE_AFTER_REKEY,76,0,YES,L4,,-1,-1,-1,0.0,SAME_ENTITIES_DIFFERENT_KEY_NAMESPACE,,,NO,LOW_PROJECTION_WIDTH,SCHEMA_WEAK_OVERLAP,NO,NO,NO_CONFLICTS_TO_JUDGE_DIRECTION_FROM,DC-0051
DG-0052,BIS_Notifications_Master.xlsx,BIS_Standards_Scheme_Mapping.xlsx,COMPLEMENTARY,0.0097,0,31,36,26,0,9,1,13,22,0,COMPLEMENTARY,"No shared value in any candidate key column (none qualified), yet entity overlap reaches 0.74 - the files describe overlapping entities under different identifier namespaces. Identity must be re-derived in Phase 3 from the entity columns before any merge; keying on the existing surrogate would duplicate every shared entity. The two files share their subjects but not their attributes (SCHEMA_WEAK_OVERLAP, column Jaccard 0.0278, 1 shared of 14/23 columns), so they describe different attributes of the same subjects. Union them side by side on the subject key; neither attribute set may be dropped.",MERGE_AFTER_REKEY,67,0,YES,L4,,-1,-1,-1,0.0,SAME_ENTITIES_DIFFERENT_KEY_NAMESPACE,,,NO,LOW_PROJECTION_WIDTH,SCHEMA_WEAK_OVERLAP,NO,NO,NO_CONFLICTS_TO_JUDGE_DIRECTION_FROM,DC-0052
DG-0053,BIS_Notifications_Master.xlsx,BIS_Testing_Parameters_Master.xlsx,COMPLEMENTARY,0.0113,0,31,22,20,6,24,1,13,17,0,COMPLEMENTARY,"No shared value in any candidate key column (none qualified), yet entity overlap reaches 0.40 - the files describe overlapping entities under different identifier namespaces. Identity must be re-derived in Phase 3 from the entity columns before any merge; keying on the existing surrogate would duplicate every shared entity. The two files share their subjects but not their attributes (SCHEMA_WEAK_OVERLAP, column Jaccard 0.0323, 1 shared of 14/18 columns), so they describe different attributes of the same subjects. Union them side by side on the subject key; neither attribute set may be dropped.",MERGE_AFTER_REKEY,76,0,YES,L4,,-1,-1,-1,0.0,SAME_ENTITIES_DIFFERENT_KEY_NAMESPACE,,,NO,LOW_PROJECTION_WIDTH,SCHEMA_WEAK_OVERLAP,NO,NO,NO_CONFLICTS_TO_JUDGE_DIRECTION_FROM,DC-0053
DG-0054,BIS_Notifications_Master.xlsx,bis_circulars (1).csv,DIFFERENT_ENTITY,0.1105,0,31,160,11,15,962,6,8,5,0,DIFFERENT_ENTITY,"Checked and cleared as a false duplicate candidate: no shared record key values and entity overlap only 0.01. Schema resemblance (SCHEMA_OVERLAP, column Jaccard 0.3158) is structural, not evidence of shared records.",BOTH_KEEP_SEPARATE,0,0,NO,L3,,-1,-1,-1,0.0,NO_KEY_AVAILABLE,,,NO,RELIABLE,SCHEMA_OVERLAP,NO,NO,NO_CONFLICTS_TO_JUDGE_DIRECTION_FROM,DC-0054
DG-0055,BIS_Notifications_Master.xlsx,bis_gazette_notification.csv,DIFFERENT_ENTITY,0.0437,0,31,1400,21,5,594,2,12,2,0,DIFFERENT_ENTITY,"Checked and cleared as a false duplicate candidate: no shared record key values and entity overlap only 0.03. Schema resemblance (SCHEMA_WEAK_OVERLAP, column Jaccard 0.125) is structural, not evidence of shared records.",BOTH_KEEP_SEPARATE,0,0,NO,L3,,-1,-1,-1,0.0,NO_KEY_AVAILABLE,,,NO,LOW_PROJECTION_WIDTH,SCHEMA_WEAK_OVERLAP,NO,NO,NO_CONFLICTS_TO_JUDGE_DIRECTION_FROM,DC-0055
DG-0056,BIS_Product_Manuals_Master.xlsx,BIS_Products_Details.xlsx,COMPLEMENTARY,0.0117,0,40,40,40,0,0,1,19,10,0,COMPLEMENTARY,"No shared value in any candidate key column (none qualified), yet entity overlap reaches 1.00 - the files describe overlapping entities under different identifier namespaces. Identity must be re-derived in Phase 3 from the entity columns before any merge; keying on the existing surrogate would duplicate every shared entity. The two files share their subjects but not their attributes (SCHEMA_WEAK_OVERLAP, column Jaccard 0.0333, 1 shared of 20/11 columns), so they describe different attributes of the same subjects. Union them side by side on the subject key; neither attribute set may be dropped.",MERGE_AFTER_REKEY,80,0,YES,L4,,-1,-1,-1,0.0,SAME_ENTITIES_DIFFERENT_KEY_NAMESPACE,,,NO,LOW_PROJECTION_WIDTH,SCHEMA_WEAK_OVERLAP,NO,NO,NO_CONFLICTS_TO_JUDGE_DIRECTION_FROM,DC-0056
DG-0057,BIS_Product_Manuals_Master.xlsx,BIS_Products_Full_Information.xlsx,COMPLEMENTARY,0.0117,0,40,40,27,13,24,1,19,10,0,COMPLEMENTARY,"No shared value in any candidate key column (none qualified), yet entity overlap reaches 0.42 - the files describe overlapping entities under different identifier namespaces. Identity must be re-derived in Phase 3 from the entity columns before any merge; keying on the existing surrogate would duplicate every shared entity. The two files share their subjects but not their attributes (SCHEMA_WEAK_OVERLAP, column Jaccard 0.0333, 1 shared of 20/11 columns), so they describe different attributes of the same subjects. Union them side by side on the subject key; neither attribute set may be dropped.",MERGE_AFTER_REKEY,80,0,YES,L4,,-1,-1,-1,0.0,SAME_ENTITIES_DIFFERENT_KEY_NAMESPACE,,,NO,LOW_PROJECTION_WIDTH,SCHEMA_WEAK_OVERLAP,NO,NO,NO_CONFLICTS_TO_JUDGE_DIRECTION_FROM,DC-0057
DG-0058,BIS_Product_Manuals_Master.xlsx,BIS_Products_Full_Information_v2.xlsx,COMPLEMENTARY,0.0117,0,40,40,27,13,24,1,19,10,0,COMPLEMENTARY,"No shared value in any candidate key column (none qualified), yet entity overlap reaches 0.42 - the files describe overlapping entities under different identifier namespaces. Identity must be re-derived in Phase 3 from the entity columns before any merge; keying on the existing surrogate would duplicate every shared entity. The two files share their subjects but not their attributes (SCHEMA_WEAK_OVERLAP, column Jaccard 0.0333, 1 shared of 20/11 columns), so they describe different attributes of the same subjects. Union them side by side on the subject key; neither attribute set may be dropped.",MERGE_AFTER_REKEY,80,0,YES,L4,,-1,-1,-1,0.0,SAME_ENTITIES_DIFFERENT_KEY_NAMESPACE,,,NO,LOW_PROJECTION_WIDTH,SCHEMA_WEAK_OVERLAP,NO,NO,NO_CONFLICTS_TO_JUDGE_DIRECTION_FROM,DC-0058
DG-0059,BIS_Product_Manuals_Master.xlsx,BIS_QCO-schema_2.xlsx,COMPLEMENTARY,0.0269,0,40,40,40,0,0,3,17,19,38,COMPLEMENTARY,"26 of 54 records are shared on `product` (key Jaccard 0.48; 14 unique to A, 14 to B). The two files share their subjects but not their attributes (SCHEMA_WEAK_OVERLAP, column Jaccard 0.0769, 3 shared of 20/22 columns), so they describe different attributes of the same subjects. Union them side by side on the subject key; neither attribute set may be dropped.",MERGE_UNION,54,0,YES,L4,product,26,14,14,0.4815,KEY_LINKED,,,NO,LOW_PROJECTION_WIDTH,SCHEMA_WEAK_OVERLAP,NO,NO,"INCONCLUSIVE: 38 conflicts, both sides carry real values (a_blank=0 b_blank=0 a_artefact=0 b_artefact=0) - no side is demonstrably the later revision",DC-0059
DG-0060,BIS_Product_Manuals_Master.xlsx,BIS_QCO_Master_Records (1).xlsx,COMPLEMENTARY,0.0269,0,40,15,26,14,1,3,17,19,8,COMPLEMENTARY,"4 of 51 records are shared on `product` (key Jaccard 0.08; 36 unique to A, 11 to B). The two files share their subjects but not their attributes (SCHEMA_WEAK_OVERLAP, column Jaccard 0.0769, 3 shared of 20/22 columns), so they describe different attributes of the same subjects. Union them side by side on the subject key; neither attribute set may be dropped.",MERGE_UNION,51,0,YES,L4,product,4,36,11,0.0784,KEY_LINKED,,,NO,LOW_PROJECTION_WIDTH,SCHEMA_WEAK_OVERLAP,NO,NO,"INCONCLUSIVE: 8 conflicts, both sides carry real values (a_blank=0 b_blank=0 a_artefact=0 b_artefact=0) - no side is demonstrably the later revision",DC-0060
DG-0061,BIS_Product_Manuals_Master.xlsx,BIS_QCO_Master_Records_v3.xlsx,COMPLEMENTARY,0.0269,0,40,12,12,28,0,3,17,19,16,COMPLEMENTARY,"8 of 44 records are shared on `product` (key Jaccard 0.18; 32 unique to A, 4 to B). The two files share their subjects but not their attributes (SCHEMA_WEAK_OVERLAP, column Jaccard 0.0769, 3 shared of 20/22 columns), so they describe different attributes of the same subjects. Union them side by side on the subject key; neither attribute set may be dropped.",MERGE_UNION,44,0,YES,L4,product,8,32,4,0.1818,KEY_LINKED,,,NO,LOW_PROJECTION_WIDTH,SCHEMA_WEAK_OVERLAP,NO,NO,"INCONCLUSIVE: 16 conflicts, both sides carry real values (a_blank=0 b_blank=0 a_artefact=0 b_artefact=0) - no side is demonstrably the later revision",DC-0061
DG-0062,BIS_Product_Manuals_Master.xlsx,BIS_QCO_Master_Scheme_1.xlsx,COMPLEMENTARY,0.0375,0,40,40,40,0,0,3,17,8,54,COMPLEMENTARY,"37 of 43 records are shared on `is_number` (key Jaccard 0.86; 3 unique to A, 3 to B). The two files share their subjects but not their attributes (SCHEMA_WEAK_OVERLAP, column Jaccard 0.1071, 3 shared of 20/11 columns), so they describe different attributes of the same subjects. Union them side by side on the subject key; neither attribute set may be dropped.",MERGE_UNION,43,0,YES,L4,is_number,37,3,3,0.8605,KEY_LINKED,,,NO,LOW_PROJECTION_WIDTH,SCHEMA_WEAK_OVERLAP,NO,NO,"INCONCLUSIVE: 54 conflicts, both sides carry real values (a_blank=0 b_blank=0 a_artefact=0 b_artefact=0) - no side is demonstrably the later revision",DC-0062
DG-0063,BIS_Product_Manuals_Master.xlsx,BIS_QCO_Summary.xlsx,COMPLEMENTARY,0.0,0,0,0,36,4,0,0,20,7,0,COMPLEMENTARY,"No shared value in any candidate key column (none qualified), yet entity overlap reaches 0.90 - the files describe overlapping entities under different identifier namespaces. Identity must be re-derived in Phase 3 from the entity columns before any merge; keying on the existing surrogate would duplicate every shared entity. The two files share their subjects but not their attributes (SCHEMA_DISJOINT, column Jaccard 0.0, 0 shared of 20/7 columns), so they describe different attributes of the same subjects. Union them side by side on the subject key; neither attribute set may be dropped.",MERGE_AFTER_REKEY,75,0,YES,L4,,-1,-1,-1,0.0,SAME_ENTITIES_DIFFERENT_KEY_NAMESPACE,,,NO,LOW_PROJECTION_WIDTH,SCHEMA_DISJOINT,NO,NO,NO_CONFLICTS_TO_JUDGE_DIRECTION_FROM,DC-0063
DG-0064,BIS_Product_Manuals_Master.xlsx,BIS_Scheme_IV_FMCS.xlsx,COMPLEMENTARY,0.0483,0,40,40,40,0,0,4,16,9,92,COMPLEMENTARY,"37 of 43 records are shared on `is_number` (key Jaccard 0.86; 3 unique to A, 3 to B). The two files share their subjects but not their attributes (SCHEMA_WEAK_OVERLAP, column Jaccard 0.1379, 4 shared of 20/13 columns), so they describe different attributes of the same subjects. Union them side by side on the subject key; neither attribute set may be dropped. Column name(s) scope; source_url disagree on essentially every matched record while both sides hold real values - one name carrying two different meanings. Phase 3 must SPLIT these into per-source fields, not union them.",MERGE_UNION,43,0,YES,L4,is_number,37,3,3,0.8605,KEY_LINKED,,scope; source_url,NO,LOW_PROJECTION_WIDTH,SCHEMA_WEAK_OVERLAP,NO,NO,"INCONCLUSIVE: 92 conflicts, both sides carry real values (a_blank=0 b_blank=0 a_artefact=0 b_artefact=0) - no side is demonstrably the later revision",DC-0064
DG-0065,BIS_Product_Manuals_Master.xlsx,BIS_Schemes_Master.xlsx,COMPLEMENTARY,0.0339,0,40,40,0,40,0,3,17,11,42,COMPLEMENTARY,"21 of 59 records are shared on `product` (key Jaccard 0.36; 19 unique to A, 19 to B). The two files share their subjects but not their attributes (SCHEMA_WEAK_OVERLAP, column Jaccard 0.0968, 3 shared of 20/14 columns), so they describe different attributes of the same subjects. Union them side by side on the subject key; neither attribute set may be dropped.",MERGE_UNION,59,0,YES,L4,product,21,19,19,0.3559,KEY_LINKED,,,NO,LOW_PROJECTION_WIDTH,SCHEMA_WEAK_OVERLAP,NO,NO,"INCONCLUSIVE: 42 conflicts, both sides carry real values (a_blank=0 b_blank=0 a_artefact=0 b_artefact=0) - no side is demonstrably the later revision",DC-0065
DG-0066,BIS_Product_Manuals_Master.xlsx,BIS_Schemes_Master_Scheme_2.xlsx,COMPLEMENTARY,0.0339,0,40,40,0,40,0,3,17,11,42,COMPLEMENTARY,"21 of 59 records are shared on `product` (key Jaccard 0.36; 19 unique to A, 19 to B). The two files share their subjects but not their attributes (SCHEMA_WEAK_OVERLAP, column Jaccard 0.0968, 3 shared of 20/14 columns), so they describe different attributes of the same subjects. Union them side by side on the subject key; neither attribute set may be dropped.",MERGE_UNION,59,0,YES,L4,product,21,19,19,0.3559,KEY_LINKED,,,NO,LOW_PROJECTION_WIDTH,SCHEMA_WEAK_OVERLAP,NO,NO,"INCONCLUSIVE: 42 conflicts, both sides carry real values (a_blank=0 b_blank=0 a_artefact=0 b_artefact=0) - no side is demonstrably the later revision",DC-0066
DG-0067,BIS_Product_Manuals_Master.xlsx,BIS_Standards_Details_v2 (1).xlsx,COMPLEMENTARY,0.04,0,40,40,40,0,5,4,16,15,92,COMPLEMENTARY,"37 of 43 records are shared on `is_number` (key Jaccard 0.86; 3 unique to A, 3 to B). The two files share their subjects but not their attributes (SCHEMA_WEAK_OVERLAP, column Jaccard 0.1143, 4 shared of 20/19 columns), so they describe different attributes of the same subjects. Union them side by side on the subject key; neither attribute set may be dropped.",MERGE_UNION,43,0,YES,L4,is_number,37,3,3,0.8605,KEY_LINKED,,,NO,LOW_PROJECTION_WIDTH,SCHEMA_WEAK_OVERLAP,NO,NO,"INCONCLUSIVE: 92 conflicts, both sides carry real values (a_blank=5 b_blank=5 a_artefact=0 b_artefact=0) - no side is demonstrably the later revision",DC-0067
DG-0068,BIS_Product_Manuals_Master.xlsx,BIS_Standards_Details_v2.xlsx,COMPLEMENTARY,0.04,0,40,40,40,0,5,4,16,15,92,COMPLEMENTARY,"37 of 43 records are shared on `is_number` (key Jaccard 0.86; 3 unique to A, 3 to B). The two files share their subjects but not their attributes (SCHEMA_WEAK_OVERLAP, column Jaccard 0.1143, 4 shared of 20/19 columns), so they describe different attributes of the same subjects. Union them side by side on the subject key; neither attribute set may be dropped.",MERGE_UNION,43,0,YES,L4,is_number,37,3,3,0.8605,KEY_LINKED,,,NO,LOW_PROJECTION_WIDTH,SCHEMA_WEAK_OVERLAP,NO,NO,"INCONCLUSIVE: 92 conflicts, both sides carry real values (a_blank=5 b_blank=5 a_artefact=0 b_artefact=0) - no side is demonstrably the later revision",DC-0068
DG-0069,BIS_Product_Manuals_Master.xlsx,BIS_Standards_Details_v3.xlsx,COMPLEMENTARY,0.04,0,40,40,40,0,5,4,16,15,92,COMPLEMENTARY,"37 of 43 records are shared on `is_number` (key Jaccard 0.86; 3 unique to A, 3 to B). The two files share their subjects but not their attributes (SCHEMA_WEAK_OVERLAP, column Jaccard 0.1143, 4 shared of 20/19 columns), so they describe different attributes of the same subjects. Union them side by side on the subject key; neither attribute set may be dropped.",MERGE_UNION,43,0,YES,L4,is_number,37,3,3,0.8605,KEY_LINKED,,,NO,LOW_PROJECTION_WIDTH,SCHEMA_WEAK_OVERLAP,NO,NO,"INCONCLUSIVE: 92 conflicts, both sides carry real values (a_blank=5 b_blank=5 a_artefact=0 b_artefact=0) - no side is demonstrably the later revision",DC-0069
DG-0070,BIS_Product_Manuals_Master.xlsx,BIS_Standards_Intelligence_Master.xlsx,COMPLEMENTARY,0.0359,0,40,45,40,0,4,4,16,19,41,COMPLEMENTARY,"37 of 48 records are shared on `is_number` (key Jaccard 0.77; 3 unique to A, 8 to B). The two files share their subjects but not their attributes (SCHEMA_WEAK_OVERLAP, column Jaccard 0.1026, 4 shared of 20/23 columns), so they describe different attributes of the same subjects. Union them side by side on the subject key; neither attribute set may be dropped.",MERGE_UNION,48,0,YES,L4,is_number,37,3,8,0.7708,KEY_LINKED,,,NO,LOW_PROJECTION_WIDTH,SCHEMA_WEAK_OVERLAP,NO,NO,"INCONCLUSIVE: 41 conflicts, both sides carry real values (a_blank=0 b_blank=0 a_artefact=0 b_artefact=0) - no side is demonstrably the later revision",DC-0070
DG-0071,BIS_Product_Manuals_Master.xlsx,BIS_Standards_Scheme_Mapping.xlsx,COMPLEMENTARY,0.0171,0,40,36,25,15,10,2,18,21,22,COMPLEMENTARY,"22 of 54 records are shared on `is_number` (key Jaccard 0.41; 18 unique to A, 14 to B). The two files share their subjects but not their attributes (SCHEMA_WEAK_OVERLAP, column Jaccard 0.0488, 2 shared of 20/23 columns), so they describe different attributes of the same subjects. Union them side by side on the subject key; neither attribute set may be dropped.",MERGE_UNION,54,0,YES,L4,is_number,22,18,14,0.4074,KEY_LINKED,,,NO,LOW_PROJECTION_WIDTH,SCHEMA_WEAK_OVERLAP,NO,NO,"INCONCLUSIVE: 22 conflicts, both sides carry real values (a_blank=0 b_blank=0 a_artefact=0 b_artefact=0) - no side is demonstrably the later revision",DC-0071
DG-0072,BIS_Product_Manuals_Master.xlsx,BIS_Testing_Parameters_Master.xlsx,COMPLEMENTARY,0.03,1,39,44,40,0,4,3,17,15,20,COMPLEMENTARY,"39 of 46 records are shared on `is_number` (key Jaccard 0.85; 1 unique to A, 6 to B). The two files share their subjects but not their attributes (SCHEMA_WEAK_OVERLAP, column Jaccard 0.0857, 3 shared of 20/18 columns), so they describe different attributes of the same subjects. Union them side by side on the subject key; neither attribute set may be dropped.",MERGE_UNION,46,0,YES,L4,is_number,39,1,6,0.8478,KEY_LINKED,,,NO,LOW_PROJECTION_WIDTH,SCHEMA_WEAK_OVERLAP,NO,NO,"INCONCLUSIVE: 20 conflicts, both sides carry real values (a_blank=0 b_blank=0 a_artefact=0 b_artefact=0) - no side is demonstrably the later revision",DC-0072
DG-0073,BIS_Product_Manuals_Master.xlsx,bis_product_certification_faq (1).csv,COMPLEMENTARY,0.0129,0,40,28,0,40,0,1,19,7,0,COMPLEMENTARY,"No shared value in any candidate key column (none qualified), yet entity overlap reaches 0.50 - the files describe overlapping entities under different identifier namespaces. Identity must be re-derived in Phase 3 from the entity columns before any merge; keying on the existing surrogate would duplicate every shared entity. The two files share their subjects but not their attributes (SCHEMA_WEAK_OVERLAP, column Jaccard 0.037, 1 shared of 20/8 columns), so they describe different attributes of the same subjects. Union them side by side on the subject key; neither attribute set may be dropped.",MERGE_AFTER_REKEY,68,0,YES,L4,,-1,-1,-1,0.0,SAME_ENTITIES_DIFFERENT_KEY_NAMESPACE,,,NO,LOW_PROJECTION_WIDTH,SCHEMA_WEAK_OVERLAP,NO,NO,NO_CONFLICTS_TO_JUDGE_DIRECTION_FROM,DC-0073
DG-0074,BIS_Product_Manuals_Master.xlsx,bis_product_certifications.csv,COMPLEMENTARY,0.0259,0,40,71,0,40,0,2,18,7,0,COMPLEMENTARY,"No shared value in any candidate key column (none qualified), yet entity overlap reaches 0.33 - the files describe overlapping entities under different identifier namespaces. Identity must be re-derived in Phase 3 from the entity columns before any merge; keying on the existing surrogate would duplicate every shared entity. The two files share their subjects but not their attributes (SCHEMA_WEAK_OVERLAP, column Jaccard 0.0741, 2 shared of 20/9 columns), so they describe different attributes of the same subjects. Union them side by side on the subject key; neither attribute set may be dropped.",MERGE_AFTER_REKEY,111,0,YES,L4,,-1,-1,-1,0.0,SAME_ENTITIES_DIFFERENT_KEY_NAMESPACE,,,NO,LOW_PROJECTION_WIDTH,SCHEMA_WEAK_OVERLAP,NO,NO,NO_CONFLICTS_TO_JUDGE_DIRECTION_FROM,DC-0074
DG-0075,BIS_Products_Details.xlsx,BIS_Products_Full_Information.xlsx,COMPLEMENTARY,0.35,0,40,40,27,13,24,11,0,0,18,COMPLEMENTARY,"Only 2 of 76 records are shared on `related_is_numbers` (key Jaccard 0.03); A holds 38 records B does not and B holds 36 A does not. The files describe mostly different records in a related area, so both are required. Merge as a union, keyed on `related_is_numbers`.",MERGE_UNION,76,0,YES,L4,related_is_numbers,2,38,36,0.0263,KEY_LINKED,product_id; product_name; related_schemes,description,YES,RELIABLE,SCHEMA_IDENTICAL,NO,NO,"INCONCLUSIVE: 18 conflicts, both sides carry real values (a_blank=0 b_blank=2 a_artefact=0 b_artefact=0) - no side is demonstrably the later revision",DC-0075
DG-0076,BIS_Products_Details.xlsx,BIS_Products_Full_Information_v2.xlsx,COMPLEMENTARY,0.35,0,40,40,27,13,24,11,0,0,18,COMPLEMENTARY,"Only 2 of 76 records are shared on `related_is_numbers` (key Jaccard 0.03); A holds 38 records B does not and B holds 36 A does not. The files describe mostly different records in a related area, so both are required. Merge as a union, keyed on `related_is_numbers`.",MERGE_UNION,76,0,YES,L4,related_is_numbers,2,38,36,0.0263,KEY_LINKED,product_id; product_name; related_schemes,description,YES,RELIABLE,SCHEMA_IDENTICAL,NO,NO,"INCONCLUSIVE: 18 conflicts, both sides carry real values (a_blank=0 b_blank=2 a_artefact=0 b_artefact=0) - no side is demonstrably the later revision",DC-0076
DG-0077,BIS_Products_Details.xlsx,BIS_QCO-schema_2.xlsx,COMPLEMENTARY,0.0109,0,40,40,40,0,0,1,10,21,0,COMPLEMENTARY,"No shared value in any candidate key column (none qualified), yet entity overlap reaches 1.00 - the files describe overlapping entities under different identifier namespaces. Identity must be re-derived in Phase 3 from the entity columns before any merge; keying on the existing surrogate would duplicate every shared entity. The two files share their subjects but not their attributes (SCHEMA_WEAK_OVERLAP, column Jaccard 0.0312, 1 shared of 11/22 columns), so they describe different attributes of the same subjects. Union them side by side on the subject key; neither attribute set may be dropped.",MERGE_AFTER_REKEY,80,0,YES,L4,,-1,-1,-1,0.0,SAME_ENTITIES_DIFFERENT_KEY_NAMESPACE,,,NO,LOW_PROJECTION_WIDTH,SCHEMA_WEAK_OVERLAP,NO,NO,NO_CONFLICTS_TO_JUDGE_DIRECTION_FROM,DC-0077
DG-0078,BIS_Products_Details.xlsx,BIS_QCO_Master_Records (1).xlsx,COMPLEMENTARY,0.0109,0,40,15,26,14,1,1,10,21,0,COMPLEMENTARY,"No shared value in any candidate key column (none qualified), yet entity overlap reaches 0.63 - the files describe overlapping entities under different identifier namespaces. Identity must be re-derived in Phase 3 from the entity columns before any merge; keying on the existing surrogate would duplicate every shared entity. The two files share their subjects but not their attributes (SCHEMA_WEAK_OVERLAP, column Jaccard 0.0312, 1 shared of 11/22 columns), so they describe different attributes of the same subjects. Union them side by side on the subject key; neither attribute set may be dropped.",MERGE_AFTER_REKEY,55,0,YES,L4,,-1,-1,-1,0.0,SAME_ENTITIES_DIFFERENT_KEY_NAMESPACE,,,NO,LOW_PROJECTION_WIDTH,SCHEMA_WEAK_OVERLAP,NO,NO,NO_CONFLICTS_TO_JUDGE_DIRECTION_FROM,DC-0078
DG-0079,BIS_Products_Details.xlsx,BIS_QCO_Master_Records.xlsx,COMPLEMENTARY,0.0109,0,40,3,4,36,1,1,10,21,0,COMPLEMENTARY,"No shared value in any candidate key column (none qualified), yet entity overlap reaches 1.00 - the files describe overlapping entities under different identifier namespaces. Identity must be re-derived in Phase 3 from the entity columns before any merge; keying on the existing surrogate would duplicate every shared entity. The two files share their subjects but not their attributes (SCHEMA_WEAK_OVERLAP, column Jaccard 0.0312, 1 shared of 11/22 columns), so they describe different attributes of the same subjects. Union them side by side on the subject key; neither attribute set may be dropped.",MERGE_AFTER_REKEY,43,0,YES,L4,,-1,-1,-1,0.0,SAME_ENTITIES_DIFFERENT_KEY_NAMESPACE,,,NO,LOW_PROJECTION_WIDTH,SCHEMA_WEAK_OVERLAP,NO,NO,NO_CONFLICTS_TO_JUDGE_DIRECTION_FROM,DC-0079
DG-0080,BIS_Products_Details.xlsx,BIS_QCO_Master_Records_v3.xlsx,COMPLEMENTARY,0.0109,0,40,12,12,28,0,1,10,21,0,COMPLEMENTARY,"No shared value in any candidate key column (none qualified), yet entity overlap reaches 1.00 - the files describe overlapping entities under different identifier namespaces. Identity must be re-derived in Phase 3 from the entity columns before any merge; keying on the existing surrogate would duplicate every shared entity. The two files share their subjects but not their attributes (SCHEMA_WEAK_OVERLAP, column Jaccard 0.0312, 1 shared of 11/22 columns), so they describe different attributes of the same subjects. Union them side by side on the subject key; neither attribute set may be dropped.",MERGE_AFTER_REKEY,52,0,YES,L4,,-1,-1,-1,0.0,SAME_ENTITIES_DIFFERENT_KEY_NAMESPACE,,,NO,LOW_PROJECTION_WIDTH,SCHEMA_WEAK_OVERLAP,NO,NO,NO_CONFLICTS_TO_JUDGE_DIRECTION_FROM,DC-0080
DG-0081,BIS_Products_Details.xlsx,BIS_QCO_Master_Scheme_1.xlsx,COMPLEMENTARY,0.0,0,0,0,40,0,0,0,11,11,0,COMPLEMENTARY,"No shared value in any candidate key column (none qualified), yet entity overlap reaches 1.00 - the files describe overlapping entities under different identifier namespaces. Identity must be re-derived in Phase 3 from the entity columns before any merge; keying on the existing surrogate would duplicate every shared entity. The two files share their subjects but not their attributes (SCHEMA_DISJOINT, column Jaccard 0.0, 0 shared of 11/11 columns), so they describe different attributes of the same subjects. Union them side by side on the subject key; neither attribute set may be dropped.",MERGE_AFTER_REKEY,80,0,YES,L4,,-1,-1,-1,0.0,SAME_ENTITIES_DIFFERENT_KEY_NAMESPACE,,,NO,LOW_PROJECTION_WIDTH,SCHEMA_DISJOINT,NO,NO,NO_CONFLICTS_TO_JUDGE_DIRECTION_FROM,DC-0081
DG-0082,BIS_Products_Details.xlsx,BIS_QCO_Summary.xlsx,COMPLEMENTARY,0.0,0,0,0,36,4,0,0,11,7,0,COMPLEMENTARY,"No shared value in any candidate key column (none qualified), yet entity overlap reaches 0.90 - the files describe overlapping entities under different identifier namespaces. Identity must be re-derived in Phase 3 from the entity columns before any merge; keying on the existing surrogate would duplicate every shared entity. The two files share their subjects but not their attributes (SCHEMA_DISJOINT, column Jaccard 0.0, 0 shared of 11/7 columns), so they describe different attributes of the same subjects. Union them side by side on the subject key; neither attribute set may be dropped.",MERGE_AFTER_REKEY,75,0,YES,L4,,-1,-1,-1,0.0,SAME_ENTITIES_DIFFERENT_KEY_NAMESPACE,,,NO,LOW_PROJECTION_WIDTH,SCHEMA_DISJOINT,NO,NO,NO_CONFLICTS_TO_JUDGE_DIRECTION_FROM,DC-0082
DG-0083,BIS_Products_Details.xlsx,BIS_Scheme_IV_FMCS.xlsx,COMPLEMENTARY,0.0152,0,40,40,40,0,0,1,10,12,0,COMPLEMENTARY,"No shared value in any candidate key column (none qualified), yet entity overlap reaches 1.00 - the files describe overlapping entities under different identifier namespaces. Identity must be re-derived in Phase 3 from the entity columns before any merge; keying on the existing surrogate would duplicate every shared entity. The two files share their subjects but not their attributes (SCHEMA_WEAK_OVERLAP, column Jaccard 0.0435, 1 shared of 11/13 columns), so they describe different attributes of the same subjects. Union them side by side on the subject key; neither attribute set may be dropped.",MERGE_AFTER_REKEY,80,0,YES,L4,,-1,-1,-1,0.0,SAME_ENTITIES_DIFFERENT_KEY_NAMESPACE,,,NO,LOW_PROJECTION_WIDTH,SCHEMA_WEAK_OVERLAP,NO,NO,NO_CONFLICTS_TO_JUDGE_DIRECTION_FROM,DC-0083
DG-0084,BIS_Products_Details.xlsx,BIS_Standards_Details_v2 (1).xlsx,COMPLEMENTARY,0.0,0,0,0,40,0,5,0,11,19,0,COMPLEMENTARY,"No shared value in any candidate key column (none qualified), yet entity overlap reaches 0.89 - the files describe overlapping entities under different identifier namespaces. Identity must be re-derived in Phase 3 from the entity columns before any merge; keying on the existing surrogate would duplicate every shared entity. The two files share their subjects but not their attributes (SCHEMA_DISJOINT, column Jaccard 0.0, 0 shared of 11/19 columns), so they describe different attributes of the same subjects. Union them side by side on the subject key; neither attribute set may be dropped.",MERGE_AFTER_REKEY,80,0,YES,L4,,-1,-1,-1,0.0,SAME_ENTITIES_DIFFERENT_KEY_NAMESPACE,,,NO,LOW_PROJECTION_WIDTH,SCHEMA_DISJOINT,NO,NO,NO_CONFLICTS_TO_JUDGE_DIRECTION_FROM,DC-0084
DG-0085,BIS_Products_Details.xlsx,BIS_Standards_Details_v2.xlsx,COMPLEMENTARY,0.0,0,0,0,40,0,5,0,11,19,0,COMPLEMENTARY,"No shared value in any candidate key column (none qualified), yet entity overlap reaches 0.89 - the files describe overlapping entities under different identifier namespaces. Identity must be re-derived in Phase 3 from the entity columns before any merge; keying on the existing surrogate would duplicate every shared entity. The two files share their subjects but not their attributes (SCHEMA_DISJOINT, column Jaccard 0.0, 0 shared of 11/19 columns), so they describe different attributes of the same subjects. Union them side by side on the subject key; neither attribute set may be dropped.",MERGE_AFTER_REKEY,80,0,YES,L4,,-1,-1,-1,0.0,SAME_ENTITIES_DIFFERENT_KEY_NAMESPACE,,,NO,LOW_PROJECTION_WIDTH,SCHEMA_DISJOINT,NO,NO,NO_CONFLICTS_TO_JUDGE_DIRECTION_FROM,DC-0085
DG-0086,BIS_Products_Details.xlsx,BIS_Standards_Details_v3.xlsx,COMPLEMENTARY,0.0,0,0,0,40,0,5,0,11,19,0,COMPLEMENTARY,"No shared value in any candidate key column (none qualified), yet entity overlap reaches 0.89 - the files describe overlapping entities under different identifier namespaces. Identity must be re-derived in Phase 3 from the entity columns before any merge; keying on the existing surrogate would duplicate every shared entity. The two files share their subjects but not their attributes (SCHEMA_DISJOINT, column Jaccard 0.0, 0 shared of 11/19 columns), so they describe different attributes of the same subjects. Union them side by side on the subject key; neither attribute set may be dropped.",MERGE_AFTER_REKEY,80,0,YES,L4,,-1,-1,-1,0.0,SAME_ENTITIES_DIFFERENT_KEY_NAMESPACE,,,NO,LOW_PROJECTION_WIDTH,SCHEMA_DISJOINT,NO,NO,NO_CONFLICTS_TO_JUDGE_DIRECTION_FROM,DC-0086
DG-0087,BIS_Products_Details.xlsx,BIS_Standards_Intelligence_Master.xlsx,COMPLEMENTARY,0.0106,0,40,45,40,0,4,1,10,22,0,COMPLEMENTARY,"No shared value in any candidate key column (none qualified), yet entity overlap reaches 0.91 - the files describe overlapping entities under different identifier namespaces. Identity must be re-derived in Phase 3 from the entity columns before any merge; keying on the existing surrogate would duplicate every shared entity. The two files share their subjects but not their attributes (SCHEMA_WEAK_OVERLAP, column Jaccard 0.0303, 1 shared of 11/23 columns), so they describe different attributes of the same subjects. Union them side by side on the subject key; neither attribute set may be dropped.",MERGE_AFTER_REKEY,85,0,YES,L4,,-1,-1,-1,0.0,SAME_ENTITIES_DIFFERENT_KEY_NAMESPACE,,,NO,LOW_PROJECTION_WIDTH,SCHEMA_WEAK_OVERLAP,NO,NO,NO_CONFLICTS_TO_JUDGE_DIRECTION_FROM,DC-0087
DG-0088,BIS_Products_Details.xlsx,BIS_Standards_Scheme_Mapping.xlsx,COMPLEMENTARY,0.0106,0,40,36,25,15,10,1,10,22,0,COMPLEMENTARY,"No shared value in any candidate key column (none qualified), yet entity overlap reaches 0.50 - the files describe overlapping entities under different identifier namespaces. Identity must be re-derived in Phase 3 from the entity columns before any merge; keying on the existing surrogate would duplicate every shared entity. The two files share their subjects but not their attributes (SCHEMA_WEAK_OVERLAP, column Jaccard 0.0303, 1 shared of 11/23 columns), so they describe different attributes of the same subjects. Union them side by side on the subject key; neither attribute set may be dropped.",MERGE_AFTER_REKEY,76,0,YES,L4,,-1,-1,-1,0.0,SAME_ENTITIES_DIFFERENT_KEY_NAMESPACE,,,NO,LOW_PROJECTION_WIDTH,SCHEMA_WEAK_OVERLAP,NO,NO,NO_CONFLICTS_TO_JUDGE_DIRECTION_FROM,DC-0088
DG-0089,BIS_Products_Details.xlsx,BIS_Testing_Parameters_Master.xlsx,COMPLEMENTARY,0.0125,0,40,22,40,0,4,1,10,17,0,COMPLEMENTARY,"No shared value in any candidate key column (none qualified), yet entity overlap reaches 0.91 - the files describe overlapping entities under different identifier namespaces. Identity must be re-derived in Phase 3 from the entity columns before any merge; keying on the existing surrogate would duplicate every shared entity. The two files share their subjects but not their attributes (SCHEMA_WEAK_OVERLAP, column Jaccard 0.0357, 1 shared of 11/18 columns), so they describe different attributes of the same subjects. Union them side by side on the subject key; neither attribute set may be dropped.",MERGE_AFTER_REKEY,85,0,YES,L4,,-1,-1,-1,0.0,SAME_ENTITIES_DIFFERENT_KEY_NAMESPACE,,,NO,LOW_PROJECTION_WIDTH,SCHEMA_WEAK_OVERLAP,NO,NO,NO_CONFLICTS_TO_JUDGE_DIRECTION_FROM,DC-0089
DG-0090,BIS_Products_Full_Information.xlsx,BIS_Products_Full_Information_v2.xlsx,VERSION_NEWER,0.9381,38,2,2,51,0,0,11,0,0,3,VERSION_NEWER,"Identical record set (40 keys on `product_name`, none unique to either side) with 3 differing cells whose direction is settled by content: REPAIR: A carries a raw-scrape artefact in 1 conflicting cells that B has replaced with a clean value. Later revision = BIS_Products_Full_Information_v2.xlsx. No record is lost by treating BIS_Products_Full_Information.xlsx as superseded, but its differing cells are preserved in CONFLICTS.csv.",BIS_Products_Full_Information_v2.xlsx,0,0,NO,L4,product_name,40,0,0,1.0,KEY_LINKED,,,YES,RELIABLE,SCHEMA_IDENTICAL,NO,NO,REPAIR: A carries a raw-scrape artefact in 1 conflicting cells that B has replaced with a clean value,DC-0090
DG-0091,BIS_Products_Full_Information.xlsx,BIS_QCO-schema_2.xlsx,COMPLEMENTARY,0.0109,0,40,40,27,24,13,1,10,21,0,COMPLEMENTARY,"No shared value in any candidate key column (none qualified), yet entity overlap reaches 0.42 - the files describe overlapping entities under different identifier namespaces. Identity must be re-derived in Phase 3 from the entity columns before any merge; keying on the existing surrogate would duplicate every shared entity. The two files share their subjects but not their attributes (SCHEMA_WEAK_OVERLAP, column Jaccard 0.0312, 1 shared of 11/22 columns), so they describe different attributes of the same subjects. Union them side by side on the subject key; neither attribute set may be dropped.",MERGE_AFTER_REKEY,80,0,YES,L4,,-1,-1,-1,0.0,SAME_ENTITIES_DIFFERENT_KEY_NAMESPACE,,,NO,LOW_PROJECTION_WIDTH,SCHEMA_WEAK_OVERLAP,NO,NO,NO_CONFLICTS_TO_JUDGE_DIRECTION_FROM,DC-0091
DG-0092,BIS_Products_Full_Information.xlsx,BIS_QCO_Master_Scheme_1.xlsx,COMPLEMENTARY,0.0,0,0,0,27,24,13,0,11,11,0,COMPLEMENTARY,"No shared value in any candidate key column (none qualified), yet entity overlap reaches 0.42 - the files describe overlapping entities under different identifier namespaces. Identity must be re-derived in Phase 3 from the entity columns before any merge; keying on the existing surrogate would duplicate every shared entity. The two files share their subjects but not their attributes (SCHEMA_DISJOINT, column Jaccard 0.0, 0 shared of 11/11 columns), so they describe different attributes of the same subjects. Union them side by side on the subject key; neither attribute set may be dropped.",MERGE_AFTER_REKEY,80,0,YES,L4,,-1,-1,-1,0.0,SAME_ENTITIES_DIFFERENT_KEY_NAMESPACE,,,NO,LOW_PROJECTION_WIDTH,SCHEMA_DISJOINT,NO,NO,NO_CONFLICTS_TO_JUDGE_DIRECTION_FROM,DC-0092
DG-0093,BIS_Products_Full_Information.xlsx,BIS_QCO_Summary.xlsx,COMPLEMENTARY,0.0,0,0,0,23,28,13,0,11,7,0,COMPLEMENTARY,"No shared value in any candidate key column (none qualified), yet entity overlap reaches 0.36 - the files describe overlapping entities under different identifier namespaces. Identity must be re-derived in Phase 3 from the entity columns before any merge; keying on the existing surrogate would duplicate every shared entity. The two files share their subjects but not their attributes (SCHEMA_DISJOINT, column Jaccard 0.0, 0 shared of 11/7 columns), so they describe different attributes of the same subjects. Union them side by side on the subject key; neither attribute set may be dropped.",MERGE_AFTER_REKEY,75,0,YES,L4,,-1,-1,-1,0.0,SAME_ENTITIES_DIFFERENT_KEY_NAMESPACE,,,NO,LOW_PROJECTION_WIDTH,SCHEMA_DISJOINT,NO,NO,NO_CONFLICTS_TO_JUDGE_DIRECTION_FROM,DC-0093
DG-0094,BIS_Products_Full_Information.xlsx,BIS_Scheme_IV_FMCS.xlsx,COMPLEMENTARY,0.0152,0,40,40,27,24,13,1,10,12,0,COMPLEMENTARY,"No shared value in any candidate key column (none qualified), yet entity overlap reaches 0.42 - the files describe overlapping entities under different identifier namespaces. Identity must be re-derived in Phase 3 from the entity columns before any merge; keying on the existing surrogate would duplicate every shared entity. The two files share their subjects but not their attributes (SCHEMA_WEAK_OVERLAP, column Jaccard 0.0435, 1 shared of 11/13 columns), so they describe different attributes of the same subjects. Union them side by side on the subject key; neither attribute set may be dropped.",MERGE_AFTER_REKEY,80,0,YES,L4,,-1,-1,-1,0.0,SAME_ENTITIES_DIFFERENT_KEY_NAMESPACE,,,NO,LOW_PROJECTION_WIDTH,SCHEMA_WEAK_OVERLAP,NO,NO,NO_CONFLICTS_TO_JUDGE_DIRECTION_FROM,DC-0094
DG-0095,BIS_Products_Full_Information.xlsx,BIS_Standards_Details_v2 (1).xlsx,COMPLEMENTARY,0.0,0,0,0,28,23,17,0,11,19,0,COMPLEMENTARY,"No shared value in any candidate key column (none qualified), yet entity overlap reaches 0.41 - the files describe overlapping entities under different identifier namespaces. Identity must be re-derived in Phase 3 from the entity columns before any merge; keying on the existing surrogate would duplicate every shared entity. The two files share their subjects but not their attributes (SCHEMA_DISJOINT, column Jaccard 0.0, 0 shared of 11/19 columns), so they describe different attributes of the same subjects. Union them side by side on the subject key; neither attribute set may be dropped.",MERGE_AFTER_REKEY,80,0,YES,L4,,-1,-1,-1,0.0,SAME_ENTITIES_DIFFERENT_KEY_NAMESPACE,,,NO,LOW_PROJECTION_WIDTH,SCHEMA_DISJOINT,NO,NO,NO_CONFLICTS_TO_JUDGE_DIRECTION_FROM,DC-0095
DG-0096,BIS_Products_Full_Information.xlsx,BIS_Standards_Details_v2.xlsx,COMPLEMENTARY,0.0,0,0,0,28,23,17,0,11,19,0,COMPLEMENTARY,"No shared value in any candidate key column (none qualified), yet entity overlap reaches 0.41 - the files describe overlapping entities under different identifier namespaces. Identity must be re-derived in Phase 3 from the entity columns before any merge; keying on the existing surrogate would duplicate every shared entity. The two files share their subjects but not their attributes (SCHEMA_DISJOINT, column Jaccard 0.0, 0 shared of 11/19 columns), so they describe different attributes of the same subjects. Union them side by side on the subject key; neither attribute set may be dropped.",MERGE_AFTER_REKEY,80,0,YES,L4,,-1,-1,-1,0.0,SAME_ENTITIES_DIFFERENT_KEY_NAMESPACE,,,NO,LOW_PROJECTION_WIDTH,SCHEMA_DISJOINT,NO,NO,NO_CONFLICTS_TO_JUDGE_DIRECTION_FROM,DC-0096
DG-0097,BIS_Products_Full_Information.xlsx,BIS_Standards_Details_v3.xlsx,COMPLEMENTARY,0.0,0,0,0,28,23,17,0,11,19,0,COMPLEMENTARY,"No shared value in any candidate key column (none qualified), yet entity overlap reaches 0.41 - the files describe overlapping entities under different identifier namespaces. Identity must be re-derived in Phase 3 from the entity columns before any merge; keying on the existing surrogate would duplicate every shared entity. The two files share their subjects but not their attributes (SCHEMA_DISJOINT, column Jaccard 0.0, 0 shared of 11/19 columns), so they describe different attributes of the same subjects. Union them side by side on the subject key; neither attribute set may be dropped.",MERGE_AFTER_REKEY,80,0,YES,L4,,-1,-1,-1,0.0,SAME_ENTITIES_DIFFERENT_KEY_NAMESPACE,,,NO,LOW_PROJECTION_WIDTH,SCHEMA_DISJOINT,NO,NO,NO_CONFLICTS_TO_JUDGE_DIRECTION_FROM,DC-0097
DG-0098,BIS_Products_Full_Information.xlsx,BIS_Standards_Intelligence_Master.xlsx,COMPLEMENTARY,0.0106,0,40,45,27,24,17,1,10,22,0,COMPLEMENTARY,"No shared value in any candidate key column (none qualified), yet entity overlap reaches 0.40 - the files describe overlapping entities under different identifier namespaces. Identity must be re-derived in Phase 3 from the entity columns before any merge; keying on the existing surrogate would duplicate every shared entity. The two files share their subjects but not their attributes (SCHEMA_WEAK_OVERLAP, column Jaccard 0.0303, 1 shared of 11/23 columns), so they describe different attributes of the same subjects. Union them side by side on the subject key; neither attribute set may be dropped.",MERGE_AFTER_REKEY,85,0,YES,L4,,-1,-1,-1,0.0,SAME_ENTITIES_DIFFERENT_KEY_NAMESPACE,,,NO,LOW_PROJECTION_WIDTH,SCHEMA_WEAK_OVERLAP,NO,NO,NO_CONFLICTS_TO_JUDGE_DIRECTION_FROM,DC-0098
DG-0099,BIS_Products_Full_Information.xlsx,BIS_Testing_Parameters_Master.xlsx,COMPLEMENTARY,0.0125,0,40,22,27,24,17,1,10,17,0,COMPLEMENTARY,"No shared value in any candidate key column (none qualified), yet entity overlap reaches 0.40 - the files describe overlapping entities under different identifier namespaces. Identity must be re-derived in Phase 3 from the entity columns before any merge; keying on the existing surrogate would duplicate every shared entity. The two files share their subjects but not their attributes (SCHEMA_WEAK_OVERLAP, column Jaccard 0.0357, 1 shared of 11/18 columns), so they describe different attributes of the same subjects. Union them side by side on the subject key; neither attribute set may be dropped.",MERGE_AFTER_REKEY,85,0,YES,L4,,-1,-1,-1,0.0,SAME_ENTITIES_DIFFERENT_KEY_NAMESPACE,,,NO,LOW_PROJECTION_WIDTH,SCHEMA_WEAK_OVERLAP,NO,NO,NO_CONFLICTS_TO_JUDGE_DIRECTION_FROM,DC-0099
DG-0100,BIS_Products_Full_Information_v2.xlsx,BIS_QCO-schema_2.xlsx,COMPLEMENTARY,0.0109,0,40,40,27,24,13,1,10,21,0,COMPLEMENTARY,"No shared value in any candidate key column (none qualified), yet entity overlap reaches 0.42 - the files describe overlapping entities under different identifier namespaces. Identity must be re-derived in Phase 3 from the entity columns before any merge; keying on the existing surrogate would duplicate every shared entity. The two files share their subjects but not their attributes (SCHEMA_WEAK_OVERLAP, column Jaccard 0.0312, 1 shared of 11/22 columns), so they describe different attributes of the same subjects. Union them side by side on the subject key; neither attribute set may be dropped.",MERGE_AFTER_REKEY,80,0,YES,L4,,-1,-1,-1,0.0,SAME_ENTITIES_DIFFERENT_KEY_NAMESPACE,,,NO,LOW_PROJECTION_WIDTH,SCHEMA_WEAK_OVERLAP,NO,NO,NO_CONFLICTS_TO_JUDGE_DIRECTION_FROM,DC-0100
DG-0101,BIS_Products_Full_Information_v2.xlsx,BIS_QCO_Master_Scheme_1.xlsx,COMPLEMENTARY,0.0,0,0,0,27,24,13,0,11,11,0,COMPLEMENTARY,"No shared value in any candidate key column (none qualified), yet entity overlap reaches 0.42 - the files describe overlapping entities under different identifier namespaces. Identity must be re-derived in Phase 3 from the entity columns before any merge; keying on the existing surrogate would duplicate every shared entity. The two files share their subjects but not their attributes (SCHEMA_DISJOINT, column Jaccard 0.0, 0 shared of 11/11 columns), so they describe different attributes of the same subjects. Union them side by side on the subject key; neither attribute set may be dropped.",MERGE_AFTER_REKEY,80,0,YES,L4,,-1,-1,-1,0.0,SAME_ENTITIES_DIFFERENT_KEY_NAMESPACE,,,NO,LOW_PROJECTION_WIDTH,SCHEMA_DISJOINT,NO,NO,NO_CONFLICTS_TO_JUDGE_DIRECTION_FROM,DC-0101
DG-0102,BIS_Products_Full_Information_v2.xlsx,BIS_QCO_Summary.xlsx,COMPLEMENTARY,0.0,0,0,0,23,28,13,0,11,7,0,COMPLEMENTARY,"No shared value in any candidate key column (none qualified), yet entity overlap reaches 0.36 - the files describe overlapping entities under different identifier namespaces. Identity must be re-derived in Phase 3 from the entity columns before any merge; keying on the existing surrogate would duplicate every shared entity. The two files share their subjects but not their attributes (SCHEMA_DISJOINT, column Jaccard 0.0, 0 shared of 11/7 columns), so they describe different attributes of the same subjects. Union them side by side on the subject key; neither attribute set may be dropped.",MERGE_AFTER_REKEY,75,0,YES,L4,,-1,-1,-1,0.0,SAME_ENTITIES_DIFFERENT_KEY_NAMESPACE,,,NO,LOW_PROJECTION_WIDTH,SCHEMA_DISJOINT,NO,NO,NO_CONFLICTS_TO_JUDGE_DIRECTION_FROM,DC-0102
DG-0103,BIS_Products_Full_Information_v2.xlsx,BIS_Scheme_IV_FMCS.xlsx,COMPLEMENTARY,0.0152,0,40,40,27,24,13,1,10,12,0,COMPLEMENTARY,"No shared value in any candidate key column (none qualified), yet entity overlap reaches 0.42 - the files describe overlapping entities under different identifier namespaces. Identity must be re-derived in Phase 3 from the entity columns before any merge; keying on the existing surrogate would duplicate every shared entity. The two files share their subjects but not their attributes (SCHEMA_WEAK_OVERLAP, column Jaccard 0.0435, 1 shared of 11/13 columns), so they describe different attributes of the same subjects. Union them side by side on the subject key; neither attribute set may be dropped.",MERGE_AFTER_REKEY,80,0,YES,L4,,-1,-1,-1,0.0,SAME_ENTITIES_DIFFERENT_KEY_NAMESPACE,,,NO,LOW_PROJECTION_WIDTH,SCHEMA_WEAK_OVERLAP,NO,NO,NO_CONFLICTS_TO_JUDGE_DIRECTION_FROM,DC-0103
DG-0104,BIS_Products_Full_Information_v2.xlsx,BIS_Standards_Details_v2 (1).xlsx,COMPLEMENTARY,0.0,0,0,0,28,23,17,0,11,19,0,COMPLEMENTARY,"No shared value in any candidate key column (none qualified), yet entity overlap reaches 0.41 - the files describe overlapping entities under different identifier namespaces. Identity must be re-derived in Phase 3 from the entity columns before any merge; keying on the existing surrogate would duplicate every shared entity. The two files share their subjects but not their attributes (SCHEMA_DISJOINT, column Jaccard 0.0, 0 shared of 11/19 columns), so they describe different attributes of the same subjects. Union them side by side on the subject key; neither attribute set may be dropped.",MERGE_AFTER_REKEY,80,0,YES,L4,,-1,-1,-1,0.0,SAME_ENTITIES_DIFFERENT_KEY_NAMESPACE,,,NO,LOW_PROJECTION_WIDTH,SCHEMA_DISJOINT,NO,NO,NO_CONFLICTS_TO_JUDGE_DIRECTION_FROM,DC-0104
DG-0105,BIS_Products_Full_Information_v2.xlsx,BIS_Standards_Details_v2.xlsx,COMPLEMENTARY,0.0,0,0,0,28,23,17,0,11,19,0,COMPLEMENTARY,"No shared value in any candidate key column (none qualified), yet entity overlap reaches 0.41 - the files describe overlapping entities under different identifier namespaces. Identity must be re-derived in Phase 3 from the entity columns before any merge; keying on the existing surrogate would duplicate every shared entity. The two files share their subjects but not their attributes (SCHEMA_DISJOINT, column Jaccard 0.0, 0 shared of 11/19 columns), so they describe different attributes of the same subjects. Union them side by side on the subject key; neither attribute set may be dropped.",MERGE_AFTER_REKEY,80,0,YES,L4,,-1,-1,-1,0.0,SAME_ENTITIES_DIFFERENT_KEY_NAMESPACE,,,NO,LOW_PROJECTION_WIDTH,SCHEMA_DISJOINT,NO,NO,NO_CONFLICTS_TO_JUDGE_DIRECTION_FROM,DC-0105
DG-0106,BIS_Products_Full_Information_v2.xlsx,BIS_Standards_Details_v3.xlsx,COMPLEMENTARY,0.0,0,0,0,28,23,17,0,11,19,0,COMPLEMENTARY,"No shared value in any candidate key column (none qualified), yet entity overlap reaches 0.41 - the files describe overlapping entities under different identifier namespaces. Identity must be re-derived in Phase 3 from the entity columns before any merge; keying on the existing surrogate would duplicate every shared entity. The two files share their subjects but not their attributes (SCHEMA_DISJOINT, column Jaccard 0.0, 0 shared of 11/19 columns), so they describe different attributes of the same subjects. Union them side by side on the subject key; neither attribute set may be dropped.",MERGE_AFTER_REKEY,80,0,YES,L4,,-1,-1,-1,0.0,SAME_ENTITIES_DIFFERENT_KEY_NAMESPACE,,,NO,LOW_PROJECTION_WIDTH,SCHEMA_DISJOINT,NO,NO,NO_CONFLICTS_TO_JUDGE_DIRECTION_FROM,DC-0106
DG-0107,BIS_Products_Full_Information_v2.xlsx,BIS_Standards_Intelligence_Master.xlsx,COMPLEMENTARY,0.0106,0,40,45,27,24,17,1,10,22,0,COMPLEMENTARY,"No shared value in any candidate key column (none qualified), yet entity overlap reaches 0.40 - the files describe overlapping entities under different identifier namespaces. Identity must be re-derived in Phase 3 from the entity columns before any merge; keying on the existing surrogate would duplicate every shared entity. The two files share their subjects but not their attributes (SCHEMA_WEAK_OVERLAP, column Jaccard 0.0303, 1 shared of 11/23 columns), so they describe different attributes of the same subjects. Union them side by side on the subject key; neither attribute set may be dropped.",MERGE_AFTER_REKEY,85,0,YES,L4,,-1,-1,-1,0.0,SAME_ENTITIES_DIFFERENT_KEY_NAMESPACE,,,NO,LOW_PROJECTION_WIDTH,SCHEMA_WEAK_OVERLAP,NO,NO,NO_CONFLICTS_TO_JUDGE_DIRECTION_FROM,DC-0107
DG-0108,BIS_Products_Full_Information_v2.xlsx,BIS_Testing_Parameters_Master.xlsx,COMPLEMENTARY,0.0125,0,40,22,27,24,17,1,10,17,0,COMPLEMENTARY,"No shared value in any candidate key column (none qualified), yet entity overlap reaches 0.40 - the files describe overlapping entities under different identifier namespaces. Identity must be re-derived in Phase 3 from the entity columns before any merge; keying on the existing surrogate would duplicate every shared entity. The two files share their subjects but not their attributes (SCHEMA_WEAK_OVERLAP, column Jaccard 0.0357, 1 shared of 11/18 columns), so they describe different attributes of the same subjects. Union them side by side on the subject key; neither attribute set may be dropped.",MERGE_AFTER_REKEY,85,0,YES,L4,,-1,-1,-1,0.0,SAME_ENTITIES_DIFFERENT_KEY_NAMESPACE,,,NO,LOW_PROJECTION_WIDTH,SCHEMA_WEAK_OVERLAP,NO,NO,NO_CONFLICTS_TO_JUDGE_DIRECTION_FROM,DC-0108
DG-0109,BIS_QCO-schema_2.xlsx,BIS_QCO_Master_Records (1).xlsx,COMPLEMENTARY,0.35,0,40,15,26,14,1,22,0,0,64,COMPLEMENTARY,"Only 6 of 49 records are shared on `is_numbers` (key Jaccard 0.12); A holds 34 records B does not and B holds 9 A does not. The files describe mostly different records in a related area, so both are required. Merge as a union, keyed on `is_numbers`.",MERGE_UNION,49,0,YES,L4,is_numbers,6,34,9,0.1224,KEY_LINKED,qco_id; qco_number; schemes,,YES,RELIABLE,SCHEMA_IDENTICAL,NO,NO,"INCONCLUSIVE: 64 conflicts, both sides carry real values (a_blank=6 b_blank=0 a_artefact=0 b_artefact=0) - no side is demonstrably the later revision",DC-0109
DG-0110,BIS_QCO-schema_2.xlsx,BIS_QCO_Master_Records.xlsx,COMPLEMENTARY,0.35,0,40,3,4,36,1,22,0,0,15,COMPLEMENTARY,"Only 1 of 42 records are shared on `product` (key Jaccard 0.02); A holds 39 records B does not and B holds 2 A does not. The files describe mostly different records in a related area, so both are required. Merge as a union, keyed on `product`.",MERGE_UNION,42,0,YES,L4,product,1,39,2,0.0238,KEY_LINKED,is_numbers; qco_id; qco_name; qco_number; schemes,current_status; exclusions; scope,YES,RELIABLE,SCHEMA_IDENTICAL,NO,NO,"INCONCLUSIVE: 15 conflicts, both sides carry real values (a_blank=2 b_blank=0 a_artefact=0 b_artefact=0) - no side is demonstrably the later revision",DC-0110
DG-0111,BIS_QCO-schema_2.xlsx,BIS_QCO_Master_Records_v3.xlsx,DUPLICATE_WITH_UNIQUE_DATA,0.35,0,40,12,12,28,0,22,0,0,176,DUPLICATE_WITH_UNIQUE_DATA,"12 records shared on `is_numbers` (key Jaccard 0.30) but 28 are unique to A and 0 unique to B, over the same attribute set. Overlapping records are the same entities; the unique ones are additional valid records. Union both - archiving either side would destroy records.",MERGE_UNION,40,0,YES,L4,is_numbers,12,28,0,0.3,KEY_LINKED,qco_id; qco_name; qco_number; schemes,exclusions; scope,YES,RELIABLE,SCHEMA_IDENTICAL,NO,NO,"INCONCLUSIVE: 176 conflicts, both sides carry real values (a_blank=35 b_blank=10 a_artefact=0 b_artefact=0) - no side is demonstrably the later revision",DC-0111
DG-0112,BIS_QCO-schema_2.xlsx,BIS_QCO_Master_Scheme_1.xlsx,COMPLEMENTARY,0.0483,0,40,40,40,0,0,4,18,7,64,COMPLEMENTARY,"25 of 55 records are shared on `product` (key Jaccard 0.45; 15 unique to A, 15 to B). The two files share their subjects but not their attributes (SCHEMA_WEAK_OVERLAP, column Jaccard 0.1379, 4 shared of 22/11 columns), so they describe different attributes of the same subjects. Union them side by side on the subject key; neither attribute set may be dropped.",MERGE_UNION,55,0,YES,L4,product,25,15,15,0.4545,KEY_LINKED,,,NO,LOW_PROJECTION_WIDTH,SCHEMA_WEAK_OVERLAP,NO,NO,"INCONCLUSIVE: 64 conflicts, both sides carry real values (a_blank=0 b_blank=0 a_artefact=0 b_artefact=0) - no side is demonstrably the later revision",DC-0112
DG-0113,BIS_QCO-schema_2.xlsx,BIS_QCO_Summary.xlsx,COMPLEMENTARY,0.0,0,0,0,36,4,0,0,22,7,0,COMPLEMENTARY,"No shared value in any candidate key column (none qualified), yet entity overlap reaches 0.90 - the files describe overlapping entities under different identifier namespaces. Identity must be re-derived in Phase 3 from the entity columns before any merge; keying on the existing surrogate would duplicate every shared entity. The two files share their subjects but not their attributes (SCHEMA_DISJOINT, column Jaccard 0.0, 0 shared of 22/7 columns), so they describe different attributes of the same subjects. Union them side by side on the subject key; neither attribute set may be dropped.",MERGE_AFTER_REKEY,75,0,YES,L4,,-1,-1,-1,0.0,SAME_ENTITIES_DIFFERENT_KEY_NAMESPACE,,,NO,LOW_PROJECTION_WIDTH,SCHEMA_DISJOINT,NO,NO,NO_CONFLICTS_TO_JUDGE_DIRECTION_FROM,DC-0113
DG-0114,BIS_QCO-schema_2.xlsx,BIS_Scheme_IV_FMCS.xlsx,COMPLEMENTARY,0.0328,0,40,40,40,0,0,3,19,10,48,COMPLEMENTARY,"24 of 56 records are shared on `product` (key Jaccard 0.43; 16 unique to A, 16 to B). The two files share their subjects but not their attributes (SCHEMA_WEAK_OVERLAP, column Jaccard 0.0938, 3 shared of 22/13 columns), so they describe different attributes of the same subjects. Union them side by side on the subject key; neither attribute set may be dropped. Column name(s) scope; source_url disagree on essentially every matched record while both sides hold real values - one name carrying two different meanings. Phase 3 must SPLIT these into per-source fields, not union them.",MERGE_UNION,56,0,YES,L4,product,24,16,16,0.4286,KEY_LINKED,,scope; source_url,NO,LOW_PROJECTION_WIDTH,SCHEMA_WEAK_OVERLAP,NO,NO,"INCONCLUSIVE: 48 conflicts, both sides carry real values (a_blank=0 b_blank=0 a_artefact=0 b_artefact=0) - no side is demonstrably the later revision",DC-0114
DG-0115,BIS_QCO-schema_2.xlsx,BIS_Schemes_Master.xlsx,COMPLEMENTARY,0.0318,0,40,40,0,40,0,3,19,11,46,COMPLEMENTARY,"23 of 57 records are shared on `product` (key Jaccard 0.40; 17 unique to A, 17 to B). The two files share their subjects but not their attributes (SCHEMA_WEAK_OVERLAP, column Jaccard 0.0909, 3 shared of 22/14 columns), so they describe different attributes of the same subjects. Union them side by side on the subject key; neither attribute set may be dropped.",MERGE_UNION,57,0,YES,L4,product,23,17,17,0.4035,KEY_LINKED,,,NO,LOW_PROJECTION_WIDTH,SCHEMA_WEAK_OVERLAP,NO,NO,"INCONCLUSIVE: 46 conflicts, both sides carry real values (a_blank=0 b_blank=0 a_artefact=0 b_artefact=0) - no side is demonstrably the later revision",DC-0115
DG-0116,BIS_QCO-schema_2.xlsx,BIS_Schemes_Master_Scheme_2.xlsx,COMPLEMENTARY,0.0318,0,40,40,0,40,0,3,19,11,46,COMPLEMENTARY,"23 of 57 records are shared on `product` (key Jaccard 0.40; 17 unique to A, 17 to B). The two files share their subjects but not their attributes (SCHEMA_WEAK_OVERLAP, column Jaccard 0.0909, 3 shared of 22/14 columns), so they describe different attributes of the same subjects. Union them side by side on the subject key; neither attribute set may be dropped.",MERGE_UNION,57,0,YES,L4,product,23,17,17,0.4035,KEY_LINKED,,,NO,LOW_PROJECTION_WIDTH,SCHEMA_WEAK_OVERLAP,NO,NO,"INCONCLUSIVE: 46 conflicts, both sides carry real values (a_blank=0 b_blank=0 a_artefact=0 b_artefact=0) - no side is demonstrably the later revision",DC-0116
DG-0117,BIS_QCO-schema_2.xlsx,BIS_Standards_Details_v2 (1).xlsx,COMPLEMENTARY,0.0087,0,40,40,40,0,5,1,21,18,0,COMPLEMENTARY,"No shared value in any candidate key column (none qualified), yet entity overlap reaches 0.89 - the files describe overlapping entities under different identifier namespaces. Identity must be re-derived in Phase 3 from the entity columns before any merge; keying on the existing surrogate would duplicate every shared entity. The two files share their subjects but not their attributes (SCHEMA_WEAK_OVERLAP, column Jaccard 0.025, 1 shared of 22/19 columns), so they describe different attributes of the same subjects. Union them side by side on the subject key; neither attribute set may be dropped.",MERGE_AFTER_REKEY,80,0,YES,L4,,-1,-1,-1,0.0,SAME_ENTITIES_DIFFERENT_KEY_NAMESPACE,,,NO,LOW_PROJECTION_WIDTH,SCHEMA_WEAK_OVERLAP,NO,NO,NO_CONFLICTS_TO_JUDGE_DIRECTION_FROM,DC-0117
DG-0118,BIS_QCO-schema_2.xlsx,BIS_Standards_Details_v2.xlsx,COMPLEMENTARY,0.0087,0,40,40,40,0,5,1,21,18,0,COMPLEMENTARY,"No shared value in any candidate key column (none qualified), yet entity overlap reaches 0.89 - the files describe overlapping entities under different identifier namespaces. Identity must be re-derived in Phase 3 from the entity columns before any merge; keying on the existing surrogate would duplicate every shared entity. The two files share their subjects but not their attributes (SCHEMA_WEAK_OVERLAP, column Jaccard 0.025, 1 shared of 22/19 columns), so they describe different attributes of the same subjects. Union them side by side on the subject key; neither attribute set may be dropped.",MERGE_AFTER_REKEY,80,0,YES,L4,,-1,-1,-1,0.0,SAME_ENTITIES_DIFFERENT_KEY_NAMESPACE,,,NO,LOW_PROJECTION_WIDTH,SCHEMA_WEAK_OVERLAP,NO,NO,NO_CONFLICTS_TO_JUDGE_DIRECTION_FROM,DC-0118
DG-0119,BIS_QCO-schema_2.xlsx,BIS_Standards_Details_v3.xlsx,COMPLEMENTARY,0.0087,0,40,40,40,0,5,1,21,18,0,COMPLEMENTARY,"No shared value in any candidate key column (none qualified), yet entity overlap reaches 0.89 - the files describe overlapping entities under different identifier namespaces. Identity must be re-derived in Phase 3 from the entity columns before any merge; keying on the existing surrogate would duplicate every shared entity. The two files share their subjects but not their attributes (SCHEMA_WEAK_OVERLAP, column Jaccard 0.025, 1 shared of 22/19 columns), so they describe different attributes of the same subjects. Union them side by side on the subject key; neither attribute set may be dropped.",MERGE_AFTER_REKEY,80,0,YES,L4,,-1,-1,-1,0.0,SAME_ENTITIES_DIFFERENT_KEY_NAMESPACE,,,NO,LOW_PROJECTION_WIDTH,SCHEMA_WEAK_OVERLAP,NO,NO,NO_CONFLICTS_TO_JUDGE_DIRECTION_FROM,DC-0119
DG-0120,BIS_QCO-schema_2.xlsx,BIS_Standards_Intelligence_Master.xlsx,COMPLEMENTARY,0.0163,0,40,45,40,0,4,2,20,21,26,COMPLEMENTARY,"26 of 59 records are shared on `product` (key Jaccard 0.44; 14 unique to A, 19 to B). The two files share their subjects but not their attributes (SCHEMA_WEAK_OVERLAP, column Jaccard 0.0465, 2 shared of 22/23 columns), so they describe different attributes of the same subjects. Union them side by side on the subject key; neither attribute set may be dropped. Column name(s) source_url disagree on essentially every matched record while both sides hold real values - one name carrying two different meanings. Phase 3 must SPLIT these into per-source fields, not union them.",MERGE_UNION,59,0,YES,L4,product,26,14,19,0.4407,KEY_LINKED,,source_url,NO,LOW_PROJECTION_WIDTH,SCHEMA_WEAK_OVERLAP,NO,NO,"INCONCLUSIVE: 26 conflicts, both sides carry real values (a_blank=0 b_blank=0 a_artefact=0 b_artefact=0) - no side is demonstrably the later revision",DC-0120
DG-0121,BIS_QCO-schema_2.xlsx,BIS_Standards_Scheme_Mapping.xlsx,COMPLEMENTARY,0.0079,0,40,36,25,15,10,1,21,22,0,COMPLEMENTARY,"No shared value in any candidate key column (none qualified), yet entity overlap reaches 0.50 - the files describe overlapping entities under different identifier namespaces. Identity must be re-derived in Phase 3 from the entity columns before any merge; keying on the existing surrogate would duplicate every shared entity. The two files share their subjects but not their attributes (SCHEMA_WEAK_OVERLAP, column Jaccard 0.0227, 1 shared of 22/23 columns), so they describe different attributes of the same subjects. Union them side by side on the subject key; neither attribute set may be dropped.",MERGE_AFTER_REKEY,76,0,YES,L4,,-1,-1,-1,0.0,SAME_ENTITIES_DIFFERENT_KEY_NAMESPACE,,,NO,LOW_PROJECTION_WIDTH,SCHEMA_WEAK_OVERLAP,NO,NO,NO_CONFLICTS_TO_JUDGE_DIRECTION_FROM,DC-0121
DG-0122,BIS_QCO-schema_2.xlsx,BIS_Testing_Parameters_Master.xlsx,COMPLEMENTARY,0.0184,0,40,45,40,0,4,2,20,16,15,COMPLEMENTARY,"26 of 59 records are shared on `product` (key Jaccard 0.44; 14 unique to A, 19 to B). The two files share their subjects but not their attributes (SCHEMA_WEAK_OVERLAP, column Jaccard 0.0526, 2 shared of 22/18 columns), so they describe different attributes of the same subjects. Union them side by side on the subject key; neither attribute set may be dropped.",MERGE_UNION,59,0,YES,L4,product,26,14,19,0.4407,KEY_LINKED,,,NO,LOW_PROJECTION_WIDTH,SCHEMA_WEAK_OVERLAP,NO,NO,"INCONCLUSIVE: 15 conflicts, both sides carry real values (a_blank=0 b_blank=0 a_artefact=0 b_artefact=0) - no side is demonstrably the later revision",DC-0122
DG-0123,BIS_QCO-schema_2.xlsx,bis_product_certification_faq (1).csv,COMPLEMENTARY,0.0121,0,40,28,0,40,0,1,21,7,0,COMPLEMENTARY,"No shared value in any candidate key column (none qualified), yet entity overlap reaches 0.50 - the files describe overlapping entities under different identifier namespaces. Identity must be re-derived in Phase 3 from the entity columns before any merge; keying on the existing surrogate would duplicate every shared entity. The two files share their subjects but not their attributes (SCHEMA_WEAK_OVERLAP, column Jaccard 0.0345, 1 shared of 22/8 columns), so they describe different attributes of the same subjects. Union them side by side on the subject key; neither attribute set may be dropped.",MERGE_AFTER_REKEY,68,0,YES,L4,,-1,-1,-1,0.0,SAME_ENTITIES_DIFFERENT_KEY_NAMESPACE,,,NO,LOW_PROJECTION_WIDTH,SCHEMA_WEAK_OVERLAP,NO,NO,NO_CONFLICTS_TO_JUDGE_DIRECTION_FROM,DC-0123
DG-0124,BIS_QCO-schema_2.xlsx,bis_product_certifications.csv,COMPLEMENTARY,0.0117,0,40,71,0,40,0,1,21,8,0,COMPLEMENTARY,"No shared value in any candidate key column (none qualified), yet entity overlap reaches 0.33 - the files describe overlapping entities under different identifier namespaces. Identity must be re-derived in Phase 3 from the entity columns before any merge; keying on the existing surrogate would duplicate every shared entity. The two files share their subjects but not their attributes (SCHEMA_WEAK_OVERLAP, column Jaccard 0.0333, 1 shared of 22/9 columns), so they describe different attributes of the same subjects. Union them side by side on the subject key; neither attribute set may be dropped.",MERGE_AFTER_REKEY,111,0,YES,L4,,-1,-1,-1,0.0,SAME_ENTITIES_DIFFERENT_KEY_NAMESPACE,,,NO,LOW_PROJECTION_WIDTH,SCHEMA_WEAK_OVERLAP,NO,NO,NO_CONFLICTS_TO_JUDGE_DIRECTION_FROM,DC-0124
DG-0125,BIS_QCO_Master_Records (1).xlsx,BIS_QCO_Master_Records.xlsx,COMPLEMENTARY,0.35,0,15,3,4,23,1,22,0,0,9,COMPLEMENTARY,"Only 1 of 17 records are shared on `product` (key Jaccard 0.06); A holds 14 records B does not and B holds 2 A does not. The files describe mostly different records in a related area, so both are required. Merge as a union, keyed on `product`.",MERGE_UNION,17,0,YES,L4,product,1,14,2,0.0588,KEY_LINKED,is_numbers; qco_id; qco_name; schemes,,YES,RELIABLE,SCHEMA_IDENTICAL,NO,NO,"INCONCLUSIVE: 9 conflicts, both sides carry real values (a_blank=0 b_blank=0 a_artefact=0 b_artefact=0) - no side is demonstrably the later revision",DC-0125
DG-0126,BIS_QCO_Master_Records (1).xlsx,BIS_QCO_Master_Records_v3.xlsx,COMPLEMENTARY,0.35,0,15,12,11,16,1,22,0,0,0,COMPLEMENTARY,"No shared value in any candidate key column (NO_SHARED_KEY_VALUES; candidates unique per file but disjoint (is_numbers; product) - identity must be re-derived in Phase 3 from entity columns, NOT ), yet entity overlap reaches 0.50 - the files describe overlapping entities under different identifier namespaces. Identity must be re-derived in Phase 3 from the entity columns before any merge; keying on the existing surrogate would duplicate every shared entity.",MERGE_AFTER_REKEY,27,0,YES,L4,product,0,15,12,0.0,SAME_ENTITIES_DIFFERENT_KEY_NAMESPACE,,,YES,RELIABLE,SCHEMA_IDENTICAL,NO,NO,NO_CONFLICTS_TO_JUDGE_DIRECTION_FROM,DC-0126
DG-0127,BIS_QCO_Master_Records (1).xlsx,BIS_QCO_Master_Scheme_1.xlsx,COMPLEMENTARY,0.0483,0,15,40,26,1,14,4,18,7,7,COMPLEMENTARY,"3 of 52 records are shared on `product` (key Jaccard 0.06; 12 unique to A, 37 to B). The two files share their subjects but not their attributes (SCHEMA_WEAK_OVERLAP, column Jaccard 0.1379, 4 shared of 22/11 columns), so they describe different attributes of the same subjects. Union them side by side on the subject key; neither attribute set may be dropped.",MERGE_UNION,52,0,YES,L4,product,3,12,37,0.0577,KEY_LINKED,,,NO,LOW_PROJECTION_WIDTH,SCHEMA_WEAK_OVERLAP,NO,NO,"INCONCLUSIVE: 7 conflicts, both sides carry real values (a_blank=0 b_blank=0 a_artefact=0 b_artefact=0) - no side is demonstrably the later revision",DC-0127
DG-0128,BIS_QCO_Master_Records (1).xlsx,BIS_QCO_Summary.xlsx,COMPLEMENTARY,0.0,0,0,0,26,1,10,0,22,7,0,COMPLEMENTARY,"No shared value in any candidate key column (none qualified), yet entity overlap reaches 0.70 - the files describe overlapping entities under different identifier namespaces. Identity must be re-derived in Phase 3 from the entity columns before any merge; keying on the existing surrogate would duplicate every shared entity. The two files share their subjects but not their attributes (SCHEMA_DISJOINT, column Jaccard 0.0, 0 shared of 22/7 columns), so they describe different attributes of the same subjects. Union them side by side on the subject key; neither attribute set may be dropped.",MERGE_AFTER_REKEY,50,0,YES,L4,,-1,-1,-1,0.0,SAME_ENTITIES_DIFFERENT_KEY_NAMESPACE,,,NO,LOW_PROJECTION_WIDTH,SCHEMA_DISJOINT,NO,NO,NO_CONFLICTS_TO_JUDGE_DIRECTION_FROM,DC-0128
DG-0129,BIS_QCO_Master_Records (1).xlsx,BIS_Scheme_IV_FMCS.xlsx,COMPLEMENTARY,0.0328,0,15,40,26,1,14,3,19,10,4,COMPLEMENTARY,"2 of 53 records are shared on `product` (key Jaccard 0.04; 13 unique to A, 38 to B). The two files share their subjects but not their attributes (SCHEMA_WEAK_OVERLAP, column Jaccard 0.0938, 3 shared of 22/13 columns), so they describe different attributes of the same subjects. Union them side by side on the subject key; neither attribute set may be dropped. Column name(s) scope; source_url disagree on essentially every matched record while both sides hold real values - one name carrying two different meanings. Phase 3 must SPLIT these into per-source fields, not union them.",MERGE_UNION,53,0,YES,L4,product,2,13,38,0.0377,KEY_LINKED,,scope; source_url,NO,LOW_PROJECTION_WIDTH,SCHEMA_WEAK_OVERLAP,NO,NO,"INCONCLUSIVE: 4 conflicts, both sides carry real values (a_blank=0 b_blank=0 a_artefact=0 b_artefact=0) - no side is demonstrably the later revision",DC-0129
DG-0130,BIS_QCO_Master_Records (1).xlsx,BIS_Standards_Details_v2 (1).xlsx,COMPLEMENTARY,0.0087,0,15,40,26,1,19,1,21,18,0,COMPLEMENTARY,"No shared value in any candidate key column (none qualified), yet entity overlap reaches 0.57 - the files describe overlapping entities under different identifier namespaces. Identity must be re-derived in Phase 3 from the entity columns before any merge; keying on the existing surrogate would duplicate every shared entity. The two files share their subjects but not their attributes (SCHEMA_WEAK_OVERLAP, column Jaccard 0.025, 1 shared of 22/19 columns), so they describe different attributes of the same subjects. Union them side by side on the subject key; neither attribute set may be dropped.",MERGE_AFTER_REKEY,55,0,YES,L4,,-1,-1,-1,0.0,SAME_ENTITIES_DIFFERENT_KEY_NAMESPACE,,,NO,LOW_PROJECTION_WIDTH,SCHEMA_WEAK_OVERLAP,NO,NO,NO_CONFLICTS_TO_JUDGE_DIRECTION_FROM,DC-0130
DG-0131,BIS_QCO_Master_Records (1).xlsx,BIS_Standards_Details_v2.xlsx,COMPLEMENTARY,0.0087,0,15,40,26,1,19,1,21,18,0,COMPLEMENTARY,"No shared value in any candidate key column (none qualified), yet entity overlap reaches 0.57 - the files describe overlapping entities under different identifier namespaces. Identity must be re-derived in Phase 3 from the entity columns before any merge; keying on the existing surrogate would duplicate every shared entity. The two files share their subjects but not their attributes (SCHEMA_WEAK_OVERLAP, column Jaccard 0.025, 1 shared of 22/19 columns), so they describe different attributes of the same subjects. Union them side by side on the subject key; neither attribute set may be dropped.",MERGE_AFTER_REKEY,55,0,YES,L4,,-1,-1,-1,0.0,SAME_ENTITIES_DIFFERENT_KEY_NAMESPACE,,,NO,LOW_PROJECTION_WIDTH,SCHEMA_WEAK_OVERLAP,NO,NO,NO_CONFLICTS_TO_JUDGE_DIRECTION_FROM,DC-0131
DG-0132,BIS_QCO_Master_Records (1).xlsx,BIS_Standards_Details_v3.xlsx,COMPLEMENTARY,0.0087,0,15,40,26,1,19,1,21,18,0,COMPLEMENTARY,"No shared value in any candidate key column (none qualified), yet entity overlap reaches 0.57 - the files describe overlapping entities under different identifier namespaces. Identity must be re-derived in Phase 3 from the entity columns before any merge; keying on the existing surrogate would duplicate every shared entity. The two files share their subjects but not their attributes (SCHEMA_WEAK_OVERLAP, column Jaccard 0.025, 1 shared of 22/19 columns), so they describe different attributes of the same subjects. Union them side by side on the subject key; neither attribute set may be dropped.",MERGE_AFTER_REKEY,55,0,YES,L4,,-1,-1,-1,0.0,SAME_ENTITIES_DIFFERENT_KEY_NAMESPACE,,,NO,LOW_PROJECTION_WIDTH,SCHEMA_WEAK_OVERLAP,NO,NO,NO_CONFLICTS_TO_JUDGE_DIRECTION_FROM,DC-0132
DG-0133,BIS_QCO_Master_Records (1).xlsx,BIS_Standards_Intelligence_Master.xlsx,COMPLEMENTARY,0.0163,0,15,45,26,1,18,2,20,21,3,COMPLEMENTARY,"3 of 57 records are shared on `product` (key Jaccard 0.05; 12 unique to A, 42 to B). The two files share their subjects but not their attributes (SCHEMA_WEAK_OVERLAP, column Jaccard 0.0465, 2 shared of 22/23 columns), so they describe different attributes of the same subjects. Union them side by side on the subject key; neither attribute set may be dropped. Column name(s) source_url disagree on essentially every matched record while both sides hold real values - one name carrying two different meanings. Phase 3 must SPLIT these into per-source fields, not union them.",MERGE_UNION,57,0,YES,L4,product,3,12,42,0.0526,KEY_LINKED,,source_url,NO,LOW_PROJECTION_WIDTH,SCHEMA_WEAK_OVERLAP,NO,NO,"INCONCLUSIVE: 3 conflicts, both sides carry real values (a_blank=0 b_blank=0 a_artefact=0 b_artefact=0) - no side is demonstrably the later revision",DC-0133
DG-0134,BIS_QCO_Master_Records (1).xlsx,BIS_Standards_Scheme_Mapping.xlsx,COMPLEMENTARY,0.0079,0,15,36,22,5,13,1,21,22,0,COMPLEMENTARY,"No shared value in any candidate key column (none qualified), yet entity overlap reaches 0.55 - the files describe overlapping entities under different identifier namespaces. Identity must be re-derived in Phase 3 from the entity columns before any merge; keying on the existing surrogate would duplicate every shared entity. The two files share their subjects but not their attributes (SCHEMA_WEAK_OVERLAP, column Jaccard 0.0227, 1 shared of 22/23 columns), so they describe different attributes of the same subjects. Union them side by side on the subject key; neither attribute set may be dropped.",MERGE_AFTER_REKEY,51,0,YES,L4,,-1,-1,-1,0.0,SAME_ENTITIES_DIFFERENT_KEY_NAMESPACE,,,NO,LOW_PROJECTION_WIDTH,SCHEMA_WEAK_OVERLAP,NO,NO,NO_CONFLICTS_TO_JUDGE_DIRECTION_FROM,DC-0134
DG-0135,BIS_QCO_Master_Records (1).xlsx,BIS_Testing_Parameters_Master.xlsx,COMPLEMENTARY,0.0184,0,15,45,26,1,18,2,20,16,1,COMPLEMENTARY,"3 of 57 records are shared on `product` (key Jaccard 0.05; 12 unique to A, 42 to B). The two files share their subjects but not their attributes (SCHEMA_WEAK_OVERLAP, column Jaccard 0.0526, 2 shared of 22/18 columns), so they describe different attributes of the same subjects. Union them side by side on the subject key; neither attribute set may be dropped.",MERGE_UNION,57,0,YES,L4,product,3,12,42,0.0526,KEY_LINKED,,,NO,LOW_PROJECTION_WIDTH,SCHEMA_WEAK_OVERLAP,NO,NO,"INCONCLUSIVE: 1 conflicts, both sides carry real values (a_blank=0 b_blank=0 a_artefact=0 b_artefact=0) - no side is demonstrably the later revision",DC-0135
DG-0136,BIS_QCO_Master_Records (1).xlsx,bis_product_certification_faq (1).csv,COMPLEMENTARY,0.0121,0,15,28,0,27,0,1,21,7,0,COMPLEMENTARY,"No shared value in any candidate key column (none qualified), yet entity overlap reaches 0.33 - the files describe overlapping entities under different identifier namespaces. Identity must be re-derived in Phase 3 from the entity columns before any merge; keying on the existing surrogate would duplicate every shared entity. The two files share their subjects but not their attributes (SCHEMA_WEAK_OVERLAP, column Jaccard 0.0345, 1 shared of 22/8 columns), so they describe different attributes of the same subjects. Union them side by side on the subject key; neither attribute set may be dropped.",MERGE_AFTER_REKEY,43,0,YES,L4,,-1,-1,-1,0.0,SAME_ENTITIES_DIFFERENT_KEY_NAMESPACE,,,NO,LOW_PROJECTION_WIDTH,SCHEMA_WEAK_OVERLAP,NO,NO,NO_CONFLICTS_TO_JUDGE_DIRECTION_FROM,DC-0136
DG-0137,BIS_QCO_Master_Records.xlsx,BIS_QCO_Master_Records_v3.xlsx,LIKELY_DUPLICATE,0.35,0,3,12,1,4,11,22,0,0,0,LIKELY_DUPLICATE,"No shared value in any candidate key column (NO_SHARED_KEY_VALUES; candidates unique per file but disjoint (is_numbers; product) - identity must be re-derived in Phase 3 from entity columns, NOT ), yet entity overlap reaches 1.00 - the files describe overlapping entities under different identifier namespaces. Identity must be re-derived in Phase 3 from the entity columns before any merge; keying on the existing surrogate would duplicate every shared entity.",MERGE_AFTER_REKEY,15,0,YES,L4,product,0,3,12,0.0,SAME_ENTITIES_DIFFERENT_KEY_NAMESPACE,,,YES,RELIABLE,SCHEMA_IDENTICAL,NO,NO,NO_CONFLICTS_TO_JUDGE_DIRECTION_FROM,DC-0137
DG-0138,BIS_QCO_Master_Records.xlsx,BIS_QCO_Master_Scheme_1.xlsx,COMPLEMENTARY,0.0483,0,3,40,4,1,36,4,18,7,2,COMPLEMENTARY,"1 of 42 records are shared on `product` (key Jaccard 0.02; 2 unique to A, 39 to B). The two files share their subjects but not their attributes (SCHEMA_WEAK_OVERLAP, column Jaccard 0.1379, 4 shared of 22/11 columns), so they describe different attributes of the same subjects. Union them side by side on the subject key; neither attribute set may be dropped. Column name(s) ministry; scope disagree on essentially every matched record while both sides hold real values - one name carrying two different meanings. Phase 3 must SPLIT these into per-source fields, not union them.",MERGE_UNION,42,0,YES,L4,product,1,2,39,0.0238,KEY_LINKED,,ministry; scope,NO,LOW_PROJECTION_WIDTH,SCHEMA_WEAK_OVERLAP,NO,NO,"INCONCLUSIVE: 2 conflicts, both sides carry real values (a_blank=0 b_blank=0 a_artefact=0 b_artefact=0) - no side is demonstrably the later revision",DC-0138
DG-0139,BIS_QCO_Master_Records.xlsx,BIS_QCO_Summary.xlsx,REQUIRES_REVIEW,0.0,0,0,0,3,2,33,0,22,7,0,REQUIRES_REVIEW,"Evidence does not settle this pair: key overlap -1, entity overlap 0.12, schema SCHEMA_DISJOINT, conflicts 0, row metric LOW_PROJECTION_WIDTH. Deliberately left unresolved rather than guessed.",UNDECIDED_REVIEW_REQUIRED,0,0,YES,L4,,-1,-1,-1,0.0,NO_KEY_AVAILABLE,,,NO,LOW_PROJECTION_WIDTH,SCHEMA_DISJOINT,NO,NO,NO_CONFLICTS_TO_JUDGE_DIRECTION_FROM,DC-0139
DG-0140,BIS_QCO_Master_Records_v3.xlsx,BIS_QCO_Master_Scheme_1.xlsx,COMPLEMENTARY,0.0483,0,12,40,12,0,28,4,18,7,16,COMPLEMENTARY,"8 of 44 records are shared on `product` (key Jaccard 0.18; 4 unique to A, 32 to B). The two files share their subjects but not their attributes (SCHEMA_WEAK_OVERLAP, column Jaccard 0.1379, 4 shared of 22/11 columns), so they describe different attributes of the same subjects. Union them side by side on the subject key; neither attribute set may be dropped. Column name(s) scope disagree on essentially every matched record while both sides hold real values - one name carrying two different meanings. Phase 3 must SPLIT these into per-source fields, not union them.",MERGE_UNION,44,0,YES,L4,product,8,4,32,0.1818,KEY_LINKED,,scope,NO,LOW_PROJECTION_WIDTH,SCHEMA_WEAK_OVERLAP,NO,NO,"INCONCLUSIVE: 16 conflicts, both sides carry real values (a_blank=0 b_blank=0 a_artefact=0 b_artefact=0) - no side is demonstrably the later revision",DC-0140
DG-0141,BIS_QCO_Master_Records_v3.xlsx,BIS_QCO_Summary.xlsx,COMPLEMENTARY,0.0,0,0,0,12,0,24,0,22,7,0,COMPLEMENTARY,"No shared value in any candidate key column (none qualified), yet entity overlap reaches 0.33 - the files describe overlapping entities under different identifier namespaces. Identity must be re-derived in Phase 3 from the entity columns before any merge; keying on the existing surrogate would duplicate every shared entity. The two files share their subjects but not their attributes (SCHEMA_DISJOINT, column Jaccard 0.0, 0 shared of 22/7 columns), so they describe different attributes of the same subjects. Union them side by side on the subject key; neither attribute set may be dropped.",MERGE_AFTER_REKEY,47,0,YES,L4,,-1,-1,-1,0.0,SAME_ENTITIES_DIFFERENT_KEY_NAMESPACE,,,NO,LOW_PROJECTION_WIDTH,SCHEMA_DISJOINT,NO,NO,NO_CONFLICTS_TO_JUDGE_DIRECTION_FROM,DC-0141
DG-0142,BIS_QCO_Master_Records_v3.xlsx,BIS_Scheme_IV_FMCS.xlsx,COMPLEMENTARY,0.0328,0,12,40,12,0,28,3,19,10,16,COMPLEMENTARY,"8 of 44 records are shared on `product` (key Jaccard 0.18; 4 unique to A, 32 to B). The two files share their subjects but not their attributes (SCHEMA_WEAK_OVERLAP, column Jaccard 0.0938, 3 shared of 22/13 columns), so they describe different attributes of the same subjects. Union them side by side on the subject key; neither attribute set may be dropped. Column name(s) scope; source_url disagree on essentially every matched record while both sides hold real values - one name carrying two different meanings. Phase 3 must SPLIT these into per-source fields, not union them.",MERGE_UNION,44,0,YES,L4,product,8,4,32,0.1818,KEY_LINKED,,scope; source_url,NO,LOW_PROJECTION_WIDTH,SCHEMA_WEAK_OVERLAP,NO,NO,"INCONCLUSIVE: 16 conflicts, both sides carry real values (a_blank=0 b_blank=0 a_artefact=0 b_artefact=0) - no side is demonstrably the later revision",DC-0142
DG-0143,BIS_QCO_Master_Scheme_1.xlsx,BIS_QCO_Summary.xlsx,COMPLEMENTARY,0.0,0,0,0,36,4,0,0,11,7,0,COMPLEMENTARY,"No shared value in any candidate key column (none qualified), yet entity overlap reaches 0.90 - the files describe overlapping entities under different identifier namespaces. Identity must be re-derived in Phase 3 from the entity columns before any merge; keying on the existing surrogate would duplicate every shared entity. The two files share their subjects but not their attributes (SCHEMA_DISJOINT, column Jaccard 0.0, 0 shared of 11/7 columns), so they describe different attributes of the same subjects. Union them side by side on the subject key; neither attribute set may be dropped.",MERGE_AFTER_REKEY,75,0,YES,L4,,-1,-1,-1,0.0,SAME_ENTITIES_DIFFERENT_KEY_NAMESPACE,,,NO,LOW_PROJECTION_WIDTH,SCHEMA_DISJOINT,NO,NO,NO_CONFLICTS_TO_JUDGE_DIRECTION_FROM,DC-0143
DG-0144,BIS_QCO_Master_Scheme_1.xlsx,BIS_Scheme_IV_FMCS.xlsx,COMPLEMENTARY,0.05,0,40,40,40,0,0,3,8,10,41,COMPLEMENTARY,"All 40 records match on `is_number` with none unique to either side. The two files share their subjects but not their attributes (SCHEMA_WEAK_OVERLAP, column Jaccard 0.1429, 3 shared of 11/13 columns), so they describe different attributes of the same subjects. Union them side by side on the subject key; neither attribute set may be dropped. Column name(s) scope disagree on essentially every matched record while both sides hold real values - one name carrying two different meanings. Phase 3 must SPLIT these into per-source fields, not union them.",MERGE_UNION,40,0,YES,L4,is_number,40,0,0,1.0,KEY_LINKED,,scope,NO,LOW_PROJECTION_WIDTH,SCHEMA_WEAK_OVERLAP,NO,NO,"INCONCLUSIVE: 41 conflicts, both sides carry real values (a_blank=0 b_blank=0 a_artefact=0 b_artefact=0) - no side is demonstrably the later revision",DC-0144
DG-0145,BIS_QCO_Master_Scheme_1.xlsx,BIS_Schemes_Master.xlsx,COMPLEMENTARY,0.0304,0,40,40,0,40,0,2,9,12,21,COMPLEMENTARY,"21 of 59 records are shared on `product` (key Jaccard 0.36; 19 unique to A, 19 to B). The two files share their subjects but not their attributes (SCHEMA_WEAK_OVERLAP, column Jaccard 0.087, 2 shared of 11/14 columns), so they describe different attributes of the same subjects. Union them side by side on the subject key; neither attribute set may be dropped.",MERGE_UNION,59,0,YES,L4,product,21,19,19,0.3559,KEY_LINKED,,,NO,LOW_PROJECTION_WIDTH,SCHEMA_WEAK_OVERLAP,NO,NO,"INCONCLUSIVE: 21 conflicts, both sides carry real values (a_blank=0 b_blank=0 a_artefact=0 b_artefact=0) - no side is demonstrably the later revision",DC-0145
DG-0146,BIS_QCO_Master_Scheme_1.xlsx,BIS_Schemes_Master_Scheme_2.xlsx,COMPLEMENTARY,0.0304,0,40,40,0,40,0,2,9,12,21,COMPLEMENTARY,"21 of 59 records are shared on `product` (key Jaccard 0.36; 19 unique to A, 19 to B). The two files share their subjects but not their attributes (SCHEMA_WEAK_OVERLAP, column Jaccard 0.087, 2 shared of 11/14 columns), so they describe different attributes of the same subjects. Union them side by side on the subject key; neither attribute set may be dropped.",MERGE_UNION,59,0,YES,L4,product,21,19,19,0.3559,KEY_LINKED,,,NO,LOW_PROJECTION_WIDTH,SCHEMA_WEAK_OVERLAP,NO,NO,"INCONCLUSIVE: 21 conflicts, both sides carry real values (a_blank=0 b_blank=0 a_artefact=0 b_artefact=0) - no side is demonstrably the later revision",DC-0146
DG-0147,BIS_QCO_Master_Scheme_1.xlsx,BIS_Standards_Details_v2 (1).xlsx,COMPLEMENTARY,0.0121,38,2,2,40,0,5,1,10,18,0,COMPLEMENTARY,"38 of 42 records are shared on `is_number` (key Jaccard 0.90; 2 unique to A, 2 to B). The two files share their subjects but not their attributes (SCHEMA_WEAK_OVERLAP, column Jaccard 0.0345, 1 shared of 11/19 columns), so they describe different attributes of the same subjects. Union them side by side on the subject key; neither attribute set may be dropped.",MERGE_UNION,42,0,YES,L4,is_number,38,2,2,0.9048,KEY_LINKED,,,NO,LOW_PROJECTION_WIDTH,SCHEMA_WEAK_OVERLAP,NO,NO,NO_CONFLICTS_TO_JUDGE_DIRECTION_FROM,DC-0147
DG-0148,BIS_QCO_Master_Scheme_1.xlsx,BIS_Standards_Details_v2.xlsx,COMPLEMENTARY,0.0121,38,2,2,40,0,5,1,10,18,0,COMPLEMENTARY,"38 of 42 records are shared on `is_number` (key Jaccard 0.90; 2 unique to A, 2 to B). The two files share their subjects but not their attributes (SCHEMA_WEAK_OVERLAP, column Jaccard 0.0345, 1 shared of 11/19 columns), so they describe different attributes of the same subjects. Union them side by side on the subject key; neither attribute set may be dropped.",MERGE_UNION,42,0,YES,L4,is_number,38,2,2,0.9048,KEY_LINKED,,,NO,LOW_PROJECTION_WIDTH,SCHEMA_WEAK_OVERLAP,NO,NO,NO_CONFLICTS_TO_JUDGE_DIRECTION_FROM,DC-0148
DG-0149,BIS_QCO_Master_Scheme_1.xlsx,BIS_Standards_Details_v3.xlsx,COMPLEMENTARY,0.0121,38,2,2,40,0,5,1,10,18,0,COMPLEMENTARY,"38 of 42 records are shared on `is_number` (key Jaccard 0.90; 2 unique to A, 2 to B). The two files share their subjects but not their attributes (SCHEMA_WEAK_OVERLAP, column Jaccard 0.0345, 1 shared of 11/19 columns), so they describe different attributes of the same subjects. Union them side by side on the subject key; neither attribute set may be dropped.",MERGE_UNION,42,0,YES,L4,is_number,38,2,2,0.9048,KEY_LINKED,,,NO,LOW_PROJECTION_WIDTH,SCHEMA_WEAK_OVERLAP,NO,NO,NO_CONFLICTS_TO_JUDGE_DIRECTION_FROM,DC-0149
DG-0150,BIS_QCO_Master_Scheme_1.xlsx,BIS_Standards_Intelligence_Master.xlsx,COMPLEMENTARY,0.0219,21,19,24,40,0,4,2,9,21,18,COMPLEMENTARY,"39 of 46 records are shared on `is_number` (key Jaccard 0.85; 1 unique to A, 6 to B). The two files share their subjects but not their attributes (SCHEMA_WEAK_OVERLAP, column Jaccard 0.0625, 2 shared of 11/23 columns), so they describe different attributes of the same subjects. Union them side by side on the subject key; neither attribute set may be dropped.",MERGE_UNION,46,0,YES,L4,is_number,39,1,6,0.8478,KEY_LINKED,,,NO,LOW_PROJECTION_WIDTH,SCHEMA_WEAK_OVERLAP,NO,NO,"INCONCLUSIVE: 18 conflicts, both sides carry real values (a_blank=0 b_blank=0 a_artefact=0 b_artefact=0) - no side is demonstrably the later revision",DC-0150
DG-0151,BIS_QCO_Master_Scheme_1.xlsx,BIS_Standards_Scheme_Mapping.xlsx,COMPLEMENTARY,0.0106,22,18,14,25,15,10,1,10,22,0,COMPLEMENTARY,"22 of 54 records are shared on `is_number` (key Jaccard 0.41; 18 unique to A, 14 to B). The two files share their subjects but not their attributes (SCHEMA_WEAK_OVERLAP, column Jaccard 0.0303, 1 shared of 11/23 columns), so they describe different attributes of the same subjects. Union them side by side on the subject key; neither attribute set may be dropped.",MERGE_UNION,54,0,YES,L4,is_number,22,18,14,0.4074,KEY_LINKED,,,NO,LOW_PROJECTION_WIDTH,SCHEMA_WEAK_OVERLAP,NO,NO,NO_CONFLICTS_TO_JUDGE_DIRECTION_FROM,DC-0151
DG-0152,BIS_QCO_Master_Scheme_1.xlsx,BIS_Testing_Parameters_Master.xlsx,COMPLEMENTARY,0.0259,20,20,25,40,0,4,2,9,16,18,COMPLEMENTARY,"38 of 47 records are shared on `is_number` (key Jaccard 0.81; 2 unique to A, 7 to B). The two files share their subjects but not their attributes (SCHEMA_WEAK_OVERLAP, column Jaccard 0.0741, 2 shared of 11/18 columns), so they describe different attributes of the same subjects. Union them side by side on the subject key; neither attribute set may be dropped.",MERGE_UNION,47,0,YES,L4,is_number,38,2,7,0.8085,KEY_LINKED,,,NO,LOW_PROJECTION_WIDTH,SCHEMA_WEAK_OVERLAP,NO,NO,"INCONCLUSIVE: 18 conflicts, both sides carry real values (a_blank=0 b_blank=0 a_artefact=0 b_artefact=0) - no side is demonstrably the later revision",DC-0152
DG-0153,BIS_QCO_Summary.xlsx,BIS_Scheme_IV_FMCS.xlsx,COMPLEMENTARY,0.0,0,0,0,36,0,4,0,7,13,0,COMPLEMENTARY,"No shared value in any candidate key column (none qualified), yet entity overlap reaches 0.90 - the files describe overlapping entities under different identifier namespaces. Identity must be re-derived in Phase 3 from the entity columns before any merge; keying on the existing surrogate would duplicate every shared entity. The two files share their subjects but not their attributes (SCHEMA_DISJOINT, column Jaccard 0.0, 0 shared of 7/13 columns), so they describe different attributes of the same subjects. Union them side by side on the subject key; neither attribute set may be dropped.",MERGE_AFTER_REKEY,75,0,YES,L4,,-1,-1,-1,0.0,SAME_ENTITIES_DIFFERENT_KEY_NAMESPACE,,,NO,LOW_PROJECTION_WIDTH,SCHEMA_DISJOINT,NO,NO,NO_CONFLICTS_TO_JUDGE_DIRECTION_FROM,DC-0153
DG-0154,BIS_QCO_Summary.xlsx,BIS_Schemes_Master.xlsx,COMPLEMENTARY,0.0,0,0,0,0,36,0,0,7,14,0,COMPLEMENTARY,"No shared value in any candidate key column (none qualified), yet entity overlap reaches 0.31 - the files describe overlapping entities under different identifier namespaces. Identity must be re-derived in Phase 3 from the entity columns before any merge; keying on the existing surrogate would duplicate every shared entity. The two files share their subjects but not their attributes (SCHEMA_DISJOINT, column Jaccard 0.0, 0 shared of 7/14 columns), so they describe different attributes of the same subjects. Union them side by side on the subject key; neither attribute set may be dropped.",MERGE_AFTER_REKEY,75,0,YES,L4,,-1,-1,-1,0.0,SAME_ENTITIES_DIFFERENT_KEY_NAMESPACE,,,NO,LOW_PROJECTION_WIDTH,SCHEMA_DISJOINT,NO,NO,NO_CONFLICTS_TO_JUDGE_DIRECTION_FROM,DC-0154
DG-0155,BIS_QCO_Summary.xlsx,BIS_Schemes_Master_Scheme_2.xlsx,COMPLEMENTARY,0.0,0,0,0,0,36,0,0,7,14,0,COMPLEMENTARY,"No shared value in any candidate key column (none qualified), yet entity overlap reaches 0.31 - the files describe overlapping entities under different identifier namespaces. Identity must be re-derived in Phase 3 from the entity columns before any merge; keying on the existing surrogate would duplicate every shared entity. The two files share their subjects but not their attributes (SCHEMA_DISJOINT, column Jaccard 0.0, 0 shared of 7/14 columns), so they describe different attributes of the same subjects. Union them side by side on the subject key; neither attribute set may be dropped.",MERGE_AFTER_REKEY,75,0,YES,L4,,-1,-1,-1,0.0,SAME_ENTITIES_DIFFERENT_KEY_NAMESPACE,,,NO,LOW_PROJECTION_WIDTH,SCHEMA_DISJOINT,NO,NO,NO_CONFLICTS_TO_JUDGE_DIRECTION_FROM,DC-0155
DG-0156,BIS_QCO_Summary.xlsx,BIS_Standards_Details_v2 (1).xlsx,COMPLEMENTARY,0.0,0,0,0,36,0,9,0,7,19,0,COMPLEMENTARY,"No shared value in any candidate key column (none qualified), yet entity overlap reaches 0.80 - the files describe overlapping entities under different identifier namespaces. Identity must be re-derived in Phase 3 from the entity columns before any merge; keying on the existing surrogate would duplicate every shared entity. The two files share their subjects but not their attributes (SCHEMA_DISJOINT, column Jaccard 0.0, 0 shared of 7/19 columns), so they describe different attributes of the same subjects. Union them side by side on the subject key; neither attribute set may be dropped.",MERGE_AFTER_REKEY,75,0,YES,L4,,-1,-1,-1,0.0,SAME_ENTITIES_DIFFERENT_KEY_NAMESPACE,,,NO,LOW_PROJECTION_WIDTH,SCHEMA_DISJOINT,NO,NO,NO_CONFLICTS_TO_JUDGE_DIRECTION_FROM,DC-0156
DG-0157,BIS_QCO_Summary.xlsx,BIS_Standards_Details_v2.xlsx,COMPLEMENTARY,0.0,0,0,0,36,0,9,0,7,19,0,COMPLEMENTARY,"No shared value in any candidate key column (none qualified), yet entity overlap reaches 0.80 - the files describe overlapping entities under different identifier namespaces. Identity must be re-derived in Phase 3 from the entity columns before any merge; keying on the existing surrogate would duplicate every shared entity. The two files share their subjects but not their attributes (SCHEMA_DISJOINT, column Jaccard 0.0, 0 shared of 7/19 columns), so they describe different attributes of the same subjects. Union them side by side on the subject key; neither attribute set may be dropped.",MERGE_AFTER_REKEY,75,0,YES,L4,,-1,-1,-1,0.0,SAME_ENTITIES_DIFFERENT_KEY_NAMESPACE,,,NO,LOW_PROJECTION_WIDTH,SCHEMA_DISJOINT,NO,NO,NO_CONFLICTS_TO_JUDGE_DIRECTION_FROM,DC-0157
DG-0158,BIS_QCO_Summary.xlsx,BIS_Standards_Details_v3.xlsx,COMPLEMENTARY,0.0,0,0,0,36,0,9,0,7,19,0,COMPLEMENTARY,"No shared value in any candidate key column (none qualified), yet entity overlap reaches 0.80 - the files describe overlapping entities under different identifier namespaces. Identity must be re-derived in Phase 3 from the entity columns before any merge; keying on the existing surrogate would duplicate every shared entity. The two files share their subjects but not their attributes (SCHEMA_DISJOINT, column Jaccard 0.0, 0 shared of 7/19 columns), so they describe different attributes of the same subjects. Union them side by side on the subject key; neither attribute set may be dropped.",MERGE_AFTER_REKEY,75,0,YES,L4,,-1,-1,-1,0.0,SAME_ENTITIES_DIFFERENT_KEY_NAMESPACE,,,NO,LOW_PROJECTION_WIDTH,SCHEMA_DISJOINT,NO,NO,NO_CONFLICTS_TO_JUDGE_DIRECTION_FROM,DC-0158
DG-0159,BIS_QCO_Summary.xlsx,BIS_Standards_Intelligence_Master.xlsx,COMPLEMENTARY,0.0,0,0,0,36,0,8,0,7,23,0,COMPLEMENTARY,"No shared value in any candidate key column (none qualified), yet entity overlap reaches 0.82 - the files describe overlapping entities under different identifier namespaces. Identity must be re-derived in Phase 3 from the entity columns before any merge; keying on the existing surrogate would duplicate every shared entity. The two files share their subjects but not their attributes (SCHEMA_DISJOINT, column Jaccard 0.0, 0 shared of 7/23 columns), so they describe different attributes of the same subjects. Union them side by side on the subject key; neither attribute set may be dropped.",MERGE_AFTER_REKEY,80,0,YES,L4,,-1,-1,-1,0.0,SAME_ENTITIES_DIFFERENT_KEY_NAMESPACE,,,NO,LOW_PROJECTION_WIDTH,SCHEMA_DISJOINT,NO,NO,NO_CONFLICTS_TO_JUDGE_DIRECTION_FROM,DC-0159
DG-0160,BIS_QCO_Summary.xlsx,BIS_Standards_Scheme_Mapping.xlsx,COMPLEMENTARY,0.0,0,0,0,21,15,14,0,7,23,0,COMPLEMENTARY,"No shared value in any candidate key column (none qualified), yet entity overlap reaches 0.42 - the files describe overlapping entities under different identifier namespaces. Identity must be re-derived in Phase 3 from the entity columns before any merge; keying on the existing surrogate would duplicate every shared entity. The two files share their subjects but not their attributes (SCHEMA_DISJOINT, column Jaccard 0.0, 0 shared of 7/23 columns), so they describe different attributes of the same subjects. Union them side by side on the subject key; neither attribute set may be dropped.",MERGE_AFTER_REKEY,71,0,YES,L4,,-1,-1,-1,0.0,SAME_ENTITIES_DIFFERENT_KEY_NAMESPACE,,,NO,LOW_PROJECTION_WIDTH,SCHEMA_DISJOINT,NO,NO,NO_CONFLICTS_TO_JUDGE_DIRECTION_FROM,DC-0160
DG-0161,BIS_QCO_Summary.xlsx,BIS_Testing_Parameters_Master.xlsx,COMPLEMENTARY,0.0,0,0,0,36,0,8,0,7,18,0,COMPLEMENTARY,"No shared value in any candidate key column (none qualified), yet entity overlap reaches 0.82 - the files describe overlapping entities under different identifier namespaces. Identity must be re-derived in Phase 3 from the entity columns before any merge; keying on the existing surrogate would duplicate every shared entity. The two files share their subjects but not their attributes (SCHEMA_DISJOINT, column Jaccard 0.0, 0 shared of 7/18 columns), so they describe different attributes of the same subjects. Union them side by side on the subject key; neither attribute set may be dropped.",MERGE_AFTER_REKEY,80,0,YES,L4,,-1,-1,-1,0.0,SAME_ENTITIES_DIFFERENT_KEY_NAMESPACE,,,NO,LOW_PROJECTION_WIDTH,SCHEMA_DISJOINT,NO,NO,NO_CONFLICTS_TO_JUDGE_DIRECTION_FROM,DC-0161
DG-0162,BIS_Recognized_Laboratories.xlsx,bis_laboratories.csv,COMPLEMENTARY,0.1105,0,15,431,0,0,1093,6,8,5,8,COMPLEMENTARY,"2 of 444 records are shared on `lab_name` (key Jaccard 0.00; 13 unique to A, 429 to B). The two files share their subjects but not their attributes (SCHEMA_OVERLAP, column Jaccard 0.3158, 6 shared of 14/11 columns), so they describe different attributes of the same subjects. Union them side by side on the subject key; neither attribute set may be dropped.",MERGE_UNION,444,0,YES,L4,lab_name,2,13,429,0.0045,KEY_LINKED,lab_id,,NO,RELIABLE,SCHEMA_OVERLAP,NO,NO,"INCONCLUSIVE: 8 conflicts, both sides carry real values (a_blank=2 b_blank=0 a_artefact=0 b_artefact=0) - no side is demonstrably the later revision",DC-0162
DG-0163,BIS_Recognized_Laboratories.xlsx,bis_topic17_hallmarking_centres.csv,DIFFERENT_ENTITY,0.1167,0,15,1658,0,0,0,7,7,7,0,DIFFERENT_ENTITY,"Checked and cleared as a false duplicate candidate: no shared record key values and entity overlap only 0.00. Schema resemblance (SCHEMA_OVERLAP, column Jaccard 0.3333) is structural, not evidence of shared records.",BOTH_KEEP_SEPARATE,0,0,NO,L3,,-1,-1,-1,0.0,NO_KEY_AVAILABLE,,,NO,RELIABLE,SCHEMA_OVERLAP,NO,NO,NO_CONFLICTS_TO_JUDGE_DIRECTION_FROM,DC-0163
DG-0164,BIS_Recognized_Laboratories.xlsx,bis_topic17_hallmarking_centres_cancelled_suspended.csv,DIFFERENT_ENTITY,0.1021,0,15,722,0,0,0,7,7,10,0,DIFFERENT_ENTITY,"Checked and cleared as a false duplicate candidate: no shared record key values and entity overlap only 0.00. Schema resemblance (SCHEMA_OVERLAP, column Jaccard 0.2917) is structural, not evidence of shared records.",BOTH_KEEP_SEPARATE,0,0,NO,L3,,-1,-1,-1,0.0,NO_KEY_AVAILABLE,,,NO,RELIABLE,SCHEMA_OVERLAP,NO,NO,NO_CONFLICTS_TO_JUDGE_DIRECTION_FROM,DC-0164
DG-0165,BIS_Scheme_IV_FMCS.xlsx,BIS_Scheme_X_Industrial.xlsx,DIFFERENT_ENTITY,0.28,0,40,5,0,40,2,12,1,2,0,DIFFERENT_ENTITY,"Checked and cleared as a false duplicate candidate: no shared record key values and entity overlap only 0.00. Schema resemblance (SCHEMA_SUBSTANTIALLY_IDENTICAL, column Jaccard 0.8) is structural, not evidence of shared records.",BOTH_KEEP_SEPARATE,0,0,NO,L3,product,0,40,5,0.0,KEY_DISJOINT_NO_ENTITY_EVIDENCE,,,YES,RELIABLE,SCHEMA_SUBSTANTIALLY_IDENTICAL,NO,NO,NO_CONFLICTS_TO_JUDGE_DIRECTION_FROM,DC-0165
DG-0166,BIS_Scheme_IV_FMCS.xlsx,BIS_Scheme_X_Industrial_v2.xlsx,DIFFERENT_ENTITY,0.28,0,40,5,0,40,2,12,1,2,0,DIFFERENT_ENTITY,"Checked and cleared as a false duplicate candidate: no shared record key values and entity overlap only 0.00. Schema resemblance (SCHEMA_SUBSTANTIALLY_IDENTICAL, column Jaccard 0.8) is structural, not evidence of shared records.",BOTH_KEEP_SEPARATE,0,0,NO,L3,product,0,40,5,0.0,KEY_DISJOINT_NO_ENTITY_EVIDENCE,,,YES,RELIABLE,SCHEMA_SUBSTANTIALLY_IDENTICAL,NO,NO,NO_CONFLICTS_TO_JUDGE_DIRECTION_FROM,DC-0166
DG-0167,BIS_Scheme_IV_FMCS.xlsx,BIS_Schemes_Master.xlsx,DUPLICATE_WITH_UNIQUE_DATA,0.2406,0,40,40,0,40,0,11,2,3,200,DUPLICATE_WITH_UNIQUE_DATA,"20 records shared on `product` (key Jaccard 0.33) but 20 are unique to A and 20 unique to B, over the same attribute set. Overlapping records are the same entities; the unique ones are additional valid records. Union both - archiving either side would destroy records.",MERGE_UNION,60,0,YES,L4,product,20,20,20,0.3333,KEY_LINKED,related_product_manual; related_qco; scheme_name; scheme_type,related_product_manual; related_qco; related_sit; requirements; scheme_name; scope; source_url,YES,RELIABLE,SCHEMA_SUBSTANTIALLY_IDENTICAL,NO,NO,"INCONCLUSIVE: 200 conflicts, both sides carry real values (a_blank=0 b_blank=0 a_artefact=0 b_artefact=0) - no side is demonstrably the later revision",DC-0167
DG-0168,BIS_Scheme_IV_FMCS.xlsx,BIS_Schemes_Master_Scheme_2.xlsx,DUPLICATE_WITH_UNIQUE_DATA,0.2406,0,40,40,0,40,0,11,2,3,200,DUPLICATE_WITH_UNIQUE_DATA,"20 records shared on `product` (key Jaccard 0.33) but 20 are unique to A and 20 unique to B, over the same attribute set. Overlapping records are the same entities; the unique ones are additional valid records. Union both - archiving either side would destroy records.",MERGE_UNION,60,0,YES,L4,product,20,20,20,0.3333,KEY_LINKED,related_product_manual; related_qco; scheme_name; scheme_type,related_product_manual; related_qco; related_sit; requirements; scope; source_url,YES,RELIABLE,SCHEMA_SUBSTANTIALLY_IDENTICAL,NO,NO,"INCONCLUSIVE: 200 conflicts, both sides carry real values (a_blank=0 b_blank=0 a_artefact=0 b_artefact=0) - no side is demonstrably the later revision",DC-0168
DG-0169,BIS_Scheme_IV_FMCS.xlsx,BIS_Standards_Details_v2 (1).xlsx,COMPLEMENTARY,0.0113,38,2,2,40,0,5,1,12,18,0,COMPLEMENTARY,"38 of 42 records are shared on `is_number` (key Jaccard 0.90; 2 unique to A, 2 to B). The two files share their subjects but not their attributes (SCHEMA_WEAK_OVERLAP, column Jaccard 0.0323, 1 shared of 13/19 columns), so they describe different attributes of the same subjects. Union them side by side on the subject key; neither attribute set may be dropped.",MERGE_UNION,42,0,YES,L4,is_number,38,2,2,0.9048,KEY_LINKED,,,NO,LOW_PROJECTION_WIDTH,SCHEMA_WEAK_OVERLAP,NO,NO,NO_CONFLICTS_TO_JUDGE_DIRECTION_FROM,DC-0169
DG-0170,BIS_Scheme_IV_FMCS.xlsx,BIS_Standards_Details_v2.xlsx,COMPLEMENTARY,0.0113,38,2,2,40,0,5,1,12,18,0,COMPLEMENTARY,"38 of 42 records are shared on `is_number` (key Jaccard 0.90; 2 unique to A, 2 to B). The two files share their subjects but not their attributes (SCHEMA_WEAK_OVERLAP, column Jaccard 0.0323, 1 shared of 13/19 columns), so they describe different attributes of the same subjects. Union them side by side on the subject key; neither attribute set may be dropped.",MERGE_UNION,42,0,YES,L4,is_number,38,2,2,0.9048,KEY_LINKED,,,NO,LOW_PROJECTION_WIDTH,SCHEMA_WEAK_OVERLAP,NO,NO,NO_CONFLICTS_TO_JUDGE_DIRECTION_FROM,DC-0170
DG-0171,BIS_Scheme_IV_FMCS.xlsx,BIS_Standards_Details_v3.xlsx,COMPLEMENTARY,0.0113,38,2,2,40,0,5,1,12,18,0,COMPLEMENTARY,"38 of 42 records are shared on `is_number` (key Jaccard 0.90; 2 unique to A, 2 to B). The two files share their subjects but not their attributes (SCHEMA_WEAK_OVERLAP, column Jaccard 0.0323, 1 shared of 13/19 columns), so they describe different attributes of the same subjects. Union them side by side on the subject key; neither attribute set may be dropped.",MERGE_UNION,42,0,YES,L4,is_number,38,2,2,0.9048,KEY_LINKED,,,NO,LOW_PROJECTION_WIDTH,SCHEMA_WEAK_OVERLAP,NO,NO,NO_CONFLICTS_TO_JUDGE_DIRECTION_FROM,DC-0171
DG-0172,BIS_Scheme_IV_FMCS.xlsx,BIS_Standards_Intelligence_Master.xlsx,COMPLEMENTARY,0.0318,0,40,45,40,0,4,3,10,20,58,COMPLEMENTARY,"39 of 46 records are shared on `is_number` (key Jaccard 0.85; 1 unique to A, 6 to B). The two files share their subjects but not their attributes (SCHEMA_WEAK_OVERLAP, column Jaccard 0.0909, 3 shared of 13/23 columns), so they describe different attributes of the same subjects. Union them side by side on the subject key; neither attribute set may be dropped.",MERGE_UNION,46,0,YES,L4,is_number,39,1,6,0.8478,KEY_LINKED,,,NO,LOW_PROJECTION_WIDTH,SCHEMA_WEAK_OVERLAP,NO,NO,"INCONCLUSIVE: 58 conflicts, both sides carry real values (a_blank=0 b_blank=0 a_artefact=0 b_artefact=0) - no side is demonstrably the later revision",DC-0172
DG-0173,BIS_Scheme_IV_FMCS.xlsx,BIS_Standards_Scheme_Mapping.xlsx,COMPLEMENTARY,0.0206,0,40,36,25,15,10,2,11,21,22,COMPLEMENTARY,"22 of 54 records are shared on `is_number` (key Jaccard 0.41; 18 unique to A, 14 to B). The two files share their subjects but not their attributes (SCHEMA_WEAK_OVERLAP, column Jaccard 0.0588, 2 shared of 13/23 columns), so they describe different attributes of the same subjects. Union them side by side on the subject key; neither attribute set may be dropped.",MERGE_UNION,54,0,YES,L4,is_number,22,18,14,0.4074,KEY_LINKED,,,NO,LOW_PROJECTION_WIDTH,SCHEMA_WEAK_OVERLAP,NO,NO,"INCONCLUSIVE: 22 conflicts, both sides carry real values (a_blank=0 b_blank=0 a_artefact=0 b_artefact=0) - no side is demonstrably the later revision",DC-0173
DG-0174,BIS_Scheme_IV_FMCS.xlsx,BIS_Testing_Parameters_Master.xlsx,COMPLEMENTARY,0.0375,0,40,45,40,0,4,3,10,15,35,COMPLEMENTARY,"38 of 47 records are shared on `is_number` (key Jaccard 0.81; 2 unique to A, 7 to B). The two files share their subjects but not their attributes (SCHEMA_WEAK_OVERLAP, column Jaccard 0.1071, 3 shared of 13/18 columns), so they describe different attributes of the same subjects. Union them side by side on the subject key; neither attribute set may be dropped.",MERGE_UNION,47,0,YES,L4,is_number,38,2,7,0.8085,KEY_LINKED,,,NO,LOW_PROJECTION_WIDTH,SCHEMA_WEAK_OVERLAP,NO,NO,"INCONCLUSIVE: 35 conflicts, both sides carry real values (a_blank=0 b_blank=0 a_artefact=0 b_artefact=0) - no side is demonstrably the later revision",DC-0174
DG-0175,BIS_Scheme_IV_FMCS.xlsx,data__raw__fmcs_all_fmcs_list_raw.csv,REQUIRES_REVIEW,0.0167,0,40,3135,19,21,322,1,12,8,0,REQUIRES_REVIEW,"Evidence does not settle this pair: key overlap -1, entity overlap 0.05, schema SCHEMA_WEAK_OVERLAP, conflicts 0, row metric LOW_PROJECTION_WIDTH. Deliberately left unresolved rather than guessed.",UNDECIDED_REVIEW_REQUIRED,0,0,YES,L4,,-1,-1,-1,0.0,NO_KEY_AVAILABLE,,,NO,LOW_PROJECTION_WIDTH,SCHEMA_WEAK_OVERLAP,NO,NO,NO_CONFLICTS_TO_JUDGE_DIRECTION_FROM,DC-0175
DG-0176,BIS_Scheme_IV_FMCS.xlsx,output__fmcs_country_coverage.csv,DIFFERENT_ENTITY,0.0,0,0,0,0,40,0,0,13,3,0,DIFFERENT_ENTITY,"Checked and cleared as a false duplicate candidate: no shared record key values and entity overlap only 0.00. Schema resemblance (SCHEMA_DISJOINT, column Jaccard 0.0) is structural, not evidence of shared records.",BOTH_KEEP_SEPARATE,0,0,NO,L3,,-1,-1,-1,0.0,NO_KEY_AVAILABLE,,,NO,LOW_PROJECTION_WIDTH,SCHEMA_DISJOINT,NO,NO,NO_CONFLICTS_TO_JUDGE_DIRECTION_FROM,DC-0176
DG-0177,BIS_Scheme_IV_FMCS.xlsx,output__fmcs_is_coverage.csv,COMPLEMENTARY,0.0233,3,37,420,19,21,322,1,12,2,0,COMPLEMENTARY,"3 of 460 records are shared on `is_number` (key Jaccard 0.01; 37 unique to A, 420 to B). The two files share their subjects but not their attributes (SCHEMA_WEAK_OVERLAP, column Jaccard 0.0667, 1 shared of 13/3 columns), so they describe different attributes of the same subjects. Union them side by side on the subject key; neither attribute set may be dropped.",MERGE_UNION,460,0,YES,L4,is_number,3,37,420,0.0065,KEY_LINKED,,,NO,LOW_PROJECTION_WIDTH,SCHEMA_WEAK_OVERLAP,NO,NO,NO_CONFLICTS_TO_JUDGE_DIRECTION_FROM,DC-0177
DG-0178,BIS_Scheme_IV_FMCS.xlsx,output__topic18_fmcs_manufacturers.csv,REQUIRES_REVIEW,0.0389,0,40,3135,19,21,322,3,10,14,0,REQUIRES_REVIEW,"Evidence does not settle this pair: key overlap -1, entity overlap 0.05, schema SCHEMA_WEAK_OVERLAP, conflicts 0, row metric LOW_PROJECTION_WIDTH. Deliberately left unresolved rather than guessed.",UNDECIDED_REVIEW_REQUIRED,0,0,YES,L4,,-1,-1,-1,0.0,NO_KEY_AVAILABLE,,,NO,LOW_PROJECTION_WIDTH,SCHEMA_WEAK_OVERLAP,NO,NO,NO_CONFLICTS_TO_JUDGE_DIRECTION_FROM,DC-0178
DG-0179,BIS_Scheme_IV_FMCS.xlsx,output__topic19_official_documents.csv,DIFFERENT_ENTITY,0.0389,0,40,22,0,40,0,3,10,14,0,DIFFERENT_ENTITY,"Checked and cleared as a false duplicate candidate: no shared record key values and entity overlap only 0.00. Schema resemblance (SCHEMA_WEAK_OVERLAP, column Jaccard 0.1111) is structural, not evidence of shared records.",BOTH_KEEP_SEPARATE,0,0,NO,L3,,-1,-1,-1,0.0,NO_KEY_AVAILABLE,,,NO,LOW_PROJECTION_WIDTH,SCHEMA_WEAK_OVERLAP,NO,NO,NO_CONFLICTS_TO_JUDGE_DIRECTION_FROM,DC-0179
DG-0180,BIS_Scheme_X_Industrial.xlsx,BIS_Scheme_X_Industrial_v2.xlsx,IDENTICAL_CONTENT,1.0,5,0,0,2,0,0,14,0,0,0,IDENTICAL_CONTENT,"Different bytes but an identical normalised row multiset (5 rows, row order same): every record in one file is present in the other.",BIS_Scheme_X_Industrial.xlsx,0,5,NO,L2,product,5,0,0,1.0,KEY_LINKED,,,YES,RELIABLE,SCHEMA_IDENTICAL,NO,YES,NO_CONFLICTS_TO_JUDGE_DIRECTION_FROM,DC-0180
DG-0181,BIS_Scheme_X_Industrial.xlsx,BIS_Schemes_Master.xlsx,DIFFERENT_ENTITY,0.3033,0,5,40,0,2,0,13,1,1,0,DIFFERENT_ENTITY,"Checked and cleared as a false duplicate candidate: no shared record key values and entity overlap only 0.00. Schema resemblance (SCHEMA_SUBSTANTIALLY_IDENTICAL, column Jaccard 0.8667) is structural, not evidence of shared records.",BOTH_KEEP_SEPARATE,0,0,NO,L3,product,0,5,40,0.0,KEY_DISJOINT_NO_ENTITY_EVIDENCE,,,YES,RELIABLE,SCHEMA_SUBSTANTIALLY_IDENTICAL,NO,NO,NO_CONFLICTS_TO_JUDGE_DIRECTION_FROM,DC-0181
DG-0182,BIS_Scheme_X_Industrial.xlsx,BIS_Schemes_Master_Scheme_2.xlsx,DIFFERENT_ENTITY,0.3033,0,5,40,0,2,0,13,1,1,0,DIFFERENT_ENTITY,"Checked and cleared as a false duplicate candidate: no shared record key values and entity overlap only 0.00. Schema resemblance (SCHEMA_SUBSTANTIALLY_IDENTICAL, column Jaccard 0.8667) is structural, not evidence of shared records.",BOTH_KEEP_SEPARATE,0,0,NO,L3,product,0,5,40,0.0,KEY_DISJOINT_NO_ENTITY_EVIDENCE,,,YES,RELIABLE,SCHEMA_SUBSTANTIALLY_IDENTICAL,NO,NO,NO_CONFLICTS_TO_JUDGE_DIRECTION_FROM,DC-0182
DG-0183,BIS_Scheme_X_Industrial_v2.xlsx,BIS_Schemes_Master.xlsx,DIFFERENT_ENTITY,0.3033,0,5,40,0,2,0,13,1,1,0,DIFFERENT_ENTITY,"Checked and cleared as a false duplicate candidate: no shared record key values and entity overlap only 0.00. Schema resemblance (SCHEMA_SUBSTANTIALLY_IDENTICAL, column Jaccard 0.8667) is structural, not evidence of shared records.",BOTH_KEEP_SEPARATE,0,0,NO,L3,product,0,5,40,0.0,KEY_DISJOINT_NO_ENTITY_EVIDENCE,,,YES,RELIABLE,SCHEMA_SUBSTANTIALLY_IDENTICAL,NO,NO,NO_CONFLICTS_TO_JUDGE_DIRECTION_FROM,DC-0183
DG-0184,BIS_Scheme_X_Industrial_v2.xlsx,BIS_Schemes_Master_Scheme_2.xlsx,DIFFERENT_ENTITY,0.3033,0,5,40,0,2,0,13,1,1,0,DIFFERENT_ENTITY,"Checked and cleared as a false duplicate candidate: no shared record key values and entity overlap only 0.00. Schema resemblance (SCHEMA_SUBSTANTIALLY_IDENTICAL, column Jaccard 0.8667) is structural, not evidence of shared records.",BOTH_KEEP_SEPARATE,0,0,NO,L3,product,0,5,40,0.0,KEY_DISJOINT_NO_ENTITY_EVIDENCE,,,YES,RELIABLE,SCHEMA_SUBSTANTIALLY_IDENTICAL,NO,NO,NO_CONFLICTS_TO_JUDGE_DIRECTION_FROM,DC-0184
DG-0185,BIS_Schemes_Master.xlsx,BIS_Schemes_Master_Scheme_2.xlsx,DIFFERENT_ENTITY,0.35,0,40,40,0,0,0,14,0,0,160,DIFFERENT_ENTITY,"Same 40 record keys on `product` in both files, but the entity-identifying column(s) scheme_code; scheme_id; scheme_name disagree on every matched record. These are two different entities described over one key, not two copies of one table - the real key needs the entity dimension added. BOTH files must be kept in full.",BOTH_KEEP_SEPARATE,80,0,YES,L3,product,40,0,0,1.0,KEY_LINKED,scheme_code; scheme_id; scheme_name,,YES,RELIABLE,SCHEMA_IDENTICAL,NO,NO,"INCONCLUSIVE: 160 conflicts, both sides carry real values (a_blank=0 b_blank=0 a_artefact=0 b_artefact=0) - no side is demonstrably the later revision",DC-0185
DG-0186,BIS_Schemes_Master.xlsx,BIS_Standards_Intelligence_Master.xlsx,COMPLEMENTARY,0.02,0,40,45,0,0,44,2,12,21,21,COMPLEMENTARY,"21 of 64 records are shared on `product` (key Jaccard 0.33; 19 unique to A, 24 to B). The two files share their subjects but not their attributes (SCHEMA_WEAK_OVERLAP, column Jaccard 0.0571, 2 shared of 14/23 columns), so they describe different attributes of the same subjects. Union them side by side on the subject key; neither attribute set may be dropped. Column name(s) source_url disagree on essentially every matched record while both sides hold real values - one name carrying two different meanings. Phase 3 must SPLIT these into per-source fields, not union them.",MERGE_UNION,64,0,YES,L4,product,21,19,24,0.3281,KEY_LINKED,,source_url,NO,LOW_PROJECTION_WIDTH,SCHEMA_WEAK_OVERLAP,NO,NO,"INCONCLUSIVE: 21 conflicts, both sides carry real values (a_blank=0 b_blank=0 a_artefact=0 b_artefact=0) - no side is demonstrably the later revision",DC-0186
DG-0187,BIS_Schemes_Master.xlsx,BIS_Testing_Parameters_Master.xlsx,COMPLEMENTARY,0.0233,0,40,45,0,0,44,2,12,16,13,COMPLEMENTARY,"21 of 64 records are shared on `product` (key Jaccard 0.33; 19 unique to A, 24 to B). The two files share their subjects but not their attributes (SCHEMA_WEAK_OVERLAP, column Jaccard 0.0667, 2 shared of 14/18 columns), so they describe different attributes of the same subjects. Union them side by side on the subject key; neither attribute set may be dropped.",MERGE_UNION,64,0,YES,L4,product,21,19,24,0.3281,KEY_LINKED,,,NO,LOW_PROJECTION_WIDTH,SCHEMA_WEAK_OVERLAP,NO,NO,"INCONCLUSIVE: 13 conflicts, both sides carry real values (a_blank=0 b_blank=0 a_artefact=0 b_artefact=0) - no side is demonstrably the later revision",DC-0187
DG-0188,BIS_Schemes_Master_Scheme_2.xlsx,BIS_Standards_Intelligence_Master.xlsx,COMPLEMENTARY,0.02,0,40,45,0,0,44,2,12,21,21,COMPLEMENTARY,"21 of 64 records are shared on `product` (key Jaccard 0.33; 19 unique to A, 24 to B). The two files share their subjects but not their attributes (SCHEMA_WEAK_OVERLAP, column Jaccard 0.0571, 2 shared of 14/23 columns), so they describe different attributes of the same subjects. Union them side by side on the subject key; neither attribute set may be dropped. Column name(s) source_url disagree on essentially every matched record while both sides hold real values - one name carrying two different meanings. Phase 3 must SPLIT these into per-source fields, not union them.",MERGE_UNION,64,0,YES,L4,product,21,19,24,0.3281,KEY_LINKED,,source_url,NO,LOW_PROJECTION_WIDTH,SCHEMA_WEAK_OVERLAP,NO,NO,"INCONCLUSIVE: 21 conflicts, both sides carry real values (a_blank=0 b_blank=0 a_artefact=0 b_artefact=0) - no side is demonstrably the later revision",DC-0188
DG-0189,BIS_Schemes_Master_Scheme_2.xlsx,BIS_Testing_Parameters_Master.xlsx,COMPLEMENTARY,0.0233,0,40,45,0,0,44,2,12,16,13,COMPLEMENTARY,"21 of 64 records are shared on `product` (key Jaccard 0.33; 19 unique to A, 24 to B). The two files share their subjects but not their attributes (SCHEMA_WEAK_OVERLAP, column Jaccard 0.0667, 2 shared of 14/18 columns), so they describe different attributes of the same subjects. Union them side by side on the subject key; neither attribute set may be dropped.",MERGE_UNION,64,0,YES,L4,product,21,19,24,0.3281,KEY_LINKED,,,NO,LOW_PROJECTION_WIDTH,SCHEMA_WEAK_OVERLAP,NO,NO,"INCONCLUSIVE: 13 conflicts, both sides carry real values (a_blank=0 b_blank=0 a_artefact=0 b_artefact=0) - no side is demonstrably the later revision",DC-0189
DG-0190,BIS_Standards_Amendments.xlsx,BIS_Standards_Details_v2 (1).xlsx,DIFFERENT_ENTITY,0.0117,0,42,40,0,0,45,1,11,18,0,DIFFERENT_ENTITY,"Checked and cleared as a false duplicate candidate: no shared record key values and entity overlap only 0.00. Schema resemblance (SCHEMA_WEAK_OVERLAP, column Jaccard 0.0333) is structural, not evidence of shared records.",BOTH_KEEP_SEPARATE,0,0,NO,L3,,-1,-1,-1,0.0,NO_KEY_AVAILABLE,,,NO,LOW_PROJECTION_WIDTH,SCHEMA_WEAK_OVERLAP,NO,NO,NO_CONFLICTS_TO_JUDGE_DIRECTION_FROM,DC-0190
DG-0191,BIS_Standards_Amendments.xlsx,BIS_Standards_Details_v2.xlsx,DIFFERENT_ENTITY,0.0117,0,42,40,0,0,45,1,11,18,0,DIFFERENT_ENTITY,"Checked and cleared as a false duplicate candidate: no shared record key values and entity overlap only 0.00. Schema resemblance (SCHEMA_WEAK_OVERLAP, column Jaccard 0.0333) is structural, not evidence of shared records.",BOTH_KEEP_SEPARATE,0,0,NO,L3,,-1,-1,-1,0.0,NO_KEY_AVAILABLE,,,NO,LOW_PROJECTION_WIDTH,SCHEMA_WEAK_OVERLAP,NO,NO,NO_CONFLICTS_TO_JUDGE_DIRECTION_FROM,DC-0191
DG-0192,BIS_Standards_Amendments.xlsx,BIS_Standards_Details_v3.xlsx,DIFFERENT_ENTITY,0.0117,0,42,40,0,0,45,1,11,18,0,DIFFERENT_ENTITY,"Checked and cleared as a false duplicate candidate: no shared record key values and entity overlap only 0.00. Schema resemblance (SCHEMA_WEAK_OVERLAP, column Jaccard 0.0333) is structural, not evidence of shared records.",BOTH_KEEP_SEPARATE,0,0,NO,L3,,-1,-1,-1,0.0,NO_KEY_AVAILABLE,,,NO,LOW_PROJECTION_WIDTH,SCHEMA_WEAK_OVERLAP,NO,NO,NO_CONFLICTS_TO_JUDGE_DIRECTION_FROM,DC-0192
DG-0193,BIS_Standards_Details_v2 (1).xlsx,BIS_Standards_Details_v2.xlsx,EXACT_DUPLICATE,1.0,40,0,0,45,0,0,19,0,0,0,EXACT_DUPLICATE,"Byte-for-byte identical files (same SHA-256). No content differs, so one copy carries the whole of both.",BIS_Standards_Details_v2 (1).xlsx,0,40,NO,L1,is_number,40,0,0,1.0,KEY_LINKED,,,YES,RELIABLE,SCHEMA_IDENTICAL,YES,YES,NO_CONFLICTS_TO_JUDGE_DIRECTION_FROM,DC-0193
DG-0194,BIS_Standards_Details_v2 (1).xlsx,BIS_Standards_Details_v3.xlsx,VERSION_NEWER,0.4324,9,31,31,45,0,0,19,0,0,31,VERSION_NEWER,"Identical record set (40 keys on `is_number`, none unique to either side) with 31 differing cells whose direction is settled by content: ENRICHMENT: B supplies a real value in 31/31 conflicting cells where A is blank or a narrative non-answer; A supplies none in the other direction. Later revision = BIS_Standards_Details_v3.xlsx. No record is lost by treating BIS_Standards_Details_v2 (1).xlsx as superseded, but its differing cells are preserved in CONFLICTS.csv.",BIS_Standards_Details_v3.xlsx,0,0,NO,L4,is_number,40,0,0,1.0,KEY_LINKED,,,YES,RELIABLE,SCHEMA_IDENTICAL,NO,NO,ENRICHMENT: B supplies a real value in 31/31 conflicting cells where A is blank or a narrative non-answer; A supplies none in the other direction,DC-0194
DG-0195,BIS_Standards_Details_v2 (1).xlsx,BIS_Standards_Intelligence_Master.xlsx,COMPLEMENTARY,0.0085,38,2,7,40,5,4,1,18,22,0,COMPLEMENTARY,"38 of 47 records are shared on `is_number` (key Jaccard 0.81; 2 unique to A, 7 to B). The two files share their subjects but not their attributes (SCHEMA_WEAK_OVERLAP, column Jaccard 0.0244, 1 shared of 19/23 columns), so they describe different attributes of the same subjects. Union them side by side on the subject key; neither attribute set may be dropped.",MERGE_UNION,47,0,YES,L4,is_number,38,2,7,0.8085,KEY_LINKED,,,NO,LOW_PROJECTION_WIDTH,SCHEMA_WEAK_OVERLAP,NO,NO,NO_CONFLICTS_TO_JUDGE_DIRECTION_FROM,DC-0195
DG-0196,BIS_Standards_Details_v2 (1).xlsx,BIS_Standards_Scheme_Mapping.xlsx,COMPLEMENTARY,0.0085,22,18,14,28,17,7,1,18,22,0,COMPLEMENTARY,"22 of 54 records are shared on `is_number` (key Jaccard 0.41; 18 unique to A, 14 to B). The two files share their subjects but not their attributes (SCHEMA_WEAK_OVERLAP, column Jaccard 0.0244, 1 shared of 19/23 columns), so they describe different attributes of the same subjects. Union them side by side on the subject key; neither attribute set may be dropped.",MERGE_UNION,54,0,YES,L4,is_number,22,18,14,0.4074,KEY_LINKED,,,NO,LOW_PROJECTION_WIDTH,SCHEMA_WEAK_OVERLAP,NO,NO,NO_CONFLICTS_TO_JUDGE_DIRECTION_FROM,DC-0196
DG-0197,BIS_Standards_Details_v2 (1).xlsx,BIS_Testing_Parameters_Master.xlsx,COMPLEMENTARY,0.0097,38,2,7,40,5,4,1,18,17,0,COMPLEMENTARY,"38 of 47 records are shared on `is_number` (key Jaccard 0.81; 2 unique to A, 7 to B). The two files share their subjects but not their attributes (SCHEMA_WEAK_OVERLAP, column Jaccard 0.0278, 1 shared of 19/18 columns), so they describe different attributes of the same subjects. Union them side by side on the subject key; neither attribute set may be dropped.",MERGE_UNION,47,0,YES,L4,is_number,38,2,7,0.8085,KEY_LINKED,,,NO,LOW_PROJECTION_WIDTH,SCHEMA_WEAK_OVERLAP,NO,NO,NO_CONFLICTS_TO_JUDGE_DIRECTION_FROM,DC-0197
DG-0198,BIS_Standards_Details_v2.xlsx,BIS_Standards_Details_v3.xlsx,VERSION_NEWER,0.4324,9,31,31,45,0,0,19,0,0,31,VERSION_NEWER,"Identical record set (40 keys on `is_number`, none unique to either side) with 31 differing cells whose direction is settled by content: ENRICHMENT: B supplies a real value in 31/31 conflicting cells where A is blank or a narrative non-answer; A supplies none in the other direction. Later revision = BIS_Standards_Details_v3.xlsx. No record is lost by treating BIS_Standards_Details_v2.xlsx as superseded, but its differing cells are preserved in CONFLICTS.csv.",BIS_Standards_Details_v3.xlsx,0,0,NO,L4,is_number,40,0,0,1.0,KEY_LINKED,,,YES,RELIABLE,SCHEMA_IDENTICAL,NO,NO,ENRICHMENT: B supplies a real value in 31/31 conflicting cells where A is blank or a narrative non-answer; A supplies none in the other direction,DC-0198
DG-0199,BIS_Standards_Details_v2.xlsx,BIS_Standards_Intelligence_Master.xlsx,COMPLEMENTARY,0.0085,38,2,7,40,5,4,1,18,22,0,COMPLEMENTARY,"38 of 47 records are shared on `is_number` (key Jaccard 0.81; 2 unique to A, 7 to B). The two files share their subjects but not their attributes (SCHEMA_WEAK_OVERLAP, column Jaccard 0.0244, 1 shared of 19/23 columns), so they describe different attributes of the same subjects. Union them side by side on the subject key; neither attribute set may be dropped.",MERGE_UNION,47,0,YES,L4,is_number,38,2,7,0.8085,KEY_LINKED,,,NO,LOW_PROJECTION_WIDTH,SCHEMA_WEAK_OVERLAP,NO,NO,NO_CONFLICTS_TO_JUDGE_DIRECTION_FROM,DC-0199
DG-0200,BIS_Standards_Details_v2.xlsx,BIS_Standards_Scheme_Mapping.xlsx,COMPLEMENTARY,0.0085,22,18,14,28,17,7,1,18,22,0,COMPLEMENTARY,"22 of 54 records are shared on `is_number` (key Jaccard 0.41; 18 unique to A, 14 to B). The two files share their subjects but not their attributes (SCHEMA_WEAK_OVERLAP, column Jaccard 0.0244, 1 shared of 19/23 columns), so they describe different attributes of the same subjects. Union them side by side on the subject key; neither attribute set may be dropped.",MERGE_UNION,54,0,YES,L4,is_number,22,18,14,0.4074,KEY_LINKED,,,NO,LOW_PROJECTION_WIDTH,SCHEMA_WEAK_OVERLAP,NO,NO,NO_CONFLICTS_TO_JUDGE_DIRECTION_FROM,DC-0200
DG-0201,BIS_Standards_Details_v2.xlsx,BIS_Testing_Parameters_Master.xlsx,COMPLEMENTARY,0.0097,38,2,7,40,5,4,1,18,17,0,COMPLEMENTARY,"38 of 47 records are shared on `is_number` (key Jaccard 0.81; 2 unique to A, 7 to B). The two files share their subjects but not their attributes (SCHEMA_WEAK_OVERLAP, column Jaccard 0.0278, 1 shared of 19/18 columns), so they describe different attributes of the same subjects. Union them side by side on the subject key; neither attribute set may be dropped.",MERGE_UNION,47,0,YES,L4,is_number,38,2,7,0.8085,KEY_LINKED,,,NO,LOW_PROJECTION_WIDTH,SCHEMA_WEAK_OVERLAP,NO,NO,NO_CONFLICTS_TO_JUDGE_DIRECTION_FROM,DC-0201
DG-0202,BIS_Standards_Details_v3.xlsx,BIS_Standards_Intelligence_Master.xlsx,COMPLEMENTARY,0.0085,38,2,7,40,5,4,1,18,22,0,COMPLEMENTARY,"38 of 47 records are shared on `is_number` (key Jaccard 0.81; 2 unique to A, 7 to B). The two files share their subjects but not their attributes (SCHEMA_WEAK_OVERLAP, column Jaccard 0.0244, 1 shared of 19/23 columns), so they describe different attributes of the same subjects. Union them side by side on the subject key; neither attribute set may be dropped.",MERGE_UNION,47,0,YES,L4,is_number,38,2,7,0.8085,KEY_LINKED,,,NO,LOW_PROJECTION_WIDTH,SCHEMA_WEAK_OVERLAP,NO,NO,NO_CONFLICTS_TO_JUDGE_DIRECTION_FROM,DC-0202
DG-0203,BIS_Standards_Details_v3.xlsx,BIS_Standards_Scheme_Mapping.xlsx,COMPLEMENTARY,0.0085,22,18,14,28,17,7,1,18,22,0,COMPLEMENTARY,"22 of 54 records are shared on `is_number` (key Jaccard 0.41; 18 unique to A, 14 to B). The two files share their subjects but not their attributes (SCHEMA_WEAK_OVERLAP, column Jaccard 0.0244, 1 shared of 19/23 columns), so they describe different attributes of the same subjects. Union them side by side on the subject key; neither attribute set may be dropped.",MERGE_UNION,54,0,YES,L4,is_number,22,18,14,0.4074,KEY_LINKED,,,NO,LOW_PROJECTION_WIDTH,SCHEMA_WEAK_OVERLAP,NO,NO,NO_CONFLICTS_TO_JUDGE_DIRECTION_FROM,DC-0203
DG-0204,BIS_Standards_Details_v3.xlsx,BIS_Testing_Parameters_Master.xlsx,COMPLEMENTARY,0.0097,38,2,7,40,5,4,1,18,17,0,COMPLEMENTARY,"38 of 47 records are shared on `is_number` (key Jaccard 0.81; 2 unique to A, 7 to B). The two files share their subjects but not their attributes (SCHEMA_WEAK_OVERLAP, column Jaccard 0.0278, 1 shared of 19/18 columns), so they describe different attributes of the same subjects. Union them side by side on the subject key; neither attribute set may be dropped.",MERGE_UNION,47,0,YES,L4,is_number,38,2,7,0.8085,KEY_LINKED,,,NO,LOW_PROJECTION_WIDTH,SCHEMA_WEAK_OVERLAP,NO,NO,NO_CONFLICTS_TO_JUDGE_DIRECTION_FROM,DC-0204
DG-0205,BIS_Standards_Intelligence_Master.xlsx,BIS_Standards_Scheme_Mapping.xlsx,DUPLICATE_WITH_UNIQUE_DATA,0.2692,0,45,36,29,15,6,20,3,3,396,DUPLICATE_WITH_UNIQUE_DATA,"22 records shared on `is_number` (key Jaccard 0.37) but 23 are unique to A and 14 unique to B, over the same attribute set. Overlapping records are the same entities; the unique ones are additional valid records. Union both - archiving either side would destroy records.",MERGE_UNION,59,0,YES,L4,is_number,22,23,14,0.3729,KEY_LINKED,,application_procedure; eligibility; factory_requirements; fees; infrastructure_requirements; laboratory_testing; process_controls; testing,YES,RELIABLE,SCHEMA_SUBSTANTIALLY_IDENTICAL,NO,NO,REPAIR: B carries a raw-scrape artefact in 44 conflicting cells that A has replaced with a clean value,DC-0205
DG-0206,BIS_Standards_Intelligence_Master.xlsx,BIS_Testing_Parameters_Master.xlsx,COMPLEMENTARY,0.0276,0,45,45,44,0,0,3,20,15,24,COMPLEMENTARY,"42 of 48 records are shared on `is_number` (key Jaccard 0.88; 3 unique to A, 3 to B). The two files share their subjects but not their attributes (SCHEMA_WEAK_OVERLAP, column Jaccard 0.0789, 3 shared of 23/18 columns), so they describe different attributes of the same subjects. Union them side by side on the subject key; neither attribute set may be dropped.",MERGE_UNION,48,0,YES,L4,is_number,42,3,3,0.875,KEY_LINKED,,,NO,LOW_PROJECTION_WIDTH,SCHEMA_WEAK_OVERLAP,NO,NO,"INCONCLUSIVE: 24 conflicts, both sides carry real values (a_blank=0 b_blank=0 a_artefact=0 b_artefact=0) - no side is demonstrably the later revision",DC-0206
DG-0207,BIS_Standards_Intelligence_Master.xlsx,bis_product_certification_faq (1).csv,COMPLEMENTARY,0.0117,0,45,28,0,44,0,1,22,7,0,COMPLEMENTARY,"No shared value in any candidate key column (none qualified), yet entity overlap reaches 0.40 - the files describe overlapping entities under different identifier namespaces. Identity must be re-derived in Phase 3 from the entity columns before any merge; keying on the existing surrogate would duplicate every shared entity. The two files share their subjects but not their attributes (SCHEMA_WEAK_OVERLAP, column Jaccard 0.0333, 1 shared of 23/8 columns), so they describe different attributes of the same subjects. Union them side by side on the subject key; neither attribute set may be dropped.",MERGE_AFTER_REKEY,73,0,YES,L4,,-1,-1,-1,0.0,SAME_ENTITIES_DIFFERENT_KEY_NAMESPACE,,,NO,LOW_PROJECTION_WIDTH,SCHEMA_WEAK_OVERLAP,NO,NO,NO_CONFLICTS_TO_JUDGE_DIRECTION_FROM,DC-0207
DG-0208,BIS_Standards_Intelligence_Master.xlsx,bis_product_certifications.csv,COMPLEMENTARY,0.0233,0,45,71,0,44,0,2,21,7,0,COMPLEMENTARY,"No shared value in any candidate key column (none qualified), yet entity overlap reaches 0.33 - the files describe overlapping entities under different identifier namespaces. Identity must be re-derived in Phase 3 from the entity columns before any merge; keying on the existing surrogate would duplicate every shared entity. The two files share their subjects but not their attributes (SCHEMA_WEAK_OVERLAP, column Jaccard 0.0667, 2 shared of 23/9 columns), so they describe different attributes of the same subjects. Union them side by side on the subject key; neither attribute set may be dropped.",MERGE_AFTER_REKEY,116,0,YES,L4,,-1,-1,-1,0.0,SAME_ENTITIES_DIFFERENT_KEY_NAMESPACE,,,NO,LOW_PROJECTION_WIDTH,SCHEMA_WEAK_OVERLAP,NO,NO,NO_CONFLICTS_TO_JUDGE_DIRECTION_FROM,DC-0208
DG-0209,BIS_Standards_Scheme_Mapping.xlsx,BIS_Testing_Parameters_Master.xlsx,COMPLEMENTARY,0.018,0,36,45,29,6,15,2,21,16,14,COMPLEMENTARY,"22 of 59 records are shared on `is_number` (key Jaccard 0.37; 14 unique to A, 23 to B). The two files share their subjects but not their attributes (SCHEMA_WEAK_OVERLAP, column Jaccard 0.0513, 2 shared of 23/18 columns), so they describe different attributes of the same subjects. Union them side by side on the subject key; neither attribute set may be dropped.",MERGE_UNION,59,0,YES,L4,is_number,22,14,23,0.3729,KEY_LINKED,,,NO,LOW_PROJECTION_WIDTH,SCHEMA_WEAK_OVERLAP,NO,NO,"INCONCLUSIVE: 14 conflicts, both sides carry real values (a_blank=0 b_blank=0 a_artefact=0 b_artefact=0) - no side is demonstrably the later revision",DC-0209
DG-0210,bis_circulars (1).csv,bis_gazette_notification.csv,REQUIRES_REVIEW,0.0538,0,160,1400,276,697,339,2,9,2,0,REQUIRES_REVIEW,"Evidence does not settle this pair: key overlap -1, entity overlap 0.21, schema SCHEMA_WEAK_OVERLAP, conflicts 0, row metric LOW_PROJECTION_WIDTH. Deliberately left unresolved rather than guessed.",UNDECIDED_REVIEW_REQUIRED,0,0,YES,L4,,-1,-1,-1,0.0,NO_KEY_AVAILABLE,,,NO,LOW_PROJECTION_WIDTH,SCHEMA_WEAK_OVERLAP,NO,NO,NO_CONFLICTS_TO_JUDGE_DIRECTION_FROM,DC-0210
DG-0211,bis_circulars (1).csv,bis_laboratories.csv,COMPLEMENTARY,0.0167,0,160,20,563,410,530,1,10,10,0,COMPLEMENTARY,"No shared value in any candidate key column (none qualified), yet entity overlap reaches 0.37 - the files describe overlapping entities under different identifier namespaces. Identity must be re-derived in Phase 3 from the entity columns before any merge; keying on the existing surrogate would duplicate every shared entity. The two files share their subjects but not their attributes (SCHEMA_WEAK_OVERLAP, column Jaccard 0.0476, 1 shared of 11/11 columns), so they describe different attributes of the same subjects. Union them side by side on the subject key; neither attribute set may be dropped.",MERGE_AFTER_REKEY,591,0,YES,L4,,-1,-1,-1,0.0,SAME_ENTITIES_DIFFERENT_KEY_NAMESPACE,,,NO,LOW_PROJECTION_WIDTH,SCHEMA_WEAK_OVERLAP,NO,NO,NO_CONFLICTS_TO_JUDGE_DIRECTION_FROM,DC-0211
DG-0212,bis_gazette_notification.csv,bis_laboratories.csv,COMPLEMENTARY,0.0,0,0,0,417,198,676,0,4,11,0,COMPLEMENTARY,"No shared value in any candidate key column (none qualified), yet entity overlap reaches 0.32 - the files describe overlapping entities under different identifier namespaces. Identity must be re-derived in Phase 3 from the entity columns before any merge; keying on the existing surrogate would duplicate every shared entity. The two files share their subjects but not their attributes (SCHEMA_DISJOINT, column Jaccard 0.0, 0 shared of 4/11 columns), so they describe different attributes of the same subjects. Union them side by side on the subject key; neither attribute set may be dropped.",MERGE_AFTER_REKEY,2229,0,YES,L4,,-1,-1,-1,0.0,SAME_ENTITIES_DIFFERENT_KEY_NAMESPACE,,,NO,LOW_PROJECTION_WIDTH,SCHEMA_DISJOINT,NO,NO,NO_CONFLICTS_TO_JUDGE_DIRECTION_FROM,DC-0212
DG-0213,bis_gazette_notification.csv,data__raw__fmcs_all_fmcs_list_raw.csv,COMPLEMENTARY,0.0,0,0,0,249,366,92,0,4,9,0,COMPLEMENTARY,"No shared value in any candidate key column (none qualified), yet entity overlap reaches 0.35 - the files describe overlapping entities under different identifier namespaces. Identity must be re-derived in Phase 3 from the entity columns before any merge; keying on the existing surrogate would duplicate every shared entity. The two files share their subjects but not their attributes (SCHEMA_DISJOINT, column Jaccard 0.0, 0 shared of 4/9 columns), so they describe different attributes of the same subjects. Union them side by side on the subject key; neither attribute set may be dropped.",MERGE_AFTER_REKEY,4933,0,YES,L4,,-1,-1,-1,0.0,SAME_ENTITIES_DIFFERENT_KEY_NAMESPACE,,,NO,LOW_PROJECTION_WIDTH,SCHEMA_DISJOINT,NO,NO,NO_CONFLICTS_TO_JUDGE_DIRECTION_FROM,DC-0213
DG-0214,bis_gazette_notification.csv,output__fmcs_is_coverage.csv,COMPLEMENTARY,0.0,0,0,0,249,366,92,0,4,3,0,COMPLEMENTARY,"No shared value in any candidate key column (none qualified), yet entity overlap reaches 0.35 - the files describe overlapping entities under different identifier namespaces. Identity must be re-derived in Phase 3 from the entity columns before any merge; keying on the existing surrogate would duplicate every shared entity. The two files share their subjects but not their attributes (SCHEMA_DISJOINT, column Jaccard 0.0, 0 shared of 4/3 columns), so they describe different attributes of the same subjects. Union them side by side on the subject key; neither attribute set may be dropped.",MERGE_AFTER_REKEY,2221,0,YES,L4,,-1,-1,-1,0.0,SAME_ENTITIES_DIFFERENT_KEY_NAMESPACE,,,NO,LOW_PROJECTION_WIDTH,SCHEMA_DISJOINT,NO,NO,NO_CONFLICTS_TO_JUDGE_DIRECTION_FROM,DC-0214
DG-0215,bis_gazette_notification.csv,output__topic18_fmcs_manufacturers.csv,COMPLEMENTARY,0.0,0,0,0,249,366,92,0,4,17,0,COMPLEMENTARY,"No shared value in any candidate key column (none qualified), yet entity overlap reaches 0.35 - the files describe overlapping entities under different identifier namespaces. Identity must be re-derived in Phase 3 from the entity columns before any merge; keying on the existing surrogate would duplicate every shared entity. The two files share their subjects but not their attributes (SCHEMA_DISJOINT, column Jaccard 0.0, 0 shared of 4/17 columns), so they describe different attributes of the same subjects. Union them side by side on the subject key; neither attribute set may be dropped.",MERGE_AFTER_REKEY,4933,0,YES,L4,,-1,-1,-1,0.0,SAME_ENTITIES_DIFFERENT_KEY_NAMESPACE,,,NO,LOW_PROJECTION_WIDTH,SCHEMA_DISJOINT,NO,NO,NO_CONFLICTS_TO_JUDGE_DIRECTION_FROM,DC-0215
DG-0216,bis_laboratories.csv,bis_topic17_hallmarking_centres.csv,DIFFERENT_ENTITY,0.0875,0,430,1658,0,1093,0,5,6,9,0,DIFFERENT_ENTITY,"Checked and cleared as a false duplicate candidate: no shared record key values and entity overlap only 0.00. Schema resemblance (SCHEMA_OVERLAP, column Jaccard 0.25) is structural, not evidence of shared records.",BOTH_KEEP_SEPARATE,0,0,NO,L3,,-1,-1,-1,0.0,NO_KEY_AVAILABLE,,,NO,LOW_PROJECTION_WIDTH,SCHEMA_OVERLAP,NO,NO,NO_CONFLICTS_TO_JUDGE_DIRECTION_FROM,DC-0216
DG-0217,bis_product_certification_faq (1).csv,bis_product_certifications.csv,COMPLEMENTARY,0.0219,0,28,71,0,0,0,1,7,8,0,COMPLEMENTARY,"No shared value in any candidate key column (none qualified), yet entity overlap reaches 0.67 - the files describe overlapping entities under different identifier namespaces. Identity must be re-derived in Phase 3 from the entity columns before any merge; keying on the existing surrogate would duplicate every shared entity. The two files share their subjects but not their attributes (SCHEMA_WEAK_OVERLAP, column Jaccard 0.0625, 1 shared of 8/9 columns), so they describe different attributes of the same subjects. Union them side by side on the subject key; neither attribute set may be dropped.",MERGE_AFTER_REKEY,99,0,YES,L4,,-1,-1,-1,0.0,SAME_ENTITIES_DIFFERENT_KEY_NAMESPACE,,,NO,LOW_PROJECTION_WIDTH,SCHEMA_WEAK_OVERLAP,NO,NO,NO_CONFLICTS_TO_JUDGE_DIRECTION_FROM,DC-0217
DG-0218,bis_topic17_hallmarking_centres.csv,bis_topic17_hallmarking_centres_cancelled_suspended.csv,COMPLEMENTARY,0.2882,0,1658,722,0,0,0,14,0,3,273,COMPLEMENTARY,"Only 136 of 2244 records are shared on `centre_id` (key Jaccard 0.06); A holds 1522 records B does not and B holds 586 A does not. The files describe mostly different records in a related area, so both are required. Merge as a union, keyed on `centre_id`.",MERGE_UNION,2244,0,YES,L4,centre_id,136,1522,586,0.0606,KEY_LINKED,,,YES,RELIABLE,SCHEMA_SUBSET,NO,NO,"INCONCLUSIVE: 273 conflicts, both sides carry real values (a_blank=0 b_blank=0 a_artefact=0 b_artefact=0) - no side is demonstrably the later revision",DC-0218
DG-0219,data__raw__fmcs_all_fmcs_list_raw.csv,output__fmcs_country_coverage.csv,DIFFERENT_ENTITY,0.0,0,0,0,0,341,0,0,9,3,0,DIFFERENT_ENTITY,"Checked and cleared as a false duplicate candidate: no shared record key values and entity overlap only 0.00. Schema resemblance (SCHEMA_DISJOINT, column Jaccard 0.0) is structural, not evidence of shared records.",BOTH_KEEP_SEPARATE,0,0,NO,L3,,-1,-1,-1,0.0,NO_KEY_AVAILABLE,,,NO,LOW_PROJECTION_WIDTH,SCHEMA_DISJOINT,NO,NO,NO_CONFLICTS_TO_JUDGE_DIRECTION_FROM,DC-0219
DG-0220,data__raw__fmcs_all_fmcs_list_raw.csv,output__fmcs_is_coverage.csv,COMPLEMENTARY,0.0,0,0,0,341,0,0,0,9,3,0,COMPLEMENTARY,"No shared value in any candidate key column (none qualified), yet entity overlap reaches 1.00 - the files describe overlapping entities under different identifier namespaces. Identity must be re-derived in Phase 3 from the entity columns before any merge; keying on the existing surrogate would duplicate every shared entity. The two files share their subjects but not their attributes (SCHEMA_DISJOINT, column Jaccard 0.0, 0 shared of 9/3 columns), so they describe different attributes of the same subjects. Union them side by side on the subject key; neither attribute set may be dropped.",MERGE_AFTER_REKEY,3558,0,YES,L4,,-1,-1,-1,0.0,SAME_ENTITIES_DIFFERENT_KEY_NAMESPACE,,,NO,LOW_PROJECTION_WIDTH,SCHEMA_DISJOINT,NO,NO,NO_CONFLICTS_TO_JUDGE_DIRECTION_FROM,DC-0220
DG-0221,data__raw__fmcs_all_fmcs_list_raw.csv,output__topic18_fmcs_manufacturers.csv,COMPLEMENTARY,0.014,3135,0,0,341,0,0,1,8,16,0,COMPLEMENTARY,"No shared value in any candidate key column (none qualified), yet entity overlap reaches 1.00 - the files describe overlapping entities under different identifier namespaces. Identity must be re-derived in Phase 3 from the entity columns before any merge; keying on the existing surrogate would duplicate every shared entity. The two files share their subjects but not their attributes (SCHEMA_WEAK_OVERLAP, column Jaccard 0.04, 1 shared of 9/17 columns), so they describe different attributes of the same subjects. Union them side by side on the subject key; neither attribute set may be dropped.",MERGE_AFTER_REKEY,6270,0,YES,L4,,-1,-1,-1,0.0,SAME_ENTITIES_DIFFERENT_KEY_NAMESPACE,,,NO,LOW_PROJECTION_WIDTH,SCHEMA_WEAK_OVERLAP,NO,NO,NO_CONFLICTS_TO_JUDGE_DIRECTION_FROM,DC-0221
DG-0222,data__raw__fmcs_all_fmcs_list_raw.csv,output__topic19_official_documents.csv,DIFFERENT_ENTITY,0.014,0,3135,22,0,341,0,1,8,16,0,DIFFERENT_ENTITY,"Checked and cleared as a false duplicate candidate: no shared record key values and entity overlap only 0.00. Schema resemblance (SCHEMA_WEAK_OVERLAP, column Jaccard 0.04) is structural, not evidence of shared records.",BOTH_KEEP_SEPARATE,0,0,NO,L3,,-1,-1,-1,0.0,NO_KEY_AVAILABLE,,,NO,LOW_PROJECTION_WIDTH,SCHEMA_WEAK_OVERLAP,NO,NO,NO_CONFLICTS_TO_JUDGE_DIRECTION_FROM,DC-0222
DG-0223,output__fmcs_country_coverage.csv,output__fmcs_is_coverage.csv,DIFFERENT_ENTITY,0.175,39,35,384,0,0,341,2,1,1,0,DIFFERENT_ENTITY,"Checked and cleared as a false duplicate candidate: no shared record key values and entity overlap only 0.00. Schema resemblance (SCHEMA_OVERLAP, column Jaccard 0.5) is structural, not evidence of shared records.",BOTH_KEEP_SEPARATE,0,0,NO,L3,,-1,-1,-1,0.0,NO_KEY_AVAILABLE,,,YES,LOW_PROJECTION_WIDTH,SCHEMA_OVERLAP,NO,NO,NO_CONFLICTS_TO_JUDGE_DIRECTION_FROM,DC-0223
DG-0224,output__fmcs_country_coverage.csv,output__topic18_fmcs_manufacturers.csv,DIFFERENT_ENTITY,0.0184,74,0,3061,0,0,341,1,2,16,0,DIFFERENT_ENTITY,"Checked and cleared as a false duplicate candidate: no shared record key values and entity overlap only 0.00. Schema resemblance (SCHEMA_WEAK_OVERLAP, column Jaccard 0.0526) is structural, not evidence of shared records.",BOTH_KEEP_SEPARATE,0,0,NO,L3,,-1,-1,-1,0.0,NO_KEY_AVAILABLE,,,NO,LOW_PROJECTION_WIDTH,SCHEMA_WEAK_OVERLAP,NO,NO,NO_CONFLICTS_TO_JUDGE_DIRECTION_FROM,DC-0224
DG-0225,output__fmcs_country_coverage.csv,output__topic19_official_documents.csv,DIFFERENT_ENTITY,0.0,0,0,0,0,0,0,0,3,17,0,DIFFERENT_ENTITY,"Checked and cleared as a false duplicate candidate: no shared record key values and entity overlap only 0.00. Schema resemblance (SCHEMA_DISJOINT, column Jaccard 0.0) is structural, not evidence of shared records.",BOTH_KEEP_SEPARATE,0,0,NO,L3,,-1,-1,-1,0.0,NO_KEY_AVAILABLE,,,NO,LOW_PROJECTION_WIDTH,SCHEMA_DISJOINT,NO,NO,NO_CONFLICTS_TO_JUDGE_DIRECTION_FROM,DC-0225
DG-0226,output__fmcs_is_coverage.csv,output__topic18_fmcs_manufacturers.csv,COMPLEMENTARY,0.0184,423,0,2712,341,0,0,1,2,16,0,COMPLEMENTARY,"No shared value in any candidate key column (none qualified), yet entity overlap reaches 1.00 - the files describe overlapping entities under different identifier namespaces. Identity must be re-derived in Phase 3 from the entity columns before any merge; keying on the existing surrogate would duplicate every shared entity. The two files share their subjects but not their attributes (SCHEMA_WEAK_OVERLAP, column Jaccard 0.0526, 1 shared of 3/17 columns), so they describe different attributes of the same subjects. Union them side by side on the subject key; neither attribute set may be dropped.",MERGE_AFTER_REKEY,3558,0,YES,L4,,-1,-1,-1,0.0,SAME_ENTITIES_DIFFERENT_KEY_NAMESPACE,,,NO,LOW_PROJECTION_WIDTH,SCHEMA_WEAK_OVERLAP,NO,NO,NO_CONFLICTS_TO_JUDGE_DIRECTION_FROM,DC-0226
DG-0227,output__fmcs_is_coverage.csv,output__topic19_official_documents.csv,DIFFERENT_ENTITY,0.0184,0,423,0,0,341,0,1,2,16,0,DIFFERENT_ENTITY,"Checked and cleared as a false duplicate candidate: no shared record key values and entity overlap only 0.00. Schema resemblance (SCHEMA_WEAK_OVERLAP, column Jaccard 0.0526) is structural, not evidence of shared records.",BOTH_KEEP_SEPARATE,0,0,NO,L3,,-1,-1,-1,0.0,NO_KEY_AVAILABLE,,,NO,LOW_PROJECTION_WIDTH,SCHEMA_WEAK_OVERLAP,NO,NO,NO_CONFLICTS_TO_JUDGE_DIRECTION_FROM,DC-0227
DG-0228,output__source_inventory.csv,output__topic19_official_documents.csv,COMPLEMENTARY,0.0125,20,5,0,0,0,0,1,11,16,0,COMPLEMENTARY,"No shared value in any candidate key column (none qualified), yet entity overlap reaches 0.45 - the files describe overlapping entities under different identifier namespaces. Identity must be re-derived in Phase 3 from the entity columns before any merge; keying on the existing surrogate would duplicate every shared entity. The two files share their subjects but not their attributes (SCHEMA_WEAK_OVERLAP, column Jaccard 0.0357, 1 shared of 12/17 columns), so they describe different attributes of the same subjects. Union them side by side on the subject key; neither attribute set may be dropped.",MERGE_AFTER_REKEY,68,0,YES,L4,,-1,-1,-1,0.0,SAME_ENTITIES_DIFFERENT_KEY_NAMESPACE,,,NO,LOW_PROJECTION_WIDTH,SCHEMA_WEAK_OVERLAP,NO,NO,NO_CONFLICTS_TO_JUDGE_DIRECTION_FROM,DC-0228
DG-0229,output__source_inventory.csv,output__topic20_provenance.csv,COMPLEMENTARY,0.0242,2,44,44152,0,0,0,2,10,17,0,COMPLEMENTARY,"No shared value in any candidate key column (none qualified), yet entity overlap reaches 0.34 - the files describe overlapping entities under different identifier namespaces. Identity must be re-derived in Phase 3 from the entity columns before any merge; keying on the existing surrogate would duplicate every shared entity. The two files share their subjects but not their attributes (SCHEMA_WEAK_OVERLAP, column Jaccard 0.069, 2 shared of 12/19 columns), so they describe different attributes of the same subjects. Union them side by side on the subject key; neither attribute set may be dropped.",MERGE_AFTER_REKEY,44200,0,YES,L4,,-1,-1,-1,0.0,SAME_ENTITIES_DIFFERENT_KEY_NAMESPACE,,,NO,LOW_PROJECTION_WIDTH,SCHEMA_WEAK_OVERLAP,NO,NO,NO_CONFLICTS_TO_JUDGE_DIRECTION_FROM,DC-0229
DG-0230,output__topic18_fmcs_manufacturers.csv,output__topic19_official_documents.csv,DIFFERENT_ENTITY,0.0339,0,3135,22,0,341,0,3,14,14,0,DIFFERENT_ENTITY,"Checked and cleared as a false duplicate candidate: no shared record key values and entity overlap only 0.00. Schema resemblance (SCHEMA_WEAK_OVERLAP, column Jaccard 0.0968) is structural, not evidence of shared records.",BOTH_KEEP_SEPARATE,0,0,NO,L3,,-1,-1,-1,0.0,NO_KEY_AVAILABLE,,,NO,LOW_PROJECTION_WIDTH,SCHEMA_WEAK_OVERLAP,NO,NO,NO_CONFLICTS_TO_JUDGE_DIRECTION_FROM,DC-0230
DG-0231,output__topic19_official_documents.csv,output__topic20_provenance.csv,COMPLEMENTARY,0.0565,22,0,44132,0,0,0,5,12,14,0,COMPLEMENTARY,"No shared value in any candidate key column (none qualified), yet entity overlap reaches 0.64 - the files describe overlapping entities under different identifier namespaces. Identity must be re-derived in Phase 3 from the entity columns before any merge; keying on the existing surrogate would duplicate every shared entity. The two files share their subjects but not their attributes (SCHEMA_WEAK_OVERLAP, column Jaccard 0.1613, 5 shared of 17/19 columns), so they describe different attributes of the same subjects. Union them side by side on the subject key; neither attribute set may be dropped.",MERGE_AFTER_REKEY,44176,0,YES,L4,,-1,-1,-1,0.0,SAME_ENTITIES_DIFFERENT_KEY_NAMESPACE,,,NO,LOW_PROJECTION_WIDTH,SCHEMA_WEAK_OVERLAP,NO,NO,NO_CONFLICTS_TO_JUDGE_DIRECTION_FROM,DC-0231
