duplicate_row_group,file_id,original_filename,sheet_name,occurrences,source_rows_1based,redundant_copies,normalized_key_preview,duplicate_type,phase4_action
285ec76fb28f8fff,F034,bis_gazette_notification.csv,bis_gazette_notification,2,2; 901,1,"{""id"": ""1"", ""related_is"": ""is 12330"", ""title"": ""\u0938\u0932\u094d\u092b\u0947\u091f \u0930\u094b\u0927\u0940 \u092a\u094b\u0930\u094d\u091f\u0932\u0948\u0902\u0921 \u0938\u0940\u092e\u0947\u0902\u091f"", ""unnamed_3"": ""1. \u0938\u0940\u092e\u0947\u0902\u091f (\u0917\u0941\u0923\u0935\u0924\u094d\u0924\u093e \u0928\u093f\u092f\u0902\u0924\u094d\u0930\u0923) \u0906\u0926\u0947\u0936, 2003 \u090f\u093",ROW_LEVEL_EXACT_DUPLICATE_NORMALIZED,Keep the first occurrence as canonical; the other 1 are byte-equal after normalisation and carry no unique data. Record all source rows in provenance.
bbc8fe5b40cd83cd,F034,bis_gazette_notification.csv,bis_gazette_notification,2,3; 902,1,"{""id"": ""2"", ""related_is"": ""is 12600"", ""title"": ""\u0915\u092e \u0924\u093e\u092a \u092a\u094b\u0930\u094d\u091f\u0932\u0948\u0902\u0921 \u0938\u0940\u092e\u0947\u0902\u091f"", ""unnamed_3"": """"}",ROW_LEVEL_EXACT_DUPLICATE_NORMALIZED,Keep the first occurrence as canonical; the other 1 are byte-equal after normalisation and carry no unique data. Record all source rows in provenance.
d8f8eabd80232c77,F034,bis_gazette_notification.csv,bis_gazette_notification,2,4; 903,1,"{""id"": ""3"", ""related_is"": ""is 1489 (\u092d\u093e\u0917 1)"", ""title"": ""\u092a\u094b\u0930\u094d\u091f\u0932\u0948\u0902\u0921 \u092a\u094b\u091c\u093c\u094b\u0932\u093e\u0928\u093e \u0938\u0940\u092e\u0947\u0902\u091f \u2013 \u092d\u093e\u0917 1 (\u092b\u094d\u0932\u093e\u0908 \u0910\u0936 \u0906\u0927\u093e\u0930\u093f\u0924)"", ""unnamed_3"": """"}",ROW_LEVEL_EXACT_DUPLICATE_NORMALIZED,Keep the first occurrence as canonical; the other 1 are byte-equal after normalisation and carry no unique data. Record all source rows in provenance.
114af458e17ba821,F034,bis_gazette_notification.csv,bis_gazette_notification,2,5; 904,1,"{""id"": ""4"", ""related_is"": ""is 1489 (\u092d\u093e\u0917 2)"", ""title"": ""\u092a\u094b\u0930\u094d\u091f\u0932\u0948\u0902\u0921 \u092a\u094b\u091c\u093c\u094b\u0932\u093e\u0928\u093e \u0938\u0940\u092e\u0947\u0902\u091f \u2013 \u092d\u093e\u0917 2 (\u0915\u0948\u0932\u094d\u0938\u093e\u0907\u0902\u0921 \u0915\u094d\u0932\u0947 \u0906\u0927\u093e\u0930\u093f\u0924)"", ""unnamed_3"": """"}",ROW_LEVEL_EXACT_DUPLICATE_NORMALIZED,Keep the first occurrence as canonical; the other 1 are byte-equal after normalisation and carry no unique data. Record all source rows in provenance.
291d95358a0c3e2e,F034,bis_gazette_notification.csv,bis_gazette_notification,2,6; 905,1,"{""id"": ""5"", ""related_is"": ""is 269"", ""title"": ""\u0938\u093e\u0927\u093e\u0930\u0923 \u092a\u094b\u0930\u094d\u091f\u0932\u0948\u0902\u0921 \u0938\u0940\u092e\u0947\u0902\u091f"", ""unnamed_3"": """"}",ROW_LEVEL_EXACT_DUPLICATE_NORMALIZED,Keep the first occurrence as canonical; the other 1 are byte-equal after normalisation and carry no unique data. Record all source rows in provenance.
a86508584cc37d81,F034,bis_gazette_notification.csv,bis_gazette_notification,2,7; 906,1,"{""id"": ""6"", ""related_is"": ""is 3466"", ""title"": ""\u092e\u0947\u0938\u0928\u0930\u0940 \u0938\u0940\u092e\u0947\u0902\u091f"", ""unnamed_3"": """"}",ROW_LEVEL_EXACT_DUPLICATE_NORMALIZED,Keep the first occurrence as canonical; the other 1 are byte-equal after normalisation and carry no unique data. Record all source rows in provenance.
cf580d2d7941325b,F034,bis_gazette_notification.csv,bis_gazette_notification,2,8; 907,1,"{""id"": ""7"", ""related_is"": ""is 455"", ""title"": ""\u092a\u094b\u0930\u094d\u091f\u0932\u0948\u0902\u0921 \u0938\u094d\u0932\u0948\u0917 \u0938\u0940\u092e\u0947\u0902\u091f"", ""unnamed_3"": """"}",ROW_LEVEL_EXACT_DUPLICATE_NORMALIZED,Keep the first occurrence as canonical; the other 1 are byte-equal after normalisation and carry no unique data. Record all source rows in provenance.
6e1c410e071eb94d,F034,bis_gazette_notification.csv,bis_gazette_notification,2,9; 908,1,"{""id"": ""8"", ""related_is"": ""is 6452"", ""title"": ""\u0938\u0902\u0930\u091a\u0928\u093e\u0924\u094d\u092e\u0915 \u0909\u092a\u092f\u094b\u0917 \u0939\u0947\u0924\u0941 \u0909\u091a\u094d\u091a \u090f\u0932\u094d\u092f\u0941\u092e\u093f\u0928\u093e \u0938\u0940\u092e\u0947\u0902\u091f"", ""unnamed_3"": """"}",ROW_LEVEL_EXACT_DUPLICATE_NORMALIZED,Keep the first occurrence as canonical; the other 1 are byte-equal after normalisation and carry no unique data. Record all source rows in provenance.
fc46540f3dbdf291,F034,bis_gazette_notification.csv,bis_gazette_notification,2,10; 909,1,"{""id"": ""9"", ""related_is"": ""is 6909"", ""title"": ""\u0938\u0941\u092a\u0930 \u0938\u0932\u094d\u092b\u0947\u091f\u0947\u0921 \u0938\u0940\u092e\u0947\u0902\u091f"", ""unnamed_3"": """"}",ROW_LEVEL_EXACT_DUPLICATE_NORMALIZED,Keep the first occurrence as canonical; the other 1 are byte-equal after normalisation and carry no unique data. Record all source rows in provenance.
cffe6fab1d9b5345,F034,bis_gazette_notification.csv,bis_gazette_notification,2,11; 910,1,"{""id"": ""10"", ""related_is"": ""is 8041"", ""title"": ""\u0924\u094d\u0935\u0930\u093f\u0924 \u0938\u0916\u094d\u0924 \u0939\u094b\u0928\u0947 \u0935\u093e\u0932\u0940 \u092a\u094b\u0930\u094d\u091f\u0932\u0948\u0902\u0921 \u0938\u0940\u092e\u0947\u0902\u091f"", ""unnamed_3"": """"}",ROW_LEVEL_EXACT_DUPLICATE_NORMALIZED,Keep the first occurrence as canonical; the other 1 are byte-equal after normalisation and carry no unique data. Record all source rows in provenance.
e7a466cc5d991b21,F034,bis_gazette_notification.csv,bis_gazette_notification,2,12; 911,1,"{""id"": ""11"", ""related_is"": ""is 8042"", ""title"": ""\u0938\u092b\u0947\u0926 \u092a\u094b\u0930\u094d\u091f\u0932\u0948\u0902\u0921 \u0938\u0940\u092e\u0947\u0902\u091f"", ""unnamed_3"": """"}",ROW_LEVEL_EXACT_DUPLICATE_NORMALIZED,Keep the first occurrence as canonical; the other 1 are byte-equal after normalisation and carry no unique data. Record all source rows in provenance.
35d4090986a41072,F034,bis_gazette_notification.csv,bis_gazette_notification,2,13; 912,1,"{""id"": ""12"", ""related_is"": ""is 8043"", ""title"": ""\u0939\u093e\u0907\u0921\u094d\u0930\u094b\u092b\u094b\u092c\u093f\u0915 \u092a\u094b\u0930\u094d\u091f\u0932\u0948\u0902\u0921 \u0938\u0940\u092e\u0947\u0902\u091f"", ""unnamed_3"": """"}",ROW_LEVEL_EXACT_DUPLICATE_NORMALIZED,Keep the first occurrence as canonical; the other 1 are byte-equal after normalisation and carry no unique data. Record all source rows in provenance.
6f29272e4e352f2c,F034,bis_gazette_notification.csv,bis_gazette_notification,2,14; 913,1,"{""id"": ""13"", ""related_is"": ""is 8229"", ""title"": ""\u0924\u0947\u0932 \u0915\u0941\u0906\u0901 \u0938\u0940\u092e\u0947\u0902\u091f"", ""unnamed_3"": """"}",ROW_LEVEL_EXACT_DUPLICATE_NORMALIZED,Keep the first occurrence as canonical; the other 1 are byte-equal after normalisation and carry no unique data. Record all source rows in provenance.
175d98b81e7a8eeb,F034,bis_gazette_notification.csv,bis_gazette_notification,2,15; 914,1,"{""id"": ""14"", ""related_is"": ""is 16415 : 2015"", ""title"": ""\u0938\u0902\u092f\u0941\u0915\u094d\u0924 \u0938\u0940\u092e\u0947\u0902\u091f \u2013 \u0935\u093f\u0928\u093f\u0930\u094d\u0926\u0947\u0936"", ""unnamed_3"": """"}",ROW_LEVEL_EXACT_DUPLICATE_NORMALIZED,Keep the first occurrence as canonical; the other 1 are byte-equal after normalisation and carry no unique data. Record all source rows in provenance.
236f4590fdc8383d,F034,bis_gazette_notification.csv,bis_gazette_notification,2,16; 915,1,"{""id"": ""15"", ""related_is"": ""is 16993 : 2018"", ""title"": ""\u092e\u093e\u0907\u0915\u094d\u0930\u094b\u092b\u093e\u0907\u0928 \u0938\u093e\u0927\u093e\u0930\u0923 \u092a\u094b\u0930\u094d\u091f\u0932\u0948\u0902\u0921 \u0938\u0940\u092e\u0947\u0902\u091f \u2013 \u0935\u093f\u0928\u093f\u0930\u094d\u0926\u0947\u0936"", ""unnamed_3"": """"}",ROW_LEVEL_EXACT_DUPLICATE_NORMALIZED,Keep the first occurrence as canonical; the other 1 are byte-equal after normalisation and carry no unique data. Record all source rows in provenance.
15a37df3218e28bf,F034,bis_gazette_notification.csv,bis_gazette_notification,2,17; 916,1,"{""id"": ""16"", ""related_is"": ""is 15895 : 2018"", ""title"": ""\u0909\u091a\u094d\u091a \u090f\u0932\u094d\u092f\u0941\u092e\u093f\u0928\u093e \u0905\u092a\u0935\u0930\u094d\u0924\u0915 \u0938\u0940\u092e\u0947\u0902\u091f"", ""unnamed_3"": """"}",ROW_LEVEL_EXACT_DUPLICATE_NORMALIZED,Keep the first occurrence as canonical; the other 1 are byte-equal after normalisation and carry no unique data. Record all source rows in provenance.
ab123419e01c486b,F034,bis_gazette_notification.csv,bis_gazette_notification,2,18; 917,1,"{""id"": ""\u0918\u0930\u0947\u0932\u0942 \u0935\u093f\u0926\u094d\u092f\u0941\u0924 \u0909\u092a\u0915\u0930\u0923"", ""related_is"": """", ""title"": """", ""unnamed_3"": """"}",ROW_LEVEL_EXACT_DUPLICATE_NORMALIZED,Keep the first occurrence as canonical; the other 1 are byte-equal after normalisation and carry no unique data. Record all source rows in provenance.
4540709677311c10,F034,bis_gazette_notification.csv,bis_gazette_notification,2,19; 918,1,"{""id"": ""17"", ""related_is"": ""is 12640 (\u092d\u093e\u0917 1)"", ""title"": ""\u0905\u0935\u0936\u093f\u0937\u094d\u091f \u0927\u093e\u0930\u093e \u0938\u0902\u091a\u093e\u0932\u093f\u0924 \u0938\u0930\u094d\u0915\u093f\u091f \u092c\u094d\u0930\u0947\u0915\u0930 (\u0918\u0930\u0947\u0932\u0942 \u090f\u0935\u0902 \u0938\u092e\u093e\u0928 \u0909\u092a\u092f\u094b\u0917 \u0939\u0947\u0924\u0941) \u2013 \u0",ROW_LEVEL_EXACT_DUPLICATE_NORMALIZED,Keep the first occurrence as canonical; the other 1 are byte-equal after normalisation and carry no unique data. Record all source rows in provenance.
b27c3fb4980fdde6,F034,bis_gazette_notification.csv,bis_gazette_notification,2,20; 919,1,"{""id"": ""18"", ""related_is"": ""is 12640 (\u092d\u093e\u0917 2)"", ""title"": ""\u0905\u0935\u0936\u093f\u0937\u094d\u091f \u0927\u093e\u0930\u093e \u0938\u0902\u091a\u093e\u0932\u093f\u0924 \u0938\u0930\u094d\u0915\u093f\u091f \u092c\u094d\u0930\u0947\u0915\u0930 \u2013 \u092d\u093e\u0917 2 : \u0905\u0902\u0924\u0930\u094d\u0928\u093f\u0939\u093f\u0924 \u0913\u0935\u0930\u0915\u0930\u0902\u091f \u0938\u0",ROW_LEVEL_EXACT_DUPLICATE_NORMALIZED,Keep the first occurrence as canonical; the other 1 are byte-equal after normalisation and carry no unique data. Record all source rows in provenance.
eabfc45c6f2cdbbd,F034,bis_gazette_notification.csv,bis_gazette_notification,2,21; 920,1,"{""id"": ""19"", ""related_is"": ""is 13010"", ""title"": ""\u090f\u0938\u0940 \u0935\u093e\u091f-\u0906\u0935\u0930 \u092e\u0940\u091f\u0930, \u0935\u0930\u094d\u0917 0.5, 1 \u090f\u0935\u0902 2"", ""unnamed_3"": """"}",ROW_LEVEL_EXACT_DUPLICATE_NORMALIZED,Keep the first occurrence as canonical; the other 1 are byte-equal after normalisation and carry no unique data. Record all source rows in provenance.
23eb7068170f1ac9,F034,bis_gazette_notification.csv,bis_gazette_notification,2,22; 921,1,"{""id"": ""20"", ""related_is"": ""is 13779"", ""title"": ""\u090f\u0938\u0940 \u0938\u094d\u0925\u0948\u0924\u093f\u0915 \u0935\u093e\u091f-\u0906\u0935\u0930 \u092e\u0940\u091f\u0930, \u0935\u0930\u094d\u0917 1 \u090f\u0935\u0902 2"", ""unnamed_3"": """"}",ROW_LEVEL_EXACT_DUPLICATE_NORMALIZED,Keep the first occurrence as canonical; the other 1 are byte-equal after normalisation and carry no unique data. Record all source rows in provenance.
aaa88c5d6e9cfdae,F034,bis_gazette_notification.csv,bis_gazette_notification,2,23; 922,1,"{""id"": ""21"", ""related_is"": ""is 14697"", ""title"": ""\u090f\u0938\u0940 \u0938\u094d\u0925\u0948\u0924\u093f\u0915 \u091f\u094d\u0930\u093e\u0902\u0938\u092b\u0949\u0930\u094d\u092e\u0930 \u0938\u0902\u091a\u093e\u0932\u093f\u0924 \u0935\u093e\u091f-\u0906\u0935\u0930 \u090f\u0935\u0902 var-\u0906\u0935\u0930 \u092e\u0940\u091f\u0930, \u0935\u0930\u094d\u0917 0.2s \u090f\u0935\u0902 0.5s"", ""unnamed_3""",ROW_LEVEL_EXACT_DUPLICATE_NORMALIZED,Keep the first occurrence as canonical; the other 1 are byte-equal after normalisation and carry no unique data. Record all source rows in provenance.
1051ef62a1577a88,F034,bis_gazette_notification.csv,bis_gazette_notification,2,24; 923,1,"{""id"": ""22"", ""related_is"": ""is 15111 (\u092d\u093e\u0917 1 \u090f\u0935\u0902 2)"", ""title"": ""\u0938\u093e\u092e\u093e\u0928\u094d\u092f \u092a\u094d\u0930\u0915\u093e\u0936 \u0938\u0947\u0935\u093e \u0939\u0947\u0924\u0941 \u0938\u094d\u0935-\u092c\u0948\u0932\u093e\u0938\u094d\u091f\u0947\u0921 \u0932\u0948\u092e\u094d\u092a \u2013 \u092d\u093e\u0917 1 : \u0938\u0941\u0930\u0915\u094d\u0937\u093e",ROW_LEVEL_EXACT_DUPLICATE_NORMALIZED,Keep the first occurrence as canonical; the other 1 are byte-equal after normalisation and carry no unique data. Record all source rows in provenance.
a89d1eb2427fb8e9,F034,bis_gazette_notification.csv,bis_gazette_notification,2,25; 924,1,"{""id"": ""23"", ""related_is"": ""is 302 (\u092d\u093e\u0917 2/\u0905\u0928\u0941\u092d\u093e\u0917 3)"", ""title"": ""\u0918\u0930\u0947\u0932\u0942 \u090f\u0935\u0902 \u0938\u092e\u093e\u0928 \u0935\u093f\u0926\u094d\u092f\u0941\u0924 \u0909\u092a\u0915\u0930\u0923\u094b\u0902 \u0915\u0940 \u0938\u0941\u0930\u0915\u094d\u0937\u093e \u2013 \u0935\u093f\u0926\u094d\u092f\u0941\u0924 \u0907\u0938\u094d\u0924",ROW_LEVEL_EXACT_DUPLICATE_NORMALIZED,Keep the first occurrence as canonical; the other 1 are byte-equal after normalisation and carry no unique data. Record all source rows in provenance.
0ae07ac35eaa85b2,F034,bis_gazette_notification.csv,bis_gazette_notification,2,26; 925,1,"{""id"": ""24"", ""related_is"": ""is 302 (\u092d\u093e\u0917 2/\u0905\u0928\u0941\u092d\u093e\u0917 201)"", ""title"": ""\u0918\u0930\u0947\u0932\u0942 \u090f\u0935\u0902 \u0938\u092e\u093e\u0928 \u0935\u093f\u0926\u094d\u092f\u0941\u0924 \u0909\u092a\u0915\u0930\u0923\u094b\u0902 \u0915\u0940 \u0938\u0941\u0930\u0915\u094d\u0937\u093e \u2013 \u0935\u093f\u0926\u094d\u092f\u0941\u0924 \u0907\u092e\u0930\u09",ROW_LEVEL_EXACT_DUPLICATE_NORMALIZED,Keep the first occurrence as canonical; the other 1 are byte-equal after normalisation and carry no unique data. Record all source rows in provenance.
5fe8f352f5770303,F034,bis_gazette_notification.csv,bis_gazette_notification,2,27; 926,1,"{""id"": ""25"", ""related_is"": ""is 302 (\u092d\u093e\u0917 2/\u0905\u0928\u0941\u092d\u093e\u0917 202)"", ""title"": ""\u0918\u0930\u0947\u0932\u0942 \u090f\u0935\u0902 \u0938\u092e\u093e\u0928 \u0935\u093f\u0926\u094d\u092f\u0941\u0924 \u0909\u092a\u0915\u0930\u0923\u094b\u0902 \u0915\u0940 \u0938\u0941\u0930\u0915\u094d\u0937\u093e \u2013 \u0935\u093f\u0926\u094d\u092f\u0941\u0924 \u0938\u094d\u091f\u09",ROW_LEVEL_EXACT_DUPLICATE_NORMALIZED,Keep the first occurrence as canonical; the other 1 are byte-equal after normalisation and carry no unique data. Record all source rows in provenance.
b7384b59e6a63b4d,F034,bis_gazette_notification.csv,bis_gazette_notification,2,28; 927,1,"{""id"": ""26"", ""related_is"": ""is 302 (\u092d\u093e\u0917 2/\u0905\u0928\u0941\u092d\u093e\u0917 30)"", ""title"": ""\u0918\u0930\u0947\u0932\u0942 \u090f\u0935\u0902 \u0938\u092e\u093e\u0928 \u0935\u093f\u0926\u094d\u092f\u0941\u0924 \u0909\u092a\u0915\u0930\u0923\u094b\u0902 \u0915\u0940 \u0938\u0941\u0930\u0915\u094d\u0937\u093e \u2013 \u0915\u092e\u0930\u0947 \u0915\u0947 \u0939\u0940\u091f\u0930"", """,ROW_LEVEL_EXACT_DUPLICATE_NORMALIZED,Keep the first occurrence as canonical; the other 1 are byte-equal after normalisation and carry no unique data. Record all source rows in provenance.
3ac26bb8d662cc0c,F034,bis_gazette_notification.csv,bis_gazette_notification,2,29; 928,1,"{""id"": ""27"", ""related_is"": ""is 3854"", ""title"": ""\u0918\u0930\u0947\u0932\u0942 \u090f\u0935\u0902 \u0938\u092e\u093e\u0928 \u092a\u094d\u0930\u092f\u094b\u091c\u0928\u094b\u0902 \u0939\u0947\u0924\u0941 \u0938\u094d\u0935\u093f\u091a"", ""unnamed_3"": """"}",ROW_LEVEL_EXACT_DUPLICATE_NORMALIZED,Keep the first occurrence as canonical; the other 1 are byte-equal after normalisation and carry no unique data. Record all source rows in provenance.
67e916869cb54bff,F034,bis_gazette_notification.csv,bis_gazette_notification,2,30; 929,1,"{""id"": ""28"", ""related_is"": ""is 418"", ""title"": ""\u091f\u0902\u0917\u094d\u0938\u094d\u091f\u0928 \u092b\u093f\u0932\u093e\u092e\u0947\u0902\u091f \u0938\u093e\u092e\u093e\u0928\u094d\u092f \u0938\u0947\u0935\u093e \u0935\u093f\u0926\u094d\u092f\u0941\u0924 \u0932\u0948\u092e\u094d\u092a (100 \u0935\u093e\u091f \u0924\u0915)"", ""unnamed_3"": """"}",ROW_LEVEL_EXACT_DUPLICATE_NORMALIZED,Keep the first occurrence as canonical; the other 1 are byte-equal after normalisation and carry no unique data. Record all source rows in provenance.
cd01d472b536cdb6,F034,bis_gazette_notification.csv,bis_gazette_notification,2,31; 930,1,"{""id"": ""29"", ""related_is"": ""is 694"", ""title"": ""1100 \u0935\u094b\u0932\u094d\u091f \u0924\u0915 \u090f\u0935\u0902 \u0938\u092e\u094d\u092e\u093f\u0932\u093f\u0924 \u0915\u093e\u0930\u094d\u092f \u0935\u094b\u0932\u094d\u091f\u0947\u091c \u0939\u0947\u0924\u0941 \u092a\u0940\u0935\u0940\u0938\u0940 \u0907\u0928\u094d\u0938\u0941\u0932\u0947\u091f\u0947\u0921 \u0915\u0947\u092c\u0932"", ""unnamed_3"":",ROW_LEVEL_EXACT_DUPLICATE_NORMALIZED,Keep the first occurrence as canonical; the other 1 are byte-equal after normalisation and carry no unique data. Record all source rows in provenance.
cfbf0a294f4bdba0,F034,bis_gazette_notification.csv,bis_gazette_notification,2,32; 931,1,"{""id"": ""30"", ""related_is"": ""is 8828 *"", ""title"": ""\u0935\u093f\u0926\u094d\u092f\u0941\u0924 \u0938\u0939\u093e\u092f\u0915 \u0909\u092a\u0915\u0930\u0923 \u2013 \u0918\u0930\u0947\u0932\u0942 \u090f\u0935\u0902 \u0938\u092e\u093e\u0928 \u092a\u094d\u0930\u0924\u093f\u0937\u094d\u0920\u093e\u0928\u094b\u0902 \u092e\u0947\u0902 \u0913\u0935\u0930\u0915\u0930\u0902\u091f \u0938\u0941\u0930\u0915\u09",ROW_LEVEL_EXACT_DUPLICATE_NORMALIZED,Keep the first occurrence as canonical; the other 1 are byte-equal after normalisation and carry no unique data. Record all source rows in provenance.
40af7660be0a576c,F034,bis_gazette_notification.csv,bis_gazette_notification,2,33; 932,1,"{""id"": ""31"", ""related_is"": ""is 9968 (\u092d\u093e\u0917 1)"", ""title"": ""\u0907\u0932\u093e\u0938\u094d\u091f\u094b\u092e\u0930 \u0907\u0928\u094d\u0938\u0941\u0932\u0947\u091f\u0947\u0921 \u0915\u0947\u092c\u0932 (\u092d\u093e\u0917 1): 1100 \u0935\u094b\u0932\u094d\u091f \u0924\u0915 \u090f\u0935\u0902 \u0938\u092e\u094d\u092e\u093f\u0932\u093f\u0924 \u0915\u093e\u0930\u094d\u092f \u0935\u094b\u09",ROW_LEVEL_EXACT_DUPLICATE_NORMALIZED,Keep the first occurrence as canonical; the other 1 are byte-equal after normalisation and carry no unique data. Record all source rows in provenance.
16bbeca78bb3c13e,F034,bis_gazette_notification.csv,bis_gazette_notification,2,34; 933,1,"{""id"": ""* \u0938\u0902\u0936\u094b\u0927\u093f\u0924 \u0939\u094b\u0915\u0930 is/iec 60898 \u0915\u0947 \u0930\u0942\u092a \u092e\u0947\u0902 \u0932\u093e\u0917\u0942"", ""related_is"": """", ""title"": """", ""unnamed_3"": """"}",ROW_LEVEL_EXACT_DUPLICATE_NORMALIZED,Keep the first occurrence as canonical; the other 1 are byte-equal after normalisation and carry no unique data. Record all source rows in provenance.
277a381a712b0aac,F034,bis_gazette_notification.csv,bis_gazette_notification,2,35; 934,1,"{""id"": ""\u092c\u0948\u091f\u0930\u093f\u092f\u093e\u0901"", ""related_is"": """", ""title"": """", ""unnamed_3"": """"}",ROW_LEVEL_EXACT_DUPLICATE_NORMALIZED,Keep the first occurrence as canonical; the other 1 are byte-equal after normalisation and carry no unique data. Record all source rows in provenance.
32c370e26e87769b,F034,bis_gazette_notification.csv,bis_gazette_notification,2,36; 935,1,"{""id"": ""32"", ""related_is"": ""is 8144"", ""title"": ""\u092c\u0939\u0941\u0909\u0926\u094d\u0926\u0947\u0936\u0940\u092f \u0936\u0941\u0937\u094d\u0915 \u092c\u0948\u091f\u0930\u093f\u092f\u093e\u0901"", ""unnamed_3"": ""3. \u090f\u0938.\u0913. 516(e), \u0926\u093f\u0928\u093e\u0902\u0915 25 \u092e\u0908 1987""}",ROW_LEVEL_EXACT_DUPLICATE_NORMALIZED,Keep the first occurrence as canonical; the other 1 are byte-equal after normalisation and carry no unique data. Record all source rows in provenance.
d612627b4a2dbe08,F034,bis_gazette_notification.csv,bis_gazette_notification,2,37; 936,1,"{""id"": ""\u0916\u093e\u0926\u094d\u092f \u090f\u0935\u0902 \u0938\u0902\u092c\u0902\u0927\u093f\u0924 \u0909\u0924\u094d\u092a\u093e\u0926 \u0905\u0928\u093f\u0935\u093e\u0930\u094d\u092f bis \u092a\u094d\u0930\u092e\u093e\u0923\u0928 \u0938\u0947 \u0935\u093f\u092e\u0941\u0915\u094d\u0924"", ""related_is"": """", ""title"": """", ""unnamed_3"": """"}",ROW_LEVEL_EXACT_DUPLICATE_NORMALIZED,Keep the first occurrence as canonical; the other 1 are byte-equal after normalisation and carry no unique data. Record all source rows in provenance.
e055eac3ed4b4637,F034,bis_gazette_notification.csv,bis_gazette_notification,2,38; 937,1,"{""id"": """", ""related_is"": ""is 15757"", ""title"": ""\u092b\u0949\u0932\u094b-\u0905\u092a \u092b\u0949\u0930\u094d\u092e\u0942\u0932\u093e \u2013 \u0905\u0928\u0941\u092a\u0942\u0930\u0915 \u0906\u0939\u093e\u0930 \u0905\u0928\u093f\u0935\u093e\u0930\u094d\u092f bis \u092a\u094d\u0930\u092e\u093e\u0923\u0928 \u0938\u0947 \u0935\u093f\u092e\u0941\u0915\u094d\u0924"", ""unnamed_3"": ""\u0916\u093e\u0926\u094",ROW_LEVEL_EXACT_DUPLICATE_NORMALIZED,Keep the first occurrence as canonical; the other 1 are byte-equal after normalisation and carry no unique data. Record all source rows in provenance.
f274e7ac91cae9de,F034,bis_gazette_notification.csv,bis_gazette_notification,2,39; 938,1,"{""id"": """", ""related_is"": ""is 11536"", ""title"": ""\u092a\u094d\u0930\u0938\u0902\u0938\u094d\u0915\u0943\u0924 \u0905\u0928\u093e\u091c \u0906\u0927\u093e\u0930\u093f\u0924 \u0905\u0928\u0941\u092a\u0942\u0930\u0915 \u0916\u093e\u0926\u094d\u092f \u0905\u0928\u093f\u0935\u093e\u0930\u094d\u092f bis \u092a\u094d\u0930\u092e\u093e\u0923\u0928 \u0938\u0947 \u0935\u093f\u092e\u0941\u0915\u094d\u0924"", ""u",ROW_LEVEL_EXACT_DUPLICATE_NORMALIZED,Keep the first occurrence as canonical; the other 1 are byte-equal after normalisation and carry no unique data. Record all source rows in provenance.
17a4cd7c3c2fec05,F034,bis_gazette_notification.csv,bis_gazette_notification,2,40; 939,1,"{""id"": """", ""related_is"": ""is 1165"", ""title"": ""\u0926\u0942\u0927 \u092a\u093e\u0909\u0921\u0930 \u0905\u0928\u093f\u0935\u093e\u0930\u094d\u092f bis \u092a\u094d\u0930\u092e\u093e\u0923\u0928 \u0938\u0947 \u0935\u093f\u092e\u0941\u0915\u094d\u0924"", ""unnamed_3"": """"}",ROW_LEVEL_EXACT_DUPLICATE_NORMALIZED,Keep the first occurrence as canonical; the other 1 are byte-equal after normalisation and carry no unique data. Record all source rows in provenance.
e8dc3aa9e3d530a1,F034,bis_gazette_notification.csv,bis_gazette_notification,2,41; 940,1,"{""id"": """", ""related_is"": ""is 1166"", ""title"": ""\u0938\u0902\u0918\u0928\u093f\u0924 \u0926\u0942\u0927, \u0906\u0902\u0936\u093f\u0915 \u0938\u094d\u0915\u093f\u092e\u094d\u0921 \u090f\u0935\u0902 \u0938\u094d\u0915\u093f\u092e\u094d\u0921 \u0938\u0902\u0918\u0928\u093f\u0924 \u0926\u0942\u0927 \u0905\u0928\u093f\u0935\u093e\u0930\u094d\u092f bis \u092a\u094d\u0930\u092e\u093e\u0923\u0928 \u0938\u0",ROW_LEVEL_EXACT_DUPLICATE_NORMALIZED,Keep the first occurrence as canonical; the other 1 are byte-equal after normalisation and carry no unique data. Record all source rows in provenance.
847e80537b151666,F034,bis_gazette_notification.csv,bis_gazette_notification,2,42; 941,1,"{""id"": """", ""related_is"": ""is 12176"", ""title"": ""\u092e\u0940\u0920\u093e \u0905\u0932\u094d\u091f\u094d\u0930\u093e \u0939\u093e\u0908 \u091f\u0947\u092e\u094d\u092a\u0930\u0947\u091a\u0930 \u0909\u092a\u091a\u093e\u0930\u093f\u0924 \u0938\u0902\u0918\u0928\u093f\u0924 \u0926\u0942\u0927 \u0905\u0928\u093f\u0935\u093e\u0930\u094d\u092f bis \u092a\u094d\u0930\u092e\u093e\u0923\u0928 \u0938\u0947 \u0",ROW_LEVEL_EXACT_DUPLICATE_NORMALIZED,Keep the first occurrence as canonical; the other 1 are byte-equal after normalisation and carry no unique data. Record all source rows in provenance.
4403dd9c974257f2,F034,bis_gazette_notification.csv,bis_gazette_notification,2,43; 942,1,"{""id"": ""\u092b\u0940\u0921\u093f\u0902\u0917 \u092c\u094b\u0924\u0932\u0947\u0902"", ""related_is"": """", ""title"": """", ""unnamed_3"": """"}",ROW_LEVEL_EXACT_DUPLICATE_NORMALIZED,Keep the first occurrence as canonical; the other 1 are byte-equal after normalisation and carry no unique data. Record all source rows in provenance.
613b089ba36c532a,F034,bis_gazette_notification.csv,bis_gazette_notification,2,44; 943,1,"{""id"": ""33"", ""related_is"": ""is 14625"", ""title"": ""\u092a\u094d\u0932\u093e\u0938\u094d\u091f\u093f\u0915 \u092b\u0940\u0921\u093f\u0902\u0917 \u092c\u094b\u0924\u0932\u0947\u0902"", ""unnamed_3"": ""4. \u0936\u093f\u0936\u0941 \u0926\u0942\u0927 \u0935\u093f\u0915\u0932\u094d\u092a, \u092b\u0940\u0921\u093f\u0902\u0917 \u092c\u094b\u0924\u0932\u0947\u0902 \u090f\u0935\u0902 \u0936\u093f\u0936\u0941 \u0",ROW_LEVEL_EXACT_DUPLICATE_NORMALIZED,Keep the first occurrence as canonical; the other 1 are byte-equal after normalisation and carry no unique data. Record all source rows in provenance.
745fc4efccf754fb,F034,bis_gazette_notification.csv,bis_gazette_notification,2,45; 944,1,"{""id"": ""34"", ""related_is"": ""is 5168"", ""title"": ""\u0915\u093e\u0901\u091a \u0915\u0940 \u092b\u0940\u0921\u093f\u0902\u0917 \u092c\u094b\u0924\u0932\u0947\u0902"", ""unnamed_3"": """"}",ROW_LEVEL_EXACT_DUPLICATE_NORMALIZED,Keep the first occurrence as canonical; the other 1 are byte-equal after normalisation and carry no unique data. Record all source rows in provenance.
8334f42f4baaec47,F034,bis_gazette_notification.csv,bis_gazette_notification,2,46; 945,1,"{""id"": ""\u0924\u0947\u0932 \u0926\u093e\u092c \u0938\u094d\u091f\u094b\u0935"", ""related_is"": """", ""title"": """", ""unnamed_3"": """"}",ROW_LEVEL_EXACT_DUPLICATE_NORMALIZED,Keep the first occurrence as canonical; the other 1 are byte-equal after normalisation and carry no unique data. Record all source rows in provenance.
5dbd190aed108dd4,F034,bis_gazette_notification.csv,bis_gazette_notification,2,47; 946,1,"{""id"": ""35"", ""related_is"": ""is 10109"", ""title"": ""\u0924\u0947\u0932 \u0926\u093e\u092c \u0938\u094d\u091f\u094b\u0935, \u0911\u092b\u0938\u0947\u091f \u092c\u0930\u094d\u0928\u0930 \u092a\u094d\u0930\u0915\u093e\u0930"", ""unnamed_3"": ""5. \u0924\u0947\u0932 \u0926\u093e\u092c \u0938\u094d\u091f\u094b\u0935 (\u0917\u0941\u0923\u0935\u0924\u094d\u0924\u093e \u0928\u093f\u092f\u0902\u0924\u094d\u0930\u",ROW_LEVEL_EXACT_DUPLICATE_NORMALIZED,Keep the first occurrence as canonical; the other 1 are byte-equal after normalisation and carry no unique data. Record all source rows in provenance.
2dac5e1ae33e9e55,F034,bis_gazette_notification.csv,bis_gazette_notification,2,48; 947,1,"{""id"": ""36"", ""related_is"": ""is 2787"", ""title"": ""\u092c\u0939\u0941-\u092c\u0930\u094d\u0928\u0930 \u0924\u0947\u0932 \u0926\u093e\u092c \u0938\u094d\u091f\u094b\u0935"", ""unnamed_3"": """"}",ROW_LEVEL_EXACT_DUPLICATE_NORMALIZED,Keep the first occurrence as canonical; the other 1 are byte-equal after normalisation and carry no unique data. Record all source rows in provenance.
83b4c051524425ff,F034,bis_gazette_notification.csv,bis_gazette_notification,2,49; 948,1,"{""id"": ""37"", ""related_is"": ""is 1342"", ""title"": ""\u0924\u0947\u0932 \u0926\u093e\u092c \u0938\u094d\u091f\u094b\u0935"", ""unnamed_3"": """"}",ROW_LEVEL_EXACT_DUPLICATE_NORMALIZED,Keep the first occurrence as canonical; the other 1 are byte-equal after normalisation and carry no unique data. Record all source rows in provenance.
f5485fa443cf29e6,F034,bis_gazette_notification.csv,bis_gazette_notification,2,50; 949,1,"{""id"": ""\u0911\u091f\u094b\u092e\u094b\u092c\u093e\u0907\u0932 \u0938\u0939\u093e\u092f\u0915 \u0909\u092a\u0915\u0930\u0923"", ""related_is"": """", ""title"": """", ""unnamed_3"": """"}",ROW_LEVEL_EXACT_DUPLICATE_NORMALIZED,Keep the first occurrence as canonical; the other 1 are byte-equal after normalisation and carry no unique data. Record all source rows in provenance.
5933e0a0192ced61,F034,bis_gazette_notification.csv,bis_gazette_notification,2,51; 950,1,"{""id"": ""38"", ""related_is"": ""is 13098"", ""title"": ""\u092e\u094b\u091f\u0930 \u0935\u093e\u0939\u0928 \u2013 \u0928\u094d\u092f\u0942\u092e\u0948\u091f\u093f\u0915 \u091f\u093e\u092f\u0930\u094b\u0902 \u0915\u0947 \u0932\u093f\u090f \u091f\u094d\u092f\u0942\u092c"", ""unnamed_3"": ""6. \u092e\u094b\u091f\u0930 \u0935\u093e\u0939\u0928\u094b\u0902 \u0915\u0947 \u0932\u093f\u090f \u0928\u094d\u092f\u0942\u",ROW_LEVEL_EXACT_DUPLICATE_NORMALIZED,Keep the first occurrence as canonical; the other 1 are byte-equal after normalisation and carry no unique data. Record all source rows in provenance.
be734a273f5471f3,F034,bis_gazette_notification.csv,bis_gazette_notification,2,52; 951,1,"{""id"": ""39"", ""related_is"": ""is 15627"", ""title"": ""\u092e\u094b\u091f\u0930 \u0935\u093e\u0939\u0928 \u2013 \u0926\u094b \u090f\u0935\u0902 \u0924\u0940\u0928 \u092a\u0939\u093f\u092f\u093e \u092e\u094b\u091f\u0930 \u0935\u093e\u0939\u0928\u094b\u0902 \u0915\u0947 \u0932\u093f\u090f \u0928\u094d\u092f\u0942\u092e\u0948\u091f\u093f\u0915 \u091f\u093e\u092f\u0930"", ""unnamed_3"": """"}",ROW_LEVEL_EXACT_DUPLICATE_NORMALIZED,Keep the first occurrence as canonical; the other 1 are byte-equal after normalisation and carry no unique data. Record all source rows in provenance.
6bd0cf33ce392cb2,F034,bis_gazette_notification.csv,bis_gazette_notification,2,53; 952,1,"{""id"": ""40"", ""related_is"": ""is 15633"", ""title"": ""\u092e\u094b\u091f\u0930 \u0935\u093e\u0939\u0928 \u2013 \u092f\u093e\u0924\u094d\u0930\u0940 \u0915\u093e\u0930\u094b\u0902 \u0915\u0947 \u0932\u093f\u090f \u0928\u094d\u092f\u0942\u092e\u0948\u091f\u093f\u0915 \u091f\u093e\u092f\u0930 \u2013 \u0921\u093e\u092f\u0917\u094b\u0928\u0932 \u090f\u0935\u0902 \u0930\u0947\u0921\u093f\u092f\u0932 \u092a\u",ROW_LEVEL_EXACT_DUPLICATE_NORMALIZED,Keep the first occurrence as canonical; the other 1 are byte-equal after normalisation and carry no unique data. Record all source rows in provenance.
dda018e20b7c89b0,F034,bis_gazette_notification.csv,bis_gazette_notification,2,54; 953,1,"{""id"": ""41"", ""related_is"": ""is 15636"", ""title"": ""\u092e\u094b\u091f\u0930 \u0935\u093e\u0939\u0928 \u2013 \u0935\u093e\u0923\u093f\u091c\u094d\u092f\u093f\u0915 \u0935\u093e\u0939\u0928\u094b\u0902 \u0915\u0947 \u0932\u093f\u090f \u0928\u094d\u092f\u0942\u092e\u0948\u091f\u093f\u0915 \u091f\u093e\u092f\u0930 \u2013 \u0921\u093e\u092f\u0917\u094b\u0928\u0932 \u090f\u0935\u0902 \u0930\u0947\u0921\u0",ROW_LEVEL_EXACT_DUPLICATE_NORMALIZED,Keep the first occurrence as canonical; the other 1 are byte-equal after normalisation and carry no unique data. Record all source rows in provenance.
7463b98b66a86593,F034,bis_gazette_notification.csv,bis_gazette_notification,2,55; 954,1,"{""id"": ""\u0938\u093f\u0932\u0947\u0902\u0921\u0930, \u0935\u093e\u0932\u094d\u0935 \u090f\u0935\u0902 \u0930\u0947\u0917\u0941\u0932\u0947\u091f\u0930"", ""related_is"": """", ""title"": """", ""unnamed_3"": """"}",ROW_LEVEL_EXACT_DUPLICATE_NORMALIZED,Keep the first occurrence as canonical; the other 1 are byte-equal after normalisation and carry no unique data. Record all source rows in provenance.
b93737d957d995da,F034,bis_gazette_notification.csv,bis_gazette_notification,2,56; 955,1,"{""id"": ""42"", ""related_is"": ""is 14899"", ""title"": ""\u0911\u091f\u094b\u092e\u094b\u092c\u093e\u0907\u0932 \u0909\u092a\u092f\u094b\u0917 \u0939\u0947\u0924\u0941 \u0926\u094d\u0930\u0935\u0940\u0915\u0943\u0924 \u092a\u0947\u091f\u094d\u0930\u094b\u0932\u093f\u092f\u092e \u0917\u0948\u0938 (\u090f\u0932\u092a\u0940\u091c\u0940) \u0915\u0902\u091f\u0947\u0928\u0930"", ""unnamed_3"": ""7. \u0935\u093f\u09",ROW_LEVEL_EXACT_DUPLICATE_NORMALIZED,Keep the first occurrence as canonical; the other 1 are byte-equal after normalisation and carry no unique data. Record all source rows in provenance.
526ea9cfcfb033db,F034,bis_gazette_notification.csv,bis_gazette_notification,2,57; 956,1,"{""id"": ""43"", ""related_is"": ""is 15100"", ""title"": ""\u0911\u091f\u094b\u092e\u094b\u092c\u093e\u0907\u0932 \u0909\u092a\u092f\u094b\u0917 \u0939\u0947\u0924\u0941 \u0938\u094d\u0925\u093e\u092f\u0940 \u0930\u0942\u092a \u0938\u0947 \u0938\u094d\u0925\u093e\u092a\u093f\u0924 \u090f\u0932\u092a\u0940\u091c\u0940 \u0915\u0902\u091f\u0947\u0928\u0930\u094b\u0902 \u0915\u0947 \u0932\u093f\u090f \u092c\u09",ROW_LEVEL_EXACT_DUPLICATE_NORMALIZED,Keep the first occurrence as canonical; the other 1 are byte-equal after normalisation and carry no unique data. Record all source rows in provenance.
03317e4f51938f46,F034,bis_gazette_notification.csv,bis_gazette_notification,2,58; 957,1,"{""id"": ""44"", ""related_is"": ""is 3196 (\u092d\u093e\u0917 4)"", ""title"": ""5 \u0932\u0940\u091f\u0930 \u0938\u0947 \u0905\u0927\u093f\u0915 \u091c\u0932 \u0915\u094d\u0937\u092e\u0924\u093e \u0935\u093e\u0932\u0947 \u0928\u093f\u092e\u094d\u0928 \u0926\u093e\u092c \u0926\u094d\u0930\u0935\u0940\u0915\u0930\u0923\u0940\u092f \u0917\u0948\u0938\u094b\u0902 \u0939\u0947\u0924\u0941 \u0935\u0947\u0932\u09",ROW_LEVEL_EXACT_DUPLICATE_NORMALIZED,Keep the first occurrence as canonical; the other 1 are byte-equal after normalisation and carry no unique data. Record all source rows in provenance.
e8660bc1194602fe,F034,bis_gazette_notification.csv,bis_gazette_notification,2,59; 958,1,"{""id"": ""45"", ""related_is"": ""is 3196 (\u092d\u093e\u0917 1)"", ""title"": ""5 \u0932\u0940\u091f\u0930 \u0938\u0947 \u0905\u0927\u093f\u0915 \u091c\u0932 \u0915\u094d\u0937\u092e\u0924\u093e \u0935\u093e\u0932\u0947 \u0928\u093f\u092e\u094d\u0928 \u0926\u093e\u092c \u0926\u094d\u0930\u0935\u0940\u0915\u0930\u0923\u0940\u092f \u0917\u0948\u0938\u094b\u0902 \u0939\u0947\u0924\u0941 \u0935\u0947\u0932\u09",ROW_LEVEL_EXACT_DUPLICATE_NORMALIZED,Keep the first occurrence as canonical; the other 1 are byte-equal after normalisation and carry no unique data. Record all source rows in provenance.
958a3811c0c1e192,F034,bis_gazette_notification.csv,bis_gazette_notification,2,60; 959,1,"{""id"": ""46"", ""related_is"": ""is 3196 (\u092d\u093e\u0917 2)"", ""title"": ""5 \u0932\u0940\u091f\u0930 \u0938\u0947 \u0905\u0927\u093f\u0915 \u091c\u0932 \u0915\u094d\u0937\u092e\u0924\u093e \u0935\u093e\u0932\u0947 \u0928\u093f\u092e\u094d\u0928 \u0926\u093e\u092c \u0926\u094d\u0930\u0935\u0940\u0915\u0930\u0923\u0940\u092f \u0917\u0948\u0938\u094b\u0902 \u0939\u0947\u0924\u0941 \u0935\u0947\u0932\u09",ROW_LEVEL_EXACT_DUPLICATE_NORMALIZED,Keep the first occurrence as canonical; the other 1 are byte-equal after normalisation and carry no unique data. Record all source rows in provenance.
6152d776f1736357,F034,bis_gazette_notification.csv,bis_gazette_notification,2,61; 960,1,"{""id"": ""47"", ""related_is"": ""is 3224"", ""title"": ""\u090f\u0932\u092a\u0940\u091c\u0940 \u0938\u093f\u0932\u0947\u0902\u0921\u0930\u094b\u0902 \u0915\u094b \u091b\u094b\u0921\u093c\u0915\u0930 \u0938\u0902\u092a\u0940\u0921\u093c\u093f\u0924 \u0917\u0948\u0938 \u0938\u093f\u0932\u0947\u0902\u0921\u0930\u094b\u0902 \u0939\u0947\u0924\u0941 \u0935\u093e\u0932\u094d\u0935 \u092b\u093f\u091f\u093f\u0902\",ROW_LEVEL_EXACT_DUPLICATE_NORMALIZED,Keep the first occurrence as canonical; the other 1 are byte-equal after normalisation and carry no unique data. Record all source rows in provenance.
67e46e02e3c0166d,F034,bis_gazette_notification.csv,bis_gazette_notification,2,62; 961,1,"{""id"": ""48"", ""related_is"": ""is 3745"", ""title"": ""\u091b\u094b\u091f\u0947 \u091a\u093f\u0915\u093f\u0924\u094d\u0938\u093e \u0917\u0948\u0938 \u0938\u093f\u0932\u0947\u0902\u0921\u0930\u094b\u0902 \u0939\u0947\u0924\u0941 \u092f\u094b\u0915 \u092a\u094d\u0930\u0915\u093e\u0930 \u0935\u093e\u0932\u094d\u0935 \u0915\u0928\u0947\u0915\u094d\u0936\u0928"", ""unnamed_3"": """"}",ROW_LEVEL_EXACT_DUPLICATE_NORMALIZED,Keep the first occurrence as canonical; the other 1 are byte-equal after normalisation and carry no unique data. Record all source rows in provenance.
14bd2b3d6d7fb1d0,F034,bis_gazette_notification.csv,bis_gazette_notification,2,63; 962,1,"{""id"": ""49"", ""related_is"": ""is 7142"", ""title"": ""5 \u0932\u0940\u091f\u0930 \u0938\u0947 \u0905\u0927\u093f\u0915 \u091c\u0932 \u0915\u094d\u0937\u092e\u0924\u093e \u0928 \u0930\u0916\u0928\u0947 \u0935\u093e\u0932\u0947 \u0928\u093f\u092e\u094d\u0928 \u0926\u093e\u092c \u0926\u094d\u0930\u0935\u0940\u0915\u0930\u0923\u0940\u092f \u0917\u0948\u0938\u094b\u0902 \u0939\u0947\u0924\u0941 \u0935\u0947\",ROW_LEVEL_EXACT_DUPLICATE_NORMALIZED,Keep the first occurrence as canonical; the other 1 are byte-equal after normalisation and carry no unique data. Record all source rows in provenance.
7984f3d4861906da,F034,bis_gazette_notification.csv,bis_gazette_notification,2,64; 963,1,"{""id"": ""50"", ""related_is"": ""is 7285 (\u092d\u093e\u0917 1)"", ""title"": ""\u092a\u0941\u0928\u0903 \u092d\u0930\u0928\u0947 \u092f\u094b\u0917\u094d\u092f \u0938\u0940\u092e\u0932\u0947\u0938 \u0938\u094d\u091f\u0940\u0932 \u0917\u0948\u0938 \u0938\u093f\u0932\u0947\u0902\u0921\u0930 \u2013 \u092d\u093e\u0917 1 : \u0928\u0949\u0930\u094d\u092e\u0932\u093e\u0907\u091c\u094d\u0921 \u0938\u094d\u091f\u0",ROW_LEVEL_EXACT_DUPLICATE_NORMALIZED,Keep the first occurrence as canonical; the other 1 are byte-equal after normalisation and carry no unique data. Record all source rows in provenance.
82e41efc2aedc4da,F034,bis_gazette_notification.csv,bis_gazette_notification,2,65; 964,1,"{""id"": ""51"", ""related_is"": ""is 7285 (\u092d\u093e\u0917 2)"", ""title"": ""\u092a\u0941\u0928\u0903 \u092d\u0930\u0928\u0947 \u092f\u094b\u0917\u094d\u092f \u0938\u0940\u092e\u0932\u0947\u0938 \u0938\u094d\u091f\u0940\u0932 \u0917\u0948\u0938 \u0938\u093f\u0932\u0947\u0902\u0921\u0930 \u2013 \u092d\u093e\u0917 2 : \u0915\u094d\u0935\u0947\u0928\u094d\u091a\u094d\u0921 \u090f\u0935\u0902 \u091f\u0947\u",ROW_LEVEL_EXACT_DUPLICATE_NORMALIZED,Keep the first occurrence as canonical; the other 1 are byte-equal after normalisation and carry no unique data. Record all source rows in provenance.
093742848add8e92,F034,bis_gazette_notification.csv,bis_gazette_notification,2,66; 965,1,"{""id"": ""52"", ""related_is"": ""is 7302"", ""title"": ""\u0936\u094d\u0935\u0938\u0928 \u0909\u092a\u0915\u0930\u0923\u094b\u0902 \u0915\u0947 \u0909\u092a\u092f\u094b\u0917 \u0939\u0947\u0924\u0941 \u0917\u0948\u0938 \u0938\u093f\u0932\u0947\u0902\u0921\u0930 \u0935\u093e\u0932\u094d\u0935 \u092b\u093f\u091f\u093f\u0902\u0917\u094d\u0938"", ""unnamed_3"": """"}",ROW_LEVEL_EXACT_DUPLICATE_NORMALIZED,Keep the first occurrence as canonical; the other 1 are byte-equal after normalisation and carry no unique data. Record all source rows in provenance.
c0d27613126c13ee,F034,bis_gazette_notification.csv,bis_gazette_notification,2,67; 966,1,"{""id"": ""53"", ""related_is"": ""is 7312"", ""title"": ""\u0935\u0947\u0932\u094d\u0921\u0947\u0921 \u090f\u0935\u0902 \u0938\u0940\u092e\u0932\u0947\u0938 \u0938\u094d\u091f\u0940\u0932 \u0918\u0941\u0932\u093f\u0924 \u090f\u0938\u0940\u091f\u093f\u0932\u0940\u0928 \u0917\u0948\u0938 \u0938\u093f\u0932\u0947\u0902\u0921\u0930"", ""unnamed_3"": """"}",ROW_LEVEL_EXACT_DUPLICATE_NORMALIZED,Keep the first occurrence as canonical; the other 1 are byte-equal after normalisation and carry no unique data. Record all source rows in provenance.
4d57f4bfa0228b3e,F034,bis_gazette_notification.csv,bis_gazette_notification,2,68; 967,1,"{""id"": ""54"", ""related_is"": ""is 8737"", ""title"": ""5 \u0932\u0940\u091f\u0930 \u0938\u0947 \u0905\u0927\u093f\u0915 \u091c\u0932 \u0915\u094d\u0937\u092e\u0924\u093e \u0935\u093e\u0932\u0947 \u090f\u0932\u092a\u0940\u091c\u0940 \u0938\u093f\u0932\u0947\u0902\u0921\u0930\u094b\u0902 \u0939\u0947\u0924\u0941 \u0935\u093e\u0932\u094d\u0935 \u092b\u093f\u091f\u093f\u0902\u0917\u094d\u0938 \u2013 \u092d\u",ROW_LEVEL_EXACT_DUPLICATE_NORMALIZED,Keep the first occurrence as canonical; the other 1 are byte-equal after normalisation and carry no unique data. Record all source rows in provenance.
73cd4d11ea699e4b,F034,bis_gazette_notification.csv,bis_gazette_notification,2,69; 968,1,"{""id"": ""55"", ""related_is"": ""is 8776"", ""title"": ""5 \u0932\u0940\u091f\u0930 \u0924\u0915 \u090f\u0935\u0902 \u0938\u092e\u094d\u092e\u093f\u0932\u093f\u0924 \u091c\u0932 \u0915\u094d\u0937\u092e\u0924\u093e \u0935\u093e\u0932\u0947 \u090f\u0932\u092a\u0940\u091c\u0940 \u0938\u093f\u0932\u0947\u0902\u0921\u0930\u094b\u0902 \u0939\u0947\u0924\u0941 \u0935\u093e\u0932\u094d\u0935 \u092b\u093f\u091f\u0",ROW_LEVEL_EXACT_DUPLICATE_NORMALIZED,Keep the first occurrence as canonical; the other 1 are byte-equal after normalisation and carry no unique data. Record all source rows in provenance.
4a6cfb722aac9490,F034,bis_gazette_notification.csv,bis_gazette_notification,2,70; 969,1,"{""id"": ""56"", ""related_is"": ""is 9798"", ""title"": ""\u090f\u0932\u092a\u0940\u091c\u0940 \u092e\u093f\u0936\u094d\u0930\u0923\u094b\u0902 \u0915\u0947 \u0909\u092a\u092f\u094b\u0917 \u0939\u0947\u0924\u0941 \u0928\u093f\u092e\u094d\u0928 \u0926\u093e\u092c \u0930\u0947\u0917\u0941\u0932\u0947\u091f\u0930"", ""unnamed_3"": """"}",ROW_LEVEL_EXACT_DUPLICATE_NORMALIZED,Keep the first occurrence as canonical; the other 1 are byte-equal after normalisation and carry no unique data. Record all source rows in provenance.
1fc69643e0ffa6ff,F034,bis_gazette_notification.csv,bis_gazette_notification,2,71; 970,1,"{""id"": ""\u091a\u093f\u0915\u093f\u0924\u094d\u0938\u093e \u0909\u092a\u0915\u0930\u0923"", ""related_is"": """", ""title"": """", ""unnamed_3"": """"}",ROW_LEVEL_EXACT_DUPLICATE_NORMALIZED,Keep the first occurrence as canonical; the other 1 are byte-equal after normalisation and carry no unique data. Record all source rows in provenance.
608b17747777e44b,F034,bis_gazette_notification.csv,bis_gazette_notification,2,72; 971,1,"{""id"": ""57"", ""related_is"": ""is 3055 (\u092d\u093e\u0917 1)"", ""title"": ""\u091a\u093f\u0915\u093f\u0924\u094d\u0938\u0940\u092f \u0925\u0930\u094d\u092e\u093e\u092e\u0940\u091f\u0930 \u2013 \u092d\u093e\u0917 1 : \u0920\u094b\u0938 \u0921\u0902\u0921\u0940 \u092a\u094d\u0930\u0915\u093e\u0930"", ""unnamed_3"": ""8. \u091a\u093f\u0915\u093f\u0924\u094d\u0938\u0940\u092f \u0925\u0930\u094d\u092e\u093e\u09",ROW_LEVEL_EXACT_DUPLICATE_NORMALIZED,Keep the first occurrence as canonical; the other 1 are byte-equal after normalisation and carry no unique data. Record all source rows in provenance.
6006977c592dd3e6,F034,bis_gazette_notification.csv,bis_gazette_notification,2,73; 972,1,"{""id"": ""58"", ""related_is"": ""is 3055 (\u092d\u093e\u0917 2)"", ""title"": ""\u091a\u093f\u0915\u093f\u0924\u094d\u0938\u0940\u092f \u0925\u0930\u094d\u092e\u093e\u092e\u0940\u091f\u0930 \u2013 \u092d\u093e\u0917 2 : \u0938\u0902\u0932\u0917\u094d\u0928 \u0938\u094d\u0915\u0947\u0932 \u092a\u094d\u0930\u0915\u093e\u0930"", ""unnamed_3"": """"}",ROW_LEVEL_EXACT_DUPLICATE_NORMALIZED,Keep the first occurrence as canonical; the other 1 are byte-equal after normalisation and carry no unique data. Record all source rows in provenance.
9c5c70df7e45260c,F034,bis_gazette_notification.csv,bis_gazette_notification,2,74; 973,1,"{""id"": ""59"", ""related_is"": ""is 7620 (\u092d\u093e\u0917 1)"", ""title"": ""\u0928\u0948\u0926\u093e\u0928\u093f\u0915 \u091a\u093f\u0915\u093f\u0924\u094d\u0938\u093e \u090f\u0915\u094d\u0938-\u0930\u0947 \u0909\u092a\u0915\u0930\u0923"", ""unnamed_3"": ""9. \u0928\u0948\u0926\u093e\u0928\u093f\u0915 \u091a\u093f\u0915\u093f\u0924\u094d\u0938\u093e \u090f\u0915\u094d\u0938-\u0930\u0947 \u0909\u092a\u0915\",ROW_LEVEL_EXACT_DUPLICATE_NORMALIZED,Keep the first occurrence as canonical; the other 1 are byte-equal after normalisation and carry no unique data. Record all source rows in provenance.
e16b1355e6dcc1f9,F034,bis_gazette_notification.csv,bis_gazette_notification,2,75; 974,1,"{""id"": ""\u0938\u094d\u091f\u0940\u0932 \u090f\u0935\u0902 \u0932\u094c\u0939 \u0909\u0924\u094d\u092a\u093e\u0926"", ""related_is"": """", ""title"": """", ""unnamed_3"": """"}",ROW_LEVEL_EXACT_DUPLICATE_NORMALIZED,Keep the first occurrence as canonical; the other 1 are byte-equal after normalisation and carry no unique data. Record all source rows in provenance.
895b4c2d5842442b,F034,bis_gazette_notification.csv,bis_gazette_notification,2,76; 975,1,"{""id"": ""60"", ""related_is"": ""is 1785 (\u092d\u093e\u0917 1) : 1983"", ""title"": ""\u092a\u0942\u0930\u094d\u0935-\u0924\u0928\u093e\u0935\u093f\u0924 \u0915\u0902\u0915\u094d\u0930\u0940\u091f \u0939\u0947\u0924\u0941 \u0938\u093e\u0926\u093e \u0939\u093e\u0930\u094d\u0921-\u0921\u094d\u0930\u0949\u0928 \u0938\u094d\u091f\u0940\u0932 \u0924\u093e\u0930 \u2013 \u092d\u093e\u0917 1 : \u0915\u094b\u0932\",ROW_LEVEL_EXACT_DUPLICATE_NORMALIZED,Keep the first occurrence as canonical; the other 1 are byte-equal after normalisation and carry no unique data. Record all source rows in provenance.
24f2e971d8df8787,F034,bis_gazette_notification.csv,bis_gazette_notification,2,77; 976,1,"{""id"": ""61"", ""related_is"": ""is 1785 (\u092d\u093e\u0917 2) : 1983"", ""title"": ""\u092a\u0942\u0930\u094d\u0935-\u0924\u0928\u093e\u0935\u093f\u0924 \u0915\u0902\u0915\u094d\u0930\u0940\u091f \u0939\u0947\u0924\u0941 \u0938\u093e\u0926\u093e \u0939\u093e\u0930\u094d\u0921-\u0921\u094d\u0930\u0949\u0928 \u0938\u094d\u091f\u0940\u0932 \u0924\u093e\u0930 \u2013 \u092d\u093e\u0917 2 : \u092f\u0925\u093e\",ROW_LEVEL_EXACT_DUPLICATE_NORMALIZED,Keep the first occurrence as canonical; the other 1 are byte-equal after normalisation and carry no unique data. Record all source rows in provenance.
8e46c9d63a859ff5,F034,bis_gazette_notification.csv,bis_gazette_notification,2,78; 977,1,"{""id"": ""62"", ""related_is"": ""is 6003:2010"", ""title"": ""\u092a\u0942\u0930\u094d\u0935-\u0924\u0928\u093e\u0935\u093f\u0924 \u0915\u0902\u0915\u094d\u0930\u0940\u091f \u0939\u0947\u0924\u0941 \u0907\u0902\u0921\u0947\u0902\u091f\u0947\u0921 \u0924\u093e\u0930"", ""unnamed_3"": """"}",ROW_LEVEL_EXACT_DUPLICATE_NORMALIZED,Keep the first occurrence as canonical; the other 1 are byte-equal after normalisation and carry no unique data. Record all source rows in provenance.
e9985eed05950952,F034,bis_gazette_notification.csv,bis_gazette_notification,2,79; 978,1,"{""id"": ""63"", ""related_is"": ""is 6006:2014"", ""title"": ""\u092a\u0942\u0930\u094d\u0935-\u0924\u0928\u093e\u0935\u093f\u0924 \u0915\u0902\u0915\u094d\u0930\u0940\u091f \u0939\u0947\u0924\u0941 \u092c\u093f\u0928\u093e \u0915\u094b\u091f\u093f\u0902\u0917 \u0915\u093e \u0924\u0928\u093e\u0935-\u092e\u0941\u0915\u094d\u0924 \u0938\u094d\u091f\u094d\u0930\u0948\u0902\u0921"", ""unnamed_3"": """"}",ROW_LEVEL_EXACT_DUPLICATE_NORMALIZED,Keep the first occurrence as canonical; the other 1 are byte-equal after normalisation and carry no unique data. Record all source rows in provenance.
d60e97d730a8ed23,F034,bis_gazette_notification.csv,bis_gazette_notification,2,80; 979,1,"{""id"": ""64"", ""related_is"": ""is 13620:1993"", ""title"": ""\u092b\u094d\u092f\u0942\u091c\u0928 \u092c\u0949\u0928\u094d\u0921\u0947\u0921 \u090f\u092a\u0949\u0915\u094d\u0938\u0940 \u0932\u0947\u092a\u093f\u0924 \u0938\u0941\u0926\u0943\u0922\u093c\u0940\u0915\u0930\u0923 \u091b\u0921\u093c\u0947\u0902"", ""unnamed_3"": """"}",ROW_LEVEL_EXACT_DUPLICATE_NORMALIZED,Keep the first occurrence as canonical; the other 1 are byte-equal after normalisation and carry no unique data. Record all source rows in provenance.
30a096e484c1cf87,F034,bis_gazette_notification.csv,bis_gazette_notification,2,81; 980,1,"{""id"": ""65"", ""related_is"": ""is 14268:1995"", ""title"": ""\u092a\u0942\u0930\u094d\u0935-\u0924\u0928\u093e\u0935\u093f\u0924 \u0915\u0902\u0915\u094d\u0930\u0940\u091f \u0939\u0947\u0924\u0941 \u092c\u093f\u0928\u093e \u0915\u094b\u091f\u093f\u0902\u0917 \u0915\u093e \u0915\u092e \u0930\u093f\u0932\u0948\u0915\u094d\u0938\u0947\u0936\u0928 \u0938\u093e\u0924-\u0938\u0942\u0924\u094d\u0930\u0940\u092f",ROW_LEVEL_EXACT_DUPLICATE_NORMALIZED,Keep the first occurrence as canonical; the other 1 are byte-equal after normalisation and carry no unique data. Record all source rows in provenance.
532a8969222a6c80,F034,bis_gazette_notification.csv,bis_gazette_notification,2,82; 981,1,"{""id"": ""66"", ""related_is"": ""is 277:2003"", ""title"": ""\u091c\u0938\u094d\u0924\u0940 \u0907\u0938\u094d\u092a\u093e\u0924 \u0936\u0940\u091f (\u0938\u093e\u0926\u0940 \u090f\u0935\u0902 \u0924\u0930\u0902\u0917\u093f\u0924)"", ""unnamed_3"": """"}",ROW_LEVEL_EXACT_DUPLICATE_NORMALIZED,Keep the first occurrence as canonical; the other 1 are byte-equal after normalisation and carry no unique data. Record all source rows in provenance.
fc9daa72a40d54dc,F034,bis_gazette_notification.csv,bis_gazette_notification,2,83; 982,1,"{""id"": ""67"", ""related_is"": ""is 2002:2009"", ""title"": ""\u092c\u0949\u092f\u0932\u0930\u094b\u0902 \u0938\u0939\u093f\u0924 \u092e\u0927\u094d\u092f\u092e \u090f\u0935\u0902 \u0909\u091a\u094d\u091a \u0924\u093e\u092a\u092e\u093e\u0928 \u0938\u0947\u0935\u093e\u0913\u0902 \u0939\u0947\u0924\u0941 \u0926\u093e\u092c \u092a\u093e\u0924\u094d\u0930\u094b\u0902 \u0915\u0947 \u0932\u093f\u090f \u0907\u093",ROW_LEVEL_EXACT_DUPLICATE_NORMALIZED,Keep the first occurrence as canonical; the other 1 are byte-equal after normalisation and carry no unique data. Record all source rows in provenance.
2874bd4a38fa768b,F034,bis_gazette_notification.csv,bis_gazette_notification,2,84; 983,1,"{""id"": ""68"", ""related_is"": ""is 2041:2009"", ""title"": ""\u092e\u0927\u094d\u092f\u092e \u090f\u0935\u0902 \u0928\u093f\u092e\u094d\u0928 \u0924\u093e\u092a\u092e\u093e\u0928 \u092a\u0930 \u092a\u094d\u0930\u092f\u0941\u0915\u094d\u0924 \u0926\u093e\u092c \u092a\u093e\u0924\u094d\u0930\u094b\u0902 \u0939\u0947\u0924\u0941 \u0907\u0938\u094d\u092a\u093e\u0924 \u092a\u094d\u0932\u0947\u091f\u0947\u0902""",ROW_LEVEL_EXACT_DUPLICATE_NORMALIZED,Keep the first occurrence as canonical; the other 1 are byte-equal after normalisation and carry no unique data. Record all source rows in provenance.
31e19613360f8583,F034,bis_gazette_notification.csv,bis_gazette_notification,2,85; 984,1,"{""id"": ""69"", ""related_is"": ""is 2830:2012"", ""title"": ""\u0938\u093e\u092e\u093e\u0928\u094d\u092f \u0938\u0902\u0930\u091a\u0928\u093e\u0924\u094d\u092e\u0915 \u092a\u094d\u0930\u092f\u094b\u091c\u0928\u094b\u0902 \u0939\u0947\u0924\u0941 \u092a\u0941\u0928\u0903 \u0930\u094b\u0932\u093f\u0902\u0917 \u0915\u0947 \u0932\u093f\u090f \u0915\u093e\u0930\u094d\u092c\u0928 \u0938\u094d\u091f\u0940\u0932 \",ROW_LEVEL_EXACT_DUPLICATE_NORMALIZED,Keep the first occurrence as canonical; the other 1 are byte-equal after normalisation and carry no unique data. Record all source rows in provenance.
83ccaa47de80643d,F034,bis_gazette_notification.csv,bis_gazette_notification,2,86; 985,1,"{""id"": ""70"", ""related_is"": ""is 1786:2008"", ""title"": ""\u0915\u0902\u0915\u094d\u0930\u0940\u091f \u0938\u0941\u0926\u0943\u0922\u093c\u0940\u0915\u0930\u0923 \u0939\u0947\u0924\u0941 \u0909\u091a\u094d\u091a \u0936\u0915\u094d\u0924\u093f \u0935\u093f\u0915\u0943\u0924 \u0907\u0938\u094d\u092a\u093e\u0924 \u091b\u0921\u093c\u0947\u0902 \u090f\u0935\u0902 \u0924\u093e\u0930"", ""unnamed_3"": """"}",ROW_LEVEL_EXACT_DUPLICATE_NORMALIZED,Keep the first occurrence as canonical; the other 1 are byte-equal after normalisation and carry no unique data. Record all source rows in provenance.
85c4bea898d73cb1,F034,bis_gazette_notification.csv,bis_gazette_notification,2,87; 986,1,"{""id"": ""71"", ""related_is"": ""is 648:2006"", ""title"": ""\u0915\u094b\u0932\u094d\u0921 \u0930\u094b\u0932\u094d\u0921 \u0928\u0949\u0928-\u0913\u0930\u093f\u090f\u0902\u091f\u0947\u0921 \u0935\u093f\u0926\u094d\u092f\u0941\u0924 \u0907\u0938\u094d\u092a\u093e\u0924 \u0936\u0940\u091f \u090f\u0935\u0902 \u0938\u094d\u091f\u094d\u0930\u093f\u092a \u2013 \u092a\u0942\u0930\u094d\u0923\u0924\u0903 \u092a\",ROW_LEVEL_EXACT_DUPLICATE_NORMALIZED,Keep the first occurrence as canonical; the other 1 are byte-equal after normalisation and carry no unique data. Record all source rows in provenance.
1c50c8f114f58b18,F034,bis_gazette_notification.csv,bis_gazette_notification,2,88; 987,1,"{""id"": ""72"", ""related_is"": ""is 3024:2015"", ""title"": ""\u0917\u094d\u0930\u0947\u0928 \u0913\u0930\u093f\u090f\u0902\u091f\u0947\u0921 \u0935\u093f\u0926\u094d\u092f\u0941\u0924 \u0907\u0938\u094d\u092a\u093e\u0924 \u0936\u0940\u091f \u090f\u0935\u0902 \u0938\u094d\u091f\u094d\u0930\u093f\u092a (crgo)"", ""unnamed_3"": """"}",ROW_LEVEL_EXACT_DUPLICATE_NORMALIZED,Keep the first occurrence as canonical; the other 1 are byte-equal after normalisation and carry no unique data. Record all source rows in provenance.
b64ebe6ef0810b94,F034,bis_gazette_notification.csv,bis_gazette_notification,2,89; 988,1,"{""id"": ""73"", ""related_is"": ""is 15391:2003"", ""title"": ""\u0913\u0930\u093f\u090f\u0902\u091f\u0947\u0921 \u0935\u093f\u0926\u094d\u092f\u0941\u0924 \u0907\u0938\u094d\u092a\u093e\u0924 \u0936\u0940\u091f \u090f\u0935\u0902 \u0938\u094d\u091f\u094d\u0930\u093f\u092a \u2013 \u0905\u0930\u094d\u0927-\u092a\u094d\u0930\u0938\u0902\u0938\u094d\u0915\u0943\u0924 \u092a\u094d\u0930\u0915\u093e\u0930"", ""unn",ROW_LEVEL_EXACT_DUPLICATE_NORMALIZED,Keep the first occurrence as canonical; the other 1 are byte-equal after normalisation and carry no unique data. Record all source rows in provenance.
acc3dd095d4601a3,F034,bis_gazette_notification.csv,bis_gazette_notification,2,90; 989,1,"{""id"": ""74"", ""related_is"": ""is 2062:2011"", ""title"": ""\u0939\u0949\u091f \u0930\u094b\u0932\u094d\u0921 \u092e\u0927\u094d\u092f\u092e \u090f\u0935\u0902 \u0909\u091a\u094d\u091a \u0924\u0928\u094d\u092f \u0938\u0902\u0930\u091a\u0928\u093e\u0924\u094d\u092e\u0915 \u0907\u0938\u094d\u092a\u093e\u0924"", ""unnamed_3"": """"}",ROW_LEVEL_EXACT_DUPLICATE_NORMALIZED,Keep the first occurrence as canonical; the other 1 are byte-equal after normalisation and carry no unique data. Record all source rows in provenance.
4dc711b4fab90262,F034,bis_gazette_notification.csv,bis_gazette_notification,2,91; 990,1,"{""id"": ""75"", ""related_is"": ""is 432 : \u092d\u093e\u0917 1 : 1982"", ""title"": ""\u0915\u0902\u0915\u094d\u0930\u0940\u091f \u0938\u0941\u0926\u0943\u0922\u093c\u0940\u0915\u0930\u0923 \u0939\u0947\u0924\u0941 \u092e\u093e\u0907\u0932\u094d\u0921 \u0938\u094d\u091f\u0940\u0932 \u090f\u0935\u0902 \u092e\u0927\u094d\u092f\u092e \u0924\u0928\u094d\u092f \u0907\u0938\u094d\u092a\u093e\u0924 \u091b\u0921\u",ROW_LEVEL_EXACT_DUPLICATE_NORMALIZED,Keep the first occurrence as canonical; the other 1 are byte-equal after normalisation and carry no unique data. Record all source rows in provenance.
8ad0d2d34fdcf45d,F034,bis_gazette_notification.csv,bis_gazette_notification,2,92; 991,1,"{""id"": ""76"", ""related_is"": ""is 432 : \u092d\u093e\u0917 2 : 1982"", ""title"": ""\u0915\u0902\u0915\u094d\u0930\u0940\u091f \u0938\u0941\u0926\u0943\u0922\u093c\u0940\u0915\u0930\u0923 \u0939\u0947\u0924\u0941 \u092e\u093e\u0907\u0932\u094d\u0921 \u0938\u094d\u091f\u0940\u0932 \u090f\u0935\u0902 \u092e\u0927\u094d\u092f\u092e \u0924\u0928\u094d\u092f \u0907\u0938\u094d\u092a\u093e\u0924 \u091b\u0921\u",ROW_LEVEL_EXACT_DUPLICATE_NORMALIZED,Keep the first occurrence as canonical; the other 1 are byte-equal after normalisation and carry no unique data. Record all source rows in provenance.
d4536859de5fa426,F034,bis_gazette_notification.csv,bis_gazette_notification,2,93; 992,1,"{""id"": ""77"", ""related_is"": ""is 513 (\u092d\u093e\u0917 1): 2016"", ""title"": ""\u0915\u094b\u0932\u094d\u0921 \u0930\u093f\u0921\u094d\u092f\u0942\u0938\u094d\u0921 \u0915\u093e\u0930\u094d\u092c\u0928 \u0938\u094d\u091f\u0940\u0932 \u0936\u0940\u091f \u090f\u0935\u0902 \u0938\u094d\u091f\u094d\u0930\u093f\u092a \u2013 \u092d\u093e\u0917 1 : \u0915\u094b\u0932\u094d\u0921 \u092b\u0949\u0930\u094d\u09",ROW_LEVEL_EXACT_DUPLICATE_NORMALIZED,Keep the first occurrence as canonical; the other 1 are byte-equal after normalisation and carry no unique data. Record all source rows in provenance.
3a9e379d9da54ae8,F034,bis_gazette_notification.csv,bis_gazette_notification,2,94; 993,1,"{""id"": ""78"", ""related_is"": ""is 513 (\u092d\u093e\u0917 2): 2016"", ""title"": ""\u0915\u094b\u0932\u094d\u0921 \u0930\u093f\u0921\u094d\u092f\u0942\u0938\u094d\u0921 \u0915\u093e\u0930\u094d\u092c\u0928 \u0938\u094d\u091f\u0940\u0932 \u0936\u0940\u091f \u090f\u0935\u0902 \u0938\u094d\u091f\u094d\u0930\u093f\u092a \u2013 \u092d\u093e\u0917 2 : \u0909\u091a\u094d\u091a \u0924\u0928\u094d\u092f \u090f\u0",ROW_LEVEL_EXACT_DUPLICATE_NORMALIZED,Keep the first occurrence as canonical; the other 1 are byte-equal after normalisation and carry no unique data. Record all source rows in provenance.
08342095542147cf,F034,bis_gazette_notification.csv,bis_gazette_notification,2,95; 994,1,"{""id"": ""79"", ""related_is"": ""is 1079:2017"", ""title"": ""\u0939\u0949\u091f \u0930\u094b\u0932\u094d\u0921 \u0915\u093e\u0930\u094d\u092c\u0928 \u0938\u094d\u091f\u0940\u0932 \u0936\u0940\u091f, \u092a\u094d\u0932\u0947\u091f \u090f\u0935\u0902 \u0938\u094d\u091f\u094d\u0930\u093f\u092a \u2013 \u0935\u093f\u0928\u093f\u0930\u094d\u0926\u0947\u0936"", ""unnamed_3"": """"}",ROW_LEVEL_EXACT_DUPLICATE_NORMALIZED,Keep the first occurrence as canonical; the other 1 are byte-equal after normalisation and carry no unique data. Record all source rows in provenance.
5c210dbb4653ee92,F034,bis_gazette_notification.csv,bis_gazette_notification,2,96; 995,1,"{""id"": ""80"", ""related_is"": ""is 1875:1992"", ""title"": ""\u092b\u094b\u0930\u094d\u091c\u093f\u0902\u0917 \u0939\u0947\u0924\u0941 \u0915\u093e\u0930\u094d\u092c\u0928 \u0938\u094d\u091f\u0940\u0932 \u092c\u093f\u0932\u0947\u091f, \u092c\u094d\u0932\u0942\u092e, \u0938\u094d\u0932\u0948\u092c \u090f\u0935\u0902 \u091b\u0921\u093c\u0947\u0902"", ""unnamed_3"": """"}",ROW_LEVEL_EXACT_DUPLICATE_NORMALIZED,Keep the first occurrence as canonical; the other 1 are byte-equal after normalisation and carry no unique data. Record all source rows in provenance.
8084b4087a18adea,F034,bis_gazette_notification.csv,bis_gazette_notification,2,97; 996,1,"{""id"": ""81"", ""related_is"": ""is 2879:1998"", ""title"": ""\u092e\u0947\u091f\u0932 \u0906\u0930\u094d\u0915 \u0935\u0947\u0932\u094d\u0921\u093f\u0902\u0917 \u0907\u0932\u0947\u0915\u094d\u091f\u094d\u0930\u094b\u0921 \u0939\u0947\u0924\u0941 \u092e\u093e\u0907\u0932\u094d\u0921 \u0938\u094d\u091f\u0940\u0932"", ""unnamed_3"": """"}",ROW_LEVEL_EXACT_DUPLICATE_NORMALIZED,Keep the first occurrence as canonical; the other 1 are byte-equal after normalisation and carry no unique data. Record all source rows in provenance.
316b1d48dbdfa32d,F034,bis_gazette_notification.csv,bis_gazette_notification,2,98; 997,1,"{""id"": ""82"", ""related_is"": ""is 3502:2009"", ""title"": ""\u0907\u0938\u094d\u092a\u093e\u0924 \u091a\u0947\u0915\u0930\u0921 \u092a\u094d\u0932\u0947\u091f\u0947\u0902"", ""unnamed_3"": """"}",ROW_LEVEL_EXACT_DUPLICATE_NORMALIZED,Keep the first occurrence as canonical; the other 1 are byte-equal after normalisation and carry no unique data. Record all source rows in provenance.
f02e500fe168ccae,F034,bis_gazette_notification.csv,bis_gazette_notification,2,99; 998,1,"{""id"": ""83"", ""related_is"": ""is 5872:1990"", ""title"": ""\u0915\u094b\u0932\u094d\u0921 \u0930\u094b\u0932\u094d\u0921 \u0907\u0938\u094d\u092a\u093e\u0924 \u0938\u094d\u091f\u094d\u0930\u093f\u092a (\u092c\u0949\u0915\u094d\u0938 \u0938\u094d\u091f\u094d\u0930\u0948\u092a\u093f\u0902\u0917)"", ""unnamed_3"": """"}",ROW_LEVEL_EXACT_DUPLICATE_NORMALIZED,Keep the first occurrence as canonical; the other 1 are byte-equal after normalisation and carry no unique data. Record all source rows in provenance.
f22db4f48abf25fe,F034,bis_gazette_notification.csv,bis_gazette_notification,2,100; 999,1,"{""id"": ""84"", ""related_is"": ""is 5986:2017"", ""title"": ""\u092b\u0949\u0930\u094d\u092e\u093f\u0902\u0917 \u090f\u0935\u0902 \u092b\u094d\u0932\u0948\u0928\u094d\u091c\u093f\u0902\u0917 \u092a\u094d\u0930\u092f\u094b\u091c\u0928\u094b\u0902 \u0939\u0947\u0924\u0941 \u0939\u0949\u091f \u0930\u094b\u0932\u094d\u0921 \u0907\u0938\u094d\u092a\u093e\u0924 \u0936\u0940\u091f, \u092a\u094d\u0932\u0947\u091f ",ROW_LEVEL_EXACT_DUPLICATE_NORMALIZED,Keep the first occurrence as canonical; the other 1 are byte-equal after normalisation and carry no unique data. Record all source rows in provenance.
71c1a561ce86d93d,F034,bis_gazette_notification.csv,bis_gazette_notification,2,101; 1000,1,"{""id"": ""85"", ""related_is"": ""is 6240:2008"", ""title"": ""\u0928\u093f\u092e\u094d\u0928 \u0926\u093e\u092c \u0926\u094d\u0930\u0935\u0940\u0915\u0930\u0923\u0940\u092f \u0917\u0948\u0938 \u0938\u093f\u0932\u0947\u0902\u0921\u0930\u094b\u0902 \u0915\u0947 \u0928\u093f\u0930\u094d\u092e\u093e\u0923 \u0939\u0947\u0924\u0941 6 \u092e\u093f\u092e\u0940 \u0924\u0915 \u0915\u0940 \u0939\u0949\u091f \u0930\u0",ROW_LEVEL_EXACT_DUPLICATE_NORMALIZED,Keep the first occurrence as canonical; the other 1 are byte-equal after normalisation and carry no unique data. Record all source rows in provenance.
8f5d2ebefd76886b,F034,bis_gazette_notification.csv,bis_gazette_notification,2,102; 1001,1,"{""id"": ""86"", ""related_is"": ""is 7283:1992"", ""title"": ""\u0907\u0902\u091c\u0940\u0928\u093f\u092f\u0930\u093f\u0902\u0917 \u0905\u0928\u0941\u092a\u094d\u0930\u092f\u094b\u0917\u094b\u0902 \u0939\u0947\u0924\u0941 \u092c\u094d\u0930\u093e\u0907\u091f \u092c\u093e\u0930 \u090f\u0935\u0902 \u092e\u0936\u0940\u0928\u0940 \u092d\u093e\u0917\u094b\u0902 \u0915\u0947 \u0928\u093f\u0930\u094d\u092e\u093e\u",ROW_LEVEL_EXACT_DUPLICATE_NORMALIZED,Keep the first occurrence as canonical; the other 1 are byte-equal after normalisation and carry no unique data. Record all source rows in provenance.
39868b0662e2d12d,F034,bis_gazette_notification.csv,bis_gazette_notification,2,103; 1002,1,"{""id"": ""87"", ""related_is"": ""is 7887:1992"", ""title"": ""\u0938\u093e\u092e\u093e\u0928\u094d\u092f \u0907\u0902\u091c\u0940\u0928\u093f\u092f\u0930\u093f\u0902\u0917 \u092a\u094d\u0930\u092f\u094b\u091c\u0928\u094b\u0902 \u0939\u0947\u0924\u0941 \u092e\u093e\u0907\u0932\u094d\u0921 \u0938\u094d\u091f\u0940\u0932 \u0935\u093e\u092f\u0930 \u0930\u0949\u0921"", ""unnamed_3"": """"}",ROW_LEVEL_EXACT_DUPLICATE_NORMALIZED,Keep the first occurrence as canonical; the other 1 are byte-equal after normalisation and carry no unique data. Record all source rows in provenance.
e91d636b4ea4f4f4,F034,bis_gazette_notification.csv,bis_gazette_notification,2,104; 1003,1,"{""id"": ""88"", ""related_is"": ""is 10748:2004"", ""title"": ""\u0935\u0947\u0932\u094d\u0921\u0947\u0921 \u091f\u094d\u092f\u0942\u092c \u090f\u0935\u0902 \u092a\u093e\u0907\u092a\u094b\u0902 \u0939\u0947\u0924\u0941 \u0939\u0949\u091f \u0930\u094b\u0932\u094d\u0921 \u0907\u0938\u094d\u092a\u093e\u0924 \u0938\u094d\u091f\u094d\u0930\u093f\u092a"", ""unnamed_3"": """"}",ROW_LEVEL_EXACT_DUPLICATE_NORMALIZED,Keep the first occurrence as canonical; the other 1 are byte-equal after normalisation and carry no unique data. Record all source rows in provenance.
3c5ee66a14d55418,F034,bis_gazette_notification.csv,bis_gazette_notification,2,105; 1004,1,"{""id"": ""89"", ""related_is"": ""is 11513:2017"", ""title"": ""\u0915\u094b\u0932\u094d\u0921 \u0930\u094b\u0932\u093f\u0902\u0917 \u092a\u094d\u0930\u092f\u094b\u091c\u0928\u094b\u0902 \u0939\u0947\u0924\u0941 \u0939\u0949\u091f \u0930\u094b\u0932\u094d\u0921 \u0915\u093e\u0930\u094d\u092c\u0928 \u0938\u094d\u091f\u0940\u0932 \u0938\u094d\u091f\u094d\u0930\u093f\u092a \u2014 \u0935\u093f\u0928\u093f\u0930",ROW_LEVEL_EXACT_DUPLICATE_NORMALIZED,Keep the first occurrence as canonical; the other 1 are byte-equal after normalisation and carry no unique data. Record all source rows in provenance.
86becff8fe1163e5,F034,bis_gazette_notification.csv,bis_gazette_notification,2,106; 1005,1,"{""id"": ""90"", ""related_is"": ""is 15647:2006"", ""title"": ""\u0935\u0947\u0932\u094d\u0921\u0947\u0921 \u091f\u094d\u092f\u0942\u092c \u090f\u0935\u0902 \u092a\u093e\u0907\u092a\u094b\u0902 \u0915\u0947 \u0932\u093f\u090f \u0939\u0949\u091f \u0930\u094b\u0932\u094d\u0921 \u0938\u0902\u0915\u0940\u0930\u094d\u0923 \u091a\u094c\u0921\u093c\u093e\u0908 \u0938\u094d\u091f\u0940\u0932 \u0938\u094d\u091f\u094",ROW_LEVEL_EXACT_DUPLICATE_NORMALIZED,Keep the first occurrence as canonical; the other 1 are byte-equal after normalisation and carry no unique data. Record all source rows in provenance.
badf8959e2ff4030,F034,bis_gazette_notification.csv,bis_gazette_notification,2,107; 1006,1,"{""id"": ""91"", ""related_is"": ""is 7904:2017"", ""title"": ""\u0909\u091a\u094d\u091a \u0915\u093e\u0930\u094d\u092c\u0928 \u0938\u094d\u091f\u0940\u0932 \u0935\u093e\u092f\u0930 \u0930\u0949\u0921 \u2014 \u0935\u093f\u0928\u093f\u0930\u094d\u0926\u0947\u0936"", ""unnamed_3"": """"}",ROW_LEVEL_EXACT_DUPLICATE_NORMALIZED,Keep the first occurrence as canonical; the other 1 are byte-equal after normalisation and carry no unique data. Record all source rows in provenance.
5f565edffbca9a49,F034,bis_gazette_notification.csv,bis_gazette_notification,2,108; 1007,1,"{""id"": ""92"", ""related_is"": ""is 14246:2013"", ""title"": ""\u0928\u093f\u0930\u0902\u0924\u0930 \u092a\u0942\u0930\u094d\u0935-\u092a\u0947\u0902\u091f\u0947\u0921 \u0917\u0948\u0932\u094d\u0935\u0947\u0928\u093e\u0907\u091c\u094d\u0921 \u0938\u094d\u091f\u0940\u0932 \u0936\u0940\u091f \u090f\u0935\u0902 \u0915\u0949\u0907\u0932"", ""unnamed_3"": """"}",ROW_LEVEL_EXACT_DUPLICATE_NORMALIZED,Keep the first occurrence as canonical; the other 1 are byte-equal after normalisation and carry no unique data. Record all source rows in provenance.
ba68dceff0baecc0,F034,bis_gazette_notification.csv,bis_gazette_notification,2,109; 1008,1,"{""id"": ""93"", ""related_is"": ""is 15965:2012"", ""title"": ""\u092a\u0942\u0930\u094d\u0935-\u092a\u0947\u0902\u091f\u0947\u0921 \u090f\u0932\u094d\u092f\u0941\u092e\u093f\u0928\u093f\u092f\u092e-\u091c\u093f\u0902\u0915 \u092e\u093f\u0936\u094d\u0930 \u0927\u093e\u0924\u0941 \u0932\u0947\u092a\u093f\u0924 \u0938\u094d\u091f\u0940\u0932 \u0938\u094d\u091f\u094d\u0930\u093f\u092a \u090f\u0935\u0902 \u0936",ROW_LEVEL_EXACT_DUPLICATE_NORMALIZED,Keep the first occurrence as canonical; the other 1 are byte-equal after normalisation and carry no unique data. Record all source rows in provenance.
e630926712e3433c,F034,bis_gazette_notification.csv,bis_gazette_notification,2,110; 1009,1,"{""id"": ""94"", ""related_is"": ""is 280: 2006"", ""title"": ""\u0938\u093e\u092e\u093e\u0928\u094d\u092f \u0907\u0902\u091c\u0940\u0928\u093f\u092f\u0930\u093f\u0902\u0917 \u092a\u094d\u0930\u092f\u094b\u091c\u0928\u094b\u0902 \u0939\u0947\u0924\u0941 \u092e\u093e\u0907\u0932\u094d\u0921 \u0938\u094d\u091f\u0940\u0932 \u0935\u093e\u092f\u0930"", ""unnamed_3"": """"}",ROW_LEVEL_EXACT_DUPLICATE_NORMALIZED,Keep the first occurrence as canonical; the other 1 are byte-equal after normalisation and carry no unique data. Record all source rows in provenance.
f6749e7e53b32235,F034,bis_gazette_notification.csv,bis_gazette_notification,2,111; 1010,1,"{""id"": ""95"", ""related_is"": ""is 1835:1976"", ""title"": ""\u0930\u0938\u094d\u0938\u093f\u092f\u094b\u0902 \u0915\u0947 \u0932\u093f\u090f \u0917\u094b\u0932 \u0938\u094d\u091f\u0940\u0932 \u0935\u093e\u092f\u0930"", ""unnamed_3"": """"}",ROW_LEVEL_EXACT_DUPLICATE_NORMALIZED,Keep the first occurrence as canonical; the other 1 are byte-equal after normalisation and carry no unique data. Record all source rows in provenance.
4413368bb203f8db,F034,bis_gazette_notification.csv,bis_gazette_notification,2,112; 1011,1,"{""id"": ""96"", ""related_is"": ""is 3975:1999"", ""title"": ""\u0915\u0947\u092c\u0932 \u0906\u0930\u094d\u092e\u0930\u093f\u0902\u0917 \u0939\u0947\u0924\u0941 \u0928\u093f\u092e\u094d\u0928 \u0915\u093e\u0930\u094d\u092c\u0928 \u0917\u0948\u0932\u094d\u0935\u0947\u0928\u093e\u0907\u091c\u094d\u0921 \u0938\u094d\u091f\u0940\u0932 \u0935\u093e\u092f\u0930, \u092b\u0949\u0930\u094d\u092e\u094d\u0921 \u0935\",ROW_LEVEL_EXACT_DUPLICATE_NORMALIZED,Keep the first occurrence as canonical; the other 1 are byte-equal after normalisation and carry no unique data. Record all source rows in provenance.
419dd8c4155030b2,F034,bis_gazette_notification.csv,bis_gazette_notification,2,113; 1012,1,"{""id"": ""97"", ""related_is"": ""is 4368:1967"", ""title"": ""\u0938\u093e\u092e\u093e\u0928\u094d\u092f \u0907\u0902\u091c\u0940\u0928\u093f\u092f\u0930\u093f\u0902\u0917 \u092a\u094d\u0930\u092f\u094b\u091c\u0928\u094b\u0902 \u0939\u0947\u0924\u0941 \u092b\u094b\u0930\u094d\u091c\u093f\u0902\u0917 \u0915\u0947 \u0932\u093f\u090f \u092e\u093f\u0936\u094d\u0930 \u0927\u093e\u0924\u0941 \u0938\u094d\u091f\u",ROW_LEVEL_EXACT_DUPLICATE_NORMALIZED,Keep the first occurrence as canonical; the other 1 are byte-equal after normalisation and carry no unique data. Record all source rows in provenance.
0416510efd379f14,F034,bis_gazette_notification.csv,bis_gazette_notification,2,114; 1013,1,"{""id"": ""98"", ""related_is"": ""is 4454 (part 1) : 2001"", ""title"": ""\u092f\u093e\u0902\u0924\u094d\u0930\u093f\u0915 \u0938\u094d\u092a\u094d\u0930\u093f\u0902\u0917\u094d\u0938 \u0939\u0947\u0924\u0941 \u0938\u094d\u091f\u0940\u0932 \u0935\u093e\u092f\u0930 \u092d\u093e\u0917-1: \u0915\u094b\u0932\u094d\u0921 \u0921\u094d\u0930\u0949\u0928 \u0905\u0928\u090f\u0932\u0949\u092f\u0921 \u0938\u094d\u091f",ROW_LEVEL_EXACT_DUPLICATE_NORMALIZED,Keep the first occurrence as canonical; the other 1 are byte-equal after normalisation and carry no unique data. Record all source rows in provenance.
899625d58621833e,F034,bis_gazette_notification.csv,bis_gazette_notification,2,115; 1014,1,"{""id"": ""99"", ""related_is"": ""is 4454 (part 2): 2001"", ""title"": ""\u092f\u093e\u0902\u0924\u094d\u0930\u093f\u0915 \u0938\u094d\u092a\u094d\u0930\u093f\u0902\u0917\u094d\u0938 \u0939\u0947\u0924\u0941 \u0938\u094d\u091f\u0940\u0932 \u0935\u093e\u092f\u0930 \u092d\u093e\u0917-2: \u0911\u092f\u0932 \u0939\u093e\u0930\u094d\u0921\u0928\u094d\u0921 \u090f\u0935\u0902 \u091f\u0947\u092e\u094d\u092a\u0930\",ROW_LEVEL_EXACT_DUPLICATE_NORMALIZED,Keep the first occurrence as canonical; the other 1 are byte-equal after normalisation and carry no unique data. Record all source rows in provenance.
e40655d6cc8ff10a,F034,bis_gazette_notification.csv,bis_gazette_notification,2,116; 1015,1,"{""id"": ""100"", ""related_is"": ""is 4824:2006"", ""title"": ""\u091f\u093e\u092f\u0930\u094b\u0902 \u0915\u0947 \u0932\u093f\u090f \u092c\u0940\u0921 \u0935\u093e\u092f\u0930"", ""unnamed_3"": """"}",ROW_LEVEL_EXACT_DUPLICATE_NORMALIZED,Keep the first occurrence as canonical; the other 1 are byte-equal after normalisation and carry no unique data. Record all source rows in provenance.
ca0577084f42ebfb,F034,bis_gazette_notification.csv,bis_gazette_notification,2,117; 1016,1,"{""id"": ""101"", ""related_is"": ""is 11169 (part 1): 1984"", ""title"": ""\u0915\u094b\u0932\u094d\u0921 \u0939\u0947\u0921\u093f\u0902\u0917/\u0915\u094b\u0932\u094d\u0921 \u090f\u0915\u094d\u0938\u091f\u094d\u0930\u0942\u091c\u093c\u0928 \u0939\u0947\u0924\u0941 \u0938\u094d\u091f\u0940\u0932 \u092d\u093e\u0917-1: \u0935\u094d\u0930\u0949\u091f \u0915\u093e\u0930\u094d\u092c\u0928 \u090f\u0935\u0902 \u09",ROW_LEVEL_EXACT_DUPLICATE_NORMALIZED,Keep the first occurrence as canonical; the other 1 are byte-equal after normalisation and carry no unique data. Record all source rows in provenance.
c6bd782180f977d3,F034,bis_gazette_notification.csv,bis_gazette_notification,2,118; 1017,1,"{""id"": ""102"", ""related_is"": ""is 11587:1986"", ""title"": ""\u0938\u0902\u0930\u091a\u0928\u093e\u0924\u094d\u092e\u0915 \u092e\u094c\u0938\u092e \u092a\u094d\u0930\u0924\u093f\u0930\u094b\u0927\u0940 \u0938\u094d\u091f\u0940\u0932"", ""unnamed_3"": """"}",ROW_LEVEL_EXACT_DUPLICATE_NORMALIZED,Keep the first occurrence as canonical; the other 1 are byte-equal after normalisation and carry no unique data. Record all source rows in provenance.
e940b24f1c2fe57d,F034,bis_gazette_notification.csv,bis_gazette_notification,2,119; 1018,1,"{""id"": ""103"", ""related_is"": ""is 15103: 2002"", ""title"": ""\u0905\u0917\u094d\u0928\u093f \u092a\u094d\u0930\u0924\u093f\u0930\u094b\u0927\u0940 \u0938\u094d\u091f\u0940\u0932 \u2014 \u0935\u093f\u0928\u093f\u0930\u094d\u0926\u0947\u0936"", ""unnamed_3"": """"}",ROW_LEVEL_EXACT_DUPLICATE_NORMALIZED,Keep the first occurrence as canonical; the other 1 are byte-equal after normalisation and carry no unique data. Record all source rows in provenance.
1d2a1384e7d2967f,F034,bis_gazette_notification.csv,bis_gazette_notification,2,120; 1019,1,"{""id"": ""104"", ""related_is"": ""is 15914:2011"", ""title"": ""\u0935\u0947\u0932\u094d\u0921\u0947\u0921 \u0917\u0948\u0938 \u0938\u093f\u0932\u0947\u0902\u0921\u0930 \u0928\u093f\u0930\u094d\u092e\u093e\u0923 \u0939\u0947\u0924\u0941 \u0909\u091a\u094d\u091a \u0924\u0928\u094d\u092f\u0924\u093e \u0936\u0915\u094d\u0924\u093f \u092b\u094d\u0932\u0948\u091f \u0930\u094b\u0932\u094d\u0921 \u0938\u094d\u091",ROW_LEVEL_EXACT_DUPLICATE_NORMALIZED,Keep the first occurrence as canonical; the other 1 are byte-equal after normalisation and carry no unique data. Record all source rows in provenance.
c99816fe16db9e4d,F034,bis_gazette_notification.csv,bis_gazette_notification,2,121; 1020,1,"{""id"": ""105"", ""related_is"": ""is 15961:2012"", ""title"": ""\u0939\u0949\u091f \u0921\u093f\u092a \u090f\u0932\u094d\u092f\u0941\u092e\u093f\u0928\u093f\u092f\u092e-\u091c\u093f\u0902\u0915 \u092e\u093f\u0936\u094d\u0930 \u0927\u093e\u0924\u0941 \u0932\u0947\u092a\u093f\u0924 \u0938\u094d\u091f\u0940\u0932 \u0938\u094d\u091f\u094d\u0930\u093f\u092a \u090f\u0935\u0902 \u0936\u0940\u091f (\u0938\u093e\u0",ROW_LEVEL_EXACT_DUPLICATE_NORMALIZED,Keep the first occurrence as canonical; the other 1 are byte-equal after normalisation and carry no unique data. Record all source rows in provenance.
4f47322456675803,F034,bis_gazette_notification.csv,bis_gazette_notification,2,122; 1021,1,"{""id"": ""106"", ""related_is"": ""is 15962:2012"", ""title"": ""\u0909\u0928\u094d\u0928\u0924 \u092d\u0942\u0915\u0902\u092a\u0940\u092f \u092a\u094d\u0930\u0924\u093f\u0930\u094b\u0927 \u0935\u093e\u0932\u0947 \u092d\u0935\u0928\u094b\u0902 \u0939\u0947\u0924\u0941 \u0938\u0902\u0930\u091a\u0928\u093e\u0924\u094d\u092e\u0915 \u0938\u094d\u091f\u0940\u0932"", ""unnamed_3"": """"}",ROW_LEVEL_EXACT_DUPLICATE_NORMALIZED,Keep the first occurrence as canonical; the other 1 are byte-equal after normalisation and carry no unique data. Record all source rows in provenance.
4af43cca40299921,F034,bis_gazette_notification.csv,bis_gazette_notification,2,123; 1022,1,"{""id"": ""107"", ""related_is"": ""is 6527:1995"", ""title"": ""\u0938\u094d\u091f\u0947\u0928\u0932\u0947\u0938 \u0938\u094d\u091f\u0940\u0932 \u0935\u093e\u092f\u0930 \u0930\u0949\u0921"", ""unnamed_3"": """"}",ROW_LEVEL_EXACT_DUPLICATE_NORMALIZED,Keep the first occurrence as canonical; the other 1 are byte-equal after normalisation and carry no unique data. Record all source rows in provenance.
90c92d1ec41d08a7,F034,bis_gazette_notification.csv,bis_gazette_notification,2,124; 1023,1,"{""id"": ""108"", ""related_is"": ""is 6528:1995"", ""title"": ""\u0938\u094d\u091f\u0947\u0928\u0932\u0947\u0938 \u0938\u094d\u091f\u0940\u0932 \u0935\u093e\u092f\u0930"", ""unnamed_3"": """"}",ROW_LEVEL_EXACT_DUPLICATE_NORMALIZED,Keep the first occurrence as canonical; the other 1 are byte-equal after normalisation and carry no unique data. Record all source rows in provenance.
d18fcb73b7020fed,F034,bis_gazette_notification.csv,bis_gazette_notification,2,125; 1024,1,"{""id"": ""109"", ""related_is"": ""is 6603:2001"", ""title"": ""\u0938\u094d\u091f\u0947\u0928\u0932\u0947\u0938 \u0938\u094d\u091f\u0940\u0932 \u092c\u093e\u0930 \u090f\u0935\u0902 \u092b\u094d\u0932\u0948\u091f"", ""unnamed_3"": """"}",ROW_LEVEL_EXACT_DUPLICATE_NORMALIZED,Keep the first occurrence as canonical; the other 1 are byte-equal after normalisation and carry no unique data. Record all source rows in provenance.
f807b5bbe454587d,F034,bis_gazette_notification.csv,bis_gazette_notification,2,126; 1025,1,"{""id"": ""110"", ""related_is"": ""is 5522:2014"", ""title"": ""\u092c\u0930\u094d\u0924\u0928\u094b\u0902 \u0939\u0947\u0924\u0941 \u0938\u094d\u091f\u0947\u0928\u0932\u0947\u0938 \u0938\u094d\u091f\u0940\u0932 \u0936\u0940\u091f \u090f\u0935\u0902 \u0938\u094d\u091f\u094d\u0930\u093f\u092a \u2014 \u0935\u093f\u0928\u093f\u0930\u094d\u0926\u0947\u0936"", ""unnamed_3"": """"}",ROW_LEVEL_EXACT_DUPLICATE_NORMALIZED,Keep the first occurrence as canonical; the other 1 are byte-equal after normalisation and carry no unique data. Record all source rows in provenance.
f8b835ce0dd7c257,F034,bis_gazette_notification.csv,bis_gazette_notification,2,127; 1026,1,"{""id"": ""111"", ""related_is"": ""is 6911:2017"", ""title"": ""\u0938\u094d\u091f\u0947\u0928\u0932\u0947\u0938 \u0938\u094d\u091f\u0940\u0932 \u092a\u094d\u0932\u0947\u091f, \u0936\u0940\u091f \u090f\u0935\u0902 \u0938\u094d\u091f\u094d\u0930\u093f\u092a \u2014 \u0935\u093f\u0928\u093f\u0930\u094d\u0926\u0947\u0936"", ""unnamed_3"": """"}",ROW_LEVEL_EXACT_DUPLICATE_NORMALIZED,Keep the first occurrence as canonical; the other 1 are byte-equal after normalisation and carry no unique data. Record all source rows in provenance.
bf1884674982859b,F034,bis_gazette_notification.csv,bis_gazette_notification,2,128; 1027,1,"{""id"": ""112"", ""related_is"": ""is 15997:2012"", ""title"": ""\u092c\u0930\u094d\u0924\u0928\u094b\u0902 \u090f\u0935\u0902 \u0930\u0938\u094b\u0908 \u0909\u092a\u092f\u094b\u0917 \u0939\u0947\u0924\u0941 \u0928\u093f\u092e\u094d\u0928 \u0928\u093f\u0915\u0932 \u0911\u0938\u094d\u091f\u0947\u0928\u093f\u091f\u093f\u0915 \u0938\u094d\u091f\u0947\u0928\u0932\u0947\u0938 \u0938\u094d\u091f\u0940\u0932 \u093",ROW_LEVEL_EXACT_DUPLICATE_NORMALIZED,Keep the first occurrence as canonical; the other 1 are byte-equal after normalisation and carry no unique data. Record all source rows in provenance.
2740d4394040182e,F034,bis_gazette_notification.csv,bis_gazette_notification,2,129; 1028,1,"{""id"": ""113"", ""related_is"": ""is 1110 : 1990"", ""title"": ""\u092b\u0947\u0930\u094b\u0938\u093f\u0932\u093f\u0915\u0949\u0928 \u2014 \u0935\u093f\u0928\u093f\u0930\u094d\u0926\u0947\u0936"", ""unnamed_3"": """"}",ROW_LEVEL_EXACT_DUPLICATE_NORMALIZED,Keep the first occurrence as canonical; the other 1 are byte-equal after normalisation and carry no unique data. Record all source rows in provenance.
1ce5badead38004a,F034,bis_gazette_notification.csv,bis_gazette_notification,2,130; 1029,1,"{""id"": ""114"", ""related_is"": ""is 4409 : 1973"", ""title"": ""\u092b\u0947\u0930\u094b\u0928\u093f\u0915\u0932 \u0939\u0947\u0924\u0941 \u0935\u093f\u0928\u093f\u0930\u094d\u0926\u0947\u0936"", ""unnamed_3"": """"}",ROW_LEVEL_EXACT_DUPLICATE_NORMALIZED,Keep the first occurrence as canonical; the other 1 are byte-equal after normalisation and carry no unique data. Record all source rows in provenance.
4a2fe636b2230034,F034,bis_gazette_notification.csv,bis_gazette_notification,2,131; 1030,1,"{""id"": ""115"", ""related_is"": ""is 1029 : 1970"", ""title"": ""\u0939\u0949\u091f \u0930\u094b\u0932\u094d\u0921 \u0938\u094d\u091f\u0940\u0932 \u0938\u094d\u091f\u094d\u0930\u093f\u092a (\u092c\u0947\u0932\u093f\u0902\u0917) \u0939\u0947\u0924\u0941 \u0935\u093f\u0928\u093f\u0930\u094d\u0926\u0947\u0936"", ""unnamed_3"": """"}",ROW_LEVEL_EXACT_DUPLICATE_NORMALIZED,Keep the first occurrence as canonical; the other 1 are byte-equal after normalisation and carry no unique data. Record all source rows in provenance.
812567534a01078b,F034,bis_gazette_notification.csv,bis_gazette_notification,2,132; 1031,1,"{""id"": ""116"", ""related_is"": ""is 2385 : 1977"", ""title"": ""\u0915\u094b\u0932\u094d\u0921-\u0930\u093f\u0921\u094d\u092f\u0942\u0938\u094d\u0921 \u091f\u093f\u0928\u092a\u094d\u0932\u0947\u091f \u090f\u0935\u0902 \u0915\u094b\u0932\u094d\u0921-\u0930\u093f\u0921\u094d\u092f\u0942\u0938\u094d\u0921 \u092c\u094d\u0932\u0948\u0915 \u092a\u094d\u0932\u0947\u091f \u0939\u0947\u0924\u0941 \u0915\u0949\u090",ROW_LEVEL_EXACT_DUPLICATE_NORMALIZED,Keep the first occurrence as canonical; the other 1 are byte-equal after normalisation and carry no unique data. Record all source rows in provenance.
6b29c8a7e8d785b3,F034,bis_gazette_notification.csv,bis_gazette_notification,2,133; 1032,1,"{""id"": ""117"", ""related_is"": ""is 3039 : 1988"", ""title"": ""\u091c\u0939\u093e\u091c\u094b\u0902 \u0915\u0947 \u0939\u0941\u0932 \u0928\u093f\u0930\u094d\u092e\u093e\u0923 \u0939\u0947\u0924\u0941 \u0938\u0902\u0930\u091a\u0928\u093e\u0924\u094d\u092e\u0915 \u0938\u094d\u091f\u0940\u0932 \u0915\u093e \u0935\u093f\u0928\u093f\u0930\u094d\u0926\u0947\u0936"", ""unnamed_3"": """"}",ROW_LEVEL_EXACT_DUPLICATE_NORMALIZED,Keep the first occurrence as canonical; the other 1 are byte-equal after normalisation and carry no unique data. Record all source rows in provenance.
bdcfe8eb37607ae3,F034,bis_gazette_notification.csv,bis_gazette_notification,2,134; 1033,1,"{""id"": ""118"", ""related_is"": ""is 9550 : 2001"", ""title"": ""\u092c\u094d\u0930\u093e\u0907\u091f \u0938\u094d\u091f\u0940\u0932 \u092c\u093e\u0930 \u2014 \u0935\u093f\u0928\u093f\u0930\u094d\u0926\u0947\u0936"", ""unnamed_3"": """"}",ROW_LEVEL_EXACT_DUPLICATE_NORMALIZED,Keep the first occurrence as canonical; the other 1 are byte-equal after normalisation and carry no unique data. Record all source rows in provenance.
140397f3fd0648fe,F034,bis_gazette_notification.csv,bis_gazette_notification,2,135; 1034,1,"{""id"": ""119"", ""related_is"": ""is 3748 : 1990"", ""title"": ""\u091f\u0942\u0932 \u090f\u0935\u0902 \u0921\u093e\u0908 \u0938\u094d\u091f\u0940\u0932 \u2014 \u0935\u093f\u0928\u093f\u0930\u094d\u0926\u0947\u0936"", ""unnamed_3"": """"}",ROW_LEVEL_EXACT_DUPLICATE_NORMALIZED,Keep the first occurrence as canonical; the other 1 are byte-equal after normalisation and carry no unique data. Record all source rows in provenance.
d994de45e843f808,F034,bis_gazette_notification.csv,bis_gazette_notification,2,136; 1035,1,"{""id"": ""120"", ""related_is"": ""is 5517 : 1993"", ""title"": ""\u0939\u093e\u0930\u094d\u0921\u0928\u093f\u0902\u0917 \u090f\u0935\u0902 \u091f\u0947\u092e\u094d\u092a\u0930\u093f\u0902\u0917 \u0939\u0947\u0924\u0941 \u0938\u094d\u091f\u0940\u0932 \u2014 \u0935\u093f\u0928\u093f\u0930\u094d\u0926\u0947\u0936"", ""unnamed_3"": """"}",ROW_LEVEL_EXACT_DUPLICATE_NORMALIZED,Keep the first occurrence as canonical; the other 1 are byte-equal after normalisation and carry no unique data. Record all source rows in provenance.
669a02f543fe62fd,F034,bis_gazette_notification.csv,bis_gazette_notification,2,137; 1036,1,"{""id"": ""121"", ""related_is"": ""is 16732 : 2019"", ""title"": ""\u0917\u0948\u0932\u094d\u0935\u0947\u0928\u093e\u0907\u091c\u094d\u0921 \u0938\u0902\u0930\u091a\u0928\u093e\u0924\u094d\u092e\u0915 \u0938\u094d\u091f\u0940\u0932 \u2014 \u0935\u093f\u0928\u093f\u0930\u094d\u0926\u0947\u0936"", ""unnamed_3"": """"}",ROW_LEVEL_EXACT_DUPLICATE_NORMALIZED,Keep the first occurrence as canonical; the other 1 are byte-equal after normalisation and carry no unique data. Record all source rows in provenance.
03db7e78856e3742,F034,bis_gazette_notification.csv,bis_gazette_notification,2,138; 1037,1,"{""id"": ""122"", ""related_is"": ""is 7494 : 1981"", ""title"": ""\u0906\u0902\u0924\u0930\u093f\u0915 \u0926\u0939\u0928 \u0907\u0902\u091c\u0928\u094b\u0902 \u0915\u0947 \u0935\u093e\u0932\u094d\u0935\u094b\u0902 \u0939\u0947\u0924\u0941 \u0938\u094d\u091f\u0940\u0932 \u2014 \u0935\u093f\u0928\u093f\u0930\u094d\u0926\u0947\u0936"", ""unnamed_3"": """"}",ROW_LEVEL_EXACT_DUPLICATE_NORMALIZED,Keep the first occurrence as canonical; the other 1 are byte-equal after normalisation and carry no unique data. Record all source rows in provenance.
d1e2dc2a21a6855b,F034,bis_gazette_notification.csv,bis_gazette_notification,2,139; 1038,1,"{""id"": ""123"", ""related_is"": ""is 12146 : 1987"", ""title"": ""\u0926\u093e\u092c \u092a\u093e\u0924\u094d\u0930\u094b\u0902 \u0939\u0947\u0924\u0941 \u0915\u093e\u0930\u094d\u092c\u0928 \u092e\u0948\u0902\u0917\u0928\u0940\u091c \u0938\u094d\u091f\u0940\u0932 \u092b\u094b\u0930\u094d\u091c\u093f\u0902\u0917\u094d\u0938 \u2014 \u0935\u093f\u0928\u093f\u0930\u094d\u0926\u0947\u0936"", ""unnamed_3"": """"}",ROW_LEVEL_EXACT_DUPLICATE_NORMALIZED,Keep the first occurrence as canonical; the other 1 are byte-equal after normalisation and carry no unique data. Record all source rows in provenance.
c4939499398c6c8e,F034,bis_gazette_notification.csv,bis_gazette_notification,2,140; 1039,1,"{""id"": ""124"", ""related_is"": ""is 16585 : 2016"", ""title"": ""\u091a\u0941\u0902\u092c\u0915\u0940\u092f \u092a\u0926\u093e\u0930\u094d\u0925 \u2014 \u0935\u094d\u092f\u0915\u094d\u0924\u093f\u0917\u0924 \u0938\u093e\u092e\u0917\u094d\u0930\u0940 \u0939\u0947\u0924\u0941 \u0935\u093f\u0928\u093f\u0930\u094d\u0926\u0947\u0936 \u2014 \u0905\u0930\u094d\u0927-\u092a\u094d\u0930\u0938\u0902\u0938\u094d\u09",ROW_LEVEL_EXACT_DUPLICATE_NORMALIZED,Keep the first occurrence as canonical; the other 1 are byte-equal after normalisation and carry no unique data. Record all source rows in provenance.
3a4e11a2dfd901ca,F034,bis_gazette_notification.csv,bis_gazette_notification,2,141; 1040,1,"{""id"": ""125"", ""related_is"": ""is 2831 : 2012"", ""title"": ""\u0938\u0902\u0930\u091a\u0928\u093e\u0924\u094d\u092e\u0915 \u0938\u094d\u091f\u0940\u0932 (\u0938\u093e\u092e\u093e\u0928\u094d\u092f \u0917\u0941\u0923\u0935\u0924\u094d\u0924\u093e) \u092e\u0947\u0902 \u092a\u0941\u0928\u0903 \u0930\u094b\u0932\u093f\u0902\u0917 \u0939\u0947\u0924\u0941 \u0915\u093e\u0930\u094d\u092c\u0928 \u0938\u094d\u0",ROW_LEVEL_EXACT_DUPLICATE_NORMALIZED,Keep the first occurrence as canonical; the other 1 are byte-equal after normalisation and carry no unique data. Record all source rows in provenance.
2e7037d67a830100,F034,bis_gazette_notification.csv,bis_gazette_notification,2,142; 1041,1,"{""id"": ""126"", ""related_is"": ""is 1148 : 2009"", ""title"": ""\u0938\u0902\u0930\u091a\u0928\u093e\u0924\u094d\u092e\u0915 \u092a\u094d\u0930\u092f\u094b\u091c\u0928\u094b\u0902 \u0939\u0947\u0924\u0941 \u0938\u094d\u091f\u0940\u0932 \u0930\u093f\u0935\u0947\u091f \u092c\u093e\u0930 (\u092e\u0927\u094d\u092f\u092e \u090f\u0935\u0902 \u0909\u091a\u094d\u091a \u0924\u0928\u094d\u092f\u0924\u093e)"", ""unnam",ROW_LEVEL_EXACT_DUPLICATE_NORMALIZED,Keep the first occurrence as canonical; the other 1 are byte-equal after normalisation and carry no unique data. Record all source rows in provenance.
dee80524fde7b882,F034,bis_gazette_notification.csv,bis_gazette_notification,2,143; 1042,1,"{""id"": ""127"", ""related_is"": ""is 1673 : 1984"", ""title"": ""\u0915\u094b\u0932\u094d\u0921 \u0939\u0947\u0921\u093f\u0902\u0917 \u0917\u0941\u0923\u0935\u0924\u094d\u0924\u093e \u0939\u0947\u0924\u0941 \u092e\u093e\u0907\u0932\u094d\u0921 \u0938\u094d\u091f\u0940\u0932 \u0935\u093e\u092f\u0930 \u2014 \u0935\u093f\u0928\u093f\u0930\u094d\u0926\u0947\u0936"", ""unnamed_3"": """"}",ROW_LEVEL_EXACT_DUPLICATE_NORMALIZED,Keep the first occurrence as canonical; the other 1 are byte-equal after normalisation and carry no unique data. Record all source rows in provenance.
2fd125d258a380b9,F034,bis_gazette_notification.csv,bis_gazette_notification,2,144; 1043,1,"{""id"": ""128"", ""related_is"": ""is 1812 : 1982"", ""title"": ""\u0932\u0915\u0921\u093c\u0940 \u0915\u0947 \u0938\u094d\u0915\u094d\u0930\u0942 \u0928\u093f\u0930\u094d\u092e\u093e\u0923 \u0939\u0947\u0924\u0941 \u0915\u093e\u0930\u094d\u092c\u0928 \u0938\u094d\u091f\u0940\u0932 \u0935\u093e\u092f\u0930 \u2014 \u0935\u093f\u0928\u093f\u0930\u094d\u0926\u0947\u0936"", ""unnamed_3"": """"}",ROW_LEVEL_EXACT_DUPLICATE_NORMALIZED,Keep the first occurrence as canonical; the other 1 are byte-equal after normalisation and carry no unique data. Record all source rows in provenance.
6fdf7aa93dd2729a,F034,bis_gazette_notification.csv,bis_gazette_notification,2,145; 1044,1,"{""id"": ""129"", ""related_is"": ""is 2507 : 1975"", ""title"": ""\u0938\u094d\u092a\u094d\u0930\u093f\u0902\u0917\u094d\u0938 \u0939\u0947\u0924\u0941 \u0915\u094b\u0932\u094d\u0921 \u0930\u094b\u0932\u094d\u0921 \u0938\u094d\u091f\u0940\u0932 \u0938\u094d\u091f\u094d\u0930\u093f\u092a \u2014 \u0935\u093f\u0928\u093f\u0930\u094d\u0926\u0947\u0936"", ""unnamed_3"": """"}",ROW_LEVEL_EXACT_DUPLICATE_NORMALIZED,Keep the first occurrence as canonical; the other 1 are byte-equal after normalisation and carry no unique data. Record all source rows in provenance.
271eb06a7388be4b,F034,bis_gazette_notification.csv,bis_gazette_notification,2,146; 1045,1,"{""id"": ""130"", ""related_is"": ""is 2255 : 1977"", ""title"": ""\u0915\u094b\u0932\u094d\u0921 \u0939\u0947\u0921\u093f\u0902\u0917 \u092a\u094d\u0930\u0915\u094d\u0930\u093f\u092f\u093e \u0926\u094d\u0935\u093e\u0930\u093e \u092e\u0936\u0940\u0928 \u0938\u094d\u0915\u094d\u0930\u0942 \u0928\u093f\u0930\u094d\u092e\u093e\u0923 \u0939\u0947\u0924\u0941 \u092e\u093e\u0907\u0932\u094d\u0921 \u0938\u094d\u091",ROW_LEVEL_EXACT_DUPLICATE_NORMALIZED,Keep the first occurrence as canonical; the other 1 are byte-equal after normalisation and carry no unique data. Record all source rows in provenance.
ea289bf99547dc68,F034,bis_gazette_notification.csv,bis_gazette_notification,2,147; 1046,1,"{""id"": ""131"", ""related_is"": ""is 3195 : 1992"", ""title"": ""\u0930\u0947\u0932\u0935\u0947 \u0930\u094b\u0932\u093f\u0902\u0917 \u0938\u094d\u091f\u0949\u0915 \u0939\u0947\u0924\u0941 \u0935\u094b\u0932\u094d\u092f\u0942\u091f \u090f\u0935\u0902 \u0939\u0947\u0932\u093f\u0915\u0932 \u0938\u094d\u092a\u094d\u0930\u093f\u0902\u0917\u094d\u0938 \u0915\u0947 \u0928\u093f\u0930\u094d\u092e\u093e\u0923 \u09",ROW_LEVEL_EXACT_DUPLICATE_NORMALIZED,Keep the first occurrence as canonical; the other 1 are byte-equal after normalisation and carry no unique data. Record all source rows in provenance.
90c88053ca146832,F034,bis_gazette_notification.csv,bis_gazette_notification,2,148; 1047,1,"{""id"": ""132"", ""related_is"": ""is 3431 : 1982"", ""title"": ""\u0911\u091f\u094b\u092e\u094b\u091f\u093f\u0935 \u0938\u0938\u094d\u092a\u0947\u0902\u0936\u0928 \u0939\u0947\u0924\u0941 \u0935\u094b\u0932\u094d\u092f\u0942\u091f, \u0939\u0947\u0932\u093f\u0915\u0932 \u090f\u0935\u0902 \u0932\u0948\u092e\u093f\u0928\u0947\u091f\u0947\u0921 \u0938\u094d\u092a\u094d\u0930\u093f\u0902\u0917\u094d\u0938 \u091",ROW_LEVEL_EXACT_DUPLICATE_NORMALIZED,Keep the first occurrence as canonical; the other 1 are byte-equal after normalisation and carry no unique data. Record all source rows in provenance.
449adfa8af65ac88,F034,bis_gazette_notification.csv,bis_gazette_notification,2,149; 1048,1,"{""id"": ""133"", ""related_is"": ""is 3885-part-1: 1992"", ""title"": ""\u0932\u0947\u092e\u093f\u0928\u0947\u091f\u0947\u0921 \u0938\u094d\u092a\u094d\u0930\u093f\u0902\u0917\u094d\u0938 (\u0930\u0947\u0932\u0935\u0947 \u0930\u094b\u0932\u093f\u0902\u0917 \u0938\u094d\u091f\u0949\u0915) \u0915\u0947 \u0928\u093f\u0930\u094d\u092e\u093e\u0923 \u0939\u0947\u0924\u0941 \u0938\u094d\u091f\u0940\u0932 \u2014 \u",ROW_LEVEL_EXACT_DUPLICATE_NORMALIZED,Keep the first occurrence as canonical; the other 1 are byte-equal after normalisation and carry no unique data. Record all source rows in provenance.
c3f207f8998264eb,F034,bis_gazette_notification.csv,bis_gazette_notification,2,150; 1049,1,"{""id"": ""134"", ""related_is"": ""is 3885-part- 2: 1992"", ""title"": ""\u0932\u0947\u092e\u093f\u0928\u0947\u091f\u0947\u0921 \u0938\u094d\u092a\u094d\u0930\u093f\u0902\u0917\u094d\u0938 (\u0930\u0947\u0932\u0935\u0947 \u0930\u094b\u0932\u093f\u0902\u0917 \u0938\u094d\u091f\u0949\u0915) \u0915\u0947 \u0928\u093f\u0930\u094d\u092e\u093e\u0923 \u0939\u0947\u0924\u0941 \u0938\u094d\u091f\u0940\u0932 \u2014 \",ROW_LEVEL_EXACT_DUPLICATE_NORMALIZED,Keep the first occurrence as canonical; the other 1 are byte-equal after normalisation and carry no unique data. Record all source rows in provenance.
0267637282b45c5e,F034,bis_gazette_notification.csv,bis_gazette_notification,2,151; 1050,1,"{""id"": ""135"", ""related_is"": ""is 4223: 1975"", ""title"": ""\u091b\u093e\u0924\u0947 \u0915\u0940 \u0924\u0940\u0932\u093f\u092f\u094b\u0902 \u0939\u0947\u0924\u0941 \u0938\u094d\u091f\u0940\u0932 \u0935\u093e\u092f\u0930 \u2014 \u0935\u093f\u0928\u093f\u0930\u094d\u0926\u0947\u0936"", ""unnamed_3"": """"}",ROW_LEVEL_EXACT_DUPLICATE_NORMALIZED,Keep the first occurrence as canonical; the other 1 are byte-equal after normalisation and carry no unique data. Record all source rows in provenance.
1ac2e5fafa694823,F034,bis_gazette_notification.csv,bis_gazette_notification,2,152; 1051,1,"{""id"": ""136"", ""related_is"": ""is 4224: 1972"", ""title"": ""\u0938\u094d\u091f\u0947\u092a\u0932, \u092a\u093f\u0928 \u090f\u0935\u0902 \u0915\u094d\u0932\u093f\u092a \u0939\u0947\u0924\u0941 \u0938\u094d\u091f\u0940\u0932 \u0935\u093e\u092f\u0930 \u2014 \u0935\u093f\u0928\u093f\u0930\u094d\u0926\u0947\u0936"", ""unnamed_3"": """"}",ROW_LEVEL_EXACT_DUPLICATE_NORMALIZED,Keep the first occurrence as canonical; the other 1 are byte-equal after normalisation and carry no unique data. Record all source rows in provenance.
d1f01c3954796df7,F034,bis_gazette_notification.csv,bis_gazette_notification,2,153; 1052,1,"{""id"": ""137"", ""related_is"": ""is 4397: 1999"", ""title"": ""\u092c\u0949\u0932 \u090f\u0935\u0902 \u0930\u094b\u0932\u0930 \u092c\u0947\u092f\u0930\u093f\u0902\u0917 \u0915\u0947\u091c/\u0930\u093f\u091f\u0947\u0928\u0930 \u0939\u0947\u0924\u0941 \u0915\u094b\u0932\u094d\u0921 \u0930\u094b\u0932\u094d\u0921 \u0915\u093e\u0930\u094d\u092c\u0928 \u0938\u094d\u091f\u0940\u0932 \u0938\u094d\u091f\u094d\u09",ROW_LEVEL_EXACT_DUPLICATE_NORMALIZED,Keep the first occurrence as canonical; the other 1 are byte-equal after normalisation and carry no unique data. Record all source rows in provenance.
93cb0761679b6b7b,F034,bis_gazette_notification.csv,bis_gazette_notification,2,154; 1053,1,"{""id"": ""138"", ""related_is"": ""is 4398: 1994"", ""title"": ""\u092c\u0949\u0932, \u0930\u094b\u0932\u0930 \u090f\u0935\u0902 \u092c\u0947\u092f\u0930\u093f\u0902\u0917 \u0930\u0947\u0938 \u0915\u0947 \u0928\u093f\u0930\u094d\u092e\u093e\u0923 \u0939\u0947\u0924\u0941 \u0915\u093e\u0930\u094d\u092c\u0928-\u0915\u094d\u0930\u094b\u092e\u093f\u092f\u092e \u0938\u094d\u091f\u0940\u0932 \u2014 \u0935\u093f\u",ROW_LEVEL_EXACT_DUPLICATE_NORMALIZED,Keep the first occurrence as canonical; the other 1 are byte-equal after normalisation and carry no unique data. Record all source rows in provenance.
f75fa44df74abb21,F034,bis_gazette_notification.csv,bis_gazette_notification,2,155; 1054,1,"{""id"": ""139"", ""related_is"": ""is 6902: 1973"", ""title"": ""\u0938\u094d\u092a\u094b\u0915\u094d\u0938 (\u0924\u093e\u0930) \u0939\u0947\u0924\u0941 \u0938\u094d\u091f\u0940\u0932 \u0935\u093e\u092f\u0930 \u2014 \u0935\u093f\u0928\u093f\u0930\u094d\u0926\u0947\u0936"", ""unnamed_3"": """"}",ROW_LEVEL_EXACT_DUPLICATE_NORMALIZED,Keep the first occurrence as canonical; the other 1 are byte-equal after normalisation and carry no unique data. Record all source rows in provenance.
929ae6eba638acdf,F034,bis_gazette_notification.csv,bis_gazette_notification,2,156; 1055,1,"{""id"": ""140"", ""related_is"": ""is 6967: 1973"", ""title"": ""\u0935\u093f\u0926\u094d\u092f\u0941\u0924 \u0935\u0947\u0932\u094d\u0921\u0947\u0921 \u0917\u094b\u0932 \u0932\u093f\u0902\u0915 \u091a\u0947\u0928 \u0915\u0947 \u0932\u093f\u090f \u0938\u094d\u091f\u0940\u0932 \u2014 \u0935\u093f\u0928\u093f\u0930\u094d\u0926\u0947\u0936"", ""unnamed_3"": """"}",ROW_LEVEL_EXACT_DUPLICATE_NORMALIZED,Keep the first occurrence as canonical; the other 1 are byte-equal after normalisation and carry no unique data. Record all source rows in provenance.
7328f40603afdb84,F034,bis_gazette_notification.csv,bis_gazette_notification,2,157; 1056,1,"{""id"": ""141"", ""related_is"": ""is 7226: 1974"", ""title"": ""\u0938\u093e\u092e\u093e\u0928\u094d\u092f \u0905\u092d\u093f\u092f\u093e\u0902\u0924\u094d\u0930\u093f\u0915\u0940 \u092a\u094d\u0930\u092f\u094b\u091c\u0928\u094b\u0902 \u0939\u0947\u0924\u0941 \u0915\u094b\u0932\u094d\u0921 \u0930\u094b\u0932\u094d\u0921 \u092e\u0927\u094d\u092f\u092e, \u0909\u091a\u094d\u091a \u0915\u093e\u0930\u094d\u092c",ROW_LEVEL_EXACT_DUPLICATE_NORMALIZED,Keep the first occurrence as canonical; the other 1 are byte-equal after normalisation and carry no unique data. Record all source rows in provenance.
91acee08e45c6d74,F034,bis_gazette_notification.csv,bis_gazette_notification,2,158; 1057,1,"{""id"": ""142"", ""related_is"": ""is 7557: 1982"", ""title"": ""\u0915\u094b\u0932\u094d\u0921-\u092b\u094b\u0930\u094d\u091c\u094d\u0921 \u0930\u093f\u0935\u0947\u091f\u094d\u0938 \u0915\u0947 \u0928\u093f\u0930\u094d\u092e\u093e\u0923 \u0939\u0947\u0924\u0941 (20 \u092e\u093f\u092e\u0940 \u0924\u0915) \u0938\u094d\u091f\u0940\u0932 \u0935\u093e\u092f\u0930 \u2014 \u0935\u093f\u0928\u093f\u0930\u094d\u092",ROW_LEVEL_EXACT_DUPLICATE_NORMALIZED,Keep the first occurrence as canonical; the other 1 are byte-equal after normalisation and carry no unique data. Record all source rows in provenance.
2d7f254842290c91,F034,bis_gazette_notification.csv,bis_gazette_notification,2,159; 1058,1,"{""id"": ""143"", ""related_is"": ""is 8052: 2006"", ""title"": ""\u0938\u093e\u092e\u093e\u0928\u094d\u092f \u0905\u092d\u093f\u092f\u093e\u0902\u0924\u094d\u0930\u093f\u0915\u0940 \u0909\u092a\u092f\u094b\u0917 \u0939\u0947\u0924\u0941 \u0938\u094d\u092a\u094d\u0930\u093f\u0902\u0917, \u0930\u093f\u0935\u0947\u091f \u090f\u0935\u0902 \u0938\u094d\u0915\u094d\u0930\u0942 \u0915\u0947 \u0909\u0924\u094d\u092",ROW_LEVEL_EXACT_DUPLICATE_NORMALIZED,Keep the first occurrence as canonical; the other 1 are byte-equal after normalisation and carry no unique data. Record all source rows in provenance.
6cf88f000f5d1c99,F034,bis_gazette_notification.csv,bis_gazette_notification,2,160; 1059,1,"{""id"": ""144"", ""related_is"": ""is 8951: 2001"", ""title"": ""\u0909\u091a\u094d\u091a \u0915\u093e\u0930\u094d\u092c\u0928 \u0938\u094d\u091f\u0940\u0932 \u0935\u093e\u092f\u0930 \u0930\u0949\u0921\u094d\u0938 \u0915\u0947 \u0909\u0924\u094d\u092a\u093e\u0926\u0928 \u0939\u0947\u0924\u0941 \u0938\u094d\u091f\u0940\u0932 \u0915\u093e\u0938\u094d\u091f \u092c\u093f\u0932\u0947\u091f \u0907\u0928\u0917\u09",ROW_LEVEL_EXACT_DUPLICATE_NORMALIZED,Keep the first occurrence as canonical; the other 1 are byte-equal after normalisation and carry no unique data. Record all source rows in provenance.
6bfc02e6642778c7,F034,bis_gazette_notification.csv,bis_gazette_notification,2,161; 1060,1,"{""id"": ""145"", ""related_is"": ""is 8952: 1995"", ""title"": ""\u0938\u093e\u092e\u093e\u0928\u094d\u092f \u0905\u092d\u093f\u092f\u093e\u0902\u0924\u094d\u0930\u093f\u0915\u0940 \u092a\u094d\u0930\u092f\u094b\u091c\u0928\u094b\u0902 \u0939\u0947\u0924\u0941 \u092e\u093e\u0907\u0932\u094d\u0921 \u0938\u094d\u091f\u0940\u0932 \u0935\u093e\u092f\u0930 \u0930\u0949\u0921\u094d\u0938 \u0915\u0947 \u0909\u0924",ROW_LEVEL_EXACT_DUPLICATE_NORMALIZED,Keep the first occurrence as canonical; the other 1 are byte-equal after normalisation and carry no unique data. Record all source rows in provenance.
124b4024640d7c40,F034,bis_gazette_notification.csv,bis_gazette_notification,2,162; 1061,1,"{""id"": ""146"", ""related_is"": ""is 9476: 1980"", ""title"": ""\u0915\u093e\u0930\u094d\u092c\u0928 \u0938\u094d\u091f\u0940\u0932 \u0930\u0947\u091c\u093c\u0930 \u092c\u094d\u0932\u0947\u0921\u094d\u0938 \u0939\u0947\u0924\u0941 \u0915\u094b\u0932\u094d\u0921 \u0930\u094b\u0932\u094d\u0921 \u0938\u094d\u091f\u0940\u0932 \u0938\u094d\u091f\u094d\u0930\u093f\u092a \u2014 \u0935\u093f\u0928\u093f\u0930\u094",ROW_LEVEL_EXACT_DUPLICATE_NORMALIZED,Keep the first occurrence as canonical; the other 1 are byte-equal after normalisation and carry no unique data. Record all source rows in provenance.
56bba1af9f8f120c,F034,bis_gazette_notification.csv,bis_gazette_notification,2,163; 1062,1,"{""id"": ""147"", ""related_is"": ""is 9962: 1981"", ""title"": ""\u0938\u0941\u0907\u092f\u094b\u0902 \u0939\u0947\u0924\u0941 \u0938\u094d\u091f\u0940\u0932 \u0935\u093e\u092f\u0930 \u2014 \u0935\u093f\u0928\u093f\u0930\u094d\u0926\u0947\u0936"", ""unnamed_3"": """"}",ROW_LEVEL_EXACT_DUPLICATE_NORMALIZED,Keep the first occurrence as canonical; the other 1 are byte-equal after normalisation and carry no unique data. Record all source rows in provenance.
bdcf856cf180cf2d,F034,bis_gazette_notification.csv,bis_gazette_notification,2,164; 1063,1,"{""id"": ""148"", ""related_is"": ""is 17111: 2019 (iso 683-17: 2014)"", ""title"": ""\u090a\u0937\u094d\u092e\u093e-\u0909\u092a\u091a\u093e\u0930\u093f\u0924 \u092e\u093f\u0936\u094d\u0930\u0927\u093e\u0924\u0941 \u090f\u0935\u0902 \u092b\u094d\u0930\u0940-\u0915\u091f\u093f\u0902\u0917 \u0938\u094d\u091f\u0940\u0932 \u2014 \u092c\u0949\u0932 \u090f\u0935\u0902 \u0930\u094b\u0932\u0930 \u092c\u0947\u092f\u",ROW_LEVEL_EXACT_DUPLICATE_NORMALIZED,Keep the first occurrence as canonical; the other 1 are byte-equal after normalisation and carry no unique data. Record all source rows in provenance.
843486a1d7d0bc95,F034,bis_gazette_notification.csv,bis_gazette_notification,2,165; 1064,1,"{""id"": ""149"", ""related_is"": ""is 14331:1995"", ""title"": ""\u0909\u091a\u094d\u091a \u0924\u093e\u092a\u092e\u093e\u0928 \u092c\u094b\u0932\u094d\u091f\u093f\u0902\u0917 \u0905\u0928\u0941\u092a\u094d\u0930\u092f\u094b\u0917\u094b\u0902 \u0939\u0947\u0924\u0941 \u0938\u094d\u091f\u0940\u0932 \u2014 \u0935\u093f\u0928\u093f\u0930\u094d\u0926\u0947\u0936"", ""unnamed_3"": """"}",ROW_LEVEL_EXACT_DUPLICATE_NORMALIZED,Keep the first occurrence as canonical; the other 1 are byte-equal after normalisation and carry no unique data. Record all source rows in provenance.
b6b8eea8ec9a0531,F034,bis_gazette_notification.csv,bis_gazette_notification,2,166; 1065,1,"{""id"": ""150"", ""related_is"": ""is 12594: 1988"", ""title"": ""\u0915\u0902\u0915\u094d\u0930\u0940\u091f \u0938\u0941\u0926\u0943\u0922\u0940\u0915\u0930\u0923 \u0939\u0947\u0924\u0941 \u0938\u0902\u0930\u091a\u0928\u093e\u0924\u094d\u092e\u0915 \u0938\u094d\u091f\u0940\u0932 \u092c\u093e\u0930 \u092a\u0930 \u0939\u0949\u091f-\u0921\u093f\u092a \u091c\u093f\u0902\u0915 \u0915\u094b\u091f\u093f\u0902\u09",ROW_LEVEL_EXACT_DUPLICATE_NORMALIZED,Keep the first occurrence as canonical; the other 1 are byte-equal after normalisation and carry no unique data. Record all source rows in provenance.
f2c9763d56443d8d,F034,bis_gazette_notification.csv,bis_gazette_notification,2,167; 1066,1,"{""id"": ""151"", ""related_is"": ""is 14650:1999"", ""title"": ""\u0930\u0940-\u0930\u094b\u0932\u093f\u0902\u0917 \u092a\u094d\u0930\u092f\u094b\u091c\u0928\u094b\u0902 \u0939\u0947\u0924\u0941 \u0915\u093e\u0930\u094d\u092c\u0928 \u0938\u094d\u091f\u0940\u0932 \u0915\u093e\u0938\u094d\u091f \u092c\u093f\u0932\u0947\u091f \u0907\u0928\u0917\u091f, \u092c\u093f\u0932\u0947\u091f, \u092c\u094d\u0932\u0942\u0",ROW_LEVEL_EXACT_DUPLICATE_NORMALIZED,Keep the first occurrence as canonical; the other 1 are byte-equal after normalisation and carry no unique data. Record all source rows in provenance.
a2e427cefdf46320,F034,bis_gazette_notification.csv,bis_gazette_notification,2,168; 1067,1,"{""id"": ""152"", ""related_is"": ""is 4882: 1979"", ""title"": ""\u092c\u0947\u092f\u0930\u093f\u0902\u0917 \u0909\u0926\u094d\u092f\u094b\u0917 \u092e\u0947\u0902 \u0909\u092a\u092f\u094b\u0917 \u0939\u0947\u0924\u0941 \u0930\u093f\u0935\u0947\u091f\u094d\u0938 \u0915\u0947 \u0932\u093f\u090f \u0928\u093f\u092e\u094d\u0928 \u0915\u093e\u0930\u094d\u092c\u0928 \u0938\u094d\u091f\u0940\u0932 \u0935\u093e\u09",ROW_LEVEL_EXACT_DUPLICATE_NORMALIZED,Keep the first occurrence as canonical; the other 1 are byte-equal after normalisation and carry no unique data. Record all source rows in provenance.
e10a364d7a1e145a,F034,bis_gazette_notification.csv,bis_gazette_notification,2,169; 1068,1,"{""id"": ""153"", ""related_is"": ""is 2090:1983"", ""title"": ""\u092a\u0942\u0930\u094d\u0935-\u0924\u0928\u093e\u0935\u093f\u0924 \u0915\u0902\u0915\u094d\u0930\u0940\u091f \u092e\u0947\u0902 \u092a\u094d\u0930\u092f\u0941\u0915\u094d\u0924 \u0909\u091a\u094d\u091a \u0924\u0928\u094d\u092f\u0924\u093e \u0938\u094d\u091f\u0940\u0932 \u092c\u093e\u0930 \u2014 \u0935\u093f\u0928\u093f\u0930\u094d\u0926\u0947",ROW_LEVEL_EXACT_DUPLICATE_NORMALIZED,Keep the first occurrence as canonical; the other 1 are byte-equal after normalisation and carry no unique data. Record all source rows in provenance.
63ab883174e4263b,F034,bis_gazette_notification.csv,bis_gazette_notification,2,170; 1069,1,"{""id"": ""154"", ""related_is"": ""is 6529:1996"", ""title"": ""\u092b\u094b\u0930\u094d\u091c\u093f\u0902\u0917 \u0939\u0947\u0924\u0941 \u0938\u094d\u091f\u0947\u0928\u0932\u0947\u0938 \u0938\u094d\u091f\u0940\u0932 \u092c\u094d\u0932\u0942\u092e, \u092c\u093f\u0932\u0947\u091f \u090f\u0935\u0902 \u0938\u094d\u0932\u0948\u092c"", ""unnamed_3"": """"}",ROW_LEVEL_EXACT_DUPLICATE_NORMALIZED,Keep the first occurrence as canonical; the other 1 are byte-equal after normalisation and carry no unique data. Record all source rows in provenance.
2ab722707e28fd56,F034,bis_gazette_notification.csv,bis_gazette_notification,2,171; 1070,1,"{""id"": ""155"", ""related_is"": ""is 9294:1979"", ""title"": ""\u0930\u0947\u091c\u093c\u0930 \u092c\u094d\u0932\u0947\u0921\u094d\u0938 \u0939\u0947\u0924\u0941 \u0915\u094b\u0932\u094d\u0921 \u0930\u094b\u0932\u094d\u0921 \u0938\u094d\u091f\u0947\u0928\u0932\u0947\u0938 \u0938\u094d\u091f\u0940\u0932 \u0938\u094d\u091f\u094d\u0930\u093f\u092a"", ""unnamed_3"": """"}",ROW_LEVEL_EXACT_DUPLICATE_NORMALIZED,Keep the first occurrence as canonical; the other 1 are byte-equal after normalisation and carry no unique data. Record all source rows in provenance.
1968a491a93201ba,F034,bis_gazette_notification.csv,bis_gazette_notification,2,172; 1071,1,"{""id"": ""156"", ""related_is"": ""is 10631:1983"", ""title"": ""\u0935\u0947\u0932\u094d\u0921\u093f\u0902\u0917 \u0907\u0932\u0947\u0915\u094d\u091f\u094d\u0930\u094b\u0921 \u0915\u094b\u0930 \u0935\u093e\u092f\u0930 \u0939\u0947\u0924\u0941 \u0938\u094d\u091f\u0947\u0928\u0932\u0947\u0938 \u0938\u094d\u091f\u0940\u0932"", ""unnamed_3"": """"}",ROW_LEVEL_EXACT_DUPLICATE_NORMALIZED,Keep the first occurrence as canonical; the other 1 are byte-equal after normalisation and carry no unique data. Record all source rows in provenance.
140a024d44a3032c,F034,bis_gazette_notification.csv,bis_gazette_notification,2,173; 1072,1,"{""id"": ""157"", ""related_is"": ""is 10632 (part 2):1983"", ""title"": ""\u0935\u093f\u0926\u094d\u092f\u0941\u0924 \u0905\u0928\u0941\u092a\u094d\u0930\u092f\u094b\u0917\u094b\u0902 \u0939\u0947\u0924\u0941 \u0905\u091a\u0941\u0902\u092c\u0915\u0940\u092f \u0938\u094d\u091f\u0947\u0928\u0932\u0947\u0938 \u0938\u094d\u091f\u0940\u0932 \u2014 \u092d\u093e\u0917 2 : \u092c\u093e\u0907\u0902\u0921\u093f\u0902",ROW_LEVEL_EXACT_DUPLICATE_NORMALIZED,Keep the first occurrence as canonical; the other 1 are byte-equal after normalisation and carry no unique data. Record all source rows in provenance.
6400c1e5038d9e36,F034,bis_gazette_notification.csv,bis_gazette_notification,2,174; 1073,1,"{""id"": ""158"", ""related_is"": ""is 10632 (part 3):1983"", ""title"": ""\u0935\u093f\u0926\u094d\u092f\u0941\u0924 \u0905\u0928\u0941\u092a\u094d\u0930\u092f\u094b\u0917\u094b\u0902 \u0939\u0947\u0924\u0941 \u0905\u091a\u0941\u0902\u092c\u0915\u0940\u092f \u0938\u094d\u091f\u0947\u0928\u0932\u0947\u0938 \u0938\u094d\u091f\u0940\u0932 \u2014 \u092d\u093e\u0917 3 : \u0936\u0940\u091f, \u0938\u094d\u091f\u09",ROW_LEVEL_EXACT_DUPLICATE_NORMALIZED,Keep the first occurrence as canonical; the other 1 are byte-equal after normalisation and carry no unique data. Record all source rows in provenance.
f1952e72a26b551e,F034,bis_gazette_notification.csv,bis_gazette_notification,2,175; 1074,1,"{""id"": ""159"", ""related_is"": ""is 11169 (part 2): 1989"", ""title"": ""\u0915\u094b\u0932\u094d\u0921 \u0939\u0947\u0921\u093f\u0902\u0917/\u0915\u094b\u0932\u094d\u0921 \u090f\u0915\u094d\u0938\u091f\u094d\u0930\u0942\u091c\u093c\u0928 \u0905\u0928\u0941\u092a\u094d\u0930\u092f\u094b\u0917\u094b\u0902 \u0939\u0947\u0924\u0941 \u0938\u094d\u091f\u0940\u0932 \u2014 \u0935\u093f\u0928\u093f\u0930\u094d\u0",ROW_LEVEL_EXACT_DUPLICATE_NORMALIZED,Keep the first occurrence as canonical; the other 1 are byte-equal after normalisation and carry no unique data. Record all source rows in provenance.
b1e8cf96d13757ea,F034,bis_gazette_notification.csv,bis_gazette_notification,2,176; 1075,1,"{""id"": ""160"", ""related_is"": ""is 5651:1987"", ""title"": ""\u0935\u093e\u092f\u0935\u0940\u092f \u0914\u091c\u093c\u093e\u0930\u094b\u0902 \u0939\u0947\u0924\u0941 \u0938\u094d\u091f\u0940\u0932"", ""unnamed_3"": """"}",ROW_LEVEL_EXACT_DUPLICATE_NORMALIZED,Keep the first occurrence as canonical; the other 1 are byte-equal after normalisation and carry no unique data. Record all source rows in provenance.
19d8a25d51d930ce,F034,bis_gazette_notification.csv,bis_gazette_notification,2,177; 1076,1,"{""id"": ""161"", ""related_is"": ""is 9516:1980"", ""title"": ""\u090a\u0937\u094d\u092e\u093e \u092a\u094d\u0930\u0924\u093f\u0930\u094b\u0927\u0940 \u0938\u094d\u091f\u0940\u0932"", ""unnamed_3"": """"}",ROW_LEVEL_EXACT_DUPLICATE_NORMALIZED,Keep the first occurrence as canonical; the other 1 are byte-equal after normalisation and carry no unique data. Record all source rows in provenance.
96c0f1162e471b1b,F034,bis_gazette_notification.csv,bis_gazette_notification,2,178; 1077,1,"{""id"": ""162"", ""related_is"": ""is 11952:1986"", ""title"": ""\u092a\u093f\u0938\u094d\u091f\u0928 \u092a\u093f\u0928 (\u0917\u0941\u0921\u094d\u091c\u0928 \u092a\u093f\u0928) \u0939\u0947\u0924\u0941 \u0938\u094d\u091f\u0940\u0932"", ""unnamed_3"": """"}",ROW_LEVEL_EXACT_DUPLICATE_NORMALIZED,Keep the first occurrence as canonical; the other 1 are byte-equal after normalisation and carry no unique data. Record all source rows in provenance.
7e2ff21ca103d2cc,F034,bis_gazette_notification.csv,bis_gazette_notification,2,179; 1078,1,"{""id"": ""163"", ""related_is"": ""is 12045:1987"", ""title"": ""\u0935\u093f\u0926\u094d\u092f\u0941\u0924 \u092a\u094d\u0930\u0924\u093f\u0930\u094b\u0927 \u0927\u093e\u0924\u094d\u0935\u093f\u0915 \u0939\u0940\u091f\u093f\u0902\u0917 \u090f\u0932\u093f\u092e\u0947\u0902\u091f\u094d\u0938 \u092e\u0947\u0902 \u092a\u094d\u0930\u092f\u0941\u0915\u094d\u0924 \u092e\u093f\u0936\u094d\u0930\u0927\u093e\u0924\u",ROW_LEVEL_EXACT_DUPLICATE_NORMALIZED,Keep the first occurrence as canonical; the other 1 are byte-equal after normalisation and carry no unique data. Record all source rows in provenance.
fdf64c60886b80f3,F034,bis_gazette_notification.csv,bis_gazette_notification,2,180; 1079,1,"{""id"": ""164"", ""related_is"": ""is 14652:1999"", ""title"": ""18 \u092a\u094d\u0930\u0924\u093f\u0936\u0924 \u0928\u093f\u0915\u0932 \u092e\u0948\u0930\u0947\u091c\u093f\u0902\u0917 \u0938\u094d\u091f\u0940\u0932 \u092c\u093e\u0930 \u090f\u0935\u0902 \u0930\u0949\u0921"", ""unnamed_3"": """"}",ROW_LEVEL_EXACT_DUPLICATE_NORMALIZED,Keep the first occurrence as canonical; the other 1 are byte-equal after normalisation and carry no unique data. Record all source rows in provenance.
109b73184b6ea72d,F034,bis_gazette_notification.csv,bis_gazette_notification,2,181; 1080,1,"{""id"": ""165"", ""related_is"": ""is 1566:1982"", ""title"": ""\u0915\u0902\u0915\u094d\u0930\u0940\u091f \u0938\u0941\u0926\u0943\u0922\u0940\u0915\u0930\u0923 \u0939\u0947\u0924\u0941 \u0939\u093e\u0930\u094d\u0921-\u0921\u094d\u0930\u0949\u0928 \u0938\u094d\u091f\u0940\u0932 \u0935\u093e\u092f\u0930 \u092b\u0948\u092c\u094d\u0930\u093f\u0915 \u2014 \u0935\u093f\u0928\u093f\u0930\u094d\u0926\u0947\u0936""",ROW_LEVEL_EXACT_DUPLICATE_NORMALIZED,Keep the first occurrence as canonical; the other 1 are byte-equal after normalisation and carry no unique data. Record all source rows in provenance.
ae4ad5dc803ad578,F034,bis_gazette_notification.csv,bis_gazette_notification,2,182; 1081,1,"{""id"": ""166"", ""related_is"": ""is 1170: 1992"", ""title"": ""\u092b\u0947\u0930\u094b\u0915\u094d\u0930\u094b\u092e\u093f\u092f\u092e \u2013 \u0935\u093f\u0928\u093f\u0930\u094d\u0926\u0947\u0936"", ""unnamed_3"": """"}",ROW_LEVEL_EXACT_DUPLICATE_NORMALIZED,Keep the first occurrence as canonical; the other 1 are byte-equal after normalisation and carry no unique data. Record all source rows in provenance.
3c975443f23e3fd1,F034,bis_gazette_notification.csv,bis_gazette_notification,2,183; 1082,1,"{""id"": ""167"", ""related_is"": ""is 11946:1987"", ""title"": ""\u0938\u0949\u092b\u094d\u091f \u092e\u0948\u0917\u094d\u0928\u0947\u091f\u093f\u0915 \u0906\u092f\u0930\u0928 \u0938\u094d\u091f\u094d\u0930\u093f\u092a\u094d\u0938"", ""unnamed_3"": """"}",ROW_LEVEL_EXACT_DUPLICATE_NORMALIZED,Keep the first occurrence as canonical; the other 1 are byte-equal after normalisation and carry no unique data. Record all source rows in provenance.
0530af561b65378b,F034,bis_gazette_notification.csv,bis_gazette_notification,2,184; 1083,1,"{""id"": ""168"", ""related_is"": ""is 11947:1987"", ""title"": ""\u0938\u0949\u092b\u094d\u091f \u092e\u0948\u0917\u094d\u0928\u0947\u091f\u093f\u0915 \u0906\u092f\u0930\u0928 \u0930\u0949\u0921, \u092c\u093e\u0930, \u092b\u094d\u0932\u0948\u091f \u090f\u0935\u0902 \u0938\u0947\u0915\u094d\u0936\u0928"", ""unnamed_3"": """"}",ROW_LEVEL_EXACT_DUPLICATE_NORMALIZED,Keep the first occurrence as canonical; the other 1 are byte-equal after normalisation and carry no unique data. Record all source rows in provenance.
777658590a2df8ec,F034,bis_gazette_notification.csv,bis_gazette_notification,2,185; 1084,1,"{""id"": ""169"", ""related_is"": ""is 963: 1958"", ""title"": ""\u0935\u093f\u092e\u093e\u0928 \u0909\u092a\u092f\u094b\u0917 \u0939\u0947\u0924\u0941 \u0915\u094d\u0930\u094b\u092e \u092e\u094b\u0932\u093f\u092c\u094d\u0921\u0947\u0928\u092e \u0938\u094d\u091f\u0940\u0932 \u092c\u093e\u0930 \u090f\u0935\u0902 \u0930\u0949\u0921"", ""unnamed_3"": """"}",ROW_LEVEL_EXACT_DUPLICATE_NORMALIZED,Keep the first occurrence as canonical; the other 1 are byte-equal after normalisation and carry no unique data. Record all source rows in provenance.
8c816f9897800772,F034,bis_gazette_notification.csv,bis_gazette_notification,2,186; 1085,1,"{""id"": ""170"", ""related_is"": ""is 4454 (\u092d\u093e\u0917 4): 2001"", ""title"": ""\u092f\u093e\u0902\u0924\u094d\u0930\u093f\u0915 \u0938\u094d\u092a\u094d\u0930\u093f\u0902\u0917 \u0939\u0947\u0924\u0941 \u0938\u094d\u091f\u0940\u0932 \u0935\u093e\u092f\u0930 \u2013 \u092d\u093e\u0917 4: \u0938\u094d\u091f\u0947\u0928\u0932\u0947\u0938 \u0938\u094d\u091f\u0940\u0932 \u0935\u093e\u092f\u0930"", ""unname",ROW_LEVEL_EXACT_DUPLICATE_NORMALIZED,Keep the first occurrence as canonical; the other 1 are byte-equal after normalisation and carry no unique data. Record all source rows in provenance.
5da5b363cf505342,F034,bis_gazette_notification.csv,bis_gazette_notification,2,187; 1086,1,"{""id"": ""171"", ""related_is"": ""is 1993 : 2018"", ""title"": ""\u0915\u094b\u0932\u094d\u0921-\u0930\u093f\u0921\u094d\u092f\u0942\u0938\u094d\u0921 \u0907\u0932\u0947\u0915\u094d\u091f\u094d\u0930\u094b\u0932\u093e\u0907\u091f\u093f\u0915 \u091f\u093f\u0928 \u092a\u094d\u0932\u0947\u091f"", ""unnamed_3"": """"}",ROW_LEVEL_EXACT_DUPLICATE_NORMALIZED,Keep the first occurrence as canonical; the other 1 are byte-equal after normalisation and carry no unique data. Record all source rows in provenance.
f3f27c74690d67c3,F034,bis_gazette_notification.csv,bis_gazette_notification,2,188; 1087,1,"{""id"": ""172"", ""related_is"": ""is 12591:2018"", ""title"": ""\u0915\u094b\u0932\u094d\u0921-\u0930\u093f\u0921\u094d\u092f\u0942\u0938\u094d\u0921 \u0907\u0932\u0947\u0915\u094d\u091f\u094d\u0930\u094b\u0932\u093e\u0907\u091f\u093f\u0915 \u0915\u094d\u0930\u094b\u092e\u093f\u092f\u092e / \u0915\u094d\u0930\u094b\u092e\u093f\u092f\u092e \u0911\u0915\u094d\u0938\u093e\u0907\u0921 \u0915\u094b\u091f\u0947\",ROW_LEVEL_EXACT_DUPLICATE_NORMALIZED,Keep the first occurrence as canonical; the other 1 are byte-equal after normalisation and carry no unique data. Record all source rows in provenance.
240a1befd718c4bc,F034,bis_gazette_notification.csv,bis_gazette_notification,2,189; 1088,1,"{""id"": ""173"", ""related_is"": ""is 412:1975"", ""title"": ""\u0938\u093e\u092e\u093e\u0928\u094d\u092f \u092a\u094d\u0930\u092f\u094b\u091c\u0928 \u0939\u0947\u0924\u0941 \u0935\u093f\u0938\u094d\u0924\u093e\u0930\u093f\u0924 \u0938\u094d\u091f\u0940\u0932 \u0936\u0940\u091f"", ""unnamed_3"": """"}",ROW_LEVEL_EXACT_DUPLICATE_NORMALIZED,Keep the first occurrence as canonical; the other 1 are byte-equal after normalisation and carry no unique data. Record all source rows in provenance.
468edfe4fa99be02,F034,bis_gazette_notification.csv,bis_gazette_notification,2,190; 1089,1,"{""id"": ""174"", ""related_is"": ""is 2100: 1970"", ""title"": ""\u092c\u0949\u092f\u0932\u0930 \u0939\u0947\u0924\u0941 \u0938\u094d\u091f\u0940\u0932 \u092c\u093f\u0932\u0947\u091f, \u092c\u093e\u0930 \u090f\u0935\u0902 \u0938\u0947\u0915\u094d\u0936\u0928"", ""unnamed_3"": """"}",ROW_LEVEL_EXACT_DUPLICATE_NORMALIZED,Keep the first occurrence as canonical; the other 1 are byte-equal after normalisation and carry no unique data. Record all source rows in provenance.
f14c09cde2f0a889,F034,bis_gazette_notification.csv,bis_gazette_notification,2,191; 1090,1,"{""id"": ""175"", ""related_is"": ""is 2589: 1975"", ""title"": ""\u0905\u092a\u0939\u094b\u0932\u094d\u0938\u094d\u091f\u094d\u0930\u0940 \u0938\u094d\u092a\u094d\u0930\u093f\u0902\u0917 \u0939\u0947\u0924\u0941 \u0939\u093e\u0930\u094d\u0921 \u0921\u094d\u0930\u0949\u0928 \u0938\u094d\u091f\u0940\u0932 \u0935\u093e\u092f\u0930"", ""unnamed_3"": """"}",ROW_LEVEL_EXACT_DUPLICATE_NORMALIZED,Keep the first occurrence as canonical; the other 1 are byte-equal after normalisation and carry no unique data. Record all source rows in provenance.
8c346b1a83f85633,F034,bis_gazette_notification.csv,bis_gazette_notification,2,192; 1091,1,"{""id"": ""176"", ""related_is"": ""is 3298: 1981"", ""title"": ""\u091c\u0939\u093e\u091c \u0928\u093f\u0930\u094d\u092e\u093e\u0923 \u0939\u0947\u0924\u0941 \u092e\u093e\u0907\u0932\u094d\u0921 \u0938\u094d\u091f\u0940\u0932 \u0930\u093f\u0935\u0947\u091f \u092c\u093e\u0930"", ""unnamed_3"": """"}",ROW_LEVEL_EXACT_DUPLICATE_NORMALIZED,Keep the first occurrence as canonical; the other 1 are byte-equal after normalisation and carry no unique data. Record all source rows in provenance.
16a1c19f35d3de5d,F034,bis_gazette_notification.csv,bis_gazette_notification,2,193; 1092,1,"{""id"": ""177"", ""related_is"": ""is 4072: 1975"", ""title"": ""\u0938\u094d\u092a\u094d\u0930\u093f\u0902\u0917 \u0935\u0949\u0936\u0930 \u0939\u0947\u0924\u0941 \u0938\u094d\u091f\u0940\u0932"", ""unnamed_3"": """"}",ROW_LEVEL_EXACT_DUPLICATE_NORMALIZED,Keep the first occurrence as canonical; the other 1 are byte-equal after normalisation and carry no unique data. Record all source rows in provenance.
9ad0bd63d0d981f4,F034,bis_gazette_notification.csv,bis_gazette_notification,2,194; 1093,1,"{""id"": ""178"", ""related_is"": ""is 8510 (\u092d\u093e\u0917 ii): 1977"", ""title"": ""\u0906\u0930\u094d\u092e\u0947\u091a\u0930 \u090f\u0935\u0902 \u0930\u094b\u091f\u0930 \u092c\u0948\u0902\u0921\u093f\u0902\u0917 \u0939\u0947\u0924\u0941 \u0938\u094d\u091f\u0940\u0932 \u0935\u093e\u092f\u0930 \u2013 \u092d\u093e\u0917 ii (\u092e\u0948\u0917\u094d\u0928\u0947\u091f\u093f\u0915 \u092c\u0948\u0902\u0921\",ROW_LEVEL_EXACT_DUPLICATE_NORMALIZED,Keep the first occurrence as canonical; the other 1 are byte-equal after normalisation and carry no unique data. Record all source rows in provenance.
0bc9349bc834e2ae,F034,bis_gazette_notification.csv,bis_gazette_notification,2,195; 1094,1,"{""id"": ""179"", ""related_is"": ""is 8510 (\u092d\u093e\u0917 iii): 1977"", ""title"": ""\u0906\u0930\u094d\u092e\u0947\u091a\u0930 \u090f\u0935\u0902 \u0930\u094b\u091f\u0930 \u092c\u0948\u0902\u0921\u093f\u0902\u0917 \u0939\u0947\u0924\u0941 \u091f\u093f\u0928\u092f\u0941\u0915\u094d\u0924 \u0938\u094d\u091f\u0940\u0932 \u0935\u093e\u092f\u0930 \u2013 \u092d\u093e\u0917 iii (\u0928\u0949\u0928-\u092e\u09",ROW_LEVEL_EXACT_DUPLICATE_NORMALIZED,Keep the first occurrence as canonical; the other 1 are byte-equal after normalisation and carry no unique data. Record all source rows in provenance.
2fc48495f3987ff8,F034,bis_gazette_notification.csv,bis_gazette_notification,2,196; 1095,1,"{""id"": ""180"", ""related_is"": ""is 8563: 1977"", ""title"": ""\u0938\u094d\u092a\u094d\u0932\u093f\u091f \u092a\u093f\u0928 \u092c\u0928\u093e\u0928\u0947 \u0915\u0947 \u0932\u093f\u090f \u0939\u093e\u092b \u0930\u093e\u0909\u0902\u0921 \u092e\u093e\u0907\u0932\u094d\u0921 \u0938\u094d\u091f\u0940\u0932 \u0935\u093e\u092f\u0930"", ""unnamed_3"": """"}",ROW_LEVEL_EXACT_DUPLICATE_NORMALIZED,Keep the first occurrence as canonical; the other 1 are byte-equal after normalisation and carry no unique data. Record all source rows in provenance.
c46a7497b27898fc,F034,bis_gazette_notification.csv,bis_gazette_notification,2,197; 1096,1,"{""id"": ""181"", ""related_is"": ""is 8564: 1977"", ""title"": ""\u0938\u0941\u0908\u092f\u094b\u0902 \u0915\u0947 \u0932\u093f\u090f \u0938\u094d\u091f\u0940\u0932 \u0935\u093e\u092f\u0930"", ""unnamed_3"": """"}",ROW_LEVEL_EXACT_DUPLICATE_NORMALIZED,Keep the first occurrence as canonical; the other 1 are byte-equal after normalisation and carry no unique data. Record all source rows in provenance.
72cfd2f7f51dfe9f,F034,bis_gazette_notification.csv,bis_gazette_notification,2,198; 1097,1,"{""id"": ""182"", ""related_is"": ""is 8565: 1977"", ""title"": ""\u0939\u0940\u0932\u094d\u0921 \u0935\u093e\u092f\u0930"", ""unnamed_3"": """"}",ROW_LEVEL_EXACT_DUPLICATE_NORMALIZED,Keep the first occurrence as canonical; the other 1 are byte-equal after normalisation and carry no unique data. Record all source rows in provenance.
45937ce071347d1c,F034,bis_gazette_notification.csv,bis_gazette_notification,2,199; 1098,1,"{""id"": ""183"", ""related_is"": ""is 8566: 1977"", ""title"": ""\u0930\u0940\u0921\u094d\u0938 \u0915\u0947 \u0932\u093f\u090f \u0938\u094d\u091f\u0940\u0932 \u0935\u093e\u092f\u0930"", ""unnamed_3"": """"}",ROW_LEVEL_EXACT_DUPLICATE_NORMALIZED,Keep the first occurrence as canonical; the other 1 are byte-equal after normalisation and carry no unique data. Record all source rows in provenance.
8ab6a613644317b7,F034,bis_gazette_notification.csv,bis_gazette_notification,2,200; 1099,1,"{""id"": ""184"", ""related_is"": ""is 8917: 1978"", ""title"": ""\u0917\u0948\u0932\u094d\u0935\u0928\u093e\u0907\u091c\u093f\u0902\u0917 \u092a\u0949\u091f\u094d\u0938 \u0915\u0947 \u0932\u093f\u090f \u092a\u094d\u0932\u0947\u091f\u094d\u0938"", ""unnamed_3"": """"}",ROW_LEVEL_EXACT_DUPLICATE_NORMALIZED,Keep the first occurrence as canonical; the other 1 are byte-equal after normalisation and carry no unique data. Record all source rows in provenance.
8ed26dc44e1d7a36,F034,bis_gazette_notification.csv,bis_gazette_notification,2,201; 1100,1,"{""id"": ""185"", ""related_is"": ""is 9442: 1980"", ""title"": ""\u0915\u0943\u0937\u093f \u0921\u093f\u0938\u094d\u0915 \u092c\u0928\u093e\u0928\u0947 \u0915\u0947 \u0932\u093f\u090f \u0939\u0949\u091f \u0930\u094b\u0932\u094d\u0921 \u0938\u094d\u091f\u0940\u0932 \u092a\u094d\u0932\u0947\u091f\u094d\u0938, \u0936\u0940\u091f\u094d\u0938 \u0914\u0930 \u0938\u094d\u091f\u094d\u0930\u093f\u092a\u094d\u0938"", ",ROW_LEVEL_EXACT_DUPLICATE_NORMALIZED,Keep the first occurrence as canonical; the other 1 are byte-equal after normalisation and carry no unique data. Record all source rows in provenance.
f4ac6e564ad2af1c,F034,bis_gazette_notification.csv,bis_gazette_notification,2,202; 1101,1,"{""id"": ""186"", ""related_is"": ""is 9485: 1980"", ""title"": ""\u092a\u094b\u0930\u0938\u0932\u0947\u0928 \u090f\u0928\u093e\u092e\u0932\u093f\u0902\u0917 \u0915\u0947 \u0932\u093f\u090f \u0915\u094b\u0932\u094d\u0921-\u0930\u093f\u0921\u094d\u092f\u0942\u0938\u094d\u0921 \u0914\u0930 \u0939\u0949\u091f-\u0930\u094b\u0932\u094d\u0921 \u0915\u093e\u0930\u094d\u092c\u0928 \u0938\u094d\u091f\u0940\u0932 \u09",ROW_LEVEL_EXACT_DUPLICATE_NORMALIZED,Keep the first occurrence as canonical; the other 1 are byte-equal after normalisation and carry no unique data. Record all source rows in provenance.
c2faa2e3f4478b85,F034,bis_gazette_notification.csv,bis_gazette_notification,2,203; 1102,1,"{""id"": ""187"", ""related_is"": ""is 10794: 1984"", ""title"": ""\u0915\u094b\u091f\u0930 \u092a\u093f\u0928 \u0915\u0947 \u0932\u093f\u090f \u092e\u093e\u0907\u0932\u094d\u0921 \u0938\u094d\u091f\u0940\u0932 \u0935\u093e\u092f\u0930"", ""unnamed_3"": """"}",ROW_LEVEL_EXACT_DUPLICATE_NORMALIZED,Keep the first occurrence as canonical; the other 1 are byte-equal after normalisation and carry no unique data. Record all source rows in provenance.
90d682c49e24a035,F034,bis_gazette_notification.csv,bis_gazette_notification,2,204; 1103,1,"{""id"": ""188"", ""related_is"": ""is 12262:1988"", ""title"": ""\u0938\u094d\u092a\u094d\u0930\u093f\u0902\u0917 \u0935\u0949\u0936\u0930\u094d\u0938 \u0915\u0947 \u0932\u093f\u090f \u091f\u094d\u0930\u0948\u092a\u0947\u091c\u093c\u0949\u0907\u0921\u0932 \u0938\u094d\u091f\u0940\u0932 \u0935\u093e\u092f\u0930"", ""unnamed_3"": """"}",ROW_LEVEL_EXACT_DUPLICATE_NORMALIZED,Keep the first occurrence as canonical; the other 1 are byte-equal after normalisation and carry no unique data. Record all source rows in provenance.
a9e4a6965779d738,F034,bis_gazette_notification.csv,bis_gazette_notification,2,205; 1104,1,"{""id"": ""189"", ""related_is"": ""is 1470: 2013"", ""title"": ""\u0938\u093f\u0932\u093f\u0915\u094b\u092e\u0948\u0902\u0917\u0928\u0940\u091c \u2013 \u0935\u093f\u0928\u093f\u0930\u094d\u0926\u0947\u0936"", ""unnamed_3"": """"}",ROW_LEVEL_EXACT_DUPLICATE_NORMALIZED,Keep the first occurrence as canonical; the other 1 are byte-equal after normalisation and carry no unique data. Record all source rows in provenance.
a987c189be28259f,F034,bis_gazette_notification.csv,bis_gazette_notification,2,206; 1105,1,"{""id"": ""190"", ""related_is"": ""is 15911:2010"", ""title"": ""\u0938\u0902\u0930\u091a\u0928\u093e\u0924\u094d\u092e\u0915 \u0938\u094d\u091f\u0940\u0932 (\u0938\u093e\u092e\u093e\u0928\u094d\u092f \u0917\u0941\u0923\u0935\u0924\u094d\u0924\u093e)"", ""unnamed_3"": """"}",ROW_LEVEL_EXACT_DUPLICATE_NORMALIZED,Keep the first occurrence as canonical; the other 1 are byte-equal after normalisation and carry no unique data. Record all source rows in provenance.
cd89b87f5fa85c1f,F034,bis_gazette_notification.csv,bis_gazette_notification,2,207; 1106,1,"{""id"": ""191"", ""related_is"": ""is 1171: 2011"", ""title"": ""\u092b\u0947\u0930\u094b\u092e\u0948\u0902\u0917\u0928\u0940\u091c \u2013 \u0935\u093f\u0928\u093f\u0930\u094d\u0926\u0947\u0936"", ""unnamed_3"": """"}",ROW_LEVEL_EXACT_DUPLICATE_NORMALIZED,Keep the first occurrence as canonical; the other 1 are byte-equal after normalisation and carry no unique data. Record all source rows in provenance.
d3302999052141f2,F034,bis_gazette_notification.csv,bis_gazette_notification,2,208; 1107,1,"{""id"": ""192"", ""related_is"": ""is 4431: 1978"", ""title"": ""\u0915\u093e\u0930\u094d\u092c\u0928 \u0914\u0930 \u0915\u093e\u0930\u094d\u092c\u0928-\u092e\u0948\u0902\u0917\u0928\u0940\u091c \u092b\u094d\u0930\u0940-\u0915\u091f\u093f\u0902\u0917 \u0938\u094d\u091f\u0940\u0932"", ""unnamed_3"": """"}",ROW_LEVEL_EXACT_DUPLICATE_NORMALIZED,Keep the first occurrence as canonical; the other 1 are byte-equal after normalisation and carry no unique data. Record all source rows in provenance.
53fd39d888c295c7,F034,bis_gazette_notification.csv,bis_gazette_notification,2,209; 1108,1,"{""id"": ""193"", ""related_is"": ""is 4432: 1988"", ""title"": ""\u0915\u0947\u0938 \u0939\u093e\u0930\u094d\u0921\u0928\u093f\u0902\u0917 \u0938\u094d\u091f\u0940\u0932"", ""unnamed_3"": """"}",ROW_LEVEL_EXACT_DUPLICATE_NORMALIZED,Keep the first occurrence as canonical; the other 1 are byte-equal after normalisation and carry no unique data. Record all source rows in provenance.
cb8a36cbb3a9dee2,F034,bis_gazette_notification.csv,bis_gazette_notification,2,210; 1109,1,"{""id"": ""194"", ""related_is"": ""is 5518: 1996"", ""title"": ""\u0921\u094d\u0930\u0949\u092a \u092b\u094b\u0930\u094d\u091c\u093f\u0902\u0917 \u0915\u0947 \u0932\u093f\u090f \u0921\u093e\u0908 \u092c\u094d\u0932\u0949\u0915\u094d\u0938 \u0915\u0947 \u0932\u093f\u090f \u0938\u094d\u091f\u0940\u0932"", ""unnamed_3"": """"}",ROW_LEVEL_EXACT_DUPLICATE_NORMALIZED,Keep the first occurrence as canonical; the other 1 are byte-equal after normalisation and carry no unique data. Record all source rows in provenance.
1d0bf45fa5b1d52e,F034,bis_gazette_notification.csv,bis_gazette_notification,2,211; 1110,1,"{""id"": ""195"", ""related_is"": ""is 8748: 1978"", ""title"": ""\u092b\u094b\u0930\u094d\u091c\u094d\u0921/\u0930\u094b\u0932\u094d\u0921 ctc \u0938\u0947\u0917\u092e\u0947\u0902\u091f\u094d\u0938"", ""unnamed_3"": """"}",ROW_LEVEL_EXACT_DUPLICATE_NORMALIZED,Keep the first occurrence as canonical; the other 1 are byte-equal after normalisation and carry no unique data. Record all source rows in provenance.
72a127a56674a7a8,F034,bis_gazette_notification.csv,bis_gazette_notification,2,212; 1111,1,"{""id"": ""196"", ""related_is"": ""is 12145: 1987"", ""title"": ""\u092a\u094d\u0930\u0947\u0936\u0930 \u0935\u0947\u0938\u0932 \u0915\u0947 \u0932\u093f\u090f \u0915\u094d\u0935\u0947\u0902\u091a\u094d\u0921 \u0914\u0930 \u091f\u0947\u092e\u094d\u092a\u0930\u094d\u0921 \u090f\u0932\u0949\u092f \u0938\u094d\u091f\u0940\u0932 \u092b\u094b\u0930\u094d\u091c\u093f\u0902\u0917"", ""unnamed_3"": """"}",ROW_LEVEL_EXACT_DUPLICATE_NORMALIZED,Keep the first occurrence as canonical; the other 1 are byte-equal after normalisation and carry no unique data. Record all source rows in provenance.
7eb7f613b4fcc1ef,F034,bis_gazette_notification.csv,bis_gazette_notification,2,213; 1112,1,"{""id"": ""197"", ""related_is"": ""is 13387: 1992"", ""title"": ""\u092e\u0947\u091f\u0932 \u092b\u0949\u0930\u094d\u092e\u093f\u0902\u0917 \u0915\u0947 \u0932\u093f\u090f \u091f\u0942\u0932 \u0938\u094d\u091f\u0940\u0932 \u092b\u094b\u0930\u094d\u091c\u093f\u0902\u0917"", ""unnamed_3"": """"}",ROW_LEVEL_EXACT_DUPLICATE_NORMALIZED,Keep the first occurrence as canonical; the other 1 are byte-equal after normalisation and carry no unique data. Record all source rows in provenance.
4583502d32457300,F034,bis_gazette_notification.csv,bis_gazette_notification,2,214; 1113,1,"{""id"": ""198"", ""related_is"": ""is 14698:1999"", ""title"": ""\u0921\u093f\u092b\u0947\u0902\u0938 \u0938\u0947\u0935\u093e\u0913\u0902 \u092e\u0947\u0902 \u0909\u092a\u092f\u094b\u0917 \u0939\u094b\u0928\u0947 \u0935\u093e\u0932\u0947 \u0936\u0947\u0932 \u092c\u0949\u0921\u0940\u091c\u093c \u0914\u0930 \u092a\u094d\u0930\u0942\u092b\u093c \u0936\u0949\u091f \u092c\u0928\u093e\u0928\u0947 \u0915\u0947 \u",ROW_LEVEL_EXACT_DUPLICATE_NORMALIZED,Keep the first occurrence as canonical; the other 1 are byte-equal after normalisation and carry no unique data. Record all source rows in provenance.
e7f7fc8d13f40354,F034,bis_gazette_notification.csv,bis_gazette_notification,2,215; 1114,1,"{""id"": ""199"", ""related_is"": ""is/iso 11951 : 2016"", ""title"": ""\u0915\u094b\u0932\u094d\u0921-\u0930\u093f\u0921\u094d\u092f\u0942\u0938\u094d\u0921 \u091f\u093f\u0928\u092e\u093f\u0932 \u092a\u094d\u0930\u094b\u0921\u0915\u094d\u091f\u094d\u0938 \u2013 \u092c\u094d\u0932\u0948\u0915\u092a\u094d\u0932\u0947\u091f"", ""unnamed_3"": """"}",ROW_LEVEL_EXACT_DUPLICATE_NORMALIZED,Keep the first occurrence as canonical; the other 1 are byte-equal after normalisation and carry no unique data. Record all source rows in provenance.
813b697cfd189e92,F034,bis_gazette_notification.csv,bis_gazette_notification,2,216; 1115,1,"{""id"": ""200"", ""related_is"": ""is 3930: 1994"", ""title"": ""\u092b\u094d\u0932\u0947\u092e \u0914\u0930 \u0907\u0902\u0921\u0915\u094d\u0936\u0928 \u0939\u093e\u0930\u094d\u0921\u0928\u093f\u0902\u0917 \u0938\u094d\u091f\u0940\u0932"", ""unnamed_3"": """"}",ROW_LEVEL_EXACT_DUPLICATE_NORMALIZED,Keep the first occurrence as canonical; the other 1 are byte-equal after normalisation and carry no unique data. Record all source rows in provenance.
5a8c4bc90834570f,F034,bis_gazette_notification.csv,bis_gazette_notification,2,217; 1116,1,"{""id"": ""201"", ""related_is"": ""is 5478: 1969"", ""title"": ""\u0925\u0930\u094d\u092e\u094b\u0938\u094d\u091f\u0948\u091f \u092e\u0947\u091f\u0932 \u0936\u0940\u091f \u0914\u0930 \u0938\u094d\u091f\u094d\u0930\u093f\u092a"", ""unnamed_3"": """"}",ROW_LEVEL_EXACT_DUPLICATE_NORMALIZED,Keep the first occurrence as canonical; the other 1 are byte-equal after normalisation and carry no unique data. Record all source rows in provenance.
e9f6b743e489b37a,F034,bis_gazette_notification.csv,bis_gazette_notification,2,218; 1117,1,"{""id"": ""202"", ""related_is"": ""is 13352: 1992"", ""title"": ""\u0915\u0902\u091f\u0940\u0928\u094d\u092f\u0938\u0932\u0940 \u0915\u093e\u0938\u094d\u091f \u092c\u094d\u0932\u0942\u092e\u094d\u0938, \u092c\u093f\u0932\u094d\u0932\u0947\u091f\u094d\u0938 \u0914\u0930 \u0938\u094d\u0932\u0948\u092c\u094d\u0938 \u0938\u0947 \u0909\u0924\u094d\u092a\u093e\u0926\u093f\u0924 \u092b\u094b\u0930\u094d\u091c\u093",ROW_LEVEL_EXACT_DUPLICATE_NORMALIZED,Keep the first occurrence as canonical; the other 1 are byte-equal after normalisation and carry no unique data. Record all source rows in provenance.
051b3432c4ee522b,F034,bis_gazette_notification.csv,bis_gazette_notification,2,219; 1118,1,"{""id"": ""203"", ""related_is"": ""is 16644: 2018"", ""title"": ""\u092a\u094d\u0930\u0947\u0936\u0930-\u0938\u094d\u091f\u0940\u0932 \u0915\u0902\u0915\u094d\u0930\u0940\u091f \u0915\u0947 \u0932\u093f\u090f \u0938\u094d\u091f\u094d\u0930\u0947\u0938-\u0930\u093f\u0932\u0940\u0935\u094d\u0921, \u0932\u094b \u0930\u093f\u0932\u0947\u0915\u094d\u0937\u0928 \u0938\u094d\u091f\u0940\u0932 \u0935\u093e\u092f\u0",ROW_LEVEL_EXACT_DUPLICATE_NORMALIZED,Keep the first occurrence as canonical; the other 1 are byte-equal after normalisation and carry no unique data. Record all source rows in provenance.
64866cfaf9bb1b35,F034,bis_gazette_notification.csv,bis_gazette_notification,2,220; 1119,1,"{""id"": ""204"", ""related_is"": ""is 17404 : 2020"", ""title"": ""\u0907\u0932\u0947\u0915\u094d\u091f\u094d\u0930\u094b\u0917\u0948\u0932\u094d\u0935\u0928\u093e\u0907\u091c\u094d\u0921 \u0939\u0949\u091f \u0930\u094b\u0932\u094d\u0921 \u0914\u0930 \u0915\u094b\u0932\u094d\u0921 \u0930\u093f\u0921\u094d\u092f\u0942\u0938\u094d\u0921 \u0915\u093e\u0930\u094d\u092c\u0928 \u0938\u094d\u091f\u0940\u0932 \u093",ROW_LEVEL_EXACT_DUPLICATE_NORMALIZED,Keep the first occurrence as canonical; the other 1 are byte-equal after normalisation and carry no unique data. Record all source rows in provenance.
b18a878cb9a98b95,F034,bis_gazette_notification.csv,bis_gazette_notification,2,221; 1120,1,"{""id"": ""205"", ""related_is"": ""is 18316: 2023"", ""title"": ""\u0938\u0947\u092e\u0940/\u092b\u0941\u0932\u0940 \u092a\u094d\u0930\u094b\u0938\u0947\u0938\u094d\u0921 \u0928\u0949\u0928-\u0917\u094d\u0930\u0947\u0928 \u0913\u0930\u093f\u090f\u0902\u091f\u0947\u0921 \u092f\u093e \u092b\u0941\u0932\u0940 \u092a\u094d\u0930\u094b\u0938\u0947\u0938\u094d\u0921 \u0917\u094d\u0930\u0947\u0928 \u0913\u0930\u09",ROW_LEVEL_EXACT_DUPLICATE_NORMALIZED,Keep the first occurrence as canonical; the other 1 are byte-equal after normalisation and carry no unique data. Record all source rows in provenance.
bc8e54b19e635a8e,F034,bis_gazette_notification.csv,bis_gazette_notification,2,222; 1121,1,"{""id"": ""206"", ""related_is"": ""is 18384: 2023"", ""title"": ""\u092a\u093e\u0907\u092a\u0932\u093e\u0907\u0928 \u091f\u094d\u0930\u093e\u0902\u0938\u092a\u094b\u0930\u094d\u091f\u0947\u0936\u0928 \u0938\u093f\u0938\u094d\u091f\u092e \u0915\u0947 \u0932\u093f\u090f \u0935\u0947\u0932\u094d\u0921\u0947\u0921 \u0938\u094d\u091f\u0940\u0932 \u092a\u093e\u0907\u092a \u0939\u0947\u0924\u0941 \u0939\u0949\u091",ROW_LEVEL_EXACT_DUPLICATE_NORMALIZED,Keep the first occurrence as canonical; the other 1 are byte-equal after normalisation and carry no unique data. Record all source rows in provenance.
036d720d63795a03,F034,bis_gazette_notification.csv,bis_gazette_notification,2,223; 1122,1,"{""id"": ""207"", ""related_is"": ""is 18385: 2023"", ""title"": ""\u0911\u091f\u094b\u092e\u094b\u091f\u093f\u0935 \u0905\u0928\u0941\u092a\u094d\u0930\u092f\u094b\u0917\u094b\u0902 \u0915\u0947 \u0932\u093f\u090f \u0939\u0949\u091f-\u0921\u093f\u092a \u0917\u0948\u0932\u094d\u0935\u0928\u093e\u0907\u091c\u094d\u0921/\u0917\u0948\u0932\u094d\u0935\u093e\u0928\u0947\u0932\u094d\u0921 \u0938\u094d\u091f\u0940",ROW_LEVEL_EXACT_DUPLICATE_NORMALIZED,Keep the first occurrence as canonical; the other 1 are byte-equal after normalisation and carry no unique data. Record all source rows in provenance.
16f0c6c8e5a357fd,F034,bis_gazette_notification.csv,bis_gazette_notification,2,224; 1123,1,"{""id"": ""208"", ""related_is"": ""is 18513: 2023"", ""title"": ""\u0939\u0949\u091f-\u0921\u093f\u092a \u091c\u093f\u0902\u0915-\u090f\u0932\u094d\u092f\u0942\u092e\u093f\u0928\u093f\u092f\u092e-\u092e\u0948\u0917\u094d\u0928\u0940\u0936\u093f\u092f\u092e \u092e\u093f\u0936\u094d\u0930 \u0927\u093e\u0924\u0941 \u0915\u094b\u091f\u0947\u0921 \u0938\u094d\u091f\u0940\u0932 \u0936\u0940\u091f\u094d\u0938, \u0",ROW_LEVEL_EXACT_DUPLICATE_NORMALIZED,Keep the first occurrence as canonical; the other 1 are byte-equal after normalisation and carry no unique data. Record all source rows in provenance.
f7e4b914990d3927,F034,bis_gazette_notification.csv,bis_gazette_notification,2,225; 1124,1,"{""id"": ""209"", ""related_is"": ""is 1469: 1993"", ""title"": ""\u092b\u0947\u0930\u094b\u092e\u0949\u0932\u0940\u092c\u094d\u0921\u0947\u0928\u092e \u2013 \u0935\u093f\u0928\u093f\u0930\u094d\u0926\u0947\u0936"", ""unnamed_3"": """"}",ROW_LEVEL_EXACT_DUPLICATE_NORMALIZED,Keep the first occurrence as canonical; the other 1 are byte-equal after normalisation and carry no unique data. Record all source rows in provenance.
4aa3fc5042989466,F034,bis_gazette_notification.csv,bis_gazette_notification,2,226; 1125,1,"{""id"": ""210"", ""related_is"": ""is 1466: 1985"", ""title"": ""\u092b\u0947\u0930\u094b \u0935\u0947\u0928\u0947\u0921\u093f\u092f\u092e \u0915\u0947 \u0932\u093f\u090f \u0935\u093f\u0928\u093f\u0930\u094d\u0926\u0947\u0936"", ""unnamed_3"": """"}",ROW_LEVEL_EXACT_DUPLICATE_NORMALIZED,Keep the first occurrence as canonical; the other 1 are byte-equal after normalisation and carry no unique data. Record all source rows in provenance.
8880f3115d068917,F034,bis_gazette_notification.csv,bis_gazette_notification,2,227; 1126,1,"{""id"": ""211"", ""related_is"": ""is 8329 : 2000"", ""title"": ""\u092a\u093e\u0928\u0940, \u0917\u0948\u0938 \u0914\u0930 \u0938\u0940\u0935\u0947\u091c \u0915\u0947 \u0932\u093f\u090f \u0938\u0947\u0902\u091f\u094d\u0930\u0940\u092b\u094d\u092f\u0942\u0917\u0932\u0940 \u0915\u093e\u0938\u094d\u091f (\u0938\u094d\u092a\u0928) \u0921\u0915\u094d\u091f\u093e\u0907\u0932 \u0906\u092f\u0930\u0928 \u092a\u094d",ROW_LEVEL_EXACT_DUPLICATE_NORMALIZED,Keep the first occurrence as canonical; the other 1 are byte-equal after normalisation and carry no unique data. Record all source rows in provenance.
730c5d5cf6985019,F034,bis_gazette_notification.csv,bis_gazette_notification,2,228; 1127,1,"{""id"": ""212"", ""related_is"": ""is 9523:2000"", ""title"": ""\u092a\u093e\u0928\u0940, \u0917\u0948\u0938 \u0914\u0930 \u0938\u0940\u0935\u0947\u091c \u0915\u0947 \u0932\u093f\u090f \u092a\u094d\u0930\u0947\u0936\u0930 \u092a\u093e\u0907\u092a\u094d\u0938 \u0915\u0947 \u0921\u0915\u094d\u091f\u093e\u0907\u0932 \u0906\u092f\u0930\u0928 \u092b\u093f\u091f\u093f\u0902\u0917\u094d\u0938"", ""unnamed_3"": """"}",ROW_LEVEL_EXACT_DUPLICATE_NORMALIZED,Keep the first occurrence as canonical; the other 1 are byte-equal after normalisation and carry no unique data. Record all source rows in provenance.
7fa06e08e5c67ff6,F034,bis_gazette_notification.csv,bis_gazette_notification,2,229; 1128,1,"{""id"": ""213"", ""related_is"": ""is 1161:2014"", ""title"": ""\u0938\u0902\u0930\u091a\u0928\u093e\u0924\u094d\u092e\u0915 \u092a\u094d\u0930\u092f\u094b\u091c\u0928\u094b\u0902 \u0915\u0947 \u0932\u093f\u090f \u0938\u094d\u091f\u0940\u0932 \u091f\u094d\u092f\u0942\u092c\u094d\u0938"", ""unnamed_3"": ""\u092e\u093e\u0907\u0932\u094d\u0921 \u0938\u094d\u091f\u0940\u0932 \u091f\u094d\u092f\u0942\u092c\u094d\u09",ROW_LEVEL_EXACT_DUPLICATE_NORMALIZED,Keep the first occurrence as canonical; the other 1 are byte-equal after normalisation and carry no unique data. Record all source rows in provenance.
6f01810207117b1e,F034,bis_gazette_notification.csv,bis_gazette_notification,2,230; 1129,1,"{""id"": ""214"", ""related_is"": ""is 1239 (\u092d\u093e\u0917 1):2014"", ""title"": ""\u0938\u094d\u091f\u0940\u0932 \u091f\u094d\u092f\u0942\u092c\u094d\u0938, \u091f\u094d\u092f\u0942\u092c\u0941\u0932\u0930\u094d\u0938 \u0914\u0930 \u0905\u0928\u094d\u092f \u0935\u094d\u0930\u0949\u091f \u0938\u094d\u091f\u0940\u0932 \u092b\u093f\u091f\u093f\u0902\u0917\u094d\u0938 \u2013 \u092d\u093e\u0917 1 : \u0938\u",ROW_LEVEL_EXACT_DUPLICATE_NORMALIZED,Keep the first occurrence as canonical; the other 1 are byte-equal after normalisation and carry no unique data. Record all source rows in provenance.
840ddd2401cb706b,F034,bis_gazette_notification.csv,bis_gazette_notification,2,231; 1130,1,"{""id"": ""215"", ""related_is"": ""is 4270:2001"", ""title"": ""\u092a\u093e\u0928\u0940 \u0915\u0940 \u0915\u0941\u0913\u0902 \u0915\u0947 \u0932\u093f\u090f \u0909\u092a\u092f\u094b\u0917 \u0939\u094b\u0928\u0947 \u0935\u093e\u0932\u0940 \u0938\u094d\u091f\u0940\u0932 \u091f\u094d\u092f\u0942\u092c\u094d\u0938 (200 \u092e\u093f\u092e\u0940 \u0935\u094d\u092f\u093e\u0938 \u0924\u0915)"", ""unnamed_3"": """"}",ROW_LEVEL_EXACT_DUPLICATE_NORMALIZED,Keep the first occurrence as canonical; the other 1 are byte-equal after normalisation and carry no unique data. Record all source rows in provenance.
2aefe616c9e4f2b9,F034,bis_gazette_notification.csv,bis_gazette_notification,2,232; 1131,1,"{""id"": ""216"", ""related_is"": ""is 9139:1979"", ""title"": ""\u092b\u093e\u0909\u0902\u0921\u094d\u0930\u0940 \u092e\u0947\u0902 \u0909\u092a\u092f\u094b\u0917 \u0915\u0947 \u0932\u093f\u090f \u092e\u0947\u0932\u090f\u092c\u0932 \u0906\u092f\u0930\u0928 \u0936\u0949\u091f\u094d\u0938 \u0914\u0930 \u0917\u094d\u0930\u093f\u091f\u094d\u0938 \u0915\u0947 \u0932\u093f\u090f \u0935\u093f\u0928\u093f\u0930\u09",ROW_LEVEL_EXACT_DUPLICATE_NORMALIZED,Keep the first occurrence as canonical; the other 1 are byte-equal after normalisation and carry no unique data. Record all source rows in provenance.
b9142a0a9ffefeb3,F034,bis_gazette_notification.csv,bis_gazette_notification,2,233; 1132,1,"{""id"": ""\u0935\u093f\u0926\u094d\u092f\u0941\u0924 \u091f\u094d\u0930\u093e\u0902\u0938\u092b\u093e\u0930\u094d\u092e\u0930"", ""related_is"": """", ""title"": """", ""unnamed_3"": """"}",ROW_LEVEL_EXACT_DUPLICATE_NORMALIZED,Keep the first occurrence as canonical; the other 1 are byte-equal after normalisation and carry no unique data. Record all source rows in provenance.
dc3a27cef30a99ff,F034,bis_gazette_notification.csv,bis_gazette_notification,2,234; 1133,1,"{""id"": ""217"", ""related_is"": ""is 1180 (\u092d\u093e\u0917 1)"", ""title"": ""\u0906\u0909\u091f\u0921\u094b\u0930 \u092a\u094d\u0930\u0915\u093e\u0930 \u0915\u0947 \u0911\u092f\u0932 \u092e\u0947\u0902 \u0921\u0941\u092c\u094b\u090f \u0917\u090f \u0935\u093f\u0924\u0930\u0923 \u091f\u094d\u0930\u093e\u0902\u0938\u092b\u093e\u0930\u094d\u092e\u0930, 2500 kva \u0924\u0915 \u0914\u0930 \u0936\u093e\u092e\",ROW_LEVEL_EXACT_DUPLICATE_NORMALIZED,Keep the first occurrence as canonical; the other 1 are byte-equal after normalisation and carry no unique data. Record all source rows in provenance.
39606aaeed974cfd,F034,bis_gazette_notification.csv,bis_gazette_notification,4,235; 242; 1134; 1141,3,"{""id"": ""\u0935\u093f\u0926\u094d\u092f\u0941\u0924 \u092e\u094b\u091f\u0930"", ""related_is"": """", ""title"": """", ""unnamed_3"": """"}",ROW_LEVEL_EXACT_DUPLICATE_NORMALIZED,Keep the first occurrence as canonical; the other 3 are byte-equal after normalisation and carry no unique data. Record all source rows in provenance.
e64dfbc5d1185c29,F034,bis_gazette_notification.csv,bis_gazette_notification,2,236; 1135,1,"{""id"": ""218"", ""related_is"": ""is 12615"", ""title"": ""\u090a\u0930\u094d\u091c\u093e-\u0915\u0941\u0936\u0932 \u0907\u0902\u0921\u0915\u094d\u0936\u0928 \u092e\u094b\u091f\u0930 \u2013 \u0924\u0940\u0928 \u092b\u0947\u091c\u093c \u0938\u094d\u0915\u094d\u0935\u093f\u0930\u0932 \u0915\u0947\u091c"", ""unnamed_3"": ""15. so 178(e), \u0926\u093f\u0928\u093e\u0902\u0915 18 \u091c\u0928\u0935\u0930\u0940 2017 ",ROW_LEVEL_EXACT_DUPLICATE_NORMALIZED,Keep the first occurrence as canonical; the other 1 are byte-equal after normalisation and carry no unique data. Record all source rows in provenance.
ed69ee12664f0a86,F034,bis_gazette_notification.csv,bis_gazette_notification,2,237; 1136,1,"{""id"": ""\u0915\u0945\u092a\u0947\u0938\u093f\u091f\u0930"", ""related_is"": """", ""title"": """", ""unnamed_3"": """"}",ROW_LEVEL_EXACT_DUPLICATE_NORMALIZED,Keep the first occurrence as canonical; the other 1 are byte-equal after normalisation and carry no unique data. Record all source rows in provenance.
4659fa81faf38c74,F034,bis_gazette_notification.csv,bis_gazette_notification,2,238; 1137,1,"{""id"": ""219"", ""related_is"": ""is 2993"", ""title"": ""\u090f.\u0938\u0940. \u092e\u094b\u091f\u0930 \u0915\u0945\u092a\u0947\u0938\u093f\u091f\u0930"", ""unnamed_3"": ""16. so 2434(e), \u0926\u093f\u0928\u093e\u0902\u0915 01 \u0905\u0917\u0938\u094d\u0924 2017 \u0915\u093e\u0930\u094d\u092f\u093e\u0928\u094d\u0935\u092f\u0928 \u0915\u0940 \u0924\u093e\u0930\u0940\u0916 01/02/2018""}",ROW_LEVEL_EXACT_DUPLICATE_NORMALIZED,Keep the first occurrence as canonical; the other 1 are byte-equal after normalisation and carry no unique data. Record all source rows in provenance.
783341d557b9a9d3,F034,bis_gazette_notification.csv,bis_gazette_notification,2,239; 1138,1,"{""id"": ""220"", ""related_is"": ""is 13340"", ""title"": ""\u090f.\u0938\u0940. \u092a\u093e\u0935\u0930 \u0938\u093f\u0938\u094d\u091f\u092e \u0915\u0947 \u0932\u093f\u090f \u0938\u0947\u0932\u094d\u092b-\u0939\u0940\u0932\u093f\u0902\u0917 \u092a\u094d\u0930\u0915\u093e\u0930 \u0915\u0947 \u092a\u093e\u0935\u0930 \u0915\u0945\u092a\u0947\u0938\u093f\u091f\u0930, \u0930\u0947\u091f\u0947\u0921 \u0935\u094",ROW_LEVEL_EXACT_DUPLICATE_NORMALIZED,Keep the first occurrence as canonical; the other 1 are byte-equal after normalisation and carry no unique data. Record all source rows in provenance.
ad367bb555d7ba1b,F034,bis_gazette_notification.csv,bis_gazette_notification,2,240; 1139,1,"{""id"": ""221"", ""related_is"": ""is 13585 \u092d\u093e\u0917 1"", ""title"": ""\u090f.\u0938\u0940. \u0938\u093f\u0938\u094d\u091f\u092e \u0915\u0947 \u0932\u093f\u090f \u0928\u0949\u0928-\u0938\u0947\u0932\u094d\u092b-\u0939\u0940\u0932\u093f\u0902\u0917 \u092a\u094d\u0930\u0915\u093e\u0930 \u0915\u0947 \u0936\u0902\u091f \u092a\u093e\u0935\u0930 \u0915\u0945\u092a\u0947\u0938\u093f\u091f\u0930, \u0930\u",ROW_LEVEL_EXACT_DUPLICATE_NORMALIZED,Keep the first occurrence as canonical; the other 1 are byte-equal after normalisation and carry no unique data. Record all source rows in provenance.
36a7c7dfdf41eb2b,F034,bis_gazette_notification.csv,bis_gazette_notification,2,241; 1140,1,"{""id"": ""\u0935\u093f\u0926\u094d\u092f\u0941\u0924 \u091f\u094d\u0930\u093e\u0902\u0938\u092b\u0949\u0930\u094d\u092e\u0930"", ""related_is"": """", ""title"": """", ""unnamed_3"": """"}",ROW_LEVEL_EXACT_DUPLICATE_NORMALIZED,Keep the first occurrence as canonical; the other 1 are byte-equal after normalisation and carry no unique data. Record all source rows in provenance.
b5fa01a9919e8fe1,F034,bis_gazette_notification.csv,bis_gazette_notification,2,243; 1142,1,"{""id"": ""\u0915\u0948\u092a\u0947\u0938\u093f\u091f\u0930"", ""related_is"": """", ""title"": """", ""unnamed_3"": """"}",ROW_LEVEL_EXACT_DUPLICATE_NORMALIZED,Keep the first occurrence as canonical; the other 1 are byte-equal after normalisation and carry no unique data. Record all source rows in provenance.
b038af2d5844c00e,F034,bis_gazette_notification.csv,bis_gazette_notification,2,244; 1143,1,"{""id"": ""\u0930\u0938\u093e\u092f\u0928, \u0909\u0930\u094d\u0935\u0930\u0915, \u092a\u0949\u0932\u093f\u092e\u0930 \u090f\u0935\u0902 \u0935\u0938\u094d\u0924\u094d\u0930"", ""related_is"": """", ""title"": """", ""unnamed_3"": """"}",ROW_LEVEL_EXACT_DUPLICATE_NORMALIZED,Keep the first occurrence as canonical; the other 1 are byte-equal after normalisation and carry no unique data. Record all source rows in provenance.
019a3e9bd01f36f6,F034,bis_gazette_notification.csv,bis_gazette_notification,2,245; 1144,1,"{""id"": ""222"", ""related_is"": ""is 252:2013"", ""title"": ""\u0915\u093e\u0938\u094d\u091f\u093f\u0915 \u0938\u094b\u0921\u093e \u2013 \u0935\u093f\u0928\u093f\u0930\u094d\u0926\u0947\u0936"", ""unnamed_3"": ""17. \u092d\u093e\u0930\u0924\u0940\u092f \u092e\u093e\u0928\u0915 \u092c\u094d\u092f\u0942\u0930\u094b (\u0915\u093e\u0938\u094d\u091f\u093f\u0915 \u0938\u094b\u0921\u093e) \u0906\u0926\u0947\u0936, 20",ROW_LEVEL_EXACT_DUPLICATE_NORMALIZED,Keep the first occurrence as canonical; the other 1 are byte-equal after normalisation and carry no unique data. Record all source rows in provenance.
9687028e8e76060e,F034,bis_gazette_notification.csv,bis_gazette_notification,2,246; 1145,1,"{""id"": ""223"", ""related_is"": ""is 10116 : 2015"", ""title"": ""\u092c\u094b\u0930\u093f\u0915 \u090f\u0938\u093f\u0921 \u2013 \u0935\u093f\u0928\u093f\u0930\u094d\u0926\u0947\u0936"", ""unnamed_3"": ""18. \u092d\u093e\u0930\u0924\u0940\u092f \u092e\u093e\u0928\u0915 \u092c\u094d\u092f\u0942\u0930\u094b (\u092c\u094b\u0930\u093f\u0915 \u090f\u0938\u093f\u0921 \u0915\u0947 \u0932\u093f\u090f \u092e\u093e\u092",ROW_LEVEL_EXACT_DUPLICATE_NORMALIZED,Keep the first occurrence as canonical; the other 1 are byte-equal after normalisation and carry no unique data. Record all source rows in provenance.
fec2f1ce340b3fbe,F034,bis_gazette_notification.csv,bis_gazette_notification,2,247; 1146,1,"{""id"": ""224"", ""related_is"": ""is 15573"", ""title"": ""\u092a\u0949\u0932\u0940 \u090f\u0932\u094d\u092f\u0941\u092e\u093f\u0928\u093f\u092f\u092e \u0915\u094d\u0932\u094b\u0930\u093e\u0907\u0921"", ""unnamed_3"": ""19. \u092a\u0949\u0932\u0940 \u090f\u0932\u094d\u092f\u0941\u092e\u093f\u0928\u093f\u092f\u092e \u0915\u094d\u0932\u094b\u0930\u093e\u0907\u0921 (\u0917\u0941\u0923\u0935\u0924\u094d\u0924\u093",ROW_LEVEL_EXACT_DUPLICATE_NORMALIZED,Keep the first occurrence as canonical; the other 1 are byte-equal after normalisation and carry no unique data. Record all source rows in provenance.
4393aea8baedbf92,F034,bis_gazette_notification.csv,bis_gazette_notification,2,248; 1147,1,"{""id"": """", ""related_is"": ""is 695:2020"", ""title"": ""\u090f\u0938\u0940\u091f\u093f\u0915 \u090f\u0938\u093f\u0921"", ""unnamed_3"": ""\u090f\u0938\u0940\u091f\u093f\u0915 \u090f\u0938\u093f\u0921 (\u0917\u0941\u0923\u0935\u0924\u094d\u0924\u093e \u0928\u093f\u092f\u0902\u0924\u094d\u0930\u0923) \u0906\u0926\u0947\u0936, 2019 (\u090f\u0938.\u0913. 2791 (\u0908), \u0926\u093f\u0928\u093e\u0902\u0915 05/08",ROW_LEVEL_EXACT_DUPLICATE_NORMALIZED,Keep the first occurrence as canonical; the other 1 are byte-equal after normalisation and carry no unique data. Record all source rows in provenance.
a866bd1f2017daa2,F034,bis_gazette_notification.csv,bis_gazette_notification,2,249; 1148,1,"{""id"": """", ""related_is"": ""is 2833:2019"", ""title"": ""\u090f\u0928\u093f\u0932\u0940\u0928"", ""unnamed_3"": ""\u090f\u0928\u093f\u0932\u0940\u0928 (\u0917\u0941\u0923\u0935\u0924\u094d\u0924\u093e \u0928\u093f\u092f\u0902\u0924\u094d\u0930\u0923) \u0906\u0926\u0947\u0936, 2019 (\u090f\u0938.\u0913. 2792 (\u0908), \u0926\u093f\u0928\u093e\u0902\u0915 05/08/2019) \u090f\u0928\u093f\u0932\u0940\u0928 (\u09",ROW_LEVEL_EXACT_DUPLICATE_NORMALIZED,Keep the first occurrence as canonical; the other 1 are byte-equal after normalisation and carry no unique data. Record all source rows in provenance.
9984e5cde85db0a9,F034,bis_gazette_notification.csv,bis_gazette_notification,2,250; 1149,1,"{""id"": """", ""related_is"": ""is 517:2020"", ""title"": ""\u092e\u0947\u0925\u0928\u0949\u0932"", ""unnamed_3"": ""\u092e\u0947\u0925\u0928\u0949\u0932 (\u0917\u0941\u0923\u0935\u0924\u094d\u0924\u093e \u0928\u093f\u092f\u0902\u0924\u094d\u0930\u0923) \u0906\u0926\u0947\u0936, 2019 (\u090f\u0938.\u0913. 2793 (\u0908), \u0926\u093f\u0928\u093e\u0902\u0915 05/08/2019) \u092e\u0947\u0925\u0928\u0949\u0932 (\u091",ROW_LEVEL_EXACT_DUPLICATE_NORMALIZED,Keep the first occurrence as canonical; the other 1 are byte-equal after normalisation and carry no unique data. Record all source rows in provenance.
074f49d648be2e2d,F034,bis_gazette_notification.csv,bis_gazette_notification,2,251; 1150,1,"{""id"": ""225"", ""related_is"": ""is 5158: 1987"", ""title"": ""\u092b\u094d\u0925\u0948\u0932\u093f\u0915 \u090f\u0928\u0939\u093e\u0907\u0921\u094d\u0930\u093e\u0907\u0921, \u0924\u0915\u0928\u0940\u0915\u0940 \u0939\u0947\u0924\u0941 \u0935\u093f\u0928\u093f\u0930\u094d\u0926\u0947\u0936"", ""unnamed_3"": ""20. \u092b\u094d\u0925\u0948\u0932\u093f\u0915 \u090f\u0928\u0939\u093e\u0907\u0921\u094d\u0930\u093e",ROW_LEVEL_EXACT_DUPLICATE_NORMALIZED,Keep the first occurrence as canonical; the other 1 are byte-equal after normalisation and carry no unique data. Record all source rows in provenance.
ed2c43ea85153213,F034,bis_gazette_notification.csv,bis_gazette_notification,2,252; 1151,1,"{""id"": """", ""related_is"": ""is 8058:2018"", ""title"": ""\u092a\u093e\u0907\u0930\u0940\u0921\u0940\u0928"", ""unnamed_3"": ""\u092a\u093e\u0907\u0930\u0940\u0921\u0940\u0928 (\u0917\u0941\u0923\u0935\u0924\u094d\u0924\u093e \u0928\u093f\u092f\u0902\u0924\u094d\u0930\u0923) \u0906\u0926\u0947\u0936, 2020 (\u090f\u0938.\u0913. 1890(\u0908), \u0926\u093f\u0928\u093e\u0902\u0915 16/06/2020) \u092a\u093e\u0907\",ROW_LEVEL_EXACT_DUPLICATE_NORMALIZED,Keep the first occurrence as canonical; the other 1 are byte-equal after normalisation and carry no unique data. Record all source rows in provenance.
72b8134f625c9c85,F034,bis_gazette_notification.csv,bis_gazette_notification,2,253; 1152,1,"{""id"": ""226"", ""related_is"": ""is 16113:2013"", ""title"": ""\u0917\u093e\u092e\u093e \u092a\u093f\u0915\u094b\u0932\u093f\u0928"", ""unnamed_3"": ""\u0917\u093e\u092e\u093e \u092a\u093f\u0915\u094b\u0932\u093f\u0928 (\u0917\u0941\u0923\u0935\u0924\u094d\u0924\u093e \u0928\u093f\u092f\u0902\u0924\u094d\u0930\u0923) \u0906\u0926\u0947\u0936, 2020 (\u090f\u0938.\u0913. 1891(\u0908), \u0926\u093f\u0928\u093e\u",ROW_LEVEL_EXACT_DUPLICATE_NORMALIZED,Keep the first occurrence as canonical; the other 1 are byte-equal after normalisation and carry no unique data. Record all source rows in provenance.
2d9b49dcf653010d,F034,bis_gazette_notification.csv,bis_gazette_notification,2,254; 1153,1,"{""id"": ""227"", ""related_is"": ""is 12084:2018"", ""title"": ""\u092e\u0949\u0930\u094d\u092b\u094b\u0932\u093f\u0928"", ""unnamed_3"": ""\u092e\u0949\u0930\u094d\u092b\u094b\u0932\u093f\u0928 (\u0917\u0941\u0923\u0935\u0924\u094d\u0924\u093e \u0928\u093f\u092f\u0902\u0924\u094d\u0930\u0923) \u0906\u0926\u0947\u0936, 2020 \u090f\u0938.\u0913. 4772(\u0908), \u0926\u093f\u0928\u093e\u0902\u0915 30 \u0905\u0915\",ROW_LEVEL_EXACT_DUPLICATE_NORMALIZED,Keep the first occurrence as canonical; the other 1 are byte-equal after normalisation and carry no unique data. Record all source rows in provenance.
3c0e562c5308550a,F034,bis_gazette_notification.csv,bis_gazette_notification,2,255; 1154,1,"{""id"": ""228"", ""related_is"": ""is 297:2001"", ""title"": ""\u0938\u094b\u0921\u093f\u092f\u092e \u0938\u0932\u094d\u092b\u093e\u0907\u0921, \u0924\u0915\u0928\u0940\u0915\u0940"", ""unnamed_3"": ""\u0938\u094b\u0921\u093f\u092f\u092e \u0938\u0932\u094d\u092b\u093e\u0907\u0921 (\u0917\u0941\u0923\u0935\u0924\u094d\u0924\u093e \u0928\u093f\u092f\u0902\u0924\u094d\u0930\u0923) \u0906\u0926\u0947\u0936, 2020 (\",ROW_LEVEL_EXACT_DUPLICATE_NORMALIZED,Keep the first occurrence as canonical; the other 1 are byte-equal after normalisation and carry no unique data. Record all source rows in provenance.
74e8b7d0f5b1711a,F034,bis_gazette_notification.csv,bis_gazette_notification,2,256; 1155,1,"{""id"": ""229"", ""related_is"": ""is 7129:1992"", ""title"": ""\u092a\u094b\u091f\u0948\u0936\u093f\u092f\u092e \u0915\u093e\u0930\u094d\u092c\u094b\u0928\u0947\u091f, \u0928\u093f\u0930\u094d\u091c\u0932"", ""unnamed_3"": ""24. \u092a\u094b\u091f\u0948\u0936\u093f\u092f\u092e \u0915\u093e\u0930\u094d\u092c\u094b\u0928\u0947\u091f (\u0917\u0941\u0923\u0935\u0924\u094d\u0924\u093e \u0928\u093f\u092f\u0902\u0924",ROW_LEVEL_EXACT_DUPLICATE_NORMALIZED,Keep the first occurrence as canonical; the other 1 are byte-equal after normalisation and carry no unique data. Record all source rows in provenance.
761e353c4b5dbf3f,F034,bis_gazette_notification.csv,bis_gazette_notification,2,257; 1156,1,"{""id"": ""230"", ""related_is"": ""is 170:2004"", ""title"": ""\u090f\u0938\u0940\u091f\u094b\u0928"", ""unnamed_3"": ""25. \u090f\u0938\u0940\u091f\u094b\u0928 (\u0917\u0941\u0923\u0935\u0924\u094d\u0924\u093e \u0928\u093f\u092f\u0902\u0924\u094d\u0930\u0923) \u0906\u0926\u0947\u0936, 2020 (\u090f\u0938.\u0913. 1896(\u0908), \u0926\u093f\u0928\u093e\u0902\u0915 16/06/2020) \u090f\u0938\u0940\u091f\u094b\u0928 ",ROW_LEVEL_EXACT_DUPLICATE_NORMALIZED,Keep the first occurrence as canonical; the other 1 are byte-equal after normalisation and carry no unique data. Record all source rows in provenance.
b4d64bb443f468c8,F034,bis_gazette_notification.csv,bis_gazette_notification,2,258; 1157,1,"{""id"": ""231"", ""related_is"": ""is 4581:1978"", ""title"": ""\u092b\u0949\u0938\u094d\u092b\u094b\u0930\u0938 \u091f\u094d\u0930\u093e\u0907\u0915\u094d\u0932\u094b\u0930\u093e\u0907\u0921, \u0936\u0941\u0926\u094d\u0927 \u090f\u0935\u0902 \u0935\u093f\u0936\u094d\u0932\u0947\u0937\u0923\u093e\u0924\u094d\u092e\u0915 \u0905\u092d\u093f\u0915\u0930\u094d\u092e\u0915"", ""unnamed_3"": ""26. \u092b\u0949\u0938\",ROW_LEVEL_EXACT_DUPLICATE_NORMALIZED,Keep the first occurrence as canonical; the other 1 are byte-equal after normalisation and carry no unique data. Record all source rows in provenance.
bd18b1f87a78cf01,F034,bis_gazette_notification.csv,bis_gazette_notification,2,259; 1158,1,"{""id"": ""232"", ""related_is"": ""is 11744:1986"", ""title"": ""\u092b\u0949\u0938\u094d\u092b\u094b\u0930\u0938 \u092a\u0947\u0902\u091f\u093e\u0915\u094d\u0932\u094b\u0930\u093e\u0907\u0921, \u0924\u0915\u0928\u0940\u0915\u0940"", ""unnamed_3"": ""27. \u092b\u0949\u0938\u094d\u092b\u094b\u0930\u0938 \u092a\u0947\u0902\u091f\u093e\u0915\u094d\u0932\u094b\u0930\u093e\u0907\u0921 (\u0917\u0941\u0923\u0935\u0924",ROW_LEVEL_EXACT_DUPLICATE_NORMALIZED,Keep the first occurrence as canonical; the other 1 are byte-equal after normalisation and carry no unique data. Record all source rows in provenance.
ae152c9545f66c9a,F034,bis_gazette_notification.csv,bis_gazette_notification,2,260; 1159,1,"{""id"": ""233"", ""related_is"": ""is 11657:1986"", ""title"": ""\u092b\u0949\u0938\u094d\u092b\u094b\u0930\u0938 \u0911\u0915\u094d\u0938\u0940\u0915\u094d\u0932\u094b\u0930\u093e\u0907\u0921, \u0924\u0915\u0928\u0940\u0915\u0940"", ""unnamed_3"": ""28. \u092b\u0949\u0938\u094d\u092b\u094b\u0930\u0938 \u0911\u0915\u094d\u0938\u0940\u0915\u094d\u0932\u094b\u0930\u093e\u0907\u0921 (\u0917\u0941\u0923\u0935\u0924",ROW_LEVEL_EXACT_DUPLICATE_NORMALIZED,Keep the first occurrence as canonical; the other 1 are byte-equal after normalisation and carry no unique data. Record all source rows in provenance.
a18c754df5b14bd5,F034,bis_gazette_notification.csv,bis_gazette_notification,2,261; 1160,1,"{""id"": ""234"", ""related_is"": ""is 2080:2021"", ""title"": ""\u0938\u094d\u0925\u093f\u0930\u0940\u0915\u0943\u0924 \u0939\u093e\u0907\u0921\u094d\u0930\u094b\u091c\u0928 \u092a\u0947\u0930\u0949\u0915\u094d\u0938\u093e\u0907\u0921"", ""unnamed_3"": ""29. \u0939\u093e\u0907\u0921\u094d\u0930\u094b\u091c\u0928 \u092a\u0947\u0930\u0949\u0915\u094d\u0938\u093e\u0907\u0921 (\u0917\u0941\u0923\u0935\u0924\u094d\u",ROW_LEVEL_EXACT_DUPLICATE_NORMALIZED,Keep the first occurrence as canonical; the other 1 are byte-equal after normalisation and carry no unique data. Record all source rows in provenance.
3f57a4dd8423045b,F034,bis_gazette_notification.csv,bis_gazette_notification,2,262; 1161,1,"{""id"": ""235"", ""related_is"": ""is 3205:1984"", ""title"": ""\u0905\u0935\u0915\u094d\u0937\u093f\u092a\u094d\u0924 \u092c\u0947\u0930\u093f\u092f\u092e \u0915\u093e\u0930\u094d\u092c\u094b\u0928\u0947\u091f, \u0924\u0915\u0928\u0940\u0915\u0940"", ""unnamed_3"": ""30. \u0905\u0935\u0915\u094d\u0937\u093f\u092a\u094d\u0924 \u092c\u0947\u0930\u093f\u092f\u092e \u0915\u093e\u0930\u094d\u092c\u094b\u0928\u0947\",ROW_LEVEL_EXACT_DUPLICATE_NORMALIZED,Keep the first occurrence as canonical; the other 1 are byte-equal after normalisation and carry no unique data. Record all source rows in provenance.
a5b0f7af8890e750,F034,bis_gazette_notification.csv,bis_gazette_notification,2,263; 1162,1,"{""id"": ""236"", ""related_is"": ""is 12928:1990"", ""title"": ""\u0938\u093f\u0930\u0947\u092e\u093f\u0915 \u090f\u0935\u0902 \u0915\u093e\u0902\u091a \u0909\u0926\u094d\u092f\u094b\u0917 \u0939\u0947\u0924\u0941 \u0905\u0935\u0915\u094d\u0937\u093f\u092a\u094d\u0924 \u092c\u0947\u0930\u093f\u092f\u092e"", ""unnamed_3"": ""\u0905\u0935\u0915\u094d\u0937\u093f\u092a\u094d\u0924 \u092c\u0947\u0930\u093f\u092f\u0",ROW_LEVEL_EXACT_DUPLICATE_NORMALIZED,Keep the first occurrence as canonical; the other 1 are byte-equal after normalisation and carry no unique data. Record all source rows in provenance.
5007a956bb4df315,F034,bis_gazette_notification.csv,bis_gazette_notification,2,264; 1163,1,"{""id"": ""237"", ""related_is"": ""is 4505:2015"", ""title"": ""\u0938\u094b\u0921\u093f\u092f\u092e \u092b\u0949\u0930\u094d\u092e\u0932\u094d\u0921\u093f\u0939\u093e\u0907\u0921 \u0938\u0932\u094d\u092b\u0949\u0915\u094d\u0938\u093f\u0932\u0947\u091f"", ""unnamed_3"": ""31. \u0938\u094b\u0921\u093f\u092f\u092e \u092b\u0949\u0930\u094d\u092e\u0932\u094d\u0921\u093f\u0939\u093e\u0907\u0921 \u0938\u0932\u094d\u0",ROW_LEVEL_EXACT_DUPLICATE_NORMALIZED,Keep the first occurrence as canonical; the other 1 are byte-equal after normalisation and carry no unique data. Record all source rows in provenance.
61dba1bc15582579,F034,bis_gazette_notification.csv,bis_gazette_notification,2,265; 1164,1,"{""id"": """", ""related_is"": ""is 6100:1984"", ""title"": ""\u0938\u094b\u0921\u093f\u092f\u092e \u091f\u094d\u0930\u093e\u0907\u092a\u0949\u0932\u0940\u092b\u0949\u0938\u094d\u092b\u0947\u091f, \u0928\u093f\u0930\u094d\u091c\u0932, \u0924\u0915\u0928\u0940\u0915\u0940"", ""unnamed_3"": ""\u0938\u094b\u0921\u093f\u092f\u092e \u091f\u094d\u0930\u093e\u0907\u092a\u0949\u0932\u0940\u092b\u0949\u0938\u094d\u092b\u",ROW_LEVEL_EXACT_DUPLICATE_NORMALIZED,Keep the first occurrence as canonical; the other 1 are byte-equal after normalisation and carry no unique data. Record all source rows in provenance.
d9d61135d94e744d,F034,bis_gazette_notification.csv,bis_gazette_notification,2,266; 1165,1,"{""id"": ""238"", ""related_is"": ""is 14709:1999"", ""title"": ""\u090f\u0928-\u092c\u094d\u092f\u0942\u091f\u093e\u0907\u0932 \u090f\u0915\u094d\u0930\u093f\u0932\u0947\u091f"", ""unnamed_3"": ""32. \u090f\u0928-\u092c\u094d\u092f\u0942\u091f\u093e\u0907\u0932 \u090f\u0915\u094d\u0930\u093f\u0932\u0947\u091f (\u0917\u0941\u0923\u0935\u0924\u094d\u0924\u093e \u0928\u093f\u092f\u0902\u0924\u094d\u0930\u0923) \u0",ROW_LEVEL_EXACT_DUPLICATE_NORMALIZED,Keep the first occurrence as canonical; the other 1 are byte-equal after normalisation and carry no unique data. Record all source rows in provenance.
2eaba7464dcde4c4,F034,bis_gazette_notification.csv,bis_gazette_notification,2,267; 1166,1,"{""id"": ""239"", ""related_is"": ""is 336:1973"", ""title"": ""\u0908\u0925\u0930"", ""unnamed_3"": ""33. \u0908\u0925\u0930 (\u0917\u0941\u0923\u0935\u0924\u094d\u0924\u093e \u0928\u093f\u092f\u0902\u0924\u094d\u0930\u0923) \u0906\u0926\u0947\u0936, 2020 (\u090f\u0938.\u0913. 2183(\u0908) \u0926\u093f\u0928\u093e\u0902\u0915 29/06/2020) \u0908\u0925\u0930 (\u0917\u0941\u0923\u0935\u0924\u094d\u0924\u093e \u092",ROW_LEVEL_EXACT_DUPLICATE_NORMALIZED,Keep the first occurrence as canonical; the other 1 are byte-equal after normalisation and carry no unique data. Record all source rows in provenance.
59d943008a2fd14b,F034,bis_gazette_notification.csv,bis_gazette_notification,2,268; 1167,1,"{""id"": """", ""related_is"": ""is 5295:1985"", ""title"": ""\u090f\u0925\u093f\u0932\u0940\u0928 \u0917\u094d\u0932\u093e\u0907\u0915\u094b\u0932"", ""unnamed_3"": ""\u090f\u0925\u093f\u0932\u0940\u0928 \u0917\u094d\u0932\u093e\u0907\u0915\u094b\u0932 (\u0917\u0941\u0923\u0935\u0924\u094d\u0924\u093e \u0928\u093f\u092f\u0902\u0924\u094d\u0930\u0923) \u0906\u0926\u0947\u0936, 2020 (\u090f\u0938.\u0913. 2184(\u0",ROW_LEVEL_EXACT_DUPLICATE_NORMALIZED,Keep the first occurrence as canonical; the other 1 are byte-equal after normalisation and carry no unique data. Record all source rows in provenance.
72666b23c8267ad9,F034,bis_gazette_notification.csv,bis_gazette_notification,2,269; 1168,1,"{""id"": """", ""related_is"": ""is 537:2011"", ""title"": ""\u091f\u094b\u0932\u094d\u092f\u0942\u0928"", ""unnamed_3"": ""\u091f\u094b\u0932\u094d\u092f\u0942\u0928 (\u0917\u0941\u0923\u0935\u0924\u094d\u0924\u093e \u0928\u093f\u092f\u0902\u0924\u094d\u0930\u0923) \u0906\u0926\u0947\u0936, 2020 (\u090f\u0938.\u0913. 2186(\u0908), \u0926\u093f\u0928\u093e\u0902\u0915 29/06/2020) \u091f\u094b\u0932\u094d\u092f\u",ROW_LEVEL_EXACT_DUPLICATE_NORMALIZED,Keep the first occurrence as canonical; the other 1 are byte-equal after normalisation and carry no unique data. Record all source rows in provenance.
8dbeb4d4b8b496d3,F034,bis_gazette_notification.csv,bis_gazette_notification,2,270; 1169,1,"{""id"": """", ""related_is"": ""is 15030:2001"", ""title"": ""\u091f\u0947\u0930\u0947\u092b\u094d\u0925\u0948\u0932\u093f\u0915 \u0905\u092e\u094d\u0932"", ""unnamed_3"": ""\u091f\u0947\u0930\u0947\u092b\u094d\u0925\u0948\u0932\u093f\u0915 \u0905\u092e\u094d\u0932 (\u0917\u0941\u0923\u0935\u0924\u094d\u0924\u093e \u0928\u093f\u092f\u0902\u0924\u094d\u0930\u0923) \u0906\u0926\u0947\u0936, 2020 (\u090f\u0938.\u0",ROW_LEVEL_EXACT_DUPLICATE_NORMALIZED,Keep the first occurrence as canonical; the other 1 are byte-equal after normalisation and carry no unique data. Record all source rows in provenance.
25b477272ebd8070,F034,bis_gazette_notification.csv,bis_gazette_notification,2,271; 1170,1,"{""id"": """", ""related_is"": ""is 14707: 1999"", ""title"": ""\u092e\u0947\u0925\u093e\u0907\u0932 \u090f\u0915\u094d\u0930\u093f\u0932\u0947\u091f"", ""unnamed_3"": ""\u092e\u0947\u0925\u093e\u0907\u0932 \u090f\u0915\u094d\u0930\u093f\u0932\u0947\u091f, \u090f\u0925\u093e\u0907\u0932 \u090f\u0915\u094d\u0930\u093f\u0932\u0947\u091f, \u090f\u0928-\u092c\u094d\u092f\u0942\u091f\u093e\u0907\u0932 \u090f\u0915\u0",ROW_LEVEL_EXACT_DUPLICATE_NORMALIZED,Keep the first occurrence as canonical; the other 1 are byte-equal after normalisation and carry no unique data. Record all source rows in provenance.
6aa7299f9c077257,F034,bis_gazette_notification.csv,bis_gazette_notification,2,272; 1171,1,"{""id"": """", ""related_is"": ""is 14708:1999"", ""title"": ""\u090f\u0925\u093e\u0907\u0932 \u090f\u0915\u094d\u0930\u093f\u0932\u0947\u091f"", ""unnamed_3"": """"}",ROW_LEVEL_EXACT_DUPLICATE_NORMALIZED,Keep the first occurrence as canonical; the other 1 are byte-equal after normalisation and carry no unique data. Record all source rows in provenance.
9882201f3d9d92f4,F034,bis_gazette_notification.csv,bis_gazette_notification,2,273; 1172,1,"{""id"": """", ""related_is"": ""is 12345:1988"", ""title"": ""\u0935\u093f\u0928\u093e\u0907\u0932 \u090f\u0938\u0940\u091f\u0947\u091f \u092e\u094b\u0928\u094b\u092e\u0930"", ""unnamed_3"": ""\u0935\u093f\u0928\u093e\u0907\u0932 \u090f\u0938\u0940\u091f\u0947\u091f \u092e\u094b\u0928\u094b\u092e\u0930 (\u0917\u0941\u0923\u0935\u0924\u094d\u0924\u093e \u0928\u093f\u092f\u0902\u0924\u094d\u0930\u0923) \u0906\u09",ROW_LEVEL_EXACT_DUPLICATE_NORMALIZED,Keep the first occurrence as canonical; the other 1 are byte-equal after normalisation and carry no unique data. Record all source rows in provenance.
169dc24564eb7260,F034,bis_gazette_notification.csv,bis_gazette_notification,2,274; 1173,1,"{""id"": """", ""related_is"": ""is 4105:2020"", ""title"": ""\u0938\u094d\u091f\u093e\u0907\u0930\u0940\u0928 (\u0935\u093f\u0928\u093e\u0907\u0932 \u092c\u0947\u0902\u091c\u0940\u0928)"", ""unnamed_3"": ""\u0938\u094d\u091f\u093e\u0907\u0930\u0940\u0928 (\u0935\u093f\u0928\u093e\u0907\u0932 \u092c\u0947\u0902\u091c\u0940\u0928) (\u0917\u0941\u0923\u0935\u0924\u094d\u0924\u093e \u0928\u093f\u092f\u0902\u0924\u0",ROW_LEVEL_EXACT_DUPLICATE_NORMALIZED,Keep the first occurrence as canonical; the other 1 are byte-equal after normalisation and carry no unique data. Record all source rows in provenance.
7f131f232c25291f,F034,bis_gazette_notification.csv,bis_gazette_notification,2,275; 1174,1,"{""id"": """", ""related_is"": ""is 5149:2020"", ""title"": ""\u092e\u0947\u0932\u093f\u0915 \u090f\u0928\u0939\u093e\u0907\u0921\u094d\u0930\u093e\u0907\u0921, \u0924\u0915\u0928\u0940\u0915\u0940"", ""unnamed_3"": ""\u092e\u0947\u0932\u093f\u0915 \u090f\u0928\u0939\u093e\u0907\u0921\u094d\u0930\u093e\u0907\u0921 (\u0917\u0941\u0923\u0935\u0924\u094d\u0924\u093e \u0928\u093f\u092f\u0902\u0924\u094d\u0930\u0923)",ROW_LEVEL_EXACT_DUPLICATE_NORMALIZED,Keep the first occurrence as canonical; the other 1 are byte-equal after normalisation and carry no unique data. Record all source rows in provenance.
2902cdcbffd442d1,F034,bis_gazette_notification.csv,bis_gazette_notification,2,276; 1175,1,"{""id"": """", ""related_is"": ""is 12540:1988"", ""title"": ""\u090f\u0915\u094d\u0930\u093f\u0932\u094b\u0928\u093e\u0907\u091f\u094d\u0930\u093e\u0907\u0932"", ""unnamed_3"": ""\u090f\u0915\u094d\u0930\u093f\u0932\u094b\u0928\u093e\u0907\u091f\u094d\u0930\u093e\u0907\u0932 (\u0917\u0941\u0923\u0935\u0924\u094d\u0924\u093e \u0928\u093f\u092f\u0902\u0924\u094d\u0930\u0923) \u0906\u0926\u0947\u0936, 2020 (\u090f",ROW_LEVEL_EXACT_DUPLICATE_NORMALIZED,Keep the first occurrence as canonical; the other 1 are byte-equal after normalisation and carry no unique data. Record all source rows in provenance.
2a39cc83894e09d3,F034,bis_gazette_notification.csv,bis_gazette_notification,2,277; 1176,1,"{""id"": """", ""related_is"": ""is 17265:2019"", ""title"": ""100 \u092a\u094d\u0930\u0924\u093f\u0936\u0924 \u092a\u0949\u0932\u093f\u090f\u0938\u094d\u091f\u0930 \u0938\u094d\u092a\u0928 \u0917\u094d\u0930\u0947 \u090f\u0935\u0902 \u0935\u094d\u0939\u093e\u0907\u091f \u092f\u093e\u0930\u094d\u0928 (psy)"", ""unnamed_3"": ""100 \u092a\u094d\u0930\u0924\u093f\u0936\u0924 \u092a\u0949\u0932\u093f\u090f\u0938\u09",ROW_LEVEL_EXACT_DUPLICATE_NORMALIZED,Keep the first occurrence as canonical; the other 1 are byte-equal after normalisation and carry no unique data. Record all source rows in provenance.
6370f4ea0a0ca99e,F034,bis_gazette_notification.csv,bis_gazette_notification,2,278; 1177,1,"{""id"": """", ""related_is"": ""is 17261:2019"", ""title"": ""\u092a\u0949\u0932\u093f\u090f\u0938\u094d\u091f\u0930 \u0915\u0902\u091f\u0940\u0928\u094d\u092f\u0942\u0905\u0938 \u092b\u093f\u0932\u093e\u092e\u0947\u0902\u091f \u092b\u0941\u0932\u0940 \u0921\u094d\u0930\u0949\u0928 \u092f\u093e\u0930\u094d\u0928 (fdy)"", ""unnamed_3"": ""\u092a\u0949\u0932\u093f\u090f\u0938\u094d\u091f\u0930 \u0915\u0902\u091f\",ROW_LEVEL_EXACT_DUPLICATE_NORMALIZED,Keep the first occurrence as canonical; the other 1 are byte-equal after normalisation and carry no unique data. Record all source rows in provenance.
dfbb63c190319c8c,F034,bis_gazette_notification.csv,bis_gazette_notification,2,279; 1178,1,"{""id"": """", ""related_is"": ""is 17264:2019"", ""title"": ""\u092a\u0949\u0932\u093f\u090f\u0938\u094d\u091f\u0930 \u0907\u0902\u0921\u0938\u094d\u091f\u094d\u0930\u093f\u092f\u0932 \u092f\u093e\u0930\u094d\u0928 (idy)"", ""unnamed_3"": ""\u092a\u0949\u0932\u093f\u090f\u0938\u094d\u091f\u0930 \u0907\u0902\u0921\u0938\u094d\u091f\u094d\u0930\u093f\u092f\u0932 \u092f\u093e\u0930\u094d\u0928 (\u0917\u0941\u0923\",ROW_LEVEL_EXACT_DUPLICATE_NORMALIZED,Keep the first occurrence as canonical; the other 1 are byte-equal after normalisation and carry no unique data. Record all source rows in provenance.
101457ea810b5f22,F034,bis_gazette_notification.csv,bis_gazette_notification,2,280; 1179,1,"{""id"": """", ""related_is"": ""is 17262:2019"", ""title"": ""\u092a\u0949\u0932\u093f\u090f\u0938\u094d\u091f\u0930 \u092a\u093e\u0930\u094d\u091f\u093f\u092f\u0932\u0940 \u0913\u0930\u093f\u090f\u0902\u091f\u0947\u0921 \u092f\u093e\u0930\u094d\u0928 (poy)"", ""unnamed_3"": ""\u092a\u0949\u0932\u093f\u090f\u0938\u094d\u091f\u0930 \u092a\u093e\u0930\u094d\u091f\u093f\u092f\u0932\u0940 \u0913\u0930\u093f\u090f\u",ROW_LEVEL_EXACT_DUPLICATE_NORMALIZED,Keep the first occurrence as canonical; the other 1 are byte-equal after normalisation and carry no unique data. Record all source rows in provenance.
e8835d9161cbce99,F034,bis_gazette_notification.csv,bis_gazette_notification,2,281; 1180,1,"{""id"": """", ""related_is"": ""is 17263:2019"", ""title"": ""\u092a\u0949\u0932\u093f\u090f\u0938\u094d\u091f\u0930 \u0938\u094d\u091f\u0947\u092a\u0932 \u092b\u093e\u0907\u092c\u0930\u094d\u0938 (psf)"", ""unnamed_3"": ""\u092a\u0949\u0932\u093f\u090f\u0938\u094d\u091f\u0930 \u0938\u094d\u091f\u0947\u092a\u0932 \u092b\u093e\u0907\u092c\u0930\u094d\u0938 (\u0917\u0941\u0923\u0935\u0924\u094d\u0924\u093e \u0928",ROW_LEVEL_EXACT_DUPLICATE_NORMALIZED,Keep the first occurrence as canonical; the other 1 are byte-equal after normalisation and carry no unique data. Record all source rows in provenance.
f4366fecf9c316c8,F034,bis_gazette_notification.csv,bis_gazette_notification,2,282; 1181,1,"{""id"": """", ""related_is"": ""is 7328:2020"", ""title"": ""\u092e\u094b\u0932\u094d\u0921\u093f\u0902\u0917 \u090f\u0935\u0902 \u090f\u0915\u094d\u0938\u091f\u094d\u0930\u0942\u091c\u093c\u0928 \u0939\u0947\u0924\u0941 \u092a\u0949\u0932\u0940\u090f\u0925\u093f\u0932\u0940\u0928 \u0938\u093e\u092e\u0917\u094d\u0930\u0940 (i) \u0932\u094b \u0921\u0947\u0902\u0938\u093f\u091f\u0940 \u092a\u0949\u0932\u0940\",ROW_LEVEL_EXACT_DUPLICATE_NORMALIZED,Keep the first occurrence as canonical; the other 1 are byte-equal after normalisation and carry no unique data. Record all source rows in provenance.
5b13267f69165b28,F034,bis_gazette_notification.csv,bis_gazette_notification,2,283; 1182,1,"{""id"": ""240"", ""related_is"": ""is 11356:2020"", ""title"": ""\u0938\u094d\u091f\u093e\u0907\u0930\u0940\u0928-\u092c\u094d\u092f\u0942\u091f\u093e\u0921\u0940\u0928 \u0930\u092c\u0930 \u0932\u0947\u091f\u0947\u0915\u094d\u0938"", ""unnamed_3"": ""34. \u0938\u094d\u091f\u093e\u0907\u0930\u0940\u0928-\u092c\u094d\u092f\u0942\u091f\u093e\u0921\u0940\u0928 \u0930\u092c\u0930 \u0932\u0947\u091f\u0947\u0915\u094d",ROW_LEVEL_EXACT_DUPLICATE_NORMALIZED,Keep the first occurrence as canonical; the other 1 are byte-equal after normalisation and carry no unique data. Record all source rows in provenance.
eb501bbf3a92337d,F034,bis_gazette_notification.csv,bis_gazette_notification,2,284; 1183,1,"{""id"": ""241"", ""related_is"": ""is 16481:2016"", ""title"": ""\u0938\u0940\u092e\u0947\u0902\u091f \u0906\u0927\u093e\u0930\u093f\u0924 \u092e\u0948\u091f\u094d\u0930\u093f\u0915\u094d\u0938 \u092e\u0947\u0902 \u0909\u092a\u092f\u094b\u0917 \u0939\u0947\u0924\u0941 \u0938\u093f\u0902\u0925\u0947\u091f\u093f\u0915 \u092e\u093e\u0907\u0915\u094d\u0930\u094b-\u092b\u093e\u0907\u092c\u0930\u094d\u0938"", ""unn",ROW_LEVEL_EXACT_DUPLICATE_NORMALIZED,Keep the first occurrence as canonical; the other 1 are byte-equal after normalisation and carry no unique data. Record all source rows in provenance.
6511a2a3baf458a2,F034,bis_gazette_notification.csv,bis_gazette_notification,2,286; 1185,1,"{""id"": """", ""related_is"": ""is 13601:1993"", ""title"": ""\u090f\u0925\u093f\u0932\u0940\u0928 \u0935\u093f\u0928\u093e\u0907\u0932 \u090f\u0938\u0940\u091f\u0947\u091f (eva) \u0915\u094b\u092a\u0949\u0932\u093f\u092e\u0930"", ""unnamed_3"": ""\u090f\u0925\u093f\u0932\u0940\u0928 \u0935\u093f\u0928\u093e\u0907\u0932 \u090f\u0938\u0940\u091f\u0947\u091f \u0915\u094b\u092a\u0949\u0932\u093f\u092e\u0930 (\u091",ROW_LEVEL_EXACT_DUPLICATE_NORMALIZED,Keep the first occurrence as canonical; the other 1 are byte-equal after normalisation and carry no unique data. Record all source rows in provenance.
abac4b3a32e2f753,F034,bis_gazette_notification.csv,bis_gazette_notification,2,287; 1186,1,"{""id"": ""243"", ""related_is"": ""is 7686:2020"", ""title"": ""3 (\u090f\u0928, \u090f\u0928-\u0921\u093e\u0907\u090f\u0925\u093e\u0907\u0932) \u0905\u092e\u0940\u0928\u094b\u092b\u093f\u0928\u0949\u0932"", ""unnamed_3"": ""37. 3 (\u090f\u0928, \u090f\u0928-\u0921\u093e\u0907\u090f\u0925\u093e\u0907\u0932) \u0905\u092e\u0940\u0928\u094b\u092b\u093f\u0928\u0949\u0932 (\u0917\u0941\u0923\u0935\u0924\u094d\u0924\",ROW_LEVEL_EXACT_DUPLICATE_NORMALIZED,Keep the first occurrence as canonical; the other 1 are byte-equal after normalisation and carry no unique data. Record all source rows in provenance.
6f81cb044d7eed60,F034,bis_gazette_notification.csv,bis_gazette_notification,2,288; 1187,1,"{""id"": ""244"", ""related_is"": ""is 4566:2020"", ""title"": ""\u092e\u0947\u0925\u093f\u0932\u0940\u0928 \u0915\u094d\u0932\u094b\u0930\u093e\u0907\u0921 (\u0921\u093e\u0907\u0915\u094d\u0932\u094b\u0930\u094b\u092e\u0940\u0925\u0947\u0928)"", ""unnamed_3"": ""38. \u092e\u0947\u0925\u093f\u0932\u0940\u0928 \u0915\u094d\u0932\u094b\u0930\u093e\u0907\u0921 (\u0921\u093e\u0907\u0915\u094d\u0932\u094b\u0930\u094b",ROW_LEVEL_EXACT_DUPLICATE_NORMALIZED,Keep the first occurrence as canonical; the other 1 are byte-equal after normalisation and carry no unique data. Record all source rows in provenance.
80c15492fc5377ab,F034,bis_gazette_notification.csv,bis_gazette_notification,2,289; 1188,1,"{""id"": ""245"", ""related_is"": ""is 2012:2006"", ""title"": ""\u0932\u093e\u0932 \u092b\u0949\u0938\u094d\u092b\u094b\u0930\u0938"", ""unnamed_3"": ""39. \u0932\u093e\u0932 \u092b\u0949\u0938\u094d\u092b\u094b\u0930\u0938 (\u0917\u0941\u0923\u0935\u0924\u094d\u0924\u093e \u0928\u093f\u092f\u0902\u0924\u094d\u0930\u0923) \u0906\u0926\u0947\u0936, 2021 (\u090f\u0938.\u0913. \u0938\u0902. 2033 (\u0908), \u0926\u",ROW_LEVEL_EXACT_DUPLICATE_NORMALIZED,Keep the first occurrence as canonical; the other 1 are byte-equal after normalisation and carry no unique data. Record all source rows in provenance.
1a5ec57a8858c98f,F034,bis_gazette_notification.csv,bis_gazette_notification,2,290; 1189,1,"{""id"": """", ""related_is"": ""is 17077:2019/iso 19062-1:2015"", ""title"": ""\u090f\u0915\u094d\u0930\u093f\u0932\u094b\u0928\u093e\u0907\u091f\u094d\u0930\u093e\u0907\u0932 \u092c\u094d\u092f\u0942\u091f\u093e\u0921\u0940\u0928 \u0938\u094d\u091f\u093e\u0907\u0930\u0940\u0928 (abs)"", ""unnamed_3"": ""\u090f\u0915\u094d\u0930\u093f\u0932\u094b\u0928\u093e\u0907\u091f\u094d\u0930\u093e\u0907\u0932-\u092c\u094",ROW_LEVEL_EXACT_DUPLICATE_NORMALIZED,Keep the first occurrence as canonical; the other 1 are byte-equal after normalisation and carry no unique data. Record all source rows in provenance.
6039e52b15cfffe6,F034,bis_gazette_notification.csv,bis_gazette_notification,2,291; 1190,1,"{""id"": """", ""related_is"": ""is 869:2020"", ""title"": ""\u090f\u0925\u093f\u0932\u0940\u0928 \u0921\u093e\u0907\u0915\u094d\u0932\u094b\u0930\u093e\u0907\u0921"", ""unnamed_3"": ""\u090f\u0925\u093f\u0932\u0940\u0928 \u0921\u093e\u0907\u0915\u094d\u0932\u094b\u0930\u093e\u0907\u0921 (\u0917\u0941\u0923\u0935\u0924\u094d\u0924\u093e \u0928\u093f\u092f\u0902\u0924\u094d\u0930\u0923) \u0906\u0926\u0947\u0936, ",ROW_LEVEL_EXACT_DUPLICATE_NORMALIZED,Keep the first occurrence as canonical; the other 1 are byte-equal after normalisation and carry no unique data. Record all source rows in provenance.
bc74f284dffdf51c,F034,bis_gazette_notification.csv,bis_gazette_notification,2,292; 1191,1,"{""id"": """", ""related_is"": ""is 17370:2020"", ""title"": ""p-\u091c\u093c\u093e\u0907\u0932\u0940\u0928"", ""unnamed_3"": ""p-\u091c\u093c\u093e\u0907\u0932\u0940\u0928 (\u0917\u0941\u0923\u0935\u0924\u094d\u0924\u093e \u0928\u093f\u092f\u0902\u0924\u094d\u0930\u0923) \u0906\u0926\u0947\u0936, 2021 (\u090f\u0938.\u0913. 3929 (\u0908), \u0926\u093f\u0928\u093e\u0902\u0915 13.09.2021) p-\u091c\u093c\u093e\u090",ROW_LEVEL_EXACT_DUPLICATE_NORMALIZED,Keep the first occurrence as canonical; the other 1 are byte-equal after normalisation and carry no unique data. Record all source rows in provenance.
f72bb5be17207489,F034,bis_gazette_notification.csv,bis_gazette_notification,2,293; 1192,1,"{""id"": """", ""related_is"": ""is 14434:1998"", ""title"": ""\u092a\u0949\u0932\u0940\u0915\u093e\u0930\u094d\u092c\u094b\u0928\u0947\u091f"", ""unnamed_3"": ""\u092a\u0949\u0932\u0940\u0915\u093e\u0930\u094d\u092c\u094b\u0928\u0947\u091f (\u0917\u0941\u0923\u0935\u0924\u094d\u0924\u093e \u0928\u093f\u092f\u0902\u0924\u094d\u0930\u0923) \u0906\u0926\u0947\u0936, 2021 (\u090f\u0938.\u0913. 3930(\u0908), \u0926\",ROW_LEVEL_EXACT_DUPLICATE_NORMALIZED,Keep the first occurrence as canonical; the other 1 are byte-equal after normalisation and carry no unique data. Record all source rows in provenance.
f0daaf7aadc4efad,F034,bis_gazette_notification.csv,bis_gazette_notification,2,294; 1193,1,"{""id"": """", ""related_is"": ""is 17397 (\u092d\u093e\u0917 1) : 2020 / iso 16365-1 : 2014"", ""title"": ""\u092a\u0949\u0932\u0940\u092f\u0942\u0930\u0940\u0925\u0947\u0928"", ""unnamed_3"": ""\u092a\u0949\u0932\u0940\u092f\u0942\u0930\u0940\u0925\u0947\u0928 (\u0917\u0941\u0923\u0935\u0924\u094d\u0924\u093e \u0928\u093f\u092f\u0902\u0924\u094d\u0930\u0923) \u0906\u0926\u0947\u0936, 2021 (\u090f\u0938.\u0913.",ROW_LEVEL_EXACT_DUPLICATE_NORMALIZED,Keep the first occurrence as canonical; the other 1 are byte-equal after normalisation and carry no unique data. Record all source rows in provenance.
88df9699bcad027a,F034,bis_gazette_notification.csv,bis_gazette_notification,2,295; 1194,1,"{""id"": """", ""related_is"": ""is 17442:2020"", ""title"": ""\u0935\u093f\u0928\u093e\u0907\u0932 \u0915\u094d\u0932\u094b\u0930\u093e\u0907\u0921 \u092e\u094b\u0928\u094b\u092e\u0930"", ""unnamed_3"": ""\u0935\u093f\u0928\u093e\u0907\u0932 \u0915\u094d\u0932\u094b\u0930\u093e\u0907\u0921 \u092e\u094b\u0928\u094b\u092e\u0930 (\u0917\u0941\u0923\u0935\u0924\u094d\u0924\u093e \u0928\u093f\u092f\u0902\u0924\u094d",ROW_LEVEL_EXACT_DUPLICATE_NORMALIZED,Keep the first occurrence as canonical; the other 1 are byte-equal after normalisation and carry no unique data. Record all source rows in provenance.
3b5850b0a31487ee,F034,bis_gazette_notification.csv,bis_gazette_notification,2,296; 1195,1,"{""id"": ""246"", ""related_is"": ""is 17450 : 2020"", ""title"": ""1,3 \u092b\u093f\u0928\u093e\u0907\u0932\u0940\u0928\u0921\u093e\u092f\u092e\u0940\u0928"", ""unnamed_3"": ""40. 1,3 \u092b\u093f\u0928\u093e\u0907\u0932\u0940\u0928\u0921\u093e\u092f\u092e\u0940\u0928 (\u0917\u0941\u0923\u0935\u0924\u094d\u0924\u093e \u0928\u093f\u092f\u0902\u0924\u094d\u0930\u0923) \u0906\u0926\u0947\u0936, 2022 (\u090f\u0938.",ROW_LEVEL_EXACT_DUPLICATE_NORMALIZED,Keep the first occurrence as canonical; the other 1 are byte-equal after normalisation and carry no unique data. Record all source rows in provenance.
8a93a46298741b85,F034,bis_gazette_notification.csv,bis_gazette_notification,2,297; 1196,1,"{""id"": """", ""related_is"": ""is 10931 : 1984"", ""title"": ""\u0932\u0949\u0930\u093f\u0915 \u0905\u092e\u094d\u0932"", ""unnamed_3"": ""\u0932\u0949\u0930\u093f\u0915 \u0905\u092e\u094d\u0932 (\u0917\u0941\u0923\u0935\u0924\u094d\u0924\u093e \u0928\u093f\u092f\u0902\u0924\u094d\u0930\u0923) \u0906\u0926\u0947\u0936, 2022 (\u090f\u0938.\u0913. 1961(\u0908), \u0926\u093f\u0928\u093e\u0902\u0915 27/04/2022) \u",ROW_LEVEL_EXACT_DUPLICATE_NORMALIZED,Keep the first occurrence as canonical; the other 1 are byte-equal after normalisation and carry no unique data. Record all source rows in provenance.
5d3c9141ef13c694,F034,bis_gazette_notification.csv,bis_gazette_notification,2,298; 1197,1,"{""id"": """", ""related_is"": ""is 12029 : 1986"", ""title"": ""\u0905\u092e\u094d\u0932 \u0924\u0947\u0932"", ""unnamed_3"": ""\u0905\u092e\u094d\u0932 \u0924\u0947\u0932 (\u0917\u0941\u0923\u0935\u0924\u094d\u0924\u093e \u0928\u093f\u092f\u0902\u0924\u094d\u0930\u0923) \u0906\u0926\u0947\u0936, 2022 (\u090f\u0938.\u0913. 1961(\u0908), \u0926\u093f\u0928\u093e\u0902\u0915 27/04/2022) \u0905\u092e\u094d\u0932 \",ROW_LEVEL_EXACT_DUPLICATE_NORMALIZED,Keep the first occurrence as canonical; the other 1 are byte-equal after normalisation and carry no unique data. Record all source rows in provenance.
11d592b44212d211,F034,bis_gazette_notification.csv,bis_gazette_notification,2,299; 1198,1,"{""id"": """", ""related_is"": ""is 12067 : 1987"", ""title"": ""\u092a\u093e\u092e \u092b\u0948\u091f\u0940 \u0905\u092e\u094d\u0932"", ""unnamed_3"": ""\u092a\u093e\u092e \u092b\u0948\u091f\u0940 \u0905\u092e\u094d\u0932 (\u0917\u0941\u0923\u0935\u0924\u094d\u0924\u093e \u0928\u093f\u092f\u0902\u0924\u094d\u0930\u0923) \u0906\u0926\u0947\u0936, 2022 (\u090f\u0938.\u0913. 1961(\u0908), \u0926\u093f\u0928\u093e\",ROW_LEVEL_EXACT_DUPLICATE_NORMALIZED,Keep the first occurrence as canonical; the other 1 are byte-equal after normalisation and carry no unique data. Record all source rows in provenance.
540d724f5e9fb201,F034,bis_gazette_notification.csv,bis_gazette_notification,2,300; 1199,1,"{""id"": """", ""related_is"": ""is 12068 :1987"", ""title"": ""\u0930\u093e\u0907\u0938 \u092c\u094d\u0930\u093e\u0928 \u092b\u0948\u091f\u0940 \u090f\u0938\u093f\u0921"", ""unnamed_3"": ""\u0930\u093e\u0907\u0938 \u092c\u094d\u0930\u093e\u0928 \u092b\u0948\u091f\u0940 \u090f\u0938\u093f\u0921 (\u0917\u0941\u0923\u0935\u0924\u094d\u0924\u093e \u0928\u093f\u092f\u0902\u0924\u094d\u0930\u0923) \u0906\u0926\u0947\",ROW_LEVEL_EXACT_DUPLICATE_NORMALIZED,Keep the first occurrence as canonical; the other 1 are byte-equal after normalisation and carry no unique data. Record all source rows in provenance.
52d7a5d4cb1ab81b,F034,bis_gazette_notification.csv,bis_gazette_notification,2,301; 1200,1,"{""id"": """", ""related_is"": ""is 12069 : 1987"", ""title"": ""\u0928\u093e\u0930\u093f\u092f\u0932 \u092b\u0948\u091f\u0940 \u090f\u0938\u093f\u0921"", ""unnamed_3"": ""\u0928\u093e\u0930\u093f\u092f\u0932 \u092b\u0948\u091f\u0940 \u090f\u0938\u093f\u0921 (\u0917\u0941\u0923\u0935\u0924\u094d\u0924\u093e \u0928\u093f\u092f\u0902\u0924\u094d\u0930\u0923) \u0906\u0926\u0947\u0936, 2022 (\u090f\u0938.\u0913. 196",ROW_LEVEL_EXACT_DUPLICATE_NORMALIZED,Keep the first occurrence as canonical; the other 1 are byte-equal after normalisation and carry no unique data. Record all source rows in provenance.
61f5c15469237a91,F034,bis_gazette_notification.csv,bis_gazette_notification,2,302; 1201,1,"{""id"": ""247"", ""related_is"": ""is 12124 : 1987"", ""title"": ""\u0930\u092c\u0930\u0938\u0940\u0921 \u092b\u0948\u091f\u0940 \u090f\u0938\u093f\u0921"", ""unnamed_3"": ""41. \u0930\u092c\u0930\u0938\u0940\u0921 \u092b\u0948\u091f\u0940 \u090f\u0938\u093f\u0921 (\u0917\u0941\u0923\u0935\u0924\u094d\u0924\u093e \u0928\u093f\u092f\u0902\u0924\u094d\u0930\u0923) \u0906\u0926\u0947\u0936, 2022 (\u090f\u0938.\u09",ROW_LEVEL_EXACT_DUPLICATE_NORMALIZED,Keep the first occurrence as canonical; the other 1 are byte-equal after normalisation and carry no unique data. Record all source rows in provenance.
cbfcd62de6c640b6,F034,bis_gazette_notification.csv,bis_gazette_notification,2,303; 1202,1,"{""id"": ""\u0930\u0938\u094b\u0908 \u0909\u092a\u0915\u0930\u0923"", ""related_is"": """", ""title"": """", ""unnamed_3"": """"}",ROW_LEVEL_EXACT_DUPLICATE_NORMALIZED,Keep the first occurrence as canonical; the other 1 are byte-equal after normalisation and carry no unique data. Record all source rows in provenance.
8b2b27237467f575,F034,bis_gazette_notification.csv,bis_gazette_notification,2,304; 1203,1,"{""id"": ""248"", ""related_is"": ""is 302 (\u092d\u093e\u0917 2 / \u0905\u0928\u0941\u092d\u093e\u0917 14)"", ""title"": ""\u0939\u093e\u0925 \u0938\u0947 \u091a\u0932\u0928\u0947 \u0935\u093e\u0932\u093e \u092c\u094d\u0932\u0947\u0902\u0921\u0930"", ""unnamed_3"": ""42. \u092d\u093e\u0930\u0924\u0940\u092f \u092e\u093e\u0928\u0915 \u092c\u094d\u092f\u0942\u0930\u094b \u0930\u0938\u094b\u0908 \u0909\u092a\u0915",ROW_LEVEL_EXACT_DUPLICATE_NORMALIZED,Keep the first occurrence as canonical; the other 1 are byte-equal after normalisation and carry no unique data. Record all source rows in provenance.
c163bd0a064b4020,F034,bis_gazette_notification.csv,bis_gazette_notification,2,305; 1204,1,"{""id"": ""249"", ""related_is"": ""is 4250"", ""title"": ""\u0918\u0930\u0947\u0932\u0942 \u0935\u093f\u0926\u094d\u092f\u0941\u0924 \u092b\u0942\u0921 \u092e\u093f\u0915\u094d\u0938\u0930 (\u0932\u093f\u0915\u094d\u0935\u093f\u0921\u093e\u0907\u091c\u093c\u0930 \u090f\u0935\u0902 \u0917\u094d\u0930\u093e\u0907\u0902\u0921\u0930) \u0924\u0925\u093e \u0938\u0947\u0902\u091f\u094d\u0930\u0940\u092b\u094d\u092",ROW_LEVEL_EXACT_DUPLICATE_NORMALIZED,Keep the first occurrence as canonical; the other 1 are byte-equal after normalisation and carry no unique data. Record all source rows in provenance.
79bcbfaec9436776,F034,bis_gazette_notification.csv,bis_gazette_notification,2,306; 1205,1,"{""id"": ""\u090f\u0932\u092a\u0940\u091c\u0940 \u0915\u0947 \u0938\u093e\u0925 \u0909\u092a\u092f\u094b\u0917 \u0939\u0947\u0924\u0941 \u0918\u0930\u0947\u0932\u0942 \u091c\u0932 \u0939\u0940\u091f\u0930"", ""related_is"": """", ""title"": """", ""unnamed_3"": """"}",ROW_LEVEL_EXACT_DUPLICATE_NORMALIZED,Keep the first occurrence as canonical; the other 1 are byte-equal after normalisation and carry no unique data. Record all source rows in provenance.
54d867c4a13abbf0,F034,bis_gazette_notification.csv,bis_gazette_notification,2,307; 1206,1,"{""id"": ""250"", ""related_is"": ""is 15558"", ""title"": ""\u0926\u094d\u0930\u0935\u0940\u0915\u0943\u0924 \u092a\u0947\u091f\u094d\u0930\u094b\u0932\u093f\u092f\u092e \u0917\u0948\u0938 \u0915\u0947 \u0938\u093e\u0925 \u0909\u092a\u092f\u094b\u0917 \u0939\u0947\u0924\u0941 \u0924\u093e\u0924\u094d\u0915\u093e\u0932\u093f\u0915 \u0918\u0930\u0947\u0932\u0942 \u091c\u0932 \u0939\u0940\u091f\u0930"", ""unname",ROW_LEVEL_EXACT_DUPLICATE_NORMALIZED,Keep the first occurrence as canonical; the other 1 are byte-equal after normalisation and carry no unique data. Record all source rows in provenance.
f9d3cce5cb036a61,F034,bis_gazette_notification.csv,bis_gazette_notification,2,308; 1207,1,"{""id"": ""\u090f\u092f\u0930 \u0915\u0902\u0921\u0940\u0936\u0928\u0930 \u090f\u0935\u0902 \u0909\u0938\u0938\u0947 \u0938\u0902\u092c\u0902\u0927\u093f\u0924 \u092d\u093e\u0917, \u0939\u0930\u094d\u092e\u0947\u091f\u093f\u0915 \u0915\u0902\u092a\u094d\u0930\u0947\u0938\u0930 \u0924\u0925\u093e \u0924\u093e\u092a\u092e\u093e\u0928 \u0938\u0902\u0935\u0947\u0926\u0928 \u0928\u093f\u092f\u0902\u0924\u",ROW_LEVEL_EXACT_DUPLICATE_NORMALIZED,Keep the first occurrence as canonical; the other 1 are byte-equal after normalisation and carry no unique data. Record all source rows in provenance.
a21218acd4d538be,F034,bis_gazette_notification.csv,bis_gazette_notification,2,309; 1208,1,"{""id"": ""251"", ""related_is"": ""is 1391 (\u092d\u093e\u0917-1): 2017"", ""title"": ""\u0930\u0942\u092e \u090f\u092f\u0930 \u0915\u0902\u0921\u0940\u0936\u0928\u0930 \u2014 \u0935\u093f\u0928\u093f\u0930\u094d\u0926\u0947\u0936\u0928 \u092d\u093e\u0917 1: \u092f\u0942\u0928\u093f\u091f\u0930\u0940 \u090f\u092f\u0930 \u0915\u0902\u0921\u0940\u0936\u0928\u0930"", ""unnamed_3"": ""44. \u090f\u092f\u0930 \u0915\",ROW_LEVEL_EXACT_DUPLICATE_NORMALIZED,Keep the first occurrence as canonical; the other 1 are byte-equal after normalisation and carry no unique data. Record all source rows in provenance.
6371240eb41a3d6a,F034,bis_gazette_notification.csv,bis_gazette_notification,2,310; 1209,1,"{""id"": ""252"", ""related_is"": ""is 1391 (\u092d\u093e\u0917-2): 2018"", ""title"": ""\u0930\u0942\u092e \u090f\u092f\u0930 \u0915\u0902\u0921\u0940\u0936\u0928\u0930 \u2014 \u0935\u093f\u0928\u093f\u0930\u094d\u0926\u0947\u0936\u0928 \u092d\u093e\u0917 2: \u0938\u094d\u092a\u094d\u0932\u093f\u091f \u090f\u092f\u0930 \u0915\u0902\u0921\u0940\u0936\u0928\u0930"", ""unnamed_3"": """"}",ROW_LEVEL_EXACT_DUPLICATE_NORMALIZED,Keep the first occurrence as canonical; the other 1 are byte-equal after normalisation and carry no unique data. Record all source rows in provenance.
66a9db71ac9520f6,F034,bis_gazette_notification.csv,bis_gazette_notification,2,311; 1210,1,"{""id"": ""253"", ""related_is"": ""is 8148:2018"", ""title"": ""\u0921\u0915\u094d\u091f\u0947\u0921 \u090f\u0935\u0902 \u092a\u0948\u0915\u0947\u091c \u090f\u092f\u0930 \u0915\u0902\u0921\u0940\u0936\u0928\u0930"", ""unnamed_3"": """"}",ROW_LEVEL_EXACT_DUPLICATE_NORMALIZED,Keep the first occurrence as canonical; the other 1 are byte-equal after normalisation and carry no unique data. Record all source rows in provenance.
8911f2cffa2ce07b,F034,bis_gazette_notification.csv,bis_gazette_notification,2,312; 1211,1,"{""id"": ""254"", ""related_is"": ""is 11329:2018"", ""title"": ""\u0930\u0942\u092e \u090f\u092f\u0930 \u0915\u0902\u0921\u0940\u0936\u0928\u0930 \u0939\u0947\u0924\u0941 \u092b\u093f\u0928\u094d\u0921 \u092a\u094d\u0930\u0915\u093e\u0930 \u0915\u093e \u0939\u0940\u091f \u090f\u0915\u094d\u0938\u091a\u0947\u0902\u091c\u0930"", ""unnamed_3"": """"}",ROW_LEVEL_EXACT_DUPLICATE_NORMALIZED,Keep the first occurrence as canonical; the other 1 are byte-equal after normalisation and carry no unique data. Record all source rows in provenance.
716d25c75d6767d5,F034,bis_gazette_notification.csv,bis_gazette_notification,2,313; 1212,1,"{""id"": ""255"", ""related_is"": ""is 10617:2018"", ""title"": ""\u0939\u0930\u094d\u092e\u0947\u091f\u093f\u0915 \u0915\u0902\u092a\u094d\u0930\u0947\u0938\u0930 \u0939\u0930\u094d\u092e\u0947\u091f\u093f\u0915 \u0915\u0902\u092a\u094d\u0930\u0947\u0938\u0930 \u2014 \u0935\u093f\u0928\u093f\u0930\u094d\u0926\u0947\u0936\u0928"", ""unnamed_3"": """"}",ROW_LEVEL_EXACT_DUPLICATE_NORMALIZED,Keep the first occurrence as canonical; the other 1 are byte-equal after normalisation and carry no unique data. Record all source rows in provenance.
eef7ee8888ab1bf5,F034,bis_gazette_notification.csv,bis_gazette_notification,2,314; 1213,1,"{""id"": ""\u092a\u094d\u0932\u0917 \u090f\u0935\u0902 \u0938\u0949\u0915\u0947\u091f-\u0906\u0909\u091f\u0932\u0947\u091f \u0924\u0925\u093e \u0938\u0915\u094d\u0930\u093f\u092f \u090a\u0930\u094d\u091c\u093e \u0939\u0947\u0924\u0941 \u092a\u094d\u0930\u0924\u094d\u092f\u093e\u0935\u0930\u094d\u0924\u0940 \u0927\u093e\u0930\u093e \u092a\u094d\u0930\u0924\u094d\u092f\u0915\u094d\u0937-\u0938\u0902\u0",ROW_LEVEL_EXACT_DUPLICATE_NORMALIZED,Keep the first occurrence as canonical; the other 1 are byte-equal after normalisation and carry no unique data. Record all source rows in provenance.
79a5f466d6d516b0,F034,bis_gazette_notification.csv,bis_gazette_notification,2,315; 1214,1,"{""id"": ""256"", ""related_is"": ""is 1293 : 2005"", ""title"": ""\u0930\u0947\u091f\u0947\u0921 \u0935\u094b\u0932\u094d\u091f\u0947\u091c 250 \u0935\u094b\u0932\u094d\u091f \u0924\u0915 \u0924\u0925\u093e \u0930\u0947\u091f\u0947\u0921 \u0927\u093e\u0930\u093e 16 \u090f\u092e\u094d\u092a\u0940\u092f\u0930 \u0924\u0915 \u0915\u0947 \u092a\u094d\u0932\u0917 \u090f\u0935\u0902 \u0938\u0949\u0915\u0947\u091f-",ROW_LEVEL_EXACT_DUPLICATE_NORMALIZED,Keep the first occurrence as canonical; the other 1 are byte-equal after normalisation and carry no unique data. Record all source rows in provenance.
4876c1f078b597e9,F034,bis_gazette_notification.csv,bis_gazette_notification,2,316; 1215,1,"{""id"": ""257"", ""related_is"": ""is 15884:2010"", ""title"": ""\u0938\u0915\u094d\u0930\u093f\u092f \u090a\u0930\u094d\u091c\u093e \u0915\u0947 \u0932\u093f\u090f \u092a\u094d\u0930\u0924\u094d\u092f\u093e\u0935\u0930\u094d\u0924\u0940 \u0927\u093e\u0930\u093e \u092a\u094d\u0930\u0924\u094d\u092f\u0915\u094d\u0937 \u0930\u0942\u092a \u0938\u0947 \u091c\u0941\u0921\u093c\u0947 \u0938\u094d\u0925\u0948\u092",ROW_LEVEL_EXACT_DUPLICATE_NORMALIZED,Keep the first occurrence as canonical; the other 1 are byte-equal after normalisation and carry no unique data. Record all source rows in provenance.
4cd8511f5827df75,F034,bis_gazette_notification.csv,bis_gazette_notification,2,317; 1216,1,"{""id"": ""\u0924\u0930\u0932\u0940\u0915\u0943\u0924 \u092a\u0947\u091f\u094d\u0930\u094b\u0932\u093f\u092f\u092e \u0917\u0948\u0938 \u0915\u0947 \u0909\u092a\u092f\u094b\u0917 \u0939\u0947\u0924\u0941 \u0918\u0930\u0947\u0932\u0942 \u0917\u0948\u0938 \u091a\u0942\u0932\u094d\u0939\u0947"", ""related_is"": """", ""title"": """", ""unnamed_3"": """"}",ROW_LEVEL_EXACT_DUPLICATE_NORMALIZED,Keep the first occurrence as canonical; the other 1 are byte-equal after normalisation and carry no unique data. Record all source rows in provenance.
e7d346a75d02f91f,F034,bis_gazette_notification.csv,bis_gazette_notification,2,318; 1217,1,"{""id"": ""258"", ""related_is"": ""is 4246: 2002"", ""title"": ""\u0924\u0930\u0932\u0940\u0915\u0943\u0924 \u092a\u0947\u091f\u094d\u0930\u094b\u0932\u093f\u092f\u092e \u0917\u0948\u0938 \u0915\u0947 \u0909\u092a\u092f\u094b\u0917 \u0939\u0947\u0924\u0941 \u0918\u0930\u0947\u0932\u0942 \u0917\u0948\u0938 \u091a\u0942\u0932\u094d\u0939\u0947"", ""unnamed_3"": ""46. \u0924\u0930\u0932\u0940\u0915\u0943\u0924 \u0",ROW_LEVEL_EXACT_DUPLICATE_NORMALIZED,Keep the first occurrence as canonical; the other 1 are byte-equal after normalisation and carry no unique data. Record all source rows in provenance.
6f5fb01128ead740,F034,bis_gazette_notification.csv,bis_gazette_notification,2,319; 1218,1,"{""id"": ""\u092a\u093e\u0930\u0926\u0930\u094d\u0936\u0940 \u092b\u094d\u0932\u094b\u091f \u0917\u094d\u0932\u093e\u0938"", ""related_is"": """", ""title"": """", ""unnamed_3"": """"}",ROW_LEVEL_EXACT_DUPLICATE_NORMALIZED,Keep the first occurrence as canonical; the other 1 are byte-equal after normalisation and carry no unique data. Record all source rows in provenance.
6c10b0df37115d48,F034,bis_gazette_notification.csv,bis_gazette_notification,2,320; 1219,1,"{""id"": ""259"", ""related_is"": ""is 14900: 2018"", ""title"": ""\u092a\u093e\u0930\u0926\u0930\u094d\u0936\u0940 \u092b\u094d\u0932\u094b\u091f \u0917\u094d\u0932\u093e\u0938"", ""unnamed_3"": ""\u092a\u093e\u0930\u0926\u0930\u094d\u0936\u0940 \u092b\u094d\u0932\u094b\u091f \u0917\u094d\u0932\u093e\u0938 (\u0917\u0941\u0923\u0935\u0924\u094d\u0924\u093e \u0928\u093f\u092f\u0902\u0924\u094d\u0930\u0923) \u0906",ROW_LEVEL_EXACT_DUPLICATE_NORMALIZED,Keep the first occurrence as canonical; the other 1 are byte-equal after normalisation and carry no unique data. Record all source rows in provenance.
5dc3e7a5d902a204,F034,bis_gazette_notification.csv,bis_gazette_notification,2,321; 1220,1,"{""id"": ""\u0918\u0930\u0947\u0932\u0942 \u092a\u094d\u0930\u0947\u0936\u0930 \u0915\u0941\u0915\u0930"", ""related_is"": """", ""title"": """", ""unnamed_3"": """"}",ROW_LEVEL_EXACT_DUPLICATE_NORMALIZED,Keep the first occurrence as canonical; the other 1 are byte-equal after normalisation and carry no unique data. Record all source rows in provenance.
58710fef41b7fae4,F034,bis_gazette_notification.csv,bis_gazette_notification,2,322; 1221,1,"{""id"": ""260"", ""related_is"": ""is 2347:2017"", ""title"": ""\u0918\u0930\u0947\u0932\u0942 \u092a\u094d\u0930\u0947\u0936\u0930 \u0915\u0941\u0915\u0930"", ""unnamed_3"": ""48. \u0918\u0930\u0947\u0932\u0942 \u092a\u094d\u0930\u0947\u0936\u0930 \u0915\u0941\u0915\u0930 (\u0917\u0941\u0923\u0935\u0924\u094d\u0924\u093e \u0928\u093f\u092f\u0902\u0924\u094d\u0930\u0923) \u0906\u0926\u0947\u0936, 2020 (\u0905\u",ROW_LEVEL_EXACT_DUPLICATE_NORMALIZED,Keep the first occurrence as canonical; the other 1 are byte-equal after normalisation and carry no unique data. Record all source rows in provenance.
d5e29518e8f2dfc3,F034,bis_gazette_notification.csv,bis_gazette_notification,2,323; 1222,1,"{""id"": ""\u0915\u0947\u092c\u0932\u094d\u0938"", ""related_is"": """", ""title"": """", ""unnamed_3"": """"}",ROW_LEVEL_EXACT_DUPLICATE_NORMALIZED,Keep the first occurrence as canonical; the other 1 are byte-equal after normalisation and carry no unique data. Record all source rows in provenance.
49c070162575a520,F034,bis_gazette_notification.csv,bis_gazette_notification,2,324; 1223,1,"{""id"": ""261"", ""related_is"": ""is 1554 (\u092d\u093e\u0917 1) : 1988"", ""title"": ""1100 \u0935\u094b\u0932\u094d\u091f \u0924\u0915 \u090f\u0935\u0902 \u0938\u0939\u093f\u0924 \u0915\u093e\u0930\u094d\u092f\u0930\u0924 \u0935\u094b\u0932\u094d\u091f\u0947\u091c \u0939\u0947\u0924\u0941 \u092a\u0940\u0935\u0940\u0938\u0940 \u0907\u0902\u0938\u0941\u0932\u0947\u091f\u0947\u0921 (\u0939\u0947\u0935\u0940",ROW_LEVEL_EXACT_DUPLICATE_NORMALIZED,Keep the first occurrence as canonical; the other 1 are byte-equal after normalisation and carry no unique data. Record all source rows in provenance.
406b928dae1f6354,F034,bis_gazette_notification.csv,bis_gazette_notification,2,325; 1224,1,"{""id"": ""262"", ""related_is"": ""is 1554 (\u092d\u093e\u0917 2) : 1988"", ""title"": ""\u092a\u0940\u0935\u0940\u0938\u0940 \u0907\u0902\u0938\u0941\u0932\u0947\u091f\u0947\u0921 (\u0939\u0947\u0935\u0940 \u0921\u094d\u092f\u0942\u091f\u0940) \u0935\u093f\u0926\u094d\u092f\u0941\u0924 \u0915\u0947\u092c\u0932\u094b\u0902 \u0915\u093e \u0935\u093f\u0928\u093f\u0930\u094d\u0926\u0947\u0936\u0928 \u2013 \u09",ROW_LEVEL_EXACT_DUPLICATE_NORMALIZED,Keep the first occurrence as canonical; the other 1 are byte-equal after normalisation and carry no unique data. Record all source rows in provenance.
7eea71691029b4da,F034,bis_gazette_notification.csv,bis_gazette_notification,2,326; 1225,1,"{""id"": ""263"", ""related_is"": ""is 7098 (\u092d\u093e\u0917 1) : 1988"", ""title"": ""\u0915\u094d\u0930\u0949\u0938-\u0932\u093f\u0902\u0915\u094d\u0921 \u092a\u0949\u0932\u0940\u0907\u0925\u093f\u0932\u0940\u0928 \u0907\u0902\u0938\u0941\u0932\u0947\u091f\u0947\u0921 \u092a\u0940\u0935\u0940\u0938\u0940 \u0936\u0940\u0925\u094d\u0921 \u0915\u0947\u092c\u0932\u094b\u0902 \u0915\u093e \u0935\u093f\u0928\",ROW_LEVEL_EXACT_DUPLICATE_NORMALIZED,Keep the first occurrence as canonical; the other 1 are byte-equal after normalisation and carry no unique data. Record all source rows in provenance.
2b9925bdd2f034f7,F034,bis_gazette_notification.csv,bis_gazette_notification,2,327; 1226,1,"{""id"": ""264"", ""related_is"": ""is 7098 (\u092d\u093e\u0917 2) : 2011"", ""title"": ""\u0915\u094d\u0930\u0949\u0938-\u0932\u093f\u0902\u0915\u094d\u0921 \u092a\u0949\u0932\u0940\u0907\u0925\u093f\u0932\u0940\u0928 \u0907\u0902\u0938\u0941\u0932\u0947\u091f\u0947\u0921 \u0925\u0930\u094d\u092e\u094b\u092a\u094d\u0932\u093e\u0938\u094d\u091f\u093f\u0915 \u0936\u0940\u0925\u094d\u0921 \u0915\u0947\u092c\u0",ROW_LEVEL_EXACT_DUPLICATE_NORMALIZED,Keep the first occurrence as canonical; the other 1 are byte-equal after normalisation and carry no unique data. Record all source rows in provenance.
5a12d5495432113e,F034,bis_gazette_notification.csv,bis_gazette_notification,2,328; 1227,1,"{""id"": ""265"", ""related_is"": ""is 7098 (\u092d\u093e\u0917 3) : 1993"", ""title"": ""\u0915\u094d\u0930\u0949\u0938-\u0932\u093f\u0902\u0915\u094d\u0921 \u092a\u0949\u0932\u0940\u0907\u0925\u093f\u0932\u0940\u0928 \u0907\u0902\u0938\u0941\u0932\u0947\u091f\u0947\u0921 \u0925\u0930\u094d\u092e\u094b\u092a\u094d\u0932\u093e\u0938\u094d\u091f\u093f\u0915 \u0936\u0940\u0925\u094d\u0921 \u0915\u0947\u092c\u0",ROW_LEVEL_EXACT_DUPLICATE_NORMALIZED,Keep the first occurrence as canonical; the other 1 are byte-equal after normalisation and carry no unique data. Record all source rows in provenance.
24eaf3d638aa295e,F034,bis_gazette_notification.csv,bis_gazette_notification,2,329; 1228,1,"{""id"": ""266"", ""related_is"": ""is 14255 : 1995"", ""title"": ""\u090f\u0930\u093f\u092f\u0932 \u092c\u0902\u091a\u094d\u0921 \u0915\u0947\u092c\u0932 \u2013 1100 \u0935\u094b\u0932\u094d\u091f \u0924\u0915 \u090f\u0935\u0902 \u0938\u0939\u093f\u0924 \u0915\u093e\u0930\u094d\u092f \u0935\u094b\u0932\u094d\u091f\u0947\u091c \u0939\u0947\u0924\u0941 \u2013 \u0935\u093f\u0928\u093f\u0930\u094d\u0926\u0947\u",ROW_LEVEL_EXACT_DUPLICATE_NORMALIZED,Keep the first occurrence as canonical; the other 1 are byte-equal after normalisation and carry no unique data. Record all source rows in provenance.
0d629c720713c5e7,F034,bis_gazette_notification.csv,bis_gazette_notification,2,330; 1229,1,"{""id"": ""267"", ""related_is"": ""is 9968 (\u092d\u093e\u0917 2) : 2002"", ""title"": ""\u0907\u0932\u093e\u0938\u094d\u091f\u094b\u092e\u0930 \u0907\u0902\u0938\u0941\u0932\u0947\u091f\u0947\u0921 \u0915\u0947\u092c\u0932\u094b\u0902 \u0915\u093e \u0935\u093f\u0928\u093f\u0930\u094d\u0926\u0947\u0936\u0928 \u2013 \u092d\u093e\u0917 2, 3.3 \u0915\u0947\u0935\u0940 \u0938\u0947 33 \u0915\u0947\u0935\u0940 \",ROW_LEVEL_EXACT_DUPLICATE_NORMALIZED,Keep the first occurrence as canonical; the other 1 are byte-equal after normalisation and carry no unique data. Record all source rows in provenance.
3b17250a36b7d181,F034,bis_gazette_notification.csv,bis_gazette_notification,2,331; 1230,1,"{""id"": ""268"", ""related_is"": ""is 8784 : 1987"", ""title"": ""\u0925\u0930\u094d\u092e\u094b\u0915\u092a\u0932 \u092a\u094d\u0930\u0924\u093f\u092a\u0942\u0930\u0915 \u0915\u0947\u092c\u0932\u094b\u0902 \u0915\u093e \u0935\u093f\u0928\u093f\u0930\u094d\u0926\u0947\u0936\u0928"", ""unnamed_3"": """"}",ROW_LEVEL_EXACT_DUPLICATE_NORMALIZED,Keep the first occurrence as canonical; the other 1 are byte-equal after normalisation and carry no unique data. Record all source rows in provenance.
c5ccc8e37e1dda62,F034,bis_gazette_notification.csv,bis_gazette_notification,2,332; 1231,1,"{""id"": ""269"", ""related_is"": ""is 9857 : 1990"", ""title"": ""\u0935\u0947\u0932\u094d\u0921\u093f\u0902\u0917 \u0915\u0947\u092c\u0932 \u2013 \u0935\u093f\u0928\u093f\u0930\u094d\u0926\u0947\u0936\u0928"", ""unnamed_3"": """"}",ROW_LEVEL_EXACT_DUPLICATE_NORMALIZED,Keep the first occurrence as canonical; the other 1 are byte-equal after normalisation and carry no unique data. Record all source rows in provenance.
3229e728c506e6b8,F034,bis_gazette_notification.csv,bis_gazette_notification,2,333; 1232,1,"{""id"": ""270"", ""related_is"": ""is 14494 : 2019"", ""title"": ""\u0916\u093e\u0928\u094b\u0902 \u092e\u0947\u0902 \u0909\u092a\u092f\u094b\u0917 \u0939\u0947\u0924\u0941 \u0907\u0932\u093e\u0938\u094d\u091f\u094b\u092e\u0930 \u0907\u0902\u0938\u0941\u0932\u0947\u091f\u0947\u0921 \u0932\u091a\u0940\u0932\u0947 \u0915\u0947\u092c\u0932 \u2013 \u0935\u093f\u0928\u093f\u0930\u094d\u0926\u0947\u0936\u0928"", """,ROW_LEVEL_EXACT_DUPLICATE_NORMALIZED,Keep the first occurrence as canonical; the other 1 are byte-equal after normalisation and carry no unique data. Record all source rows in provenance.
8ae2851b5036f8c5,F034,bis_gazette_notification.csv,bis_gazette_notification,2,334; 1233,1,"{""id"": ""271"", ""related_is"": ""is 2593 : 1984"", ""title"": ""\u0916\u0928\u093f\u0915\u094b\u0902 \u0915\u0940 \u0915\u0948\u092a-\u0932\u0948\u0902\u092a \u0939\u0947\u0924\u0941 \u0932\u091a\u0940\u0932\u0947 \u0915\u0947\u092c\u0932\u094b\u0902 \u0915\u093e \u0935\u093f\u0928\u093f\u0930\u094d\u0926\u0947\u0936\u0928"", ""unnamed_3"": """"}",ROW_LEVEL_EXACT_DUPLICATE_NORMALIZED,Keep the first occurrence as canonical; the other 1 are byte-equal after normalisation and carry no unique data. Record all source rows in provenance.
c1c48fa1a51dfd63,F034,bis_gazette_notification.csv,bis_gazette_notification,2,335; 1234,1,"{""id"": ""272"", ""related_is"": ""is 5950 : 1984"", ""title"": ""\u0936\u0949\u091f \u092b\u093e\u092f\u0930\u093f\u0902\u0917 \u0915\u0947\u092c\u0932\u094b\u0902 \u0915\u093e \u0935\u093f\u0928\u093f\u0930\u094d\u0926\u0947\u0936\u0928 (\u0936\u093e\u092b\u094d\u091f\u094d\u0938 \u0915\u0947 \u0905\u0924\u093f\u0930\u093f\u0915\u094d\u0924 \u0909\u092a\u092f\u094b\u0917 \u0939\u0947\u0924\u0941)"", ""unnam",ROW_LEVEL_EXACT_DUPLICATE_NORMALIZED,Keep the first occurrence as canonical; the other 1 are byte-equal after normalisation and carry no unique data. Record all source rows in provenance.
10a712dad7b7cbd9,F034,bis_gazette_notification.csv,bis_gazette_notification,2,336; 1235,1,"{""id"": ""273"", ""related_is"": ""is 17048 : 2018"", ""title"": ""\u0939\u0948\u0932\u094b\u091c\u0928 \u092e\u0941\u0915\u094d\u0924 \u0905\u0917\u094d\u0928\u093f \u092a\u094d\u0930\u0924\u093f\u0930\u094b\u0927\u0940 (hffr) \u0915\u0947\u092c\u0932 \u2013 1100 \u0935\u094b\u0932\u094d\u091f \u0924\u0915 \u090f\u0935\u0902 \u0938\u0939\u093f\u0924 \u0915\u093e\u0930\u094d\u092f \u0935\u094b\u0932\u094d\u",ROW_LEVEL_EXACT_DUPLICATE_NORMALIZED,Keep the first occurrence as canonical; the other 1 are byte-equal after normalisation and carry no unique data. Record all source rows in provenance.
67cef74e54122ad3,F034,bis_gazette_notification.csv,bis_gazette_notification,2,337; 1236,1,"{""id"": ""\u0924\u0930\u0932\u0940\u0915\u0943\u0924 \u092a\u0947\u091f\u094d\u0930\u094b\u0932\u093f\u092f\u092e \u0917\u0948\u0938 (\u090f\u0932\u092a\u0940\u091c\u0940) \u0939\u0947\u0924\u0941 \u0930\u092c\u0930 \u0939\u094b\u091c\u093c"", ""related_is"": """", ""title"": """", ""unnamed_3"": """"}",ROW_LEVEL_EXACT_DUPLICATE_NORMALIZED,Keep the first occurrence as canonical; the other 1 are byte-equal after normalisation and carry no unique data. Record all source rows in provenance.
ab40e9bc1c3da169,F034,bis_gazette_notification.csv,bis_gazette_notification,2,338; 1237,1,"{""id"": ""274"", ""related_is"": ""is 9573 (\u092d\u093e\u0917 1) : 2017"", ""title"": ""\u0924\u0930\u0932\u0940\u0915\u0943\u0924 \u092a\u0947\u091f\u094d\u0930\u094b\u0932\u093f\u092f\u092e \u0917\u0948\u0938 (\u090f\u0932\u092a\u0940\u091c\u0940) \u0939\u0947\u0924\u0941 \u0930\u092c\u0930 \u0939\u094b\u091c\u093c \u2013 \u0935\u093f\u0928\u093f\u0930\u094d\u0926\u0947\u0936\u0928 \u092d\u093e\u0917 1 (",ROW_LEVEL_EXACT_DUPLICATE_NORMALIZED,Keep the first occurrence as canonical; the other 1 are byte-equal after normalisation and carry no unique data. Record all source rows in provenance.
42a6d405a9d56a65,F034,bis_gazette_notification.csv,bis_gazette_notification,2,339; 1238,1,"{""id"": ""275"", ""related_is"": ""is 9573 (\u092d\u093e\u0917 2) : 2017"", ""title"": ""\u0924\u0930\u0932\u0940\u0915\u0943\u0924 \u092a\u0947\u091f\u094d\u0930\u094b\u0932\u093f\u092f\u092e \u0917\u0948\u0938 (\u090f\u0932\u092a\u0940\u091c\u0940) \u0939\u0947\u0924\u0941 \u0930\u092c\u0930 \u0939\u094b\u091c\u093c \u2013 \u0935\u093f\u0928\u093f\u0930\u094d\u0926\u0947\u0936\u0928 \u092d\u093e\u0917 2 (",ROW_LEVEL_EXACT_DUPLICATE_NORMALIZED,Keep the first occurrence as canonical; the other 1 are byte-equal after normalisation and carry no unique data. Record all source rows in provenance.
ae28a75919cb2951,F034,bis_gazette_notification.csv,bis_gazette_notification,2,340; 1239,1,"{""id"": ""\u090f\u0932\u094d\u092f\u0941\u092e\u093f\u0928\u093f\u092f\u092e \u092b\u0949\u092f\u0932"", ""related_is"": """", ""title"": """", ""unnamed_3"": """"}",ROW_LEVEL_EXACT_DUPLICATE_NORMALIZED,Keep the first occurrence as canonical; the other 1 are byte-equal after normalisation and carry no unique data. Record all source rows in provenance.
870a1e18cb36664f,F034,bis_gazette_notification.csv,bis_gazette_notification,2,341; 1240,1,"{""id"": ""276"", ""related_is"": ""is 15392"", ""title"": ""\u0916\u093e\u0926\u094d\u092f \u092a\u0948\u0915\u0947\u091c\u093f\u0902\u0917 \u0939\u0947\u0924\u0941 \u090f\u0932\u094d\u092f\u0941\u092e\u093f\u0928\u093f\u092f\u092e \u090f\u0935\u0902 \u090f\u0932\u094d\u092f\u0941\u092e\u093f\u0928\u093f\u092f\u092e \u092e\u093f\u0936\u094d\u0930 \u0927\u093e\u0924\u0941 \u0915\u0940 \u0928\u0902\u0917\u094",ROW_LEVEL_EXACT_DUPLICATE_NORMALIZED,Keep the first occurrence as canonical; the other 1 are byte-equal after normalisation and carry no unique data. Record all source rows in provenance.
4de76dcafef73792,F034,bis_gazette_notification.csv,bis_gazette_notification,2,342; 1241,1,"{""id"": ""\u0917\u0948\u0930-\u0935\u093f\u0926\u094d\u092f\u0941\u0924 \u0916\u093f\u0932\u094c\u0928\u0947"", ""related_is"": """", ""title"": """", ""unnamed_3"": """"}",ROW_LEVEL_EXACT_DUPLICATE_NORMALIZED,Keep the first occurrence as canonical; the other 1 are byte-equal after normalisation and carry no unique data. Record all source rows in provenance.
db1b2fc6bf171949,F034,bis_gazette_notification.csv,bis_gazette_notification,2,343; 1242,1,"{""id"": ""277"", ""related_is"": ""is 9873 (\u092d\u093e\u0917 1) : 2018"", ""title"": ""\u0916\u093f\u0932\u094c\u0928\u094b\u0902 \u0915\u0940 \u0938\u0941\u0930\u0915\u094d\u0937\u093e \u2013 \u092d\u093e\u0917 1: \u092f\u093e\u0902\u0924\u094d\u0930\u093f\u0915 \u090f\u0935\u0902 \u092d\u094c\u0924\u093f\u0915 \u0917\u0941\u0923\u094b\u0902 \u0938\u0947 \u0938\u0902\u092c\u0902\u0927\u093f\u0924 \u0938\",ROW_LEVEL_EXACT_DUPLICATE_NORMALIZED,Keep the first occurrence as canonical; the other 1 are byte-equal after normalisation and carry no unique data. Record all source rows in provenance.
e2c4745c01d2a04f,F034,bis_gazette_notification.csv,bis_gazette_notification,2,344; 1243,1,"{""id"": """", ""related_is"": ""\u0906\u0908\u090f\u0938 9873 (\u092d\u093e\u0917 2) : 2017"", ""title"": ""\u0916\u093f\u0932\u094c\u0928\u094b\u0902 \u0915\u0940 \u0938\u0941\u0930\u0915\u094d\u0937\u093e \u092d\u093e\u0917 2 \u091c\u094d\u0935\u0932\u0928\u0936\u0940\u0932\u0924\u093e\u0964"", ""unnamed_3"": """"}",ROW_LEVEL_EXACT_DUPLICATE_NORMALIZED,Keep the first occurrence as canonical; the other 1 are byte-equal after normalisation and carry no unique data. Record all source rows in provenance.
57273cf973df9bb8,F034,bis_gazette_notification.csv,bis_gazette_notification,2,345; 1244,1,"{""id"": """", ""related_is"": ""\u0906\u0908\u090f\u0938 9873 (\u092d\u093e\u0917 3) : 2017"", ""title"": ""\u0916\u093f\u0932\u094c\u0928\u094b\u0902 \u0915\u0947 \u0932\u093f\u090f \u0938\u0941\u0930\u0915\u094d\u0937\u093e \u0906\u0935\u0936\u094d\u092f\u0915\u0924\u093e\u090f\u0901 \u092d\u093e\u0917 3 \u0915\u0941\u091b \u0924\u0924\u094d\u0935\u094b\u0902 \u0915\u093e \u092a\u094d\u0930\u0935\u093e\u0",ROW_LEVEL_EXACT_DUPLICATE_NORMALIZED,Keep the first occurrence as canonical; the other 1 are byte-equal after normalisation and carry no unique data. Record all source rows in provenance.
d040840c0923a601,F034,bis_gazette_notification.csv,bis_gazette_notification,2,346; 1245,1,"{""id"": """", ""related_is"": ""\u0906\u0908\u090f\u0938 9873 (\u092d\u093e\u0917 4) : 2017"", ""title"": ""\u0916\u093f\u0932\u094c\u0928\u094b\u0902 \u0915\u0940 \u0938\u0941\u0930\u0915\u094d\u0937\u093e \u092d\u093e\u0917 4 \u091d\u0942\u0932\u0947, \u0938\u094d\u0932\u093e\u0907\u0921 \u0924\u0925\u093e \u0938\u092e\u093e\u0928 \u0917\u0924\u093f\u0935\u093f\u0927\u093f \u0935\u093e\u0932\u0947 \u0916\",ROW_LEVEL_EXACT_DUPLICATE_NORMALIZED,Keep the first occurrence as canonical; the other 1 are byte-equal after normalisation and carry no unique data. Record all source rows in provenance.
839bdb14f673d1e2,F034,bis_gazette_notification.csv,bis_gazette_notification,2,347; 1246,1,"{""id"": """", ""related_is"": ""\u0906\u0908\u090f\u0938 9873 (\u092d\u093e\u0917 7) : 2017"", ""title"": ""\u0916\u093f\u0932\u094c\u0928\u094b\u0902 \u0915\u0940 \u0938\u0941\u0930\u0915\u094d\u0937\u093e \u092d\u093e\u0917 7 \u092b\u093f\u0902\u0917\u0930 \u092a\u0947\u0902\u091f\u094d\u0938 \u0915\u0947 \u0932\u093f\u090f \u0906\u0935\u0936\u094d\u092f\u0915\u0924\u093e\u090f\u0901 \u090f\u0935\u0902 \u",ROW_LEVEL_EXACT_DUPLICATE_NORMALIZED,Keep the first occurrence as canonical; the other 1 are byte-equal after normalisation and carry no unique data. Record all source rows in provenance.
522c04aeea4fc6d9,F034,bis_gazette_notification.csv,bis_gazette_notification,2,348; 1247,1,"{""id"": """", ""related_is"": ""\u0906\u0908\u090f\u0938 9873 (\u092d\u093e\u0917 9) : 2017"", ""title"": ""\u0916\u093f\u0932\u094c\u0928\u094b\u0902 \u0915\u0940 \u0938\u0941\u0930\u0915\u094d\u0937\u093e \u092d\u093e\u0917 9 \u0916\u093f\u0932\u094c\u0928\u094b\u0902 \u090f\u0935\u0902 \u092c\u091a\u094d\u091a\u094b\u0902 \u0915\u0947 \u0909\u0924\u094d\u092a\u093e\u0926\u094b\u0902 \u092e\u0947\u0902 \u",ROW_LEVEL_EXACT_DUPLICATE_NORMALIZED,Keep the first occurrence as canonical; the other 1 are byte-equal after normalisation and carry no unique data. Record all source rows in provenance.
c5dcdf599c200592,F034,bis_gazette_notification.csv,bis_gazette_notification,2,349; 1248,1,"{""id"": ""\u0935\u093f\u0926\u094d\u092f\u0941\u0924 \u0916\u093f\u0932\u094c\u0928\u0947"", ""related_is"": """", ""title"": """", ""unnamed_3"": """"}",ROW_LEVEL_EXACT_DUPLICATE_NORMALIZED,Keep the first occurrence as canonical; the other 1 are byte-equal after normalisation and carry no unique data. Record all source rows in provenance.
1844c9653e4d7b34,F034,bis_gazette_notification.csv,bis_gazette_notification,2,350; 1249,1,"{""id"": ""278"", ""related_is"": ""\u0906\u0908\u090f\u0938 15644 : 2006"", ""title"": ""\u0935\u093f\u0926\u094d\u092f\u0941\u0924 \u0916\u093f\u0932\u094c\u0928\u094b\u0902 \u0915\u0940 \u0938\u0941\u0930\u0915\u094d\u0937\u093e\u0964"", ""unnamed_3"": ""\u0916\u093f\u0932\u094c\u0928\u0947 (\u0917\u0941\u0923\u0935\u0924\u094d\u0924\u093e \u0928\u093f\u092f\u0902\u0924\u094d\u0930\u0923) \u0906\u0926\u0947\u",ROW_LEVEL_EXACT_DUPLICATE_NORMALIZED,Keep the first occurrence as canonical; the other 1 are byte-equal after normalisation and carry no unique data. Record all source rows in provenance.
e2d297aaa3d3c8e6,F034,bis_gazette_notification.csv,bis_gazette_notification,2,351; 1250,1,"{""id"": ""\u0938\u092e\u0924\u0932 \u092a\u093e\u0930\u0926\u0930\u094d\u0936\u0940 \u0936\u0940\u091f \u0917\u094d\u0932\u093e\u0938"", ""related_is"": """", ""title"": """", ""unnamed_3"": """"}",ROW_LEVEL_EXACT_DUPLICATE_NORMALIZED,Keep the first occurrence as canonical; the other 1 are byte-equal after normalisation and carry no unique data. Record all source rows in provenance.
fe2f47d1081d54ec,F034,bis_gazette_notification.csv,bis_gazette_notification,2,352; 1251,1,"{""id"": ""279"", ""related_is"": ""\u0906\u0908\u090f\u0938 2835 : 1987"", ""title"": ""\u0938\u092e\u0924\u0932 \u092a\u093e\u0930\u0926\u0930\u094d\u0936\u0940 \u0936\u0940\u091f \u0917\u094d\u0932\u093e\u0938\u0964"", ""unnamed_3"": ""\u0938\u092e\u0924\u0932 \u092a\u093e\u0930\u0926\u0930\u094d\u0936\u0940 \u0936\u0940\u091f \u0917\u094d\u0932\u093e\u0938 (\u0917\u0941\u0923\u0935\u0924\u094d\u0924\u093e \u",ROW_LEVEL_EXACT_DUPLICATE_NORMALIZED,Keep the first occurrence as canonical; the other 1 are byte-equal after normalisation and carry no unique data. Record all source rows in provenance.
07efc55b529a5efa,F034,bis_gazette_notification.csv,bis_gazette_notification,2,353; 1252,1,"{""id"": ""\u0938\u0941\u0930\u0915\u094d\u0937\u093e \u0915\u093e\u0901\u091a"", ""related_is"": """", ""title"": """", ""unnamed_3"": """"}",ROW_LEVEL_EXACT_DUPLICATE_NORMALIZED,Keep the first occurrence as canonical; the other 1 are byte-equal after normalisation and carry no unique data. Record all source rows in provenance.
61083f67c0c71d90,F034,bis_gazette_notification.csv,bis_gazette_notification,2,354; 1253,1,"{""id"": ""280"", ""related_is"": ""\u0906\u0908\u090f\u0938 2553 (\u092d\u093e\u0917 1) : 2018"", ""title"": ""\u0938\u0941\u0930\u0915\u094d\u0937\u093e \u0915\u093e\u0901\u091a \u2013 \u0935\u093f\u0928\u093f\u0930\u094d\u0926\u0947\u0936\u0928 \u092d\u093e\u0917 1 \u0935\u093e\u0938\u094d\u0924\u0941\u0915\u0932\u093e, \u092d\u0935\u0928 \u090f\u0935\u0902 \u0938\u093e\u092e\u093e\u0928\u094d\u092f \u090",ROW_LEVEL_EXACT_DUPLICATE_NORMALIZED,Keep the first occurrence as canonical; the other 1 are byte-equal after normalisation and carry no unique data. Record all source rows in provenance.
840bea9de7edcee3,F034,bis_gazette_notification.csv,bis_gazette_notification,2,355; 1254,1,"{""id"": ""281"", ""related_is"": ""\u0906\u0908\u090f\u0938 2553 (\u092d\u093e\u0917 2) : 2019"", ""title"": ""\u0938\u0941\u0930\u0915\u094d\u0937\u093e \u0915\u093e\u0901\u091a \u2013 \u0935\u093f\u0928\u093f\u0930\u094d\u0926\u0947\u0936\u0928 \u092d\u093e\u0917 2 \u0938\u0921\u093c\u0915 \u092a\u0930\u093f\u0935\u0939\u0928 \u0939\u0947\u0924\u0941\u0964"", ""unnamed_3"": """"}",ROW_LEVEL_EXACT_DUPLICATE_NORMALIZED,Keep the first occurrence as canonical; the other 1 are byte-equal after normalisation and carry no unique data. Record all source rows in provenance.
8ff6570f1a2b22e8,F034,bis_gazette_notification.csv,bis_gazette_notification,2,356; 1255,1,"{""id"": ""\u092c\u0941\u0928\u0947 \u0939\u0941\u090f \u092c\u094b\u0930\u0947"", ""related_is"": """", ""title"": """", ""unnamed_3"": """"}",ROW_LEVEL_EXACT_DUPLICATE_NORMALIZED,Keep the first occurrence as canonical; the other 1 are byte-equal after normalisation and carry no unique data. Record all source rows in provenance.
a32e7c7e93eae68a,F034,bis_gazette_notification.csv,bis_gazette_notification,2,357; 1256,1,"{""id"": ""282"", ""related_is"": ""\u0906\u0908\u090f\u0938 14887 : 2014"", ""title"": ""\u0935\u0938\u094d\u0924\u094d\u0930 \u2013 50 \u0915\u093f\u0932\u094b\u0917\u094d\u0930\u093e\u092e \u0916\u093e\u0926\u094d\u092f\u093e\u0928\u094d\u0928 \u0915\u0940 \u092a\u0948\u0915\u0947\u091c\u093f\u0902\u0917 \u0939\u0947\u0924\u0941 \u0909\u091a\u094d\u091a \u0918\u0928\u0924\u094d\u0935 \u092a\u0949\u0932\u0",ROW_LEVEL_EXACT_DUPLICATE_NORMALIZED,Keep the first occurrence as canonical; the other 1 are byte-equal after normalisation and carry no unique data. Record all source rows in provenance.
a857a73fb2f5bb34,F034,bis_gazette_notification.csv,bis_gazette_notification,2,358; 1257,1,"{""id"": ""283"", ""related_is"": ""\u0906\u0908\u090f\u0938 16208 : 2015"", ""title"": ""\u0935\u0938\u094d\u0924\u094d\u0930 \u2013 10 \u0915\u093f\u0932\u094b\u0917\u094d\u0930\u093e\u092e, 15 \u0915\u093f\u0932\u094b\u0917\u094d\u0930\u093e\u092e, 20 \u0915\u093f\u0932\u094b\u0917\u094d\u0930\u093e\u092e, 25 \u0915\u093f\u0932\u094b\u0917\u094d\u0930\u093e\u092e \u090f\u0935\u0902 30 \u0915\u093f\u0932\u",ROW_LEVEL_EXACT_DUPLICATE_NORMALIZED,Keep the first occurrence as canonical; the other 1 are byte-equal after normalisation and carry no unique data. Record all source rows in provenance.
573a8e702f9e2945,F034,bis_gazette_notification.csv,bis_gazette_notification,2,359; 1258,1,"{""id"": ""284"", ""related_is"": ""\u0906\u0908\u090f\u0938 14968 : 2015"", ""title"": ""\u0935\u0938\u094d\u0924\u094d\u0930 \u2013 50 \u0915\u093f\u0932\u094b\u0917\u094d\u0930\u093e\u092e / 25 \u0915\u093f\u0932\u094b\u0917\u094d\u0930\u093e\u092e \u091a\u0940\u0928\u0940 \u0915\u0940 \u092a\u0948\u0915\u0947\u091c\u093f\u0902\u0917 \u0939\u0947\u0924\u0941 \u0909\u091a\u094d\u091a \u0918\u0928\u0924\u09",ROW_LEVEL_EXACT_DUPLICATE_NORMALIZED,Keep the first occurrence as canonical; the other 1 are byte-equal after normalisation and carry no unique data. Record all source rows in provenance.
3d8cfa900334457c,F034,bis_gazette_notification.csv,bis_gazette_notification,2,360; 1259,1,"{""id"": ""285"", ""related_is"": ""\u0906\u0908\u090f\u0938 14252 : 2015"", ""title"": ""\u0935\u0938\u094d\u0924\u094d\u0930 \u2013 \u0930\u0947\u0924 \u092d\u0930\u0928\u0947 \u0939\u0947\u0924\u0941 \u0909\u091a\u094d\u091a \u0918\u0928\u0924\u094d\u0935 \u092a\u0949\u0932\u0940\u0907\u0925\u093f\u0932\u0940\u0928 (\u090f\u091a\u0921\u0940\u092a\u0940\u0908) / \u092a\u0949\u0932\u0940\u092a\u094d\u0930\u",ROW_LEVEL_EXACT_DUPLICATE_NORMALIZED,Keep the first occurrence as canonical; the other 1 are byte-equal after normalisation and carry no unique data. Record all source rows in provenance.
b13796c495cf74bd,F034,bis_gazette_notification.csv,bis_gazette_notification,2,361; 1260,1,"{""id"": ""\u092c\u091f\u0930\u092b\u094d\u0932\u093e\u0908 \u0935\u093e\u0932\u094d\u0935"", ""related_is"": """", ""title"": """", ""unnamed_3"": """"}",ROW_LEVEL_EXACT_DUPLICATE_NORMALIZED,Keep the first occurrence as canonical; the other 1 are byte-equal after normalisation and carry no unique data. Record all source rows in provenance.
372855548cd57f93,F034,bis_gazette_notification.csv,bis_gazette_notification,2,362; 1261,1,"{""id"": ""286"", ""related_is"": ""\u0906\u0908\u090f\u0938 13095 : 1991"", ""title"": ""\u0938\u093e\u092e\u093e\u0928\u094d\u092f \u092a\u094d\u0930\u092f\u094b\u091c\u0928 \u0939\u0947\u0924\u0941 \u092c\u091f\u0930\u092b\u094d\u0932\u093e\u0908 \u0935\u093e\u0932\u094d\u0935"", ""unnamed_3"": ""56. \u092c\u091f\u0930\u092b\u094d\u0932\u093e\u0908 \u0935\u093e\u0932\u094d\u0935 (\u0917\u0941\u0923\u0935\u092",ROW_LEVEL_EXACT_DUPLICATE_NORMALIZED,Keep the first occurrence as canonical; the other 1 are byte-equal after normalisation and carry no unique data. Record all source rows in provenance.
f5b8ff457b86b9d9,F034,bis_gazette_notification.csv,bis_gazette_notification,2,363; 1262,1,"{""id"": ""\u0938\u093e\u0907\u0915\u093f\u0932 \u0915\u0947 \u0932\u093f\u090f \u092a\u0930\u093e\u0935\u0930\u094d\u0924\u0915"", ""related_is"": """", ""title"": """", ""unnamed_3"": """"}",ROW_LEVEL_EXACT_DUPLICATE_NORMALIZED,Keep the first occurrence as canonical; the other 1 are byte-equal after normalisation and carry no unique data. Record all source rows in provenance.
178f1bb0349a8d1e,F034,bis_gazette_notification.csv,bis_gazette_notification,2,364; 1263,1,"{""id"": ""287"", ""related_is"": ""\u0906\u0908\u090f\u0938/\u0906\u0908\u090f\u0938\u0913 6742-2 : 2015"", ""title"": ""\u0930\u0947\u091f\u094d\u0930\u094b-\u092a\u0930\u093e\u0935\u0930\u094d\u0924\u0915 \u0909\u092a\u0915\u0930\u0923"", ""unnamed_3"": ""\u0938\u093e\u0907\u0915\u093f\u0932 \u2013 \u0930\u0947\u091f\u094d\u0930\u094b-\u092a\u0930\u093e\u0935\u0930\u094d\u0924\u0915 \u0909\u092a\u0915\u0930\u",ROW_LEVEL_EXACT_DUPLICATE_NORMALIZED,Keep the first occurrence as canonical; the other 1 are byte-equal after normalisation and carry no unique data. Record all source rows in provenance.
baff99502bdd2112,F034,bis_gazette_notification.csv,bis_gazette_notification,2,365; 1264,1,"{""id"": ""\u0915\u093e\u0917\u091c"", ""related_is"": """", ""title"": """", ""unnamed_3"": """"}",ROW_LEVEL_EXACT_DUPLICATE_NORMALIZED,Keep the first occurrence as canonical; the other 1 are byte-equal after normalisation and carry no unique data. Record all source rows in provenance.
5688abc15fc8cdac,F034,bis_gazette_notification.csv,bis_gazette_notification,2,366; 1265,1,"{""id"": ""288"", ""related_is"": ""\u0906\u0908\u090f\u0938 14490 : 2018"", ""title"": ""\u0938\u093e\u0926\u093e \u0915\u0949\u092a\u093f\u092f\u0930 \u0915\u093e\u0917\u091c"", ""unnamed_3"": ""58. \u0938\u093e\u0926\u093e \u0915\u0949\u092a\u093f\u092f\u0930 \u0915\u093e\u0917\u091c (\u0917\u0941\u0923\u0935\u0924\u094d\u0924\u093e \u0928\u093f\u092f\u0902\u0924\u094d\u0930\u0923) \u0906\u0926\u0947\u0936, 2",ROW_LEVEL_EXACT_DUPLICATE_NORMALIZED,Keep the first occurrence as canonical; the other 1 are byte-equal after normalisation and carry no unique data. Record all source rows in provenance.
795a41ae881acde2,F034,bis_gazette_notification.csv,bis_gazette_notification,2,367; 1266,1,"{""id"": ""\u092a\u0936\u0941 \u0906\u0939\u093e\u0930"", ""related_is"": """", ""title"": """", ""unnamed_3"": """"}",ROW_LEVEL_EXACT_DUPLICATE_NORMALIZED,Keep the first occurrence as canonical; the other 1 are byte-equal after normalisation and carry no unique data. Record all source rows in provenance.
e434813ae77a3b63,F034,bis_gazette_notification.csv,bis_gazette_notification,2,368; 1267,1,"{""id"": ""289"", ""related_is"": ""\u0906\u0908\u090f\u0938 2052 : 2009"", ""title"": ""\u092a\u0936\u0941\u0913\u0902 \u0915\u0947 \u0932\u093f\u090f \u092e\u093f\u0936\u094d\u0930\u093f\u0924 \u0906\u0939\u093e\u0930"", ""unnamed_3"": ""59. \u090f\u092b\u090f\u0938\u090f\u0938\u090f\u0906\u0908 \u0928\u093f\u0930\u094d\u0926\u0947\u0936 (\u092b\u093e\u0907\u0932 \u0938\u0902. 1-95/std/misc/sp(lc&a)/fssai-2015",ROW_LEVEL_EXACT_DUPLICATE_NORMALIZED,Keep the first occurrence as canonical; the other 1 are byte-equal after normalisation and carry no unique data. Record all source rows in provenance.
1c338a70b96b088a,F034,bis_gazette_notification.csv,bis_gazette_notification,2,369; 1268,1,"{""id"": ""\u0911\u091f\u094b\u092e\u094b\u092c\u093e\u0907\u0932 \u0935\u094d\u0939\u0940\u0932 \u0930\u093f\u092e \u0918\u091f\u0915"", ""related_is"": """", ""title"": """", ""unnamed_3"": """"}",ROW_LEVEL_EXACT_DUPLICATE_NORMALIZED,Keep the first occurrence as canonical; the other 1 are byte-equal after normalisation and carry no unique data. Record all source rows in provenance.
a6afa483f4ede0e4,F034,bis_gazette_notification.csv,bis_gazette_notification,2,370; 1269,1,"{""id"": ""290"", ""related_is"": ""\u0906\u0908\u090f\u0938 16192 (\u092d\u093e\u0917 1)"", ""title"": ""\u0926\u094b \u090f\u0935\u0902 \u0924\u0940\u0928 \u092a\u0939\u093f\u092f\u093e \u0935\u093e\u0939\u0928\u094b\u0902 \u0915\u0947 \u0932\u093f\u090f \u0911\u091f\u094b\u092e\u094b\u092c\u093e\u0907\u0932 \u0935\u094d\u0939\u0940\u0932 \u0930\u093f\u092e \u2013 \u092d\u093e\u0917 1 \u0932\u093e\u0907\u0",ROW_LEVEL_EXACT_DUPLICATE_NORMALIZED,Keep the first occurrence as canonical; the other 1 are byte-equal after normalisation and carry no unique data. Record all source rows in provenance.
f449ef52b227f88f,F034,bis_gazette_notification.csv,bis_gazette_notification,2,371; 1270,1,"{""id"": ""291"", ""related_is"": ""\u0906\u0908\u090f\u0938 16192 (\u092d\u093e\u0917 2)"", ""title"": ""\u0926\u094b \u090f\u0935\u0902 \u0924\u0940\u0928 \u092a\u0939\u093f\u092f\u093e \u0935\u093e\u0939\u0928\u094b\u0902 \u0915\u0947 \u0932\u093f\u090f \u0911\u091f\u094b\u092e\u094b\u092c\u093e\u0907\u0932 \u0935\u094d\u0939\u0940\u0932 \u0930\u093f\u092e \u2013 \u092d\u093e\u0917 2 \u0936\u0940\u091f \u",ROW_LEVEL_EXACT_DUPLICATE_NORMALIZED,Keep the first occurrence as canonical; the other 1 are byte-equal after normalisation and carry no unique data. Record all source rows in provenance.
2b394ac62339cb94,F034,bis_gazette_notification.csv,bis_gazette_notification,2,372; 1271,1,"{""id"": ""292"", ""related_is"": ""\u0906\u0908\u090f\u0938 16192 (\u092d\u093e\u0917 3)"", ""title"": ""\u0926\u094b \u090f\u0935\u0902 \u0924\u0940\u0928 \u092a\u0939\u093f\u092f\u093e \u0935\u093e\u0939\u0928\u094b\u0902 \u0915\u0947 \u0932\u093f\u090f \u0911\u091f\u094b\u092e\u094b\u092c\u093e\u0907\u0932 \u0935\u094d\u0939\u0940\u0932 \u0930\u093f\u092e \u2013 \u092d\u093e\u0917 3 \u0938\u094d\u092a\u0",ROW_LEVEL_EXACT_DUPLICATE_NORMALIZED,Keep the first occurrence as canonical; the other 1 are byte-equal after normalisation and carry no unique data. Record all source rows in provenance.
696f6e5bac4f4548,F034,bis_gazette_notification.csv,bis_gazette_notification,2,373; 1272,1,"{""id"": ""293"", ""related_is"": ""\u0906\u0908\u090f\u0938 9436"", ""title"": ""\u092f\u093e\u0924\u094d\u0930\u0940 \u0915\u093e\u0930\u094b\u0902 \u0915\u0947 \u092a\u0939\u093f\u092f\u094b\u0902 \u0939\u0947\u0924\u0941 \u092a\u094d\u0930\u0926\u0930\u094d\u0936\u0928 \u0906\u0935\u0936\u094d\u092f\u0915\u0924\u093e\u090f\u0901 \u090f\u0935\u0902 \u092a\u0930\u0940\u0915\u094d\u0937\u0923 \u0935\u093f\u",ROW_LEVEL_EXACT_DUPLICATE_NORMALIZED,Keep the first occurrence as canonical; the other 1 are byte-equal after normalisation and carry no unique data. Record all source rows in provenance.
5b6f5ec6fe1c2c0c,F034,bis_gazette_notification.csv,bis_gazette_notification,2,374; 1273,1,"{""id"": ""294"", ""related_is"": ""\u0906\u0908\u090f\u0938 9438"", ""title"": ""\u091f\u094d\u0930\u0915 \u090f\u0935\u0902 \u092c\u0938\u094b\u0902 \u0915\u0947 \u092a\u0939\u093f\u092f\u094b\u0902 \u0905\u0925\u0935\u093e \u0930\u093f\u092e \u0939\u0947\u0924\u0941 \u092a\u094d\u0930\u0926\u0930\u094d\u0936\u0928 \u0906\u0935\u0936\u094d\u092f\u0915\u0924\u093e\u090f\u0901 \u090f\u0935\u0902 \u092a\u0930",ROW_LEVEL_EXACT_DUPLICATE_NORMALIZED,Keep the first occurrence as canonical; the other 1 are byte-equal after normalisation and carry no unique data. Record all source rows in provenance.
8b750d8f59d6775a,F034,bis_gazette_notification.csv,bis_gazette_notification,2,375; 1274,1,"{""id"": ""\u092a\u093e\u0926\u0924\u094d\u0930\u093e\u0923 (\u092b\u0941\u091f\u0935\u093f\u092f\u0930)"", ""related_is"": """", ""title"": """", ""unnamed_3"": """"}",ROW_LEVEL_EXACT_DUPLICATE_NORMALIZED,Keep the first occurrence as canonical; the other 1 are byte-equal after normalisation and carry no unique data. Record all source rows in provenance.
d48873fc9616dd9b,F034,bis_gazette_notification.csv,bis_gazette_notification,2,376; 1275,1,"{""id"": ""295"", ""related_is"": ""\u0906\u0908\u090f\u0938 5557 : 2004"", ""title"": ""\u0914\u0926\u094d\u092f\u094b\u0917\u093f\u0915 \u090f\u0935\u0902 \u0938\u0941\u0930\u0915\u094d\u0937\u093e\u0924\u094d\u092e\u0915 \u0930\u092c\u0930 \u0918\u0941\u091f\u0928\u093e \u090f\u0935\u0902 \u091f\u0916\u0928\u093e \u092c\u0942\u091f"", ""unnamed_3"": ""\u0938\u0902\u092a\u0942\u0930\u094d\u0923 \u0930\u092c\u0",ROW_LEVEL_EXACT_DUPLICATE_NORMALIZED,Keep the first occurrence as canonical; the other 1 are byte-equal after normalisation and carry no unique data. Record all source rows in provenance.
01971736493dbe6c,F034,bis_gazette_notification.csv,bis_gazette_notification,2,377; 1276,1,"{""id"": ""296"", ""related_is"": ""is 5557 (\u092d\u093e\u0917 2): 2018"", ""title"": ""\u0938\u092d\u0940 \u0930\u092c\u0930 \u0938\u0947 \u092c\u0928\u0947 \u0917\u092e \u092c\u0942\u091f \u090f\u0935\u0902 \u091f\u0916\u0928\u0947 \u0924\u0915 \u0915\u0947 \u092c\u0942\u091f"", ""unnamed_3"": """"}",ROW_LEVEL_EXACT_DUPLICATE_NORMALIZED,Keep the first occurrence as canonical; the other 1 are byte-equal after normalisation and carry no unique data. Record all source rows in provenance.
ac66226c0fdd2c1b,F034,bis_gazette_notification.csv,bis_gazette_notification,2,378; 1277,1,"{""id"": ""297"", ""related_is"": ""is 5676: 1995"", ""title"": ""\u0922\u093e\u0932\u0947 \u0939\u0941\u090f \u0920\u094b\u0938 \u0930\u092c\u0930 \u0915\u0947 \u0924\u0932\u0947 \u090f\u0935\u0902 \u090f\u0921\u093c\u093f\u092f\u093e\u0901"", ""unnamed_3"": """"}",ROW_LEVEL_EXACT_DUPLICATE_NORMALIZED,Keep the first occurrence as canonical; the other 1 are byte-equal after normalisation and carry no unique data. Record all source rows in provenance.
e6cf60412093f90c,F034,bis_gazette_notification.csv,bis_gazette_notification,2,379; 1278,1,"{""id"": ""298"", ""related_is"": ""is 6664: 1992"", ""title"": ""\u0924\u0932\u0935\u094b\u0902 \u090f\u0935\u0902 \u090f\u0921\u093c\u093f\u092f\u094b\u0902 \u0915\u0947 \u0932\u093f\u090f \u0930\u092c\u0930 \u092e\u093e\u0907\u0915\u094d\u0930\u094b\u0938\u0947\u0932\u094d\u092f\u0941\u0932\u0930 \u0936\u0940\u091f"", ""unnamed_3"": """"}",ROW_LEVEL_EXACT_DUPLICATE_NORMALIZED,Keep the first occurrence as canonical; the other 1 are byte-equal after normalisation and carry no unique data. Record all source rows in provenance.
c841731a7002a8f8,F034,bis_gazette_notification.csv,bis_gazette_notification,2,380; 1279,1,"{""id"": ""299"", ""related_is"": ""is 6719: 1972"", ""title"": ""\u0920\u094b\u0938 \u092a\u0940\u0935\u0940\u0938\u0940 (pvc) \u0915\u0947 \u0924\u0932\u0947 \u090f\u0935\u0902 \u090f\u0921\u093c\u093f\u092f\u093e\u0901"", ""unnamed_3"": """"}",ROW_LEVEL_EXACT_DUPLICATE_NORMALIZED,Keep the first occurrence as canonical; the other 1 are byte-equal after normalisation and carry no unique data. Record all source rows in provenance.
01d8e22421ad8106,F034,bis_gazette_notification.csv,bis_gazette_notification,2,381; 1280,1,"{""id"": ""300"", ""related_is"": ""is 6721: 1972"", ""title"": ""\u092a\u0940\u0935\u0940\u0938\u0940 (pvc) \u0938\u0948\u0902\u0921\u0932"", ""unnamed_3"": """"}",ROW_LEVEL_EXACT_DUPLICATE_NORMALIZED,Keep the first occurrence as canonical; the other 1 are byte-equal after normalisation and carry no unique data. Record all source rows in provenance.
a4e84dd50c3a74db,F034,bis_gazette_notification.csv,bis_gazette_notification,2,382; 1281,1,"{""id"": ""301"", ""related_is"": ""is 10702: 1992"", ""title"": ""\u0930\u092c\u0930 \u0939\u0935\u093e\u0908 \u091a\u092a\u094d\u092a\u0932"", ""unnamed_3"": """"}",ROW_LEVEL_EXACT_DUPLICATE_NORMALIZED,Keep the first occurrence as canonical; the other 1 are byte-equal after normalisation and carry no unique data. Record all source rows in provenance.
1b34fd262a396b4a,F034,bis_gazette_notification.csv,bis_gazette_notification,2,383; 1282,1,"{""id"": """", ""related_is"": """", ""title"": """", ""unnamed_3"": """"}",ROW_LEVEL_EXACT_DUPLICATE_NORMALIZED,Keep the first occurrence as canonical; the other 1 are byte-equal after normalisation and carry no unique data. Record all source rows in provenance.
47388ac48093d45f,F034,bis_gazette_notification.csv,bis_gazette_notification,2,384; 1283,1,"{""id"": ""302"", ""related_is"": ""is 12254: 1993"", ""title"": ""\u092a\u0949\u0932\u0940\u0935\u093f\u0928\u093e\u0907\u0932 \u0915\u094d\u0932\u094b\u0930\u093e\u0907\u0921 (pvc) \u0914\u0926\u094d\u092f\u094b\u0917\u093f\u0915 \u092c\u0942\u091f"", ""unnamed_3"": """"}",ROW_LEVEL_EXACT_DUPLICATE_NORMALIZED,Keep the first occurrence as canonical; the other 1 are byte-equal after normalisation and carry no unique data. Record all source rows in provenance.
b1f83b4bc2b6b68e,F034,bis_gazette_notification.csv,bis_gazette_notification,2,385; 1284,1,"{""id"": ""303"", ""related_is"": ""is 13893: 1994"", ""title"": ""\u092a\u0949\u0932\u0940\u092f\u0942\u0930\u0940\u0925\u0947\u0928 \u0915\u093e \u0905\u0930\u094d\u0926\u094d\u0927-\u0915\u0920\u094b\u0930 \u0924\u0932\u093e"", ""unnamed_3"": """"}",ROW_LEVEL_EXACT_DUPLICATE_NORMALIZED,Keep the first occurrence as canonical; the other 1 are byte-equal after normalisation and carry no unique data. Record all source rows in provenance.
37b0a332920e55ec,F034,bis_gazette_notification.csv,bis_gazette_notification,2,386; 1285,1,"{""id"": ""304"", ""related_is"": ""is 13995: 1995"", ""title"": ""\u092c\u093f\u0928\u093e \u0932\u093e\u0907\u0928\u093f\u0902\u0917 \u0915\u0947 \u0922\u093e\u0932\u0947 \u0939\u0941\u090f \u0930\u092c\u0930 \u092c\u0942\u091f"", ""unnamed_3"": """"}",ROW_LEVEL_EXACT_DUPLICATE_NORMALIZED,Keep the first occurrence as canonical; the other 1 are byte-equal after normalisation and carry no unique data. Record all source rows in provenance.
7c474e3150180797,F034,bis_gazette_notification.csv,bis_gazette_notification,2,387; 1286,1,"{""id"": ""305"", ""related_is"": ""is 16645: 2018"", ""title"": ""\u0922\u093e\u0932\u0947 \u0939\u0941\u090f \u092a\u094d\u0932\u093e\u0938\u094d\u091f\u093f\u0915 \u092b\u0941\u091f\u0935\u093f\u092f\u0930 \u2013 \u0938\u093e\u092e\u093e\u0928\u094d\u092f \u0914\u0926\u094d\u092f\u094b\u0917\u093f\u0915 \u0909\u092a\u092f\u094b\u0917 \u0939\u0947\u0924\u0941 \u0932\u093e\u0907\u0928\u093f\u0902\u0917 \u09",ROW_LEVEL_EXACT_DUPLICATE_NORMALIZED,Keep the first occurrence as canonical; the other 1 are byte-equal after normalisation and carry no unique data. Record all source rows in provenance.
918b4b871a24b231,F034,bis_gazette_notification.csv,bis_gazette_notification,2,388; 1287,1,"{""id"": ""306"", ""related_is"": ""is 16994: 2018"", ""title"": ""\u0928\u0917\u0930\u092a\u093e\u0932\u093f\u0915\u093e \u0938\u092b\u093e\u0908 \u0915\u093e\u0930\u094d\u092f \u0939\u0947\u0924\u0941 \u092a\u0941\u0930\u0941\u0937\u094b\u0902 \u090f\u0935\u0902 \u092e\u0939\u093f\u0932\u093e\u0913\u0902 \u0915\u0947 \u0932\u093f\u090f \u092b\u0941\u091f\u0935\u093f\u092f\u0930"", ""unnamed_3"": """"}",ROW_LEVEL_EXACT_DUPLICATE_NORMALIZED,Keep the first occurrence as canonical; the other 1 are byte-equal after normalisation and carry no unique data. Record all source rows in provenance.
4c5a7a2003fef729,F034,bis_gazette_notification.csv,bis_gazette_notification,2,389; 1288,1,"{""id"": ""307"", ""related_is"": ""is 1989 (\u092d\u093e\u0917 1): 1986"", ""title"": ""\u0916\u0928\u093f\u0915\u094b\u0902 \u0915\u0947 \u0932\u093f\u090f \u091a\u092e\u0921\u093c\u0947 \u0915\u0947 \u0938\u0941\u0930\u0915\u094d\u0937\u093e \u092c\u0942\u091f \u090f\u0935\u0902 \u091c\u0942\u0924\u0947"", ""unnamed_3"": ""\u091a\u092e\u0921\u093c\u093e \u090f\u0935\u0902 \u0905\u0928\u094d\u092f \u0938\u093e",ROW_LEVEL_EXACT_DUPLICATE_NORMALIZED,Keep the first occurrence as canonical; the other 1 are byte-equal after normalisation and carry no unique data. Record all source rows in provenance.
9e71ac012d64d31a,F034,bis_gazette_notification.csv,bis_gazette_notification,2,390; 1289,1,"{""id"": ""308"", ""related_is"": ""is 1989 (\u092d\u093e\u0917 2): 1986"", ""title"": ""\u092d\u093e\u0930\u0940 \u0927\u093e\u0924\u0941 \u0909\u0926\u094d\u092f\u094b\u0917\u094b\u0902 \u0915\u0947 \u0932\u093f\u090f \u091a\u092e\u0921\u093c\u0947 \u0915\u0947 \u0938\u0941\u0930\u0915\u094d\u0937\u093e \u092c\u0942\u091f \u090f\u0935\u0902 \u091c\u0942\u0924\u0947"", ""unnamed_3"": """"}",ROW_LEVEL_EXACT_DUPLICATE_NORMALIZED,Keep the first occurrence as canonical; the other 1 are byte-equal after normalisation and carry no unique data. Record all source rows in provenance.
abcb8e0dfd2abf42,F034,bis_gazette_notification.csv,bis_gazette_notification,2,391; 1290,1,"{""id"": ""309"", ""related_is"": ""is 3735: 1996"", ""title"": ""\u0930\u092c\u0930 \u0924\u0932\u0947 \u0935\u093e\u0932\u0947 \u0915\u0948\u0928\u0935\u093e\u0938 \u091c\u0942\u0924\u0947"", ""unnamed_3"": """"}",ROW_LEVEL_EXACT_DUPLICATE_NORMALIZED,Keep the first occurrence as canonical; the other 1 are byte-equal after normalisation and carry no unique data. Record all source rows in provenance.
be02267604911518,F034,bis_gazette_notification.csv,bis_gazette_notification,2,392; 1291,1,"{""id"": ""310"", ""related_is"": ""is 3736: 1995"", ""title"": ""\u0930\u092c\u0930 \u0924\u0932\u0947 \u0935\u093e\u0932\u0947 \u0915\u0948\u0928\u0935\u093e\u0938 \u092c\u0942\u091f"", ""unnamed_3"": """"}",ROW_LEVEL_EXACT_DUPLICATE_NORMALIZED,Keep the first occurrence as canonical; the other 1 are byte-equal after normalisation and carry no unique data. Record all source rows in provenance.
abfdf14b503f76b8,F034,bis_gazette_notification.csv,bis_gazette_notification,2,393; 1292,1,"{""id"": ""311"", ""related_is"": ""is 3976: 2018"", ""title"": ""\u0916\u0928\u093f\u0915\u094b\u0902 \u0915\u0947 \u0932\u093f\u090f \u0938\u0941\u0930\u0915\u094d\u0937\u093e \u0930\u092c\u0930 \u0915\u0948\u0928\u0935\u093e\u0938 \u092c\u0942\u091f"", ""unnamed_3"": """"}",ROW_LEVEL_EXACT_DUPLICATE_NORMALIZED,Keep the first occurrence as canonical; the other 1 are byte-equal after normalisation and carry no unique data. Record all source rows in provenance.
1fe77400db167c9c,F034,bis_gazette_notification.csv,bis_gazette_notification,2,394; 1293,1,"{""id"": ""312"", ""related_is"": ""is 11226: 1993"", ""title"": ""\u092a\u094d\u0930\u0924\u094d\u092f\u0915\u094d\u0937 \u0930\u0942\u092a \u0938\u0947 \u0922\u093e\u0932\u0947 \u0917\u090f \u0930\u092c\u0930 \u0924\u0932\u0947 \u0935\u093e\u0932\u0947 \u091a\u092e\u0921\u093c\u0947 \u0915\u0947 \u0938\u0941\u0930\u0915\u094d\u0937\u093e \u092b\u0941\u091f\u0935\u093f\u092f\u0930"", ""unnamed_3"": """"}",ROW_LEVEL_EXACT_DUPLICATE_NORMALIZED,Keep the first occurrence as canonical; the other 1 are byte-equal after normalisation and carry no unique data. Record all source rows in provenance.
51367c8520e1a689,F034,bis_gazette_notification.csv,bis_gazette_notification,2,395; 1294,1,"{""id"": ""313"", ""related_is"": ""is 14544: 1998"", ""title"": ""\u092a\u094d\u0930\u0924\u094d\u092f\u0915\u094d\u0937 \u0930\u0942\u092a \u0938\u0947 \u0922\u093e\u0932\u0947 \u0917\u090f \u092a\u0940\u0935\u0940\u0938\u0940 (pvc) \u0924\u0932\u0947 \u0935\u093e\u0932\u0947 \u091a\u092e\u0921\u093c\u0947 \u0915\u0947 \u0938\u0941\u0930\u0915\u094d\u0937\u093e \u092b\u0941\u091f\u0935\u093f\u092f\u0930"", ",ROW_LEVEL_EXACT_DUPLICATE_NORMALIZED,Keep the first occurrence as canonical; the other 1 are byte-equal after normalisation and carry no unique data. Record all source rows in provenance.
84b01a135c50f305,F034,bis_gazette_notification.csv,bis_gazette_notification,2,396; 1295,1,"{""id"": ""314"", ""related_is"": ""is 15844 (\u092d\u093e\u0917 1): 2023"", ""title"": ""\u0938\u093e\u092e\u093e\u0928\u094d\u092f \u0909\u092a\u092f\u094b\u0917 \u0939\u0947\u0924\u0941 \u0916\u0947\u0932 \u092b\u0941\u091f\u0935\u093f\u092f\u0930"", ""unnamed_3"": """"}",ROW_LEVEL_EXACT_DUPLICATE_NORMALIZED,Keep the first occurrence as canonical; the other 1 are byte-equal after normalisation and carry no unique data. Record all source rows in provenance.
1b0350139df75cd3,F034,bis_gazette_notification.csv,bis_gazette_notification,2,397; 1296,1,"{""id"": ""315"", ""related_is"": ""is 15844 (\u092d\u093e\u0917 2): 2023"", ""title"": ""\u092a\u094d\u0930\u0926\u0930\u094d\u0936\u0928 \u0906\u0927\u093e\u0930\u093f\u0924 \u0916\u0947\u0932 \u092b\u0941\u091f\u0935\u093f\u092f\u0930"", ""unnamed_3"": """"}",ROW_LEVEL_EXACT_DUPLICATE_NORMALIZED,Keep the first occurrence as canonical; the other 1 are byte-equal after normalisation and carry no unique data. Record all source rows in provenance.
d3305a0d79f964d8,F034,bis_gazette_notification.csv,bis_gazette_notification,2,398; 1297,1,"{""id"": ""316"", ""related_is"": ""is 15844 (\u092d\u093e\u0917 3): 2024"", ""title"": ""\u092a\u0947\u0936\u0947\u0935\u0930 \u0916\u0947\u0932 \u092b\u0941\u091f\u0935\u093f\u092f\u0930"", ""unnamed_3"": """"}",ROW_LEVEL_EXACT_DUPLICATE_NORMALIZED,Keep the first occurrence as canonical; the other 1 are byte-equal after normalisation and carry no unique data. Record all source rows in provenance.
8f6cf847a1085552,F034,bis_gazette_notification.csv,bis_gazette_notification,2,399; 1298,1,"{""id"": ""317"", ""related_is"": ""is 17012: 2018"", ""title"": ""\u092a\u0940\u092f\u0942\u2013\u0930\u092c\u0930 \u0938\u094b\u0932 \u0935\u093e\u0932\u0947 \u0939\u093e\u0908 \u090f\u0902\u0915\u0932 \u091f\u0948\u0915\u094d\u091f\u093f\u0915\u0932 \u092c\u0942\u091f\u094d\u0938"", ""unnamed_3"": """"}",ROW_LEVEL_EXACT_DUPLICATE_NORMALIZED,Keep the first occurrence as canonical; the other 1 are byte-equal after normalisation and carry no unique data. Record all source rows in provenance.
53572d42e4abd51f,F034,bis_gazette_notification.csv,bis_gazette_notification,2,400; 1299,1,"{""id"": ""318"", ""related_is"": ""is 17037: 2018"", ""title"": ""\u090f\u0902\u091f\u0940-\u0930\u093e\u092f\u091f \u091c\u0942\u0924\u0947"", ""unnamed_3"": """"}",ROW_LEVEL_EXACT_DUPLICATE_NORMALIZED,Keep the first occurrence as canonical; the other 1 are byte-equal after normalisation and carry no unique data. Record all source rows in provenance.
507a2cae622215e1,F034,bis_gazette_notification.csv,bis_gazette_notification,2,401; 1300,1,"{""id"": ""319"", ""related_is"": ""is 17043 (\u092d\u093e\u0917-1): 2024"", ""title"": ""\u0938\u0947\u0935\u093e\u0913\u0902 \u0915\u0947 \u0932\u093f\u090f \u091c\u0942\u0924\u0947"", ""unnamed_3"": """"}",ROW_LEVEL_EXACT_DUPLICATE_NORMALIZED,Keep the first occurrence as canonical; the other 1 are byte-equal after normalisation and carry no unique data. Record all source rows in provenance.
bdba772248436b15,F034,bis_gazette_notification.csv,bis_gazette_notification,2,402; 1301,1,"{""id"": ""320"", ""related_is"": ""is 17043 (\u092d\u093e\u0917-2): 2024"", ""title"": ""\u0938\u093e\u092e\u093e\u0928\u094d\u092f \u092a\u094d\u0930\u092f\u094b\u091c\u0928 \u0915\u0947 \u0932\u093f\u090f \u091c\u0942\u0924\u0947"", ""unnamed_3"": """"}",ROW_LEVEL_EXACT_DUPLICATE_NORMALIZED,Keep the first occurrence as canonical; the other 1 are byte-equal after normalisation and carry no unique data. Record all source rows in provenance.
ddbac671aa825e26,F034,bis_gazette_notification.csv,bis_gazette_notification,2,403; 1302,1,"{""id"": ""321"", ""related_is"": ""is 15298 (\u092d\u093e\u0917 2): 2016"", ""title"": ""\u0935\u094d\u092f\u0915\u094d\u0924\u093f\u0917\u0924 \u0938\u0941\u0930\u0915\u094d\u0937\u093e \u0909\u092a\u0915\u0930\u0923 \u2013 \u092d\u093e\u0917 2: \u0938\u0941\u0930\u0915\u094d\u0937\u093e \u092b\u0941\u091f\u0935\u093f\u092f\u0930"", ""unnamed_3"": ""63. \u0935\u094d\u092f\u0915\u094d\u0924\u093f\u0917\u0924 \u",ROW_LEVEL_EXACT_DUPLICATE_NORMALIZED,Keep the first occurrence as canonical; the other 1 are byte-equal after normalisation and carry no unique data. Record all source rows in provenance.
ac3c22936e3ffa5d,F034,bis_gazette_notification.csv,bis_gazette_notification,2,404; 1303,1,"{""id"": ""322"", ""related_is"": ""is 15298 (\u092d\u093e\u0917 3): 2019"", ""title"": ""\u0935\u094d\u092f\u0915\u094d\u0924\u093f\u0917\u0924 \u0938\u0941\u0930\u0915\u094d\u0937\u093e \u0909\u092a\u0915\u0930\u0923 \u2013 \u092d\u093e\u0917 3: \u0938\u0941\u0930\u0915\u094d\u0937\u093e\u0924\u094d\u092e\u0915 \u092b\u0941\u091f\u0935\u093f\u092f\u0930"", ""unnamed_3"": """"}",ROW_LEVEL_EXACT_DUPLICATE_NORMALIZED,Keep the first occurrence as canonical; the other 1 are byte-equal after normalisation and carry no unique data. Record all source rows in provenance.
7878cf37c42f6415,F034,bis_gazette_notification.csv,bis_gazette_notification,2,405; 1304,1,"{""id"": ""323"", ""related_is"": ""is 15298 (\u092d\u093e\u0917 4): 2017"", ""title"": ""\u0935\u094d\u092f\u0915\u094d\u0924\u093f\u0917\u0924 \u0938\u0941\u0930\u0915\u094d\u0937\u093e \u0909\u092a\u0915\u0930\u0923 \u2013 \u092d\u093e\u0917 4: \u0935\u094d\u092f\u093e\u0935\u0938\u093e\u092f\u093f\u0915 \u092b\u0941\u091f\u0935\u093f\u092f\u0930"", ""unnamed_3"": """"}",ROW_LEVEL_EXACT_DUPLICATE_NORMALIZED,Keep the first occurrence as canonical; the other 1 are byte-equal after normalisation and carry no unique data. Record all source rows in provenance.
877534b6e9e8e12c,F034,bis_gazette_notification.csv,bis_gazette_notification,2,406; 1305,1,"{""id"": ""\u092a\u094d\u0930\u0947\u0938 \u091f\u0942\u0932 \u2013 \u092a\u0902\u091a"", ""related_is"": """", ""title"": """", ""unnamed_3"": """"}",ROW_LEVEL_EXACT_DUPLICATE_NORMALIZED,Keep the first occurrence as canonical; the other 1 are byte-equal after normalisation and carry no unique data. Record all source rows in provenance.
d8e96d6509dd9cfb,F034,bis_gazette_notification.csv,bis_gazette_notification,2,407; 1306,1,"{""id"": ""324"", ""related_is"": ""is 4296 (\u092d\u093e\u0917 1): 2016"", ""title"": ""\u092a\u094d\u0930\u0947\u0938\u093f\u0902\u0917 \u0915\u0947 \u0932\u093f\u090f \u0909\u092a\u0915\u0930\u0923 \u2013 \u092d\u093e\u0917 1: 60 \u0921\u093f\u0917\u094d\u0930\u0940 \u0936\u0902\u0915\u094d\u0935\u093e\u0915\u093e\u0930 \u0939\u0947\u0921 \u0914\u0930 \u0938\u0940\u0927\u093e \u0936\u0948\u0902\u0915 \u09",ROW_LEVEL_EXACT_DUPLICATE_NORMALIZED,Keep the first occurrence as canonical; the other 1 are byte-equal after normalisation and carry no unique data. Record all source rows in provenance.
decd5b798d7820d6,F034,bis_gazette_notification.csv,bis_gazette_notification,2,408; 1307,1,"{""id"": ""325"", ""related_is"": ""is 4296 (\u092d\u093e\u0917 2): 2016"", ""title"": ""\u092a\u094d\u0930\u0947\u0938\u093f\u0902\u0917 \u0915\u0947 \u0932\u093f\u090f \u0909\u092a\u0915\u0930\u0923 \u2013 \u092d\u093e\u0917 2: \u092c\u0947\u0932\u0928\u093e\u0915\u093e\u0930 \u0939\u0947\u0921 \u0924\u0925\u093e \u0938\u0940\u0927\u0947 \u092f\u093e \u0918\u091f\u0947 \u0939\u0941\u090f \u0936\u0948\u0902",ROW_LEVEL_EXACT_DUPLICATE_NORMALIZED,Keep the first occurrence as canonical; the other 1 are byte-equal after normalisation and carry no unique data. Record all source rows in provenance.
517fb222f01ebbf0,F034,bis_gazette_notification.csv,bis_gazette_notification,2,409; 1308,1,"{""id"": ""326"", ""related_is"": ""is 4296 (\u092d\u093e\u0917 3): 2016"", ""title"": ""\u092a\u094d\u0930\u0947\u0938\u093f\u0902\u0917 \u0915\u0947 \u0932\u093f\u090f \u0909\u092a\u0915\u0930\u0923 \u2013 \u092d\u093e\u0917 3: 60 \u0921\u093f\u0917\u094d\u0930\u0940 \u0936\u0902\u0915\u094d\u0935\u093e\u0915\u093e\u0930 \u0939\u0947\u0921 \u0914\u0930 \u0918\u091f\u0947 \u0939\u0941\u090f \u0936\u0948\u09",ROW_LEVEL_EXACT_DUPLICATE_NORMALIZED,Keep the first occurrence as canonical; the other 1 are byte-equal after normalisation and carry no unique data. Record all source rows in provenance.
6cb7c18deb13f148,F034,bis_gazette_notification.csv,bis_gazette_notification,2,410; 1309,1,"{""id"": ""\u0926\u094b \u092a\u0939\u093f\u092f\u093e \u092e\u094b\u091f\u0930 \u0935\u093e\u0939\u0928\u094b\u0902 \u0915\u0947 \u091a\u093e\u0932\u0915\u094b\u0902 \u0915\u0947 \u0932\u093f\u090f \u0939\u0947\u0932\u092e\u0947\u091f"", ""related_is"": """", ""title"": """", ""unnamed_3"": """"}",ROW_LEVEL_EXACT_DUPLICATE_NORMALIZED,Keep the first occurrence as canonical; the other 1 are byte-equal after normalisation and carry no unique data. Record all source rows in provenance.
a46a07c0f7ae867d,F034,bis_gazette_notification.csv,bis_gazette_notification,2,411; 1310,1,"{""id"": ""327"", ""related_is"": ""is 4151: 2015"", ""title"": ""\u0926\u094b \u092a\u0939\u093f\u092f\u093e \u092e\u094b\u091f\u0930 \u0935\u093e\u0939\u0928\u094b\u0902 \u0915\u0947 \u091a\u093e\u0932\u0915\u094b\u0902 \u0915\u0947 \u0932\u093f\u090f \u0939\u0947\u0932\u092e\u0947\u091f"", ""unnamed_3"": ""65. \u0926\u094b \u092a\u0939\u093f\u092f\u093e \u092e\u094b\u091f\u0930 \u0935\u093e\u0939\u0928\u094b\",ROW_LEVEL_EXACT_DUPLICATE_NORMALIZED,Keep the first occurrence as canonical; the other 1 are byte-equal after normalisation and carry no unique data. Record all source rows in provenance.
70bbaf6158f95a4b,F034,bis_gazette_notification.csv,bis_gazette_notification,2,412; 1311,1,"{""id"": ""\u0930\u0947\u092b\u094d\u0930\u093f\u091c\u0930\u0947\u091f\u093f\u0902\u0917 \u0909\u092a\u0915\u0930\u0923"", ""related_is"": """", ""title"": """", ""unnamed_3"": """"}",ROW_LEVEL_EXACT_DUPLICATE_NORMALIZED,Keep the first occurrence as canonical; the other 1 are byte-equal after normalisation and carry no unique data. Record all source rows in provenance.
5f32da4b53b60cfd,F034,bis_gazette_notification.csv,bis_gazette_notification,2,413; 1312,1,"{""id"": ""328"", ""related_is"": ""is 17550 (\u092d\u093e\u0917 1): 2021"", ""title"": ""\u0918\u0930\u0947\u0932\u0942 \u0930\u0947\u092b\u094d\u0930\u093f\u091c\u0930\u0947\u091f\u093f\u0902\u0917 \u0909\u092a\u0915\u0930\u0923 \u2013 \u0935\u093f\u0936\u0947\u0937\u0924\u093e\u090f\u0901 \u090f\u0935\u0902 \u092a\u0930\u0940\u0915\u094d\u0937\u0923 \u0935\u093f\u0927\u093f\u092f\u093e\u0901, \u092d\u093e",ROW_LEVEL_EXACT_DUPLICATE_NORMALIZED,Keep the first occurrence as canonical; the other 1 are byte-equal after normalisation and carry no unique data. Record all source rows in provenance.
f1f01c4d48f4043b,F034,bis_gazette_notification.csv,bis_gazette_notification,2,414; 1313,1,"{""id"": ""329"", ""related_is"": ""is 7872: 2018"", ""title"": ""\u092b\u094d\u0930\u0940\u091c\u093c\u0930"", ""unnamed_3"": """"}",ROW_LEVEL_EXACT_DUPLICATE_NORMALIZED,Keep the first occurrence as canonical; the other 1 are byte-equal after normalisation and carry no unique data. Record all source rows in provenance.
cd0e62757ff86bee,F034,bis_gazette_notification.csv,bis_gazette_notification,2,415; 1314,1,"{""id"": ""\u0915\u0947\u0928\u094d\u0926\u094d\u0930\u093e\u092a\u0938\u093e\u0930\u093f\u0924 \u0922\u0932\u093e\u0908 (\u0938\u094d\u092a\u0928) \u0915\u093e\u0938\u094d\u091f \u0906\u092f\u0930\u0928 \u092a\u093e\u0907\u092a"", ""related_is"": """", ""title"": """", ""unnamed_3"": """"}",ROW_LEVEL_EXACT_DUPLICATE_NORMALIZED,Keep the first occurrence as canonical; the other 1 are byte-equal after normalisation and carry no unique data. Record all source rows in provenance.
f4393a8360b5be07,F034,bis_gazette_notification.csv,bis_gazette_notification,2,416; 1315,1,"{""id"": ""330"", ""related_is"": ""is 1536: 2001"", ""title"": ""\u092a\u093e\u0928\u0940, \u0917\u0948\u0938 \u090f\u0935\u0902 \u0938\u0940\u0935\u0947\u091c \u0915\u0947 \u0932\u093f\u090f \u0915\u0947\u0928\u094d\u0926\u094d\u0930\u093e\u092a\u0938\u093e\u0930\u093f\u0924 \u0922\u0932\u093e\u0908 (\u0938\u094d\u092a\u0928) \u0915\u093e\u0938\u094d\u091f \u0906\u092f\u0930\u0928 \u092a\u094d\u0930\u0947\",ROW_LEVEL_EXACT_DUPLICATE_NORMALIZED,Keep the first occurrence as canonical; the other 1 are byte-equal after normalisation and carry no unique data. Record all source rows in provenance.
9412e35e0c1a39b5,F034,bis_gazette_notification.csv,bis_gazette_notification,2,417; 1316,1,"{""id"": ""331"", ""related_is"": ""is 3989: 2009"", ""title"": ""\u0915\u0947\u0928\u094d\u0926\u094d\u0930\u093e\u092a\u0938\u093e\u0930\u093f\u0924 \u0922\u0932\u093e\u0908 (\u0938\u094d\u092a\u0928) \u0915\u093e\u0938\u094d\u091f \u0906\u092f\u0930\u0928 \u0938\u094d\u092a\u093f\u0917\u091f \u090f\u0935\u0902 \u0938\u0949\u0915\u0947\u091f \u092e\u0943\u0926\u093e, \u0905\u092a\u0936\u093f\u0937\u094d\u0",ROW_LEVEL_EXACT_DUPLICATE_NORMALIZED,Keep the first occurrence as canonical; the other 1 are byte-equal after normalisation and carry no unique data. Record all source rows in provenance.
be57cf016f59e8cf,F034,bis_gazette_notification.csv,bis_gazette_notification,2,418; 1317,1,"{""id"": ""332"", ""related_is"": ""is 15905: 2011"", ""title"": ""\u0939\u092c\u0932\u0947\u0938 \u0915\u0947\u0928\u094d\u0926\u094d\u0930\u093e\u092a\u0938\u093e\u0930\u093f\u0924 \u0922\u0932\u093e\u0908 (\u0938\u094d\u092a\u0928) \u0915\u093e\u0938\u094d\u091f \u0906\u092f\u0930\u0928 \u092a\u093e\u0907\u092a, \u092b\u093f\u091f\u093f\u0902\u0917\u094d\u0938 \u090f\u0935\u0902 \u0938\u0939\u093e\u092f\u",ROW_LEVEL_EXACT_DUPLICATE_NORMALIZED,Keep the first occurrence as canonical; the other 1 are byte-equal after normalisation and carry no unique data. Record all source rows in provenance.
a3f22afe9b741b8c,F034,bis_gazette_notification.csv,bis_gazette_notification,2,419; 1318,1,"{""id"": ""\u092b\u094d\u0932\u0915\u094d\u0938 \u0915\u094b\u0930\u094d\u0921 (\u091f\u094d\u092f\u0942\u092c\u0932\u0930) \u0907\u0932\u0947\u0915\u094d\u091f\u094d\u0930\u094b\u0921"", ""related_is"": """", ""title"": """", ""unnamed_3"": """"}",ROW_LEVEL_EXACT_DUPLICATE_NORMALIZED,Keep the first occurrence as canonical; the other 1 are byte-equal after normalisation and carry no unique data. Record all source rows in provenance.
c0a32c5ea6eb6f5a,F034,bis_gazette_notification.csv,bis_gazette_notification,2,420; 1319,1,"{""id"": ""333"", ""related_is"": ""is 15769:2008"", ""title"": ""\u0915\u093e\u0930\u094d\u092c\u0928 \u092f\u093e \u0915\u093e\u0930\u094d\u092c\u0928-\u092e\u0948\u0902\u0917\u0928\u0940\u091c \u0938\u094d\u091f\u0940\u0932 \u0915\u0940 \u0917\u0948\u0938 \u0936\u0940\u0932\u094d\u0921\u0947\u0921 \u090f\u0935\u0902 \u0938\u0947\u0932\u094d\u092b-\u0936\u0940\u0932\u094d\u0921\u0947\u0921 \u0927\u093e\u09",ROW_LEVEL_EXACT_DUPLICATE_NORMALIZED,Keep the first occurrence as canonical; the other 1 are byte-equal after normalisation and carry no unique data. Record all source rows in provenance.
5e1d0bb60fceaa62,F034,bis_gazette_notification.csv,bis_gazette_notification,2,421; 1320,1,"{""id"": ""\u0938\u093f\u0932\u093e\u0908 \u092e\u0936\u0940\u0928"", ""related_is"": """", ""title"": """", ""unnamed_3"": """"}",ROW_LEVEL_EXACT_DUPLICATE_NORMALIZED,Keep the first occurrence as canonical; the other 1 are byte-equal after normalisation and carry no unique data. Record all source rows in provenance.
02ae9843cc1e2ad9,F034,bis_gazette_notification.csv,bis_gazette_notification,2,422; 1321,1,"{""id"": ""334"", ""related_is"": ""is 15449 : \u092d\u093e\u0917 1 : 2004"", ""title"": ""\u0918\u0930\u0947\u0932\u0942 \u091c\u093c\u093f\u0917-\u091c\u093c\u0948\u0917 \u0938\u093f\u0932\u093e\u0908 \u092e\u0936\u0940\u0928 \u0939\u0947\u0921"", ""unnamed_3"": ""69. \u0938\u093f\u0932\u093e\u0908 \u092e\u0936\u0940\u0928 (\u0917\u0941\u0923\u0935\u0924\u094d\u0924\u093e \u0928\u093f\u092f\u0902\u0924\u094d\u",ROW_LEVEL_EXACT_DUPLICATE_NORMALIZED,Keep the first occurrence as canonical; the other 1 are byte-equal after normalisation and carry no unique data. Record all source rows in provenance.
1f91abe6a900064c,F034,bis_gazette_notification.csv,bis_gazette_notification,2,423; 1322,1,"{""id"": ""\u091c\u0932 \u0909\u092a\u091a\u093e\u0930 \u092a\u094d\u0930\u0923\u093e\u0932\u0940"", ""related_is"": """", ""title"": """", ""unnamed_3"": """"}",ROW_LEVEL_EXACT_DUPLICATE_NORMALIZED,Keep the first occurrence as canonical; the other 1 are byte-equal after normalisation and carry no unique data. Record all source rows in provenance.
065a767900a7a3c0,F034,bis_gazette_notification.csv,bis_gazette_notification,2,424; 1323,1,"{""id"": ""335"", ""related_is"": ""is 16240 : 2023"", ""title"": ""\u092a\u0940\u0928\u0947 \u0915\u0947 \u092a\u094d\u0930\u092f\u094b\u091c\u0928 \u0939\u0947\u0924\u0941 \u0930\u093f\u0935\u0930\u094d\u0938 \u0911\u0938\u094d\u092e\u094b\u0938\u093f\u0938 \u0906\u0927\u093e\u0930\u093f\u0924 \u092a\u094d\u0935\u093e\u0907\u0902\u091f \u0911\u092b \u092f\u0942\u091c\u093c \u091c\u0932 \u0909\u092a\u091a\u",ROW_LEVEL_EXACT_DUPLICATE_NORMALIZED,Keep the first occurrence as canonical; the other 1 are byte-equal after normalisation and carry no unique data. Record all source rows in provenance.
6ffa775afb707dd3,F034,bis_gazette_notification.csv,bis_gazette_notification,2,425; 1324,1,"{""id"": ""\u091c\u0942\u091f \u092c\u0948\u0917"", ""related_is"": """", ""title"": """", ""unnamed_3"": """"}",ROW_LEVEL_EXACT_DUPLICATE_NORMALIZED,Keep the first occurrence as canonical; the other 1 are byte-equal after normalisation and carry no unique data. Record all source rows in provenance.
9927b44c434f92d0,F034,bis_gazette_notification.csv,bis_gazette_notification,2,426; 1325,1,"{""id"": ""336"", ""related_is"": ""is 1943:1995"", ""title"": ""\u090f-\u091f\u094d\u0935\u093f\u0932 \u091c\u0942\u091f \u092c\u0948\u0917"", ""unnamed_3"": ""71. \u091c\u0942\u091f \u092c\u0948\u0917 (\u0917\u0941\u0923\u0935\u0924\u094d\u0924\u093e \u0928\u093f\u092f\u0902\u0924\u094d\u0930\u0923) \u0906\u0926\u0947\u0936, 2022 (\u090f\u0938.\u0913. 2601(\u0908), \u0926\u093f\u0928\u093e\u0902\u0915 6 \u091c",ROW_LEVEL_EXACT_DUPLICATE_NORMALIZED,Keep the first occurrence as canonical; the other 1 are byte-equal after normalisation and carry no unique data. Record all source rows in provenance.
44c04f9d394040a1,F034,bis_gazette_notification.csv,bis_gazette_notification,2,427; 1326,1,"{""id"": ""337"", ""related_is"": ""is 2566:1993"", ""title"": ""\u0916\u093e\u0926\u094d\u092f\u093e\u0928\u094d\u0928 \u092a\u0948\u0915\u093f\u0902\u0917 \u0915\u0947 \u0932\u093f\u090f \u092c\u0940-\u091f\u094d\u0935\u093f\u0932 \u091c\u0942\u091f \u092c\u0948\u0917"", ""unnamed_3"": """"}",ROW_LEVEL_EXACT_DUPLICATE_NORMALIZED,Keep the first occurrence as canonical; the other 1 are byte-equal after normalisation and carry no unique data. Record all source rows in provenance.
0774406cbb36a60a,F034,bis_gazette_notification.csv,bis_gazette_notification,2,428; 1327,1,"{""id"": ""338"", ""related_is"": ""is 12650:2018"", ""title"": ""50 \u0915\u093f\u0932\u094b\u0917\u094d\u0930\u093e\u092e \u0916\u093e\u0926\u094d\u092f\u093e\u0928\u094d\u0928 \u092a\u0948\u0915\u093f\u0902\u0917 \u0939\u0947\u0924\u0941 \u091c\u0942\u091f \u092c\u0948\u0917"", ""unnamed_3"": """"}",ROW_LEVEL_EXACT_DUPLICATE_NORMALIZED,Keep the first occurrence as canonical; the other 1 are byte-equal after normalisation and carry no unique data. Record all source rows in provenance.
04dded5da89de52b,F034,bis_gazette_notification.csv,bis_gazette_notification,2,429; 1328,1,"{""id"": ""339"", ""related_is"": ""is 15138:2010"", ""title"": ""50 \u0915\u093f\u0932\u094b\u0917\u094d\u0930\u093e\u092e \u091a\u0940\u0928\u0940 \u092a\u0948\u0915\u093f\u0902\u0917 \u0939\u0947\u0924\u0941 \u091c\u0942\u091f \u092c\u0948\u0917"", ""unnamed_3"": """"}",ROW_LEVEL_EXACT_DUPLICATE_NORMALIZED,Keep the first occurrence as canonical; the other 1 are byte-equal after normalisation and carry no unique data. Record all source rows in provenance.
e7eb3f42765c0830,F034,bis_gazette_notification.csv,bis_gazette_notification,2,430; 1329,1,"{""id"": ""340"", ""related_is"": ""is 16186:2014"", ""title"": ""50 \u0915\u093f\u0932\u094b\u0917\u094d\u0930\u093e\u092e \u0916\u093e\u0926\u094d\u092f\u093e\u0928\u094d\u0928 \u092a\u0948\u0915\u093f\u0902\u0917 \u0939\u0947\u0924\u0941 \u0939\u0932\u094d\u0915\u0947 \u0935\u091c\u0928 \u0915\u0947 \u091c\u0942\u091f \u0938\u0948\u0915\u093f\u0902\u0917 \u092c\u0948\u0917"", ""unnamed_3"": """"}",ROW_LEVEL_EXACT_DUPLICATE_NORMALIZED,Keep the first occurrence as canonical; the other 1 are byte-equal after normalisation and carry no unique data. Record all source rows in provenance.
9312c5236bf2044f,F034,bis_gazette_notification.csv,bis_gazette_notification,2,431; 1330,1,"{""id"": ""341"", ""related_is"": ""is 16372:2015"", ""title"": ""30 \u0915\u093f\u0932\u094b\u0917\u094d\u0930\u093e\u092e \u0924\u0915 \u0916\u093e\u0926\u094d\u092f\u093e\u0928\u094d\u0928 \u092a\u0948\u0915\u093f\u0902\u0917 \u0939\u0947\u0924\u0941 \u091c\u0942\u091f \u092c\u0948\u0917"", ""unnamed_3"": """"}",ROW_LEVEL_EXACT_DUPLICATE_NORMALIZED,Keep the first occurrence as canonical; the other 1 are byte-equal after normalisation and carry no unique data. Record all source rows in provenance.
6a55c1ac34f8632b,F034,bis_gazette_notification.csv,bis_gazette_notification,2,432; 1331,1,"{""id"": ""\u0935\u093f\u0938\u094d\u0915\u094b\u0938 \u0938\u094d\u091f\u0947\u092a\u0932 \u092b\u093e\u0907\u092c\u0930"", ""related_is"": """", ""title"": """", ""unnamed_3"": """"}",ROW_LEVEL_EXACT_DUPLICATE_NORMALIZED,Keep the first occurrence as canonical; the other 1 are byte-equal after normalisation and carry no unique data. Record all source rows in provenance.
ad88bad25a1e179a,F034,bis_gazette_notification.csv,bis_gazette_notification,2,433; 1332,1,"{""id"": """", ""related_is"": ""is 17266:2019"", ""title"": ""\u0935\u093f\u0938\u094d\u0915\u094b\u0938 \u0938\u094d\u091f\u0947\u092a\u0932 \u092b\u093e\u0907\u092c\u0930"", ""unnamed_3"": ""\u0935\u093f\u0938\u094d\u0915\u094b\u0938 \u0938\u094d\u091f\u0947\u092a\u0932 \u092b\u093e\u0907\u092c\u0930 (\u0917\u0941\u0923\u0935\u0924\u094d\u0924\u093e \u0928\u093f\u092f\u0902\u0924\u094d\u0930\u0923) \u0906\u09",ROW_LEVEL_EXACT_DUPLICATE_NORMALIZED,Keep the first occurrence as canonical; the other 1 are byte-equal after normalisation and carry no unique data. Record all source rows in provenance.
70a9ec83db153815,F034,bis_gazette_notification.csv,bis_gazette_notification,2,434; 1333,1,"{""id"": ""\u091c\u093f\u092f\u094b \u091f\u0947\u0915\u094d\u0938\u091f\u093e\u0907\u0932\u094d\u0938"", ""related_is"": """", ""title"": """", ""unnamed_3"": """"}",ROW_LEVEL_EXACT_DUPLICATE_NORMALIZED,Keep the first occurrence as canonical; the other 1 are byte-equal after normalisation and carry no unique data. Record all source rows in provenance.
c5bd410a625a3705,F034,bis_gazette_notification.csv,bis_gazette_notification,2,436; 1335,1,"{""id"": ""343"", ""related_is"": ""is 15909 : 2020"", ""title"": ""\u092a\u0949\u0932\u0940 \u0935\u093f\u0928\u093e\u0907\u0932 \u0915\u094d\u0932\u094b\u0930\u093e\u0907\u0921 (pvc) \u091c\u093f\u092f\u094b\u092e\u0947\u092e\u094d\u092c\u094d\u0930\u0947\u0928"", ""unnamed_3"": """"}",ROW_LEVEL_EXACT_DUPLICATE_NORMALIZED,Keep the first occurrence as canonical; the other 1 are byte-equal after normalisation and carry no unique data. Record all source rows in provenance.
a185d6f2687996b7,F034,bis_gazette_notification.csv,bis_gazette_notification,2,437; 1336,1,"{""id"": ""344"", ""related_is"": ""is 16653 : 2017"", ""title"": ""\u0928\u0940\u0921\u0932 \u092a\u0902\u091a\u094d\u0921 \u0928\u0949\u0928-\u0935\u094b\u0935\u0928 \u091c\u093f\u092f\u094b\u092c\u0948\u0917\u094d\u0938"", ""unnamed_3"": """"}",ROW_LEVEL_EXACT_DUPLICATE_NORMALIZED,Keep the first occurrence as canonical; the other 1 are byte-equal after normalisation and carry no unique data. Record all source rows in provenance.
9bad032695af5785,F034,bis_gazette_notification.csv,bis_gazette_notification,2,438; 1337,1,"{""id"": ""345"", ""related_is"": ""is 16654: 2017"", ""title"": ""\u092a\u0949\u0932\u0940\u092a\u094d\u0930\u094b\u092a\u093e\u0907\u0932\u0940\u0928 \u092e\u0932\u094d\u091f\u0940\u092b\u093f\u0932\u093e\u092e\u0947\u0902\u091f \u092c\u0941\u0928\u0947 \u0939\u0941\u090f \u091c\u093f\u092f\u094b\u092c\u0948\u0917\u094d\u0938"", ""unnamed_3"": """"}",ROW_LEVEL_EXACT_DUPLICATE_NORMALIZED,Keep the first occurrence as canonical; the other 1 are byte-equal after normalisation and carry no unique data. Record all source rows in provenance.
17a68ad4266ccd57,F034,bis_gazette_notification.csv,bis_gazette_notification,2,439; 1338,1,"{""id"": ""346"", ""related_is"": ""is 14715 (\u092d\u093e\u0917 1): 2016"", ""title"": ""\u091c\u0942\u091f \u091c\u093f\u092f\u094b\u091f\u0947\u0915\u094d\u0938\u091f\u093e\u0907\u0932\u094d\u0938"", ""unnamed_3"": """"}",ROW_LEVEL_EXACT_DUPLICATE_NORMALIZED,Keep the first occurrence as canonical; the other 1 are byte-equal after normalisation and carry no unique data. Record all source rows in provenance.
ffd1bd6db7fc7a70,F034,bis_gazette_notification.csv,bis_gazette_notification,2,440; 1339,1,"{""id"": ""347"", ""related_is"": ""is 14715 (\u092d\u093e\u0917 2): 2016"", ""title"": ""\u091c\u0942\u091f \u091c\u093f\u092f\u094b\u091f\u0947\u0915\u094d\u0938\u091f\u093e\u0907\u0932\u094d\u0938"", ""unnamed_3"": """"}",ROW_LEVEL_EXACT_DUPLICATE_NORMALIZED,Keep the first occurrence as canonical; the other 1 are byte-equal after normalisation and carry no unique data. Record all source rows in provenance.
019e353d5d5c349f,F034,bis_gazette_notification.csv,bis_gazette_notification,2,441; 1340,1,"{""id"": ""348"", ""related_is"": ""is 15869 : 2020"", ""title"": ""\u0913\u092a\u0928 \u0935\u0940\u0935 \u0915\u0949\u092f\u0930 \u092d\u0942\u0935\u0938\u094d\u0924\u094d\u0930"", ""unnamed_3"": """"}",ROW_LEVEL_EXACT_DUPLICATE_NORMALIZED,Keep the first occurrence as canonical; the other 1 are byte-equal after normalisation and carry no unique data. Record all source rows in provenance.
5dc98f4d6a1a3414,F034,bis_gazette_notification.csv,bis_gazette_notification,2,442; 1341,1,"{""id"": ""349"", ""related_is"": ""is 16391 : 2015"", ""title"": ""\u092a\u0947\u0935\u092e\u0947\u0902\u091f \u0938\u0902\u0930\u091a\u0928\u093e\u0913\u0902 \u092e\u0947\u0902 \u0938\u092c-\u0917\u094d\u0930\u0947\u0921 \u092a\u0943\u0925\u0915\u094d\u0915\u0930\u0923 \u092e\u0947\u0902 \u092a\u094d\u0930\u092f\u0941\u0915\u094d\u0924 \u091c\u093f\u092f\u094b\u091f\u0947\u0915\u094d\u0938\u091f\u093e\u090",ROW_LEVEL_EXACT_DUPLICATE_NORMALIZED,Keep the first occurrence as canonical; the other 1 are byte-equal after normalisation and carry no unique data. Record all source rows in provenance.
140de2e153f326a1,F034,bis_gazette_notification.csv,bis_gazette_notification,2,443; 1342,1,"{""id"": ""350"", ""related_is"": ""is 16393 : 2015"", ""title"": ""\u092d\u0942\u092e\u093f\u0917\u0924 \u091c\u0932 \u0928\u093f\u0915\u093e\u0938\u0940 \u0905\u0928\u0941\u092a\u094d\u0930\u092f\u094b\u0917\u094b\u0902 \u092e\u0947\u0902 \u092a\u094d\u0930\u092f\u0941\u0915\u094d\u0924 \u091c\u093f\u092f\u094b\u091f\u0947\u0915\u094d\u0938\u091f\u093e\u0907\u0932\u094d\u0938"", ""unnamed_3"": """"}",ROW_LEVEL_EXACT_DUPLICATE_NORMALIZED,Keep the first occurrence as canonical; the other 1 are byte-equal after normalisation and carry no unique data. Record all source rows in provenance.
e519b34ad72020d1,F034,bis_gazette_notification.csv,bis_gazette_notification,2,444; 1343,1,"{""id"": ""351"", ""related_is"": ""is 16362 : 2020"", ""title"": ""\u092a\u0947\u0935\u092e\u0947\u0902\u091f \u0938\u0902\u0930\u091a\u0928\u093e\u0913\u0902 \u092e\u0947\u0902 \u0938\u092c-\u0917\u094d\u0930\u0947\u0921 \u0938\u094d\u0925\u093f\u0930\u0940\u0915\u0930\u0923 \u092e\u0947\u0902 \u092a\u094d\u0930\u092f\u0941\u0915\u094d\u0924 \u091c\u093f\u092f\u094b\u091f\u0947\u0915\u094d\u0938\u091f\u093",ROW_LEVEL_EXACT_DUPLICATE_NORMALIZED,Keep the first occurrence as canonical; the other 1 are byte-equal after normalisation and carry no unique data. Record all source rows in provenance.
359f1ca0f1fc1304,F034,bis_gazette_notification.csv,bis_gazette_notification,2,445; 1344,1,"{""id"": ""352"", ""related_is"": ""is 16352 : 2020"", ""title"": ""\u0932\u093e\u0907\u0928\u093f\u0902\u0917 \u0939\u0947\u0924\u0941 \u0909\u091a\u094d\u091a \u0918\u0928\u0924\u094d\u0935 \u092a\u0949\u0932\u0940\u0907\u0925\u093f\u0932\u0940\u0928 (hdpe) \u091c\u093f\u092f\u094b\u092e\u0947\u092e\u094d\u092c\u094d\u0930\u0947\u0928"", ""unnamed_3"": """"}",ROW_LEVEL_EXACT_DUPLICATE_NORMALIZED,Keep the first occurrence as canonical; the other 1 are byte-equal after normalisation and carry no unique data. Record all source rows in provenance.
47ad5e4502b7a9bd,F034,bis_gazette_notification.csv,bis_gazette_notification,2,446; 1345,1,"{""id"": ""353"", ""related_is"": ""is 16090:2013"", ""title"": ""\u0938\u0902\u0930\u0915\u094d\u0937\u0923 (\u092f\u093e \u0915\u0941\u0936\u0928\u093f\u0902\u0917) \u0938\u093e\u092e\u0917\u094d\u0930\u0940 \u0915\u0947 \u0930\u0942\u092a \u092e\u0947\u0902 \u092a\u094d\u0930\u092f\u0941\u0915\u094d\u0924 \u091c\u093f\u092f\u094b\u091f\u0947\u0915\u094d\u0938\u091f\u093e\u0907\u0932\u094d\u0938"", ""unnamed",ROW_LEVEL_EXACT_DUPLICATE_NORMALIZED,Keep the first occurrence as canonical; the other 1 are byte-equal after normalisation and carry no unique data. Record all source rows in provenance.
bce1d10a9231df7c,F034,bis_gazette_notification.csv,bis_gazette_notification,2,447; 1346,1,"{""id"": ""354"", ""related_is"": ""is 16392:2015"", ""title"": ""\u0939\u093e\u0930\u094d\u0921 \u0906\u0930\u094d\u092e\u0930 \u092a\u094d\u0930\u0923\u093e\u0932\u093f\u092f\u094b\u0902 \u092e\u0947\u0902 \u0938\u094d\u0925\u093e\u092f\u0940 \u0915\u091f\u093e\u0935 \u0928\u093f\u092f\u0902\u0924\u094d\u0930\u0923 \u0939\u0947\u0924\u0941 \u091c\u093f\u092f\u094b\u091f\u0947\u0915\u094d\u0938\u091f\u093e\",ROW_LEVEL_EXACT_DUPLICATE_NORMALIZED,Keep the first occurrence as canonical; the other 1 are byte-equal after normalisation and carry no unique data. Record all source rows in provenance.
292c08fa05767a02,F034,bis_gazette_notification.csv,bis_gazette_notification,2,448; 1347,1,"{""id"": ""355"", ""related_is"": ""is 17371:2020"", ""title"": ""\u0932\u091a\u0940\u0932\u0947 \u092a\u0947\u0935\u092e\u0947\u0902\u091f \u0915\u0947 \u0932\u093f\u090f \u091c\u093f\u092f\u094b\u0917\u094d\u0930\u093f\u0921\u094d\u0938"", ""unnamed_3"": """"}",ROW_LEVEL_EXACT_DUPLICATE_NORMALIZED,Keep the first occurrence as canonical; the other 1 are byte-equal after normalisation and carry no unique data. Record all source rows in provenance.
ca6703b918247b73,F034,bis_gazette_notification.csv,bis_gazette_notification,2,449; 1348,1,"{""id"": ""356"", ""related_is"": ""is 17372:2020"", ""title"": ""\u0930\u093f\u091f\u0947\u0928\u093f\u0902\u0917 \u0938\u0902\u0930\u091a\u0928\u093e\u0913\u0902 \u092e\u0947\u0902 \u092e\u0943\u0926\u093e \u0938\u0941\u0926\u0943\u0922\u093c\u0940\u0915\u0930\u0923 \u0939\u0947\u0924\u0941 \u092a\u094d\u0930\u092f\u0941\u0915\u094d\u0924 \u092a\u0949\u0932\u093f\u092e\u0930\u093f\u0915 \u0938\u094d\u091f\",ROW_LEVEL_EXACT_DUPLICATE_NORMALIZED,Keep the first occurrence as canonical; the other 1 are byte-equal after normalisation and carry no unique data. Record all source rows in provenance.
b37a329c4c86ea5d,F034,bis_gazette_notification.csv,bis_gazette_notification,2,450; 1349,1,"{""id"": ""357"", ""related_is"": ""is 17373:2020"", ""title"": ""\u0938\u0941\u0926\u0943\u0922\u093c\u0940\u0915\u0943\u0924 \u092e\u0943\u0926\u093e \u0930\u093f\u091f\u0947\u0928\u093f\u0902\u0917 \u0938\u0902\u0930\u091a\u0928\u093e\u0913\u0902 \u092e\u0947\u0902 \u092a\u094d\u0930\u092f\u0941\u0915\u094d\u0924 \u091c\u093f\u092f\u094b\u0917\u094d\u0930\u093f\u0921\u094d\u0938"", ""unnamed_3"": """"}",ROW_LEVEL_EXACT_DUPLICATE_NORMALIZED,Keep the first occurrence as canonical; the other 1 are byte-equal after normalisation and carry no unique data. Record all source rows in provenance.
7ddbffbb0d4ba6cb,F034,bis_gazette_notification.csv,bis_gazette_notification,2,451; 1350,1,"{""id"": ""358"", ""related_is"": ""is 17374:2020"", ""title"": ""\u0905\u092a\u0936\u093f\u0937\u094d\u091f \u091c\u0932 \u090f\u0935\u0902 \u0930\u093e\u0938\u093e\u092f\u0928\u093f\u0915 \u092a\u094d\u0930\u0924\u093f\u0930\u094b\u0927\u0940 \u0932\u093e\u0907\u0928\u093f\u0902\u0917 \u0939\u0947\u0924\u0941 \u0938\u0941\u0926\u0943\u0922\u093c\u0940\u0915\u0943\u0924 hdpe \u092e\u0947\u092e\u094d\u092c\u",ROW_LEVEL_EXACT_DUPLICATE_NORMALIZED,Keep the first occurrence as canonical; the other 1 are byte-equal after normalisation and carry no unique data. Record all source rows in provenance.
1050adbd6e08a8e0,F034,bis_gazette_notification.csv,bis_gazette_notification,2,452; 1351,1,"{""id"": ""359"", ""related_is"": ""is 17483 (\u092d\u093e\u0917 1): 2020"", ""title"": ""\u091c\u093f\u092f\u094b\u0938\u0947\u0932\u094d\u0938"", ""unnamed_3"": """"}",ROW_LEVEL_EXACT_DUPLICATE_NORMALIZED,Keep the first occurrence as canonical; the other 1 are byte-equal after normalisation and carry no unique data. Record all source rows in provenance.
144caa3e5cdca1a5,F034,bis_gazette_notification.csv,bis_gazette_notification,2,453; 1352,1,"{""id"": ""360"", ""related_is"": ""is 17483 (\u092d\u093e\u0917 2): 2020"", ""title"": ""\u091c\u093f\u092f\u094b\u0938\u0947\u0932\u094d\u0938"", ""unnamed_3"": """"}",ROW_LEVEL_EXACT_DUPLICATE_NORMALIZED,Keep the first occurrence as canonical; the other 1 are byte-equal after normalisation and carry no unique data. Record all source rows in provenance.
96713e7678ea00e2,F034,bis_gazette_notification.csv,bis_gazette_notification,2,454; 1353,1,"{""id"": ""361"", ""related_is"": ""is 17880 : 2022"", ""title"": ""\u091c\u093f\u092f\u094b\u0938\u093f\u0902\u0925\u0947\u091f\u093f\u0915\u094d\u0938 \u2014 \u0924\u091f\u0940\u092f \u090f\u0935\u0902 \u091c\u0932\u092e\u093e\u0930\u094d\u0917 \u0938\u0902\u0930\u0915\u094d\u0937\u0923 \u0939\u0947\u0924\u0941 \u0938\u093f\u0902\u0925\u0947\u091f\u093f\u0915 \u092a\u0949\u0932\u093f\u092e\u0930 \u0930\u09",ROW_LEVEL_EXACT_DUPLICATE_NORMALIZED,Keep the first occurrence as canonical; the other 1 are byte-equal after normalisation and carry no unique data. Record all source rows in provenance.
09b2b627f01d8c9d,F034,bis_gazette_notification.csv,bis_gazette_notification,2,455; 1354,1,"{""id"": ""\u0938\u0941\u0930\u0915\u094d\u0937\u093e\u0924\u094d\u092e\u0915 \u0935\u0938\u094d\u0924\u094d\u0930"", ""related_is"": """", ""title"": """", ""unnamed_3"": """"}",ROW_LEVEL_EXACT_DUPLICATE_NORMALIZED,Keep the first occurrence as canonical; the other 1 are byte-equal after normalisation and carry no unique data. Record all source rows in provenance.
ffa5f41293d7e69a,F034,bis_gazette_notification.csv,bis_gazette_notification,2,456; 1355,1,"{""id"": ""362"", ""related_is"": ""is 15741 : 2007"", ""title"": ""\u092a\u0930\u094d\u0926\u0947 \u090f\u0935\u0902 \u0921\u094d\u0930\u0947\u092a\u094d\u0938"", ""unnamed_3"": ""74. \u0938\u0941\u0930\u0915\u094d\u0937\u093e\u0924\u094d\u092e\u0915 \u0935\u0938\u094d\u0924\u094d\u0930 (\u0917\u0941\u0923\u0935\u0924\u094d\u0924\u093e \u0928\u093f\u092f\u0902\u0924\u094d\u0930\u0923) \u0906\u0926\u0947\u0936, ",ROW_LEVEL_EXACT_DUPLICATE_NORMALIZED,Keep the first occurrence as canonical; the other 1 are byte-equal after normalisation and carry no unique data. Record all source rows in provenance.
322301745d3f97b0,F034,bis_gazette_notification.csv,bis_gazette_notification,2,457; 1356,1,"{""id"": ""363"", ""related_is"": ""is 16890 : 2018"", ""title"": ""\u0905\u0917\u094d\u0928\u093f\u0936\u092e\u0928 \u0915\u0930\u094d\u092e\u093f\u092f\u094b\u0902 \u0939\u0947\u0924\u0941 \u0938\u0941\u0930\u0915\u094d\u0937\u093e\u0924\u094d\u092e\u0915 \u092a\u0930\u093f\u0927\u093e\u0928"", ""unnamed_3"": """"}",ROW_LEVEL_EXACT_DUPLICATE_NORMALIZED,Keep the first occurrence as canonical; the other 1 are byte-equal after normalisation and carry no unique data. Record all source rows in provenance.
a857072b3557a65a,F034,bis_gazette_notification.csv,bis_gazette_notification,2,458; 1357,1,"{""id"": ""364"", ""related_is"": ""is 16874 : 2018"", ""title"": ""\u0905\u0917\u094d\u0928\u093f\u0936\u092e\u0928 \u0915\u0930\u094d\u092e\u093f\u092f\u094b\u0902 \u0939\u0947\u0924\u0941 \u0938\u0941\u0930\u0915\u094d\u0937\u093e\u0924\u094d\u092e\u0915 \u0926\u0938\u094d\u0924\u093e\u0928\u0947"", ""unnamed_3"": """"}",ROW_LEVEL_EXACT_DUPLICATE_NORMALIZED,Keep the first occurrence as canonical; the other 1 are byte-equal after normalisation and carry no unique data. Record all source rows in provenance.
8ec64dfba84fb3b6,F034,bis_gazette_notification.csv,bis_gazette_notification,2,459; 1358,1,"{""id"": ""365"", ""related_is"": ""is 15748 : 2022"", ""title"": ""\u090a\u0937\u094d\u092e\u093e \u0915\u0947 \u0938\u0902\u092a\u0930\u094d\u0915 \u092e\u0947\u0902 \u0906\u0928\u0947 \u0935\u093e\u0932\u0947 \u0914\u0926\u094d\u092f\u094b\u0917\u093f\u0915 \u0936\u094d\u0930\u092e\u093f\u0915\u094b\u0902 \u0939\u0947\u0924\u0941 \u0938\u0941\u0930\u0915\u094d\u0937\u093e\u0924\u094d\u092e\u0915 \u092a\u0",ROW_LEVEL_EXACT_DUPLICATE_NORMALIZED,Keep the first occurrence as canonical; the other 1 are byte-equal after normalisation and carry no unique data. Record all source rows in provenance.
4ee3b042ed20a585,F034,bis_gazette_notification.csv,bis_gazette_notification,2,460; 1359,1,"{""id"": ""366"", ""related_is"": ""is 15742 : 2007"", ""title"": ""\u0938\u0940\u092e\u093f\u0924 \u091c\u094d\u0935\u093e\u0932\u093e \u092a\u094d\u0930\u0938\u093e\u0930 \u0938\u093e\u092e\u0917\u094d\u0930\u0940 \u0938\u0947 \u092c\u0928\u0947 \u0935\u0938\u094d\u0924\u094d\u0930 \u090f\u0935\u0902 \u0938\u093e\u092e\u0917\u094d\u0930\u0940 \u0938\u0902\u092f\u094b\u091c\u0928 \u091c\u094b \u090a\u0937\u",ROW_LEVEL_EXACT_DUPLICATE_NORMALIZED,Keep the first occurrence as canonical; the other 1 are byte-equal after normalisation and carry no unique data. Record all source rows in provenance.
d6c702b0c456a7b0,F034,bis_gazette_notification.csv,bis_gazette_notification,2,461; 1360,1,"{""id"": ""367"", ""related_is"": ""is 15809 : 2017"", ""title"": ""\u0909\u091a\u094d\u091a \u0926\u0943\u0936\u094d\u092f\u0924\u093e \u091a\u0947\u0924\u093e\u0935\u0928\u0940 \u0935\u0938\u094d\u0924\u094d\u0930"", ""unnamed_3"": """"}",ROW_LEVEL_EXACT_DUPLICATE_NORMALIZED,Keep the first occurrence as canonical; the other 1 are byte-equal after normalisation and carry no unique data. Record all source rows in provenance.
3082ec3c177f7e45,F034,bis_gazette_notification.csv,bis_gazette_notification,2,462; 1361,1,"{""id"": ""368"", ""related_is"": ""is 16655 : 2017"", ""title"": ""\u0935\u0947\u0932\u094d\u0921\u093f\u0902\u0917 \u090f\u0935\u0902 \u0938\u0902\u092c\u0926\u094d\u0927 \u092a\u094d\u0930\u0915\u094d\u0930\u093f\u092f\u093e\u0913\u0902 \u092e\u0947\u0902 \u0909\u092a\u092f\u094b\u0917 \u0939\u0947\u0924\u0941 \u0938\u0941\u0930\u0915\u094d\u0937\u093e\u0924\u094d\u092e\u0915 \u092a\u0930\u093f\u0927\u093",ROW_LEVEL_EXACT_DUPLICATE_NORMALIZED,Keep the first occurrence as canonical; the other 1 are byte-equal after normalisation and carry no unique data. Record all source rows in provenance.
f8746520e117b05b,F034,bis_gazette_notification.csv,bis_gazette_notification,2,463; 1362,1,"{""id"": ""369"", ""related_is"": ""is 16725 : 2018"", ""title"": ""\u091f\u0948\u0915\u094d\u091f\u093f\u0915\u0932 3-\u092a\u0949\u0907\u0902\u091f \u0938\u094d\u0932\u093f\u0902\u0917"", ""unnamed_3"": """"}",ROW_LEVEL_EXACT_DUPLICATE_NORMALIZED,Keep the first occurrence as canonical; the other 1 are byte-equal after normalisation and carry no unique data. Record all source rows in provenance.
cbeda138d0f55228,F034,bis_gazette_notification.csv,bis_gazette_notification,2,464; 1363,1,"{""id"": ""370"", ""related_is"": ""is 16726 : 2018"", ""title"": ""\u0921\u093f\u0938\u0930\u092a\u094d\u091f\u093f\u0935 \u092a\u0948\u091f\u0930\u094d\u0928 \u0928\u093e\u092f\u0932\u0949\u0928-66 \u0938\u0947 \u092c\u0928\u0947 \u0917\u094b\u0932\u093e-\u092c\u093e\u0930\u0942\u0926 \u0914\u0930 \u0917\u094d\u0930\u0947\u0928\u0947\u0921 \u0915\u0947 \u0932\u093f\u090f \u092a\u093e\u0909\u091a"", ""unnamed",ROW_LEVEL_EXACT_DUPLICATE_NORMALIZED,Keep the first occurrence as canonical; the other 1 are byte-equal after normalisation and carry no unique data. Record all source rows in provenance.
6989171f30a1080d,F034,bis_gazette_notification.csv,bis_gazette_notification,2,465; 1364,1,"{""id"": ""371"", ""related_is"": ""is 17051 : 2018"", ""title"": ""\u092c\u0941\u0932\u0947\u091f \u092a\u094d\u0930\u0924\u093f\u0930\u094b\u0927\u0940 \u091c\u0948\u0915\u0947\u091f"", ""unnamed_3"": """"}",ROW_LEVEL_EXACT_DUPLICATE_NORMALIZED,Keep the first occurrence as canonical; the other 1 are byte-equal after normalisation and carry no unique data. Record all source rows in provenance.
5e0f4ec65b13cd6b,F034,bis_gazette_notification.csv,bis_gazette_notification,2,466; 1365,1,"{""id"": ""372"", ""related_is"": ""is 17286 : 2019"", ""title"": ""\u091c\u0932\u0930\u094b\u0927\u0915 \u092c\u0939\u0941\u0909\u0926\u094d\u0926\u0947\u0936\u0940\u092f \u0930\u0947\u0928 \u092a\u094b\u0902\u091a\u094b"", ""unnamed_3"": """"}",ROW_LEVEL_EXACT_DUPLICATE_NORMALIZED,Keep the first occurrence as canonical; the other 1 are byte-equal after normalisation and carry no unique data. Record all source rows in provenance.
fd56b8ec8ede9af6,F034,bis_gazette_notification.csv,bis_gazette_notification,2,467; 1366,1,"{""id"": ""\u0917\u0948\u0930-\u0918\u0930\u0947\u0932\u0942 \u092b\u0930\u094d\u0928\u0940\u091a\u0930 \u0915\u0947 \u0932\u093f\u090f \u0909\u092a\u092f\u094b\u0917 \u0915\u093f\u090f \u091c\u093e\u0928\u0947 \u0935\u093e\u0932\u0947 \u0905\u092a\u0939\u094b\u0932\u094d\u0938\u094d\u091f\u0930\u094d\u0921 \u0915\u0902\u092a\u094b\u091c\u093c\u093f\u091f"", ""related_is"": """", ""title"": """", ""unnamed_3"":",ROW_LEVEL_EXACT_DUPLICATE_NORMALIZED,Keep the first occurrence as canonical; the other 1 are byte-equal after normalisation and carry no unique data. Record all source rows in provenance.
43638f5f398f15b8,F034,bis_gazette_notification.csv,bis_gazette_notification,2,468; 1367,1,"{""id"": ""373"", ""related_is"": ""is 15768 : 2008"", ""title"": ""\u0917\u0948\u0930-\u0918\u0930\u0947\u0932\u0942 \u092b\u0930\u094d\u0928\u0940\u091a\u0930 \u0915\u0947 \u0932\u093f\u090f \u0909\u092a\u092f\u094b\u0917 \u0915\u093f\u090f \u091c\u093e\u0928\u0947 \u0935\u093e\u0932\u0947 \u0905\u092a\u0939\u094b\u0932\u094d\u0938\u094d\u091f\u0930\u094d\u0921 \u0915\u0902\u092a\u094b\u091c\u093c\u093f\u0",ROW_LEVEL_EXACT_DUPLICATE_NORMALIZED,Keep the first occurrence as canonical; the other 1 are byte-equal after normalisation and carry no unique data. Record all source rows in provenance.
e361865e4aa4dd38,F034,bis_gazette_notification.csv,bis_gazette_notification,2,469; 1368,1,"{""id"": ""\u091c\u094d\u0935\u093e\u0932\u093e \u0909\u0924\u094d\u092a\u0928\u094d\u0928 \u0915\u0930\u0928\u0947 \u0935\u093e\u0932\u0947 \u0932\u093e\u0907\u091f\u0930"", ""related_is"": """", ""title"": """", ""unnamed_3"": """"}",ROW_LEVEL_EXACT_DUPLICATE_NORMALIZED,Keep the first occurrence as canonical; the other 1 are byte-equal after normalisation and carry no unique data. Record all source rows in provenance.
de9cb0ad1a7700af,F034,bis_gazette_notification.csv,bis_gazette_notification,2,470; 1369,1,"{""id"": ""374"", ""related_is"": ""is/iso 9994:2018"", ""title"": ""\u0932\u093e\u0907\u091f\u0930 \u2013 \u0938\u0941\u0930\u0915\u094d\u0937\u093e \u0935\u093f\u0928\u093f\u0930\u094d\u0926\u0947\u0936"", ""unnamed_3"": ""76. \u091c\u094d\u0935\u093e\u0932\u093e \u0909\u0924\u094d\u092a\u0928\u094d\u0928 \u0915\u0930\u0928\u0947 \u0935\u093e\u0932\u0947 \u0932\u093e\u0907\u091f\u0930 (\u0917\u0941\u0923\u0935",ROW_LEVEL_EXACT_DUPLICATE_NORMALIZED,Keep the first occurrence as canonical; the other 1 are byte-equal after normalisation and carry no unique data. Record all source rows in provenance.
48d33fa2401ff262,F034,bis_gazette_notification.csv,bis_gazette_notification,2,471; 1370,1,"{""id"": ""375"", ""related_is"": ""is/iso 22702:2018"", ""title"": ""\u092f\u0942\u091f\u093f\u0932\u093f\u091f\u0940 \u0932\u093e\u0907\u091f\u0930 \u2013 \u0938\u0941\u0930\u0915\u094d\u0937\u093e \u0935\u093f\u0928\u093f\u0930\u094d\u0926\u0947\u0936"", ""unnamed_3"": """"}",ROW_LEVEL_EXACT_DUPLICATE_NORMALIZED,Keep the first occurrence as canonical; the other 1 are byte-equal after normalisation and carry no unique data. Record all source rows in provenance.
c7056eb20f44a114,F034,bis_gazette_notification.csv,bis_gazette_notification,2,472; 1371,1,"{""id"": ""\u092a\u0940\u0928\u0947 \u092f\u094b\u0917\u094d\u092f \u092a\u093e\u0928\u0940 \u0915\u0940 \u092c\u094b\u0924\u0932\u0947\u0902"", ""related_is"": """", ""title"": """", ""unnamed_3"": """"}",ROW_LEVEL_EXACT_DUPLICATE_NORMALIZED,Keep the first occurrence as canonical; the other 1 are byte-equal after normalisation and carry no unique data. Record all source rows in provenance.
34f7e64cd2abc325,F034,bis_gazette_notification.csv,bis_gazette_notification,2,473; 1372,1,"{""id"": ""376"", ""related_is"": ""is 17803: 2022"", ""title"": ""\u092a\u0940\u0928\u0947 \u092f\u094b\u0917\u094d\u092f \u092a\u093e\u0928\u0940 \u0915\u0940 \u092c\u094b\u0924\u0932\u0947\u0902 (\u0924\u093e\u0902\u092c\u093e, \u0938\u094d\u091f\u0947\u0928\u0932\u0947\u0938 \u0938\u094d\u091f\u0940\u0932, \u090f\u0932\u094d\u092f\u0941\u092e\u093f\u0928\u093f\u092f\u092e)"", ""unnamed_3"": ""77. \u092a\u094",ROW_LEVEL_EXACT_DUPLICATE_NORMALIZED,Keep the first occurrence as canonical; the other 1 are byte-equal after normalisation and carry no unique data. Record all source rows in provenance.
b15e14b7d449a39c,F034,bis_gazette_notification.csv,bis_gazette_notification,2,474; 1373,1,"{""id"": ""\u0935\u0947\u0932\u094d\u0921\u093f\u0902\u0917 \u0930\u0949\u0921 \u0914\u0930 \u0907\u0932\u0947\u0915\u094d\u091f\u094d\u0930\u094b\u0921"", ""related_is"": """", ""title"": """", ""unnamed_3"": """"}",ROW_LEVEL_EXACT_DUPLICATE_NORMALIZED,Keep the first occurrence as canonical; the other 1 are byte-equal after normalisation and carry no unique data. Record all source rows in provenance.
739da011ca84adf8,F034,bis_gazette_notification.csv,bis_gazette_notification,2,475; 1374,1,"{""id"": ""377"", ""related_is"": ""is 814 : 2004"", ""title"": ""\u0915\u093e\u0930\u094d\u092c\u0928 \u090f\u0935\u0902 \u0915\u093e\u0930\u094d\u092c\u0928 \u092e\u0948\u0902\u0917\u0928\u0940\u091c \u0938\u094d\u091f\u0940\u0932 \u0915\u0947 \u092e\u0948\u0928\u0941\u0905\u0932 \u092e\u0947\u091f\u0932 \u0906\u0930\u094d\u0915 \u0935\u0947\u0932\u094d\u0921\u093f\u0902\u0917 \u0915\u0947 \u0932\u093f\u09",ROW_LEVEL_EXACT_DUPLICATE_NORMALIZED,Keep the first occurrence as canonical; the other 1 are byte-equal after normalisation and carry no unique data. Record all source rows in provenance.
662a5e90cd3cb9b2,F034,bis_gazette_notification.csv,bis_gazette_notification,2,476; 1375,1,"{""id"": ""378"", ""related_is"": ""is 6419 : 1996"", ""title"": ""\u0938\u0902\u0930\u091a\u0928\u093e\u0924\u094d\u092e\u0915 \u0938\u094d\u091f\u0940\u0932 \u0915\u0947 \u0917\u0948\u0938 \u0936\u0940\u0932\u094d\u0921\u0947\u0921 \u0906\u0930\u094d\u0915 \u0935\u0947\u0932\u094d\u0921\u093f\u0902\u0917 \u0915\u0947 \u0932\u093f\u090f \u0935\u0947\u0932\u094d\u0921\u093f\u0902\u0917 \u0930\u0949\u0921 \u0",ROW_LEVEL_EXACT_DUPLICATE_NORMALIZED,Keep the first occurrence as canonical; the other 1 are byte-equal after normalisation and carry no unique data. Record all source rows in provenance.
e54dda0ff8450365,F034,bis_gazette_notification.csv,bis_gazette_notification,2,477; 1376,1,"{""id"": ""\u0938\u094d\u092e\u093e\u0930\u094d\u091f \u092e\u0940\u091f\u0930"", ""related_is"": """", ""title"": """", ""unnamed_3"": """"}",ROW_LEVEL_EXACT_DUPLICATE_NORMALIZED,Keep the first occurrence as canonical; the other 1 are byte-equal after normalisation and carry no unique data. Record all source rows in provenance.
a121a31a721dac59,F034,bis_gazette_notification.csv,bis_gazette_notification,2,478; 1377,1,"{""id"": ""379"", ""related_is"": ""is 16444 \u092d\u093e\u0917 1"", ""title"": ""\u090f.\u0938\u0940. \u0938\u094d\u0925\u0948\u0924\u093f\u0915 \u092a\u094d\u0930\u0924\u094d\u092f\u0915\u094d\u0937 \u0938\u0902\u092f\u094b\u091c\u093f\u0924 \u0935\u093e\u091f-\u0918\u0902\u091f\u093e \u0938\u094d\u092e\u093e\u0930\u094d\u091f \u092e\u0940\u091f\u0930, \u0936\u094d\u0930\u0947\u0923\u0940 1 \u0914\u0930 2""",ROW_LEVEL_EXACT_DUPLICATE_NORMALIZED,Keep the first occurrence as canonical; the other 1 are byte-equal after normalisation and carry no unique data. Record all source rows in provenance.
6884bd2b4edd05d3,F034,bis_gazette_notification.csv,bis_gazette_notification,2,479; 1378,1,"{""id"": ""380"", ""related_is"": ""is 16444 \u092d\u093e\u0917 2"", ""title"": ""\u090f.\u0938\u0940. \u0938\u094d\u0925\u0948\u0924\u093f\u0915 \u091f\u094d\u0930\u093e\u0902\u0938\u092b\u0949\u0930\u094d\u092e\u0930 \u0938\u0902\u091a\u093e\u0932\u093f\u0924 \u0935\u093e\u091f-\u0918\u0902\u091f\u093e \u090f\u0935\u0902 \u0935\u093e\u0930-\u0918\u0902\u091f\u093e \u0938\u094d\u092e\u093e\u0930\u094d\u091f",ROW_LEVEL_EXACT_DUPLICATE_NORMALIZED,Keep the first occurrence as canonical; the other 1 are byte-equal after normalisation and carry no unique data. Record all source rows in provenance.
e4f818327164fb5b,F034,bis_gazette_notification.csv,bis_gazette_notification,2,480; 1379,1,"{""id"": ""\u0918\u0930\u0947\u0932\u0942 \u0909\u092a\u092f\u094b\u0917 \u0939\u0947\u0924\u0941 \u0907\u0902\u0938\u0941\u0932\u0947\u091f\u0947\u0921 \u092b\u094d\u0932\u093e\u0938\u094d\u0915, \u092c\u094b\u0924\u0932\u0947\u0902 \u090f\u0935\u0902 \u0915\u0902\u091f\u0947\u0928\u0930"", ""related_is"": """", ""title"": """", ""unnamed_3"": """"}",ROW_LEVEL_EXACT_DUPLICATE_NORMALIZED,Keep the first occurrence as canonical; the other 1 are byte-equal after normalisation and carry no unique data. Record all source rows in provenance.
af838fc6658edcec,F034,bis_gazette_notification.csv,bis_gazette_notification,2,481; 1380,1,"{""id"": ""381"", ""related_is"": ""is 17790 : 2022"", ""title"": ""\u0918\u0930\u0947\u0932\u0942 \u0909\u092a\u092f\u094b\u0917 \u0939\u0947\u0924\u0941 \u0907\u0902\u0938\u0941\u0932\u0947\u091f\u0947\u0921 \u092b\u094d\u0932\u093e\u0938\u094d\u0915"", ""unnamed_3"": ""80. \u0918\u0930\u0947\u0932\u0942 \u0909\u092a\u092f\u094b\u0917 \u0939\u0947\u0924\u0941 \u0907\u0902\u0938\u0941\u0932\u0947\u091f\u0947\u0",ROW_LEVEL_EXACT_DUPLICATE_NORMALIZED,Keep the first occurrence as canonical; the other 1 are byte-equal after normalisation and carry no unique data. Record all source rows in provenance.
1a2663e18e9f1bc3,F034,bis_gazette_notification.csv,bis_gazette_notification,2,482; 1381,1,"{""id"": ""382"", ""related_is"": ""is 17526 : 2021"", ""title"": ""\u0918\u0930\u0947\u0932\u0942 \u0938\u094d\u091f\u0947\u0928\u0932\u0947\u0938 \u0938\u094d\u091f\u0940\u0932 \u0935\u0948\u0915\u094d\u092f\u0942\u092e \u092b\u094d\u0932\u093e\u0938\u094d\u0915/\u092c\u094b\u0924\u0932"", ""unnamed_3"": """"}",ROW_LEVEL_EXACT_DUPLICATE_NORMALIZED,Keep the first occurrence as canonical; the other 1 are byte-equal after normalisation and carry no unique data. Record all source rows in provenance.
b578bd5befcaf61c,F034,bis_gazette_notification.csv,bis_gazette_notification,2,483; 1382,1,"{""id"": ""383"", ""related_is"": ""is 17569 : 2021"", ""title"": ""\u0916\u093e\u0926\u094d\u092f \u092d\u0902\u0921\u093e\u0930\u0923 \u0939\u0947\u0924\u0941 \u0907\u0902\u0938\u0941\u0932\u0947\u091f\u0947\u0921 \u0915\u0902\u091f\u0947\u0928\u0930"", ""unnamed_3"": """"}",ROW_LEVEL_EXACT_DUPLICATE_NORMALIZED,Keep the first occurrence as canonical; the other 1 are byte-equal after normalisation and carry no unique data. Record all source rows in provenance.
41b8e02a1cc112db,F034,bis_gazette_notification.csv,bis_gazette_notification,2,484; 1383,1,"{""id"": ""384"", ""related_is"": ""is 3513 (\u092d\u093e\u0917 1) : 1989"", ""title"": ""\u0930\u0947\u091c\u093f\u0928 \u0909\u092a\u091a\u093e\u0930\u093f\u0924 \u0938\u0902\u092a\u0940\u0921\u093c\u093f\u0924 \u0932\u0915\u0921\u093c\u0940 \u0932\u0948\u092e\u093f\u0928\u0947\u091f \u0935\u093f\u0926\u094d\u092f\u0941\u0924 \u092a\u094d\u0930\u092f\u094b\u091c\u0928\u094b\u0902 \u0939\u0947\u0924\u0941 \",ROW_LEVEL_EXACT_DUPLICATE_NORMALIZED,Keep the first occurrence as canonical; the other 1 are byte-equal after normalisation and carry no unique data. Record all source rows in provenance.
0ef7bee99d636e6d,F034,bis_gazette_notification.csv,bis_gazette_notification,2,485; 1384,1,"{""id"": ""385"", ""related_is"": ""is 3513 (\u092d\u093e\u0917 2) : 1989"", ""title"": ""\u0930\u093e\u0938\u093e\u092f\u0928\u093f\u0915 \u092a\u094d\u0930\u092f\u094b\u091c\u0928\u094b\u0902 \u0939\u0947\u0924\u0941 \u0930\u0947\u091c\u093f\u0928 \u0909\u092a\u091a\u093e\u0930\u093f\u0924 \u0938\u0902\u092a\u0940\u0921\u093c\u093f\u0924 \u0932\u0915\u0921\u093c\u0940 \u0932\u0948\u092e\u093f\u0928\u0947\u",ROW_LEVEL_EXACT_DUPLICATE_NORMALIZED,Keep the first occurrence as canonical; the other 1 are byte-equal after normalisation and carry no unique data. Record all source rows in provenance.
fc5501dc8f66eb1c,F034,bis_gazette_notification.csv,bis_gazette_notification,2,486; 1385,1,"{""id"": ""386"", ""related_is"": ""is 3513 (\u092d\u093e\u0917 3) : 1989"", ""title"": ""\u0938\u093e\u092e\u093e\u0928\u094d\u092f \u092a\u094d\u0930\u092f\u094b\u091c\u0928\u094b\u0902 \u0939\u0947\u0924\u0941 \u0930\u0947\u091c\u093f\u0928 \u0909\u092a\u091a\u093e\u0930\u093f\u0924 \u0938\u0902\u092a\u0940\u0921\u093c\u093f\u0924 \u0932\u0915\u0921\u093c\u0940 \u0932\u0948\u092e\u093f\u0928\u0947\u091f (",ROW_LEVEL_EXACT_DUPLICATE_NORMALIZED,Keep the first occurrence as canonical; the other 1 are byte-equal after normalisation and carry no unique data. Record all source rows in provenance.
df8d55ad5c6bb307,F034,bis_gazette_notification.csv,bis_gazette_notification,2,487; 1386,1,"{""id"": ""\u092c\u094b\u0932\u094d\u091f, \u0928\u091f \u0914\u0930 \u092b\u093e\u0938\u094d\u091f\u0928\u0930"", ""related_is"": """", ""title"": """", ""unnamed_3"": """"}",ROW_LEVEL_EXACT_DUPLICATE_NORMALIZED,Keep the first occurrence as canonical; the other 1 are byte-equal after normalisation and carry no unique data. Record all source rows in provenance.
24875dfa762eccc0,F034,bis_gazette_notification.csv,bis_gazette_notification,2,488; 1387,1,"{""id"": ""387"", ""related_is"": ""is 1363 (\u092d\u093e\u0917 1) : 2019"", ""title"": ""\u0909\u0924\u094d\u092a\u093e\u0926 \u0936\u094d\u0930\u0947\u0923\u0940 c \u0915\u0947 \u0937\u091f\u094d\u092d\u0941\u091c \u0938\u093f\u0930 \u0935\u093e\u0932\u0947 \u092c\u094b\u0932\u094d\u091f, \u0938\u094d\u0915\u094d\u0930\u0942 \u090f\u0935\u0902 \u0928\u091f \u2013 \u0937\u091f\u094d\u092d\u0941\u091c \u0938",ROW_LEVEL_EXACT_DUPLICATE_NORMALIZED,Keep the first occurrence as canonical; the other 1 are byte-equal after normalisation and carry no unique data. Record all source rows in provenance.
bf26d727f272db30,F034,bis_gazette_notification.csv,bis_gazette_notification,2,489; 1388,1,"{""id"": ""388"", ""related_is"": ""is 1363 (\u092d\u093e\u0917 2) : 2018"", ""title"": ""\u0937\u091f\u094d\u092d\u0941\u091c \u0938\u093f\u0930 \u0935\u093e\u0932\u0947 \u0938\u094d\u0915\u094d\u0930\u0942 (\u0906\u0915\u093e\u0930 \u0938\u0940\u092e\u093e m5 \u0938\u0947 m64)"", ""unnamed_3"": """"}",ROW_LEVEL_EXACT_DUPLICATE_NORMALIZED,Keep the first occurrence as canonical; the other 1 are byte-equal after normalisation and carry no unique data. Record all source rows in provenance.
b2fd6094eee35340,F034,bis_gazette_notification.csv,bis_gazette_notification,2,490; 1389,1,"{""id"": ""389"", ""related_is"": ""is 1363 (\u092d\u093e\u0917 3) : 2018"", ""title"": ""\u0909\u0924\u094d\u092a\u093e\u0926 \u0936\u094d\u0930\u0947\u0923\u0940 c \u0915\u0947 \u0937\u091f\u094d\u092d\u0941\u091c \u0938\u093f\u0930 \u0935\u093e\u0932\u0947 \u092c\u094b\u0932\u094d\u091f, \u0938\u094d\u0915\u094d\u0930\u0942 \u090f\u0935\u0902 \u0928\u091f \u2013 \u0937\u091f\u094d\u092d\u0941\u091c \u0928",ROW_LEVEL_EXACT_DUPLICATE_NORMALIZED,Keep the first occurrence as canonical; the other 1 are byte-equal after normalisation and carry no unique data. Record all source rows in provenance.
838e050c1604a8f5,F034,bis_gazette_notification.csv,bis_gazette_notification,2,491; 1390,1,"{""id"": ""390"", ""related_is"": ""is 1364 (\u092d\u093e\u0917 1) : 2018"", ""title"": ""\u0909\u0924\u094d\u092a\u093e\u0926 \u0936\u094d\u0930\u0947\u0923\u0940 a \u090f\u0935\u0902 b \u0915\u0947 \u0937\u091f\u094d\u092d\u0941\u091c \u0938\u093f\u0930 \u0935\u093e\u0932\u0947 \u092c\u094b\u0932\u094d\u091f, \u0938\u094d\u0915\u094d\u0930\u0942 \u090f\u0935\u0902 \u0928\u091f \u2013 \u0937\u091f\u094d\u09",ROW_LEVEL_EXACT_DUPLICATE_NORMALIZED,Keep the first occurrence as canonical; the other 1 are byte-equal after normalisation and carry no unique data. Record all source rows in provenance.
e0ddafa3b276ebcd,F034,bis_gazette_notification.csv,bis_gazette_notification,2,492; 1391,1,"{""id"": ""391"", ""related_is"": ""is 1364 (\u092d\u093e\u0917 2) : 2018"", ""title"": ""\u0909\u0924\u094d\u092a\u093e\u0926 \u0936\u094d\u0930\u0947\u0923\u0940 a \u090f\u0935\u0902 b \u0915\u0947 \u0937\u091f\u094d\u092d\u0941\u091c \u0938\u093f\u0930 \u0935\u093e\u0932\u0947 \u092c\u094b\u0932\u094d\u091f, \u0938\u094d\u0915\u094d\u0930\u0942 \u090f\u0935\u0902 \u0928\u091f \u2013 \u0937\u091f\u094d\u09",ROW_LEVEL_EXACT_DUPLICATE_NORMALIZED,Keep the first occurrence as canonical; the other 1 are byte-equal after normalisation and carry no unique data. Record all source rows in provenance.
d7ba7fb5ded57289,F034,bis_gazette_notification.csv,bis_gazette_notification,2,493; 1392,1,"{""id"": ""392"", ""related_is"": ""is 4621 : 1975"", ""title"": ""\u0938\u093e\u0930\u094d\u0935\u091c\u0928\u093f\u0915 \u0938\u094d\u0928\u093e\u0928\u0917\u0943\u0939\u094b\u0902 \u090f\u0935\u0902 \u0936\u094c\u091a\u093e\u0932\u092f\u094b\u0902 \u092e\u0947\u0902 \u0909\u092a\u092f\u094b\u0917 \u0939\u0947\u0924\u0941 \u0938\u0902\u0915\u0947\u0924\u0915 \u092c\u094b\u0932\u094d\u091f"", ""unnamed_3"": """"",ROW_LEVEL_EXACT_DUPLICATE_NORMALIZED,Keep the first occurrence as canonical; the other 1 are byte-equal after normalisation and carry no unique data. Record all source rows in provenance.
cc2b6299d303ba6d,F034,bis_gazette_notification.csv,bis_gazette_notification,2,494; 1393,1,"{""id"": ""393"", ""related_is"": ""is 5187 : 1972"", ""title"": ""\u092b\u094d\u0932\u0936 \u092c\u094b\u0932\u094d\u091f"", ""unnamed_3"": """"}",ROW_LEVEL_EXACT_DUPLICATE_NORMALIZED,Keep the first occurrence as canonical; the other 1 are byte-equal after normalisation and carry no unique data. Record all source rows in provenance.
4ef1fb81229140de,F034,bis_gazette_notification.csv,bis_gazette_notification,2,495; 1394,1,"{""id"": ""394"", ""related_is"": ""is 10238 : 2001"", ""title"": ""\u092b\u093e\u0938\u094d\u091f\u0928\u0930 \u2013 \u0925\u094d\u0930\u0947\u0921\u0947\u0921 \u0938\u094d\u091f\u0940\u0932 \u092b\u093e\u0938\u094d\u091f\u0928\u0930 \u2013 \u0938\u094d\u091f\u0940\u0932 \u0938\u0902\u0930\u091a\u0928\u093e\u0913\u0902 \u0939\u0947\u0924\u0941 \u0938\u094d\u091f\u0947\u092a \u092c\u094b\u0932\u094d\u091f"", ",ROW_LEVEL_EXACT_DUPLICATE_NORMALIZED,Keep the first occurrence as canonical; the other 1 are byte-equal after normalisation and carry no unique data. Record all source rows in provenance.
e79d554d48bf9f09,F034,bis_gazette_notification.csv,bis_gazette_notification,2,496; 1395,1,"{""id"": ""395"", ""related_is"": ""is 12427 : 2001"", ""title"": ""\u092b\u093e\u0938\u094d\u091f\u0928\u0930 \u2013 \u0925\u094d\u0930\u0947\u0921\u0947\u0921 \u0938\u094d\u091f\u0940\u0932 \u092b\u093e\u0938\u094d\u091f\u0928\u0930 \u2013 \u0937\u091f\u094d\u092d\u0941\u091c \u0938\u093f\u0930 \u0935\u093e\u0932\u0947 \u091f\u094d\u0930\u093e\u0902\u0938\u092e\u093f\u0936\u0928 \u091f\u093e\u0935\u0930 \u",ROW_LEVEL_EXACT_DUPLICATE_NORMALIZED,Keep the first occurrence as canonical; the other 1 are byte-equal after normalisation and carry no unique data. Record all source rows in provenance.
16bbf884c1ac1fa7,F034,bis_gazette_notification.csv,bis_gazette_notification,2,497; 1396,1,"{""id"": ""396"", ""related_is"": ""is 3757 : 1985"", ""title"": ""\u0909\u091a\u094d\u091a \u0936\u0915\u094d\u0924\u093f \u0938\u0902\u0930\u091a\u0928\u093e\u0924\u094d\u092e\u0915 \u092c\u094b\u0932\u094d\u091f"", ""unnamed_3"": """"}",ROW_LEVEL_EXACT_DUPLICATE_NORMALIZED,Keep the first occurrence as canonical; the other 1 are byte-equal after normalisation and carry no unique data. Record all source rows in provenance.
d9ddd1e0d6feaaf5,F034,bis_gazette_notification.csv,bis_gazette_notification,2,498; 1397,1,"{""id"": ""397"", ""related_is"": ""is 204 (\u092d\u093e\u0917 2) : 1992"", ""title"": ""\u091f\u093e\u0935\u0930 \u092c\u094b\u0932\u094d\u091f \u2013 \u0905\u0932\u094c\u0939 \u0927\u093e\u0924\u0941"", ""unnamed_3"": """"}",ROW_LEVEL_EXACT_DUPLICATE_NORMALIZED,Keep the first occurrence as canonical; the other 1 are byte-equal after normalisation and carry no unique data. Record all source rows in provenance.
a916e43e2df8a23e,F034,bis_gazette_notification.csv,bis_gazette_notification,2,499; 1398,1,"{""id"": ""398"", ""related_is"": ""is 204 (\u092d\u093e\u0917 1) : 1991"", ""title"": ""\u091f\u093e\u0935\u0930 \u092c\u094b\u0932\u094d\u091f \u2013 \u0932\u094c\u0939 \u0927\u093e\u0924\u0941"", ""unnamed_3"": """"}",ROW_LEVEL_EXACT_DUPLICATE_NORMALIZED,Keep the first occurrence as canonical; the other 1 are byte-equal after normalisation and carry no unique data. Record all source rows in provenance.
f32cb0e78bac1f44,F034,bis_gazette_notification.csv,bis_gazette_notification,2,500; 1399,1,"{""id"": ""399"", ""related_is"": ""is 15834 : 2022"", ""title"": ""\u0924\u093e\u0932\u0947 (\u092a\u0948\u0921\u0932\u0949\u0915) \u0915\u0947 \u0938\u093e\u0925 \u0909\u092a\u092f\u094b\u0917 \u0939\u0947\u0924\u0941 \u0938\u094d\u091f\u0947\u0928\u0932\u0947\u0938 \u0938\u094d\u091f\u0940\u0932 \u0938\u094d\u0932\u093e\u0907\u0921\u093f\u0902\u0917 \u0926\u0930\u0935\u093e\u091c\u093e \u092c\u094b\u0932\",ROW_LEVEL_EXACT_DUPLICATE_NORMALIZED,Keep the first occurrence as canonical; the other 1 are byte-equal after normalisation and carry no unique data. Record all source rows in provenance.
a1ee71eae4923247,F034,bis_gazette_notification.csv,bis_gazette_notification,2,501; 1400,1,"{""id"": ""400"", ""related_is"": ""is 2681 : 1993"", ""title"": ""\u0924\u093e\u0932\u0947 (\u092a\u0948\u0921\u0932\u0949\u0915) \u0915\u0947 \u0938\u093e\u0925 \u0909\u092a\u092f\u094b\u0917 \u0939\u0947\u0924\u0941 \u0905\u0932\u094c\u0939 \u0927\u093e\u0924\u0941 \u0938\u094d\u0932\u093e\u0907\u0921\u093f\u0902\u0917 \u0926\u0930\u0935\u093e\u091c\u093e \u092c\u094b\u0932\u094d\u091f (\u090f\u0932\u0921",ROW_LEVEL_EXACT_DUPLICATE_NORMALIZED,Keep the first occurrence as canonical; the other 1 are byte-equal after normalisation and carry no unique data. Record all source rows in provenance.
7168608581c7d2ef,F034,bis_gazette_notification.csv,bis_gazette_notification,2,502; 1401,1,"{""id"": ""401"", ""related_is"": ""is 281 : 2009"", ""title"": ""\u0924\u093e\u0932\u0947 (\u092a\u0948\u0921\u0932\u0949\u0915) \u0915\u0947 \u0938\u093e\u0925 \u0909\u092a\u092f\u094b\u0917 \u0939\u0947\u0924\u0941 \u092e\u093e\u0907\u0932\u094d\u0921 \u0938\u094d\u091f\u0940\u0932 \u0938\u094d\u0932\u093e\u0907\u0921\u093f\u0902\u0917 \u0926\u0930\u0935\u093e\u091c\u093e \u092c\u094b\u0932\u094d\u091f"", ",ROW_LEVEL_EXACT_DUPLICATE_NORMALIZED,Keep the first occurrence as canonical; the other 1 are byte-equal after normalisation and carry no unique data. Record all source rows in provenance.
3cd9c0eb9bb7baee,F034,bis_gazette_notification.csv,bis_gazette_notification,2,503; 1402,1,"{""id"": ""402"", ""related_is"": ""is 7534 : 1985"", ""title"": ""\u0924\u093e\u0932\u0947 (\u092a\u0948\u0921\u0932\u0949\u0915) \u0915\u0947 \u0938\u093e\u0925 \u0909\u092a\u092f\u094b\u0917 \u0939\u0947\u0924\u0941 \u0938\u094d\u0932\u093e\u0907\u0921\u093f\u0902\u0917 \u0932\u0949\u0915\u093f\u0902\u0917 \u092c\u094b\u0932\u094d\u091f"", ""unnamed_3"": """"}",ROW_LEVEL_EXACT_DUPLICATE_NORMALIZED,Keep the first occurrence as canonical; the other 1 are byte-equal after normalisation and carry no unique data. Record all source rows in provenance.
a272ebc3f510af2a,F034,bis_gazette_notification.csv,bis_gazette_notification,2,504; 1403,1,"{""id"": ""403"", ""related_is"": ""is 1284 : 1975"", ""title"": ""\u0938\u093e\u092e\u093e\u0928\u094d\u092f \u0907\u0902\u091c\u0940\u0928\u093f\u092f\u0930\u093f\u0902\u0917 \u092a\u094d\u0930\u092f\u094b\u091c\u0928\u094b\u0902 \u0939\u0947\u0924\u0941 \u0935\u094d\u0930\u0949\u091f \u090f\u0932\u094d\u092f\u0941\u092e\u093f\u0928\u093f\u092f\u092e \u092e\u093f\u0936\u094d\u0930\u0927\u093e\u0924\u0941 \",ROW_LEVEL_EXACT_DUPLICATE_NORMALIZED,Keep the first occurrence as canonical; the other 1 are byte-equal after normalisation and carry no unique data. Record all source rows in provenance.
10556f200b5cff60,F034,bis_gazette_notification.csv,bis_gazette_notification,2,505; 1404,1,"{""id"": ""404"", ""related_is"": ""is 15833 : 2009"", ""title"": ""\u0938\u094d\u091f\u0947\u0928\u0932\u0947\u0938 \u0938\u094d\u091f\u0940\u0932 \u091f\u093e\u0935\u0930 \u092c\u094b\u0932\u094d\u091f"", ""unnamed_3"": """"}",ROW_LEVEL_EXACT_DUPLICATE_NORMALIZED,Keep the first occurrence as canonical; the other 1 are byte-equal after normalisation and carry no unique data. Record all source rows in provenance.
659647859752eacc,F034,bis_gazette_notification.csv,bis_gazette_notification,2,506; 1405,1,"{""id"": ""405"", ""related_is"": ""is 6623 : 2004"", ""title"": ""\u0909\u091a\u094d\u091a \u0936\u0915\u094d\u0924\u093f \u0938\u0902\u0930\u091a\u0928\u093e\u0924\u094d\u092e\u0915 \u0928\u091f"", ""unnamed_3"": """"}",ROW_LEVEL_EXACT_DUPLICATE_NORMALIZED,Keep the first occurrence as canonical; the other 1 are byte-equal after normalisation and carry no unique data. Record all source rows in provenance.
ee2345c070b1a367,F034,bis_gazette_notification.csv,bis_gazette_notification,2,507; 1406,1,"{""id"": ""\u0916\u093e\u0926\u094d\u092f \u090f\u0935\u0902 \u092a\u0947\u092f \u092a\u0926\u093e\u0930\u094d\u0925\u094b\u0902 \u0939\u0947\u0924\u0941 \u0915\u0941\u0915\u0935\u0947\u092f\u0930, \u092c\u0930\u094d\u0924\u0928 \u0914\u0930 \u0915\u0948\u0928"", ""related_is"": """", ""title"": """", ""unnamed_3"": """"}",ROW_LEVEL_EXACT_DUPLICATE_NORMALIZED,Keep the first occurrence as canonical; the other 1 are byte-equal after normalisation and carry no unique data. Record all source rows in provenance.
428708fc88a061ee,F034,bis_gazette_notification.csv,bis_gazette_notification,2,509; 1408,1,"{""id"": ""407"", ""related_is"": ""is 1660 : 2024"", ""title"": ""\u0935\u094d\u0930\u0949\u091f \u090f\u0932\u094d\u092f\u0941\u092e\u093f\u0928\u093f\u092f\u092e \u092c\u0930\u094d\u0924\u0928"", ""unnamed_3"": """"}",ROW_LEVEL_EXACT_DUPLICATE_NORMALIZED,Keep the first occurrence as canonical; the other 1 are byte-equal after normalisation and carry no unique data. Record all source rows in provenance.
217512098077a155,F034,bis_gazette_notification.csv,bis_gazette_notification,2,510; 1409,1,"{""id"": ""408"", ""related_is"": ""is 13983 : 1994"", ""title"": ""\u0918\u0930\u0947\u0932\u0942 \u092a\u094d\u0930\u092f\u094b\u091c\u0928\u094b\u0902 \u0939\u0947\u0924\u0941 \u0938\u094d\u091f\u0947\u0928\u0932\u0947\u0938 \u0938\u094d\u091f\u0940\u0932 \u0938\u093f\u0902\u0915"", ""unnamed_3"": """"}",ROW_LEVEL_EXACT_DUPLICATE_NORMALIZED,Keep the first occurrence as canonical; the other 1 are byte-equal after normalisation and carry no unique data. Record all source rows in provenance.
babe96034f69f377,F034,bis_gazette_notification.csv,bis_gazette_notification,2,511; 1410,1,"{""id"": ""409"", ""related_is"": ""is 18427 : 2024"", ""title"": ""\u0916\u093e\u0926\u094d\u092f \u090f\u0935\u0902 \u092a\u0947\u092f \u092a\u0926\u093e\u0930\u094d\u0925\u094b\u0902 \u0939\u0947\u0924\u0941 \u0924\u0940\u0928-\u091f\u0941\u0915\u0921\u093c\u094b\u0902 \u0935\u093e\u0932\u0947 \u0917\u094b\u0932 \u0916\u0941\u0932\u0947 \u092e\u0941\u0901\u0939 \u0915\u0947 \u0927\u093e\u0924\u0941 \u0915",ROW_LEVEL_EXACT_DUPLICATE_NORMALIZED,Keep the first occurrence as canonical; the other 1 are byte-equal after normalisation and carry no unique data. Record all source rows in provenance.
0086031c5211a609,F034,bis_gazette_notification.csv,bis_gazette_notification,2,512; 1411,1,"{""id"": ""410"", ""related_is"": ""is 14407 : 2023"", ""title"": ""\u092a\u0947\u092f \u092a\u0926\u093e\u0930\u094d\u0925\u094b\u0902 \u0939\u0947\u0924\u0941 \u090f\u0932\u094d\u092f\u0941\u092e\u093f\u0928\u093f\u092f\u092e \u0915\u0948\u0928"", ""unnamed_3"": """"}",ROW_LEVEL_EXACT_DUPLICATE_NORMALIZED,Keep the first occurrence as canonical; the other 1 are byte-equal after normalisation and carry no unique data. Record all source rows in provenance.
9c90ab0805f395da,F034,bis_gazette_notification.csv,bis_gazette_notification,2,513; 1412,1,"{""id"": ""\u092a\u0940\u090f\u0928\u091c\u0940 \u0915\u0947 \u0909\u092a\u092f\u094b\u0917 \u0939\u0947\u0924\u0941 \u0918\u0930\u0947\u0932\u0942 \u0917\u0948\u0938 \u091a\u0942\u0932\u094d\u0939\u0947"", ""related_is"": """", ""title"": """", ""unnamed_3"": """"}",ROW_LEVEL_EXACT_DUPLICATE_NORMALIZED,Keep the first occurrence as canonical; the other 1 are byte-equal after normalisation and carry no unique data. Record all source rows in provenance.
77420a3cfde6087e,F034,bis_gazette_notification.csv,bis_gazette_notification,2,514; 1413,1,"{""id"": ""411"", ""related_is"": ""is 17153 : 2019"", ""title"": ""\u092a\u093e\u0907\u092a\u094d\u0921 \u092a\u094d\u0930\u093e\u0915\u0943\u0924\u093f\u0915 \u0917\u0948\u0938 (\u092a\u0940\u090f\u0928\u091c\u0940) \u0915\u0947 \u0909\u092a\u092f\u094b\u0917 \u0939\u0947\u0924\u0941 \u0918\u0930\u0947\u0932\u0942 \u0917\u0948\u0938 \u091a\u0942\u0932\u094d\u0939\u0947"", ""unnamed_3"": ""84. \u092a\u093e\u090",ROW_LEVEL_EXACT_DUPLICATE_NORMALIZED,Keep the first occurrence as canonical; the other 1 are byte-equal after normalisation and carry no unique data. Record all source rows in provenance.
09b6763e923a9d87,F034,bis_gazette_notification.csv,bis_gazette_notification,2,515; 1414,1,"{""id"": ""\u0905\u0917\u094d\u0928\u093f\u0936\u093e\u092e\u0915 \u092f\u0902\u0924\u094d\u0930"", ""related_is"": """", ""title"": """", ""unnamed_3"": """"}",ROW_LEVEL_EXACT_DUPLICATE_NORMALIZED,Keep the first occurrence as canonical; the other 1 are byte-equal after normalisation and carry no unique data. Record all source rows in provenance.
5ecb76c674c54bc2,F034,bis_gazette_notification.csv,bis_gazette_notification,2,516; 1415,1,"{""id"": ""412"", ""related_is"": ""is 15683 : 2018"", ""title"": ""\u092a\u094b\u0930\u094d\u091f\u0947\u092c\u0932 \u0905\u0917\u094d\u0928\u093f\u0936\u093e\u092e\u0915 \u092f\u0902\u0924\u094d\u0930"", ""unnamed_3"": ""85. \u0905\u0917\u094d\u0928\u093f\u0936\u093e\u092e\u0915 \u092f\u0902\u0924\u094d\u0930 (\u0917\u0941\u0923\u0935\u0924\u094d\u0924\u093e \u0928\u093f\u092f\u0902\u0924\u094d\u0930\u0923) \u",ROW_LEVEL_EXACT_DUPLICATE_NORMALIZED,Keep the first occurrence as canonical; the other 1 are byte-equal after normalisation and carry no unique data. Record all source rows in provenance.
5d3241de8a3d6d7c,F034,bis_gazette_notification.csv,bis_gazette_notification,2,517; 1416,1,"{""id"": ""413"", ""related_is"": ""is 16018 : 2012"", ""title"": ""\u092a\u0939\u093f\u092f\u094b\u0902 \u0935\u093e\u0932\u0947 \u0905\u0917\u094d\u0928\u093f\u0936\u093e\u092e\u0915 \u092f\u0902\u0924\u094d\u0930"", ""unnamed_3"": """"}",ROW_LEVEL_EXACT_DUPLICATE_NORMALIZED,Keep the first occurrence as canonical; the other 1 are byte-equal after normalisation and carry no unique data. Record all source rows in provenance.
c3c4ea4c694a9714,F034,bis_gazette_notification.csv,bis_gazette_notification,2,518; 1417,1,"{""id"": ""\u0935\u093f\u0926\u094d\u092f\u0941\u0924 \u0938\u0940\u0932\u093f\u0902\u0917 \u092a\u094d\u0930\u0915\u093e\u0930 \u0915\u0947 \u092a\u0902\u0916\u0947"", ""related_is"": """", ""title"": """", ""unnamed_3"": """"}",ROW_LEVEL_EXACT_DUPLICATE_NORMALIZED,Keep the first occurrence as canonical; the other 1 are byte-equal after normalisation and carry no unique data. Record all source rows in provenance.
ac2b63a9e4e36db9,F034,bis_gazette_notification.csv,bis_gazette_notification,2,519; 1418,1,"{""id"": ""414"", ""related_is"": ""is 374 : 2019"", ""title"": ""\u0935\u093f\u0926\u094d\u092f\u0941\u0924 \u0938\u0940\u0932\u093f\u0902\u0917 \u092a\u094d\u0930\u0915\u093e\u0930 \u0915\u0947 \u092a\u0902\u0916\u0947"", ""unnamed_3"": ""86. \u0935\u093f\u0926\u094d\u092f\u0941\u0924 \u0938\u0940\u0932\u093f\u0902\u0917 \u092a\u094d\u0930\u0915\u093e\u0930 \u0915\u0947 \u092a\u0902\u0916\u0947 (\u0917\u0941\u",ROW_LEVEL_EXACT_DUPLICATE_NORMALIZED,Keep the first occurrence as canonical; the other 1 are byte-equal after normalisation and carry no unique data. Record all source rows in provenance.
101890560165d4d6,F034,bis_gazette_notification.csv,bis_gazette_notification,2,520; 1419,1,"{""id"": ""\u0932\u0915\u0921\u093c\u0940 \u0906\u0927\u093e\u0930\u093f\u0924 \u092c\u094b\u0930\u094d\u0921"", ""related_is"": """", ""title"": """", ""unnamed_3"": """"}",ROW_LEVEL_EXACT_DUPLICATE_NORMALIZED,Keep the first occurrence as canonical; the other 1 are byte-equal after normalisation and carry no unique data. Record all source rows in provenance.
d22f68d6e9defbab,F034,bis_gazette_notification.csv,bis_gazette_notification,2,521; 1420,1,"{""id"": ""415"", ""related_is"": ""is 1659 : 2004"", ""title"": ""\u092c\u094d\u0932\u0949\u0915 \u092c\u094b\u0930\u094d\u0921"", ""unnamed_3"": ""87. \u0932\u0915\u0921\u093c\u0940 \u0906\u0927\u093e\u0930\u093f\u0924 \u092c\u094b\u0930\u094d\u0921 (\u0917\u0941\u0923\u0935\u0924\u094d\u0924\u093e \u0928\u093f\u092f\u0902\u0924\u094d\u0930\u0923) \u0906\u0926\u0947\u0936, 2023 \u090f\u0938.\u0913. 3604(\u0908",ROW_LEVEL_EXACT_DUPLICATE_NORMALIZED,Keep the first occurrence as canonical; the other 1 are byte-equal after normalisation and carry no unique data. Record all source rows in provenance.
b92b2b4c01a6566d,F034,bis_gazette_notification.csv,bis_gazette_notification,2,522; 1421,1,"{""id"": ""416"", ""related_is"": ""is 12823 : 2015"", ""title"": ""\u0932\u0915\u0921\u093c\u0940 \u090f\u0935\u0902 \u0905\u0928\u094d\u092f \u0932\u093f\u0917\u094d\u0928\u094b\u0938\u0947\u0932\u094d\u092f\u0942\u0932\u094b\u0938\u093f\u0915 \u0938\u093e\u092e\u0917\u094d\u0930\u0940 \u0938\u0947 \u092c\u0928\u0947 \u092a\u094d\u0930\u0940\u0932\u0948\u092e\u093f\u0928\u0947\u091f\u0947\u0921 \u092a\u093",ROW_LEVEL_EXACT_DUPLICATE_NORMALIZED,Keep the first occurrence as canonical; the other 1 are byte-equal after normalisation and carry no unique data. Record all source rows in provenance.
00c8bcd110427c19,F034,bis_gazette_notification.csv,bis_gazette_notification,2,523; 1422,1,"{""id"": ""417"", ""related_is"": ""is 3087 : 2005"", ""title"": ""\u0938\u093e\u092e\u093e\u0928\u094d\u092f \u092a\u094d\u0930\u092f\u094b\u091c\u0928\u094b\u0902 \u0939\u0947\u0924\u0941 \u0932\u0915\u0921\u093c\u0940 \u090f\u0935\u0902 \u0905\u0928\u094d\u092f \u0932\u093f\u0917\u094d\u0928\u094b\u0938\u0947\u0932\u094d\u092f\u0942\u0932\u094b\u0938\u093f\u0915 \u0938\u093e\u092e\u0917\u094d\u0930\u0940 ",ROW_LEVEL_EXACT_DUPLICATE_NORMALIZED,Keep the first occurrence as canonical; the other 1 are byte-equal after normalisation and carry no unique data. Record all source rows in provenance.
13f7168f123c12d3,F034,bis_gazette_notification.csv,bis_gazette_notification,2,524; 1423,1,"{""id"": ""418"", ""related_is"": ""is 12406 : 2021"", ""title"": ""\u0938\u093e\u092e\u093e\u0928\u094d\u092f \u092a\u094d\u0930\u092f\u094b\u091c\u0928\u094b\u0902 \u0939\u0947\u0924\u0941 \u092e\u0927\u094d\u092f\u092e \u0918\u0928\u0924\u094d\u0935 \u092b\u093e\u0907\u092c\u0930 \u092c\u094b\u0930\u094d\u0921"", ""unnamed_3"": """"}",ROW_LEVEL_EXACT_DUPLICATE_NORMALIZED,Keep the first occurrence as canonical; the other 1 are byte-equal after normalisation and carry no unique data. Record all source rows in provenance.
26d8feb2573f6c8c,F034,bis_gazette_notification.csv,bis_gazette_notification,2,525; 1424,1,"{""id"": ""419"", ""related_is"": ""is 3097 : 2006"", ""title"": ""\u0935\u093f\u0928\u0940\u092f\u0930 \u092f\u0941\u0915\u094d\u0924 \u092a\u093e\u0930\u094d\u091f\u093f\u0915\u0932 \u092c\u094b\u0930\u094d\u0921"", ""unnamed_3"": """"}",ROW_LEVEL_EXACT_DUPLICATE_NORMALIZED,Keep the first occurrence as canonical; the other 1 are byte-equal after normalisation and carry no unique data. Record all source rows in provenance.
9407acaf70a1e5c5,F034,bis_gazette_notification.csv,bis_gazette_notification,2,526; 1425,1,"{""id"": ""\u0915\u093e\u0938\u094d\u091f \u0906\u092f\u0930\u0928 \u0909\u0924\u094d\u092a\u093e\u0926"", ""related_is"": """", ""title"": """", ""unnamed_3"": """"}",ROW_LEVEL_EXACT_DUPLICATE_NORMALIZED,Keep the first occurrence as canonical; the other 1 are byte-equal after normalisation and carry no unique data. Record all source rows in provenance.
6a7b44c699a2680f,F034,bis_gazette_notification.csv,bis_gazette_notification,2,527; 1426,1,"{""id"": ""420"", ""related_is"": ""is 1726 : 1991"", ""title"": ""\u0915\u093e\u0938\u094d\u091f \u0906\u092f\u0930\u0928 \u092e\u0948\u0928\u0939\u094b\u0932 \u0915\u0935\u0930 \u090f\u0935\u0902 \u092b\u094d\u0930\u0947\u092e"", ""unnamed_3"": ""88. \u0915\u093e\u0938\u094d\u091f \u0906\u092f\u0930\u0928 \u0909\u0924\u094d\u092a\u093e\u0926 (\u0917\u0941\u0923\u0935\u0924\u094d\u0924\u093e \u0928\u093f\u092f\",ROW_LEVEL_EXACT_DUPLICATE_NORMALIZED,Keep the first occurrence as canonical; the other 1 are byte-equal after normalisation and carry no unique data. Record all source rows in provenance.
0da7b2a5aa6045fc,F034,bis_gazette_notification.csv,bis_gazette_notification,2,528; 1427,1,"{""id"": ""421"", ""related_is"": ""is 1729 : 2002"", ""title"": ""\u092d\u0942\u092e\u093f \u0915\u0947 \u090a\u092a\u0930 \u0917\u0948\u0930-\u0926\u093e\u092c \u092a\u093e\u0907\u092a\u0932\u093e\u0907\u0928\u094b\u0902 \u0939\u0947\u0924\u0941 \u0915\u093e\u0938\u094d\u091f \u0906\u092f\u0930\u0928/\u0921\u0915\u094d\u091f\u093e\u0907\u0932 \u0906\u092f\u0930\u0928 \u0921\u094d\u0930\u0947\u0928\u0947\u0",ROW_LEVEL_EXACT_DUPLICATE_NORMALIZED,Keep the first occurrence as canonical; the other 1 are byte-equal after normalisation and carry no unique data. Record all source rows in provenance.
4801516176b12d88,F034,bis_gazette_notification.csv,bis_gazette_notification,2,529; 1428,1,"{""id"": ""422"", ""related_is"": ""is 1879 : 2010"", ""title"": ""\u092e\u0948\u0932\u093f\u092f\u0947\u092c\u0932 \u0915\u093e\u0938\u094d\u091f \u0906\u092f\u0930\u0928 \u092a\u093e\u0907\u092a \u092b\u093f\u091f\u093f\u0902\u0917"", ""unnamed_3"": """"}",ROW_LEVEL_EXACT_DUPLICATE_NORMALIZED,Keep the first occurrence as canonical; the other 1 are byte-equal after normalisation and carry no unique data. Record all source rows in provenance.
8b2ad20877c20112,F034,bis_gazette_notification.csv,bis_gazette_notification,2,530; 1429,1,"{""id"": ""423"", ""related_is"": ""is 13349 : 1992"", ""title"": ""\u0915\u093e\u0938\u094d\u091f \u0906\u092f\u0930\u0928 \u0938\u093f\u0902\u0917\u0932 \u092b\u0947\u0938\u094d\u0921 \u0925\u093f\u092e\u094d\u092c\u0932 \u092e\u093e\u0909\u0902\u091f\u0947\u0921 \u0938\u094d\u0932\u0942\u0907\u0938 \u0917\u0947\u091f"", ""unnamed_3"": """"}",ROW_LEVEL_EXACT_DUPLICATE_NORMALIZED,Keep the first occurrence as canonical; the other 1 are byte-equal after normalisation and carry no unique data. Record all source rows in provenance.
2497fe6651d404b6,F034,bis_gazette_notification.csv,bis_gazette_notification,2,531; 1430,1,"{""id"": ""424"", ""related_is"": ""is 210 : 2009"", ""title"": ""\u0917\u094d\u0930\u0947 \u0906\u092f\u0930\u0928 \u0915\u093e\u0938\u094d\u091f\u093f\u0902\u0917"", ""unnamed_3"": """"}",ROW_LEVEL_EXACT_DUPLICATE_NORMALIZED,Keep the first occurrence as canonical; the other 1 are byte-equal after normalisation and carry no unique data. Record all source rows in provenance.
754b1aae7f8999d7,F034,bis_gazette_notification.csv,bis_gazette_notification,2,532; 1431,1,"{""id"": ""425"", ""related_is"": ""is 1537 : 1976"", ""title"": ""\u091c\u0932, \u0917\u0948\u0938 \u090f\u0935\u0902 \u0938\u0940\u0935\u0947\u091c \u0939\u0947\u0924\u0941 \u0932\u0902\u092c\u0935\u0924 \u0922\u0932\u093e\u0908 \u0915\u093f\u090f \u0917\u090f \u0915\u093e\u0938\u094d\u091f \u0906\u092f\u0930\u0928 \u0926\u093e\u092c \u092a\u093e\u0907\u092a"", ""unnamed_3"": """"}",ROW_LEVEL_EXACT_DUPLICATE_NORMALIZED,Keep the first occurrence as canonical; the other 1 are byte-equal after normalisation and carry no unique data. Record all source rows in provenance.
eee87e10d31677b8,F034,bis_gazette_notification.csv,bis_gazette_notification,2,533; 1432,1,"{""id"": ""\u0938\u094b\u0932\u0930 \u0921\u0940\u0938\u0940 \u0915\u0947\u092c\u0932 \u090f\u0935\u0902 \u0905\u0917\u094d\u0928\u093f-\u091c\u0940\u0935\u0928 \u0938\u0941\u0930\u0915\u094d\u0937\u093e \u0915\u0947\u092c\u0932"", ""related_is"": """", ""title"": """", ""unnamed_3"": """"}",ROW_LEVEL_EXACT_DUPLICATE_NORMALIZED,Keep the first occurrence as canonical; the other 1 are byte-equal after normalisation and carry no unique data. Record all source rows in provenance.
27607e742d6098fc,F034,bis_gazette_notification.csv,bis_gazette_notification,2,534; 1433,1,"{""id"": ""426"", ""related_is"": ""is 17293 : 2020"", ""title"": ""1500 \u0935\u094b\u0932\u094d\u091f \u0921\u0940\u0938\u0940 \u0930\u0947\u091f\u0947\u0921 \u0935\u094b\u0932\u094d\u091f\u0947\u091c \u0939\u0947\u0924\u0941 \u092b\u094b\u091f\u094b\u0935\u094b\u0932\u094d\u091f\u093f\u0915 \u092a\u094d\u0930\u0923\u093e\u0932\u093f\u092f\u094b\u0902 \u0915\u0947 \u0932\u093f\u090f \u0935\u093f\u0926\u094",ROW_LEVEL_EXACT_DUPLICATE_NORMALIZED,Keep the first occurrence as canonical; the other 1 are byte-equal after normalisation and carry no unique data. Record all source rows in provenance.
ac5e0a5812be1daf,F034,bis_gazette_notification.csv,bis_gazette_notification,2,535; 1434,1,"{""id"": ""427"", ""related_is"": ""is 17505 (\u092d\u093e\u0917 1) : 2021"", ""title"": ""1100 \u0935\u094b\u0932\u094d\u091f \u090f\u0938\u0940 \u0924\u0915 \u0924\u0925\u093e 1500 \u0935\u094b\u0932\u094d\u091f \u0921\u0940\u0938\u0940 \u0924\u0915 \u0915\u093e\u0930\u094d\u092f \u0935\u094b\u0932\u094d\u091f\u0947\u091c \u0939\u0947\u0924\u0941 \u0925\u0930\u094d\u092e\u094b\u0938\u0947\u091f\u093f\u0902",ROW_LEVEL_EXACT_DUPLICATE_NORMALIZED,Keep the first occurrence as canonical; the other 1 are byte-equal after normalisation and carry no unique data. Record all source rows in provenance.
44976c0e1a4524d6,F034,bis_gazette_notification.csv,bis_gazette_notification,2,536; 1435,1,"{""id"": ""\u0927\u093e\u0924\u0941\u090f\u0901 \u090f\u0935\u0902 \u092e\u093f\u0936\u094d\u0930\u0927\u093e\u0924\u0941\u090f\u0901"", ""related_is"": """", ""title"": """", ""unnamed_3"": """"}",ROW_LEVEL_EXACT_DUPLICATE_NORMALIZED,Keep the first occurrence as canonical; the other 1 are byte-equal after normalisation and carry no unique data. Record all source rows in provenance.
973bee4daf1ebbf7,F034,bis_gazette_notification.csv,bis_gazette_notification,2,537; 1436,1,"{""id"": """", ""related_is"": ""is 617:1994"", ""title"": ""\u0922\u0932\u093e\u0908 \u090f\u0932\u094d\u092f\u0942\u092e\u093f\u0928\u093f\u092f\u092e \u090f\u0935\u0902 \u0907\u0938\u0915\u0940 \u092e\u093f\u0936\u094d\u0930\u0927\u093e\u0924\u0941\u090f\u0901 \u2013 \u0938\u093e\u092e\u093e\u0928\u094d\u092f \u0905\u092d\u093f\u092f\u093e\u0902\u0924\u094d\u0930\u093f\u0915\u0940 \u092a\u094d\u0930\u092f",ROW_LEVEL_EXACT_DUPLICATE_NORMALIZED,Keep the first occurrence as canonical; the other 1 are byte-equal after normalisation and carry no unique data. Record all source rows in provenance.
c6384f367c2ce2cf,F034,bis_gazette_notification.csv,bis_gazette_notification,2,538; 1437,1,"{""id"": """", ""related_is"": ""is 11890 : 1987"", ""title"": ""\u0935\u093f\u0936\u0947\u0937 \u0909\u092a\u092f\u094b\u0917\u094b\u0902 \u0939\u0947\u0924\u0941 \u0930\u0940\u092e\u0947\u0932\u094d\u091f\u093f\u0902\u0917 \u0915\u0947 \u0932\u093f\u090f \u0909\u091a\u094d\u091a \u0936\u0941\u0926\u094d\u0927\u0924\u093e \u092a\u094d\u0930\u093e\u0925\u092e\u093f\u0915 \u090f\u0932\u094d\u092f\u0942\u092e\",ROW_LEVEL_EXACT_DUPLICATE_NORMALIZED,Keep the first occurrence as canonical; the other 1 are byte-equal after normalisation and carry no unique data. Record all source rows in provenance.
988359793a567bb4,F034,bis_gazette_notification.csv,bis_gazette_notification,2,539; 1438,1,"{""id"": """", ""related_is"": ""is 6754:1972"", ""title"": ""\u0938\u093e\u092e\u093e\u0928\u094d\u092f \u0905\u092d\u093f\u092f\u093e\u0902\u0924\u094d\u0930\u093f\u0915\u0940 \u092a\u094d\u0930\u092f\u094b\u091c\u0928 \u0939\u0947\u0924\u0941 \u0930\u0940\u092e\u0947\u0932\u094d\u091f\u093f\u0902\u0917 \u0915\u0947 \u0932\u093f\u090f \u090f\u0932\u094d\u092f\u0942\u092e\u093f\u0928\u093f\u092f\u092e \u092",ROW_LEVEL_EXACT_DUPLICATE_NORMALIZED,Keep the first occurrence as canonical; the other 1 are byte-equal after normalisation and carry no unique data. Record all source rows in provenance.
5a3ad32efbc4e59e,F034,bis_gazette_notification.csv,bis_gazette_notification,2,540; 1439,1,"{""id"": """", ""related_is"": ""is 2590 : 1987"", ""title"": ""\u0938\u093e\u092e\u093e\u0928\u094d\u092f \u0905\u092d\u093f\u092f\u093e\u0902\u0924\u094d\u0930\u093f\u0915\u0940 \u092a\u094d\u0930\u092f\u094b\u091c\u0928 \u0939\u0947\u0924\u0941 \u0930\u0940\u092e\u0947\u0932\u094d\u091f\u093f\u0902\u0917 \u0915\u0947 \u0932\u093f\u090f \u092a\u094d\u0930\u093e\u0925\u092e\u093f\u0915 \u090f\u0932\u094d\u0",ROW_LEVEL_EXACT_DUPLICATE_NORMALIZED,Keep the first occurrence as canonical; the other 1 are byte-equal after normalisation and carry no unique data. Record all source rows in provenance.
818404f5fcda15a5,F034,bis_gazette_notification.csv,bis_gazette_notification,2,541; 1440,1,"{""id"": """", ""related_is"": ""is 4026 : 2023"", ""title"": ""\u090f\u0932\u094d\u092f\u0942\u092e\u093f\u0928\u093f\u092f\u092e \u0907\u0928\u0917\u0949\u091f, \u092c\u093f\u0932\u0947\u091f\u094d\u0938 \u090f\u0935\u0902 \u0935\u093e\u092f\u0930 \u092c\u093e\u0930\u094d\u0938 (\u0908\u0938\u0940 \u0917\u094d\u0930\u0947\u0921)"", ""unnamed_3"": """"}",ROW_LEVEL_EXACT_DUPLICATE_NORMALIZED,Keep the first occurrence as canonical; the other 1 are byte-equal after normalisation and carry no unique data. Record all source rows in provenance.
3188dc33477efeab,F034,bis_gazette_notification.csv,bis_gazette_notification,2,542; 1441,1,"{""id"": """", ""related_is"": ""is 191:2007"", ""title"": ""\u0924\u093e\u0901\u092c\u093e"", ""unnamed_3"": ""\u0924\u093e\u0901\u092c\u093e (\u0917\u0941\u0923\u0935\u0924\u094d\u0924\u093e \u0928\u093f\u092f\u0902\u0924\u094d\u0930\u0923) \u0906\u0926\u0947\u0936, 2023 \u090f\u0938.\u0913. 3847(\u0908), \u0926\u093f\u0928\u093e\u0902\u0915 31 \u0905\u0917\u0938\u094d\u0924 2023 \u0924\u093e\u0901\u092c\u093e",ROW_LEVEL_EXACT_DUPLICATE_NORMALIZED,Keep the first occurrence as canonical; the other 1 are byte-equal after normalisation and carry no unique data. Record all source rows in provenance.
59eab4114e30b71f,F034,bis_gazette_notification.csv,bis_gazette_notification,2,543; 1442,1,"{""id"": """", ""related_is"": ""is 7506:1987"", ""title"": ""\u0928\u093f\u0915\u0947\u0932 \u092a\u093e\u0909\u0921\u0930"", ""unnamed_3"": ""\u0928\u093f\u0915\u0947\u0932 (\u0917\u0941\u0923\u0935\u0924\u094d\u0924\u093e \u0928\u093f\u092f\u0902\u0924\u094d\u0930\u0923) \u0906\u0926\u0947\u0936, 2023 \u090f\u0938.\u0913. 3848(\u0908), \u0926\u093f\u0928\u093e\u0902\u0915 31 \u0905\u0917\u0938\u094d\u0924 202",ROW_LEVEL_EXACT_DUPLICATE_NORMALIZED,Keep the first occurrence as canonical; the other 1 are byte-equal after normalisation and carry no unique data. Record all source rows in provenance.
5b2b2582fd557b31,F034,bis_gazette_notification.csv,bis_gazette_notification,2,544; 1443,1,"{""id"": ""\u092a\u094d\u0932\u093e\u0907\u0935\u0941\u0921 \u090f\u0935\u0902 \u0932\u0915\u0921\u093c\u0940 \u0915\u0947 \u092b\u094d\u0932\u0936 \u0921\u094b\u0930 \u0936\u091f\u0930"", ""related_is"": """", ""title"": """", ""unnamed_3"": """"}",ROW_LEVEL_EXACT_DUPLICATE_NORMALIZED,Keep the first occurrence as canonical; the other 1 are byte-equal after normalisation and carry no unique data. Record all source rows in provenance.
8552c29bbe838116,F034,bis_gazette_notification.csv,bis_gazette_notification,2,545; 1444,1,"{""id"": ""428"", ""related_is"": ""is 303 : 1989"", ""title"": ""\u0938\u093e\u092e\u093e\u0928\u094d\u092f \u092a\u094d\u0930\u092f\u094b\u091c\u0928\u094b\u0902 \u0939\u0947\u0924\u0941 \u092a\u094d\u0932\u093e\u0907\u0935\u0941\u0921"", ""unnamed_3"": ""90. \u092a\u094d\u0932\u093e\u0907\u0935\u0941\u0921 \u090f\u0935\u0902 \u0932\u0915\u0921\u093c\u0940 \u0915\u0947 \u092b\u094d\u0932\u0936 \u0921\u094b\u09",ROW_LEVEL_EXACT_DUPLICATE_NORMALIZED,Keep the first occurrence as canonical; the other 1 are byte-equal after normalisation and carry no unique data. Record all source rows in provenance.
148f34fcd0cc2e7a,F034,bis_gazette_notification.csv,bis_gazette_notification,2,546; 1445,1,"{""id"": ""429"", ""related_is"": ""is 2202 (\u092d\u093e\u0917 1) : 1999"", ""title"": ""\u0932\u0915\u0921\u093c\u0940 \u0915\u0947 \u092b\u094d\u0932\u0936 \u0921\u094b\u0930 \u0936\u091f\u0930 (\u0920\u094b\u0938 \u0915\u094b\u0930 \u092a\u094d\u0930\u0915\u093e\u0930) \u2013 \u092a\u094d\u0932\u093e\u0907\u0935\u0941\u0921 \u092b\u0947\u0938 \u092a\u0948\u0928\u0932"", ""unnamed_3"": """"}",ROW_LEVEL_EXACT_DUPLICATE_NORMALIZED,Keep the first occurrence as canonical; the other 1 are byte-equal after normalisation and carry no unique data. Record all source rows in provenance.
eb83b15025812cd5,F034,bis_gazette_notification.csv,bis_gazette_notification,2,547; 1446,1,"{""id"": ""430"", ""related_is"": ""is 710 : 2010"", ""title"": ""\u092e\u0930\u0940\u0928 \u092a\u094d\u0932\u093e\u0907\u0935\u0941\u0921"", ""unnamed_3"": """"}",ROW_LEVEL_EXACT_DUPLICATE_NORMALIZED,Keep the first occurrence as canonical; the other 1 are byte-equal after normalisation and carry no unique data. Record all source rows in provenance.
1bef407ebd51a7c9,F034,bis_gazette_notification.csv,bis_gazette_notification,2,548; 1447,1,"{""id"": ""431"", ""related_is"": ""is 5509 : 2021"", ""title"": ""\u0905\u0917\u094d\u0928\u093f\u0930\u094b\u0927\u0915 \u092a\u094d\u0932\u093e\u0907\u0935\u0941\u0921"", ""unnamed_3"": """"}",ROW_LEVEL_EXACT_DUPLICATE_NORMALIZED,Keep the first occurrence as canonical; the other 1 are byte-equal after normalisation and carry no unique data. Record all source rows in provenance.
24eb1cf7d8870885,F034,bis_gazette_notification.csv,bis_gazette_notification,2,549; 1448,1,"{""id"": ""432"", ""related_is"": ""is 1328 : 1996"", ""title"": ""\u0935\u093f\u0928\u093f\u092f\u0930\u092f\u0941\u0915\u094d\u0924 \u0938\u091c\u093e\u0935\u091f\u0940 \u092a\u094d\u0932\u093e\u0907\u0935\u0941\u0921"", ""unnamed_3"": """"}",ROW_LEVEL_EXACT_DUPLICATE_NORMALIZED,Keep the first occurrence as canonical; the other 1 are byte-equal after normalisation and carry no unique data. Record all source rows in provenance.
29cb7d967e2429f1,F034,bis_gazette_notification.csv,bis_gazette_notification,2,550; 1449,1,"{""id"": ""433"", ""related_is"": ""is 2191 (\u092d\u093e\u0917 2): 2022"", ""title"": ""\u0932\u0915\u0921\u093c\u0940 \u0915\u0947 \u092b\u094d\u0932\u0936 \u0921\u094b\u0930 \u0936\u091f\u0930 (\u0938\u0947\u0932\u0941\u0932\u0930 \u090f\u0935\u0902 \u0916\u094b\u0916\u0932\u0947 \u0915\u094b\u0930 \u092a\u094d\u0930\u0915\u093e\u0930) \u2013 \u092a\u093e\u0930\u094d\u091f\u093f\u0915\u0932 \u092c\u094b\u",ROW_LEVEL_EXACT_DUPLICATE_NORMALIZED,Keep the first occurrence as canonical; the other 1 are byte-equal after normalisation and carry no unique data. Record all source rows in provenance.
c975bcd6b035f020,F034,bis_gazette_notification.csv,bis_gazette_notification,2,551; 1450,1,"{""id"": ""434"", ""related_is"": ""is 2191 (\u092d\u093e\u0917 1): 2022"", ""title"": ""\u0932\u0915\u0921\u093c\u0940 \u0915\u0947 \u092b\u094d\u0932\u0936 \u0921\u094b\u0930 \u0936\u091f\u0930 (\u0938\u0947\u0932\u0941\u0932\u0930 \u090f\u0935\u0902 \u0916\u094b\u0916\u0932\u0947 \u0915\u094b\u0930 \u092a\u094d\u0930\u0915\u093e\u0930) \u2013 \u092a\u094d\u0932\u093e\u0907\u0935\u0941\u0921 \u092b\u0947\u",ROW_LEVEL_EXACT_DUPLICATE_NORMALIZED,Keep the first occurrence as canonical; the other 1 are byte-equal after normalisation and carry no unique data. Record all source rows in provenance.
1dfe738dce99869b,F034,bis_gazette_notification.csv,bis_gazette_notification,2,552; 1451,1,"{""id"": ""435"", ""related_is"": ""is 2202 (\u092d\u093e\u0917 2): 2022"", ""title"": ""\u0932\u0915\u0921\u093c\u0940 \u0915\u0947 \u092b\u094d\u0932\u0936 \u0921\u094b\u0930 \u0936\u091f\u0930 (\u0920\u094b\u0938 \u0915\u094b\u0930 \u092a\u094d\u0930\u0915\u093e\u0930) \u2013 \u092a\u093e\u0930\u094d\u091f\u093f\u0915\u0932 \u092c\u094b\u0930\u094d\u0921, \u0909\u091a\u094d\u091a \u0918\u0928\u0924\u094d\",ROW_LEVEL_EXACT_DUPLICATE_NORMALIZED,Keep the first occurrence as canonical; the other 1 are byte-equal after normalisation and carry no unique data. Record all source rows in provenance.
81df038da94de276,F034,bis_gazette_notification.csv,bis_gazette_notification,2,553; 1452,1,"{""id"": ""436"", ""related_is"": ""is 4990 : 2011"", ""title"": ""\u0915\u0902\u0915\u094d\u0930\u0940\u091f \u0936\u091f\u0930\u093f\u0902\u0917 \u0915\u093e\u0930\u094d\u092f \u0939\u0947\u0924\u0941 \u092a\u094d\u0932\u093e\u0907\u0935\u0941\u0921 \u2013 \u0935\u093f\u0928\u093f\u0930\u094d\u0926\u0947\u0936"", ""unnamed_3"": """"}",ROW_LEVEL_EXACT_DUPLICATE_NORMALIZED,Keep the first occurrence as canonical; the other 1 are byte-equal after normalisation and carry no unique data. Record all source rows in provenance.
5244a5bf2057af19,F034,bis_gazette_notification.csv,bis_gazette_notification,2,554; 1453,1,"{""id"": ""437"", ""related_is"": ""is 10701 : 2012"", ""title"": ""\u0938\u0902\u0930\u091a\u0928\u093e\u0924\u094d\u092e\u0915 \u092a\u094d\u0932\u093e\u0907\u0935\u0941\u0921 \u2013 \u0935\u093f\u0928\u093f\u0930\u094d\u0926\u0947\u0936"", ""unnamed_3"": """"}",ROW_LEVEL_EXACT_DUPLICATE_NORMALIZED,Keep the first occurrence as canonical; the other 1 are byte-equal after normalisation and carry no unique data. Record all source rows in provenance.
2f7efdc8ab24b0dd,F034,bis_gazette_notification.csv,bis_gazette_notification,2,555; 1454,1,"{""id"": ""\u092b\u094d\u0932\u0915\u094d\u0938 \u0915\u094b\u0930\u094d\u0921 \u0938\u094b\u0932\u094d\u0921\u0930 \u0935\u093e\u092f\u0930"", ""related_is"": """", ""title"": """", ""unnamed_3"": """"}",ROW_LEVEL_EXACT_DUPLICATE_NORMALIZED,Keep the first occurrence as canonical; the other 1 are byte-equal after normalisation and carry no unique data. Record all source rows in provenance.
81a4af23094379ef,F034,bis_gazette_notification.csv,bis_gazette_notification,2,556; 1455,1,"{""id"": """", ""related_is"": ""is 1921: 2005"", ""title"": ""\u092b\u094d\u0932\u0915\u094d\u0938 \u0915\u094b\u0930\u094d\u0921 \u0938\u094b\u0932\u094d\u0921\u0930 \u0935\u093e\u092f\u0930"", ""unnamed_3"": ""\u092b\u094d\u0932\u0915\u094d\u0938 \u0915\u094b\u0930\u094d\u0921 \u0938\u094b\u0932\u094d\u0921\u0930 \u0935\u093e\u092f\u0930 (\u0917\u0941\u0923\u0935\u0924\u094d\u0924\u093e \u0928\u093f\u092f\u09",ROW_LEVEL_EXACT_DUPLICATE_NORMALIZED,Keep the first occurrence as canonical; the other 1 are byte-equal after normalisation and carry no unique data. Record all source rows in provenance.
78efdcb4f2c0ed34,F034,bis_gazette_notification.csv,bis_gazette_notification,2,557; 1456,1,"{""id"": ""\u0935\u093f\u0935\u093f\u0927 \u0907\u0938\u094d\u092a\u093e\u0924 \u0909\u0924\u094d\u092a\u093e\u0926"", ""related_is"": """", ""title"": """", ""unnamed_3"": """"}",ROW_LEVEL_EXACT_DUPLICATE_NORMALIZED,Keep the first occurrence as canonical; the other 1 are byte-equal after normalisation and carry no unique data. Record all source rows in provenance.
0258dada3a470402,F034,bis_gazette_notification.csv,bis_gazette_notification,2,558; 1457,1,"{""id"": ""438"", ""related_is"": ""is 15155 : 2020"", ""title"": ""\u092e\u094b\u0930\u094d\u091f\u093e\u0930 \u0932\u093e\u0907\u0928\u093f\u0902\u0917 \u090f\u0935\u0902 \u0915\u094b\u091f\u093f\u0902\u0917 \u0938\u0939\u093f\u0924 \u092c\u093e\u0930 \u092f\u093e \u0935\u093e\u092f\u0930 \u0938\u0947 \u0932\u093f\u092a\u091f\u0947 \u0907\u0938\u094d\u092a\u093e\u0924 \u0938\u093f\u0932\u0947\u0902\u0921\u",ROW_LEVEL_EXACT_DUPLICATE_NORMALIZED,Keep the first occurrence as canonical; the other 1 are byte-equal after normalisation and carry no unique data. Record all source rows in provenance.
a82311041d6630ec,F034,bis_gazette_notification.csv,bis_gazette_notification,2,559; 1458,1,"{""id"": ""439"", ""related_is"": ""is 16651 : 2017"", ""title"": ""\u0915\u0902\u0915\u094d\u0930\u0940\u091f \u0938\u0941\u0926\u0943\u0922\u0940\u0915\u0930\u0923 \u0939\u0947\u0924\u0941 \u0909\u091a\u094d\u091a \u0936\u0915\u094d\u0924\u093f \u0935\u093f\u0915\u0943\u0924 \u0938\u094d\u091f\u0947\u0928\u0932\u0947\u0938 \u0938\u094d\u091f\u0940\u0932 \u092c\u093e\u0930 \u090f\u0935\u0902 \u0924\u093e\u0",ROW_LEVEL_EXACT_DUPLICATE_NORMALIZED,Keep the first occurrence as canonical; the other 1 are byte-equal after normalisation and carry no unique data. Record all source rows in provenance.
3e615c966b64ba58,F034,bis_gazette_notification.csv,bis_gazette_notification,2,560; 1459,1,"{""id"": ""440"", ""related_is"": ""is 6392 : 2020"", ""title"": ""\u0907\u0938\u094d\u092a\u093e\u0924 \u092a\u093e\u0907\u092a \u092b\u094d\u0932\u0948\u0902\u091c"", ""unnamed_3"": """"}",ROW_LEVEL_EXACT_DUPLICATE_NORMALIZED,Keep the first occurrence as canonical; the other 1 are byte-equal after normalisation and carry no unique data. Record all source rows in provenance.
823caa6d090802a2,F034,bis_gazette_notification.csv,bis_gazette_notification,2,561; 1460,1,"{""id"": ""441"", ""related_is"": ""is 6913 : 1973"", ""title"": ""\u0916\u093e\u0926\u094d\u092f \u090f\u0935\u0902 \u092a\u0947\u092f \u0909\u0926\u094d\u092f\u094b\u0917 \u0939\u0947\u0924\u0941 \u0938\u094d\u091f\u0947\u0928\u0932\u0947\u0938 \u0938\u094d\u091f\u0940\u0932 \u091f\u094d\u092f\u0942\u092c"", ""unnamed_3"": """"}",ROW_LEVEL_EXACT_DUPLICATE_NORMALIZED,Keep the first occurrence as canonical; the other 1 are byte-equal after normalisation and carry no unique data. Record all source rows in provenance.
b4e25769582c2def,F034,bis_gazette_notification.csv,bis_gazette_notification,2,562; 1461,1,"{""id"": ""\u090f\u0932\u094d\u092f\u0942\u092e\u093f\u0928\u093f\u092f\u092e \u090f\u0935\u0902 \u090f\u0932\u094d\u092f\u0942\u092e\u093f\u0928\u093f\u092f\u092e \u092e\u093f\u0936\u094d\u0930\u0927\u093e\u0924\u0941 \u0909\u0924\u094d\u092a\u093e\u0926"", ""related_is"": """", ""title"": """", ""unnamed_3"": """"}",ROW_LEVEL_EXACT_DUPLICATE_NORMALIZED,Keep the first occurrence as canonical; the other 1 are byte-equal after normalisation and carry no unique data. Record all source rows in provenance.
e0cbe63246ec1893,F034,bis_gazette_notification.csv,bis_gazette_notification,2,563; 1462,1,"{""id"": ""442"", ""related_is"": ""is 7092 (\u092d\u093e\u0917 1):1992"", ""title"": ""\u0938\u093f\u0902\u091a\u093e\u0908 \u092a\u094d\u0930\u092f\u094b\u091c\u0928\u094b\u0902 \u0939\u0947\u0924\u0941 \u090f\u0932\u094d\u092f\u0942\u092e\u093f\u0928\u093f\u092f\u092e \u092e\u093f\u0936\u094d\u0930\u0927\u093e\u0924\u0941 \u091f\u094d\u092f\u0942\u092c \u2013 \u0935\u0947\u0932\u094d\u0921\u0947\u0921 \u0",ROW_LEVEL_EXACT_DUPLICATE_NORMALIZED,Keep the first occurrence as canonical; the other 1 are byte-equal after normalisation and carry no unique data. Record all source rows in provenance.
5e6715e44de46d0b,F034,bis_gazette_notification.csv,bis_gazette_notification,2,564; 1463,1,"{""id"": ""443"", ""related_is"": ""is 7092 (\u092d\u093e\u0917 2):1987"", ""title"": ""\u0938\u093f\u0902\u091a\u093e\u0908 \u092a\u094d\u0930\u092f\u094b\u091c\u0928\u094b\u0902 \u0939\u0947\u0924\u0941 \u090f\u0932\u094d\u092f\u0942\u092e\u093f\u0928\u093f\u092f\u092e \u092e\u093f\u0936\u094d\u0930\u0927\u093e\u0924\u0941 \u091f\u094d\u092f\u0942\u092c \u2013 \u090f\u0915\u094d\u0938\u091f\u094d\u0930\u09",ROW_LEVEL_EXACT_DUPLICATE_NORMALIZED,Keep the first occurrence as canonical; the other 1 are byte-equal after normalisation and carry no unique data. Record all source rows in provenance.
ce2eb2e952cdc765,F034,bis_gazette_notification.csv,bis_gazette_notification,2,565; 1464,1,"{""id"": ""444"", ""related_is"": ""is 5484:1997"", ""title"": ""\u0928\u093f\u0930\u0902\u0924\u0930 \u0915\u093e\u0938\u094d\u091f\u093f\u0902\u0917 \u090f\u0935\u0902 \u0930\u094b\u0932\u093f\u0902\u0917 \u0926\u094d\u0935\u093e\u0930\u093e \u0928\u093f\u0930\u094d\u092e\u093f\u0924 \u0908\u0938\u0940 \u0917\u094d\u0930\u0947\u0921 \u090f\u0932\u094d\u092f\u0942\u092e\u093f\u0928\u093f\u092f\u092e \u0930\",ROW_LEVEL_EXACT_DUPLICATE_NORMALIZED,Keep the first occurrence as canonical; the other 1 are byte-equal after normalisation and carry no unique data. Record all source rows in provenance.
80c3f91a054fe74a,F034,bis_gazette_notification.csv,bis_gazette_notification,2,566; 1465,1,"{""id"": ""445"", ""related_is"": ""is 733:1983"", ""title"": ""\u0938\u093e\u092e\u093e\u0928\u094d\u092f \u0905\u092d\u093f\u092f\u093e\u0902\u0924\u094d\u0930\u093f\u0915\u0940 \u092a\u094d\u0930\u092f\u094b\u091c\u0928\u094b\u0902 \u0939\u0947\u0924\u0941 \u0915\u0941\u091f\u093f\u0924 (\u0935\u094d\u0930\u0949\u091f) \u090f\u0932\u094d\u092f\u0942\u092e\u093f\u0928\u093f\u092f\u092e \u090f\u0935\u0902 \",ROW_LEVEL_EXACT_DUPLICATE_NORMALIZED,Keep the first occurrence as canonical; the other 1 are byte-equal after normalisation and carry no unique data. Record all source rows in provenance.
d3c45c91a4160664,F034,bis_gazette_notification.csv,bis_gazette_notification,2,567; 1466,1,"{""id"": ""446"", ""related_is"": ""is 734:1975"", ""title"": ""\u0938\u093e\u092e\u093e\u0928\u094d\u092f \u0905\u092d\u093f\u092f\u093e\u0902\u0924\u094d\u0930\u093f\u0915\u0940 \u092a\u094d\u0930\u092f\u094b\u091c\u0928\u094b\u0902 \u0939\u0947\u0924\u0941 \u0915\u0941\u091f\u093f\u0924 \u090f\u0932\u094d\u092f\u0942\u092e\u093f\u0928\u093f\u092f\u092e \u090f\u0935\u0902 \u090f\u0932\u094d\u092f\u0942\u09",ROW_LEVEL_EXACT_DUPLICATE_NORMALIZED,Keep the first occurrence as canonical; the other 1 are byte-equal after normalisation and carry no unique data. Record all source rows in provenance.
53905174869db0f8,F034,bis_gazette_notification.csv,bis_gazette_notification,2,568; 1467,1,"{""id"": ""447"", ""related_is"": ""is 736:1986"", ""title"": ""\u0938\u093e\u092e\u093e\u0928\u094d\u092f \u0905\u092d\u093f\u092f\u093e\u0902\u0924\u094d\u0930\u093f\u0915\u0940 \u092a\u094d\u0930\u092f\u094b\u091c\u0928\u094b\u0902 \u0939\u0947\u0924\u0941 \u0915\u0941\u091f\u093f\u0924 \u090f\u0932\u094d\u092f\u0942\u092e\u093f\u0928\u093f\u092f\u092e \u090f\u0935\u0902 \u090f\u0932\u094d\u092f\u0942\u09",ROW_LEVEL_EXACT_DUPLICATE_NORMALIZED,Keep the first occurrence as canonical; the other 1 are byte-equal after normalisation and carry no unique data. Record all source rows in provenance.
d93ad00430f68c8a,F034,bis_gazette_notification.csv,bis_gazette_notification,2,569; 1468,1,"{""id"": ""448"", ""related_is"": ""is 737:2008"", ""title"": ""\u0938\u093e\u092e\u093e\u0928\u094d\u092f \u0905\u092d\u093f\u092f\u093e\u0902\u0924\u094d\u0930\u093f\u0915\u0940 \u092a\u094d\u0930\u092f\u094b\u091c\u0928\u094b\u0902 \u0939\u0947\u0924\u0941 \u0915\u0941\u091f\u093f\u0924 \u090f\u0932\u094d\u092f\u0942\u092e\u093f\u0928\u093f\u092f\u092e \u090f\u0935\u0902 \u090f\u0932\u094d\u092f\u0942\u09",ROW_LEVEL_EXACT_DUPLICATE_NORMALIZED,Keep the first occurrence as canonical; the other 1 are byte-equal after normalisation and carry no unique data. Record all source rows in provenance.
64cae0e95e976b06,F034,bis_gazette_notification.csv,bis_gazette_notification,2,570; 1469,1,"{""id"": ""449"", ""related_is"": ""is 739:1992"", ""title"": ""\u0938\u093e\u092e\u093e\u0928\u094d\u092f \u0905\u092d\u093f\u092f\u093e\u0902\u0924\u094d\u0930\u093f\u0915\u0940 \u092a\u094d\u0930\u092f\u094b\u091c\u0928\u094b\u0902 \u0939\u0947\u0924\u0941 \u0915\u0941\u091f\u093f\u0924 \u090f\u0932\u094d\u092f\u0942\u092e\u093f\u0928\u093f\u092f\u092e \u090f\u0935\u0902 \u090f\u0932\u094d\u092f\u0942\u09",ROW_LEVEL_EXACT_DUPLICATE_NORMALIZED,Keep the first occurrence as canonical; the other 1 are byte-equal after normalisation and carry no unique data. Record all source rows in provenance.
dee62aea54234c7e,F034,bis_gazette_notification.csv,bis_gazette_notification,2,571; 1470,1,"{""id"": ""450"", ""related_is"": ""is 740:1977"", ""title"": ""\u0938\u093e\u092e\u093e\u0928\u094d\u092f \u0905\u092d\u093f\u092f\u093e\u0902\u0924\u094d\u0930\u093f\u0915\u0940 \u092a\u094d\u0930\u092f\u094b\u091c\u0928\u094b\u0902 \u0939\u0947\u0924\u0941 \u0915\u0941\u091f\u093f\u0924 \u090f\u0932\u094d\u092f\u0942\u092e\u093f\u0928\u093f\u092f\u092e \u090f\u0935\u0902 \u090f\u0932\u094d\u092f\u0942\u09",ROW_LEVEL_EXACT_DUPLICATE_NORMALIZED,Keep the first occurrence as canonical; the other 1 are byte-equal after normalisation and carry no unique data. Record all source rows in provenance.
f52075364f00ab4d,F034,bis_gazette_notification.csv,bis_gazette_notification,2,572; 1471,1,"{""id"": ""451"", ""related_is"": ""is 5082:1998"", ""title"": ""\u0935\u093f\u0926\u094d\u092f\u0941\u0924 \u0905\u0928\u0941\u092a\u094d\u0930\u092f\u094b\u0917\u094b\u0902 \u0939\u0947\u0924\u0941 \u0915\u0941\u091f\u093f\u0924 \u090f\u0932\u094d\u092f\u0942\u092e\u093f\u0928\u093f\u092f\u092e \u090f\u0935\u0902 \u090f\u0932\u094d\u092f\u0942\u092e\u093f\u0928\u093f\u092f\u092e \u092e\u093f\u0936\u094d\u0",ROW_LEVEL_EXACT_DUPLICATE_NORMALIZED,Keep the first occurrence as canonical; the other 1 are byte-equal after normalisation and carry no unique data. Record all source rows in provenance.
21285cc464ac436c,F034,bis_gazette_notification.csv,bis_gazette_notification,2,573; 1472,1,"{""id"": ""452"", ""related_is"": ""is 16011:2012"", ""title"": ""\u0914\u0937\u0927\u0940\u092f \u092a\u0948\u0915\u0947\u091c\u093f\u0902\u0917 \u0939\u0947\u0924\u0941 \u090f\u0932\u094d\u092f\u0942\u092e\u093f\u0928\u093f\u092f\u092e \u090f\u0935\u0902 \u090f\u0932\u094d\u092f\u0942\u092e\u093f\u0928\u093f\u092f\u092e \u092e\u093f\u0936\u094d\u0930\u0927\u093e\u0924\u0941 \u092b\u0949\u092f\u0932"", ""unna",ROW_LEVEL_EXACT_DUPLICATE_NORMALIZED,Keep the first occurrence as canonical; the other 1 are byte-equal after normalisation and carry no unique data. Record all source rows in provenance.
1d7f443a5ead9586,F034,bis_gazette_notification.csv,bis_gazette_notification,2,574; 1473,1,"{""id"": ""453"", ""related_is"": ""is 17682:2021"", ""title"": ""\u090f\u0932\u094d\u092f\u0942\u092e\u093f\u0928\u093f\u092f\u092e \u0915\u0902\u092a\u094b\u091c\u093f\u091f \u092a\u0948\u0928\u0932"", ""unnamed_3"": """"}",ROW_LEVEL_EXACT_DUPLICATE_NORMALIZED,Keep the first occurrence as canonical; the other 1 are byte-equal after normalisation and carry no unique data. Record all source rows in provenance.
e997c9ccb0f92cde,F034,bis_gazette_notification.csv,bis_gazette_notification,2,575; 1474,1,"{""id"": ""454"", ""related_is"": ""is 1285:2002"", ""title"": ""\u0938\u093e\u092e\u093e\u0928\u094d\u092f \u0905\u092d\u093f\u092f\u093e\u0902\u0924\u094d\u0930\u093f\u0915\u0940 \u092a\u094d\u0930\u092f\u094b\u091c\u0928\u094b\u0902 \u0939\u0947\u0924\u0941 \u0915\u0941\u091f\u093f\u0924 \u090f\u0932\u094d\u092f\u0942\u092e\u093f\u0928\u093f\u092f\u092e \u090f\u0935\u0902 \u090f\u0932\u094d\u092f\u0942\u0",ROW_LEVEL_EXACT_DUPLICATE_NORMALIZED,Keep the first occurrence as canonical; the other 1 are byte-equal after normalisation and carry no unique data. Record all source rows in provenance.
8a3bb00d537e3256,F034,bis_gazette_notification.csv,bis_gazette_notification,2,576; 1475,1,"{""id"": ""455"", ""related_is"": ""is 2067:1975"", ""title"": ""\u0935\u093f\u0926\u094d\u092f\u0941\u0924 \u092a\u094d\u0930\u092f\u094b\u091c\u0928\u094b\u0902 \u0915\u0947 \u0932\u093f\u090f \u0935\u0930\u094d\u0915\u0947\u0921 \u090f\u0932\u094d\u092f\u0941\u092e\u093f\u0928\u093f\u092f\u092e \u0935\u093e\u092f\u0930"", ""unnamed_3"": """"}",ROW_LEVEL_EXACT_DUPLICATE_NORMALIZED,Keep the first occurrence as canonical; the other 1 are byte-equal after normalisation and carry no unique data. Record all source rows in provenance.
188239ba947cdea1,F034,bis_gazette_notification.csv,bis_gazette_notification,2,577; 1476,1,"{""id"": ""456"", ""related_is"": ""is 21:1992"", ""title"": ""\u092c\u0930\u094d\u0924\u0928 \u092c\u0928\u093e\u0928\u0947 \u0915\u0947 \u0932\u093f\u090f \u0935\u0930\u094d\u0915\u0947\u0921 \u090f\u0932\u094d\u092f\u0941\u092e\u093f\u0928\u093f\u092f\u092e \u0914\u0930 \u090f\u0932\u094d\u092f\u0941\u092e\u093f\u0928\u093f\u092f\u092e \u092e\u093f\u0936\u094d\u0930 \u0927\u093e\u0924\u0941"", ""unnamed_3"":",ROW_LEVEL_EXACT_DUPLICATE_NORMALIZED,Keep the first occurrence as canonical; the other 1 are byte-equal after normalisation and carry no unique data. Record all source rows in provenance.
d1d4eebd18f2760d,F034,bis_gazette_notification.csv,bis_gazette_notification,2,578; 1477,1,"{""id"": ""457"", ""related_is"": ""is 1254:2007"", ""title"": ""\u0924\u0930\u0902\u0917\u093f\u0924 \u090f\u0932\u094d\u092f\u0941\u092e\u093f\u0928\u093f\u092f\u092e \u0936\u0940\u091f"", ""unnamed_3"": """"}",ROW_LEVEL_EXACT_DUPLICATE_NORMALIZED,Keep the first occurrence as canonical; the other 1 are byte-equal after normalisation and carry no unique data. Record all source rows in provenance.
2b5d4dd9507423d3,F034,bis_gazette_notification.csv,bis_gazette_notification,2,579; 1478,1,"{""id"": ""458"", ""related_is"": ""is 7902:2001"", ""title"": ""\u0935\u093f\u092e\u093e\u0928\u0928 \u0905\u0928\u0941\u092a\u094d\u0930\u092f\u094b\u0917\u094b\u0902 \u0915\u0947 \u0932\u093f\u090f \u090f\u0932\u094d\u092f\u0941\u092e\u093f\u0928\u093f\u092f\u092e \u092e\u093f\u0936\u094d\u0930 \u0927\u093e\u0924\u0941 \u092b\u094b\u0930\u094d\u091c\u093f\u0902\u0917 \u0938\u094d\u091f\u0949\u0915 \u0914\",ROW_LEVEL_EXACT_DUPLICATE_NORMALIZED,Keep the first occurrence as canonical; the other 1 are byte-equal after normalisation and carry no unique data. Record all source rows in provenance.
f73af7e50ed816d9,F034,bis_gazette_notification.csv,bis_gazette_notification,2,580; 1479,1,"{""id"": ""\u0938\u091f\u0940\u0915 \u0930\u094b\u0932\u0930 \u0914\u0930 \u092c\u0941\u0936 \u091a\u0947\u0928, \u0938\u0902\u0932\u0917\u094d\u0928\u0915 \u0914\u0930 \u0938\u0902\u092c\u0902\u0927\u093f\u0924 \u091a\u0947\u0928 \u0938\u094d\u092a\u094d\u0930\u094b\u0915\u0947\u091f\u094d\u0938"", ""related_is"": """", ""title"": """", ""unnamed_3"": """"}",ROW_LEVEL_EXACT_DUPLICATE_NORMALIZED,Keep the first occurrence as canonical; the other 1 are byte-equal after normalisation and carry no unique data. Record all source rows in provenance.
2f1cee48c6cf4670,F034,bis_gazette_notification.csv,bis_gazette_notification,2,581; 1480,1,"{""id"": ""459"", ""related_is"": ""is 2403 :2014 / iso 606 : 2004"", ""title"": ""\u091b\u094b\u091f\u0940-\u092a\u093f\u091a \u091f\u094d\u0930\u093e\u0902\u0938\u092e\u093f\u0936\u0928 \u0938\u091f\u0940\u0915 \u0930\u094b\u0932\u0930 \u0914\u0930 \u092c\u0941\u0936 \u091a\u0947\u0928, \u0938\u0902\u0932\u0917\u094d\u0928\u0915 \u0914\u0930 \u0938\u0902\u092c\u0902\u0927\u093f\u0924 \u091a\u0947\u0928 \u0",ROW_LEVEL_EXACT_DUPLICATE_NORMALIZED,Keep the first occurrence as canonical; the other 1 are byte-equal after normalisation and carry no unique data. Record all source rows in provenance.
f5be6638edbfc1a6,F034,bis_gazette_notification.csv,bis_gazette_notification,2,582; 1481,1,"{""id"": ""\u0938\u094d\u0935-\u0928\u093f\u0939\u093f\u0924 \u092a\u0947\u092f \u091c\u0932 \u0915\u0942\u0932\u0930"", ""related_is"": """", ""title"": """", ""unnamed_3"": """"}",ROW_LEVEL_EXACT_DUPLICATE_NORMALIZED,Keep the first occurrence as canonical; the other 1 are byte-equal after normalisation and carry no unique data. Record all source rows in provenance.
33f148899c1d9961,F034,bis_gazette_notification.csv,bis_gazette_notification,2,583; 1482,1,"{""id"": ""460"", ""related_is"": ""is 1475 (\u092d\u093e\u0917 1) : 2001"", ""title"": ""\u0938\u094d\u0935-\u0928\u093f\u0939\u093f\u0924 \u092a\u0947\u092f \u091c\u0932 \u0915\u0942\u0932\u0930 \u2013 \u090a\u0930\u094d\u091c\u093e \u0916\u092a\u0924 \u0914\u0930 \u092a\u094d\u0930\u0926\u0930\u094d\u0936\u0928"", ""unnamed_3"": ""94. \u0938\u094d\u0935-\u0928\u093f\u0939\u093f\u0924 \u092a\u0947\u092f \u091c",ROW_LEVEL_EXACT_DUPLICATE_NORMALIZED,Keep the first occurrence as canonical; the other 1 are byte-equal after normalisation and carry no unique data. Record all source rows in provenance.
7a13c94f7fa95687,F034,bis_gazette_notification.csv,bis_gazette_notification,2,584; 1483,1,"{""id"": ""\u092e\u0947\u0921\u093f\u0915\u0932 \u091f\u0947\u0915\u094d\u0938\u091f\u093e\u0907\u0932\u094d\u0938"", ""related_is"": """", ""title"": """", ""unnamed_3"": """"}",ROW_LEVEL_EXACT_DUPLICATE_NORMALIZED,Keep the first occurrence as canonical; the other 1 are byte-equal after normalisation and carry no unique data. Record all source rows in provenance.
b7be65236fc2f005,F034,bis_gazette_notification.csv,bis_gazette_notification,2,585; 1484,1,"{""id"": ""461"", ""related_is"": ""is 5405 : 2019"", ""title"": ""\u0938\u0948\u0928\u093f\u091f\u0930\u0940 \u0928\u0948\u092a\u0915\u093f\u0928"", ""unnamed_3"": ""95. \u092e\u0947\u0921\u093f\u0915\u0932 \u091f\u0947\u0915\u094d\u0938\u091f\u093e\u0907\u0932\u094d\u0938 (\u0917\u0941\u0923\u0935\u0924\u094d\u0924\u093e \u0928\u093f\u092f\u0902\u0924\u094d\u0930\u0923) \u0906\u0926\u0947\u0936, 2023 s.o. 4247",ROW_LEVEL_EXACT_DUPLICATE_NORMALIZED,Keep the first occurrence as canonical; the other 1 are byte-equal after normalisation and carry no unique data. Record all source rows in provenance.
a7569d54315ad2df,F034,bis_gazette_notification.csv,bis_gazette_notification,2,586; 1485,1,"{""id"": ""462"", ""related_is"": ""is 17509 : 2021"", ""title"": ""\u0921\u093f\u0938\u094d\u092a\u094b\u091c\u0947\u092c\u0932 \u092c\u0947\u092c\u0940 \u0921\u093e\u092f\u092a\u0930"", ""unnamed_3"": """"}",ROW_LEVEL_EXACT_DUPLICATE_NORMALIZED,Keep the first occurrence as canonical; the other 1 are byte-equal after normalisation and carry no unique data. Record all source rows in provenance.
74862608f91a2b50,F034,bis_gazette_notification.csv,bis_gazette_notification,2,587; 1486,1,"{""id"": ""463"", ""related_is"": ""is 17514 : 2021"", ""title"": ""\u092a\u0941\u0928: \u092a\u094d\u0930\u092f\u094b\u091c\u094d\u092f \u0938\u0948\u0928\u093f\u091f\u0930\u0940 \u092a\u0948\u0921 / \u0938\u0948\u0928\u093f\u091f\u0930\u0940 \u0928\u0948\u092a\u0915\u093f\u0928 / \u092a\u0940\u0930\u093f\u092f\u0921 \u092a\u0948\u0902\u091f\u0940\u091c\u093c"", ""unnamed_3"": """"}",ROW_LEVEL_EXACT_DUPLICATE_NORMALIZED,Keep the first occurrence as canonical; the other 1 are byte-equal after normalisation and carry no unique data. Record all source rows in provenance.
31b56515695cabbd,F034,bis_gazette_notification.csv,bis_gazette_notification,2,588; 1487,1,"{""id"": ""464"", ""related_is"": ""is 17349 : 2020"", ""title"": ""\u091c\u0942\u0924\u0947 \u0915\u0935\u0930"", ""unnamed_3"": """"}",ROW_LEVEL_EXACT_DUPLICATE_NORMALIZED,Keep the first occurrence as canonical; the other 1 are byte-equal after normalisation and carry no unique data. Record all source rows in provenance.
8a94aabb4ab28a0b,F034,bis_gazette_notification.csv,bis_gazette_notification,2,589; 1488,1,"{""id"": ""465"", ""related_is"": ""is 17354 : 2020"", ""title"": ""\u0921\u0947\u0902\u091f\u0932 \u092c\u093f\u092c \u092f\u093e \u0928\u0948\u092a\u0915\u093f\u0928"", ""unnamed_3"": """"}",ROW_LEVEL_EXACT_DUPLICATE_NORMALIZED,Keep the first occurrence as canonical; the other 1 are byte-equal after normalisation and carry no unique data. Record all source rows in provenance.
7de629933e6e457c,F034,bis_gazette_notification.csv,bis_gazette_notification,2,590; 1489,1,"{""id"": ""466"", ""related_is"": ""is 17630 : 2021"", ""title"": ""\u092c\u0947\u0921 \u0936\u0940\u091f \u0914\u0930 \u092a\u093f\u0932\u094b \u0915\u0935\u0930"", ""unnamed_3"": """"}",ROW_LEVEL_EXACT_DUPLICATE_NORMALIZED,Keep the first occurrence as canonical; the other 1 are byte-equal after normalisation and carry no unique data. Record all source rows in provenance.
3d1206531c374f70,F034,bis_gazette_notification.csv,bis_gazette_notification,2,591; 1490,1,"{""id"": ""\u090f\u0917\u094d\u0930\u094b \u091f\u0947\u0915\u094d\u0938\u091f\u093e\u0907\u0932\u094d\u0938"", ""related_is"": """", ""title"": """", ""unnamed_3"": """"}",ROW_LEVEL_EXACT_DUPLICATE_NORMALIZED,Keep the first occurrence as canonical; the other 1 are byte-equal after normalisation and carry no unique data. Record all source rows in provenance.
dd9f0bc16757e31f,F034,bis_gazette_notification.csv,bis_gazette_notification,2,592; 1491,1,"{""id"": ""467"", ""related_is"": ""is 16718 : 2021"", ""title"": ""\u0915\u0943\u0937\u093f \u0914\u0930 \u092c\u093e\u0917\u0935\u093e\u0928\u0940 \u0905\u0928\u0941\u092a\u094d\u0930\u092f\u094b\u0917\u094b\u0902 \u0915\u0947 \u0932\u093f\u090f \u092a\u0949\u0932\u0940\u092a\u094d\u0930\u094b\u092a\u093e\u0907\u0932\u0940\u0928 \u0938\u094d\u092a\u0928 \u092c\u0949\u0928\u094d\u0921\u0947\u0921 \u0928\u09",ROW_LEVEL_EXACT_DUPLICATE_NORMALIZED,Keep the first occurrence as canonical; the other 1 are byte-equal after normalisation and carry no unique data. Record all source rows in provenance.
3efc3dabf6ba8c3b,F034,bis_gazette_notification.csv,bis_gazette_notification,2,593; 1492,1,"{""id"": ""468"", ""related_is"": ""is 16513 : 2016"", ""title"": ""\u0915\u0943\u0937\u093f \u0914\u0930 \u092c\u093e\u0917\u0935\u093e\u0928\u0940 \u0909\u0926\u094d\u0926\u0947\u0936\u094d\u092f\u094b\u0902 \u0915\u0947 \u0932\u093f\u090f \u0915\u0940\u091f \u091c\u093e\u0932"", ""unnamed_3"": """"}",ROW_LEVEL_EXACT_DUPLICATE_NORMALIZED,Keep the first occurrence as canonical; the other 1 are byte-equal after normalisation and carry no unique data. Record all source rows in provenance.
14c579a3b3905974,F034,bis_gazette_notification.csv,bis_gazette_notification,2,594; 1493,1,"{""id"": ""469"", ""related_is"": ""is 16202 : 2014"", ""title"": ""\u092c\u093e\u0917\u0935\u093e\u0928\u0940 \u0905\u0928\u0941\u092a\u094d\u0930\u092f\u094b\u0917\u094b\u0902 \u0915\u0947 \u0932\u093f\u090f \u092c\u0941\u0928\u093e \u0939\u0941\u0906 \u0917\u094d\u0930\u093e\u0909\u0902\u0921 \u0915\u0935\u0930"", ""unnamed_3"": """"}",ROW_LEVEL_EXACT_DUPLICATE_NORMALIZED,Keep the first occurrence as canonical; the other 1 are byte-equal after normalisation and carry no unique data. Record all source rows in provenance.
08fd63f6d0562f92,F034,bis_gazette_notification.csv,bis_gazette_notification,2,595; 1494,1,"{""id"": ""470"", ""related_is"": ""is 17070 : 2019"", ""title"": ""\u092a\u094c\u0927\u094b\u0902 \u0915\u0940 \u0935\u0943\u0926\u094d\u0927\u093f \u0914\u0930 \u0916\u0930\u092a\u0924\u0935\u093e\u0930 \u0928\u093f\u092f\u0902\u0924\u094d\u0930\u0923 \u0915\u0947 \u0932\u093f\u090f \u091c\u0942\u091f \u090f\u0917\u094d\u0930\u094b \u091f\u0947\u0915\u094d\u0938\u091f\u093e\u0907\u0932\u094d\u0938"", ""unnam",ROW_LEVEL_EXACT_DUPLICATE_NORMALIZED,Keep the first occurrence as canonical; the other 1 are byte-equal after normalisation and carry no unique data. Record all source rows in provenance.
67a66be2ea9dca69,F034,bis_gazette_notification.csv,bis_gazette_notification,2,596; 1495,1,"{""id"": ""471"", ""related_is"": ""is 15907 : 2010"", ""title"": ""\u0935\u0930\u094d\u092e\u0940\u0915\u0932\u094d\u091a\u0930 \u0915\u0947 \u0932\u093f\u090f \u0939\u093e\u0908 \u0921\u0947\u0902\u0938\u093f\u091f\u0940 \u092a\u0949\u0932\u0940\u0907\u0925\u093f\u0932\u0940\u0928 (hdpe) \u092c\u0941\u0928\u0940 \u0939\u0941\u0908 \u092c\u093f\u0938\u094d\u0924\u0930\u0947\u0902"", ""unnamed_3"": """"}",ROW_LEVEL_EXACT_DUPLICATE_NORMALIZED,Keep the first occurrence as canonical; the other 1 are byte-equal after normalisation and carry no unique data. Record all source rows in provenance.
3793d909517d8ee2,F034,bis_gazette_notification.csv,bis_gazette_notification,2,597; 1496,1,"{""id"": ""472"", ""related_is"": ""is 16089 : 2013"", ""title"": ""\u092c\u0940\u091c/\u0930\u094b\u092a\u0923 \u0915\u0940 \u0935\u0943\u0926\u094d\u0927\u093f \u0915\u0947 \u0932\u093f\u090f \u092a\u094c\u0927\u093e \u092c\u0948\u0917"", ""unnamed_3"": """"}",ROW_LEVEL_EXACT_DUPLICATE_NORMALIZED,Keep the first occurrence as canonical; the other 1 are byte-equal after normalisation and carry no unique data. Record all source rows in provenance.
925ee081cb3a4dc7,F034,bis_gazette_notification.csv,bis_gazette_notification,2,598; 1497,1,"{""id"": ""473"", ""related_is"": ""is 16190 : 2014"", ""title"": ""\u0938\u093f\u0902\u091a\u093e\u0908 \u0915\u0947 \u0932\u093f\u090f \u0939\u093e\u0908 \u0921\u0947\u0902\u0938\u093f\u091f\u0940 \u092a\u0949\u0932\u0940\u0907\u0925\u093f\u0932\u0940\u0928 (hdpe) \u0932\u0947\u092e\u093f\u0928\u0947\u091f\u0947\u0921 \u092c\u0941\u0928\u093e \u092b\u094d\u0932\u0948\u091f \u091f\u094d\u092f\u0942\u092c"", ",ROW_LEVEL_EXACT_DUPLICATE_NORMALIZED,Keep the first occurrence as canonical; the other 1 are byte-equal after normalisation and carry no unique data. Record all source rows in provenance.
c4bf11242c1cc941,F034,bis_gazette_notification.csv,bis_gazette_notification,2,599; 1498,1,"{""id"": ""474"", ""related_is"": ""is 16390 : 2015"", ""title"": ""\u0924\u0902\u092c\u093e\u0915\u0942 \u0915\u091f\u093e\u0908 \u0915\u0930\u0928\u0947 \u0935\u093e\u0932\u094b\u0902 \u0915\u0947 \u0932\u093f\u090f \u0928\u093e\u092f\u0932\u0949\u0928 \u092c\u0941\u0928\u093e\u0908 \u0935\u093e\u0932\u0947 \u0938\u0940\u092e\u0932\u0947\u0938 \u0926\u0938\u094d\u0924\u093e\u0928\u0947"", ""unnamed_3"": """"}",ROW_LEVEL_EXACT_DUPLICATE_NORMALIZED,Keep the first occurrence as canonical; the other 1 are byte-equal after normalisation and carry no unique data. Record all source rows in provenance.
84681960a034ebd7,F034,bis_gazette_notification.csv,bis_gazette_notification,2,600; 1499,1,"{""id"": ""475"", ""related_is"": ""is 16627 : 2017"", ""title"": ""\u0921\u094d\u0930\u093f\u092a \u0938\u093f\u0902\u091a\u093e\u0908 \u092a\u094d\u0930\u0923\u093e\u0932\u0940 \u0915\u0947 \u092e\u0947\u0928 \u0914\u0930 \u0938\u092c\u092e\u0947\u0928 \u092e\u0947\u0902 \u0909\u092a\u092f\u094b\u0917 \u0915\u0947 \u0932\u093f\u090f \u0939\u093e\u0908 \u0921\u0947\u0902\u0938\u093f\u091f\u0940 \u092a\u0949",ROW_LEVEL_EXACT_DUPLICATE_NORMALIZED,Keep the first occurrence as canonical; the other 1 are byte-equal after normalisation and carry no unique data. Record all source rows in provenance.
15a2dd1242a07d81,F034,bis_gazette_notification.csv,bis_gazette_notification,2,601; 1500,1,"{""id"": ""476"", ""related_is"": ""is 17355 : 2020"", ""title"": ""\u0915\u0943\u0937\u093f \u0914\u0930 \u092c\u093e\u0917\u0935\u093e\u0928\u0940 \u0905\u0928\u0941\u092a\u094d\u0930\u092f\u094b\u0917\u094b\u0902 \u0915\u0947 \u0932\u093f\u090f \u092a\u094d\u0930\u094b\u092a\u0932\u0940\u0928 \u0938\u094d\u092a\u0928 \u092c\u0949\u0928\u094d\u0921\u0947\u0921 \u0928\u0949\u0928-\u0935\u094b\u0935\u0928 \u",ROW_LEVEL_EXACT_DUPLICATE_NORMALIZED,Keep the first occurrence as canonical; the other 1 are byte-equal after normalisation and carry no unique data. Record all source rows in provenance.
c06015bfaeac253e,F034,bis_gazette_notification.csv,bis_gazette_notification,2,602; 1501,1,"{""id"": ""477"", ""related_is"": ""is 17356 : 2020"", ""title"": ""\u0915\u0943\u0937\u093f \u0914\u0930 \u092c\u093e\u0917\u0935\u093e\u0928\u0940 \u0909\u0926\u094d\u0926\u0947\u0936\u094d\u092f\u094b\u0902 \u0915\u0947 \u0932\u093f\u090f \u0935\u093f\u0902\u0921\u0936\u0940\u0932\u094d\u0921 \u091c\u093e\u0932"", ""unnamed_3"": """"}",ROW_LEVEL_EXACT_DUPLICATE_NORMALIZED,Keep the first occurrence as canonical; the other 1 are byte-equal after normalisation and carry no unique data. Record all source rows in provenance.
a8aed3500b2b3af9,F034,bis_gazette_notification.csv,bis_gazette_notification,2,603; 1502,1,"{""id"": ""478"", ""related_is"": ""is 17357 : 2020"", ""title"": ""\u0915\u0943\u0937\u093f \u0914\u0930 \u092c\u093e\u0917\u0935\u093e\u0928\u0940 \u0909\u0926\u094d\u0926\u0947\u0936\u094d\u092f\u094b\u0902 \u0915\u0947 \u0932\u093f\u090f \u0939\u093e\u0930\u094d\u0935\u0947\u0938\u094d\u091f \u091c\u093e\u0932"", ""unnamed_3"": """"}",ROW_LEVEL_EXACT_DUPLICATE_NORMALIZED,Keep the first occurrence as canonical; the other 1 are byte-equal after normalisation and carry no unique data. Record all source rows in provenance.
6af61f891367f6fc,F034,bis_gazette_notification.csv,bis_gazette_notification,2,606; 1505,1,"{""id"": ""481"", ""related_is"": ""is 17513 : 2020"", ""title"": ""\u0915\u0943\u0937\u093f \u0914\u0930 \u092c\u093e\u0917\u0935\u093e\u0928\u0940 \u0909\u0926\u094d\u0926\u0947\u0936\u094d\u092f\u094b\u0902 \u0915\u0947 \u0932\u093f\u090f \u092a\u094c\u0927\u093e \u0938\u092e\u0930\u094d\u0925\u0928 \u091c\u093e\u0932"", ""unnamed_3"": """"}",ROW_LEVEL_EXACT_DUPLICATE_NORMALIZED,Keep the first occurrence as canonical; the other 1 are byte-equal after normalisation and carry no unique data. Record all source rows in provenance.
8287c214d4404e48,F034,bis_gazette_notification.csv,bis_gazette_notification,2,607; 1506,1,"{""id"": ""482"", ""related_is"": ""is 17728 : 2021"", ""title"": ""\u092c\u093e\u0930\u093f\u0936 \u0938\u093f\u0902\u091a\u093e\u0908 \u092a\u094d\u0930\u0923\u093e\u0932\u0940 \u092e\u0947\u0902 \u0909\u092a\u092f\u094b\u0917 \u0915\u0947 \u0932\u093f\u090f \u0939\u093e\u0908 \u0921\u0947\u0902\u0938\u093f\u091f\u0940 \u092a\u0949\u0932\u0940\u0907\u0925\u093f\u0932\u0940\u0928 (hdpe) \u0932\u0947\u092e\u",ROW_LEVEL_EXACT_DUPLICATE_NORMALIZED,Keep the first occurrence as canonical; the other 1 are byte-equal after normalisation and carry no unique data. Record all source rows in provenance.
d42bef20c027a49a,F034,bis_gazette_notification.csv,bis_gazette_notification,2,608; 1507,1,"{""id"": ""483"", ""related_is"": ""is 17729 : 2021"", ""title"": ""\u0915\u0943\u0937\u093f \u0914\u0930 \u092c\u093e\u0917\u0935\u093e\u0928\u0940 \u0909\u0926\u094d\u0926\u0947\u0936\u094d\u092f\u094b\u0902 \u0915\u0947 \u0932\u093f\u090f \u0932\u091a\u0940\u0932\u093e \u091c\u0932 \u092d\u0902\u0921\u093e\u0930\u0923 \u091f\u0948\u0902\u0915"", ""unnamed_3"": """"}",ROW_LEVEL_EXACT_DUPLICATE_NORMALIZED,Keep the first occurrence as canonical; the other 1 are byte-equal after normalisation and carry no unique data. Record all source rows in provenance.
c479ebde01f4041e,F034,bis_gazette_notification.csv,bis_gazette_notification,2,611; 1510,1,"{""id"": ""486"", ""related_is"": ""is 17731 : 2021"", ""title"": ""\u0932\u0947\u092e\u093f\u0928\u0947\u091f\u0947\u0921 \u092c\u0941\u0928\u093e \u092c\u093e\u0917 \u0938\u0902\u0930\u0915\u094d\u0937\u0923 \u0915\u0935\u0930"", ""unnamed_3"": """"}",ROW_LEVEL_EXACT_DUPLICATE_NORMALIZED,Keep the first occurrence as canonical; the other 1 are byte-equal after normalisation and carry no unique data. Record all source rows in provenance.
4834c261c0baa4e9,F034,bis_gazette_notification.csv,bis_gazette_notification,2,612; 1511,1,"{""id"": ""\u0915\u0949\u092a\u0930 \u0909\u0924\u094d\u092a\u093e\u0926"", ""related_is"": """", ""title"": """", ""unnamed_3"": """"}",ROW_LEVEL_EXACT_DUPLICATE_NORMALIZED,Keep the first occurrence as canonical; the other 1 are byte-equal after normalisation and carry no unique data. Record all source rows in provenance.
c5a6c3f431dd81fe,F034,bis_gazette_notification.csv,bis_gazette_notification,2,614; 1513,1,"{""id"": ""488"", ""related_is"": ""is 613:2000"", ""title"": ""\u0935\u093f\u0926\u094d\u092f\u0941\u0924 \u092a\u094d\u0930\u092f\u094b\u091c\u0928\u094b\u0902 \u0915\u0947 \u0932\u093f\u090f \u0924\u093e\u0902\u092c\u0947 \u0915\u0940 \u0930\u0949\u0921 \u0914\u0930 \u092c\u093e\u0930"", ""unnamed_3"": """"}",ROW_LEVEL_EXACT_DUPLICATE_NORMALIZED,Keep the first occurrence as canonical; the other 1 are byte-equal after normalisation and carry no unique data. Record all source rows in provenance.
4d5595fb9e6a78b4,F034,bis_gazette_notification.csv,bis_gazette_notification,2,615; 1514,1,"{""id"": ""489"", ""related_is"": ""is 1897:2008"", ""title"": ""\u0935\u093f\u0926\u094d\u092f\u0941\u0924 \u092a\u094d\u0930\u092f\u094b\u091c\u0928\u094b\u0902 \u0915\u0947 \u0932\u093f\u090f \u0924\u093e\u0902\u092c\u0947 \u0915\u0940 \u092a\u091f\u094d\u091f\u0940"", ""unnamed_3"": """"}",ROW_LEVEL_EXACT_DUPLICATE_NORMALIZED,Keep the first occurrence as canonical; the other 1 are byte-equal after normalisation and carry no unique data. Record all source rows in provenance.
8a93113e19ad0f45,F034,bis_gazette_notification.csv,bis_gazette_notification,2,616; 1515,1,"{""id"": ""490"", ""related_is"": ""is 4171:1983"", ""title"": ""\u0938\u093e\u092e\u093e\u0928\u094d\u092f \u0907\u0902\u091c\u0940\u0928\u093f\u092f\u0930\u093f\u0902\u0917 \u092a\u094d\u0930\u092f\u094b\u091c\u0928\u094b\u0902 \u0915\u0947 \u0932\u093f\u090f \u0924\u093e\u0902\u092c\u0947 \u0915\u0940 \u0930\u0949\u0921 \u0914\u0930 \u092c\u093e\u0930"", ""unnamed_3"": """"}",ROW_LEVEL_EXACT_DUPLICATE_NORMALIZED,Keep the first occurrence as canonical; the other 1 are byte-equal after normalisation and carry no unique data. Record all source rows in provenance.
3f015f080918d1ea,F034,bis_gazette_notification.csv,bis_gazette_notification,2,617; 1516,1,"{""id"": ""491"", ""related_is"": ""is 1545: 1994"", ""title"": ""\u0915\u0902\u0921\u0947\u0902\u0938\u0930 \u0914\u0930 \u0939\u0940\u091f \u090f\u0915\u094d\u0938\u091a\u0947\u0902\u091c\u0930\u094d\u0938 \u0915\u0947 \u0932\u093f\u090f \u0920\u094b\u0938 \u0916\u0940\u0902\u091a\u0940 \u0939\u0941\u0908 \u0924\u093e\u0902\u092c\u0947 \u0914\u0930 \u0924\u093e\u0902\u092c\u0947 \u0915\u0947 \u092e\u093f\u",ROW_LEVEL_EXACT_DUPLICATE_NORMALIZED,Keep the first occurrence as canonical; the other 1 are byte-equal after normalisation and carry no unique data. Record all source rows in provenance.
f6ad743c54a59e1a,F034,bis_gazette_notification.csv,bis_gazette_notification,2,618; 1517,1,"{""id"": ""492"", ""related_is"": ""is 2501: 1995"", ""title"": ""\u0938\u093e\u092e\u093e\u0928\u094d\u092f \u0907\u0902\u091c\u0940\u0928\u093f\u092f\u0930\u093f\u0902\u0917 \u092a\u094d\u0930\u092f\u094b\u091c\u0928\u094b\u0902 \u0915\u0947 \u0932\u093f\u090f \u0920\u094b\u0938 \u0916\u0940\u0902\u091a\u0940 \u0939\u0941\u0908 \u0924\u093e\u0902\u092c\u0947 \u0915\u0940 \u091f\u094d\u092f\u0942\u092c\u094",ROW_LEVEL_EXACT_DUPLICATE_NORMALIZED,Keep the first occurrence as canonical; the other 1 are byte-equal after normalisation and carry no unique data. Record all source rows in provenance.
74367c80da1e150c,F034,bis_gazette_notification.csv,bis_gazette_notification,2,620; 1519,1,"{""id"": ""494"", ""related_is"": ""is 10773:1995"", ""title"": ""\u0930\u0947\u092b\u094d\u0930\u093f\u091c\u0930\u0947\u0936\u0928 \u0914\u0930 \u090f\u092f\u0930-\u0915\u0902\u0921\u0940\u0936\u0928\u093f\u0902\u0917 \u092a\u094d\u0930\u092f\u094b\u091c\u0928\u094b\u0902 \u0915\u0947 \u0932\u093f\u090f \u0924\u093e\u0902\u092c\u0947 \u0915\u0940 \u0935\u0949\u0930\u094d\u091f \u091f\u094d\u092f\u0942\u092",ROW_LEVEL_EXACT_DUPLICATE_NORMALIZED,Keep the first occurrence as canonical; the other 1 are byte-equal after normalisation and carry no unique data. Record all source rows in provenance.
0690c0f93dd48794,F034,bis_gazette_notification.csv,bis_gazette_notification,2,621; 1520,1,"{""id"": ""495"", ""related_is"": ""is 4412:1981"", ""title"": ""\u0938\u093e\u092e\u093e\u0928\u094d\u092f \u0907\u0902\u091c\u0940\u0928\u093f\u092f\u0930\u093f\u0902\u0917 \u092a\u094d\u0930\u092f\u094b\u091c\u0928\u094b\u0902 \u0915\u0947 \u0932\u093f\u090f \u0924\u093e\u0902\u092c\u0947 \u0915\u0947 \u0924\u093e\u0930"", ""unnamed_3"": """"}",ROW_LEVEL_EXACT_DUPLICATE_NORMALIZED,Keep the first occurrence as canonical; the other 1 are byte-equal after normalisation and carry no unique data. Record all source rows in provenance.
dd0a10e34d1722d0,F034,bis_gazette_notification.csv,bis_gazette_notification,2,622; 1521,1,"{""id"": ""\u0921\u094d\u0930\u092e \u0914\u0930 \u091f\u093f\u0928\u094d\u0938"", ""related_is"": """", ""title"": """", ""unnamed_3"": """"}",ROW_LEVEL_EXACT_DUPLICATE_NORMALIZED,Keep the first occurrence as canonical; the other 1 are byte-equal after normalisation and carry no unique data. Record all source rows in provenance.
c2f35c5fe446dc4e,F034,bis_gazette_notification.csv,bis_gazette_notification,2,623; 1522,1,"{""id"": ""496"", ""related_is"": ""is 13997:2014"", ""title"": ""\u0921\u094d\u0930\u092e\u094d\u0938, \u092c\u0921\u093c\u0947 \u0916\u0941\u0932\u0947 \u091f\u0949\u092a"", ""unnamed_3"": ""98. \u0921\u094d\u0930\u092e \u0914\u0930 \u091f\u093f\u0928\u094d\u0938 (\u0917\u0941\u0923\u0935\u0924\u094d\u0924\u093e \u0928\u093f\u092f\u0902\u0924\u094d\u0930\u0923) \u0906\u0926\u0947\u0936, 2023 s.o. 4596(e), \u09",ROW_LEVEL_EXACT_DUPLICATE_NORMALIZED,Keep the first occurrence as canonical; the other 1 are byte-equal after normalisation and carry no unique data. Record all source rows in provenance.
1b065b223af04b78,F034,bis_gazette_notification.csv,bis_gazette_notification,2,626; 1525,1,"{""id"": ""499"", ""related_is"": ""is 2552:1989"", ""title"": ""\u0938\u094d\u091f\u0940\u0932 \u0921\u094d\u0930\u092e\u094d\u0938 (\u091c\u093f\u0902\u0915 \u0915\u094b\u091f\u0947\u0921 \u0914\u0930 \u092c\u093f\u0928\u093e \u091c\u093f\u0902\u0915 \u0915\u0947)"", ""unnamed_3"": """"}",ROW_LEVEL_EXACT_DUPLICATE_NORMALIZED,Keep the first occurrence as canonical; the other 1 are byte-equal after normalisation and carry no unique data. Record all source rows in provenance.
c06e45d0dfc18e66,F034,bis_gazette_notification.csv,bis_gazette_notification,2,627; 1526,1,"{""id"": ""500"", ""related_is"": ""is 3575:1993"", ""title"": ""\u092c\u093f\u091f\u0941\u092e\u0947\u0928 \u0921\u094d\u0930\u092e\u094d\u0938"", ""unnamed_3"": """"}",ROW_LEVEL_EXACT_DUPLICATE_NORMALIZED,Keep the first occurrence as canonical; the other 1 are byte-equal after normalisation and carry no unique data. Record all source rows in provenance.
ce9c9dadb0b9aef2,F034,bis_gazette_notification.csv,bis_gazette_notification,2,628; 1527,1,"{""id"": ""501"", ""related_is"": ""is 916:2000"", ""title"": ""\u0920\u094b\u0938 \u0909\u0924\u094d\u092a\u093e\u0926\u094b\u0902 \u0915\u0947 \u0932\u093f\u090f \u0938\u094d\u0915\u094d\u0935\u093e\u092f\u0930 \u091f\u093f\u0928\u094d\u0938"", ""unnamed_3"": """"}",ROW_LEVEL_EXACT_DUPLICATE_NORMALIZED,Keep the first occurrence as canonical; the other 1 are byte-equal after normalisation and carry no unique data. Record all source rows in provenance.
9323e53d18c895fd,F034,bis_gazette_notification.csv,bis_gazette_notification,2,630; 1529,1,"{""id"": ""\u0921\u094b\u0930 \u092b\u093f\u091f\u093f\u0902\u0917\u094d\u0938"", ""related_is"": """", ""title"": """", ""unnamed_3"": """"}",ROW_LEVEL_EXACT_DUPLICATE_NORMALIZED,Keep the first occurrence as canonical; the other 1 are byte-equal after normalisation and carry no unique data. Record all source rows in provenance.
1103b1f73f8114c4,F034,bis_gazette_notification.csv,bis_gazette_notification,2,631; 1530,1,"{""id"": ""503"", ""related_is"": ""is 6343:1982"", ""title"": ""\u0921\u094b\u0930 \u0915\u094d\u0932\u094b\u091c\u093c\u0930\u094d\u0938 (\u0928\u094d\u092f\u0942\u092e\u0948\u091f\u093f\u0915\u0932\u0940 \u0928\u093f\u092f\u0902\u0924\u094d\u0930\u093f\u0924) 40 \u0915\u093f\u0917\u094d\u0930\u093e \u0924\u0915 \u0915\u0947 \u0939\u0932\u094d\u0915\u0947 \u0926\u0930\u0935\u093e\u091c\u094b\u0902 \u0915\u",ROW_LEVEL_EXACT_DUPLICATE_NORMALIZED,Keep the first occurrence as canonical; the other 1 are byte-equal after normalisation and carry no unique data. Record all source rows in provenance.
052bf2f66df4042b,F034,bis_gazette_notification.csv,bis_gazette_notification,2,632; 1531,1,"{""id"": ""504"", ""related_is"": ""is 14912:2001"", ""title"": ""\u0921\u094b\u0930 \u0915\u094d\u0932\u094b\u091c\u093c\u0930\u094d\u0938, \u091b\u093f\u092a\u0947 \u0939\u0941\u090f \u092a\u094d\u0930\u0915\u093e\u0930 (\u0939\u093e\u0907\u0921\u094d\u0930\u0949\u0932\u093f\u0915\u0932\u0940 \u0928\u093f\u092f\u0902\u0924\u094d\u0930\u093f\u0924)"", ""unnamed_3"": """"}",ROW_LEVEL_EXACT_DUPLICATE_NORMALIZED,Keep the first occurrence as canonical; the other 1 are byte-equal after normalisation and carry no unique data. Record all source rows in provenance.
1d0f16da73e966e2,F034,bis_gazette_notification.csv,bis_gazette_notification,2,633; 1532,1,"{""id"": ""505"", ""related_is"": ""is 3564:1995"", ""title"": ""\u0939\u093e\u0907\u0921\u094d\u0930\u0949\u0932\u093f\u0915\u0932\u0940 \u0928\u093f\u092f\u0902\u0924\u094d\u0930\u093f\u0924 \u0921\u094b\u0930 \u0915\u094d\u0932\u094b\u091c\u093c\u0930\u094d\u0938"", ""unnamed_3"": """"}",ROW_LEVEL_EXACT_DUPLICATE_NORMALIZED,Keep the first occurrence as canonical; the other 1 are byte-equal after normalisation and carry no unique data. Record all source rows in provenance.
fc8638ee313cb2e4,F034,bis_gazette_notification.csv,bis_gazette_notification,2,634; 1533,1,"{""id"": ""506"", ""related_is"": ""is 6315:1992"", ""title"": ""\u092d\u093e\u0930\u0940 \u0926\u0930\u0935\u093e\u091c\u094b\u0902 \u0915\u0947 \u0932\u093f\u090f \u092b\u094d\u0932\u094b\u0930 \u0938\u094d\u092a\u094d\u0930\u093f\u0902\u0917\u094d\u0938 (\u0939\u093e\u0907\u0921\u094d\u0930\u0949\u0932\u093f\u0915\u0932\u0940 \u0928\u093f\u092f\u0902\u0924\u094d\u0930\u093f\u0924)"", ""unnamed_3"": """"}",ROW_LEVEL_EXACT_DUPLICATE_NORMALIZED,Keep the first occurrence as canonical; the other 1 are byte-equal after normalisation and carry no unique data. Record all source rows in provenance.
8c0b8e0c63a11a7e,F034,bis_gazette_notification.csv,bis_gazette_notification,2,635; 1534,1,"{""id"": ""507"", ""related_is"": ""is 1019:1974"", ""title"": ""\u0930\u093f\u092e \u0932\u0948\u091a\u0947\u0938"", ""unnamed_3"": """"}",ROW_LEVEL_EXACT_DUPLICATE_NORMALIZED,Keep the first occurrence as canonical; the other 1 are byte-equal after normalisation and carry no unique data. Record all source rows in provenance.
9769307a9a6c2be5,F034,bis_gazette_notification.csv,bis_gazette_notification,2,636; 1535,1,"{""id"": ""508"", ""related_is"": ""is 208:2020"", ""title"": ""\u0921\u094b\u0930 \u0939\u0948\u0902\u0921\u0932\u094d\u0938"", ""unnamed_3"": """"}",ROW_LEVEL_EXACT_DUPLICATE_NORMALIZED,Keep the first occurrence as canonical; the other 1 are byte-equal after normalisation and carry no unique data. Record all source rows in provenance.
c739c69064a25fc1,F034,bis_gazette_notification.csv,bis_gazette_notification,2,637; 1536,1,"{""id"": ""509"", ""related_is"": ""is 4992:1975"", ""title"": ""\u092e\u0949\u0930\u094d\u091f\u093f\u0938 \u0932\u0949\u0915 (\u0935\u0930\u094d\u091f\u093f\u0915\u0932 \u092a\u094d\u0930\u0915\u093e\u0930) \u0915\u0947 \u0932\u093f\u090f \u0921\u094b\u0930 \u0939\u0948\u0902\u0921\u0932\u094d\u0938"", ""unnamed_3"": """"}",ROW_LEVEL_EXACT_DUPLICATE_NORMALIZED,Keep the first occurrence as canonical; the other 1 are byte-equal after normalisation and carry no unique data. Record all source rows in provenance.
d09a5a74d305005b,F034,bis_gazette_notification.csv,bis_gazette_notification,2,638; 1537,1,"{""id"": ""\u092c\u0949\u091f\u0932\u094d\u0921 \u0935\u093e\u091f\u0930 \u0921\u093f\u0938\u094d\u092a\u0947\u0902\u0938\u0930"", ""related_is"": """", ""title"": """", ""unnamed_3"": """"}",ROW_LEVEL_EXACT_DUPLICATE_NORMALIZED,Keep the first occurrence as canonical; the other 1 are byte-equal after normalisation and carry no unique data. Record all source rows in provenance.
a82e87ebe7f30a58,F034,bis_gazette_notification.csv,bis_gazette_notification,2,639; 1538,1,"{""id"": ""510"", ""related_is"": ""is 17681:2022"", ""title"": ""\u092c\u0949\u091f\u0932\u094d\u0921 \u0935\u093e\u091f\u0930 \u0921\u093f\u0938\u094d\u092a\u0947\u0902\u0938\u0930"", ""unnamed_3"": ""100. \u092c\u0949\u091f\u0932\u094d\u0921 \u0935\u093e\u091f\u0930 \u0921\u093f\u0938\u094d\u092a\u0947\u0902\u0938\u0930 (\u0917\u0941\u0923\u0935\u0924\u094d\u0924\u093e \u0928\u093f\u092f\u0902\u0924\u094d\u09",ROW_LEVEL_EXACT_DUPLICATE_NORMALIZED,Keep the first occurrence as canonical; the other 1 are byte-equal after normalisation and carry no unique data. Record all source rows in provenance.
dd55f928ec1051e8,F034,bis_gazette_notification.csv,bis_gazette_notification,2,640; 1539,1,"{""id"": ""\u092a\u0941\u0932\u093f\u0938 \u092c\u0932, \u0938\u093f\u0935\u093f\u0932 \u0921\u093f\u092b\u0947\u0902\u0938 \u0914\u0930 \u0935\u094d\u092f\u0915\u094d\u0924\u093f\u0917\u0924 \u0938\u0941\u0930\u0915\u094d\u0937\u093e \u0915\u0947 \u0932\u093f\u090f \u0939\u0947\u0932\u092e\u0947\u091f"", ""related_is"": """", ""title"": """", ""unnamed_3"": """"}",ROW_LEVEL_EXACT_DUPLICATE_NORMALIZED,Keep the first occurrence as canonical; the other 1 are byte-equal after normalisation and carry no unique data. Record all source rows in provenance.
8c81768569be3a25,F034,bis_gazette_notification.csv,bis_gazette_notification,2,641; 1540,1,"{""id"": ""511"", ""related_is"": ""is 2745:1983"", ""title"": ""\u092b\u093e\u092f\u0930\u092e\u0948\u0928 \u0914\u0930 \u0938\u093f\u0935\u093f\u0932 \u0921\u093f\u092b\u0947\u0902\u0938 \u0915\u0930\u094d\u092e\u093f\u092f\u094b\u0902 \u0915\u0947 \u0932\u093f\u090f \u0928\u0949\u0928-\u092e\u0947\u091f\u0932 \u0939\u0947\u0932\u092e\u0947\u091f"", ""unnamed_3"": ""101. \u092a\u0941\u0932\u093f\u0938 \u092c\u",ROW_LEVEL_EXACT_DUPLICATE_NORMALIZED,Keep the first occurrence as canonical; the other 1 are byte-equal after normalisation and carry no unique data. Record all source rows in provenance.
52376b9d7166b5d3,F034,bis_gazette_notification.csv,bis_gazette_notification,2,642; 1541,1,"{""id"": ""512"", ""related_is"": ""is 2925:1984"", ""title"": ""\u0914\u0926\u094d\u092f\u094b\u0917\u093f\u0915 \u0938\u0941\u0930\u0915\u094d\u0937\u093e \u0939\u0947\u0932\u092e\u0947\u091f"", ""unnamed_3"": """"}",ROW_LEVEL_EXACT_DUPLICATE_NORMALIZED,Keep the first occurrence as canonical; the other 1 are byte-equal after normalisation and carry no unique data. Record all source rows in provenance.
78add93dca0e696f,F034,bis_gazette_notification.csv,bis_gazette_notification,2,643; 1542,1,"{""id"": ""513"", ""related_is"": ""is 9562:1980"", ""title"": ""\u092a\u0941\u0932\u093f\u0938 \u092c\u0932 \u0915\u0947 \u0932\u093f\u090f \u0928\u0949\u0928-\u092e\u0947\u091f\u0932 \u0939\u0947\u0932\u092e\u0947\u091f"", ""unnamed_3"": """"}",ROW_LEVEL_EXACT_DUPLICATE_NORMALIZED,Keep the first occurrence as canonical; the other 1 are byte-equal after normalisation and carry no unique data. Record all source rows in provenance.
f0078daa95b0408c,F034,bis_gazette_notification.csv,bis_gazette_notification,2,644; 1543,1,"{""id"": ""\u0938\u094d\u091f\u0940\u0932 \u0935\u093e\u092f\u0930 \u092f\u093e \u0938\u094d\u091f\u094d\u0930\u0948\u0902\u0921\u094d\u0938, \u0928\u093e\u092f\u0932\u0949\u0928 \u092f\u093e \u0935\u093e\u092f\u0930 \u0930\u094b\u092a\u094d\u0938 \u0914\u0930 \u0935\u093e\u092f\u0930 \u092e\u0947\u0937"", ""related_is"": """", ""title"": """", ""unnamed_3"": """"}",ROW_LEVEL_EXACT_DUPLICATE_NORMALIZED,Keep the first occurrence as canonical; the other 1 are byte-equal after normalisation and carry no unique data. Record all source rows in provenance.
bd9117883662ea1b,F034,bis_gazette_notification.csv,bis_gazette_notification,2,645; 1544,1,"{""id"": ""514"", ""related_is"": ""is 2266 : 2019"", ""title"": ""\u0938\u093e\u092e\u093e\u0928\u094d\u092f \u0907\u0902\u091c\u0940\u0928\u093f\u092f\u0930\u093f\u0902\u0917 \u092a\u094d\u0930\u092f\u094b\u091c\u0928\u094b\u0902 \u0915\u0947 \u0932\u093f\u090f \u0938\u094d\u091f\u0940\u0932 \u0935\u093e\u092f\u0930 \u0930\u094b\u092a\u094d\u0938"", ""unnamed_3"": ""102. \u0938\u094d\u091f\u0940\u0932 \u0935\u",ROW_LEVEL_EXACT_DUPLICATE_NORMALIZED,Keep the first occurrence as canonical; the other 1 are byte-equal after normalisation and carry no unique data. Record all source rows in provenance.
b9e1e85258738b50,F034,bis_gazette_notification.csv,bis_gazette_notification,2,646; 1545,1,"{""id"": ""515"", ""related_is"": ""is 2365 : 2018"", ""title"": ""\u0932\u093f\u092b\u094d\u091f, \u090f\u0932\u093f\u0935\u0947\u091f\u0930 \u0914\u0930 \u0939\u094b\u0907\u0938\u094d\u091f \u0915\u0947 \u0932\u093f\u090f \u0938\u094d\u091f\u0940\u0932 \u0935\u093e\u092f\u0930 \u0938\u0938\u094d\u092a\u0947\u0902\u0936\u0928 \u0930\u094b\u092a\u094d\u0938"", ""unnamed_3"": """"}",ROW_LEVEL_EXACT_DUPLICATE_NORMALIZED,Keep the first occurrence as canonical; the other 1 are byte-equal after normalisation and carry no unique data. Record all source rows in provenance.
af759c866abe8268,F034,bis_gazette_notification.csv,bis_gazette_notification,2,647; 1546,1,"{""id"": ""516"", ""related_is"": ""is 1855:2022"", ""title"": ""\u0916\u0928\u0928 \u092e\u0947\u0902 \u0935\u093e\u0907\u0902\u0921\u093f\u0902\u0917 \u0914\u0930 \u092e\u0948\u0928-\u0930\u093e\u0907\u0921\u093f\u0902\u0917 \u0939\u094c\u0932\u091c\u0947\u0938 \u0915\u0947 \u0932\u093f\u090f \u0938\u094d\u091f\u094d\u0930\u0948\u0902\u0921\u0947\u0921 \u0938\u094d\u091f\u0940\u0932 \u0935\u093e\u092f\u093",ROW_LEVEL_EXACT_DUPLICATE_NORMALIZED,Keep the first occurrence as canonical; the other 1 are byte-equal after normalisation and carry no unique data. Record all source rows in provenance.
290ddf94093b0933,F034,bis_gazette_notification.csv,bis_gazette_notification,2,648; 1547,1,"{""id"": ""517"", ""related_is"": ""is 1856:2005"", ""title"": ""\u0939\u094c\u0932\u091c \u0915\u0947 \u0932\u093f\u090f \u0938\u094d\u091f\u0940\u0932 \u0935\u093e\u092f\u0930 \u0930\u094b\u092a"", ""unnamed_3"": """"}",ROW_LEVEL_EXACT_DUPLICATE_NORMALIZED,Keep the first occurrence as canonical; the other 1 are byte-equal after normalisation and carry no unique data. Record all source rows in provenance.
727f29c560fd0961,F034,bis_gazette_notification.csv,bis_gazette_notification,2,649; 1548,1,"{""id"": ""518"", ""related_is"": ""is 2141:20005"", ""title"": ""\u0939\u0949\u091f \u0921\u093f\u092a \u0917\u0948\u0932\u094d\u0935\u0928\u093e\u0907\u091c\u094d\u0921 \u0938\u094d\u091f\u0947 \u0938\u094d\u091f\u094d\u0930\u0948\u0902\u0921"", ""unnamed_3"": """"}",ROW_LEVEL_EXACT_DUPLICATE_NORMALIZED,Keep the first occurrence as canonical; the other 1 are byte-equal after normalisation and carry no unique data. Record all source rows in provenance.
2ecc971cee0de5df,F034,bis_gazette_notification.csv,bis_gazette_notification,2,650; 1549,1,"{""id"": ""519"", ""related_is"": ""is 4521:2001"", ""title"": ""\u0911\u092f\u0932 \u0935\u0947\u0932 \u0914\u0930 \u0911\u092f\u0932 \u0935\u0947\u0932 \u0921\u094d\u0930\u093f\u0932\u093f\u0902\u0917 \u092e\u0947\u0902 \u092a\u094d\u0930\u092f\u0941\u0915\u094d\u0924 \u0935\u093e\u092f\u0930 \u0930\u094b\u092a\u094d\u0938"", ""unnamed_3"": """"}",ROW_LEVEL_EXACT_DUPLICATE_NORMALIZED,Keep the first occurrence as canonical; the other 1 are byte-equal after normalisation and carry no unique data. Record all source rows in provenance.
411dc0bbac5cd46a,F034,bis_gazette_notification.csv,bis_gazette_notification,2,651; 1550,1,"{""id"": ""520"", ""related_is"": ""is 6590:1972"", ""title"": ""\u092e\u093e\u0909\u0902\u091f\u0947\u0928\u093f\u092f\u0930\u093f\u0902\u0917 \u092a\u094d\u0930\u092f\u094b\u091c\u0928\u094b\u0902 \u0915\u0947 \u0932\u093f\u090f \u092c\u094d\u0930\u0947\u0921\u0947\u0921 \u0928\u093e\u092f\u0932\u0949\u0928 \u0930\u094b\u092a\u094d\u0938"", ""unnamed_3"": """"}",ROW_LEVEL_EXACT_DUPLICATE_NORMALIZED,Keep the first occurrence as canonical; the other 1 are byte-equal after normalisation and carry no unique data. Record all source rows in provenance.
35aff515e1307b6f,F034,bis_gazette_notification.csv,bis_gazette_notification,2,652; 1551,1,"{""id"": ""521"", ""related_is"": ""is 278:2009"", ""title"": ""\u092b\u0947\u0902\u0938\u093f\u0902\u0917 \u0915\u0947 \u0932\u093f\u090f \u0917\u0948\u0932\u094d\u0935\u0928\u093e\u0907\u091c\u094d\u0921 \u0938\u094d\u091f\u0940\u0932 \u092c\u093e\u0930\u094d\u092c\u0947\u0921 \u0935\u093e\u092f\u0930"", ""unnamed_3"": """"}",ROW_LEVEL_EXACT_DUPLICATE_NORMALIZED,Keep the first occurrence as canonical; the other 1 are byte-equal after normalisation and carry no unique data. Record all source rows in provenance.
d004d70c9bc85293,F034,bis_gazette_notification.csv,bis_gazette_notification,2,653; 1552,1,"{""id"": ""522"", ""related_is"": ""is 16014:2018"", ""title"": ""\u092e\u0948\u0915\u0947\u0928\u093f\u0915\u0932 \u0930\u0942\u092a \u0938\u0947 \u092c\u0941\u0928\u0940 \u0939\u0941\u0908, \u0921\u092c\u0932-\u091f\u094d\u0935\u093f\u0938\u094d\u091f\u0947\u0921, \u0939\u0947\u0915\u094d\u0938\u093e\u0917\u094b\u0928\u0932 \u0935\u093e\u092f\u0930 \u092e\u0947\u0937 \u0917\u0948\u092c\u093f\u092f\u0928\u0",ROW_LEVEL_EXACT_DUPLICATE_NORMALIZED,Keep the first occurrence as canonical; the other 1 are byte-equal after normalisation and carry no unique data. Record all source rows in provenance.
0cc5af2c75a4a84e,F034,bis_gazette_notification.csv,bis_gazette_notification,2,654; 1553,1,"{""id"": ""\u0938\u093e\u092e\u0917\u094d\u0930\u0940 \u0932\u0902\u092c\u093e\u0908 \u0915\u093e \u092e\u093e\u092a"", ""related_is"": """", ""title"": """", ""unnamed_3"": """"}",ROW_LEVEL_EXACT_DUPLICATE_NORMALIZED,Keep the first occurrence as canonical; the other 1 are byte-equal after normalisation and carry no unique data. Record all source rows in provenance.
78f54a63b9707352,F034,bis_gazette_notification.csv,bis_gazette_notification,2,657; 1556,1,"{""id"": ""\u092a\u0949\u0932\u0940\u090f\u0925\u093f\u0932\u0940\u0928 \u092c\u0941\u0928\u0947 \u0939\u0941\u090f \u0925\u0948\u0932\u0947"", ""related_is"": """", ""title"": """", ""unnamed_3"": """"}",ROW_LEVEL_EXACT_DUPLICATE_NORMALIZED,Keep the first occurrence as canonical; the other 1 are byte-equal after normalisation and carry no unique data. Record all source rows in provenance.
020fcfc67d36fb6d,F034,bis_gazette_notification.csv,bis_gazette_notification,2,658; 1557,1,"{""id"": ""525"", ""related_is"": ""is 9755 : 2021"", ""title"": ""\u092b\u0930\u094d\u091f\u093f\u0932\u093e\u0907\u091c\u093c\u0930 \u092a\u0948\u0915\u0947\u091c\u093f\u0902\u0917 \u0915\u0947 \u0932\u093f\u090f \u091f\u0947\u0915\u094d\u0938\u091f\u093e\u0907\u0932\u2014\u0939\u093e\u0908 \u0921\u0947\u0902\u0938\u093f\u091f\u0940 \u092a\u0949\u0932\u0940\u090f\u0925\u093f\u0932\u0940\u0928 (hdpe) / \u09",ROW_LEVEL_EXACT_DUPLICATE_NORMALIZED,Keep the first occurrence as canonical; the other 1 are byte-equal after normalisation and carry no unique data. Record all source rows in provenance.
6e788a3cc5a1afcd,F034,bis_gazette_notification.csv,bis_gazette_notification,2,659; 1558,1,"{""id"": ""526"", ""related_is"": ""is 11652 : 2017"", ""title"": ""\u091f\u0947\u0915\u094d\u0938\u091f\u093e\u0907\u0932 \u2014 \u0909\u091a\u094d\u091a \u0918\u0928\u0924\u094d\u0935 \u092a\u0949\u0932\u0940\u0925\u0940\u0928 (hdpe)/ \u092a\u0949\u0932\u0940\u092a\u094d\u0930\u094b\u092a\u0932\u0940\u0928 (pp) \u092c\u0941\u0928\u093e\u0908 \u0935\u093e\u0932\u0947 \u0925\u0948\u0932\u0947 50 \u0915\u093f",ROW_LEVEL_EXACT_DUPLICATE_NORMALIZED,Keep the first occurrence as canonical; the other 1 are byte-equal after normalisation and carry no unique data. Record all source rows in provenance.
65f665b0781cec90,F034,bis_gazette_notification.csv,bis_gazette_notification,2,660; 1559,1,"{""id"": ""527"", ""related_is"": ""is 16709 : 2017"", ""title"": ""\u091f\u0947\u0915\u094d\u0938\u091f\u093e\u0907\u0932 \u2014 \u092a\u0949\u0932\u0940\u092a\u094d\u0930\u094b\u092a\u0932\u0940\u0928 (pp) \u092c\u0941\u0928\u093e\u0908, \u0932\u0947\u092e\u093f\u0928\u0947\u091f\u0947\u0921, \u092c\u094d\u0932\u0949\u0915 \u092c\u0949\u091f\u092e \u0935\u093e\u0932\u094d\u0935 \u0925\u0948\u0932\u0947 50 ",ROW_LEVEL_EXACT_DUPLICATE_NORMALIZED,Keep the first occurrence as canonical; the other 1 are byte-equal after normalisation and carry no unique data. Record all source rows in provenance.
f4db25c7247b1f4d,F034,bis_gazette_notification.csv,bis_gazette_notification,2,661; 1560,1,"{""id"": ""528"", ""related_is"": ""is 16703 : 2017"", ""title"": ""\u091f\u0947\u0915\u094d\u0938\u091f\u093e\u0907\u0932 \u2014 \u0909\u091a\u094d\u091a \u0918\u0928\u0924\u094d\u0935 \u092a\u0949\u0932\u0940\u0925\u0940\u0928 (hdpe) / \u092a\u0949\u0932\u0940\u092a\u094d\u0930\u094b\u092a\u0932\u0940\u0928 (pp) \u092c\u0941\u0928\u093e\u0908 \u0935\u093e\u0932\u0947 \u0925\u0948\u0932\u0947 25 \u0915\u093",ROW_LEVEL_EXACT_DUPLICATE_NORMALIZED,Keep the first occurrence as canonical; the other 1 are byte-equal after normalisation and carry no unique data. Record all source rows in provenance.
96b57b5046c3d618,F034,bis_gazette_notification.csv,bis_gazette_notification,2,662; 1561,1,"{""id"": ""529"", ""related_is"": ""is 17399 : 2020"", ""title"": ""\u091f\u0947\u0915\u094d\u0938\u091f\u093e\u0907\u0932 \u2014 \u092a\u0949\u0932\u0940\u092a\u094d\u0930\u094b\u092a\u0932\u0940\u0928 (pp)/ \u0909\u091a\u094d\u091a \u0918\u0928\u0924\u094d\u0935 \u092a\u0949\u0932\u0940\u0925\u0940\u0928 (hdpe) \u0932\u0947\u092e\u093f\u0928\u0947\u091f\u0947\u0921 \u092c\u0941\u0928\u093e\u0908 \u0935\u09",ROW_LEVEL_EXACT_DUPLICATE_NORMALIZED,Keep the first occurrence as canonical; the other 1 are byte-equal after normalisation and carry no unique data. Record all source rows in provenance.
5b2aef6928be7f30,F034,bis_gazette_notification.csv,bis_gazette_notification,2,663; 1562,1,"{""id"": ""\u0924\u093f\u091c\u094b\u0930\u0940, \u0938\u0947\u092b \u0921\u093f\u092a\u0949\u091c\u093c\u093f\u091f \u0932\u0949\u0915\u0930 \u0915\u0948\u092c\u093f\u0928\u0947\u091f \u0914\u0930 \u0915\u0941\u0902\u091c\u0940 \u0924\u093e\u0932\u0947"", ""related_is"": """", ""title"": """", ""unnamed_3"": """"}",ROW_LEVEL_EXACT_DUPLICATE_NORMALIZED,Keep the first occurrence as canonical; the other 1 are byte-equal after normalisation and carry no unique data. Record all source rows in provenance.
f63885d8dbac0f61,F034,bis_gazette_notification.csv,bis_gazette_notification,2,664; 1563,1,"{""id"": ""530"", ""related_is"": ""is 550 (\u092d\u093e\u0917 1) : 2014"", ""title"": ""\u0924\u093f\u091c\u094b\u0930\u093f\u092f\u093e\u0901"", ""unnamed_3"": ""109. \u0924\u093f\u091c\u094b\u0930\u0940, \u0938\u0947\u092b \u0921\u093f\u092a\u0949\u091c\u093c\u093f\u091f \u0932\u0949\u0915\u0930 \u0915\u0948\u092c\u093f\u0928\u0947\u091f \u0914\u0930 \u0915\u0941\u0902\u091c\u0940 \u0924\u093e\u0932\u0947 (\u",ROW_LEVEL_EXACT_DUPLICATE_NORMALIZED,Keep the first occurrence as canonical; the other 1 are byte-equal after normalisation and carry no unique data. Record all source rows in provenance.
dee1677a969d7367,F034,bis_gazette_notification.csv,bis_gazette_notification,2,665; 1564,1,"{""id"": ""531"", ""related_is"": ""is 5244 : 2020"", ""title"": ""\u0938\u0947\u092b \u0921\u093f\u092a\u0949\u091c\u093c\u093f\u091f \u0932\u0949\u0915\u0930 \u0915\u0948\u092c\u093f\u0928\u0947\u091f"", ""unnamed_3"": """"}",ROW_LEVEL_EXACT_DUPLICATE_NORMALIZED,Keep the first occurrence as canonical; the other 1 are byte-equal after normalisation and carry no unique data. Record all source rows in provenance.
5ca85fc28367028a,F034,bis_gazette_notification.csv,bis_gazette_notification,2,666; 1565,1,"{""id"": ""532"", ""related_is"": ""is 17566 : 2021"", ""title"": ""\u0938\u0941\u0930\u0915\u094d\u0937\u093e \u0909\u092a\u0915\u0930\u0923\u094b\u0902 \u0915\u0947 \u0932\u093f\u090f \u0915\u0941\u0902\u091c\u0940 \u0924\u093e\u0932\u0947"", ""unnamed_3"": """"}",ROW_LEVEL_EXACT_DUPLICATE_NORMALIZED,Keep the first occurrence as canonical; the other 1 are byte-equal after normalisation and carry no unique data. Record all source rows in provenance.
ec93c69f9ad62e64,F034,bis_gazette_notification.csv,bis_gazette_notification,2,667; 1566,1,"{""id"": ""\u0939\u093f\u0902\u091c\u0947\u0938 (\u092a\u093f\u0935\u091f\u094d\u0938)"", ""related_is"": """", ""title"": """", ""unnamed_3"": """"}",ROW_LEVEL_EXACT_DUPLICATE_NORMALIZED,Keep the first occurrence as canonical; the other 1 are byte-equal after normalisation and carry no unique data. Record all source rows in provenance.
1ca47601d10e7727,F034,bis_gazette_notification.csv,bis_gazette_notification,2,668; 1567,1,"{""id"": ""533"", ""related_is"": ""is 12817:2020"", ""title"": ""\u0938\u094d\u091f\u0947\u0928\u0932\u0947\u0938 \u0938\u094d\u091f\u0940\u0932 \u092c\u091f \u0939\u093f\u0902\u091c\u0947\u0938"", ""unnamed_3"": ""110. \u0939\u093f\u0902\u091c\u0947\u0938 (\u0917\u0941\u0923\u0935\u0924\u094d\u0924\u093e \u0928\u093f\u092f\u0902\u0924\u094d\u0930\u0923) \u0906\u0926\u0947\u0936, 2023 s.o. 5294(e), \u0926\u093f",ROW_LEVEL_EXACT_DUPLICATE_NORMALIZED,Keep the first occurrence as canonical; the other 1 are byte-equal after normalisation and carry no unique data. Record all source rows in provenance.
e0ec784bcd0aef1d,F034,bis_gazette_notification.csv,bis_gazette_notification,2,669; 1568,1,"{""id"": ""534"", ""related_is"": ""is 1341:2018"", ""title"": ""\u0938\u094d\u091f\u0940\u0932 \u092c\u091f \u0939\u093f\u0902\u091c\u0947\u0938"", ""unnamed_3"": """"}",ROW_LEVEL_EXACT_DUPLICATE_NORMALIZED,Keep the first occurrence as canonical; the other 1 are byte-equal after normalisation and carry no unique data. Record all source rows in provenance.
78848bb5dd3eb959,F034,bis_gazette_notification.csv,bis_gazette_notification,2,670; 1569,1,"{""id"": ""535"", ""related_is"": ""is 205:1992"", ""title"": ""\u0917\u0948\u0930-\u0932\u094c\u0939 \u0927\u093e\u0924\u0941 \u092c\u091f \u0939\u093f\u0902\u091c\u0947\u0938"", ""unnamed_3"": """"}",ROW_LEVEL_EXACT_DUPLICATE_NORMALIZED,Keep the first occurrence as canonical; the other 1 are byte-equal after normalisation and carry no unique data. Record all source rows in provenance.
06d9f1f13e8f5eaa,F034,bis_gazette_notification.csv,bis_gazette_notification,2,671; 1570,1,"{""id"": ""536"", ""related_is"": ""is 206:2010"", ""title"": ""\u091f\u0940 \u0914\u0930 \u0938\u094d\u091f\u094d\u0930\u0948\u092a \u0939\u093f\u0902\u091c\u0947\u0938"", ""unnamed_3"": """"}",ROW_LEVEL_EXACT_DUPLICATE_NORMALIZED,Keep the first occurrence as canonical; the other 1 are byte-equal after normalisation and carry no unique data. Record all source rows in provenance.
429bae9ba7c28466,F034,bis_gazette_notification.csv,bis_gazette_notification,2,672; 1571,1,"{""id"": ""537"", ""related_is"": ""is 362:1991"", ""title"": ""\u0938\u0902\u0938\u0926\u0940\u092f \u0939\u093f\u0902\u091c\u0947\u0938"", ""unnamed_3"": """"}",ROW_LEVEL_EXACT_DUPLICATE_NORMALIZED,Keep the first occurrence as canonical; the other 1 are byte-equal after normalisation and carry no unique data. Record all source rows in provenance.
847faf4cae3b7dd2,F034,bis_gazette_notification.csv,bis_gazette_notification,2,673; 1572,1,"{""id"": ""538"", ""related_is"": ""is 3818:1992"", ""title"": ""\u0915\u0902\u091f\u093f\u0928\u094d\u092f\u0941\u0905\u0938 (\u092a\u093f\u092f\u093e\u0928\u094b) \u0939\u093f\u0902\u091c\u0947\u0938"", ""unnamed_3"": """"}",ROW_LEVEL_EXACT_DUPLICATE_NORMALIZED,Keep the first occurrence as canonical; the other 1 are byte-equal after normalisation and carry no unique data. Record all source rows in provenance.
917244395d328007,F034,bis_gazette_notification.csv,bis_gazette_notification,2,674; 1573,1,"{""id"": ""539"", ""related_is"": ""is 3843:1995"", ""title"": ""\u0938\u094d\u091f\u0940\u0932 \u092c\u0948\u0915 \u092b\u094d\u0932\u0948\u092a \u0939\u093f\u0902\u091c\u0947\u0938"", ""unnamed_3"": """"}",ROW_LEVEL_EXACT_DUPLICATE_NORMALIZED,Keep the first occurrence as canonical; the other 1 are byte-equal after normalisation and carry no unique data. Record all source rows in provenance.
9d785bda6a8f9f35,F034,bis_gazette_notification.csv,bis_gazette_notification,2,675; 1574,1,"{""id"": ""540"", ""related_is"": ""is 453:1993"", ""title"": ""\u0921\u092c\u0932-\u090f\u0915\u094d\u091f\u093f\u0902\u0917 \u0938\u094d\u092a\u094d\u0930\u093f\u0902\u0917 \u0939\u093f\u0902\u091c\u0947\u0938"", ""unnamed_3"": """"}",ROW_LEVEL_EXACT_DUPLICATE_NORMALIZED,Keep the first occurrence as canonical; the other 1 are byte-equal after normalisation and carry no unique data. Record all source rows in provenance.
63da310c506b5f8f,F034,bis_gazette_notification.csv,bis_gazette_notification,2,676; 1575,1,"{""id"": ""541"", ""related_is"": ""is 18297:2023"", ""title"": ""\u0915\u0948\u092c\u093f\u0928\u0947\u091f \u0939\u093f\u0902\u091c\u0947\u0938"", ""unnamed_3"": """"}",ROW_LEVEL_EXACT_DUPLICATE_NORMALIZED,Keep the first occurrence as canonical; the other 1 are byte-equal after normalisation and carry no unique data. Record all source rows in provenance.
47ab30a168bd7735,F034,bis_gazette_notification.csv,bis_gazette_notification,2,677; 1576,1,"{""id"": ""\u0938\u093e\u0907\u0915\u093f\u0932 \u0914\u0930 \u0930\u093f\u0915\u094d\u0936\u093e \u091f\u093e\u092f\u0930 \u0914\u0930 \u091f\u094d\u092f\u0942\u092c"", ""related_is"": """", ""title"": """", ""unnamed_3"": """"}",ROW_LEVEL_EXACT_DUPLICATE_NORMALIZED,Keep the first occurrence as canonical; the other 1 are byte-equal after normalisation and carry no unique data. Record all source rows in provenance.
fe7571bfa66a3941,F034,bis_gazette_notification.csv,bis_gazette_notification,2,678; 1577,1,"{""id"": ""542"", ""related_is"": ""is 2414:2005"", ""title"": ""\u0938\u093e\u0907\u0915\u093f\u0932 \u0914\u0930 \u0930\u093f\u0915\u094d\u0936\u093e \u0915\u0947 \u0928\u094d\u092f\u0942\u092e\u0947\u091f\u093f\u0915 \u091f\u093e\u092f\u0930"", ""unnamed_3"": ""111. \u0938\u093e\u0907\u0915\u093f\u0932 \u0914\u0930 \u0930\u093f\u0915\u094d\u0936\u093e \u091f\u093e\u092f\u0930 \u0914\u0930 \u091f\u094d\u092f\u",ROW_LEVEL_EXACT_DUPLICATE_NORMALIZED,Keep the first occurrence as canonical; the other 1 are byte-equal after normalisation and carry no unique data. Record all source rows in provenance.
93ae5244f8071600,F034,bis_gazette_notification.csv,bis_gazette_notification,2,680; 1579,1,"{""id"": ""\u092a\u094d\u0930\u0947\u0936\u0930 \u0915\u0941\u0915\u0930 \u0915\u0947 \u0932\u093f\u090f \u0930\u092c\u0930 \u0917\u0948\u0938\u094d\u0915\u0947\u091f\u094d\u0938"", ""related_is"": """", ""title"": """", ""unnamed_3"": """"}",ROW_LEVEL_EXACT_DUPLICATE_NORMALIZED,Keep the first occurrence as canonical; the other 1 are byte-equal after normalisation and carry no unique data. Record all source rows in provenance.
82aa2f8293658218,F034,bis_gazette_notification.csv,bis_gazette_notification,2,681; 1580,1,"{""id"": ""544"", ""related_is"": ""is 7466 :1994"", ""title"": ""\u092a\u094d\u0930\u0947\u0936\u0930 \u0915\u0941\u0915\u0930 \u0915\u0947 \u0932\u093f\u090f \u0930\u092c\u0930 \u0917\u0948\u0938\u094d\u0915\u0947\u091f\u094d\u0938"", ""unnamed_3"": ""112. \u092a\u094d\u0930\u0947\u0936\u0930 \u0915\u0941\u0915\u0930 \u0915\u0947 \u0932\u093f\u090f \u0930\u092c\u0930 \u0917\u0948\u0938\u094d\u0915\u0947\u091f\",ROW_LEVEL_EXACT_DUPLICATE_NORMALIZED,Keep the first occurrence as canonical; the other 1 are byte-equal after normalisation and carry no unique data. Record all source rows in provenance.
7772b2d6e500970f,F034,bis_gazette_notification.csv,bis_gazette_notification,2,682; 1581,1,"{""id"": ""\u092a\u094d\u0930\u092f\u094b\u0917\u0936\u093e\u0932\u093e \u0915\u0947 \u0915\u093e\u0902\u091a \u0915\u0947 \u092c\u0930\u094d\u0924\u0928"", ""related_is"": """", ""title"": """", ""unnamed_3"": """"}",ROW_LEVEL_EXACT_DUPLICATE_NORMALIZED,Keep the first occurrence as canonical; the other 1 are byte-equal after normalisation and carry no unique data. Record all source rows in provenance.
b3238765fd9e3c1c,F034,bis_gazette_notification.csv,bis_gazette_notification,2,683; 1582,1,"{""id"": ""545"", ""related_is"": ""is 878 :2008"", ""title"": ""\u092a\u094d\u0930\u092f\u094b\u0917\u0936\u093e\u0932\u093e \u0917\u094d\u0932\u093e\u0938\u0935\u0947\u092f\u0930 \u2013 \u0917\u094d\u0930\u0948\u091c\u0941\u090f\u091f\u0947\u0921 \u092e\u093e\u092a \u0938\u093f\u0932\u0947\u0902\u0921\u0930"", ""unnamed_3"": ""113. \u092a\u094d\u0930\u092f\u094b\u0917\u0936\u093e\u0932\u093e \u0917\u094d\u0932",ROW_LEVEL_EXACT_DUPLICATE_NORMALIZED,Keep the first occurrence as canonical; the other 1 are byte-equal after normalisation and carry no unique data. Record all source rows in provenance.
f3f3c55808024d29,F034,bis_gazette_notification.csv,bis_gazette_notification,2,684; 1583,1,"{""id"": ""546"", ""related_is"": ""is 915:2012"", ""title"": ""\u092a\u094d\u0930\u092f\u094b\u0917\u0936\u093e\u0932\u093e \u0917\u094d\u0932\u093e\u0938\u0935\u0947\u092f\u0930 \u2013 \u0935\u0928 \u092e\u093e\u0930\u094d\u0915 \u0935\u0949\u0932\u094d\u092f\u0942\u092e\u0947\u091f\u094d\u0930\u093f\u0915 \u092b\u094d\u0932\u093e\u0938\u094d\u0915"", ""unnamed_3"": """"}",ROW_LEVEL_EXACT_DUPLICATE_NORMALIZED,Keep the first occurrence as canonical; the other 1 are byte-equal after normalisation and carry no unique data. Record all source rows in provenance.
ef0344c5bf010e74,F034,bis_gazette_notification.csv,bis_gazette_notification,2,685; 1584,1,"{""id"": ""547"", ""related_is"": ""is 1381 (\u092d\u093e\u0917 1):2003"", ""title"": ""\u092a\u094d\u0930\u092f\u094b\u0917\u0936\u093e\u0932\u093e \u0917\u094d\u0932\u093e\u0938\u0935\u0947\u092f\u0930 \u2013 \u0938\u0902\u0915\u0930\u0947 \u0917\u0932\u0947 \u0935\u093e\u0932\u0947 \u092c\u0949\u092f\u0932\u093f\u0902\u0917 \u092b\u094d\u0932\u093e\u0938\u094d\u0915"", ""unnamed_3"": """"}",ROW_LEVEL_EXACT_DUPLICATE_NORMALIZED,Keep the first occurrence as canonical; the other 1 are byte-equal after normalisation and carry no unique data. Record all source rows in provenance.
e52f2329181b0166,F034,bis_gazette_notification.csv,bis_gazette_notification,2,686; 1585,1,"{""id"": ""548"", ""related_is"": ""is 1117:2018"", ""title"": ""\u092a\u094d\u0930\u092f\u094b\u0917\u0936\u093e\u0932\u093e \u0917\u094d\u0932\u093e\u0938\u0935\u0947\u092f\u0930 \u2013 \u0938\u093f\u0902\u0917\u0932 \u0935\u0949\u0932\u094d\u092f\u0942\u092e \u092a\u093e\u0907\u092a\u0947\u091f\u094d\u0938"", ""unnamed_3"": """"}",ROW_LEVEL_EXACT_DUPLICATE_NORMALIZED,Keep the first occurrence as canonical; the other 1 are byte-equal after normalisation and carry no unique data. Record all source rows in provenance.
d63a558697d5791a,F034,bis_gazette_notification.csv,bis_gazette_notification,2,687; 1586,1,"{""id"": ""549"", ""related_is"": ""is 2619:2018"", ""title"": ""\u0915\u093e\u0902\u091a \u0915\u0947 \u092c\u0940\u0915\u0930"", ""unnamed_3"": """"}",ROW_LEVEL_EXACT_DUPLICATE_NORMALIZED,Keep the first occurrence as canonical; the other 1 are byte-equal after normalisation and carry no unique data. Record all source rows in provenance.
2e1c23a0fd44144e,F034,bis_gazette_notification.csv,bis_gazette_notification,2,688; 1587,1,"{""id"": ""\u0935\u093f\u0926\u094d\u092f\u0941\u0924 \u0909\u092a\u0915\u0930\u0923 \u0914\u0930 \u0938\u0939\u093e\u092f\u0915 \u0909\u092a\u0915\u0930\u0923"", ""related_is"": """", ""title"": """", ""unnamed_3"": """"}",ROW_LEVEL_EXACT_DUPLICATE_NORMALIZED,Keep the first occurrence as canonical; the other 1 are byte-equal after normalisation and carry no unique data. Record all source rows in provenance.
ea01520342faad08,F034,bis_gazette_notification.csv,bis_gazette_notification,2,689; 1588,1,"{""id"": ""550"", ""related_is"": ""is 14772: 2020"", ""title"": ""\u0918\u0930\u0947\u0932\u0942 \u0914\u0930 \u0907\u0938\u0940 \u0924\u0930\u0939 \u0915\u0940 \u092b\u093f\u0915\u094d\u0938\u094d\u0921 \u0935\u093f\u0926\u094d\u092f\u0941\u0924 \u0907\u0902\u0938\u094d\u091f\u0949\u0932\u0947\u0936\u0928\u094d\u0938 \u0915\u0947 \u0932\u093f\u090f \u0907\u0932\u0947\u0915\u094d\u091f\u094d\u0930\u093f\u09",ROW_LEVEL_EXACT_DUPLICATE_NORMALIZED,Keep the first occurrence as canonical; the other 1 are byte-equal after normalisation and carry no unique data. Record all source rows in provenance.
293f9c41d15d255f,F034,bis_gazette_notification.csv,bis_gazette_notification,2,691; 1590,1,"{""id"": ""552"", ""related_is"": ""is 1258: 2005"", ""title"": ""\u092c\u0947\u092f\u094b\u0928\u091f \u0932\u0948\u0902\u092a \u0939\u094b\u0932\u094d\u0921\u0930\u094d\u0938"", ""unnamed_3"": """"}",ROW_LEVEL_EXACT_DUPLICATE_NORMALIZED,Keep the first occurrence as canonical; the other 1 are byte-equal after normalisation and carry no unique data. Record all source rows in provenance.
77233d0f9f073934,F034,bis_gazette_notification.csv,bis_gazette_notification,2,692; 1591,1,"{""id"": ""553"", ""related_is"": ""is 15787: 2008"", ""title"": ""\u0938\u094d\u0935\u093f\u091a-\u0938\u0949\u0915\u0947\u091f-\u0906\u0909\u091f\u0932\u0947\u091f\u094d\u0938 (\u0928\u0949\u0928-\u0907\u0902\u091f\u0930\u0932\u0949\u0915 \u092a\u094d\u0930\u0915\u093e\u0930)"", ""unnamed_3"": """"}",ROW_LEVEL_EXACT_DUPLICATE_NORMALIZED,Keep the first occurrence as canonical; the other 1 are byte-equal after normalisation and carry no unique data. Record all source rows in provenance.
7ceb7469d53aaed4,F034,bis_gazette_notification.csv,bis_gazette_notification,2,693; 1592,1,"{""id"": ""554"", ""related_is"": ""is 13774:2021"", ""title"": ""\u0907\u0928\u094d\u0938\u0941\u0932\u0947\u091f\u093f\u0902\u0917 \u092e\u091f\u0947\u0930\u093f\u092f\u0932 \u0915\u0947 \u0932\u093e\u0907\u0935 \u0935\u0930\u094d\u0915\u093f\u0902\u0917 \u0917\u094d\u0932\u0935\u094d\u0938"", ""unnamed_3"": """"}",ROW_LEVEL_EXACT_DUPLICATE_NORMALIZED,Keep the first occurrence as canonical; the other 1 are byte-equal after normalisation and carry no unique data. Record all source rows in provenance.
b8e39b99f17903f9,F034,bis_gazette_notification.csv,bis_gazette_notification,2,694; 1593,1,"{""id"": ""555"", ""related_is"": ""is 15652:2006"", ""title"": ""\u0935\u093f\u0926\u094d\u092f\u0941\u0924 \u0909\u0926\u094d\u0926\u0947\u0936\u094d\u092f\u094b\u0902 \u0915\u0947 \u0932\u093f\u090f \u0907\u0902\u0938\u0941\u0932\u0947\u091f\u093f\u0902\u0917 \u092e\u0948\u091f\u094d\u0938"", ""unnamed_3"": """"}",ROW_LEVEL_EXACT_DUPLICATE_NORMALIZED,Keep the first occurrence as canonical; the other 1 are byte-equal after normalisation and carry no unique data. Record all source rows in provenance.
aaf9ad3b83019e19,F034,bis_gazette_notification.csv,bis_gazette_notification,2,695; 1594,1,"{""id"": """", ""related_is"": ""is 7809 (\u092d\u093e\u0917 3/ \u0916\u0902\u0921 1): 1986"", ""title"": ""\u0935\u093f\u0926\u094d\u092f\u0941\u0924 \u0909\u0926\u094d\u0926\u0947\u0936\u094d\u092f\u094b\u0902 \u0915\u0947 \u0932\u093f\u090f \u092a\u094d\u0930\u0947\u0936\u0930 \u0938\u0947\u0902\u0938\u093f\u091f\u093f\u0935 \u090f\u0921\u0940\u0938\u093f\u0935 \u0907\u0902\u0938\u0941\u0932\u0947\u091f\u",ROW_LEVEL_EXACT_DUPLICATE_NORMALIZED,Keep the first occurrence as canonical; the other 1 are byte-equal after normalisation and carry no unique data. Record all source rows in provenance.
7b2c4e5f84931861,F034,bis_gazette_notification.csv,bis_gazette_notification,2,696; 1595,1,"{""id"": ""556"", ""related_is"": ""is 16012: 2012"", ""title"": ""\u092a\u0949\u0932\u0940-\u0932\u0947\u092e\u093f\u0928\u0947\u091f\u0947\u0921 \u090f\u0932\u094d\u092f\u0941\u092e\u093f\u0928\u093f\u092f\u092e \u0915\u0947\u092c\u0932 \u0930\u0948\u092a"", ""unnamed_3"": """"}",ROW_LEVEL_EXACT_DUPLICATE_NORMALIZED,Keep the first occurrence as canonical; the other 1 are byte-equal after normalisation and carry no unique data. Record all source rows in provenance.
0f971beefd182b53,F034,bis_gazette_notification.csv,bis_gazette_notification,2,697; 1596,1,"{""id"": ""\u092a\u0949\u0932\u0940 \u0935\u093f\u0928\u093e\u0907\u0932 \u0915\u094d\u0932\u094b\u0930\u093e\u0907\u0921 (pvc) \u0939\u094b\u092e\u094b\u092a\u0949\u0932\u093f\u092e\u0930"", ""related_is"": """", ""title"": """", ""unnamed_3"": """"}",ROW_LEVEL_EXACT_DUPLICATE_NORMALIZED,Keep the first occurrence as canonical; the other 1 are byte-equal after normalisation and carry no unique data. Record all source rows in provenance.
2cf0ef57abade01a,F034,bis_gazette_notification.csv,bis_gazette_notification,2,698; 1597,1,"{""id"": """", ""related_is"": ""is 17658:2021"", ""title"": ""\u092a\u0949\u0932\u0940 \u0935\u093f\u0928\u093e\u0907\u0932 \u0915\u094d\u0932\u094b\u0930\u093e\u0907\u0921 (pvc) \u0939\u094b\u092e\u094b\u092a\u0949\u0932\u093f\u092e\u0930"", ""unnamed_3"": ""\u092a\u0949\u0932\u0940 \u0935\u093f\u0928\u093e\u0907\u0932 \u0915\u094d\u0932\u094b\u0930\u093e\u0907\u0921 (pvc) \u0939\u094b\u092e\u094b\u092a\u0949\",ROW_LEVEL_EXACT_DUPLICATE_NORMALIZED,Keep the first occurrence as canonical; the other 1 are byte-equal after normalisation and carry no unique data. Record all source rows in provenance.
036e0142bf14eb26,F034,bis_gazette_notification.csv,bis_gazette_notification,2,699; 1598,1,"{""id"": ""\u092a\u0949\u0932\u0940\u092a\u094d\u0930\u094b\u092a\u0932\u0940\u0928 (pp) \u092e\u091f\u0947\u0930\u093f\u092f\u0932\u094d\u0938 \u092b\u0949\u0930 \u092e\u094b\u0932\u094d\u0921\u093f\u0902\u0917 \u090f\u0902\u0921 \u090f\u0915\u094d\u0938\u091f\u094d\u0930\u0942\u091c\u093c\u0928"", ""related_is"": """", ""title"": """", ""unnamed_3"": """"}",ROW_LEVEL_EXACT_DUPLICATE_NORMALIZED,Keep the first occurrence as canonical; the other 1 are byte-equal after normalisation and carry no unique data. Record all source rows in provenance.
606a1623d377e767,F034,bis_gazette_notification.csv,bis_gazette_notification,2,700; 1599,1,"{""id"": """", ""related_is"": ""is 10951: 2020"", ""title"": ""\u092a\u0949\u0932\u0940\u092a\u094d\u0930\u094b\u092a\u0932\u0940\u0928 (pp) \u092e\u091f\u0947\u0930\u093f\u092f\u0932\u094d\u0938 \u092b\u0949\u0930 \u092e\u094b\u0932\u094d\u0921\u093f\u0902\u0917 \u090f\u0902\u0921 \u090f\u0915\u094d\u0938\u091f\u094d\u0930\u0942\u091c\u093c\u0928"", ""unnamed_3"": ""\u092a\u0949\u0932\u0940\u092a\u094d\u0930\u",ROW_LEVEL_EXACT_DUPLICATE_NORMALIZED,Keep the first occurrence as canonical; the other 1 are byte-equal after normalisation and carry no unique data. Record all source rows in provenance.
5d0ab602ef4e58f1,F034,bis_gazette_notification.csv,bis_gazette_notification,2,701; 1600,1,"{""id"": ""\u0921\u0940\u091c\u093c\u0932 \u0907\u0902\u091c\u0928 \u2013 nox \u0930\u093f\u0921\u0915\u094d\u0936\u0928 \u090f\u091c\u0947\u0902\u091f aus 32"", ""related_is"": """", ""title"": """", ""unnamed_3"": """"}",ROW_LEVEL_EXACT_DUPLICATE_NORMALIZED,Keep the first occurrence as canonical; the other 1 are byte-equal after normalisation and carry no unique data. Record all source rows in provenance.
50a75b3c5ea86fa1,F034,bis_gazette_notification.csv,bis_gazette_notification,2,702; 1601,1,"{""id"": ""557"", ""related_is"": ""is 17042 (\u092d\u093e\u0917-1): 2018"", ""title"": ""\u0921\u0940\u091c\u093c\u0932 \u0907\u0902\u091c\u0928 \u2013 nox \u0930\u093f\u0921\u0915\u094d\u0936\u0928 \u090f\u091c\u0947\u0902\u091f aus 32"", ""unnamed_3"": ""114. \u0921\u0940\u091c\u093c\u0932 \u0907\u0902\u091c\u0928 \u2013 nox \u0930\u093f\u0921\u0915\u094d\u0936\u0928 \u090f\u091c\u0947\u0902\u091f aus 32 (\u0",ROW_LEVEL_EXACT_DUPLICATE_NORMALIZED,Keep the first occurrence as canonical; the other 1 are byte-equal after normalisation and carry no unique data. Record all source rows in provenance.
028319c8fc18aacd,F034,bis_gazette_notification.csv,bis_gazette_notification,2,703; 1602,1,"{""id"": ""\u090f\u092f\u0930 \u0915\u0942\u0932\u0930 \u0914\u0930 \u090f\u092f\u0930 \u092b\u093c\u093f\u0932\u094d\u091f\u0930"", ""related_is"": """", ""title"": """", ""unnamed_3"": """"}",ROW_LEVEL_EXACT_DUPLICATE_NORMALIZED,Keep the first occurrence as canonical; the other 1 are byte-equal after normalisation and carry no unique data. Record all source rows in provenance.
860f7ad31767d378,F034,bis_gazette_notification.csv,bis_gazette_notification,2,704; 1603,1,"{""id"": ""558"", ""related_is"": ""is 3315:2019"", ""title"": ""\u0935\u093e\u0937\u094d\u092a\u0940\u0915\u0930\u0923 \u090f\u092f\u0930 \u0915\u0942\u0932\u0930 (\u0921\u0947\u091c\u093c\u0930\u094d\u091f \u0915\u0942\u0932\u0930)"", ""unnamed_3"": ""115. \u090f\u092f\u0930 \u0915\u0942\u0932\u0930 \u0914\u0930 \u090f\u092f\u0930 \u092b\u093c\u093f\u0932\u094d\u091f\u0930 (\u0917\u0941\u0923\u0935\u0924\u094d",ROW_LEVEL_EXACT_DUPLICATE_NORMALIZED,Keep the first occurrence as canonical; the other 1 are byte-equal after normalisation and carry no unique data. Record all source rows in provenance.
f1a37449c0129bea,F034,bis_gazette_notification.csv,bis_gazette_notification,2,706; 1605,1,"{""id"": ""\u0935\u093f\u0926\u094d\u092f\u0941\u0924 \u0909\u092a\u0915\u0930\u0923"", ""related_is"": """", ""title"": """", ""unnamed_3"": """"}",ROW_LEVEL_EXACT_DUPLICATE_NORMALIZED,Keep the first occurrence as canonical; the other 1 are byte-equal after normalisation and carry no unique data. Record all source rows in provenance.
59b2e9c2c55aa99a,F034,bis_gazette_notification.csv,bis_gazette_notification,2,713; 1612,1,"{""id"": ""\u090f\u0938\u094d\u092c\u0947\u0938\u094d\u091f\u0938 \u092f\u093e \u092b\u093e\u0907\u092c\u0930 \u0938\u0940\u092e\u0947\u0902\u091f \u0906\u0927\u093e\u0930\u093f\u0924 \u0909\u0924\u094d\u092a\u093e\u0926"", ""related_is"": """", ""title"": """", ""unnamed_3"": """"}",ROW_LEVEL_EXACT_DUPLICATE_NORMALIZED,Keep the first occurrence as canonical; the other 1 are byte-equal after normalisation and carry no unique data. Record all source rows in provenance.
e16bc946c6788dd7,F034,bis_gazette_notification.csv,bis_gazette_notification,2,714; 1613,1,"{""id"": ""566"", ""related_is"": ""is 459:1992"", ""title"": ""\u0924\u093f\u0930\u091b\u0947 \u0914\u0930 \u0905\u0930\u094d\u0927-\u0924\u093f\u0930\u091b\u0947 \u090f\u0938\u094d\u092c\u0947\u0938\u094d\u091f\u0938 \u0938\u0940\u092e\u0947\u0902\u091f \u0936\u0940\u091f\u094d\u0938"", ""unnamed_3"": ""121. \u090f\u0938\u094d\u092c\u0947\u0938\u094d\u091f\u0938 \u092f\u093e \u092b\u093e\u0907\u092c\u0930 \u09",ROW_LEVEL_EXACT_DUPLICATE_NORMALIZED,Keep the first occurrence as canonical; the other 1 are byte-equal after normalisation and carry no unique data. Record all source rows in provenance.
06d481d3fccce4d6,F034,bis_gazette_notification.csv,bis_gazette_notification,2,715; 1614,1,"{""id"": ""567"", ""related_is"": ""is 1592:2003"", ""title"": ""\u090f\u0938\u094d\u092c\u0947\u0938\u094d\u091f\u0938 \u0938\u0940\u092e\u0947\u0902\u091f \u092a\u094d\u0930\u0947\u0936\u0930 \u092a\u093e\u0907\u092a \u0914\u0930 \u091c\u094b\u0921\u093c"", ""unnamed_3"": """"}",ROW_LEVEL_EXACT_DUPLICATE_NORMALIZED,Keep the first occurrence as canonical; the other 1 are byte-equal after normalisation and carry no unique data. Record all source rows in provenance.
695ed290e3b02b3d,F034,bis_gazette_notification.csv,bis_gazette_notification,2,716; 1615,1,"{""id"": ""568"", ""related_is"": ""is 2096:1992"", ""title"": ""\u090f\u0938\u094d\u092c\u0947\u0938\u094d\u091f\u0938 \u0938\u0940\u092e\u0947\u0902\u091f \u092b\u094d\u0932\u0948\u091f \u0936\u0940\u091f\u094d\u0938"", ""unnamed_3"": """"}",ROW_LEVEL_EXACT_DUPLICATE_NORMALIZED,Keep the first occurrence as canonical; the other 1 are byte-equal after normalisation and carry no unique data. Record all source rows in provenance.
1e66696b2aa8afab,F034,bis_gazette_notification.csv,bis_gazette_notification,2,717; 1616,1,"{""id"": ""569"", ""related_is"": ""is 2098:1997"", ""title"": ""\u090f\u0938\u094d\u092c\u0947\u0938\u094d\u091f\u0938 \u0938\u0940\u092e\u0947\u0902\u091f \u092c\u093f\u0932\u094d\u0921\u093f\u0902\u0917 \u092c\u094b\u0930\u094d\u0921\u094d\u0938"", ""unnamed_3"": """"}",ROW_LEVEL_EXACT_DUPLICATE_NORMALIZED,Keep the first occurrence as canonical; the other 1 are byte-equal after normalisation and carry no unique data. Record all source rows in provenance.
9ae928b314cb261f,F034,bis_gazette_notification.csv,bis_gazette_notification,2,718; 1617,1,"{""id"": ""570"", ""related_is"": ""is 6908:1991"", ""title"": ""\u0938\u0940\u0935\u0947\u091c \u0914\u0930 \u0921\u094d\u0930\u0947\u0928\u0947\u091c \u0915\u0947 \u0932\u093f\u090f \u090f\u0938\u094d\u092c\u0947\u0938\u094d\u091f\u0938-\u0938\u0940\u092e\u0947\u0902\u091f \u092a\u093e\u0907\u092a \u0914\u0930 \u092b\u093f\u091f\u093f\u0902\u0917\u094d\u0938"", ""unnamed_3"": """"}",ROW_LEVEL_EXACT_DUPLICATE_NORMALIZED,Keep the first occurrence as canonical; the other 1 are byte-equal after normalisation and carry no unique data. Record all source rows in provenance.
a9a7f08d1d040ecf,F034,bis_gazette_notification.csv,bis_gazette_notification,2,719; 1618,1,"{""id"": ""571"", ""related_is"": ""is 13000:1990"", ""title"": ""\u0938\u093f\u0932\u093f\u0915\u093e-\u090f\u0938\u094d\u092c\u0947\u0938\u094d\u091f\u0938-\u0938\u0940\u092e\u0947\u0902\u091f \u092b\u094d\u0932\u0948\u091f \u0936\u0940\u091f\u094d\u0938"", ""unnamed_3"": """"}",ROW_LEVEL_EXACT_DUPLICATE_NORMALIZED,Keep the first occurrence as canonical; the other 1 are byte-equal after normalisation and carry no unique data. Record all source rows in provenance.
b0ea827d924275dd,F034,bis_gazette_notification.csv,bis_gazette_notification,2,720; 1619,1,"{""id"": ""572"", ""related_is"": ""is 8870:1978"", ""title"": ""\u090f\u0938\u094d\u092c\u0947\u0938\u094d\u091f\u0938 \u0938\u0940\u092e\u0947\u0902\u091f \u0915\u0947\u092c\u0932 \u0928\u093e\u0932\u093f\u092f\u093e\u0902 \u0914\u0930 \u091f\u094d\u0930\u0949\u092b\u093c"", ""unnamed_3"": """"}",ROW_LEVEL_EXACT_DUPLICATE_NORMALIZED,Keep the first occurrence as canonical; the other 1 are byte-equal after normalisation and carry no unique data. Record all source rows in provenance.
be16179861c42519,F034,bis_gazette_notification.csv,bis_gazette_notification,2,721; 1620,1,"{""id"": ""573"", ""related_is"": ""is 9627:1980"", ""title"": ""\u090f\u0938\u094d\u092c\u0947\u0938\u094d\u091f\u0938 \u0938\u0940\u092e\u0947\u0902\u091f \u092a\u094d\u0930\u0947\u0936\u0930 \u092a\u093e\u0907\u092a (\u0939\u0932\u094d\u0915\u093e \u0915\u093e\u0930\u094d\u092f)"", ""unnamed_3"": """"}",ROW_LEVEL_EXACT_DUPLICATE_NORMALIZED,Keep the first occurrence as canonical; the other 1 are byte-equal after normalisation and carry no unique data. Record all source rows in provenance.
0866dc7b3236b5a7,F034,bis_gazette_notification.csv,bis_gazette_notification,2,722; 1621,1,"{""id"": ""574"", ""related_is"": ""is 13008:1990"", ""title"": ""\u0936\u0948\u0932\u094b \u0924\u093f\u0930\u091b\u0940 \u090f\u0938\u094d\u092c\u0947\u0938\u094d\u091f\u0938 \u0938\u0940\u092e\u0947\u0902\u091f \u0936\u0940\u091f\u094d\u0938"", ""unnamed_3"": """"}",ROW_LEVEL_EXACT_DUPLICATE_NORMALIZED,Keep the first occurrence as canonical; the other 1 are byte-equal after normalisation and carry no unique data. Record all source rows in provenance.
58ac316489ddae2e,F034,bis_gazette_notification.csv,bis_gazette_notification,2,723; 1622,1,"{""id"": ""575"", ""related_is"": ""is 14862:2000"", ""title"": ""\u092b\u093e\u0907\u092c\u0930 \u0938\u0940\u092e\u0947\u0902\u091f \u092b\u094d\u0932\u0948\u091f \u0936\u0940\u091f\u094d\u0938"", ""unnamed_3"": """"}",ROW_LEVEL_EXACT_DUPLICATE_NORMALIZED,Keep the first occurrence as canonical; the other 1 are byte-equal after normalisation and carry no unique data. Record all source rows in provenance.
63f7a1bf73dd23f7,F034,bis_gazette_notification.csv,bis_gazette_notification,2,724; 1623,1,"{""id"": ""576"", ""related_is"": ""is 14871:2000"", ""title"": ""\u092b\u093e\u0907\u092c\u0930 \u0930\u093f\u0907\u0928\u094d\u092b\u094b\u0930\u094d\u0938\u094d\u0921 \u0938\u0940\u092e\u0947\u0902\u091f \u0909\u0924\u094d\u092a\u093e\u0926 \u2013 \u0932\u0902\u092c\u0940 \u0924\u093f\u0930\u091b\u0940 \u092f\u093e \u0905\u0938\u092e\u092e\u093f\u0924 \u0916\u0902\u0921 \u0936\u0940\u091f\u094d\u0938 \u09",ROW_LEVEL_EXACT_DUPLICATE_NORMALIZED,Keep the first occurrence as canonical; the other 1 are byte-equal after normalisation and carry no unique data. Record all source rows in provenance.
712371d1d580ba32,F034,bis_gazette_notification.csv,bis_gazette_notification,2,725; 1624,1,"{""id"": ""\u091c\u0932 \u092e\u0940\u091f\u0930 \u0914\u0930 \u0938\u0939\u093e\u092f\u0915 \u0909\u092a\u0915\u0930\u0923"", ""related_is"": """", ""title"": """", ""unnamed_3"": """"}",ROW_LEVEL_EXACT_DUPLICATE_NORMALIZED,Keep the first occurrence as canonical; the other 1 are byte-equal after normalisation and carry no unique data. Record all source rows in provenance.
bb951c1f548de95d,F034,bis_gazette_notification.csv,bis_gazette_notification,2,726; 1625,1,"{""id"": ""577"", ""related_is"": ""is 2373:1981"", ""title"": ""\u091c\u0932 \u092e\u0940\u091f\u0930 (\u0925\u094b\u0915 \u092a\u094d\u0930\u0915\u093e\u0930)"", ""unnamed_3"": ""122. \u091c\u0932 \u092e\u0940\u091f\u0930 \u0914\u0930 \u0938\u0939\u093e\u092f\u0915 \u0909\u092a\u0915\u0930\u0923 (\u0917\u0941\u0923\u0935\u0924\u094d\u0924\u093e \u0928\u093f\u092f\u0902\u0924\u094d\u0930\u0923) \u0906\u0926\u09",ROW_LEVEL_EXACT_DUPLICATE_NORMALIZED,Keep the first occurrence as canonical; the other 1 are byte-equal after normalisation and carry no unique data. Record all source rows in provenance.
8a21e1812518bf9a,F034,bis_gazette_notification.csv,bis_gazette_notification,2,727; 1626,1,"{""id"": ""578"", ""related_is"": ""is 779:1994"", ""title"": ""\u091c\u0932 \u092e\u0940\u091f\u0930 (\u0918\u0930\u0947\u0932\u0942 \u092a\u094d\u0930\u0915\u093e\u0930)"", ""unnamed_3"": """"}",ROW_LEVEL_EXACT_DUPLICATE_NORMALIZED,Keep the first occurrence as canonical; the other 1 are byte-equal after normalisation and carry no unique data. Record all source rows in provenance.
400bb3a984758b47,F034,bis_gazette_notification.csv,bis_gazette_notification,2,728; 1627,1,"{""id"": ""579"", ""related_is"": ""is 2692:1989"", ""title"": ""\u091c\u0932 \u0938\u0947\u0935\u093e\u0913\u0902 \u0915\u0947 \u0932\u093f\u090f \u092b\u0947\u0930\u0941\u0932\u094d\u0938"", ""unnamed_3"": """"}",ROW_LEVEL_EXACT_DUPLICATE_NORMALIZED,Keep the first occurrence as canonical; the other 1 are byte-equal after normalisation and carry no unique data. Record all source rows in provenance.
c7d7e613d04f0306,F034,bis_gazette_notification.csv,bis_gazette_notification,2,729; 1628,1,"{""id"": ""\u091c\u093f\u092a\u094d\u0938\u092e \u0906\u0927\u093e\u0930\u093f\u0924 \u0928\u093f\u0930\u094d\u092e\u093e\u0923 \u0938\u093e\u092e\u0917\u094d\u0930\u0940"", ""related_is"": """", ""title"": """", ""unnamed_3"": """"}",ROW_LEVEL_EXACT_DUPLICATE_NORMALIZED,Keep the first occurrence as canonical; the other 1 are byte-equal after normalisation and carry no unique data. Record all source rows in provenance.
0caba8697a6e4f17,F034,bis_gazette_notification.csv,bis_gazette_notification,2,731; 1630,1,"{""id"": ""581"", ""related_is"": ""is 17400:2021"", ""title"": ""\u0917\u094d\u0932\u093e\u0938 \u092b\u093e\u0907\u092c\u0930 \u0930\u093f\u0907\u0928\u094d\u092b\u094b\u0930\u094d\u0938\u094d\u0921 \u091c\u093f\u092a\u094d\u0938\u092e \u092a\u0948\u0928\u0932"", ""unnamed_3"": """"}",ROW_LEVEL_EXACT_DUPLICATE_NORMALIZED,Keep the first occurrence as canonical; the other 1 are byte-equal after normalisation and carry no unique data. Record all source rows in provenance.
012f182c1cb25692,F034,bis_gazette_notification.csv,bis_gazette_notification,2,734; 1633,1,"{""id"": ""\u0918\u0930\u0947\u0932\u0942 \u091c\u0932 \u0939\u0940\u091f\u093f\u0902\u0917 \u0915\u0947 \u0932\u093f\u090f \u0935\u093f\u0926\u094d\u092f\u0941\u0924 \u0909\u092a\u0915\u0930\u0923"", ""related_is"": """", ""title"": """", ""unnamed_3"": """"}",ROW_LEVEL_EXACT_DUPLICATE_NORMALIZED,Keep the first occurrence as canonical; the other 1 are byte-equal after normalisation and carry no unique data. Record all source rows in provenance.
2500c6d4fb07ddff,F034,bis_gazette_notification.csv,bis_gazette_notification,2,735; 1634,1,"{""id"": ""584"", ""related_is"": ""is 302 (\u092d\u093e\u0917 2/\u0938\u0947\u0915\u094d\u0936\u0928 21): 2018"", ""title"": ""\u0938\u094d\u0925\u093f\u0930 \u092d\u0902\u0921\u093e\u0930\u0923 \u092a\u094d\u0930\u0915\u093e\u0930 \u0915\u0947 \u0935\u093f\u0926\u094d\u092f\u0941\u0924 \u091c\u0932 \u0939\u0940\u091f\u0930 \u0915\u0947 \u0909\u092a\u0915\u0930\u0923"", ""unnamed_3"": ""124. \u0918\u0930\u0947\",ROW_LEVEL_EXACT_DUPLICATE_NORMALIZED,Keep the first occurrence as canonical; the other 1 are byte-equal after normalisation and carry no unique data. Record all source rows in provenance.
e74f257f316ed4da,F034,bis_gazette_notification.csv,bis_gazette_notification,2,736; 1635,1,"{""id"": ""585"", ""related_is"": ""is 302 (\u092d\u093e\u0917 2/\u0938\u0947\u0915\u094d\u0936\u0928 35): 2017"", ""title"": ""\u0924\u0924\u094d\u0915\u093e\u0932 \u091c\u0932 \u0939\u0940\u091f\u0930 \u0915\u0947 \u0932\u093f\u090f \u0909\u092a\u0915\u0930\u0923"", ""unnamed_3"": """"}",ROW_LEVEL_EXACT_DUPLICATE_NORMALIZED,Keep the first occurrence as canonical; the other 1 are byte-equal after normalisation and carry no unique data. Record all source rows in provenance.
c48bf940e67d4299,F034,bis_gazette_notification.csv,bis_gazette_notification,2,737; 1636,1,"{""id"": ""586"", ""related_is"": ""is 368:2014"", ""title"": ""\u0935\u093f\u0926\u094d\u092f\u0941\u0924 \u0907\u092e\u0930\u094d\u0936\u0928 \u091c\u0932 \u0939\u0940\u091f\u0930"", ""unnamed_3"": """"}",ROW_LEVEL_EXACT_DUPLICATE_NORMALIZED,Keep the first occurrence as canonical; the other 1 are byte-equal after normalisation and carry no unique data. Record all source rows in provenance.
72800c0dd8570017,F034,bis_gazette_notification.csv,bis_gazette_notification,2,738; 1637,1,"{""id"": ""587"", ""related_is"": ""is 2082:2018"", ""title"": ""\u0938\u094d\u0925\u093f\u0930 \u092d\u0902\u0921\u093e\u0930\u0923 \u092a\u094d\u0930\u0915\u093e\u0930 \u0915\u0947 \u0935\u093f\u0926\u094d\u092f\u0941\u0924 \u091c\u0932 \u0939\u0940\u091f\u0930"", ""unnamed_3"": """"}",ROW_LEVEL_EXACT_DUPLICATE_NORMALIZED,Keep the first occurrence as canonical; the other 1 are byte-equal after normalisation and carry no unique data. Record all source rows in provenance.
d08c26d0e491a015,F034,bis_gazette_notification.csv,bis_gazette_notification,2,739; 1638,1,"{""id"": ""588"", ""related_is"": ""is 17150:2019"", ""title"": ""\u092a\u093e\u0907\u092a \u0915\u093f\u090f \u0917\u090f \u092a\u094d\u0930\u093e\u0915\u0943\u0924\u093f\u0915 \u0917\u0948\u0938 (png) \u0915\u0947 \u0932\u093f\u090f \u092e\u093f\u0928\u0940 \u0918\u0930\u0947\u0932\u0942 \u091c\u0932 \u0939\u0940\u091f\u0930"", ""unnamed_3"": """"}",ROW_LEVEL_EXACT_DUPLICATE_NORMALIZED,Keep the first occurrence as canonical; the other 1 are byte-equal after normalisation and carry no unique data. Record all source rows in provenance.
49b544c12140b4b2,F034,bis_gazette_notification.csv,bis_gazette_notification,2,740; 1639,1,"{""id"": ""v-\u092c\u0947\u0932\u094d\u091f"", ""related_is"": """", ""title"": """", ""unnamed_3"": """"}",ROW_LEVEL_EXACT_DUPLICATE_NORMALIZED,Keep the first occurrence as canonical; the other 1 are byte-equal after normalisation and carry no unique data. Record all source rows in provenance.
4827ec20d0237804,F034,bis_gazette_notification.csv,bis_gazette_notification,2,743; 1642,1,"{""id"": ""591"", ""related_is"": ""is 14261: 1995"", ""title"": ""\u0938\u0902\u0915\u094d\u0930\u092e\u0923 \u0909\u092a\u0915\u0930\u0923 \u2013 v-\u092c\u0947\u0932\u094d\u091f \u2013 \u0914\u0926\u094d\u092f\u094b\u0917\u093f\u0915 \u0909\u092a\u092f\u094b\u0917 \u0915\u0947 \u0932\u093f\u090f \u0905\u0902\u0924\u0939\u0940\u0928 \u0938\u0902\u0915\u0940\u0930\u094d\u0923 v-\u092c\u0947\u0932\u094d\u091",ROW_LEVEL_EXACT_DUPLICATE_NORMALIZED,Keep the first occurrence as canonical; the other 1 are byte-equal after normalisation and carry no unique data. Record all source rows in provenance.
00b478df10cd2210,F034,bis_gazette_notification.csv,bis_gazette_notification,2,744; 1643,1,"{""id"": ""\u091f\u0947\u0932\u0940\u0938\u094d\u0915\u094b\u092a\u093f\u0915 \u092c\u0949\u0932 \u092c\u0947\u092f\u0930\u093f\u0902\u0917 \u0921\u094d\u0930\u0949\u0905\u0930 \u0938\u094d\u0932\u093e\u0907\u0921"", ""related_is"": """", ""title"": """", ""unnamed_3"": """"}",ROW_LEVEL_EXACT_DUPLICATE_NORMALIZED,Keep the first occurrence as canonical; the other 1 are byte-equal after normalisation and carry no unique data. Record all source rows in provenance.
0152416e234e0a04,F034,bis_gazette_notification.csv,bis_gazette_notification,2,745; 1644,1,"{""id"": ""592"", ""related_is"": ""is 17954:2023"", ""title"": ""\u091f\u0947\u0932\u0940\u0938\u094d\u0915\u094b\u092a\u093f\u0915 \u092c\u0949\u0932 \u092c\u0947\u092f\u0930\u093f\u0902\u0917 \u0921\u094d\u0930\u0949\u0905\u0930 \u0938\u094d\u0932\u093e\u0907\u0921"", ""unnamed_3"": ""126. \u091f\u0947\u0932\u0940\u0938\u094d\u0915\u094b\u092a\u093f\u0915 \u092c\u0949\u0932 \u092c\u0947\u092f\u0930\u093f\u090",ROW_LEVEL_EXACT_DUPLICATE_NORMALIZED,Keep the first occurrence as canonical; the other 1 are byte-equal after normalisation and carry no unique data. Record all source rows in provenance.
08f5df753043921a,F034,bis_gazette_notification.csv,bis_gazette_notification,2,746; 1645,1,"{""id"": ""\u0915\u094d\u0930\u0949\u0938 \u0930\u0947\u0938\u094d\u0938\u0947\u0921 \u0938\u094d\u0915\u094d\u0930\u0942"", ""related_is"": """", ""title"": """", ""unnamed_3"": """"}",ROW_LEVEL_EXACT_DUPLICATE_NORMALIZED,Keep the first occurrence as canonical; the other 1 are byte-equal after normalisation and carry no unique data. Record all source rows in provenance.
95905e1b647f2c0a,F034,bis_gazette_notification.csv,bis_gazette_notification,2,751; 1650,1,"{""id"": ""597"", ""related_is"": ""is 18480 (\u092d\u093e\u0917 1) :2023/ iso 7049 : 2011"", ""title"": ""\u0915\u094d\u0930\u0949\u0938 \u0930\u0947\u0938\u094d\u0938\u0947\u0921 \u091f\u0948\u092a\u093f\u0902\u0917 \u0938\u094d\u0915\u094d\u0930\u0942: \u092d\u093e\u0917 1 \u092a\u0948\u0928 \u0939\u0947\u0921"", ""unnamed_3"": """"}",ROW_LEVEL_EXACT_DUPLICATE_NORMALIZED,Keep the first occurrence as canonical; the other 1 are byte-equal after normalisation and carry no unique data. Record all source rows in provenance.
b5fd031caf2c7c6a,F034,bis_gazette_notification.csv,bis_gazette_notification,2,752; 1651,1,"{""id"": ""598"", ""related_is"": ""is 18480 (\u092d\u093e\u0917 2) :2023/ iso 7050 : 2011"", ""title"": ""\u0915\u094d\u0930\u0949\u0938 \u0930\u0947\u0938\u094d\u0938\u0947\u0921 \u091f\u0948\u092a\u093f\u0902\u0917 \u0938\u094d\u0915\u094d\u0930\u0942 \u092d\u093e\u0917 2 \u0915\u093e\u0909\u0902\u091f\u0930\u0938\u0902\u0915 \u092b\u094d\u0932\u0948\u091f \u0939\u0947\u0921"", ""unnamed_3"": """"}",ROW_LEVEL_EXACT_DUPLICATE_NORMALIZED,Keep the first occurrence as canonical; the other 1 are byte-equal after normalisation and carry no unique data. Record all source rows in provenance.
5699630f9b1b28a7,F034,bis_gazette_notification.csv,bis_gazette_notification,2,753; 1652,1,"{""id"": ""599"", ""related_is"": ""is 18480 (\u092d\u093e\u0917 3) :2023/ iso 7051 : 2011"", ""title"": ""\u0915\u094d\u0930\u0949\u0938 \u0930\u0947\u0938\u094d\u0938\u0947\u0921 \u091f\u0948\u092a\u093f\u0902\u0917 \u0938\u094d\u0915\u094d\u0930\u0942 \u092d\u093e\u0917 3 \u0930\u093e\u0907\u091c\u094d\u0921 \u0915\u093e\u0909\u0902\u091f\u0930\u0938\u0902\u0915 \u0913\u0935\u0932 \u0939\u0947\u0921"", ""un",ROW_LEVEL_EXACT_DUPLICATE_NORMALIZED,Keep the first occurrence as canonical; the other 1 are byte-equal after normalisation and carry no unique data. Record all source rows in provenance.
0746ef2503599249,F034,bis_gazette_notification.csv,bis_gazette_notification,2,754; 1653,1,"{""id"": ""600"", ""related_is"": ""is 7483 : 2018/ iso 7045 : 2011"", ""title"": ""\u092a\u0948\u0928 \u0939\u0947\u0921 \u0938\u094d\u0915\u094d\u0930\u0942 \u0935\u093f\u0925 \u091f\u093e\u0907\u092a h \u092f\u093e \u091f\u093e\u0907\u092a z \u0915\u094d\u0930\u0949\u0938 \u0930\u0947\u0938\u094d\u0938 \u2013 \u0909\u0924\u094d\u092a\u093e\u0926 \u0917\u094d\u0930\u0947\u0921 a"", ""unnamed_3"": """"}",ROW_LEVEL_EXACT_DUPLICATE_NORMALIZED,Keep the first occurrence as canonical; the other 1 are byte-equal after normalisation and carry no unique data. Record all source rows in provenance.
7f7ff45e11c6ddb9,F034,bis_gazette_notification.csv,bis_gazette_notification,2,758; 1657,1,"{""id"": ""604"", ""related_is"": ""is 18507 : 2024"", ""title"": ""\u0921\u094d\u0930\u093e\u0908\u0935\u093e\u0932 \u0938\u094d\u0915\u094d\u0930\u0942 \u2013 \u0935\u093f\u0928\u093f\u0930\u094d\u0926\u0947\u0936"", ""unnamed_3"": """"}",ROW_LEVEL_EXACT_DUPLICATE_NORMALIZED,Keep the first occurrence as canonical; the other 1 are byte-equal after normalisation and carry no unique data. Record all source rows in provenance.
d27142a553368837,F034,bis_gazette_notification.csv,bis_gazette_notification,2,759; 1658,1,"{""id"": ""605"", ""related_is"": ""is 18508 : 2024"", ""title"": ""\u091a\u093f\u092a\u092c\u094b\u0930\u094d\u0921 \u0938\u094d\u0915\u094d\u0930\u0942 \u2013 \u0935\u093f\u0928\u093f\u0930\u094d\u0926\u0947\u0936"", ""unnamed_3"": """"}",ROW_LEVEL_EXACT_DUPLICATE_NORMALIZED,Keep the first occurrence as canonical; the other 1 are byte-equal after normalisation and carry no unique data. Record all source rows in provenance.
8d8b1a86975ca9bc,F034,bis_gazette_notification.csv,bis_gazette_notification,2,760; 1659,1,"{""id"": ""606"", ""related_is"": ""is 18509 : 2023"", ""title"": ""\u0915\u094d\u0930\u0949\u0938-\u0930\u0947\u0938\u094d\u0938\u0947\u0921 \u0915\u093e\u0909\u0902\u091f\u0930\u0938\u0902\u0915 \u0939\u0947\u0921 \u0935\u0941\u0921 \u0938\u094d\u0915\u094d\u0930\u0942 \u2013 \u0935\u093f\u0928\u093f\u0930\u094d\u0926\u0947\u0936"", ""unnamed_3"": """"}",ROW_LEVEL_EXACT_DUPLICATE_NORMALIZED,Keep the first occurrence as canonical; the other 1 are byte-equal after normalisation and carry no unique data. Record all source rows in provenance.
e3a32dcd7cdfb2c6,F034,bis_gazette_notification.csv,bis_gazette_notification,2,761; 1660,1,"{""id"": ""\u0918\u0930\u0947\u0932\u0942, \u0935\u094d\u092f\u093e\u0935\u0938\u093e\u092f\u093f\u0915 \u0914\u0930 \u0938\u092e\u093e\u0928 \u0935\u093f\u0926\u094d\u092f\u0941\u0924 \u0909\u092a\u0915\u0930\u0923\u094b\u0902 \u0915\u0940 \u0938\u0941\u0930\u0915\u094d\u0937\u093e"", ""related_is"": """", ""title"": """", ""unnamed_3"": """"}",ROW_LEVEL_EXACT_DUPLICATE_NORMALIZED,Keep the first occurrence as canonical; the other 1 are byte-equal after normalisation and carry no unique data. Record all source rows in provenance.
cabccf64a77603b2,F034,bis_gazette_notification.csv,bis_gazette_notification,2,762; 1661,1,"{""id"": ""607"", ""related_is"": ""is 302 (\u092d\u093e\u0917 1) : 2024 iec 60335-1:2020"", ""title"": ""\u0938\u092d\u0940 \u0935\u093f\u0926\u094d\u092f\u0941\u0924 \u0909\u092a\u0915\u0930\u0923 \u0935\u0948\u0915\u094d\u092f\u0942\u092e \u0915\u094d\u0932\u0940\u0928\u0930 \u0914\u0930 \u091c\u0932-\u0938\u0902\u0935\u0947\u0926\u0940 \u0938\u092b\u093e\u0908 \u0909\u092a\u0915\u0930\u0923"", ""unnamed_3""",ROW_LEVEL_EXACT_DUPLICATE_NORMALIZED,Keep the first occurrence as canonical; the other 1 are byte-equal after normalisation and carry no unique data. Record all source rows in provenance.
75b9ec017b6e1d0e,F034,bis_gazette_notification.csv,bis_gazette_notification,2,763; 1662,1,"{""id"": ""\u0938\u094d\u092a\u093f\u0928 \u090f\u0915\u094d\u0938\u091f\u094d\u0930\u0948\u0915\u094d\u091f\u0930\u094d\u0938"", ""related_is"": """", ""title"": """", ""unnamed_3"": """"}",ROW_LEVEL_EXACT_DUPLICATE_NORMALIZED,Keep the first occurrence as canonical; the other 1 are byte-equal after normalisation and carry no unique data. Record all source rows in provenance.
11db8f5fb043c5f5,F034,bis_gazette_notification.csv,bis_gazette_notification,2,764; 1663,1,"{""id"": ""\u0915\u0941\u0915\u093f\u0902\u0917 \u0930\u0947\u0902\u091c, \u0939\u0949\u092c\u094d\u0938, \u0913\u0935\u0928 \u0914\u0930 \u0938\u092e\u093e\u0928 \u0909\u092a\u0915\u0930\u0923"", ""related_is"": """", ""title"": """", ""unnamed_3"": """"}",ROW_LEVEL_EXACT_DUPLICATE_NORMALIZED,Keep the first occurrence as canonical; the other 1 are byte-equal after normalisation and carry no unique data. Record all source rows in provenance.
2ca397f210a8626b,F034,bis_gazette_notification.csv,bis_gazette_notification,2,765; 1664,1,"{""id"": ""\u0907\u0932\u0947\u0915\u094d\u091f\u094d\u0930\u093f\u0915 \u0936\u0947\u0935\u0930, \u0939\u0947\u092f\u0930 \u0915\u094d\u0932\u093f\u092a\u0930\u094d\u0938 \u0914\u0930 \u0938\u092e\u093e\u0928 \u0909\u092a\u0915\u0930\u0923"", ""related_is"": """", ""title"": """", ""unnamed_3"": """"}",ROW_LEVEL_EXACT_DUPLICATE_NORMALIZED,Keep the first occurrence as canonical; the other 1 are byte-equal after normalisation and carry no unique data. Record all source rows in provenance.
b92950ddf192edad,F034,bis_gazette_notification.csv,bis_gazette_notification,2,766; 1665,1,"{""id"": ""\u091f\u092e\u094d\u092c\u0932\u0930 \u0921\u094d\u0930\u093e\u092f\u0930\u094d\u0938"", ""related_is"": """", ""title"": """", ""unnamed_3"": """"}",ROW_LEVEL_EXACT_DUPLICATE_NORMALIZED,Keep the first occurrence as canonical; the other 1 are byte-equal after normalisation and carry no unique data. Record all source rows in provenance.
bc3545f0ddd784ed,F034,bis_gazette_notification.csv,bis_gazette_notification,2,767; 1666,1,"{""id"": ""\u0935\u093e\u0930\u094d\u092e\u093f\u0902\u0917 \u092a\u094d\u0932\u0947\u091f \u0914\u0930 \u0938\u092e\u093e\u0928 \u0909\u092a\u0915\u0930\u0923"", ""related_is"": """", ""title"": """", ""unnamed_3"": """"}",ROW_LEVEL_EXACT_DUPLICATE_NORMALIZED,Keep the first occurrence as canonical; the other 1 are byte-equal after normalisation and carry no unique data. Record all source rows in provenance.
e7bb2b50e77ca0c3,F034,bis_gazette_notification.csv,bis_gazette_notification,2,768; 1667,1,"{""id"": ""\u092b\u094d\u0930\u093e\u0907\u0902\u0917 \u092a\u0948\u0928, \u0921\u0940\u092a \u092b\u0948\u091f \u092b\u094d\u0930\u093e\u092f\u0930 \u0914\u0930 \u0938\u092e\u093e\u0928 \u0909\u092a\u0915\u0930\u0923"", ""related_is"": """", ""title"": """", ""unnamed_3"": """"}",ROW_LEVEL_EXACT_DUPLICATE_NORMALIZED,Keep the first occurrence as canonical; the other 1 are byte-equal after normalisation and carry no unique data. Record all source rows in provenance.
e0200a60c4ca6dfa,F034,bis_gazette_notification.csv,bis_gazette_notification,2,769; 1668,1,"{""id"": ""\u0924\u0930\u0932 \u092a\u0926\u093e\u0930\u094d\u0925 \u0917\u0930\u094d\u092e \u0915\u0930\u0928\u0947 \u0915\u0947 \u0909\u092a\u0915\u0930\u0923"", ""related_is"": """", ""title"": """", ""unnamed_3"": """"}",ROW_LEVEL_EXACT_DUPLICATE_NORMALIZED,Keep the first occurrence as canonical; the other 1 are byte-equal after normalisation and carry no unique data. Record all source rows in provenance.
b505bb0f3fd9434a,F034,bis_gazette_notification.csv,bis_gazette_notification,2,770; 1669,1,"{""id"": ""\u092e\u0938\u093e\u091c \u0909\u092a\u0915\u0930\u0923"", ""related_is"": """", ""title"": """", ""unnamed_3"": """"}",ROW_LEVEL_EXACT_DUPLICATE_NORMALIZED,Keep the first occurrence as canonical; the other 1 are byte-equal after normalisation and carry no unique data. Record all source rows in provenance.
973eabb8275b6028,F034,bis_gazette_notification.csv,bis_gazette_notification,2,771; 1670,1,"{""id"": ""\u0907\u0932\u0947\u0915\u094d\u091f\u094d\u0930\u093f\u0915 \u092b\u094b\u0930\u094d\u0938\u094d\u0921 \u0915\u0928\u094d\u0935\u0947\u0915\u094d\u0936\u0928 \u0913\u0935\u0928, \u0938\u094d\u091f\u0940\u092e \u0915\u0942\u0915\u0930 \u0914\u0930 \u0938\u094d\u091f\u0940\u092e-\u0915\u0928\u094d\u0935\u0947\u0915\u094d\u0936\u0928 \u0913\u0935\u0928"", ""related_is"": """", ""title"": """", ""unnam",ROW_LEVEL_EXACT_DUPLICATE_NORMALIZED,Keep the first occurrence as canonical; the other 1 are byte-equal after normalisation and carry no unique data. Record all source rows in provenance.
47a191d25cb86b97,F034,bis_gazette_notification.csv,bis_gazette_notification,2,772; 1671,1,"{""id"": ""\u0907\u0932\u0947\u0915\u094d\u091f\u094d\u0930\u093f\u0915 \u0939\u0940\u091f\u093f\u0902\u0917 \u091f\u0942\u0932\u094d\u0938"", ""related_is"": """", ""title"": """", ""unnamed_3"": """"}",ROW_LEVEL_EXACT_DUPLICATE_NORMALIZED,Keep the first occurrence as canonical; the other 1 are byte-equal after normalisation and carry no unique data. Record all source rows in provenance.
d32b3cb5c1d83115,F034,bis_gazette_notification.csv,bis_gazette_notification,2,773; 1672,1,"{""id"": ""\u0907\u0932\u0947\u0915\u094d\u091f\u094d\u0930\u093f\u0915 \u0938\u094d\u091f\u0940\u092e \u0915\u0942\u0915\u0930"", ""related_is"": """", ""title"": """", ""unnamed_3"": """"}",ROW_LEVEL_EXACT_DUPLICATE_NORMALIZED,Keep the first occurrence as canonical; the other 1 are byte-equal after normalisation and carry no unique data. Record all source rows in provenance.
14903fc984f8ac0c,F034,bis_gazette_notification.csv,bis_gazette_notification,2,774; 1673,1,"{""id"": ""\u0915\u0940\u091f \u0928\u093e\u0936\u0915 \u0909\u092a\u0915\u0930\u0923"", ""related_is"": """", ""title"": """", ""unnamed_3"": """"}",ROW_LEVEL_EXACT_DUPLICATE_NORMALIZED,Keep the first occurrence as canonical; the other 1 are byte-equal after normalisation and carry no unique data. Record all source rows in provenance.
72f1c5fdb6b2c512,F034,bis_gazette_notification.csv,bis_gazette_notification,2,775; 1674,1,"{""id"": ""\u0907\u0928\u0921\u094b\u0930 \u0909\u092a\u092f\u094b\u0917 \u0915\u0947 \u0932\u093f\u090f \u0907\u0932\u0947\u0915\u094d\u091f\u094d\u0930\u093f\u0915 \u0915\u0949\u0932 \u092c\u0947\u0932 \u0914\u0930 \u092c\u091c\u093c\u0930"", ""related_is"": """", ""title"": """", ""unnamed_3"": """"}",ROW_LEVEL_EXACT_DUPLICATE_NORMALIZED,Keep the first occurrence as canonical; the other 1 are byte-equal after normalisation and carry no unique data. Record all source rows in provenance.
1a9a6260511718e8,F034,bis_gazette_notification.csv,bis_gazette_notification,2,776; 1675,1,"{""id"": ""\u0907\u0932\u0947\u0915\u094d\u091f\u094d\u0930\u093f\u0915 \u0935\u0949\u091f\u0930 \u092c\u0949\u092f\u0932\u0930"", ""related_is"": """", ""title"": """", ""unnamed_3"": """"}",ROW_LEVEL_EXACT_DUPLICATE_NORMALIZED,Keep the first occurrence as canonical; the other 1 are byte-equal after normalisation and carry no unique data. Record all source rows in provenance.
111703aea30050ca,F034,bis_gazette_notification.csv,bis_gazette_notification,2,777; 1676,1,"{""id"": ""\u0907\u0932\u0947\u0915\u094d\u091f\u094d\u0930\u093f\u0915 \u0915\u0949\u092b\u0940 \u092e\u0947\u0915\u0930"", ""related_is"": """", ""title"": """", ""unnamed_3"": """"}",ROW_LEVEL_EXACT_DUPLICATE_NORMALIZED,Keep the first occurrence as canonical; the other 1 are byte-equal after normalisation and carry no unique data. Record all source rows in provenance.
7194fed8b67e1b9a,F034,bis_gazette_notification.csv,bis_gazette_notification,2,778; 1677,1,"{""id"": ""\u0907\u0932\u0947\u0915\u094d\u091f\u094d\u0930\u093f\u0915 \u092c\u0940\u0928\u094d\u0938 \u0938\u094d\u0932\u093e\u0907\u0938\u0930"", ""related_is"": """", ""title"": """", ""unnamed_3"": """"}",ROW_LEVEL_EXACT_DUPLICATE_NORMALIZED,Keep the first occurrence as canonical; the other 1 are byte-equal after normalisation and carry no unique data. Record all source rows in provenance.
2a896a9cdbec4ce7,F034,bis_gazette_notification.csv,bis_gazette_notification,2,779; 1678,1,"{""id"": ""\u0907\u0932\u0947\u0915\u094d\u091f\u094d\u0930\u093f\u0915 \u092c\u0947\u0930\u0940 \u091c\u0942\u0938 \u090f\u0915\u094d\u0938\u091f\u094d\u0930\u0948\u0915\u094d\u091f\u0930"", ""related_is"": """", ""title"": """", ""unnamed_3"": """"}",ROW_LEVEL_EXACT_DUPLICATE_NORMALIZED,Keep the first occurrence as canonical; the other 1 are byte-equal after normalisation and carry no unique data. Record all source rows in provenance.
843d8539fa27c5e3,F034,bis_gazette_notification.csv,bis_gazette_notification,2,780; 1679,1,"{""id"": ""\u0907\u0932\u0947\u0915\u094d\u091f\u094d\u0930\u093f\u0915 \u0915\u0948\u0928 \u0913\u092a\u0928\u0930"", ""related_is"": """", ""title"": """", ""unnamed_3"": """"}",ROW_LEVEL_EXACT_DUPLICATE_NORMALIZED,Keep the first occurrence as canonical; the other 1 are byte-equal after normalisation and carry no unique data. Record all source rows in provenance.
1ebe57fd01250e2b,F034,bis_gazette_notification.csv,bis_gazette_notification,2,781; 1680,1,"{""id"": ""\u0907\u0932\u0947\u0915\u094d\u091f\u094d\u0930\u093f\u0915 \u0938\u0947\u0902\u091f\u094d\u0930\u0940\u092b\u094d\u092f\u0942\u0917\u0932 \u091c\u0942\u0938\u0930"", ""related_is"": """", ""title"": """", ""unnamed_3"": """"}",ROW_LEVEL_EXACT_DUPLICATE_NORMALIZED,Keep the first occurrence as canonical; the other 1 are byte-equal after normalisation and carry no unique data. Record all source rows in provenance.
1fecc62b555b856d,F034,bis_gazette_notification.csv,bis_gazette_notification,2,782; 1681,1,"{""id"": ""\u0907\u0932\u0947\u0915\u094d\u091f\u094d\u0930\u093f\u0915 \u091a\u0930\u094d\u0928"", ""related_is"": """", ""title"": """", ""unnamed_3"": """"}",ROW_LEVEL_EXACT_DUPLICATE_NORMALIZED,Keep the first occurrence as canonical; the other 1 are byte-equal after normalisation and carry no unique data. Record all source rows in provenance.
20308ed9653af1c0,F034,bis_gazette_notification.csv,bis_gazette_notification,2,783; 1682,1,"{""id"": ""\u0907\u0932\u0947\u0915\u094d\u091f\u094d\u0930\u093f\u0915 \u0938\u093f\u091f\u094d\u0930\u0938 \u092b\u094d\u0930\u0942\u091f \u0938\u094d\u0915\u094d\u0935\u0940\u091c\u093c\u0930"", ""related_is"": """", ""title"": """", ""unnamed_3"": """"}",ROW_LEVEL_EXACT_DUPLICATE_NORMALIZED,Keep the first occurrence as canonical; the other 1 are byte-equal after normalisation and carry no unique data. Record all source rows in provenance.
a1d6382cfe698276,F034,bis_gazette_notification.csv,bis_gazette_notification,2,784; 1683,1,"{""id"": ""\u0907\u0932\u0947\u0915\u094d\u091f\u094d\u0930\u093f\u0915 \u0915\u0949\u092b\u0940 \u092e\u093f\u0932\u094d\u0938 (500g \u0939\u0949\u092a\u092a\u0930 \u0915\u094d\u0937\u092e\u0924\u093e \u0924\u0915)"", ""related_is"": """", ""title"": """", ""unnamed_3"": """"}",ROW_LEVEL_EXACT_DUPLICATE_NORMALIZED,Keep the first occurrence as canonical; the other 1 are byte-equal after normalisation and carry no unique data. Record all source rows in provenance.
b773d0b05f475e1b,F034,bis_gazette_notification.csv,bis_gazette_notification,2,785; 1684,1,"{""id"": ""\u0907\u0932\u0947\u0915\u094d\u091f\u094d\u0930\u093f\u0915 \u0915\u094d\u0930\u0940\u092e \u0935\u094d\u0939\u093f\u092a\u0930"", ""related_is"": """", ""title"": """", ""unnamed_3"": """"}",ROW_LEVEL_EXACT_DUPLICATE_NORMALIZED,Keep the first occurrence as canonical; the other 1 are byte-equal after normalisation and carry no unique data. Record all source rows in provenance.
2fe3e19ea4fcf4d2,F034,bis_gazette_notification.csv,bis_gazette_notification,2,786; 1685,1,"{""id"": ""\u0907\u0932\u0947\u0915\u094d\u091f\u094d\u0930\u093f\u0915 \u090f\u0917 \u092c\u0940\u091f\u0930"", ""related_is"": """", ""title"": """", ""unnamed_3"": """"}",ROW_LEVEL_EXACT_DUPLICATE_NORMALIZED,Keep the first occurrence as canonical; the other 1 are byte-equal after normalisation and carry no unique data. Record all source rows in provenance.
45c80bcb069e4a0b,F034,bis_gazette_notification.csv,bis_gazette_notification,2,787; 1686,1,"{""id"": ""\u0907\u0932\u0947\u0915\u094d\u091f\u094d\u0930\u093f\u0915 \u092b\u0942\u0921 \u092a\u094d\u0930\u094b\u0938\u0947\u0938\u0930"", ""related_is"": """", ""title"": """", ""unnamed_3"": """"}",ROW_LEVEL_EXACT_DUPLICATE_NORMALIZED,Keep the first occurrence as canonical; the other 1 are byte-equal after normalisation and carry no unique data. Record all source rows in provenance.
8d5c4718076c4752,F034,bis_gazette_notification.csv,bis_gazette_notification,2,788; 1687,1,"{""id"": ""\u0907\u0932\u0947\u0915\u094d\u091f\u094d\u0930\u093f\u0915 \u0917\u094d\u0930\u0947\u0928 \u0917\u094d\u0930\u093e\u0907\u0902\u0921\u0930 (3l \u0939\u0949\u092a\u092a\u0930 \u0915\u094d\u0937\u092e\u0924\u093e \u0924\u0915)"", ""related_is"": """", ""title"": """", ""unnamed_3"": """"}",ROW_LEVEL_EXACT_DUPLICATE_NORMALIZED,Keep the first occurrence as canonical; the other 1 are byte-equal after normalisation and carry no unique data. Record all source rows in provenance.
a4cd27a49de2dc62,F034,bis_gazette_notification.csv,bis_gazette_notification,2,789; 1688,1,"{""id"": ""\u0907\u0932\u0947\u0915\u094d\u091f\u094d\u0930\u093f\u0915 \u0917\u094d\u0930\u0947\u091f\u0930\u094d\u0938"", ""related_is"": """", ""title"": """", ""unnamed_3"": """"}",ROW_LEVEL_EXACT_DUPLICATE_NORMALIZED,Keep the first occurrence as canonical; the other 1 are byte-equal after normalisation and carry no unique data. Record all source rows in provenance.
7459c90e2736c7e4,F034,bis_gazette_notification.csv,bis_gazette_notification,2,790; 1689,1,"{""id"": ""\u0907\u0932\u0947\u0915\u094d\u091f\u094d\u0930\u093f\u0915 \u0906\u0907\u0938\u0915\u094d\u0930\u0940\u092e \u092e\u0936\u0940\u0928, \u092b\u094d\u0930\u093f\u091c \u0914\u0930 \u092b\u094d\u0930\u0940\u091c\u0930 \u0909\u092a\u092f\u094b\u0917 \u0938\u0939\u093f\u0924"", ""related_is"": """", ""title"": """", ""unnamed_3"": """"}",ROW_LEVEL_EXACT_DUPLICATE_NORMALIZED,Keep the first occurrence as canonical; the other 1 are byte-equal after normalisation and carry no unique data. Record all source rows in provenance.
2eefc68a6dea2cd6,F034,bis_gazette_notification.csv,bis_gazette_notification,2,791; 1690,1,"{""id"": ""\u0907\u0932\u0947\u0915\u094d\u091f\u094d\u0930\u093f\u0915 \u0928\u093e\u0907\u092b \u0936\u093e\u0930\u094d\u092a\u0928\u0930"", ""related_is"": """", ""title"": """", ""unnamed_3"": """"}",ROW_LEVEL_EXACT_DUPLICATE_NORMALIZED,Keep the first occurrence as canonical; the other 1 are byte-equal after normalisation and carry no unique data. Record all source rows in provenance.
b683bf58516f1ac4,F034,bis_gazette_notification.csv,bis_gazette_notification,2,792; 1691,1,"{""id"": ""\u0907\u0932\u0947\u0915\u094d\u091f\u094d\u0930\u093f\u0915 \u091a\u093e\u0915\u0942"", ""related_is"": """", ""title"": """", ""unnamed_3"": """"}",ROW_LEVEL_EXACT_DUPLICATE_NORMALIZED,Keep the first occurrence as canonical; the other 1 are byte-equal after normalisation and carry no unique data. Record all source rows in provenance.
d33c8b200661fabc,F034,bis_gazette_notification.csv,bis_gazette_notification,2,793; 1692,1,"{""id"": ""\u0907\u0932\u0947\u0915\u094d\u091f\u094d\u0930\u093f\u0915 \u0928\u0942\u0921\u0932 \u092e\u0947\u0915\u0930"", ""related_is"": """", ""title"": """", ""unnamed_3"": """"}",ROW_LEVEL_EXACT_DUPLICATE_NORMALIZED,Keep the first occurrence as canonical; the other 1 are byte-equal after normalisation and carry no unique data. Record all source rows in provenance.
e4afccaf32c677e6,F034,bis_gazette_notification.csv,bis_gazette_notification,2,794; 1693,1,"{""id"": ""\u0907\u0932\u0947\u0915\u094d\u091f\u094d\u0930\u093f\u0915 \u0906\u0932\u0942 \u091b\u0940\u0932\u0928\u0947 \u0935\u093e\u0932\u093e"", ""related_is"": """", ""title"": """", ""unnamed_3"": """"}",ROW_LEVEL_EXACT_DUPLICATE_NORMALIZED,Keep the first occurrence as canonical; the other 1 are byte-equal after normalisation and carry no unique data. Record all source rows in provenance.
61bed7e82a36e45a,F034,bis_gazette_notification.csv,bis_gazette_notification,2,795; 1694,1,"{""id"": ""\u0907\u0932\u0947\u0915\u094d\u091f\u094d\u0930\u093f\u0915 \u0936\u094d\u0930\u0947\u0921\u0930"", ""related_is"": """", ""title"": """", ""unnamed_3"": """"}",ROW_LEVEL_EXACT_DUPLICATE_NORMALIZED,Keep the first occurrence as canonical; the other 1 are byte-equal after normalisation and carry no unique data. Record all source rows in provenance.
35602ac2f25aa87f,F034,bis_gazette_notification.csv,bis_gazette_notification,2,796; 1695,1,"{""id"": ""\u0907\u0932\u0947\u0915\u094d\u091f\u094d\u0930\u093f\u0915 \u0938\u0940\u0935\u093f\u0902\u0917 \u092e\u0936\u0940\u0928"", ""related_is"": """", ""title"": """", ""unnamed_3"": """"}",ROW_LEVEL_EXACT_DUPLICATE_NORMALIZED,Keep the first occurrence as canonical; the other 1 are byte-equal after normalisation and carry no unique data. Record all source rows in provenance.
e8cc60ca71b5e5c6,F034,bis_gazette_notification.csv,bis_gazette_notification,2,797; 1696,1,"{""id"": ""\u0938\u094d\u0932\u093e\u0907\u0938\u093f\u0902\u0917 \u092e\u0936\u0940\u0928"", ""related_is"": """", ""title"": """", ""unnamed_3"": """"}",ROW_LEVEL_EXACT_DUPLICATE_NORMALIZED,Keep the first occurrence as canonical; the other 1 are byte-equal after normalisation and carry no unique data. Record all source rows in provenance.
6bc737cfce47d262,F034,bis_gazette_notification.csv,bis_gazette_notification,2,798; 1697,1,"{""id"": ""\u0907\u0932\u0947\u0915\u094d\u091f\u094d\u0930\u093f\u0915 \u0939\u0949\u091f \u092a\u094d\u0932\u0947\u091f"", ""related_is"": """", ""title"": """", ""unnamed_3"": """"}",ROW_LEVEL_EXACT_DUPLICATE_NORMALIZED,Keep the first occurrence as canonical; the other 1 are byte-equal after normalisation and carry no unique data. Record all source rows in provenance.
77960dfbcf21b0df,F034,bis_gazette_notification.csv,bis_gazette_notification,2,799; 1698,1,"{""id"": ""\u0938\u093f\u0902\u0917\u0932 \u0935\u0949\u0932\u094d\u0921 \u092c\u0947\u0915\u093f\u0902\u0917 \u0913\u0935\u0928"", ""related_is"": """", ""title"": """", ""unnamed_3"": """"}",ROW_LEVEL_EXACT_DUPLICATE_NORMALIZED,Keep the first occurrence as canonical; the other 1 are byte-equal after normalisation and carry no unique data. Record all source rows in provenance.
4f5aee3048ff3d0b,F034,bis_gazette_notification.csv,bis_gazette_notification,2,800; 1699,1,"{""id"": ""\u0932\u094b \u0938\u094d\u092a\u0940\u0921 \u092b\u0942\u0921 \u0917\u094d\u0930\u093e\u0907\u0902\u0921\u093f\u0902\u0917 \u092e\u0936\u0940\u0928"", ""related_is"": """", ""title"": """", ""unnamed_3"": """"}",ROW_LEVEL_EXACT_DUPLICATE_NORMALIZED,Keep the first occurrence as canonical; the other 1 are byte-equal after normalisation and carry no unique data. Record all source rows in provenance.
cc7f82bd8e658a52,F034,bis_gazette_notification.csv,bis_gazette_notification,2,801; 1700,1,"{""id"": ""\u0921\u093f\u0936\u0935\u0949\u0936\u0930"", ""related_is"": """", ""title"": """", ""unnamed_3"": """"}",ROW_LEVEL_EXACT_DUPLICATE_NORMALIZED,Keep the first occurrence as canonical; the other 1 are byte-equal after normalisation and carry no unique data. Record all source rows in provenance.
5363d5e1d97a41e4,F034,bis_gazette_notification.csv,bis_gazette_notification,2,802; 1701,1,"{""id"": ""\u092b\u094d\u0932\u094b\u0930 \u091f\u094d\u0930\u0940\u091f\u092e\u0947\u0902\u091f \u092e\u0936\u0940\u0928 \u0914\u0930 \u0935\u0947\u091f \u0938\u094d\u0915\u094d\u0930\u092c\u093f\u0902\u0917 \u092e\u0936\u0940\u0928"", ""related_is"": """", ""title"": """", ""unnamed_3"": """"}",ROW_LEVEL_EXACT_DUPLICATE_NORMALIZED,Keep the first occurrence as canonical; the other 1 are byte-equal after normalisation and carry no unique data. Record all source rows in provenance.
bccda06aa1c559fd,F034,bis_gazette_notification.csv,bis_gazette_notification,2,803; 1702,1,"{""id"": ""\u092b\u0942\u0921 \u0935\u0947\u0938\u094d\u091f \u0921\u093f\u0938\u094d\u092a\u094b\u091c\u093c\u0930"", ""related_is"": """", ""title"": """", ""unnamed_3"": """"}",ROW_LEVEL_EXACT_DUPLICATE_NORMALIZED,Keep the first occurrence as canonical; the other 1 are byte-equal after normalisation and carry no unique data. Record all source rows in provenance.
eda24b31cfeeacaa,F034,bis_gazette_notification.csv,bis_gazette_notification,2,804; 1703,1,"{""id"": ""\u0915\u0902\u092c\u0932, \u092a\u0948\u0921, \u0915\u092a\u0921\u093c\u0947 \u0914\u0930 \u0938\u092e\u093e\u0928 \u0932\u091a\u0940\u0932\u0947 \u0939\u0940\u091f\u093f\u0902\u0917 \u0909\u092a\u0915\u0930\u0923"", ""related_is"": """", ""title"": """", ""unnamed_3"": """"}",ROW_LEVEL_EXACT_DUPLICATE_NORMALIZED,Keep the first occurrence as canonical; the other 1 are byte-equal after normalisation and carry no unique data. Record all source rows in provenance.
3abb3ae4aae9e84a,F034,bis_gazette_notification.csv,bis_gazette_notification,2,805; 1704,1,"{""id"": ""\u0924\u094d\u0935\u091a\u093e \u092a\u0930 \u0911\u092a\u094d\u091f\u093f\u0915\u0932 \u0935\u093f\u0915\u093f\u0930\u0923 \u090f\u0915\u094d\u0938\u092a\u094b\u091c\u093c\u0930 \u0915\u0947 \u0932\u093f\u090f \u0909\u092a\u0915\u0930\u0923"", ""related_is"": """", ""title"": """", ""unnamed_3"": """"}",ROW_LEVEL_EXACT_DUPLICATE_NORMALIZED,Keep the first occurrence as canonical; the other 1 are byte-equal after normalisation and carry no unique data. Record all source rows in provenance.
026ee827691a6afd,F034,bis_gazette_notification.csv,bis_gazette_notification,2,806; 1705,1,"{""id"": ""\u0935\u094d\u092f\u093e\u0935\u0938\u093e\u092f\u093f\u0915 \u0907\u0932\u0947\u0915\u094d\u091f\u094d\u0930\u093f\u0915 \u0915\u0941\u0915\u093f\u0902\u0917 \u0930\u0947\u0902\u091c, \u0913\u0935\u0928, \u0939\u0949\u092c \u0914\u0930 \u0939\u0949\u092c \u090f\u0932\u093f\u092e\u0947\u0902\u091f"", ""related_is"": """", ""title"": """", ""unnamed_3"": """"}",ROW_LEVEL_EXACT_DUPLICATE_NORMALIZED,Keep the first occurrence as canonical; the other 1 are byte-equal after normalisation and carry no unique data. Record all source rows in provenance.
113f498c867ccbd9,F034,bis_gazette_notification.csv,bis_gazette_notification,2,807; 1706,1,"{""id"": ""\u0935\u094d\u092f\u093e\u0935\u0938\u093e\u092f\u093f\u0915 \u0907\u0932\u0947\u0915\u094d\u091f\u094d\u0930\u093f\u0915 \u0921\u094b\u0928\u091f \u092b\u094d\u0930\u093e\u092f\u0930 \u0914\u0930 \u0921\u0940\u092a \u092b\u0948\u091f \u092b\u094d\u0930\u093e\u092f\u0930"", ""related_is"": """", ""title"": """", ""unnamed_3"": """"}",ROW_LEVEL_EXACT_DUPLICATE_NORMALIZED,Keep the first occurrence as canonical; the other 1 are byte-equal after normalisation and carry no unique data. Record all source rows in provenance.
25c5b31d1cf6bf9d,F034,bis_gazette_notification.csv,bis_gazette_notification,2,808; 1707,1,"{""id"": ""\u0935\u094d\u092f\u093e\u0935\u0938\u093e\u092f\u093f\u0915 \u0907\u0932\u0947\u0915\u094d\u091f\u094d\u0930\u093f\u0915 \u0917\u094d\u0930\u093f\u0921\u0932 \u0914\u0930 \u0917\u094d\u0930\u093f\u0921\u0932 \u0917\u094d\u0930\u093f\u0932"", ""related_is"": """", ""title"": """", ""unnamed_3"": """"}",ROW_LEVEL_EXACT_DUPLICATE_NORMALIZED,Keep the first occurrence as canonical; the other 1 are byte-equal after normalisation and carry no unique data. Record all source rows in provenance.
828e5ceaf1d98b76,F034,bis_gazette_notification.csv,bis_gazette_notification,2,809; 1708,1,"{""id"": ""\u0935\u094d\u092f\u093e\u0935\u0938\u093e\u092f\u093f\u0915 \u0907\u0932\u0947\u0915\u094d\u091f\u094d\u0930\u093f\u0915 \u092e\u0932\u094d\u091f\u0940-\u092a\u0930\u094d\u092a\u091c \u0915\u0941\u0915\u093f\u0902\u0917 \u092a\u0948\u0928"", ""related_is"": """", ""title"": """", ""unnamed_3"": """"}",ROW_LEVEL_EXACT_DUPLICATE_NORMALIZED,Keep the first occurrence as canonical; the other 1 are byte-equal after normalisation and carry no unique data. Record all source rows in provenance.
5f4539913611b226,F034,bis_gazette_notification.csv,bis_gazette_notification,2,810; 1709,1,"{""id"": ""\u0935\u094d\u092f\u093e\u0935\u0938\u093e\u092f\u093f\u0915 \u0907\u0932\u0947\u0915\u094d\u091f\u094d\u0930\u093f\u0915 \u092b\u094b\u0930\u094d\u0938\u094d\u0921 \u0915\u0928\u094d\u0935\u0947\u0915\u094d\u0936\u0928 \u0913\u0935\u0928, \u0938\u094d\u091f\u0940\u092e \u0915\u0942\u0915\u0930 \u0914\u0930 \u0938\u094d\u091f\u0940\u092e-\u0915\u0928\u094d\u0935\u0947\u0915\u094d\u0936\u09",ROW_LEVEL_EXACT_DUPLICATE_NORMALIZED,Keep the first occurrence as canonical; the other 1 are byte-equal after normalisation and carry no unique data. Record all source rows in provenance.
49ae8ba27af5822d,F034,bis_gazette_notification.csv,bis_gazette_notification,2,811; 1710,1,"{""id"": ""\u0915\u092a\u0921\u093c\u0947 \u0938\u0941\u0916\u093e\u0928\u0947 \u0935\u093e\u0932\u0947 \u0914\u0930 \u0924\u094c\u0932\u093f\u092f\u093e \u0930\u0947\u0932"", ""related_is"": """", ""title"": """", ""unnamed_3"": """"}",ROW_LEVEL_EXACT_DUPLICATE_NORMALIZED,Keep the first occurrence as canonical; the other 1 are byte-equal after normalisation and carry no unique data. Record all source rows in provenance.
caf3f75b7ddcc06b,F034,bis_gazette_notification.csv,bis_gazette_notification,2,812; 1711,1,"{""id"": ""\u0935\u094d\u092f\u093e\u0935\u0938\u093e\u092f\u093f\u0915 \u0907\u0932\u0947\u0915\u094d\u091f\u094d\u0930\u093f\u0915 \u092c\u0949\u0907\u0932\u093f\u0902\u0917 \u092a\u0948\u0928"", ""related_is"": """", ""title"": """", ""unnamed_3"": """"}",ROW_LEVEL_EXACT_DUPLICATE_NORMALIZED,Keep the first occurrence as canonical; the other 1 are byte-equal after normalisation and carry no unique data. Record all source rows in provenance.
9c6d175cdc66f5ec,F034,bis_gazette_notification.csv,bis_gazette_notification,2,813; 1712,1,"{""id"": ""\u0935\u094d\u092f\u093e\u0935\u0938\u093e\u092f\u093f\u0915 \u0907\u0932\u0947\u0915\u094d\u091f\u094d\u0930\u093f\u0915 \u0917\u094d\u0930\u093f\u0932 \u0914\u0930 \u091f\u094b\u0938\u094d\u091f\u0930"", ""related_is"": """", ""title"": """", ""unnamed_3"": """"}",ROW_LEVEL_EXACT_DUPLICATE_NORMALIZED,Keep the first occurrence as canonical; the other 1 are byte-equal after normalisation and carry no unique data. Record all source rows in provenance.
82fbde9964cedc03,F034,bis_gazette_notification.csv,bis_gazette_notification,2,814; 1713,1,"{""id"": ""\u0916\u093e\u0926\u094d\u092f \u0914\u0930 \u092c\u0930\u094d\u0924\u0928 \u0917\u0930\u094d\u092e \u0930\u0916\u0928\u0947 \u0915\u0947 \u0932\u093f\u090f \u0935\u094d\u092f\u093e\u0935\u0938\u093e\u092f\u093f\u0915 \u0907\u0932\u0947\u0915\u094d\u091f\u094d\u0930\u093f\u0915 \u0909\u092a\u0915\u0930\u0923"", ""related_is"": """", ""title"": """", ""unnamed_3"": """"}",ROW_LEVEL_EXACT_DUPLICATE_NORMALIZED,Keep the first occurrence as canonical; the other 1 are byte-equal after normalisation and carry no unique data. Record all source rows in provenance.
25ce30f8d7c1368f,F034,bis_gazette_notification.csv,bis_gazette_notification,2,815; 1714,1,"{""id"": ""\u0935\u094d\u092f\u093e\u0935\u0938\u093e\u092f\u093f\u0915 \u0907\u0932\u0947\u0915\u094d\u091f\u094d\u0930\u093f\u0915 \u092c\u0948\u0928 \u092e\u0948\u0930\u0940"", ""related_is"": """", ""title"": """", ""unnamed_3"": """"}",ROW_LEVEL_EXACT_DUPLICATE_NORMALIZED,Keep the first occurrence as canonical; the other 1 are byte-equal after normalisation and carry no unique data. Record all source rows in provenance.
ed0f6a0b2d664d13,F034,bis_gazette_notification.csv,bis_gazette_notification,2,816; 1715,1,"{""id"": ""\u092e\u094c\u0916\u093f\u0915 \u0938\u094d\u0935\u091a\u094d\u091b\u0924\u093e \u0909\u092a\u0915\u0930\u0923"", ""related_is"": """", ""title"": """", ""unnamed_3"": """"}",ROW_LEVEL_EXACT_DUPLICATE_NORMALIZED,Keep the first occurrence as canonical; the other 1 are byte-equal after normalisation and carry no unique data. Record all source rows in provenance.
2021993a80989918,F034,bis_gazette_notification.csv,bis_gazette_notification,2,817; 1716,1,"{""id"": ""\u0938\u0949\u0928\u093e \u0939\u0940\u091f\u093f\u0902\u0917 \u0909\u092a\u0915\u0930\u0923 \u0914\u0930 \u0907\u0928\u094d\u092b\u094d\u0930\u093e\u0930\u0947\u0921 \u0915\u0947\u092c\u093f\u0928"", ""related_is"": """", ""title"": """", ""unnamed_3"": """"}",ROW_LEVEL_EXACT_DUPLICATE_NORMALIZED,Keep the first occurrence as canonical; the other 1 are byte-equal after normalisation and carry no unique data. Record all source rows in provenance.
8637be04cc113c7a,F034,bis_gazette_notification.csv,bis_gazette_notification,2,818; 1717,1,"{""id"": ""\u0924\u0930\u0932 \u092f\u093e \u092d\u093e\u092a \u0915\u093e \u0909\u092a\u092f\u094b\u0917 \u0915\u0930\u0928\u0947 \u0935\u093e\u0932\u0947 \u0918\u0930\u0947\u0932\u0942 \u0938\u0924\u0939-\u0938\u092b\u093e\u0908 \u0909\u092a\u0915\u0930\u0923"", ""related_is"": """", ""title"": """", ""unnamed_3"": """"}",ROW_LEVEL_EXACT_DUPLICATE_NORMALIZED,Keep the first occurrence as canonical; the other 1 are byte-equal after normalisation and carry no unique data. Record all source rows in provenance.
33bd8eb61eda01ec,F034,bis_gazette_notification.csv,bis_gazette_notification,2,819; 1718,1,"{""id"": ""\u090f\u0915\u094d\u0935\u0947\u0930\u093f\u092f\u092e \u0914\u0930 \u0917\u093e\u0930\u094d\u0921\u0928 \u092a\u094b\u0902\u0921 \u0915\u0947 \u0932\u093f\u090f \u0907\u0932\u0947\u0915\u094d\u091f\u094d\u0930\u093f\u0915 \u0909\u092a\u0915\u0930\u0923"", ""related_is"": """", ""title"": """", ""unnamed_3"": """"}",ROW_LEVEL_EXACT_DUPLICATE_NORMALIZED,Keep the first occurrence as canonical; the other 1 are byte-equal after normalisation and carry no unique data. Record all source rows in provenance.
cdaf023b9dbc5da4,F034,bis_gazette_notification.csv,bis_gazette_notification,2,820; 1719,1,"{""id"": ""\u0935\u094d\u092f\u093e\u0935\u0938\u093e\u092f\u093f\u0915 \u0907\u0932\u0947\u0915\u094d\u091f\u094d\u0930\u093f\u0915 \u0921\u093f\u0936\u0935\u0949\u0936\u093f\u0902\u0917 \u092e\u0936\u0940\u0928"", ""related_is"": """", ""title"": """", ""unnamed_3"": """"}",ROW_LEVEL_EXACT_DUPLICATE_NORMALIZED,Keep the first occurrence as canonical; the other 1 are byte-equal after normalisation and carry no unique data. Record all source rows in provenance.
16fee8fc64632a6c,F034,bis_gazette_notification.csv,bis_gazette_notification,2,821; 1720,1,"{""id"": ""\u0935\u094d\u0939\u0930\u094d\u0932\u092a\u0942\u0932 \u092c\u093e\u0925 \u0914\u0930 \u0935\u094d\u0939\u0930\u094d\u0932\u092a\u0942\u0932 \u0938\u094d\u092a\u093e"", ""related_is"": """", ""title"": """", ""unnamed_3"": """"}",ROW_LEVEL_EXACT_DUPLICATE_NORMALIZED,Keep the first occurrence as canonical; the other 1 are byte-equal after normalisation and carry no unique data. Record all source rows in provenance.
631aff5bf71e5a43,F034,bis_gazette_notification.csv,bis_gazette_notification,2,822; 1721,1,"{""id"": ""\u0925\u0930\u094d\u092e\u0932 \u0938\u094d\u091f\u094b\u0930\u0947\u091c \u0930\u0942\u092e \u0939\u0940\u091f\u0930"", ""related_is"": """", ""title"": """", ""unnamed_3"": """"}",ROW_LEVEL_EXACT_DUPLICATE_NORMALIZED,Keep the first occurrence as canonical; the other 1 are byte-equal after normalisation and carry no unique data. Record all source rows in provenance.
0ca7636986b8c60e,F034,bis_gazette_notification.csv,bis_gazette_notification,2,823; 1722,1,"{""id"": ""\u0935\u094d\u092f\u093e\u0935\u0938\u093e\u092f\u093f\u0915 \u0907\u0932\u0947\u0915\u094d\u091f\u094d\u0930\u093f\u0915 \u0930\u093f\u0902\u0938\u093f\u0902\u0917 \u0938\u093f\u0902\u0915"", ""related_is"": """", ""title"": """", ""unnamed_3"": """"}",ROW_LEVEL_EXACT_DUPLICATE_NORMALIZED,Keep the first occurrence as canonical; the other 1 are byte-equal after normalisation and carry no unique data. Record all source rows in provenance.
510fa0fa0eedd470,F034,bis_gazette_notification.csv,bis_gazette_notification,2,824; 1723,1,"{""id"": ""\u0935\u094d\u092f\u093e\u0935\u0938\u093e\u092f\u093f\u0915 \u0907\u0932\u0947\u0915\u094d\u091f\u094d\u0930\u093f\u0915 \u0915\u093f\u091a\u0928 \u092e\u0936\u0940\u0928"", ""related_is"": """", ""title"": """", ""unnamed_3"": """"}",ROW_LEVEL_EXACT_DUPLICATE_NORMALIZED,Keep the first occurrence as canonical; the other 1 are byte-equal after normalisation and carry no unique data. Record all source rows in provenance.
b701672d48fa706a,F034,bis_gazette_notification.csv,bis_gazette_notification,2,825; 1724,1,"{""id"": ""\u090f\u092f\u0930 \u0915\u094d\u0932\u0940\u0928\u093f\u0902\u0917 \u0909\u092a\u0915\u0930\u0923"", ""related_is"": """", ""title"": """", ""unnamed_3"": """"}",ROW_LEVEL_EXACT_DUPLICATE_NORMALIZED,Keep the first occurrence as canonical; the other 1 are byte-equal after normalisation and carry no unique data. Record all source rows in provenance.
f03bc44803d90d83,F034,bis_gazette_notification.csv,bis_gazette_notification,2,826; 1725,1,"{""id"": ""\u0935\u0949\u091f\u0930-\u092c\u0947\u0921 \u0939\u0940\u091f\u0930"", ""related_is"": """", ""title"": """", ""unnamed_3"": """"}",ROW_LEVEL_EXACT_DUPLICATE_NORMALIZED,Keep the first occurrence as canonical; the other 1 are byte-equal after normalisation and carry no unique data. Record all source rows in provenance.
7894dc70f15f606c,F034,bis_gazette_notification.csv,bis_gazette_notification,2,827; 1726,1,"{""id"": ""\u092b\u093f\u0915\u094d\u0938\u094d\u0921 \u0907\u092e\u0930\u094d\u0936\u0928 \u0939\u0940\u091f\u0930"", ""related_is"": """", ""title"": """", ""unnamed_3"": """"}",ROW_LEVEL_EXACT_DUPLICATE_NORMALIZED,Keep the first occurrence as canonical; the other 1 are byte-equal after normalisation and carry no unique data. Record all source rows in provenance.
f665e37c2266de47,F034,bis_gazette_notification.csv,bis_gazette_notification,2,828; 1727,1,"{""id"": ""\u0906\u0909\u091f\u0921\u094b\u0930 \u092c\u093e\u0930\u092c\u0947\u0915\u094d\u092f\u0942"", ""related_is"": """", ""title"": """", ""unnamed_3"": """"}",ROW_LEVEL_EXACT_DUPLICATE_NORMALIZED,Keep the first occurrence as canonical; the other 1 are byte-equal after normalisation and carry no unique data. Record all source rows in provenance.
1922003074d8adfe,F034,bis_gazette_notification.csv,bis_gazette_notification,2,829; 1728,1,"{""id"": ""\u092b\u0941\u091f \u0935\u093e\u0930\u094d\u092e\u0930 \u0914\u0930 \u0939\u0940\u091f\u093f\u0902\u0917 \u092e\u0948\u091f"", ""related_is"": """", ""title"": """", ""unnamed_3"": """"}",ROW_LEVEL_EXACT_DUPLICATE_NORMALIZED,Keep the first occurrence as canonical; the other 1 are byte-equal after normalisation and carry no unique data. Record all source rows in provenance.
f0f13ba9bc0fb7bf,F034,bis_gazette_notification.csv,bis_gazette_notification,2,830; 1729,1,"{""id"": ""\u092e\u0928\u094b\u0930\u0902\u091c\u0928 \u092e\u0936\u0940\u0928 \u0914\u0930 \u0935\u094d\u092f\u0915\u094d\u0924\u093f\u0917\u0924 \u0938\u0947\u0935\u093e \u092e\u0936\u0940\u0928"", ""related_is"": """", ""title"": """", ""unnamed_3"": """"}",ROW_LEVEL_EXACT_DUPLICATE_NORMALIZED,Keep the first occurrence as canonical; the other 1 are byte-equal after normalisation and carry no unique data. Record all source rows in provenance.
9e5ef57f9077f6a0,F034,bis_gazette_notification.csv,bis_gazette_notification,2,831; 1730,1,"{""id"": ""\u091f\u0949\u092f\u0932\u0947\u091f \u0909\u092a\u0915\u0930\u0923"", ""related_is"": """", ""title"": """", ""unnamed_3"": """"}",ROW_LEVEL_EXACT_DUPLICATE_NORMALIZED,Keep the first occurrence as canonical; the other 1 are byte-equal after normalisation and carry no unique data. Record all source rows in provenance.
36bf548c898934be,F034,bis_gazette_notification.csv,bis_gazette_notification,2,832; 1731,1,"{""id"": ""\u092b\u0948\u092c\u094d\u0930\u093f\u0915 \u0938\u094d\u091f\u0940\u092e\u0930"", ""related_is"": """", ""title"": """", ""unnamed_3"": """"}",ROW_LEVEL_EXACT_DUPLICATE_NORMALIZED,Keep the first occurrence as canonical; the other 1 are byte-equal after normalisation and carry no unique data. Record all source rows in provenance.
5f3f2c77ffed380c,F034,bis_gazette_notification.csv,bis_gazette_notification,2,833; 1732,1,"{""id"": ""\u0906\u0935\u093e\u0938\u0940\u092f \u0909\u092a\u092f\u094b\u0917 \u0915\u0947 \u0932\u093f\u090f \u0935\u0930\u094d\u091f\u093f\u0915\u0932\u0940 \u092e\u0942\u0935\u093f\u0902\u0917 \u0917\u0948\u0930\u093e\u091c \u0926\u0930\u0935\u093e\u091c\u0947 \u0915\u0947 \u0921\u094d\u0930\u093e\u0907\u0935"", ""related_is"": """", ""title"": """", ""unnamed_3"": """"}",ROW_LEVEL_EXACT_DUPLICATE_NORMALIZED,Keep the first occurrence as canonical; the other 1 are byte-equal after normalisation and carry no unique data. Record all source rows in provenance.
83f560c6c27d15bd,F034,bis_gazette_notification.csv,bis_gazette_notification,2,834; 1733,1,"{""id"": ""\u0939\u094d\u092f\u0942\u092e\u093f\u0921\u093f\u092b\u093c\u093e\u092f\u0930"", ""related_is"": """", ""title"": """", ""unnamed_3"": """"}",ROW_LEVEL_EXACT_DUPLICATE_NORMALIZED,Keep the first occurrence as canonical; the other 1 are byte-equal after normalisation and carry no unique data. Record all source rows in provenance.
f076364e27f19080,F034,bis_gazette_notification.csv,bis_gazette_notification,2,835; 1734,1,"{""id"": ""\u0935\u094d\u092f\u093e\u0935\u0938\u093e\u092f\u093f\u0915 \u0907\u0932\u0947\u0915\u094d\u091f\u094d\u0930\u093f\u0915 \u0939\u0941\u0921"", ""related_is"": """", ""title"": """", ""unnamed_3"": """"}",ROW_LEVEL_EXACT_DUPLICATE_NORMALIZED,Keep the first occurrence as canonical; the other 1 are byte-equal after normalisation and carry no unique data. Record all source rows in provenance.
17315a8fa5bd8a25,F034,bis_gazette_notification.csv,bis_gazette_notification,2,836; 1735,1,"{""id"": ""\u0935\u093e\u092a\u094b\u0930\u093e\u0907\u091c\u093c\u0930"", ""related_is"": """", ""title"": """", ""unnamed_3"": """"}",ROW_LEVEL_EXACT_DUPLICATE_NORMALIZED,Keep the first occurrence as canonical; the other 1 are byte-equal after normalisation and carry no unique data. Record all source rows in provenance.
13865ab552ad0d21,F034,bis_gazette_notification.csv,bis_gazette_notification,2,837; 1736,1,"{""id"": ""\u0917\u0948\u0938, \u0924\u0947\u0932 \u0914\u0930 \u0920\u094b\u0938 \u0908\u0902\u0927\u0928 \u091c\u0932\u093e\u0928\u0947 \u0935\u093e\u0932\u0947 \u0909\u092a\u0915\u0930\u0923 \u091c\u093f\u0928\u092e\u0947\u0902 \u0935\u093f\u0926\u094d\u092f\u0941\u0924 \u0915\u0928\u0947\u0915\u094d\u0936\u0928 \u0939\u094b\u0902"", ""related_is"": """", ""title"": """", ""unnamed_3"": """"}",ROW_LEVEL_EXACT_DUPLICATE_NORMALIZED,Keep the first occurrence as canonical; the other 1 are byte-equal after normalisation and carry no unique data. Record all source rows in provenance.
dbde76be01d3df4f,F034,bis_gazette_notification.csv,bis_gazette_notification,2,838; 1737,1,"{""id"": ""\u0907\u0932\u0947\u0915\u094d\u091f\u094d\u0930\u094b\u0932\u093e\u0907\u091c\u093c\u0930"", ""related_is"": """", ""title"": """", ""unnamed_3"": """"}",ROW_LEVEL_EXACT_DUPLICATE_NORMALIZED,Keep the first occurrence as canonical; the other 1 are byte-equal after normalisation and carry no unique data. Record all source rows in provenance.
38b4feb66d8210b0,F034,bis_gazette_notification.csv,bis_gazette_notification,2,839; 1738,1,"{""id"": ""\u092c\u094d\u092f\u0942\u091f\u0940 \u0915\u0947\u092f\u0930 \u0909\u092a\u0915\u0930\u0923 \u091c\u093f\u0928\u092e\u0947\u0902 \u0932\u0947\u091c\u0930 \u0914\u0930 \u0924\u0940\u0935\u094d\u0930 \u092a\u094d\u0930\u0915\u093e\u0936 \u0938\u094d\u0930\u094b\u0924 \u0936\u093e\u092e\u093f\u0932 \u0939\u094b\u0902"", ""related_is"": """", ""title"": """", ""unnamed_3"": """"}",ROW_LEVEL_EXACT_DUPLICATE_NORMALIZED,Keep the first occurrence as canonical; the other 1 are byte-equal after normalisation and carry no unique data. Record all source rows in provenance.
3e78d32bac0a146f,F034,bis_gazette_notification.csv,bis_gazette_notification,2,840; 1739,1,"{""id"": ""\u0935\u094d\u092f\u0915\u094d\u0924\u093f\u0917\u0924 \u0908-\u091f\u094d\u0930\u093e\u0902\u0938\u092a\u094b\u0930\u094d\u091f\u0930"", ""related_is"": """", ""title"": """", ""unnamed_3"": """"}",ROW_LEVEL_EXACT_DUPLICATE_NORMALIZED,Keep the first occurrence as canonical; the other 1 are byte-equal after normalisation and carry no unique data. Record all source rows in provenance.
df7ee04b5986b421,F034,bis_gazette_notification.csv,bis_gazette_notification,2,841; 1740,1,"{""id"": ""\u0924\u094d\u0935\u091a\u093e \u0938\u0941\u0902\u0926\u0930\u0924\u093e \u0926\u0947\u0916\u092d\u093e\u0932 \u0909\u092a\u0915\u0930\u0923"", ""related_is"": """", ""title"": """", ""unnamed_3"": """"}",ROW_LEVEL_EXACT_DUPLICATE_NORMALIZED,Keep the first occurrence as canonical; the other 1 are byte-equal after normalisation and carry no unique data. Record all source rows in provenance.
9dce7f2d375fe77b,F034,bis_gazette_notification.csv,bis_gazette_notification,2,842; 1741,1,"{""id"": ""\u0935\u093f\u0926\u094d\u092f\u0941\u0924 \u092e\u094b\u091f\u0930\u092f\u0941\u0915\u094d\u0924 \u092b\u0930\u094d\u0928\u0940\u091a\u0930"", ""related_is"": """", ""title"": """", ""unnamed_3"": """"}",ROW_LEVEL_EXACT_DUPLICATE_NORMALIZED,Keep the first occurrence as canonical; the other 1 are byte-equal after normalisation and carry no unique data. Record all source rows in provenance.
66c1cff7c231ee0e,F034,bis_gazette_notification.csv,bis_gazette_notification,2,843; 1742,1,"{""id"": ""\u0935\u094d\u092f\u093e\u0935\u0938\u093e\u092f\u093f\u0915 \u0935\u0948\u0915\u094d\u092f\u0942\u092e \u092a\u0948\u0915\u0947\u091c\u093f\u0902\u0917 \u0909\u092a\u0915\u0930\u0923"", ""related_is"": """", ""title"": """", ""unnamed_3"": """"}",ROW_LEVEL_EXACT_DUPLICATE_NORMALIZED,Keep the first occurrence as canonical; the other 1 are byte-equal after normalisation and carry no unique data. Record all source rows in provenance.
e2c9a373c94e8798,F034,bis_gazette_notification.csv,bis_gazette_notification,2,844; 1743,1,"{""id"": ""\u0939\u0948\u0902\u0921 \u0939\u0947\u0932\u094d\u0921 \u0907\u0932\u0947\u0915\u094d\u091f\u094d\u0930\u093f\u0915 \u090f\u0902\u0917\u094d\u0930\u0947\u0935\u093f\u0902\u0917 \u091f\u0942\u0932\u094d\u0938"", ""related_is"": """", ""title"": """", ""unnamed_3"": """"}",ROW_LEVEL_EXACT_DUPLICATE_NORMALIZED,Keep the first occurrence as canonical; the other 1 are byte-equal after normalisation and carry no unique data. Record all source rows in provenance.
c03be0fe143ef06a,F034,bis_gazette_notification.csv,bis_gazette_notification,2,845; 1744,1,"{""id"": ""dc \u0938\u092a\u094d\u0932\u093e\u0908 / \u092c\u0948\u091f\u0930\u0940 \u0938\u0902\u091a\u093e\u0932\u093f\u0924 \u0935\u0948\u0915\u094d\u092f\u0942\u092e \u0915\u094d\u0932\u0940\u0928\u0930"", ""related_is"": """", ""title"": """", ""unnamed_3"": """"}",ROW_LEVEL_EXACT_DUPLICATE_NORMALIZED,Keep the first occurrence as canonical; the other 1 are byte-equal after normalisation and carry no unique data. Record all source rows in provenance.
4d40891c21738aec,F034,bis_gazette_notification.csv,bis_gazette_notification,2,846; 1745,1,"{""id"": ""dc \u0938\u092a\u094d\u0932\u093e\u0908 / \u092c\u0948\u091f\u0930\u0940 \u0938\u0902\u091a\u093e\u0932\u093f\u0924 \u0936\u0947\u0935\u0930, \u091f\u094d\u0930\u093f\u092e\u0930, \u0915\u094d\u0932\u093f\u092a\u0930 \u0914\u0930 \u0938\u092e\u093e\u0928 \u0909\u092a\u0915\u0930\u0923"", ""related_is"": """", ""title"": """", ""unnamed_3"": """"}",ROW_LEVEL_EXACT_DUPLICATE_NORMALIZED,Keep the first occurrence as canonical; the other 1 are byte-equal after normalisation and carry no unique data. Record all source rows in provenance.
2e78de568b964dee,F034,bis_gazette_notification.csv,bis_gazette_notification,2,847; 1746,1,"{""id"": ""dc \u0938\u092a\u094d\u0932\u093e\u0908 / \u092c\u0948\u091f\u0930\u0940 \u0938\u0902\u091a\u093e\u0932\u093f\u0924 \u092e\u0938\u093e\u091c \u0909\u092a\u0915\u0930\u0923"", ""related_is"": """", ""title"": """", ""unnamed_3"": """"}",ROW_LEVEL_EXACT_DUPLICATE_NORMALIZED,Keep the first occurrence as canonical; the other 1 are byte-equal after normalisation and carry no unique data. Record all source rows in provenance.
0be157f8b24fdeb2,F034,bis_gazette_notification.csv,bis_gazette_notification,2,848; 1747,1,"{""id"": ""dc \u0938\u092a\u094d\u0932\u093e\u0908 / \u092c\u0948\u091f\u0930\u0940 \u0938\u0902\u091a\u093e\u0932\u093f\u0924 \u092c\u094d\u0932\u0947\u0902\u0921\u0930, \u091c\u0942\u0938\u0930"", ""related_is"": """", ""title"": """", ""unnamed_3"": """"}",ROW_LEVEL_EXACT_DUPLICATE_NORMALIZED,Keep the first occurrence as canonical; the other 1 are byte-equal after normalisation and carry no unique data. Record all source rows in provenance.
ddd98d3efbd29cb6,F034,bis_gazette_notification.csv,bis_gazette_notification,2,849; 1748,1,"{""id"": ""dc \u0938\u092a\u094d\u0932\u093e\u0908 / \u092c\u0948\u091f\u0930\u0940 \u0938\u0902\u091a\u093e\u0932\u093f\u0924 \u091f\u0942\u0925\u092c\u094d\u0930\u0936 \u0914\u0930 \u0905\u0928\u094d\u092f \u092e\u094c\u0916\u093f\u0915 \u0938\u094d\u0935\u091a\u094d\u091b\u0924\u093e \u0909\u092a\u0915\u0930\u0923"", ""related_is"": """", ""title"": """", ""unnamed_3"": """"}",ROW_LEVEL_EXACT_DUPLICATE_NORMALIZED,Keep the first occurrence as canonical; the other 1 are byte-equal after normalisation and carry no unique data. Record all source rows in provenance.
d308be120ac91f5f,F034,bis_gazette_notification.csv,bis_gazette_notification,2,850; 1749,1,"{""id"": ""dc \u0938\u092a\u094d\u0932\u093e\u0908 / \u092c\u0948\u091f\u0930\u0940 \u0938\u0902\u091a\u093e\u0932\u093f\u0924 \u092b\u0941\u091f \u0935\u093e\u0930\u094d\u092e\u0930 \u0914\u0930 \u0939\u0940\u091f\u093f\u0902\u0917 \u092e\u0948\u091f"", ""related_is"": """", ""title"": """", ""unnamed_3"": """"}",ROW_LEVEL_EXACT_DUPLICATE_NORMALIZED,Keep the first occurrence as canonical; the other 1 are byte-equal after normalisation and carry no unique data. Record all source rows in provenance.
9bc29e3976cdd126,F034,bis_gazette_notification.csv,bis_gazette_notification,2,851; 1750,1,"{""id"": ""dc \u0938\u092a\u094d\u0932\u093e\u0908 / \u092c\u0948\u091f\u0930\u0940 \u0938\u0902\u091a\u093e\u0932\u093f\u0924 \u090f\u092f\u0930 \u092a\u094d\u092f\u0942\u0930\u0940\u092b\u093e\u092f\u0930"", ""related_is"": """", ""title"": """", ""unnamed_3"": """"}",ROW_LEVEL_EXACT_DUPLICATE_NORMALIZED,Keep the first occurrence as canonical; the other 1 are byte-equal after normalisation and carry no unique data. Record all source rows in provenance.
6f835f31f86ef3e1,F034,bis_gazette_notification.csv,bis_gazette_notification,2,852; 1751,1,"{""id"": ""\u0939\u0948\u0902\u0921 \u091f\u0942\u0932\u094d\u0938"", ""related_is"": """", ""title"": """", ""unnamed_3"": """"}",ROW_LEVEL_EXACT_DUPLICATE_NORMALIZED,Keep the first occurrence as canonical; the other 1 are byte-equal after normalisation and carry no unique data. Record all source rows in provenance.
f501f0b766534ea1,F034,bis_gazette_notification.csv,bis_gazette_notification,2,853; 1752,1,"{""id"": ""608"", ""related_is"": ""is 4123:1982"", ""title"": ""\u091a\u0947\u0928 \u092a\u093e\u0907\u092a \u0930\u093f\u0902\u091a"", ""unnamed_3"": ""129. \u0939\u0948\u0902\u0921 \u091f\u0942\u0932\u094d\u0938 (\u0917\u0941\u0923\u0935\u0924\u094d\u0924\u093e \u0928\u093f\u092f\u0902\u0924\u094d\u0930\u0923) \u0906\u0926\u0947\u0936, 2024 s.o. 4183(e), \u0926\u093f\u0928\u093e\u0902\u0915 24 \u0938\u093f\u0",ROW_LEVEL_EXACT_DUPLICATE_NORMALIZED,Keep the first occurrence as canonical; the other 1 are byte-equal after normalisation and carry no unique data. Record all source rows in provenance.
0b34c5935af634f3,F034,bis_gazette_notification.csv,bis_gazette_notification,2,854; 1753,1,"{""id"": ""609"", ""related_is"": ""is 4508:1992"", ""title"": ""\u0913\u092a\u0928 \u090f\u0902\u0921\u0947\u0921 \u0938\u094d\u0932\u0917\u093f\u0902\u0917 \u0930\u093f\u0902\u091a (\u0938\u094d\u092a\u0948\u0928\u0930\u094d\u0938)"", ""unnamed_3"": """"}",ROW_LEVEL_EXACT_DUPLICATE_NORMALIZED,Keep the first occurrence as canonical; the other 1 are byte-equal after normalisation and carry no unique data. Record all source rows in provenance.
6bd7ca4da064c23c,F034,bis_gazette_notification.csv,bis_gazette_notification,2,855; 1754,1,"{""id"": ""610"", ""related_is"": ""is 4509:1992"", ""title"": ""\u0930\u093f\u0902\u0917 \u0938\u094d\u0932\u0917\u093f\u0902\u0917 \u0930\u093f\u0902\u091a (\u0938\u094d\u092a\u0948\u0928\u0930\u094d\u0938)"", ""unnamed_3"": """"}",ROW_LEVEL_EXACT_DUPLICATE_NORMALIZED,Keep the first occurrence as canonical; the other 1 are byte-equal after normalisation and carry no unique data. Record all source rows in provenance.
ba2c2aadb4c1c6a3,F034,bis_gazette_notification.csv,bis_gazette_notification,2,856; 1755,1,"{""id"": ""611"", ""related_is"": ""is 6149:1984"", ""title"": ""\u0938\u093f\u0902\u0917\u0932-\u090f\u0902\u0921\u0947\u0921 \u0913\u092a\u0928-\u091c\u0949\u0935 \u090f\u0921\u091c\u0938\u094d\u091f\u0947\u092c\u0932 \u0930\u093f\u0902\u091a"", ""unnamed_3"": """"}",ROW_LEVEL_EXACT_DUPLICATE_NORMALIZED,Keep the first occurrence as canonical; the other 1 are byte-equal after normalisation and carry no unique data. Record all source rows in provenance.
f34ce34e223aa729,F034,bis_gazette_notification.csv,bis_gazette_notification,2,857; 1756,1,"{""id"": ""612"", ""related_is"": ""is 2028:2004"", ""title"": ""\u0913\u092a\u0928-\u091c\u0949\u0935 \u0930\u093f\u0902\u091a (\u0938\u094d\u092a\u0948\u0928\u0930\u094d\u0938)"", ""unnamed_3"": """"}",ROW_LEVEL_EXACT_DUPLICATE_NORMALIZED,Keep the first occurrence as canonical; the other 1 are byte-equal after normalisation and carry no unique data. Record all source rows in provenance.
cef825f5e7fb31bf,F034,bis_gazette_notification.csv,bis_gazette_notification,2,858; 1757,1,"{""id"": ""613"", ""related_is"": ""is 2029:1998"", ""title"": ""\u0930\u093f\u0902\u0917 \u0930\u093f\u0902\u091a (\u0938\u094d\u092a\u0948\u0928\u0930\u094d\u0938)"", ""unnamed_3"": """"}",ROW_LEVEL_EXACT_DUPLICATE_NORMALIZED,Keep the first occurrence as canonical; the other 1 are byte-equal after normalisation and carry no unique data. Record all source rows in provenance.
5b2a052288570baf,F034,bis_gazette_notification.csv,bis_gazette_notification,2,859; 1758,1,"{""id"": ""614"", ""related_is"": ""is 4003 (part 1): 1978"", ""title"": ""\u092a\u093e\u0907\u092a \u0930\u093f\u0902\u091a \u2013 \u0938\u093e\u092e\u093e\u0928\u094d\u092f \u0909\u092a\u092f\u094b\u0917"", ""unnamed_3"": """"}",ROW_LEVEL_EXACT_DUPLICATE_NORMALIZED,Keep the first occurrence as canonical; the other 1 are byte-equal after normalisation and carry no unique data. Record all source rows in provenance.
c48ac53047f2fa39,F034,bis_gazette_notification.csv,bis_gazette_notification,2,860; 1759,1,"{""id"": ""615"", ""related_is"": ""is 4003 (part 2): 1986"", ""title"": ""\u092a\u093e\u0907\u092a \u0930\u093f\u0902\u091a \u2013 \u092d\u093e\u0930\u0940 \u0915\u093e\u0930\u094d\u092f \u0915\u0947 \u0932\u093f\u090f"", ""unnamed_3"": """"}",ROW_LEVEL_EXACT_DUPLICATE_NORMALIZED,Keep the first occurrence as canonical; the other 1 are byte-equal after normalisation and carry no unique data. Record all source rows in provenance.
163c022d93d63046,F034,bis_gazette_notification.csv,bis_gazette_notification,2,861; 1760,1,"{""id"": ""616"", ""related_is"": ""is 3650:1981"", ""title"": ""\u0915\u0949\u092e\u094d\u092c\u093f\u0928\u0947\u0936\u0928 \u0938\u093e\u0907\u0921 \u0915\u091f\u093f\u0902\u0917 \u092a\u094d\u0932\u093e\u092f\u0930\u094d\u0938"", ""unnamed_3"": """"}",ROW_LEVEL_EXACT_DUPLICATE_NORMALIZED,Keep the first occurrence as canonical; the other 1 are byte-equal after normalisation and carry no unique data. Record all source rows in provenance.
5fb1d15affe3a6e4,F034,bis_gazette_notification.csv,bis_gazette_notification,2,862; 1761,1,"{""id"": ""\u0907\u0902\u0921\u0941\u091f\u0947\u0915"", ""related_is"": """", ""title"": """", ""unnamed_3"": """"}",ROW_LEVEL_EXACT_DUPLICATE_NORMALIZED,Keep the first occurrence as canonical; the other 1 are byte-equal after normalisation and carry no unique data. Record all source rows in provenance.
1eedc1cb252e9a05,F034,bis_gazette_notification.csv,bis_gazette_notification,2,863; 1762,1,"{""id"": ""617"", ""related_is"": ""is 15041:2001"", ""title"": ""\u091f\u0947\u0915\u094d\u0938\u091f\u093e\u0907\u0932 \u2013 \u0938\u093e\u092e\u093e\u0928\u094d\u092f \u0909\u092a\u092f\u094b\u0917 \u0915\u0947 \u0932\u093f\u090f \u092e\u093e\u0928\u0935 \u0928\u093f\u0930\u094d\u092e\u093f\u0924 \u092b\u093e\u0907\u092c\u0930 \u0938\u0947 \u092c\u0928\u0947 \u092b\u094d\u0932\u0948\u091f \u0935\u0947\u0",ROW_LEVEL_EXACT_DUPLICATE_NORMALIZED,Keep the first occurrence as canonical; the other 1 are byte-equal after normalisation and carry no unique data. Record all source rows in provenance.
e250ab015ea0817a,F034,bis_gazette_notification.csv,bis_gazette_notification,2,864; 1763,1,"{""id"": ""\u0930\u0938\u094d\u0938\u093f\u092f\u093e\u0901 \u0914\u0930 \u0915\u0949\u0930\u094d\u0921\u0947\u091c"", ""related_is"": """", ""title"": """", ""unnamed_3"": """"}",ROW_LEVEL_EXACT_DUPLICATE_NORMALIZED,Keep the first occurrence as canonical; the other 1 are byte-equal after normalisation and carry no unique data. Record all source rows in provenance.
69b2990bf62a76db,F034,bis_gazette_notification.csv,bis_gazette_notification,2,865; 1764,1,"{""id"": ""618"", ""related_is"": ""is 1084:2005"", ""title"": ""\u091f\u0947\u0915\u094d\u0938\u091f\u093e\u0907\u0932 \u2014 \u092e\u0928\u093f\u0932\u093e \u0930\u0938\u094d\u0938\u093f\u092f\u093e\u0901 \u2014 \u0935\u093f\u0928\u093f\u0930\u094d\u0926\u0947\u0936\u0928"", ""unnamed_3"": ""131. \u0930\u0938\u094d\u0938\u093f\u092f\u093e\u0901 \u0914\u0930 \u0915\u0949\u0930\u094d\u0921\u0947\u091c (\u0917\u0",ROW_LEVEL_EXACT_DUPLICATE_NORMALIZED,Keep the first occurrence as canonical; the other 1 are byte-equal after normalisation and carry no unique data. Record all source rows in provenance.
910272bb1f07e5f2,F034,bis_gazette_notification.csv,bis_gazette_notification,2,866; 1765,1,"{""id"": ""619"", ""related_is"": ""is 11066:2022"", ""title"": ""\u092b\u093e\u0907\u092c\u0930 \u0930\u0938\u094d\u0938\u093f\u092f\u093e\u0901 \u2014 \u092a\u0949\u0932\u093f\u090f\u0938\u094d\u091f\u0930 \u2014 3-, 4-, 8- \u0914\u0930 12- \u0938\u094d\u091f\u094d\u0930\u0948\u0902\u0921 \u0930\u0938\u094d\u0938\u093f\u092f\u093e\u0901"", ""unnamed_3"": """"}",ROW_LEVEL_EXACT_DUPLICATE_NORMALIZED,Keep the first occurrence as canonical; the other 1 are byte-equal after normalisation and carry no unique data. Record all source rows in provenance.
1cf3b10906cef490,F034,bis_gazette_notification.csv,bis_gazette_notification,2,867; 1766,1,"{""id"": ""620"", ""related_is"": ""is 14928:2001"", ""title"": ""\u091f\u0947\u0915\u094d\u0938\u091f\u093e\u0907\u0932 \u2014 \u092e\u093f\u0936\u094d\u0930\u093f\u0924 \u0938\u093f\u0902\u0925\u0947\u091f\u093f\u0915 \u092b\u093e\u0907\u092c\u0930 \u0930\u0938\u094d\u0938\u093f\u092f\u093e\u0901 \u2014 \u0935\u093f\u0928\u093f\u0930\u094d\u0926\u0947\u0936\u0928"", ""unnamed_3"": """"}",ROW_LEVEL_EXACT_DUPLICATE_NORMALIZED,Keep the first occurrence as canonical; the other 1 are byte-equal after normalisation and carry no unique data. Record all source rows in provenance.
b72d1de4c22e7035,F034,bis_gazette_notification.csv,bis_gazette_notification,2,868; 1767,1,"{""id"": ""621"", ""related_is"": ""is 14929:2022"", ""title"": ""\u092e\u093f\u0915\u094d\u0938\u094d\u0921 \u092a\u0949\u0932\u0940\u0913\u0932\u0947\u092b\u093f\u0928 \u092b\u093e\u0907\u092c\u0930 \u0930\u0938\u094d\u0938\u093f\u092f\u093e\u0901"", ""unnamed_3"": """"}",ROW_LEVEL_EXACT_DUPLICATE_NORMALIZED,Keep the first occurrence as canonical; the other 1 are byte-equal after normalisation and carry no unique data. Record all source rows in provenance.
e6f97b087325a0c5,F034,bis_gazette_notification.csv,bis_gazette_notification,2,869; 1768,1,"{""id"": ""622"", ""related_is"": ""is 1804:2004"", ""title"": ""\u0938\u094d\u091f\u0940\u0932 \u0935\u093e\u092f\u0930 \u0930\u0938\u094d\u0938\u093f\u092f\u093e\u0901 \u2013 \u092b\u093e\u0907\u092c\u0930 \u092e\u0941\u0916\u094d\u092f \u0915\u094b\u0930 \u2013 \u0935\u093f\u0928\u093f\u0930\u094d\u0926\u0947\u0936\u0928"", ""unnamed_3"": """"}",ROW_LEVEL_EXACT_DUPLICATE_NORMALIZED,Keep the first occurrence as canonical; the other 1 are byte-equal after normalisation and carry no unique data. Record all source rows in provenance.
5597103b1f8f3fe9,F034,bis_gazette_notification.csv,bis_gazette_notification,2,870; 1769,1,"{""id"": ""623"", ""related_is"": ""is 4572:2022"", ""title"": ""\u092b\u093e\u0907\u092c\u0930 \u0930\u0938\u094d\u0938\u093f\u092f\u093e\u0901 \u2014 \u092a\u0949\u0932\u0940\u090f\u092e\u093e\u0907\u0921 \u2014 3-, 4-, 8- \u0914\u0930 12- \u0938\u094d\u091f\u094d\u0930\u0948\u0902\u0921 \u0930\u0938\u094d\u0938\u093f\u092f\u093e\u0901"", ""unnamed_3"": """"}",ROW_LEVEL_EXACT_DUPLICATE_NORMALIZED,Keep the first occurrence as canonical; the other 1 are byte-equal after normalisation and carry no unique data. Record all source rows in provenance.
c3c44f9a50ccb82e,F034,bis_gazette_notification.csv,bis_gazette_notification,2,871; 1770,1,"{""id"": ""624"", ""related_is"": ""is 5175:2022"", ""title"": ""\u092b\u093e\u0907\u092c\u0930 \u0930\u0938\u094d\u0938\u093f\u092f\u093e\u0901 \u2014 \u092a\u0949\u0932\u0940\u092a\u094d\u0930\u094b\u092a\u0932\u0940\u0928 \u0938\u094d\u092a\u094d\u0932\u093f\u091f \u092b\u093f\u0932\u094d\u092e, \u092e\u094b\u0928\u094b\u092b\u093f\u0932\u093e\u092e\u0947\u0902\u091f \u0914\u0930 \u092e\u0932\u094d\u091f\",ROW_LEVEL_EXACT_DUPLICATE_NORMALIZED,Keep the first occurrence as canonical; the other 1 are byte-equal after normalisation and carry no unique data. Record all source rows in provenance.
ec54a2e37020af87,F034,bis_gazette_notification.csv,bis_gazette_notification,2,872; 1771,1,"{""id"": ""625"", ""related_is"": ""is 8674 : 2013"", ""title"": ""\u092b\u093e\u0907\u092c\u0930 \u0930\u0938\u094d\u0938\u093f\u092f\u093e\u0901 \u2014 \u092a\u0949\u0932\u0940\u0907\u0925\u093f\u0932\u0940\u0928 \u2014 3- \u0914\u0930 4- \u0938\u094d\u091f\u094d\u0930\u0948\u0902\u0921 \u0930\u0938\u094d\u0938\u093f\u092f\u093e\u0901"", ""unnamed_3"": """"}",ROW_LEVEL_EXACT_DUPLICATE_NORMALIZED,Keep the first occurrence as canonical; the other 1 are byte-equal after normalisation and carry no unique data. Record all source rows in provenance.
c1ce5a72e528be00,F034,bis_gazette_notification.csv,bis_gazette_notification,2,873; 1772,1,"{""id"": ""626"", ""related_is"": ""is 17609 : 2021"", ""title"": ""\u092a\u0949\u0932\u0940\u090f\u0938\u094d\u091f\u0930 / \u092a\u0949\u0932\u0940\u0913\u0932\u0947\u092b\u093f\u0928 \u0921\u0941\u0905\u0932 \u092b\u093e\u0907\u092c\u0930 \u0915\u0940 \u092b\u093e\u0907\u092c\u0930 \u0930\u0938\u094d\u0938\u093f\u092f\u093e\u0901"", ""unnamed_3"": """"}",ROW_LEVEL_EXACT_DUPLICATE_NORMALIZED,Keep the first occurrence as canonical; the other 1 are byte-equal after normalisation and carry no unique data. Record all source rows in provenance.
ac71b520fc9664dc,F034,bis_gazette_notification.csv,bis_gazette_notification,2,874; 1773,1,"{""id"": ""\u0938\u094b\u0932\u0930 \u0925\u0930\u094d\u092e\u0932 \u0938\u093f\u0938\u094d\u091f\u092e, \u0909\u092a\u0915\u0930\u0923 \u0914\u0930 \u0918\u091f\u0915"", ""related_is"": """", ""title"": """", ""unnamed_3"": """"}",ROW_LEVEL_EXACT_DUPLICATE_NORMALIZED,Keep the first occurrence as canonical; the other 1 are byte-equal after normalisation and carry no unique data. Record all source rows in provenance.
08cf1e72faa7ce43,F034,bis_gazette_notification.csv,bis_gazette_notification,2,875; 1774,1,"{""id"": ""627"", ""related_is"": ""is 12933 (\u092d\u093e\u0917 1): 2003 is 12933 (\u092d\u093e\u0917 2): 2003"", ""title"": ""\u0938\u094b\u0932\u0930 \u092b\u094d\u0932\u0948\u091f \u092a\u094d\u0932\u0947\u091f \u0915\u0932\u0947\u0915\u094d\u091f\u0930 \u0938\u094b\u0932\u0930 \u0935\u0949\u091f\u0930 \u0939\u0940\u091f\u093f\u0902\u0917 \u0938\u093f\u0938\u094d\u091f\u092e \u0915\u0947 \u0932\u093f\u09",ROW_LEVEL_EXACT_DUPLICATE_NORMALIZED,Keep the first occurrence as canonical; the other 1 are byte-equal after normalisation and carry no unique data. Record all source rows in provenance.
ace1ceb3bef62b6d,F034,bis_gazette_notification.csv,bis_gazette_notification,2,876; 1775,1,"{""id"": ""628"", ""related_is"": ""is 16544: 2016"", ""title"": ""\u0911\u0932 \u0917\u094d\u0932\u093e\u0938 \u090f\u0935\u0948\u0915\u094d\u092f\u0942\u090f\u091f\u0947\u0921 \u091f\u094d\u092f\u0942\u092c \u0938\u094b\u0932\u0930 \u0935\u0949\u091f\u0930 \u0939\u0940\u091f\u093f\u0902\u0917 \u0938\u093f\u0938\u094d\u091f\u092e"", ""unnamed_3"": """"}",ROW_LEVEL_EXACT_DUPLICATE_NORMALIZED,Keep the first occurrence as canonical; the other 1 are byte-equal after normalisation and carry no unique data. Record all source rows in provenance.
82006b8dee550830,F034,bis_gazette_notification.csv,bis_gazette_notification,2,877; 1776,1,"{""id"": ""629"", ""related_is"": ""is 16542: 2016"", ""title"": ""\u0938\u094d\u091f\u094b\u0930\u0947\u091c \u0935\u0949\u091f\u0930 \u091f\u0948\u0902\u0915 \u0911\u0932 \u0917\u094d\u0932\u093e\u0938 \u090f\u0935\u0948\u0915\u094d\u092f\u0942\u090f\u091f\u0947\u0921 \u091f\u094d\u092f\u0942\u092c \u0938\u094b\u0932\u0930 \u0935\u0949\u091f\u0930 \u0939\u0940\u091f\u093f\u0902\u0917 \u0938\u093f\u0938\u09",ROW_LEVEL_EXACT_DUPLICATE_NORMALIZED,Keep the first occurrence as canonical; the other 1 are byte-equal after normalisation and carry no unique data. Record all source rows in provenance.
0154ede719476b49,F034,bis_gazette_notification.csv,bis_gazette_notification,2,878; 1777,1,"{""id"": ""h \u090f\u0938\u093f\u0921, k \u090f\u0938\u093f\u0921 \u0914\u0930 \u0935\u093f\u0928\u093e\u0907\u0932 \u0938\u0932\u094d\u092b\u094b\u0928"", ""related_is"": """", ""title"": """", ""unnamed_3"": """"}",ROW_LEVEL_EXACT_DUPLICATE_NORMALIZED,Keep the first occurrence as canonical; the other 1 are byte-equal after normalisation and carry no unique data. Record all source rows in provenance.
4a6415065c1a8a17,F034,bis_gazette_notification.csv,bis_gazette_notification,2,879; 1778,1,"{""id"": """", ""related_is"": ""is 8637 : 2020"", ""title"": ""h \u090f\u0938\u093f\u0921"", ""unnamed_3"": ""h \u090f\u0938\u093f\u0921 (\u0917\u0941\u0923\u0935\u0924\u094d\u0924\u093e \u0928\u093f\u092f\u0902\u0924\u094d\u0930\u0923) \u0906\u0926\u0947\u0936, 2024 s.o. 4925(e), \u0926\u093f\u0928\u093e\u0902\u0915 14 \u0928\u0935\u0902\u092c\u0930 2024 h \u090f\u0938\u093f\u0921 (\u0917\u0941\u0923\u0935\u09",ROW_LEVEL_EXACT_DUPLICATE_NORMALIZED,Keep the first occurrence as canonical; the other 1 are byte-equal after normalisation and carry no unique data. Record all source rows in provenance.
1318fc6c9aa72acf,F034,bis_gazette_notification.csv,bis_gazette_notification,2,880; 1779,1,"{""id"": """", ""related_is"": ""is 11557: 1986"", ""title"": ""k \u090f\u0938\u093f\u0921"", ""unnamed_3"": ""k \u090f\u0938\u093f\u0921 (\u0917\u0941\u0923\u0935\u0924\u094d\u0924\u093e \u0928\u093f\u092f\u0902\u0924\u094d\u0930\u0923) \u0906\u0926\u0947\u0936, 2024 s.o. 4926(e), \u0926\u093f\u0928\u093e\u0902\u0915 14 \u0928\u0935\u0902\u092c\u0930 2024 k \u090f\u0938\u093f\u0921 (\u0917\u0941\u0923\u0935\u09",ROW_LEVEL_EXACT_DUPLICATE_NORMALIZED,Keep the first occurrence as canonical; the other 1 are byte-equal after normalisation and carry no unique data. Record all source rows in provenance.
852a4ddfac62a948,F034,bis_gazette_notification.csv,bis_gazette_notification,2,881; 1780,1,"{""id"": """", ""related_is"": ""is 18340 : 2023"", ""title"": ""\u0935\u093f\u0928\u093e\u0907\u0932 \u0938\u0932\u094d\u092b\u094b\u0928"", ""unnamed_3"": ""\u0935\u093f\u0928\u093e\u0907\u0932 \u0938\u0932\u094d\u092b\u094b\u0928 (\u0917\u0941\u0923\u0935\u0924\u094d\u0924\u093e \u0928\u093f\u092f\u0902\u0924\u094d\u0930\u0923) \u0906\u0926\u0947\u0936, 2024 s.o. 4927(e), \u0926\u093f\u0928\u093e\u0902\u0915 ",ROW_LEVEL_EXACT_DUPLICATE_NORMALIZED,Keep the first occurrence as canonical; the other 1 are byte-equal after normalisation and carry no unique data. Record all source rows in provenance.
cc739eb2c6eae849,F034,bis_gazette_notification.csv,bis_gazette_notification,2,882; 1781,1,"{""id"": ""\u0907\u0932\u0947\u0915\u094d\u091f\u094d\u0930\u093f\u0915 \u092b\u0947\u0902\u0938 \u090f\u0928\u0930\u094d\u091c\u093e\u0907\u091c\u0930\u094d\u0938"", ""related_is"": """", ""title"": """", ""unnamed_3"": """"}",ROW_LEVEL_EXACT_DUPLICATE_NORMALIZED,Keep the first occurrence as canonical; the other 1 are byte-equal after normalisation and carry no unique data. Record all source rows in provenance.
2fd33379582c1a48,F034,bis_gazette_notification.csv,bis_gazette_notification,2,884; 1783,1,"{""id"": ""\u092b\u094d\u0932\u0948\u0936\u0932\u093e\u0907\u091f"", ""related_is"": """", ""title"": """", ""unnamed_3"": """"}",ROW_LEVEL_EXACT_DUPLICATE_NORMALIZED,Keep the first occurrence as canonical; the other 1 are byte-equal after normalisation and carry no unique data. Record all source rows in provenance.
153f94be34bc7aa1,F034,bis_gazette_notification.csv,bis_gazette_notification,2,886; 1785,1,"{""id"": ""\u0938\u094d\u091f\u0947\u0928\u0932\u0947\u0938 \u0938\u094d\u091f\u0940\u0932 \u092a\u093e\u0907\u092a\u094d\u0938 \u0914\u0930 \u091f\u094d\u092f\u0942\u092c\u094d\u0938"", ""related_is"": """", ""title"": """", ""unnamed_3"": """"}",ROW_LEVEL_EXACT_DUPLICATE_NORMALIZED,Keep the first occurrence as canonical; the other 1 are byte-equal after normalisation and carry no unique data. Record all source rows in provenance.
af7bc78a81a1dbf0,F034,bis_gazette_notification.csv,bis_gazette_notification,2,887; 1786,1,"{""id"": ""632"", ""related_is"": ""is 17875: 2022"", ""title"": ""\u0938\u093e\u092e\u093e\u0928\u094d\u092f \u0909\u092a\u092f\u094b\u0917 \u0915\u0947 \u0932\u093f\u090f \u0938\u094d\u091f\u0947\u0928\u0932\u0947\u0938 \u0938\u094d\u091f\u0940\u0932 \u0938\u0940\u092e\u0932\u0947\u0938 \u092a\u093e\u0907\u092a\u094d\u0938 \u0914\u0930 \u091f\u094d\u092f\u0942\u092c\u094d\u0938"", ""unnamed_3"": ""135. \u0938\",ROW_LEVEL_EXACT_DUPLICATE_NORMALIZED,Keep the first occurrence as canonical; the other 1 are byte-equal after normalisation and carry no unique data. Record all source rows in provenance.
39c4bb421f863e4a,F034,bis_gazette_notification.csv,bis_gazette_notification,2,888; 1787,1,"{""id"": ""633"", ""related_is"": ""is 17876: 2022"", ""title"": ""\u0938\u093e\u092e\u093e\u0928\u094d\u092f \u0909\u092a\u092f\u094b\u0917 \u0915\u0947 \u0932\u093f\u090f \u0938\u094d\u091f\u0947\u0928\u0932\u0947\u0938 \u0938\u094d\u091f\u0940\u0932 \u0935\u0947\u0932\u094d\u0921\u0947\u0921 \u092a\u093e\u0907\u092a\u094d\u0938 \u0914\u0930 \u091f\u094d\u092f\u0942\u092c\u094d\u0938"", ""unnamed_3"": """"}",ROW_LEVEL_EXACT_DUPLICATE_NORMALIZED,Keep the first occurrence as canonical; the other 1 are byte-equal after normalisation and carry no unique data. Record all source rows in provenance.
abe3df09ccb60a82,F034,bis_gazette_notification.csv,bis_gazette_notification,2,889; 1788,1,"{""id"": ""\u092b\u0930\u094d\u0928\u0940\u091a\u0930"", ""related_is"": """", ""title"": """", ""unnamed_3"": """"}",ROW_LEVEL_EXACT_DUPLICATE_NORMALIZED,Keep the first occurrence as canonical; the other 1 are byte-equal after normalisation and carry no unique data. Record all source rows in provenance.
88f5092d6aed269d,F034,bis_gazette_notification.csv,bis_gazette_notification,2,891; 1790,1,"{""id"": ""635"", ""related_is"": ""is 17632: 2022"", ""title"": ""\u0938\u093e\u092e\u093e\u0928\u094d\u092f \u0909\u0926\u094d\u0926\u0947\u0936\u094d\u092f \u0915\u0940 \u091a\u0947\u092f\u0930\u094d\u0938 \u0914\u0930 \u0938\u094d\u091f\u0942\u0932\u094d\u0938"", ""unnamed_3"": """"}",ROW_LEVEL_EXACT_DUPLICATE_NORMALIZED,Keep the first occurrence as canonical; the other 1 are byte-equal after normalisation and carry no unique data. Record all source rows in provenance.
b2a435a5d9a96c23,F034,bis_gazette_notification.csv,bis_gazette_notification,2,892; 1791,1,"{""id"": ""636"", ""related_is"": ""is 17633: 2022"", ""title"": ""\u091f\u0947\u092c\u0932\u094d\u0938 \u0914\u0930 \u0921\u0947\u0938\u094d\u0915"", ""unnamed_3"": """"}",ROW_LEVEL_EXACT_DUPLICATE_NORMALIZED,Keep the first occurrence as canonical; the other 1 are byte-equal after normalisation and carry no unique data. Record all source rows in provenance.
a0846a6fe504cbd6,F034,bis_gazette_notification.csv,bis_gazette_notification,2,893; 1792,1,"{""id"": ""637"", ""related_is"": ""is 17634: 2022"", ""title"": ""\u0938\u094d\u091f\u094b\u0930\u0947\u091c \u092f\u0942\u0928\u093f\u091f\u094d\u0938"", ""unnamed_3"": """"}",ROW_LEVEL_EXACT_DUPLICATE_NORMALIZED,Keep the first occurrence as canonical; the other 1 are byte-equal after normalisation and carry no unique data. Record all source rows in provenance.
0d82e005d14515db,F034,bis_gazette_notification.csv,bis_gazette_notification,2,894; 1793,1,"{""id"": ""638"", ""related_is"": ""is 17635: 2022"", ""title"": ""\u092c\u0947\u0921\u094d\u0938"", ""unnamed_3"": """"}",ROW_LEVEL_EXACT_DUPLICATE_NORMALIZED,Keep the first occurrence as canonical; the other 1 are byte-equal after normalisation and carry no unique data. Record all source rows in provenance.
e1a58ec038aace95,F034,bis_gazette_notification.csv,bis_gazette_notification,2,895; 1794,1,"{""id"": ""639"", ""related_is"": ""is 17636: 2022"", ""title"": ""\u092c\u0902\u0915 \u092c\u0947\u0921\u094d\u0938"", ""unnamed_3"": """"}",ROW_LEVEL_EXACT_DUPLICATE_NORMALIZED,Keep the first occurrence as canonical; the other 1 are byte-equal after normalisation and carry no unique data. Record all source rows in provenance.
a1138e146f025354,F034,bis_gazette_notification.csv,bis_gazette_notification,2,896; 1795,1,"{""id"": ""\u0917\u0948\u0930-\u0932\u094c\u0939 \u0936\u0941\u0926\u094d\u0927 \u0927\u093e\u0924\u0941\u090f\u0901"", ""related_is"": """", ""title"": """", ""unnamed_3"": """"}",ROW_LEVEL_EXACT_DUPLICATE_NORMALIZED,Keep the first occurrence as canonical; the other 1 are byte-equal after normalisation and carry no unique data. Record all source rows in provenance.
dff71c2e379c405a,F034,bis_gazette_notification.csv,bis_gazette_notification,2,897; 1796,1,"{""id"": """", ""related_is"": ""is 2782: 2023"", ""title"": ""\u0936\u0941\u0926\u094d\u0927 \u0928\u093f\u0915\u0932"", ""unnamed_3"": ""\u0936\u0941\u0926\u094d\u0927 \u0928\u093f\u0915\u0932 (\u0917\u0941\u0923\u0935\u0924\u094d\u0924\u093e \u0928\u093f\u092f\u0902\u0924\u094d\u0930\u0923) \u0906\u0926\u0947\u0936, 2025 s.o. 1766(e), \u0926\u093f\u0928\u093e\u0902\u0915 17 \u0905\u092a\u094d\u0930\u0948\u093",ROW_LEVEL_EXACT_DUPLICATE_NORMALIZED,Keep the first occurrence as canonical; the other 1 are byte-equal after normalisation and carry no unique data. Record all source rows in provenance.
31e098de915171a8,F034,bis_gazette_notification.csv,bis_gazette_notification,2,898; 1797,1,"{""id"": """", ""related_is"": ""is 27: 2023"", ""title"": ""\u092a\u094d\u0930\u093e\u0925\u092e\u093f\u0915 \u0938\u0940\u0938\u093e"", ""unnamed_3"": ""\u092a\u094d\u0930\u093e\u0925\u092e\u093f\u0915 \u0938\u0940\u0938\u093e (\u0917\u0941\u0923\u0935\u0924\u094d\u0924\u093e \u0928\u093f\u092f\u0902\u0924\u094d\u0930\u0923) \u0906\u0926\u0947\u0936, 2025 s.o. 1767(e), \u0926\u093f\u0928\u093e\u0902\u0915 17 \",ROW_LEVEL_EXACT_DUPLICATE_NORMALIZED,Keep the first occurrence as canonical; the other 1 are byte-equal after normalisation and carry no unique data. Record all source rows in provenance.
d020eb0b83fcbb81,F034,bis_gazette_notification.csv,bis_gazette_notification,2,899; 1798,1,"{""id"": """", ""related_is"": ""is 209: 2024"", ""title"": ""\u0936\u0941\u0926\u094d\u0927 \u091c\u093f\u0902\u0915"", ""unnamed_3"": ""\u0936\u0941\u0926\u094d\u0927 \u091c\u093f\u0902\u0915 (\u0917\u0941\u0923\u0935\u0924\u094d\u0924\u093e \u0928\u093f\u092f\u0902\u0924\u094d\u0930\u0923) \u0906\u0926\u0947\u0936, 2025 s.o. 1768(e), \u0926\u093f\u0928\u093e\u0902\u0915 17 \u0905\u092a\u094d\u0930\u0948\u0932",ROW_LEVEL_EXACT_DUPLICATE_NORMALIZED,Keep the first occurrence as canonical; the other 1 are byte-equal after normalisation and carry no unique data. Record all source rows in provenance.
44ccb667d24b3aad,F034,bis_gazette_notification.csv,bis_gazette_notification,2,900; 1799,1,"{""id"": """", ""related_is"": ""is 26: 2024"", ""title"": ""\u091f\u093f\u0928 \u0907\u0928\u0917\u0949\u091f"", ""unnamed_3"": ""\u091f\u093f\u0928 \u0907\u0928\u0917\u0949\u091f (\u0917\u0941\u0923\u0935\u0924\u094d\u0924\u093e \u0928\u093f\u092f\u0902\u0924\u094d\u0930\u0923) \u0906\u0926\u0947\u0936, 2025 s.o. 1769(e), \u0926\u093f\u0928\u093e\u0902\u0915 17 \u0905\u092a\u094d\u0930\u0948\u0932 2025 \u091f\",ROW_LEVEL_EXACT_DUPLICATE_NORMALIZED,Keep the first occurrence as canonical; the other 1 are byte-equal after normalisation and carry no unique data. Record all source rows in provenance.
