pair_id,file_a,sheet_a,file_b,sheet_b,columns_a,columns_b,common_columns,unique_columns_a,unique_columns_b,column_jaccard,schema_verdict,common_column_list,unique_a_list,unique_b_list,entity_jaccard_max,deep_compared,deep_compare_reason
SC-0000,05_scheme_ii.csv,05_scheme_ii,06_scheme_iv.csv,06_scheme_iv,22,23,21,1,2,0.875,SCHEMA_SUBSTANTIALLY_IDENTICAL,canonical_is_number; certification_type; display_is_number; extraction_method; mandatory_voluntary; missing_reason; notification_reference; notified_by; product_name; raw_is_number; record_status; retrieval_timestamp; scheme_id; scheme_label; scheme_record_id; scraper_engine; source_id; source_url; sr_no; standard_year …(+1),table_caption,notification_document_url; specific_requirement,0.0,YES,SCHEMA_JACCARD>=0.25
SC-0001,05_scheme_ii.csv,05_scheme_ii,07_scheme_x.csv,07_scheme_x,22,23,21,1,2,0.875,SCHEMA_SUBSTANTIALLY_IDENTICAL,canonical_is_number; certification_type; display_is_number; extraction_method; mandatory_voluntary; missing_reason; notification_reference; notified_by; product_name; raw_is_number; record_status; retrieval_timestamp; scheme_id; scheme_label; scheme_record_id; scraper_engine; source_id; source_url; sr_no; standard_year …(+1),table_caption,notification_document_url; specific_requirement,0.0,YES,SCHEMA_JACCARD>=0.25
SC-0002,05_scheme_ii.csv,05_scheme_ii,17_source_conflicts.csv,17_source_conflicts,22,14,0,22,14,0.0,SCHEMA_DISJOINT,,canonical_is_number; certification_type; display_is_number; extraction_method; mandatory_voluntary; missing_reason; notification_reference; notified_by; product_name; raw_is_number; record_status; retrieval_timestamp …(+10),conflict_id; detected_at; entity_key; entity_type; field_name; notes; resolution_rule; resolved_value; source_a_id; source_a_url; source_b_id; source_b_url …(+2),0.0,NO,NO_CONTENT_LINK_DETECTED
SC-0003,05_scheme_ii.csv,05_scheme_ii,BIS_Combined_Testing_Master.xlsx,Combined_Testing_Master,22,12,1,21,11,0.0303,SCHEMA_WEAK_OVERLAP,source_url,canonical_is_number; certification_type; display_is_number; extraction_method; mandatory_voluntary; missing_reason; notification_reference; notified_by; product_name; raw_is_number; record_status; retrieval_timestamp …(+9),acceptance_criteria; clause; frequency; method; method_standard; parameter; remarks; required_equipment; sample_size; test_id; test_name,0.0139,NO,NO_CONTENT_LINK_DETECTED
SC-0004,05_scheme_ii.csv,05_scheme_ii,BIS_FAQs_Master.xlsx,BIS_FAQs_Master,22,10,1,21,9,0.0323,SCHEMA_WEAK_OVERLAP,source_url,canonical_is_number; certification_type; display_is_number; extraction_method; mandatory_voluntary; missing_reason; notification_reference; notified_by; product_name; raw_is_number; record_status; retrieval_timestamp …(+9),answer; category; document_reference; faq_id; question; related_is; related_product; related_qco; related_scheme,0.0,NO,NO_CONTENT_LINK_DETECTED
SC-0005,05_scheme_ii.csv,05_scheme_ii,BIS_Laboratory_Scopes.xlsx,BIS_Laboratory_Scopes,22,12,1,21,11,0.0303,SCHEMA_WEAK_OVERLAP,source_url,canonical_is_number; certification_type; display_is_number; extraction_method; mandatory_voluntary; missing_reason; notification_reference; notified_by; product_name; raw_is_number; record_status; retrieval_timestamp …(+9),capability; clause; is_number; lab_id; product; scope_id; scope_status; scope_validity; test_method; test_name; testing_charge,0.0143,NO,NO_CONTENT_LINK_DETECTED
SC-0006,05_scheme_ii.csv,05_scheme_ii,BIS_Mandatory_Hallmarking_Orders.xlsx,Mandatory_Hallmarking_Orders,22,14,1,21,13,0.0286,SCHEMA_WEAK_OVERLAP,source_url,canonical_is_number; certification_type; display_is_number; extraction_method; mandatory_voluntary; missing_reason; notification_reference; notified_by; product_name; raw_is_number; record_status; retrieval_timestamp …(+9),amendment; district_phase; document_url; effective_date; exemption; fineness; geographical_applicability; mandatory_status; metal; order_id; order_number; order_title …(+1),0.0,NO,NO_CONTENT_LINK_DETECTED
SC-0007,05_scheme_ii.csv,05_scheme_ii,BIS_Notifications_Master.xlsx,BIS_Notifications_Master,22,14,2,20,12,0.0588,SCHEMA_WEAK_OVERLAP,source_url; title,canonical_is_number; certification_type; display_is_number; extraction_method; mandatory_voluntary; missing_reason; notification_reference; notified_by; product_name; raw_is_number; record_status; retrieval_timestamp …(+8),date; department; document_url; effective_date; ministry; notification_id; notification_number; related_amendment; related_is; related_qco; subject; type,0.0192,NO,NO_CONTENT_LINK_DETECTED
SC-0008,05_scheme_ii.csv,05_scheme_ii,BIS_Product_Manuals_Master.xlsx,BIS_Product_Manuals,22,20,1,21,19,0.0244,SCHEMA_WEAK_OVERLAP,source_url,canonical_is_number; certification_type; display_is_number; extraction_method; mandatory_voluntary; missing_reason; notification_reference; notified_by; product_name; raw_is_number; record_status; retrieval_timestamp …(+9),document_url; grouping_guidelines; inspection_requirements; is_number; licensing_requirements; manual_id; manual_title; marking_requirements; process_requirements; product; raw_material_requirements; revision_date …(+7),0.0152,NO,NO_CONTENT_LINK_DETECTED
SC-0009,05_scheme_ii.csv,05_scheme_ii,BIS_Products_Details.xlsx,Products_Details,22,11,2,20,9,0.0645,SCHEMA_WEAK_OVERLAP,product_name; source_url,canonical_is_number; certification_type; display_is_number; extraction_method; mandatory_voluntary; missing_reason; notification_reference; notified_by; raw_is_number; record_status; retrieval_timestamp; scheme_id …(+8),alternate_names; category; description; keywords; product_id; related_is_numbers; related_qcos; related_schemes; subcategory,0.0152,NO,NO_CONTENT_LINK_DETECTED
SC-0010,05_scheme_ii.csv,05_scheme_ii,BIS_Products_Full_Information.xlsx,Products_Details,22,11,2,20,9,0.0645,SCHEMA_WEAK_OVERLAP,product_name; source_url,canonical_is_number; certification_type; display_is_number; extraction_method; mandatory_voluntary; missing_reason; notification_reference; notified_by; raw_is_number; record_status; retrieval_timestamp; scheme_id …(+8),alternate_names; category; description; keywords; product_id; related_is_numbers; related_qcos; related_schemes; subcategory,0.013,NO,NO_CONTENT_LINK_DETECTED
SC-0011,05_scheme_ii.csv,05_scheme_ii,BIS_Products_Full_Information_v2.xlsx,Products_Details,22,11,2,20,9,0.0645,SCHEMA_WEAK_OVERLAP,product_name; source_url,canonical_is_number; certification_type; display_is_number; extraction_method; mandatory_voluntary; missing_reason; notification_reference; notified_by; raw_is_number; record_status; retrieval_timestamp; scheme_id …(+8),alternate_names; category; description; keywords; product_id; related_is_numbers; related_qcos; related_schemes; subcategory,0.013,NO,NO_CONTENT_LINK_DETECTED
SC-0012,05_scheme_ii.csv,05_scheme_ii,BIS_QCO-schema_2.xlsx,BIS_QCO-schema_2,22,22,1,21,21,0.0233,SCHEMA_WEAK_OVERLAP,source_url,canonical_is_number; certification_type; display_is_number; extraction_method; mandatory_voluntary; missing_reason; notification_reference; notified_by; product_name; raw_is_number; record_status; retrieval_timestamp …(+9),amendments; corrigendas; current_status; deferments; department; effective_date; exclusions; extensions; is_numbers; mandatory_status; ministry; notification_date …(+9),0.0152,NO,NO_CONTENT_LINK_DETECTED
SC-0013,05_scheme_ii.csv,05_scheme_ii,BIS_QCO_Master_Records (1).xlsx,QCO_Master_Records,22,22,1,21,21,0.0233,SCHEMA_WEAK_OVERLAP,source_url,canonical_is_number; certification_type; display_is_number; extraction_method; mandatory_voluntary; missing_reason; notification_reference; notified_by; product_name; raw_is_number; record_status; retrieval_timestamp …(+9),amendments; corrigendas; current_status; deferments; department; effective_date; exclusions; extensions; is_numbers; mandatory_status; ministry; notification_date …(+9),0.0189,NO,NO_CONTENT_LINK_DETECTED
SC-0014,05_scheme_ii.csv,05_scheme_ii,BIS_QCO_Master_Records.xlsx,QCO_Master_Details,22,22,1,21,21,0.0233,SCHEMA_WEAK_OVERLAP,source_url,canonical_is_number; certification_type; display_is_number; extraction_method; mandatory_voluntary; missing_reason; notification_reference; notified_by; product_name; raw_is_number; record_status; retrieval_timestamp …(+9),amendments; corrigendas; current_status; deferments; department; effective_date; exclusions; extensions; is_numbers; mandatory_status; ministry; notification_date …(+9),0.0,NO,NO_CONTENT_LINK_DETECTED
SC-0015,05_scheme_ii.csv,05_scheme_ii,BIS_QCO_Master_Records_v3.xlsx,QCO_Master_Records,22,22,1,21,21,0.0233,SCHEMA_WEAK_OVERLAP,source_url,canonical_is_number; certification_type; display_is_number; extraction_method; mandatory_voluntary; missing_reason; notification_reference; notified_by; product_name; raw_is_number; record_status; retrieval_timestamp …(+9),amendments; corrigendas; current_status; deferments; department; effective_date; exclusions; extensions; is_numbers; mandatory_status; ministry; notification_date …(+9),0.0,NO,NO_CONTENT_LINK_DETECTED
SC-0016,05_scheme_ii.csv,05_scheme_ii,BIS_QCO_Master_Scheme_1.xlsx,BIS_QCO_Master_Scheme_1,22,11,0,22,11,0.0,SCHEMA_DISJOINT,,canonical_is_number; certification_type; display_is_number; extraction_method; mandatory_voluntary; missing_reason; notification_reference; notified_by; product_name; raw_is_number; record_status; retrieval_timestamp …(+10),amendments_extensions; effective_implementation_date; exemptions; is_number; mandatory_voluntary_status; ministry; notification_number; product; qco_order; scope; source_gazette_url,0.0152,NO,NO_CONTENT_LINK_DETECTED
SC-0017,05_scheme_ii.csv,05_scheme_ii,BIS_QCO_Summary.xlsx,QCO_Summary,22,7,0,22,7,0.0,SCHEMA_DISJOINT,,canonical_is_number; certification_type; display_is_number; extraction_method; mandatory_voluntary; missing_reason; notification_reference; notified_by; product_name; raw_is_number; record_status; retrieval_timestamp …(+10),key_scope_exclusions_amendments; ministry_department; notification_no_date; product_standard_is; qco_name_identifier; scheme_status; source_document_link,0.0161,NO,NO_CONTENT_LINK_DETECTED
SC-0018,05_scheme_ii.csv,05_scheme_ii,BIS_Recognized_Laboratories.xlsx,BIS_Recognized_Labs,22,14,1,21,13,0.0286,SCHEMA_WEAK_OVERLAP,source_url,canonical_is_number; certification_type; display_is_number; extraction_method; mandatory_voluntary; missing_reason; notification_reference; notified_by; product_name; raw_is_number; record_status; retrieval_timestamp …(+9),address; city; contact_number; contact_person; district; email; lab_code; lab_id; lab_name; recognition_status; scope_url; state …(+1),0.0,NO,NO_CONTENT_LINK_DETECTED
SC-0019,05_scheme_ii.csv,05_scheme_ii,BIS_Scheme_IV_FMCS.xlsx,BIS_FMCS_Scheme_IV,22,13,3,19,10,0.0938,SCHEMA_WEAK_OVERLAP,certification_type; mandatory_voluntary; source_url,canonical_is_number; display_is_number; extraction_method; missing_reason; notification_reference; notified_by; product_name; raw_is_number; record_status; retrieval_timestamp; scheme_id; scheme_label …(+7),is_number; product; related_product_manual; related_qco; related_sit; requirements; scheme_id_code; scheme_name; scheme_type; scope,0.0152,NO,NO_CONTENT_LINK_DETECTED
SC-0020,05_scheme_ii.csv,05_scheme_ii,BIS_Scheme_X_Industrial.xlsx,BIS_Scheme_X,22,14,4,18,10,0.125,SCHEMA_WEAK_OVERLAP,certification_type; mandatory_voluntary; scheme_id; source_url,canonical_is_number; display_is_number; extraction_method; missing_reason; notification_reference; notified_by; product_name; raw_is_number; record_status; retrieval_timestamp; scheme_label; scheme_record_id …(+6),is_number; product; related_product_manual; related_qco; related_sit; requirements; scheme_code; scheme_name; scheme_type; scope,0.0,NO,NO_CONTENT_LINK_DETECTED
SC-0021,05_scheme_ii.csv,05_scheme_ii,BIS_Scheme_X_Industrial_v2.xlsx,BIS_Scheme_X,22,14,4,18,10,0.125,SCHEMA_WEAK_OVERLAP,certification_type; mandatory_voluntary; scheme_id; source_url,canonical_is_number; display_is_number; extraction_method; missing_reason; notification_reference; notified_by; product_name; raw_is_number; record_status; retrieval_timestamp; scheme_label; scheme_record_id …(+6),is_number; product; related_product_manual; related_qco; related_sit; requirements; scheme_code; scheme_name; scheme_type; scope,0.0,NO,NO_CONTENT_LINK_DETECTED
SC-0022,05_scheme_ii.csv,05_scheme_ii,BIS_Schemes_Master.xlsx,BIS_Schemes_Master,22,14,4,18,10,0.125,SCHEMA_WEAK_OVERLAP,certification_type; mandatory_voluntary; scheme_id; source_url,canonical_is_number; display_is_number; extraction_method; missing_reason; notification_reference; notified_by; product_name; raw_is_number; record_status; retrieval_timestamp; scheme_label; scheme_record_id …(+6),is; product; related_product_manual; related_qco; related_sit; requirements; scheme_code; scheme_name; scheme_type; scope,0.0058,NO,NO_CONTENT_LINK_DETECTED
SC-0023,05_scheme_ii.csv,05_scheme_ii,BIS_Schemes_Master_Scheme_2.xlsx,BIS_Schemes_Master_Scheme_2,22,14,4,18,10,0.125,SCHEMA_WEAK_OVERLAP,certification_type; mandatory_voluntary; scheme_id; source_url,canonical_is_number; display_is_number; extraction_method; missing_reason; notification_reference; notified_by; product_name; raw_is_number; record_status; retrieval_timestamp; scheme_label; scheme_record_id …(+6),is; product; related_product_manual; related_qco; related_sit; requirements; scheme_code; scheme_name; scheme_type; scope,0.0058,YES,SAME_DOMAIN=05_SCHEME_II_CRS
SC-0024,05_scheme_ii.csv,05_scheme_ii,BIS_Standards_Amendments.xlsx,BIS_Standards_Amendments,22,12,1,21,11,0.0303,SCHEMA_WEAK_OVERLAP,source_url,canonical_is_number; certification_type; display_is_number; extraction_method; mandatory_voluntary; missing_reason; notification_reference; notified_by; product_name; raw_is_number; record_status; retrieval_timestamp …(+9),amendment_date; amendment_id; amendment_number; document_url; effective_date; new_version; original_version; parent_entity; status; superseded_document; superseding_document,0.0,NO,NO_CONTENT_LINK_DETECTED
SC-0025,05_scheme_ii.csv,05_scheme_ii,BIS_Standards_Details_v2 (1).xlsx,BIS Standards,22,19,1,21,18,0.025,SCHEMA_WEAK_OVERLAP,title,canonical_is_number; certification_type; display_is_number; extraction_method; mandatory_voluntary; missing_reason; notification_reference; notified_by; product_name; raw_is_number; record_status; retrieval_timestamp …(+9),current_status; degree_of_equivalence; document_url; is_number; official_url; part_section; product_category; publication_date; reaffirmation_review_date; revision; revision_date; standard_id …(+6),0.0141,NO,NO_CONTENT_LINK_DETECTED
SC-0026,05_scheme_ii.csv,05_scheme_ii,BIS_Standards_Details_v2.xlsx,BIS Standards,22,19,1,21,18,0.025,SCHEMA_WEAK_OVERLAP,title,canonical_is_number; certification_type; display_is_number; extraction_method; mandatory_voluntary; missing_reason; notification_reference; notified_by; product_name; raw_is_number; record_status; retrieval_timestamp …(+9),current_status; degree_of_equivalence; document_url; is_number; official_url; part_section; product_category; publication_date; reaffirmation_review_date; revision; revision_date; standard_id …(+6),0.0141,NO,NO_CONTENT_LINK_DETECTED
SC-0027,05_scheme_ii.csv,05_scheme_ii,BIS_Standards_Details_v3.xlsx,BIS Standards,22,19,1,21,18,0.025,SCHEMA_WEAK_OVERLAP,title,canonical_is_number; certification_type; display_is_number; extraction_method; mandatory_voluntary; missing_reason; notification_reference; notified_by; product_name; raw_is_number; record_status; retrieval_timestamp …(+9),current_status; degree_of_equivalence; document_url; is_number; official_url; part_section; product_category; publication_date; reaffirmation_review_date; revision; revision_date; standard_id …(+6),0.0141,NO,NO_CONTENT_LINK_DETECTED
SC-0028,05_scheme_ii.csv,05_scheme_ii,BIS_Standards_Intelligence_Master.xlsx,BIS_Standards_Intelligence,22,23,1,21,22,0.0227,SCHEMA_WEAK_OVERLAP,source_url,canonical_is_number; certification_type; display_is_number; extraction_method; mandatory_voluntary; missing_reason; notification_reference; notified_by; product_name; raw_is_number; record_status; retrieval_timestamp …(+9),application_procedure; conformity_assessment; eligibility; factory_requirements; fees; forms; infrastructure_requirements; inspection; is_number; laboratory_testing; licence_or_coc_grant; process_controls …(+10),0.0143,NO,NO_CONTENT_LINK_DETECTED
SC-0029,05_scheme_ii.csv,05_scheme_ii,BIS_Standards_Scheme_Mapping.xlsx,BIS_Standards_Scheme_Mapping,22,23,1,21,22,0.0227,SCHEMA_WEAK_OVERLAP,source_url,canonical_is_number; certification_type; display_is_number; extraction_method; mandatory_voluntary; missing_reason; notification_reference; notified_by; product_name; raw_is_number; record_status; retrieval_timestamp …(+9),application_procedure; certification_scheme_to_store; conformity_assessment; eligibility; factory_requirements; fees; forms; group; infrastructure_requirements; inspection; is_number; laboratory_testing …(+10),0.25,NO,NO_CONTENT_LINK_DETECTED
SC-0030,05_scheme_ii.csv,05_scheme_ii,BIS_Testing_Parameters_Master.xlsx,BIS_Testing_Parameters,22,18,1,21,17,0.0256,SCHEMA_WEAK_OVERLAP,source_url,canonical_is_number; certification_type; display_is_number; extraction_method; mandatory_voluntary; missing_reason; notification_reference; notified_by; product_name; raw_is_number; record_status; retrieval_timestamp …(+9),acceptance_criteria; clause; is_number; laboratory_requirement; product; rejection_handling; remarks; required_equipment; sample_size; sampling_frequency; source_document; source_page …(+5),0.0143,NO,NO_CONTENT_LINK_DETECTED
SC-0031,05_scheme_ii.csv,05_scheme_ii,bis_circulars (1).csv,bis_circulars (1),22,11,2,20,9,0.0645,SCHEMA_WEAK_OVERLAP,source_url; title,canonical_is_number; certification_type; display_is_number; extraction_method; mandatory_voluntary; missing_reason; notification_reference; notified_by; product_name; raw_is_number; record_status; retrieval_timestamp …(+8),circular_id; circular_number; document_url; effective_date; implementation_instructions; issuing_authority; related_is; release_date; subject,0.0173,NO,NO_CONTENT_LINK_DETECTED
SC-0032,05_scheme_ii.csv,05_scheme_ii,bis_gazette_notification.csv,bis_gazette_notification,22,4,1,21,3,0.04,SCHEMA_WEAK_OVERLAP,title,canonical_is_number; certification_type; display_is_number; extraction_method; mandatory_voluntary; missing_reason; notification_reference; notified_by; product_name; raw_is_number; record_status; retrieval_timestamp …(+9),id; related_is; unnamed_3,0.0016,NO,NO_CONTENT_LINK_DETECTED
SC-0033,05_scheme_ii.csv,05_scheme_ii,bis_laboratories.csv,bis_laboratories,22,11,1,21,10,0.0312,SCHEMA_WEAK_OVERLAP,source_url,canonical_is_number; certification_type; display_is_number; extraction_method; mandatory_voluntary; missing_reason; notification_reference; notified_by; product_name; raw_is_number; record_status; retrieval_timestamp …(+9),accreditation_validity; address; city; contact_details; lab_id; lab_name; lab_type; pin; state; tested_is_numbers,0.0081,NO,NO_CONTENT_LINK_DETECTED
SC-0034,05_scheme_ii.csv,05_scheme_ii,bis_product_certification_faq (1).csv,bis_product_certification_faq (1),22,8,1,21,7,0.0345,SCHEMA_WEAK_OVERLAP,source_url,canonical_is_number; certification_type; display_is_number; extraction_method; mandatory_voluntary; missing_reason; notification_reference; notified_by; product_name; raw_is_number; record_status; retrieval_timestamp …(+9),answer; category; faq_id; question; related_is; related_product; related_scheme,0.0,NO,NO_CONTENT_LINK_DETECTED
SC-0035,05_scheme_ii.csv,05_scheme_ii,bis_product_certifications.csv,bis_product_certifications,22,9,2,20,7,0.069,SCHEMA_WEAK_OVERLAP,scheme_id; source_url,canonical_is_number; certification_type; display_is_number; extraction_method; mandatory_voluntary; missing_reason; notification_reference; notified_by; product_name; raw_is_number; record_status; retrieval_timestamp …(+8),applicability; application_procedure; document_url; fee_structure; guideline_title; inspection_testing_norm; scheme_name,0.0,NO,NO_CONTENT_LINK_DETECTED
SC-0036,05_scheme_ii.csv,05_scheme_ii,bis_topic17_hallmarking_centres.csv,bis_topic17_hallmarking_centres,22,14,1,21,13,0.0286,SCHEMA_WEAK_OVERLAP,source_url,canonical_is_number; certification_type; display_is_number; extraction_method; mandatory_voluntary; missing_reason; notification_reference; notified_by; product_name; raw_is_number; record_status; retrieval_timestamp …(+9),address; centre_code; centre_id; centre_name; city; district; pin; recognition_status; recognition_status_raw; scope; services; state …(+1),0.0,NO,NO_CONTENT_LINK_DETECTED
SC-0037,05_scheme_ii.csv,05_scheme_ii,bis_topic17_hallmarking_centres_cancelled_suspended.csv,bis_topic17_hallmarking_centres_cancelled_suspended,22,17,1,21,16,0.0263,SCHEMA_WEAK_OVERLAP,source_url,canonical_is_number; certification_type; display_is_number; extraction_method; mandatory_voluntary; missing_reason; notification_reference; notified_by; product_name; raw_is_number; record_status; retrieval_timestamp …(+9),address; centre_code; centre_id; centre_name; centre_type; city; district; pin; recognition_status; recognition_status_raw; region; scope …(+4),0.0,NO,NO_CONTENT_LINK_DETECTED
SC-0038,05_scheme_ii.csv,05_scheme_ii,data__raw__fmcs_all_fmcs_list_raw.csv,data__raw__fmcs_all_fmcs_list_raw,22,9,1,21,8,0.0333,SCHEMA_WEAK_OVERLAP,source_url,canonical_is_number; certification_type; display_is_number; extraction_method; mandatory_voluntary; missing_reason; notification_reference; notified_by; product_name; raw_is_number; record_status; retrieval_timestamp …(+9),cml_no_raw; name_address_raw; retrieved_at; s_no; standard_no_raw; status_raw; validity_date_raw; variety_brand_raw,0.0055,NO,NO_CONTENT_LINK_DETECTED
SC-0039,05_scheme_ii.csv,05_scheme_ii,output__extraction_log.csv,output__extraction_log,22,6,0,22,6,0.0,SCHEMA_DISJOINT,,canonical_is_number; certification_type; display_is_number; extraction_method; mandatory_voluntary; missing_reason; notification_reference; notified_by; product_name; raw_is_number; record_status; retrieval_timestamp …(+10),error_type; notes; outcome; retry_count; timestamp; url,0.0,NO,NO_CONTENT_LINK_DETECTED
SC-0040,05_scheme_ii.csv,05_scheme_ii,output__fmcs_country_coverage.csv,output__fmcs_country_coverage,22,3,0,22,3,0.0,SCHEMA_DISJOINT,,canonical_is_number; certification_type; display_is_number; extraction_method; mandatory_voluntary; missing_reason; notification_reference; notified_by; product_name; raw_is_number; record_status; retrieval_timestamp …(+10),country; licence_count; manufacturer_count,0.0,NO,NO_CONTENT_LINK_DETECTED
SC-0041,05_scheme_ii.csv,05_scheme_ii,output__fmcs_is_coverage.csv,output__fmcs_is_coverage,22,3,0,22,3,0.0,SCHEMA_DISJOINT,,canonical_is_number; certification_type; display_is_number; extraction_method; mandatory_voluntary; missing_reason; notification_reference; notified_by; product_name; raw_is_number; record_status; retrieval_timestamp …(+10),is_number; licence_count; manufacturer_count,0.0055,NO,NO_CONTENT_LINK_DETECTED
SC-0042,05_scheme_ii.csv,05_scheme_ii,output__source_inventory.csv,output__source_inventory,22,12,0,22,12,0.0,SCHEMA_DISJOINT,,canonical_is_number; certification_type; display_is_number; extraction_method; mandatory_voluntary; missing_reason; notification_reference; notified_by; product_name; raw_is_number; record_status; retrieval_timestamp …(+10),bytes; canonical_document_id; content_type; dedup_status; http_status; last_modified; notes; retrieved_at; sha256; source_title; source_type; url,0.0,NO,NO_CONTENT_LINK_DETECTED
SC-0043,05_scheme_ii.csv,05_scheme_ii,output__topic18_fmcs_manufacturers.csv,output__topic18_fmcs_manufacturers,22,17,1,21,16,0.0263,SCHEMA_WEAK_OVERLAP,source_url,canonical_is_number; certification_type; display_is_number; extraction_method; mandatory_voluntary; missing_reason; notification_reference; notified_by; product_name; raw_is_number; record_status; retrieval_timestamp …(+9),air; application_requirements; competent_personnel; country; documents; eligibility; factory; fees; is_number; licence; licence_status; machinery_requirements …(+4),0.0055,NO,NO_CONTENT_LINK_DETECTED
SC-0044,05_scheme_ii.csv,05_scheme_ii,output__topic19_official_documents.csv,output__topic19_official_documents,22,17,1,21,16,0.0263,SCHEMA_WEAK_OVERLAP,source_url,canonical_is_number; certification_type; display_is_number; extraction_method; mandatory_voluntary; missing_reason; notification_reference; notified_by; product_name; raw_is_number; record_status; retrieval_timestamp …(+9),access_status; date; document_id; document_title; document_type; download_url; effective_date; is_number; license_access_restriction; local_file; page_count; product …(+4),0.0,NO,NO_CONTENT_LINK_DETECTED
SC-0045,05_scheme_ii.csv,05_scheme_ii,output__topic20_provenance.csv,output__topic20_provenance,22,19,2,20,17,0.0513,SCHEMA_WEAK_OVERLAP,retrieval_timestamp; source_url,canonical_is_number; certification_type; display_is_number; extraction_method; mandatory_voluntary; missing_reason; notification_reference; notified_by; product_name; raw_is_number; record_status; scheme_id …(+8),clause; confidence; document_hash; document_id; document_title; effective_date; entity_type; evidence_text; field_name; field_value; page; record_id …(+5),0.0,NO,NO_CONTENT_LINK_DETECTED
SC-0046,05_scheme_ii.csv,05_scheme_ii,output__unresolved_records.csv,output__unresolved_records,22,6,0,22,6,0.0,SCHEMA_DISJOINT,,canonical_is_number; certification_type; display_is_number; extraction_method; mandatory_voluntary; missing_reason; notification_reference; notified_by; product_name; raw_is_number; record_status; retrieval_timestamp …(+10),attempted_source_url; entity_type; field_name; reason; record_id; resolution_needed,0.0,NO,NO_CONTENT_LINK_DETECTED
SC-0047,06_scheme_iv.csv,06_scheme_iv,07_scheme_x.csv,07_scheme_x,23,23,23,0,0,1.0,SCHEMA_IDENTICAL,canonical_is_number; certification_type; display_is_number; extraction_method; mandatory_voluntary; missing_reason; notification_document_url; notification_reference; notified_by; product_name; raw_is_number; record_status; retrieval_timestamp; scheme_id; scheme_label; scheme_record_id; scraper_engine; source_id; source_url; specific_requirement …(+3),,,0.0,YES,SCHEMA_JACCARD>=0.25
SC-0048,06_scheme_iv.csv,06_scheme_iv,17_source_conflicts.csv,17_source_conflicts,23,14,0,23,14,0.0,SCHEMA_DISJOINT,,canonical_is_number; certification_type; display_is_number; extraction_method; mandatory_voluntary; missing_reason; notification_document_url; notification_reference; notified_by; product_name; raw_is_number; record_status …(+11),conflict_id; detected_at; entity_key; entity_type; field_name; notes; resolution_rule; resolved_value; source_a_id; source_a_url; source_b_id; source_b_url …(+2),0.0,NO,NO_CONTENT_LINK_DETECTED
SC-0049,06_scheme_iv.csv,06_scheme_iv,BIS_Combined_Testing_Master.xlsx,Combined_Testing_Master,23,12,1,22,11,0.0294,SCHEMA_WEAK_OVERLAP,source_url,canonical_is_number; certification_type; display_is_number; extraction_method; mandatory_voluntary; missing_reason; notification_document_url; notification_reference; notified_by; product_name; raw_is_number; record_status …(+10),acceptance_criteria; clause; frequency; method; method_standard; parameter; remarks; required_equipment; sample_size; test_id; test_name,0.0,NO,NO_CONTENT_LINK_DETECTED
SC-0050,06_scheme_iv.csv,06_scheme_iv,BIS_FAQs_Master.xlsx,BIS_FAQs_Master,23,10,1,22,9,0.0312,SCHEMA_WEAK_OVERLAP,source_url,canonical_is_number; certification_type; display_is_number; extraction_method; mandatory_voluntary; missing_reason; notification_document_url; notification_reference; notified_by; product_name; raw_is_number; record_status …(+10),answer; category; document_reference; faq_id; question; related_is; related_product; related_qco; related_scheme,0.0,NO,NO_CONTENT_LINK_DETECTED
SC-0051,06_scheme_iv.csv,06_scheme_iv,BIS_Laboratory_Scopes.xlsx,BIS_Laboratory_Scopes,23,12,1,22,11,0.0294,SCHEMA_WEAK_OVERLAP,source_url,canonical_is_number; certification_type; display_is_number; extraction_method; mandatory_voluntary; missing_reason; notification_document_url; notification_reference; notified_by; product_name; raw_is_number; record_status …(+10),capability; clause; is_number; lab_id; product; scope_id; scope_status; scope_validity; test_method; test_name; testing_charge,0.0,NO,NO_CONTENT_LINK_DETECTED
SC-0052,06_scheme_iv.csv,06_scheme_iv,BIS_Mandatory_Hallmarking_Orders.xlsx,Mandatory_Hallmarking_Orders,23,14,1,22,13,0.0278,SCHEMA_WEAK_OVERLAP,source_url,canonical_is_number; certification_type; display_is_number; extraction_method; mandatory_voluntary; missing_reason; notification_document_url; notification_reference; notified_by; product_name; raw_is_number; record_status …(+10),amendment; district_phase; document_url; effective_date; exemption; fineness; geographical_applicability; mandatory_status; metal; order_id; order_number; order_title …(+1),0.0,NO,NO_CONTENT_LINK_DETECTED
SC-0053,06_scheme_iv.csv,06_scheme_iv,BIS_Notifications_Master.xlsx,BIS_Notifications_Master,23,14,2,21,12,0.0571,SCHEMA_WEAK_OVERLAP,source_url; title,canonical_is_number; certification_type; display_is_number; extraction_method; mandatory_voluntary; missing_reason; notification_document_url; notification_reference; notified_by; product_name; raw_is_number; record_status …(+9),date; department; document_url; effective_date; ministry; notification_id; notification_number; related_amendment; related_is; related_qco; subject; type,0.0,NO,NO_CONTENT_LINK_DETECTED
SC-0054,06_scheme_iv.csv,06_scheme_iv,BIS_Product_Manuals_Master.xlsx,BIS_Product_Manuals,23,20,1,22,19,0.0238,SCHEMA_WEAK_OVERLAP,source_url,canonical_is_number; certification_type; display_is_number; extraction_method; mandatory_voluntary; missing_reason; notification_document_url; notification_reference; notified_by; product_name; raw_is_number; record_status …(+10),document_url; grouping_guidelines; inspection_requirements; is_number; licensing_requirements; manual_id; manual_title; marking_requirements; process_requirements; product; raw_material_requirements; revision_date …(+7),0.0,NO,NO_CONTENT_LINK_DETECTED
SC-0055,06_scheme_iv.csv,06_scheme_iv,BIS_Products_Details.xlsx,Products_Details,23,11,2,21,9,0.0625,SCHEMA_WEAK_OVERLAP,product_name; source_url,canonical_is_number; certification_type; display_is_number; extraction_method; mandatory_voluntary; missing_reason; notification_document_url; notification_reference; notified_by; raw_is_number; record_status; retrieval_timestamp …(+9),alternate_names; category; description; keywords; product_id; related_is_numbers; related_qcos; related_schemes; subcategory,0.0,NO,NO_CONTENT_LINK_DETECTED
SC-0056,06_scheme_iv.csv,06_scheme_iv,BIS_Products_Full_Information.xlsx,Products_Details,23,11,2,21,9,0.0625,SCHEMA_WEAK_OVERLAP,product_name; source_url,canonical_is_number; certification_type; display_is_number; extraction_method; mandatory_voluntary; missing_reason; notification_document_url; notification_reference; notified_by; raw_is_number; record_status; retrieval_timestamp …(+9),alternate_names; category; description; keywords; product_id; related_is_numbers; related_qcos; related_schemes; subcategory,0.0,NO,NO_CONTENT_LINK_DETECTED
SC-0057,06_scheme_iv.csv,06_scheme_iv,BIS_Products_Full_Information_v2.xlsx,Products_Details,23,11,2,21,9,0.0625,SCHEMA_WEAK_OVERLAP,product_name; source_url,canonical_is_number; certification_type; display_is_number; extraction_method; mandatory_voluntary; missing_reason; notification_document_url; notification_reference; notified_by; raw_is_number; record_status; retrieval_timestamp …(+9),alternate_names; category; description; keywords; product_id; related_is_numbers; related_qcos; related_schemes; subcategory,0.0,NO,NO_CONTENT_LINK_DETECTED
SC-0058,06_scheme_iv.csv,06_scheme_iv,BIS_QCO-schema_2.xlsx,BIS_QCO-schema_2,23,22,1,22,21,0.0227,SCHEMA_WEAK_OVERLAP,source_url,canonical_is_number; certification_type; display_is_number; extraction_method; mandatory_voluntary; missing_reason; notification_document_url; notification_reference; notified_by; product_name; raw_is_number; record_status …(+10),amendments; corrigendas; current_status; deferments; department; effective_date; exclusions; extensions; is_numbers; mandatory_status; ministry; notification_date …(+9),0.0,NO,NO_CONTENT_LINK_DETECTED
SC-0059,06_scheme_iv.csv,06_scheme_iv,BIS_QCO_Master_Records (1).xlsx,QCO_Master_Records,23,22,1,22,21,0.0227,SCHEMA_WEAK_OVERLAP,source_url,canonical_is_number; certification_type; display_is_number; extraction_method; mandatory_voluntary; missing_reason; notification_document_url; notification_reference; notified_by; product_name; raw_is_number; record_status …(+10),amendments; corrigendas; current_status; deferments; department; effective_date; exclusions; extensions; is_numbers; mandatory_status; ministry; notification_date …(+9),0.0,NO,NO_CONTENT_LINK_DETECTED
SC-0060,06_scheme_iv.csv,06_scheme_iv,BIS_QCO_Master_Records.xlsx,QCO_Master_Details,23,22,1,22,21,0.0227,SCHEMA_WEAK_OVERLAP,source_url,canonical_is_number; certification_type; display_is_number; extraction_method; mandatory_voluntary; missing_reason; notification_document_url; notification_reference; notified_by; product_name; raw_is_number; record_status …(+10),amendments; corrigendas; current_status; deferments; department; effective_date; exclusions; extensions; is_numbers; mandatory_status; ministry; notification_date …(+9),0.0,NO,NO_CONTENT_LINK_DETECTED
SC-0061,06_scheme_iv.csv,06_scheme_iv,BIS_QCO_Master_Records_v3.xlsx,QCO_Master_Records,23,22,1,22,21,0.0227,SCHEMA_WEAK_OVERLAP,source_url,canonical_is_number; certification_type; display_is_number; extraction_method; mandatory_voluntary; missing_reason; notification_document_url; notification_reference; notified_by; product_name; raw_is_number; record_status …(+10),amendments; corrigendas; current_status; deferments; department; effective_date; exclusions; extensions; is_numbers; mandatory_status; ministry; notification_date …(+9),0.0,NO,NO_CONTENT_LINK_DETECTED
SC-0062,06_scheme_iv.csv,06_scheme_iv,BIS_QCO_Master_Scheme_1.xlsx,BIS_QCO_Master_Scheme_1,23,11,0,23,11,0.0,SCHEMA_DISJOINT,,canonical_is_number; certification_type; display_is_number; extraction_method; mandatory_voluntary; missing_reason; notification_document_url; notification_reference; notified_by; product_name; raw_is_number; record_status …(+11),amendments_extensions; effective_implementation_date; exemptions; is_number; mandatory_voluntary_status; ministry; notification_number; product; qco_order; scope; source_gazette_url,0.0,NO,NO_CONTENT_LINK_DETECTED
SC-0063,06_scheme_iv.csv,06_scheme_iv,BIS_QCO_Summary.xlsx,QCO_Summary,23,7,0,23,7,0.0,SCHEMA_DISJOINT,,canonical_is_number; certification_type; display_is_number; extraction_method; mandatory_voluntary; missing_reason; notification_document_url; notification_reference; notified_by; product_name; raw_is_number; record_status …(+11),key_scope_exclusions_amendments; ministry_department; notification_no_date; product_standard_is; qco_name_identifier; scheme_status; source_document_link,0.0,NO,NO_CONTENT_LINK_DETECTED
SC-0064,06_scheme_iv.csv,06_scheme_iv,BIS_Recognized_Laboratories.xlsx,BIS_Recognized_Labs,23,14,1,22,13,0.0278,SCHEMA_WEAK_OVERLAP,source_url,canonical_is_number; certification_type; display_is_number; extraction_method; mandatory_voluntary; missing_reason; notification_document_url; notification_reference; notified_by; product_name; raw_is_number; record_status …(+10),address; city; contact_number; contact_person; district; email; lab_code; lab_id; lab_name; recognition_status; scope_url; state …(+1),0.0,NO,NO_CONTENT_LINK_DETECTED
SC-0065,06_scheme_iv.csv,06_scheme_iv,BIS_Scheme_IV_FMCS.xlsx,BIS_FMCS_Scheme_IV,23,13,3,20,10,0.0909,SCHEMA_WEAK_OVERLAP,certification_type; mandatory_voluntary; source_url,canonical_is_number; display_is_number; extraction_method; missing_reason; notification_document_url; notification_reference; notified_by; product_name; raw_is_number; record_status; retrieval_timestamp; scheme_id …(+8),is_number; product; related_product_manual; related_qco; related_sit; requirements; scheme_id_code; scheme_name; scheme_type; scope,0.1667,NO,NO_CONTENT_LINK_DETECTED
SC-0066,06_scheme_iv.csv,06_scheme_iv,BIS_Scheme_X_Industrial.xlsx,BIS_Scheme_X,23,14,4,19,10,0.1212,SCHEMA_WEAK_OVERLAP,certification_type; mandatory_voluntary; scheme_id; source_url,canonical_is_number; display_is_number; extraction_method; missing_reason; notification_document_url; notification_reference; notified_by; product_name; raw_is_number; record_status; retrieval_timestamp; scheme_label …(+7),is_number; product; related_product_manual; related_qco; related_sit; requirements; scheme_code; scheme_name; scheme_type; scope,0.0,NO,NO_CONTENT_LINK_DETECTED
SC-0067,06_scheme_iv.csv,06_scheme_iv,BIS_Scheme_X_Industrial_v2.xlsx,BIS_Scheme_X,23,14,4,19,10,0.1212,SCHEMA_WEAK_OVERLAP,certification_type; mandatory_voluntary; scheme_id; source_url,canonical_is_number; display_is_number; extraction_method; missing_reason; notification_document_url; notification_reference; notified_by; product_name; raw_is_number; record_status; retrieval_timestamp; scheme_label …(+7),is_number; product; related_product_manual; related_qco; related_sit; requirements; scheme_code; scheme_name; scheme_type; scope,0.0,NO,NO_CONTENT_LINK_DETECTED
SC-0068,06_scheme_iv.csv,06_scheme_iv,BIS_Schemes_Master.xlsx,BIS_Schemes_Master,23,14,4,19,10,0.1212,SCHEMA_WEAK_OVERLAP,certification_type; mandatory_voluntary; scheme_id; source_url,canonical_is_number; display_is_number; extraction_method; missing_reason; notification_document_url; notification_reference; notified_by; product_name; raw_is_number; record_status; retrieval_timestamp; scheme_label …(+7),is; product; related_product_manual; related_qco; related_sit; requirements; scheme_code; scheme_name; scheme_type; scope,0.0,NO,NO_CONTENT_LINK_DETECTED
SC-0069,06_scheme_iv.csv,06_scheme_iv,BIS_Schemes_Master_Scheme_2.xlsx,BIS_Schemes_Master_Scheme_2,23,14,4,19,10,0.1212,SCHEMA_WEAK_OVERLAP,certification_type; mandatory_voluntary; scheme_id; source_url,canonical_is_number; display_is_number; extraction_method; missing_reason; notification_document_url; notification_reference; notified_by; product_name; raw_is_number; record_status; retrieval_timestamp; scheme_label …(+7),is; product; related_product_manual; related_qco; related_sit; requirements; scheme_code; scheme_name; scheme_type; scope,0.0,NO,NO_CONTENT_LINK_DETECTED
SC-0070,06_scheme_iv.csv,06_scheme_iv,BIS_Standards_Amendments.xlsx,BIS_Standards_Amendments,23,12,1,22,11,0.0294,SCHEMA_WEAK_OVERLAP,source_url,canonical_is_number; certification_type; display_is_number; extraction_method; mandatory_voluntary; missing_reason; notification_document_url; notification_reference; notified_by; product_name; raw_is_number; record_status …(+10),amendment_date; amendment_id; amendment_number; document_url; effective_date; new_version; original_version; parent_entity; status; superseded_document; superseding_document,0.0,NO,NO_CONTENT_LINK_DETECTED
SC-0071,06_scheme_iv.csv,06_scheme_iv,BIS_Standards_Details_v2 (1).xlsx,BIS Standards,23,19,1,22,18,0.0244,SCHEMA_WEAK_OVERLAP,title,canonical_is_number; certification_type; display_is_number; extraction_method; mandatory_voluntary; missing_reason; notification_document_url; notification_reference; notified_by; product_name; raw_is_number; record_status …(+10),current_status; degree_of_equivalence; document_url; is_number; official_url; part_section; product_category; publication_date; reaffirmation_review_date; revision; revision_date; standard_id …(+6),0.0,NO,NO_CONTENT_LINK_DETECTED
SC-0072,06_scheme_iv.csv,06_scheme_iv,BIS_Standards_Details_v2.xlsx,BIS Standards,23,19,1,22,18,0.0244,SCHEMA_WEAK_OVERLAP,title,canonical_is_number; certification_type; display_is_number; extraction_method; mandatory_voluntary; missing_reason; notification_document_url; notification_reference; notified_by; product_name; raw_is_number; record_status …(+10),current_status; degree_of_equivalence; document_url; is_number; official_url; part_section; product_category; publication_date; reaffirmation_review_date; revision; revision_date; standard_id …(+6),0.0,NO,NO_CONTENT_LINK_DETECTED
SC-0073,06_scheme_iv.csv,06_scheme_iv,BIS_Standards_Details_v3.xlsx,BIS Standards,23,19,1,22,18,0.0244,SCHEMA_WEAK_OVERLAP,title,canonical_is_number; certification_type; display_is_number; extraction_method; mandatory_voluntary; missing_reason; notification_document_url; notification_reference; notified_by; product_name; raw_is_number; record_status …(+10),current_status; degree_of_equivalence; document_url; is_number; official_url; part_section; product_category; publication_date; reaffirmation_review_date; revision; revision_date; standard_id …(+6),0.0,NO,NO_CONTENT_LINK_DETECTED
SC-0074,06_scheme_iv.csv,06_scheme_iv,BIS_Standards_Intelligence_Master.xlsx,BIS_Standards_Intelligence,23,23,1,22,22,0.0222,SCHEMA_WEAK_OVERLAP,source_url,canonical_is_number; certification_type; display_is_number; extraction_method; mandatory_voluntary; missing_reason; notification_document_url; notification_reference; notified_by; product_name; raw_is_number; record_status …(+10),application_procedure; conformity_assessment; eligibility; factory_requirements; fees; forms; infrastructure_requirements; inspection; is_number; laboratory_testing; licence_or_coc_grant; process_controls …(+10),0.0,NO,NO_CONTENT_LINK_DETECTED
SC-0075,06_scheme_iv.csv,06_scheme_iv,BIS_Standards_Scheme_Mapping.xlsx,BIS_Standards_Scheme_Mapping,23,23,1,22,22,0.0222,SCHEMA_WEAK_OVERLAP,source_url,canonical_is_number; certification_type; display_is_number; extraction_method; mandatory_voluntary; missing_reason; notification_document_url; notification_reference; notified_by; product_name; raw_is_number; record_status …(+10),application_procedure; certification_scheme_to_store; conformity_assessment; eligibility; factory_requirements; fees; forms; group; infrastructure_requirements; inspection; is_number; laboratory_testing …(+10),0.0,NO,NO_CONTENT_LINK_DETECTED
SC-0076,06_scheme_iv.csv,06_scheme_iv,BIS_Testing_Parameters_Master.xlsx,BIS_Testing_Parameters,23,18,1,22,17,0.025,SCHEMA_WEAK_OVERLAP,source_url,canonical_is_number; certification_type; display_is_number; extraction_method; mandatory_voluntary; missing_reason; notification_document_url; notification_reference; notified_by; product_name; raw_is_number; record_status …(+10),acceptance_criteria; clause; is_number; laboratory_requirement; product; rejection_handling; remarks; required_equipment; sample_size; sampling_frequency; source_document; source_page …(+5),0.0,NO,NO_CONTENT_LINK_DETECTED
SC-0077,06_scheme_iv.csv,06_scheme_iv,bis_circulars (1).csv,bis_circulars (1),23,11,2,21,9,0.0625,SCHEMA_WEAK_OVERLAP,source_url; title,canonical_is_number; certification_type; display_is_number; extraction_method; mandatory_voluntary; missing_reason; notification_document_url; notification_reference; notified_by; product_name; raw_is_number; record_status …(+9),circular_id; circular_number; document_url; effective_date; implementation_instructions; issuing_authority; related_is; release_date; subject,0.0031,NO,NO_CONTENT_LINK_DETECTED
SC-0078,06_scheme_iv.csv,06_scheme_iv,bis_gazette_notification.csv,bis_gazette_notification,23,4,1,22,3,0.0385,SCHEMA_WEAK_OVERLAP,title,canonical_is_number; certification_type; display_is_number; extraction_method; mandatory_voluntary; missing_reason; notification_document_url; notification_reference; notified_by; product_name; raw_is_number; record_status …(+10),id; related_is; unnamed_3,0.0049,NO,NO_CONTENT_LINK_DETECTED
SC-0079,06_scheme_iv.csv,06_scheme_iv,bis_laboratories.csv,bis_laboratories,23,11,1,22,10,0.0303,SCHEMA_WEAK_OVERLAP,source_url,canonical_is_number; certification_type; display_is_number; extraction_method; mandatory_voluntary; missing_reason; notification_document_url; notification_reference; notified_by; product_name; raw_is_number; record_status …(+10),accreditation_validity; address; city; contact_details; lab_id; lab_name; lab_type; pin; state; tested_is_numbers,0.0009,NO,NO_CONTENT_LINK_DETECTED
SC-0080,06_scheme_iv.csv,06_scheme_iv,bis_product_certification_faq (1).csv,bis_product_certification_faq (1),23,8,1,22,7,0.0333,SCHEMA_WEAK_OVERLAP,source_url,canonical_is_number; certification_type; display_is_number; extraction_method; mandatory_voluntary; missing_reason; notification_document_url; notification_reference; notified_by; product_name; raw_is_number; record_status …(+10),answer; category; faq_id; question; related_is; related_product; related_scheme,0.0,NO,NO_CONTENT_LINK_DETECTED
SC-0081,06_scheme_iv.csv,06_scheme_iv,bis_product_certifications.csv,bis_product_certifications,23,9,2,21,7,0.0667,SCHEMA_WEAK_OVERLAP,scheme_id; source_url,canonical_is_number; certification_type; display_is_number; extraction_method; mandatory_voluntary; missing_reason; notification_document_url; notification_reference; notified_by; product_name; raw_is_number; record_status …(+9),applicability; application_procedure; document_url; fee_structure; guideline_title; inspection_testing_norm; scheme_name,0.0,NO,NO_CONTENT_LINK_DETECTED
SC-0082,06_scheme_iv.csv,06_scheme_iv,bis_topic17_hallmarking_centres.csv,bis_topic17_hallmarking_centres,23,14,1,22,13,0.0278,SCHEMA_WEAK_OVERLAP,source_url,canonical_is_number; certification_type; display_is_number; extraction_method; mandatory_voluntary; missing_reason; notification_document_url; notification_reference; notified_by; product_name; raw_is_number; record_status …(+10),address; centre_code; centre_id; centre_name; city; district; pin; recognition_status; recognition_status_raw; scope; services; state …(+1),0.0,NO,NO_CONTENT_LINK_DETECTED
SC-0083,06_scheme_iv.csv,06_scheme_iv,bis_topic17_hallmarking_centres_cancelled_suspended.csv,bis_topic17_hallmarking_centres_cancelled_suspended,23,17,1,22,16,0.0256,SCHEMA_WEAK_OVERLAP,source_url,canonical_is_number; certification_type; display_is_number; extraction_method; mandatory_voluntary; missing_reason; notification_document_url; notification_reference; notified_by; product_name; raw_is_number; record_status …(+10),address; centre_code; centre_id; centre_name; centre_type; city; district; pin; recognition_status; recognition_status_raw; region; scope …(+4),0.0,NO,NO_CONTENT_LINK_DETECTED
SC-0084,06_scheme_iv.csv,06_scheme_iv,data__raw__fmcs_all_fmcs_list_raw.csv,data__raw__fmcs_all_fmcs_list_raw,23,9,1,22,8,0.0323,SCHEMA_WEAK_OVERLAP,source_url,canonical_is_number; certification_type; display_is_number; extraction_method; mandatory_voluntary; missing_reason; notification_document_url; notification_reference; notified_by; product_name; raw_is_number; record_status …(+10),cml_no_raw; name_address_raw; retrieved_at; s_no; standard_no_raw; status_raw; validity_date_raw; variety_brand_raw,0.0117,NO,NO_CONTENT_LINK_DETECTED
SC-0085,06_scheme_iv.csv,06_scheme_iv,output__extraction_log.csv,output__extraction_log,23,6,0,23,6,0.0,SCHEMA_DISJOINT,,canonical_is_number; certification_type; display_is_number; extraction_method; mandatory_voluntary; missing_reason; notification_document_url; notification_reference; notified_by; product_name; raw_is_number; record_status …(+11),error_type; notes; outcome; retry_count; timestamp; url,0.0,NO,NO_CONTENT_LINK_DETECTED
SC-0086,06_scheme_iv.csv,06_scheme_iv,output__fmcs_country_coverage.csv,output__fmcs_country_coverage,23,3,0,23,3,0.0,SCHEMA_DISJOINT,,canonical_is_number; certification_type; display_is_number; extraction_method; mandatory_voluntary; missing_reason; notification_document_url; notification_reference; notified_by; product_name; raw_is_number; record_status …(+11),country; licence_count; manufacturer_count,0.0,NO,NO_CONTENT_LINK_DETECTED
SC-0087,06_scheme_iv.csv,06_scheme_iv,output__fmcs_is_coverage.csv,output__fmcs_is_coverage,23,3,0,23,3,0.0,SCHEMA_DISJOINT,,canonical_is_number; certification_type; display_is_number; extraction_method; mandatory_voluntary; missing_reason; notification_document_url; notification_reference; notified_by; product_name; raw_is_number; record_status …(+11),is_number; licence_count; manufacturer_count,0.0117,NO,NO_CONTENT_LINK_DETECTED
SC-0088,06_scheme_iv.csv,06_scheme_iv,output__source_inventory.csv,output__source_inventory,23,12,0,23,12,0.0,SCHEMA_DISJOINT,,canonical_is_number; certification_type; display_is_number; extraction_method; mandatory_voluntary; missing_reason; notification_document_url; notification_reference; notified_by; product_name; raw_is_number; record_status …(+11),bytes; canonical_document_id; content_type; dedup_status; http_status; last_modified; notes; retrieved_at; sha256; source_title; source_type; url,0.0,NO,NO_CONTENT_LINK_DETECTED
SC-0089,06_scheme_iv.csv,06_scheme_iv,output__topic18_fmcs_manufacturers.csv,output__topic18_fmcs_manufacturers,23,17,1,22,16,0.0256,SCHEMA_WEAK_OVERLAP,source_url,canonical_is_number; certification_type; display_is_number; extraction_method; mandatory_voluntary; missing_reason; notification_document_url; notification_reference; notified_by; product_name; raw_is_number; record_status …(+10),air; application_requirements; competent_personnel; country; documents; eligibility; factory; fees; is_number; licence; licence_status; machinery_requirements …(+4),0.0117,NO,NO_CONTENT_LINK_DETECTED
SC-0090,06_scheme_iv.csv,06_scheme_iv,output__topic19_official_documents.csv,output__topic19_official_documents,23,17,1,22,16,0.0256,SCHEMA_WEAK_OVERLAP,source_url,canonical_is_number; certification_type; display_is_number; extraction_method; mandatory_voluntary; missing_reason; notification_document_url; notification_reference; notified_by; product_name; raw_is_number; record_status …(+10),access_status; date; document_id; document_title; document_type; download_url; effective_date; is_number; license_access_restriction; local_file; page_count; product …(+4),0.0,NO,NO_CONTENT_LINK_DETECTED
SC-0091,06_scheme_iv.csv,06_scheme_iv,output__topic20_provenance.csv,output__topic20_provenance,23,19,2,21,17,0.05,SCHEMA_WEAK_OVERLAP,retrieval_timestamp; source_url,canonical_is_number; certification_type; display_is_number; extraction_method; mandatory_voluntary; missing_reason; notification_document_url; notification_reference; notified_by; product_name; raw_is_number; record_status …(+9),clause; confidence; document_hash; document_id; document_title; effective_date; entity_type; evidence_text; field_name; field_value; page; record_id …(+5),0.0,NO,NO_CONTENT_LINK_DETECTED
SC-0092,06_scheme_iv.csv,06_scheme_iv,output__unresolved_records.csv,output__unresolved_records,23,6,0,23,6,0.0,SCHEMA_DISJOINT,,canonical_is_number; certification_type; display_is_number; extraction_method; mandatory_voluntary; missing_reason; notification_document_url; notification_reference; notified_by; product_name; raw_is_number; record_status …(+11),attempted_source_url; entity_type; field_name; reason; record_id; resolution_needed,0.0,NO,NO_CONTENT_LINK_DETECTED
SC-0093,07_scheme_x.csv,07_scheme_x,17_source_conflicts.csv,17_source_conflicts,23,14,0,23,14,0.0,SCHEMA_DISJOINT,,canonical_is_number; certification_type; display_is_number; extraction_method; mandatory_voluntary; missing_reason; notification_document_url; notification_reference; notified_by; product_name; raw_is_number; record_status …(+11),conflict_id; detected_at; entity_key; entity_type; field_name; notes; resolution_rule; resolved_value; source_a_id; source_a_url; source_b_id; source_b_url …(+2),0.0,NO,NO_CONTENT_LINK_DETECTED
SC-0094,07_scheme_x.csv,07_scheme_x,BIS_Combined_Testing_Master.xlsx,Combined_Testing_Master,23,12,1,22,11,0.0294,SCHEMA_WEAK_OVERLAP,source_url,canonical_is_number; certification_type; display_is_number; extraction_method; mandatory_voluntary; missing_reason; notification_document_url; notification_reference; notified_by; product_name; raw_is_number; record_status …(+10),acceptance_criteria; clause; frequency; method; method_standard; parameter; remarks; required_equipment; sample_size; test_id; test_name,0.0,NO,NO_CONTENT_LINK_DETECTED
SC-0095,07_scheme_x.csv,07_scheme_x,BIS_FAQs_Master.xlsx,BIS_FAQs_Master,23,10,1,22,9,0.0312,SCHEMA_WEAK_OVERLAP,source_url,canonical_is_number; certification_type; display_is_number; extraction_method; mandatory_voluntary; missing_reason; notification_document_url; notification_reference; notified_by; product_name; raw_is_number; record_status …(+10),answer; category; document_reference; faq_id; question; related_is; related_product; related_qco; related_scheme,0.0,NO,NO_CONTENT_LINK_DETECTED
SC-0096,07_scheme_x.csv,07_scheme_x,BIS_Laboratory_Scopes.xlsx,BIS_Laboratory_Scopes,23,12,1,22,11,0.0294,SCHEMA_WEAK_OVERLAP,source_url,canonical_is_number; certification_type; display_is_number; extraction_method; mandatory_voluntary; missing_reason; notification_document_url; notification_reference; notified_by; product_name; raw_is_number; record_status …(+10),capability; clause; is_number; lab_id; product; scope_id; scope_status; scope_validity; test_method; test_name; testing_charge,0.087,NO,NO_CONTENT_LINK_DETECTED
SC-0097,07_scheme_x.csv,07_scheme_x,BIS_Mandatory_Hallmarking_Orders.xlsx,Mandatory_Hallmarking_Orders,23,14,1,22,13,0.0278,SCHEMA_WEAK_OVERLAP,source_url,canonical_is_number; certification_type; display_is_number; extraction_method; mandatory_voluntary; missing_reason; notification_document_url; notification_reference; notified_by; product_name; raw_is_number; record_status …(+10),amendment; district_phase; document_url; effective_date; exemption; fineness; geographical_applicability; mandatory_status; metal; order_id; order_number; order_title …(+1),0.0,NO,NO_CONTENT_LINK_DETECTED
SC-0098,07_scheme_x.csv,07_scheme_x,BIS_Notifications_Master.xlsx,BIS_Notifications_Master,23,14,2,21,12,0.0571,SCHEMA_WEAK_OVERLAP,source_url; title,canonical_is_number; certification_type; display_is_number; extraction_method; mandatory_voluntary; missing_reason; notification_document_url; notification_reference; notified_by; product_name; raw_is_number; record_status …(+9),date; department; document_url; effective_date; ministry; notification_id; notification_number; related_amendment; related_is; related_qco; subject; type,0.0,NO,NO_CONTENT_LINK_DETECTED
SC-0099,07_scheme_x.csv,07_scheme_x,BIS_Product_Manuals_Master.xlsx,BIS_Product_Manuals,23,20,1,22,19,0.0238,SCHEMA_WEAK_OVERLAP,source_url,canonical_is_number; certification_type; display_is_number; extraction_method; mandatory_voluntary; missing_reason; notification_document_url; notification_reference; notified_by; product_name; raw_is_number; record_status …(+10),document_url; grouping_guidelines; inspection_requirements; is_number; licensing_requirements; manual_id; manual_title; marking_requirements; process_requirements; product; raw_material_requirements; revision_date …(+7),0.0,NO,NO_CONTENT_LINK_DETECTED
SC-0100,07_scheme_x.csv,07_scheme_x,BIS_Products_Details.xlsx,Products_Details,23,11,2,21,9,0.0625,SCHEMA_WEAK_OVERLAP,product_name; source_url,canonical_is_number; certification_type; display_is_number; extraction_method; mandatory_voluntary; missing_reason; notification_document_url; notification_reference; notified_by; raw_is_number; record_status; retrieval_timestamp …(+9),alternate_names; category; description; keywords; product_id; related_is_numbers; related_qcos; related_schemes; subcategory,0.0,NO,NO_CONTENT_LINK_DETECTED
SC-0101,07_scheme_x.csv,07_scheme_x,BIS_Products_Full_Information.xlsx,Products_Details,23,11,2,21,9,0.0625,SCHEMA_WEAK_OVERLAP,product_name; source_url,canonical_is_number; certification_type; display_is_number; extraction_method; mandatory_voluntary; missing_reason; notification_document_url; notification_reference; notified_by; raw_is_number; record_status; retrieval_timestamp …(+9),alternate_names; category; description; keywords; product_id; related_is_numbers; related_qcos; related_schemes; subcategory,0.0,NO,NO_CONTENT_LINK_DETECTED
SC-0102,07_scheme_x.csv,07_scheme_x,BIS_Products_Full_Information_v2.xlsx,Products_Details,23,11,2,21,9,0.0625,SCHEMA_WEAK_OVERLAP,product_name; source_url,canonical_is_number; certification_type; display_is_number; extraction_method; mandatory_voluntary; missing_reason; notification_document_url; notification_reference; notified_by; raw_is_number; record_status; retrieval_timestamp …(+9),alternate_names; category; description; keywords; product_id; related_is_numbers; related_qcos; related_schemes; subcategory,0.0,NO,NO_CONTENT_LINK_DETECTED
SC-0103,07_scheme_x.csv,07_scheme_x,BIS_QCO-schema_2.xlsx,BIS_QCO-schema_2,23,22,1,22,21,0.0227,SCHEMA_WEAK_OVERLAP,source_url,canonical_is_number; certification_type; display_is_number; extraction_method; mandatory_voluntary; missing_reason; notification_document_url; notification_reference; notified_by; product_name; raw_is_number; record_status …(+10),amendments; corrigendas; current_status; deferments; department; effective_date; exclusions; extensions; is_numbers; mandatory_status; ministry; notification_date …(+9),0.0,NO,NO_CONTENT_LINK_DETECTED
SC-0104,07_scheme_x.csv,07_scheme_x,BIS_QCO_Master_Records (1).xlsx,QCO_Master_Records,23,22,1,22,21,0.0227,SCHEMA_WEAK_OVERLAP,source_url,canonical_is_number; certification_type; display_is_number; extraction_method; mandatory_voluntary; missing_reason; notification_document_url; notification_reference; notified_by; product_name; raw_is_number; record_status …(+10),amendments; corrigendas; current_status; deferments; department; effective_date; exclusions; extensions; is_numbers; mandatory_status; ministry; notification_date …(+9),0.0,NO,NO_CONTENT_LINK_DETECTED
SC-0105,07_scheme_x.csv,07_scheme_x,BIS_QCO_Master_Records.xlsx,QCO_Master_Details,23,22,1,22,21,0.0227,SCHEMA_WEAK_OVERLAP,source_url,canonical_is_number; certification_type; display_is_number; extraction_method; mandatory_voluntary; missing_reason; notification_document_url; notification_reference; notified_by; product_name; raw_is_number; record_status …(+10),amendments; corrigendas; current_status; deferments; department; effective_date; exclusions; extensions; is_numbers; mandatory_status; ministry; notification_date …(+9),0.0,NO,NO_CONTENT_LINK_DETECTED
SC-0106,07_scheme_x.csv,07_scheme_x,BIS_QCO_Master_Records_v3.xlsx,QCO_Master_Records,23,22,1,22,21,0.0227,SCHEMA_WEAK_OVERLAP,source_url,canonical_is_number; certification_type; display_is_number; extraction_method; mandatory_voluntary; missing_reason; notification_document_url; notification_reference; notified_by; product_name; raw_is_number; record_status …(+10),amendments; corrigendas; current_status; deferments; department; effective_date; exclusions; extensions; is_numbers; mandatory_status; ministry; notification_date …(+9),0.0,NO,NO_CONTENT_LINK_DETECTED
SC-0107,07_scheme_x.csv,07_scheme_x,BIS_QCO_Master_Scheme_1.xlsx,BIS_QCO_Master_Scheme_1,23,11,0,23,11,0.0,SCHEMA_DISJOINT,,canonical_is_number; certification_type; display_is_number; extraction_method; mandatory_voluntary; missing_reason; notification_document_url; notification_reference; notified_by; product_name; raw_is_number; record_status …(+11),amendments_extensions; effective_implementation_date; exemptions; is_number; mandatory_voluntary_status; ministry; notification_number; product; qco_order; scope; source_gazette_url,0.0,NO,NO_CONTENT_LINK_DETECTED
SC-0108,07_scheme_x.csv,07_scheme_x,BIS_QCO_Summary.xlsx,QCO_Summary,23,7,0,23,7,0.0,SCHEMA_DISJOINT,,canonical_is_number; certification_type; display_is_number; extraction_method; mandatory_voluntary; missing_reason; notification_document_url; notification_reference; notified_by; product_name; raw_is_number; record_status …(+11),key_scope_exclusions_amendments; ministry_department; notification_no_date; product_standard_is; qco_name_identifier; scheme_status; source_document_link,0.0,NO,NO_CONTENT_LINK_DETECTED
SC-0109,07_scheme_x.csv,07_scheme_x,BIS_Recognized_Laboratories.xlsx,BIS_Recognized_Labs,23,14,1,22,13,0.0278,SCHEMA_WEAK_OVERLAP,source_url,canonical_is_number; certification_type; display_is_number; extraction_method; mandatory_voluntary; missing_reason; notification_document_url; notification_reference; notified_by; product_name; raw_is_number; record_status …(+10),address; city; contact_number; contact_person; district; email; lab_code; lab_id; lab_name; recognition_status; scope_url; state …(+1),0.0,NO,NO_CONTENT_LINK_DETECTED
SC-0110,07_scheme_x.csv,07_scheme_x,BIS_Scheme_IV_FMCS.xlsx,BIS_FMCS_Scheme_IV,23,13,3,20,10,0.0909,SCHEMA_WEAK_OVERLAP,certification_type; mandatory_voluntary; source_url,canonical_is_number; display_is_number; extraction_method; missing_reason; notification_document_url; notification_reference; notified_by; product_name; raw_is_number; record_status; retrieval_timestamp; scheme_id …(+8),is_number; product; related_product_manual; related_qco; related_sit; requirements; scheme_id_code; scheme_name; scheme_type; scope,0.0,NO,NO_CONTENT_LINK_DETECTED
SC-0111,07_scheme_x.csv,07_scheme_x,BIS_Scheme_X_Industrial.xlsx,BIS_Scheme_X,23,14,4,19,10,0.1212,SCHEMA_WEAK_OVERLAP,certification_type; mandatory_voluntary; scheme_id; source_url,canonical_is_number; display_is_number; extraction_method; missing_reason; notification_document_url; notification_reference; notified_by; product_name; raw_is_number; record_status; retrieval_timestamp; scheme_label …(+7),is_number; product; related_product_manual; related_qco; related_sit; requirements; scheme_code; scheme_name; scheme_type; scope,0.3333,YES,IS_JACCARD=0.33; SAME_DOMAIN=07_SCHEME_X
SC-0112,07_scheme_x.csv,07_scheme_x,BIS_Scheme_X_Industrial_v2.xlsx,BIS_Scheme_X,23,14,4,19,10,0.1212,SCHEMA_WEAK_OVERLAP,certification_type; mandatory_voluntary; scheme_id; source_url,canonical_is_number; display_is_number; extraction_method; missing_reason; notification_document_url; notification_reference; notified_by; product_name; raw_is_number; record_status; retrieval_timestamp; scheme_label …(+7),is_number; product; related_product_manual; related_qco; related_sit; requirements; scheme_code; scheme_name; scheme_type; scope,0.3333,YES,IS_JACCARD=0.33; SAME_DOMAIN=07_SCHEME_X
SC-0113,07_scheme_x.csv,07_scheme_x,BIS_Schemes_Master.xlsx,BIS_Schemes_Master,23,14,4,19,10,0.1212,SCHEMA_WEAK_OVERLAP,certification_type; mandatory_voluntary; scheme_id; source_url,canonical_is_number; display_is_number; extraction_method; missing_reason; notification_document_url; notification_reference; notified_by; product_name; raw_is_number; record_status; retrieval_timestamp; scheme_label …(+7),is; product; related_product_manual; related_qco; related_sit; requirements; scheme_code; scheme_name; scheme_type; scope,0.0,NO,NO_CONTENT_LINK_DETECTED
SC-0114,07_scheme_x.csv,07_scheme_x,BIS_Schemes_Master_Scheme_2.xlsx,BIS_Schemes_Master_Scheme_2,23,14,4,19,10,0.1212,SCHEMA_WEAK_OVERLAP,certification_type; mandatory_voluntary; scheme_id; source_url,canonical_is_number; display_is_number; extraction_method; missing_reason; notification_document_url; notification_reference; notified_by; product_name; raw_is_number; record_status; retrieval_timestamp; scheme_label …(+7),is; product; related_product_manual; related_qco; related_sit; requirements; scheme_code; scheme_name; scheme_type; scope,0.0,NO,NO_CONTENT_LINK_DETECTED
SC-0115,07_scheme_x.csv,07_scheme_x,BIS_Standards_Amendments.xlsx,BIS_Standards_Amendments,23,12,1,22,11,0.0294,SCHEMA_WEAK_OVERLAP,source_url,canonical_is_number; certification_type; display_is_number; extraction_method; mandatory_voluntary; missing_reason; notification_document_url; notification_reference; notified_by; product_name; raw_is_number; record_status …(+10),amendment_date; amendment_id; amendment_number; document_url; effective_date; new_version; original_version; parent_entity; status; superseded_document; superseding_document,0.0,NO,NO_CONTENT_LINK_DETECTED
SC-0116,07_scheme_x.csv,07_scheme_x,BIS_Standards_Details_v2 (1).xlsx,BIS Standards,23,19,1,22,18,0.0244,SCHEMA_WEAK_OVERLAP,title,canonical_is_number; certification_type; display_is_number; extraction_method; mandatory_voluntary; missing_reason; notification_document_url; notification_reference; notified_by; product_name; raw_is_number; record_status …(+10),current_status; degree_of_equivalence; document_url; is_number; official_url; part_section; product_category; publication_date; reaffirmation_review_date; revision; revision_date; standard_id …(+6),0.0,NO,NO_CONTENT_LINK_DETECTED
SC-0117,07_scheme_x.csv,07_scheme_x,BIS_Standards_Details_v2.xlsx,BIS Standards,23,19,1,22,18,0.0244,SCHEMA_WEAK_OVERLAP,title,canonical_is_number; certification_type; display_is_number; extraction_method; mandatory_voluntary; missing_reason; notification_document_url; notification_reference; notified_by; product_name; raw_is_number; record_status …(+10),current_status; degree_of_equivalence; document_url; is_number; official_url; part_section; product_category; publication_date; reaffirmation_review_date; revision; revision_date; standard_id …(+6),0.0,NO,NO_CONTENT_LINK_DETECTED
SC-0118,07_scheme_x.csv,07_scheme_x,BIS_Standards_Details_v3.xlsx,BIS Standards,23,19,1,22,18,0.0244,SCHEMA_WEAK_OVERLAP,title,canonical_is_number; certification_type; display_is_number; extraction_method; mandatory_voluntary; missing_reason; notification_document_url; notification_reference; notified_by; product_name; raw_is_number; record_status …(+10),current_status; degree_of_equivalence; document_url; is_number; official_url; part_section; product_category; publication_date; reaffirmation_review_date; revision; revision_date; standard_id …(+6),0.0,NO,NO_CONTENT_LINK_DETECTED
SC-0119,07_scheme_x.csv,07_scheme_x,BIS_Standards_Intelligence_Master.xlsx,BIS_Standards_Intelligence,23,23,1,22,22,0.0222,SCHEMA_WEAK_OVERLAP,source_url,canonical_is_number; certification_type; display_is_number; extraction_method; mandatory_voluntary; missing_reason; notification_document_url; notification_reference; notified_by; product_name; raw_is_number; record_status …(+10),application_procedure; conformity_assessment; eligibility; factory_requirements; fees; forms; infrastructure_requirements; inspection; is_number; laboratory_testing; licence_or_coc_grant; process_controls …(+10),0.125,NO,NO_CONTENT_LINK_DETECTED
SC-0120,07_scheme_x.csv,07_scheme_x,BIS_Standards_Scheme_Mapping.xlsx,BIS_Standards_Scheme_Mapping,23,23,1,22,22,0.0222,SCHEMA_WEAK_OVERLAP,source_url,canonical_is_number; certification_type; display_is_number; extraction_method; mandatory_voluntary; missing_reason; notification_document_url; notification_reference; notified_by; product_name; raw_is_number; record_status …(+10),application_procedure; certification_scheme_to_store; conformity_assessment; eligibility; factory_requirements; fees; forms; group; infrastructure_requirements; inspection; is_number; laboratory_testing …(+10),0.1667,NO,NO_CONTENT_LINK_DETECTED
SC-0121,07_scheme_x.csv,07_scheme_x,BIS_Testing_Parameters_Master.xlsx,BIS_Testing_Parameters,23,18,1,22,17,0.025,SCHEMA_WEAK_OVERLAP,source_url,canonical_is_number; certification_type; display_is_number; extraction_method; mandatory_voluntary; missing_reason; notification_document_url; notification_reference; notified_by; product_name; raw_is_number; record_status …(+10),acceptance_criteria; clause; is_number; laboratory_requirement; product; rejection_handling; remarks; required_equipment; sample_size; sampling_frequency; source_document; source_page …(+5),0.087,NO,NO_CONTENT_LINK_DETECTED
SC-0122,07_scheme_x.csv,07_scheme_x,bis_circulars (1).csv,bis_circulars (1),23,11,2,21,9,0.0625,SCHEMA_WEAK_OVERLAP,source_url; title,canonical_is_number; certification_type; display_is_number; extraction_method; mandatory_voluntary; missing_reason; notification_document_url; notification_reference; notified_by; product_name; raw_is_number; record_status …(+9),circular_id; circular_number; document_url; effective_date; implementation_instructions; issuing_authority; related_is; release_date; subject,0.0,NO,NO_CONTENT_LINK_DETECTED
SC-0123,07_scheme_x.csv,07_scheme_x,bis_gazette_notification.csv,bis_gazette_notification,23,4,1,22,3,0.0385,SCHEMA_WEAK_OVERLAP,title,canonical_is_number; certification_type; display_is_number; extraction_method; mandatory_voluntary; missing_reason; notification_document_url; notification_reference; notified_by; product_name; raw_is_number; record_status …(+10),id; related_is; unnamed_3,0.0,NO,NO_CONTENT_LINK_DETECTED
SC-0124,07_scheme_x.csv,07_scheme_x,bis_laboratories.csv,bis_laboratories,23,11,1,22,10,0.0303,SCHEMA_WEAK_OVERLAP,source_url,canonical_is_number; certification_type; display_is_number; extraction_method; mandatory_voluntary; missing_reason; notification_document_url; notification_reference; notified_by; product_name; raw_is_number; record_status …(+10),accreditation_validity; address; city; contact_details; lab_id; lab_name; lab_type; pin; state; tested_is_numbers,0.0,NO,NO_CONTENT_LINK_DETECTED
SC-0125,07_scheme_x.csv,07_scheme_x,bis_product_certification_faq (1).csv,bis_product_certification_faq (1),23,8,1,22,7,0.0333,SCHEMA_WEAK_OVERLAP,source_url,canonical_is_number; certification_type; display_is_number; extraction_method; mandatory_voluntary; missing_reason; notification_document_url; notification_reference; notified_by; product_name; raw_is_number; record_status …(+10),answer; category; faq_id; question; related_is; related_product; related_scheme,0.2,NO,NO_CONTENT_LINK_DETECTED
SC-0126,07_scheme_x.csv,07_scheme_x,bis_product_certifications.csv,bis_product_certifications,23,9,2,21,7,0.0667,SCHEMA_WEAK_OVERLAP,scheme_id; source_url,canonical_is_number; certification_type; display_is_number; extraction_method; mandatory_voluntary; missing_reason; notification_document_url; notification_reference; notified_by; product_name; raw_is_number; record_status …(+9),applicability; application_procedure; document_url; fee_structure; guideline_title; inspection_testing_norm; scheme_name,0.1667,NO,NO_CONTENT_LINK_DETECTED
SC-0127,07_scheme_x.csv,07_scheme_x,bis_topic17_hallmarking_centres.csv,bis_topic17_hallmarking_centres,23,14,1,22,13,0.0278,SCHEMA_WEAK_OVERLAP,source_url,canonical_is_number; certification_type; display_is_number; extraction_method; mandatory_voluntary; missing_reason; notification_document_url; notification_reference; notified_by; product_name; raw_is_number; record_status …(+10),address; centre_code; centre_id; centre_name; city; district; pin; recognition_status; recognition_status_raw; scope; services; state …(+1),0.0,NO,NO_CONTENT_LINK_DETECTED
SC-0128,07_scheme_x.csv,07_scheme_x,bis_topic17_hallmarking_centres_cancelled_suspended.csv,bis_topic17_hallmarking_centres_cancelled_suspended,23,17,1,22,16,0.0256,SCHEMA_WEAK_OVERLAP,source_url,canonical_is_number; certification_type; display_is_number; extraction_method; mandatory_voluntary; missing_reason; notification_document_url; notification_reference; notified_by; product_name; raw_is_number; record_status …(+10),address; centre_code; centre_id; centre_name; centre_type; city; district; pin; recognition_status; recognition_status_raw; region; scope …(+4),0.0,NO,NO_CONTENT_LINK_DETECTED
SC-0129,07_scheme_x.csv,07_scheme_x,data__raw__fmcs_all_fmcs_list_raw.csv,data__raw__fmcs_all_fmcs_list_raw,23,9,1,22,8,0.0323,SCHEMA_WEAK_OVERLAP,source_url,canonical_is_number; certification_type; display_is_number; extraction_method; mandatory_voluntary; missing_reason; notification_document_url; notification_reference; notified_by; product_name; raw_is_number; record_status …(+10),cml_no_raw; name_address_raw; retrieved_at; s_no; standard_no_raw; status_raw; validity_date_raw; variety_brand_raw,0.0,NO,NO_CONTENT_LINK_DETECTED
SC-0130,07_scheme_x.csv,07_scheme_x,output__extraction_log.csv,output__extraction_log,23,6,0,23,6,0.0,SCHEMA_DISJOINT,,canonical_is_number; certification_type; display_is_number; extraction_method; mandatory_voluntary; missing_reason; notification_document_url; notification_reference; notified_by; product_name; raw_is_number; record_status …(+11),error_type; notes; outcome; retry_count; timestamp; url,0.0,NO,NO_CONTENT_LINK_DETECTED
SC-0131,07_scheme_x.csv,07_scheme_x,output__fmcs_country_coverage.csv,output__fmcs_country_coverage,23,3,0,23,3,0.0,SCHEMA_DISJOINT,,canonical_is_number; certification_type; display_is_number; extraction_method; mandatory_voluntary; missing_reason; notification_document_url; notification_reference; notified_by; product_name; raw_is_number; record_status …(+11),country; licence_count; manufacturer_count,0.0,NO,NO_CONTENT_LINK_DETECTED
SC-0132,07_scheme_x.csv,07_scheme_x,output__fmcs_is_coverage.csv,output__fmcs_is_coverage,23,3,0,23,3,0.0,SCHEMA_DISJOINT,,canonical_is_number; certification_type; display_is_number; extraction_method; mandatory_voluntary; missing_reason; notification_document_url; notification_reference; notified_by; product_name; raw_is_number; record_status …(+11),is_number; licence_count; manufacturer_count,0.0,NO,NO_CONTENT_LINK_DETECTED
SC-0133,07_scheme_x.csv,07_scheme_x,output__source_inventory.csv,output__source_inventory,23,12,0,23,12,0.0,SCHEMA_DISJOINT,,canonical_is_number; certification_type; display_is_number; extraction_method; mandatory_voluntary; missing_reason; notification_document_url; notification_reference; notified_by; product_name; raw_is_number; record_status …(+11),bytes; canonical_document_id; content_type; dedup_status; http_status; last_modified; notes; retrieved_at; sha256; source_title; source_type; url,0.0,NO,NO_CONTENT_LINK_DETECTED
SC-0134,07_scheme_x.csv,07_scheme_x,output__topic18_fmcs_manufacturers.csv,output__topic18_fmcs_manufacturers,23,17,1,22,16,0.0256,SCHEMA_WEAK_OVERLAP,source_url,canonical_is_number; certification_type; display_is_number; extraction_method; mandatory_voluntary; missing_reason; notification_document_url; notification_reference; notified_by; product_name; raw_is_number; record_status …(+10),air; application_requirements; competent_personnel; country; documents; eligibility; factory; fees; is_number; licence; licence_status; machinery_requirements …(+4),0.0003,NO,NO_CONTENT_LINK_DETECTED
SC-0135,07_scheme_x.csv,07_scheme_x,output__topic19_official_documents.csv,output__topic19_official_documents,23,17,1,22,16,0.0256,SCHEMA_WEAK_OVERLAP,source_url,canonical_is_number; certification_type; display_is_number; extraction_method; mandatory_voluntary; missing_reason; notification_document_url; notification_reference; notified_by; product_name; raw_is_number; record_status …(+10),access_status; date; document_id; document_title; document_type; download_url; effective_date; is_number; license_access_restriction; local_file; page_count; product …(+4),0.0,NO,NO_CONTENT_LINK_DETECTED
SC-0136,07_scheme_x.csv,07_scheme_x,output__topic20_provenance.csv,output__topic20_provenance,23,19,2,21,17,0.05,SCHEMA_WEAK_OVERLAP,retrieval_timestamp; source_url,canonical_is_number; certification_type; display_is_number; extraction_method; mandatory_voluntary; missing_reason; notification_document_url; notification_reference; notified_by; product_name; raw_is_number; record_status …(+9),clause; confidence; document_hash; document_id; document_title; effective_date; entity_type; evidence_text; field_name; field_value; page; record_id …(+5),0.0,NO,NO_CONTENT_LINK_DETECTED
SC-0137,07_scheme_x.csv,07_scheme_x,output__unresolved_records.csv,output__unresolved_records,23,6,0,23,6,0.0,SCHEMA_DISJOINT,,canonical_is_number; certification_type; display_is_number; extraction_method; mandatory_voluntary; missing_reason; notification_document_url; notification_reference; notified_by; product_name; raw_is_number; record_status …(+11),attempted_source_url; entity_type; field_name; reason; record_id; resolution_needed,0.0,NO,NO_CONTENT_LINK_DETECTED
SC-0138,17_source_conflicts.csv,17_source_conflicts,BIS_Combined_Testing_Master.xlsx,Combined_Testing_Master,14,12,0,14,12,0.0,SCHEMA_DISJOINT,,conflict_id; detected_at; entity_key; entity_type; field_name; notes; resolution_rule; resolved_value; source_a_id; source_a_url; source_b_id; source_b_url …(+2),acceptance_criteria; clause; frequency; method; method_standard; parameter; remarks; required_equipment; sample_size; source_url; test_id; test_name,0.0,NO,NO_CONTENT_LINK_DETECTED
SC-0139,17_source_conflicts.csv,17_source_conflicts,BIS_FAQs_Master.xlsx,BIS_FAQs_Master,14,10,0,14,10,0.0,SCHEMA_DISJOINT,,conflict_id; detected_at; entity_key; entity_type; field_name; notes; resolution_rule; resolved_value; source_a_id; source_a_url; source_b_id; source_b_url …(+2),answer; category; document_reference; faq_id; question; related_is; related_product; related_qco; related_scheme; source_url,0.0,NO,NO_CONTENT_LINK_DETECTED
SC-0140,17_source_conflicts.csv,17_source_conflicts,BIS_Laboratory_Scopes.xlsx,BIS_Laboratory_Scopes,14,12,0,14,12,0.0,SCHEMA_DISJOINT,,conflict_id; detected_at; entity_key; entity_type; field_name; notes; resolution_rule; resolved_value; source_a_id; source_a_url; source_b_id; source_b_url …(+2),capability; clause; is_number; lab_id; product; scope_id; scope_status; scope_validity; source_url; test_method; test_name; testing_charge,0.0,NO,NO_CONTENT_LINK_DETECTED
SC-0141,17_source_conflicts.csv,17_source_conflicts,BIS_Mandatory_Hallmarking_Orders.xlsx,Mandatory_Hallmarking_Orders,14,14,0,14,14,0.0,SCHEMA_DISJOINT,,conflict_id; detected_at; entity_key; entity_type; field_name; notes; resolution_rule; resolved_value; source_a_id; source_a_url; source_b_id; source_b_url …(+2),amendment; district_phase; document_url; effective_date; exemption; fineness; geographical_applicability; mandatory_status; metal; order_id; order_number; order_title …(+2),0.0,NO,NO_CONTENT_LINK_DETECTED
SC-0142,17_source_conflicts.csv,17_source_conflicts,BIS_Notifications_Master.xlsx,BIS_Notifications_Master,14,14,0,14,14,0.0,SCHEMA_DISJOINT,,conflict_id; detected_at; entity_key; entity_type; field_name; notes; resolution_rule; resolved_value; source_a_id; source_a_url; source_b_id; source_b_url …(+2),date; department; document_url; effective_date; ministry; notification_id; notification_number; related_amendment; related_is; related_qco; source_url; subject …(+2),0.0,NO,NO_CONTENT_LINK_DETECTED
SC-0143,17_source_conflicts.csv,17_source_conflicts,BIS_Product_Manuals_Master.xlsx,BIS_Product_Manuals,14,20,0,14,20,0.0,SCHEMA_DISJOINT,,conflict_id; detected_at; entity_key; entity_type; field_name; notes; resolution_rule; resolved_value; source_a_id; source_a_url; source_b_id; source_b_url …(+2),document_url; grouping_guidelines; inspection_requirements; is_number; licensing_requirements; manual_id; manual_title; marking_requirements; process_requirements; product; raw_material_requirements; revision_date …(+8),0.0,NO,NO_CONTENT_LINK_DETECTED
SC-0144,17_source_conflicts.csv,17_source_conflicts,BIS_Products_Details.xlsx,Products_Details,14,11,0,14,11,0.0,SCHEMA_DISJOINT,,conflict_id; detected_at; entity_key; entity_type; field_name; notes; resolution_rule; resolved_value; source_a_id; source_a_url; source_b_id; source_b_url …(+2),alternate_names; category; description; keywords; product_id; product_name; related_is_numbers; related_qcos; related_schemes; source_url; subcategory,0.0,NO,NO_CONTENT_LINK_DETECTED
SC-0145,17_source_conflicts.csv,17_source_conflicts,BIS_Products_Full_Information.xlsx,Products_Details,14,11,0,14,11,0.0,SCHEMA_DISJOINT,,conflict_id; detected_at; entity_key; entity_type; field_name; notes; resolution_rule; resolved_value; source_a_id; source_a_url; source_b_id; source_b_url …(+2),alternate_names; category; description; keywords; product_id; product_name; related_is_numbers; related_qcos; related_schemes; source_url; subcategory,0.0,NO,NO_CONTENT_LINK_DETECTED
SC-0146,17_source_conflicts.csv,17_source_conflicts,BIS_Products_Full_Information_v2.xlsx,Products_Details,14,11,0,14,11,0.0,SCHEMA_DISJOINT,,conflict_id; detected_at; entity_key; entity_type; field_name; notes; resolution_rule; resolved_value; source_a_id; source_a_url; source_b_id; source_b_url …(+2),alternate_names; category; description; keywords; product_id; product_name; related_is_numbers; related_qcos; related_schemes; source_url; subcategory,0.0,NO,NO_CONTENT_LINK_DETECTED
SC-0147,17_source_conflicts.csv,17_source_conflicts,BIS_QCO-schema_2.xlsx,BIS_QCO-schema_2,14,22,0,14,22,0.0,SCHEMA_DISJOINT,,conflict_id; detected_at; entity_key; entity_type; field_name; notes; resolution_rule; resolved_value; source_a_id; source_a_url; source_b_id; source_b_url …(+2),amendments; corrigendas; current_status; deferments; department; effective_date; exclusions; extensions; is_numbers; mandatory_status; ministry; notification_date …(+10),0.0,NO,NO_CONTENT_LINK_DETECTED
SC-0148,17_source_conflicts.csv,17_source_conflicts,BIS_QCO_Master_Records (1).xlsx,QCO_Master_Records,14,22,0,14,22,0.0,SCHEMA_DISJOINT,,conflict_id; detected_at; entity_key; entity_type; field_name; notes; resolution_rule; resolved_value; source_a_id; source_a_url; source_b_id; source_b_url …(+2),amendments; corrigendas; current_status; deferments; department; effective_date; exclusions; extensions; is_numbers; mandatory_status; ministry; notification_date …(+10),0.0,NO,NO_CONTENT_LINK_DETECTED
SC-0149,17_source_conflicts.csv,17_source_conflicts,BIS_QCO_Master_Records.xlsx,QCO_Master_Details,14,22,0,14,22,0.0,SCHEMA_DISJOINT,,conflict_id; detected_at; entity_key; entity_type; field_name; notes; resolution_rule; resolved_value; source_a_id; source_a_url; source_b_id; source_b_url …(+2),amendments; corrigendas; current_status; deferments; department; effective_date; exclusions; extensions; is_numbers; mandatory_status; ministry; notification_date …(+10),0.0,NO,NO_CONTENT_LINK_DETECTED
SC-0150,17_source_conflicts.csv,17_source_conflicts,BIS_QCO_Master_Records_v3.xlsx,QCO_Master_Records,14,22,0,14,22,0.0,SCHEMA_DISJOINT,,conflict_id; detected_at; entity_key; entity_type; field_name; notes; resolution_rule; resolved_value; source_a_id; source_a_url; source_b_id; source_b_url …(+2),amendments; corrigendas; current_status; deferments; department; effective_date; exclusions; extensions; is_numbers; mandatory_status; ministry; notification_date …(+10),0.0,NO,NO_CONTENT_LINK_DETECTED
SC-0151,17_source_conflicts.csv,17_source_conflicts,BIS_QCO_Master_Scheme_1.xlsx,BIS_QCO_Master_Scheme_1,14,11,0,14,11,0.0,SCHEMA_DISJOINT,,conflict_id; detected_at; entity_key; entity_type; field_name; notes; resolution_rule; resolved_value; source_a_id; source_a_url; source_b_id; source_b_url …(+2),amendments_extensions; effective_implementation_date; exemptions; is_number; mandatory_voluntary_status; ministry; notification_number; product; qco_order; scope; source_gazette_url,0.0,NO,NO_CONTENT_LINK_DETECTED
SC-0152,17_source_conflicts.csv,17_source_conflicts,BIS_QCO_Summary.xlsx,QCO_Summary,14,7,0,14,7,0.0,SCHEMA_DISJOINT,,conflict_id; detected_at; entity_key; entity_type; field_name; notes; resolution_rule; resolved_value; source_a_id; source_a_url; source_b_id; source_b_url …(+2),key_scope_exclusions_amendments; ministry_department; notification_no_date; product_standard_is; qco_name_identifier; scheme_status; source_document_link,0.0,NO,NO_CONTENT_LINK_DETECTED
SC-0153,17_source_conflicts.csv,17_source_conflicts,BIS_Recognized_Laboratories.xlsx,BIS_Recognized_Labs,14,14,0,14,14,0.0,SCHEMA_DISJOINT,,conflict_id; detected_at; entity_key; entity_type; field_name; notes; resolution_rule; resolved_value; source_a_id; source_a_url; source_b_id; source_b_url …(+2),address; city; contact_number; contact_person; district; email; lab_code; lab_id; lab_name; recognition_status; scope_url; source_url …(+2),0.0,NO,NO_CONTENT_LINK_DETECTED
SC-0154,17_source_conflicts.csv,17_source_conflicts,BIS_Scheme_IV_FMCS.xlsx,BIS_FMCS_Scheme_IV,14,13,0,14,13,0.0,SCHEMA_DISJOINT,,conflict_id; detected_at; entity_key; entity_type; field_name; notes; resolution_rule; resolved_value; source_a_id; source_a_url; source_b_id; source_b_url …(+2),certification_type; is_number; mandatory_voluntary; product; related_product_manual; related_qco; related_sit; requirements; scheme_id_code; scheme_name; scheme_type; scope …(+1),0.0,NO,NO_CONTENT_LINK_DETECTED
SC-0155,17_source_conflicts.csv,17_source_conflicts,BIS_Scheme_X_Industrial.xlsx,BIS_Scheme_X,14,14,0,14,14,0.0,SCHEMA_DISJOINT,,conflict_id; detected_at; entity_key; entity_type; field_name; notes; resolution_rule; resolved_value; source_a_id; source_a_url; source_b_id; source_b_url …(+2),certification_type; is_number; mandatory_voluntary; product; related_product_manual; related_qco; related_sit; requirements; scheme_code; scheme_id; scheme_name; scheme_type …(+2),0.0,NO,NO_CONTENT_LINK_DETECTED
SC-0156,17_source_conflicts.csv,17_source_conflicts,BIS_Scheme_X_Industrial_v2.xlsx,BIS_Scheme_X,14,14,0,14,14,0.0,SCHEMA_DISJOINT,,conflict_id; detected_at; entity_key; entity_type; field_name; notes; resolution_rule; resolved_value; source_a_id; source_a_url; source_b_id; source_b_url …(+2),certification_type; is_number; mandatory_voluntary; product; related_product_manual; related_qco; related_sit; requirements; scheme_code; scheme_id; scheme_name; scheme_type …(+2),0.0,NO,NO_CONTENT_LINK_DETECTED
SC-0157,17_source_conflicts.csv,17_source_conflicts,BIS_Schemes_Master.xlsx,BIS_Schemes_Master,14,14,0,14,14,0.0,SCHEMA_DISJOINT,,conflict_id; detected_at; entity_key; entity_type; field_name; notes; resolution_rule; resolved_value; source_a_id; source_a_url; source_b_id; source_b_url …(+2),certification_type; is; mandatory_voluntary; product; related_product_manual; related_qco; related_sit; requirements; scheme_code; scheme_id; scheme_name; scheme_type …(+2),0.0,NO,NO_CONTENT_LINK_DETECTED
SC-0158,17_source_conflicts.csv,17_source_conflicts,BIS_Schemes_Master_Scheme_2.xlsx,BIS_Schemes_Master_Scheme_2,14,14,0,14,14,0.0,SCHEMA_DISJOINT,,conflict_id; detected_at; entity_key; entity_type; field_name; notes; resolution_rule; resolved_value; source_a_id; source_a_url; source_b_id; source_b_url …(+2),certification_type; is; mandatory_voluntary; product; related_product_manual; related_qco; related_sit; requirements; scheme_code; scheme_id; scheme_name; scheme_type …(+2),0.0,NO,NO_CONTENT_LINK_DETECTED
SC-0159,17_source_conflicts.csv,17_source_conflicts,BIS_Standards_Amendments.xlsx,BIS_Standards_Amendments,14,12,0,14,12,0.0,SCHEMA_DISJOINT,,conflict_id; detected_at; entity_key; entity_type; field_name; notes; resolution_rule; resolved_value; source_a_id; source_a_url; source_b_id; source_b_url …(+2),amendment_date; amendment_id; amendment_number; document_url; effective_date; new_version; original_version; parent_entity; source_url; status; superseded_document; superseding_document,0.0,NO,NO_CONTENT_LINK_DETECTED
SC-0160,17_source_conflicts.csv,17_source_conflicts,BIS_Standards_Details_v2 (1).xlsx,BIS Standards,14,19,0,14,19,0.0,SCHEMA_DISJOINT,,conflict_id; detected_at; entity_key; entity_type; field_name; notes; resolution_rule; resolved_value; source_a_id; source_a_url; source_b_id; source_b_url …(+2),current_status; degree_of_equivalence; document_url; is_number; official_url; part_section; product_category; publication_date; reaffirmation_review_date; revision; revision_date; standard_id …(+7),0.0,NO,NO_CONTENT_LINK_DETECTED
SC-0161,17_source_conflicts.csv,17_source_conflicts,BIS_Standards_Details_v2.xlsx,BIS Standards,14,19,0,14,19,0.0,SCHEMA_DISJOINT,,conflict_id; detected_at; entity_key; entity_type; field_name; notes; resolution_rule; resolved_value; source_a_id; source_a_url; source_b_id; source_b_url …(+2),current_status; degree_of_equivalence; document_url; is_number; official_url; part_section; product_category; publication_date; reaffirmation_review_date; revision; revision_date; standard_id …(+7),0.0,NO,NO_CONTENT_LINK_DETECTED
SC-0162,17_source_conflicts.csv,17_source_conflicts,BIS_Standards_Details_v3.xlsx,BIS Standards,14,19,0,14,19,0.0,SCHEMA_DISJOINT,,conflict_id; detected_at; entity_key; entity_type; field_name; notes; resolution_rule; resolved_value; source_a_id; source_a_url; source_b_id; source_b_url …(+2),current_status; degree_of_equivalence; document_url; is_number; official_url; part_section; product_category; publication_date; reaffirmation_review_date; revision; revision_date; standard_id …(+7),0.0,NO,NO_CONTENT_LINK_DETECTED
SC-0163,17_source_conflicts.csv,17_source_conflicts,BIS_Standards_Intelligence_Master.xlsx,BIS_Standards_Intelligence,14,23,0,14,23,0.0,SCHEMA_DISJOINT,,conflict_id; detected_at; entity_key; entity_type; field_name; notes; resolution_rule; resolved_value; source_a_id; source_a_url; source_b_id; source_b_url …(+2),application_procedure; conformity_assessment; eligibility; factory_requirements; fees; forms; infrastructure_requirements; inspection; is_number; laboratory_testing; licence_or_coc_grant; process_controls …(+11),0.0,NO,NO_CONTENT_LINK_DETECTED
SC-0164,17_source_conflicts.csv,17_source_conflicts,BIS_Standards_Scheme_Mapping.xlsx,BIS_Standards_Scheme_Mapping,14,23,0,14,23,0.0,SCHEMA_DISJOINT,,conflict_id; detected_at; entity_key; entity_type; field_name; notes; resolution_rule; resolved_value; source_a_id; source_a_url; source_b_id; source_b_url …(+2),application_procedure; certification_scheme_to_store; conformity_assessment; eligibility; factory_requirements; fees; forms; group; infrastructure_requirements; inspection; is_number; laboratory_testing …(+11),0.0,NO,NO_CONTENT_LINK_DETECTED
SC-0165,17_source_conflicts.csv,17_source_conflicts,BIS_Testing_Parameters_Master.xlsx,BIS_Testing_Parameters,14,18,0,14,18,0.0,SCHEMA_DISJOINT,,conflict_id; detected_at; entity_key; entity_type; field_name; notes; resolution_rule; resolved_value; source_a_id; source_a_url; source_b_id; source_b_url …(+2),acceptance_criteria; clause; is_number; laboratory_requirement; product; rejection_handling; remarks; required_equipment; sample_size; sampling_frequency; source_document; source_page …(+6),0.0,NO,NO_CONTENT_LINK_DETECTED
SC-0166,17_source_conflicts.csv,17_source_conflicts,bis_circulars (1).csv,bis_circulars (1),14,11,0,14,11,0.0,SCHEMA_DISJOINT,,conflict_id; detected_at; entity_key; entity_type; field_name; notes; resolution_rule; resolved_value; source_a_id; source_a_url; source_b_id; source_b_url …(+2),circular_id; circular_number; document_url; effective_date; implementation_instructions; issuing_authority; related_is; release_date; source_url; subject; title,0.0,NO,NO_CONTENT_LINK_DETECTED
SC-0167,17_source_conflicts.csv,17_source_conflicts,bis_gazette_notification.csv,bis_gazette_notification,14,4,0,14,4,0.0,SCHEMA_DISJOINT,,conflict_id; detected_at; entity_key; entity_type; field_name; notes; resolution_rule; resolved_value; source_a_id; source_a_url; source_b_id; source_b_url …(+2),id; related_is; title; unnamed_3,0.0,NO,NO_CONTENT_LINK_DETECTED
SC-0168,17_source_conflicts.csv,17_source_conflicts,bis_laboratories.csv,bis_laboratories,14,11,0,14,11,0.0,SCHEMA_DISJOINT,,conflict_id; detected_at; entity_key; entity_type; field_name; notes; resolution_rule; resolved_value; source_a_id; source_a_url; source_b_id; source_b_url …(+2),accreditation_validity; address; city; contact_details; lab_id; lab_name; lab_type; pin; source_url; state; tested_is_numbers,0.0,NO,NO_CONTENT_LINK_DETECTED
SC-0169,17_source_conflicts.csv,17_source_conflicts,bis_product_certification_faq (1).csv,bis_product_certification_faq (1),14,8,0,14,8,0.0,SCHEMA_DISJOINT,,conflict_id; detected_at; entity_key; entity_type; field_name; notes; resolution_rule; resolved_value; source_a_id; source_a_url; source_b_id; source_b_url …(+2),answer; category; faq_id; question; related_is; related_product; related_scheme; source_url,0.0,NO,NO_CONTENT_LINK_DETECTED
SC-0170,17_source_conflicts.csv,17_source_conflicts,bis_product_certifications.csv,bis_product_certifications,14,9,0,14,9,0.0,SCHEMA_DISJOINT,,conflict_id; detected_at; entity_key; entity_type; field_name; notes; resolution_rule; resolved_value; source_a_id; source_a_url; source_b_id; source_b_url …(+2),applicability; application_procedure; document_url; fee_structure; guideline_title; inspection_testing_norm; scheme_id; scheme_name; source_url,0.0,NO,NO_CONTENT_LINK_DETECTED
SC-0171,17_source_conflicts.csv,17_source_conflicts,bis_topic17_hallmarking_centres.csv,bis_topic17_hallmarking_centres,14,14,0,14,14,0.0,SCHEMA_DISJOINT,,conflict_id; detected_at; entity_key; entity_type; field_name; notes; resolution_rule; resolved_value; source_a_id; source_a_url; source_b_id; source_b_url …(+2),address; centre_code; centre_id; centre_name; city; district; pin; recognition_status; recognition_status_raw; scope; services; source_url …(+2),0.0,NO,NO_CONTENT_LINK_DETECTED
SC-0172,17_source_conflicts.csv,17_source_conflicts,bis_topic17_hallmarking_centres_cancelled_suspended.csv,bis_topic17_hallmarking_centres_cancelled_suspended,14,17,0,14,17,0.0,SCHEMA_DISJOINT,,conflict_id; detected_at; entity_key; entity_type; field_name; notes; resolution_rule; resolved_value; source_a_id; source_a_url; source_b_id; source_b_url …(+2),address; centre_code; centre_id; centre_name; centre_type; city; district; pin; recognition_status; recognition_status_raw; region; scope …(+5),0.0,NO,NO_CONTENT_LINK_DETECTED
SC-0173,17_source_conflicts.csv,17_source_conflicts,data__raw__fmcs_all_fmcs_list_raw.csv,data__raw__fmcs_all_fmcs_list_raw,14,9,0,14,9,0.0,SCHEMA_DISJOINT,,conflict_id; detected_at; entity_key; entity_type; field_name; notes; resolution_rule; resolved_value; source_a_id; source_a_url; source_b_id; source_b_url …(+2),cml_no_raw; name_address_raw; retrieved_at; s_no; source_url; standard_no_raw; status_raw; validity_date_raw; variety_brand_raw,0.0,NO,NO_CONTENT_LINK_DETECTED
SC-0174,17_source_conflicts.csv,17_source_conflicts,output__extraction_log.csv,output__extraction_log,14,6,1,13,5,0.0526,SCHEMA_WEAK_OVERLAP,notes,conflict_id; detected_at; entity_key; entity_type; field_name; resolution_rule; resolved_value; source_a_id; source_a_url; source_b_id; source_b_url; value_a …(+1),error_type; outcome; retry_count; timestamp; url,0.0,NO,NO_CONTENT_LINK_DETECTED
SC-0175,17_source_conflicts.csv,17_source_conflicts,output__fmcs_country_coverage.csv,output__fmcs_country_coverage,14,3,0,14,3,0.0,SCHEMA_DISJOINT,,conflict_id; detected_at; entity_key; entity_type; field_name; notes; resolution_rule; resolved_value; source_a_id; source_a_url; source_b_id; source_b_url …(+2),country; licence_count; manufacturer_count,0.0,NO,NO_CONTENT_LINK_DETECTED
SC-0176,17_source_conflicts.csv,17_source_conflicts,output__fmcs_is_coverage.csv,output__fmcs_is_coverage,14,3,0,14,3,0.0,SCHEMA_DISJOINT,,conflict_id; detected_at; entity_key; entity_type; field_name; notes; resolution_rule; resolved_value; source_a_id; source_a_url; source_b_id; source_b_url …(+2),is_number; licence_count; manufacturer_count,0.0,NO,NO_CONTENT_LINK_DETECTED
SC-0177,17_source_conflicts.csv,17_source_conflicts,output__source_inventory.csv,output__source_inventory,14,12,1,13,11,0.04,SCHEMA_WEAK_OVERLAP,notes,conflict_id; detected_at; entity_key; entity_type; field_name; resolution_rule; resolved_value; source_a_id; source_a_url; source_b_id; source_b_url; value_a …(+1),bytes; canonical_document_id; content_type; dedup_status; http_status; last_modified; retrieved_at; sha256; source_title; source_type; url,0.0,NO,NO_CONTENT_LINK_DETECTED
SC-0178,17_source_conflicts.csv,17_source_conflicts,output__topic18_fmcs_manufacturers.csv,output__topic18_fmcs_manufacturers,14,17,0,14,17,0.0,SCHEMA_DISJOINT,,conflict_id; detected_at; entity_key; entity_type; field_name; notes; resolution_rule; resolved_value; source_a_id; source_a_url; source_b_id; source_b_url …(+2),air; application_requirements; competent_personnel; country; documents; eligibility; factory; fees; is_number; licence; licence_status; machinery_requirements …(+5),0.0,NO,NO_CONTENT_LINK_DETECTED
SC-0179,17_source_conflicts.csv,17_source_conflicts,output__topic19_official_documents.csv,output__topic19_official_documents,14,17,0,14,17,0.0,SCHEMA_DISJOINT,,conflict_id; detected_at; entity_key; entity_type; field_name; notes; resolution_rule; resolved_value; source_a_id; source_a_url; source_b_id; source_b_url …(+2),access_status; date; document_id; document_title; document_type; download_url; effective_date; is_number; license_access_restriction; local_file; page_count; product …(+5),0.0,NO,NO_CONTENT_LINK_DETECTED
SC-0180,17_source_conflicts.csv,17_source_conflicts,output__topic20_provenance.csv,output__topic20_provenance,14,19,2,12,17,0.0645,SCHEMA_WEAK_OVERLAP,entity_type; field_name,conflict_id; detected_at; entity_key; notes; resolution_rule; resolved_value; source_a_id; source_a_url; source_b_id; source_b_url; value_a; value_b,clause; confidence; document_hash; document_id; document_title; effective_date; evidence_text; field_value; page; record_id; retrieval_timestamp; section …(+5),0.0,NO,NO_CONTENT_LINK_DETECTED
SC-0181,17_source_conflicts.csv,17_source_conflicts,output__unresolved_records.csv,output__unresolved_records,14,6,2,12,4,0.1111,SCHEMA_WEAK_OVERLAP,entity_type; field_name,conflict_id; detected_at; entity_key; notes; resolution_rule; resolved_value; source_a_id; source_a_url; source_b_id; source_b_url; value_a; value_b,attempted_source_url; reason; record_id; resolution_needed,0.0,NO,NO_CONTENT_LINK_DETECTED
SC-0182,BIS_Combined_Testing_Master.xlsx,Combined_Testing_Master,BIS_FAQs_Master.xlsx,BIS_FAQs_Master,12,10,1,11,9,0.0476,SCHEMA_WEAK_OVERLAP,source_url,acceptance_criteria; clause; frequency; method; method_standard; parameter; remarks; required_equipment; sample_size; test_id; test_name,answer; category; document_reference; faq_id; question; related_is; related_product; related_qco; related_scheme,0.0,NO,NO_CONTENT_LINK_DETECTED
SC-0183,BIS_Combined_Testing_Master.xlsx,Combined_Testing_Master,BIS_Laboratory_Scopes.xlsx,BIS_Laboratory_Scopes,12,12,3,9,9,0.1429,SCHEMA_WEAK_OVERLAP,clause; source_url; test_name,acceptance_criteria; frequency; method; method_standard; parameter; remarks; required_equipment; sample_size; test_id,capability; is_number; lab_id; product; scope_id; scope_status; scope_validity; test_method; testing_charge,0.8,YES,IS_JACCARD=0.80
SC-0184,BIS_Combined_Testing_Master.xlsx,Combined_Testing_Master,BIS_Mandatory_Hallmarking_Orders.xlsx,Mandatory_Hallmarking_Orders,12,14,1,11,13,0.04,SCHEMA_WEAK_OVERLAP,source_url,acceptance_criteria; clause; frequency; method; method_standard; parameter; remarks; required_equipment; sample_size; test_id; test_name,amendment; district_phase; document_url; effective_date; exemption; fineness; geographical_applicability; mandatory_status; metal; order_id; order_number; order_title …(+1),0.0,NO,NO_CONTENT_LINK_DETECTED
SC-0185,BIS_Combined_Testing_Master.xlsx,Combined_Testing_Master,BIS_Notifications_Master.xlsx,BIS_Notifications_Master,12,14,1,11,13,0.04,SCHEMA_WEAK_OVERLAP,source_url,acceptance_criteria; clause; frequency; method; method_standard; parameter; remarks; required_equipment; sample_size; test_id; test_name,date; department; document_url; effective_date; ministry; notification_id; notification_number; related_amendment; related_is; related_qco; subject; title …(+1),0.4118,YES,IS_JACCARD=0.41
SC-0186,BIS_Combined_Testing_Master.xlsx,Combined_Testing_Master,BIS_Product_Manuals_Master.xlsx,BIS_Product_Manuals,12,20,1,11,19,0.0323,SCHEMA_WEAK_OVERLAP,source_url,acceptance_criteria; clause; frequency; method; method_standard; parameter; remarks; required_equipment; sample_size; test_id; test_name,document_url; grouping_guidelines; inspection_requirements; is_number; licensing_requirements; manual_id; manual_title; marking_requirements; process_requirements; product; raw_material_requirements; revision_date …(+7),0.8696,YES,IS_JACCARD=0.87
SC-0187,BIS_Combined_Testing_Master.xlsx,Combined_Testing_Master,BIS_Products_Details.xlsx,Products_Details,12,11,1,11,10,0.0455,SCHEMA_WEAK_OVERLAP,source_url,acceptance_criteria; clause; frequency; method; method_standard; parameter; remarks; required_equipment; sample_size; test_id; test_name,alternate_names; category; description; keywords; product_id; product_name; related_is_numbers; related_qcos; related_schemes; subcategory,0.8696,YES,IS_JACCARD=0.87
SC-0188,BIS_Combined_Testing_Master.xlsx,Combined_Testing_Master,BIS_Products_Full_Information.xlsx,Products_Details,12,11,1,11,10,0.0455,SCHEMA_WEAK_OVERLAP,source_url,acceptance_criteria; clause; frequency; method; method_standard; parameter; remarks; required_equipment; sample_size; test_id; test_name,alternate_names; category; description; keywords; product_id; product_name; related_is_numbers; related_qcos; related_schemes; subcategory,0.4265,YES,IS_JACCARD=0.43
SC-0189,BIS_Combined_Testing_Master.xlsx,Combined_Testing_Master,BIS_Products_Full_Information_v2.xlsx,Products_Details,12,11,1,11,10,0.0455,SCHEMA_WEAK_OVERLAP,source_url,acceptance_criteria; clause; frequency; method; method_standard; parameter; remarks; required_equipment; sample_size; test_id; test_name,alternate_names; category; description; keywords; product_id; product_name; related_is_numbers; related_qcos; related_schemes; subcategory,0.4265,YES,IS_JACCARD=0.43
SC-0190,BIS_Combined_Testing_Master.xlsx,Combined_Testing_Master,BIS_QCO-schema_2.xlsx,BIS_QCO-schema_2,12,22,1,11,21,0.0303,SCHEMA_WEAK_OVERLAP,source_url,acceptance_criteria; clause; frequency; method; method_standard; parameter; remarks; required_equipment; sample_size; test_id; test_name,amendments; corrigendas; current_status; deferments; department; effective_date; exclusions; extensions; is_numbers; mandatory_status; ministry; notification_date …(+9),0.8696,YES,IS_JACCARD=0.87
SC-0191,BIS_Combined_Testing_Master.xlsx,Combined_Testing_Master,BIS_QCO_Master_Records (1).xlsx,QCO_Master_Records,12,22,1,11,21,0.0303,SCHEMA_WEAK_OVERLAP,source_url,acceptance_criteria; clause; frequency; method; method_standard; parameter; remarks; required_equipment; sample_size; test_id; test_name,amendments; corrigendas; current_status; deferments; department; effective_date; exclusions; extensions; is_numbers; mandatory_status; ministry; notification_date …(+9),0.5532,YES,IS_JACCARD=0.55
SC-0192,BIS_Combined_Testing_Master.xlsx,Combined_Testing_Master,BIS_QCO_Master_Records.xlsx,QCO_Master_Details,12,22,1,11,21,0.0303,SCHEMA_WEAK_OVERLAP,source_url,acceptance_criteria; clause; frequency; method; method_standard; parameter; remarks; required_equipment; sample_size; test_id; test_name,amendments; corrigendas; current_status; deferments; department; effective_date; exclusions; extensions; is_numbers; mandatory_status; ministry; notification_date …(+9),0.0851,NO,NO_CONTENT_LINK_DETECTED
SC-0193,BIS_Combined_Testing_Master.xlsx,Combined_Testing_Master,BIS_QCO_Master_Records_v3.xlsx,QCO_Master_Records,12,22,1,11,21,0.0303,SCHEMA_WEAK_OVERLAP,source_url,acceptance_criteria; clause; frequency; method; method_standard; parameter; remarks; required_equipment; sample_size; test_id; test_name,amendments; corrigendas; current_status; deferments; department; effective_date; exclusions; extensions; is_numbers; mandatory_status; ministry; notification_date …(+9),0.2609,NO,NO_CONTENT_LINK_DETECTED
SC-0194,BIS_Combined_Testing_Master.xlsx,Combined_Testing_Master,BIS_QCO_Master_Scheme_1.xlsx,BIS_QCO_Master_Scheme_1,12,11,0,12,11,0.0,SCHEMA_DISJOINT,,acceptance_criteria; clause; frequency; method; method_standard; parameter; remarks; required_equipment; sample_size; source_url; test_id; test_name,amendments_extensions; effective_implementation_date; exemptions; is_number; mandatory_voluntary_status; ministry; notification_number; product; qco_order; scope; source_gazette_url,0.8696,YES,IS_JACCARD=0.87
SC-0195,BIS_Combined_Testing_Master.xlsx,Combined_Testing_Master,BIS_QCO_Summary.xlsx,QCO_Summary,12,7,0,12,7,0.0,SCHEMA_DISJOINT,,acceptance_criteria; clause; frequency; method; method_standard; parameter; remarks; required_equipment; sample_size; source_url; test_id; test_name,key_scope_exclusions_amendments; ministry_department; notification_no_date; product_standard_is; qco_name_identifier; scheme_status; source_document_link,0.7826,YES,IS_JACCARD=0.78
SC-0196,BIS_Combined_Testing_Master.xlsx,Combined_Testing_Master,BIS_Recognized_Laboratories.xlsx,BIS_Recognized_Labs,12,14,1,11,13,0.04,SCHEMA_WEAK_OVERLAP,source_url,acceptance_criteria; clause; frequency; method; method_standard; parameter; remarks; required_equipment; sample_size; test_id; test_name,address; city; contact_number; contact_person; district; email; lab_code; lab_id; lab_name; recognition_status; scope_url; state …(+1),0.0,NO,NO_CONTENT_LINK_DETECTED
SC-0197,BIS_Combined_Testing_Master.xlsx,Combined_Testing_Master,BIS_Scheme_IV_FMCS.xlsx,BIS_FMCS_Scheme_IV,12,13,1,11,12,0.0417,SCHEMA_WEAK_OVERLAP,source_url,acceptance_criteria; clause; frequency; method; method_standard; parameter; remarks; required_equipment; sample_size; test_id; test_name,certification_type; is_number; mandatory_voluntary; product; related_product_manual; related_qco; related_sit; requirements; scheme_id_code; scheme_name; scheme_type; scope,0.8696,YES,IS_JACCARD=0.87
SC-0198,BIS_Combined_Testing_Master.xlsx,Combined_Testing_Master,BIS_Scheme_X_Industrial.xlsx,BIS_Scheme_X,12,14,1,11,13,0.04,SCHEMA_WEAK_OVERLAP,source_url,acceptance_criteria; clause; frequency; method; method_standard; parameter; remarks; required_equipment; sample_size; test_id; test_name,certification_type; is_number; mandatory_voluntary; product; related_product_manual; related_qco; related_sit; requirements; scheme_code; scheme_id; scheme_name; scheme_type …(+1),0.0,NO,NO_CONTENT_LINK_DETECTED
SC-0199,BIS_Combined_Testing_Master.xlsx,Combined_Testing_Master,BIS_Scheme_X_Industrial_v2.xlsx,BIS_Scheme_X,12,14,1,11,13,0.04,SCHEMA_WEAK_OVERLAP,source_url,acceptance_criteria; clause; frequency; method; method_standard; parameter; remarks; required_equipment; sample_size; test_id; test_name,certification_type; is_number; mandatory_voluntary; product; related_product_manual; related_qco; related_sit; requirements; scheme_code; scheme_id; scheme_name; scheme_type …(+1),0.0,NO,NO_CONTENT_LINK_DETECTED
SC-0200,BIS_Combined_Testing_Master.xlsx,Combined_Testing_Master,BIS_Schemes_Master.xlsx,BIS_Schemes_Master,12,14,1,11,13,0.04,SCHEMA_WEAK_OVERLAP,source_url,acceptance_criteria; clause; frequency; method; method_standard; parameter; remarks; required_equipment; sample_size; test_id; test_name,certification_type; is; mandatory_voluntary; product; related_product_manual; related_qco; related_sit; requirements; scheme_code; scheme_id; scheme_name; scheme_type …(+1),0.0,NO,NO_CONTENT_LINK_DETECTED
SC-0201,BIS_Combined_Testing_Master.xlsx,Combined_Testing_Master,BIS_Schemes_Master_Scheme_2.xlsx,BIS_Schemes_Master_Scheme_2,12,14,1,11,13,0.04,SCHEMA_WEAK_OVERLAP,source_url,acceptance_criteria; clause; frequency; method; method_standard; parameter; remarks; required_equipment; sample_size; test_id; test_name,certification_type; is; mandatory_voluntary; product; related_product_manual; related_qco; related_sit; requirements; scheme_code; scheme_id; scheme_name; scheme_type …(+1),0.0,NO,NO_CONTENT_LINK_DETECTED
SC-0202,BIS_Combined_Testing_Master.xlsx,Combined_Testing_Master,BIS_Standards_Amendments.xlsx,BIS_Standards_Amendments,12,12,1,11,11,0.0435,SCHEMA_WEAK_OVERLAP,source_url,acceptance_criteria; clause; frequency; method; method_standard; parameter; remarks; required_equipment; sample_size; test_id; test_name,amendment_date; amendment_id; amendment_number; document_url; effective_date; new_version; original_version; parent_entity; status; superseded_document; superseding_document,0.0,NO,NO_CONTENT_LINK_DETECTED
SC-0203,BIS_Combined_Testing_Master.xlsx,Combined_Testing_Master,BIS_Standards_Details_v2 (1).xlsx,BIS Standards,12,19,0,12,19,0.0,SCHEMA_DISJOINT,,acceptance_criteria; clause; frequency; method; method_standard; parameter; remarks; required_equipment; sample_size; source_url; test_id; test_name,current_status; degree_of_equivalence; document_url; is_number; official_url; part_section; product_category; publication_date; reaffirmation_review_date; revision; revision_date; standard_id …(+7),0.7843,YES,IS_JACCARD=0.78
SC-0204,BIS_Combined_Testing_Master.xlsx,Combined_Testing_Master,BIS_Standards_Details_v2.xlsx,BIS Standards,12,19,0,12,19,0.0,SCHEMA_DISJOINT,,acceptance_criteria; clause; frequency; method; method_standard; parameter; remarks; required_equipment; sample_size; source_url; test_id; test_name,current_status; degree_of_equivalence; document_url; is_number; official_url; part_section; product_category; publication_date; reaffirmation_review_date; revision; revision_date; standard_id …(+7),0.7843,YES,IS_JACCARD=0.78
SC-0205,BIS_Combined_Testing_Master.xlsx,Combined_Testing_Master,BIS_Standards_Details_v3.xlsx,BIS Standards,12,19,0,12,19,0.0,SCHEMA_DISJOINT,,acceptance_criteria; clause; frequency; method; method_standard; parameter; remarks; required_equipment; sample_size; source_url; test_id; test_name,current_status; degree_of_equivalence; document_url; is_number; official_url; part_section; product_category; publication_date; reaffirmation_review_date; revision; revision_date; standard_id …(+7),0.7843,YES,IS_JACCARD=0.78
SC-0206,BIS_Combined_Testing_Master.xlsx,Combined_Testing_Master,BIS_Standards_Intelligence_Master.xlsx,BIS_Standards_Intelligence,12,23,1,11,22,0.0294,SCHEMA_WEAK_OVERLAP,source_url,acceptance_criteria; clause; frequency; method; method_standard; parameter; remarks; required_equipment; sample_size; test_id; test_name,application_procedure; conformity_assessment; eligibility; factory_requirements; fees; forms; infrastructure_requirements; inspection; is_number; laboratory_testing; licence_or_coc_grant; process_controls …(+10),0.8,YES,IS_JACCARD=0.80
SC-0207,BIS_Combined_Testing_Master.xlsx,Combined_Testing_Master,BIS_Standards_Scheme_Mapping.xlsx,BIS_Standards_Scheme_Mapping,12,23,1,11,22,0.0294,SCHEMA_WEAK_OVERLAP,source_url,acceptance_criteria; clause; frequency; method; method_standard; parameter; remarks; required_equipment; sample_size; test_id; test_name,application_procedure; certification_scheme_to_store; conformity_assessment; eligibility; factory_requirements; fees; forms; group; infrastructure_requirements; inspection; is_number; laboratory_testing …(+10),0.4727,YES,IS_JACCARD=0.47
SC-0208,BIS_Combined_Testing_Master.xlsx,Combined_Testing_Master,BIS_Testing_Parameters_Master.xlsx,BIS_Testing_Parameters,12,18,7,5,11,0.3043,SCHEMA_OVERLAP,acceptance_criteria; clause; remarks; required_equipment; sample_size; source_url; test_name,frequency; method; method_standard; parameter; test_id,is_number; laboratory_requirement; product; rejection_handling; sampling_frequency; source_document; source_page; test_frequency; test_method; test_method_standard; test_parameter,0.8,YES,SCHEMA_JACCARD>=0.25; IS_JACCARD=0.80; SAME_DOMAIN=10_TESTING
SC-0209,BIS_Combined_Testing_Master.xlsx,Combined_Testing_Master,bis_circulars (1).csv,bis_circulars (1),12,11,1,11,10,0.0455,SCHEMA_WEAK_OVERLAP,source_url,acceptance_criteria; clause; frequency; method; method_standard; parameter; remarks; required_equipment; sample_size; test_id; test_name,circular_id; circular_number; document_url; effective_date; implementation_instructions; issuing_authority; related_is; release_date; subject; title,0.0099,NO,NO_CONTENT_LINK_DETECTED
SC-0210,BIS_Combined_Testing_Master.xlsx,Combined_Testing_Master,bis_gazette_notification.csv,bis_gazette_notification,12,4,0,12,4,0.0,SCHEMA_DISJOINT,,acceptance_criteria; clause; frequency; method; method_standard; parameter; remarks; required_equipment; sample_size; source_url; test_id; test_name,id; related_is; title; unnamed_3,0.0344,NO,NO_CONTENT_LINK_DETECTED
SC-0211,BIS_Combined_Testing_Master.xlsx,Combined_Testing_Master,bis_laboratories.csv,bis_laboratories,12,11,1,11,10,0.0455,SCHEMA_WEAK_OVERLAP,source_url,acceptance_criteria; clause; frequency; method; method_standard; parameter; remarks; required_equipment; sample_size; test_id; test_name,accreditation_validity; address; city; contact_details; lab_id; lab_name; lab_type; pin; state; tested_is_numbers,0.0224,NO,NO_CONTENT_LINK_DETECTED
SC-0212,BIS_Combined_Testing_Master.xlsx,Combined_Testing_Master,bis_product_certification_faq (1).csv,bis_product_certification_faq (1),12,8,1,11,7,0.0526,SCHEMA_WEAK_OVERLAP,source_url,acceptance_criteria; clause; frequency; method; method_standard; parameter; remarks; required_equipment; sample_size; test_id; test_name,answer; category; faq_id; question; related_is; related_product; related_scheme,0.0,NO,NO_CONTENT_LINK_DETECTED
SC-0213,BIS_Combined_Testing_Master.xlsx,Combined_Testing_Master,bis_product_certifications.csv,bis_product_certifications,12,9,1,11,8,0.05,SCHEMA_WEAK_OVERLAP,source_url,acceptance_criteria; clause; frequency; method; method_standard; parameter; remarks; required_equipment; sample_size; test_id; test_name,applicability; application_procedure; document_url; fee_structure; guideline_title; inspection_testing_norm; scheme_id; scheme_name,0.0,NO,NO_CONTENT_LINK_DETECTED
SC-0214,BIS_Combined_Testing_Master.xlsx,Combined_Testing_Master,bis_topic17_hallmarking_centres.csv,bis_topic17_hallmarking_centres,12,14,1,11,13,0.04,SCHEMA_WEAK_OVERLAP,source_url,acceptance_criteria; clause; frequency; method; method_standard; parameter; remarks; required_equipment; sample_size; test_id; test_name,address; centre_code; centre_id; centre_name; city; district; pin; recognition_status; recognition_status_raw; scope; services; state …(+1),0.0,NO,NO_CONTENT_LINK_DETECTED
SC-0215,BIS_Combined_Testing_Master.xlsx,Combined_Testing_Master,bis_topic17_hallmarking_centres_cancelled_suspended.csv,bis_topic17_hallmarking_centres_cancelled_suspended,12,17,1,11,16,0.0357,SCHEMA_WEAK_OVERLAP,source_url,acceptance_criteria; clause; frequency; method; method_standard; parameter; remarks; required_equipment; sample_size; test_id; test_name,address; centre_code; centre_id; centre_name; centre_type; city; district; pin; recognition_status; recognition_status_raw; region; scope …(+4),0.0,NO,NO_CONTENT_LINK_DETECTED
SC-0216,BIS_Combined_Testing_Master.xlsx,Combined_Testing_Master,data__raw__fmcs_all_fmcs_list_raw.csv,data__raw__fmcs_all_fmcs_list_raw,12,9,1,11,8,0.05,SCHEMA_WEAK_OVERLAP,source_url,acceptance_criteria; clause; frequency; method; method_standard; parameter; remarks; required_equipment; sample_size; test_id; test_name,cml_no_raw; name_address_raw; retrieved_at; s_no; standard_no_raw; status_raw; validity_date_raw; variety_brand_raw,0.0661,NO,NO_CONTENT_LINK_DETECTED
SC-0217,BIS_Combined_Testing_Master.xlsx,Combined_Testing_Master,output__extraction_log.csv,output__extraction_log,12,6,0,12,6,0.0,SCHEMA_DISJOINT,,acceptance_criteria; clause; frequency; method; method_standard; parameter; remarks; required_equipment; sample_size; source_url; test_id; test_name,error_type; notes; outcome; retry_count; timestamp; url,0.0,NO,NO_CONTENT_LINK_DETECTED
SC-0218,BIS_Combined_Testing_Master.xlsx,Combined_Testing_Master,output__fmcs_country_coverage.csv,output__fmcs_country_coverage,12,3,0,12,3,0.0,SCHEMA_DISJOINT,,acceptance_criteria; clause; frequency; method; method_standard; parameter; remarks; required_equipment; sample_size; source_url; test_id; test_name,country; licence_count; manufacturer_count,0.0,NO,NO_CONTENT_LINK_DETECTED
SC-0219,BIS_Combined_Testing_Master.xlsx,Combined_Testing_Master,output__fmcs_is_coverage.csv,output__fmcs_is_coverage,12,3,0,12,3,0.0,SCHEMA_DISJOINT,,acceptance_criteria; clause; frequency; method; method_standard; parameter; remarks; required_equipment; sample_size; source_url; test_id; test_name,is_number; licence_count; manufacturer_count,0.0661,NO,NO_CONTENT_LINK_DETECTED
SC-0220,BIS_Combined_Testing_Master.xlsx,Combined_Testing_Master,output__source_inventory.csv,output__source_inventory,12,12,0,12,12,0.0,SCHEMA_DISJOINT,,acceptance_criteria; clause; frequency; method; method_standard; parameter; remarks; required_equipment; sample_size; source_url; test_id; test_name,bytes; canonical_document_id; content_type; dedup_status; http_status; last_modified; notes; retrieved_at; sha256; source_title; source_type; url,0.0,NO,NO_CONTENT_LINK_DETECTED
SC-0221,BIS_Combined_Testing_Master.xlsx,Combined_Testing_Master,output__topic18_fmcs_manufacturers.csv,output__topic18_fmcs_manufacturers,12,17,1,11,16,0.0357,SCHEMA_WEAK_OVERLAP,source_url,acceptance_criteria; clause; frequency; method; method_standard; parameter; remarks; required_equipment; sample_size; test_id; test_name,air; application_requirements; competent_personnel; country; documents; eligibility; factory; fees; is_number; licence; licence_status; machinery_requirements …(+4),0.0661,NO,NO_CONTENT_LINK_DETECTED
SC-0222,BIS_Combined_Testing_Master.xlsx,Combined_Testing_Master,output__topic19_official_documents.csv,output__topic19_official_documents,12,17,1,11,16,0.0357,SCHEMA_WEAK_OVERLAP,source_url,acceptance_criteria; clause; frequency; method; method_standard; parameter; remarks; required_equipment; sample_size; test_id; test_name,access_status; date; document_id; document_title; document_type; download_url; effective_date; is_number; license_access_restriction; local_file; page_count; product …(+4),0.0,NO,NO_CONTENT_LINK_DETECTED
SC-0223,BIS_Combined_Testing_Master.xlsx,Combined_Testing_Master,output__topic20_provenance.csv,output__topic20_provenance,12,19,2,10,17,0.069,SCHEMA_WEAK_OVERLAP,clause; source_url,acceptance_criteria; frequency; method; method_standard; parameter; remarks; required_equipment; sample_size; test_id; test_name,confidence; document_hash; document_id; document_title; effective_date; entity_type; evidence_text; field_name; field_value; page; record_id; retrieval_timestamp …(+5),0.0,NO,NO_CONTENT_LINK_DETECTED
SC-0224,BIS_Combined_Testing_Master.xlsx,Combined_Testing_Master,output__unresolved_records.csv,output__unresolved_records,12,6,0,12,6,0.0,SCHEMA_DISJOINT,,acceptance_criteria; clause; frequency; method; method_standard; parameter; remarks; required_equipment; sample_size; source_url; test_id; test_name,attempted_source_url; entity_type; field_name; reason; record_id; resolution_needed,0.0,NO,NO_CONTENT_LINK_DETECTED
SC-0225,BIS_FAQs_Master.xlsx,BIS_FAQs_Master,BIS_Laboratory_Scopes.xlsx,BIS_Laboratory_Scopes,10,12,1,9,11,0.0476,SCHEMA_WEAK_OVERLAP,source_url,answer; category; document_reference; faq_id; question; related_is; related_product; related_qco; related_scheme,capability; clause; is_number; lab_id; product; scope_id; scope_status; scope_validity; test_method; test_name; testing_charge,0.0,NO,NO_CONTENT_LINK_DETECTED
SC-0226,BIS_FAQs_Master.xlsx,BIS_FAQs_Master,BIS_Mandatory_Hallmarking_Orders.xlsx,Mandatory_Hallmarking_Orders,10,14,1,9,13,0.0435,SCHEMA_WEAK_OVERLAP,source_url,answer; category; document_reference; faq_id; question; related_is; related_product; related_qco; related_scheme,amendment; district_phase; document_url; effective_date; exemption; fineness; geographical_applicability; mandatory_status; metal; order_id; order_number; order_title …(+1),0.0,NO,NO_CONTENT_LINK_DETECTED
SC-0227,BIS_FAQs_Master.xlsx,BIS_FAQs_Master,BIS_Notifications_Master.xlsx,BIS_Notifications_Master,10,14,3,7,11,0.1429,SCHEMA_WEAK_OVERLAP,related_is; related_qco; source_url,answer; category; document_reference; faq_id; question; related_product; related_scheme,date; department; document_url; effective_date; ministry; notification_id; notification_number; related_amendment; subject; title; type,0.0,NO,NO_CONTENT_LINK_DETECTED
SC-0228,BIS_FAQs_Master.xlsx,BIS_FAQs_Master,BIS_Product_Manuals_Master.xlsx,BIS_Product_Manuals,10,20,1,9,19,0.0345,SCHEMA_WEAK_OVERLAP,source_url,answer; category; document_reference; faq_id; question; related_is; related_product; related_qco; related_scheme,document_url; grouping_guidelines; inspection_requirements; is_number; licensing_requirements; manual_id; manual_title; marking_requirements; process_requirements; product; raw_material_requirements; revision_date …(+7),0.25,NO,NO_CONTENT_LINK_DETECTED
SC-0229,BIS_FAQs_Master.xlsx,BIS_FAQs_Master,BIS_Products_Details.xlsx,Products_Details,10,11,2,8,9,0.1053,SCHEMA_WEAK_OVERLAP,category; source_url,answer; document_reference; faq_id; question; related_is; related_product; related_qco; related_scheme,alternate_names; description; keywords; product_id; product_name; related_is_numbers; related_qcos; related_schemes; subcategory,0.0,NO,NO_CONTENT_LINK_DETECTED
SC-0230,BIS_FAQs_Master.xlsx,BIS_FAQs_Master,BIS_Products_Full_Information.xlsx,Products_Details,10,11,2,8,9,0.1053,SCHEMA_WEAK_OVERLAP,category; source_url,answer; document_reference; faq_id; question; related_is; related_product; related_qco; related_scheme,alternate_names; description; keywords; product_id; product_name; related_is_numbers; related_qcos; related_schemes; subcategory,0.0,NO,NO_CONTENT_LINK_DETECTED
SC-0231,BIS_FAQs_Master.xlsx,BIS_FAQs_Master,BIS_Products_Full_Information_v2.xlsx,Products_Details,10,11,2,8,9,0.1053,SCHEMA_WEAK_OVERLAP,category; source_url,answer; document_reference; faq_id; question; related_is; related_product; related_qco; related_scheme,alternate_names; description; keywords; product_id; product_name; related_is_numbers; related_qcos; related_schemes; subcategory,0.0,NO,NO_CONTENT_LINK_DETECTED
SC-0232,BIS_FAQs_Master.xlsx,BIS_FAQs_Master,BIS_QCO-schema_2.xlsx,BIS_QCO-schema_2,10,22,1,9,21,0.0323,SCHEMA_WEAK_OVERLAP,source_url,answer; category; document_reference; faq_id; question; related_is; related_product; related_qco; related_scheme,amendments; corrigendas; current_status; deferments; department; effective_date; exclusions; extensions; is_numbers; mandatory_status; ministry; notification_date …(+9),0.25,NO,NO_CONTENT_LINK_DETECTED
SC-0233,BIS_FAQs_Master.xlsx,BIS_FAQs_Master,BIS_QCO_Master_Records (1).xlsx,QCO_Master_Records,10,22,1,9,21,0.0323,SCHEMA_WEAK_OVERLAP,source_url,answer; category; document_reference; faq_id; question; related_is; related_product; related_qco; related_scheme,amendments; corrigendas; current_status; deferments; department; effective_date; exclusions; extensions; is_numbers; mandatory_status; ministry; notification_date …(+9),0.2,NO,NO_CONTENT_LINK_DETECTED
SC-0234,BIS_FAQs_Master.xlsx,BIS_FAQs_Master,BIS_QCO_Master_Records.xlsx,QCO_Master_Details,10,22,1,9,21,0.0323,SCHEMA_WEAK_OVERLAP,source_url,answer; category; document_reference; faq_id; question; related_is; related_product; related_qco; related_scheme,amendments; corrigendas; current_status; deferments; department; effective_date; exclusions; extensions; is_numbers; mandatory_status; ministry; notification_date …(+9),0.0,NO,NO_CONTENT_LINK_DETECTED
SC-0235,BIS_FAQs_Master.xlsx,BIS_FAQs_Master,BIS_QCO_Master_Records_v3.xlsx,QCO_Master_Records,10,22,1,9,21,0.0323,SCHEMA_WEAK_OVERLAP,source_url,answer; category; document_reference; faq_id; question; related_is; related_product; related_qco; related_scheme,amendments; corrigendas; current_status; deferments; department; effective_date; exclusions; extensions; is_numbers; mandatory_status; ministry; notification_date …(+9),0.0,NO,NO_CONTENT_LINK_DETECTED
SC-0236,BIS_FAQs_Master.xlsx,BIS_FAQs_Master,BIS_QCO_Master_Scheme_1.xlsx,BIS_QCO_Master_Scheme_1,10,11,0,10,11,0.0,SCHEMA_DISJOINT,,answer; category; document_reference; faq_id; question; related_is; related_product; related_qco; related_scheme; source_url,amendments_extensions; effective_implementation_date; exemptions; is_number; mandatory_voluntary_status; ministry; notification_number; product; qco_order; scope; source_gazette_url,0.0,NO,NO_CONTENT_LINK_DETECTED
SC-0237,BIS_FAQs_Master.xlsx,BIS_FAQs_Master,BIS_QCO_Summary.xlsx,QCO_Summary,10,7,0,10,7,0.0,SCHEMA_DISJOINT,,answer; category; document_reference; faq_id; question; related_is; related_product; related_qco; related_scheme; source_url,key_scope_exclusions_amendments; ministry_department; notification_no_date; product_standard_is; qco_name_identifier; scheme_status; source_document_link,0.0,NO,NO_CONTENT_LINK_DETECTED
SC-0238,BIS_FAQs_Master.xlsx,BIS_FAQs_Master,BIS_Recognized_Laboratories.xlsx,BIS_Recognized_Labs,10,14,1,9,13,0.0435,SCHEMA_WEAK_OVERLAP,source_url,answer; category; document_reference; faq_id; question; related_is; related_product; related_qco; related_scheme,address; city; contact_number; contact_person; district; email; lab_code; lab_id; lab_name; recognition_status; scope_url; state …(+1),0.0,NO,NO_CONTENT_LINK_DETECTED
SC-0239,BIS_FAQs_Master.xlsx,BIS_FAQs_Master,BIS_Scheme_IV_FMCS.xlsx,BIS_FMCS_Scheme_IV,10,13,2,8,11,0.0952,SCHEMA_WEAK_OVERLAP,related_qco; source_url,answer; category; document_reference; faq_id; question; related_is; related_product; related_scheme,certification_type; is_number; mandatory_voluntary; product; related_product_manual; related_sit; requirements; scheme_id_code; scheme_name; scheme_type; scope,0.0,NO,NO_CONTENT_LINK_DETECTED
SC-0240,BIS_FAQs_Master.xlsx,BIS_FAQs_Master,BIS_Scheme_X_Industrial.xlsx,BIS_Scheme_X,10,14,2,8,12,0.0909,SCHEMA_WEAK_OVERLAP,related_qco; source_url,answer; category; document_reference; faq_id; question; related_is; related_product; related_scheme,certification_type; is_number; mandatory_voluntary; product; related_product_manual; related_sit; requirements; scheme_code; scheme_id; scheme_name; scheme_type; scope,0.0,NO,NO_CONTENT_LINK_DETECTED
SC-0241,BIS_FAQs_Master.xlsx,BIS_FAQs_Master,BIS_Scheme_X_Industrial_v2.xlsx,BIS_Scheme_X,10,14,2,8,12,0.0909,SCHEMA_WEAK_OVERLAP,related_qco; source_url,answer; category; document_reference; faq_id; question; related_is; related_product; related_scheme,certification_type; is_number; mandatory_voluntary; product; related_product_manual; related_sit; requirements; scheme_code; scheme_id; scheme_name; scheme_type; scope,0.0,NO,NO_CONTENT_LINK_DETECTED
SC-0242,BIS_FAQs_Master.xlsx,BIS_FAQs_Master,BIS_Schemes_Master.xlsx,BIS_Schemes_Master,10,14,2,8,12,0.0909,SCHEMA_WEAK_OVERLAP,related_qco; source_url,answer; category; document_reference; faq_id; question; related_is; related_product; related_scheme,certification_type; is; mandatory_voluntary; product; related_product_manual; related_sit; requirements; scheme_code; scheme_id; scheme_name; scheme_type; scope,0.0,NO,NO_CONTENT_LINK_DETECTED
SC-0243,BIS_FAQs_Master.xlsx,BIS_FAQs_Master,BIS_Schemes_Master_Scheme_2.xlsx,BIS_Schemes_Master_Scheme_2,10,14,2,8,12,0.0909,SCHEMA_WEAK_OVERLAP,related_qco; source_url,answer; category; document_reference; faq_id; question; related_is; related_product; related_scheme,certification_type; is; mandatory_voluntary; product; related_product_manual; related_sit; requirements; scheme_code; scheme_id; scheme_name; scheme_type; scope,0.0,NO,NO_CONTENT_LINK_DETECTED
SC-0244,BIS_FAQs_Master.xlsx,BIS_FAQs_Master,BIS_Standards_Amendments.xlsx,BIS_Standards_Amendments,10,12,1,9,11,0.0476,SCHEMA_WEAK_OVERLAP,source_url,answer; category; document_reference; faq_id; question; related_is; related_product; related_qco; related_scheme,amendment_date; amendment_id; amendment_number; document_url; effective_date; new_version; original_version; parent_entity; status; superseded_document; superseding_document,0.0,NO,NO_CONTENT_LINK_DETECTED
SC-0245,BIS_FAQs_Master.xlsx,BIS_FAQs_Master,BIS_Standards_Details_v2 (1).xlsx,BIS Standards,10,19,0,10,19,0.0,SCHEMA_DISJOINT,,answer; category; document_reference; faq_id; question; related_is; related_product; related_qco; related_scheme; source_url,current_status; degree_of_equivalence; document_url; is_number; official_url; part_section; product_category; publication_date; reaffirmation_review_date; revision; revision_date; standard_id …(+7),0.0,NO,NO_CONTENT_LINK_DETECTED
SC-0246,BIS_FAQs_Master.xlsx,BIS_FAQs_Master,BIS_Standards_Details_v2.xlsx,BIS Standards,10,19,0,10,19,0.0,SCHEMA_DISJOINT,,answer; category; document_reference; faq_id; question; related_is; related_product; related_qco; related_scheme; source_url,current_status; degree_of_equivalence; document_url; is_number; official_url; part_section; product_category; publication_date; reaffirmation_review_date; revision; revision_date; standard_id …(+7),0.0,NO,NO_CONTENT_LINK_DETECTED
SC-0247,BIS_FAQs_Master.xlsx,BIS_FAQs_Master,BIS_Standards_Details_v3.xlsx,BIS Standards,10,19,0,10,19,0.0,SCHEMA_DISJOINT,,answer; category; document_reference; faq_id; question; related_is; related_product; related_qco; related_scheme; source_url,current_status; degree_of_equivalence; document_url; is_number; official_url; part_section; product_category; publication_date; reaffirmation_review_date; revision; revision_date; standard_id …(+7),0.0,NO,NO_CONTENT_LINK_DETECTED
SC-0248,BIS_FAQs_Master.xlsx,BIS_FAQs_Master,BIS_Standards_Intelligence_Master.xlsx,BIS_Standards_Intelligence,10,23,1,9,22,0.0312,SCHEMA_WEAK_OVERLAP,source_url,answer; category; document_reference; faq_id; question; related_is; related_product; related_qco; related_scheme,application_procedure; conformity_assessment; eligibility; factory_requirements; fees; forms; infrastructure_requirements; inspection; is_number; laboratory_testing; licence_or_coc_grant; process_controls …(+10),0.125,NO,NO_CONTENT_LINK_DETECTED
SC-0249,BIS_FAQs_Master.xlsx,BIS_FAQs_Master,BIS_Standards_Scheme_Mapping.xlsx,BIS_Standards_Scheme_Mapping,10,23,1,9,22,0.0312,SCHEMA_WEAK_OVERLAP,source_url,answer; category; document_reference; faq_id; question; related_is; related_product; related_qco; related_scheme,application_procedure; certification_scheme_to_store; conformity_assessment; eligibility; factory_requirements; fees; forms; group; infrastructure_requirements; inspection; is_number; laboratory_testing …(+10),0.0,NO,NO_CONTENT_LINK_DETECTED
SC-0250,BIS_FAQs_Master.xlsx,BIS_FAQs_Master,BIS_Testing_Parameters_Master.xlsx,BIS_Testing_Parameters,10,18,1,9,17,0.037,SCHEMA_WEAK_OVERLAP,source_url,answer; category; document_reference; faq_id; question; related_is; related_product; related_qco; related_scheme,acceptance_criteria; clause; is_number; laboratory_requirement; product; rejection_handling; remarks; required_equipment; sample_size; sampling_frequency; source_document; source_page …(+5),0.0,NO,NO_CONTENT_LINK_DETECTED
SC-0251,BIS_FAQs_Master.xlsx,BIS_FAQs_Master,bis_circulars (1).csv,bis_circulars (1),10,11,2,8,9,0.1053,SCHEMA_WEAK_OVERLAP,related_is; source_url,answer; category; document_reference; faq_id; question; related_product; related_qco; related_scheme,circular_id; circular_number; document_url; effective_date; implementation_instructions; issuing_authority; release_date; subject; title,0.0,NO,NO_CONTENT_LINK_DETECTED
SC-0252,BIS_FAQs_Master.xlsx,BIS_FAQs_Master,bis_gazette_notification.csv,bis_gazette_notification,10,4,1,9,3,0.0769,SCHEMA_WEAK_OVERLAP,related_is,answer; category; document_reference; faq_id; question; related_product; related_qco; related_scheme; source_url,id; title; unnamed_3,0.0,NO,NO_CONTENT_LINK_DETECTED
SC-0253,BIS_FAQs_Master.xlsx,BIS_FAQs_Master,bis_laboratories.csv,bis_laboratories,10,11,1,9,10,0.05,SCHEMA_WEAK_OVERLAP,source_url,answer; category; document_reference; faq_id; question; related_is; related_product; related_qco; related_scheme,accreditation_validity; address; city; contact_details; lab_id; lab_name; lab_type; pin; state; tested_is_numbers,0.0,NO,NO_CONTENT_LINK_DETECTED
SC-0254,BIS_FAQs_Master.xlsx,BIS_FAQs_Master,bis_product_certification_faq (1).csv,bis_product_certification_faq (1),10,8,8,2,0,0.8,SCHEMA_SUBSET,answer; category; faq_id; question; related_is; related_product; related_scheme; source_url,document_reference; related_qco,,0.2,YES,SCHEMA_JACCARD>=0.25; SAME_DOMAIN=12_CERTIFICATION_FAQ
SC-0255,BIS_FAQs_Master.xlsx,BIS_FAQs_Master,bis_product_certifications.csv,bis_product_certifications,10,9,1,9,8,0.0556,SCHEMA_WEAK_OVERLAP,source_url,answer; category; document_reference; faq_id; question; related_is; related_product; related_qco; related_scheme,applicability; application_procedure; document_url; fee_structure; guideline_title; inspection_testing_norm; scheme_id; scheme_name,0.1667,NO,NO_CONTENT_LINK_DETECTED
SC-0256,BIS_FAQs_Master.xlsx,BIS_FAQs_Master,bis_topic17_hallmarking_centres.csv,bis_topic17_hallmarking_centres,10,14,1,9,13,0.0435,SCHEMA_WEAK_OVERLAP,source_url,answer; category; document_reference; faq_id; question; related_is; related_product; related_qco; related_scheme,address; centre_code; centre_id; centre_name; city; district; pin; recognition_status; recognition_status_raw; scope; services; state …(+1),0.0,NO,NO_CONTENT_LINK_DETECTED
SC-0257,BIS_FAQs_Master.xlsx,BIS_FAQs_Master,bis_topic17_hallmarking_centres_cancelled_suspended.csv,bis_topic17_hallmarking_centres_cancelled_suspended,10,17,1,9,16,0.0385,SCHEMA_WEAK_OVERLAP,source_url,answer; category; document_reference; faq_id; question; related_is; related_product; related_qco; related_scheme,address; centre_code; centre_id; centre_name; centre_type; city; district; pin; recognition_status; recognition_status_raw; region; scope …(+4),0.0,NO,NO_CONTENT_LINK_DETECTED
SC-0258,BIS_FAQs_Master.xlsx,BIS_FAQs_Master,data__raw__fmcs_all_fmcs_list_raw.csv,data__raw__fmcs_all_fmcs_list_raw,10,9,1,9,8,0.0556,SCHEMA_WEAK_OVERLAP,source_url,answer; category; document_reference; faq_id; question; related_is; related_product; related_qco; related_scheme,cml_no_raw; name_address_raw; retrieved_at; s_no; standard_no_raw; status_raw; validity_date_raw; variety_brand_raw,0.0,NO,NO_CONTENT_LINK_DETECTED
SC-0259,BIS_FAQs_Master.xlsx,BIS_FAQs_Master,output__extraction_log.csv,output__extraction_log,10,6,0,10,6,0.0,SCHEMA_DISJOINT,,answer; category; document_reference; faq_id; question; related_is; related_product; related_qco; related_scheme; source_url,error_type; notes; outcome; retry_count; timestamp; url,0.0,NO,NO_CONTENT_LINK_DETECTED
SC-0260,BIS_FAQs_Master.xlsx,BIS_FAQs_Master,output__fmcs_country_coverage.csv,output__fmcs_country_coverage,10,3,0,10,3,0.0,SCHEMA_DISJOINT,,answer; category; document_reference; faq_id; question; related_is; related_product; related_qco; related_scheme; source_url,country; licence_count; manufacturer_count,0.0,NO,NO_CONTENT_LINK_DETECTED
SC-0261,BIS_FAQs_Master.xlsx,BIS_FAQs_Master,output__fmcs_is_coverage.csv,output__fmcs_is_coverage,10,3,0,10,3,0.0,SCHEMA_DISJOINT,,answer; category; document_reference; faq_id; question; related_is; related_product; related_qco; related_scheme; source_url,is_number; licence_count; manufacturer_count,0.0,NO,NO_CONTENT_LINK_DETECTED
SC-0262,BIS_FAQs_Master.xlsx,BIS_FAQs_Master,output__source_inventory.csv,output__source_inventory,10,12,0,10,12,0.0,SCHEMA_DISJOINT,,answer; category; document_reference; faq_id; question; related_is; related_product; related_qco; related_scheme; source_url,bytes; canonical_document_id; content_type; dedup_status; http_status; last_modified; notes; retrieved_at; sha256; source_title; source_type; url,0.0,NO,NO_CONTENT_LINK_DETECTED
SC-0263,BIS_FAQs_Master.xlsx,BIS_FAQs_Master,output__topic18_fmcs_manufacturers.csv,output__topic18_fmcs_manufacturers,10,17,1,9,16,0.0385,SCHEMA_WEAK_OVERLAP,source_url,answer; category; document_reference; faq_id; question; related_is; related_product; related_qco; related_scheme,air; application_requirements; competent_personnel; country; documents; eligibility; factory; fees; is_number; licence; licence_status; machinery_requirements …(+4),0.0,NO,NO_CONTENT_LINK_DETECTED
SC-0264,BIS_FAQs_Master.xlsx,BIS_FAQs_Master,output__topic19_official_documents.csv,output__topic19_official_documents,10,17,1,9,16,0.0385,SCHEMA_WEAK_OVERLAP,source_url,answer; category; document_reference; faq_id; question; related_is; related_product; related_qco; related_scheme,access_status; date; document_id; document_title; document_type; download_url; effective_date; is_number; license_access_restriction; local_file; page_count; product …(+4),0.0,NO,NO_CONTENT_LINK_DETECTED
SC-0265,BIS_FAQs_Master.xlsx,BIS_FAQs_Master,output__topic20_provenance.csv,output__topic20_provenance,10,19,1,9,18,0.0357,SCHEMA_WEAK_OVERLAP,source_url,answer; category; document_reference; faq_id; question; related_is; related_product; related_qco; related_scheme,clause; confidence; document_hash; document_id; document_title; effective_date; entity_type; evidence_text; field_name; field_value; page; record_id …(+6),0.0,NO,NO_CONTENT_LINK_DETECTED
SC-0266,BIS_FAQs_Master.xlsx,BIS_FAQs_Master,output__unresolved_records.csv,output__unresolved_records,10,6,0,10,6,0.0,SCHEMA_DISJOINT,,answer; category; document_reference; faq_id; question; related_is; related_product; related_qco; related_scheme; source_url,attempted_source_url; entity_type; field_name; reason; record_id; resolution_needed,0.0,NO,NO_CONTENT_LINK_DETECTED
SC-0267,BIS_Laboratory_Scopes.xlsx,BIS_Laboratory_Scopes,BIS_Mandatory_Hallmarking_Orders.xlsx,Mandatory_Hallmarking_Orders,12,14,1,11,13,0.04,SCHEMA_WEAK_OVERLAP,source_url,capability; clause; is_number; lab_id; product; scope_id; scope_status; scope_validity; test_method; test_name; testing_charge,amendment; district_phase; document_url; effective_date; exemption; fineness; geographical_applicability; mandatory_status; metal; order_id; order_number; order_title …(+1),0.0,NO,NO_CONTENT_LINK_DETECTED
SC-0268,BIS_Laboratory_Scopes.xlsx,BIS_Laboratory_Scopes,BIS_Notifications_Master.xlsx,BIS_Notifications_Master,12,14,1,11,13,0.04,SCHEMA_WEAK_OVERLAP,source_url,capability; clause; is_number; lab_id; product; scope_id; scope_status; scope_validity; test_method; test_name; testing_charge,date; department; document_url; effective_date; ministry; notification_id; notification_number; related_amendment; related_is; related_qco; subject; title …(+1),0.4,YES,IS_JACCARD=0.40
SC-0269,BIS_Laboratory_Scopes.xlsx,BIS_Laboratory_Scopes,BIS_Product_Manuals_Master.xlsx,BIS_Product_Manuals,12,20,3,9,17,0.1034,SCHEMA_WEAK_OVERLAP,is_number; product; source_url,capability; clause; lab_id; scope_id; scope_status; scope_validity; test_method; test_name; testing_charge,document_url; grouping_guidelines; inspection_requirements; licensing_requirements; manual_id; manual_title; marking_requirements; process_requirements; raw_material_requirements; revision_date; sampling_guidelines; scheme …(+5),0.9091,YES,IS_JACCARD=0.91; PRODUCT_JACCARD=0.45
SC-0270,BIS_Laboratory_Scopes.xlsx,BIS_Laboratory_Scopes,BIS_Products_Details.xlsx,Products_Details,12,11,1,11,10,0.0455,SCHEMA_WEAK_OVERLAP,source_url,capability; clause; is_number; lab_id; product; scope_id; scope_status; scope_validity; test_method; test_name; testing_charge,alternate_names; category; description; keywords; product_id; product_name; related_is_numbers; related_qcos; related_schemes; subcategory,0.9091,YES,IS_JACCARD=0.91
SC-0271,BIS_Laboratory_Scopes.xlsx,BIS_Laboratory_Scopes,BIS_Products_Full_Information.xlsx,Products_Details,12,11,1,11,10,0.0455,SCHEMA_WEAK_OVERLAP,source_url,capability; clause; is_number; lab_id; product; scope_id; scope_status; scope_validity; test_method; test_name; testing_charge,alternate_names; category; description; keywords; product_id; product_name; related_is_numbers; related_qcos; related_schemes; subcategory,0.3971,YES,IS_JACCARD=0.40
SC-0272,BIS_Laboratory_Scopes.xlsx,BIS_Laboratory_Scopes,BIS_Products_Full_Information_v2.xlsx,Products_Details,12,11,1,11,10,0.0455,SCHEMA_WEAK_OVERLAP,source_url,capability; clause; is_number; lab_id; product; scope_id; scope_status; scope_validity; test_method; test_name; testing_charge,alternate_names; category; description; keywords; product_id; product_name; related_is_numbers; related_qcos; related_schemes; subcategory,0.3971,YES,IS_JACCARD=0.40
SC-0273,BIS_Laboratory_Scopes.xlsx,BIS_Laboratory_Scopes,BIS_QCO-schema_2.xlsx,BIS_QCO-schema_2,12,22,2,10,20,0.0625,SCHEMA_WEAK_OVERLAP,product; source_url,capability; clause; is_number; lab_id; scope_id; scope_status; scope_validity; test_method; test_name; testing_charge,amendments; corrigendas; current_status; deferments; department; effective_date; exclusions; extensions; is_numbers; mandatory_status; ministry; notification_date …(+8),0.9091,YES,IS_JACCARD=0.91
SC-0274,BIS_Laboratory_Scopes.xlsx,BIS_Laboratory_Scopes,BIS_QCO_Master_Records (1).xlsx,QCO_Master_Records,12,22,2,10,20,0.0625,SCHEMA_WEAK_OVERLAP,product; source_url,capability; clause; is_number; lab_id; scope_id; scope_status; scope_validity; test_method; test_name; testing_charge,amendments; corrigendas; current_status; deferments; department; effective_date; exclusions; extensions; is_numbers; mandatory_status; ministry; notification_date …(+8),0.5778,YES,IS_JACCARD=0.58
SC-0275,BIS_Laboratory_Scopes.xlsx,BIS_Laboratory_Scopes,BIS_QCO_Master_Records.xlsx,QCO_Master_Details,12,22,2,10,20,0.0625,SCHEMA_WEAK_OVERLAP,product; source_url,capability; clause; is_number; lab_id; scope_id; scope_status; scope_validity; test_method; test_name; testing_charge,amendments; corrigendas; current_status; deferments; department; effective_date; exclusions; extensions; is_numbers; mandatory_status; ministry; notification_date …(+8),0.0889,NO,NO_CONTENT_LINK_DETECTED
SC-0276,BIS_Laboratory_Scopes.xlsx,BIS_Laboratory_Scopes,BIS_QCO_Master_Records_v3.xlsx,QCO_Master_Records,12,22,2,10,20,0.0625,SCHEMA_WEAK_OVERLAP,product; source_url,capability; clause; is_number; lab_id; scope_id; scope_status; scope_validity; test_method; test_name; testing_charge,amendments; corrigendas; current_status; deferments; department; effective_date; exclusions; extensions; is_numbers; mandatory_status; ministry; notification_date …(+8),0.2727,NO,NO_CONTENT_LINK_DETECTED
SC-0277,BIS_Laboratory_Scopes.xlsx,BIS_Laboratory_Scopes,BIS_QCO_Master_Scheme_1.xlsx,BIS_QCO_Master_Scheme_1,12,11,2,10,9,0.0952,SCHEMA_WEAK_OVERLAP,is_number; product,capability; clause; lab_id; scope_id; scope_status; scope_validity; source_url; test_method; test_name; testing_charge,amendments_extensions; effective_implementation_date; exemptions; mandatory_voluntary_status; ministry; notification_number; qco_order; scope; source_gazette_url,0.9091,YES,IS_JACCARD=0.91; PRODUCT_JACCARD=0.35
SC-0278,BIS_Laboratory_Scopes.xlsx,BIS_Laboratory_Scopes,BIS_QCO_Summary.xlsx,QCO_Summary,12,7,0,12,7,0.0,SCHEMA_DISJOINT,,capability; clause; is_number; lab_id; product; scope_id; scope_status; scope_validity; source_url; test_method; test_name; testing_charge,key_scope_exclusions_amendments; ministry_department; notification_no_date; product_standard_is; qco_name_identifier; scheme_status; source_document_link,0.8182,YES,IS_JACCARD=0.82
SC-0279,BIS_Laboratory_Scopes.xlsx,BIS_Laboratory_Scopes,BIS_Recognized_Laboratories.xlsx,BIS_Recognized_Labs,12,14,2,10,12,0.0833,SCHEMA_WEAK_OVERLAP,lab_id; source_url,capability; clause; is_number; product; scope_id; scope_status; scope_validity; test_method; test_name; testing_charge,address; city; contact_number; contact_person; district; email; lab_code; lab_name; recognition_status; scope_url; state; validity,0.0,NO,NO_CONTENT_LINK_DETECTED
SC-0280,BIS_Laboratory_Scopes.xlsx,BIS_Laboratory_Scopes,BIS_Scheme_IV_FMCS.xlsx,BIS_FMCS_Scheme_IV,12,13,3,9,10,0.1364,SCHEMA_WEAK_OVERLAP,is_number; product; source_url,capability; clause; lab_id; scope_id; scope_status; scope_validity; test_method; test_name; testing_charge,certification_type; mandatory_voluntary; related_product_manual; related_qco; related_sit; requirements; scheme_id_code; scheme_name; scheme_type; scope,0.9091,YES,IS_JACCARD=0.91; PRODUCT_JACCARD=0.35
SC-0281,BIS_Laboratory_Scopes.xlsx,BIS_Laboratory_Scopes,BIS_Scheme_X_Industrial.xlsx,BIS_Scheme_X,12,14,3,9,11,0.1304,SCHEMA_WEAK_OVERLAP,is_number; product; source_url,capability; clause; lab_id; scope_id; scope_status; scope_validity; test_method; test_name; testing_charge,certification_type; mandatory_voluntary; related_product_manual; related_qco; related_sit; requirements; scheme_code; scheme_id; scheme_name; scheme_type; scope,0.0562,NO,NO_CONTENT_LINK_DETECTED
SC-0282,BIS_Laboratory_Scopes.xlsx,BIS_Laboratory_Scopes,BIS_Scheme_X_Industrial_v2.xlsx,BIS_Scheme_X,12,14,3,9,11,0.1304,SCHEMA_WEAK_OVERLAP,is_number; product; source_url,capability; clause; lab_id; scope_id; scope_status; scope_validity; test_method; test_name; testing_charge,certification_type; mandatory_voluntary; related_product_manual; related_qco; related_sit; requirements; scheme_code; scheme_id; scheme_name; scheme_type; scope,0.0562,NO,NO_CONTENT_LINK_DETECTED
SC-0283,BIS_Laboratory_Scopes.xlsx,BIS_Laboratory_Scopes,BIS_Schemes_Master.xlsx,BIS_Schemes_Master,12,14,2,10,12,0.0833,SCHEMA_WEAK_OVERLAP,product; source_url,capability; clause; is_number; lab_id; scope_id; scope_status; scope_validity; test_method; test_name; testing_charge,certification_type; is; mandatory_voluntary; related_product_manual; related_qco; related_sit; requirements; scheme_code; scheme_id; scheme_name; scheme_type; scope,0.2182,NO,NO_CONTENT_LINK_DETECTED
SC-0284,BIS_Laboratory_Scopes.xlsx,BIS_Laboratory_Scopes,BIS_Schemes_Master_Scheme_2.xlsx,BIS_Schemes_Master_Scheme_2,12,14,2,10,12,0.0833,SCHEMA_WEAK_OVERLAP,product; source_url,capability; clause; is_number; lab_id; scope_id; scope_status; scope_validity; test_method; test_name; testing_charge,certification_type; is; mandatory_voluntary; related_product_manual; related_qco; related_sit; requirements; scheme_code; scheme_id; scheme_name; scheme_type; scope,0.2182,NO,NO_CONTENT_LINK_DETECTED
SC-0285,BIS_Laboratory_Scopes.xlsx,BIS_Laboratory_Scopes,BIS_Standards_Amendments.xlsx,BIS_Standards_Amendments,12,12,1,11,11,0.0435,SCHEMA_WEAK_OVERLAP,source_url,capability; clause; is_number; lab_id; product; scope_id; scope_status; scope_validity; test_method; test_name; testing_charge,amendment_date; amendment_id; amendment_number; document_url; effective_date; new_version; original_version; parent_entity; status; superseded_document; superseding_document,0.0,NO,NO_CONTENT_LINK_DETECTED
SC-0286,BIS_Laboratory_Scopes.xlsx,BIS_Laboratory_Scopes,BIS_Standards_Details_v2 (1).xlsx,BIS Standards,12,19,1,11,18,0.0333,SCHEMA_WEAK_OVERLAP,is_number,capability; clause; lab_id; product; scope_id; scope_status; scope_validity; source_url; test_method; test_name; testing_charge,current_status; degree_of_equivalence; document_url; official_url; part_section; product_category; publication_date; reaffirmation_review_date; revision; revision_date; standard_id; subcommittee …(+6),0.8163,YES,IS_JACCARD=0.82
SC-0287,BIS_Laboratory_Scopes.xlsx,BIS_Laboratory_Scopes,BIS_Standards_Details_v2.xlsx,BIS Standards,12,19,1,11,18,0.0333,SCHEMA_WEAK_OVERLAP,is_number,capability; clause; lab_id; product; scope_id; scope_status; scope_validity; source_url; test_method; test_name; testing_charge,current_status; degree_of_equivalence; document_url; official_url; part_section; product_category; publication_date; reaffirmation_review_date; revision; revision_date; standard_id; subcommittee …(+6),0.8163,YES,IS_JACCARD=0.82
SC-0288,BIS_Laboratory_Scopes.xlsx,BIS_Laboratory_Scopes,BIS_Standards_Details_v3.xlsx,BIS Standards,12,19,1,11,18,0.0333,SCHEMA_WEAK_OVERLAP,is_number,capability; clause; lab_id; product; scope_id; scope_status; scope_validity; source_url; test_method; test_name; testing_charge,current_status; degree_of_equivalence; document_url; official_url; part_section; product_category; publication_date; reaffirmation_review_date; revision; revision_date; standard_id; subcommittee …(+6),0.8163,YES,IS_JACCARD=0.82
SC-0289,BIS_Laboratory_Scopes.xlsx,BIS_Laboratory_Scopes,BIS_Standards_Intelligence_Master.xlsx,BIS_Standards_Intelligence,12,23,3,9,20,0.0938,SCHEMA_WEAK_OVERLAP,is_number; product; source_url,capability; clause; lab_id; scope_id; scope_status; scope_validity; test_method; test_name; testing_charge,application_procedure; conformity_assessment; eligibility; factory_requirements; fees; forms; infrastructure_requirements; inspection; laboratory_testing; licence_or_coc_grant; process_controls; quality_control …(+8),1.0,YES,IS_JACCARD=1.00; PRODUCT_JACCARD=0.53
SC-0290,BIS_Laboratory_Scopes.xlsx,BIS_Laboratory_Scopes,BIS_Standards_Scheme_Mapping.xlsx,BIS_Standards_Scheme_Mapping,12,23,2,10,21,0.0606,SCHEMA_WEAK_OVERLAP,is_number; source_url,capability; clause; lab_id; product; scope_id; scope_status; scope_validity; test_method; test_name; testing_charge,application_procedure; certification_scheme_to_store; conformity_assessment; eligibility; factory_requirements; fees; forms; group; infrastructure_requirements; inspection; laboratory_testing; licence_or_coc_grant …(+9),0.58,YES,IS_JACCARD=0.58
SC-0291,BIS_Laboratory_Scopes.xlsx,BIS_Laboratory_Scopes,BIS_Testing_Parameters_Master.xlsx,BIS_Testing_Parameters,12,18,6,6,12,0.25,SCHEMA_OVERLAP,clause; is_number; product; source_url; test_method; test_name,capability; lab_id; scope_id; scope_status; scope_validity; testing_charge,acceptance_criteria; laboratory_requirement; rejection_handling; remarks; required_equipment; sample_size; sampling_frequency; source_document; source_page; test_frequency; test_method_standard; test_parameter,1.0,YES,SCHEMA_JACCARD>=0.25; IS_JACCARD=1.00; PRODUCT_JACCARD=0.45
SC-0292,BIS_Laboratory_Scopes.xlsx,BIS_Laboratory_Scopes,bis_circulars (1).csv,bis_circulars (1),12,11,1,11,10,0.0455,SCHEMA_WEAK_OVERLAP,source_url,capability; clause; is_number; lab_id; product; scope_id; scope_status; scope_validity; test_method; test_name; testing_charge,circular_id; circular_number; document_url; effective_date; implementation_instructions; issuing_authority; related_is; release_date; subject; title,0.0079,NO,NO_CONTENT_LINK_DETECTED
SC-0293,BIS_Laboratory_Scopes.xlsx,BIS_Laboratory_Scopes,bis_gazette_notification.csv,bis_gazette_notification,12,4,0,12,4,0.0,SCHEMA_DISJOINT,,capability; clause; is_number; lab_id; product; scope_id; scope_status; scope_validity; source_url; test_method; test_name; testing_charge,id; related_is; title; unnamed_3,0.0329,NO,NO_CONTENT_LINK_DETECTED
SC-0294,BIS_Laboratory_Scopes.xlsx,BIS_Laboratory_Scopes,bis_laboratories.csv,bis_laboratories,12,11,2,10,9,0.0952,SCHEMA_WEAK_OVERLAP,lab_id; source_url,capability; clause; is_number; product; scope_id; scope_status; scope_validity; test_method; test_name; testing_charge,accreditation_validity; address; city; contact_details; lab_name; lab_type; pin; state; tested_is_numbers,0.0206,NO,NO_CONTENT_LINK_DETECTED
SC-0295,BIS_Laboratory_Scopes.xlsx,BIS_Laboratory_Scopes,bis_product_certification_faq (1).csv,bis_product_certification_faq (1),12,8,1,11,7,0.0526,SCHEMA_WEAK_OVERLAP,source_url,capability; clause; is_number; lab_id; product; scope_id; scope_status; scope_validity; test_method; test_name; testing_charge,answer; category; faq_id; question; related_is; related_product; related_scheme,0.0,NO,NO_CONTENT_LINK_DETECTED
SC-0296,BIS_Laboratory_Scopes.xlsx,BIS_Laboratory_Scopes,bis_product_certifications.csv,bis_product_certifications,12,9,1,11,8,0.05,SCHEMA_WEAK_OVERLAP,source_url,capability; clause; is_number; lab_id; product; scope_id; scope_status; scope_validity; test_method; test_name; testing_charge,applicability; application_procedure; document_url; fee_structure; guideline_title; inspection_testing_norm; scheme_id; scheme_name,0.0,NO,NO_CONTENT_LINK_DETECTED
SC-0297,BIS_Laboratory_Scopes.xlsx,BIS_Laboratory_Scopes,bis_topic17_hallmarking_centres.csv,bis_topic17_hallmarking_centres,12,14,1,11,13,0.04,SCHEMA_WEAK_OVERLAP,source_url,capability; clause; is_number; lab_id; product; scope_id; scope_status; scope_validity; test_method; test_name; testing_charge,address; centre_code; centre_id; centre_name; city; district; pin; recognition_status; recognition_status_raw; scope; services; state …(+1),0.0,NO,NO_CONTENT_LINK_DETECTED
SC-0298,BIS_Laboratory_Scopes.xlsx,BIS_Laboratory_Scopes,bis_topic17_hallmarking_centres_cancelled_suspended.csv,bis_topic17_hallmarking_centres_cancelled_suspended,12,17,1,11,16,0.0357,SCHEMA_WEAK_OVERLAP,source_url,capability; clause; is_number; lab_id; product; scope_id; scope_status; scope_validity; test_method; test_name; testing_charge,address; centre_code; centre_id; centre_name; centre_type; city; district; pin; recognition_status; recognition_status_raw; region; scope …(+4),0.0,NO,NO_CONTENT_LINK_DETECTED
SC-0299,BIS_Laboratory_Scopes.xlsx,BIS_Laboratory_Scopes,data__raw__fmcs_all_fmcs_list_raw.csv,data__raw__fmcs_all_fmcs_list_raw,12,9,1,11,8,0.05,SCHEMA_WEAK_OVERLAP,source_url,capability; clause; is_number; lab_id; product; scope_id; scope_status; scope_validity; test_method; test_name; testing_charge,cml_no_raw; name_address_raw; retrieved_at; s_no; standard_no_raw; status_raw; validity_date_raw; variety_brand_raw,0.0519,NO,NO_CONTENT_LINK_DETECTED
SC-0300,BIS_Laboratory_Scopes.xlsx,BIS_Laboratory_Scopes,output__extraction_log.csv,output__extraction_log,12,6,0,12,6,0.0,SCHEMA_DISJOINT,,capability; clause; is_number; lab_id; product; scope_id; scope_status; scope_validity; source_url; test_method; test_name; testing_charge,error_type; notes; outcome; retry_count; timestamp; url,0.0,NO,NO_CONTENT_LINK_DETECTED
SC-0301,BIS_Laboratory_Scopes.xlsx,BIS_Laboratory_Scopes,output__fmcs_country_coverage.csv,output__fmcs_country_coverage,12,3,0,12,3,0.0,SCHEMA_DISJOINT,,capability; clause; is_number; lab_id; product; scope_id; scope_status; scope_validity; source_url; test_method; test_name; testing_charge,country; licence_count; manufacturer_count,0.0,NO,NO_CONTENT_LINK_DETECTED
SC-0302,BIS_Laboratory_Scopes.xlsx,BIS_Laboratory_Scopes,output__fmcs_is_coverage.csv,output__fmcs_is_coverage,12,3,1,11,2,0.0714,SCHEMA_WEAK_OVERLAP,is_number,capability; clause; lab_id; product; scope_id; scope_status; scope_validity; source_url; test_method; test_name; testing_charge,licence_count; manufacturer_count,0.0519,NO,NO_CONTENT_LINK_DETECTED
SC-0303,BIS_Laboratory_Scopes.xlsx,BIS_Laboratory_Scopes,output__source_inventory.csv,output__source_inventory,12,12,0,12,12,0.0,SCHEMA_DISJOINT,,capability; clause; is_number; lab_id; product; scope_id; scope_status; scope_validity; source_url; test_method; test_name; testing_charge,bytes; canonical_document_id; content_type; dedup_status; http_status; last_modified; notes; retrieved_at; sha256; source_title; source_type; url,0.0,NO,NO_CONTENT_LINK_DETECTED
SC-0304,BIS_Laboratory_Scopes.xlsx,BIS_Laboratory_Scopes,output__topic18_fmcs_manufacturers.csv,output__topic18_fmcs_manufacturers,12,17,3,9,14,0.1154,SCHEMA_WEAK_OVERLAP,is_number; product; source_url,capability; clause; lab_id; scope_id; scope_status; scope_validity; test_method; test_name; testing_charge,air; application_requirements; competent_personnel; country; documents; eligibility; factory; fees; licence; licence_status; machinery_requirements; manufacturer …(+2),0.0519,NO,NO_CONTENT_LINK_DETECTED
SC-0305,BIS_Laboratory_Scopes.xlsx,BIS_Laboratory_Scopes,output__topic19_official_documents.csv,output__topic19_official_documents,12,17,3,9,14,0.1154,SCHEMA_WEAK_OVERLAP,is_number; product; source_url,capability; clause; lab_id; scope_id; scope_status; scope_validity; test_method; test_name; testing_charge,access_status; date; document_id; document_title; document_type; download_url; effective_date; license_access_restriction; local_file; page_count; qco; scheme …(+2),0.0,NO,NO_CONTENT_LINK_DETECTED
SC-0306,BIS_Laboratory_Scopes.xlsx,BIS_Laboratory_Scopes,output__topic20_provenance.csv,output__topic20_provenance,12,19,2,10,17,0.069,SCHEMA_WEAK_OVERLAP,clause; source_url,capability; is_number; lab_id; product; scope_id; scope_status; scope_validity; test_method; test_name; testing_charge,confidence; document_hash; document_id; document_title; effective_date; entity_type; evidence_text; field_name; field_value; page; record_id; retrieval_timestamp …(+5),0.0,NO,NO_CONTENT_LINK_DETECTED
SC-0307,BIS_Laboratory_Scopes.xlsx,BIS_Laboratory_Scopes,output__unresolved_records.csv,output__unresolved_records,12,6,0,12,6,0.0,SCHEMA_DISJOINT,,capability; clause; is_number; lab_id; product; scope_id; scope_status; scope_validity; source_url; test_method; test_name; testing_charge,attempted_source_url; entity_type; field_name; reason; record_id; resolution_needed,0.0,NO,NO_CONTENT_LINK_DETECTED
SC-0308,BIS_Mandatory_Hallmarking_Orders.xlsx,Mandatory_Hallmarking_Orders,BIS_Notifications_Master.xlsx,BIS_Notifications_Master,14,14,3,11,11,0.12,SCHEMA_WEAK_OVERLAP,document_url; effective_date; source_url,amendment; district_phase; exemption; fineness; geographical_applicability; mandatory_status; metal; order_id; order_number; order_title; supersession,date; department; ministry; notification_id; notification_number; related_amendment; related_is; related_qco; subject; title; type,0.0,NO,NO_CONTENT_LINK_DETECTED
SC-0309,BIS_Mandatory_Hallmarking_Orders.xlsx,Mandatory_Hallmarking_Orders,BIS_Product_Manuals_Master.xlsx,BIS_Product_Manuals,14,20,2,12,18,0.0625,SCHEMA_WEAK_OVERLAP,document_url; source_url,amendment; district_phase; effective_date; exemption; fineness; geographical_applicability; mandatory_status; metal; order_id; order_number; order_title; supersession,grouping_guidelines; inspection_requirements; is_number; licensing_requirements; manual_id; manual_title; marking_requirements; process_requirements; product; raw_material_requirements; revision_date; sampling_guidelines …(+6),0.0,NO,NO_CONTENT_LINK_DETECTED
SC-0310,BIS_Mandatory_Hallmarking_Orders.xlsx,Mandatory_Hallmarking_Orders,BIS_Products_Details.xlsx,Products_Details,14,11,1,13,10,0.0417,SCHEMA_WEAK_OVERLAP,source_url,amendment; district_phase; document_url; effective_date; exemption; fineness; geographical_applicability; mandatory_status; metal; order_id; order_number; order_title …(+1),alternate_names; category; description; keywords; product_id; product_name; related_is_numbers; related_qcos; related_schemes; subcategory,0.0,NO,NO_CONTENT_LINK_DETECTED
SC-0311,BIS_Mandatory_Hallmarking_Orders.xlsx,Mandatory_Hallmarking_Orders,BIS_Products_Full_Information.xlsx,Products_Details,14,11,1,13,10,0.0417,SCHEMA_WEAK_OVERLAP,source_url,amendment; district_phase; document_url; effective_date; exemption; fineness; geographical_applicability; mandatory_status; metal; order_id; order_number; order_title …(+1),alternate_names; category; description; keywords; product_id; product_name; related_is_numbers; related_qcos; related_schemes; subcategory,0.0,NO,NO_CONTENT_LINK_DETECTED
SC-0312,BIS_Mandatory_Hallmarking_Orders.xlsx,Mandatory_Hallmarking_Orders,BIS_Products_Full_Information_v2.xlsx,Products_Details,14,11,1,13,10,0.0417,SCHEMA_WEAK_OVERLAP,source_url,amendment; district_phase; document_url; effective_date; exemption; fineness; geographical_applicability; mandatory_status; metal; order_id; order_number; order_title …(+1),alternate_names; category; description; keywords; product_id; product_name; related_is_numbers; related_qcos; related_schemes; subcategory,0.0,NO,NO_CONTENT_LINK_DETECTED
SC-0313,BIS_Mandatory_Hallmarking_Orders.xlsx,Mandatory_Hallmarking_Orders,BIS_QCO-schema_2.xlsx,BIS_QCO-schema_2,14,22,4,10,18,0.125,SCHEMA_WEAK_OVERLAP,effective_date; mandatory_status; source_url; supersession,amendment; district_phase; document_url; exemption; fineness; geographical_applicability; metal; order_id; order_number; order_title,amendments; corrigendas; current_status; deferments; department; exclusions; extensions; is_numbers; ministry; notification_date; notification_number; official_document_url …(+6),0.0,NO,NO_CONTENT_LINK_DETECTED
SC-0314,BIS_Mandatory_Hallmarking_Orders.xlsx,Mandatory_Hallmarking_Orders,BIS_QCO_Master_Records (1).xlsx,QCO_Master_Records,14,22,4,10,18,0.125,SCHEMA_WEAK_OVERLAP,effective_date; mandatory_status; source_url; supersession,amendment; district_phase; document_url; exemption; fineness; geographical_applicability; metal; order_id; order_number; order_title,amendments; corrigendas; current_status; deferments; department; exclusions; extensions; is_numbers; ministry; notification_date; notification_number; official_document_url …(+6),0.0,NO,NO_CONTENT_LINK_DETECTED
SC-0315,BIS_Mandatory_Hallmarking_Orders.xlsx,Mandatory_Hallmarking_Orders,BIS_QCO_Master_Records.xlsx,QCO_Master_Details,14,22,4,10,18,0.125,SCHEMA_WEAK_OVERLAP,effective_date; mandatory_status; source_url; supersession,amendment; district_phase; document_url; exemption; fineness; geographical_applicability; metal; order_id; order_number; order_title,amendments; corrigendas; current_status; deferments; department; exclusions; extensions; is_numbers; ministry; notification_date; notification_number; official_document_url …(+6),0.0,NO,NO_CONTENT_LINK_DETECTED
SC-0316,BIS_Mandatory_Hallmarking_Orders.xlsx,Mandatory_Hallmarking_Orders,BIS_QCO_Master_Records_v3.xlsx,QCO_Master_Records,14,22,4,10,18,0.125,SCHEMA_WEAK_OVERLAP,effective_date; mandatory_status; source_url; supersession,amendment; district_phase; document_url; exemption; fineness; geographical_applicability; metal; order_id; order_number; order_title,amendments; corrigendas; current_status; deferments; department; exclusions; extensions; is_numbers; ministry; notification_date; notification_number; official_document_url …(+6),0.0,NO,NO_CONTENT_LINK_DETECTED
SC-0317,BIS_Mandatory_Hallmarking_Orders.xlsx,Mandatory_Hallmarking_Orders,BIS_QCO_Master_Scheme_1.xlsx,BIS_QCO_Master_Scheme_1,14,11,0,14,11,0.0,SCHEMA_DISJOINT,,amendment; district_phase; document_url; effective_date; exemption; fineness; geographical_applicability; mandatory_status; metal; order_id; order_number; order_title …(+2),amendments_extensions; effective_implementation_date; exemptions; is_number; mandatory_voluntary_status; ministry; notification_number; product; qco_order; scope; source_gazette_url,0.0,NO,NO_CONTENT_LINK_DETECTED
SC-0318,BIS_Mandatory_Hallmarking_Orders.xlsx,Mandatory_Hallmarking_Orders,BIS_QCO_Summary.xlsx,QCO_Summary,14,7,0,14,7,0.0,SCHEMA_DISJOINT,,amendment; district_phase; document_url; effective_date; exemption; fineness; geographical_applicability; mandatory_status; metal; order_id; order_number; order_title …(+2),key_scope_exclusions_amendments; ministry_department; notification_no_date; product_standard_is; qco_name_identifier; scheme_status; source_document_link,0.0,NO,NO_CONTENT_LINK_DETECTED
SC-0319,BIS_Mandatory_Hallmarking_Orders.xlsx,Mandatory_Hallmarking_Orders,BIS_Recognized_Laboratories.xlsx,BIS_Recognized_Labs,14,14,1,13,13,0.037,SCHEMA_WEAK_OVERLAP,source_url,amendment; district_phase; document_url; effective_date; exemption; fineness; geographical_applicability; mandatory_status; metal; order_id; order_number; order_title …(+1),address; city; contact_number; contact_person; district; email; lab_code; lab_id; lab_name; recognition_status; scope_url; state …(+1),0.0,NO,NO_CONTENT_LINK_DETECTED
SC-0320,BIS_Mandatory_Hallmarking_Orders.xlsx,Mandatory_Hallmarking_Orders,BIS_Scheme_IV_FMCS.xlsx,BIS_FMCS_Scheme_IV,14,13,1,13,12,0.0385,SCHEMA_WEAK_OVERLAP,source_url,amendment; district_phase; document_url; effective_date; exemption; fineness; geographical_applicability; mandatory_status; metal; order_id; order_number; order_title …(+1),certification_type; is_number; mandatory_voluntary; product; related_product_manual; related_qco; related_sit; requirements; scheme_id_code; scheme_name; scheme_type; scope,0.0,NO,NO_CONTENT_LINK_DETECTED
SC-0321,BIS_Mandatory_Hallmarking_Orders.xlsx,Mandatory_Hallmarking_Orders,BIS_Scheme_X_Industrial.xlsx,BIS_Scheme_X,14,14,1,13,13,0.037,SCHEMA_WEAK_OVERLAP,source_url,amendment; district_phase; document_url; effective_date; exemption; fineness; geographical_applicability; mandatory_status; metal; order_id; order_number; order_title …(+1),certification_type; is_number; mandatory_voluntary; product; related_product_manual; related_qco; related_sit; requirements; scheme_code; scheme_id; scheme_name; scheme_type …(+1),0.0,NO,NO_CONTENT_LINK_DETECTED
SC-0322,BIS_Mandatory_Hallmarking_Orders.xlsx,Mandatory_Hallmarking_Orders,BIS_Scheme_X_Industrial_v2.xlsx,BIS_Scheme_X,14,14,1,13,13,0.037,SCHEMA_WEAK_OVERLAP,source_url,amendment; district_phase; document_url; effective_date; exemption; fineness; geographical_applicability; mandatory_status; metal; order_id; order_number; order_title …(+1),certification_type; is_number; mandatory_voluntary; product; related_product_manual; related_qco; related_sit; requirements; scheme_code; scheme_id; scheme_name; scheme_type …(+1),0.0,NO,NO_CONTENT_LINK_DETECTED
SC-0323,BIS_Mandatory_Hallmarking_Orders.xlsx,Mandatory_Hallmarking_Orders,BIS_Schemes_Master.xlsx,BIS_Schemes_Master,14,14,1,13,13,0.037,SCHEMA_WEAK_OVERLAP,source_url,amendment; district_phase; document_url; effective_date; exemption; fineness; geographical_applicability; mandatory_status; metal; order_id; order_number; order_title …(+1),certification_type; is; mandatory_voluntary; product; related_product_manual; related_qco; related_sit; requirements; scheme_code; scheme_id; scheme_name; scheme_type …(+1),0.0,NO,NO_CONTENT_LINK_DETECTED
SC-0324,BIS_Mandatory_Hallmarking_Orders.xlsx,Mandatory_Hallmarking_Orders,BIS_Schemes_Master_Scheme_2.xlsx,BIS_Schemes_Master_Scheme_2,14,14,1,13,13,0.037,SCHEMA_WEAK_OVERLAP,source_url,amendment; district_phase; document_url; effective_date; exemption; fineness; geographical_applicability; mandatory_status; metal; order_id; order_number; order_title …(+1),certification_type; is; mandatory_voluntary; product; related_product_manual; related_qco; related_sit; requirements; scheme_code; scheme_id; scheme_name; scheme_type …(+1),0.0,NO,NO_CONTENT_LINK_DETECTED
SC-0325,BIS_Mandatory_Hallmarking_Orders.xlsx,Mandatory_Hallmarking_Orders,BIS_Standards_Amendments.xlsx,BIS_Standards_Amendments,14,12,3,11,9,0.1304,SCHEMA_WEAK_OVERLAP,document_url; effective_date; source_url,amendment; district_phase; exemption; fineness; geographical_applicability; mandatory_status; metal; order_id; order_number; order_title; supersession,amendment_date; amendment_id; amendment_number; new_version; original_version; parent_entity; status; superseded_document; superseding_document,0.0,NO,NO_CONTENT_LINK_DETECTED
SC-0326,BIS_Mandatory_Hallmarking_Orders.xlsx,Mandatory_Hallmarking_Orders,BIS_Standards_Details_v2 (1).xlsx,BIS Standards,14,19,1,13,18,0.0312,SCHEMA_WEAK_OVERLAP,document_url,amendment; district_phase; effective_date; exemption; fineness; geographical_applicability; mandatory_status; metal; order_id; order_number; order_title; source_url …(+1),current_status; degree_of_equivalence; is_number; official_url; part_section; product_category; publication_date; reaffirmation_review_date; revision; revision_date; standard_id; subcommittee …(+6),0.0,NO,NO_CONTENT_LINK_DETECTED
SC-0327,BIS_Mandatory_Hallmarking_Orders.xlsx,Mandatory_Hallmarking_Orders,BIS_Standards_Details_v2.xlsx,BIS Standards,14,19,1,13,18,0.0312,SCHEMA_WEAK_OVERLAP,document_url,amendment; district_phase; effective_date; exemption; fineness; geographical_applicability; mandatory_status; metal; order_id; order_number; order_title; source_url …(+1),current_status; degree_of_equivalence; is_number; official_url; part_section; product_category; publication_date; reaffirmation_review_date; revision; revision_date; standard_id; subcommittee …(+6),0.0,NO,NO_CONTENT_LINK_DETECTED
SC-0328,BIS_Mandatory_Hallmarking_Orders.xlsx,Mandatory_Hallmarking_Orders,BIS_Standards_Details_v3.xlsx,BIS Standards,14,19,1,13,18,0.0312,SCHEMA_WEAK_OVERLAP,document_url,amendment; district_phase; effective_date; exemption; fineness; geographical_applicability; mandatory_status; metal; order_id; order_number; order_title; source_url …(+1),current_status; degree_of_equivalence; is_number; official_url; part_section; product_category; publication_date; reaffirmation_review_date; revision; revision_date; standard_id; subcommittee …(+6),0.0,NO,NO_CONTENT_LINK_DETECTED
SC-0329,BIS_Mandatory_Hallmarking_Orders.xlsx,Mandatory_Hallmarking_Orders,BIS_Standards_Intelligence_Master.xlsx,BIS_Standards_Intelligence,14,23,1,13,22,0.0278,SCHEMA_WEAK_OVERLAP,source_url,amendment; district_phase; document_url; effective_date; exemption; fineness; geographical_applicability; mandatory_status; metal; order_id; order_number; order_title …(+1),application_procedure; conformity_assessment; eligibility; factory_requirements; fees; forms; infrastructure_requirements; inspection; is_number; laboratory_testing; licence_or_coc_grant; process_controls …(+10),0.0,NO,NO_CONTENT_LINK_DETECTED
SC-0330,BIS_Mandatory_Hallmarking_Orders.xlsx,Mandatory_Hallmarking_Orders,BIS_Standards_Scheme_Mapping.xlsx,BIS_Standards_Scheme_Mapping,14,23,1,13,22,0.0278,SCHEMA_WEAK_OVERLAP,source_url,amendment; district_phase; document_url; effective_date; exemption; fineness; geographical_applicability; mandatory_status; metal; order_id; order_number; order_title …(+1),application_procedure; certification_scheme_to_store; conformity_assessment; eligibility; factory_requirements; fees; forms; group; infrastructure_requirements; inspection; is_number; laboratory_testing …(+10),0.0,NO,NO_CONTENT_LINK_DETECTED
SC-0331,BIS_Mandatory_Hallmarking_Orders.xlsx,Mandatory_Hallmarking_Orders,BIS_Testing_Parameters_Master.xlsx,BIS_Testing_Parameters,14,18,1,13,17,0.0323,SCHEMA_WEAK_OVERLAP,source_url,amendment; district_phase; document_url; effective_date; exemption; fineness; geographical_applicability; mandatory_status; metal; order_id; order_number; order_title …(+1),acceptance_criteria; clause; is_number; laboratory_requirement; product; rejection_handling; remarks; required_equipment; sample_size; sampling_frequency; source_document; source_page …(+5),0.0,NO,NO_CONTENT_LINK_DETECTED
SC-0332,BIS_Mandatory_Hallmarking_Orders.xlsx,Mandatory_Hallmarking_Orders,bis_circulars (1).csv,bis_circulars (1),14,11,3,11,8,0.1364,SCHEMA_WEAK_OVERLAP,document_url; effective_date; source_url,amendment; district_phase; exemption; fineness; geographical_applicability; mandatory_status; metal; order_id; order_number; order_title; supersession,circular_id; circular_number; implementation_instructions; issuing_authority; related_is; release_date; subject; title,0.0,NO,NO_CONTENT_LINK_DETECTED
SC-0333,BIS_Mandatory_Hallmarking_Orders.xlsx,Mandatory_Hallmarking_Orders,bis_gazette_notification.csv,bis_gazette_notification,14,4,0,14,4,0.0,SCHEMA_DISJOINT,,amendment; district_phase; document_url; effective_date; exemption; fineness; geographical_applicability; mandatory_status; metal; order_id; order_number; order_title …(+2),id; related_is; title; unnamed_3,0.0,NO,NO_CONTENT_LINK_DETECTED
SC-0334,BIS_Mandatory_Hallmarking_Orders.xlsx,Mandatory_Hallmarking_Orders,bis_laboratories.csv,bis_laboratories,14,11,1,13,10,0.0417,SCHEMA_WEAK_OVERLAP,source_url,amendment; district_phase; document_url; effective_date; exemption; fineness; geographical_applicability; mandatory_status; metal; order_id; order_number; order_title …(+1),accreditation_validity; address; city; contact_details; lab_id; lab_name; lab_type; pin; state; tested_is_numbers,0.0,NO,NO_CONTENT_LINK_DETECTED
SC-0335,BIS_Mandatory_Hallmarking_Orders.xlsx,Mandatory_Hallmarking_Orders,bis_product_certification_faq (1).csv,bis_product_certification_faq (1),14,8,1,13,7,0.0476,SCHEMA_WEAK_OVERLAP,source_url,amendment; district_phase; document_url; effective_date; exemption; fineness; geographical_applicability; mandatory_status; metal; order_id; order_number; order_title …(+1),answer; category; faq_id; question; related_is; related_product; related_scheme,0.0,NO,NO_CONTENT_LINK_DETECTED
SC-0336,BIS_Mandatory_Hallmarking_Orders.xlsx,Mandatory_Hallmarking_Orders,bis_product_certifications.csv,bis_product_certifications,14,9,2,12,7,0.0952,SCHEMA_WEAK_OVERLAP,document_url; source_url,amendment; district_phase; effective_date; exemption; fineness; geographical_applicability; mandatory_status; metal; order_id; order_number; order_title; supersession,applicability; application_procedure; fee_structure; guideline_title; inspection_testing_norm; scheme_id; scheme_name,0.0,NO,NO_CONTENT_LINK_DETECTED
SC-0337,BIS_Mandatory_Hallmarking_Orders.xlsx,Mandatory_Hallmarking_Orders,bis_topic17_hallmarking_centres.csv,bis_topic17_hallmarking_centres,14,14,1,13,13,0.037,SCHEMA_WEAK_OVERLAP,source_url,amendment; district_phase; document_url; effective_date; exemption; fineness; geographical_applicability; mandatory_status; metal; order_id; order_number; order_title …(+1),address; centre_code; centre_id; centre_name; city; district; pin; recognition_status; recognition_status_raw; scope; services; state …(+1),0.0,NO,NO_CONTENT_LINK_DETECTED
SC-0338,BIS_Mandatory_Hallmarking_Orders.xlsx,Mandatory_Hallmarking_Orders,bis_topic17_hallmarking_centres_cancelled_suspended.csv,bis_topic17_hallmarking_centres_cancelled_suspended,14,17,1,13,16,0.0333,SCHEMA_WEAK_OVERLAP,source_url,amendment; district_phase; document_url; effective_date; exemption; fineness; geographical_applicability; mandatory_status; metal; order_id; order_number; order_title …(+1),address; centre_code; centre_id; centre_name; centre_type; city; district; pin; recognition_status; recognition_status_raw; region; scope …(+4),0.0,NO,NO_CONTENT_LINK_DETECTED
SC-0339,BIS_Mandatory_Hallmarking_Orders.xlsx,Mandatory_Hallmarking_Orders,data__raw__fmcs_all_fmcs_list_raw.csv,data__raw__fmcs_all_fmcs_list_raw,14,9,1,13,8,0.0455,SCHEMA_WEAK_OVERLAP,source_url,amendment; district_phase; document_url; effective_date; exemption; fineness; geographical_applicability; mandatory_status; metal; order_id; order_number; order_title …(+1),cml_no_raw; name_address_raw; retrieved_at; s_no; standard_no_raw; status_raw; validity_date_raw; variety_brand_raw,0.0,NO,NO_CONTENT_LINK_DETECTED
SC-0340,BIS_Mandatory_Hallmarking_Orders.xlsx,Mandatory_Hallmarking_Orders,output__extraction_log.csv,output__extraction_log,14,6,0,14,6,0.0,SCHEMA_DISJOINT,,amendment; district_phase; document_url; effective_date; exemption; fineness; geographical_applicability; mandatory_status; metal; order_id; order_number; order_title …(+2),error_type; notes; outcome; retry_count; timestamp; url,0.0,NO,NO_CONTENT_LINK_DETECTED
SC-0341,BIS_Mandatory_Hallmarking_Orders.xlsx,Mandatory_Hallmarking_Orders,output__fmcs_country_coverage.csv,output__fmcs_country_coverage,14,3,0,14,3,0.0,SCHEMA_DISJOINT,,amendment; district_phase; document_url; effective_date; exemption; fineness; geographical_applicability; mandatory_status; metal; order_id; order_number; order_title …(+2),country; licence_count; manufacturer_count,0.0,NO,NO_CONTENT_LINK_DETECTED
SC-0342,BIS_Mandatory_Hallmarking_Orders.xlsx,Mandatory_Hallmarking_Orders,output__fmcs_is_coverage.csv,output__fmcs_is_coverage,14,3,0,14,3,0.0,SCHEMA_DISJOINT,,amendment; district_phase; document_url; effective_date; exemption; fineness; geographical_applicability; mandatory_status; metal; order_id; order_number; order_title …(+2),is_number; licence_count; manufacturer_count,0.0,NO,NO_CONTENT_LINK_DETECTED
SC-0343,BIS_Mandatory_Hallmarking_Orders.xlsx,Mandatory_Hallmarking_Orders,output__source_inventory.csv,output__source_inventory,14,12,0,14,12,0.0,SCHEMA_DISJOINT,,amendment; district_phase; document_url; effective_date; exemption; fineness; geographical_applicability; mandatory_status; metal; order_id; order_number; order_title …(+2),bytes; canonical_document_id; content_type; dedup_status; http_status; last_modified; notes; retrieved_at; sha256; source_title; source_type; url,0.0,NO,NO_CONTENT_LINK_DETECTED
SC-0344,BIS_Mandatory_Hallmarking_Orders.xlsx,Mandatory_Hallmarking_Orders,output__topic18_fmcs_manufacturers.csv,output__topic18_fmcs_manufacturers,14,17,1,13,16,0.0333,SCHEMA_WEAK_OVERLAP,source_url,amendment; district_phase; document_url; effective_date; exemption; fineness; geographical_applicability; mandatory_status; metal; order_id; order_number; order_title …(+1),air; application_requirements; competent_personnel; country; documents; eligibility; factory; fees; is_number; licence; licence_status; machinery_requirements …(+4),0.0,NO,NO_CONTENT_LINK_DETECTED
SC-0345,BIS_Mandatory_Hallmarking_Orders.xlsx,Mandatory_Hallmarking_Orders,output__topic19_official_documents.csv,output__topic19_official_documents,14,17,2,12,15,0.069,SCHEMA_WEAK_OVERLAP,effective_date; source_url,amendment; district_phase; document_url; exemption; fineness; geographical_applicability; mandatory_status; metal; order_id; order_number; order_title; supersession,access_status; date; document_id; document_title; document_type; download_url; is_number; license_access_restriction; local_file; page_count; product; qco …(+3),0.0,NO,NO_CONTENT_LINK_DETECTED
SC-0346,BIS_Mandatory_Hallmarking_Orders.xlsx,Mandatory_Hallmarking_Orders,output__topic20_provenance.csv,output__topic20_provenance,14,19,2,12,17,0.0645,SCHEMA_WEAK_OVERLAP,effective_date; source_url,amendment; district_phase; document_url; exemption; fineness; geographical_applicability; mandatory_status; metal; order_id; order_number; order_title; supersession,clause; confidence; document_hash; document_id; document_title; entity_type; evidence_text; field_name; field_value; page; record_id; retrieval_timestamp …(+5),0.0,NO,NO_CONTENT_LINK_DETECTED
SC-0347,BIS_Mandatory_Hallmarking_Orders.xlsx,Mandatory_Hallmarking_Orders,output__unresolved_records.csv,output__unresolved_records,14,6,0,14,6,0.0,SCHEMA_DISJOINT,,amendment; district_phase; document_url; effective_date; exemption; fineness; geographical_applicability; mandatory_status; metal; order_id; order_number; order_title …(+2),attempted_source_url; entity_type; field_name; reason; record_id; resolution_needed,0.0,NO,NO_CONTENT_LINK_DETECTED
SC-0348,BIS_Notifications_Master.xlsx,BIS_Notifications_Master,BIS_Product_Manuals_Master.xlsx,BIS_Product_Manuals,14,20,2,12,18,0.0625,SCHEMA_WEAK_OVERLAP,document_url; source_url,date; department; effective_date; ministry; notification_id; notification_number; related_amendment; related_is; related_qco; subject; title; type,grouping_guidelines; inspection_requirements; is_number; licensing_requirements; manual_id; manual_title; marking_requirements; process_requirements; product; raw_material_requirements; revision_date; sampling_guidelines …(+6),0.4348,YES,IS_JACCARD=0.43
SC-0349,BIS_Notifications_Master.xlsx,BIS_Notifications_Master,BIS_Products_Details.xlsx,Products_Details,14,11,1,13,10,0.0417,SCHEMA_WEAK_OVERLAP,source_url,date; department; document_url; effective_date; ministry; notification_id; notification_number; related_amendment; related_is; related_qco; subject; title …(+1),alternate_names; category; description; keywords; product_id; product_name; related_is_numbers; related_qcos; related_schemes; subcategory,0.4348,YES,IS_JACCARD=0.43
SC-0350,BIS_Notifications_Master.xlsx,BIS_Notifications_Master,BIS_Products_Full_Information.xlsx,Products_Details,14,11,1,13,10,0.0417,SCHEMA_WEAK_OVERLAP,source_url,date; department; document_url; effective_date; ministry; notification_id; notification_number; related_amendment; related_is; related_qco; subject; title …(+1),alternate_names; category; description; keywords; product_id; product_name; related_is_numbers; related_qcos; related_schemes; subcategory,0.2031,NO,NO_CONTENT_LINK_DETECTED
SC-0351,BIS_Notifications_Master.xlsx,BIS_Notifications_Master,BIS_Products_Full_Information_v2.xlsx,Products_Details,14,11,1,13,10,0.0417,SCHEMA_WEAK_OVERLAP,source_url,date; department; document_url; effective_date; ministry; notification_id; notification_number; related_amendment; related_is; related_qco; subject; title …(+1),alternate_names; category; description; keywords; product_id; product_name; related_is_numbers; related_qcos; related_schemes; subcategory,0.2031,NO,NO_CONTENT_LINK_DETECTED
SC-0352,BIS_Notifications_Master.xlsx,BIS_Notifications_Master,BIS_QCO-schema_2.xlsx,BIS_QCO-schema_2,14,22,5,9,17,0.1613,SCHEMA_WEAK_OVERLAP,department; effective_date; ministry; notification_number; source_url,date; document_url; notification_id; related_amendment; related_is; related_qco; subject; title; type,amendments; corrigendas; current_status; deferments; exclusions; extensions; is_numbers; mandatory_status; notification_date; official_document_url; product; qco_id …(+5),0.4483,YES,IS_JACCARD=0.43; DOC_JACCARD=0.45
SC-0353,BIS_Notifications_Master.xlsx,BIS_Notifications_Master,BIS_QCO_Master_Records (1).xlsx,QCO_Master_Records,14,22,5,9,17,0.1613,SCHEMA_WEAK_OVERLAP,department; effective_date; ministry; notification_number; source_url,date; document_url; notification_id; related_amendment; related_is; related_qco; subject; title; type,amendments; corrigendas; current_status; deferments; exclusions; extensions; is_numbers; mandatory_status; notification_date; official_document_url; product; qco_id …(+5),0.6562,YES,IS_JACCARD=0.66
SC-0354,BIS_Notifications_Master.xlsx,BIS_Notifications_Master,BIS_QCO_Master_Records.xlsx,QCO_Master_Details,14,22,5,9,17,0.1613,SCHEMA_WEAK_OVERLAP,department; effective_date; ministry; notification_number; source_url,date; document_url; notification_id; related_amendment; related_is; related_qco; subject; title; type,amendments; corrigendas; current_status; deferments; exclusions; extensions; is_numbers; mandatory_status; notification_date; official_document_url; product; qco_id …(+5),0.1481,NO,NO_CONTENT_LINK_DETECTED
SC-0355,BIS_Notifications_Master.xlsx,BIS_Notifications_Master,BIS_QCO_Master_Records_v3.xlsx,QCO_Master_Records,14,22,5,9,17,0.1613,SCHEMA_WEAK_OVERLAP,department; effective_date; ministry; notification_number; source_url,date; document_url; notification_id; related_amendment; related_is; related_qco; subject; title; type,amendments; corrigendas; current_status; deferments; exclusions; extensions; is_numbers; mandatory_status; notification_date; official_document_url; product; qco_id …(+5),0.3571,YES,IS_JACCARD=0.36
SC-0356,BIS_Notifications_Master.xlsx,BIS_Notifications_Master,BIS_QCO_Master_Scheme_1.xlsx,BIS_QCO_Master_Scheme_1,14,11,2,12,9,0.087,SCHEMA_WEAK_OVERLAP,ministry; notification_number,date; department; document_url; effective_date; notification_id; related_amendment; related_is; related_qco; source_url; subject; title; type,amendments_extensions; effective_implementation_date; exemptions; is_number; mandatory_voluntary_status; product; qco_order; scope; source_gazette_url,0.4348,YES,IS_JACCARD=0.43
SC-0357,BIS_Notifications_Master.xlsx,BIS_Notifications_Master,BIS_QCO_Summary.xlsx,QCO_Summary,14,7,0,14,7,0.0,SCHEMA_DISJOINT,,date; department; document_url; effective_date; ministry; notification_id; notification_number; related_amendment; related_is; related_qco; source_url; subject …(+2),key_scope_exclusions_amendments; ministry_department; notification_no_date; product_standard_is; qco_name_identifier; scheme_status; source_document_link,0.4762,YES,IS_JACCARD=0.48
SC-0358,BIS_Notifications_Master.xlsx,BIS_Notifications_Master,BIS_Recognized_Laboratories.xlsx,BIS_Recognized_Labs,14,14,1,13,13,0.037,SCHEMA_WEAK_OVERLAP,source_url,date; department; document_url; effective_date; ministry; notification_id; notification_number; related_amendment; related_is; related_qco; subject; title …(+1),address; city; contact_number; contact_person; district; email; lab_code; lab_id; lab_name; recognition_status; scope_url; state …(+1),0.0,NO,NO_CONTENT_LINK_DETECTED
SC-0359,BIS_Notifications_Master.xlsx,BIS_Notifications_Master,BIS_Scheme_IV_FMCS.xlsx,BIS_FMCS_Scheme_IV,14,13,2,12,11,0.08,SCHEMA_WEAK_OVERLAP,related_qco; source_url,date; department; document_url; effective_date; ministry; notification_id; notification_number; related_amendment; related_is; subject; title; type,certification_type; is_number; mandatory_voluntary; product; related_product_manual; related_sit; requirements; scheme_id_code; scheme_name; scheme_type; scope,0.4348,YES,IS_JACCARD=0.43
SC-0360,BIS_Notifications_Master.xlsx,BIS_Notifications_Master,BIS_Scheme_X_Industrial.xlsx,BIS_Scheme_X,14,14,2,12,12,0.0769,SCHEMA_WEAK_OVERLAP,related_qco; source_url,date; department; document_url; effective_date; ministry; notification_id; notification_number; related_amendment; related_is; subject; title; type,certification_type; is_number; mandatory_voluntary; product; related_product_manual; related_sit; requirements; scheme_code; scheme_id; scheme_name; scheme_type; scope,0.0,NO,NO_CONTENT_LINK_DETECTED
SC-0361,BIS_Notifications_Master.xlsx,BIS_Notifications_Master,BIS_Scheme_X_Industrial_v2.xlsx,BIS_Scheme_X,14,14,2,12,12,0.0769,SCHEMA_WEAK_OVERLAP,related_qco; source_url,date; department; document_url; effective_date; ministry; notification_id; notification_number; related_amendment; related_is; subject; title; type,certification_type; is_number; mandatory_voluntary; product; related_product_manual; related_sit; requirements; scheme_code; scheme_id; scheme_name; scheme_type; scope,0.0,NO,NO_CONTENT_LINK_DETECTED
SC-0362,BIS_Notifications_Master.xlsx,BIS_Notifications_Master,BIS_Schemes_Master.xlsx,BIS_Schemes_Master,14,14,2,12,12,0.0769,SCHEMA_WEAK_OVERLAP,related_qco; source_url,date; department; document_url; effective_date; ministry; notification_id; notification_number; related_amendment; related_is; subject; title; type,certification_type; is; mandatory_voluntary; product; related_product_manual; related_sit; requirements; scheme_code; scheme_id; scheme_name; scheme_type; scope,0.0625,NO,NO_CONTENT_LINK_DETECTED
SC-0363,BIS_Notifications_Master.xlsx,BIS_Notifications_Master,BIS_Schemes_Master_Scheme_2.xlsx,BIS_Schemes_Master_Scheme_2,14,14,2,12,12,0.0769,SCHEMA_WEAK_OVERLAP,related_qco; source_url,date; department; document_url; effective_date; ministry; notification_id; notification_number; related_amendment; related_is; subject; title; type,certification_type; is; mandatory_voluntary; product; related_product_manual; related_sit; requirements; scheme_code; scheme_id; scheme_name; scheme_type; scope,0.0625,NO,NO_CONTENT_LINK_DETECTED
SC-0364,BIS_Notifications_Master.xlsx,BIS_Notifications_Master,BIS_Standards_Amendments.xlsx,BIS_Standards_Amendments,14,12,3,11,9,0.1304,SCHEMA_WEAK_OVERLAP,document_url; effective_date; source_url,date; department; ministry; notification_id; notification_number; related_amendment; related_is; related_qco; subject; title; type,amendment_date; amendment_id; amendment_number; new_version; original_version; parent_entity; status; superseded_document; superseding_document,0.0,NO,NO_CONTENT_LINK_DETECTED
SC-0365,BIS_Notifications_Master.xlsx,BIS_Notifications_Master,BIS_Standards_Details_v2 (1).xlsx,BIS Standards,14,19,2,12,17,0.0645,SCHEMA_WEAK_OVERLAP,document_url; title,date; department; effective_date; ministry; notification_id; notification_number; related_amendment; related_is; related_qco; source_url; subject; type,current_status; degree_of_equivalence; is_number; official_url; part_section; product_category; publication_date; reaffirmation_review_date; revision; revision_date; standard_id; subcommittee …(+5),0.4792,YES,IS_JACCARD=0.48
SC-0366,BIS_Notifications_Master.xlsx,BIS_Notifications_Master,BIS_Standards_Details_v2.xlsx,BIS Standards,14,19,2,12,17,0.0645,SCHEMA_WEAK_OVERLAP,document_url; title,date; department; effective_date; ministry; notification_id; notification_number; related_amendment; related_is; related_qco; source_url; subject; type,current_status; degree_of_equivalence; is_number; official_url; part_section; product_category; publication_date; reaffirmation_review_date; revision; revision_date; standard_id; subcommittee …(+5),0.4792,YES,IS_JACCARD=0.48
SC-0367,BIS_Notifications_Master.xlsx,BIS_Notifications_Master,BIS_Standards_Details_v3.xlsx,BIS Standards,14,19,2,12,17,0.0645,SCHEMA_WEAK_OVERLAP,document_url; title,date; department; effective_date; ministry; notification_id; notification_number; related_amendment; related_is; related_qco; source_url; subject; type,current_status; degree_of_equivalence; is_number; official_url; part_section; product_category; publication_date; reaffirmation_review_date; revision; revision_date; standard_id; subcommittee …(+5),0.4792,YES,IS_JACCARD=0.48
SC-0368,BIS_Notifications_Master.xlsx,BIS_Notifications_Master,BIS_Standards_Intelligence_Master.xlsx,BIS_Standards_Intelligence,14,23,1,13,22,0.0278,SCHEMA_WEAK_OVERLAP,source_url,date; department; document_url; effective_date; ministry; notification_id; notification_number; related_amendment; related_is; related_qco; subject; title …(+1),application_procedure; conformity_assessment; eligibility; factory_requirements; fees; forms; infrastructure_requirements; inspection; is_number; laboratory_testing; licence_or_coc_grant; process_controls …(+10),0.4,YES,IS_JACCARD=0.40
SC-0369,BIS_Notifications_Master.xlsx,BIS_Notifications_Master,BIS_Standards_Scheme_Mapping.xlsx,BIS_Standards_Scheme_Mapping,14,23,1,13,22,0.0278,SCHEMA_WEAK_OVERLAP,source_url,date; department; document_url; effective_date; ministry; notification_id; notification_number; related_amendment; related_is; related_qco; subject; title …(+1),application_procedure; certification_scheme_to_store; conformity_assessment; eligibility; factory_requirements; fees; forms; group; infrastructure_requirements; inspection; is_number; laboratory_testing …(+10),0.7429,YES,IS_JACCARD=0.74
SC-0370,BIS_Notifications_Master.xlsx,BIS_Notifications_Master,BIS_Testing_Parameters_Master.xlsx,BIS_Testing_Parameters,14,18,1,13,17,0.0323,SCHEMA_WEAK_OVERLAP,source_url,date; department; document_url; effective_date; ministry; notification_id; notification_number; related_amendment; related_is; related_qco; subject; title …(+1),acceptance_criteria; clause; is_number; laboratory_requirement; product; rejection_handling; remarks; required_equipment; sample_size; sampling_frequency; source_document; source_page …(+5),0.4,YES,IS_JACCARD=0.40
SC-0371,BIS_Notifications_Master.xlsx,BIS_Notifications_Master,bis_circulars (1).csv,bis_circulars (1),14,11,6,8,5,0.3158,SCHEMA_OVERLAP,document_url; effective_date; related_is; source_url; subject; title,date; department; ministry; notification_id; notification_number; related_amendment; related_qco; type,circular_id; circular_number; implementation_instructions; issuing_authority; release_date,0.0111,YES,SCHEMA_JACCARD>=0.25; SAME_DOMAIN=16_ACT_RULES_REGULATIONS
SC-0372,BIS_Notifications_Master.xlsx,BIS_Notifications_Master,bis_gazette_notification.csv,bis_gazette_notification,14,4,2,12,2,0.125,SCHEMA_WEAK_OVERLAP,related_is; title,date; department; document_url; effective_date; ministry; notification_id; notification_number; related_amendment; related_qco; source_url; subject; type,id; unnamed_3,0.0339,YES,SAME_DOMAIN=16_ACT_RULES_REGULATIONS
SC-0373,BIS_Notifications_Master.xlsx,BIS_Notifications_Master,bis_laboratories.csv,bis_laboratories,14,11,1,13,10,0.0417,SCHEMA_WEAK_OVERLAP,source_url,date; department; document_url; effective_date; ministry; notification_id; notification_number; related_amendment; related_is; related_qco; subject; title …(+1),accreditation_validity; address; city; contact_details; lab_id; lab_name; lab_type; pin; state; tested_is_numbers,0.0219,NO,NO_CONTENT_LINK_DETECTED
SC-0374,BIS_Notifications_Master.xlsx,BIS_Notifications_Master,bis_product_certification_faq (1).csv,bis_product_certification_faq (1),14,8,2,12,6,0.1,SCHEMA_WEAK_OVERLAP,related_is; source_url,date; department; document_url; effective_date; ministry; notification_id; notification_number; related_amendment; related_qco; subject; title; type,answer; category; faq_id; question; related_product; related_scheme,0.0,NO,NO_CONTENT_LINK_DETECTED
SC-0375,BIS_Notifications_Master.xlsx,BIS_Notifications_Master,bis_product_certifications.csv,bis_product_certifications,14,9,2,12,7,0.0952,SCHEMA_WEAK_OVERLAP,document_url; source_url,date; department; effective_date; ministry; notification_id; notification_number; related_amendment; related_is; related_qco; subject; title; type,applicability; application_procedure; fee_structure; guideline_title; inspection_testing_norm; scheme_id; scheme_name,0.0,NO,NO_CONTENT_LINK_DETECTED
SC-0376,BIS_Notifications_Master.xlsx,BIS_Notifications_Master,bis_topic17_hallmarking_centres.csv,bis_topic17_hallmarking_centres,14,14,1,13,13,0.037,SCHEMA_WEAK_OVERLAP,source_url,date; department; document_url; effective_date; ministry; notification_id; notification_number; related_amendment; related_is; related_qco; subject; title …(+1),address; centre_code; centre_id; centre_name; city; district; pin; recognition_status; recognition_status_raw; scope; services; state …(+1),0.0,NO,NO_CONTENT_LINK_DETECTED
SC-0377,BIS_Notifications_Master.xlsx,BIS_Notifications_Master,bis_topic17_hallmarking_centres_cancelled_suspended.csv,bis_topic17_hallmarking_centres_cancelled_suspended,14,17,1,13,16,0.0333,SCHEMA_WEAK_OVERLAP,source_url,date; department; document_url; effective_date; ministry; notification_id; notification_number; related_amendment; related_is; related_qco; subject; title …(+1),address; centre_code; centre_id; centre_name; centre_type; city; district; pin; recognition_status; recognition_status_raw; region; scope …(+4),0.0,NO,NO_CONTENT_LINK_DETECTED
SC-0378,BIS_Notifications_Master.xlsx,BIS_Notifications_Master,data__raw__fmcs_all_fmcs_list_raw.csv,data__raw__fmcs_all_fmcs_list_raw,14,9,1,13,8,0.0455,SCHEMA_WEAK_OVERLAP,source_url,date; department; document_url; effective_date; ministry; notification_id; notification_number; related_amendment; related_is; related_qco; subject; title …(+1),cml_no_raw; name_address_raw; retrieved_at; s_no; standard_no_raw; status_raw; validity_date_raw; variety_brand_raw,0.0456,NO,NO_CONTENT_LINK_DETECTED
SC-0379,BIS_Notifications_Master.xlsx,BIS_Notifications_Master,output__extraction_log.csv,output__extraction_log,14,6,0,14,6,0.0,SCHEMA_DISJOINT,,date; department; document_url; effective_date; ministry; notification_id; notification_number; related_amendment; related_is; related_qco; source_url; subject …(+2),error_type; notes; outcome; retry_count; timestamp; url,0.0,NO,NO_CONTENT_LINK_DETECTED
SC-0380,BIS_Notifications_Master.xlsx,BIS_Notifications_Master,output__fmcs_country_coverage.csv,output__fmcs_country_coverage,14,3,0,14,3,0.0,SCHEMA_DISJOINT,,date; department; document_url; effective_date; ministry; notification_id; notification_number; related_amendment; related_is; related_qco; source_url; subject …(+2),country; licence_count; manufacturer_count,0.0,NO,NO_CONTENT_LINK_DETECTED
SC-0381,BIS_Notifications_Master.xlsx,BIS_Notifications_Master,output__fmcs_is_coverage.csv,output__fmcs_is_coverage,14,3,0,14,3,0.0,SCHEMA_DISJOINT,,date; department; document_url; effective_date; ministry; notification_id; notification_number; related_amendment; related_is; related_qco; source_url; subject …(+2),is_number; licence_count; manufacturer_count,0.0456,NO,NO_CONTENT_LINK_DETECTED
SC-0382,BIS_Notifications_Master.xlsx,BIS_Notifications_Master,output__source_inventory.csv,output__source_inventory,14,12,0,14,12,0.0,SCHEMA_DISJOINT,,date; department; document_url; effective_date; ministry; notification_id; notification_number; related_amendment; related_is; related_qco; source_url; subject …(+2),bytes; canonical_document_id; content_type; dedup_status; http_status; last_modified; notes; retrieved_at; sha256; source_title; source_type; url,0.0,NO,NO_CONTENT_LINK_DETECTED
SC-0383,BIS_Notifications_Master.xlsx,BIS_Notifications_Master,output__topic18_fmcs_manufacturers.csv,output__topic18_fmcs_manufacturers,14,17,1,13,16,0.0333,SCHEMA_WEAK_OVERLAP,source_url,date; department; document_url; effective_date; ministry; notification_id; notification_number; related_amendment; related_is; related_qco; subject; title …(+1),air; application_requirements; competent_personnel; country; documents; eligibility; factory; fees; is_number; licence; licence_status; machinery_requirements …(+4),0.0456,NO,NO_CONTENT_LINK_DETECTED
SC-0384,BIS_Notifications_Master.xlsx,BIS_Notifications_Master,output__topic19_official_documents.csv,output__topic19_official_documents,14,17,3,11,14,0.1071,SCHEMA_WEAK_OVERLAP,date; effective_date; source_url,department; document_url; ministry; notification_id; notification_number; related_amendment; related_is; related_qco; subject; title; type,access_status; document_id; document_title; document_type; download_url; is_number; license_access_restriction; local_file; page_count; product; qco; scheme …(+2),0.0,NO,NO_CONTENT_LINK_DETECTED
SC-0385,BIS_Notifications_Master.xlsx,BIS_Notifications_Master,output__topic20_provenance.csv,output__topic20_provenance,14,19,2,12,17,0.0645,SCHEMA_WEAK_OVERLAP,effective_date; source_url,date; department; document_url; ministry; notification_id; notification_number; related_amendment; related_is; related_qco; subject; title; type,clause; confidence; document_hash; document_id; document_title; entity_type; evidence_text; field_name; field_value; page; record_id; retrieval_timestamp …(+5),0.0,NO,NO_CONTENT_LINK_DETECTED
SC-0386,BIS_Notifications_Master.xlsx,BIS_Notifications_Master,output__unresolved_records.csv,output__unresolved_records,14,6,0,14,6,0.0,SCHEMA_DISJOINT,,date; department; document_url; effective_date; ministry; notification_id; notification_number; related_amendment; related_is; related_qco; source_url; subject …(+2),attempted_source_url; entity_type; field_name; reason; record_id; resolution_needed,0.0,NO,NO_CONTENT_LINK_DETECTED
SC-0387,BIS_Product_Manuals_Master.xlsx,BIS_Product_Manuals,BIS_Products_Details.xlsx,Products_Details,20,11,1,19,10,0.0333,SCHEMA_WEAK_OVERLAP,source_url,document_url; grouping_guidelines; inspection_requirements; is_number; licensing_requirements; manual_id; manual_title; marking_requirements; process_requirements; product; raw_material_requirements; revision_date …(+7),alternate_names; category; description; keywords; product_id; product_name; related_is_numbers; related_qcos; related_schemes; subcategory,1.0,YES,IS_JACCARD=1.00
SC-0388,BIS_Product_Manuals_Master.xlsx,BIS_Product_Manuals,BIS_Products_Full_Information.xlsx,Products_Details,20,11,1,19,10,0.0333,SCHEMA_WEAK_OVERLAP,source_url,document_url; grouping_guidelines; inspection_requirements; is_number; licensing_requirements; manual_id; manual_title; marking_requirements; process_requirements; product; raw_material_requirements; revision_date …(+7),alternate_names; category; description; keywords; product_id; product_name; related_is_numbers; related_qcos; related_schemes; subcategory,0.4219,YES,IS_JACCARD=0.42
SC-0389,BIS_Product_Manuals_Master.xlsx,BIS_Product_Manuals,BIS_Products_Full_Information_v2.xlsx,Products_Details,20,11,1,19,10,0.0333,SCHEMA_WEAK_OVERLAP,source_url,document_url; grouping_guidelines; inspection_requirements; is_number; licensing_requirements; manual_id; manual_title; marking_requirements; process_requirements; product; raw_material_requirements; revision_date …(+7),alternate_names; category; description; keywords; product_id; product_name; related_is_numbers; related_qcos; related_schemes; subcategory,0.4219,YES,IS_JACCARD=0.42
SC-0390,BIS_Product_Manuals_Master.xlsx,BIS_Product_Manuals,BIS_QCO-schema_2.xlsx,BIS_QCO-schema_2,20,22,3,17,19,0.0769,SCHEMA_WEAK_OVERLAP,product; scope; source_url,document_url; grouping_guidelines; inspection_requirements; is_number; licensing_requirements; manual_id; manual_title; marking_requirements; process_requirements; raw_material_requirements; revision_date; sampling_guidelines …(+5),amendments; corrigendas; current_status; deferments; department; effective_date; exclusions; extensions; is_numbers; mandatory_status; ministry; notification_date …(+7),1.0,YES,IS_JACCARD=1.00; PRODUCT_JACCARD=0.57; SCHEME_JACCARD=1.00
SC-0391,BIS_Product_Manuals_Master.xlsx,BIS_Product_Manuals,BIS_QCO_Master_Records (1).xlsx,QCO_Master_Records,20,22,3,17,19,0.0769,SCHEMA_WEAK_OVERLAP,product; scope; source_url,document_url; grouping_guidelines; inspection_requirements; is_number; licensing_requirements; manual_id; manual_title; marking_requirements; process_requirements; raw_material_requirements; revision_date; sampling_guidelines …(+5),amendments; corrigendas; current_status; deferments; department; effective_date; exclusions; extensions; is_numbers; mandatory_status; ministry; notification_date …(+7),0.6341,YES,IS_JACCARD=0.63; SCHEME_JACCARD=0.50
SC-0392,BIS_Product_Manuals_Master.xlsx,BIS_Product_Manuals,BIS_QCO_Master_Records.xlsx,QCO_Master_Details,20,22,3,17,19,0.0769,SCHEMA_WEAK_OVERLAP,product; scope; source_url,document_url; grouping_guidelines; inspection_requirements; is_number; licensing_requirements; manual_id; manual_title; marking_requirements; process_requirements; raw_material_requirements; revision_date; sampling_guidelines …(+5),amendments; corrigendas; current_status; deferments; department; effective_date; exclusions; extensions; is_numbers; mandatory_status; ministry; notification_date …(+7),0.098,NO,NO_CONTENT_LINK_DETECTED
SC-0393,BIS_Product_Manuals_Master.xlsx,BIS_Product_Manuals,BIS_QCO_Master_Records_v3.xlsx,QCO_Master_Records,20,22,3,17,19,0.0769,SCHEMA_WEAK_OVERLAP,product; scope; source_url,document_url; grouping_guidelines; inspection_requirements; is_number; licensing_requirements; manual_id; manual_title; marking_requirements; process_requirements; raw_material_requirements; revision_date; sampling_guidelines …(+5),amendments; corrigendas; current_status; deferments; department; effective_date; exclusions; extensions; is_numbers; mandatory_status; ministry; notification_date …(+7),0.3,YES,IS_JACCARD=0.30
SC-0394,BIS_Product_Manuals_Master.xlsx,BIS_Product_Manuals,BIS_QCO_Master_Scheme_1.xlsx,BIS_QCO_Master_Scheme_1,20,11,3,17,8,0.1071,SCHEMA_WEAK_OVERLAP,is_number; product; scope,document_url; grouping_guidelines; inspection_requirements; licensing_requirements; manual_id; manual_title; marking_requirements; process_requirements; raw_material_requirements; revision_date; sampling_guidelines; scheme …(+5),amendments_extensions; effective_implementation_date; exemptions; mandatory_voluntary_status; ministry; notification_number; qco_order; source_gazette_url,1.0,YES,IS_JACCARD=1.00; PRODUCT_JACCARD=0.59
SC-0395,BIS_Product_Manuals_Master.xlsx,BIS_Product_Manuals,BIS_QCO_Summary.xlsx,QCO_Summary,20,7,0,20,7,0.0,SCHEMA_DISJOINT,,document_url; grouping_guidelines; inspection_requirements; is_number; licensing_requirements; manual_id; manual_title; marking_requirements; process_requirements; product; raw_material_requirements; revision_date …(+8),key_scope_exclusions_amendments; ministry_department; notification_no_date; product_standard_is; qco_name_identifier; scheme_status; source_document_link,0.9,YES,IS_JACCARD=0.90
SC-0396,BIS_Product_Manuals_Master.xlsx,BIS_Product_Manuals,BIS_Recognized_Laboratories.xlsx,BIS_Recognized_Labs,20,14,1,19,13,0.0303,SCHEMA_WEAK_OVERLAP,source_url,document_url; grouping_guidelines; inspection_requirements; is_number; licensing_requirements; manual_id; manual_title; marking_requirements; process_requirements; product; raw_material_requirements; revision_date …(+7),address; city; contact_number; contact_person; district; email; lab_code; lab_id; lab_name; recognition_status; scope_url; state …(+1),0.0,NO,NO_CONTENT_LINK_DETECTED
SC-0397,BIS_Product_Manuals_Master.xlsx,BIS_Product_Manuals,BIS_Scheme_IV_FMCS.xlsx,BIS_FMCS_Scheme_IV,20,13,4,16,9,0.1379,SCHEMA_WEAK_OVERLAP,is_number; product; scope; source_url,document_url; grouping_guidelines; inspection_requirements; licensing_requirements; manual_id; manual_title; marking_requirements; process_requirements; raw_material_requirements; revision_date; sampling_guidelines; scheme …(+4),certification_type; mandatory_voluntary; related_product_manual; related_qco; related_sit; requirements; scheme_id_code; scheme_name; scheme_type,1.0,YES,IS_JACCARD=1.00; PRODUCT_JACCARD=0.56
SC-0398,BIS_Product_Manuals_Master.xlsx,BIS_Product_Manuals,BIS_Scheme_X_Industrial.xlsx,BIS_Scheme_X,20,14,4,16,10,0.1333,SCHEMA_WEAK_OVERLAP,is_number; product; scope; source_url,document_url; grouping_guidelines; inspection_requirements; licensing_requirements; manual_id; manual_title; marking_requirements; process_requirements; raw_material_requirements; revision_date; sampling_guidelines; scheme …(+4),certification_type; mandatory_voluntary; related_product_manual; related_qco; related_sit; requirements; scheme_code; scheme_id; scheme_name; scheme_type,0.0,NO,NO_CONTENT_LINK_DETECTED
SC-0399,BIS_Product_Manuals_Master.xlsx,BIS_Product_Manuals,BIS_Scheme_X_Industrial_v2.xlsx,BIS_Scheme_X,20,14,4,16,10,0.1333,SCHEMA_WEAK_OVERLAP,is_number; product; scope; source_url,document_url; grouping_guidelines; inspection_requirements; licensing_requirements; manual_id; manual_title; marking_requirements; process_requirements; raw_material_requirements; revision_date; sampling_guidelines; scheme …(+4),certification_type; mandatory_voluntary; related_product_manual; related_qco; related_sit; requirements; scheme_code; scheme_id; scheme_name; scheme_type,0.0,NO,NO_CONTENT_LINK_DETECTED
SC-0400,BIS_Product_Manuals_Master.xlsx,BIS_Product_Manuals,BIS_Schemes_Master.xlsx,BIS_Schemes_Master,20,14,3,17,11,0.0968,SCHEMA_WEAK_OVERLAP,product; scope; source_url,document_url; grouping_guidelines; inspection_requirements; is_number; licensing_requirements; manual_id; manual_title; marking_requirements; process_requirements; raw_material_requirements; revision_date; sampling_guidelines …(+5),certification_type; is; mandatory_voluntary; related_product_manual; related_qco; related_sit; requirements; scheme_code; scheme_id; scheme_name; scheme_type,0.3778,YES,PRODUCT_JACCARD=0.38
SC-0401,BIS_Product_Manuals_Master.xlsx,BIS_Product_Manuals,BIS_Schemes_Master_Scheme_2.xlsx,BIS_Schemes_Master_Scheme_2,20,14,3,17,11,0.0968,SCHEMA_WEAK_OVERLAP,product; scope; source_url,document_url; grouping_guidelines; inspection_requirements; is_number; licensing_requirements; manual_id; manual_title; marking_requirements; process_requirements; raw_material_requirements; revision_date; sampling_guidelines …(+5),certification_type; is; mandatory_voluntary; related_product_manual; related_qco; related_sit; requirements; scheme_code; scheme_id; scheme_name; scheme_type,0.3778,YES,PRODUCT_JACCARD=0.38
SC-0402,BIS_Product_Manuals_Master.xlsx,BIS_Product_Manuals,BIS_Standards_Amendments.xlsx,BIS_Standards_Amendments,20,12,2,18,10,0.0667,SCHEMA_WEAK_OVERLAP,document_url; source_url,grouping_guidelines; inspection_requirements; is_number; licensing_requirements; manual_id; manual_title; marking_requirements; process_requirements; product; raw_material_requirements; revision_date; sampling_guidelines …(+6),amendment_date; amendment_id; amendment_number; effective_date; new_version; original_version; parent_entity; status; superseded_document; superseding_document,0.0,NO,NO_CONTENT_LINK_DETECTED
SC-0403,BIS_Product_Manuals_Master.xlsx,BIS_Product_Manuals,BIS_Standards_Details_v2 (1).xlsx,BIS Standards,20,19,4,16,15,0.1143,SCHEMA_WEAK_OVERLAP,document_url; is_number; revision_date; version,grouping_guidelines; inspection_requirements; licensing_requirements; manual_id; manual_title; marking_requirements; process_requirements; product; raw_material_requirements; sampling_guidelines; scheme; scope …(+4),current_status; degree_of_equivalence; official_url; part_section; product_category; publication_date; reaffirmation_review_date; revision; standard_id; subcommittee; superseded_standard; superseding_standard …(+3),0.8889,YES,IS_JACCARD=0.89
SC-0404,BIS_Product_Manuals_Master.xlsx,BIS_Product_Manuals,BIS_Standards_Details_v2.xlsx,BIS Standards,20,19,4,16,15,0.1143,SCHEMA_WEAK_OVERLAP,document_url; is_number; revision_date; version,grouping_guidelines; inspection_requirements; licensing_requirements; manual_id; manual_title; marking_requirements; process_requirements; product; raw_material_requirements; sampling_guidelines; scheme; scope …(+4),current_status; degree_of_equivalence; official_url; part_section; product_category; publication_date; reaffirmation_review_date; revision; standard_id; subcommittee; superseded_standard; superseding_standard …(+3),0.8889,YES,IS_JACCARD=0.89
SC-0405,BIS_Product_Manuals_Master.xlsx,BIS_Product_Manuals,BIS_Standards_Details_v3.xlsx,BIS Standards,20,19,4,16,15,0.1143,SCHEMA_WEAK_OVERLAP,document_url; is_number; revision_date; version,grouping_guidelines; inspection_requirements; licensing_requirements; manual_id; manual_title; marking_requirements; process_requirements; product; raw_material_requirements; sampling_guidelines; scheme; scope …(+4),current_status; degree_of_equivalence; official_url; part_section; product_category; publication_date; reaffirmation_review_date; revision; standard_id; subcommittee; superseded_standard; superseding_standard …(+3),0.8889,YES,IS_JACCARD=0.89
SC-0406,BIS_Product_Manuals_Master.xlsx,BIS_Product_Manuals,BIS_Standards_Intelligence_Master.xlsx,BIS_Standards_Intelligence,20,23,4,16,19,0.1026,SCHEMA_WEAK_OVERLAP,is_number; product; scheme; source_url,document_url; grouping_guidelines; inspection_requirements; licensing_requirements; manual_id; manual_title; marking_requirements; process_requirements; raw_material_requirements; revision_date; sampling_guidelines; scope …(+4),application_procedure; conformity_assessment; eligibility; factory_requirements; fees; forms; infrastructure_requirements; inspection; laboratory_testing; licence_or_coc_grant; process_controls; quality_control …(+7),0.9091,YES,IS_JACCARD=0.91; PRODUCT_JACCARD=0.71
SC-0407,BIS_Product_Manuals_Master.xlsx,BIS_Product_Manuals,BIS_Standards_Scheme_Mapping.xlsx,BIS_Standards_Scheme_Mapping,20,23,2,18,21,0.0488,SCHEMA_WEAK_OVERLAP,is_number; source_url,document_url; grouping_guidelines; inspection_requirements; licensing_requirements; manual_id; manual_title; marking_requirements; process_requirements; product; raw_material_requirements; revision_date; sampling_guidelines …(+6),application_procedure; certification_scheme_to_store; conformity_assessment; eligibility; factory_requirements; fees; forms; group; infrastructure_requirements; inspection; laboratory_testing; licence_or_coc_grant …(+9),0.5,YES,IS_JACCARD=0.50
SC-0408,BIS_Product_Manuals_Master.xlsx,BIS_Product_Manuals,BIS_Testing_Parameters_Master.xlsx,BIS_Testing_Parameters,20,18,3,17,15,0.0857,SCHEMA_WEAK_OVERLAP,is_number; product; source_url,document_url; grouping_guidelines; inspection_requirements; licensing_requirements; manual_id; manual_title; marking_requirements; process_requirements; raw_material_requirements; revision_date; sampling_guidelines; scheme …(+5),acceptance_criteria; clause; laboratory_requirement; rejection_handling; remarks; required_equipment; sample_size; sampling_frequency; source_document; source_page; test_frequency; test_method …(+3),0.9091,YES,IS_JACCARD=0.91; PRODUCT_JACCARD=0.70
SC-0409,BIS_Product_Manuals_Master.xlsx,BIS_Product_Manuals,bis_circulars (1).csv,bis_circulars (1),20,11,2,18,9,0.069,SCHEMA_WEAK_OVERLAP,document_url; source_url,grouping_guidelines; inspection_requirements; is_number; licensing_requirements; manual_id; manual_title; marking_requirements; process_requirements; product; raw_material_requirements; revision_date; sampling_guidelines …(+6),circular_id; circular_number; effective_date; implementation_instructions; issuing_authority; related_is; release_date; subject; title,0.008,NO,NO_CONTENT_LINK_DETECTED
SC-0410,BIS_Product_Manuals_Master.xlsx,BIS_Product_Manuals,bis_gazette_notification.csv,bis_gazette_notification,20,4,0,20,4,0.0,SCHEMA_DISJOINT,,document_url; grouping_guidelines; inspection_requirements; is_number; licensing_requirements; manual_id; manual_title; marking_requirements; process_requirements; product; raw_material_requirements; revision_date …(+8),id; related_is; title; unnamed_3,0.0331,NO,NO_CONTENT_LINK_DETECTED
SC-0411,BIS_Product_Manuals_Master.xlsx,BIS_Product_Manuals,bis_laboratories.csv,bis_laboratories,20,11,1,19,10,0.0333,SCHEMA_WEAK_OVERLAP,source_url,document_url; grouping_guidelines; inspection_requirements; is_number; licensing_requirements; manual_id; manual_title; marking_requirements; process_requirements; product; raw_material_requirements; revision_date …(+7),accreditation_validity; address; city; contact_details; lab_id; lab_name; lab_type; pin; state; tested_is_numbers,0.0207,NO,NO_CONTENT_LINK_DETECTED
SC-0412,BIS_Product_Manuals_Master.xlsx,BIS_Product_Manuals,bis_product_certification_faq (1).csv,bis_product_certification_faq (1),20,8,1,19,7,0.037,SCHEMA_WEAK_OVERLAP,source_url,document_url; grouping_guidelines; inspection_requirements; is_number; licensing_requirements; manual_id; manual_title; marking_requirements; process_requirements; product; raw_material_requirements; revision_date …(+7),answer; category; faq_id; question; related_is; related_product; related_scheme,0.5,YES,SCHEME_JACCARD=0.50
SC-0413,BIS_Product_Manuals_Master.xlsx,BIS_Product_Manuals,bis_product_certifications.csv,bis_product_certifications,20,9,2,18,7,0.0741,SCHEMA_WEAK_OVERLAP,document_url; source_url,grouping_guidelines; inspection_requirements; is_number; licensing_requirements; manual_id; manual_title; marking_requirements; process_requirements; product; raw_material_requirements; revision_date; sampling_guidelines …(+6),applicability; application_procedure; fee_structure; guideline_title; inspection_testing_norm; scheme_id; scheme_name,0.3333,YES,SCHEME_JACCARD=0.33
SC-0414,BIS_Product_Manuals_Master.xlsx,BIS_Product_Manuals,bis_topic17_hallmarking_centres.csv,bis_topic17_hallmarking_centres,20,14,2,18,12,0.0625,SCHEMA_WEAK_OVERLAP,scope; source_url,document_url; grouping_guidelines; inspection_requirements; is_number; licensing_requirements; manual_id; manual_title; marking_requirements; process_requirements; product; raw_material_requirements; revision_date …(+6),address; centre_code; centre_id; centre_name; city; district; pin; recognition_status; recognition_status_raw; services; state; validity,0.0,NO,NO_CONTENT_LINK_DETECTED
SC-0415,BIS_Product_Manuals_Master.xlsx,BIS_Product_Manuals,bis_topic17_hallmarking_centres_cancelled_suspended.csv,bis_topic17_hallmarking_centres_cancelled_suspended,20,17,2,18,15,0.0571,SCHEMA_WEAK_OVERLAP,scope; source_url,document_url; grouping_guidelines; inspection_requirements; is_number; licensing_requirements; manual_id; manual_title; marking_requirements; process_requirements; product; raw_material_requirements; revision_date …(+6),address; centre_code; centre_id; centre_name; centre_type; city; district; pin; recognition_status; recognition_status_raw; region; services …(+3),0.0,NO,NO_CONTENT_LINK_DETECTED
SC-0416,BIS_Product_Manuals_Master.xlsx,BIS_Product_Manuals,data__raw__fmcs_all_fmcs_list_raw.csv,data__raw__fmcs_all_fmcs_list_raw,20,9,1,19,8,0.0357,SCHEMA_WEAK_OVERLAP,source_url,document_url; grouping_guidelines; inspection_requirements; is_number; licensing_requirements; manual_id; manual_title; marking_requirements; process_requirements; product; raw_material_requirements; revision_date …(+7),cml_no_raw; name_address_raw; retrieved_at; s_no; standard_no_raw; status_raw; validity_date_raw; variety_brand_raw,0.0525,NO,NO_CONTENT_LINK_DETECTED
SC-0417,BIS_Product_Manuals_Master.xlsx,BIS_Product_Manuals,output__extraction_log.csv,output__extraction_log,20,6,0,20,6,0.0,SCHEMA_DISJOINT,,document_url; grouping_guidelines; inspection_requirements; is_number; licensing_requirements; manual_id; manual_title; marking_requirements; process_requirements; product; raw_material_requirements; revision_date …(+8),error_type; notes; outcome; retry_count; timestamp; url,0.0,NO,NO_CONTENT_LINK_DETECTED
SC-0418,BIS_Product_Manuals_Master.xlsx,BIS_Product_Manuals,output__fmcs_country_coverage.csv,output__fmcs_country_coverage,20,3,0,20,3,0.0,SCHEMA_DISJOINT,,document_url; grouping_guidelines; inspection_requirements; is_number; licensing_requirements; manual_id; manual_title; marking_requirements; process_requirements; product; raw_material_requirements; revision_date …(+8),country; licence_count; manufacturer_count,0.0,NO,NO_CONTENT_LINK_DETECTED
SC-0419,BIS_Product_Manuals_Master.xlsx,BIS_Product_Manuals,output__fmcs_is_coverage.csv,output__fmcs_is_coverage,20,3,1,19,2,0.0455,SCHEMA_WEAK_OVERLAP,is_number,document_url; grouping_guidelines; inspection_requirements; licensing_requirements; manual_id; manual_title; marking_requirements; process_requirements; product; raw_material_requirements; revision_date; sampling_guidelines …(+7),licence_count; manufacturer_count,0.0525,NO,NO_CONTENT_LINK_DETECTED
SC-0420,BIS_Product_Manuals_Master.xlsx,BIS_Product_Manuals,output__source_inventory.csv,output__source_inventory,20,12,0,20,12,0.0,SCHEMA_DISJOINT,,document_url; grouping_guidelines; inspection_requirements; is_number; licensing_requirements; manual_id; manual_title; marking_requirements; process_requirements; product; raw_material_requirements; revision_date …(+8),bytes; canonical_document_id; content_type; dedup_status; http_status; last_modified; notes; retrieved_at; sha256; source_title; source_type; url,0.0,NO,NO_CONTENT_LINK_DETECTED
SC-0421,BIS_Product_Manuals_Master.xlsx,BIS_Product_Manuals,output__topic18_fmcs_manufacturers.csv,output__topic18_fmcs_manufacturers,20,17,3,17,14,0.0882,SCHEMA_WEAK_OVERLAP,is_number; product; source_url,document_url; grouping_guidelines; inspection_requirements; licensing_requirements; manual_id; manual_title; marking_requirements; process_requirements; raw_material_requirements; revision_date; sampling_guidelines; scheme …(+5),air; application_requirements; competent_personnel; country; documents; eligibility; factory; fees; licence; licence_status; machinery_requirements; manufacturer …(+2),0.0525,NO,NO_CONTENT_LINK_DETECTED
SC-0422,BIS_Product_Manuals_Master.xlsx,BIS_Product_Manuals,output__topic19_official_documents.csv,output__topic19_official_documents,20,17,5,15,12,0.1562,SCHEMA_WEAK_OVERLAP,is_number; product; scheme; source_url; version,document_url; grouping_guidelines; inspection_requirements; licensing_requirements; manual_id; manual_title; marking_requirements; process_requirements; raw_material_requirements; revision_date; sampling_guidelines; scope …(+3),access_status; date; document_id; document_title; document_type; download_url; effective_date; license_access_restriction; local_file; page_count; qco; sha256,0.0,NO,NO_CONTENT_LINK_DETECTED
SC-0423,BIS_Product_Manuals_Master.xlsx,BIS_Product_Manuals,output__topic20_provenance.csv,output__topic20_provenance,20,19,2,18,17,0.0541,SCHEMA_WEAK_OVERLAP,source_url; version,document_url; grouping_guidelines; inspection_requirements; is_number; licensing_requirements; manual_id; manual_title; marking_requirements; process_requirements; product; raw_material_requirements; revision_date …(+6),clause; confidence; document_hash; document_id; document_title; effective_date; entity_type; evidence_text; field_name; field_value; page; record_id …(+5),0.0,NO,NO_CONTENT_LINK_DETECTED
SC-0424,BIS_Product_Manuals_Master.xlsx,BIS_Product_Manuals,output__unresolved_records.csv,output__unresolved_records,20,6,0,20,6,0.0,SCHEMA_DISJOINT,,document_url; grouping_guidelines; inspection_requirements; is_number; licensing_requirements; manual_id; manual_title; marking_requirements; process_requirements; product; raw_material_requirements; revision_date …(+8),attempted_source_url; entity_type; field_name; reason; record_id; resolution_needed,0.0,NO,NO_CONTENT_LINK_DETECTED
SC-0425,BIS_Products_Details.xlsx,Products_Details,BIS_Products_Full_Information.xlsx,Products_Details,11,11,11,0,0,1.0,SCHEMA_IDENTICAL,alternate_names; category; description; keywords; product_id; product_name; related_is_numbers; related_qcos; related_schemes; source_url; subcategory,,,0.4219,YES,SCHEMA_JACCARD>=0.25; IS_JACCARD=0.42; SAME_DOMAIN=02_PRODUCTS
SC-0426,BIS_Products_Details.xlsx,Products_Details,BIS_Products_Full_Information_v2.xlsx,Products_Details,11,11,11,0,0,1.0,SCHEMA_IDENTICAL,alternate_names; category; description; keywords; product_id; product_name; related_is_numbers; related_qcos; related_schemes; source_url; subcategory,,,0.4219,YES,SCHEMA_JACCARD>=0.25; IS_JACCARD=0.42; SAME_DOMAIN=02_PRODUCTS
SC-0427,BIS_Products_Details.xlsx,Products_Details,BIS_QCO-schema_2.xlsx,BIS_QCO-schema_2,11,22,1,10,21,0.0312,SCHEMA_WEAK_OVERLAP,source_url,alternate_names; category; description; keywords; product_id; product_name; related_is_numbers; related_qcos; related_schemes; subcategory,amendments; corrigendas; current_status; deferments; department; effective_date; exclusions; extensions; is_numbers; mandatory_status; ministry; notification_date …(+9),1.0,YES,IS_JACCARD=1.00
SC-0428,BIS_Products_Details.xlsx,Products_Details,BIS_QCO_Master_Records (1).xlsx,QCO_Master_Records,11,22,1,10,21,0.0312,SCHEMA_WEAK_OVERLAP,source_url,alternate_names; category; description; keywords; product_id; product_name; related_is_numbers; related_qcos; related_schemes; subcategory,amendments; corrigendas; current_status; deferments; department; effective_date; exclusions; extensions; is_numbers; mandatory_status; ministry; notification_date …(+9),0.6341,YES,IS_JACCARD=0.63; SCHEME_JACCARD=0.50
SC-0429,BIS_Products_Details.xlsx,Products_Details,BIS_QCO_Master_Records.xlsx,QCO_Master_Details,11,22,1,10,21,0.0312,SCHEMA_WEAK_OVERLAP,source_url,alternate_names; category; description; keywords; product_id; product_name; related_is_numbers; related_qcos; related_schemes; subcategory,amendments; corrigendas; current_status; deferments; department; effective_date; exclusions; extensions; is_numbers; mandatory_status; ministry; notification_date …(+9),1.0,YES,SCHEME_JACCARD=1.00
SC-0430,BIS_Products_Details.xlsx,Products_Details,BIS_QCO_Master_Records_v3.xlsx,QCO_Master_Records,11,22,1,10,21,0.0312,SCHEMA_WEAK_OVERLAP,source_url,alternate_names; category; description; keywords; product_id; product_name; related_is_numbers; related_qcos; related_schemes; subcategory,amendments; corrigendas; current_status; deferments; department; effective_date; exclusions; extensions; is_numbers; mandatory_status; ministry; notification_date …(+9),1.0,YES,IS_JACCARD=0.30; SCHEME_JACCARD=1.00
SC-0431,BIS_Products_Details.xlsx,Products_Details,BIS_QCO_Master_Scheme_1.xlsx,BIS_QCO_Master_Scheme_1,11,11,0,11,11,0.0,SCHEMA_DISJOINT,,alternate_names; category; description; keywords; product_id; product_name; related_is_numbers; related_qcos; related_schemes; source_url; subcategory,amendments_extensions; effective_implementation_date; exemptions; is_number; mandatory_voluntary_status; ministry; notification_number; product; qco_order; scope; source_gazette_url,1.0,YES,IS_JACCARD=1.00
SC-0432,BIS_Products_Details.xlsx,Products_Details,BIS_QCO_Summary.xlsx,QCO_Summary,11,7,0,11,7,0.0,SCHEMA_DISJOINT,,alternate_names; category; description; keywords; product_id; product_name; related_is_numbers; related_qcos; related_schemes; source_url; subcategory,key_scope_exclusions_amendments; ministry_department; notification_no_date; product_standard_is; qco_name_identifier; scheme_status; source_document_link,0.9,YES,IS_JACCARD=0.90
SC-0433,BIS_Products_Details.xlsx,Products_Details,BIS_Recognized_Laboratories.xlsx,BIS_Recognized_Labs,11,14,1,10,13,0.0417,SCHEMA_WEAK_OVERLAP,source_url,alternate_names; category; description; keywords; product_id; product_name; related_is_numbers; related_qcos; related_schemes; subcategory,address; city; contact_number; contact_person; district; email; lab_code; lab_id; lab_name; recognition_status; scope_url; state …(+1),0.0,NO,NO_CONTENT_LINK_DETECTED
SC-0434,BIS_Products_Details.xlsx,Products_Details,BIS_Scheme_IV_FMCS.xlsx,BIS_FMCS_Scheme_IV,11,13,1,10,12,0.0435,SCHEMA_WEAK_OVERLAP,source_url,alternate_names; category; description; keywords; product_id; product_name; related_is_numbers; related_qcos; related_schemes; subcategory,certification_type; is_number; mandatory_voluntary; product; related_product_manual; related_qco; related_sit; requirements; scheme_id_code; scheme_name; scheme_type; scope,1.0,YES,IS_JACCARD=1.00
SC-0435,BIS_Products_Details.xlsx,Products_Details,BIS_Scheme_X_Industrial.xlsx,BIS_Scheme_X,11,14,1,10,13,0.0417,SCHEMA_WEAK_OVERLAP,source_url,alternate_names; category; description; keywords; product_id; product_name; related_is_numbers; related_qcos; related_schemes; subcategory,certification_type; is_number; mandatory_voluntary; product; related_product_manual; related_qco; related_sit; requirements; scheme_code; scheme_id; scheme_name; scheme_type …(+1),0.0,NO,NO_CONTENT_LINK_DETECTED
SC-0436,BIS_Products_Details.xlsx,Products_Details,BIS_Scheme_X_Industrial_v2.xlsx,BIS_Scheme_X,11,14,1,10,13,0.0417,SCHEMA_WEAK_OVERLAP,source_url,alternate_names; category; description; keywords; product_id; product_name; related_is_numbers; related_qcos; related_schemes; subcategory,certification_type; is_number; mandatory_voluntary; product; related_product_manual; related_qco; related_sit; requirements; scheme_code; scheme_id; scheme_name; scheme_type …(+1),0.0,NO,NO_CONTENT_LINK_DETECTED
SC-0437,BIS_Products_Details.xlsx,Products_Details,BIS_Schemes_Master.xlsx,BIS_Schemes_Master,11,14,1,10,13,0.0417,SCHEMA_WEAK_OVERLAP,source_url,alternate_names; category; description; keywords; product_id; product_name; related_is_numbers; related_qcos; related_schemes; subcategory,certification_type; is; mandatory_voluntary; product; related_product_manual; related_qco; related_sit; requirements; scheme_code; scheme_id; scheme_name; scheme_type …(+1),0.2083,NO,NO_CONTENT_LINK_DETECTED
SC-0438,BIS_Products_Details.xlsx,Products_Details,BIS_Schemes_Master_Scheme_2.xlsx,BIS_Schemes_Master_Scheme_2,11,14,1,10,13,0.0417,SCHEMA_WEAK_OVERLAP,source_url,alternate_names; category; description; keywords; product_id; product_name; related_is_numbers; related_qcos; related_schemes; subcategory,certification_type; is; mandatory_voluntary; product; related_product_manual; related_qco; related_sit; requirements; scheme_code; scheme_id; scheme_name; scheme_type …(+1),0.2083,NO,NO_CONTENT_LINK_DETECTED
SC-0439,BIS_Products_Details.xlsx,Products_Details,BIS_Standards_Amendments.xlsx,BIS_Standards_Amendments,11,12,1,10,11,0.0455,SCHEMA_WEAK_OVERLAP,source_url,alternate_names; category; description; keywords; product_id; product_name; related_is_numbers; related_qcos; related_schemes; subcategory,amendment_date; amendment_id; amendment_number; document_url; effective_date; new_version; original_version; parent_entity; status; superseded_document; superseding_document,0.0,NO,NO_CONTENT_LINK_DETECTED
SC-0440,BIS_Products_Details.xlsx,Products_Details,BIS_Standards_Details_v2 (1).xlsx,BIS Standards,11,19,0,11,19,0.0,SCHEMA_DISJOINT,,alternate_names; category; description; keywords; product_id; product_name; related_is_numbers; related_qcos; related_schemes; source_url; subcategory,current_status; degree_of_equivalence; document_url; is_number; official_url; part_section; product_category; publication_date; reaffirmation_review_date; revision; revision_date; standard_id …(+7),0.8889,YES,IS_JACCARD=0.89
SC-0441,BIS_Products_Details.xlsx,Products_Details,BIS_Standards_Details_v2.xlsx,BIS Standards,11,19,0,11,19,0.0,SCHEMA_DISJOINT,,alternate_names; category; description; keywords; product_id; product_name; related_is_numbers; related_qcos; related_schemes; source_url; subcategory,current_status; degree_of_equivalence; document_url; is_number; official_url; part_section; product_category; publication_date; reaffirmation_review_date; revision; revision_date; standard_id …(+7),0.8889,YES,IS_JACCARD=0.89
SC-0442,BIS_Products_Details.xlsx,Products_Details,BIS_Standards_Details_v3.xlsx,BIS Standards,11,19,0,11,19,0.0,SCHEMA_DISJOINT,,alternate_names; category; description; keywords; product_id; product_name; related_is_numbers; related_qcos; related_schemes; source_url; subcategory,current_status; degree_of_equivalence; document_url; is_number; official_url; part_section; product_category; publication_date; reaffirmation_review_date; revision; revision_date; standard_id …(+7),0.8889,YES,IS_JACCARD=0.89
SC-0443,BIS_Products_Details.xlsx,Products_Details,BIS_Standards_Intelligence_Master.xlsx,BIS_Standards_Intelligence,11,23,1,10,22,0.0303,SCHEMA_WEAK_OVERLAP,source_url,alternate_names; category; description; keywords; product_id; product_name; related_is_numbers; related_qcos; related_schemes; subcategory,application_procedure; conformity_assessment; eligibility; factory_requirements; fees; forms; infrastructure_requirements; inspection; is_number; laboratory_testing; licence_or_coc_grant; process_controls …(+10),0.9091,YES,IS_JACCARD=0.91
SC-0444,BIS_Products_Details.xlsx,Products_Details,BIS_Standards_Scheme_Mapping.xlsx,BIS_Standards_Scheme_Mapping,11,23,1,10,22,0.0303,SCHEMA_WEAK_OVERLAP,source_url,alternate_names; category; description; keywords; product_id; product_name; related_is_numbers; related_qcos; related_schemes; subcategory,application_procedure; certification_scheme_to_store; conformity_assessment; eligibility; factory_requirements; fees; forms; group; infrastructure_requirements; inspection; is_number; laboratory_testing …(+10),0.5,YES,IS_JACCARD=0.50
SC-0445,BIS_Products_Details.xlsx,Products_Details,BIS_Testing_Parameters_Master.xlsx,BIS_Testing_Parameters,11,18,1,10,17,0.0357,SCHEMA_WEAK_OVERLAP,source_url,alternate_names; category; description; keywords; product_id; product_name; related_is_numbers; related_qcos; related_schemes; subcategory,acceptance_criteria; clause; is_number; laboratory_requirement; product; rejection_handling; remarks; required_equipment; sample_size; sampling_frequency; source_document; source_page …(+5),0.9091,YES,IS_JACCARD=0.91
SC-0446,BIS_Products_Details.xlsx,Products_Details,bis_circulars (1).csv,bis_circulars (1),11,11,1,10,10,0.0476,SCHEMA_WEAK_OVERLAP,source_url,alternate_names; category; description; keywords; product_id; product_name; related_is_numbers; related_qcos; related_schemes; subcategory,circular_id; circular_number; document_url; effective_date; implementation_instructions; issuing_authority; related_is; release_date; subject; title,0.008,NO,NO_CONTENT_LINK_DETECTED
SC-0447,BIS_Products_Details.xlsx,Products_Details,bis_gazette_notification.csv,bis_gazette_notification,11,4,0,11,4,0.0,SCHEMA_DISJOINT,,alternate_names; category; description; keywords; product_id; product_name; related_is_numbers; related_qcos; related_schemes; source_url; subcategory,id; related_is; title; unnamed_3,0.0331,NO,NO_CONTENT_LINK_DETECTED
SC-0448,BIS_Products_Details.xlsx,Products_Details,bis_laboratories.csv,bis_laboratories,11,11,1,10,10,0.0476,SCHEMA_WEAK_OVERLAP,source_url,alternate_names; category; description; keywords; product_id; product_name; related_is_numbers; related_qcos; related_schemes; subcategory,accreditation_validity; address; city; contact_details; lab_id; lab_name; lab_type; pin; state; tested_is_numbers,0.0207,NO,NO_CONTENT_LINK_DETECTED
SC-0449,BIS_Products_Details.xlsx,Products_Details,bis_product_certification_faq (1).csv,bis_product_certification_faq (1),11,8,2,9,6,0.1176,SCHEMA_WEAK_OVERLAP,category; source_url,alternate_names; description; keywords; product_id; product_name; related_is_numbers; related_qcos; related_schemes; subcategory,answer; faq_id; question; related_is; related_product; related_scheme,0.0,NO,NO_CONTENT_LINK_DETECTED
SC-0450,BIS_Products_Details.xlsx,Products_Details,bis_product_certifications.csv,bis_product_certifications,11,9,1,10,8,0.0526,SCHEMA_WEAK_OVERLAP,source_url,alternate_names; category; description; keywords; product_id; product_name; related_is_numbers; related_qcos; related_schemes; subcategory,applicability; application_procedure; document_url; fee_structure; guideline_title; inspection_testing_norm; scheme_id; scheme_name,0.0,NO,NO_CONTENT_LINK_DETECTED
SC-0451,BIS_Products_Details.xlsx,Products_Details,bis_topic17_hallmarking_centres.csv,bis_topic17_hallmarking_centres,11,14,1,10,13,0.0417,SCHEMA_WEAK_OVERLAP,source_url,alternate_names; category; description; keywords; product_id; product_name; related_is_numbers; related_qcos; related_schemes; subcategory,address; centre_code; centre_id; centre_name; city; district; pin; recognition_status; recognition_status_raw; scope; services; state …(+1),0.0,NO,NO_CONTENT_LINK_DETECTED
SC-0452,BIS_Products_Details.xlsx,Products_Details,bis_topic17_hallmarking_centres_cancelled_suspended.csv,bis_topic17_hallmarking_centres_cancelled_suspended,11,17,1,10,16,0.037,SCHEMA_WEAK_OVERLAP,source_url,alternate_names; category; description; keywords; product_id; product_name; related_is_numbers; related_qcos; related_schemes; subcategory,address; centre_code; centre_id; centre_name; centre_type; city; district; pin; recognition_status; recognition_status_raw; region; scope …(+4),0.0,NO,NO_CONTENT_LINK_DETECTED
SC-0453,BIS_Products_Details.xlsx,Products_Details,data__raw__fmcs_all_fmcs_list_raw.csv,data__raw__fmcs_all_fmcs_list_raw,11,9,1,10,8,0.0526,SCHEMA_WEAK_OVERLAP,source_url,alternate_names; category; description; keywords; product_id; product_name; related_is_numbers; related_qcos; related_schemes; subcategory,cml_no_raw; name_address_raw; retrieved_at; s_no; standard_no_raw; status_raw; validity_date_raw; variety_brand_raw,0.0525,NO,NO_CONTENT_LINK_DETECTED
SC-0454,BIS_Products_Details.xlsx,Products_Details,output__extraction_log.csv,output__extraction_log,11,6,0,11,6,0.0,SCHEMA_DISJOINT,,alternate_names; category; description; keywords; product_id; product_name; related_is_numbers; related_qcos; related_schemes; source_url; subcategory,error_type; notes; outcome; retry_count; timestamp; url,0.0,NO,NO_CONTENT_LINK_DETECTED
SC-0455,BIS_Products_Details.xlsx,Products_Details,output__fmcs_country_coverage.csv,output__fmcs_country_coverage,11,3,0,11,3,0.0,SCHEMA_DISJOINT,,alternate_names; category; description; keywords; product_id; product_name; related_is_numbers; related_qcos; related_schemes; source_url; subcategory,country; licence_count; manufacturer_count,0.0,NO,NO_CONTENT_LINK_DETECTED
SC-0456,BIS_Products_Details.xlsx,Products_Details,output__fmcs_is_coverage.csv,output__fmcs_is_coverage,11,3,0,11,3,0.0,SCHEMA_DISJOINT,,alternate_names; category; description; keywords; product_id; product_name; related_is_numbers; related_qcos; related_schemes; source_url; subcategory,is_number; licence_count; manufacturer_count,0.0525,NO,NO_CONTENT_LINK_DETECTED
SC-0457,BIS_Products_Details.xlsx,Products_Details,output__source_inventory.csv,output__source_inventory,11,12,0,11,12,0.0,SCHEMA_DISJOINT,,alternate_names; category; description; keywords; product_id; product_name; related_is_numbers; related_qcos; related_schemes; source_url; subcategory,bytes; canonical_document_id; content_type; dedup_status; http_status; last_modified; notes; retrieved_at; sha256; source_title; source_type; url,0.0,NO,NO_CONTENT_LINK_DETECTED
SC-0458,BIS_Products_Details.xlsx,Products_Details,output__topic18_fmcs_manufacturers.csv,output__topic18_fmcs_manufacturers,11,17,1,10,16,0.037,SCHEMA_WEAK_OVERLAP,source_url,alternate_names; category; description; keywords; product_id; product_name; related_is_numbers; related_qcos; related_schemes; subcategory,air; application_requirements; competent_personnel; country; documents; eligibility; factory; fees; is_number; licence; licence_status; machinery_requirements …(+4),0.0525,NO,NO_CONTENT_LINK_DETECTED
SC-0459,BIS_Products_Details.xlsx,Products_Details,output__topic19_official_documents.csv,output__topic19_official_documents,11,17,1,10,16,0.037,SCHEMA_WEAK_OVERLAP,source_url,alternate_names; category; description; keywords; product_id; product_name; related_is_numbers; related_qcos; related_schemes; subcategory,access_status; date; document_id; document_title; document_type; download_url; effective_date; is_number; license_access_restriction; local_file; page_count; product …(+4),0.0,NO,NO_CONTENT_LINK_DETECTED
SC-0460,BIS_Products_Details.xlsx,Products_Details,output__topic20_provenance.csv,output__topic20_provenance,11,19,1,10,18,0.0345,SCHEMA_WEAK_OVERLAP,source_url,alternate_names; category; description; keywords; product_id; product_name; related_is_numbers; related_qcos; related_schemes; subcategory,clause; confidence; document_hash; document_id; document_title; effective_date; entity_type; evidence_text; field_name; field_value; page; record_id …(+6),0.0,NO,NO_CONTENT_LINK_DETECTED
SC-0461,BIS_Products_Details.xlsx,Products_Details,output__unresolved_records.csv,output__unresolved_records,11,6,0,11,6,0.0,SCHEMA_DISJOINT,,alternate_names; category; description; keywords; product_id; product_name; related_is_numbers; related_qcos; related_schemes; source_url; subcategory,attempted_source_url; entity_type; field_name; reason; record_id; resolution_needed,0.0,NO,NO_CONTENT_LINK_DETECTED
SC-0462,BIS_Products_Full_Information.xlsx,Products_Details,BIS_Products_Full_Information_v2.xlsx,Products_Details,11,11,11,0,0,1.0,SCHEMA_IDENTICAL,alternate_names; category; description; keywords; product_id; product_name; related_is_numbers; related_qcos; related_schemes; source_url; subcategory,,,1.0,YES,SCHEMA_JACCARD>=0.25; PHASE1_CANDIDATE_GROUP=NAMECAND-003; IS_JACCARD=1.00; PRODUCT_JACCARD=0.98; QCO_JACCARD=1.00; SCHEME_JACCARD=1.00; SAME_DOMAIN=02_PRODUCTS
SC-0463,BIS_Products_Full_Information.xlsx,Products_Details,BIS_QCO-schema_2.xlsx,BIS_QCO-schema_2,11,22,1,10,21,0.0312,SCHEMA_WEAK_OVERLAP,source_url,alternate_names; category; description; keywords; product_id; product_name; related_is_numbers; related_qcos; related_schemes; subcategory,amendments; corrigendas; current_status; deferments; department; effective_date; exclusions; extensions; is_numbers; mandatory_status; ministry; notification_date …(+9),0.4219,YES,IS_JACCARD=0.42
SC-0464,BIS_Products_Full_Information.xlsx,Products_Details,BIS_QCO_Master_Records (1).xlsx,QCO_Master_Records,11,22,1,10,21,0.0312,SCHEMA_WEAK_OVERLAP,source_url,alternate_names; category; description; keywords; product_id; product_name; related_is_numbers; related_qcos; related_schemes; subcategory,amendments; corrigendas; current_status; deferments; department; effective_date; exclusions; extensions; is_numbers; mandatory_status; ministry; notification_date …(+9),0.2581,NO,NO_CONTENT_LINK_DETECTED
SC-0465,BIS_Products_Full_Information.xlsx,Products_Details,BIS_QCO_Master_Records.xlsx,QCO_Master_Details,11,22,1,10,21,0.0312,SCHEMA_WEAK_OVERLAP,source_url,alternate_names; category; description; keywords; product_id; product_name; related_is_numbers; related_qcos; related_schemes; subcategory,amendments; corrigendas; current_status; deferments; department; effective_date; exclusions; extensions; is_numbers; mandatory_status; ministry; notification_date …(+9),0.098,NO,NO_CONTENT_LINK_DETECTED
SC-0466,BIS_Products_Full_Information.xlsx,Products_Details,BIS_QCO_Master_Records_v3.xlsx,QCO_Master_Records,11,22,1,10,21,0.0312,SCHEMA_WEAK_OVERLAP,source_url,alternate_names; category; description; keywords; product_id; product_name; related_is_numbers; related_qcos; related_schemes; subcategory,amendments; corrigendas; current_status; deferments; department; effective_date; exclusions; extensions; is_numbers; mandatory_status; ministry; notification_date …(+9),0.1053,NO,NO_CONTENT_LINK_DETECTED
SC-0467,BIS_Products_Full_Information.xlsx,Products_Details,BIS_QCO_Master_Scheme_1.xlsx,BIS_QCO_Master_Scheme_1,11,11,0,11,11,0.0,SCHEMA_DISJOINT,,alternate_names; category; description; keywords; product_id; product_name; related_is_numbers; related_qcos; related_schemes; source_url; subcategory,amendments_extensions; effective_implementation_date; exemptions; is_number; mandatory_voluntary_status; ministry; notification_number; product; qco_order; scope; source_gazette_url,0.4219,YES,IS_JACCARD=0.42
SC-0468,BIS_Products_Full_Information.xlsx,Products_Details,BIS_QCO_Summary.xlsx,QCO_Summary,11,7,0,11,7,0.0,SCHEMA_DISJOINT,,alternate_names; category; description; keywords; product_id; product_name; related_is_numbers; related_qcos; related_schemes; source_url; subcategory,key_scope_exclusions_amendments; ministry_department; notification_no_date; product_standard_is; qco_name_identifier; scheme_status; source_document_link,0.3594,YES,IS_JACCARD=0.36
SC-0469,BIS_Products_Full_Information.xlsx,Products_Details,BIS_Recognized_Laboratories.xlsx,BIS_Recognized_Labs,11,14,1,10,13,0.0417,SCHEMA_WEAK_OVERLAP,source_url,alternate_names; category; description; keywords; product_id; product_name; related_is_numbers; related_qcos; related_schemes; subcategory,address; city; contact_number; contact_person; district; email; lab_code; lab_id; lab_name; recognition_status; scope_url; state …(+1),0.0,NO,NO_CONTENT_LINK_DETECTED
SC-0470,BIS_Products_Full_Information.xlsx,Products_Details,BIS_Scheme_IV_FMCS.xlsx,BIS_FMCS_Scheme_IV,11,13,1,10,12,0.0435,SCHEMA_WEAK_OVERLAP,source_url,alternate_names; category; description; keywords; product_id; product_name; related_is_numbers; related_qcos; related_schemes; subcategory,certification_type; is_number; mandatory_voluntary; product; related_product_manual; related_qco; related_sit; requirements; scheme_id_code; scheme_name; scheme_type; scope,0.4219,YES,IS_JACCARD=0.42
SC-0471,BIS_Products_Full_Information.xlsx,Products_Details,BIS_Scheme_X_Industrial.xlsx,BIS_Scheme_X,11,14,1,10,13,0.0417,SCHEMA_WEAK_OVERLAP,source_url,alternate_names; category; description; keywords; product_id; product_name; related_is_numbers; related_qcos; related_schemes; subcategory,certification_type; is_number; mandatory_voluntary; product; related_product_manual; related_qco; related_sit; requirements; scheme_code; scheme_id; scheme_name; scheme_type …(+1),0.0,NO,NO_CONTENT_LINK_DETECTED
SC-0472,BIS_Products_Full_Information.xlsx,Products_Details,BIS_Scheme_X_Industrial_v2.xlsx,BIS_Scheme_X,11,14,1,10,13,0.0417,SCHEMA_WEAK_OVERLAP,source_url,alternate_names; category; description; keywords; product_id; product_name; related_is_numbers; related_qcos; related_schemes; subcategory,certification_type; is_number; mandatory_voluntary; product; related_product_manual; related_qco; related_sit; requirements; scheme_code; scheme_id; scheme_name; scheme_type …(+1),0.0,NO,NO_CONTENT_LINK_DETECTED
SC-0473,BIS_Products_Full_Information.xlsx,Products_Details,BIS_Schemes_Master.xlsx,BIS_Schemes_Master,11,14,1,10,13,0.0417,SCHEMA_WEAK_OVERLAP,source_url,alternate_names; category; description; keywords; product_id; product_name; related_is_numbers; related_qcos; related_schemes; subcategory,certification_type; is; mandatory_voluntary; product; related_product_manual; related_qco; related_sit; requirements; scheme_code; scheme_id; scheme_name; scheme_type …(+1),0.2188,NO,NO_CONTENT_LINK_DETECTED
SC-0474,BIS_Products_Full_Information.xlsx,Products_Details,BIS_Schemes_Master_Scheme_2.xlsx,BIS_Schemes_Master_Scheme_2,11,14,1,10,13,0.0417,SCHEMA_WEAK_OVERLAP,source_url,alternate_names; category; description; keywords; product_id; product_name; related_is_numbers; related_qcos; related_schemes; subcategory,certification_type; is; mandatory_voluntary; product; related_product_manual; related_qco; related_sit; requirements; scheme_code; scheme_id; scheme_name; scheme_type …(+1),0.2188,NO,NO_CONTENT_LINK_DETECTED
SC-0475,BIS_Products_Full_Information.xlsx,Products_Details,BIS_Standards_Amendments.xlsx,BIS_Standards_Amendments,11,12,1,10,11,0.0455,SCHEMA_WEAK_OVERLAP,source_url,alternate_names; category; description; keywords; product_id; product_name; related_is_numbers; related_qcos; related_schemes; subcategory,amendment_date; amendment_id; amendment_number; document_url; effective_date; new_version; original_version; parent_entity; status; superseded_document; superseding_document,0.0,NO,NO_CONTENT_LINK_DETECTED
SC-0476,BIS_Products_Full_Information.xlsx,Products_Details,BIS_Standards_Details_v2 (1).xlsx,BIS Standards,11,19,0,11,19,0.0,SCHEMA_DISJOINT,,alternate_names; category; description; keywords; product_id; product_name; related_is_numbers; related_qcos; related_schemes; source_url; subcategory,current_status; degree_of_equivalence; document_url; is_number; official_url; part_section; product_category; publication_date; reaffirmation_review_date; revision; revision_date; standard_id …(+7),0.4118,YES,IS_JACCARD=0.41
SC-0477,BIS_Products_Full_Information.xlsx,Products_Details,BIS_Standards_Details_v2.xlsx,BIS Standards,11,19,0,11,19,0.0,SCHEMA_DISJOINT,,alternate_names; category; description; keywords; product_id; product_name; related_is_numbers; related_qcos; related_schemes; source_url; subcategory,current_status; degree_of_equivalence; document_url; is_number; official_url; part_section; product_category; publication_date; reaffirmation_review_date; revision; revision_date; standard_id …(+7),0.4118,YES,IS_JACCARD=0.41
SC-0478,BIS_Products_Full_Information.xlsx,Products_Details,BIS_Standards_Details_v3.xlsx,BIS Standards,11,19,0,11,19,0.0,SCHEMA_DISJOINT,,alternate_names; category; description; keywords; product_id; product_name; related_is_numbers; related_qcos; related_schemes; source_url; subcategory,current_status; degree_of_equivalence; document_url; is_number; official_url; part_section; product_category; publication_date; reaffirmation_review_date; revision; revision_date; standard_id …(+7),0.4118,YES,IS_JACCARD=0.41
SC-0479,BIS_Products_Full_Information.xlsx,Products_Details,BIS_Standards_Intelligence_Master.xlsx,BIS_Standards_Intelligence,11,23,1,10,22,0.0303,SCHEMA_WEAK_OVERLAP,source_url,alternate_names; category; description; keywords; product_id; product_name; related_is_numbers; related_qcos; related_schemes; subcategory,application_procedure; conformity_assessment; eligibility; factory_requirements; fees; forms; infrastructure_requirements; inspection; is_number; laboratory_testing; licence_or_coc_grant; process_controls …(+10),0.3971,YES,IS_JACCARD=0.40
SC-0480,BIS_Products_Full_Information.xlsx,Products_Details,BIS_Standards_Scheme_Mapping.xlsx,BIS_Standards_Scheme_Mapping,11,23,1,10,22,0.0303,SCHEMA_WEAK_OVERLAP,source_url,alternate_names; category; description; keywords; product_id; product_name; related_is_numbers; related_qcos; related_schemes; subcategory,application_procedure; certification_scheme_to_store; conformity_assessment; eligibility; factory_requirements; fees; forms; group; infrastructure_requirements; inspection; is_number; laboratory_testing …(+10),0.2647,NO,NO_CONTENT_LINK_DETECTED
SC-0481,BIS_Products_Full_Information.xlsx,Products_Details,BIS_Testing_Parameters_Master.xlsx,BIS_Testing_Parameters,11,18,1,10,17,0.0357,SCHEMA_WEAK_OVERLAP,source_url,alternate_names; category; description; keywords; product_id; product_name; related_is_numbers; related_qcos; related_schemes; subcategory,acceptance_criteria; clause; is_number; laboratory_requirement; product; rejection_handling; remarks; required_equipment; sample_size; sampling_frequency; source_document; source_page …(+5),0.3971,YES,IS_JACCARD=0.40
SC-0482,BIS_Products_Full_Information.xlsx,Products_Details,bis_circulars (1).csv,bis_circulars (1),11,11,1,10,10,0.0476,SCHEMA_WEAK_OVERLAP,source_url,alternate_names; category; description; keywords; product_id; product_name; related_is_numbers; related_qcos; related_schemes; subcategory,circular_id; circular_number; document_url; effective_date; implementation_instructions; issuing_authority; related_is; release_date; subject; title,0.0129,NO,NO_CONTENT_LINK_DETECTED
SC-0483,BIS_Products_Full_Information.xlsx,Products_Details,bis_gazette_notification.csv,bis_gazette_notification,11,4,0,11,4,0.0,SCHEMA_DISJOINT,,alternate_names; category; description; keywords; product_id; product_name; related_is_numbers; related_qcos; related_schemes; source_url; subcategory,id; related_is; title; unnamed_3,0.039,NO,NO_CONTENT_LINK_DETECTED
SC-0484,BIS_Products_Full_Information.xlsx,Products_Details,bis_laboratories.csv,bis_laboratories,11,11,1,10,10,0.0476,SCHEMA_WEAK_OVERLAP,source_url,alternate_names; category; description; keywords; product_id; product_name; related_is_numbers; related_qcos; related_schemes; subcategory,accreditation_validity; address; city; contact_details; lab_id; lab_name; lab_type; pin; state; tested_is_numbers,0.0288,NO,NO_CONTENT_LINK_DETECTED
SC-0485,BIS_Products_Full_Information.xlsx,Products_Details,bis_product_certification_faq (1).csv,bis_product_certification_faq (1),11,8,2,9,6,0.1176,SCHEMA_WEAK_OVERLAP,category; source_url,alternate_names; description; keywords; product_id; product_name; related_is_numbers; related_qcos; related_schemes; subcategory,answer; faq_id; question; related_is; related_product; related_scheme,0.0,NO,NO_CONTENT_LINK_DETECTED
SC-0486,BIS_Products_Full_Information.xlsx,Products_Details,bis_product_certifications.csv,bis_product_certifications,11,9,1,10,8,0.0526,SCHEMA_WEAK_OVERLAP,source_url,alternate_names; category; description; keywords; product_id; product_name; related_is_numbers; related_qcos; related_schemes; subcategory,applicability; application_procedure; document_url; fee_structure; guideline_title; inspection_testing_norm; scheme_id; scheme_name,0.0,NO,NO_CONTENT_LINK_DETECTED
SC-0487,BIS_Products_Full_Information.xlsx,Products_Details,bis_topic17_hallmarking_centres.csv,bis_topic17_hallmarking_centres,11,14,1,10,13,0.0417,SCHEMA_WEAK_OVERLAP,source_url,alternate_names; category; description; keywords; product_id; product_name; related_is_numbers; related_qcos; related_schemes; subcategory,address; centre_code; centre_id; centre_name; city; district; pin; recognition_status; recognition_status_raw; scope; services; state …(+1),0.0,NO,NO_CONTENT_LINK_DETECTED
SC-0488,BIS_Products_Full_Information.xlsx,Products_Details,bis_topic17_hallmarking_centres_cancelled_suspended.csv,bis_topic17_hallmarking_centres_cancelled_suspended,11,17,1,10,16,0.037,SCHEMA_WEAK_OVERLAP,source_url,alternate_names; category; description; keywords; product_id; product_name; related_is_numbers; related_qcos; related_schemes; subcategory,address; centre_code; centre_id; centre_name; centre_type; city; district; pin; recognition_status; recognition_status_raw; region; scope …(+4),0.0,NO,NO_CONTENT_LINK_DETECTED
SC-0489,BIS_Products_Full_Information.xlsx,Products_Details,data__raw__fmcs_all_fmcs_list_raw.csv,data__raw__fmcs_all_fmcs_list_raw,11,9,1,10,8,0.0526,SCHEMA_WEAK_OVERLAP,source_url,alternate_names; category; description; keywords; product_id; product_name; related_is_numbers; related_qcos; related_schemes; subcategory,cml_no_raw; name_address_raw; retrieved_at; s_no; standard_no_raw; status_raw; validity_date_raw; variety_brand_raw,0.071,NO,NO_CONTENT_LINK_DETECTED
SC-0490,BIS_Products_Full_Information.xlsx,Products_Details,output__extraction_log.csv,output__extraction_log,11,6,0,11,6,0.0,SCHEMA_DISJOINT,,alternate_names; category; description; keywords; product_id; product_name; related_is_numbers; related_qcos; related_schemes; source_url; subcategory,error_type; notes; outcome; retry_count; timestamp; url,0.0,NO,NO_CONTENT_LINK_DETECTED
SC-0491,BIS_Products_Full_Information.xlsx,Products_Details,output__fmcs_country_coverage.csv,output__fmcs_country_coverage,11,3,0,11,3,0.0,SCHEMA_DISJOINT,,alternate_names; category; description; keywords; product_id; product_name; related_is_numbers; related_qcos; related_schemes; source_url; subcategory,country; licence_count; manufacturer_count,0.0,NO,NO_CONTENT_LINK_DETECTED
SC-0492,BIS_Products_Full_Information.xlsx,Products_Details,output__fmcs_is_coverage.csv,output__fmcs_is_coverage,11,3,0,11,3,0.0,SCHEMA_DISJOINT,,alternate_names; category; description; keywords; product_id; product_name; related_is_numbers; related_qcos; related_schemes; source_url; subcategory,is_number; licence_count; manufacturer_count,0.071,NO,NO_CONTENT_LINK_DETECTED
SC-0493,BIS_Products_Full_Information.xlsx,Products_Details,output__source_inventory.csv,output__source_inventory,11,12,0,11,12,0.0,SCHEMA_DISJOINT,,alternate_names; category; description; keywords; product_id; product_name; related_is_numbers; related_qcos; related_schemes; source_url; subcategory,bytes; canonical_document_id; content_type; dedup_status; http_status; last_modified; notes; retrieved_at; sha256; source_title; source_type; url,0.0,NO,NO_CONTENT_LINK_DETECTED
SC-0494,BIS_Products_Full_Information.xlsx,Products_Details,output__topic18_fmcs_manufacturers.csv,output__topic18_fmcs_manufacturers,11,17,1,10,16,0.037,SCHEMA_WEAK_OVERLAP,source_url,alternate_names; category; description; keywords; product_id; product_name; related_is_numbers; related_qcos; related_schemes; subcategory,air; application_requirements; competent_personnel; country; documents; eligibility; factory; fees; is_number; licence; licence_status; machinery_requirements …(+4),0.071,NO,NO_CONTENT_LINK_DETECTED
SC-0495,BIS_Products_Full_Information.xlsx,Products_Details,output__topic19_official_documents.csv,output__topic19_official_documents,11,17,1,10,16,0.037,SCHEMA_WEAK_OVERLAP,source_url,alternate_names; category; description; keywords; product_id; product_name; related_is_numbers; related_qcos; related_schemes; subcategory,access_status; date; document_id; document_title; document_type; download_url; effective_date; is_number; license_access_restriction; local_file; page_count; product …(+4),0.0,NO,NO_CONTENT_LINK_DETECTED
SC-0496,BIS_Products_Full_Information.xlsx,Products_Details,output__topic20_provenance.csv,output__topic20_provenance,11,19,1,10,18,0.0345,SCHEMA_WEAK_OVERLAP,source_url,alternate_names; category; description; keywords; product_id; product_name; related_is_numbers; related_qcos; related_schemes; subcategory,clause; confidence; document_hash; document_id; document_title; effective_date; entity_type; evidence_text; field_name; field_value; page; record_id …(+6),0.0,NO,NO_CONTENT_LINK_DETECTED
SC-0497,BIS_Products_Full_Information.xlsx,Products_Details,output__unresolved_records.csv,output__unresolved_records,11,6,0,11,6,0.0,SCHEMA_DISJOINT,,alternate_names; category; description; keywords; product_id; product_name; related_is_numbers; related_qcos; related_schemes; source_url; subcategory,attempted_source_url; entity_type; field_name; reason; record_id; resolution_needed,0.0,NO,NO_CONTENT_LINK_DETECTED
SC-0498,BIS_Products_Full_Information_v2.xlsx,Products_Details,BIS_QCO-schema_2.xlsx,BIS_QCO-schema_2,11,22,1,10,21,0.0312,SCHEMA_WEAK_OVERLAP,source_url,alternate_names; category; description; keywords; product_id; product_name; related_is_numbers; related_qcos; related_schemes; subcategory,amendments; corrigendas; current_status; deferments; department; effective_date; exclusions; extensions; is_numbers; mandatory_status; ministry; notification_date …(+9),0.4219,YES,IS_JACCARD=0.42
SC-0499,BIS_Products_Full_Information_v2.xlsx,Products_Details,BIS_QCO_Master_Records (1).xlsx,QCO_Master_Records,11,22,1,10,21,0.0312,SCHEMA_WEAK_OVERLAP,source_url,alternate_names; category; description; keywords; product_id; product_name; related_is_numbers; related_qcos; related_schemes; subcategory,amendments; corrigendas; current_status; deferments; department; effective_date; exclusions; extensions; is_numbers; mandatory_status; ministry; notification_date …(+9),0.2581,NO,NO_CONTENT_LINK_DETECTED
SC-0500,BIS_Products_Full_Information_v2.xlsx,Products_Details,BIS_QCO_Master_Records.xlsx,QCO_Master_Details,11,22,1,10,21,0.0312,SCHEMA_WEAK_OVERLAP,source_url,alternate_names; category; description; keywords; product_id; product_name; related_is_numbers; related_qcos; related_schemes; subcategory,amendments; corrigendas; current_status; deferments; department; effective_date; exclusions; extensions; is_numbers; mandatory_status; ministry; notification_date …(+9),0.098,NO,NO_CONTENT_LINK_DETECTED
SC-0501,BIS_Products_Full_Information_v2.xlsx,Products_Details,BIS_QCO_Master_Records_v3.xlsx,QCO_Master_Records,11,22,1,10,21,0.0312,SCHEMA_WEAK_OVERLAP,source_url,alternate_names; category; description; keywords; product_id; product_name; related_is_numbers; related_qcos; related_schemes; subcategory,amendments; corrigendas; current_status; deferments; department; effective_date; exclusions; extensions; is_numbers; mandatory_status; ministry; notification_date …(+9),0.1053,NO,NO_CONTENT_LINK_DETECTED
SC-0502,BIS_Products_Full_Information_v2.xlsx,Products_Details,BIS_QCO_Master_Scheme_1.xlsx,BIS_QCO_Master_Scheme_1,11,11,0,11,11,0.0,SCHEMA_DISJOINT,,alternate_names; category; description; keywords; product_id; product_name; related_is_numbers; related_qcos; related_schemes; source_url; subcategory,amendments_extensions; effective_implementation_date; exemptions; is_number; mandatory_voluntary_status; ministry; notification_number; product; qco_order; scope; source_gazette_url,0.4219,YES,IS_JACCARD=0.42
SC-0503,BIS_Products_Full_Information_v2.xlsx,Products_Details,BIS_QCO_Summary.xlsx,QCO_Summary,11,7,0,11,7,0.0,SCHEMA_DISJOINT,,alternate_names; category; description; keywords; product_id; product_name; related_is_numbers; related_qcos; related_schemes; source_url; subcategory,key_scope_exclusions_amendments; ministry_department; notification_no_date; product_standard_is; qco_name_identifier; scheme_status; source_document_link,0.3594,YES,IS_JACCARD=0.36
SC-0504,BIS_Products_Full_Information_v2.xlsx,Products_Details,BIS_Recognized_Laboratories.xlsx,BIS_Recognized_Labs,11,14,1,10,13,0.0417,SCHEMA_WEAK_OVERLAP,source_url,alternate_names; category; description; keywords; product_id; product_name; related_is_numbers; related_qcos; related_schemes; subcategory,address; city; contact_number; contact_person; district; email; lab_code; lab_id; lab_name; recognition_status; scope_url; state …(+1),0.0,NO,NO_CONTENT_LINK_DETECTED
SC-0505,BIS_Products_Full_Information_v2.xlsx,Products_Details,BIS_Scheme_IV_FMCS.xlsx,BIS_FMCS_Scheme_IV,11,13,1,10,12,0.0435,SCHEMA_WEAK_OVERLAP,source_url,alternate_names; category; description; keywords; product_id; product_name; related_is_numbers; related_qcos; related_schemes; subcategory,certification_type; is_number; mandatory_voluntary; product; related_product_manual; related_qco; related_sit; requirements; scheme_id_code; scheme_name; scheme_type; scope,0.4219,YES,IS_JACCARD=0.42
SC-0506,BIS_Products_Full_Information_v2.xlsx,Products_Details,BIS_Scheme_X_Industrial.xlsx,BIS_Scheme_X,11,14,1,10,13,0.0417,SCHEMA_WEAK_OVERLAP,source_url,alternate_names; category; description; keywords; product_id; product_name; related_is_numbers; related_qcos; related_schemes; subcategory,certification_type; is_number; mandatory_voluntary; product; related_product_manual; related_qco; related_sit; requirements; scheme_code; scheme_id; scheme_name; scheme_type …(+1),0.0,NO,NO_CONTENT_LINK_DETECTED
SC-0507,BIS_Products_Full_Information_v2.xlsx,Products_Details,BIS_Scheme_X_Industrial_v2.xlsx,BIS_Scheme_X,11,14,1,10,13,0.0417,SCHEMA_WEAK_OVERLAP,source_url,alternate_names; category; description; keywords; product_id; product_name; related_is_numbers; related_qcos; related_schemes; subcategory,certification_type; is_number; mandatory_voluntary; product; related_product_manual; related_qco; related_sit; requirements; scheme_code; scheme_id; scheme_name; scheme_type …(+1),0.0,NO,NO_CONTENT_LINK_DETECTED
SC-0508,BIS_Products_Full_Information_v2.xlsx,Products_Details,BIS_Schemes_Master.xlsx,BIS_Schemes_Master,11,14,1,10,13,0.0417,SCHEMA_WEAK_OVERLAP,source_url,alternate_names; category; description; keywords; product_id; product_name; related_is_numbers; related_qcos; related_schemes; subcategory,certification_type; is; mandatory_voluntary; product; related_product_manual; related_qco; related_sit; requirements; scheme_code; scheme_id; scheme_name; scheme_type …(+1),0.2188,NO,NO_CONTENT_LINK_DETECTED
SC-0509,BIS_Products_Full_Information_v2.xlsx,Products_Details,BIS_Schemes_Master_Scheme_2.xlsx,BIS_Schemes_Master_Scheme_2,11,14,1,10,13,0.0417,SCHEMA_WEAK_OVERLAP,source_url,alternate_names; category; description; keywords; product_id; product_name; related_is_numbers; related_qcos; related_schemes; subcategory,certification_type; is; mandatory_voluntary; product; related_product_manual; related_qco; related_sit; requirements; scheme_code; scheme_id; scheme_name; scheme_type …(+1),0.2188,NO,NO_CONTENT_LINK_DETECTED
SC-0510,BIS_Products_Full_Information_v2.xlsx,Products_Details,BIS_Standards_Amendments.xlsx,BIS_Standards_Amendments,11,12,1,10,11,0.0455,SCHEMA_WEAK_OVERLAP,source_url,alternate_names; category; description; keywords; product_id; product_name; related_is_numbers; related_qcos; related_schemes; subcategory,amendment_date; amendment_id; amendment_number; document_url; effective_date; new_version; original_version; parent_entity; status; superseded_document; superseding_document,0.0,NO,NO_CONTENT_LINK_DETECTED
SC-0511,BIS_Products_Full_Information_v2.xlsx,Products_Details,BIS_Standards_Details_v2 (1).xlsx,BIS Standards,11,19,0,11,19,0.0,SCHEMA_DISJOINT,,alternate_names; category; description; keywords; product_id; product_name; related_is_numbers; related_qcos; related_schemes; source_url; subcategory,current_status; degree_of_equivalence; document_url; is_number; official_url; part_section; product_category; publication_date; reaffirmation_review_date; revision; revision_date; standard_id …(+7),0.4118,YES,IS_JACCARD=0.41
SC-0512,BIS_Products_Full_Information_v2.xlsx,Products_Details,BIS_Standards_Details_v2.xlsx,BIS Standards,11,19,0,11,19,0.0,SCHEMA_DISJOINT,,alternate_names; category; description; keywords; product_id; product_name; related_is_numbers; related_qcos; related_schemes; source_url; subcategory,current_status; degree_of_equivalence; document_url; is_number; official_url; part_section; product_category; publication_date; reaffirmation_review_date; revision; revision_date; standard_id …(+7),0.4118,YES,IS_JACCARD=0.41
SC-0513,BIS_Products_Full_Information_v2.xlsx,Products_Details,BIS_Standards_Details_v3.xlsx,BIS Standards,11,19,0,11,19,0.0,SCHEMA_DISJOINT,,alternate_names; category; description; keywords; product_id; product_name; related_is_numbers; related_qcos; related_schemes; source_url; subcategory,current_status; degree_of_equivalence; document_url; is_number; official_url; part_section; product_category; publication_date; reaffirmation_review_date; revision; revision_date; standard_id …(+7),0.4118,YES,IS_JACCARD=0.41
SC-0514,BIS_Products_Full_Information_v2.xlsx,Products_Details,BIS_Standards_Intelligence_Master.xlsx,BIS_Standards_Intelligence,11,23,1,10,22,0.0303,SCHEMA_WEAK_OVERLAP,source_url,alternate_names; category; description; keywords; product_id; product_name; related_is_numbers; related_qcos; related_schemes; subcategory,application_procedure; conformity_assessment; eligibility; factory_requirements; fees; forms; infrastructure_requirements; inspection; is_number; laboratory_testing; licence_or_coc_grant; process_controls …(+10),0.3971,YES,IS_JACCARD=0.40
SC-0515,BIS_Products_Full_Information_v2.xlsx,Products_Details,BIS_Standards_Scheme_Mapping.xlsx,BIS_Standards_Scheme_Mapping,11,23,1,10,22,0.0303,SCHEMA_WEAK_OVERLAP,source_url,alternate_names; category; description; keywords; product_id; product_name; related_is_numbers; related_qcos; related_schemes; subcategory,application_procedure; certification_scheme_to_store; conformity_assessment; eligibility; factory_requirements; fees; forms; group; infrastructure_requirements; inspection; is_number; laboratory_testing …(+10),0.2647,NO,NO_CONTENT_LINK_DETECTED
SC-0516,BIS_Products_Full_Information_v2.xlsx,Products_Details,BIS_Testing_Parameters_Master.xlsx,BIS_Testing_Parameters,11,18,1,10,17,0.0357,SCHEMA_WEAK_OVERLAP,source_url,alternate_names; category; description; keywords; product_id; product_name; related_is_numbers; related_qcos; related_schemes; subcategory,acceptance_criteria; clause; is_number; laboratory_requirement; product; rejection_handling; remarks; required_equipment; sample_size; sampling_frequency; source_document; source_page …(+5),0.3971,YES,IS_JACCARD=0.40
SC-0517,BIS_Products_Full_Information_v2.xlsx,Products_Details,bis_circulars (1).csv,bis_circulars (1),11,11,1,10,10,0.0476,SCHEMA_WEAK_OVERLAP,source_url,alternate_names; category; description; keywords; product_id; product_name; related_is_numbers; related_qcos; related_schemes; subcategory,circular_id; circular_number; document_url; effective_date; implementation_instructions; issuing_authority; related_is; release_date; subject; title,0.0129,NO,NO_CONTENT_LINK_DETECTED
SC-0518,BIS_Products_Full_Information_v2.xlsx,Products_Details,bis_gazette_notification.csv,bis_gazette_notification,11,4,0,11,4,0.0,SCHEMA_DISJOINT,,alternate_names; category; description; keywords; product_id; product_name; related_is_numbers; related_qcos; related_schemes; source_url; subcategory,id; related_is; title; unnamed_3,0.039,NO,NO_CONTENT_LINK_DETECTED
SC-0519,BIS_Products_Full_Information_v2.xlsx,Products_Details,bis_laboratories.csv,bis_laboratories,11,11,1,10,10,0.0476,SCHEMA_WEAK_OVERLAP,source_url,alternate_names; category; description; keywords; product_id; product_name; related_is_numbers; related_qcos; related_schemes; subcategory,accreditation_validity; address; city; contact_details; lab_id; lab_name; lab_type; pin; state; tested_is_numbers,0.0288,NO,NO_CONTENT_LINK_DETECTED
SC-0520,BIS_Products_Full_Information_v2.xlsx,Products_Details,bis_product_certification_faq (1).csv,bis_product_certification_faq (1),11,8,2,9,6,0.1176,SCHEMA_WEAK_OVERLAP,category; source_url,alternate_names; description; keywords; product_id; product_name; related_is_numbers; related_qcos; related_schemes; subcategory,answer; faq_id; question; related_is; related_product; related_scheme,0.0,NO,NO_CONTENT_LINK_DETECTED
SC-0521,BIS_Products_Full_Information_v2.xlsx,Products_Details,bis_product_certifications.csv,bis_product_certifications,11,9,1,10,8,0.0526,SCHEMA_WEAK_OVERLAP,source_url,alternate_names; category; description; keywords; product_id; product_name; related_is_numbers; related_qcos; related_schemes; subcategory,applicability; application_procedure; document_url; fee_structure; guideline_title; inspection_testing_norm; scheme_id; scheme_name,0.0,NO,NO_CONTENT_LINK_DETECTED
SC-0522,BIS_Products_Full_Information_v2.xlsx,Products_Details,bis_topic17_hallmarking_centres.csv,bis_topic17_hallmarking_centres,11,14,1,10,13,0.0417,SCHEMA_WEAK_OVERLAP,source_url,alternate_names; category; description; keywords; product_id; product_name; related_is_numbers; related_qcos; related_schemes; subcategory,address; centre_code; centre_id; centre_name; city; district; pin; recognition_status; recognition_status_raw; scope; services; state …(+1),0.0,NO,NO_CONTENT_LINK_DETECTED
SC-0523,BIS_Products_Full_Information_v2.xlsx,Products_Details,bis_topic17_hallmarking_centres_cancelled_suspended.csv,bis_topic17_hallmarking_centres_cancelled_suspended,11,17,1,10,16,0.037,SCHEMA_WEAK_OVERLAP,source_url,alternate_names; category; description; keywords; product_id; product_name; related_is_numbers; related_qcos; related_schemes; subcategory,address; centre_code; centre_id; centre_name; centre_type; city; district; pin; recognition_status; recognition_status_raw; region; scope …(+4),0.0,NO,NO_CONTENT_LINK_DETECTED
SC-0524,BIS_Products_Full_Information_v2.xlsx,Products_Details,data__raw__fmcs_all_fmcs_list_raw.csv,data__raw__fmcs_all_fmcs_list_raw,11,9,1,10,8,0.0526,SCHEMA_WEAK_OVERLAP,source_url,alternate_names; category; description; keywords; product_id; product_name; related_is_numbers; related_qcos; related_schemes; subcategory,cml_no_raw; name_address_raw; retrieved_at; s_no; standard_no_raw; status_raw; validity_date_raw; variety_brand_raw,0.071,NO,NO_CONTENT_LINK_DETECTED
SC-0525,BIS_Products_Full_Information_v2.xlsx,Products_Details,output__extraction_log.csv,output__extraction_log,11,6,0,11,6,0.0,SCHEMA_DISJOINT,,alternate_names; category; description; keywords; product_id; product_name; related_is_numbers; related_qcos; related_schemes; source_url; subcategory,error_type; notes; outcome; retry_count; timestamp; url,0.0,NO,NO_CONTENT_LINK_DETECTED
SC-0526,BIS_Products_Full_Information_v2.xlsx,Products_Details,output__fmcs_country_coverage.csv,output__fmcs_country_coverage,11,3,0,11,3,0.0,SCHEMA_DISJOINT,,alternate_names; category; description; keywords; product_id; product_name; related_is_numbers; related_qcos; related_schemes; source_url; subcategory,country; licence_count; manufacturer_count,0.0,NO,NO_CONTENT_LINK_DETECTED
SC-0527,BIS_Products_Full_Information_v2.xlsx,Products_Details,output__fmcs_is_coverage.csv,output__fmcs_is_coverage,11,3,0,11,3,0.0,SCHEMA_DISJOINT,,alternate_names; category; description; keywords; product_id; product_name; related_is_numbers; related_qcos; related_schemes; source_url; subcategory,is_number; licence_count; manufacturer_count,0.071,NO,NO_CONTENT_LINK_DETECTED
SC-0528,BIS_Products_Full_Information_v2.xlsx,Products_Details,output__source_inventory.csv,output__source_inventory,11,12,0,11,12,0.0,SCHEMA_DISJOINT,,alternate_names; category; description; keywords; product_id; product_name; related_is_numbers; related_qcos; related_schemes; source_url; subcategory,bytes; canonical_document_id; content_type; dedup_status; http_status; last_modified; notes; retrieved_at; sha256; source_title; source_type; url,0.0,NO,NO_CONTENT_LINK_DETECTED
SC-0529,BIS_Products_Full_Information_v2.xlsx,Products_Details,output__topic18_fmcs_manufacturers.csv,output__topic18_fmcs_manufacturers,11,17,1,10,16,0.037,SCHEMA_WEAK_OVERLAP,source_url,alternate_names; category; description; keywords; product_id; product_name; related_is_numbers; related_qcos; related_schemes; subcategory,air; application_requirements; competent_personnel; country; documents; eligibility; factory; fees; is_number; licence; licence_status; machinery_requirements …(+4),0.071,NO,NO_CONTENT_LINK_DETECTED
SC-0530,BIS_Products_Full_Information_v2.xlsx,Products_Details,output__topic19_official_documents.csv,output__topic19_official_documents,11,17,1,10,16,0.037,SCHEMA_WEAK_OVERLAP,source_url,alternate_names; category; description; keywords; product_id; product_name; related_is_numbers; related_qcos; related_schemes; subcategory,access_status; date; document_id; document_title; document_type; download_url; effective_date; is_number; license_access_restriction; local_file; page_count; product …(+4),0.0,NO,NO_CONTENT_LINK_DETECTED
SC-0531,BIS_Products_Full_Information_v2.xlsx,Products_Details,output__topic20_provenance.csv,output__topic20_provenance,11,19,1,10,18,0.0345,SCHEMA_WEAK_OVERLAP,source_url,alternate_names; category; description; keywords; product_id; product_name; related_is_numbers; related_qcos; related_schemes; subcategory,clause; confidence; document_hash; document_id; document_title; effective_date; entity_type; evidence_text; field_name; field_value; page; record_id …(+6),0.0,NO,NO_CONTENT_LINK_DETECTED
SC-0532,BIS_Products_Full_Information_v2.xlsx,Products_Details,output__unresolved_records.csv,output__unresolved_records,11,6,0,11,6,0.0,SCHEMA_DISJOINT,,alternate_names; category; description; keywords; product_id; product_name; related_is_numbers; related_qcos; related_schemes; source_url; subcategory,attempted_source_url; entity_type; field_name; reason; record_id; resolution_needed,0.0,NO,NO_CONTENT_LINK_DETECTED
SC-0533,BIS_QCO-schema_2.xlsx,BIS_QCO-schema_2,BIS_QCO_Master_Records (1).xlsx,QCO_Master_Records,22,22,22,0,0,1.0,SCHEMA_IDENTICAL,amendments; corrigendas; current_status; deferments; department; effective_date; exclusions; extensions; is_numbers; mandatory_status; ministry; notification_date; notification_number; official_document_url; product; qco_id; qco_name; qco_number; schemes; scope …(+2),,,0.6341,YES,SCHEMA_JACCARD>=0.25; IS_JACCARD=0.63; SCHEME_JACCARD=0.50; DOC_JACCARD=0.53; SAME_DOMAIN=03_QCO
SC-0534,BIS_QCO-schema_2.xlsx,BIS_QCO-schema_2,BIS_QCO_Master_Records.xlsx,QCO_Master_Details,22,22,22,0,0,1.0,SCHEMA_IDENTICAL,amendments; corrigendas; current_status; deferments; department; effective_date; exclusions; extensions; is_numbers; mandatory_status; ministry; notification_date; notification_number; official_document_url; product; qco_id; qco_name; qco_number; schemes; scope …(+2),,,0.1429,YES,SCHEMA_JACCARD>=0.25; SAME_DOMAIN=03_QCO
SC-0535,BIS_QCO-schema_2.xlsx,BIS_QCO-schema_2,BIS_QCO_Master_Records_v3.xlsx,QCO_Master_Records,22,22,22,0,0,1.0,SCHEMA_IDENTICAL,amendments; corrigendas; current_status; deferments; department; effective_date; exclusions; extensions; is_numbers; mandatory_status; ministry; notification_date; notification_number; official_document_url; product; qco_id; qco_name; qco_number; schemes; scope …(+2),,,0.3462,YES,SCHEMA_JACCARD>=0.25; IS_JACCARD=0.30; PRODUCT_JACCARD=0.35; SAME_DOMAIN=03_QCO
SC-0536,BIS_QCO-schema_2.xlsx,BIS_QCO-schema_2,BIS_QCO_Master_Scheme_1.xlsx,BIS_QCO_Master_Scheme_1,22,11,4,18,7,0.1379,SCHEMA_WEAK_OVERLAP,ministry; notification_number; product; scope,amendments; corrigendas; current_status; deferments; department; effective_date; exclusions; extensions; is_numbers; mandatory_status; notification_date; official_document_url …(+6),amendments_extensions; effective_implementation_date; exemptions; is_number; mandatory_voluntary_status; qco_order; source_gazette_url,1.0,YES,IS_JACCARD=1.00; PRODUCT_JACCARD=0.55; QCO_JACCARD=0.35; DOC_JACCARD=0.35; SAME_DOMAIN=03_QCO
SC-0537,BIS_QCO-schema_2.xlsx,BIS_QCO-schema_2,BIS_QCO_Summary.xlsx,QCO_Summary,22,7,0,22,7,0.0,SCHEMA_DISJOINT,,amendments; corrigendas; current_status; deferments; department; effective_date; exclusions; extensions; is_numbers; mandatory_status; ministry; notification_date …(+10),key_scope_exclusions_amendments; ministry_department; notification_no_date; product_standard_is; qco_name_identifier; scheme_status; source_document_link,0.9,YES,IS_JACCARD=0.90; QCO_JACCARD=0.33; SAME_DOMAIN=03_QCO
SC-0538,BIS_QCO-schema_2.xlsx,BIS_QCO-schema_2,BIS_Recognized_Laboratories.xlsx,BIS_Recognized_Labs,22,14,1,21,13,0.0286,SCHEMA_WEAK_OVERLAP,source_url,amendments; corrigendas; current_status; deferments; department; effective_date; exclusions; extensions; is_numbers; mandatory_status; ministry; notification_date …(+9),address; city; contact_number; contact_person; district; email; lab_code; lab_id; lab_name; recognition_status; scope_url; state …(+1),0.0,NO,NO_CONTENT_LINK_DETECTED
SC-0539,BIS_QCO-schema_2.xlsx,BIS_QCO-schema_2,BIS_Scheme_IV_FMCS.xlsx,BIS_FMCS_Scheme_IV,22,13,3,19,10,0.0938,SCHEMA_WEAK_OVERLAP,product; scope; source_url,amendments; corrigendas; current_status; deferments; department; effective_date; exclusions; extensions; is_numbers; mandatory_status; ministry; notification_date …(+7),certification_type; is_number; mandatory_voluntary; related_product_manual; related_qco; related_sit; requirements; scheme_id_code; scheme_name; scheme_type,1.0,YES,IS_JACCARD=1.00; PRODUCT_JACCARD=0.52
SC-0540,BIS_QCO-schema_2.xlsx,BIS_QCO-schema_2,BIS_Scheme_X_Industrial.xlsx,BIS_Scheme_X,22,14,3,19,11,0.0909,SCHEMA_WEAK_OVERLAP,product; scope; source_url,amendments; corrigendas; current_status; deferments; department; effective_date; exclusions; extensions; is_numbers; mandatory_status; ministry; notification_date …(+7),certification_type; is_number; mandatory_voluntary; related_product_manual; related_qco; related_sit; requirements; scheme_code; scheme_id; scheme_name; scheme_type,0.0455,NO,NO_CONTENT_LINK_DETECTED
SC-0541,BIS_QCO-schema_2.xlsx,BIS_QCO-schema_2,BIS_Scheme_X_Industrial_v2.xlsx,BIS_Scheme_X,22,14,3,19,11,0.0909,SCHEMA_WEAK_OVERLAP,product; scope; source_url,amendments; corrigendas; current_status; deferments; department; effective_date; exclusions; extensions; is_numbers; mandatory_status; ministry; notification_date …(+7),certification_type; is_number; mandatory_voluntary; related_product_manual; related_qco; related_sit; requirements; scheme_code; scheme_id; scheme_name; scheme_type,0.0455,NO,NO_CONTENT_LINK_DETECTED
SC-0542,BIS_QCO-schema_2.xlsx,BIS_QCO-schema_2,BIS_Schemes_Master.xlsx,BIS_Schemes_Master,22,14,3,19,11,0.0909,SCHEMA_WEAK_OVERLAP,product; scope; source_url,amendments; corrigendas; current_status; deferments; department; effective_date; exclusions; extensions; is_numbers; mandatory_status; ministry; notification_date …(+7),certification_type; is; mandatory_voluntary; related_product_manual; related_qco; related_sit; requirements; scheme_code; scheme_id; scheme_name; scheme_type,0.4643,YES,PRODUCT_JACCARD=0.46
SC-0543,BIS_QCO-schema_2.xlsx,BIS_QCO-schema_2,BIS_Schemes_Master_Scheme_2.xlsx,BIS_Schemes_Master_Scheme_2,22,14,3,19,11,0.0909,SCHEMA_WEAK_OVERLAP,product; scope; source_url,amendments; corrigendas; current_status; deferments; department; effective_date; exclusions; extensions; is_numbers; mandatory_status; ministry; notification_date …(+7),certification_type; is; mandatory_voluntary; related_product_manual; related_qco; related_sit; requirements; scheme_code; scheme_id; scheme_name; scheme_type,0.4643,YES,PRODUCT_JACCARD=0.46
SC-0544,BIS_QCO-schema_2.xlsx,BIS_QCO-schema_2,BIS_Standards_Amendments.xlsx,BIS_Standards_Amendments,22,12,2,20,10,0.0625,SCHEMA_WEAK_OVERLAP,effective_date; source_url,amendments; corrigendas; current_status; deferments; department; exclusions; extensions; is_numbers; mandatory_status; ministry; notification_date; notification_number …(+8),amendment_date; amendment_id; amendment_number; document_url; new_version; original_version; parent_entity; status; superseded_document; superseding_document,0.0,NO,NO_CONTENT_LINK_DETECTED
SC-0545,BIS_QCO-schema_2.xlsx,BIS_QCO-schema_2,BIS_Standards_Details_v2 (1).xlsx,BIS Standards,22,19,1,21,18,0.025,SCHEMA_WEAK_OVERLAP,current_status,amendments; corrigendas; deferments; department; effective_date; exclusions; extensions; is_numbers; mandatory_status; ministry; notification_date; notification_number …(+9),degree_of_equivalence; document_url; is_number; official_url; part_section; product_category; publication_date; reaffirmation_review_date; revision; revision_date; standard_id; subcommittee …(+6),0.8889,YES,IS_JACCARD=0.89
SC-0546,BIS_QCO-schema_2.xlsx,BIS_QCO-schema_2,BIS_Standards_Details_v2.xlsx,BIS Standards,22,19,1,21,18,0.025,SCHEMA_WEAK_OVERLAP,current_status,amendments; corrigendas; deferments; department; effective_date; exclusions; extensions; is_numbers; mandatory_status; ministry; notification_date; notification_number …(+9),degree_of_equivalence; document_url; is_number; official_url; part_section; product_category; publication_date; reaffirmation_review_date; revision; revision_date; standard_id; subcommittee …(+6),0.8889,YES,IS_JACCARD=0.89
SC-0547,BIS_QCO-schema_2.xlsx,BIS_QCO-schema_2,BIS_Standards_Details_v3.xlsx,BIS Standards,22,19,1,21,18,0.025,SCHEMA_WEAK_OVERLAP,current_status,amendments; corrigendas; deferments; department; effective_date; exclusions; extensions; is_numbers; mandatory_status; ministry; notification_date; notification_number …(+9),degree_of_equivalence; document_url; is_number; official_url; part_section; product_category; publication_date; reaffirmation_review_date; revision; revision_date; standard_id; subcommittee …(+6),0.8889,YES,IS_JACCARD=0.89
SC-0548,BIS_QCO-schema_2.xlsx,BIS_QCO-schema_2,BIS_Standards_Intelligence_Master.xlsx,BIS_Standards_Intelligence,22,23,2,20,21,0.0465,SCHEMA_WEAK_OVERLAP,product; source_url,amendments; corrigendas; current_status; deferments; department; effective_date; exclusions; extensions; is_numbers; mandatory_status; ministry; notification_date …(+8),application_procedure; conformity_assessment; eligibility; factory_requirements; fees; forms; infrastructure_requirements; inspection; is_number; laboratory_testing; licence_or_coc_grant; process_controls …(+9),0.9091,YES,IS_JACCARD=0.91; PRODUCT_JACCARD=0.47
SC-0549,BIS_QCO-schema_2.xlsx,BIS_QCO-schema_2,BIS_Standards_Scheme_Mapping.xlsx,BIS_Standards_Scheme_Mapping,22,23,1,21,22,0.0227,SCHEMA_WEAK_OVERLAP,source_url,amendments; corrigendas; current_status; deferments; department; effective_date; exclusions; extensions; is_numbers; mandatory_status; ministry; notification_date …(+9),application_procedure; certification_scheme_to_store; conformity_assessment; eligibility; factory_requirements; fees; forms; group; infrastructure_requirements; inspection; is_number; laboratory_testing …(+10),0.5,YES,IS_JACCARD=0.50
SC-0550,BIS_QCO-schema_2.xlsx,BIS_QCO-schema_2,BIS_Testing_Parameters_Master.xlsx,BIS_Testing_Parameters,22,18,2,20,16,0.0526,SCHEMA_WEAK_OVERLAP,product; source_url,amendments; corrigendas; current_status; deferments; department; effective_date; exclusions; extensions; is_numbers; mandatory_status; ministry; notification_date …(+8),acceptance_criteria; clause; is_number; laboratory_requirement; rejection_handling; remarks; required_equipment; sample_size; sampling_frequency; source_document; source_page; test_frequency …(+4),0.9091,YES,IS_JACCARD=0.91; PRODUCT_JACCARD=0.46
SC-0551,BIS_QCO-schema_2.xlsx,BIS_QCO-schema_2,bis_circulars (1).csv,bis_circulars (1),22,11,2,20,9,0.0645,SCHEMA_WEAK_OVERLAP,effective_date; source_url,amendments; corrigendas; current_status; deferments; department; exclusions; extensions; is_numbers; mandatory_status; ministry; notification_date; notification_number …(+8),circular_id; circular_number; document_url; implementation_instructions; issuing_authority; related_is; release_date; subject; title,0.008,NO,NO_CONTENT_LINK_DETECTED
SC-0552,BIS_QCO-schema_2.xlsx,BIS_QCO-schema_2,bis_gazette_notification.csv,bis_gazette_notification,22,4,0,22,4,0.0,SCHEMA_DISJOINT,,amendments; corrigendas; current_status; deferments; department; effective_date; exclusions; extensions; is_numbers; mandatory_status; ministry; notification_date …(+10),id; related_is; title; unnamed_3,0.0331,NO,NO_CONTENT_LINK_DETECTED
SC-0553,BIS_QCO-schema_2.xlsx,BIS_QCO-schema_2,bis_laboratories.csv,bis_laboratories,22,11,1,21,10,0.0312,SCHEMA_WEAK_OVERLAP,source_url,amendments; corrigendas; current_status; deferments; department; effective_date; exclusions; extensions; is_numbers; mandatory_status; ministry; notification_date …(+9),accreditation_validity; address; city; contact_details; lab_id; lab_name; lab_type; pin; state; tested_is_numbers,0.0207,NO,NO_CONTENT_LINK_DETECTED
SC-0554,BIS_QCO-schema_2.xlsx,BIS_QCO-schema_2,bis_product_certification_faq (1).csv,bis_product_certification_faq (1),22,8,1,21,7,0.0345,SCHEMA_WEAK_OVERLAP,source_url,amendments; corrigendas; current_status; deferments; department; effective_date; exclusions; extensions; is_numbers; mandatory_status; ministry; notification_date …(+9),answer; category; faq_id; question; related_is; related_product; related_scheme,0.5,YES,SCHEME_JACCARD=0.50
SC-0555,BIS_QCO-schema_2.xlsx,BIS_QCO-schema_2,bis_product_certifications.csv,bis_product_certifications,22,9,1,21,8,0.0333,SCHEMA_WEAK_OVERLAP,source_url,amendments; corrigendas; current_status; deferments; department; effective_date; exclusions; extensions; is_numbers; mandatory_status; ministry; notification_date …(+9),applicability; application_procedure; document_url; fee_structure; guideline_title; inspection_testing_norm; scheme_id; scheme_name,0.3333,YES,SCHEME_JACCARD=0.33
SC-0556,BIS_QCO-schema_2.xlsx,BIS_QCO-schema_2,bis_topic17_hallmarking_centres.csv,bis_topic17_hallmarking_centres,22,14,2,20,12,0.0588,SCHEMA_WEAK_OVERLAP,scope; source_url,amendments; corrigendas; current_status; deferments; department; effective_date; exclusions; extensions; is_numbers; mandatory_status; ministry; notification_date …(+8),address; centre_code; centre_id; centre_name; city; district; pin; recognition_status; recognition_status_raw; services; state; validity,0.0,NO,NO_CONTENT_LINK_DETECTED
SC-0557,BIS_QCO-schema_2.xlsx,BIS_QCO-schema_2,bis_topic17_hallmarking_centres_cancelled_suspended.csv,bis_topic17_hallmarking_centres_cancelled_suspended,22,17,2,20,15,0.0541,SCHEMA_WEAK_OVERLAP,scope; source_url,amendments; corrigendas; current_status; deferments; department; effective_date; exclusions; extensions; is_numbers; mandatory_status; ministry; notification_date …(+8),address; centre_code; centre_id; centre_name; centre_type; city; district; pin; recognition_status; recognition_status_raw; region; services …(+3),0.0,NO,NO_CONTENT_LINK_DETECTED
SC-0558,BIS_QCO-schema_2.xlsx,BIS_QCO-schema_2,data__raw__fmcs_all_fmcs_list_raw.csv,data__raw__fmcs_all_fmcs_list_raw,22,9,1,21,8,0.0333,SCHEMA_WEAK_OVERLAP,source_url,amendments; corrigendas; current_status; deferments; department; effective_date; exclusions; extensions; is_numbers; mandatory_status; ministry; notification_date …(+9),cml_no_raw; name_address_raw; retrieved_at; s_no; standard_no_raw; status_raw; validity_date_raw; variety_brand_raw,0.0525,NO,NO_CONTENT_LINK_DETECTED
SC-0559,BIS_QCO-schema_2.xlsx,BIS_QCO-schema_2,output__extraction_log.csv,output__extraction_log,22,6,0,22,6,0.0,SCHEMA_DISJOINT,,amendments; corrigendas; current_status; deferments; department; effective_date; exclusions; extensions; is_numbers; mandatory_status; ministry; notification_date …(+10),error_type; notes; outcome; retry_count; timestamp; url,0.0,NO,NO_CONTENT_LINK_DETECTED
SC-0560,BIS_QCO-schema_2.xlsx,BIS_QCO-schema_2,output__fmcs_country_coverage.csv,output__fmcs_country_coverage,22,3,0,22,3,0.0,SCHEMA_DISJOINT,,amendments; corrigendas; current_status; deferments; department; effective_date; exclusions; extensions; is_numbers; mandatory_status; ministry; notification_date …(+10),country; licence_count; manufacturer_count,0.0,NO,NO_CONTENT_LINK_DETECTED
SC-0561,BIS_QCO-schema_2.xlsx,BIS_QCO-schema_2,output__fmcs_is_coverage.csv,output__fmcs_is_coverage,22,3,0,22,3,0.0,SCHEMA_DISJOINT,,amendments; corrigendas; current_status; deferments; department; effective_date; exclusions; extensions; is_numbers; mandatory_status; ministry; notification_date …(+10),is_number; licence_count; manufacturer_count,0.0525,NO,NO_CONTENT_LINK_DETECTED
SC-0562,BIS_QCO-schema_2.xlsx,BIS_QCO-schema_2,output__source_inventory.csv,output__source_inventory,22,12,0,22,12,0.0,SCHEMA_DISJOINT,,amendments; corrigendas; current_status; deferments; department; effective_date; exclusions; extensions; is_numbers; mandatory_status; ministry; notification_date …(+10),bytes; canonical_document_id; content_type; dedup_status; http_status; last_modified; notes; retrieved_at; sha256; source_title; source_type; url,0.0,NO,NO_CONTENT_LINK_DETECTED
SC-0563,BIS_QCO-schema_2.xlsx,BIS_QCO-schema_2,output__topic18_fmcs_manufacturers.csv,output__topic18_fmcs_manufacturers,22,17,2,20,15,0.0541,SCHEMA_WEAK_OVERLAP,product; source_url,amendments; corrigendas; current_status; deferments; department; effective_date; exclusions; extensions; is_numbers; mandatory_status; ministry; notification_date …(+8),air; application_requirements; competent_personnel; country; documents; eligibility; factory; fees; is_number; licence; licence_status; machinery_requirements …(+3),0.0525,NO,NO_CONTENT_LINK_DETECTED
SC-0564,BIS_QCO-schema_2.xlsx,BIS_QCO-schema_2,output__topic19_official_documents.csv,output__topic19_official_documents,22,17,3,19,14,0.0833,SCHEMA_WEAK_OVERLAP,effective_date; product; source_url,amendments; corrigendas; current_status; deferments; department; exclusions; extensions; is_numbers; mandatory_status; ministry; notification_date; notification_number …(+7),access_status; date; document_id; document_title; document_type; download_url; is_number; license_access_restriction; local_file; page_count; qco; scheme …(+2),0.0,NO,NO_CONTENT_LINK_DETECTED
SC-0565,BIS_QCO-schema_2.xlsx,BIS_QCO-schema_2,output__topic20_provenance.csv,output__topic20_provenance,22,19,2,20,17,0.0513,SCHEMA_WEAK_OVERLAP,effective_date; source_url,amendments; corrigendas; current_status; deferments; department; exclusions; extensions; is_numbers; mandatory_status; ministry; notification_date; notification_number …(+8),clause; confidence; document_hash; document_id; document_title; entity_type; evidence_text; field_name; field_value; page; record_id; retrieval_timestamp …(+5),0.0,NO,NO_CONTENT_LINK_DETECTED
SC-0566,BIS_QCO-schema_2.xlsx,BIS_QCO-schema_2,output__unresolved_records.csv,output__unresolved_records,22,6,0,22,6,0.0,SCHEMA_DISJOINT,,amendments; corrigendas; current_status; deferments; department; effective_date; exclusions; extensions; is_numbers; mandatory_status; ministry; notification_date …(+10),attempted_source_url; entity_type; field_name; reason; record_id; resolution_needed,0.0,NO,NO_CONTENT_LINK_DETECTED
SC-0567,BIS_QCO_Master_Records (1).xlsx,QCO_Master_Records,BIS_QCO_Master_Records.xlsx,QCO_Master_Details,22,22,22,0,0,1.0,SCHEMA_IDENTICAL,amendments; corrigendas; current_status; deferments; department; effective_date; exclusions; extensions; is_numbers; mandatory_status; ministry; notification_date; notification_number; official_document_url; product; qco_id; qco_name; qco_number; schemes; scope …(+2),,,0.5,YES,SCHEMA_JACCARD>=0.25; PHASE1_CANDIDATE_GROUP=NAMECAND-004; SCHEME_JACCARD=0.50; SAME_DOMAIN=03_QCO
SC-0568,BIS_QCO_Master_Records (1).xlsx,QCO_Master_Records,BIS_QCO_Master_Records_v3.xlsx,QCO_Master_Records,22,22,22,0,0,1.0,SCHEMA_IDENTICAL,amendments; corrigendas; current_status; deferments; department; effective_date; exclusions; extensions; is_numbers; mandatory_status; ministry; notification_date; notification_number; official_document_url; product; qco_id; qco_name; qco_number; schemes; scope …(+2),,,0.5,YES,SCHEMA_JACCARD>=0.25; PHASE1_CANDIDATE_GROUP=NAMECAND-004; IS_JACCARD=0.39; SCHEME_JACCARD=0.50; SAME_DOMAIN=03_QCO
SC-0569,BIS_QCO_Master_Records (1).xlsx,QCO_Master_Records,BIS_QCO_Master_Scheme_1.xlsx,BIS_QCO_Master_Scheme_1,22,11,4,18,7,0.1379,SCHEMA_WEAK_OVERLAP,ministry; notification_number; product; scope,amendments; corrigendas; current_status; deferments; department; effective_date; exclusions; extensions; is_numbers; mandatory_status; notification_date; official_document_url …(+6),amendments_extensions; effective_implementation_date; exemptions; is_number; mandatory_voluntary_status; qco_order; source_gazette_url,0.6341,YES,IS_JACCARD=0.63; DOC_JACCARD=0.35; SAME_DOMAIN=03_QCO
SC-0570,BIS_QCO_Master_Records (1).xlsx,QCO_Master_Records,BIS_QCO_Summary.xlsx,QCO_Summary,22,7,0,22,7,0.0,SCHEMA_DISJOINT,,amendments; corrigendas; current_status; deferments; department; effective_date; exclusions; extensions; is_numbers; mandatory_status; ministry; notification_date …(+10),key_scope_exclusions_amendments; ministry_department; notification_no_date; product_standard_is; qco_name_identifier; scheme_status; source_document_link,0.7027,YES,IS_JACCARD=0.70; QCO_JACCARD=0.49; SAME_DOMAIN=03_QCO
SC-0571,BIS_QCO_Master_Records (1).xlsx,QCO_Master_Records,BIS_Recognized_Laboratories.xlsx,BIS_Recognized_Labs,22,14,1,21,13,0.0286,SCHEMA_WEAK_OVERLAP,source_url,amendments; corrigendas; current_status; deferments; department; effective_date; exclusions; extensions; is_numbers; mandatory_status; ministry; notification_date …(+9),address; city; contact_number; contact_person; district; email; lab_code; lab_id; lab_name; recognition_status; scope_url; state …(+1),0.0,NO,NO_CONTENT_LINK_DETECTED
SC-0572,BIS_QCO_Master_Records (1).xlsx,QCO_Master_Records,BIS_Scheme_IV_FMCS.xlsx,BIS_FMCS_Scheme_IV,22,13,3,19,10,0.0938,SCHEMA_WEAK_OVERLAP,product; scope; source_url,amendments; corrigendas; current_status; deferments; department; effective_date; exclusions; extensions; is_numbers; mandatory_status; ministry; notification_date …(+7),certification_type; is_number; mandatory_voluntary; related_product_manual; related_qco; related_sit; requirements; scheme_id_code; scheme_name; scheme_type,0.6341,YES,IS_JACCARD=0.63
SC-0573,BIS_QCO_Master_Records (1).xlsx,QCO_Master_Records,BIS_Scheme_X_Industrial.xlsx,BIS_Scheme_X,22,14,3,19,11,0.0909,SCHEMA_WEAK_OVERLAP,product; scope; source_url,amendments; corrigendas; current_status; deferments; department; effective_date; exclusions; extensions; is_numbers; mandatory_status; ministry; notification_date …(+7),certification_type; is_number; mandatory_voluntary; related_product_manual; related_qco; related_sit; requirements; scheme_code; scheme_id; scheme_name; scheme_type,0.0408,NO,NO_CONTENT_LINK_DETECTED
SC-0574,BIS_QCO_Master_Records (1).xlsx,QCO_Master_Records,BIS_Scheme_X_Industrial_v2.xlsx,BIS_Scheme_X,22,14,3,19,11,0.0909,SCHEMA_WEAK_OVERLAP,product; scope; source_url,amendments; corrigendas; current_status; deferments; department; effective_date; exclusions; extensions; is_numbers; mandatory_status; ministry; notification_date …(+7),certification_type; is_number; mandatory_voluntary; related_product_manual; related_qco; related_sit; requirements; scheme_code; scheme_id; scheme_name; scheme_type,0.0408,NO,NO_CONTENT_LINK_DETECTED
SC-0575,BIS_QCO_Master_Records (1).xlsx,QCO_Master_Records,BIS_Schemes_Master.xlsx,BIS_Schemes_Master,22,14,3,19,11,0.0909,SCHEMA_WEAK_OVERLAP,product; scope; source_url,amendments; corrigendas; current_status; deferments; department; effective_date; exclusions; extensions; is_numbers; mandatory_status; ministry; notification_date …(+7),certification_type; is; mandatory_voluntary; related_product_manual; related_qco; related_sit; requirements; scheme_code; scheme_id; scheme_name; scheme_type,0.1702,NO,NO_CONTENT_LINK_DETECTED
SC-0576,BIS_QCO_Master_Records (1).xlsx,QCO_Master_Records,BIS_Schemes_Master_Scheme_2.xlsx,BIS_Schemes_Master_Scheme_2,22,14,3,19,11,0.0909,SCHEMA_WEAK_OVERLAP,product; scope; source_url,amendments; corrigendas; current_status; deferments; department; effective_date; exclusions; extensions; is_numbers; mandatory_status; ministry; notification_date …(+7),certification_type; is; mandatory_voluntary; related_product_manual; related_qco; related_sit; requirements; scheme_code; scheme_id; scheme_name; scheme_type,0.1702,NO,NO_CONTENT_LINK_DETECTED
SC-0577,BIS_QCO_Master_Records (1).xlsx,QCO_Master_Records,BIS_Standards_Amendments.xlsx,BIS_Standards_Amendments,22,12,2,20,10,0.0625,SCHEMA_WEAK_OVERLAP,effective_date; source_url,amendments; corrigendas; current_status; deferments; department; exclusions; extensions; is_numbers; mandatory_status; ministry; notification_date; notification_number …(+8),amendment_date; amendment_id; amendment_number; document_url; new_version; original_version; parent_entity; status; superseded_document; superseding_document,0.0,NO,NO_CONTENT_LINK_DETECTED
SC-0578,BIS_QCO_Master_Records (1).xlsx,QCO_Master_Records,BIS_Standards_Details_v2 (1).xlsx,BIS Standards,22,19,1,21,18,0.025,SCHEMA_WEAK_OVERLAP,current_status,amendments; corrigendas; deferments; department; effective_date; exclusions; extensions; is_numbers; mandatory_status; ministry; notification_date; notification_number …(+9),degree_of_equivalence; document_url; is_number; official_url; part_section; product_category; publication_date; reaffirmation_review_date; revision; revision_date; standard_id; subcommittee …(+6),0.5652,YES,IS_JACCARD=0.57
SC-0579,BIS_QCO_Master_Records (1).xlsx,QCO_Master_Records,BIS_Standards_Details_v2.xlsx,BIS Standards,22,19,1,21,18,0.025,SCHEMA_WEAK_OVERLAP,current_status,amendments; corrigendas; deferments; department; effective_date; exclusions; extensions; is_numbers; mandatory_status; ministry; notification_date; notification_number …(+9),degree_of_equivalence; document_url; is_number; official_url; part_section; product_category; publication_date; reaffirmation_review_date; revision; revision_date; standard_id; subcommittee …(+6),0.5652,YES,IS_JACCARD=0.57
SC-0580,BIS_QCO_Master_Records (1).xlsx,QCO_Master_Records,BIS_Standards_Details_v3.xlsx,BIS Standards,22,19,1,21,18,0.025,SCHEMA_WEAK_OVERLAP,current_status,amendments; corrigendas; deferments; department; effective_date; exclusions; extensions; is_numbers; mandatory_status; ministry; notification_date; notification_number …(+9),degree_of_equivalence; document_url; is_number; official_url; part_section; product_category; publication_date; reaffirmation_review_date; revision; revision_date; standard_id; subcommittee …(+6),0.5652,YES,IS_JACCARD=0.57
SC-0581,BIS_QCO_Master_Records (1).xlsx,QCO_Master_Records,BIS_Standards_Intelligence_Master.xlsx,BIS_Standards_Intelligence,22,23,2,20,21,0.0465,SCHEMA_WEAK_OVERLAP,product; source_url,amendments; corrigendas; current_status; deferments; department; effective_date; exclusions; extensions; is_numbers; mandatory_status; ministry; notification_date …(+8),application_procedure; conformity_assessment; eligibility; factory_requirements; fees; forms; infrastructure_requirements; inspection; is_number; laboratory_testing; licence_or_coc_grant; process_controls …(+9),0.5778,YES,IS_JACCARD=0.58
SC-0582,BIS_QCO_Master_Records (1).xlsx,QCO_Master_Records,BIS_Standards_Scheme_Mapping.xlsx,BIS_Standards_Scheme_Mapping,22,23,1,21,22,0.0227,SCHEMA_WEAK_OVERLAP,source_url,amendments; corrigendas; current_status; deferments; department; effective_date; exclusions; extensions; is_numbers; mandatory_status; ministry; notification_date …(+9),application_procedure; certification_scheme_to_store; conformity_assessment; eligibility; factory_requirements; fees; forms; group; infrastructure_requirements; inspection; is_number; laboratory_testing …(+10),0.55,YES,IS_JACCARD=0.55
SC-0583,BIS_QCO_Master_Records (1).xlsx,QCO_Master_Records,BIS_Testing_Parameters_Master.xlsx,BIS_Testing_Parameters,22,18,2,20,16,0.0526,SCHEMA_WEAK_OVERLAP,product; source_url,amendments; corrigendas; current_status; deferments; department; effective_date; exclusions; extensions; is_numbers; mandatory_status; ministry; notification_date …(+8),acceptance_criteria; clause; is_number; laboratory_requirement; rejection_handling; remarks; required_equipment; sample_size; sampling_frequency; source_document; source_page; test_frequency …(+4),0.5778,YES,IS_JACCARD=0.58
SC-0584,BIS_QCO_Master_Records (1).xlsx,QCO_Master_Records,bis_circulars (1).csv,bis_circulars (1),22,11,2,20,9,0.0645,SCHEMA_WEAK_OVERLAP,effective_date; source_url,amendments; corrigendas; current_status; deferments; department; exclusions; extensions; is_numbers; mandatory_status; ministry; notification_date; notification_number …(+8),circular_id; circular_number; document_url; implementation_instructions; issuing_authority; related_is; release_date; subject; title,0.0081,NO,NO_CONTENT_LINK_DETECTED
SC-0585,BIS_QCO_Master_Records (1).xlsx,QCO_Master_Records,bis_gazette_notification.csv,bis_gazette_notification,22,4,0,22,4,0.0,SCHEMA_DISJOINT,,amendments; corrigendas; current_status; deferments; department; effective_date; exclusions; extensions; is_numbers; mandatory_status; ministry; notification_date …(+10),id; related_is; title; unnamed_3,0.0288,NO,NO_CONTENT_LINK_DETECTED
SC-0586,BIS_QCO_Master_Records (1).xlsx,QCO_Master_Records,bis_laboratories.csv,bis_laboratories,22,11,1,21,10,0.0312,SCHEMA_WEAK_OVERLAP,source_url,amendments; corrigendas; current_status; deferments; department; effective_date; exclusions; extensions; is_numbers; mandatory_status; ministry; notification_date …(+9),accreditation_validity; address; city; contact_details; lab_id; lab_name; lab_type; pin; state; tested_is_numbers,0.0182,NO,NO_CONTENT_LINK_DETECTED
SC-0587,BIS_QCO_Master_Records (1).xlsx,QCO_Master_Records,bis_product_certification_faq (1).csv,bis_product_certification_faq (1),22,8,1,21,7,0.0345,SCHEMA_WEAK_OVERLAP,source_url,amendments; corrigendas; current_status; deferments; department; effective_date; exclusions; extensions; is_numbers; mandatory_status; ministry; notification_date …(+9),answer; category; faq_id; question; related_is; related_product; related_scheme,0.3333,YES,SCHEME_JACCARD=0.33
SC-0588,BIS_QCO_Master_Records (1).xlsx,QCO_Master_Records,bis_product_certifications.csv,bis_product_certifications,22,9,1,21,8,0.0333,SCHEMA_WEAK_OVERLAP,source_url,amendments; corrigendas; current_status; deferments; department; effective_date; exclusions; extensions; is_numbers; mandatory_status; ministry; notification_date …(+9),applicability; application_procedure; document_url; fee_structure; guideline_title; inspection_testing_norm; scheme_id; scheme_name,0.25,NO,NO_CONTENT_LINK_DETECTED
SC-0589,BIS_QCO_Master_Records (1).xlsx,QCO_Master_Records,bis_topic17_hallmarking_centres.csv,bis_topic17_hallmarking_centres,22,14,2,20,12,0.0588,SCHEMA_WEAK_OVERLAP,scope; source_url,amendments; corrigendas; current_status; deferments; department; effective_date; exclusions; extensions; is_numbers; mandatory_status; ministry; notification_date …(+8),address; centre_code; centre_id; centre_name; city; district; pin; recognition_status; recognition_status_raw; services; state; validity,0.0,NO,NO_CONTENT_LINK_DETECTED
SC-0590,BIS_QCO_Master_Records (1).xlsx,QCO_Master_Records,bis_topic17_hallmarking_centres_cancelled_suspended.csv,bis_topic17_hallmarking_centres_cancelled_suspended,22,17,2,20,15,0.0541,SCHEMA_WEAK_OVERLAP,scope; source_url,amendments; corrigendas; current_status; deferments; department; effective_date; exclusions; extensions; is_numbers; mandatory_status; ministry; notification_date …(+8),address; centre_code; centre_id; centre_name; centre_type; city; district; pin; recognition_status; recognition_status_raw; region; services …(+3),0.0,NO,NO_CONTENT_LINK_DETECTED
SC-0591,BIS_QCO_Master_Records (1).xlsx,QCO_Master_Records,data__raw__fmcs_all_fmcs_list_raw.csv,data__raw__fmcs_all_fmcs_list_raw,22,9,1,21,8,0.0333,SCHEMA_WEAK_OVERLAP,source_url,amendments; corrigendas; current_status; deferments; department; effective_date; exclusions; extensions; is_numbers; mandatory_status; ministry; notification_date …(+9),cml_no_raw; name_address_raw; retrieved_at; s_no; standard_no_raw; status_raw; validity_date_raw; variety_brand_raw,0.0395,NO,NO_CONTENT_LINK_DETECTED
SC-0592,BIS_QCO_Master_Records (1).xlsx,QCO_Master_Records,output__extraction_log.csv,output__extraction_log,22,6,0,22,6,0.0,SCHEMA_DISJOINT,,amendments; corrigendas; current_status; deferments; department; effective_date; exclusions; extensions; is_numbers; mandatory_status; ministry; notification_date …(+10),error_type; notes; outcome; retry_count; timestamp; url,0.0,NO,NO_CONTENT_LINK_DETECTED
SC-0593,BIS_QCO_Master_Records (1).xlsx,QCO_Master_Records,output__fmcs_country_coverage.csv,output__fmcs_country_coverage,22,3,0,22,3,0.0,SCHEMA_DISJOINT,,amendments; corrigendas; current_status; deferments; department; effective_date; exclusions; extensions; is_numbers; mandatory_status; ministry; notification_date …(+10),country; licence_count; manufacturer_count,0.0,NO,NO_CONTENT_LINK_DETECTED
SC-0594,BIS_QCO_Master_Records (1).xlsx,QCO_Master_Records,output__fmcs_is_coverage.csv,output__fmcs_is_coverage,22,3,0,22,3,0.0,SCHEMA_DISJOINT,,amendments; corrigendas; current_status; deferments; department; effective_date; exclusions; extensions; is_numbers; mandatory_status; ministry; notification_date …(+10),is_number; licence_count; manufacturer_count,0.0395,NO,NO_CONTENT_LINK_DETECTED
SC-0595,BIS_QCO_Master_Records (1).xlsx,QCO_Master_Records,output__source_inventory.csv,output__source_inventory,22,12,0,22,12,0.0,SCHEMA_DISJOINT,,amendments; corrigendas; current_status; deferments; department; effective_date; exclusions; extensions; is_numbers; mandatory_status; ministry; notification_date …(+10),bytes; canonical_document_id; content_type; dedup_status; http_status; last_modified; notes; retrieved_at; sha256; source_title; source_type; url,0.0,NO,NO_CONTENT_LINK_DETECTED
SC-0596,BIS_QCO_Master_Records (1).xlsx,QCO_Master_Records,output__topic18_fmcs_manufacturers.csv,output__topic18_fmcs_manufacturers,22,17,2,20,15,0.0541,SCHEMA_WEAK_OVERLAP,product; source_url,amendments; corrigendas; current_status; deferments; department; effective_date; exclusions; extensions; is_numbers; mandatory_status; ministry; notification_date …(+8),air; application_requirements; competent_personnel; country; documents; eligibility; factory; fees; is_number; licence; licence_status; machinery_requirements …(+3),0.0395,NO,NO_CONTENT_LINK_DETECTED
SC-0597,BIS_QCO_Master_Records (1).xlsx,QCO_Master_Records,output__topic19_official_documents.csv,output__topic19_official_documents,22,17,3,19,14,0.0833,SCHEMA_WEAK_OVERLAP,effective_date; product; source_url,amendments; corrigendas; current_status; deferments; department; exclusions; extensions; is_numbers; mandatory_status; ministry; notification_date; notification_number …(+7),access_status; date; document_id; document_title; document_type; download_url; is_number; license_access_restriction; local_file; page_count; qco; scheme …(+2),0.0,NO,NO_CONTENT_LINK_DETECTED
SC-0598,BIS_QCO_Master_Records (1).xlsx,QCO_Master_Records,output__topic20_provenance.csv,output__topic20_provenance,22,19,2,20,17,0.0513,SCHEMA_WEAK_OVERLAP,effective_date; source_url,amendments; corrigendas; current_status; deferments; department; exclusions; extensions; is_numbers; mandatory_status; ministry; notification_date; notification_number …(+8),clause; confidence; document_hash; document_id; document_title; entity_type; evidence_text; field_name; field_value; page; record_id; retrieval_timestamp …(+5),0.0,NO,NO_CONTENT_LINK_DETECTED
SC-0599,BIS_QCO_Master_Records (1).xlsx,QCO_Master_Records,output__unresolved_records.csv,output__unresolved_records,22,6,0,22,6,0.0,SCHEMA_DISJOINT,,amendments; corrigendas; current_status; deferments; department; effective_date; exclusions; extensions; is_numbers; mandatory_status; ministry; notification_date …(+10),attempted_source_url; entity_type; field_name; reason; record_id; resolution_needed,0.0,NO,NO_CONTENT_LINK_DETECTED
SC-0600,BIS_QCO_Master_Records.xlsx,QCO_Master_Details,BIS_QCO_Master_Records_v3.xlsx,QCO_Master_Records,22,22,22,0,0,1.0,SCHEMA_IDENTICAL,amendments; corrigendas; current_status; deferments; department; effective_date; exclusions; extensions; is_numbers; mandatory_status; ministry; notification_date; notification_number; official_document_url; product; qco_id; qco_name; qco_number; schemes; scope …(+2),,,1.0,YES,SCHEMA_JACCARD>=0.25; PHASE1_CANDIDATE_GROUP=NAMECAND-004; SCHEME_JACCARD=1.00; SAME_DOMAIN=03_QCO
SC-0601,BIS_QCO_Master_Records.xlsx,QCO_Master_Details,BIS_QCO_Master_Scheme_1.xlsx,BIS_QCO_Master_Scheme_1,22,11,4,18,7,0.1379,SCHEMA_WEAK_OVERLAP,ministry; notification_number; product; scope,amendments; corrigendas; current_status; deferments; department; effective_date; exclusions; extensions; is_numbers; mandatory_status; notification_date; official_document_url …(+6),amendments_extensions; effective_implementation_date; exemptions; is_number; mandatory_voluntary_status; qco_order; source_gazette_url,0.1818,YES,SAME_DOMAIN=03_QCO
SC-0602,BIS_QCO_Master_Records.xlsx,QCO_Master_Details,BIS_QCO_Summary.xlsx,QCO_Summary,22,7,0,22,7,0.0,SCHEMA_DISJOINT,,amendments; corrigendas; current_status; deferments; department; effective_date; exclusions; extensions; is_numbers; mandatory_status; ministry; notification_date …(+10),key_scope_exclusions_amendments; ministry_department; notification_no_date; product_standard_is; qco_name_identifier; scheme_status; source_document_link,0.1154,YES,SAME_DOMAIN=03_QCO
SC-0603,BIS_QCO_Master_Records.xlsx,QCO_Master_Details,BIS_Recognized_Laboratories.xlsx,BIS_Recognized_Labs,22,14,1,21,13,0.0286,SCHEMA_WEAK_OVERLAP,source_url,amendments; corrigendas; current_status; deferments; department; effective_date; exclusions; extensions; is_numbers; mandatory_status; ministry; notification_date …(+9),address; city; contact_number; contact_person; district; email; lab_code; lab_id; lab_name; recognition_status; scope_url; state …(+1),0.0,NO,NO_CONTENT_LINK_DETECTED
SC-0604,BIS_QCO_Master_Records.xlsx,QCO_Master_Details,BIS_Scheme_IV_FMCS.xlsx,BIS_FMCS_Scheme_IV,22,13,3,19,10,0.0938,SCHEMA_WEAK_OVERLAP,product; scope; source_url,amendments; corrigendas; current_status; deferments; department; effective_date; exclusions; extensions; is_numbers; mandatory_status; ministry; notification_date …(+7),certification_type; is_number; mandatory_voluntary; related_product_manual; related_qco; related_sit; requirements; scheme_id_code; scheme_name; scheme_type,0.0976,NO,NO_CONTENT_LINK_DETECTED
SC-0605,BIS_QCO_Master_Records.xlsx,QCO_Master_Details,BIS_Scheme_X_Industrial.xlsx,BIS_Scheme_X,22,14,3,19,11,0.0909,SCHEMA_WEAK_OVERLAP,product; scope; source_url,amendments; corrigendas; current_status; deferments; department; effective_date; exclusions; extensions; is_numbers; mandatory_status; ministry; notification_date …(+7),certification_type; is_number; mandatory_voluntary; related_product_manual; related_qco; related_sit; requirements; scheme_code; scheme_id; scheme_name; scheme_type,0.0,NO,NO_CONTENT_LINK_DETECTED
SC-0606,BIS_QCO_Master_Records.xlsx,QCO_Master_Details,BIS_Scheme_X_Industrial_v2.xlsx,BIS_Scheme_X,22,14,3,19,11,0.0909,SCHEMA_WEAK_OVERLAP,product; scope; source_url,amendments; corrigendas; current_status; deferments; department; effective_date; exclusions; extensions; is_numbers; mandatory_status; ministry; notification_date …(+7),certification_type; is_number; mandatory_voluntary; related_product_manual; related_qco; related_sit; requirements; scheme_code; scheme_id; scheme_name; scheme_type,0.0,NO,NO_CONTENT_LINK_DETECTED
SC-0607,BIS_QCO_Master_Records.xlsx,QCO_Master_Details,BIS_Schemes_Master.xlsx,BIS_Schemes_Master,22,14,3,19,11,0.0909,SCHEMA_WEAK_OVERLAP,product; scope; source_url,amendments; corrigendas; current_status; deferments; department; effective_date; exclusions; extensions; is_numbers; mandatory_status; ministry; notification_date …(+7),certification_type; is; mandatory_voluntary; related_product_manual; related_qco; related_sit; requirements; scheme_code; scheme_id; scheme_name; scheme_type,0.15,NO,NO_CONTENT_LINK_DETECTED
SC-0608,BIS_QCO_Master_Records.xlsx,QCO_Master_Details,BIS_Schemes_Master_Scheme_2.xlsx,BIS_Schemes_Master_Scheme_2,22,14,3,19,11,0.0909,SCHEMA_WEAK_OVERLAP,product; scope; source_url,amendments; corrigendas; current_status; deferments; department; effective_date; exclusions; extensions; is_numbers; mandatory_status; ministry; notification_date …(+7),certification_type; is; mandatory_voluntary; related_product_manual; related_qco; related_sit; requirements; scheme_code; scheme_id; scheme_name; scheme_type,0.15,NO,NO_CONTENT_LINK_DETECTED
SC-0609,BIS_QCO_Master_Records.xlsx,QCO_Master_Details,BIS_Standards_Amendments.xlsx,BIS_Standards_Amendments,22,12,2,20,10,0.0625,SCHEMA_WEAK_OVERLAP,effective_date; source_url,amendments; corrigendas; current_status; deferments; department; exclusions; extensions; is_numbers; mandatory_status; ministry; notification_date; notification_number …(+8),amendment_date; amendment_id; amendment_number; document_url; new_version; original_version; parent_entity; status; superseded_document; superseding_document,0.0,NO,NO_CONTENT_LINK_DETECTED
SC-0610,BIS_QCO_Master_Records.xlsx,QCO_Master_Details,BIS_Standards_Details_v2 (1).xlsx,BIS Standards,22,19,1,21,18,0.025,SCHEMA_WEAK_OVERLAP,current_status,amendments; corrigendas; deferments; department; effective_date; exclusions; extensions; is_numbers; mandatory_status; ministry; notification_date; notification_number …(+9),degree_of_equivalence; document_url; is_number; official_url; part_section; product_category; publication_date; reaffirmation_review_date; revision; revision_date; standard_id; subcommittee …(+6),0.087,NO,NO_CONTENT_LINK_DETECTED
SC-0611,BIS_QCO_Master_Records.xlsx,QCO_Master_Details,BIS_Standards_Details_v2.xlsx,BIS Standards,22,19,1,21,18,0.025,SCHEMA_WEAK_OVERLAP,current_status,amendments; corrigendas; deferments; department; effective_date; exclusions; extensions; is_numbers; mandatory_status; ministry; notification_date; notification_number …(+9),degree_of_equivalence; document_url; is_number; official_url; part_section; product_category; publication_date; reaffirmation_review_date; revision; revision_date; standard_id; subcommittee …(+6),0.087,NO,NO_CONTENT_LINK_DETECTED
SC-0612,BIS_QCO_Master_Records.xlsx,QCO_Master_Details,BIS_Standards_Details_v3.xlsx,BIS Standards,22,19,1,21,18,0.025,SCHEMA_WEAK_OVERLAP,current_status,amendments; corrigendas; deferments; department; effective_date; exclusions; extensions; is_numbers; mandatory_status; ministry; notification_date; notification_number …(+9),degree_of_equivalence; document_url; is_number; official_url; part_section; product_category; publication_date; reaffirmation_review_date; revision; revision_date; standard_id; subcommittee …(+6),0.087,NO,NO_CONTENT_LINK_DETECTED
SC-0613,BIS_QCO_Master_Records.xlsx,QCO_Master_Details,BIS_Standards_Intelligence_Master.xlsx,BIS_Standards_Intelligence,22,23,2,20,21,0.0465,SCHEMA_WEAK_OVERLAP,product; source_url,amendments; corrigendas; current_status; deferments; department; effective_date; exclusions; extensions; is_numbers; mandatory_status; ministry; notification_date …(+8),application_procedure; conformity_assessment; eligibility; factory_requirements; fees; forms; infrastructure_requirements; inspection; is_number; laboratory_testing; licence_or_coc_grant; process_controls …(+9),0.0889,NO,NO_CONTENT_LINK_DETECTED
SC-0614,BIS_QCO_Master_Records.xlsx,QCO_Master_Details,BIS_Standards_Scheme_Mapping.xlsx,BIS_Standards_Scheme_Mapping,22,23,1,21,22,0.0227,SCHEMA_WEAK_OVERLAP,source_url,amendments; corrigendas; current_status; deferments; department; effective_date; exclusions; extensions; is_numbers; mandatory_status; ministry; notification_date …(+9),application_procedure; certification_scheme_to_store; conformity_assessment; eligibility; factory_requirements; fees; forms; group; infrastructure_requirements; inspection; is_number; laboratory_testing …(+10),0.1429,NO,NO_CONTENT_LINK_DETECTED
SC-0615,BIS_QCO_Master_Records.xlsx,QCO_Master_Details,BIS_Testing_Parameters_Master.xlsx,BIS_Testing_Parameters,22,18,2,20,16,0.0526,SCHEMA_WEAK_OVERLAP,product; source_url,amendments; corrigendas; current_status; deferments; department; effective_date; exclusions; extensions; is_numbers; mandatory_status; ministry; notification_date …(+8),acceptance_criteria; clause; is_number; laboratory_requirement; rejection_handling; remarks; required_equipment; sample_size; sampling_frequency; source_document; source_page; test_frequency …(+4),0.0889,NO,NO_CONTENT_LINK_DETECTED
SC-0616,BIS_QCO_Master_Records.xlsx,QCO_Master_Details,bis_circulars (1).csv,bis_circulars (1),22,11,2,20,9,0.0645,SCHEMA_WEAK_OVERLAP,effective_date; source_url,amendments; corrigendas; current_status; deferments; department; exclusions; extensions; is_numbers; mandatory_status; ministry; notification_date; notification_number …(+8),circular_id; circular_number; document_url; implementation_instructions; issuing_authority; related_is; release_date; subject; title,0.001,NO,NO_CONTENT_LINK_DETECTED
SC-0617,BIS_QCO_Master_Records.xlsx,QCO_Master_Details,bis_gazette_notification.csv,bis_gazette_notification,22,4,0,22,4,0.0,SCHEMA_DISJOINT,,amendments; corrigendas; current_status; deferments; department; effective_date; exclusions; extensions; is_numbers; mandatory_status; ministry; notification_date …(+10),id; related_is; title; unnamed_3,0.0065,NO,NO_CONTENT_LINK_DETECTED
SC-0618,BIS_QCO_Master_Records.xlsx,QCO_Master_Details,bis_laboratories.csv,bis_laboratories,22,11,1,21,10,0.0312,SCHEMA_WEAK_OVERLAP,source_url,amendments; corrigendas; current_status; deferments; department; effective_date; exclusions; extensions; is_numbers; mandatory_status; ministry; notification_date …(+9),accreditation_validity; address; city; contact_details; lab_id; lab_name; lab_type; pin; state; tested_is_numbers,0.0046,NO,NO_CONTENT_LINK_DETECTED
SC-0619,BIS_QCO_Master_Records.xlsx,QCO_Master_Details,bis_product_certification_faq (1).csv,bis_product_certification_faq (1),22,8,1,21,7,0.0345,SCHEMA_WEAK_OVERLAP,source_url,amendments; corrigendas; current_status; deferments; department; effective_date; exclusions; extensions; is_numbers; mandatory_status; ministry; notification_date …(+9),answer; category; faq_id; question; related_is; related_product; related_scheme,0.0,NO,NO_CONTENT_LINK_DETECTED
SC-0620,BIS_QCO_Master_Records.xlsx,QCO_Master_Details,bis_product_certifications.csv,bis_product_certifications,22,9,1,21,8,0.0333,SCHEMA_WEAK_OVERLAP,source_url,amendments; corrigendas; current_status; deferments; department; effective_date; exclusions; extensions; is_numbers; mandatory_status; ministry; notification_date …(+9),applicability; application_procedure; document_url; fee_structure; guideline_title; inspection_testing_norm; scheme_id; scheme_name,0.0,NO,NO_CONTENT_LINK_DETECTED
SC-0621,BIS_QCO_Master_Records.xlsx,QCO_Master_Details,bis_topic17_hallmarking_centres.csv,bis_topic17_hallmarking_centres,22,14,2,20,12,0.0588,SCHEMA_WEAK_OVERLAP,scope; source_url,amendments; corrigendas; current_status; deferments; department; effective_date; exclusions; extensions; is_numbers; mandatory_status; ministry; notification_date …(+8),address; centre_code; centre_id; centre_name; city; district; pin; recognition_status; recognition_status_raw; services; state; validity,0.0,NO,NO_CONTENT_LINK_DETECTED
SC-0622,BIS_QCO_Master_Records.xlsx,QCO_Master_Details,bis_topic17_hallmarking_centres_cancelled_suspended.csv,bis_topic17_hallmarking_centres_cancelled_suspended,22,17,2,20,15,0.0541,SCHEMA_WEAK_OVERLAP,scope; source_url,amendments; corrigendas; current_status; deferments; department; effective_date; exclusions; extensions; is_numbers; mandatory_status; ministry; notification_date …(+8),address; centre_code; centre_id; centre_name; centre_type; city; district; pin; recognition_status; recognition_status_raw; region; services …(+3),0.0,NO,NO_CONTENT_LINK_DETECTED
SC-0623,BIS_QCO_Master_Records.xlsx,QCO_Master_Details,data__raw__fmcs_all_fmcs_list_raw.csv,data__raw__fmcs_all_fmcs_list_raw,22,9,1,21,8,0.0333,SCHEMA_WEAK_OVERLAP,source_url,amendments; corrigendas; current_status; deferments; department; effective_date; exclusions; extensions; is_numbers; mandatory_status; ministry; notification_date …(+9),cml_no_raw; name_address_raw; retrieved_at; s_no; standard_no_raw; status_raw; validity_date_raw; variety_brand_raw,0.0087,NO,NO_CONTENT_LINK_DETECTED
SC-0624,BIS_QCO_Master_Records.xlsx,QCO_Master_Details,output__extraction_log.csv,output__extraction_log,22,6,0,22,6,0.0,SCHEMA_DISJOINT,,amendments; corrigendas; current_status; deferments; department; effective_date; exclusions; extensions; is_numbers; mandatory_status; ministry; notification_date …(+10),error_type; notes; outcome; retry_count; timestamp; url,0.0,NO,NO_CONTENT_LINK_DETECTED
SC-0625,BIS_QCO_Master_Records.xlsx,QCO_Master_Details,output__fmcs_country_coverage.csv,output__fmcs_country_coverage,22,3,0,22,3,0.0,SCHEMA_DISJOINT,,amendments; corrigendas; current_status; deferments; department; effective_date; exclusions; extensions; is_numbers; mandatory_status; ministry; notification_date …(+10),country; licence_count; manufacturer_count,0.0,NO,NO_CONTENT_LINK_DETECTED
SC-0626,BIS_QCO_Master_Records.xlsx,QCO_Master_Details,output__fmcs_is_coverage.csv,output__fmcs_is_coverage,22,3,0,22,3,0.0,SCHEMA_DISJOINT,,amendments; corrigendas; current_status; deferments; department; effective_date; exclusions; extensions; is_numbers; mandatory_status; ministry; notification_date …(+10),is_number; licence_count; manufacturer_count,0.0087,NO,NO_CONTENT_LINK_DETECTED
SC-0627,BIS_QCO_Master_Records.xlsx,QCO_Master_Details,output__source_inventory.csv,output__source_inventory,22,12,0,22,12,0.0,SCHEMA_DISJOINT,,amendments; corrigendas; current_status; deferments; department; effective_date; exclusions; extensions; is_numbers; mandatory_status; ministry; notification_date …(+10),bytes; canonical_document_id; content_type; dedup_status; http_status; last_modified; notes; retrieved_at; sha256; source_title; source_type; url,0.0,NO,NO_CONTENT_LINK_DETECTED
SC-0628,BIS_QCO_Master_Records.xlsx,QCO_Master_Details,output__topic18_fmcs_manufacturers.csv,output__topic18_fmcs_manufacturers,22,17,2,20,15,0.0541,SCHEMA_WEAK_OVERLAP,product; source_url,amendments; corrigendas; current_status; deferments; department; effective_date; exclusions; extensions; is_numbers; mandatory_status; ministry; notification_date …(+8),air; application_requirements; competent_personnel; country; documents; eligibility; factory; fees; is_number; licence; licence_status; machinery_requirements …(+3),0.0087,NO,NO_CONTENT_LINK_DETECTED
SC-0629,BIS_QCO_Master_Records.xlsx,QCO_Master_Details,output__topic19_official_documents.csv,output__topic19_official_documents,22,17,3,19,14,0.0833,SCHEMA_WEAK_OVERLAP,effective_date; product; source_url,amendments; corrigendas; current_status; deferments; department; exclusions; extensions; is_numbers; mandatory_status; ministry; notification_date; notification_number …(+7),access_status; date; document_id; document_title; document_type; download_url; is_number; license_access_restriction; local_file; page_count; qco; scheme …(+2),0.0,NO,NO_CONTENT_LINK_DETECTED
SC-0630,BIS_QCO_Master_Records.xlsx,QCO_Master_Details,output__topic20_provenance.csv,output__topic20_provenance,22,19,2,20,17,0.0513,SCHEMA_WEAK_OVERLAP,effective_date; source_url,amendments; corrigendas; current_status; deferments; department; exclusions; extensions; is_numbers; mandatory_status; ministry; notification_date; notification_number …(+8),clause; confidence; document_hash; document_id; document_title; entity_type; evidence_text; field_name; field_value; page; record_id; retrieval_timestamp …(+5),0.0,NO,NO_CONTENT_LINK_DETECTED
SC-0631,BIS_QCO_Master_Records.xlsx,QCO_Master_Details,output__unresolved_records.csv,output__unresolved_records,22,6,0,22,6,0.0,SCHEMA_DISJOINT,,amendments; corrigendas; current_status; deferments; department; effective_date; exclusions; extensions; is_numbers; mandatory_status; ministry; notification_date …(+10),attempted_source_url; entity_type; field_name; reason; record_id; resolution_needed,0.0,NO,NO_CONTENT_LINK_DETECTED
SC-0632,BIS_QCO_Master_Records_v3.xlsx,QCO_Master_Records,BIS_QCO_Master_Scheme_1.xlsx,BIS_QCO_Master_Scheme_1,22,11,4,18,7,0.1379,SCHEMA_WEAK_OVERLAP,ministry; notification_number; product; scope,amendments; corrigendas; current_status; deferments; department; effective_date; exclusions; extensions; is_numbers; mandatory_status; notification_date; official_document_url …(+6),amendments_extensions; effective_implementation_date; exemptions; is_number; mandatory_voluntary_status; qco_order; source_gazette_url,0.3036,YES,IS_JACCARD=0.30; PRODUCT_JACCARD=0.30; SAME_DOMAIN=03_QCO
SC-0633,BIS_QCO_Master_Records_v3.xlsx,QCO_Master_Records,BIS_QCO_Summary.xlsx,QCO_Summary,22,7,0,22,7,0.0,SCHEMA_DISJOINT,,amendments; corrigendas; current_status; deferments; department; effective_date; exclusions; extensions; is_numbers; mandatory_status; ministry; notification_date …(+10),key_scope_exclusions_amendments; ministry_department; notification_no_date; product_standard_is; qco_name_identifier; scheme_status; source_document_link,0.3333,YES,IS_JACCARD=0.33; SAME_DOMAIN=03_QCO
SC-0634,BIS_QCO_Master_Records_v3.xlsx,QCO_Master_Records,BIS_Recognized_Laboratories.xlsx,BIS_Recognized_Labs,22,14,1,21,13,0.0286,SCHEMA_WEAK_OVERLAP,source_url,amendments; corrigendas; current_status; deferments; department; effective_date; exclusions; extensions; is_numbers; mandatory_status; ministry; notification_date …(+9),address; city; contact_number; contact_person; district; email; lab_code; lab_id; lab_name; recognition_status; scope_url; state …(+1),0.0,NO,NO_CONTENT_LINK_DETECTED
SC-0635,BIS_QCO_Master_Records_v3.xlsx,QCO_Master_Records,BIS_Scheme_IV_FMCS.xlsx,BIS_FMCS_Scheme_IV,22,13,3,19,10,0.0938,SCHEMA_WEAK_OVERLAP,product; scope; source_url,amendments; corrigendas; current_status; deferments; department; effective_date; exclusions; extensions; is_numbers; mandatory_status; ministry; notification_date …(+7),certification_type; is_number; mandatory_voluntary; related_product_manual; related_qco; related_sit; requirements; scheme_id_code; scheme_name; scheme_type,0.3,YES,IS_JACCARD=0.30
SC-0636,BIS_QCO_Master_Records_v3.xlsx,QCO_Master_Records,BIS_Scheme_X_Industrial.xlsx,BIS_Scheme_X,22,14,3,19,11,0.0909,SCHEMA_WEAK_OVERLAP,product; scope; source_url,amendments; corrigendas; current_status; deferments; department; effective_date; exclusions; extensions; is_numbers; mandatory_status; ministry; notification_date …(+7),certification_type; is_number; mandatory_voluntary; related_product_manual; related_qco; related_sit; requirements; scheme_code; scheme_id; scheme_name; scheme_type,0.0,NO,NO_CONTENT_LINK_DETECTED
SC-0637,BIS_QCO_Master_Records_v3.xlsx,QCO_Master_Records,BIS_Scheme_X_Industrial_v2.xlsx,BIS_Scheme_X,22,14,3,19,11,0.0909,SCHEMA_WEAK_OVERLAP,product; scope; source_url,amendments; corrigendas; current_status; deferments; department; effective_date; exclusions; extensions; is_numbers; mandatory_status; ministry; notification_date …(+7),certification_type; is_number; mandatory_voluntary; related_product_manual; related_qco; related_sit; requirements; scheme_code; scheme_id; scheme_name; scheme_type,0.0,NO,NO_CONTENT_LINK_DETECTED
SC-0638,BIS_QCO_Master_Records_v3.xlsx,QCO_Master_Records,BIS_Schemes_Master.xlsx,BIS_Schemes_Master,22,14,3,19,11,0.0909,SCHEMA_WEAK_OVERLAP,product; scope; source_url,amendments; corrigendas; current_status; deferments; department; effective_date; exclusions; extensions; is_numbers; mandatory_status; ministry; notification_date …(+7),certification_type; is; mandatory_voluntary; related_product_manual; related_qco; related_sit; requirements; scheme_code; scheme_id; scheme_name; scheme_type,0.2025,NO,NO_CONTENT_LINK_DETECTED
SC-0639,BIS_QCO_Master_Records_v3.xlsx,QCO_Master_Records,BIS_Schemes_Master_Scheme_2.xlsx,BIS_Schemes_Master_Scheme_2,22,14,3,19,11,0.0909,SCHEMA_WEAK_OVERLAP,product; scope; source_url,amendments; corrigendas; current_status; deferments; department; effective_date; exclusions; extensions; is_numbers; mandatory_status; ministry; notification_date …(+7),certification_type; is; mandatory_voluntary; related_product_manual; related_qco; related_sit; requirements; scheme_code; scheme_id; scheme_name; scheme_type,0.2025,NO,NO_CONTENT_LINK_DETECTED
SC-0640,BIS_QCO_Master_Records_v3.xlsx,QCO_Master_Records,BIS_Standards_Amendments.xlsx,BIS_Standards_Amendments,22,12,2,20,10,0.0625,SCHEMA_WEAK_OVERLAP,effective_date; source_url,amendments; corrigendas; current_status; deferments; department; exclusions; extensions; is_numbers; mandatory_status; ministry; notification_date; notification_number …(+8),amendment_date; amendment_id; amendment_number; document_url; new_version; original_version; parent_entity; status; superseded_document; superseding_document,0.0,NO,NO_CONTENT_LINK_DETECTED
SC-0641,BIS_QCO_Master_Records_v3.xlsx,QCO_Master_Records,BIS_Standards_Details_v2 (1).xlsx,BIS Standards,22,19,1,21,18,0.025,SCHEMA_WEAK_OVERLAP,current_status,amendments; corrigendas; deferments; department; effective_date; exclusions; extensions; is_numbers; mandatory_status; ministry; notification_date; notification_number …(+9),degree_of_equivalence; document_url; is_number; official_url; part_section; product_category; publication_date; reaffirmation_review_date; revision; revision_date; standard_id; subcommittee …(+6),0.2667,NO,NO_CONTENT_LINK_DETECTED
SC-0642,BIS_QCO_Master_Records_v3.xlsx,QCO_Master_Records,BIS_Standards_Details_v2.xlsx,BIS Standards,22,19,1,21,18,0.025,SCHEMA_WEAK_OVERLAP,current_status,amendments; corrigendas; deferments; department; effective_date; exclusions; extensions; is_numbers; mandatory_status; ministry; notification_date; notification_number …(+9),degree_of_equivalence; document_url; is_number; official_url; part_section; product_category; publication_date; reaffirmation_review_date; revision; revision_date; standard_id; subcommittee …(+6),0.2667,NO,NO_CONTENT_LINK_DETECTED
SC-0643,BIS_QCO_Master_Records_v3.xlsx,QCO_Master_Records,BIS_Standards_Details_v3.xlsx,BIS Standards,22,19,1,21,18,0.025,SCHEMA_WEAK_OVERLAP,current_status,amendments; corrigendas; deferments; department; effective_date; exclusions; extensions; is_numbers; mandatory_status; ministry; notification_date; notification_number …(+9),degree_of_equivalence; document_url; is_number; official_url; part_section; product_category; publication_date; reaffirmation_review_date; revision; revision_date; standard_id; subcommittee …(+6),0.2667,NO,NO_CONTENT_LINK_DETECTED
SC-0644,BIS_QCO_Master_Records_v3.xlsx,QCO_Master_Records,BIS_Standards_Intelligence_Master.xlsx,BIS_Standards_Intelligence,22,23,2,20,21,0.0465,SCHEMA_WEAK_OVERLAP,product; source_url,amendments; corrigendas; current_status; deferments; department; effective_date; exclusions; extensions; is_numbers; mandatory_status; ministry; notification_date …(+8),application_procedure; conformity_assessment; eligibility; factory_requirements; fees; forms; infrastructure_requirements; inspection; is_number; laboratory_testing; licence_or_coc_grant; process_controls …(+9),0.2727,NO,NO_CONTENT_LINK_DETECTED
SC-0645,BIS_QCO_Master_Records_v3.xlsx,QCO_Master_Records,BIS_Standards_Scheme_Mapping.xlsx,BIS_Standards_Scheme_Mapping,22,23,1,21,22,0.0227,SCHEMA_WEAK_OVERLAP,source_url,amendments; corrigendas; current_status; deferments; department; effective_date; exclusions; extensions; is_numbers; mandatory_status; ministry; notification_date …(+9),application_procedure; certification_scheme_to_store; conformity_assessment; eligibility; factory_requirements; fees; forms; group; infrastructure_requirements; inspection; is_number; laboratory_testing …(+10),0.2703,NO,NO_CONTENT_LINK_DETECTED
SC-0646,BIS_QCO_Master_Records_v3.xlsx,QCO_Master_Records,BIS_Testing_Parameters_Master.xlsx,BIS_Testing_Parameters,22,18,2,20,16,0.0526,SCHEMA_WEAK_OVERLAP,product; source_url,amendments; corrigendas; current_status; deferments; department; effective_date; exclusions; extensions; is_numbers; mandatory_status; ministry; notification_date …(+8),acceptance_criteria; clause; is_number; laboratory_requirement; rejection_handling; remarks; required_equipment; sample_size; sampling_frequency; source_document; source_page; test_frequency …(+4),0.2727,NO,NO_CONTENT_LINK_DETECTED
SC-0647,BIS_QCO_Master_Records_v3.xlsx,QCO_Master_Records,bis_circulars (1).csv,bis_circulars (1),22,11,2,20,9,0.0645,SCHEMA_WEAK_OVERLAP,effective_date; source_url,amendments; corrigendas; current_status; deferments; department; exclusions; extensions; is_numbers; mandatory_status; ministry; notification_date; notification_number …(+8),circular_id; circular_number; document_url; implementation_instructions; issuing_authority; related_is; release_date; subject; title,0.0061,NO,NO_CONTENT_LINK_DETECTED
SC-0648,BIS_QCO_Master_Records_v3.xlsx,QCO_Master_Records,bis_gazette_notification.csv,bis_gazette_notification,22,4,0,22,4,0.0,SCHEMA_DISJOINT,,amendments; corrigendas; current_status; deferments; department; effective_date; exclusions; extensions; is_numbers; mandatory_status; ministry; notification_date …(+10),id; related_is; title; unnamed_3,0.0162,NO,NO_CONTENT_LINK_DETECTED
SC-0649,BIS_QCO_Master_Records_v3.xlsx,QCO_Master_Records,bis_laboratories.csv,bis_laboratories,22,11,1,21,10,0.0312,SCHEMA_WEAK_OVERLAP,source_url,amendments; corrigendas; current_status; deferments; department; effective_date; exclusions; extensions; is_numbers; mandatory_status; ministry; notification_date …(+9),accreditation_validity; address; city; contact_details; lab_id; lab_name; lab_type; pin; state; tested_is_numbers,0.0091,NO,NO_CONTENT_LINK_DETECTED
SC-0650,BIS_QCO_Master_Records_v3.xlsx,QCO_Master_Records,bis_product_certification_faq (1).csv,bis_product_certification_faq (1),22,8,1,21,7,0.0345,SCHEMA_WEAK_OVERLAP,source_url,amendments; corrigendas; current_status; deferments; department; effective_date; exclusions; extensions; is_numbers; mandatory_status; ministry; notification_date …(+9),answer; category; faq_id; question; related_is; related_product; related_scheme,0.0,NO,NO_CONTENT_LINK_DETECTED
SC-0651,BIS_QCO_Master_Records_v3.xlsx,QCO_Master_Records,bis_product_certifications.csv,bis_product_certifications,22,9,1,21,8,0.0333,SCHEMA_WEAK_OVERLAP,source_url,amendments; corrigendas; current_status; deferments; department; effective_date; exclusions; extensions; is_numbers; mandatory_status; ministry; notification_date …(+9),applicability; application_procedure; document_url; fee_structure; guideline_title; inspection_testing_norm; scheme_id; scheme_name,0.0,NO,NO_CONTENT_LINK_DETECTED
SC-0652,BIS_QCO_Master_Records_v3.xlsx,QCO_Master_Records,bis_topic17_hallmarking_centres.csv,bis_topic17_hallmarking_centres,22,14,2,20,12,0.0588,SCHEMA_WEAK_OVERLAP,scope; source_url,amendments; corrigendas; current_status; deferments; department; effective_date; exclusions; extensions; is_numbers; mandatory_status; ministry; notification_date …(+8),address; centre_code; centre_id; centre_name; city; district; pin; recognition_status; recognition_status_raw; services; state; validity,0.0,NO,NO_CONTENT_LINK_DETECTED
SC-0653,BIS_QCO_Master_Records_v3.xlsx,QCO_Master_Records,bis_topic17_hallmarking_centres_cancelled_suspended.csv,bis_topic17_hallmarking_centres_cancelled_suspended,22,17,2,20,15,0.0541,SCHEMA_WEAK_OVERLAP,scope; source_url,amendments; corrigendas; current_status; deferments; department; effective_date; exclusions; extensions; is_numbers; mandatory_status; ministry; notification_date …(+8),address; centre_code; centre_id; centre_name; centre_type; city; district; pin; recognition_status; recognition_status_raw; region; services …(+3),0.0,NO,NO_CONTENT_LINK_DETECTED
SC-0654,BIS_QCO_Master_Records_v3.xlsx,QCO_Master_Records,data__raw__fmcs_all_fmcs_list_raw.csv,data__raw__fmcs_all_fmcs_list_raw,22,9,1,21,8,0.0333,SCHEMA_WEAK_OVERLAP,source_url,amendments; corrigendas; current_status; deferments; department; effective_date; exclusions; extensions; is_numbers; mandatory_status; ministry; notification_date …(+9),cml_no_raw; name_address_raw; retrieved_at; s_no; standard_no_raw; status_raw; validity_date_raw; variety_brand_raw,0.0173,NO,NO_CONTENT_LINK_DETECTED
SC-0655,BIS_QCO_Master_Records_v3.xlsx,QCO_Master_Records,output__extraction_log.csv,output__extraction_log,22,6,0,22,6,0.0,SCHEMA_DISJOINT,,amendments; corrigendas; current_status; deferments; department; effective_date; exclusions; extensions; is_numbers; mandatory_status; ministry; notification_date …(+10),error_type; notes; outcome; retry_count; timestamp; url,0.0,NO,NO_CONTENT_LINK_DETECTED
SC-0656,BIS_QCO_Master_Records_v3.xlsx,QCO_Master_Records,output__fmcs_country_coverage.csv,output__fmcs_country_coverage,22,3,0,22,3,0.0,SCHEMA_DISJOINT,,amendments; corrigendas; current_status; deferments; department; effective_date; exclusions; extensions; is_numbers; mandatory_status; ministry; notification_date …(+10),country; licence_count; manufacturer_count,0.0,NO,NO_CONTENT_LINK_DETECTED
SC-0657,BIS_QCO_Master_Records_v3.xlsx,QCO_Master_Records,output__fmcs_is_coverage.csv,output__fmcs_is_coverage,22,3,0,22,3,0.0,SCHEMA_DISJOINT,,amendments; corrigendas; current_status; deferments; department; effective_date; exclusions; extensions; is_numbers; mandatory_status; ministry; notification_date …(+10),is_number; licence_count; manufacturer_count,0.0173,NO,NO_CONTENT_LINK_DETECTED
SC-0658,BIS_QCO_Master_Records_v3.xlsx,QCO_Master_Records,output__source_inventory.csv,output__source_inventory,22,12,0,22,12,0.0,SCHEMA_DISJOINT,,amendments; corrigendas; current_status; deferments; department; effective_date; exclusions; extensions; is_numbers; mandatory_status; ministry; notification_date …(+10),bytes; canonical_document_id; content_type; dedup_status; http_status; last_modified; notes; retrieved_at; sha256; source_title; source_type; url,0.0,NO,NO_CONTENT_LINK_DETECTED
SC-0659,BIS_QCO_Master_Records_v3.xlsx,QCO_Master_Records,output__topic18_fmcs_manufacturers.csv,output__topic18_fmcs_manufacturers,22,17,2,20,15,0.0541,SCHEMA_WEAK_OVERLAP,product; source_url,amendments; corrigendas; current_status; deferments; department; effective_date; exclusions; extensions; is_numbers; mandatory_status; ministry; notification_date …(+8),air; application_requirements; competent_personnel; country; documents; eligibility; factory; fees; is_number; licence; licence_status; machinery_requirements …(+3),0.0173,NO,NO_CONTENT_LINK_DETECTED
SC-0660,BIS_QCO_Master_Records_v3.xlsx,QCO_Master_Records,output__topic19_official_documents.csv,output__topic19_official_documents,22,17,3,19,14,0.0833,SCHEMA_WEAK_OVERLAP,effective_date; product; source_url,amendments; corrigendas; current_status; deferments; department; exclusions; extensions; is_numbers; mandatory_status; ministry; notification_date; notification_number …(+7),access_status; date; document_id; document_title; document_type; download_url; is_number; license_access_restriction; local_file; page_count; qco; scheme …(+2),0.0,NO,NO_CONTENT_LINK_DETECTED
SC-0661,BIS_QCO_Master_Records_v3.xlsx,QCO_Master_Records,output__topic20_provenance.csv,output__topic20_provenance,22,19,2,20,17,0.0513,SCHEMA_WEAK_OVERLAP,effective_date; source_url,amendments; corrigendas; current_status; deferments; department; exclusions; extensions; is_numbers; mandatory_status; ministry; notification_date; notification_number …(+8),clause; confidence; document_hash; document_id; document_title; entity_type; evidence_text; field_name; field_value; page; record_id; retrieval_timestamp …(+5),0.0,NO,NO_CONTENT_LINK_DETECTED
SC-0662,BIS_QCO_Master_Records_v3.xlsx,QCO_Master_Records,output__unresolved_records.csv,output__unresolved_records,22,6,0,22,6,0.0,SCHEMA_DISJOINT,,amendments; corrigendas; current_status; deferments; department; effective_date; exclusions; extensions; is_numbers; mandatory_status; ministry; notification_date …(+10),attempted_source_url; entity_type; field_name; reason; record_id; resolution_needed,0.0,NO,NO_CONTENT_LINK_DETECTED
SC-0663,BIS_QCO_Master_Scheme_1.xlsx,BIS_QCO_Master_Scheme_1,BIS_QCO_Summary.xlsx,QCO_Summary,11,7,0,11,7,0.0,SCHEMA_DISJOINT,,amendments_extensions; effective_implementation_date; exemptions; is_number; mandatory_voluntary_status; ministry; notification_number; product; qco_order; scope; source_gazette_url,key_scope_exclusions_amendments; ministry_department; notification_no_date; product_standard_is; qco_name_identifier; scheme_status; source_document_link,0.9,YES,IS_JACCARD=0.90; QCO_JACCARD=0.40; SAME_DOMAIN=03_QCO
SC-0664,BIS_QCO_Master_Scheme_1.xlsx,BIS_QCO_Master_Scheme_1,BIS_Recognized_Laboratories.xlsx,BIS_Recognized_Labs,11,14,0,11,14,0.0,SCHEMA_DISJOINT,,amendments_extensions; effective_implementation_date; exemptions; is_number; mandatory_voluntary_status; ministry; notification_number; product; qco_order; scope; source_gazette_url,address; city; contact_number; contact_person; district; email; lab_code; lab_id; lab_name; recognition_status; scope_url; source_url …(+2),0.0,NO,NO_CONTENT_LINK_DETECTED
SC-0665,BIS_QCO_Master_Scheme_1.xlsx,BIS_QCO_Master_Scheme_1,BIS_Scheme_IV_FMCS.xlsx,BIS_FMCS_Scheme_IV,11,13,3,8,10,0.1429,SCHEMA_WEAK_OVERLAP,is_number; product; scope,amendments_extensions; effective_implementation_date; exemptions; mandatory_voluntary_status; ministry; notification_number; qco_order; source_gazette_url,certification_type; mandatory_voluntary; related_product_manual; related_qco; related_sit; requirements; scheme_id_code; scheme_name; scheme_type; source_url,1.0,YES,IS_JACCARD=1.00; PRODUCT_JACCARD=0.94
SC-0666,BIS_QCO_Master_Scheme_1.xlsx,BIS_QCO_Master_Scheme_1,BIS_Scheme_X_Industrial.xlsx,BIS_Scheme_X,11,14,3,8,11,0.1364,SCHEMA_WEAK_OVERLAP,is_number; product; scope,amendments_extensions; effective_implementation_date; exemptions; mandatory_voluntary_status; ministry; notification_number; qco_order; source_gazette_url,certification_type; mandatory_voluntary; related_product_manual; related_qco; related_sit; requirements; scheme_code; scheme_id; scheme_name; scheme_type; source_url,0.0667,NO,NO_CONTENT_LINK_DETECTED
SC-0667,BIS_QCO_Master_Scheme_1.xlsx,BIS_QCO_Master_Scheme_1,BIS_Scheme_X_Industrial_v2.xlsx,BIS_Scheme_X,11,14,3,8,11,0.1364,SCHEMA_WEAK_OVERLAP,is_number; product; scope,amendments_extensions; effective_implementation_date; exemptions; mandatory_voluntary_status; ministry; notification_number; qco_order; source_gazette_url,certification_type; mandatory_voluntary; related_product_manual; related_qco; related_sit; requirements; scheme_code; scheme_id; scheme_name; scheme_type; source_url,0.0667,NO,NO_CONTENT_LINK_DETECTED
SC-0668,BIS_QCO_Master_Scheme_1.xlsx,BIS_QCO_Master_Scheme_1,BIS_Schemes_Master.xlsx,BIS_Schemes_Master,11,14,2,9,12,0.087,SCHEMA_WEAK_OVERLAP,product; scope,amendments_extensions; effective_implementation_date; exemptions; is_number; mandatory_voluntary_status; ministry; notification_number; qco_order; source_gazette_url,certification_type; is; mandatory_voluntary; related_product_manual; related_qco; related_sit; requirements; scheme_code; scheme_id; scheme_name; scheme_type; source_url,0.3846,YES,PRODUCT_JACCARD=0.38
SC-0669,BIS_QCO_Master_Scheme_1.xlsx,BIS_QCO_Master_Scheme_1,BIS_Schemes_Master_Scheme_2.xlsx,BIS_Schemes_Master_Scheme_2,11,14,2,9,12,0.087,SCHEMA_WEAK_OVERLAP,product; scope,amendments_extensions; effective_implementation_date; exemptions; is_number; mandatory_voluntary_status; ministry; notification_number; qco_order; source_gazette_url,certification_type; is; mandatory_voluntary; related_product_manual; related_qco; related_sit; requirements; scheme_code; scheme_id; scheme_name; scheme_type; source_url,0.3846,YES,PRODUCT_JACCARD=0.38
SC-0670,BIS_QCO_Master_Scheme_1.xlsx,BIS_QCO_Master_Scheme_1,BIS_Standards_Amendments.xlsx,BIS_Standards_Amendments,11,12,0,11,12,0.0,SCHEMA_DISJOINT,,amendments_extensions; effective_implementation_date; exemptions; is_number; mandatory_voluntary_status; ministry; notification_number; product; qco_order; scope; source_gazette_url,amendment_date; amendment_id; amendment_number; document_url; effective_date; new_version; original_version; parent_entity; source_url; status; superseded_document; superseding_document,0.0,NO,NO_CONTENT_LINK_DETECTED
SC-0671,BIS_QCO_Master_Scheme_1.xlsx,BIS_QCO_Master_Scheme_1,BIS_Standards_Details_v2 (1).xlsx,BIS Standards,11,19,1,10,18,0.0345,SCHEMA_WEAK_OVERLAP,is_number,amendments_extensions; effective_implementation_date; exemptions; mandatory_voluntary_status; ministry; notification_number; product; qco_order; scope; source_gazette_url,current_status; degree_of_equivalence; document_url; official_url; part_section; product_category; publication_date; reaffirmation_review_date; revision; revision_date; standard_id; subcommittee …(+6),0.8889,YES,IS_JACCARD=0.89
SC-0672,BIS_QCO_Master_Scheme_1.xlsx,BIS_QCO_Master_Scheme_1,BIS_Standards_Details_v2.xlsx,BIS Standards,11,19,1,10,18,0.0345,SCHEMA_WEAK_OVERLAP,is_number,amendments_extensions; effective_implementation_date; exemptions; mandatory_voluntary_status; ministry; notification_number; product; qco_order; scope; source_gazette_url,current_status; degree_of_equivalence; document_url; official_url; part_section; product_category; publication_date; reaffirmation_review_date; revision; revision_date; standard_id; subcommittee …(+6),0.8889,YES,IS_JACCARD=0.89
SC-0673,BIS_QCO_Master_Scheme_1.xlsx,BIS_QCO_Master_Scheme_1,BIS_Standards_Details_v3.xlsx,BIS Standards,11,19,1,10,18,0.0345,SCHEMA_WEAK_OVERLAP,is_number,amendments_extensions; effective_implementation_date; exemptions; mandatory_voluntary_status; ministry; notification_number; product; qco_order; scope; source_gazette_url,current_status; degree_of_equivalence; document_url; official_url; part_section; product_category; publication_date; reaffirmation_review_date; revision; revision_date; standard_id; subcommittee …(+6),0.8889,YES,IS_JACCARD=0.89
SC-0674,BIS_QCO_Master_Scheme_1.xlsx,BIS_QCO_Master_Scheme_1,BIS_Standards_Intelligence_Master.xlsx,BIS_Standards_Intelligence,11,23,2,9,21,0.0625,SCHEMA_WEAK_OVERLAP,is_number; product,amendments_extensions; effective_implementation_date; exemptions; mandatory_voluntary_status; ministry; notification_number; qco_order; scope; source_gazette_url,application_procedure; conformity_assessment; eligibility; factory_requirements; fees; forms; infrastructure_requirements; inspection; laboratory_testing; licence_or_coc_grant; process_controls; quality_control …(+9),0.9091,YES,IS_JACCARD=0.91; PRODUCT_JACCARD=0.51
SC-0675,BIS_QCO_Master_Scheme_1.xlsx,BIS_QCO_Master_Scheme_1,BIS_Standards_Scheme_Mapping.xlsx,BIS_Standards_Scheme_Mapping,11,23,1,10,22,0.0303,SCHEMA_WEAK_OVERLAP,is_number,amendments_extensions; effective_implementation_date; exemptions; mandatory_voluntary_status; ministry; notification_number; product; qco_order; scope; source_gazette_url,application_procedure; certification_scheme_to_store; conformity_assessment; eligibility; factory_requirements; fees; forms; group; infrastructure_requirements; inspection; laboratory_testing; licence_or_coc_grant …(+10),0.5,YES,IS_JACCARD=0.50
SC-0676,BIS_QCO_Master_Scheme_1.xlsx,BIS_QCO_Master_Scheme_1,BIS_Testing_Parameters_Master.xlsx,BIS_Testing_Parameters,11,18,2,9,16,0.0741,SCHEMA_WEAK_OVERLAP,is_number; product,amendments_extensions; effective_implementation_date; exemptions; mandatory_voluntary_status; ministry; notification_number; qco_order; scope; source_gazette_url,acceptance_criteria; clause; laboratory_requirement; rejection_handling; remarks; required_equipment; sample_size; sampling_frequency; source_document; source_page; source_url; test_frequency …(+4),0.9091,YES,IS_JACCARD=0.91; PRODUCT_JACCARD=0.50
SC-0677,BIS_QCO_Master_Scheme_1.xlsx,BIS_QCO_Master_Scheme_1,bis_circulars (1).csv,bis_circulars (1),11,11,0,11,11,0.0,SCHEMA_DISJOINT,,amendments_extensions; effective_implementation_date; exemptions; is_number; mandatory_voluntary_status; ministry; notification_number; product; qco_order; scope; source_gazette_url,circular_id; circular_number; document_url; effective_date; implementation_instructions; issuing_authority; related_is; release_date; source_url; subject; title,0.008,NO,NO_CONTENT_LINK_DETECTED
SC-0678,BIS_QCO_Master_Scheme_1.xlsx,BIS_QCO_Master_Scheme_1,bis_gazette_notification.csv,bis_gazette_notification,11,4,0,11,4,0.0,SCHEMA_DISJOINT,,amendments_extensions; effective_implementation_date; exemptions; is_number; mandatory_voluntary_status; ministry; notification_number; product; qco_order; scope; source_gazette_url,id; related_is; title; unnamed_3,0.0331,NO,NO_CONTENT_LINK_DETECTED
SC-0679,BIS_QCO_Master_Scheme_1.xlsx,BIS_QCO_Master_Scheme_1,bis_laboratories.csv,bis_laboratories,11,11,0,11,11,0.0,SCHEMA_DISJOINT,,amendments_extensions; effective_implementation_date; exemptions; is_number; mandatory_voluntary_status; ministry; notification_number; product; qco_order; scope; source_gazette_url,accreditation_validity; address; city; contact_details; lab_id; lab_name; lab_type; pin; source_url; state; tested_is_numbers,0.0207,NO,NO_CONTENT_LINK_DETECTED
SC-0680,BIS_QCO_Master_Scheme_1.xlsx,BIS_QCO_Master_Scheme_1,bis_product_certification_faq (1).csv,bis_product_certification_faq (1),11,8,0,11,8,0.0,SCHEMA_DISJOINT,,amendments_extensions; effective_implementation_date; exemptions; is_number; mandatory_voluntary_status; ministry; notification_number; product; qco_order; scope; source_gazette_url,answer; category; faq_id; question; related_is; related_product; related_scheme; source_url,0.0,NO,NO_CONTENT_LINK_DETECTED
SC-0681,BIS_QCO_Master_Scheme_1.xlsx,BIS_QCO_Master_Scheme_1,bis_product_certifications.csv,bis_product_certifications,11,9,0,11,9,0.0,SCHEMA_DISJOINT,,amendments_extensions; effective_implementation_date; exemptions; is_number; mandatory_voluntary_status; ministry; notification_number; product; qco_order; scope; source_gazette_url,applicability; application_procedure; document_url; fee_structure; guideline_title; inspection_testing_norm; scheme_id; scheme_name; source_url,0.0,NO,NO_CONTENT_LINK_DETECTED
SC-0682,BIS_QCO_Master_Scheme_1.xlsx,BIS_QCO_Master_Scheme_1,bis_topic17_hallmarking_centres.csv,bis_topic17_hallmarking_centres,11,14,1,10,13,0.0417,SCHEMA_WEAK_OVERLAP,scope,amendments_extensions; effective_implementation_date; exemptions; is_number; mandatory_voluntary_status; ministry; notification_number; product; qco_order; source_gazette_url,address; centre_code; centre_id; centre_name; city; district; pin; recognition_status; recognition_status_raw; services; source_url; state …(+1),0.0,NO,NO_CONTENT_LINK_DETECTED
SC-0683,BIS_QCO_Master_Scheme_1.xlsx,BIS_QCO_Master_Scheme_1,bis_topic17_hallmarking_centres_cancelled_suspended.csv,bis_topic17_hallmarking_centres_cancelled_suspended,11,17,1,10,16,0.037,SCHEMA_WEAK_OVERLAP,scope,amendments_extensions; effective_implementation_date; exemptions; is_number; mandatory_voluntary_status; ministry; notification_number; product; qco_order; source_gazette_url,address; centre_code; centre_id; centre_name; centre_type; city; district; pin; recognition_status; recognition_status_raw; region; services …(+4),0.0,NO,NO_CONTENT_LINK_DETECTED
SC-0684,BIS_QCO_Master_Scheme_1.xlsx,BIS_QCO_Master_Scheme_1,data__raw__fmcs_all_fmcs_list_raw.csv,data__raw__fmcs_all_fmcs_list_raw,11,9,0,11,9,0.0,SCHEMA_DISJOINT,,amendments_extensions; effective_implementation_date; exemptions; is_number; mandatory_voluntary_status; ministry; notification_number; product; qco_order; scope; source_gazette_url,cml_no_raw; name_address_raw; retrieved_at; s_no; source_url; standard_no_raw; status_raw; validity_date_raw; variety_brand_raw,0.0525,NO,NO_CONTENT_LINK_DETECTED
SC-0685,BIS_QCO_Master_Scheme_1.xlsx,BIS_QCO_Master_Scheme_1,output__extraction_log.csv,output__extraction_log,11,6,0,11,6,0.0,SCHEMA_DISJOINT,,amendments_extensions; effective_implementation_date; exemptions; is_number; mandatory_voluntary_status; ministry; notification_number; product; qco_order; scope; source_gazette_url,error_type; notes; outcome; retry_count; timestamp; url,0.0,NO,NO_CONTENT_LINK_DETECTED
SC-0686,BIS_QCO_Master_Scheme_1.xlsx,BIS_QCO_Master_Scheme_1,output__fmcs_country_coverage.csv,output__fmcs_country_coverage,11,3,0,11,3,0.0,SCHEMA_DISJOINT,,amendments_extensions; effective_implementation_date; exemptions; is_number; mandatory_voluntary_status; ministry; notification_number; product; qco_order; scope; source_gazette_url,country; licence_count; manufacturer_count,0.0,NO,NO_CONTENT_LINK_DETECTED
SC-0687,BIS_QCO_Master_Scheme_1.xlsx,BIS_QCO_Master_Scheme_1,output__fmcs_is_coverage.csv,output__fmcs_is_coverage,11,3,1,10,2,0.0769,SCHEMA_WEAK_OVERLAP,is_number,amendments_extensions; effective_implementation_date; exemptions; mandatory_voluntary_status; ministry; notification_number; product; qco_order; scope; source_gazette_url,licence_count; manufacturer_count,0.0525,NO,NO_CONTENT_LINK_DETECTED
SC-0688,BIS_QCO_Master_Scheme_1.xlsx,BIS_QCO_Master_Scheme_1,output__source_inventory.csv,output__source_inventory,11,12,0,11,12,0.0,SCHEMA_DISJOINT,,amendments_extensions; effective_implementation_date; exemptions; is_number; mandatory_voluntary_status; ministry; notification_number; product; qco_order; scope; source_gazette_url,bytes; canonical_document_id; content_type; dedup_status; http_status; last_modified; notes; retrieved_at; sha256; source_title; source_type; url,0.0,NO,NO_CONTENT_LINK_DETECTED
SC-0689,BIS_QCO_Master_Scheme_1.xlsx,BIS_QCO_Master_Scheme_1,output__topic18_fmcs_manufacturers.csv,output__topic18_fmcs_manufacturers,11,17,2,9,15,0.0769,SCHEMA_WEAK_OVERLAP,is_number; product,amendments_extensions; effective_implementation_date; exemptions; mandatory_voluntary_status; ministry; notification_number; qco_order; scope; source_gazette_url,air; application_requirements; competent_personnel; country; documents; eligibility; factory; fees; licence; licence_status; machinery_requirements; manufacturer …(+3),0.0525,NO,NO_CONTENT_LINK_DETECTED
SC-0690,BIS_QCO_Master_Scheme_1.xlsx,BIS_QCO_Master_Scheme_1,output__topic19_official_documents.csv,output__topic19_official_documents,11,17,2,9,15,0.0769,SCHEMA_WEAK_OVERLAP,is_number; product,amendments_extensions; effective_implementation_date; exemptions; mandatory_voluntary_status; ministry; notification_number; qco_order; scope; source_gazette_url,access_status; date; document_id; document_title; document_type; download_url; effective_date; license_access_restriction; local_file; page_count; qco; scheme …(+3),0.0,NO,NO_CONTENT_LINK_DETECTED
SC-0691,BIS_QCO_Master_Scheme_1.xlsx,BIS_QCO_Master_Scheme_1,output__topic20_provenance.csv,output__topic20_provenance,11,19,0,11,19,0.0,SCHEMA_DISJOINT,,amendments_extensions; effective_implementation_date; exemptions; is_number; mandatory_voluntary_status; ministry; notification_number; product; qco_order; scope; source_gazette_url,clause; confidence; document_hash; document_id; document_title; effective_date; entity_type; evidence_text; field_name; field_value; page; record_id …(+7),0.0,NO,NO_CONTENT_LINK_DETECTED
SC-0692,BIS_QCO_Master_Scheme_1.xlsx,BIS_QCO_Master_Scheme_1,output__unresolved_records.csv,output__unresolved_records,11,6,0,11,6,0.0,SCHEMA_DISJOINT,,amendments_extensions; effective_implementation_date; exemptions; is_number; mandatory_voluntary_status; ministry; notification_number; product; qco_order; scope; source_gazette_url,attempted_source_url; entity_type; field_name; reason; record_id; resolution_needed,0.0,NO,NO_CONTENT_LINK_DETECTED
SC-0693,BIS_QCO_Summary.xlsx,QCO_Summary,BIS_Recognized_Laboratories.xlsx,BIS_Recognized_Labs,7,14,0,7,14,0.0,SCHEMA_DISJOINT,,key_scope_exclusions_amendments; ministry_department; notification_no_date; product_standard_is; qco_name_identifier; scheme_status; source_document_link,address; city; contact_number; contact_person; district; email; lab_code; lab_id; lab_name; recognition_status; scope_url; source_url …(+2),0.0,NO,NO_CONTENT_LINK_DETECTED
SC-0694,BIS_QCO_Summary.xlsx,QCO_Summary,BIS_Scheme_IV_FMCS.xlsx,BIS_FMCS_Scheme_IV,7,13,0,7,13,0.0,SCHEMA_DISJOINT,,key_scope_exclusions_amendments; ministry_department; notification_no_date; product_standard_is; qco_name_identifier; scheme_status; source_document_link,certification_type; is_number; mandatory_voluntary; product; related_product_manual; related_qco; related_sit; requirements; scheme_id_code; scheme_name; scheme_type; scope …(+1),0.9,YES,IS_JACCARD=0.90
SC-0695,BIS_QCO_Summary.xlsx,QCO_Summary,BIS_Scheme_X_Industrial.xlsx,BIS_Scheme_X,7,14,0,7,14,0.0,SCHEMA_DISJOINT,,key_scope_exclusions_amendments; ministry_department; notification_no_date; product_standard_is; qco_name_identifier; scheme_status; source_document_link,certification_type; is_number; mandatory_voluntary; product; related_product_manual; related_qco; related_sit; requirements; scheme_code; scheme_id; scheme_name; scheme_type …(+2),0.0714,NO,NO_CONTENT_LINK_DETECTED
SC-0696,BIS_QCO_Summary.xlsx,QCO_Summary,BIS_Scheme_X_Industrial_v2.xlsx,BIS_Scheme_X,7,14,0,7,14,0.0,SCHEMA_DISJOINT,,key_scope_exclusions_amendments; ministry_department; notification_no_date; product_standard_is; qco_name_identifier; scheme_status; source_document_link,certification_type; is_number; mandatory_voluntary; product; related_product_manual; related_qco; related_sit; requirements; scheme_code; scheme_id; scheme_name; scheme_type …(+2),0.0714,NO,NO_CONTENT_LINK_DETECTED
SC-0697,BIS_QCO_Summary.xlsx,QCO_Summary,BIS_Schemes_Master.xlsx,BIS_Schemes_Master,7,14,0,7,14,0.0,SCHEMA_DISJOINT,,key_scope_exclusions_amendments; ministry_department; notification_no_date; product_standard_is; qco_name_identifier; scheme_status; source_document_link,certification_type; is; mandatory_voluntary; product; related_product_manual; related_qco; related_sit; requirements; scheme_code; scheme_id; scheme_name; scheme_type …(+2),0.3077,YES,QCO_JACCARD=0.31
SC-0698,BIS_QCO_Summary.xlsx,QCO_Summary,BIS_Schemes_Master_Scheme_2.xlsx,BIS_Schemes_Master_Scheme_2,7,14,0,7,14,0.0,SCHEMA_DISJOINT,,key_scope_exclusions_amendments; ministry_department; notification_no_date; product_standard_is; qco_name_identifier; scheme_status; source_document_link,certification_type; is; mandatory_voluntary; product; related_product_manual; related_qco; related_sit; requirements; scheme_code; scheme_id; scheme_name; scheme_type …(+2),0.3077,YES,QCO_JACCARD=0.31
SC-0699,BIS_QCO_Summary.xlsx,QCO_Summary,BIS_Standards_Amendments.xlsx,BIS_Standards_Amendments,7,12,0,7,12,0.0,SCHEMA_DISJOINT,,key_scope_exclusions_amendments; ministry_department; notification_no_date; product_standard_is; qco_name_identifier; scheme_status; source_document_link,amendment_date; amendment_id; amendment_number; document_url; effective_date; new_version; original_version; parent_entity; source_url; status; superseded_document; superseding_document,0.0,NO,NO_CONTENT_LINK_DETECTED
SC-0700,BIS_QCO_Summary.xlsx,QCO_Summary,BIS_Standards_Details_v2 (1).xlsx,BIS Standards,7,19,0,7,19,0.0,SCHEMA_DISJOINT,,key_scope_exclusions_amendments; ministry_department; notification_no_date; product_standard_is; qco_name_identifier; scheme_status; source_document_link,current_status; degree_of_equivalence; document_url; is_number; official_url; part_section; product_category; publication_date; reaffirmation_review_date; revision; revision_date; standard_id …(+7),0.8,YES,IS_JACCARD=0.80
SC-0701,BIS_QCO_Summary.xlsx,QCO_Summary,BIS_Standards_Details_v2.xlsx,BIS Standards,7,19,0,7,19,0.0,SCHEMA_DISJOINT,,key_scope_exclusions_amendments; ministry_department; notification_no_date; product_standard_is; qco_name_identifier; scheme_status; source_document_link,current_status; degree_of_equivalence; document_url; is_number; official_url; part_section; product_category; publication_date; reaffirmation_review_date; revision; revision_date; standard_id …(+7),0.8,YES,IS_JACCARD=0.80
SC-0702,BIS_QCO_Summary.xlsx,QCO_Summary,BIS_Standards_Details_v3.xlsx,BIS Standards,7,19,0,7,19,0.0,SCHEMA_DISJOINT,,key_scope_exclusions_amendments; ministry_department; notification_no_date; product_standard_is; qco_name_identifier; scheme_status; source_document_link,current_status; degree_of_equivalence; document_url; is_number; official_url; part_section; product_category; publication_date; reaffirmation_review_date; revision; revision_date; standard_id …(+7),0.8,YES,IS_JACCARD=0.80
SC-0703,BIS_QCO_Summary.xlsx,QCO_Summary,BIS_Standards_Intelligence_Master.xlsx,BIS_Standards_Intelligence,7,23,0,7,23,0.0,SCHEMA_DISJOINT,,key_scope_exclusions_amendments; ministry_department; notification_no_date; product_standard_is; qco_name_identifier; scheme_status; source_document_link,application_procedure; conformity_assessment; eligibility; factory_requirements; fees; forms; infrastructure_requirements; inspection; is_number; laboratory_testing; licence_or_coc_grant; process_controls …(+11),0.8182,YES,IS_JACCARD=0.82
SC-0704,BIS_QCO_Summary.xlsx,QCO_Summary,BIS_Standards_Scheme_Mapping.xlsx,BIS_Standards_Scheme_Mapping,7,23,0,7,23,0.0,SCHEMA_DISJOINT,,key_scope_exclusions_amendments; ministry_department; notification_no_date; product_standard_is; qco_name_identifier; scheme_status; source_document_link,application_procedure; certification_scheme_to_store; conformity_assessment; eligibility; factory_requirements; fees; forms; group; infrastructure_requirements; inspection; is_number; laboratory_testing …(+11),0.42,YES,IS_JACCARD=0.42
SC-0705,BIS_QCO_Summary.xlsx,QCO_Summary,BIS_Testing_Parameters_Master.xlsx,BIS_Testing_Parameters,7,18,0,7,18,0.0,SCHEMA_DISJOINT,,key_scope_exclusions_amendments; ministry_department; notification_no_date; product_standard_is; qco_name_identifier; scheme_status; source_document_link,acceptance_criteria; clause; is_number; laboratory_requirement; product; rejection_handling; remarks; required_equipment; sample_size; sampling_frequency; source_document; source_page …(+6),0.8182,YES,IS_JACCARD=0.82
SC-0706,BIS_QCO_Summary.xlsx,QCO_Summary,bis_circulars (1).csv,bis_circulars (1),7,11,0,7,11,0.0,SCHEMA_DISJOINT,,key_scope_exclusions_amendments; ministry_department; notification_no_date; product_standard_is; qco_name_identifier; scheme_status; source_document_link,circular_id; circular_number; document_url; effective_date; implementation_instructions; issuing_authority; related_is; release_date; source_url; subject; title,0.008,NO,NO_CONTENT_LINK_DETECTED
SC-0707,BIS_QCO_Summary.xlsx,QCO_Summary,bis_gazette_notification.csv,bis_gazette_notification,7,4,0,7,4,0.0,SCHEMA_DISJOINT,,key_scope_exclusions_amendments; ministry_department; notification_no_date; product_standard_is; qco_name_identifier; scheme_status; source_document_link,id; related_is; title; unnamed_3,0.0268,NO,NO_CONTENT_LINK_DETECTED
SC-0708,BIS_QCO_Summary.xlsx,QCO_Summary,bis_laboratories.csv,bis_laboratories,7,11,0,7,11,0.0,SCHEMA_DISJOINT,,key_scope_exclusions_amendments; ministry_department; notification_no_date; product_standard_is; qco_name_identifier; scheme_status; source_document_link,accreditation_validity; address; city; contact_details; lab_id; lab_name; lab_type; pin; source_url; state; tested_is_numbers,0.0171,NO,NO_CONTENT_LINK_DETECTED
SC-0709,BIS_QCO_Summary.xlsx,QCO_Summary,bis_product_certification_faq (1).csv,bis_product_certification_faq (1),7,8,0,7,8,0.0,SCHEMA_DISJOINT,,key_scope_exclusions_amendments; ministry_department; notification_no_date; product_standard_is; qco_name_identifier; scheme_status; source_document_link,answer; category; faq_id; question; related_is; related_product; related_scheme; source_url,0.0,NO,NO_CONTENT_LINK_DETECTED
SC-0710,BIS_QCO_Summary.xlsx,QCO_Summary,bis_product_certifications.csv,bis_product_certifications,7,9,0,7,9,0.0,SCHEMA_DISJOINT,,key_scope_exclusions_amendments; ministry_department; notification_no_date; product_standard_is; qco_name_identifier; scheme_status; source_document_link,applicability; application_procedure; document_url; fee_structure; guideline_title; inspection_testing_norm; scheme_id; scheme_name; source_url,0.0,NO,NO_CONTENT_LINK_DETECTED
SC-0711,BIS_QCO_Summary.xlsx,QCO_Summary,bis_topic17_hallmarking_centres.csv,bis_topic17_hallmarking_centres,7,14,0,7,14,0.0,SCHEMA_DISJOINT,,key_scope_exclusions_amendments; ministry_department; notification_no_date; product_standard_is; qco_name_identifier; scheme_status; source_document_link,address; centre_code; centre_id; centre_name; city; district; pin; recognition_status; recognition_status_raw; scope; services; source_url …(+2),0.0,NO,NO_CONTENT_LINK_DETECTED
SC-0712,BIS_QCO_Summary.xlsx,QCO_Summary,bis_topic17_hallmarking_centres_cancelled_suspended.csv,bis_topic17_hallmarking_centres_cancelled_suspended,7,17,0,7,17,0.0,SCHEMA_DISJOINT,,key_scope_exclusions_amendments; ministry_department; notification_no_date; product_standard_is; qco_name_identifier; scheme_status; source_document_link,address; centre_code; centre_id; centre_name; centre_type; city; district; pin; recognition_status; recognition_status_raw; region; scope …(+5),0.0,NO,NO_CONTENT_LINK_DETECTED
SC-0713,BIS_QCO_Summary.xlsx,QCO_Summary,data__raw__fmcs_all_fmcs_list_raw.csv,data__raw__fmcs_all_fmcs_list_raw,7,9,0,7,9,0.0,SCHEMA_DISJOINT,,key_scope_exclusions_amendments; ministry_department; notification_no_date; product_standard_is; qco_name_identifier; scheme_status; source_document_link,cml_no_raw; name_address_raw; retrieved_at; s_no; source_url; standard_no_raw; status_raw; validity_date_raw; variety_brand_raw,0.0443,NO,NO_CONTENT_LINK_DETECTED
SC-0714,BIS_QCO_Summary.xlsx,QCO_Summary,output__extraction_log.csv,output__extraction_log,7,6,0,7,6,0.0,SCHEMA_DISJOINT,,key_scope_exclusions_amendments; ministry_department; notification_no_date; product_standard_is; qco_name_identifier; scheme_status; source_document_link,error_type; notes; outcome; retry_count; timestamp; url,0.0,NO,NO_CONTENT_LINK_DETECTED
SC-0715,BIS_QCO_Summary.xlsx,QCO_Summary,output__fmcs_country_coverage.csv,output__fmcs_country_coverage,7,3,0,7,3,0.0,SCHEMA_DISJOINT,,key_scope_exclusions_amendments; ministry_department; notification_no_date; product_standard_is; qco_name_identifier; scheme_status; source_document_link,country; licence_count; manufacturer_count,0.0,NO,NO_CONTENT_LINK_DETECTED
SC-0716,BIS_QCO_Summary.xlsx,QCO_Summary,output__fmcs_is_coverage.csv,output__fmcs_is_coverage,7,3,0,7,3,0.0,SCHEMA_DISJOINT,,key_scope_exclusions_amendments; ministry_department; notification_no_date; product_standard_is; qco_name_identifier; scheme_status; source_document_link,is_number; licence_count; manufacturer_count,0.0443,NO,NO_CONTENT_LINK_DETECTED
SC-0717,BIS_QCO_Summary.xlsx,QCO_Summary,output__source_inventory.csv,output__source_inventory,7,12,0,7,12,0.0,SCHEMA_DISJOINT,,key_scope_exclusions_amendments; ministry_department; notification_no_date; product_standard_is; qco_name_identifier; scheme_status; source_document_link,bytes; canonical_document_id; content_type; dedup_status; http_status; last_modified; notes; retrieved_at; sha256; source_title; source_type; url,0.0,NO,NO_CONTENT_LINK_DETECTED
SC-0718,BIS_QCO_Summary.xlsx,QCO_Summary,output__topic18_fmcs_manufacturers.csv,output__topic18_fmcs_manufacturers,7,17,0,7,17,0.0,SCHEMA_DISJOINT,,key_scope_exclusions_amendments; ministry_department; notification_no_date; product_standard_is; qco_name_identifier; scheme_status; source_document_link,air; application_requirements; competent_personnel; country; documents; eligibility; factory; fees; is_number; licence; licence_status; machinery_requirements …(+5),0.0443,NO,NO_CONTENT_LINK_DETECTED
SC-0719,BIS_QCO_Summary.xlsx,QCO_Summary,output__topic19_official_documents.csv,output__topic19_official_documents,7,17,0,7,17,0.0,SCHEMA_DISJOINT,,key_scope_exclusions_amendments; ministry_department; notification_no_date; product_standard_is; qco_name_identifier; scheme_status; source_document_link,access_status; date; document_id; document_title; document_type; download_url; effective_date; is_number; license_access_restriction; local_file; page_count; product …(+5),0.0,NO,NO_CONTENT_LINK_DETECTED
SC-0720,BIS_QCO_Summary.xlsx,QCO_Summary,output__topic20_provenance.csv,output__topic20_provenance,7,19,0,7,19,0.0,SCHEMA_DISJOINT,,key_scope_exclusions_amendments; ministry_department; notification_no_date; product_standard_is; qco_name_identifier; scheme_status; source_document_link,clause; confidence; document_hash; document_id; document_title; effective_date; entity_type; evidence_text; field_name; field_value; page; record_id …(+7),0.0,NO,NO_CONTENT_LINK_DETECTED
SC-0721,BIS_QCO_Summary.xlsx,QCO_Summary,output__unresolved_records.csv,output__unresolved_records,7,6,0,7,6,0.0,SCHEMA_DISJOINT,,key_scope_exclusions_amendments; ministry_department; notification_no_date; product_standard_is; qco_name_identifier; scheme_status; source_document_link,attempted_source_url; entity_type; field_name; reason; record_id; resolution_needed,0.0,NO,NO_CONTENT_LINK_DETECTED
SC-0722,BIS_Recognized_Laboratories.xlsx,BIS_Recognized_Labs,BIS_Scheme_IV_FMCS.xlsx,BIS_FMCS_Scheme_IV,14,13,1,13,12,0.0385,SCHEMA_WEAK_OVERLAP,source_url,address; city; contact_number; contact_person; district; email; lab_code; lab_id; lab_name; recognition_status; scope_url; state …(+1),certification_type; is_number; mandatory_voluntary; product; related_product_manual; related_qco; related_sit; requirements; scheme_id_code; scheme_name; scheme_type; scope,0.0,NO,NO_CONTENT_LINK_DETECTED
SC-0723,BIS_Recognized_Laboratories.xlsx,BIS_Recognized_Labs,BIS_Scheme_X_Industrial.xlsx,BIS_Scheme_X,14,14,1,13,13,0.037,SCHEMA_WEAK_OVERLAP,source_url,address; city; contact_number; contact_person; district; email; lab_code; lab_id; lab_name; recognition_status; scope_url; state …(+1),certification_type; is_number; mandatory_voluntary; product; related_product_manual; related_qco; related_sit; requirements; scheme_code; scheme_id; scheme_name; scheme_type …(+1),0.0,NO,NO_CONTENT_LINK_DETECTED
SC-0724,BIS_Recognized_Laboratories.xlsx,BIS_Recognized_Labs,BIS_Scheme_X_Industrial_v2.xlsx,BIS_Scheme_X,14,14,1,13,13,0.037,SCHEMA_WEAK_OVERLAP,source_url,address; city; contact_number; contact_person; district; email; lab_code; lab_id; lab_name; recognition_status; scope_url; state …(+1),certification_type; is_number; mandatory_voluntary; product; related_product_manual; related_qco; related_sit; requirements; scheme_code; scheme_id; scheme_name; scheme_type …(+1),0.0,NO,NO_CONTENT_LINK_DETECTED
SC-0725,BIS_Recognized_Laboratories.xlsx,BIS_Recognized_Labs,BIS_Schemes_Master.xlsx,BIS_Schemes_Master,14,14,1,13,13,0.037,SCHEMA_WEAK_OVERLAP,source_url,address; city; contact_number; contact_person; district; email; lab_code; lab_id; lab_name; recognition_status; scope_url; state …(+1),certification_type; is; mandatory_voluntary; product; related_product_manual; related_qco; related_sit; requirements; scheme_code; scheme_id; scheme_name; scheme_type …(+1),0.0,NO,NO_CONTENT_LINK_DETECTED
SC-0726,BIS_Recognized_Laboratories.xlsx,BIS_Recognized_Labs,BIS_Schemes_Master_Scheme_2.xlsx,BIS_Schemes_Master_Scheme_2,14,14,1,13,13,0.037,SCHEMA_WEAK_OVERLAP,source_url,address; city; contact_number; contact_person; district; email; lab_code; lab_id; lab_name; recognition_status; scope_url; state …(+1),certification_type; is; mandatory_voluntary; product; related_product_manual; related_qco; related_sit; requirements; scheme_code; scheme_id; scheme_name; scheme_type …(+1),0.0,NO,NO_CONTENT_LINK_DETECTED
SC-0727,BIS_Recognized_Laboratories.xlsx,BIS_Recognized_Labs,BIS_Standards_Amendments.xlsx,BIS_Standards_Amendments,14,12,1,13,11,0.04,SCHEMA_WEAK_OVERLAP,source_url,address; city; contact_number; contact_person; district; email; lab_code; lab_id; lab_name; recognition_status; scope_url; state …(+1),amendment_date; amendment_id; amendment_number; document_url; effective_date; new_version; original_version; parent_entity; status; superseded_document; superseding_document,0.0,NO,NO_CONTENT_LINK_DETECTED
SC-0728,BIS_Recognized_Laboratories.xlsx,BIS_Recognized_Labs,BIS_Standards_Details_v2 (1).xlsx,BIS Standards,14,19,0,14,19,0.0,SCHEMA_DISJOINT,,address; city; contact_number; contact_person; district; email; lab_code; lab_id; lab_name; recognition_status; scope_url; source_url …(+2),current_status; degree_of_equivalence; document_url; is_number; official_url; part_section; product_category; publication_date; reaffirmation_review_date; revision; revision_date; standard_id …(+7),0.0,NO,NO_CONTENT_LINK_DETECTED
SC-0729,BIS_Recognized_Laboratories.xlsx,BIS_Recognized_Labs,BIS_Standards_Details_v2.xlsx,BIS Standards,14,19,0,14,19,0.0,SCHEMA_DISJOINT,,address; city; contact_number; contact_person; district; email; lab_code; lab_id; lab_name; recognition_status; scope_url; source_url …(+2),current_status; degree_of_equivalence; document_url; is_number; official_url; part_section; product_category; publication_date; reaffirmation_review_date; revision; revision_date; standard_id …(+7),0.0,NO,NO_CONTENT_LINK_DETECTED
SC-0730,BIS_Recognized_Laboratories.xlsx,BIS_Recognized_Labs,BIS_Standards_Details_v3.xlsx,BIS Standards,14,19,0,14,19,0.0,SCHEMA_DISJOINT,,address; city; contact_number; contact_person; district; email; lab_code; lab_id; lab_name; recognition_status; scope_url; source_url …(+2),current_status; degree_of_equivalence; document_url; is_number; official_url; part_section; product_category; publication_date; reaffirmation_review_date; revision; revision_date; standard_id …(+7),0.0,NO,NO_CONTENT_LINK_DETECTED
SC-0731,BIS_Recognized_Laboratories.xlsx,BIS_Recognized_Labs,BIS_Standards_Intelligence_Master.xlsx,BIS_Standards_Intelligence,14,23,1,13,22,0.0278,SCHEMA_WEAK_OVERLAP,source_url,address; city; contact_number; contact_person; district; email; lab_code; lab_id; lab_name; recognition_status; scope_url; state …(+1),application_procedure; conformity_assessment; eligibility; factory_requirements; fees; forms; infrastructure_requirements; inspection; is_number; laboratory_testing; licence_or_coc_grant; process_controls …(+10),0.0,NO,NO_CONTENT_LINK_DETECTED
SC-0732,BIS_Recognized_Laboratories.xlsx,BIS_Recognized_Labs,BIS_Standards_Scheme_Mapping.xlsx,BIS_Standards_Scheme_Mapping,14,23,1,13,22,0.0278,SCHEMA_WEAK_OVERLAP,source_url,address; city; contact_number; contact_person; district; email; lab_code; lab_id; lab_name; recognition_status; scope_url; state …(+1),application_procedure; certification_scheme_to_store; conformity_assessment; eligibility; factory_requirements; fees; forms; group; infrastructure_requirements; inspection; is_number; laboratory_testing …(+10),0.0,NO,NO_CONTENT_LINK_DETECTED
SC-0733,BIS_Recognized_Laboratories.xlsx,BIS_Recognized_Labs,BIS_Testing_Parameters_Master.xlsx,BIS_Testing_Parameters,14,18,1,13,17,0.0323,SCHEMA_WEAK_OVERLAP,source_url,address; city; contact_number; contact_person; district; email; lab_code; lab_id; lab_name; recognition_status; scope_url; state …(+1),acceptance_criteria; clause; is_number; laboratory_requirement; product; rejection_handling; remarks; required_equipment; sample_size; sampling_frequency; source_document; source_page …(+5),0.0,NO,NO_CONTENT_LINK_DETECTED
SC-0734,BIS_Recognized_Laboratories.xlsx,BIS_Recognized_Labs,bis_circulars (1).csv,bis_circulars (1),14,11,1,13,10,0.0417,SCHEMA_WEAK_OVERLAP,source_url,address; city; contact_number; contact_person; district; email; lab_code; lab_id; lab_name; recognition_status; scope_url; state …(+1),circular_id; circular_number; document_url; effective_date; implementation_instructions; issuing_authority; related_is; release_date; subject; title,0.0,NO,NO_CONTENT_LINK_DETECTED
SC-0735,BIS_Recognized_Laboratories.xlsx,BIS_Recognized_Labs,bis_gazette_notification.csv,bis_gazette_notification,14,4,0,14,4,0.0,SCHEMA_DISJOINT,,address; city; contact_number; contact_person; district; email; lab_code; lab_id; lab_name; recognition_status; scope_url; source_url …(+2),id; related_is; title; unnamed_3,0.0,NO,NO_CONTENT_LINK_DETECTED
SC-0736,BIS_Recognized_Laboratories.xlsx,BIS_Recognized_Labs,bis_laboratories.csv,bis_laboratories,14,11,6,8,5,0.3158,SCHEMA_OVERLAP,address; city; lab_id; lab_name; source_url; state,contact_number; contact_person; district; email; lab_code; recognition_status; scope_url; validity,accreditation_validity; contact_details; lab_type; pin; tested_is_numbers,0.025,YES,SCHEMA_JACCARD>=0.25; SAME_DOMAIN=14_LIMS_LABS
SC-0737,BIS_Recognized_Laboratories.xlsx,BIS_Recognized_Labs,bis_product_certification_faq (1).csv,bis_product_certification_faq (1),14,8,1,13,7,0.0476,SCHEMA_WEAK_OVERLAP,source_url,address; city; contact_number; contact_person; district; email; lab_code; lab_id; lab_name; recognition_status; scope_url; state …(+1),answer; category; faq_id; question; related_is; related_product; related_scheme,0.0,NO,NO_CONTENT_LINK_DETECTED
SC-0738,BIS_Recognized_Laboratories.xlsx,BIS_Recognized_Labs,bis_product_certifications.csv,bis_product_certifications,14,9,1,13,8,0.0455,SCHEMA_WEAK_OVERLAP,source_url,address; city; contact_number; contact_person; district; email; lab_code; lab_id; lab_name; recognition_status; scope_url; state …(+1),applicability; application_procedure; document_url; fee_structure; guideline_title; inspection_testing_norm; scheme_id; scheme_name,0.0,NO,NO_CONTENT_LINK_DETECTED
SC-0739,BIS_Recognized_Laboratories.xlsx,BIS_Recognized_Labs,bis_topic17_hallmarking_centres.csv,bis_topic17_hallmarking_centres,14,14,7,7,7,0.3333,SCHEMA_OVERLAP,address; city; district; recognition_status; source_url; state; validity,contact_number; contact_person; email; lab_code; lab_id; lab_name; scope_url,centre_code; centre_id; centre_name; pin; recognition_status_raw; scope; services,0.0,YES,SCHEMA_JACCARD>=0.25
SC-0740,BIS_Recognized_Laboratories.xlsx,BIS_Recognized_Labs,bis_topic17_hallmarking_centres_cancelled_suspended.csv,bis_topic17_hallmarking_centres_cancelled_suspended,14,17,7,7,10,0.2917,SCHEMA_OVERLAP,address; city; district; recognition_status; source_url; state; validity,contact_number; contact_person; email; lab_code; lab_id; lab_name; scope_url,centre_code; centre_id; centre_name; centre_type; pin; recognition_status_raw; region; scope; services; suspended_cancelled_date,0.0,YES,SCHEMA_JACCARD>=0.25
SC-0741,BIS_Recognized_Laboratories.xlsx,BIS_Recognized_Labs,data__raw__fmcs_all_fmcs_list_raw.csv,data__raw__fmcs_all_fmcs_list_raw,14,9,1,13,8,0.0455,SCHEMA_WEAK_OVERLAP,source_url,address; city; contact_number; contact_person; district; email; lab_code; lab_id; lab_name; recognition_status; scope_url; state …(+1),cml_no_raw; name_address_raw; retrieved_at; s_no; standard_no_raw; status_raw; validity_date_raw; variety_brand_raw,0.0,NO,NO_CONTENT_LINK_DETECTED
SC-0742,BIS_Recognized_Laboratories.xlsx,BIS_Recognized_Labs,output__extraction_log.csv,output__extraction_log,14,6,0,14,6,0.0,SCHEMA_DISJOINT,,address; city; contact_number; contact_person; district; email; lab_code; lab_id; lab_name; recognition_status; scope_url; source_url …(+2),error_type; notes; outcome; retry_count; timestamp; url,0.0,NO,NO_CONTENT_LINK_DETECTED
SC-0743,BIS_Recognized_Laboratories.xlsx,BIS_Recognized_Labs,output__fmcs_country_coverage.csv,output__fmcs_country_coverage,14,3,0,14,3,0.0,SCHEMA_DISJOINT,,address; city; contact_number; contact_person; district; email; lab_code; lab_id; lab_name; recognition_status; scope_url; source_url …(+2),country; licence_count; manufacturer_count,0.0,NO,NO_CONTENT_LINK_DETECTED
SC-0744,BIS_Recognized_Laboratories.xlsx,BIS_Recognized_Labs,output__fmcs_is_coverage.csv,output__fmcs_is_coverage,14,3,0,14,3,0.0,SCHEMA_DISJOINT,,address; city; contact_number; contact_person; district; email; lab_code; lab_id; lab_name; recognition_status; scope_url; source_url …(+2),is_number; licence_count; manufacturer_count,0.0,NO,NO_CONTENT_LINK_DETECTED
SC-0745,BIS_Recognized_Laboratories.xlsx,BIS_Recognized_Labs,output__source_inventory.csv,output__source_inventory,14,12,0,14,12,0.0,SCHEMA_DISJOINT,,address; city; contact_number; contact_person; district; email; lab_code; lab_id; lab_name; recognition_status; scope_url; source_url …(+2),bytes; canonical_document_id; content_type; dedup_status; http_status; last_modified; notes; retrieved_at; sha256; source_title; source_type; url,0.0,NO,NO_CONTENT_LINK_DETECTED
SC-0746,BIS_Recognized_Laboratories.xlsx,BIS_Recognized_Labs,output__topic18_fmcs_manufacturers.csv,output__topic18_fmcs_manufacturers,14,17,1,13,16,0.0333,SCHEMA_WEAK_OVERLAP,source_url,address; city; contact_number; contact_person; district; email; lab_code; lab_id; lab_name; recognition_status; scope_url; state …(+1),air; application_requirements; competent_personnel; country; documents; eligibility; factory; fees; is_number; licence; licence_status; machinery_requirements …(+4),0.0,NO,NO_CONTENT_LINK_DETECTED
SC-0747,BIS_Recognized_Laboratories.xlsx,BIS_Recognized_Labs,output__topic19_official_documents.csv,output__topic19_official_documents,14,17,1,13,16,0.0333,SCHEMA_WEAK_OVERLAP,source_url,address; city; contact_number; contact_person; district; email; lab_code; lab_id; lab_name; recognition_status; scope_url; state …(+1),access_status; date; document_id; document_title; document_type; download_url; effective_date; is_number; license_access_restriction; local_file; page_count; product …(+4),0.0,NO,NO_CONTENT_LINK_DETECTED
SC-0748,BIS_Recognized_Laboratories.xlsx,BIS_Recognized_Labs,output__topic20_provenance.csv,output__topic20_provenance,14,19,1,13,18,0.0312,SCHEMA_WEAK_OVERLAP,source_url,address; city; contact_number; contact_person; district; email; lab_code; lab_id; lab_name; recognition_status; scope_url; state …(+1),clause; confidence; document_hash; document_id; document_title; effective_date; entity_type; evidence_text; field_name; field_value; page; record_id …(+6),0.0,NO,NO_CONTENT_LINK_DETECTED
SC-0749,BIS_Recognized_Laboratories.xlsx,BIS_Recognized_Labs,output__unresolved_records.csv,output__unresolved_records,14,6,0,14,6,0.0,SCHEMA_DISJOINT,,address; city; contact_number; contact_person; district; email; lab_code; lab_id; lab_name; recognition_status; scope_url; source_url …(+2),attempted_source_url; entity_type; field_name; reason; record_id; resolution_needed,0.0,NO,NO_CONTENT_LINK_DETECTED
SC-0750,BIS_Scheme_IV_FMCS.xlsx,BIS_FMCS_Scheme_IV,BIS_Scheme_X_Industrial.xlsx,BIS_Scheme_X,13,14,12,1,2,0.8,SCHEMA_SUBSTANTIALLY_IDENTICAL,certification_type; is_number; mandatory_voluntary; product; related_product_manual; related_qco; related_sit; requirements; scheme_name; scheme_type; scope; source_url,scheme_id_code,scheme_code; scheme_id,0.0,YES,SCHEMA_JACCARD>=0.25
SC-0751,BIS_Scheme_IV_FMCS.xlsx,BIS_FMCS_Scheme_IV,BIS_Scheme_X_Industrial_v2.xlsx,BIS_Scheme_X,13,14,12,1,2,0.8,SCHEMA_SUBSTANTIALLY_IDENTICAL,certification_type; is_number; mandatory_voluntary; product; related_product_manual; related_qco; related_sit; requirements; scheme_name; scheme_type; scope; source_url,scheme_id_code,scheme_code; scheme_id,0.0,YES,SCHEMA_JACCARD>=0.25
SC-0752,BIS_Scheme_IV_FMCS.xlsx,BIS_FMCS_Scheme_IV,BIS_Schemes_Master.xlsx,BIS_Schemes_Master,13,14,11,2,3,0.6875,SCHEMA_SUBSTANTIALLY_IDENTICAL,certification_type; mandatory_voluntary; product; related_product_manual; related_qco; related_sit; requirements; scheme_name; scheme_type; scope; source_url,is_number; scheme_id_code,is; scheme_code; scheme_id,0.3656,YES,SCHEMA_JACCARD>=0.25; PRODUCT_JACCARD=0.37
SC-0753,BIS_Scheme_IV_FMCS.xlsx,BIS_FMCS_Scheme_IV,BIS_Schemes_Master_Scheme_2.xlsx,BIS_Schemes_Master_Scheme_2,13,14,11,2,3,0.6875,SCHEMA_SUBSTANTIALLY_IDENTICAL,certification_type; mandatory_voluntary; product; related_product_manual; related_qco; related_sit; requirements; scheme_name; scheme_type; scope; source_url,is_number; scheme_id_code,is; scheme_code; scheme_id,0.3656,YES,SCHEMA_JACCARD>=0.25; PRODUCT_JACCARD=0.37
SC-0754,BIS_Scheme_IV_FMCS.xlsx,BIS_FMCS_Scheme_IV,BIS_Standards_Amendments.xlsx,BIS_Standards_Amendments,13,12,1,12,11,0.0417,SCHEMA_WEAK_OVERLAP,source_url,certification_type; is_number; mandatory_voluntary; product; related_product_manual; related_qco; related_sit; requirements; scheme_id_code; scheme_name; scheme_type; scope,amendment_date; amendment_id; amendment_number; document_url; effective_date; new_version; original_version; parent_entity; status; superseded_document; superseding_document,0.0,NO,NO_CONTENT_LINK_DETECTED
SC-0755,BIS_Scheme_IV_FMCS.xlsx,BIS_FMCS_Scheme_IV,BIS_Standards_Details_v2 (1).xlsx,BIS Standards,13,19,1,12,18,0.0323,SCHEMA_WEAK_OVERLAP,is_number,certification_type; mandatory_voluntary; product; related_product_manual; related_qco; related_sit; requirements; scheme_id_code; scheme_name; scheme_type; scope; source_url,current_status; degree_of_equivalence; document_url; official_url; part_section; product_category; publication_date; reaffirmation_review_date; revision; revision_date; standard_id; subcommittee …(+6),0.8889,YES,IS_JACCARD=0.89
SC-0756,BIS_Scheme_IV_FMCS.xlsx,BIS_FMCS_Scheme_IV,BIS_Standards_Details_v2.xlsx,BIS Standards,13,19,1,12,18,0.0323,SCHEMA_WEAK_OVERLAP,is_number,certification_type; mandatory_voluntary; product; related_product_manual; related_qco; related_sit; requirements; scheme_id_code; scheme_name; scheme_type; scope; source_url,current_status; degree_of_equivalence; document_url; official_url; part_section; product_category; publication_date; reaffirmation_review_date; revision; revision_date; standard_id; subcommittee …(+6),0.8889,YES,IS_JACCARD=0.89
SC-0757,BIS_Scheme_IV_FMCS.xlsx,BIS_FMCS_Scheme_IV,BIS_Standards_Details_v3.xlsx,BIS Standards,13,19,1,12,18,0.0323,SCHEMA_WEAK_OVERLAP,is_number,certification_type; mandatory_voluntary; product; related_product_manual; related_qco; related_sit; requirements; scheme_id_code; scheme_name; scheme_type; scope; source_url,current_status; degree_of_equivalence; document_url; official_url; part_section; product_category; publication_date; reaffirmation_review_date; revision; revision_date; standard_id; subcommittee …(+6),0.8889,YES,IS_JACCARD=0.89
SC-0758,BIS_Scheme_IV_FMCS.xlsx,BIS_FMCS_Scheme_IV,BIS_Standards_Intelligence_Master.xlsx,BIS_Standards_Intelligence,13,23,3,10,20,0.0909,SCHEMA_WEAK_OVERLAP,is_number; product; source_url,certification_type; mandatory_voluntary; related_product_manual; related_qco; related_sit; requirements; scheme_id_code; scheme_name; scheme_type; scope,application_procedure; conformity_assessment; eligibility; factory_requirements; fees; forms; infrastructure_requirements; inspection; laboratory_testing; licence_or_coc_grant; process_controls; quality_control …(+8),0.9091,YES,IS_JACCARD=0.91; PRODUCT_JACCARD=0.48
SC-0759,BIS_Scheme_IV_FMCS.xlsx,BIS_FMCS_Scheme_IV,BIS_Standards_Scheme_Mapping.xlsx,BIS_Standards_Scheme_Mapping,13,23,2,11,21,0.0588,SCHEMA_WEAK_OVERLAP,is_number; source_url,certification_type; mandatory_voluntary; product; related_product_manual; related_qco; related_sit; requirements; scheme_id_code; scheme_name; scheme_type; scope,application_procedure; certification_scheme_to_store; conformity_assessment; eligibility; factory_requirements; fees; forms; group; infrastructure_requirements; inspection; laboratory_testing; licence_or_coc_grant …(+9),0.5,YES,IS_JACCARD=0.50
SC-0760,BIS_Scheme_IV_FMCS.xlsx,BIS_FMCS_Scheme_IV,BIS_Testing_Parameters_Master.xlsx,BIS_Testing_Parameters,13,18,3,10,15,0.1071,SCHEMA_WEAK_OVERLAP,is_number; product; source_url,certification_type; mandatory_voluntary; related_product_manual; related_qco; related_sit; requirements; scheme_id_code; scheme_name; scheme_type; scope,acceptance_criteria; clause; laboratory_requirement; rejection_handling; remarks; required_equipment; sample_size; sampling_frequency; source_document; source_page; test_frequency; test_method …(+3),0.9091,YES,IS_JACCARD=0.91; PRODUCT_JACCARD=0.47
SC-0761,BIS_Scheme_IV_FMCS.xlsx,BIS_FMCS_Scheme_IV,bis_circulars (1).csv,bis_circulars (1),13,11,1,12,10,0.0435,SCHEMA_WEAK_OVERLAP,source_url,certification_type; is_number; mandatory_voluntary; product; related_product_manual; related_qco; related_sit; requirements; scheme_id_code; scheme_name; scheme_type; scope,circular_id; circular_number; document_url; effective_date; implementation_instructions; issuing_authority; related_is; release_date; subject; title,0.008,NO,NO_CONTENT_LINK_DETECTED
SC-0762,BIS_Scheme_IV_FMCS.xlsx,BIS_FMCS_Scheme_IV,bis_gazette_notification.csv,bis_gazette_notification,13,4,0,13,4,0.0,SCHEMA_DISJOINT,,certification_type; is_number; mandatory_voluntary; product; related_product_manual; related_qco; related_sit; requirements; scheme_id_code; scheme_name; scheme_type; scope …(+1),id; related_is; title; unnamed_3,0.0331,NO,NO_CONTENT_LINK_DETECTED
SC-0763,BIS_Scheme_IV_FMCS.xlsx,BIS_FMCS_Scheme_IV,bis_laboratories.csv,bis_laboratories,13,11,1,12,10,0.0435,SCHEMA_WEAK_OVERLAP,source_url,certification_type; is_number; mandatory_voluntary; product; related_product_manual; related_qco; related_sit; requirements; scheme_id_code; scheme_name; scheme_type; scope,accreditation_validity; address; city; contact_details; lab_id; lab_name; lab_type; pin; state; tested_is_numbers,0.0207,NO,NO_CONTENT_LINK_DETECTED
SC-0764,BIS_Scheme_IV_FMCS.xlsx,BIS_FMCS_Scheme_IV,bis_product_certification_faq (1).csv,bis_product_certification_faq (1),13,8,1,12,7,0.05,SCHEMA_WEAK_OVERLAP,source_url,certification_type; is_number; mandatory_voluntary; product; related_product_manual; related_qco; related_sit; requirements; scheme_id_code; scheme_name; scheme_type; scope,answer; category; faq_id; question; related_is; related_product; related_scheme,0.0,NO,NO_CONTENT_LINK_DETECTED
SC-0765,BIS_Scheme_IV_FMCS.xlsx,BIS_FMCS_Scheme_IV,bis_product_certifications.csv,bis_product_certifications,13,9,2,11,7,0.1,SCHEMA_WEAK_OVERLAP,scheme_name; source_url,certification_type; is_number; mandatory_voluntary; product; related_product_manual; related_qco; related_sit; requirements; scheme_id_code; scheme_type; scope,applicability; application_procedure; document_url; fee_structure; guideline_title; inspection_testing_norm; scheme_id,0.0,NO,NO_CONTENT_LINK_DETECTED
SC-0766,BIS_Scheme_IV_FMCS.xlsx,BIS_FMCS_Scheme_IV,bis_topic17_hallmarking_centres.csv,bis_topic17_hallmarking_centres,13,14,2,11,12,0.08,SCHEMA_WEAK_OVERLAP,scope; source_url,certification_type; is_number; mandatory_voluntary; product; related_product_manual; related_qco; related_sit; requirements; scheme_id_code; scheme_name; scheme_type,address; centre_code; centre_id; centre_name; city; district; pin; recognition_status; recognition_status_raw; services; state; validity,0.0,NO,NO_CONTENT_LINK_DETECTED
SC-0767,BIS_Scheme_IV_FMCS.xlsx,BIS_FMCS_Scheme_IV,bis_topic17_hallmarking_centres_cancelled_suspended.csv,bis_topic17_hallmarking_centres_cancelled_suspended,13,17,2,11,15,0.0714,SCHEMA_WEAK_OVERLAP,scope; source_url,certification_type; is_number; mandatory_voluntary; product; related_product_manual; related_qco; related_sit; requirements; scheme_id_code; scheme_name; scheme_type,address; centre_code; centre_id; centre_name; centre_type; city; district; pin; recognition_status; recognition_status_raw; region; services …(+3),0.0,NO,NO_CONTENT_LINK_DETECTED
SC-0768,BIS_Scheme_IV_FMCS.xlsx,BIS_FMCS_Scheme_IV,data__raw__fmcs_all_fmcs_list_raw.csv,data__raw__fmcs_all_fmcs_list_raw,13,9,1,12,8,0.0476,SCHEMA_WEAK_OVERLAP,source_url,certification_type; is_number; mandatory_voluntary; product; related_product_manual; related_qco; related_sit; requirements; scheme_id_code; scheme_name; scheme_type; scope,cml_no_raw; name_address_raw; retrieved_at; s_no; standard_no_raw; status_raw; validity_date_raw; variety_brand_raw,0.0525,YES,SAME_DOMAIN=22_FMCS
SC-0769,BIS_Scheme_IV_FMCS.xlsx,BIS_FMCS_Scheme_IV,output__extraction_log.csv,output__extraction_log,13,6,0,13,6,0.0,SCHEMA_DISJOINT,,certification_type; is_number; mandatory_voluntary; product; related_product_manual; related_qco; related_sit; requirements; scheme_id_code; scheme_name; scheme_type; scope …(+1),error_type; notes; outcome; retry_count; timestamp; url,0.0,NO,NO_CONTENT_LINK_DETECTED
SC-0770,BIS_Scheme_IV_FMCS.xlsx,BIS_FMCS_Scheme_IV,output__fmcs_country_coverage.csv,output__fmcs_country_coverage,13,3,0,13,3,0.0,SCHEMA_DISJOINT,,certification_type; is_number; mandatory_voluntary; product; related_product_manual; related_qco; related_sit; requirements; scheme_id_code; scheme_name; scheme_type; scope …(+1),country; licence_count; manufacturer_count,0.0,YES,SAME_DOMAIN=22_FMCS
SC-0771,BIS_Scheme_IV_FMCS.xlsx,BIS_FMCS_Scheme_IV,output__fmcs_is_coverage.csv,output__fmcs_is_coverage,13,3,1,12,2,0.0667,SCHEMA_WEAK_OVERLAP,is_number,certification_type; mandatory_voluntary; product; related_product_manual; related_qco; related_sit; requirements; scheme_id_code; scheme_name; scheme_type; scope; source_url,licence_count; manufacturer_count,0.0525,YES,SAME_DOMAIN=22_FMCS
SC-0772,BIS_Scheme_IV_FMCS.xlsx,BIS_FMCS_Scheme_IV,output__source_inventory.csv,output__source_inventory,13,12,0,13,12,0.0,SCHEMA_DISJOINT,,certification_type; is_number; mandatory_voluntary; product; related_product_manual; related_qco; related_sit; requirements; scheme_id_code; scheme_name; scheme_type; scope …(+1),bytes; canonical_document_id; content_type; dedup_status; http_status; last_modified; notes; retrieved_at; sha256; source_title; source_type; url,0.0,NO,NO_CONTENT_LINK_DETECTED
SC-0773,BIS_Scheme_IV_FMCS.xlsx,BIS_FMCS_Scheme_IV,output__topic18_fmcs_manufacturers.csv,output__topic18_fmcs_manufacturers,13,17,3,10,14,0.1111,SCHEMA_WEAK_OVERLAP,is_number; product; source_url,certification_type; mandatory_voluntary; related_product_manual; related_qco; related_sit; requirements; scheme_id_code; scheme_name; scheme_type; scope,air; application_requirements; competent_personnel; country; documents; eligibility; factory; fees; licence; licence_status; machinery_requirements; manufacturer …(+2),0.0525,YES,SAME_DOMAIN=22_FMCS
SC-0774,BIS_Scheme_IV_FMCS.xlsx,BIS_FMCS_Scheme_IV,output__topic19_official_documents.csv,output__topic19_official_documents,13,17,3,10,14,0.1111,SCHEMA_WEAK_OVERLAP,is_number; product; source_url,certification_type; mandatory_voluntary; related_product_manual; related_qco; related_sit; requirements; scheme_id_code; scheme_name; scheme_type; scope,access_status; date; document_id; document_title; document_type; download_url; effective_date; license_access_restriction; local_file; page_count; qco; scheme …(+2),0.0,YES,SAME_DOMAIN=22_FMCS
SC-0775,BIS_Scheme_IV_FMCS.xlsx,BIS_FMCS_Scheme_IV,output__topic20_provenance.csv,output__topic20_provenance,13,19,1,12,18,0.0323,SCHEMA_WEAK_OVERLAP,source_url,certification_type; is_number; mandatory_voluntary; product; related_product_manual; related_qco; related_sit; requirements; scheme_id_code; scheme_name; scheme_type; scope,clause; confidence; document_hash; document_id; document_title; effective_date; entity_type; evidence_text; field_name; field_value; page; record_id …(+6),0.0,NO,NO_CONTENT_LINK_DETECTED
SC-0776,BIS_Scheme_IV_FMCS.xlsx,BIS_FMCS_Scheme_IV,output__unresolved_records.csv,output__unresolved_records,13,6,0,13,6,0.0,SCHEMA_DISJOINT,,certification_type; is_number; mandatory_voluntary; product; related_product_manual; related_qco; related_sit; requirements; scheme_id_code; scheme_name; scheme_type; scope …(+1),attempted_source_url; entity_type; field_name; reason; record_id; resolution_needed,0.0,NO,NO_CONTENT_LINK_DETECTED
SC-0777,BIS_Scheme_X_Industrial.xlsx,BIS_Scheme_X,BIS_Scheme_X_Industrial_v2.xlsx,BIS_Scheme_X,14,14,14,0,0,1.0,SCHEMA_IDENTICAL,certification_type; is_number; mandatory_voluntary; product; related_product_manual; related_qco; related_sit; requirements; scheme_code; scheme_id; scheme_name; scheme_type; scope; source_url,,,1.0,YES,SCHEMA_JACCARD>=0.25; PHASE1_CANDIDATE_GROUP=CONTENTDUP-002; IDENTICAL_ROW_MULTISET; IS_JACCARD=1.00; PRODUCT_JACCARD=1.00; QCO_JACCARD=1.00; SCHEME_JACCARD=1.00; SAME_DOMAIN=07_SCHEME_X
SC-0778,BIS_Scheme_X_Industrial.xlsx,BIS_Scheme_X,BIS_Schemes_Master.xlsx,BIS_Schemes_Master,14,14,13,1,1,0.8667,SCHEMA_SUBSTANTIALLY_IDENTICAL,certification_type; mandatory_voluntary; product; related_product_manual; related_qco; related_sit; requirements; scheme_code; scheme_id; scheme_name; scheme_type; scope; source_url,is_number,is,0.0,YES,SCHEMA_JACCARD>=0.25
SC-0779,BIS_Scheme_X_Industrial.xlsx,BIS_Scheme_X,BIS_Schemes_Master_Scheme_2.xlsx,BIS_Schemes_Master_Scheme_2,14,14,13,1,1,0.8667,SCHEMA_SUBSTANTIALLY_IDENTICAL,certification_type; mandatory_voluntary; product; related_product_manual; related_qco; related_sit; requirements; scheme_code; scheme_id; scheme_name; scheme_type; scope; source_url,is_number,is,0.0,YES,SCHEMA_JACCARD>=0.25
SC-0780,BIS_Scheme_X_Industrial.xlsx,BIS_Scheme_X,BIS_Standards_Amendments.xlsx,BIS_Standards_Amendments,14,12,1,13,11,0.04,SCHEMA_WEAK_OVERLAP,source_url,certification_type; is_number; mandatory_voluntary; product; related_product_manual; related_qco; related_sit; requirements; scheme_code; scheme_id; scheme_name; scheme_type …(+1),amendment_date; amendment_id; amendment_number; document_url; effective_date; new_version; original_version; parent_entity; status; superseded_document; superseding_document,0.0,NO,NO_CONTENT_LINK_DETECTED
SC-0781,BIS_Scheme_X_Industrial.xlsx,BIS_Scheme_X,BIS_Standards_Details_v2 (1).xlsx,BIS Standards,14,19,1,13,18,0.0312,SCHEMA_WEAK_OVERLAP,is_number,certification_type; mandatory_voluntary; product; related_product_manual; related_qco; related_sit; requirements; scheme_code; scheme_id; scheme_name; scheme_type; scope …(+1),current_status; degree_of_equivalence; document_url; official_url; part_section; product_category; publication_date; reaffirmation_review_date; revision; revision_date; standard_id; subcommittee …(+6),0.0,NO,NO_CONTENT_LINK_DETECTED
SC-0782,BIS_Scheme_X_Industrial.xlsx,BIS_Scheme_X,BIS_Standards_Details_v2.xlsx,BIS Standards,14,19,1,13,18,0.0312,SCHEMA_WEAK_OVERLAP,is_number,certification_type; mandatory_voluntary; product; related_product_manual; related_qco; related_sit; requirements; scheme_code; scheme_id; scheme_name; scheme_type; scope …(+1),current_status; degree_of_equivalence; document_url; official_url; part_section; product_category; publication_date; reaffirmation_review_date; revision; revision_date; standard_id; subcommittee …(+6),0.0,NO,NO_CONTENT_LINK_DETECTED
SC-0783,BIS_Scheme_X_Industrial.xlsx,BIS_Scheme_X,BIS_Standards_Details_v3.xlsx,BIS Standards,14,19,1,13,18,0.0312,SCHEMA_WEAK_OVERLAP,is_number,certification_type; mandatory_voluntary; product; related_product_manual; related_qco; related_sit; requirements; scheme_code; scheme_id; scheme_name; scheme_type; scope …(+1),current_status; degree_of_equivalence; document_url; official_url; part_section; product_category; publication_date; reaffirmation_review_date; revision; revision_date; standard_id; subcommittee …(+6),0.0,NO,NO_CONTENT_LINK_DETECTED
SC-0784,BIS_Scheme_X_Industrial.xlsx,BIS_Scheme_X,BIS_Standards_Intelligence_Master.xlsx,BIS_Standards_Intelligence,14,23,3,11,20,0.0882,SCHEMA_WEAK_OVERLAP,is_number; product; source_url,certification_type; mandatory_voluntary; related_product_manual; related_qco; related_sit; requirements; scheme_code; scheme_id; scheme_name; scheme_type; scope,application_procedure; conformity_assessment; eligibility; factory_requirements; fees; forms; infrastructure_requirements; inspection; laboratory_testing; licence_or_coc_grant; process_controls; quality_control …(+8),0.0909,NO,NO_CONTENT_LINK_DETECTED
SC-0785,BIS_Scheme_X_Industrial.xlsx,BIS_Scheme_X,BIS_Standards_Scheme_Mapping.xlsx,BIS_Standards_Scheme_Mapping,14,23,2,12,21,0.0571,SCHEMA_WEAK_OVERLAP,is_number; source_url,certification_type; mandatory_voluntary; product; related_product_manual; related_qco; related_sit; requirements; scheme_code; scheme_id; scheme_name; scheme_type; scope,application_procedure; certification_scheme_to_store; conformity_assessment; eligibility; factory_requirements; fees; forms; group; infrastructure_requirements; inspection; laboratory_testing; licence_or_coc_grant …(+9),0.1111,NO,NO_CONTENT_LINK_DETECTED
SC-0786,BIS_Scheme_X_Industrial.xlsx,BIS_Scheme_X,BIS_Testing_Parameters_Master.xlsx,BIS_Testing_Parameters,14,18,3,11,15,0.1034,SCHEMA_WEAK_OVERLAP,is_number; product; source_url,certification_type; mandatory_voluntary; related_product_manual; related_qco; related_sit; requirements; scheme_code; scheme_id; scheme_name; scheme_type; scope,acceptance_criteria; clause; laboratory_requirement; rejection_handling; remarks; required_equipment; sample_size; sampling_frequency; source_document; source_page; test_frequency; test_method …(+3),0.0333,NO,NO_CONTENT_LINK_DETECTED
SC-0787,BIS_Scheme_X_Industrial.xlsx,BIS_Scheme_X,bis_circulars (1).csv,bis_circulars (1),14,11,1,13,10,0.0417,SCHEMA_WEAK_OVERLAP,source_url,certification_type; is_number; mandatory_voluntary; product; related_product_manual; related_qco; related_sit; requirements; scheme_code; scheme_id; scheme_name; scheme_type …(+1),circular_id; circular_number; document_url; effective_date; implementation_instructions; issuing_authority; related_is; release_date; subject; title,0.0,NO,NO_CONTENT_LINK_DETECTED
SC-0788,BIS_Scheme_X_Industrial.xlsx,BIS_Scheme_X,bis_gazette_notification.csv,bis_gazette_notification,14,4,0,14,4,0.0,SCHEMA_DISJOINT,,certification_type; is_number; mandatory_voluntary; product; related_product_manual; related_qco; related_sit; requirements; scheme_code; scheme_id; scheme_name; scheme_type …(+2),id; related_is; title; unnamed_3,0.0,NO,NO_CONTENT_LINK_DETECTED
SC-0789,BIS_Scheme_X_Industrial.xlsx,BIS_Scheme_X,bis_laboratories.csv,bis_laboratories,14,11,1,13,10,0.0417,SCHEMA_WEAK_OVERLAP,source_url,certification_type; is_number; mandatory_voluntary; product; related_product_manual; related_qco; related_sit; requirements; scheme_code; scheme_id; scheme_name; scheme_type …(+1),accreditation_validity; address; city; contact_details; lab_id; lab_name; lab_type; pin; state; tested_is_numbers,0.0,NO,NO_CONTENT_LINK_DETECTED
SC-0790,BIS_Scheme_X_Industrial.xlsx,BIS_Scheme_X,bis_product_certification_faq (1).csv,bis_product_certification_faq (1),14,8,1,13,7,0.0476,SCHEMA_WEAK_OVERLAP,source_url,certification_type; is_number; mandatory_voluntary; product; related_product_manual; related_qco; related_sit; requirements; scheme_code; scheme_id; scheme_name; scheme_type …(+1),answer; category; faq_id; question; related_is; related_product; related_scheme,0.125,NO,NO_CONTENT_LINK_DETECTED
SC-0791,BIS_Scheme_X_Industrial.xlsx,BIS_Scheme_X,bis_product_certifications.csv,bis_product_certifications,14,9,3,11,6,0.15,SCHEMA_WEAK_OVERLAP,scheme_id; scheme_name; source_url,certification_type; is_number; mandatory_voluntary; product; related_product_manual; related_qco; related_sit; requirements; scheme_code; scheme_type; scope,applicability; application_procedure; document_url; fee_structure; guideline_title; inspection_testing_norm,0.1111,NO,NO_CONTENT_LINK_DETECTED
SC-0792,BIS_Scheme_X_Industrial.xlsx,BIS_Scheme_X,bis_topic17_hallmarking_centres.csv,bis_topic17_hallmarking_centres,14,14,2,12,12,0.0769,SCHEMA_WEAK_OVERLAP,scope; source_url,certification_type; is_number; mandatory_voluntary; product; related_product_manual; related_qco; related_sit; requirements; scheme_code; scheme_id; scheme_name; scheme_type,address; centre_code; centre_id; centre_name; city; district; pin; recognition_status; recognition_status_raw; services; state; validity,0.0,NO,NO_CONTENT_LINK_DETECTED
SC-0793,BIS_Scheme_X_Industrial.xlsx,BIS_Scheme_X,bis_topic17_hallmarking_centres_cancelled_suspended.csv,bis_topic17_hallmarking_centres_cancelled_suspended,14,17,2,12,15,0.069,SCHEMA_WEAK_OVERLAP,scope; source_url,certification_type; is_number; mandatory_voluntary; product; related_product_manual; related_qco; related_sit; requirements; scheme_code; scheme_id; scheme_name; scheme_type,address; centre_code; centre_id; centre_name; centre_type; city; district; pin; recognition_status; recognition_status_raw; region; services …(+3),0.0,NO,NO_CONTENT_LINK_DETECTED
SC-0794,BIS_Scheme_X_Industrial.xlsx,BIS_Scheme_X,data__raw__fmcs_all_fmcs_list_raw.csv,data__raw__fmcs_all_fmcs_list_raw,14,9,1,13,8,0.0455,SCHEMA_WEAK_OVERLAP,source_url,certification_type; is_number; mandatory_voluntary; product; related_product_manual; related_qco; related_sit; requirements; scheme_code; scheme_id; scheme_name; scheme_type …(+1),cml_no_raw; name_address_raw; retrieved_at; s_no; standard_no_raw; status_raw; validity_date_raw; variety_brand_raw,0.0,NO,NO_CONTENT_LINK_DETECTED
SC-0795,BIS_Scheme_X_Industrial.xlsx,BIS_Scheme_X,output__extraction_log.csv,output__extraction_log,14,6,0,14,6,0.0,SCHEMA_DISJOINT,,certification_type; is_number; mandatory_voluntary; product; related_product_manual; related_qco; related_sit; requirements; scheme_code; scheme_id; scheme_name; scheme_type …(+2),error_type; notes; outcome; retry_count; timestamp; url,0.0,NO,NO_CONTENT_LINK_DETECTED
SC-0796,BIS_Scheme_X_Industrial.xlsx,BIS_Scheme_X,output__fmcs_country_coverage.csv,output__fmcs_country_coverage,14,3,0,14,3,0.0,SCHEMA_DISJOINT,,certification_type; is_number; mandatory_voluntary; product; related_product_manual; related_qco; related_sit; requirements; scheme_code; scheme_id; scheme_name; scheme_type …(+2),country; licence_count; manufacturer_count,0.0,NO,NO_CONTENT_LINK_DETECTED
SC-0797,BIS_Scheme_X_Industrial.xlsx,BIS_Scheme_X,output__fmcs_is_coverage.csv,output__fmcs_is_coverage,14,3,1,13,2,0.0625,SCHEMA_WEAK_OVERLAP,is_number,certification_type; mandatory_voluntary; product; related_product_manual; related_qco; related_sit; requirements; scheme_code; scheme_id; scheme_name; scheme_type; scope …(+1),licence_count; manufacturer_count,0.0,NO,NO_CONTENT_LINK_DETECTED
SC-0798,BIS_Scheme_X_Industrial.xlsx,BIS_Scheme_X,output__source_inventory.csv,output__source_inventory,14,12,0,14,12,0.0,SCHEMA_DISJOINT,,certification_type; is_number; mandatory_voluntary; product; related_product_manual; related_qco; related_sit; requirements; scheme_code; scheme_id; scheme_name; scheme_type …(+2),bytes; canonical_document_id; content_type; dedup_status; http_status; last_modified; notes; retrieved_at; sha256; source_title; source_type; url,0.0,NO,NO_CONTENT_LINK_DETECTED
SC-0799,BIS_Scheme_X_Industrial.xlsx,BIS_Scheme_X,output__topic18_fmcs_manufacturers.csv,output__topic18_fmcs_manufacturers,14,17,3,11,14,0.1071,SCHEMA_WEAK_OVERLAP,is_number; product; source_url,certification_type; mandatory_voluntary; related_product_manual; related_qco; related_sit; requirements; scheme_code; scheme_id; scheme_name; scheme_type; scope,air; application_requirements; competent_personnel; country; documents; eligibility; factory; fees; licence; licence_status; machinery_requirements; manufacturer …(+2),0.0,NO,NO_CONTENT_LINK_DETECTED
SC-0800,BIS_Scheme_X_Industrial.xlsx,BIS_Scheme_X,output__topic19_official_documents.csv,output__topic19_official_documents,14,17,3,11,14,0.1071,SCHEMA_WEAK_OVERLAP,is_number; product; source_url,certification_type; mandatory_voluntary; related_product_manual; related_qco; related_sit; requirements; scheme_code; scheme_id; scheme_name; scheme_type; scope,access_status; date; document_id; document_title; document_type; download_url; effective_date; license_access_restriction; local_file; page_count; qco; scheme …(+2),0.0,NO,NO_CONTENT_LINK_DETECTED
SC-0801,BIS_Scheme_X_Industrial.xlsx,BIS_Scheme_X,output__topic20_provenance.csv,output__topic20_provenance,14,19,1,13,18,0.0312,SCHEMA_WEAK_OVERLAP,source_url,certification_type; is_number; mandatory_voluntary; product; related_product_manual; related_qco; related_sit; requirements; scheme_code; scheme_id; scheme_name; scheme_type …(+1),clause; confidence; document_hash; document_id; document_title; effective_date; entity_type; evidence_text; field_name; field_value; page; record_id …(+6),0.0,NO,NO_CONTENT_LINK_DETECTED
SC-0802,BIS_Scheme_X_Industrial.xlsx,BIS_Scheme_X,output__unresolved_records.csv,output__unresolved_records,14,6,0,14,6,0.0,SCHEMA_DISJOINT,,certification_type; is_number; mandatory_voluntary; product; related_product_manual; related_qco; related_sit; requirements; scheme_code; scheme_id; scheme_name; scheme_type …(+2),attempted_source_url; entity_type; field_name; reason; record_id; resolution_needed,0.0,NO,NO_CONTENT_LINK_DETECTED
SC-0803,BIS_Scheme_X_Industrial_v2.xlsx,BIS_Scheme_X,BIS_Schemes_Master.xlsx,BIS_Schemes_Master,14,14,13,1,1,0.8667,SCHEMA_SUBSTANTIALLY_IDENTICAL,certification_type; mandatory_voluntary; product; related_product_manual; related_qco; related_sit; requirements; scheme_code; scheme_id; scheme_name; scheme_type; scope; source_url,is_number,is,0.0,YES,SCHEMA_JACCARD>=0.25
SC-0804,BIS_Scheme_X_Industrial_v2.xlsx,BIS_Scheme_X,BIS_Schemes_Master_Scheme_2.xlsx,BIS_Schemes_Master_Scheme_2,14,14,13,1,1,0.8667,SCHEMA_SUBSTANTIALLY_IDENTICAL,certification_type; mandatory_voluntary; product; related_product_manual; related_qco; related_sit; requirements; scheme_code; scheme_id; scheme_name; scheme_type; scope; source_url,is_number,is,0.0,YES,SCHEMA_JACCARD>=0.25
SC-0805,BIS_Scheme_X_Industrial_v2.xlsx,BIS_Scheme_X,BIS_Standards_Amendments.xlsx,BIS_Standards_Amendments,14,12,1,13,11,0.04,SCHEMA_WEAK_OVERLAP,source_url,certification_type; is_number; mandatory_voluntary; product; related_product_manual; related_qco; related_sit; requirements; scheme_code; scheme_id; scheme_name; scheme_type …(+1),amendment_date; amendment_id; amendment_number; document_url; effective_date; new_version; original_version; parent_entity; status; superseded_document; superseding_document,0.0,NO,NO_CONTENT_LINK_DETECTED
SC-0806,BIS_Scheme_X_Industrial_v2.xlsx,BIS_Scheme_X,BIS_Standards_Details_v2 (1).xlsx,BIS Standards,14,19,1,13,18,0.0312,SCHEMA_WEAK_OVERLAP,is_number,certification_type; mandatory_voluntary; product; related_product_manual; related_qco; related_sit; requirements; scheme_code; scheme_id; scheme_name; scheme_type; scope …(+1),current_status; degree_of_equivalence; document_url; official_url; part_section; product_category; publication_date; reaffirmation_review_date; revision; revision_date; standard_id; subcommittee …(+6),0.0,NO,NO_CONTENT_LINK_DETECTED
SC-0807,BIS_Scheme_X_Industrial_v2.xlsx,BIS_Scheme_X,BIS_Standards_Details_v2.xlsx,BIS Standards,14,19,1,13,18,0.0312,SCHEMA_WEAK_OVERLAP,is_number,certification_type; mandatory_voluntary; product; related_product_manual; related_qco; related_sit; requirements; scheme_code; scheme_id; scheme_name; scheme_type; scope …(+1),current_status; degree_of_equivalence; document_url; official_url; part_section; product_category; publication_date; reaffirmation_review_date; revision; revision_date; standard_id; subcommittee …(+6),0.0,NO,NO_CONTENT_LINK_DETECTED
SC-0808,BIS_Scheme_X_Industrial_v2.xlsx,BIS_Scheme_X,BIS_Standards_Details_v3.xlsx,BIS Standards,14,19,1,13,18,0.0312,SCHEMA_WEAK_OVERLAP,is_number,certification_type; mandatory_voluntary; product; related_product_manual; related_qco; related_sit; requirements; scheme_code; scheme_id; scheme_name; scheme_type; scope …(+1),current_status; degree_of_equivalence; document_url; official_url; part_section; product_category; publication_date; reaffirmation_review_date; revision; revision_date; standard_id; subcommittee …(+6),0.0,NO,NO_CONTENT_LINK_DETECTED
SC-0809,BIS_Scheme_X_Industrial_v2.xlsx,BIS_Scheme_X,BIS_Standards_Intelligence_Master.xlsx,BIS_Standards_Intelligence,14,23,3,11,20,0.0882,SCHEMA_WEAK_OVERLAP,is_number; product; source_url,certification_type; mandatory_voluntary; related_product_manual; related_qco; related_sit; requirements; scheme_code; scheme_id; scheme_name; scheme_type; scope,application_procedure; conformity_assessment; eligibility; factory_requirements; fees; forms; infrastructure_requirements; inspection; laboratory_testing; licence_or_coc_grant; process_controls; quality_control …(+8),0.0909,NO,NO_CONTENT_LINK_DETECTED
SC-0810,BIS_Scheme_X_Industrial_v2.xlsx,BIS_Scheme_X,BIS_Standards_Scheme_Mapping.xlsx,BIS_Standards_Scheme_Mapping,14,23,2,12,21,0.0571,SCHEMA_WEAK_OVERLAP,is_number; source_url,certification_type; mandatory_voluntary; product; related_product_manual; related_qco; related_sit; requirements; scheme_code; scheme_id; scheme_name; scheme_type; scope,application_procedure; certification_scheme_to_store; conformity_assessment; eligibility; factory_requirements; fees; forms; group; infrastructure_requirements; inspection; laboratory_testing; licence_or_coc_grant …(+9),0.1111,NO,NO_CONTENT_LINK_DETECTED
SC-0811,BIS_Scheme_X_Industrial_v2.xlsx,BIS_Scheme_X,BIS_Testing_Parameters_Master.xlsx,BIS_Testing_Parameters,14,18,3,11,15,0.1034,SCHEMA_WEAK_OVERLAP,is_number; product; source_url,certification_type; mandatory_voluntary; related_product_manual; related_qco; related_sit; requirements; scheme_code; scheme_id; scheme_name; scheme_type; scope,acceptance_criteria; clause; laboratory_requirement; rejection_handling; remarks; required_equipment; sample_size; sampling_frequency; source_document; source_page; test_frequency; test_method …(+3),0.0333,NO,NO_CONTENT_LINK_DETECTED
SC-0812,BIS_Scheme_X_Industrial_v2.xlsx,BIS_Scheme_X,bis_circulars (1).csv,bis_circulars (1),14,11,1,13,10,0.0417,SCHEMA_WEAK_OVERLAP,source_url,certification_type; is_number; mandatory_voluntary; product; related_product_manual; related_qco; related_sit; requirements; scheme_code; scheme_id; scheme_name; scheme_type …(+1),circular_id; circular_number; document_url; effective_date; implementation_instructions; issuing_authority; related_is; release_date; subject; title,0.0,NO,NO_CONTENT_LINK_DETECTED
SC-0813,BIS_Scheme_X_Industrial_v2.xlsx,BIS_Scheme_X,bis_gazette_notification.csv,bis_gazette_notification,14,4,0,14,4,0.0,SCHEMA_DISJOINT,,certification_type; is_number; mandatory_voluntary; product; related_product_manual; related_qco; related_sit; requirements; scheme_code; scheme_id; scheme_name; scheme_type …(+2),id; related_is; title; unnamed_3,0.0,NO,NO_CONTENT_LINK_DETECTED
SC-0814,BIS_Scheme_X_Industrial_v2.xlsx,BIS_Scheme_X,bis_laboratories.csv,bis_laboratories,14,11,1,13,10,0.0417,SCHEMA_WEAK_OVERLAP,source_url,certification_type; is_number; mandatory_voluntary; product; related_product_manual; related_qco; related_sit; requirements; scheme_code; scheme_id; scheme_name; scheme_type …(+1),accreditation_validity; address; city; contact_details; lab_id; lab_name; lab_type; pin; state; tested_is_numbers,0.0,NO,NO_CONTENT_LINK_DETECTED
SC-0815,BIS_Scheme_X_Industrial_v2.xlsx,BIS_Scheme_X,bis_product_certification_faq (1).csv,bis_product_certification_faq (1),14,8,1,13,7,0.0476,SCHEMA_WEAK_OVERLAP,source_url,certification_type; is_number; mandatory_voluntary; product; related_product_manual; related_qco; related_sit; requirements; scheme_code; scheme_id; scheme_name; scheme_type …(+1),answer; category; faq_id; question; related_is; related_product; related_scheme,0.125,NO,NO_CONTENT_LINK_DETECTED
SC-0816,BIS_Scheme_X_Industrial_v2.xlsx,BIS_Scheme_X,bis_product_certifications.csv,bis_product_certifications,14,9,3,11,6,0.15,SCHEMA_WEAK_OVERLAP,scheme_id; scheme_name; source_url,certification_type; is_number; mandatory_voluntary; product; related_product_manual; related_qco; related_sit; requirements; scheme_code; scheme_type; scope,applicability; application_procedure; document_url; fee_structure; guideline_title; inspection_testing_norm,0.1111,NO,NO_CONTENT_LINK_DETECTED
SC-0817,BIS_Scheme_X_Industrial_v2.xlsx,BIS_Scheme_X,bis_topic17_hallmarking_centres.csv,bis_topic17_hallmarking_centres,14,14,2,12,12,0.0769,SCHEMA_WEAK_OVERLAP,scope; source_url,certification_type; is_number; mandatory_voluntary; product; related_product_manual; related_qco; related_sit; requirements; scheme_code; scheme_id; scheme_name; scheme_type,address; centre_code; centre_id; centre_name; city; district; pin; recognition_status; recognition_status_raw; services; state; validity,0.0,NO,NO_CONTENT_LINK_DETECTED
SC-0818,BIS_Scheme_X_Industrial_v2.xlsx,BIS_Scheme_X,bis_topic17_hallmarking_centres_cancelled_suspended.csv,bis_topic17_hallmarking_centres_cancelled_suspended,14,17,2,12,15,0.069,SCHEMA_WEAK_OVERLAP,scope; source_url,certification_type; is_number; mandatory_voluntary; product; related_product_manual; related_qco; related_sit; requirements; scheme_code; scheme_id; scheme_name; scheme_type,address; centre_code; centre_id; centre_name; centre_type; city; district; pin; recognition_status; recognition_status_raw; region; services …(+3),0.0,NO,NO_CONTENT_LINK_DETECTED
SC-0819,BIS_Scheme_X_Industrial_v2.xlsx,BIS_Scheme_X,data__raw__fmcs_all_fmcs_list_raw.csv,data__raw__fmcs_all_fmcs_list_raw,14,9,1,13,8,0.0455,SCHEMA_WEAK_OVERLAP,source_url,certification_type; is_number; mandatory_voluntary; product; related_product_manual; related_qco; related_sit; requirements; scheme_code; scheme_id; scheme_name; scheme_type …(+1),cml_no_raw; name_address_raw; retrieved_at; s_no; standard_no_raw; status_raw; validity_date_raw; variety_brand_raw,0.0,NO,NO_CONTENT_LINK_DETECTED
SC-0820,BIS_Scheme_X_Industrial_v2.xlsx,BIS_Scheme_X,output__extraction_log.csv,output__extraction_log,14,6,0,14,6,0.0,SCHEMA_DISJOINT,,certification_type; is_number; mandatory_voluntary; product; related_product_manual; related_qco; related_sit; requirements; scheme_code; scheme_id; scheme_name; scheme_type …(+2),error_type; notes; outcome; retry_count; timestamp; url,0.0,NO,NO_CONTENT_LINK_DETECTED
SC-0821,BIS_Scheme_X_Industrial_v2.xlsx,BIS_Scheme_X,output__fmcs_country_coverage.csv,output__fmcs_country_coverage,14,3,0,14,3,0.0,SCHEMA_DISJOINT,,certification_type; is_number; mandatory_voluntary; product; related_product_manual; related_qco; related_sit; requirements; scheme_code; scheme_id; scheme_name; scheme_type …(+2),country; licence_count; manufacturer_count,0.0,NO,NO_CONTENT_LINK_DETECTED
SC-0822,BIS_Scheme_X_Industrial_v2.xlsx,BIS_Scheme_X,output__fmcs_is_coverage.csv,output__fmcs_is_coverage,14,3,1,13,2,0.0625,SCHEMA_WEAK_OVERLAP,is_number,certification_type; mandatory_voluntary; product; related_product_manual; related_qco; related_sit; requirements; scheme_code; scheme_id; scheme_name; scheme_type; scope …(+1),licence_count; manufacturer_count,0.0,NO,NO_CONTENT_LINK_DETECTED
SC-0823,BIS_Scheme_X_Industrial_v2.xlsx,BIS_Scheme_X,output__source_inventory.csv,output__source_inventory,14,12,0,14,12,0.0,SCHEMA_DISJOINT,,certification_type; is_number; mandatory_voluntary; product; related_product_manual; related_qco; related_sit; requirements; scheme_code; scheme_id; scheme_name; scheme_type …(+2),bytes; canonical_document_id; content_type; dedup_status; http_status; last_modified; notes; retrieved_at; sha256; source_title; source_type; url,0.0,NO,NO_CONTENT_LINK_DETECTED
SC-0824,BIS_Scheme_X_Industrial_v2.xlsx,BIS_Scheme_X,output__topic18_fmcs_manufacturers.csv,output__topic18_fmcs_manufacturers,14,17,3,11,14,0.1071,SCHEMA_WEAK_OVERLAP,is_number; product; source_url,certification_type; mandatory_voluntary; related_product_manual; related_qco; related_sit; requirements; scheme_code; scheme_id; scheme_name; scheme_type; scope,air; application_requirements; competent_personnel; country; documents; eligibility; factory; fees; licence; licence_status; machinery_requirements; manufacturer …(+2),0.0,NO,NO_CONTENT_LINK_DETECTED
SC-0825,BIS_Scheme_X_Industrial_v2.xlsx,BIS_Scheme_X,output__topic19_official_documents.csv,output__topic19_official_documents,14,17,3,11,14,0.1071,SCHEMA_WEAK_OVERLAP,is_number; product; source_url,certification_type; mandatory_voluntary; related_product_manual; related_qco; related_sit; requirements; scheme_code; scheme_id; scheme_name; scheme_type; scope,access_status; date; document_id; document_title; document_type; download_url; effective_date; license_access_restriction; local_file; page_count; qco; scheme …(+2),0.0,NO,NO_CONTENT_LINK_DETECTED
SC-0826,BIS_Scheme_X_Industrial_v2.xlsx,BIS_Scheme_X,output__topic20_provenance.csv,output__topic20_provenance,14,19,1,13,18,0.0312,SCHEMA_WEAK_OVERLAP,source_url,certification_type; is_number; mandatory_voluntary; product; related_product_manual; related_qco; related_sit; requirements; scheme_code; scheme_id; scheme_name; scheme_type …(+1),clause; confidence; document_hash; document_id; document_title; effective_date; entity_type; evidence_text; field_name; field_value; page; record_id …(+6),0.0,NO,NO_CONTENT_LINK_DETECTED
SC-0827,BIS_Scheme_X_Industrial_v2.xlsx,BIS_Scheme_X,output__unresolved_records.csv,output__unresolved_records,14,6,0,14,6,0.0,SCHEMA_DISJOINT,,certification_type; is_number; mandatory_voluntary; product; related_product_manual; related_qco; related_sit; requirements; scheme_code; scheme_id; scheme_name; scheme_type …(+2),attempted_source_url; entity_type; field_name; reason; record_id; resolution_needed,0.0,NO,NO_CONTENT_LINK_DETECTED
SC-0828,BIS_Schemes_Master.xlsx,BIS_Schemes_Master,BIS_Schemes_Master_Scheme_2.xlsx,BIS_Schemes_Master_Scheme_2,14,14,14,0,0,1.0,SCHEMA_IDENTICAL,certification_type; is; mandatory_voluntary; product; related_product_manual; related_qco; related_sit; requirements; scheme_code; scheme_id; scheme_name; scheme_type; scope; source_url,,,1.0,YES,SCHEMA_JACCARD>=0.25; PHASE1_CANDIDATE_GROUP=NAMECAND-005; PRODUCT_JACCARD=1.00; QCO_JACCARD=1.00
SC-0829,BIS_Schemes_Master.xlsx,BIS_Schemes_Master,BIS_Standards_Amendments.xlsx,BIS_Standards_Amendments,14,12,1,13,11,0.04,SCHEMA_WEAK_OVERLAP,source_url,certification_type; is; mandatory_voluntary; product; related_product_manual; related_qco; related_sit; requirements; scheme_code; scheme_id; scheme_name; scheme_type …(+1),amendment_date; amendment_id; amendment_number; document_url; effective_date; new_version; original_version; parent_entity; status; superseded_document; superseding_document,0.0,NO,NO_CONTENT_LINK_DETECTED
SC-0830,BIS_Schemes_Master.xlsx,BIS_Schemes_Master,BIS_Standards_Details_v2 (1).xlsx,BIS Standards,14,19,0,14,19,0.0,SCHEMA_DISJOINT,,certification_type; is; mandatory_voluntary; product; related_product_manual; related_qco; related_sit; requirements; scheme_code; scheme_id; scheme_name; scheme_type …(+2),current_status; degree_of_equivalence; document_url; is_number; official_url; part_section; product_category; publication_date; reaffirmation_review_date; revision; revision_date; standard_id …(+7),0.0081,NO,NO_CONTENT_LINK_DETECTED
SC-0831,BIS_Schemes_Master.xlsx,BIS_Schemes_Master,BIS_Standards_Details_v2.xlsx,BIS Standards,14,19,0,14,19,0.0,SCHEMA_DISJOINT,,certification_type; is; mandatory_voluntary; product; related_product_manual; related_qco; related_sit; requirements; scheme_code; scheme_id; scheme_name; scheme_type …(+2),current_status; degree_of_equivalence; document_url; is_number; official_url; part_section; product_category; publication_date; reaffirmation_review_date; revision; revision_date; standard_id …(+7),0.0081,NO,NO_CONTENT_LINK_DETECTED
SC-0832,BIS_Schemes_Master.xlsx,BIS_Schemes_Master,BIS_Standards_Details_v3.xlsx,BIS Standards,14,19,0,14,19,0.0,SCHEMA_DISJOINT,,certification_type; is; mandatory_voluntary; product; related_product_manual; related_qco; related_sit; requirements; scheme_code; scheme_id; scheme_name; scheme_type …(+2),current_status; degree_of_equivalence; document_url; is_number; official_url; part_section; product_category; publication_date; reaffirmation_review_date; revision; revision_date; standard_id …(+7),0.0081,NO,NO_CONTENT_LINK_DETECTED
SC-0833,BIS_Schemes_Master.xlsx,BIS_Schemes_Master,BIS_Standards_Intelligence_Master.xlsx,BIS_Standards_Intelligence,14,23,2,12,21,0.0571,SCHEMA_WEAK_OVERLAP,product; source_url,certification_type; is; mandatory_voluntary; related_product_manual; related_qco; related_sit; requirements; scheme_code; scheme_id; scheme_name; scheme_type; scope,application_procedure; conformity_assessment; eligibility; factory_requirements; fees; forms; infrastructure_requirements; inspection; is_number; laboratory_testing; licence_or_coc_grant; process_controls …(+9),0.3333,YES,PRODUCT_JACCARD=0.33
SC-0834,BIS_Schemes_Master.xlsx,BIS_Schemes_Master,BIS_Standards_Scheme_Mapping.xlsx,BIS_Standards_Scheme_Mapping,14,23,1,13,22,0.0278,SCHEMA_WEAK_OVERLAP,source_url,certification_type; is; mandatory_voluntary; product; related_product_manual; related_qco; related_sit; requirements; scheme_code; scheme_id; scheme_name; scheme_type …(+1),application_procedure; certification_scheme_to_store; conformity_assessment; eligibility; factory_requirements; fees; forms; group; infrastructure_requirements; inspection; is_number; laboratory_testing …(+10),0.0,NO,NO_CONTENT_LINK_DETECTED
SC-0835,BIS_Schemes_Master.xlsx,BIS_Schemes_Master,BIS_Testing_Parameters_Master.xlsx,BIS_Testing_Parameters,14,18,2,12,16,0.0667,SCHEMA_WEAK_OVERLAP,product; source_url,certification_type; is; mandatory_voluntary; related_product_manual; related_qco; related_sit; requirements; scheme_code; scheme_id; scheme_name; scheme_type; scope,acceptance_criteria; clause; is_number; laboratory_requirement; rejection_handling; remarks; required_equipment; sample_size; sampling_frequency; source_document; source_page; test_frequency …(+4),0.33,YES,PRODUCT_JACCARD=0.33
SC-0836,BIS_Schemes_Master.xlsx,BIS_Schemes_Master,bis_circulars (1).csv,bis_circulars (1),14,11,1,13,10,0.0417,SCHEMA_WEAK_OVERLAP,source_url,certification_type; is; mandatory_voluntary; product; related_product_manual; related_qco; related_sit; requirements; scheme_code; scheme_id; scheme_name; scheme_type …(+1),circular_id; circular_number; document_url; effective_date; implementation_instructions; issuing_authority; related_is; release_date; subject; title,0.0,NO,NO_CONTENT_LINK_DETECTED
SC-0837,BIS_Schemes_Master.xlsx,BIS_Schemes_Master,bis_gazette_notification.csv,bis_gazette_notification,14,4,0,14,4,0.0,SCHEMA_DISJOINT,,certification_type; is; mandatory_voluntary; product; related_product_manual; related_qco; related_sit; requirements; scheme_code; scheme_id; scheme_name; scheme_type …(+2),id; related_is; title; unnamed_3,0.0,NO,NO_CONTENT_LINK_DETECTED
SC-0838,BIS_Schemes_Master.xlsx,BIS_Schemes_Master,bis_laboratories.csv,bis_laboratories,14,11,1,13,10,0.0417,SCHEMA_WEAK_OVERLAP,source_url,certification_type; is; mandatory_voluntary; product; related_product_manual; related_qco; related_sit; requirements; scheme_code; scheme_id; scheme_name; scheme_type …(+1),accreditation_validity; address; city; contact_details; lab_id; lab_name; lab_type; pin; state; tested_is_numbers,0.0,NO,NO_CONTENT_LINK_DETECTED
SC-0839,BIS_Schemes_Master.xlsx,BIS_Schemes_Master,bis_product_certification_faq (1).csv,bis_product_certification_faq (1),14,8,1,13,7,0.0476,SCHEMA_WEAK_OVERLAP,source_url,certification_type; is; mandatory_voluntary; product; related_product_manual; related_qco; related_sit; requirements; scheme_code; scheme_id; scheme_name; scheme_type …(+1),answer; category; faq_id; question; related_is; related_product; related_scheme,0.0,NO,NO_CONTENT_LINK_DETECTED
SC-0840,BIS_Schemes_Master.xlsx,BIS_Schemes_Master,bis_product_certifications.csv,bis_product_certifications,14,9,3,11,6,0.15,SCHEMA_WEAK_OVERLAP,scheme_id; scheme_name; source_url,certification_type; is; mandatory_voluntary; product; related_product_manual; related_qco; related_sit; requirements; scheme_code; scheme_type; scope,applicability; application_procedure; document_url; fee_structure; guideline_title; inspection_testing_norm,0.0,NO,NO_CONTENT_LINK_DETECTED
SC-0841,BIS_Schemes_Master.xlsx,BIS_Schemes_Master,bis_topic17_hallmarking_centres.csv,bis_topic17_hallmarking_centres,14,14,2,12,12,0.0769,SCHEMA_WEAK_OVERLAP,scope; source_url,certification_type; is; mandatory_voluntary; product; related_product_manual; related_qco; related_sit; requirements; scheme_code; scheme_id; scheme_name; scheme_type,address; centre_code; centre_id; centre_name; city; district; pin; recognition_status; recognition_status_raw; services; state; validity,0.0,NO,NO_CONTENT_LINK_DETECTED
SC-0842,BIS_Schemes_Master.xlsx,BIS_Schemes_Master,bis_topic17_hallmarking_centres_cancelled_suspended.csv,bis_topic17_hallmarking_centres_cancelled_suspended,14,17,2,12,15,0.069,SCHEMA_WEAK_OVERLAP,scope; source_url,certification_type; is; mandatory_voluntary; product; related_product_manual; related_qco; related_sit; requirements; scheme_code; scheme_id; scheme_name; scheme_type,address; centre_code; centre_id; centre_name; centre_type; city; district; pin; recognition_status; recognition_status_raw; region; services …(+3),0.0,NO,NO_CONTENT_LINK_DETECTED
SC-0843,BIS_Schemes_Master.xlsx,BIS_Schemes_Master,data__raw__fmcs_all_fmcs_list_raw.csv,data__raw__fmcs_all_fmcs_list_raw,14,9,1,13,8,0.0455,SCHEMA_WEAK_OVERLAP,source_url,certification_type; is; mandatory_voluntary; product; related_product_manual; related_qco; related_sit; requirements; scheme_code; scheme_id; scheme_name; scheme_type …(+1),cml_no_raw; name_address_raw; retrieved_at; s_no; standard_no_raw; status_raw; validity_date_raw; variety_brand_raw,0.0,NO,NO_CONTENT_LINK_DETECTED
SC-0844,BIS_Schemes_Master.xlsx,BIS_Schemes_Master,output__extraction_log.csv,output__extraction_log,14,6,0,14,6,0.0,SCHEMA_DISJOINT,,certification_type; is; mandatory_voluntary; product; related_product_manual; related_qco; related_sit; requirements; scheme_code; scheme_id; scheme_name; scheme_type …(+2),error_type; notes; outcome; retry_count; timestamp; url,0.0,NO,NO_CONTENT_LINK_DETECTED
SC-0845,BIS_Schemes_Master.xlsx,BIS_Schemes_Master,output__fmcs_country_coverage.csv,output__fmcs_country_coverage,14,3,0,14,3,0.0,SCHEMA_DISJOINT,,certification_type; is; mandatory_voluntary; product; related_product_manual; related_qco; related_sit; requirements; scheme_code; scheme_id; scheme_name; scheme_type …(+2),country; licence_count; manufacturer_count,0.0,NO,NO_CONTENT_LINK_DETECTED
SC-0846,BIS_Schemes_Master.xlsx,BIS_Schemes_Master,output__fmcs_is_coverage.csv,output__fmcs_is_coverage,14,3,0,14,3,0.0,SCHEMA_DISJOINT,,certification_type; is; mandatory_voluntary; product; related_product_manual; related_qco; related_sit; requirements; scheme_code; scheme_id; scheme_name; scheme_type …(+2),is_number; licence_count; manufacturer_count,0.0,NO,NO_CONTENT_LINK_DETECTED
SC-0847,BIS_Schemes_Master.xlsx,BIS_Schemes_Master,output__source_inventory.csv,output__source_inventory,14,12,0,14,12,0.0,SCHEMA_DISJOINT,,certification_type; is; mandatory_voluntary; product; related_product_manual; related_qco; related_sit; requirements; scheme_code; scheme_id; scheme_name; scheme_type …(+2),bytes; canonical_document_id; content_type; dedup_status; http_status; last_modified; notes; retrieved_at; sha256; source_title; source_type; url,0.0,NO,NO_CONTENT_LINK_DETECTED
SC-0848,BIS_Schemes_Master.xlsx,BIS_Schemes_Master,output__topic18_fmcs_manufacturers.csv,output__topic18_fmcs_manufacturers,14,17,2,12,15,0.069,SCHEMA_WEAK_OVERLAP,product; source_url,certification_type; is; mandatory_voluntary; related_product_manual; related_qco; related_sit; requirements; scheme_code; scheme_id; scheme_name; scheme_type; scope,air; application_requirements; competent_personnel; country; documents; eligibility; factory; fees; is_number; licence; licence_status; machinery_requirements …(+3),0.0023,NO,NO_CONTENT_LINK_DETECTED
SC-0849,BIS_Schemes_Master.xlsx,BIS_Schemes_Master,output__topic19_official_documents.csv,output__topic19_official_documents,14,17,2,12,15,0.069,SCHEMA_WEAK_OVERLAP,product; source_url,certification_type; is; mandatory_voluntary; related_product_manual; related_qco; related_sit; requirements; scheme_code; scheme_id; scheme_name; scheme_type; scope,access_status; date; document_id; document_title; document_type; download_url; effective_date; is_number; license_access_restriction; local_file; page_count; qco …(+3),0.0,NO,NO_CONTENT_LINK_DETECTED
SC-0850,BIS_Schemes_Master.xlsx,BIS_Schemes_Master,output__topic20_provenance.csv,output__topic20_provenance,14,19,1,13,18,0.0312,SCHEMA_WEAK_OVERLAP,source_url,certification_type; is; mandatory_voluntary; product; related_product_manual; related_qco; related_sit; requirements; scheme_code; scheme_id; scheme_name; scheme_type …(+1),clause; confidence; document_hash; document_id; document_title; effective_date; entity_type; evidence_text; field_name; field_value; page; record_id …(+6),0.0,NO,NO_CONTENT_LINK_DETECTED
SC-0851,BIS_Schemes_Master.xlsx,BIS_Schemes_Master,output__unresolved_records.csv,output__unresolved_records,14,6,0,14,6,0.0,SCHEMA_DISJOINT,,certification_type; is; mandatory_voluntary; product; related_product_manual; related_qco; related_sit; requirements; scheme_code; scheme_id; scheme_name; scheme_type …(+2),attempted_source_url; entity_type; field_name; reason; record_id; resolution_needed,0.0,NO,NO_CONTENT_LINK_DETECTED
SC-0852,BIS_Schemes_Master_Scheme_2.xlsx,BIS_Schemes_Master_Scheme_2,BIS_Standards_Amendments.xlsx,BIS_Standards_Amendments,14,12,1,13,11,0.04,SCHEMA_WEAK_OVERLAP,source_url,certification_type; is; mandatory_voluntary; product; related_product_manual; related_qco; related_sit; requirements; scheme_code; scheme_id; scheme_name; scheme_type …(+1),amendment_date; amendment_id; amendment_number; document_url; effective_date; new_version; original_version; parent_entity; status; superseded_document; superseding_document,0.0,NO,NO_CONTENT_LINK_DETECTED
SC-0853,BIS_Schemes_Master_Scheme_2.xlsx,BIS_Schemes_Master_Scheme_2,BIS_Standards_Details_v2 (1).xlsx,BIS Standards,14,19,0,14,19,0.0,SCHEMA_DISJOINT,,certification_type; is; mandatory_voluntary; product; related_product_manual; related_qco; related_sit; requirements; scheme_code; scheme_id; scheme_name; scheme_type …(+2),current_status; degree_of_equivalence; document_url; is_number; official_url; part_section; product_category; publication_date; reaffirmation_review_date; revision; revision_date; standard_id …(+7),0.0081,NO,NO_CONTENT_LINK_DETECTED
SC-0854,BIS_Schemes_Master_Scheme_2.xlsx,BIS_Schemes_Master_Scheme_2,BIS_Standards_Details_v2.xlsx,BIS Standards,14,19,0,14,19,0.0,SCHEMA_DISJOINT,,certification_type; is; mandatory_voluntary; product; related_product_manual; related_qco; related_sit; requirements; scheme_code; scheme_id; scheme_name; scheme_type …(+2),current_status; degree_of_equivalence; document_url; is_number; official_url; part_section; product_category; publication_date; reaffirmation_review_date; revision; revision_date; standard_id …(+7),0.0081,NO,NO_CONTENT_LINK_DETECTED
SC-0855,BIS_Schemes_Master_Scheme_2.xlsx,BIS_Schemes_Master_Scheme_2,BIS_Standards_Details_v3.xlsx,BIS Standards,14,19,0,14,19,0.0,SCHEMA_DISJOINT,,certification_type; is; mandatory_voluntary; product; related_product_manual; related_qco; related_sit; requirements; scheme_code; scheme_id; scheme_name; scheme_type …(+2),current_status; degree_of_equivalence; document_url; is_number; official_url; part_section; product_category; publication_date; reaffirmation_review_date; revision; revision_date; standard_id …(+7),0.0081,NO,NO_CONTENT_LINK_DETECTED
SC-0856,BIS_Schemes_Master_Scheme_2.xlsx,BIS_Schemes_Master_Scheme_2,BIS_Standards_Intelligence_Master.xlsx,BIS_Standards_Intelligence,14,23,2,12,21,0.0571,SCHEMA_WEAK_OVERLAP,product; source_url,certification_type; is; mandatory_voluntary; related_product_manual; related_qco; related_sit; requirements; scheme_code; scheme_id; scheme_name; scheme_type; scope,application_procedure; conformity_assessment; eligibility; factory_requirements; fees; forms; infrastructure_requirements; inspection; is_number; laboratory_testing; licence_or_coc_grant; process_controls …(+9),0.3333,YES,PRODUCT_JACCARD=0.33
SC-0857,BIS_Schemes_Master_Scheme_2.xlsx,BIS_Schemes_Master_Scheme_2,BIS_Standards_Scheme_Mapping.xlsx,BIS_Standards_Scheme_Mapping,14,23,1,13,22,0.0278,SCHEMA_WEAK_OVERLAP,source_url,certification_type; is; mandatory_voluntary; product; related_product_manual; related_qco; related_sit; requirements; scheme_code; scheme_id; scheme_name; scheme_type …(+1),application_procedure; certification_scheme_to_store; conformity_assessment; eligibility; factory_requirements; fees; forms; group; infrastructure_requirements; inspection; is_number; laboratory_testing …(+10),0.0,NO,NO_CONTENT_LINK_DETECTED
SC-0858,BIS_Schemes_Master_Scheme_2.xlsx,BIS_Schemes_Master_Scheme_2,BIS_Testing_Parameters_Master.xlsx,BIS_Testing_Parameters,14,18,2,12,16,0.0667,SCHEMA_WEAK_OVERLAP,product; source_url,certification_type; is; mandatory_voluntary; related_product_manual; related_qco; related_sit; requirements; scheme_code; scheme_id; scheme_name; scheme_type; scope,acceptance_criteria; clause; is_number; laboratory_requirement; rejection_handling; remarks; required_equipment; sample_size; sampling_frequency; source_document; source_page; test_frequency …(+4),0.33,YES,PRODUCT_JACCARD=0.33
SC-0859,BIS_Schemes_Master_Scheme_2.xlsx,BIS_Schemes_Master_Scheme_2,bis_circulars (1).csv,bis_circulars (1),14,11,1,13,10,0.0417,SCHEMA_WEAK_OVERLAP,source_url,certification_type; is; mandatory_voluntary; product; related_product_manual; related_qco; related_sit; requirements; scheme_code; scheme_id; scheme_name; scheme_type …(+1),circular_id; circular_number; document_url; effective_date; implementation_instructions; issuing_authority; related_is; release_date; subject; title,0.0,NO,NO_CONTENT_LINK_DETECTED
SC-0860,BIS_Schemes_Master_Scheme_2.xlsx,BIS_Schemes_Master_Scheme_2,bis_gazette_notification.csv,bis_gazette_notification,14,4,0,14,4,0.0,SCHEMA_DISJOINT,,certification_type; is; mandatory_voluntary; product; related_product_manual; related_qco; related_sit; requirements; scheme_code; scheme_id; scheme_name; scheme_type …(+2),id; related_is; title; unnamed_3,0.0,NO,NO_CONTENT_LINK_DETECTED
SC-0861,BIS_Schemes_Master_Scheme_2.xlsx,BIS_Schemes_Master_Scheme_2,bis_laboratories.csv,bis_laboratories,14,11,1,13,10,0.0417,SCHEMA_WEAK_OVERLAP,source_url,certification_type; is; mandatory_voluntary; product; related_product_manual; related_qco; related_sit; requirements; scheme_code; scheme_id; scheme_name; scheme_type …(+1),accreditation_validity; address; city; contact_details; lab_id; lab_name; lab_type; pin; state; tested_is_numbers,0.0,NO,NO_CONTENT_LINK_DETECTED
SC-0862,BIS_Schemes_Master_Scheme_2.xlsx,BIS_Schemes_Master_Scheme_2,bis_product_certification_faq (1).csv,bis_product_certification_faq (1),14,8,1,13,7,0.0476,SCHEMA_WEAK_OVERLAP,source_url,certification_type; is; mandatory_voluntary; product; related_product_manual; related_qco; related_sit; requirements; scheme_code; scheme_id; scheme_name; scheme_type …(+1),answer; category; faq_id; question; related_is; related_product; related_scheme,0.0,NO,NO_CONTENT_LINK_DETECTED
SC-0863,BIS_Schemes_Master_Scheme_2.xlsx,BIS_Schemes_Master_Scheme_2,bis_product_certifications.csv,bis_product_certifications,14,9,3,11,6,0.15,SCHEMA_WEAK_OVERLAP,scheme_id; scheme_name; source_url,certification_type; is; mandatory_voluntary; product; related_product_manual; related_qco; related_sit; requirements; scheme_code; scheme_type; scope,applicability; application_procedure; document_url; fee_structure; guideline_title; inspection_testing_norm,0.0,NO,NO_CONTENT_LINK_DETECTED
SC-0864,BIS_Schemes_Master_Scheme_2.xlsx,BIS_Schemes_Master_Scheme_2,bis_topic17_hallmarking_centres.csv,bis_topic17_hallmarking_centres,14,14,2,12,12,0.0769,SCHEMA_WEAK_OVERLAP,scope; source_url,certification_type; is; mandatory_voluntary; product; related_product_manual; related_qco; related_sit; requirements; scheme_code; scheme_id; scheme_name; scheme_type,address; centre_code; centre_id; centre_name; city; district; pin; recognition_status; recognition_status_raw; services; state; validity,0.0,NO,NO_CONTENT_LINK_DETECTED
SC-0865,BIS_Schemes_Master_Scheme_2.xlsx,BIS_Schemes_Master_Scheme_2,bis_topic17_hallmarking_centres_cancelled_suspended.csv,bis_topic17_hallmarking_centres_cancelled_suspended,14,17,2,12,15,0.069,SCHEMA_WEAK_OVERLAP,scope; source_url,certification_type; is; mandatory_voluntary; product; related_product_manual; related_qco; related_sit; requirements; scheme_code; scheme_id; scheme_name; scheme_type,address; centre_code; centre_id; centre_name; centre_type; city; district; pin; recognition_status; recognition_status_raw; region; services …(+3),0.0,NO,NO_CONTENT_LINK_DETECTED
SC-0866,BIS_Schemes_Master_Scheme_2.xlsx,BIS_Schemes_Master_Scheme_2,data__raw__fmcs_all_fmcs_list_raw.csv,data__raw__fmcs_all_fmcs_list_raw,14,9,1,13,8,0.0455,SCHEMA_WEAK_OVERLAP,source_url,certification_type; is; mandatory_voluntary; product; related_product_manual; related_qco; related_sit; requirements; scheme_code; scheme_id; scheme_name; scheme_type …(+1),cml_no_raw; name_address_raw; retrieved_at; s_no; standard_no_raw; status_raw; validity_date_raw; variety_brand_raw,0.0,NO,NO_CONTENT_LINK_DETECTED
SC-0867,BIS_Schemes_Master_Scheme_2.xlsx,BIS_Schemes_Master_Scheme_2,output__extraction_log.csv,output__extraction_log,14,6,0,14,6,0.0,SCHEMA_DISJOINT,,certification_type; is; mandatory_voluntary; product; related_product_manual; related_qco; related_sit; requirements; scheme_code; scheme_id; scheme_name; scheme_type …(+2),error_type; notes; outcome; retry_count; timestamp; url,0.0,NO,NO_CONTENT_LINK_DETECTED
SC-0868,BIS_Schemes_Master_Scheme_2.xlsx,BIS_Schemes_Master_Scheme_2,output__fmcs_country_coverage.csv,output__fmcs_country_coverage,14,3,0,14,3,0.0,SCHEMA_DISJOINT,,certification_type; is; mandatory_voluntary; product; related_product_manual; related_qco; related_sit; requirements; scheme_code; scheme_id; scheme_name; scheme_type …(+2),country; licence_count; manufacturer_count,0.0,NO,NO_CONTENT_LINK_DETECTED
SC-0869,BIS_Schemes_Master_Scheme_2.xlsx,BIS_Schemes_Master_Scheme_2,output__fmcs_is_coverage.csv,output__fmcs_is_coverage,14,3,0,14,3,0.0,SCHEMA_DISJOINT,,certification_type; is; mandatory_voluntary; product; related_product_manual; related_qco; related_sit; requirements; scheme_code; scheme_id; scheme_name; scheme_type …(+2),is_number; licence_count; manufacturer_count,0.0,NO,NO_CONTENT_LINK_DETECTED
SC-0870,BIS_Schemes_Master_Scheme_2.xlsx,BIS_Schemes_Master_Scheme_2,output__source_inventory.csv,output__source_inventory,14,12,0,14,12,0.0,SCHEMA_DISJOINT,,certification_type; is; mandatory_voluntary; product; related_product_manual; related_qco; related_sit; requirements; scheme_code; scheme_id; scheme_name; scheme_type …(+2),bytes; canonical_document_id; content_type; dedup_status; http_status; last_modified; notes; retrieved_at; sha256; source_title; source_type; url,0.0,NO,NO_CONTENT_LINK_DETECTED
SC-0871,BIS_Schemes_Master_Scheme_2.xlsx,BIS_Schemes_Master_Scheme_2,output__topic18_fmcs_manufacturers.csv,output__topic18_fmcs_manufacturers,14,17,2,12,15,0.069,SCHEMA_WEAK_OVERLAP,product; source_url,certification_type; is; mandatory_voluntary; related_product_manual; related_qco; related_sit; requirements; scheme_code; scheme_id; scheme_name; scheme_type; scope,air; application_requirements; competent_personnel; country; documents; eligibility; factory; fees; is_number; licence; licence_status; machinery_requirements …(+3),0.0023,NO,NO_CONTENT_LINK_DETECTED
SC-0872,BIS_Schemes_Master_Scheme_2.xlsx,BIS_Schemes_Master_Scheme_2,output__topic19_official_documents.csv,output__topic19_official_documents,14,17,2,12,15,0.069,SCHEMA_WEAK_OVERLAP,product; source_url,certification_type; is; mandatory_voluntary; related_product_manual; related_qco; related_sit; requirements; scheme_code; scheme_id; scheme_name; scheme_type; scope,access_status; date; document_id; document_title; document_type; download_url; effective_date; is_number; license_access_restriction; local_file; page_count; qco …(+3),0.0,NO,NO_CONTENT_LINK_DETECTED
SC-0873,BIS_Schemes_Master_Scheme_2.xlsx,BIS_Schemes_Master_Scheme_2,output__topic20_provenance.csv,output__topic20_provenance,14,19,1,13,18,0.0312,SCHEMA_WEAK_OVERLAP,source_url,certification_type; is; mandatory_voluntary; product; related_product_manual; related_qco; related_sit; requirements; scheme_code; scheme_id; scheme_name; scheme_type …(+1),clause; confidence; document_hash; document_id; document_title; effective_date; entity_type; evidence_text; field_name; field_value; page; record_id …(+6),0.0,NO,NO_CONTENT_LINK_DETECTED
SC-0874,BIS_Schemes_Master_Scheme_2.xlsx,BIS_Schemes_Master_Scheme_2,output__unresolved_records.csv,output__unresolved_records,14,6,0,14,6,0.0,SCHEMA_DISJOINT,,certification_type; is; mandatory_voluntary; product; related_product_manual; related_qco; related_sit; requirements; scheme_code; scheme_id; scheme_name; scheme_type …(+2),attempted_source_url; entity_type; field_name; reason; record_id; resolution_needed,0.0,NO,NO_CONTENT_LINK_DETECTED
SC-0875,BIS_Standards_Amendments.xlsx,BIS_Standards_Amendments,BIS_Standards_Details_v2 (1).xlsx,BIS Standards,12,19,1,11,18,0.0333,SCHEMA_WEAK_OVERLAP,document_url,amendment_date; amendment_id; amendment_number; effective_date; new_version; original_version; parent_entity; source_url; status; superseded_document; superseding_document,current_status; degree_of_equivalence; is_number; official_url; part_section; product_category; publication_date; reaffirmation_review_date; revision; revision_date; standard_id; subcommittee …(+6),0.0,YES,SAME_DOMAIN=01_KNOW_YOUR_STANDARD
SC-0876,BIS_Standards_Amendments.xlsx,BIS_Standards_Amendments,BIS_Standards_Details_v2.xlsx,BIS Standards,12,19,1,11,18,0.0333,SCHEMA_WEAK_OVERLAP,document_url,amendment_date; amendment_id; amendment_number; effective_date; new_version; original_version; parent_entity; source_url; status; superseded_document; superseding_document,current_status; degree_of_equivalence; is_number; official_url; part_section; product_category; publication_date; reaffirmation_review_date; revision; revision_date; standard_id; subcommittee …(+6),0.0,YES,SAME_DOMAIN=01_KNOW_YOUR_STANDARD
SC-0877,BIS_Standards_Amendments.xlsx,BIS_Standards_Amendments,BIS_Standards_Details_v3.xlsx,BIS Standards,12,19,1,11,18,0.0333,SCHEMA_WEAK_OVERLAP,document_url,amendment_date; amendment_id; amendment_number; effective_date; new_version; original_version; parent_entity; source_url; status; superseded_document; superseding_document,current_status; degree_of_equivalence; is_number; official_url; part_section; product_category; publication_date; reaffirmation_review_date; revision; revision_date; standard_id; subcommittee …(+6),0.0,YES,SAME_DOMAIN=01_KNOW_YOUR_STANDARD
SC-0878,BIS_Standards_Amendments.xlsx,BIS_Standards_Amendments,BIS_Standards_Intelligence_Master.xlsx,BIS_Standards_Intelligence,12,23,1,11,22,0.0294,SCHEMA_WEAK_OVERLAP,source_url,amendment_date; amendment_id; amendment_number; document_url; effective_date; new_version; original_version; parent_entity; status; superseded_document; superseding_document,application_procedure; conformity_assessment; eligibility; factory_requirements; fees; forms; infrastructure_requirements; inspection; is_number; laboratory_testing; licence_or_coc_grant; process_controls …(+10),0.0,NO,NO_CONTENT_LINK_DETECTED
SC-0879,BIS_Standards_Amendments.xlsx,BIS_Standards_Amendments,BIS_Standards_Scheme_Mapping.xlsx,BIS_Standards_Scheme_Mapping,12,23,1,11,22,0.0294,SCHEMA_WEAK_OVERLAP,source_url,amendment_date; amendment_id; amendment_number; document_url; effective_date; new_version; original_version; parent_entity; status; superseded_document; superseding_document,application_procedure; certification_scheme_to_store; conformity_assessment; eligibility; factory_requirements; fees; forms; group; infrastructure_requirements; inspection; is_number; laboratory_testing …(+10),0.0,NO,NO_CONTENT_LINK_DETECTED
SC-0880,BIS_Standards_Amendments.xlsx,BIS_Standards_Amendments,BIS_Testing_Parameters_Master.xlsx,BIS_Testing_Parameters,12,18,1,11,17,0.0345,SCHEMA_WEAK_OVERLAP,source_url,amendment_date; amendment_id; amendment_number; document_url; effective_date; new_version; original_version; parent_entity; status; superseded_document; superseding_document,acceptance_criteria; clause; is_number; laboratory_requirement; product; rejection_handling; remarks; required_equipment; sample_size; sampling_frequency; source_document; source_page …(+5),0.0,NO,NO_CONTENT_LINK_DETECTED
SC-0881,BIS_Standards_Amendments.xlsx,BIS_Standards_Amendments,bis_circulars (1).csv,bis_circulars (1),12,11,3,9,8,0.15,SCHEMA_WEAK_OVERLAP,document_url; effective_date; source_url,amendment_date; amendment_id; amendment_number; new_version; original_version; parent_entity; status; superseded_document; superseding_document,circular_id; circular_number; implementation_instructions; issuing_authority; related_is; release_date; subject; title,0.0,NO,NO_CONTENT_LINK_DETECTED
SC-0882,BIS_Standards_Amendments.xlsx,BIS_Standards_Amendments,bis_gazette_notification.csv,bis_gazette_notification,12,4,0,12,4,0.0,SCHEMA_DISJOINT,,amendment_date; amendment_id; amendment_number; document_url; effective_date; new_version; original_version; parent_entity; source_url; status; superseded_document; superseding_document,id; related_is; title; unnamed_3,0.0,NO,NO_CONTENT_LINK_DETECTED
SC-0883,BIS_Standards_Amendments.xlsx,BIS_Standards_Amendments,bis_laboratories.csv,bis_laboratories,12,11,1,11,10,0.0455,SCHEMA_WEAK_OVERLAP,source_url,amendment_date; amendment_id; amendment_number; document_url; effective_date; new_version; original_version; parent_entity; status; superseded_document; superseding_document,accreditation_validity; address; city; contact_details; lab_id; lab_name; lab_type; pin; state; tested_is_numbers,0.0,NO,NO_CONTENT_LINK_DETECTED
SC-0884,BIS_Standards_Amendments.xlsx,BIS_Standards_Amendments,bis_product_certification_faq (1).csv,bis_product_certification_faq (1),12,8,1,11,7,0.0526,SCHEMA_WEAK_OVERLAP,source_url,amendment_date; amendment_id; amendment_number; document_url; effective_date; new_version; original_version; parent_entity; status; superseded_document; superseding_document,answer; category; faq_id; question; related_is; related_product; related_scheme,0.0,NO,NO_CONTENT_LINK_DETECTED
SC-0885,BIS_Standards_Amendments.xlsx,BIS_Standards_Amendments,bis_product_certifications.csv,bis_product_certifications,12,9,2,10,7,0.1053,SCHEMA_WEAK_OVERLAP,document_url; source_url,amendment_date; amendment_id; amendment_number; effective_date; new_version; original_version; parent_entity; status; superseded_document; superseding_document,applicability; application_procedure; fee_structure; guideline_title; inspection_testing_norm; scheme_id; scheme_name,0.0,NO,NO_CONTENT_LINK_DETECTED
SC-0886,BIS_Standards_Amendments.xlsx,BIS_Standards_Amendments,bis_topic17_hallmarking_centres.csv,bis_topic17_hallmarking_centres,12,14,1,11,13,0.04,SCHEMA_WEAK_OVERLAP,source_url,amendment_date; amendment_id; amendment_number; document_url; effective_date; new_version; original_version; parent_entity; status; superseded_document; superseding_document,address; centre_code; centre_id; centre_name; city; district; pin; recognition_status; recognition_status_raw; scope; services; state …(+1),0.0,NO,NO_CONTENT_LINK_DETECTED
SC-0887,BIS_Standards_Amendments.xlsx,BIS_Standards_Amendments,bis_topic17_hallmarking_centres_cancelled_suspended.csv,bis_topic17_hallmarking_centres_cancelled_suspended,12,17,1,11,16,0.0357,SCHEMA_WEAK_OVERLAP,source_url,amendment_date; amendment_id; amendment_number; document_url; effective_date; new_version; original_version; parent_entity; status; superseded_document; superseding_document,address; centre_code; centre_id; centre_name; centre_type; city; district; pin; recognition_status; recognition_status_raw; region; scope …(+4),0.0,NO,NO_CONTENT_LINK_DETECTED
SC-0888,BIS_Standards_Amendments.xlsx,BIS_Standards_Amendments,data__raw__fmcs_all_fmcs_list_raw.csv,data__raw__fmcs_all_fmcs_list_raw,12,9,1,11,8,0.05,SCHEMA_WEAK_OVERLAP,source_url,amendment_date; amendment_id; amendment_number; document_url; effective_date; new_version; original_version; parent_entity; status; superseded_document; superseding_document,cml_no_raw; name_address_raw; retrieved_at; s_no; standard_no_raw; status_raw; validity_date_raw; variety_brand_raw,0.0,NO,NO_CONTENT_LINK_DETECTED
SC-0889,BIS_Standards_Amendments.xlsx,BIS_Standards_Amendments,output__extraction_log.csv,output__extraction_log,12,6,0,12,6,0.0,SCHEMA_DISJOINT,,amendment_date; amendment_id; amendment_number; document_url; effective_date; new_version; original_version; parent_entity; source_url; status; superseded_document; superseding_document,error_type; notes; outcome; retry_count; timestamp; url,0.0,NO,NO_CONTENT_LINK_DETECTED
SC-0890,BIS_Standards_Amendments.xlsx,BIS_Standards_Amendments,output__fmcs_country_coverage.csv,output__fmcs_country_coverage,12,3,0,12,3,0.0,SCHEMA_DISJOINT,,amendment_date; amendment_id; amendment_number; document_url; effective_date; new_version; original_version; parent_entity; source_url; status; superseded_document; superseding_document,country; licence_count; manufacturer_count,0.0,NO,NO_CONTENT_LINK_DETECTED
SC-0891,BIS_Standards_Amendments.xlsx,BIS_Standards_Amendments,output__fmcs_is_coverage.csv,output__fmcs_is_coverage,12,3,0,12,3,0.0,SCHEMA_DISJOINT,,amendment_date; amendment_id; amendment_number; document_url; effective_date; new_version; original_version; parent_entity; source_url; status; superseded_document; superseding_document,is_number; licence_count; manufacturer_count,0.0,NO,NO_CONTENT_LINK_DETECTED
SC-0892,BIS_Standards_Amendments.xlsx,BIS_Standards_Amendments,output__source_inventory.csv,output__source_inventory,12,12,0,12,12,0.0,SCHEMA_DISJOINT,,amendment_date; amendment_id; amendment_number; document_url; effective_date; new_version; original_version; parent_entity; source_url; status; superseded_document; superseding_document,bytes; canonical_document_id; content_type; dedup_status; http_status; last_modified; notes; retrieved_at; sha256; source_title; source_type; url,0.0,NO,NO_CONTENT_LINK_DETECTED
SC-0893,BIS_Standards_Amendments.xlsx,BIS_Standards_Amendments,output__topic18_fmcs_manufacturers.csv,output__topic18_fmcs_manufacturers,12,17,1,11,16,0.0357,SCHEMA_WEAK_OVERLAP,source_url,amendment_date; amendment_id; amendment_number; document_url; effective_date; new_version; original_version; parent_entity; status; superseded_document; superseding_document,air; application_requirements; competent_personnel; country; documents; eligibility; factory; fees; is_number; licence; licence_status; machinery_requirements …(+4),0.0,NO,NO_CONTENT_LINK_DETECTED
SC-0894,BIS_Standards_Amendments.xlsx,BIS_Standards_Amendments,output__topic19_official_documents.csv,output__topic19_official_documents,12,17,2,10,15,0.0741,SCHEMA_WEAK_OVERLAP,effective_date; source_url,amendment_date; amendment_id; amendment_number; document_url; new_version; original_version; parent_entity; status; superseded_document; superseding_document,access_status; date; document_id; document_title; document_type; download_url; is_number; license_access_restriction; local_file; page_count; product; qco …(+3),0.0,NO,NO_CONTENT_LINK_DETECTED
SC-0895,BIS_Standards_Amendments.xlsx,BIS_Standards_Amendments,output__topic20_provenance.csv,output__topic20_provenance,12,19,2,10,17,0.069,SCHEMA_WEAK_OVERLAP,effective_date; source_url,amendment_date; amendment_id; amendment_number; document_url; new_version; original_version; parent_entity; status; superseded_document; superseding_document,clause; confidence; document_hash; document_id; document_title; entity_type; evidence_text; field_name; field_value; page; record_id; retrieval_timestamp …(+5),0.0,NO,NO_CONTENT_LINK_DETECTED
SC-0896,BIS_Standards_Amendments.xlsx,BIS_Standards_Amendments,output__unresolved_records.csv,output__unresolved_records,12,6,0,12,6,0.0,SCHEMA_DISJOINT,,amendment_date; amendment_id; amendment_number; document_url; effective_date; new_version; original_version; parent_entity; source_url; status; superseded_document; superseding_document,attempted_source_url; entity_type; field_name; reason; record_id; resolution_needed,0.0,NO,NO_CONTENT_LINK_DETECTED
SC-0897,BIS_Standards_Details_v2 (1).xlsx,BIS Standards,BIS_Standards_Details_v2.xlsx,BIS Standards,19,19,19,0,0,1.0,SCHEMA_IDENTICAL,current_status; degree_of_equivalence; document_url; is_number; official_url; part_section; product_category; publication_date; reaffirmation_review_date; revision; revision_date; standard_id; subcommittee; superseded_standard; superseding_standard; technical_committee; title; version; year,,,1.0,YES,SCHEMA_JACCARD>=0.25; PHASE1_CANDIDATE_GROUP=EXACTDUP-001; IDENTICAL_ROW_MULTISET; IS_JACCARD=1.00; PRODUCT_JACCARD=1.00; SAME_DOMAIN=01_KNOW_YOUR_STANDARD
SC-0898,BIS_Standards_Details_v2 (1).xlsx,BIS Standards,BIS_Standards_Details_v3.xlsx,BIS Standards,19,19,19,0,0,1.0,SCHEMA_IDENTICAL,current_status; degree_of_equivalence; document_url; is_number; official_url; part_section; product_category; publication_date; reaffirmation_review_date; revision; revision_date; standard_id; subcommittee; superseded_standard; superseding_standard; technical_committee; title; version; year,,,1.0,YES,SCHEMA_JACCARD>=0.25; IS_JACCARD=1.00; PRODUCT_JACCARD=1.00; SAME_DOMAIN=01_KNOW_YOUR_STANDARD
SC-0899,BIS_Standards_Details_v2 (1).xlsx,BIS Standards,BIS_Standards_Intelligence_Master.xlsx,BIS_Standards_Intelligence,19,23,1,18,22,0.0244,SCHEMA_WEAK_OVERLAP,is_number,current_status; degree_of_equivalence; document_url; official_url; part_section; product_category; publication_date; reaffirmation_review_date; revision; revision_date; standard_id; subcommittee …(+6),application_procedure; conformity_assessment; eligibility; factory_requirements; fees; forms; infrastructure_requirements; inspection; laboratory_testing; licence_or_coc_grant; process_controls; product …(+10),0.8163,YES,IS_JACCARD=0.82
SC-0900,BIS_Standards_Details_v2 (1).xlsx,BIS Standards,BIS_Standards_Scheme_Mapping.xlsx,BIS_Standards_Scheme_Mapping,19,23,1,18,22,0.0244,SCHEMA_WEAK_OVERLAP,is_number,current_status; degree_of_equivalence; document_url; official_url; part_section; product_category; publication_date; reaffirmation_review_date; revision; revision_date; standard_id; subcommittee …(+6),application_procedure; certification_scheme_to_store; conformity_assessment; eligibility; factory_requirements; fees; forms; group; infrastructure_requirements; inspection; laboratory_testing; licence_or_coc_grant …(+10),0.5385,YES,IS_JACCARD=0.54
SC-0901,BIS_Standards_Details_v2 (1).xlsx,BIS Standards,BIS_Testing_Parameters_Master.xlsx,BIS_Testing_Parameters,19,18,1,18,17,0.0278,SCHEMA_WEAK_OVERLAP,is_number,current_status; degree_of_equivalence; document_url; official_url; part_section; product_category; publication_date; reaffirmation_review_date; revision; revision_date; standard_id; subcommittee …(+6),acceptance_criteria; clause; laboratory_requirement; product; rejection_handling; remarks; required_equipment; sample_size; sampling_frequency; source_document; source_page; source_url …(+5),0.8163,YES,IS_JACCARD=0.82
SC-0902,BIS_Standards_Details_v2 (1).xlsx,BIS Standards,bis_circulars (1).csv,bis_circulars (1),19,11,2,17,9,0.0714,SCHEMA_WEAK_OVERLAP,document_url; title,current_status; degree_of_equivalence; is_number; official_url; part_section; product_category; publication_date; reaffirmation_review_date; revision; revision_date; standard_id; subcommittee …(+5),circular_id; circular_number; effective_date; implementation_instructions; issuing_authority; related_is; release_date; source_url; subject,0.0089,NO,NO_CONTENT_LINK_DETECTED
SC-0903,BIS_Standards_Details_v2 (1).xlsx,BIS Standards,bis_gazette_notification.csv,bis_gazette_notification,19,4,1,18,3,0.0455,SCHEMA_WEAK_OVERLAP,title,current_status; degree_of_equivalence; document_url; is_number; official_url; part_section; product_category; publication_date; reaffirmation_review_date; revision; revision_date; standard_id …(+6),id; related_is; unnamed_3,0.0377,NO,NO_CONTENT_LINK_DETECTED
SC-0904,BIS_Standards_Details_v2 (1).xlsx,BIS Standards,bis_laboratories.csv,bis_laboratories,19,11,0,19,11,0.0,SCHEMA_DISJOINT,,current_status; degree_of_equivalence; document_url; is_number; official_url; part_section; product_category; publication_date; reaffirmation_review_date; revision; revision_date; standard_id …(+7),accreditation_validity; address; city; contact_details; lab_id; lab_name; lab_type; pin; source_url; state; tested_is_numbers,0.0234,NO,NO_CONTENT_LINK_DETECTED
SC-0905,BIS_Standards_Details_v2 (1).xlsx,BIS Standards,bis_product_certification_faq (1).csv,bis_product_certification_faq (1),19,8,0,19,8,0.0,SCHEMA_DISJOINT,,current_status; degree_of_equivalence; document_url; is_number; official_url; part_section; product_category; publication_date; reaffirmation_review_date; revision; revision_date; standard_id …(+7),answer; category; faq_id; question; related_is; related_product; related_scheme; source_url,0.0,NO,NO_CONTENT_LINK_DETECTED
SC-0906,BIS_Standards_Details_v2 (1).xlsx,BIS Standards,bis_product_certifications.csv,bis_product_certifications,19,9,1,18,8,0.037,SCHEMA_WEAK_OVERLAP,document_url,current_status; degree_of_equivalence; is_number; official_url; part_section; product_category; publication_date; reaffirmation_review_date; revision; revision_date; standard_id; subcommittee …(+6),applicability; application_procedure; fee_structure; guideline_title; inspection_testing_norm; scheme_id; scheme_name; source_url,0.0,NO,NO_CONTENT_LINK_DETECTED
SC-0907,BIS_Standards_Details_v2 (1).xlsx,BIS Standards,bis_topic17_hallmarking_centres.csv,bis_topic17_hallmarking_centres,19,14,0,19,14,0.0,SCHEMA_DISJOINT,,current_status; degree_of_equivalence; document_url; is_number; official_url; part_section; product_category; publication_date; reaffirmation_review_date; revision; revision_date; standard_id …(+7),address; centre_code; centre_id; centre_name; city; district; pin; recognition_status; recognition_status_raw; scope; services; source_url …(+2),0.0,NO,NO_CONTENT_LINK_DETECTED
SC-0908,BIS_Standards_Details_v2 (1).xlsx,BIS Standards,bis_topic17_hallmarking_centres_cancelled_suspended.csv,bis_topic17_hallmarking_centres_cancelled_suspended,19,17,0,19,17,0.0,SCHEMA_DISJOINT,,current_status; degree_of_equivalence; document_url; is_number; official_url; part_section; product_category; publication_date; reaffirmation_review_date; revision; revision_date; standard_id …(+7),address; centre_code; centre_id; centre_name; centre_type; city; district; pin; recognition_status; recognition_status_raw; region; scope …(+5),0.0,NO,NO_CONTENT_LINK_DETECTED
SC-0909,BIS_Standards_Details_v2 (1).xlsx,BIS Standards,data__raw__fmcs_all_fmcs_list_raw.csv,data__raw__fmcs_all_fmcs_list_raw,19,9,0,19,9,0.0,SCHEMA_DISJOINT,,current_status; degree_of_equivalence; document_url; is_number; official_url; part_section; product_category; publication_date; reaffirmation_review_date; revision; revision_date; standard_id …(+7),cml_no_raw; name_address_raw; retrieved_at; s_no; source_url; standard_no_raw; status_raw; validity_date_raw; variety_brand_raw,0.0546,NO,NO_CONTENT_LINK_DETECTED
SC-0910,BIS_Standards_Details_v2 (1).xlsx,BIS Standards,output__extraction_log.csv,output__extraction_log,19,6,0,19,6,0.0,SCHEMA_DISJOINT,,current_status; degree_of_equivalence; document_url; is_number; official_url; part_section; product_category; publication_date; reaffirmation_review_date; revision; revision_date; standard_id …(+7),error_type; notes; outcome; retry_count; timestamp; url,0.0,NO,NO_CONTENT_LINK_DETECTED
SC-0911,BIS_Standards_Details_v2 (1).xlsx,BIS Standards,output__fmcs_country_coverage.csv,output__fmcs_country_coverage,19,3,0,19,3,0.0,SCHEMA_DISJOINT,,current_status; degree_of_equivalence; document_url; is_number; official_url; part_section; product_category; publication_date; reaffirmation_review_date; revision; revision_date; standard_id …(+7),country; licence_count; manufacturer_count,0.0,NO,NO_CONTENT_LINK_DETECTED
SC-0912,BIS_Standards_Details_v2 (1).xlsx,BIS Standards,output__fmcs_is_coverage.csv,output__fmcs_is_coverage,19,3,1,18,2,0.0476,SCHEMA_WEAK_OVERLAP,is_number,current_status; degree_of_equivalence; document_url; official_url; part_section; product_category; publication_date; reaffirmation_review_date; revision; revision_date; standard_id; subcommittee …(+6),licence_count; manufacturer_count,0.0546,NO,NO_CONTENT_LINK_DETECTED
SC-0913,BIS_Standards_Details_v2 (1).xlsx,BIS Standards,output__source_inventory.csv,output__source_inventory,19,12,0,19,12,0.0,SCHEMA_DISJOINT,,current_status; degree_of_equivalence; document_url; is_number; official_url; part_section; product_category; publication_date; reaffirmation_review_date; revision; revision_date; standard_id …(+7),bytes; canonical_document_id; content_type; dedup_status; http_status; last_modified; notes; retrieved_at; sha256; source_title; source_type; url,0.0,NO,NO_CONTENT_LINK_DETECTED
SC-0914,BIS_Standards_Details_v2 (1).xlsx,BIS Standards,output__topic18_fmcs_manufacturers.csv,output__topic18_fmcs_manufacturers,19,17,1,18,16,0.0286,SCHEMA_WEAK_OVERLAP,is_number,current_status; degree_of_equivalence; document_url; official_url; part_section; product_category; publication_date; reaffirmation_review_date; revision; revision_date; standard_id; subcommittee …(+6),air; application_requirements; competent_personnel; country; documents; eligibility; factory; fees; licence; licence_status; machinery_requirements; manufacturer …(+4),0.0546,NO,NO_CONTENT_LINK_DETECTED
SC-0915,BIS_Standards_Details_v2 (1).xlsx,BIS Standards,output__topic19_official_documents.csv,output__topic19_official_documents,19,17,2,17,15,0.0588,SCHEMA_WEAK_OVERLAP,is_number; version,current_status; degree_of_equivalence; document_url; official_url; part_section; product_category; publication_date; reaffirmation_review_date; revision; revision_date; standard_id; subcommittee …(+5),access_status; date; document_id; document_title; document_type; download_url; effective_date; license_access_restriction; local_file; page_count; product; qco …(+3),0.0,NO,NO_CONTENT_LINK_DETECTED
SC-0916,BIS_Standards_Details_v2 (1).xlsx,BIS Standards,output__topic20_provenance.csv,output__topic20_provenance,19,19,1,18,18,0.027,SCHEMA_WEAK_OVERLAP,version,current_status; degree_of_equivalence; document_url; is_number; official_url; part_section; product_category; publication_date; reaffirmation_review_date; revision; revision_date; standard_id …(+6),clause; confidence; document_hash; document_id; document_title; effective_date; entity_type; evidence_text; field_name; field_value; page; record_id …(+6),0.0,NO,NO_CONTENT_LINK_DETECTED
SC-0917,BIS_Standards_Details_v2 (1).xlsx,BIS Standards,output__unresolved_records.csv,output__unresolved_records,19,6,0,19,6,0.0,SCHEMA_DISJOINT,,current_status; degree_of_equivalence; document_url; is_number; official_url; part_section; product_category; publication_date; reaffirmation_review_date; revision; revision_date; standard_id …(+7),attempted_source_url; entity_type; field_name; reason; record_id; resolution_needed,0.0,NO,NO_CONTENT_LINK_DETECTED
SC-0918,BIS_Standards_Details_v2.xlsx,BIS Standards,BIS_Standards_Details_v3.xlsx,BIS Standards,19,19,19,0,0,1.0,SCHEMA_IDENTICAL,current_status; degree_of_equivalence; document_url; is_number; official_url; part_section; product_category; publication_date; reaffirmation_review_date; revision; revision_date; standard_id; subcommittee; superseded_standard; superseding_standard; technical_committee; title; version; year,,,1.0,YES,SCHEMA_JACCARD>=0.25; IS_JACCARD=1.00; PRODUCT_JACCARD=1.00; SAME_DOMAIN=01_KNOW_YOUR_STANDARD
SC-0919,BIS_Standards_Details_v2.xlsx,BIS Standards,BIS_Standards_Intelligence_Master.xlsx,BIS_Standards_Intelligence,19,23,1,18,22,0.0244,SCHEMA_WEAK_OVERLAP,is_number,current_status; degree_of_equivalence; document_url; official_url; part_section; product_category; publication_date; reaffirmation_review_date; revision; revision_date; standard_id; subcommittee …(+6),application_procedure; conformity_assessment; eligibility; factory_requirements; fees; forms; infrastructure_requirements; inspection; laboratory_testing; licence_or_coc_grant; process_controls; product …(+10),0.8163,YES,IS_JACCARD=0.82
SC-0920,BIS_Standards_Details_v2.xlsx,BIS Standards,BIS_Standards_Scheme_Mapping.xlsx,BIS_Standards_Scheme_Mapping,19,23,1,18,22,0.0244,SCHEMA_WEAK_OVERLAP,is_number,current_status; degree_of_equivalence; document_url; official_url; part_section; product_category; publication_date; reaffirmation_review_date; revision; revision_date; standard_id; subcommittee …(+6),application_procedure; certification_scheme_to_store; conformity_assessment; eligibility; factory_requirements; fees; forms; group; infrastructure_requirements; inspection; laboratory_testing; licence_or_coc_grant …(+10),0.5385,YES,IS_JACCARD=0.54
SC-0921,BIS_Standards_Details_v2.xlsx,BIS Standards,BIS_Testing_Parameters_Master.xlsx,BIS_Testing_Parameters,19,18,1,18,17,0.0278,SCHEMA_WEAK_OVERLAP,is_number,current_status; degree_of_equivalence; document_url; official_url; part_section; product_category; publication_date; reaffirmation_review_date; revision; revision_date; standard_id; subcommittee …(+6),acceptance_criteria; clause; laboratory_requirement; product; rejection_handling; remarks; required_equipment; sample_size; sampling_frequency; source_document; source_page; source_url …(+5),0.8163,YES,IS_JACCARD=0.82
SC-0922,BIS_Standards_Details_v2.xlsx,BIS Standards,bis_circulars (1).csv,bis_circulars (1),19,11,2,17,9,0.0714,SCHEMA_WEAK_OVERLAP,document_url; title,current_status; degree_of_equivalence; is_number; official_url; part_section; product_category; publication_date; reaffirmation_review_date; revision; revision_date; standard_id; subcommittee …(+5),circular_id; circular_number; effective_date; implementation_instructions; issuing_authority; related_is; release_date; source_url; subject,0.0089,NO,NO_CONTENT_LINK_DETECTED
SC-0923,BIS_Standards_Details_v2.xlsx,BIS Standards,bis_gazette_notification.csv,bis_gazette_notification,19,4,1,18,3,0.0455,SCHEMA_WEAK_OVERLAP,title,current_status; degree_of_equivalence; document_url; is_number; official_url; part_section; product_category; publication_date; reaffirmation_review_date; revision; revision_date; standard_id …(+6),id; related_is; unnamed_3,0.0377,NO,NO_CONTENT_LINK_DETECTED
SC-0924,BIS_Standards_Details_v2.xlsx,BIS Standards,bis_laboratories.csv,bis_laboratories,19,11,0,19,11,0.0,SCHEMA_DISJOINT,,current_status; degree_of_equivalence; document_url; is_number; official_url; part_section; product_category; publication_date; reaffirmation_review_date; revision; revision_date; standard_id …(+7),accreditation_validity; address; city; contact_details; lab_id; lab_name; lab_type; pin; source_url; state; tested_is_numbers,0.0234,NO,NO_CONTENT_LINK_DETECTED
SC-0925,BIS_Standards_Details_v2.xlsx,BIS Standards,bis_product_certification_faq (1).csv,bis_product_certification_faq (1),19,8,0,19,8,0.0,SCHEMA_DISJOINT,,current_status; degree_of_equivalence; document_url; is_number; official_url; part_section; product_category; publication_date; reaffirmation_review_date; revision; revision_date; standard_id …(+7),answer; category; faq_id; question; related_is; related_product; related_scheme; source_url,0.0,NO,NO_CONTENT_LINK_DETECTED
SC-0926,BIS_Standards_Details_v2.xlsx,BIS Standards,bis_product_certifications.csv,bis_product_certifications,19,9,1,18,8,0.037,SCHEMA_WEAK_OVERLAP,document_url,current_status; degree_of_equivalence; is_number; official_url; part_section; product_category; publication_date; reaffirmation_review_date; revision; revision_date; standard_id; subcommittee …(+6),applicability; application_procedure; fee_structure; guideline_title; inspection_testing_norm; scheme_id; scheme_name; source_url,0.0,NO,NO_CONTENT_LINK_DETECTED
SC-0927,BIS_Standards_Details_v2.xlsx,BIS Standards,bis_topic17_hallmarking_centres.csv,bis_topic17_hallmarking_centres,19,14,0,19,14,0.0,SCHEMA_DISJOINT,,current_status; degree_of_equivalence; document_url; is_number; official_url; part_section; product_category; publication_date; reaffirmation_review_date; revision; revision_date; standard_id …(+7),address; centre_code; centre_id; centre_name; city; district; pin; recognition_status; recognition_status_raw; scope; services; source_url …(+2),0.0,NO,NO_CONTENT_LINK_DETECTED
SC-0928,BIS_Standards_Details_v2.xlsx,BIS Standards,bis_topic17_hallmarking_centres_cancelled_suspended.csv,bis_topic17_hallmarking_centres_cancelled_suspended,19,17,0,19,17,0.0,SCHEMA_DISJOINT,,current_status; degree_of_equivalence; document_url; is_number; official_url; part_section; product_category; publication_date; reaffirmation_review_date; revision; revision_date; standard_id …(+7),address; centre_code; centre_id; centre_name; centre_type; city; district; pin; recognition_status; recognition_status_raw; region; scope …(+5),0.0,NO,NO_CONTENT_LINK_DETECTED
SC-0929,BIS_Standards_Details_v2.xlsx,BIS Standards,data__raw__fmcs_all_fmcs_list_raw.csv,data__raw__fmcs_all_fmcs_list_raw,19,9,0,19,9,0.0,SCHEMA_DISJOINT,,current_status; degree_of_equivalence; document_url; is_number; official_url; part_section; product_category; publication_date; reaffirmation_review_date; revision; revision_date; standard_id …(+7),cml_no_raw; name_address_raw; retrieved_at; s_no; source_url; standard_no_raw; status_raw; validity_date_raw; variety_brand_raw,0.0546,NO,NO_CONTENT_LINK_DETECTED
SC-0930,BIS_Standards_Details_v2.xlsx,BIS Standards,output__extraction_log.csv,output__extraction_log,19,6,0,19,6,0.0,SCHEMA_DISJOINT,,current_status; degree_of_equivalence; document_url; is_number; official_url; part_section; product_category; publication_date; reaffirmation_review_date; revision; revision_date; standard_id …(+7),error_type; notes; outcome; retry_count; timestamp; url,0.0,NO,NO_CONTENT_LINK_DETECTED
SC-0931,BIS_Standards_Details_v2.xlsx,BIS Standards,output__fmcs_country_coverage.csv,output__fmcs_country_coverage,19,3,0,19,3,0.0,SCHEMA_DISJOINT,,current_status; degree_of_equivalence; document_url; is_number; official_url; part_section; product_category; publication_date; reaffirmation_review_date; revision; revision_date; standard_id …(+7),country; licence_count; manufacturer_count,0.0,NO,NO_CONTENT_LINK_DETECTED
SC-0932,BIS_Standards_Details_v2.xlsx,BIS Standards,output__fmcs_is_coverage.csv,output__fmcs_is_coverage,19,3,1,18,2,0.0476,SCHEMA_WEAK_OVERLAP,is_number,current_status; degree_of_equivalence; document_url; official_url; part_section; product_category; publication_date; reaffirmation_review_date; revision; revision_date; standard_id; subcommittee …(+6),licence_count; manufacturer_count,0.0546,NO,NO_CONTENT_LINK_DETECTED
SC-0933,BIS_Standards_Details_v2.xlsx,BIS Standards,output__source_inventory.csv,output__source_inventory,19,12,0,19,12,0.0,SCHEMA_DISJOINT,,current_status; degree_of_equivalence; document_url; is_number; official_url; part_section; product_category; publication_date; reaffirmation_review_date; revision; revision_date; standard_id …(+7),bytes; canonical_document_id; content_type; dedup_status; http_status; last_modified; notes; retrieved_at; sha256; source_title; source_type; url,0.0,NO,NO_CONTENT_LINK_DETECTED
SC-0934,BIS_Standards_Details_v2.xlsx,BIS Standards,output__topic18_fmcs_manufacturers.csv,output__topic18_fmcs_manufacturers,19,17,1,18,16,0.0286,SCHEMA_WEAK_OVERLAP,is_number,current_status; degree_of_equivalence; document_url; official_url; part_section; product_category; publication_date; reaffirmation_review_date; revision; revision_date; standard_id; subcommittee …(+6),air; application_requirements; competent_personnel; country; documents; eligibility; factory; fees; licence; licence_status; machinery_requirements; manufacturer …(+4),0.0546,NO,NO_CONTENT_LINK_DETECTED
SC-0935,BIS_Standards_Details_v2.xlsx,BIS Standards,output__topic19_official_documents.csv,output__topic19_official_documents,19,17,2,17,15,0.0588,SCHEMA_WEAK_OVERLAP,is_number; version,current_status; degree_of_equivalence; document_url; official_url; part_section; product_category; publication_date; reaffirmation_review_date; revision; revision_date; standard_id; subcommittee …(+5),access_status; date; document_id; document_title; document_type; download_url; effective_date; license_access_restriction; local_file; page_count; product; qco …(+3),0.0,NO,NO_CONTENT_LINK_DETECTED
SC-0936,BIS_Standards_Details_v2.xlsx,BIS Standards,output__topic20_provenance.csv,output__topic20_provenance,19,19,1,18,18,0.027,SCHEMA_WEAK_OVERLAP,version,current_status; degree_of_equivalence; document_url; is_number; official_url; part_section; product_category; publication_date; reaffirmation_review_date; revision; revision_date; standard_id …(+6),clause; confidence; document_hash; document_id; document_title; effective_date; entity_type; evidence_text; field_name; field_value; page; record_id …(+6),0.0,NO,NO_CONTENT_LINK_DETECTED
SC-0937,BIS_Standards_Details_v2.xlsx,BIS Standards,output__unresolved_records.csv,output__unresolved_records,19,6,0,19,6,0.0,SCHEMA_DISJOINT,,current_status; degree_of_equivalence; document_url; is_number; official_url; part_section; product_category; publication_date; reaffirmation_review_date; revision; revision_date; standard_id …(+7),attempted_source_url; entity_type; field_name; reason; record_id; resolution_needed,0.0,NO,NO_CONTENT_LINK_DETECTED
SC-0938,BIS_Standards_Details_v3.xlsx,BIS Standards,BIS_Standards_Intelligence_Master.xlsx,BIS_Standards_Intelligence,19,23,1,18,22,0.0244,SCHEMA_WEAK_OVERLAP,is_number,current_status; degree_of_equivalence; document_url; official_url; part_section; product_category; publication_date; reaffirmation_review_date; revision; revision_date; standard_id; subcommittee …(+6),application_procedure; conformity_assessment; eligibility; factory_requirements; fees; forms; infrastructure_requirements; inspection; laboratory_testing; licence_or_coc_grant; process_controls; product …(+10),0.8163,YES,IS_JACCARD=0.82
SC-0939,BIS_Standards_Details_v3.xlsx,BIS Standards,BIS_Standards_Scheme_Mapping.xlsx,BIS_Standards_Scheme_Mapping,19,23,1,18,22,0.0244,SCHEMA_WEAK_OVERLAP,is_number,current_status; degree_of_equivalence; document_url; official_url; part_section; product_category; publication_date; reaffirmation_review_date; revision; revision_date; standard_id; subcommittee …(+6),application_procedure; certification_scheme_to_store; conformity_assessment; eligibility; factory_requirements; fees; forms; group; infrastructure_requirements; inspection; laboratory_testing; licence_or_coc_grant …(+10),0.5385,YES,IS_JACCARD=0.54
SC-0940,BIS_Standards_Details_v3.xlsx,BIS Standards,BIS_Testing_Parameters_Master.xlsx,BIS_Testing_Parameters,19,18,1,18,17,0.0278,SCHEMA_WEAK_OVERLAP,is_number,current_status; degree_of_equivalence; document_url; official_url; part_section; product_category; publication_date; reaffirmation_review_date; revision; revision_date; standard_id; subcommittee …(+6),acceptance_criteria; clause; laboratory_requirement; product; rejection_handling; remarks; required_equipment; sample_size; sampling_frequency; source_document; source_page; source_url …(+5),0.8163,YES,IS_JACCARD=0.82
SC-0941,BIS_Standards_Details_v3.xlsx,BIS Standards,bis_circulars (1).csv,bis_circulars (1),19,11,2,17,9,0.0714,SCHEMA_WEAK_OVERLAP,document_url; title,current_status; degree_of_equivalence; is_number; official_url; part_section; product_category; publication_date; reaffirmation_review_date; revision; revision_date; standard_id; subcommittee …(+5),circular_id; circular_number; effective_date; implementation_instructions; issuing_authority; related_is; release_date; source_url; subject,0.0089,NO,NO_CONTENT_LINK_DETECTED
SC-0942,BIS_Standards_Details_v3.xlsx,BIS Standards,bis_gazette_notification.csv,bis_gazette_notification,19,4,1,18,3,0.0455,SCHEMA_WEAK_OVERLAP,title,current_status; degree_of_equivalence; document_url; is_number; official_url; part_section; product_category; publication_date; reaffirmation_review_date; revision; revision_date; standard_id …(+6),id; related_is; unnamed_3,0.0377,NO,NO_CONTENT_LINK_DETECTED
SC-0943,BIS_Standards_Details_v3.xlsx,BIS Standards,bis_laboratories.csv,bis_laboratories,19,11,0,19,11,0.0,SCHEMA_DISJOINT,,current_status; degree_of_equivalence; document_url; is_number; official_url; part_section; product_category; publication_date; reaffirmation_review_date; revision; revision_date; standard_id …(+7),accreditation_validity; address; city; contact_details; lab_id; lab_name; lab_type; pin; source_url; state; tested_is_numbers,0.0234,NO,NO_CONTENT_LINK_DETECTED
SC-0944,BIS_Standards_Details_v3.xlsx,BIS Standards,bis_product_certification_faq (1).csv,bis_product_certification_faq (1),19,8,0,19,8,0.0,SCHEMA_DISJOINT,,current_status; degree_of_equivalence; document_url; is_number; official_url; part_section; product_category; publication_date; reaffirmation_review_date; revision; revision_date; standard_id …(+7),answer; category; faq_id; question; related_is; related_product; related_scheme; source_url,0.0,NO,NO_CONTENT_LINK_DETECTED
SC-0945,BIS_Standards_Details_v3.xlsx,BIS Standards,bis_product_certifications.csv,bis_product_certifications,19,9,1,18,8,0.037,SCHEMA_WEAK_OVERLAP,document_url,current_status; degree_of_equivalence; is_number; official_url; part_section; product_category; publication_date; reaffirmation_review_date; revision; revision_date; standard_id; subcommittee …(+6),applicability; application_procedure; fee_structure; guideline_title; inspection_testing_norm; scheme_id; scheme_name; source_url,0.0,NO,NO_CONTENT_LINK_DETECTED
SC-0946,BIS_Standards_Details_v3.xlsx,BIS Standards,bis_topic17_hallmarking_centres.csv,bis_topic17_hallmarking_centres,19,14,0,19,14,0.0,SCHEMA_DISJOINT,,current_status; degree_of_equivalence; document_url; is_number; official_url; part_section; product_category; publication_date; reaffirmation_review_date; revision; revision_date; standard_id …(+7),address; centre_code; centre_id; centre_name; city; district; pin; recognition_status; recognition_status_raw; scope; services; source_url …(+2),0.0,NO,NO_CONTENT_LINK_DETECTED
SC-0947,BIS_Standards_Details_v3.xlsx,BIS Standards,bis_topic17_hallmarking_centres_cancelled_suspended.csv,bis_topic17_hallmarking_centres_cancelled_suspended,19,17,0,19,17,0.0,SCHEMA_DISJOINT,,current_status; degree_of_equivalence; document_url; is_number; official_url; part_section; product_category; publication_date; reaffirmation_review_date; revision; revision_date; standard_id …(+7),address; centre_code; centre_id; centre_name; centre_type; city; district; pin; recognition_status; recognition_status_raw; region; scope …(+5),0.0,NO,NO_CONTENT_LINK_DETECTED
SC-0948,BIS_Standards_Details_v3.xlsx,BIS Standards,data__raw__fmcs_all_fmcs_list_raw.csv,data__raw__fmcs_all_fmcs_list_raw,19,9,0,19,9,0.0,SCHEMA_DISJOINT,,current_status; degree_of_equivalence; document_url; is_number; official_url; part_section; product_category; publication_date; reaffirmation_review_date; revision; revision_date; standard_id …(+7),cml_no_raw; name_address_raw; retrieved_at; s_no; source_url; standard_no_raw; status_raw; validity_date_raw; variety_brand_raw,0.0546,NO,NO_CONTENT_LINK_DETECTED
SC-0949,BIS_Standards_Details_v3.xlsx,BIS Standards,output__extraction_log.csv,output__extraction_log,19,6,0,19,6,0.0,SCHEMA_DISJOINT,,current_status; degree_of_equivalence; document_url; is_number; official_url; part_section; product_category; publication_date; reaffirmation_review_date; revision; revision_date; standard_id …(+7),error_type; notes; outcome; retry_count; timestamp; url,0.0,NO,NO_CONTENT_LINK_DETECTED
SC-0950,BIS_Standards_Details_v3.xlsx,BIS Standards,output__fmcs_country_coverage.csv,output__fmcs_country_coverage,19,3,0,19,3,0.0,SCHEMA_DISJOINT,,current_status; degree_of_equivalence; document_url; is_number; official_url; part_section; product_category; publication_date; reaffirmation_review_date; revision; revision_date; standard_id …(+7),country; licence_count; manufacturer_count,0.0,NO,NO_CONTENT_LINK_DETECTED
SC-0951,BIS_Standards_Details_v3.xlsx,BIS Standards,output__fmcs_is_coverage.csv,output__fmcs_is_coverage,19,3,1,18,2,0.0476,SCHEMA_WEAK_OVERLAP,is_number,current_status; degree_of_equivalence; document_url; official_url; part_section; product_category; publication_date; reaffirmation_review_date; revision; revision_date; standard_id; subcommittee …(+6),licence_count; manufacturer_count,0.0546,NO,NO_CONTENT_LINK_DETECTED
SC-0952,BIS_Standards_Details_v3.xlsx,BIS Standards,output__source_inventory.csv,output__source_inventory,19,12,0,19,12,0.0,SCHEMA_DISJOINT,,current_status; degree_of_equivalence; document_url; is_number; official_url; part_section; product_category; publication_date; reaffirmation_review_date; revision; revision_date; standard_id …(+7),bytes; canonical_document_id; content_type; dedup_status; http_status; last_modified; notes; retrieved_at; sha256; source_title; source_type; url,0.0,NO,NO_CONTENT_LINK_DETECTED
SC-0953,BIS_Standards_Details_v3.xlsx,BIS Standards,output__topic18_fmcs_manufacturers.csv,output__topic18_fmcs_manufacturers,19,17,1,18,16,0.0286,SCHEMA_WEAK_OVERLAP,is_number,current_status; degree_of_equivalence; document_url; official_url; part_section; product_category; publication_date; reaffirmation_review_date; revision; revision_date; standard_id; subcommittee …(+6),air; application_requirements; competent_personnel; country; documents; eligibility; factory; fees; licence; licence_status; machinery_requirements; manufacturer …(+4),0.0546,NO,NO_CONTENT_LINK_DETECTED
SC-0954,BIS_Standards_Details_v3.xlsx,BIS Standards,output__topic19_official_documents.csv,output__topic19_official_documents,19,17,2,17,15,0.0588,SCHEMA_WEAK_OVERLAP,is_number; version,current_status; degree_of_equivalence; document_url; official_url; part_section; product_category; publication_date; reaffirmation_review_date; revision; revision_date; standard_id; subcommittee …(+5),access_status; date; document_id; document_title; document_type; download_url; effective_date; license_access_restriction; local_file; page_count; product; qco …(+3),0.0,NO,NO_CONTENT_LINK_DETECTED
SC-0955,BIS_Standards_Details_v3.xlsx,BIS Standards,output__topic20_provenance.csv,output__topic20_provenance,19,19,1,18,18,0.027,SCHEMA_WEAK_OVERLAP,version,current_status; degree_of_equivalence; document_url; is_number; official_url; part_section; product_category; publication_date; reaffirmation_review_date; revision; revision_date; standard_id …(+6),clause; confidence; document_hash; document_id; document_title; effective_date; entity_type; evidence_text; field_name; field_value; page; record_id …(+6),0.0,NO,NO_CONTENT_LINK_DETECTED
SC-0956,BIS_Standards_Details_v3.xlsx,BIS Standards,output__unresolved_records.csv,output__unresolved_records,19,6,0,19,6,0.0,SCHEMA_DISJOINT,,current_status; degree_of_equivalence; document_url; is_number; official_url; part_section; product_category; publication_date; reaffirmation_review_date; revision; revision_date; standard_id …(+7),attempted_source_url; entity_type; field_name; reason; record_id; resolution_needed,0.0,NO,NO_CONTENT_LINK_DETECTED
SC-0957,BIS_Standards_Intelligence_Master.xlsx,BIS_Standards_Intelligence,BIS_Standards_Scheme_Mapping.xlsx,BIS_Standards_Scheme_Mapping,23,23,20,3,3,0.7692,SCHEMA_SUBSTANTIALLY_IDENTICAL,application_procedure; conformity_assessment; eligibility; factory_requirements; fees; forms; infrastructure_requirements; inspection; is_number; laboratory_testing; licence_or_coc_grant; process_controls; quality_control; renewal; required_documents; retesting; scope_extension; source_url; surveillance; testing,product; scheme; timelines,certification_scheme_to_store; group; timeliness,0.58,YES,SCHEMA_JACCARD>=0.25; IS_JACCARD=0.58; SAME_DOMAIN=08_PRODUCT_SPECIFIC
SC-0958,BIS_Standards_Intelligence_Master.xlsx,BIS_Standards_Intelligence,BIS_Testing_Parameters_Master.xlsx,BIS_Testing_Parameters,23,18,3,20,15,0.0789,SCHEMA_WEAK_OVERLAP,is_number; product; source_url,application_procedure; conformity_assessment; eligibility; factory_requirements; fees; forms; infrastructure_requirements; inspection; laboratory_testing; licence_or_coc_grant; process_controls; quality_control …(+8),acceptance_criteria; clause; laboratory_requirement; rejection_handling; remarks; required_equipment; sample_size; sampling_frequency; source_document; source_page; test_frequency; test_method …(+3),1.0,YES,IS_JACCARD=1.00; PRODUCT_JACCARD=0.86
SC-0959,BIS_Standards_Intelligence_Master.xlsx,BIS_Standards_Intelligence,bis_circulars (1).csv,bis_circulars (1),23,11,1,22,10,0.0303,SCHEMA_WEAK_OVERLAP,source_url,application_procedure; conformity_assessment; eligibility; factory_requirements; fees; forms; infrastructure_requirements; inspection; is_number; laboratory_testing; licence_or_coc_grant; process_controls …(+10),circular_id; circular_number; document_url; effective_date; implementation_instructions; issuing_authority; related_is; release_date; subject; title,0.0079,NO,NO_CONTENT_LINK_DETECTED
SC-0960,BIS_Standards_Intelligence_Master.xlsx,BIS_Standards_Intelligence,bis_gazette_notification.csv,bis_gazette_notification,23,4,0,23,4,0.0,SCHEMA_DISJOINT,,application_procedure; conformity_assessment; eligibility; factory_requirements; fees; forms; infrastructure_requirements; inspection; is_number; laboratory_testing; licence_or_coc_grant; process_controls …(+11),id; related_is; title; unnamed_3,0.0329,NO,NO_CONTENT_LINK_DETECTED
SC-0961,BIS_Standards_Intelligence_Master.xlsx,BIS_Standards_Intelligence,bis_laboratories.csv,bis_laboratories,23,11,1,22,10,0.0303,SCHEMA_WEAK_OVERLAP,source_url,application_procedure; conformity_assessment; eligibility; factory_requirements; fees; forms; infrastructure_requirements; inspection; is_number; laboratory_testing; licence_or_coc_grant; process_controls …(+10),accreditation_validity; address; city; contact_details; lab_id; lab_name; lab_type; pin; state; tested_is_numbers,0.0206,NO,NO_CONTENT_LINK_DETECTED
SC-0962,BIS_Standards_Intelligence_Master.xlsx,BIS_Standards_Intelligence,bis_product_certification_faq (1).csv,bis_product_certification_faq (1),23,8,1,22,7,0.0333,SCHEMA_WEAK_OVERLAP,source_url,application_procedure; conformity_assessment; eligibility; factory_requirements; fees; forms; infrastructure_requirements; inspection; is_number; laboratory_testing; licence_or_coc_grant; process_controls …(+10),answer; category; faq_id; question; related_is; related_product; related_scheme,0.4,YES,SCHEME_JACCARD=0.40
SC-0963,BIS_Standards_Intelligence_Master.xlsx,BIS_Standards_Intelligence,bis_product_certifications.csv,bis_product_certifications,23,9,2,21,7,0.0667,SCHEMA_WEAK_OVERLAP,application_procedure; source_url,conformity_assessment; eligibility; factory_requirements; fees; forms; infrastructure_requirements; inspection; is_number; laboratory_testing; licence_or_coc_grant; process_controls; product …(+9),applicability; document_url; fee_structure; guideline_title; inspection_testing_norm; scheme_id; scheme_name,0.3333,YES,SCHEME_JACCARD=0.33
SC-0964,BIS_Standards_Intelligence_Master.xlsx,BIS_Standards_Intelligence,bis_topic17_hallmarking_centres.csv,bis_topic17_hallmarking_centres,23,14,1,22,13,0.0278,SCHEMA_WEAK_OVERLAP,source_url,application_procedure; conformity_assessment; eligibility; factory_requirements; fees; forms; infrastructure_requirements; inspection; is_number; laboratory_testing; licence_or_coc_grant; process_controls …(+10),address; centre_code; centre_id; centre_name; city; district; pin; recognition_status; recognition_status_raw; scope; services; state …(+1),0.0,NO,NO_CONTENT_LINK_DETECTED
SC-0965,BIS_Standards_Intelligence_Master.xlsx,BIS_Standards_Intelligence,bis_topic17_hallmarking_centres_cancelled_suspended.csv,bis_topic17_hallmarking_centres_cancelled_suspended,23,17,1,22,16,0.0256,SCHEMA_WEAK_OVERLAP,source_url,application_procedure; conformity_assessment; eligibility; factory_requirements; fees; forms; infrastructure_requirements; inspection; is_number; laboratory_testing; licence_or_coc_grant; process_controls …(+10),address; centre_code; centre_id; centre_name; centre_type; city; district; pin; recognition_status; recognition_status_raw; region; scope …(+4),0.0,NO,NO_CONTENT_LINK_DETECTED
SC-0966,BIS_Standards_Intelligence_Master.xlsx,BIS_Standards_Intelligence,data__raw__fmcs_all_fmcs_list_raw.csv,data__raw__fmcs_all_fmcs_list_raw,23,9,1,22,8,0.0323,SCHEMA_WEAK_OVERLAP,source_url,application_procedure; conformity_assessment; eligibility; factory_requirements; fees; forms; infrastructure_requirements; inspection; is_number; laboratory_testing; licence_or_coc_grant; process_controls …(+10),cml_no_raw; name_address_raw; retrieved_at; s_no; standard_no_raw; status_raw; validity_date_raw; variety_brand_raw,0.0519,NO,NO_CONTENT_LINK_DETECTED
SC-0967,BIS_Standards_Intelligence_Master.xlsx,BIS_Standards_Intelligence,output__extraction_log.csv,output__extraction_log,23,6,0,23,6,0.0,SCHEMA_DISJOINT,,application_procedure; conformity_assessment; eligibility; factory_requirements; fees; forms; infrastructure_requirements; inspection; is_number; laboratory_testing; licence_or_coc_grant; process_controls …(+11),error_type; notes; outcome; retry_count; timestamp; url,0.0,NO,NO_CONTENT_LINK_DETECTED
SC-0968,BIS_Standards_Intelligence_Master.xlsx,BIS_Standards_Intelligence,output__fmcs_country_coverage.csv,output__fmcs_country_coverage,23,3,0,23,3,0.0,SCHEMA_DISJOINT,,application_procedure; conformity_assessment; eligibility; factory_requirements; fees; forms; infrastructure_requirements; inspection; is_number; laboratory_testing; licence_or_coc_grant; process_controls …(+11),country; licence_count; manufacturer_count,0.0,NO,NO_CONTENT_LINK_DETECTED
SC-0969,BIS_Standards_Intelligence_Master.xlsx,BIS_Standards_Intelligence,output__fmcs_is_coverage.csv,output__fmcs_is_coverage,23,3,1,22,2,0.04,SCHEMA_WEAK_OVERLAP,is_number,application_procedure; conformity_assessment; eligibility; factory_requirements; fees; forms; infrastructure_requirements; inspection; laboratory_testing; licence_or_coc_grant; process_controls; product …(+10),licence_count; manufacturer_count,0.0519,NO,NO_CONTENT_LINK_DETECTED
SC-0970,BIS_Standards_Intelligence_Master.xlsx,BIS_Standards_Intelligence,output__source_inventory.csv,output__source_inventory,23,12,0,23,12,0.0,SCHEMA_DISJOINT,,application_procedure; conformity_assessment; eligibility; factory_requirements; fees; forms; infrastructure_requirements; inspection; is_number; laboratory_testing; licence_or_coc_grant; process_controls …(+11),bytes; canonical_document_id; content_type; dedup_status; http_status; last_modified; notes; retrieved_at; sha256; source_title; source_type; url,0.0,NO,NO_CONTENT_LINK_DETECTED
SC-0971,BIS_Standards_Intelligence_Master.xlsx,BIS_Standards_Intelligence,output__topic18_fmcs_manufacturers.csv,output__topic18_fmcs_manufacturers,23,17,5,18,12,0.1429,SCHEMA_WEAK_OVERLAP,eligibility; fees; is_number; product; source_url,application_procedure; conformity_assessment; factory_requirements; forms; infrastructure_requirements; inspection; laboratory_testing; licence_or_coc_grant; process_controls; quality_control; renewal; required_documents …(+6),air; application_requirements; competent_personnel; country; documents; factory; licence; licence_status; machinery_requirements; manufacturer; manufacturer_id; testing_facilities,0.0519,NO,NO_CONTENT_LINK_DETECTED
SC-0972,BIS_Standards_Intelligence_Master.xlsx,BIS_Standards_Intelligence,output__topic19_official_documents.csv,output__topic19_official_documents,23,17,4,19,13,0.1111,SCHEMA_WEAK_OVERLAP,is_number; product; scheme; source_url,application_procedure; conformity_assessment; eligibility; factory_requirements; fees; forms; infrastructure_requirements; inspection; laboratory_testing; licence_or_coc_grant; process_controls; quality_control …(+7),access_status; date; document_id; document_title; document_type; download_url; effective_date; license_access_restriction; local_file; page_count; qco; sha256 …(+1),0.0,NO,NO_CONTENT_LINK_DETECTED
SC-0973,BIS_Standards_Intelligence_Master.xlsx,BIS_Standards_Intelligence,output__topic20_provenance.csv,output__topic20_provenance,23,19,1,22,18,0.0244,SCHEMA_WEAK_OVERLAP,source_url,application_procedure; conformity_assessment; eligibility; factory_requirements; fees; forms; infrastructure_requirements; inspection; is_number; laboratory_testing; licence_or_coc_grant; process_controls …(+10),clause; confidence; document_hash; document_id; document_title; effective_date; entity_type; evidence_text; field_name; field_value; page; record_id …(+6),0.0,NO,NO_CONTENT_LINK_DETECTED
SC-0974,BIS_Standards_Intelligence_Master.xlsx,BIS_Standards_Intelligence,output__unresolved_records.csv,output__unresolved_records,23,6,0,23,6,0.0,SCHEMA_DISJOINT,,application_procedure; conformity_assessment; eligibility; factory_requirements; fees; forms; infrastructure_requirements; inspection; is_number; laboratory_testing; licence_or_coc_grant; process_controls …(+11),attempted_source_url; entity_type; field_name; reason; record_id; resolution_needed,0.0,NO,NO_CONTENT_LINK_DETECTED
SC-0975,BIS_Standards_Scheme_Mapping.xlsx,BIS_Standards_Scheme_Mapping,BIS_Testing_Parameters_Master.xlsx,BIS_Testing_Parameters,23,18,2,21,16,0.0513,SCHEMA_WEAK_OVERLAP,is_number; source_url,application_procedure; certification_scheme_to_store; conformity_assessment; eligibility; factory_requirements; fees; forms; group; infrastructure_requirements; inspection; laboratory_testing; licence_or_coc_grant …(+9),acceptance_criteria; clause; laboratory_requirement; product; rejection_handling; remarks; required_equipment; sample_size; sampling_frequency; source_document; source_page; test_frequency …(+4),0.58,YES,IS_JACCARD=0.58
SC-0976,BIS_Standards_Scheme_Mapping.xlsx,BIS_Standards_Scheme_Mapping,bis_circulars (1).csv,bis_circulars (1),23,11,1,22,10,0.0303,SCHEMA_WEAK_OVERLAP,source_url,application_procedure; certification_scheme_to_store; conformity_assessment; eligibility; factory_requirements; fees; forms; group; infrastructure_requirements; inspection; is_number; laboratory_testing …(+10),circular_id; circular_number; document_url; effective_date; implementation_instructions; issuing_authority; related_is; release_date; subject; title,0.011,NO,NO_CONTENT_LINK_DETECTED
SC-0977,BIS_Standards_Scheme_Mapping.xlsx,BIS_Standards_Scheme_Mapping,bis_gazette_notification.csv,bis_gazette_notification,23,4,0,23,4,0.0,SCHEMA_DISJOINT,,application_procedure; certification_scheme_to_store; conformity_assessment; eligibility; factory_requirements; fees; forms; group; infrastructure_requirements; inspection; is_number; laboratory_testing …(+11),id; related_is; title; unnamed_3,0.0417,NO,NO_CONTENT_LINK_DETECTED
SC-0978,BIS_Standards_Scheme_Mapping.xlsx,BIS_Standards_Scheme_Mapping,bis_laboratories.csv,bis_laboratories,23,11,1,22,10,0.0303,SCHEMA_WEAK_OVERLAP,source_url,application_procedure; certification_scheme_to_store; conformity_assessment; eligibility; factory_requirements; fees; forms; group; infrastructure_requirements; inspection; is_number; laboratory_testing …(+10),accreditation_validity; address; city; contact_details; lab_id; lab_name; lab_type; pin; state; tested_is_numbers,0.0264,NO,NO_CONTENT_LINK_DETECTED
SC-0979,BIS_Standards_Scheme_Mapping.xlsx,BIS_Standards_Scheme_Mapping,bis_product_certification_faq (1).csv,bis_product_certification_faq (1),23,8,1,22,7,0.0333,SCHEMA_WEAK_OVERLAP,source_url,application_procedure; certification_scheme_to_store; conformity_assessment; eligibility; factory_requirements; fees; forms; group; infrastructure_requirements; inspection; is_number; laboratory_testing …(+10),answer; category; faq_id; question; related_is; related_product; related_scheme,0.25,NO,NO_CONTENT_LINK_DETECTED
SC-0980,BIS_Standards_Scheme_Mapping.xlsx,BIS_Standards_Scheme_Mapping,bis_product_certifications.csv,bis_product_certifications,23,9,2,21,7,0.0667,SCHEMA_WEAK_OVERLAP,application_procedure; source_url,certification_scheme_to_store; conformity_assessment; eligibility; factory_requirements; fees; forms; group; infrastructure_requirements; inspection; is_number; laboratory_testing; licence_or_coc_grant …(+9),applicability; document_url; fee_structure; guideline_title; inspection_testing_norm; scheme_id; scheme_name,0.2,NO,NO_CONTENT_LINK_DETECTED
SC-0981,BIS_Standards_Scheme_Mapping.xlsx,BIS_Standards_Scheme_Mapping,bis_topic17_hallmarking_centres.csv,bis_topic17_hallmarking_centres,23,14,1,22,13,0.0278,SCHEMA_WEAK_OVERLAP,source_url,application_procedure; certification_scheme_to_store; conformity_assessment; eligibility; factory_requirements; fees; forms; group; infrastructure_requirements; inspection; is_number; laboratory_testing …(+10),address; centre_code; centre_id; centre_name; city; district; pin; recognition_status; recognition_status_raw; scope; services; state …(+1),0.0,NO,NO_CONTENT_LINK_DETECTED
SC-0982,BIS_Standards_Scheme_Mapping.xlsx,BIS_Standards_Scheme_Mapping,bis_topic17_hallmarking_centres_cancelled_suspended.csv,bis_topic17_hallmarking_centres_cancelled_suspended,23,17,1,22,16,0.0256,SCHEMA_WEAK_OVERLAP,source_url,application_procedure; certification_scheme_to_store; conformity_assessment; eligibility; factory_requirements; fees; forms; group; infrastructure_requirements; inspection; is_number; laboratory_testing …(+10),address; centre_code; centre_id; centre_name; centre_type; city; district; pin; recognition_status; recognition_status_raw; region; scope …(+4),0.0,NO,NO_CONTENT_LINK_DETECTED
SC-0983,BIS_Standards_Scheme_Mapping.xlsx,BIS_Standards_Scheme_Mapping,data__raw__fmcs_all_fmcs_list_raw.csv,data__raw__fmcs_all_fmcs_list_raw,23,9,1,22,8,0.0323,SCHEMA_WEAK_OVERLAP,source_url,application_procedure; certification_scheme_to_store; conformity_assessment; eligibility; factory_requirements; fees; forms; group; infrastructure_requirements; inspection; is_number; laboratory_testing …(+10),cml_no_raw; name_address_raw; retrieved_at; s_no; standard_no_raw; status_raw; validity_date_raw; variety_brand_raw,0.0532,NO,NO_CONTENT_LINK_DETECTED
SC-0984,BIS_Standards_Scheme_Mapping.xlsx,BIS_Standards_Scheme_Mapping,output__extraction_log.csv,output__extraction_log,23,6,0,23,6,0.0,SCHEMA_DISJOINT,,application_procedure; certification_scheme_to_store; conformity_assessment; eligibility; factory_requirements; fees; forms; group; infrastructure_requirements; inspection; is_number; laboratory_testing …(+11),error_type; notes; outcome; retry_count; timestamp; url,0.0,NO,NO_CONTENT_LINK_DETECTED
SC-0985,BIS_Standards_Scheme_Mapping.xlsx,BIS_Standards_Scheme_Mapping,output__fmcs_country_coverage.csv,output__fmcs_country_coverage,23,3,0,23,3,0.0,SCHEMA_DISJOINT,,application_procedure; certification_scheme_to_store; conformity_assessment; eligibility; factory_requirements; fees; forms; group; infrastructure_requirements; inspection; is_number; laboratory_testing …(+11),country; licence_count; manufacturer_count,0.0,NO,NO_CONTENT_LINK_DETECTED
SC-0986,BIS_Standards_Scheme_Mapping.xlsx,BIS_Standards_Scheme_Mapping,output__fmcs_is_coverage.csv,output__fmcs_is_coverage,23,3,1,22,2,0.04,SCHEMA_WEAK_OVERLAP,is_number,application_procedure; certification_scheme_to_store; conformity_assessment; eligibility; factory_requirements; fees; forms; group; infrastructure_requirements; inspection; laboratory_testing; licence_or_coc_grant …(+10),licence_count; manufacturer_count,0.0532,NO,NO_CONTENT_LINK_DETECTED
SC-0987,BIS_Standards_Scheme_Mapping.xlsx,BIS_Standards_Scheme_Mapping,output__source_inventory.csv,output__source_inventory,23,12,0,23,12,0.0,SCHEMA_DISJOINT,,application_procedure; certification_scheme_to_store; conformity_assessment; eligibility; factory_requirements; fees; forms; group; infrastructure_requirements; inspection; is_number; laboratory_testing …(+11),bytes; canonical_document_id; content_type; dedup_status; http_status; last_modified; notes; retrieved_at; sha256; source_title; source_type; url,0.0,NO,NO_CONTENT_LINK_DETECTED
SC-0988,BIS_Standards_Scheme_Mapping.xlsx,BIS_Standards_Scheme_Mapping,output__topic18_fmcs_manufacturers.csv,output__topic18_fmcs_manufacturers,23,17,4,19,13,0.1111,SCHEMA_WEAK_OVERLAP,eligibility; fees; is_number; source_url,application_procedure; certification_scheme_to_store; conformity_assessment; factory_requirements; forms; group; infrastructure_requirements; inspection; laboratory_testing; licence_or_coc_grant; process_controls; quality_control …(+7),air; application_requirements; competent_personnel; country; documents; factory; licence; licence_status; machinery_requirements; manufacturer; manufacturer_id; product …(+1),0.0532,NO,NO_CONTENT_LINK_DETECTED
SC-0989,BIS_Standards_Scheme_Mapping.xlsx,BIS_Standards_Scheme_Mapping,output__topic19_official_documents.csv,output__topic19_official_documents,23,17,2,21,15,0.0526,SCHEMA_WEAK_OVERLAP,is_number; source_url,application_procedure; certification_scheme_to_store; conformity_assessment; eligibility; factory_requirements; fees; forms; group; infrastructure_requirements; inspection; laboratory_testing; licence_or_coc_grant …(+9),access_status; date; document_id; document_title; document_type; download_url; effective_date; license_access_restriction; local_file; page_count; product; qco …(+3),0.0,NO,NO_CONTENT_LINK_DETECTED
SC-0990,BIS_Standards_Scheme_Mapping.xlsx,BIS_Standards_Scheme_Mapping,output__topic20_provenance.csv,output__topic20_provenance,23,19,1,22,18,0.0244,SCHEMA_WEAK_OVERLAP,source_url,application_procedure; certification_scheme_to_store; conformity_assessment; eligibility; factory_requirements; fees; forms; group; infrastructure_requirements; inspection; is_number; laboratory_testing …(+10),clause; confidence; document_hash; document_id; document_title; effective_date; entity_type; evidence_text; field_name; field_value; page; record_id …(+6),0.0,NO,NO_CONTENT_LINK_DETECTED
SC-0991,BIS_Standards_Scheme_Mapping.xlsx,BIS_Standards_Scheme_Mapping,output__unresolved_records.csv,output__unresolved_records,23,6,0,23,6,0.0,SCHEMA_DISJOINT,,application_procedure; certification_scheme_to_store; conformity_assessment; eligibility; factory_requirements; fees; forms; group; infrastructure_requirements; inspection; is_number; laboratory_testing …(+11),attempted_source_url; entity_type; field_name; reason; record_id; resolution_needed,0.0,NO,NO_CONTENT_LINK_DETECTED
SC-0992,BIS_Testing_Parameters_Master.xlsx,BIS_Testing_Parameters,bis_circulars (1).csv,bis_circulars (1),18,11,1,17,10,0.0357,SCHEMA_WEAK_OVERLAP,source_url,acceptance_criteria; clause; is_number; laboratory_requirement; product; rejection_handling; remarks; required_equipment; sample_size; sampling_frequency; source_document; source_page …(+5),circular_id; circular_number; document_url; effective_date; implementation_instructions; issuing_authority; related_is; release_date; subject; title,0.0079,NO,NO_CONTENT_LINK_DETECTED
SC-0993,BIS_Testing_Parameters_Master.xlsx,BIS_Testing_Parameters,bis_gazette_notification.csv,bis_gazette_notification,18,4,0,18,4,0.0,SCHEMA_DISJOINT,,acceptance_criteria; clause; is_number; laboratory_requirement; product; rejection_handling; remarks; required_equipment; sample_size; sampling_frequency; source_document; source_page …(+6),id; related_is; title; unnamed_3,0.0329,NO,NO_CONTENT_LINK_DETECTED
SC-0994,BIS_Testing_Parameters_Master.xlsx,BIS_Testing_Parameters,bis_laboratories.csv,bis_laboratories,18,11,1,17,10,0.0357,SCHEMA_WEAK_OVERLAP,source_url,acceptance_criteria; clause; is_number; laboratory_requirement; product; rejection_handling; remarks; required_equipment; sample_size; sampling_frequency; source_document; source_page …(+5),accreditation_validity; address; city; contact_details; lab_id; lab_name; lab_type; pin; state; tested_is_numbers,0.0206,NO,NO_CONTENT_LINK_DETECTED
SC-0995,BIS_Testing_Parameters_Master.xlsx,BIS_Testing_Parameters,bis_product_certification_faq (1).csv,bis_product_certification_faq (1),18,8,1,17,7,0.04,SCHEMA_WEAK_OVERLAP,source_url,acceptance_criteria; clause; is_number; laboratory_requirement; product; rejection_handling; remarks; required_equipment; sample_size; sampling_frequency; source_document; source_page …(+5),answer; category; faq_id; question; related_is; related_product; related_scheme,0.0,NO,NO_CONTENT_LINK_DETECTED
SC-0996,BIS_Testing_Parameters_Master.xlsx,BIS_Testing_Parameters,bis_product_certifications.csv,bis_product_certifications,18,9,1,17,8,0.0385,SCHEMA_WEAK_OVERLAP,source_url,acceptance_criteria; clause; is_number; laboratory_requirement; product; rejection_handling; remarks; required_equipment; sample_size; sampling_frequency; source_document; source_page …(+5),applicability; application_procedure; document_url; fee_structure; guideline_title; inspection_testing_norm; scheme_id; scheme_name,0.0,NO,NO_CONTENT_LINK_DETECTED
SC-0997,BIS_Testing_Parameters_Master.xlsx,BIS_Testing_Parameters,bis_topic17_hallmarking_centres.csv,bis_topic17_hallmarking_centres,18,14,1,17,13,0.0323,SCHEMA_WEAK_OVERLAP,source_url,acceptance_criteria; clause; is_number; laboratory_requirement; product; rejection_handling; remarks; required_equipment; sample_size; sampling_frequency; source_document; source_page …(+5),address; centre_code; centre_id; centre_name; city; district; pin; recognition_status; recognition_status_raw; scope; services; state …(+1),0.0,NO,NO_CONTENT_LINK_DETECTED
SC-0998,BIS_Testing_Parameters_Master.xlsx,BIS_Testing_Parameters,bis_topic17_hallmarking_centres_cancelled_suspended.csv,bis_topic17_hallmarking_centres_cancelled_suspended,18,17,1,17,16,0.0294,SCHEMA_WEAK_OVERLAP,source_url,acceptance_criteria; clause; is_number; laboratory_requirement; product; rejection_handling; remarks; required_equipment; sample_size; sampling_frequency; source_document; source_page …(+5),address; centre_code; centre_id; centre_name; centre_type; city; district; pin; recognition_status; recognition_status_raw; region; scope …(+4),0.0,NO,NO_CONTENT_LINK_DETECTED
SC-0999,BIS_Testing_Parameters_Master.xlsx,BIS_Testing_Parameters,data__raw__fmcs_all_fmcs_list_raw.csv,data__raw__fmcs_all_fmcs_list_raw,18,9,1,17,8,0.0385,SCHEMA_WEAK_OVERLAP,source_url,acceptance_criteria; clause; is_number; laboratory_requirement; product; rejection_handling; remarks; required_equipment; sample_size; sampling_frequency; source_document; source_page …(+5),cml_no_raw; name_address_raw; retrieved_at; s_no; standard_no_raw; status_raw; validity_date_raw; variety_brand_raw,0.0519,NO,NO_CONTENT_LINK_DETECTED
SC-1000,BIS_Testing_Parameters_Master.xlsx,BIS_Testing_Parameters,output__extraction_log.csv,output__extraction_log,18,6,0,18,6,0.0,SCHEMA_DISJOINT,,acceptance_criteria; clause; is_number; laboratory_requirement; product; rejection_handling; remarks; required_equipment; sample_size; sampling_frequency; source_document; source_page …(+6),error_type; notes; outcome; retry_count; timestamp; url,0.0,NO,NO_CONTENT_LINK_DETECTED
SC-1001,BIS_Testing_Parameters_Master.xlsx,BIS_Testing_Parameters,output__fmcs_country_coverage.csv,output__fmcs_country_coverage,18,3,0,18,3,0.0,SCHEMA_DISJOINT,,acceptance_criteria; clause; is_number; laboratory_requirement; product; rejection_handling; remarks; required_equipment; sample_size; sampling_frequency; source_document; source_page …(+6),country; licence_count; manufacturer_count,0.0,NO,NO_CONTENT_LINK_DETECTED
SC-1002,BIS_Testing_Parameters_Master.xlsx,BIS_Testing_Parameters,output__fmcs_is_coverage.csv,output__fmcs_is_coverage,18,3,1,17,2,0.05,SCHEMA_WEAK_OVERLAP,is_number,acceptance_criteria; clause; laboratory_requirement; product; rejection_handling; remarks; required_equipment; sample_size; sampling_frequency; source_document; source_page; source_url …(+5),licence_count; manufacturer_count,0.0519,NO,NO_CONTENT_LINK_DETECTED
SC-1003,BIS_Testing_Parameters_Master.xlsx,BIS_Testing_Parameters,output__source_inventory.csv,output__source_inventory,18,12,0,18,12,0.0,SCHEMA_DISJOINT,,acceptance_criteria; clause; is_number; laboratory_requirement; product; rejection_handling; remarks; required_equipment; sample_size; sampling_frequency; source_document; source_page …(+6),bytes; canonical_document_id; content_type; dedup_status; http_status; last_modified; notes; retrieved_at; sha256; source_title; source_type; url,0.0,NO,NO_CONTENT_LINK_DETECTED
SC-1004,BIS_Testing_Parameters_Master.xlsx,BIS_Testing_Parameters,output__topic18_fmcs_manufacturers.csv,output__topic18_fmcs_manufacturers,18,17,3,15,14,0.0938,SCHEMA_WEAK_OVERLAP,is_number; product; source_url,acceptance_criteria; clause; laboratory_requirement; rejection_handling; remarks; required_equipment; sample_size; sampling_frequency; source_document; source_page; test_frequency; test_method …(+3),air; application_requirements; competent_personnel; country; documents; eligibility; factory; fees; licence; licence_status; machinery_requirements; manufacturer …(+2),0.0519,NO,NO_CONTENT_LINK_DETECTED
SC-1005,BIS_Testing_Parameters_Master.xlsx,BIS_Testing_Parameters,output__topic19_official_documents.csv,output__topic19_official_documents,18,17,3,15,14,0.0938,SCHEMA_WEAK_OVERLAP,is_number; product; source_url,acceptance_criteria; clause; laboratory_requirement; rejection_handling; remarks; required_equipment; sample_size; sampling_frequency; source_document; source_page; test_frequency; test_method …(+3),access_status; date; document_id; document_title; document_type; download_url; effective_date; license_access_restriction; local_file; page_count; qco; scheme …(+2),0.0,NO,NO_CONTENT_LINK_DETECTED
SC-1006,BIS_Testing_Parameters_Master.xlsx,BIS_Testing_Parameters,output__topic20_provenance.csv,output__topic20_provenance,18,19,2,16,17,0.0571,SCHEMA_WEAK_OVERLAP,clause; source_url,acceptance_criteria; is_number; laboratory_requirement; product; rejection_handling; remarks; required_equipment; sample_size; sampling_frequency; source_document; source_page; test_frequency …(+4),confidence; document_hash; document_id; document_title; effective_date; entity_type; evidence_text; field_name; field_value; page; record_id; retrieval_timestamp …(+5),0.0,NO,NO_CONTENT_LINK_DETECTED
SC-1007,BIS_Testing_Parameters_Master.xlsx,BIS_Testing_Parameters,output__unresolved_records.csv,output__unresolved_records,18,6,0,18,6,0.0,SCHEMA_DISJOINT,,acceptance_criteria; clause; is_number; laboratory_requirement; product; rejection_handling; remarks; required_equipment; sample_size; sampling_frequency; source_document; source_page …(+6),attempted_source_url; entity_type; field_name; reason; record_id; resolution_needed,0.0,NO,NO_CONTENT_LINK_DETECTED
SC-1008,bis_circulars (1).csv,bis_circulars (1),bis_gazette_notification.csv,bis_gazette_notification,11,4,2,9,2,0.1538,SCHEMA_WEAK_OVERLAP,related_is; title,circular_id; circular_number; document_url; effective_date; implementation_instructions; issuing_authority; release_date; source_url; subject,id; unnamed_3,0.2104,YES,SAME_DOMAIN=16_ACT_RULES_REGULATIONS
SC-1009,bis_circulars (1).csv,bis_circulars (1),bis_laboratories.csv,bis_laboratories,11,11,1,10,10,0.0476,SCHEMA_WEAK_OVERLAP,source_url,circular_id; circular_number; document_url; effective_date; implementation_instructions; issuing_authority; related_is; release_date; subject; title,accreditation_validity; address; city; contact_details; lab_id; lab_name; lab_type; pin; state; tested_is_numbers,0.3746,YES,IS_JACCARD=0.37
SC-1010,bis_circulars (1).csv,bis_circulars (1),bis_product_certification_faq (1).csv,bis_product_certification_faq (1),11,8,2,9,6,0.1176,SCHEMA_WEAK_OVERLAP,related_is; source_url,circular_id; circular_number; document_url; effective_date; implementation_instructions; issuing_authority; release_date; subject; title,answer; category; faq_id; question; related_product; related_scheme,0.0,NO,NO_CONTENT_LINK_DETECTED
SC-1011,bis_circulars (1).csv,bis_circulars (1),bis_product_certifications.csv,bis_product_certifications,11,9,2,9,7,0.1111,SCHEMA_WEAK_OVERLAP,document_url; source_url,circular_id; circular_number; effective_date; implementation_instructions; issuing_authority; related_is; release_date; subject; title,applicability; application_procedure; fee_structure; guideline_title; inspection_testing_norm; scheme_id; scheme_name,0.0,NO,NO_CONTENT_LINK_DETECTED
SC-1012,bis_circulars (1).csv,bis_circulars (1),bis_topic17_hallmarking_centres.csv,bis_topic17_hallmarking_centres,11,14,1,10,13,0.0417,SCHEMA_WEAK_OVERLAP,source_url,circular_id; circular_number; document_url; effective_date; implementation_instructions; issuing_authority; related_is; release_date; subject; title,address; centre_code; centre_id; centre_name; city; district; pin; recognition_status; recognition_status_raw; scope; services; state …(+1),0.0,NO,NO_CONTENT_LINK_DETECTED
SC-1013,bis_circulars (1).csv,bis_circulars (1),bis_topic17_hallmarking_centres_cancelled_suspended.csv,bis_topic17_hallmarking_centres_cancelled_suspended,11,17,1,10,16,0.037,SCHEMA_WEAK_OVERLAP,source_url,circular_id; circular_number; document_url; effective_date; implementation_instructions; issuing_authority; related_is; release_date; subject; title,address; centre_code; centre_id; centre_name; centre_type; city; district; pin; recognition_status; recognition_status_raw; region; scope …(+4),0.0,NO,NO_CONTENT_LINK_DETECTED
SC-1014,bis_circulars (1).csv,bis_circulars (1),data__raw__fmcs_all_fmcs_list_raw.csv,data__raw__fmcs_all_fmcs_list_raw,11,9,1,10,8,0.0526,SCHEMA_WEAK_OVERLAP,source_url,circular_id; circular_number; document_url; effective_date; implementation_instructions; issuing_authority; related_is; release_date; subject; title,cml_no_raw; name_address_raw; retrieved_at; s_no; standard_no_raw; status_raw; validity_date_raw; variety_brand_raw,0.1298,NO,NO_CONTENT_LINK_DETECTED
SC-1015,bis_circulars (1).csv,bis_circulars (1),output__extraction_log.csv,output__extraction_log,11,6,0,11,6,0.0,SCHEMA_DISJOINT,,circular_id; circular_number; document_url; effective_date; implementation_instructions; issuing_authority; related_is; release_date; source_url; subject; title,error_type; notes; outcome; retry_count; timestamp; url,0.0,NO,NO_CONTENT_LINK_DETECTED
SC-1016,bis_circulars (1).csv,bis_circulars (1),output__fmcs_country_coverage.csv,output__fmcs_country_coverage,11,3,0,11,3,0.0,SCHEMA_DISJOINT,,circular_id; circular_number; document_url; effective_date; implementation_instructions; issuing_authority; related_is; release_date; source_url; subject; title,country; licence_count; manufacturer_count,0.0,NO,NO_CONTENT_LINK_DETECTED
SC-1017,bis_circulars (1).csv,bis_circulars (1),output__fmcs_is_coverage.csv,output__fmcs_is_coverage,11,3,0,11,3,0.0,SCHEMA_DISJOINT,,circular_id; circular_number; document_url; effective_date; implementation_instructions; issuing_authority; related_is; release_date; source_url; subject; title,is_number; licence_count; manufacturer_count,0.1298,NO,NO_CONTENT_LINK_DETECTED
SC-1018,bis_circulars (1).csv,bis_circulars (1),output__source_inventory.csv,output__source_inventory,11,12,0,11,12,0.0,SCHEMA_DISJOINT,,circular_id; circular_number; document_url; effective_date; implementation_instructions; issuing_authority; related_is; release_date; source_url; subject; title,bytes; canonical_document_id; content_type; dedup_status; http_status; last_modified; notes; retrieved_at; sha256; source_title; source_type; url,0.0,NO,NO_CONTENT_LINK_DETECTED
SC-1019,bis_circulars (1).csv,bis_circulars (1),output__topic18_fmcs_manufacturers.csv,output__topic18_fmcs_manufacturers,11,17,1,10,16,0.037,SCHEMA_WEAK_OVERLAP,source_url,circular_id; circular_number; document_url; effective_date; implementation_instructions; issuing_authority; related_is; release_date; subject; title,air; application_requirements; competent_personnel; country; documents; eligibility; factory; fees; is_number; licence; licence_status; machinery_requirements …(+4),0.1298,NO,NO_CONTENT_LINK_DETECTED
SC-1020,bis_circulars (1).csv,bis_circulars (1),output__topic19_official_documents.csv,output__topic19_official_documents,11,17,2,9,15,0.0769,SCHEMA_WEAK_OVERLAP,effective_date; source_url,circular_id; circular_number; document_url; implementation_instructions; issuing_authority; related_is; release_date; subject; title,access_status; date; document_id; document_title; document_type; download_url; is_number; license_access_restriction; local_file; page_count; product; qco …(+3),0.0,NO,NO_CONTENT_LINK_DETECTED
SC-1021,bis_circulars (1).csv,bis_circulars (1),output__topic20_provenance.csv,output__topic20_provenance,11,19,2,9,17,0.0714,SCHEMA_WEAK_OVERLAP,effective_date; source_url,circular_id; circular_number; document_url; implementation_instructions; issuing_authority; related_is; release_date; subject; title,clause; confidence; document_hash; document_id; document_title; entity_type; evidence_text; field_name; field_value; page; record_id; retrieval_timestamp …(+5),0.0,NO,NO_CONTENT_LINK_DETECTED
SC-1022,bis_circulars (1).csv,bis_circulars (1),output__unresolved_records.csv,output__unresolved_records,11,6,0,11,6,0.0,SCHEMA_DISJOINT,,circular_id; circular_number; document_url; effective_date; implementation_instructions; issuing_authority; related_is; release_date; source_url; subject; title,attempted_source_url; entity_type; field_name; reason; record_id; resolution_needed,0.0,NO,NO_CONTENT_LINK_DETECTED
SC-1023,bis_gazette_notification.csv,bis_gazette_notification,bis_laboratories.csv,bis_laboratories,4,11,0,4,11,0.0,SCHEMA_DISJOINT,,id; related_is; title; unnamed_3,accreditation_validity; address; city; contact_details; lab_id; lab_name; lab_type; pin; source_url; state; tested_is_numbers,0.323,YES,IS_JACCARD=0.32
SC-1024,bis_gazette_notification.csv,bis_gazette_notification,bis_product_certification_faq (1).csv,bis_product_certification_faq (1),4,8,1,3,7,0.0909,SCHEMA_WEAK_OVERLAP,related_is,id; title; unnamed_3,answer; category; faq_id; question; related_product; related_scheme; source_url,0.0,NO,NO_CONTENT_LINK_DETECTED
SC-1025,bis_gazette_notification.csv,bis_gazette_notification,bis_product_certifications.csv,bis_product_certifications,4,9,0,4,9,0.0,SCHEMA_DISJOINT,,id; related_is; title; unnamed_3,applicability; application_procedure; document_url; fee_structure; guideline_title; inspection_testing_norm; scheme_id; scheme_name; source_url,0.0,NO,NO_CONTENT_LINK_DETECTED
SC-1026,bis_gazette_notification.csv,bis_gazette_notification,bis_topic17_hallmarking_centres.csv,bis_topic17_hallmarking_centres,4,14,0,4,14,0.0,SCHEMA_DISJOINT,,id; related_is; title; unnamed_3,address; centre_code; centre_id; centre_name; city; district; pin; recognition_status; recognition_status_raw; scope; services; source_url …(+2),0.0,NO,NO_CONTENT_LINK_DETECTED
SC-1027,bis_gazette_notification.csv,bis_gazette_notification,bis_topic17_hallmarking_centres_cancelled_suspended.csv,bis_topic17_hallmarking_centres_cancelled_suspended,4,17,0,4,17,0.0,SCHEMA_DISJOINT,,id; related_is; title; unnamed_3,address; centre_code; centre_id; centre_name; centre_type; city; district; pin; recognition_status; recognition_status_raw; region; scope …(+5),0.0,NO,NO_CONTENT_LINK_DETECTED
SC-1028,bis_gazette_notification.csv,bis_gazette_notification,data__raw__fmcs_all_fmcs_list_raw.csv,data__raw__fmcs_all_fmcs_list_raw,4,9,0,4,9,0.0,SCHEMA_DISJOINT,,id; related_is; title; unnamed_3,cml_no_raw; name_address_raw; retrieved_at; s_no; source_url; standard_no_raw; status_raw; validity_date_raw; variety_brand_raw,0.3522,YES,IS_JACCARD=0.35
SC-1029,bis_gazette_notification.csv,bis_gazette_notification,output__extraction_log.csv,output__extraction_log,4,6,0,4,6,0.0,SCHEMA_DISJOINT,,id; related_is; title; unnamed_3,error_type; notes; outcome; retry_count; timestamp; url,0.0,NO,NO_CONTENT_LINK_DETECTED
SC-1030,bis_gazette_notification.csv,bis_gazette_notification,output__fmcs_country_coverage.csv,output__fmcs_country_coverage,4,3,0,4,3,0.0,SCHEMA_DISJOINT,,id; related_is; title; unnamed_3,country; licence_count; manufacturer_count,0.0,NO,NO_CONTENT_LINK_DETECTED
SC-1031,bis_gazette_notification.csv,bis_gazette_notification,output__fmcs_is_coverage.csv,output__fmcs_is_coverage,4,3,0,4,3,0.0,SCHEMA_DISJOINT,,id; related_is; title; unnamed_3,is_number; licence_count; manufacturer_count,0.3522,YES,IS_JACCARD=0.35
SC-1032,bis_gazette_notification.csv,bis_gazette_notification,output__source_inventory.csv,output__source_inventory,4,12,0,4,12,0.0,SCHEMA_DISJOINT,,id; related_is; title; unnamed_3,bytes; canonical_document_id; content_type; dedup_status; http_status; last_modified; notes; retrieved_at; sha256; source_title; source_type; url,0.0,NO,NO_CONTENT_LINK_DETECTED
SC-1033,bis_gazette_notification.csv,bis_gazette_notification,output__topic18_fmcs_manufacturers.csv,output__topic18_fmcs_manufacturers,4,17,0,4,17,0.0,SCHEMA_DISJOINT,,id; related_is; title; unnamed_3,air; application_requirements; competent_personnel; country; documents; eligibility; factory; fees; is_number; licence; licence_status; machinery_requirements …(+5),0.3522,YES,IS_JACCARD=0.35
SC-1034,bis_gazette_notification.csv,bis_gazette_notification,output__topic19_official_documents.csv,output__topic19_official_documents,4,17,0,4,17,0.0,SCHEMA_DISJOINT,,id; related_is; title; unnamed_3,access_status; date; document_id; document_title; document_type; download_url; effective_date; is_number; license_access_restriction; local_file; page_count; product …(+5),0.0,NO,NO_CONTENT_LINK_DETECTED
SC-1035,bis_gazette_notification.csv,bis_gazette_notification,output__topic20_provenance.csv,output__topic20_provenance,4,19,0,4,19,0.0,SCHEMA_DISJOINT,,id; related_is; title; unnamed_3,clause; confidence; document_hash; document_id; document_title; effective_date; entity_type; evidence_text; field_name; field_value; page; record_id …(+7),0.0,NO,NO_CONTENT_LINK_DETECTED
SC-1036,bis_gazette_notification.csv,bis_gazette_notification,output__unresolved_records.csv,output__unresolved_records,4,6,0,4,6,0.0,SCHEMA_DISJOINT,,id; related_is; title; unnamed_3,attempted_source_url; entity_type; field_name; reason; record_id; resolution_needed,0.0,NO,NO_CONTENT_LINK_DETECTED
SC-1037,bis_laboratories.csv,bis_laboratories,bis_product_certification_faq (1).csv,bis_product_certification_faq (1),11,8,1,10,7,0.0556,SCHEMA_WEAK_OVERLAP,source_url,accreditation_validity; address; city; contact_details; lab_id; lab_name; lab_type; pin; state; tested_is_numbers,answer; category; faq_id; question; related_is; related_product; related_scheme,0.0,NO,NO_CONTENT_LINK_DETECTED
SC-1038,bis_laboratories.csv,bis_laboratories,bis_product_certifications.csv,bis_product_certifications,11,9,1,10,8,0.0526,SCHEMA_WEAK_OVERLAP,source_url,accreditation_validity; address; city; contact_details; lab_id; lab_name; lab_type; pin; state; tested_is_numbers,applicability; application_procedure; document_url; fee_structure; guideline_title; inspection_testing_norm; scheme_id; scheme_name,0.0,NO,NO_CONTENT_LINK_DETECTED
SC-1039,bis_laboratories.csv,bis_laboratories,bis_topic17_hallmarking_centres.csv,bis_topic17_hallmarking_centres,11,14,5,6,9,0.25,SCHEMA_OVERLAP,address; city; pin; source_url; state,accreditation_validity; contact_details; lab_id; lab_name; lab_type; tested_is_numbers,centre_code; centre_id; centre_name; district; recognition_status; recognition_status_raw; scope; services; validity,0.0,YES,SCHEMA_JACCARD>=0.25
SC-1040,bis_laboratories.csv,bis_laboratories,bis_topic17_hallmarking_centres_cancelled_suspended.csv,bis_topic17_hallmarking_centres_cancelled_suspended,11,17,5,6,12,0.2174,SCHEMA_WEAK_OVERLAP,address; city; pin; source_url; state,accreditation_validity; contact_details; lab_id; lab_name; lab_type; tested_is_numbers,centre_code; centre_id; centre_name; centre_type; district; recognition_status; recognition_status_raw; region; scope; services; suspended_cancelled_date; validity,0.0,NO,NO_CONTENT_LINK_DETECTED
SC-1041,bis_laboratories.csv,bis_laboratories,data__raw__fmcs_all_fmcs_list_raw.csv,data__raw__fmcs_all_fmcs_list_raw,11,9,1,10,8,0.0526,SCHEMA_WEAK_OVERLAP,source_url,accreditation_validity; address; city; contact_details; lab_id; lab_name; lab_type; pin; state; tested_is_numbers,cml_no_raw; name_address_raw; retrieved_at; s_no; standard_no_raw; status_raw; validity_date_raw; variety_brand_raw,0.191,NO,NO_CONTENT_LINK_DETECTED
SC-1042,bis_laboratories.csv,bis_laboratories,output__extraction_log.csv,output__extraction_log,11,6,0,11,6,0.0,SCHEMA_DISJOINT,,accreditation_validity; address; city; contact_details; lab_id; lab_name; lab_type; pin; source_url; state; tested_is_numbers,error_type; notes; outcome; retry_count; timestamp; url,0.0,NO,NO_CONTENT_LINK_DETECTED
SC-1043,bis_laboratories.csv,bis_laboratories,output__fmcs_country_coverage.csv,output__fmcs_country_coverage,11,3,0,11,3,0.0,SCHEMA_DISJOINT,,accreditation_validity; address; city; contact_details; lab_id; lab_name; lab_type; pin; source_url; state; tested_is_numbers,country; licence_count; manufacturer_count,0.0,NO,NO_CONTENT_LINK_DETECTED
SC-1044,bis_laboratories.csv,bis_laboratories,output__fmcs_is_coverage.csv,output__fmcs_is_coverage,11,3,0,11,3,0.0,SCHEMA_DISJOINT,,accreditation_validity; address; city; contact_details; lab_id; lab_name; lab_type; pin; source_url; state; tested_is_numbers,is_number; licence_count; manufacturer_count,0.191,NO,NO_CONTENT_LINK_DETECTED
SC-1045,bis_laboratories.csv,bis_laboratories,output__source_inventory.csv,output__source_inventory,11,12,0,11,12,0.0,SCHEMA_DISJOINT,,accreditation_validity; address; city; contact_details; lab_id; lab_name; lab_type; pin; source_url; state; tested_is_numbers,bytes; canonical_document_id; content_type; dedup_status; http_status; last_modified; notes; retrieved_at; sha256; source_title; source_type; url,0.0,NO,NO_CONTENT_LINK_DETECTED
SC-1046,bis_laboratories.csv,bis_laboratories,output__topic18_fmcs_manufacturers.csv,output__topic18_fmcs_manufacturers,11,17,1,10,16,0.037,SCHEMA_WEAK_OVERLAP,source_url,accreditation_validity; address; city; contact_details; lab_id; lab_name; lab_type; pin; state; tested_is_numbers,air; application_requirements; competent_personnel; country; documents; eligibility; factory; fees; is_number; licence; licence_status; machinery_requirements …(+4),0.191,NO,NO_CONTENT_LINK_DETECTED
SC-1047,bis_laboratories.csv,bis_laboratories,output__topic19_official_documents.csv,output__topic19_official_documents,11,17,1,10,16,0.037,SCHEMA_WEAK_OVERLAP,source_url,accreditation_validity; address; city; contact_details; lab_id; lab_name; lab_type; pin; state; tested_is_numbers,access_status; date; document_id; document_title; document_type; download_url; effective_date; is_number; license_access_restriction; local_file; page_count; product …(+4),0.0,NO,NO_CONTENT_LINK_DETECTED
SC-1048,bis_laboratories.csv,bis_laboratories,output__topic20_provenance.csv,output__topic20_provenance,11,19,1,10,18,0.0345,SCHEMA_WEAK_OVERLAP,source_url,accreditation_validity; address; city; contact_details; lab_id; lab_name; lab_type; pin; state; tested_is_numbers,clause; confidence; document_hash; document_id; document_title; effective_date; entity_type; evidence_text; field_name; field_value; page; record_id …(+6),0.0,NO,NO_CONTENT_LINK_DETECTED
SC-1049,bis_laboratories.csv,bis_laboratories,output__unresolved_records.csv,output__unresolved_records,11,6,0,11,6,0.0,SCHEMA_DISJOINT,,accreditation_validity; address; city; contact_details; lab_id; lab_name; lab_type; pin; source_url; state; tested_is_numbers,attempted_source_url; entity_type; field_name; reason; record_id; resolution_needed,0.0,NO,NO_CONTENT_LINK_DETECTED
SC-1050,bis_product_certification_faq (1).csv,bis_product_certification_faq (1),bis_product_certifications.csv,bis_product_certifications,8,9,1,7,8,0.0625,SCHEMA_WEAK_OVERLAP,source_url,answer; category; faq_id; question; related_is; related_product; related_scheme,applicability; application_procedure; document_url; fee_structure; guideline_title; inspection_testing_norm; scheme_id; scheme_name,0.6667,YES,SCHEME_JACCARD=0.67
SC-1051,bis_product_certification_faq (1).csv,bis_product_certification_faq (1),bis_topic17_hallmarking_centres.csv,bis_topic17_hallmarking_centres,8,14,1,7,13,0.0476,SCHEMA_WEAK_OVERLAP,source_url,answer; category; faq_id; question; related_is; related_product; related_scheme,address; centre_code; centre_id; centre_name; city; district; pin; recognition_status; recognition_status_raw; scope; services; state …(+1),0.0,NO,NO_CONTENT_LINK_DETECTED
SC-1052,bis_product_certification_faq (1).csv,bis_product_certification_faq (1),bis_topic17_hallmarking_centres_cancelled_suspended.csv,bis_topic17_hallmarking_centres_cancelled_suspended,8,17,1,7,16,0.0417,SCHEMA_WEAK_OVERLAP,source_url,answer; category; faq_id; question; related_is; related_product; related_scheme,address; centre_code; centre_id; centre_name; centre_type; city; district; pin; recognition_status; recognition_status_raw; region; scope …(+4),0.0,NO,NO_CONTENT_LINK_DETECTED
SC-1053,bis_product_certification_faq (1).csv,bis_product_certification_faq (1),data__raw__fmcs_all_fmcs_list_raw.csv,data__raw__fmcs_all_fmcs_list_raw,8,9,1,7,8,0.0625,SCHEMA_WEAK_OVERLAP,source_url,answer; category; faq_id; question; related_is; related_product; related_scheme,cml_no_raw; name_address_raw; retrieved_at; s_no; standard_no_raw; status_raw; validity_date_raw; variety_brand_raw,0.0,NO,NO_CONTENT_LINK_DETECTED
SC-1054,bis_product_certification_faq (1).csv,bis_product_certification_faq (1),output__extraction_log.csv,output__extraction_log,8,6,0,8,6,0.0,SCHEMA_DISJOINT,,answer; category; faq_id; question; related_is; related_product; related_scheme; source_url,error_type; notes; outcome; retry_count; timestamp; url,0.0,NO,NO_CONTENT_LINK_DETECTED
SC-1055,bis_product_certification_faq (1).csv,bis_product_certification_faq (1),output__fmcs_country_coverage.csv,output__fmcs_country_coverage,8,3,0,8,3,0.0,SCHEMA_DISJOINT,,answer; category; faq_id; question; related_is; related_product; related_scheme; source_url,country; licence_count; manufacturer_count,0.0,NO,NO_CONTENT_LINK_DETECTED
SC-1056,bis_product_certification_faq (1).csv,bis_product_certification_faq (1),output__fmcs_is_coverage.csv,output__fmcs_is_coverage,8,3,0,8,3,0.0,SCHEMA_DISJOINT,,answer; category; faq_id; question; related_is; related_product; related_scheme; source_url,is_number; licence_count; manufacturer_count,0.0,NO,NO_CONTENT_LINK_DETECTED
SC-1057,bis_product_certification_faq (1).csv,bis_product_certification_faq (1),output__source_inventory.csv,output__source_inventory,8,12,0,8,12,0.0,SCHEMA_DISJOINT,,answer; category; faq_id; question; related_is; related_product; related_scheme; source_url,bytes; canonical_document_id; content_type; dedup_status; http_status; last_modified; notes; retrieved_at; sha256; source_title; source_type; url,0.0,NO,NO_CONTENT_LINK_DETECTED
SC-1058,bis_product_certification_faq (1).csv,bis_product_certification_faq (1),output__topic18_fmcs_manufacturers.csv,output__topic18_fmcs_manufacturers,8,17,1,7,16,0.0417,SCHEMA_WEAK_OVERLAP,source_url,answer; category; faq_id; question; related_is; related_product; related_scheme,air; application_requirements; competent_personnel; country; documents; eligibility; factory; fees; is_number; licence; licence_status; machinery_requirements …(+4),0.0,NO,NO_CONTENT_LINK_DETECTED
SC-1059,bis_product_certification_faq (1).csv,bis_product_certification_faq (1),output__topic19_official_documents.csv,output__topic19_official_documents,8,17,1,7,16,0.0417,SCHEMA_WEAK_OVERLAP,source_url,answer; category; faq_id; question; related_is; related_product; related_scheme,access_status; date; document_id; document_title; document_type; download_url; effective_date; is_number; license_access_restriction; local_file; page_count; product …(+4),0.0,NO,NO_CONTENT_LINK_DETECTED
SC-1060,bis_product_certification_faq (1).csv,bis_product_certification_faq (1),output__topic20_provenance.csv,output__topic20_provenance,8,19,1,7,18,0.0385,SCHEMA_WEAK_OVERLAP,source_url,answer; category; faq_id; question; related_is; related_product; related_scheme,clause; confidence; document_hash; document_id; document_title; effective_date; entity_type; evidence_text; field_name; field_value; page; record_id …(+6),0.0,NO,NO_CONTENT_LINK_DETECTED
SC-1061,bis_product_certification_faq (1).csv,bis_product_certification_faq (1),output__unresolved_records.csv,output__unresolved_records,8,6,0,8,6,0.0,SCHEMA_DISJOINT,,answer; category; faq_id; question; related_is; related_product; related_scheme; source_url,attempted_source_url; entity_type; field_name; reason; record_id; resolution_needed,0.0,NO,NO_CONTENT_LINK_DETECTED
SC-1062,bis_product_certifications.csv,bis_product_certifications,bis_topic17_hallmarking_centres.csv,bis_topic17_hallmarking_centres,9,14,1,8,13,0.0455,SCHEMA_WEAK_OVERLAP,source_url,applicability; application_procedure; document_url; fee_structure; guideline_title; inspection_testing_norm; scheme_id; scheme_name,address; centre_code; centre_id; centre_name; city; district; pin; recognition_status; recognition_status_raw; scope; services; state …(+1),0.0,NO,NO_CONTENT_LINK_DETECTED
SC-1063,bis_product_certifications.csv,bis_product_certifications,bis_topic17_hallmarking_centres_cancelled_suspended.csv,bis_topic17_hallmarking_centres_cancelled_suspended,9,17,1,8,16,0.04,SCHEMA_WEAK_OVERLAP,source_url,applicability; application_procedure; document_url; fee_structure; guideline_title; inspection_testing_norm; scheme_id; scheme_name,address; centre_code; centre_id; centre_name; centre_type; city; district; pin; recognition_status; recognition_status_raw; region; scope …(+4),0.0,NO,NO_CONTENT_LINK_DETECTED
SC-1064,bis_product_certifications.csv,bis_product_certifications,data__raw__fmcs_all_fmcs_list_raw.csv,data__raw__fmcs_all_fmcs_list_raw,9,9,1,8,8,0.0588,SCHEMA_WEAK_OVERLAP,source_url,applicability; application_procedure; document_url; fee_structure; guideline_title; inspection_testing_norm; scheme_id; scheme_name,cml_no_raw; name_address_raw; retrieved_at; s_no; standard_no_raw; status_raw; validity_date_raw; variety_brand_raw,0.0,NO,NO_CONTENT_LINK_DETECTED
SC-1065,bis_product_certifications.csv,bis_product_certifications,output__extraction_log.csv,output__extraction_log,9,6,0,9,6,0.0,SCHEMA_DISJOINT,,applicability; application_procedure; document_url; fee_structure; guideline_title; inspection_testing_norm; scheme_id; scheme_name; source_url,error_type; notes; outcome; retry_count; timestamp; url,0.0,NO,NO_CONTENT_LINK_DETECTED
SC-1066,bis_product_certifications.csv,bis_product_certifications,output__fmcs_country_coverage.csv,output__fmcs_country_coverage,9,3,0,9,3,0.0,SCHEMA_DISJOINT,,applicability; application_procedure; document_url; fee_structure; guideline_title; inspection_testing_norm; scheme_id; scheme_name; source_url,country; licence_count; manufacturer_count,0.0,NO,NO_CONTENT_LINK_DETECTED
SC-1067,bis_product_certifications.csv,bis_product_certifications,output__fmcs_is_coverage.csv,output__fmcs_is_coverage,9,3,0,9,3,0.0,SCHEMA_DISJOINT,,applicability; application_procedure; document_url; fee_structure; guideline_title; inspection_testing_norm; scheme_id; scheme_name; source_url,is_number; licence_count; manufacturer_count,0.0,NO,NO_CONTENT_LINK_DETECTED
SC-1068,bis_product_certifications.csv,bis_product_certifications,output__source_inventory.csv,output__source_inventory,9,12,0,9,12,0.0,SCHEMA_DISJOINT,,applicability; application_procedure; document_url; fee_structure; guideline_title; inspection_testing_norm; scheme_id; scheme_name; source_url,bytes; canonical_document_id; content_type; dedup_status; http_status; last_modified; notes; retrieved_at; sha256; source_title; source_type; url,0.0,NO,NO_CONTENT_LINK_DETECTED
SC-1069,bis_product_certifications.csv,bis_product_certifications,output__topic18_fmcs_manufacturers.csv,output__topic18_fmcs_manufacturers,9,17,1,8,16,0.04,SCHEMA_WEAK_OVERLAP,source_url,applicability; application_procedure; document_url; fee_structure; guideline_title; inspection_testing_norm; scheme_id; scheme_name,air; application_requirements; competent_personnel; country; documents; eligibility; factory; fees; is_number; licence; licence_status; machinery_requirements …(+4),0.0,NO,NO_CONTENT_LINK_DETECTED
SC-1070,bis_product_certifications.csv,bis_product_certifications,output__topic19_official_documents.csv,output__topic19_official_documents,9,17,1,8,16,0.04,SCHEMA_WEAK_OVERLAP,source_url,applicability; application_procedure; document_url; fee_structure; guideline_title; inspection_testing_norm; scheme_id; scheme_name,access_status; date; document_id; document_title; document_type; download_url; effective_date; is_number; license_access_restriction; local_file; page_count; product …(+4),0.0,NO,NO_CONTENT_LINK_DETECTED
SC-1071,bis_product_certifications.csv,bis_product_certifications,output__topic20_provenance.csv,output__topic20_provenance,9,19,1,8,18,0.037,SCHEMA_WEAK_OVERLAP,source_url,applicability; application_procedure; document_url; fee_structure; guideline_title; inspection_testing_norm; scheme_id; scheme_name,clause; confidence; document_hash; document_id; document_title; effective_date; entity_type; evidence_text; field_name; field_value; page; record_id …(+6),0.0,NO,NO_CONTENT_LINK_DETECTED
SC-1072,bis_product_certifications.csv,bis_product_certifications,output__unresolved_records.csv,output__unresolved_records,9,6,0,9,6,0.0,SCHEMA_DISJOINT,,applicability; application_procedure; document_url; fee_structure; guideline_title; inspection_testing_norm; scheme_id; scheme_name; source_url,attempted_source_url; entity_type; field_name; reason; record_id; resolution_needed,0.0,NO,NO_CONTENT_LINK_DETECTED
SC-1073,bis_topic17_hallmarking_centres.csv,bis_topic17_hallmarking_centres,bis_topic17_hallmarking_centres_cancelled_suspended.csv,bis_topic17_hallmarking_centres_cancelled_suspended,14,17,14,0,3,0.8235,SCHEMA_SUBSET,address; centre_code; centre_id; centre_name; city; district; pin; recognition_status; recognition_status_raw; scope; services; source_url; state; validity,,centre_type; region; suspended_cancelled_date,0.0,YES,SCHEMA_JACCARD>=0.25; SAME_DOMAIN=20_HALLMARKING_CENTRES
SC-1074,bis_topic17_hallmarking_centres.csv,bis_topic17_hallmarking_centres,data__raw__fmcs_all_fmcs_list_raw.csv,data__raw__fmcs_all_fmcs_list_raw,14,9,1,13,8,0.0455,SCHEMA_WEAK_OVERLAP,source_url,address; centre_code; centre_id; centre_name; city; district; pin; recognition_status; recognition_status_raw; scope; services; state …(+1),cml_no_raw; name_address_raw; retrieved_at; s_no; standard_no_raw; status_raw; validity_date_raw; variety_brand_raw,0.0,NO,NO_CONTENT_LINK_DETECTED
SC-1075,bis_topic17_hallmarking_centres.csv,bis_topic17_hallmarking_centres,output__extraction_log.csv,output__extraction_log,14,6,0,14,6,0.0,SCHEMA_DISJOINT,,address; centre_code; centre_id; centre_name; city; district; pin; recognition_status; recognition_status_raw; scope; services; source_url …(+2),error_type; notes; outcome; retry_count; timestamp; url,0.0,NO,NO_CONTENT_LINK_DETECTED
SC-1076,bis_topic17_hallmarking_centres.csv,bis_topic17_hallmarking_centres,output__fmcs_country_coverage.csv,output__fmcs_country_coverage,14,3,0,14,3,0.0,SCHEMA_DISJOINT,,address; centre_code; centre_id; centre_name; city; district; pin; recognition_status; recognition_status_raw; scope; services; source_url …(+2),country; licence_count; manufacturer_count,0.0,NO,NO_CONTENT_LINK_DETECTED
SC-1077,bis_topic17_hallmarking_centres.csv,bis_topic17_hallmarking_centres,output__fmcs_is_coverage.csv,output__fmcs_is_coverage,14,3,0,14,3,0.0,SCHEMA_DISJOINT,,address; centre_code; centre_id; centre_name; city; district; pin; recognition_status; recognition_status_raw; scope; services; source_url …(+2),is_number; licence_count; manufacturer_count,0.0,NO,NO_CONTENT_LINK_DETECTED
SC-1078,bis_topic17_hallmarking_centres.csv,bis_topic17_hallmarking_centres,output__source_inventory.csv,output__source_inventory,14,12,0,14,12,0.0,SCHEMA_DISJOINT,,address; centre_code; centre_id; centre_name; city; district; pin; recognition_status; recognition_status_raw; scope; services; source_url …(+2),bytes; canonical_document_id; content_type; dedup_status; http_status; last_modified; notes; retrieved_at; sha256; source_title; source_type; url,0.0,NO,NO_CONTENT_LINK_DETECTED
SC-1079,bis_topic17_hallmarking_centres.csv,bis_topic17_hallmarking_centres,output__topic18_fmcs_manufacturers.csv,output__topic18_fmcs_manufacturers,14,17,1,13,16,0.0333,SCHEMA_WEAK_OVERLAP,source_url,address; centre_code; centre_id; centre_name; city; district; pin; recognition_status; recognition_status_raw; scope; services; state …(+1),air; application_requirements; competent_personnel; country; documents; eligibility; factory; fees; is_number; licence; licence_status; machinery_requirements …(+4),0.0,NO,NO_CONTENT_LINK_DETECTED
SC-1080,bis_topic17_hallmarking_centres.csv,bis_topic17_hallmarking_centres,output__topic19_official_documents.csv,output__topic19_official_documents,14,17,1,13,16,0.0333,SCHEMA_WEAK_OVERLAP,source_url,address; centre_code; centre_id; centre_name; city; district; pin; recognition_status; recognition_status_raw; scope; services; state …(+1),access_status; date; document_id; document_title; document_type; download_url; effective_date; is_number; license_access_restriction; local_file; page_count; product …(+4),0.0,NO,NO_CONTENT_LINK_DETECTED
SC-1081,bis_topic17_hallmarking_centres.csv,bis_topic17_hallmarking_centres,output__topic20_provenance.csv,output__topic20_provenance,14,19,1,13,18,0.0312,SCHEMA_WEAK_OVERLAP,source_url,address; centre_code; centre_id; centre_name; city; district; pin; recognition_status; recognition_status_raw; scope; services; state …(+1),clause; confidence; document_hash; document_id; document_title; effective_date; entity_type; evidence_text; field_name; field_value; page; record_id …(+6),0.0,NO,NO_CONTENT_LINK_DETECTED
SC-1082,bis_topic17_hallmarking_centres.csv,bis_topic17_hallmarking_centres,output__unresolved_records.csv,output__unresolved_records,14,6,0,14,6,0.0,SCHEMA_DISJOINT,,address; centre_code; centre_id; centre_name; city; district; pin; recognition_status; recognition_status_raw; scope; services; source_url …(+2),attempted_source_url; entity_type; field_name; reason; record_id; resolution_needed,0.0,NO,NO_CONTENT_LINK_DETECTED
SC-1083,bis_topic17_hallmarking_centres_cancelled_suspended.csv,bis_topic17_hallmarking_centres_cancelled_suspended,data__raw__fmcs_all_fmcs_list_raw.csv,data__raw__fmcs_all_fmcs_list_raw,17,9,1,16,8,0.04,SCHEMA_WEAK_OVERLAP,source_url,address; centre_code; centre_id; centre_name; centre_type; city; district; pin; recognition_status; recognition_status_raw; region; scope …(+4),cml_no_raw; name_address_raw; retrieved_at; s_no; standard_no_raw; status_raw; validity_date_raw; variety_brand_raw,0.0,NO,NO_CONTENT_LINK_DETECTED
SC-1084,bis_topic17_hallmarking_centres_cancelled_suspended.csv,bis_topic17_hallmarking_centres_cancelled_suspended,output__extraction_log.csv,output__extraction_log,17,6,0,17,6,0.0,SCHEMA_DISJOINT,,address; centre_code; centre_id; centre_name; centre_type; city; district; pin; recognition_status; recognition_status_raw; region; scope …(+5),error_type; notes; outcome; retry_count; timestamp; url,0.0,NO,NO_CONTENT_LINK_DETECTED
SC-1085,bis_topic17_hallmarking_centres_cancelled_suspended.csv,bis_topic17_hallmarking_centres_cancelled_suspended,output__fmcs_country_coverage.csv,output__fmcs_country_coverage,17,3,0,17,3,0.0,SCHEMA_DISJOINT,,address; centre_code; centre_id; centre_name; centre_type; city; district; pin; recognition_status; recognition_status_raw; region; scope …(+5),country; licence_count; manufacturer_count,0.0,NO,NO_CONTENT_LINK_DETECTED
SC-1086,bis_topic17_hallmarking_centres_cancelled_suspended.csv,bis_topic17_hallmarking_centres_cancelled_suspended,output__fmcs_is_coverage.csv,output__fmcs_is_coverage,17,3,0,17,3,0.0,SCHEMA_DISJOINT,,address; centre_code; centre_id; centre_name; centre_type; city; district; pin; recognition_status; recognition_status_raw; region; scope …(+5),is_number; licence_count; manufacturer_count,0.0,NO,NO_CONTENT_LINK_DETECTED
SC-1087,bis_topic17_hallmarking_centres_cancelled_suspended.csv,bis_topic17_hallmarking_centres_cancelled_suspended,output__source_inventory.csv,output__source_inventory,17,12,0,17,12,0.0,SCHEMA_DISJOINT,,address; centre_code; centre_id; centre_name; centre_type; city; district; pin; recognition_status; recognition_status_raw; region; scope …(+5),bytes; canonical_document_id; content_type; dedup_status; http_status; last_modified; notes; retrieved_at; sha256; source_title; source_type; url,0.0,NO,NO_CONTENT_LINK_DETECTED
SC-1088,bis_topic17_hallmarking_centres_cancelled_suspended.csv,bis_topic17_hallmarking_centres_cancelled_suspended,output__topic18_fmcs_manufacturers.csv,output__topic18_fmcs_manufacturers,17,17,1,16,16,0.0303,SCHEMA_WEAK_OVERLAP,source_url,address; centre_code; centre_id; centre_name; centre_type; city; district; pin; recognition_status; recognition_status_raw; region; scope …(+4),air; application_requirements; competent_personnel; country; documents; eligibility; factory; fees; is_number; licence; licence_status; machinery_requirements …(+4),0.0,NO,NO_CONTENT_LINK_DETECTED
SC-1089,bis_topic17_hallmarking_centres_cancelled_suspended.csv,bis_topic17_hallmarking_centres_cancelled_suspended,output__topic19_official_documents.csv,output__topic19_official_documents,17,17,1,16,16,0.0303,SCHEMA_WEAK_OVERLAP,source_url,address; centre_code; centre_id; centre_name; centre_type; city; district; pin; recognition_status; recognition_status_raw; region; scope …(+4),access_status; date; document_id; document_title; document_type; download_url; effective_date; is_number; license_access_restriction; local_file; page_count; product …(+4),0.0,NO,NO_CONTENT_LINK_DETECTED
SC-1090,bis_topic17_hallmarking_centres_cancelled_suspended.csv,bis_topic17_hallmarking_centres_cancelled_suspended,output__topic20_provenance.csv,output__topic20_provenance,17,19,1,16,18,0.0286,SCHEMA_WEAK_OVERLAP,source_url,address; centre_code; centre_id; centre_name; centre_type; city; district; pin; recognition_status; recognition_status_raw; region; scope …(+4),clause; confidence; document_hash; document_id; document_title; effective_date; entity_type; evidence_text; field_name; field_value; page; record_id …(+6),0.0,NO,NO_CONTENT_LINK_DETECTED
SC-1091,bis_topic17_hallmarking_centres_cancelled_suspended.csv,bis_topic17_hallmarking_centres_cancelled_suspended,output__unresolved_records.csv,output__unresolved_records,17,6,0,17,6,0.0,SCHEMA_DISJOINT,,address; centre_code; centre_id; centre_name; centre_type; city; district; pin; recognition_status; recognition_status_raw; region; scope …(+5),attempted_source_url; entity_type; field_name; reason; record_id; resolution_needed,0.0,NO,NO_CONTENT_LINK_DETECTED
SC-1092,data__raw__fmcs_all_fmcs_list_raw.csv,data__raw__fmcs_all_fmcs_list_raw,output__extraction_log.csv,output__extraction_log,9,6,0,9,6,0.0,SCHEMA_DISJOINT,,cml_no_raw; name_address_raw; retrieved_at; s_no; source_url; standard_no_raw; status_raw; validity_date_raw; variety_brand_raw,error_type; notes; outcome; retry_count; timestamp; url,0.0,NO,NO_CONTENT_LINK_DETECTED
SC-1093,data__raw__fmcs_all_fmcs_list_raw.csv,data__raw__fmcs_all_fmcs_list_raw,output__fmcs_country_coverage.csv,output__fmcs_country_coverage,9,3,0,9,3,0.0,SCHEMA_DISJOINT,,cml_no_raw; name_address_raw; retrieved_at; s_no; source_url; standard_no_raw; status_raw; validity_date_raw; variety_brand_raw,country; licence_count; manufacturer_count,0.0,YES,SAME_DOMAIN=22_FMCS
SC-1094,data__raw__fmcs_all_fmcs_list_raw.csv,data__raw__fmcs_all_fmcs_list_raw,output__fmcs_is_coverage.csv,output__fmcs_is_coverage,9,3,0,9,3,0.0,SCHEMA_DISJOINT,,cml_no_raw; name_address_raw; retrieved_at; s_no; source_url; standard_no_raw; status_raw; validity_date_raw; variety_brand_raw,is_number; licence_count; manufacturer_count,1.0,YES,IS_JACCARD=1.00; SAME_DOMAIN=22_FMCS
SC-1095,data__raw__fmcs_all_fmcs_list_raw.csv,data__raw__fmcs_all_fmcs_list_raw,output__source_inventory.csv,output__source_inventory,9,12,1,8,11,0.05,SCHEMA_WEAK_OVERLAP,retrieved_at,cml_no_raw; name_address_raw; s_no; source_url; standard_no_raw; status_raw; validity_date_raw; variety_brand_raw,bytes; canonical_document_id; content_type; dedup_status; http_status; last_modified; notes; sha256; source_title; source_type; url,0.0,NO,NO_CONTENT_LINK_DETECTED
SC-1096,data__raw__fmcs_all_fmcs_list_raw.csv,data__raw__fmcs_all_fmcs_list_raw,output__topic18_fmcs_manufacturers.csv,output__topic18_fmcs_manufacturers,9,17,1,8,16,0.04,SCHEMA_WEAK_OVERLAP,source_url,cml_no_raw; name_address_raw; retrieved_at; s_no; standard_no_raw; status_raw; validity_date_raw; variety_brand_raw,air; application_requirements; competent_personnel; country; documents; eligibility; factory; fees; is_number; licence; licence_status; machinery_requirements …(+4),1.0,YES,IS_JACCARD=1.00; SAME_DOMAIN=22_FMCS
SC-1097,data__raw__fmcs_all_fmcs_list_raw.csv,data__raw__fmcs_all_fmcs_list_raw,output__topic19_official_documents.csv,output__topic19_official_documents,9,17,1,8,16,0.04,SCHEMA_WEAK_OVERLAP,source_url,cml_no_raw; name_address_raw; retrieved_at; s_no; standard_no_raw; status_raw; validity_date_raw; variety_brand_raw,access_status; date; document_id; document_title; document_type; download_url; effective_date; is_number; license_access_restriction; local_file; page_count; product …(+4),0.0,YES,SAME_DOMAIN=22_FMCS
SC-1098,data__raw__fmcs_all_fmcs_list_raw.csv,data__raw__fmcs_all_fmcs_list_raw,output__topic20_provenance.csv,output__topic20_provenance,9,19,1,8,18,0.037,SCHEMA_WEAK_OVERLAP,source_url,cml_no_raw; name_address_raw; retrieved_at; s_no; standard_no_raw; status_raw; validity_date_raw; variety_brand_raw,clause; confidence; document_hash; document_id; document_title; effective_date; entity_type; evidence_text; field_name; field_value; page; record_id …(+6),0.0,NO,NO_CONTENT_LINK_DETECTED
SC-1099,data__raw__fmcs_all_fmcs_list_raw.csv,data__raw__fmcs_all_fmcs_list_raw,output__unresolved_records.csv,output__unresolved_records,9,6,0,9,6,0.0,SCHEMA_DISJOINT,,cml_no_raw; name_address_raw; retrieved_at; s_no; source_url; standard_no_raw; status_raw; validity_date_raw; variety_brand_raw,attempted_source_url; entity_type; field_name; reason; record_id; resolution_needed,0.0,NO,NO_CONTENT_LINK_DETECTED
SC-1100,output__extraction_log.csv,output__extraction_log,output__fmcs_country_coverage.csv,output__fmcs_country_coverage,6,3,0,6,3,0.0,SCHEMA_DISJOINT,,error_type; notes; outcome; retry_count; timestamp; url,country; licence_count; manufacturer_count,0.0,NO,NO_CONTENT_LINK_DETECTED
SC-1101,output__extraction_log.csv,output__extraction_log,output__fmcs_is_coverage.csv,output__fmcs_is_coverage,6,3,0,6,3,0.0,SCHEMA_DISJOINT,,error_type; notes; outcome; retry_count; timestamp; url,is_number; licence_count; manufacturer_count,0.0,NO,NO_CONTENT_LINK_DETECTED
SC-1102,output__extraction_log.csv,output__extraction_log,output__source_inventory.csv,output__source_inventory,6,12,2,4,10,0.125,SCHEMA_WEAK_OVERLAP,notes; url,error_type; outcome; retry_count; timestamp,bytes; canonical_document_id; content_type; dedup_status; http_status; last_modified; retrieved_at; sha256; source_title; source_type,0.0,NO,NO_CONTENT_LINK_DETECTED
SC-1103,output__extraction_log.csv,output__extraction_log,output__topic18_fmcs_manufacturers.csv,output__topic18_fmcs_manufacturers,6,17,0,6,17,0.0,SCHEMA_DISJOINT,,error_type; notes; outcome; retry_count; timestamp; url,air; application_requirements; competent_personnel; country; documents; eligibility; factory; fees; is_number; licence; licence_status; machinery_requirements …(+5),0.0,NO,NO_CONTENT_LINK_DETECTED
SC-1104,output__extraction_log.csv,output__extraction_log,output__topic19_official_documents.csv,output__topic19_official_documents,6,17,0,6,17,0.0,SCHEMA_DISJOINT,,error_type; notes; outcome; retry_count; timestamp; url,access_status; date; document_id; document_title; document_type; download_url; effective_date; is_number; license_access_restriction; local_file; page_count; product …(+5),0.0,NO,NO_CONTENT_LINK_DETECTED
SC-1105,output__extraction_log.csv,output__extraction_log,output__topic20_provenance.csv,output__topic20_provenance,6,19,0,6,19,0.0,SCHEMA_DISJOINT,,error_type; notes; outcome; retry_count; timestamp; url,clause; confidence; document_hash; document_id; document_title; effective_date; entity_type; evidence_text; field_name; field_value; page; record_id …(+7),0.0,NO,NO_CONTENT_LINK_DETECTED
SC-1106,output__extraction_log.csv,output__extraction_log,output__unresolved_records.csv,output__unresolved_records,6,6,0,6,6,0.0,SCHEMA_DISJOINT,,error_type; notes; outcome; retry_count; timestamp; url,attempted_source_url; entity_type; field_name; reason; record_id; resolution_needed,0.0,NO,NO_CONTENT_LINK_DETECTED
SC-1107,output__fmcs_country_coverage.csv,output__fmcs_country_coverage,output__fmcs_is_coverage.csv,output__fmcs_is_coverage,3,3,2,1,1,0.5,SCHEMA_OVERLAP,licence_count; manufacturer_count,country,is_number,0.0,YES,SCHEMA_JACCARD>=0.25; SAME_DOMAIN=22_FMCS
SC-1108,output__fmcs_country_coverage.csv,output__fmcs_country_coverage,output__source_inventory.csv,output__source_inventory,3,12,0,3,12,0.0,SCHEMA_DISJOINT,,country; licence_count; manufacturer_count,bytes; canonical_document_id; content_type; dedup_status; http_status; last_modified; notes; retrieved_at; sha256; source_title; source_type; url,0.0,NO,NO_CONTENT_LINK_DETECTED
SC-1109,output__fmcs_country_coverage.csv,output__fmcs_country_coverage,output__topic18_fmcs_manufacturers.csv,output__topic18_fmcs_manufacturers,3,17,1,2,16,0.0526,SCHEMA_WEAK_OVERLAP,country,licence_count; manufacturer_count,air; application_requirements; competent_personnel; documents; eligibility; factory; fees; is_number; licence; licence_status; machinery_requirements; manufacturer …(+4),0.0,YES,SAME_DOMAIN=22_FMCS
SC-1110,output__fmcs_country_coverage.csv,output__fmcs_country_coverage,output__topic19_official_documents.csv,output__topic19_official_documents,3,17,0,3,17,0.0,SCHEMA_DISJOINT,,country; licence_count; manufacturer_count,access_status; date; document_id; document_title; document_type; download_url; effective_date; is_number; license_access_restriction; local_file; page_count; product …(+5),0.0,YES,SAME_DOMAIN=22_FMCS
SC-1111,output__fmcs_country_coverage.csv,output__fmcs_country_coverage,output__topic20_provenance.csv,output__topic20_provenance,3,19,0,3,19,0.0,SCHEMA_DISJOINT,,country; licence_count; manufacturer_count,clause; confidence; document_hash; document_id; document_title; effective_date; entity_type; evidence_text; field_name; field_value; page; record_id …(+7),0.0,NO,NO_CONTENT_LINK_DETECTED
SC-1112,output__fmcs_country_coverage.csv,output__fmcs_country_coverage,output__unresolved_records.csv,output__unresolved_records,3,6,0,3,6,0.0,SCHEMA_DISJOINT,,country; licence_count; manufacturer_count,attempted_source_url; entity_type; field_name; reason; record_id; resolution_needed,0.0,NO,NO_CONTENT_LINK_DETECTED
SC-1113,output__fmcs_is_coverage.csv,output__fmcs_is_coverage,output__source_inventory.csv,output__source_inventory,3,12,0,3,12,0.0,SCHEMA_DISJOINT,,is_number; licence_count; manufacturer_count,bytes; canonical_document_id; content_type; dedup_status; http_status; last_modified; notes; retrieved_at; sha256; source_title; source_type; url,0.0,NO,NO_CONTENT_LINK_DETECTED
SC-1114,output__fmcs_is_coverage.csv,output__fmcs_is_coverage,output__topic18_fmcs_manufacturers.csv,output__topic18_fmcs_manufacturers,3,17,1,2,16,0.0526,SCHEMA_WEAK_OVERLAP,is_number,licence_count; manufacturer_count,air; application_requirements; competent_personnel; country; documents; eligibility; factory; fees; licence; licence_status; machinery_requirements; manufacturer …(+4),1.0,YES,IS_JACCARD=1.00; SAME_DOMAIN=22_FMCS
SC-1115,output__fmcs_is_coverage.csv,output__fmcs_is_coverage,output__topic19_official_documents.csv,output__topic19_official_documents,3,17,1,2,16,0.0526,SCHEMA_WEAK_OVERLAP,is_number,licence_count; manufacturer_count,access_status; date; document_id; document_title; document_type; download_url; effective_date; license_access_restriction; local_file; page_count; product; qco …(+4),0.0,YES,SAME_DOMAIN=22_FMCS
SC-1116,output__fmcs_is_coverage.csv,output__fmcs_is_coverage,output__topic20_provenance.csv,output__topic20_provenance,3,19,0,3,19,0.0,SCHEMA_DISJOINT,,is_number; licence_count; manufacturer_count,clause; confidence; document_hash; document_id; document_title; effective_date; entity_type; evidence_text; field_name; field_value; page; record_id …(+7),0.0,NO,NO_CONTENT_LINK_DETECTED
SC-1117,output__fmcs_is_coverage.csv,output__fmcs_is_coverage,output__unresolved_records.csv,output__unresolved_records,3,6,0,3,6,0.0,SCHEMA_DISJOINT,,is_number; licence_count; manufacturer_count,attempted_source_url; entity_type; field_name; reason; record_id; resolution_needed,0.0,NO,NO_CONTENT_LINK_DETECTED
SC-1118,output__source_inventory.csv,output__source_inventory,output__topic18_fmcs_manufacturers.csv,output__topic18_fmcs_manufacturers,12,17,0,12,17,0.0,SCHEMA_DISJOINT,,bytes; canonical_document_id; content_type; dedup_status; http_status; last_modified; notes; retrieved_at; sha256; source_title; source_type; url,air; application_requirements; competent_personnel; country; documents; eligibility; factory; fees; is_number; licence; licence_status; machinery_requirements …(+5),0.0,NO,NO_CONTENT_LINK_DETECTED
SC-1119,output__source_inventory.csv,output__source_inventory,output__topic19_official_documents.csv,output__topic19_official_documents,12,17,1,11,16,0.0357,SCHEMA_WEAK_OVERLAP,sha256,bytes; canonical_document_id; content_type; dedup_status; http_status; last_modified; notes; retrieved_at; source_title; source_type; url,access_status; date; document_id; document_title; document_type; download_url; effective_date; is_number; license_access_restriction; local_file; page_count; product …(+4),0.449,YES,DOC_JACCARD=0.45
SC-1120,output__source_inventory.csv,output__source_inventory,output__topic20_provenance.csv,output__topic20_provenance,12,19,2,10,17,0.069,SCHEMA_WEAK_OVERLAP,source_title; source_type,bytes; canonical_document_id; content_type; dedup_status; http_status; last_modified; notes; retrieved_at; sha256; url,clause; confidence; document_hash; document_id; document_title; effective_date; entity_type; evidence_text; field_name; field_value; page; record_id …(+5),0.3438,YES,DOC_JACCARD=0.34
SC-1121,output__source_inventory.csv,output__source_inventory,output__unresolved_records.csv,output__unresolved_records,12,6,0,12,6,0.0,SCHEMA_DISJOINT,,bytes; canonical_document_id; content_type; dedup_status; http_status; last_modified; notes; retrieved_at; sha256; source_title; source_type; url,attempted_source_url; entity_type; field_name; reason; record_id; resolution_needed,0.0,NO,NO_CONTENT_LINK_DETECTED
SC-1122,output__topic18_fmcs_manufacturers.csv,output__topic18_fmcs_manufacturers,output__topic19_official_documents.csv,output__topic19_official_documents,17,17,3,14,14,0.0968,SCHEMA_WEAK_OVERLAP,is_number; product; source_url,air; application_requirements; competent_personnel; country; documents; eligibility; factory; fees; licence; licence_status; machinery_requirements; manufacturer …(+2),access_status; date; document_id; document_title; document_type; download_url; effective_date; license_access_restriction; local_file; page_count; qco; scheme …(+2),0.0,YES,SAME_DOMAIN=22_FMCS
SC-1123,output__topic18_fmcs_manufacturers.csv,output__topic18_fmcs_manufacturers,output__topic20_provenance.csv,output__topic20_provenance,17,19,1,16,18,0.0286,SCHEMA_WEAK_OVERLAP,source_url,air; application_requirements; competent_personnel; country; documents; eligibility; factory; fees; is_number; licence; licence_status; machinery_requirements …(+4),clause; confidence; document_hash; document_id; document_title; effective_date; entity_type; evidence_text; field_name; field_value; page; record_id …(+6),0.0,NO,NO_CONTENT_LINK_DETECTED
SC-1124,output__topic18_fmcs_manufacturers.csv,output__topic18_fmcs_manufacturers,output__unresolved_records.csv,output__unresolved_records,17,6,0,17,6,0.0,SCHEMA_DISJOINT,,air; application_requirements; competent_personnel; country; documents; eligibility; factory; fees; is_number; licence; licence_status; machinery_requirements …(+5),attempted_source_url; entity_type; field_name; reason; record_id; resolution_needed,0.0,NO,NO_CONTENT_LINK_DETECTED
SC-1125,output__topic19_official_documents.csv,output__topic19_official_documents,output__topic20_provenance.csv,output__topic20_provenance,17,19,5,12,14,0.1613,SCHEMA_WEAK_OVERLAP,document_id; document_title; effective_date; source_url; version,access_status; date; document_type; download_url; is_number; license_access_restriction; local_file; page_count; product; qco; scheme; sha256,clause; confidence; document_hash; entity_type; evidence_text; field_name; field_value; page; record_id; retrieval_timestamp; section; source_title …(+2),0.6377,YES,DOC_JACCARD=0.64
SC-1126,output__topic19_official_documents.csv,output__topic19_official_documents,output__unresolved_records.csv,output__unresolved_records,17,6,0,17,6,0.0,SCHEMA_DISJOINT,,access_status; date; document_id; document_title; document_type; download_url; effective_date; is_number; license_access_restriction; local_file; page_count; product …(+5),attempted_source_url; entity_type; field_name; reason; record_id; resolution_needed,0.0,NO,NO_CONTENT_LINK_DETECTED
SC-1127,output__topic20_provenance.csv,output__topic20_provenance,output__unresolved_records.csv,output__unresolved_records,19,6,3,16,3,0.1364,SCHEMA_WEAK_OVERLAP,entity_type; field_name; record_id,clause; confidence; document_hash; document_id; document_title; effective_date; evidence_text; field_value; page; retrieval_timestamp; section; source_title …(+4),attempted_source_url; reason; resolution_needed,0.0,NO,NO_CONTENT_LINK_DETECTED
